pasp,asp,terminated,block,floor,unit,carpark,price,revision,terms,related
2017-03-18,2017-03-29,,第1座 (1A) 46 A Tower 1 (1A) 第1座 (1A) 39 B Tower 1 (1A) 第1座 (1A) 46 B Tower 1 (1A),,,,96203700,,‧價單第2號 (C1)付款辦法 Payment Plan (C1) of Price List No.2 見備註/See Remarks 7 (c)(iii) ‧見備註/See Remarks 7 (c)(v) ‧見備註/See Remarks 7 (c)(vi) ‧見備註/See Remarks 7 (c)(vii) ‧見備註/See Remarks 7 (c)(viii) ‧見備註/See Remarks 7 (d)(ii) ‧見備註/See Remarks 7 (e)(ii) ‧見備註/See Remarks 7 (f)(i) ‧見備註/See Remarks 7 (e)(iii) ‧價單第2號 (C1)付款辦法 Payment Plan (C1) of Price List No.2 見備註/See Remarks 7 (c)(iii) ‧見備註/See Remarks 7 (c)(v) ‧見備註/See Remarks 7 (c)(vi) ‧見備註/See Remarks 7 (c)(vii) ‧見備註/See Remarks 7 (c)(viii) ‧見備註/See Remarks 7 (d)(ii) ‧見備註/See Remarks 7 (e)(ii) ‧見備註/See Remarks 7 (f)(i) ‧見備註/See Remarks 7 (e)(iii) ‧價單第2號 (C1)付款辦法 Payment Plan (C1) of Price List No.2 見備註/See Remarks 7 (c)(iii) ‧見備註/See Remarks 7 (c)(v) ‧見備註/See Remarks 7 (c)(vi) ‧見備註/See Remarks 7 (c)(vii) ‧見備註/See Remarks 7 (c)(viii) ‧見備註/See Remarks 7 (d)(ii) ‧見備註/See Remarks 7 (e)(ii) ‧見備註/See Remarks 7 (f)(i) ‧見備註/See Remarks 7 (e)(iii),
2017-03-18,2017-03-29,,第1座 (1A) Tower 1 (1A),35,A,,32135900,,‧價單第1A號 (C1)付款辦法 Payment Plan (C1) of Price List No.1A 見備註/See Remarks 7 (c)(iii) ‧見備註/See Remarks 7 (c)(v) ‧見備註/See Remarks 7 (c)(vi) ‧見備註/See Remarks 7 (c)(vii) ‧見備註/See Remarks 7 (c)(viii) ‧見備註/See Remarks 7 (d)(ii) ‧見備註/See Remarks 7 (e)(ii) ‧見備註/See Remarks 7 (f)(i) ‧見備註/See Remarks 7 (e)(iii),
2017-03-18,2017-03-29,,第1座 (1A) 33 A Tower 1 (1A),,,,72251400,"在28-08-2017，基於法例第35(2)(c)條所容許的原因 ，售價調整為$67,028,300。 On 28-08-2017, the price adjusted to $67,028,300 due to the reason allowed under section 35(2)(c) of the Ordinance.",‧價單第1A號 (C1)付款辦法 Payment Plan (C1) of Price List No.1A 見備註/See Remarks 7 (c)(iii) ‧見備註/See Remarks 7 (c)(v) ‧見備註/See Remarks 7 (d)(iii) ‧見備註/See Remarks 7 (c)(vii) ‧見備註/See Remarks 7 (c)(viii) ‧見備註/See Remarks 7 (e)(ii) ‧見備註/See Remarks 7 (f)(i) ‧見備註/See Remarks 7 (e)(iii),
2017-03-18,2017-03-29,,第1座 (1A) 32 A Tower 1 (1A) 第1座 (1B) 26 A Tower 1 (1B),,,,48813500,"在06-09-2017，基於法例第35(2)(b)條所容許的原因 ，售價調整為$42,711,800。 On 06-09-2017, the price adjusted to $42,711,800 due to the reason allowed under section 35(2)(b) of the Ordinance.",‧價單第1A號 (D1)付款辦法 Payment Plan (D1) of Price List No.1A 見備註/See Remarks 7 (c)(iv) ‧見備註/See Remarks 7 (c)(v) ‧見備註/See Remarks 7 (d)(iii) ‧見備註/See Remarks 7 (c)(vii) ‧見備註/See Remarks 7 (e)(i) ‧見備註/See Remarks 7 (c)(viii) ‧見備註/See Remarks 7 (e)(ii) ‧見備註/See Remarks 7 (f)(i) ‧見備註/See Remarks 7 (e)(iii) ‧價單第1A號 (C1)付款辦法 Payment Plan (C1) of Price List No.1A 見備註/See Remarks 7 (c)(iii) ‧見備註/See Remarks 7 (c)(v) ‧見備註/See Remarks 7 (c)(vi) ‧見備註/See Remarks 7 (c)(vii) ‧見備註/See Remarks 7 (c)(viii) ‧見備註/See Remarks 7 (d)(ii) ‧見備註/See Remarks 7 (e)(ii) ‧見備註/See Remarks 7 (f)(i) ‧見備註/See Remarks 7 (e)(iii) ‧價單第1A號 (D1)付款辦法 Payment Plan (D1) of Price List No.1A 見備註/See Remarks 7 (c)(iv) ‧見備註/See Remarks 7 (c)(v) ‧見備註/See Remarks 7 (d)(iii) ‧見備註/See Remarks 7 (c)(vii) ‧見備註/See Remarks 7 (e)(i) ‧見備註/See Remarks 7 (c)(viii) ‧見備註/See Remarks 7 (e)(ii) ‧見備註/See Remarks 7 (f)(ii) ‧見備註/See Remarks 7 (e)(iii),
2017-03-18,2017-03-29,,第1座 (1A) 20 A Tower 1 (1A) 第1座 (1A) 19 A Tower 1 (1A),,,,59556300,,‧價單第1A號 (C1)付款辦法 Payment Plan (C1) of Price List No.1A 見備註/See Remarks 7 (c)(iii) ‧見備註/See Remarks 7 (c)(v) ‧見備註/See Remarks 7 (c)(vi) ‧見備註/See Remarks 7 (c)(vii) ‧見備註/See Remarks 7 (c)(viii) ‧見備註/See Remarks 7 (d)(ii) ‧見備註/See Remarks 7 (e)(ii) ‧見備註/See Remarks 7 (f)(i) ‧見備註/See Remarks 7 (e)(iii) ‧價單第1A號 (C1)付款辦法 Payment Plan (C1) of Price List No.1A 見備註/See Remarks 7 (c)(iii) ‧見備註/See Remarks 7 (c)(v) ‧見備註/See Remarks 7 (c)(vi) ‧見備註/See Remarks 7 (c)(vii) ‧見備註/See Remarks 7 (c)(viii) ‧見備註/See Remarks 7 (d)(ii) ‧見備註/See Remarks 7 (e)(ii) ‧見備註/See Remarks 7 (f)(i) ‧見備註/See Remarks 7 (e)(iii),
2017-03-18,2017-03-29,,第1座 (1A) 18 A Tower 1 (1A),,,,38597300,,‧價單第1A號 (D1)付款辦法 Payment Plan (D1) of Price List No.1A 見備註/See Remarks 7 (c)(iv) ‧見備註/See Remarks 7 (c)(v) ‧見備註/See Remarks 7 (c)(vi) ‧見備註/See Remarks 7 (c)(vii) ‧見備註/See Remarks 7 (e)(i) ‧見備註/See Remarks 7 (c)(viii) ‧見備註/See Remarks 7 (d)(ii) ‧見備註/See Remarks 7 (e)(ii) ‧見備註/See Remarks 7 (f)(i) ‧見備註/See Remarks 7 (e)(iii),
2017-03-18,2017-03-29,,第1座 (1A) 17 A Tower 1 (1A) 第1座 (1A) 16 B Tower 1 (1A) 第1座 (1A) 17 B Tower 1 (1A),,,,78064700,,‧價單第1A號 (C1)付款辦法 Payment Plan (C1) of Price List No.1A 見備註/See Remarks 7 (c)(iii) ‧見備註/See Remarks 7 (c)(v) ‧見備註/See Remarks 7 (c)(vi) ‧見備註/See Remarks 7 (c)(vii) ‧見備註/See Remarks 7 (c)(viii) ‧見備註/See Remarks 7 (d)(ii) ‧見備註/See Remarks 7 (e)(ii) ‧見備註/See Remarks 7 (f)(i) ‧見備註/See Remarks 7 (e)(iii) ‧價單第1A號 (C1)付款辦法 Payment Plan (C1) of Price List No.1A 見備註/See Remarks 7 (c)(iii) ‧見備註/See Remarks 7 (c)(v) ‧見備註/See Remarks 7 (c)(vi) ‧見備註/See Remarks 7 (c)(vii) ‧見備註/See Remarks 7 (c)(viii) ‧見備註/See Remarks 7 (d)(ii) ‧見備註/See Remarks 7 (e)(ii) ‧見備註/See Remarks 7 (e)(iii) ‧價單第1A號 (C1)付款辦法 Payment Plan (C1) of Price List No.1A 見備註/See Remarks 7 (c)(iii) ‧見備註/See Remarks 7 (c)(v) ‧見備註/See Remarks 7 (c)(vi) ‧見備註/See Remarks 7 (c)(vii) ‧見備註/See Remarks 7 (c)(viii) ‧見備註/See Remarks 7 (d)(ii) ‧見備註/See Remarks 7 (e)(ii) ‧見備註/See Remarks 7 (e)(iii),
2017-03-18,2017-03-29,,第1座 (1A) 16 A Tower 1 (1A) 第1座 (1A) 29 B Tower 1 (1A),,,,55457600,,‧價單第1A號 (C1)付款辦法 Payment Plan (C1) of Price List No.1A 見備註/See Remarks 7 (c)(iii) ‧見備註/See Remarks 7 (c)(v) ‧見備註/See Remarks 7 (c)(vi) ‧見備註/See Remarks 7 (c)(vii) ‧見備註/See Remarks 7 (c)(viii) ‧見備註/See Remarks 7 (d)(ii) ‧見備註/See Remarks 7 (e)(ii) ‧見備註/See Remarks 7 (f)(i) ‧見備註/See Remarks 7 (e)(iii) ‧價單第2號 (C1)付款辦法 Payment Plan (C1) of Price List No.2 見備註/See Remarks 7 (c)(iii) ‧見備註/See Remarks 7 (c)(v) ‧見備註/See Remarks 7 (c)(vi) ‧見備註/See Remarks 7 (c)(vii) ‧見備註/See Remarks 7 (c)(viii) ‧見備註/See Remarks 7 (d)(ii) ‧見備註/See Remarks 7 (e)(ii) ‧見備註/See Remarks 7 (e)(iii),
2017-03-18,2017-03-29,,第1座 (1A) 15 A Tower 1 (1A) 第1座 (1A) 12 A Tower 1 (1A),,,,68880900,,‧價單第1A號 (C1)付款辦法 Payment Plan (C1) of Price List No.1A 見備註/See Remarks 7 (c)(iii) ‧見備註/See Remarks 7 (c)(v) ‧見備註/See Remarks 7 (c)(vi) ‧見備註/See Remarks 7 (c)(vii) ‧見備註/See Remarks 7 (c)(viii) ‧見備註/See Remarks 7 (d)(ii) ‧見備註/See Remarks 7 (e)(ii) ‧見備註/See Remarks 7 (f)(i) ‧見備註/See Remarks 7 (e)(iii) ‧價單第1A號 (C1)付款辦法 Payment Plan (C1) of Price List No.1A 見備註/See Remarks 7 (c)(iii) ‧見備註/See Remarks 7 (c)(v) ‧見備註/See Remarks 7 (c)(vi) ‧見備註/See Remarks 7 (c)(vii) ‧見備註/See Remarks 7 (c)(viii) ‧見備註/See Remarks 7 (d)(ii) ‧見備註/See Remarks 7 (e)(ii) ‧見備註/See Remarks 7 (f)(i) ‧見備註/See Remarks 7 (e)(iii),
2017-03-18,2017-03-29,,第1座 (1A) 8 A Tower 1 (1A) 第1座 (1B) 25 E Tower 1 (1B),,,,34303400,,‧價單第1A號 (C1)付款辦法 Payment Plan (C1) of Price List No.1A 見備註/See Remarks 7 (c)(iii) ‧見備註/See Remarks 7 (c)(v) ‧見備註/See Remarks 7 (c)(vi) ‧見備註/See Remarks 7 (c)(vii) ‧見備註/See Remarks 7 (c)(viii) ‧見備註/See Remarks 7 (d)(ii) ‧見備註/See Remarks 7 (e)(ii) ‧見備註/See Remarks 7 (f)(i) ‧見備註/See Remarks 7 (e)(iii) ‧價單第1A號 (C1)付款辦法 Payment Plan (C1) of Price List No.1A 見備註/See Remarks 7 (c)(iii) ‧見備註/See Remarks 7 (c)(v) ‧見備註/See Remarks 7 (c)(vi) ‧見備註/See Remarks 7 (c)(vii) ‧見備註/See Remarks 7 (c)(viii) ‧見備註/See Remarks 7 (d)(ii) ‧見備註/See Remarks 7 (e)(ii) ‧見備註/See Remarks 7 (f)(ii) ‧見備註/See Remarks 7 (e)(iii),
2017-03-18,2017-03-29,,第1座 (1A) 38 B Tower 1 (1A),,,,55635500,,‧價單第2號 (C1)付款辦法 Payment Plan (C1) of Price List No.2 見備註/See Remarks 7 (c)(iii) ‧見備註/See Remarks 7 (c)(v) ‧見備註/See Remarks 7 (c)(vi) ‧見備註/See Remarks 7 (c)(vii) ‧見備註/See Remarks 7 (c)(viii) ‧見備註/See Remarks 7 (d)(ii) ‧見備註/See Remarks 7 (e)(ii) ‧見備註/See Remarks 7 (e)(iii),
2017-03-18,2017-03-29,,第1座 (1A) 37 B Tower 1 (1A) 第1座 (1A) 6 A Tower 1 (1A) 第1座 (1A) 20 C Tower 1 (1A),,,,80836800,,‧價單第2號 (C1)付款辦法 Payment Plan (C1) of Price List No.2 見備註/See Remarks 7 (c)(iii) ‧見備註/See Remarks 7 (c)(v) ‧見備註/See Remarks 7 (c)(vi) ‧見備註/See Remarks 7 (c)(vii) ‧見備註/See Remarks 7 (c)(viii) ‧見備註/See Remarks 7 (d)(ii) ‧見備註/See Remarks 7 (e)(ii) ‧見備註/See Remarks 7 (e)(iii) ‧價單第1A號 (C1)付款辦法 Payment Plan (C1) of Price List No.1A 見備註/See Remarks 7 (c)(iii) ‧見備註/See Remarks 7 (c)(v) ‧見備註/See Remarks 7 (c)(vi) ‧見備註/See Remarks 7 (c)(vii) ‧見備註/See Remarks 7 (c)(viii) ‧見備註/See Remarks 7 (d)(ii) ‧見備註/See Remarks 7 (e)(ii) ‧見備註/See Remarks 7 (f)(i) ‧見備註/See Remarks 7 (e)(iii) ‧價單第1A號 (C1)付款辦法 Payment Plan (C1) of Price List No.1A 見備註/See Remarks 7 (c)(iii) ‧見備註/See Remarks 7 (c)(v) ‧見備註/See Remarks 7 (c)(vi) ‧見備註/See Remarks 7 (c)(vii) ‧見備註/See Remarks 7 (c)(viii) ‧見備註/See Remarks 7 (d)(ii) ‧見備註/See Remarks 7 (e)(ii) ‧見備註/See Remarks 7 (e)(iii),
2017-03-18,2017-03-29,,第1座 (1A) 36 B Tower 1 (1A) 第1座 (1B) 29 A Tower 1 (1B),,,,38786300,,‧價單第2號 (C1)付款辦法 Payment Plan (C1) of Price List No.2 見備註/See Remarks 7 (c)(iii) ‧見備註/See Remarks 7 (c)(v) ‧見備註/See Remarks 7 (c)(vi) ‧見備註/See Remarks 7 (c)(vii) ‧見備註/See Remarks 7 (c)(viii) ‧見備註/See Remarks 7 (d)(ii) ‧見備註/See Remarks 7 (e)(ii) ‧見備註/See Remarks 7 (e)(iii) ‧價單第1A號 (C1)付款辦法 Payment Plan (C1) of Price List No.1A 見備註/See Remarks 7 (c)(iii) ‧見備註/See Remarks 7 (c)(v) ‧見備註/See Remarks 7 (c)(vi) ‧見備註/See Remarks 7 (c)(vii) ‧見備註/See Remarks 7 (c)(viii) ‧見備註/See Remarks 7 (d)(ii) ‧見備註/See Remarks 7 (e)(ii) ‧見備註/See Remarks 7 (f)(ii) ‧見備註/See Remarks 7 (e)(iii),
2017-03-18,2017-03-29,,第1座 (1A) Tower 1 (1A),35,B,,27499700,,‧價單第2號 (C1)付款辦法 Payment Plan (C1) of Price List No.2 見備註/See Remarks 7 (c)(iii) ‧見備註/See Remarks 7 (c)(v) ‧見備註/See Remarks 7 (c)(vi) ‧見備註/See Remarks 7 (c)(vii) ‧見備註/See Remarks 7 (c)(viii) ‧見備註/See Remarks 7 (d)(ii) ‧見備註/See Remarks 7 (e)(ii) ‧見備註/See Remarks 7 (e)(iii),
2017-03-18,2017-03-29,,第1座 (1A) 33 B Tower 1 (1A),,,,54081600,,‧價單第2號 (C1)付款辦法 Payment Plan (C1) of Price List No.2 見備註/See Remarks 7 (c)(iii) ‧見備註/See Remarks 7 (c)(v) ‧見備註/See Remarks 7 (c)(vi) ‧見備註/See Remarks 7 (c)(vii) ‧見備註/See Remarks 7 (c)(viii) ‧見備註/See Remarks 7 (d)(ii) ‧見備註/See Remarks 7 (e)(ii) ‧見備註/See Remarks 7 (e)(iii),
2017-03-18,2017-03-29,,第1座 (1A) 32 B Tower 1 (1A) 第1座 (1B) 31 B Tower 1 (1B),,,,35685600,,‧價單第2號 (C1)付款辦法 Payment Plan (C1) of Price List No.2 見備註/See Remarks 7 (c)(iii) ‧見備註/See Remarks 7 (c)(v) ‧見備註/See Remarks 7 (c)(vi) ‧見備註/See Remarks 7 (c)(vii) ‧見備註/See Remarks 7 (c)(viii) ‧見備註/See Remarks 7 (d)(ii) ‧見備註/See Remarks 7 (e)(ii) ‧見備註/See Remarks 7 (e)(iii) ‧價單第1A號 (C1)付款辦法 Payment Plan (C1) of Price List No.1A 見備註/See Remarks 7 (c)(iii) ‧見備註/See Remarks 7 (c)(v) ‧見備註/See Remarks 7 (c)(vi) ‧見備註/See Remarks 7 (c)(vii) ‧見備註/See Remarks 7 (c)(viii) ‧見備註/See Remarks 7 (d)(ii) ‧見備註/See Remarks 7 (e)(ii) ‧見備註/See Remarks 7 (f)(ii) ‧見備註/See Remarks 7 (e)(iii),
2017-03-18,2017-03-29,,第1座 (1A) 30 B Tower 1 (1A),,,,51577600,,‧價單第2號 (C1)付款辦法 Payment Plan (C1) of Price List No.2 見備註/See Remarks 7 (c)(iii) ‧見備註/See Remarks 7 (c)(v) ‧見備註/See Remarks 7 (c)(vi) ‧見備註/See Remarks 7 (c)(vii) ‧見備註/See Remarks 7 (c)(viii) ‧見備註/See Remarks 7 (d)(ii) ‧見備註/See Remarks 7 (e)(ii) ‧見備註/See Remarks 7 (e)(iii),
2017-03-18,2017-03-29,,第1座 (1A) Tower 1 (1A),28,B,,26513700,,‧價單第2號 (A1)付款辦法 Payment Plan (A1) of Price List No.2 見備註/See Remarks 7 (c)(i) ‧見備註/See Remarks 7 (c)(v) ‧見備註/See Remarks 7 (c)(vi) ‧見備註/See Remarks 7 (c)(vii) ‧見備註/See Remarks 7 (d)(ii) ‧見備註/See Remarks 7 (e)(ii) ‧見備註/See Remarks 7 (e)(iii),
2017-03-18,,,第1座 (1A) 26 B Tower 1 (1A) 第1座 (1A) 25 B Tower 1 (1A),,,,50549600,,‧價單第1A號 (C1)付款辦法 Payment Plan (C1) of Price List No.1A 見備註/See Remarks 7 (c)(iii) ‧見備註/See Remarks 7 (c)(v) ‧見備註/See Remarks 7 (c)(vi) ‧見備註/See Remarks 7 (c)(vii) ‧見備註/See Remarks 7 (c)(viii) ‧見備註/See Remarks 7 (d)(ii) ‧見備註/See Remarks 7 (e)(ii) ‧見備註/See Remarks 7 (e)(iii) ‧價單第1A號 (C1)付款辦法 Payment Plan (C1) of Price List No.1A 見備註/See Remarks 7 (c)(iii) ‧見備註/See Remarks 7 (c)(v) ‧見備註/See Remarks 7 (c)(vi) ‧見備註/See Remarks 7 (c)(vii) ‧見備註/See Remarks 7 (c)(viii) ‧見備註/See Remarks 7 (d)(ii) ‧見備註/See Remarks 7 (e)(ii) ‧見備註/See Remarks 7 (e)(iii),
2017-03-18,2017-03-29,,第1座 (1A) Tower 1 (1A),22,B,,25284400,,‧價單第1A號 (A1)付款辦法 Payment Plan (A1) of Price List No.1A 見備註/See Remarks 7 (c)(i) ‧見備註/See Remarks 7 (c)(v) ‧見備註/See Remarks 7 (c)(vi) ‧見備註/See Remarks 7 (c)(vii) ‧見備註/See Remarks 7 (d)(ii) ‧見備註/See Remarks 7 (e)(ii) ‧見備註/See Remarks 7 (e)(iii),
2017-03-18,2017-03-29,,第1座 (1A) 19 B Tower 1 (1A) 第1座 (1A) 15 B Tower 1 (1A),,,,48833300,,‧價單第1A號 (C1)付款辦法 Payment Plan (C1) of Price List No.1A 見備註/See Remarks 7 (c)(iii) ‧見備註/See Remarks 7 (c)(v) ‧見備註/See Remarks 7 (c)(vi) ‧見備註/See Remarks 7 (c)(vii) ‧見備註/See Remarks 7 (c)(viii) ‧見備註/See Remarks 7 (d)(ii) ‧見備註/See Remarks 7 (e)(ii) ‧見備註/See Remarks 7 (e)(iii) ‧價單第1A號 (C1)付款辦法 Payment Plan (C1) of Price List No.1A 見備註/See Remarks 7 (c)(iii) ‧見備註/See Remarks 7 (c)(v) ‧見備註/See Remarks 7 (c)(vi) ‧見備註/See Remarks 7 (c)(vii) ‧見備註/See Remarks 7 (c)(viii) ‧見備註/See Remarks 7 (d)(ii) ‧見備註/See Remarks 7 (e)(ii) ‧見備註/See Remarks 7 (e)(iii),
2017-03-18,2017-03-29,,第1座 (1A) Tower 1 (1A),18,B,,24612200,,‧價單第1A號 (C1)付款辦法 Payment Plan (C1) of Price List No.1A 見備註/See Remarks 7 (c)(iii) ‧見備註/See Remarks 7 (c)(v) ‧見備註/See Remarks 7 (c)(vi) ‧見備註/See Remarks 7 (c)(vii) ‧見備註/See Remarks 7 (c)(viii) ‧見備註/See Remarks 7 (d)(ii) ‧見備註/See Remarks 7 (e)(ii) ‧見備註/See Remarks 7 (e)(iii),
2017-03-18,2017-03-29,,第1座 (1A) Tower 1 (1A),9,B,,23835300,,‧價單第1A號 (C1)付款辦法 Payment Plan (C1) of Price List No.1A 見備註/See Remarks 7 (c)(iii) ‧見備註/See Remarks 7 (c)(v) ‧見備註/See Remarks 7 (c)(vi) ‧見備註/See Remarks 7 (c)(vii) ‧見備註/See Remarks 7 (c)(viii) ‧見備註/See Remarks 7 (d)(ii) ‧見備註/See Remarks 7 (e)(ii) ‧見備註/See Remarks 7 (e)(iii),
2017-03-18,2017-03-29,,第1座 (1A) Tower 1 (1A),8,B,,24144900,,‧價單第1A號 (A1)付款辦法 Payment Plan (A1) of Price List No.1A 見備註/See Remarks 7 (c)(i) ‧見備註/See Remarks 7 (c)(v) ‧見備註/See Remarks 7 (c)(vi) ‧見備註/See Remarks 7 (c)(vii) ‧見備註/See Remarks 7 (d)(ii) ‧見備註/See Remarks 7 (e)(ii) ‧見備註/See Remarks 7 (e)(iii),
2017-03-18,2017-03-29,,第1座 (1A) Tower 1 (1A),7,B,,24622100,,‧價單第1A號 (D1)付款辦法 Payment Plan (D1) of Price List No.1A 見備註/See Remarks 7 (c)(iv) ‧見備註/See Remarks 7 (c)(v) ‧見備註/See Remarks 7 (c)(vi) ‧見備註/See Remarks 7 (c)(vii) ‧見備註/See Remarks 7 (e)(i) ‧見備註/See Remarks 7 (c)(viii) ‧見備註/See Remarks 7 (d)(ii) ‧見備註/See Remarks 7 (e)(ii) ‧見備註/See Remarks 7 (e)(iii),
2017-03-18,2017-03-29,,第1座 (1A) 6 B Tower 1 (1A) 第1座 (1A) 6 C Tower 1 (1A) 第1座 (1B) 30 G Tower 1 (1B),,,,51354300,,‧價單第1A號 (C1)付款辦法 Payment Plan (C1) of Price List No.1A 見備註/See Remarks 7 (c)(iii) ‧見備註/See Remarks 7 (c)(v) ‧見備註/See Remarks 7 (c)(vi) ‧見備註/See Remarks 7 (c)(vii) ‧見備註/See Remarks 7 (c)(viii) ‧見備註/See Remarks 7 (d)(ii) ‧見備註/See Remarks 7 (e)(ii) ‧見備註/See Remarks 7 (e)(iii) ‧價單第1A號 (C1)付款辦法 Payment Plan (C1) of Price List No.1A 見備註/See Remarks 7 (c)(iii) ‧見備註/See Remarks 7 (c)(v) ‧見備註/See Remarks 7 (c)(vi) ‧見備註/See Remarks 7 (c)(vii) ‧見備註/See Remarks 7 (c)(viii) ‧見備註/See Remarks 7 (d)(ii) ‧見備註/See Remarks 7 (e)(ii) ‧見備註/See Remarks 7 (e)(iii) ‧價單第1A號 (C1)付款辦法 Payment Plan (C1) of Price List No.1A 見備註/See Remarks 7 (c)(iii) ‧見備註/See Remarks 7 (c)(v) ‧見備註/See Remarks 7 (c)(vi) ‧見備註/See Remarks 7 (c)(vii) ‧見備註/See Remarks 7 (c)(viii) ‧見備註/See Remarks 7 (d)(ii) ‧見備註/See Remarks 7 (e)(ii) ‧見備註/See Remarks 7 (f)(ii) ‧見備註/See Remarks 7 (e)(iii),
2017-03-18,2017-03-29,,第1座 (1A) 46 C Tower 1 (1A) 第1座 (1A) 39 C Tower 1 (1A) 第1座 (1B) 39 A Tower 1 (1B),,,,79882600,,‧價單第2號 (D1)付款辦法 Payment Plan (D1) of Price List No.2 見備註/See Remarks 7 (c)(iv) ‧見備註/See Remarks 7 (c)(v) ‧見備註/See Remarks 7 (c)(vi) ‧見備註/See Remarks 7 (c)(vii) ‧見備註/See Remarks 7 (e)(i) ‧見備註/See Remarks 7 (c)(viii) ‧見備註/See Remarks 7 (d)(ii) ‧見備註/See Remarks 7 (e)(ii) ‧見備註/See Remarks 7 (f)(i) ‧見備註/See Remarks 7 (e)(iii) ‧價單第2號 (D1)付款辦法 Payment Plan (D1) of Price List No.2 見備註/See Remarks 7 (c)(iv) ‧見備註/See Remarks 7 (c)(v) ‧見備註/See Remarks 7 (c)(vi) ‧見備註/See Remarks 7 (c)(vii) ‧見備註/See Remarks 7 (e)(i) ‧見備註/See Remarks 7 (c)(viii) ‧見備註/See Remarks 7 (d)(ii) ‧見備註/See Remarks 7 (e)(ii) ‧見備註/See Remarks 7 (f)(i) ‧見備註/See Remarks 7 (e)(iii) ‧價單第2號 (D1)付款辦法 Payment Plan (D1) of Price List No.2 見備註/See Remarks 7 (c)(iv) ‧見備註/See Remarks 7 (c)(v) ‧見備註/See Remarks 7 (c)(vi) ‧見備註/See Remarks 7 (c)(vii) ‧見備註/See Remarks 7 (e)(i) ‧見備註/See Remarks 7 (c)(viii) ‧見備註/See Remarks 7 (d)(ii) ‧見備註/See Remarks 7 (e)(ii) ‧見備註/See Remarks 7 (f)(ii) ‧見備註/See Remarks 7 (e)(iii),
2017-03-18,2017-03-29,,第1座 (1A) 38 C Tower 1 (1A),,,,66710400,,‧價單第2號 (C1)付款辦法 Payment Plan (C1) of Price List No.2 見備註/See Remarks 7 (c)(iii) ‧見備註/See Remarks 7 (c)(v) ‧見備註/See Remarks 7 (c)(vi) ‧見備註/See Remarks 7 (c)(vii) ‧見備註/See Remarks 7 (c)(viii) ‧見備註/See Remarks 7 (d)(ii) ‧見備註/See Remarks 7 (e)(ii) ‧見備註/See Remarks 7 (f)(i) ‧見備註/See Remarks 7 (e)(iii),
2017-03-18,2017-03-29,,第1座 (1A) 36 C Tower 1 (1A) 第1座 (1B) 33 H Tower 1 (1B),,,,39119000,,‧價單第2號 (C1)付款辦法 Payment Plan (C1) of Price List No.2 見備註/See Remarks 7 (c)(iii) ‧見備註/See Remarks 7 (c)(v) ‧見備註/See Remarks 7 (c)(vi) ‧見備註/See Remarks 7 (c)(vii) ‧見備註/See Remarks 7 (c)(viii) ‧見備註/See Remarks 7 (d)(ii) ‧見備註/See Remarks 7 (e)(ii) ‧見備註/See Remarks 7 (f)(i) ‧見備註/See Remarks 7 (e)(iii) ‧價單第2號 (C1)付款辦法 Payment Plan (C1) of Price List No.2 見備註/See Remarks 7 (c)(iii) ‧見備註/See Remarks 7 (c)(v) ‧見備註/See Remarks 7 (c)(vi) ‧見備註/See Remarks 7 (c)(vii) ‧見備註/See Remarks 7 (c)(viii) ‧見備註/See Remarks 7 (d)(ii) ‧見備註/See Remarks 7 (e)(ii) ‧見備註/See Remarks 7 (f)(ii) ‧見備註/See Remarks 7 (e)(iii),
2017-03-18,2017-03-29,,第1座 (1A) 35 C Tower 1 (1A) 第1座 (1A) 11 B Tower 1 (1A),,,,53108300,,‧價單第2號 (C1)付款辦法 Payment Plan (C1) of Price List No.2 見備註/See Remarks 7 (c)(iii) ‧見備註/See Remarks 7 (c)(v) ‧見備註/See Remarks 7 (c)(vi) ‧見備註/See Remarks 7 (c)(vii) ‧見備註/See Remarks 7 (c)(viii) ‧見備註/See Remarks 7 (d)(ii) ‧見備註/See Remarks 7 (e)(ii) ‧見備註/See Remarks 7 (f)(i) ‧見備註/See Remarks 7 (e)(iii) ‧價單第1A號 (C1)付款辦法 Payment Plan (C1) of Price List No.1A 見備註/See Remarks 7 (c)(iii) ‧見備註/See Remarks 7 (c)(v) ‧見備註/See Remarks 7 (c)(vi) ‧見備註/See Remarks 7 (c)(vii) ‧見備註/See Remarks 7 (c)(viii) ‧見備註/See Remarks 7 (d)(ii) ‧見備註/See Remarks 7 (e)(ii) ‧見備註/See Remarks 7 (e)(iii),
2017-03-18,2017-03-29,,第1座 (1A) 31 C Tower 1 (1A) 第1座 (1A) 31 B Tower 1 (1A),,,,61729900,"在19-05-2017，基於法例第35(2)(c)條所容許的原因 ，售價調整為$54,634,500。 On 19-05-2017, the price adjusted to $54,634,500 due to the reason allowed under section 35(2)(c) of the Ordinance.",‧價單第1A號 (C1)付款辦法 Payment Plan (C1) of Price List No.1A 見備註/See Remarks 7 (c)(iii) ‧見備註/See Remarks 7 (d)(i) ‧見備註/See Remarks 7 (c)(vi) ‧見備註/See Remarks 7 (c)(vii) ‧見備註/See Remarks 7 (c)(viii) ‧見備註/See Remarks 7 (d)(ii) ‧見備註/See Remarks 7 (e)(ii) ‧見備註/See Remarks 7 (f)(i) ‧見備註/See Remarks 7 (e)(iii) ‧價單第1A號 (C1)付款辦法 Payment Plan (C1) of Price List No.1A 見備註/See Remarks 7 (c)(iii) ‧見備註/See Remarks 7 (c)(v) ‧見備註/See Remarks 7 (c)(vi) ‧見備註/See Remarks 7 (c)(vii) ‧見備註/See Remarks 7 (c)(viii) ‧見備註/See Remarks 7 (d)(ii) ‧見備註/See Remarks 7 (e)(ii) ‧見備註/See Remarks 7 (f)(i) ‧見備註/See Remarks 7 (e)(iii) ‧價單第2號 (C1)付款辦法 Payment Plan (C1) of Price List No.2 見備註/See Remarks 7 (c)(iii) ‧見備註/See Remarks 7 (d)(i) ‧見備註/See Remarks 7 (c)(vi) ‧見備註/See Remarks 7 (c)(vii) ‧見備註/See Remarks 7 (c)(viii) ‧見備註/See Remarks 7 (d)(ii) ‧見備註/See Remarks 7 (e)(ii) ‧見備註/See Remarks 7 (e)(iii),
2017-03-18,2017-03-29,,第1座 (1A) 30 C Tower 1 (1A) 第1座 (1A) 23 B Tower 1 (1A) 第1座 (1B) 40 A Tower 1 (1B),,,,64781500,,‧價單第1A號 (C1)付款辦法 Payment Plan (C1) of Price List No.1A 見備註/See Remarks 7 (c)(iii) ‧見備註/See Remarks 7 (c)(v) ‧見備註/See Remarks 7 (c)(vi) ‧見備註/See Remarks 7 (c)(vii) ‧見備註/See Remarks 7 (c)(viii) ‧見備註/See Remarks 7 (d)(ii) ‧見備註/See Remarks 7 (e)(ii) ‧見備註/See Remarks 7 (f)(i) ‧見備註/See Remarks 7 (e)(iii) ‧價單第1A號 (C1)付款辦法 Payment Plan (C1) of Price List No.1A 見備註/See Remarks 7 (c)(iii) ‧見備註/See Remarks 7 (c)(v) ‧見備註/See Remarks 7 (c)(vi) ‧見備註/See Remarks 7 (c)(vii) ‧見備註/See Remarks 7 (c)(viii) ‧見備註/See Remarks 7 (d)(ii) ‧見備註/See Remarks 7 (e)(ii) ‧見備註/See Remarks 7 (e)(iii) ‧價單第2號 (C1)付款辦法 Payment Plan (C1) of Price List No.2 見備註/See Remarks 7 (c)(iii) ‧見備註/See Remarks 7 (c)(v) ‧見備註/See Remarks 7 (c)(vi) ‧見備註/See Remarks 7 (c)(vii) ‧見備註/See Remarks 7 (c)(viii) ‧見備註/See Remarks 7 (d)(ii) ‧見備註/See Remarks 7 (e)(ii) ‧見備註/See Remarks 7 (f)(ii) ‧見備註/See Remarks 7 (e)(iii),
2017-03-18,2017-03-29,,第1座 (1A) 29 C Tower 1 (1A) 第1座 (1A) 26 C Tower 1 (1A) 第1座 (1B) 35 G Tower 1 (1B),,,,60759800,,‧價單第1A號 (C1)付款辦法 Payment Plan (C1) of Price List No.1A 見備註/See Remarks 7 (c)(iii) ‧見備註/See Remarks 7 (c)(v) ‧見備註/See Remarks 7 (c)(vi) ‧見備註/See Remarks 7 (c)(vii) ‧見備註/See Remarks 7 (c)(viii) ‧見備註/See Remarks 7 (d)(ii) ‧見備註/See Remarks 7 (e)(ii) ‧見備註/See Remarks 7 (e)(iii) ‧價單第1A號 (C1)付款辦法 Payment Plan (C1) of Price List No.1A 見備註/See Remarks 7 (c)(iii) ‧見備註/See Remarks 7 (c)(v) ‧見備註/See Remarks 7 (c)(vi) ‧見備註/See Remarks 7 (c)(vii) ‧見備註/See Remarks 7 (c)(viii) ‧見備註/See Remarks 7 (d)(ii) ‧見備註/See Remarks 7 (e)(ii) ‧見備註/See Remarks 7 (e)(iii) ‧價單第1A號 (C1)付款辦法 Payment Plan (C1) of Price List No.1A 見備註/See Remarks 7 (c)(iii) ‧見備註/See Remarks 7 (c)(v) ‧見備註/See Remarks 7 (c)(vi) ‧見備註/See Remarks 7 (c)(vii) ‧見備註/See Remarks 7 (c)(viii) ‧見備註/See Remarks 7 (d)(ii) ‧見備註/See Remarks 7 (e)(ii) ‧見備註/See Remarks 7 (f)(ii) ‧見備註/See Remarks 7 (e)(iii),
2017-03-18,2017-03-29,,第1座 (1A) Tower 1 (1A),28,C,,33129300,,‧價單第1A號 (B1)付款辦法 Payment Plan (B1) of Price List No.1A 見備註/See Remarks 7 (c)(ii) ‧見備註/See Remarks 7 (d)(i) ‧見備註/See Remarks 7 (c)(vi) ‧見備註/See Remarks 7 (c)(vii) ‧見備註/See Remarks 7 (e)(i) ‧見備註/See Remarks 7 (d)(ii) ‧見備註/See Remarks 7 (e)(ii) ‧見備註/See Remarks 7 (e)(iii),
2017-03-18,2017-03-29,,第1座 (1A) 23 C Tower 1 (1A) 第1座 (1A) 21 C Tower 1 (1A),,,,52908900,,‧價單第1A號 (C1)付款辦法 Payment Plan (C1) of Price List No.1A 見備註/See Remarks 7 (c)(iii) ‧見備註/See Remarks 7 (c)(v) ‧見備註/See Remarks 7 (c)(vi) ‧見備註/See Remarks 7 (c)(vii) ‧見備註/See Remarks 7 (c)(viii) ‧見備註/See Remarks 7 (d)(ii) ‧見備註/See Remarks 7 (e)(ii) ‧見備註/See Remarks 7 (e)(iii) ‧價單第1A號 (C1)付款辦法 Payment Plan (C1) of Price List No.1A 見備註/See Remarks 7 (c)(iii) ‧見備註/See Remarks 7 (c)(v) ‧見備註/See Remarks 7 (c)(vi) ‧見備註/See Remarks 7 (c)(vii) ‧見備註/See Remarks 7 (c)(viii) ‧見備註/See Remarks 7 (d)(ii) ‧見備註/See Remarks 7 (e)(ii) ‧見備註/See Remarks 7 (e)(iii),
2017-03-18,2017-03-29,,第1座 (1A) 22 C Tower 1 (1A) 第1座 (1B) 15 B Tower 1 (1B),,,,34539800,,‧價單第1A號 (C1)付款辦法 Payment Plan (C1) of Price List No.1A 見備註/See Remarks 7 (c)(iii) ‧見備註/See Remarks 7 (c)(v) ‧見備註/See Remarks 7 (c)(vi) ‧見備註/See Remarks 7 (c)(vii) ‧見備註/See Remarks 7 (c)(viii) ‧見備註/See Remarks 7 (d)(ii) ‧見備註/See Remarks 7 (e)(ii) ‧見備註/See Remarks 7 (e)(iii) ‧價單第1A號 (C1)付款辦法 Payment Plan (C1) of Price List No.1A 見備註/See Remarks 7 (c)(iii) ‧見備註/See Remarks 7 (c)(v) ‧見備註/See Remarks 7 (c)(vi) ‧見備註/See Remarks 7 (c)(vii) ‧見備註/See Remarks 7 (c)(viii) ‧見備註/See Remarks 7 (d)(ii) ‧見備註/See Remarks 7 (e)(ii) ‧見備註/See Remarks 7 (f)(ii) ‧見備註/See Remarks 7 (e)(iii),
2017-03-18,2017-03-29,,第1座 (1A) 19 C Tower 1 (1A) 第1座 (1A) 20 B Tower 1 (1A) 第1座 (1B) 22 C Tower 1 (1B),,,,56949900,,‧價單第1A號 (C1)付款辦法 Payment Plan (C1) of Price List No.1A 見備註/See Remarks 7 (c)(iii) ‧見備註/See Remarks 7 (c)(v) ‧見備註/See Remarks 7 (c)(vi) ‧見備註/See Remarks 7 (c)(vii) ‧見備註/See Remarks 7 (c)(viii) ‧見備註/See Remarks 7 (d)(ii) ‧見備註/See Remarks 7 (e)(ii) ‧見備註/See Remarks 7 (e)(iii) ‧價單第1A號 (C1)付款辦法 Payment Plan (C1) of Price List No.1A 見備註/See Remarks 7 (c)(iii) ‧見備註/See Remarks 7 (c)(v) ‧見備註/See Remarks 7 (c)(vi) ‧見備註/See Remarks 7 (c)(vii) ‧見備註/See Remarks 7 (c)(viii) ‧見備註/See Remarks 7 (d)(ii) ‧見備註/See Remarks 7 (e)(ii) ‧見備註/See Remarks 7 (e)(iii) ‧價單第2號 (C1)付款辦法 Payment Plan (C1) of Price List No.2 見備註/See Remarks 7 (c)(iii) ‧見備註/See Remarks 7 (c)(v) ‧見備註/See Remarks 7 (c)(vi) ‧見備註/See Remarks 7 (c)(vii) ‧見備註/See Remarks 7 (c)(viii) ‧見備註/See Remarks 7 (d)(ii) ‧見備註/See Remarks 7 (e)(ii) ‧見備註/See Remarks 7 (f)(ii) ‧見備註/See Remarks 7 (e)(iii),
2017-03-18,2017-03-29,,第1座 (1A) Tower 1 (1A),18,C,,25999700,,‧價單第1A號 (A1)付款辦法 Payment Plan (A1) of Price List No.1A 見備註/See Remarks 7 (c)(i) ‧見備註/See Remarks 7 (c)(v) ‧見備註/See Remarks 7 (c)(vi) ‧見備註/See Remarks 7 (c)(vii) ‧見備註/See Remarks 7 (d)(ii) ‧見備註/See Remarks 7 (e)(ii) ‧見備註/See Remarks 7 (e)(iii),
2017-03-18,2017-03-29,,第1座 (1A) 17 C Tower 1 (1A),,,,50183900,,‧價單第1A號 (C1)付款辦法 Payment Plan (C1) of Price List No.1A 見備註/See Remarks 7 (c)(iii) ‧見備註/See Remarks 7 (c)(v) ‧見備註/See Remarks 7 (c)(vi) ‧見備註/See Remarks 7 (c)(vii) ‧見備註/See Remarks 7 (c)(viii) ‧見備註/See Remarks 7 (d)(ii) ‧見備註/See Remarks 7 (e)(ii) ‧見備註/See Remarks 7 (e)(iii),
2017-03-18,2017-03-29,,第1座 (1A) Tower 1 (1A),15,C,,26360500,,‧價單第1A號 (D1)付款辦法 Payment Plan (D1) of Price List No.1A 見備註/See Remarks 7 (c)(iv) ‧見備註/See Remarks 7 (c)(v) ‧見備註/See Remarks 7 (c)(vi) ‧見備註/See Remarks 7 (c)(vii) ‧見備註/See Remarks 7 (e)(i) ‧見備註/See Remarks 7 (c)(viii) ‧見備註/See Remarks 7 (d)(ii) ‧見備註/See Remarks 7 (e)(ii) ‧見備註/See Remarks 7 (e)(iii),
2017-03-18,2017-03-29,,第1座 (1A) 12 C Tower 1 (1A) 第1座 (1A) 12 B Tower 1 (1A),,,,52445900,,‧價單第1A號 (C1)付款辦法 Payment Plan (C1) of Price List No.1A 見備註/See Remarks 7 (c)(iii) ‧見備註/See Remarks 7 (c)(v) ‧見備註/See Remarks 7 (d)(iii) ‧見備註/See Remarks 7 (c)(vii) ‧見備註/See Remarks 7 (c)(viii) ‧見備註/See Remarks 7 (e)(ii) ‧見備註/See Remarks 7 (e)(iii) ‧價單第1A號 (C1)付款辦法 Payment Plan (C1) of Price List No.1A 見備註/See Remarks 7 (c)(iii) ‧見備註/See Remarks 7 (c)(v) ‧見備註/See Remarks 7 (d)(iii) ‧見備註/See Remarks 7 (c)(vii) ‧見備註/See Remarks 7 (c)(viii) ‧見備註/See Remarks 7 (e)(ii) ‧見備註/See Remarks 7 (e)(iii),
2017-03-18,2017-03-29,,第1座 (1A) Tower 1 (1A),11,C,,25888200,,‧價單第1A號 (D1)付款辦法 Payment Plan (D1) of Price List No.1A 見備註/See Remarks 7 (c)(iv) ‧見備註/See Remarks 7 (c)(v) ‧見備註/See Remarks 7 (c)(vi) ‧見備註/See Remarks 7 (c)(vii) ‧見備註/See Remarks 7 (e)(i) ‧見備註/See Remarks 7 (c)(viii) ‧見備註/See Remarks 7 (d)(ii) ‧見備註/See Remarks 7 (e)(ii) ‧見備註/See Remarks 7 (e)(iii),
2017-03-18,2017-03-29,,第1座 (1A) 10 C Tower 1 (1A) 第1座 (1A) 10 B Tower 1 (1A),,,,48021700,,‧價單第1A號 (C1)付款辦法 Payment Plan (C1) of Price List No.1A 見備註/See Remarks 7 (c)(iii) ‧見備註/See Remarks 7 (c)(v) ‧見備註/See Remarks 7 (c)(vi) ‧見備註/See Remarks 7 (c)(vii) ‧見備註/See Remarks 7 (c)(viii) ‧見備註/See Remarks 7 (d)(ii) ‧見備註/See Remarks 7 (e)(ii) ‧見備註/See Remarks 7 (e)(iii) ‧價單第1A號 (C1)付款辦法 Payment Plan (C1) of Price List No.1A 見備註/See Remarks 7 (c)(iii) ‧見備註/See Remarks 7 (c)(v) ‧見備註/See Remarks 7 (c)(vi) ‧見備註/See Remarks 7 (c)(vii) ‧見備註/See Remarks 7 (c)(viii) ‧見備註/See Remarks 7 (d)(ii) ‧見備註/See Remarks 7 (e)(ii) ‧見備註/See Remarks 7 (e)(iii),
2017-03-18,2017-03-29,,第1座 (1A) 9 C Tower 1 (1A) 第1座 (1A) 7 C Tower 1 (1A),,,,47032300,,‧價單第1A號 (C1)付款辦法 Payment Plan (C1) of Price List No.1A 見備註/See Remarks 7 (c)(iii) ‧見備註/See Remarks 7 (c)(v) ‧見備註/See Remarks 7 (c)(vi) ‧見備註/See Remarks 7 (c)(vii) ‧見備註/See Remarks 7 (c)(viii) ‧見備註/See Remarks 7 (d)(ii) ‧見備註/See Remarks 7 (e)(ii) ‧見備註/See Remarks 7 (e)(iii) ‧價單第1A號 (C1)付款辦法 Payment Plan (C1) of Price List No.1A 見備註/See Remarks 7 (c)(iii) ‧見備註/See Remarks 7 (c)(v) ‧見備註/See Remarks 7 (c)(vi) ‧見備註/See Remarks 7 (c)(vii) ‧見備註/See Remarks 7 (c)(viii) ‧見備註/See Remarks 7 (d)(ii) ‧見備註/See Remarks 7 (e)(ii) ‧見備註/See Remarks 7 (e)(iii),
2017-03-18,2017-03-29,,第1座 (1A) 8 C Tower 1 (1A),,,,30296400,,‧價單第1A號 (C1)付款辦法 Payment Plan (C1) of Price List No.1A 見備註/See Remarks 7 (c)(iii) ‧見備註/See Remarks 7 (c)(v) ‧見備註/See Remarks 7 (c)(vi) ‧見備註/See Remarks 7 (c)(vii) ‧見備註/See Remarks 7 (c)(viii) ‧見備註/See Remarks 7 (d)(ii) ‧見備註/See Remarks 7 (e)(ii) ‧見備註/See Remarks 7 (e)(iii),
2017-03-18,2017-03-29,,第1座 (1B) Tower 1 (1B),43,A,,12545500,,‧價單第2號 (A1)付款辦法 Payment Plan (A1) of Price List No.2 見備註/See Remarks 7 (c)(i) ‧見備註/See Remarks 7 (c)(v) ‧見備註/See Remarks 7 (c)(vi) ‧見備註/See Remarks 7 (c)(vii) ‧見備註/See Remarks 7 (d)(ii) ‧見備註/See Remarks 7 (e)(ii) ‧見備註/See Remarks 7 (f)(ii) ‧見備註/See Remarks 7 (e)(iii),
2017-03-18,2017-03-29,,第1座 (1B) 42 A Tower 1 (1B) 第1座 (1B) 36 H Tower 1 (1B),,,,22229100,,‧價單第2號 (A1)付款辦法 Payment Plan (A1) of Price List No.2 見備註/See Remarks 7 (c)(i) ‧見備註/See Remarks 7 (c)(v) ‧見備註/See Remarks 7 (c)(vi) ‧見備註/See Remarks 7 (c)(vii) ‧見備註/See Remarks 7 (d)(ii) ‧見備註/See Remarks 7 (e)(ii) ‧見備註/See Remarks 7 (f)(ii) ‧見備註/See Remarks 7 (e)(iii) ‧價單第2號 (A1)付款辦法 Payment Plan (A1) of Price List No.2 見備註/See Remarks 7 (c)(i) ‧見備註/See Remarks 7 (c)(v) ‧見備註/See Remarks 7 (c)(vi) ‧見備註/See Remarks 7 (c)(vii) ‧見備註/See Remarks 7 (d)(ii) ‧見備註/See Remarks 7 (e)(ii) ‧見備註/See Remarks 7 (f)(ii) ‧見備註/See Remarks 7 (e)(iii),
2017-03-18,2017-03-29,,第1座 (1B) Tower 1 (1B),41,A,,13958500,,‧價單第2號 (A1)付款辦法 Payment Plan (A1) of Price List No.2 見備註/See Remarks 7 (c)(i) ‧見備註/See Remarks 7 (d)(i) ‧見備註/See Remarks 7 (c)(vi) ‧見備註/See Remarks 7 (c)(vii) ‧見備註/See Remarks 7 (d)(ii) ‧見備註/See Remarks 7 (e)(ii) ‧見備註/See Remarks 7 (f)(ii) ‧見備註/See Remarks 7 (e)(iii),
2017-03-18,2017-03-29,,第1座 (1B) 31 A Tower 1 (1B) 第1座 (1B) 30 A Tower 1 (1B),,,,24097300,,‧價單第1A號 (B1)付款辦法 Payment Plan (B1) of Price List No.1A 見備註/See Remarks 7 (c)(ii) ‧見備註/See Remarks 7 (c)(v) ‧見備註/See Remarks 7 (c)(vi) ‧見備註/See Remarks 7 (c)(vii) ‧見備註/See Remarks 7 (e)(i) ‧見備註/See Remarks 7 (d)(ii) ‧見備註/See Remarks 7 (e)(ii) ‧見備註/See Remarks 7 (f)(ii) ‧見備註/See Remarks 7 (e)(iii) ‧價單第1A號 (B1)付款辦法 Payment Plan (B1) of Price List No.1A 見備註/See Remarks 7 (c)(ii) ‧見備註/See Remarks 7 (c)(v) ‧見備註/See Remarks 7 (c)(vi) ‧見備註/See Remarks 7 (c)(vii) ‧見備註/See Remarks 7 (e)(i) ‧見備註/See Remarks 7 (d)(ii) ‧見備註/See Remarks 7 (e)(ii) ‧見備註/See Remarks 7 (f)(ii) ‧見備註/See Remarks 7 (e)(iii),
2017-03-18,2017-03-29,,第1座 (1B) Tower 1 (1B),25,A,,10969900,,‧價單第1A號 (A1)付款辦法 Payment Plan (A1) of Price List No.1A 見備註/See Remarks 7 (c)(i) ‧見備註/See Remarks 7 (c)(v) ‧見備註/See Remarks 7 (c)(vi) ‧見備註/See Remarks 7 (c)(vii) ‧見備註/See Remarks 7 (d)(ii) ‧見備註/See Remarks 7 (e)(ii) ‧見備註/See Remarks 7 (f)(ii) ‧見備註/See Remarks 7 (e)(iii),
2017-03-18,2017-03-29,,第1座 (1B) 23 A Tower 1 (1B) 第1座 (1A) 32 C Tower 1 (1A),,,,38607000,,‧價單第1A號 (C1)付款辦法 Payment Plan (C1) of Price List No.1A 見備註/See Remarks 7 (c)(iii) ‧見備註/See Remarks 7 (c)(v) ‧見備註/See Remarks 7 (c)(vi) ‧見備註/See Remarks 7 (c)(vii) ‧見備註/See Remarks 7 (c)(viii) ‧見備註/See Remarks 7 (d)(ii) ‧見備註/See Remarks 7 (e)(ii) ‧見備註/See Remarks 7 (f)(ii) ‧見備註/See Remarks 7 (e)(iii) ‧價單第1A號 (C1)付款辦法 Payment Plan (C1) of Price List No.1A 見備註/See Remarks 7 (c)(iii) ‧見備註/See Remarks 7 (c)(v) ‧見備註/See Remarks 7 (c)(vi) ‧見備註/See Remarks 7 (c)(vii) ‧見備註/See Remarks 7 (c)(viii) ‧見備註/See Remarks 7 (d)(ii) ‧見備註/See Remarks 7 (e)(ii) ‧見備註/See Remarks 7 (f)(i) ‧見備註/See Remarks 7 (e)(iii),
2017-03-18,2017-03-29,,第1座 (1B) Tower 1 (1B),22,A,,12228400,,‧價單第1A號 (A1)付款辦法 Payment Plan (A1) of Price List No.1A 見備註/See Remarks 7 (c)(i) ‧見備註/See Remarks 7 (d)(i) ‧見備註/See Remarks 7 (c)(vi) ‧見備註/See Remarks 7 (c)(vii) ‧見備註/See Remarks 7 (d)(ii) ‧見備註/See Remarks 7 (e)(ii) ‧見備註/See Remarks 7 (f)(ii) ‧見備註/See Remarks 7 (e)(iii),
2017-03-18,2017-03-29,,第1座 (1B) Tower 1 (1B),21,A,,10774100,,‧價單第1A號 (A1)付款辦法 Payment Plan (A1) of Price List No.1A 見備註/See Remarks 7 (c)(i) ‧見備註/See Remarks 7 (c)(v) ‧見備註/See Remarks 7 (c)(vi) ‧見備註/See Remarks 7 (c)(vii) ‧見備註/See Remarks 7 (d)(ii) ‧見備註/See Remarks 7 (e)(ii) ‧見備註/See Remarks 7 (f)(ii) ‧見備註/See Remarks 7 (e)(iii),
2017-03-18,2017-03-29,,第1座 (1B) Tower 1 (1B),20,A,,12218800,,‧價單第1A號 (B1)付款辦法 Payment Plan (B1) of Price List No.1A 見備註/See Remarks 7 (c)(ii) ‧見備註/See Remarks 7 (c)(v) ‧見備註/See Remarks 7 (d)(iii) ‧見備註/See Remarks 7 (c)(vii) ‧見備註/See Remarks 7 (e)(i) ‧見備註/See Remarks 7 (e)(ii) ‧見備註/See Remarks 7 (f)(ii) ‧見備註/See Remarks 7 (e)(iii),
2017-03-18,2017-03-29,,第1座 (1B) 19 A Tower 1 (1B) 第1座 (1B) 49 G Tower 1 (1B),,,,21533500,,‧價單第1A號 (A1)付款辦法 Payment Plan (A1) of Price List No.1A 見備註/See Remarks 7 (c)(i) ‧見備註/See Remarks 7 (d)(i) ‧見備註/See Remarks 7 (d)(iii) ‧見備註/See Remarks 7 (c)(vii) ‧見備註/See Remarks 7 (e)(ii) ‧見備註/See Remarks 7 (f)(ii) ‧見備註/See Remarks 7 (e)(iii) ‧價單第2號 (A1)付款辦法 Payment Plan (A1) of Price List No.2 見備註/See Remarks 7 (c)(i) ‧見備註/See Remarks 7 (d)(i) ‧見備註/See Remarks 7 (d)(iii) ‧見備註/See Remarks 7 (c)(vii) ‧見備註/See Remarks 7 (e)(ii) ‧見備註/See Remarks 7 (f)(ii) ‧見備註/See Remarks 7 (e)(iii),
2017-03-18,2017-03-29,,第1座 (1B) 18 A Tower 1 (1B) 第1座 (1B) 17 A Tower 1 (1B),,,,21035000,,‧價單第1A號 (A1)付款辦法 Payment Plan (A1) of Price List No.1A 見備註/See Remarks 7 (c)(i) ‧見備註/See Remarks 7 (c)(v) ‧見備註/See Remarks 7 (c)(vi) ‧見備註/See Remarks 7 (c)(vii) ‧見備註/See Remarks 7 (d)(ii) ‧見備註/See Remarks 7 (e)(ii) ‧見備註/See Remarks 7 (f)(ii) ‧見備註/See Remarks 7 (e)(iii) ‧價單第1A號 (A1)付款辦法 Payment Plan (A1) of Price List No.1A 見備註/See Remarks 7 (c)(i) ‧見備註/See Remarks 7 (c)(v) ‧見備註/See Remarks 7 (c)(vi) ‧見備註/See Remarks 7 (c)(vii) ‧見備註/See Remarks 7 (d)(ii) ‧見備註/See Remarks 7 (e)(ii) ‧見備註/See Remarks 7 (f)(ii) ‧見備註/See Remarks 7 (e)(iii),
2017-03-18,2017-03-29,,第1座 (1B) Tower 1 (1B),16,A,,11723300,,‧價單第1A號 (A1)付款辦法 Payment Plan (A1) of Price List No.1A 見備註/See Remarks 7 (c)(i) ‧見備註/See Remarks 7 (d)(i) ‧見備註/See Remarks 7 (c)(vi) ‧見備註/See Remarks 7 (c)(vii) ‧見備註/See Remarks 7 (d)(ii) ‧見備註/See Remarks 7 (e)(ii) ‧見備註/See Remarks 7 (f)(ii) ‧見備註/See Remarks 7 (e)(iii),
2017-03-18,2017-03-29,,第1座 (1B) Tower 1 (1B),15,A,,10328700,,‧價單第1A號 (A1)付款辦法 Payment Plan (A1) of Price List No.1A 見備註/See Remarks 7 (c)(i) ‧見備註/See Remarks 7 (c)(v) ‧見備註/See Remarks 7 (c)(vi) ‧見備註/See Remarks 7 (c)(vii) ‧見備註/See Remarks 7 (d)(ii) ‧見備註/See Remarks 7 (e)(ii) ‧見備註/See Remarks 7 (f)(ii) ‧見備註/See Remarks 7 (e)(iii),
2017-03-18,2017-03-29,,第1座 (1B) Tower 1 (1B),12,A,,10924400,"在19-05-2017，基於法例第35(2)(b)條所容許的原因 ，售價調整為$10,266,300。 On 19-05-2017, the price adjusted to $10,266,300 due to the reason allowed under section 35(2)(b) of the Ordinance.",‧價單第1A號 (B1)付款辦法 Payment Plan (B1) of Price List No.1A 見備註/See Remarks 7 (c)(ii) ‧見備註/See Remarks 7 (c)(v) ‧見備註/See Remarks 7 (c)(vi) ‧見備註/See Remarks 7 (c)(vii) ‧見備註/See Remarks 7 (e)(i) ‧見備註/See Remarks 7 (d)(ii) ‧見備註/See Remarks 7 (e)(ii) ‧見備註/See Remarks 7 (f)(ii) ‧見備註/See Remarks 7 (e)(iii) ‧價單第1A號 (A1)付款辦法 Payment Plan (A1) of Price List No.1A 見備註/See Remarks 7 (c)(i) ‧見備註/See Remarks 7 (c)(v) ‧見備註/See Remarks 7 (c)(vi) ‧見備註/See Remarks 7 (c)(vii) ‧見備註/See Remarks 7 (d)(ii) ‧見備註/See Remarks 7 (e)(ii) ‧見備註/See Remarks 7 (f)(ii) ‧見備註/See Remarks 7 (e)(iii) ‧(在19-05-2017修訂) (revised on 19-05-2017),
2017-03-18,2017-03-29,,第1座 (1B) Tower 1 (1B),11,A,,10205500,,‧價單第1A號 (A1)付款辦法 Payment Plan (A1) of Price List No.1A 見備註/See Remarks 7 (c)(i) ‧見備註/See Remarks 7 (c)(v) ‧見備註/See Remarks 7 (c)(vi) ‧見備註/See Remarks 7 (c)(vii) ‧見備註/See Remarks 7 (d)(ii) ‧見備註/See Remarks 7 (e)(ii) ‧見備註/See Remarks 7 (f)(ii) ‧見備註/See Remarks 7 (e)(iii),
2017-03-18,2017-03-29,,第1座 (1B) Tower 1 (1B),10,A,,11444400,,‧價單第1A號 (A1)付款辦法 Payment Plan (A1) of Price List No.1A 見備註/See Remarks 7 (c)(i) ‧見備註/See Remarks 7 (d)(i) ‧見備註/See Remarks 7 (c)(vi) ‧見備註/See Remarks 7 (c)(vii) ‧見備註/See Remarks 7 (d)(ii) ‧見備註/See Remarks 7 (e)(ii) ‧見備註/See Remarks 7 (f)(ii) ‧見備註/See Remarks 7 (e)(iii),
2017-03-18,2017-03-29,,第1座 (1B) Tower 1 (1B),9,A,,10083000,,‧價單第1A號 (A1)付款辦法 Payment Plan (A1) of Price List No.1A 見備註/See Remarks 7 (c)(i) ‧見備註/See Remarks 7 (c)(v) ‧見備註/See Remarks 7 (c)(vi) ‧見備註/See Remarks 7 (c)(vii) ‧見備註/See Remarks 7 (d)(ii) ‧見備註/See Remarks 7 (e)(ii) ‧見備註/See Remarks 7 (f)(ii) ‧見備註/See Remarks 7 (e)(iii),
2017-03-18,2017-03-29,,第1座 (1B) Tower 1 (1B),8,A,,10083000,,‧價單第1A號 (A1)付款辦法 Payment Plan (A1) of Price List No.1A 見備註/See Remarks 7 (c)(i) ‧見備註/See Remarks 7 (c)(v) ‧見備註/See Remarks 7 (c)(vi) ‧見備註/See Remarks 7 (c)(vii) ‧見備註/See Remarks 7 (d)(ii) ‧見備註/See Remarks 7 (e)(ii) ‧見備註/See Remarks 7 (f)(ii) ‧見備註/See Remarks 7 (e)(iii),
2017-03-18,2017-03-29,,第1座 (1B) Tower 1 (1B),7,A,,10599900,,‧價單第1A號 (B1)付款辦法 Payment Plan (B1) of Price List No.1A 見備註/See Remarks 7 (c)(ii) ‧見備註/See Remarks 7 (c)(v) ‧見備註/See Remarks 7 (c)(vi) ‧見備註/See Remarks 7 (c)(vii) ‧見備註/See Remarks 7 (e)(i) ‧見備註/See Remarks 7 (d)(ii) ‧見備註/See Remarks 7 (e)(ii) ‧見備註/See Remarks 7 (f)(ii) ‧見備註/See Remarks 7 (e)(iii),
2017-03-18,2017-03-29,,第1座 (1B) Tower 1 (1B),6,A,,9604900,,‧價單第1A號 (A1)付款辦法 Payment Plan (A1) of Price List No.1A 見備註/See Remarks 7 (c)(i) ‧見備註/See Remarks 7 (c)(v) ‧見備註/See Remarks 7 (c)(vi) ‧見備註/See Remarks 7 (c)(vii) ‧見備註/See Remarks 7 (d)(ii) ‧見備註/See Remarks 7 (e)(ii) ‧見備註/See Remarks 7 (f)(ii) ‧見備註/See Remarks 7 (e)(iii),
2017-03-18,2017-03-29,,第1座 (1B) Tower 1 (1B),40,B,,9031600,,‧價單第1A號 (A1)付款辦法 Payment Plan (A1) of Price List No.1A 見備註/See Remarks 7 (c)(i) ‧見備註/See Remarks 7 (c)(v) ‧見備註/See Remarks 7 (c)(vi) ‧見備註/See Remarks 7 (c)(vii) ‧見備註/See Remarks 7 (d)(ii) ‧見備註/See Remarks 7 (e)(ii) ‧見備註/See Remarks 7 (f)(ii) ‧見備註/See Remarks 7 (e)(iii),
2017-03-18,2017-03-29,,第1座 (1B) 39 B Tower 1 (1B) 第1座 (1B) 39 C Tower 1 (1B),,,,17366100,,‧價單第1A號 (A1)付款辦法 Payment Plan (A1) of Price List No.1A 見備註/See Remarks 7 (c)(i) ‧見備註/See Remarks 7 (c)(v) ‧見備註/See Remarks 7 (d)(iii) ‧見備註/See Remarks 7 (c)(vii) ‧見備註/See Remarks 7 (e)(ii) ‧見備註/See Remarks 7 (f)(ii) ‧見備註/See Remarks 7 (e)(iii) ‧價單第2號 (A1)付款辦法 Payment Plan (A1) of Price List No.2 見備註/See Remarks 7 (c)(i) ‧見備註/See Remarks 7 (c)(v) ‧見備註/See Remarks 7 (d)(iii) ‧見備註/See Remarks 7 (c)(vii) ‧見備註/See Remarks 7 (e)(ii) ‧見備註/See Remarks 7 (f)(ii) ‧見備註/See Remarks 7 (e)(iii),
2017-03-18,2017-03-29,,第1座 (1B) Tower 1 (1B),38,B,,8986300,,‧價單第1A號 (A1)付款辦法 Payment Plan (A1) of Price List No.1A 見備註/See Remarks 7 (c)(i) ‧見備註/See Remarks 7 (c)(v) ‧見備註/See Remarks 7 (c)(vi) ‧見備註/See Remarks 7 (c)(vii) ‧見備註/See Remarks 7 (d)(ii) ‧見備註/See Remarks 7 (e)(ii) ‧見備註/See Remarks 7 (f)(ii) ‧見備註/See Remarks 7 (e)(iii),
2017-03-18,2017-03-29,,第1座 (1B) Tower 1 (1B),37,B,,8897400,,‧價單第1A號 (A1)付款辦法 Payment Plan (A1) of Price List No.1A 見備註/See Remarks 7 (c)(i) ‧見備註/See Remarks 7 (c)(v) ‧見備註/See Remarks 7 (c)(vi) ‧見備註/See Remarks 7 (c)(vii) ‧見備註/See Remarks 7 (d)(ii) ‧見備註/See Remarks 7 (e)(ii) ‧見備註/See Remarks 7 (f)(ii) ‧見備註/See Remarks 7 (e)(iii),
2017-03-18,2017-03-29,,第1座 (1B) Tower 1 (1B),36,B,,8853000,,‧價單第1A號 (A1)付款辦法 Payment Plan (A1) of Price List No.1A 見備註/See Remarks 7 (c)(i) ‧見備註/See Remarks 7 (c)(v) ‧見備註/See Remarks 7 (c)(vi) ‧見備註/See Remarks 7 (c)(vii) ‧見備註/See Remarks 7 (d)(ii) ‧見備註/See Remarks 7 (e)(ii) ‧見備註/See Remarks 7 (f)(ii) ‧見備註/See Remarks 7 (e)(iii),
2017-03-18,2017-03-29,,第1座 (1B) Tower 1 (1B),35,B,,8809300,,‧價單第1A號 (A1)付款辦法 Payment Plan (A1) of Price List No.1A 見備註/See Remarks 7 (c)(i) ‧見備註/See Remarks 7 (c)(v) ‧見備註/See Remarks 7 (c)(vi) ‧見備註/See Remarks 7 (c)(vii) ‧見備註/See Remarks 7 (d)(ii) ‧見備註/See Remarks 7 (e)(ii) ‧見備註/See Remarks 7 (f)(ii) ‧見備註/See Remarks 7 (e)(iii),
2017-03-18,2017-03-29,,第1座 (1B) Tower 1 (1B),33,B,,8764800,,‧價單第1A號 (A1)付款辦法 Payment Plan (A1) of Price List No.1A 見備註/See Remarks 7 (c)(i) ‧見備註/See Remarks 7 (c)(v) ‧見備註/See Remarks 7 (c)(vi) ‧見備註/See Remarks 7 (c)(vii) ‧見備註/See Remarks 7 (d)(ii) ‧見備註/See Remarks 7 (e)(ii) ‧見備註/See Remarks 7 (f)(ii) ‧見備註/See Remarks 7 (e)(iii),
2017-03-18,2017-03-29,,第1座 (1B) Tower 1 (1B),32,B,,8721100,,‧價單第1A號 (A1)付款辦法 Payment Plan (A1) of Price List No.1A 見備註/See Remarks 7 (c)(i) ‧見備註/See Remarks 7 (c)(v) ‧見備註/See Remarks 7 (c)(vi) ‧見備註/See Remarks 7 (c)(vii) ‧見備註/See Remarks 7 (d)(ii) ‧見備註/See Remarks 7 (e)(ii) ‧見備註/See Remarks 7 (f)(ii) ‧見備註/See Remarks 7 (e)(iii),
2017-03-18,2017-03-29,,第1座 (1B) Tower 1 (1B),30,B,,8634600,,‧價單第1A號 (A1)付款辦法 Payment Plan (A1) of Price List No.1A 見備註/See Remarks 7 (c)(i) ‧見備註/See Remarks 7 (c)(v) ‧見備註/See Remarks 7 (c)(vi) ‧見備註/See Remarks 7 (c)(vii) ‧見備註/See Remarks 7 (d)(ii) ‧見備註/See Remarks 7 (e)(ii) ‧見備註/See Remarks 7 (f)(ii) ‧見備註/See Remarks 7 (e)(iii),
2017-03-18,2017-03-29,,第1座 (1B) Tower 1 (1B),29,B,,8591700,,‧價單第1A號 (A1)付款辦法 Payment Plan (A1) of Price List No.1A 見備註/See Remarks 7 (c)(i) ‧見備註/See Remarks 7 (c)(v) ‧見備註/See Remarks 7 (c)(vi) ‧見備註/See Remarks 7 (c)(vii) ‧見備註/See Remarks 7 (d)(ii) ‧見備註/See Remarks 7 (e)(ii) ‧見備註/See Remarks 7 (f)(ii) ‧見備註/See Remarks 7 (e)(iii),
2017-03-18,2017-03-29,,第1座 (1B) Tower 1 (1B),28,B,,9693200,,‧價單第1A號 (A1)付款辦法 Payment Plan (A1) of Price List No.1A 見備註/See Remarks 7 (c)(i) ‧見備註/See Remarks 7 (d)(i) ‧見備註/See Remarks 7 (c)(vi) ‧見備註/See Remarks 7 (c)(vii) ‧見備註/See Remarks 7 (d)(ii) ‧見備註/See Remarks 7 (e)(ii) ‧見備註/See Remarks 7 (f)(ii) ‧見備註/See Remarks 7 (e)(iii),
2017-03-18,2017-03-29,,第1座 (1B) Tower 1 (1B),26,B,,8505900,,‧價單第1A號 (A1)付款辦法 Payment Plan (A1) of Price List No.1A 見備註/See Remarks 7 (c)(i) ‧見備註/See Remarks 7 (c)(v) ‧見備註/See Remarks 7 (c)(vi) ‧見備註/See Remarks 7 (c)(vii) ‧見備註/See Remarks 7 (d)(ii) ‧見備註/See Remarks 7 (e)(ii) ‧見備註/See Remarks 7 (f)(ii) ‧見備註/See Remarks 7 (e)(iii),
2017-03-18,2017-03-29,,第1座 (1B) 25 B Tower 1 (1B) 第1座 (1B) 9 C Tower 1 (1B),,,,14950200,,‧價單第1A號 (A1)付款辦法 Payment Plan (A1) of Price List No.1A 見備註/See Remarks 7 (c)(i) ‧見備註/See Remarks 7 (c)(v) ‧見備註/See Remarks 7 (c)(vi) ‧見備註/See Remarks 7 (c)(vii) ‧見備註/See Remarks 7 (d)(ii) ‧見備註/See Remarks 7 (e)(ii) ‧見備註/See Remarks 7 (f)(ii) ‧見備註/See Remarks 7 (e)(iii) ‧價單第2號 (A1)付款辦法 Payment Plan (A1) of Price List No.2 見備註/See Remarks 7 (c)(i) ‧見備註/See Remarks 7 (c)(v) ‧見備註/See Remarks 7 (c)(vi) ‧見備註/See Remarks 7 (c)(vii) ‧見備註/See Remarks 7 (d)(ii) ‧見備註/See Remarks 7 (e)(ii) ‧見備註/See Remarks 7 (f)(ii) ‧見備註/See Remarks 7 (e)(iii),
2017-03-18,2017-03-29,,第1座 (1B) 23 B Tower 1 (1B) 第1座 (1B) 23 E Tower 1 (1B),,,,14565600,,‧價單第1A號 (A1)付款辦法 Payment Plan (A1) of Price List No.1A 見備註/See Remarks 7 (c)(i) ‧見備註/See Remarks 7 (c)(v) ‧見備註/See Remarks 7 (c)(vi) ‧見備註/See Remarks 7 (c)(vii) ‧見備註/See Remarks 7 (d)(ii) ‧見備註/See Remarks 7 (e)(ii) ‧見備註/See Remarks 7 (f)(ii) ‧見備註/See Remarks 7 (e)(iii) ‧價單第1A號 (A1)付款辦法 Payment Plan (A1) of Price List No.1A 見備註/See Remarks 7 (c)(i) ‧見備註/See Remarks 7 (c)(v) ‧見備註/See Remarks 7 (c)(vi) ‧見備註/See Remarks 7 (c)(vii) ‧見備註/See Remarks 7 (d)(ii) ‧見備註/See Remarks 7 (e)(ii) ‧見備註/See Remarks 7 (f)(ii) ‧見備註/See Remarks 7 (e)(iii),
2017-03-18,2017-03-29,,第1座 (1B) Tower 1 (1B),22,B,,8378700,,‧價單第1A號 (A1)付款辦法 Payment Plan (A1) of Price List No.1A 見備註/See Remarks 7 (c)(i) ‧見備註/See Remarks 7 (c)(v) ‧見備註/See Remarks 7 (c)(vi) ‧見備註/See Remarks 7 (c)(vii) ‧見備註/See Remarks 7 (d)(ii) ‧見備註/See Remarks 7 (e)(ii) ‧見備註/See Remarks 7 (f)(ii) ‧見備註/See Remarks 7 (e)(iii),
2017-03-18,2017-03-29,,第1座 (1B) Tower 1 (1B),21,B,,8336600,,‧價單第1A號 (A1)付款辦法 Payment Plan (A1) of Price List No.1A 見備註/See Remarks 7 (c)(i) ‧見備註/See Remarks 7 (c)(v) ‧見備註/See Remarks 7 (c)(vi) ‧見備註/See Remarks 7 (c)(vii) ‧見備註/See Remarks 7 (d)(ii) ‧見備註/See Remarks 7 (e)(ii) ‧見備註/See Remarks 7 (f)(ii) ‧見備註/See Remarks 7 (e)(iii),
2017-03-18,2017-03-29,,第1座 (1B) Tower 1 (1B),20,B,,8295300,,‧價單第1A號 (A1)付款辦法 Payment Plan (A1) of Price List No.1A 見備註/See Remarks 7 (c)(i) ‧見備註/See Remarks 7 (c)(v) ‧見備註/See Remarks 7 (c)(vi) ‧見備註/See Remarks 7 (c)(vii) ‧見備註/See Remarks 7 (d)(ii) ‧見備註/See Remarks 7 (e)(ii) ‧見備註/See Remarks 7 (f)(ii) ‧見備註/See Remarks 7 (e)(iii),
2017-03-18,2017-03-29,,第1座 (1B) Tower 1 (1B),19,B,,8253900,,‧價單第1A號 (A1)付款辦法 Payment Plan (A1) of Price List No.1A 見備註/See Remarks 7 (c)(i) ‧見備註/See Remarks 7 (c)(v) ‧見備註/See Remarks 7 (c)(vi) ‧見備註/See Remarks 7 (c)(vii) ‧見備註/See Remarks 7 (d)(ii) ‧見備註/See Remarks 7 (e)(ii) ‧見備註/See Remarks 7 (f)(ii) ‧見備註/See Remarks 7 (e)(iii),
2017-03-18,2017-03-29,,第1座 (1B) Tower 1 (1B),18,B,,8253900,,‧價單第1A號 (A1)付款辦法 Payment Plan (A1) of Price List No.1A 見備註/See Remarks 7 (c)(i) ‧見備註/See Remarks 7 (c)(v) ‧見備註/See Remarks 7 (c)(vi) ‧見備註/See Remarks 7 (c)(vii) ‧見備註/See Remarks 7 (d)(ii) ‧見備註/See Remarks 7 (e)(ii) ‧見備註/See Remarks 7 (f)(ii) ‧見備註/See Remarks 7 (e)(iii),
2017-03-18,2017-03-29,,第1座 (1B) Tower 1 (1B),17,B,,8212600,,‧價單第1A號 (A1)付款辦法 Payment Plan (A1) of Price List No.1A 見備註/See Remarks 7 (c)(i) ‧見備註/See Remarks 7 (c)(v) ‧見備註/See Remarks 7 (c)(vi) ‧見備註/See Remarks 7 (c)(vii) ‧見備註/See Remarks 7 (d)(ii) ‧見備註/See Remarks 7 (e)(ii) ‧見備註/See Remarks 7 (f)(ii) ‧見備註/See Remarks 7 (e)(iii),
2017-03-18,2017-03-29,,第1座 (1B) Tower 1 (1B),16,B,,8202400,,‧價單第1A號 (A1)付款辦法 Payment Plan (A1) of Price List No.1A 見備註/See Remarks 7 (c)(i) ‧見備註/See Remarks 7 (c)(v) ‧見備註/See Remarks 7 (c)(vi) ‧見備註/See Remarks 7 (c)(vii) ‧見備註/See Remarks 7 (d)(ii) ‧見備註/See Remarks 7 (e)(ii) ‧見備註/See Remarks 7 (f)(ii) ‧見備註/See Remarks 7 (e)(iii),
2017-03-18,2017-03-29,,第1座 (1B) Tower 1 (1B),12,B,,8180600,,‧價單第1A號 (A1)付款辦法 Payment Plan (A1) of Price List No.1A 見備註/See Remarks 7 (c)(i) ‧見備註/See Remarks 7 (c)(v) ‧見備註/See Remarks 7 (c)(vi) ‧見備註/See Remarks 7 (c)(vii) ‧見備註/See Remarks 7 (d)(ii) ‧見備註/See Remarks 7 (e)(ii) ‧見備註/See Remarks 7 (f)(ii) ‧見備註/See Remarks 7 (e)(iii),
2017-03-18,2017-03-29,,第1座 (1B) Tower 1 (1B),11,B,,8170500,,‧價單第1A號 (A1)付款辦法 Payment Plan (A1) of Price List No.1A 見備註/See Remarks 7 (c)(i) ‧見備註/See Remarks 7 (c)(v) ‧見備註/See Remarks 7 (c)(vi) ‧見備註/See Remarks 7 (c)(vii) ‧見備註/See Remarks 7 (d)(ii) ‧見備註/See Remarks 7 (e)(ii) ‧見備註/See Remarks 7 (f)(ii) ‧見備註/See Remarks 7 (e)(iii),
2017-03-18,2017-03-29,,第1座 (1B) Tower 1 (1B),10,B,,8159500,,‧價單第1A號 (A1)付款辦法 Payment Plan (A1) of Price List No.1A 見備註/See Remarks 7 (c)(i) ‧見備註/See Remarks 7 (c)(v) ‧見備註/See Remarks 7 (c)(vi) ‧見備註/See Remarks 7 (c)(vii) ‧見備註/See Remarks 7 (d)(ii) ‧見備註/See Remarks 7 (e)(ii) ‧見備註/See Remarks 7 (f)(ii) ‧見備註/See Remarks 7 (e)(iii),
2017-03-18,2017-03-29,,第1座 (1B) 51 C Tower 1 (1B),,,,12777100,,‧價單第2號 (A1)付款辦法 Payment Plan (A1) of Price List No.2 見備註/See Remarks 7 (c)(i) ‧見備註/See Remarks 7 (c)(v) ‧見備註/See Remarks 7 (c)(vi) ‧見備註/See Remarks 7 (c)(vii) ‧見備註/See Remarks 7 (d)(ii) ‧見備註/See Remarks 7 (e)(ii) ‧見備註/See Remarks 7 (f)(ii) ‧見備註/See Remarks 7 (e)(iii),
2017-03-18,2017-03-29,,第1座 (1B) Tower 1 (1B),50,C,,7679100,,‧價單第2號 (A1)付款辦法 Payment Plan (A1) of Price List No.2 見備註/See Remarks 7 (c)(i) ‧見備註/See Remarks 7 (c)(v) ‧見備註/See Remarks 7 (c)(vi) ‧見備註/See Remarks 7 (c)(vii) ‧見備註/See Remarks 7 (d)(ii) ‧見備註/See Remarks 7 (e)(ii) ‧見備註/See Remarks 7 (f)(ii) ‧見備註/See Remarks 7 (e)(iii),
2017-03-18,2017-03-29,,第1座 (1B) Tower 1 (1B),49,C,,7587000,,‧價單第2號 (A1)付款辦法 Payment Plan (A1) of Price List No.2 見備註/See Remarks 7 (c)(i) ‧見備註/See Remarks 7 (c)(v) ‧見備註/See Remarks 7 (c)(vi) ‧見備註/See Remarks 7 (c)(vii) ‧見備註/See Remarks 7 (d)(ii) ‧見備註/See Remarks 7 (e)(ii) ‧見備註/See Remarks 7 (f)(ii) ‧見備註/See Remarks 7 (e)(iii),
2017-03-18,2017-03-29,,第1座 (1B) 48 C Tower 1 (1B) 第1座 (1B) 46 C Tower 1 (1B),,,,15017200,,‧價單第2號 (A1)付款辦法 Payment Plan (A1) of Price List No.2 見備註/See Remarks 7 (c)(i) ‧見備註/See Remarks 7 (c)(v) ‧見備註/See Remarks 7 (c)(vi) ‧見備註/See Remarks 7 (c)(vii) ‧見備註/See Remarks 7 (d)(ii) ‧見備註/See Remarks 7 (e)(ii) ‧見備註/See Remarks 7 (f)(ii) ‧見備註/See Remarks 7 (e)(iii) ‧價單第2號 (A1)付款辦法 Payment Plan (A1) of Price List No.2 見備註/See Remarks 7 (c)(i) ‧見備註/See Remarks 7 (c)(v) ‧見備註/See Remarks 7 (c)(vi) ‧見備註/See Remarks 7 (c)(vii) ‧見備註/See Remarks 7 (d)(ii) ‧見備註/See Remarks 7 (e)(ii) ‧見備註/See Remarks 7 (f)(ii) ‧見備註/See Remarks 7 (e)(iii),
2017-03-18,2017-03-29,,第1座 (1B) Tower 1 (1B),47,C,,7482500,,‧價單第2號 (A1)付款辦法 Payment Plan (A1) of Price List No.2 見備註/See Remarks 7 (c)(i) ‧見備註/See Remarks 7 (c)(v) ‧見備註/See Remarks 7 (c)(vi) ‧見備註/See Remarks 7 (c)(vii) ‧見備註/See Remarks 7 (d)(ii) ‧見備註/See Remarks 7 (e)(ii) ‧見備註/See Remarks 7 (f)(ii) ‧見備註/See Remarks 7 (e)(iii),
2017-03-18,2017-03-29,,第1座 (1B) 45 C Tower 1 (1B) 第1座 (1B) 45 G Tower 1 (1B),,,,14464300,,‧價單第2號 (A1)付款辦法 Payment Plan (A1) of Price List No.2 見備註/See Remarks 7 (c)(i) ‧見備註/See Remarks 7 (c)(v) ‧見備註/See Remarks 7 (c)(vi) ‧見備註/See Remarks 7 (c)(vii) ‧見備註/See Remarks 7 (d)(ii) ‧見備註/See Remarks 7 (e)(ii) ‧見備註/See Remarks 7 (f)(ii) ‧見備註/See Remarks 7 (e)(iii) ‧價單第2號 (A1)付款辦法 Payment Plan (A1) of Price List No.2 見備註/See Remarks 7 (c)(i) ‧見備註/See Remarks 7 (c)(v) ‧見備註/See Remarks 7 (c)(vi) ‧見備註/See Remarks 7 (c)(vii) ‧見備註/See Remarks 7 (d)(ii) ‧見備註/See Remarks 7 (e)(ii) ‧見備註/See Remarks 7 (f)(ii) ‧見備註/See Remarks 7 (e)(iii),
2017-03-18,2017-03-29,,第1座 (1B) Tower 1 (1B),43,C,,7327300,,‧價單第2號 (A1)付款辦法 Payment Plan (A1) of Price List No.2 見備註/See Remarks 7 (c)(i) ‧見備註/See Remarks 7 (c)(v) ‧見備註/See Remarks 7 (c)(vi) ‧見備註/See Remarks 7 (c)(vii) ‧見備註/See Remarks 7 (d)(ii) ‧見備註/See Remarks 7 (e)(ii) ‧見備註/See Remarks 7 (f)(ii) ‧見備註/See Remarks 7 (e)(iii),
2017-03-18,2017-03-29,,第1座 (1B) Tower 1 (1B),42,C,,7276600,,‧價單第2號 (A1)付款辦法 Payment Plan (A1) of Price List No.2 見備註/See Remarks 7 (c)(i) ‧見備註/See Remarks 7 (c)(v) ‧見備註/See Remarks 7 (c)(vi) ‧見備註/See Remarks 7 (c)(vii) ‧見備註/See Remarks 7 (d)(ii) ‧見備註/See Remarks 7 (e)(ii) ‧見備註/See Remarks 7 (f)(ii) ‧見備註/See Remarks 7 (e)(iii),
2017-03-18,2017-03-29,,第1座 (1B) Tower 1 (1B),41,C,,7226700,,‧價單第2號 (A1)付款辦法 Payment Plan (A1) of Price List No.2 見備註/See Remarks 7 (c)(i) ‧見備註/See Remarks 7 (c)(v) ‧見備註/See Remarks 7 (c)(vi) ‧見備註/See Remarks 7 (c)(vii) ‧見備註/See Remarks 7 (d)(ii) ‧見備註/See Remarks 7 (e)(ii) ‧見備註/See Remarks 7 (f)(ii) ‧見備註/See Remarks 7 (e)(iii),
2017-03-18,2017-03-29,,第1座 (1B) Tower 1 (1B),40,C,,7176000,,‧價單第2號 (A1)付款辦法 Payment Plan (A1) of Price List No.2 見備註/See Remarks 7 (c)(i) ‧見備註/See Remarks 7 (c)(v) ‧見備註/See Remarks 7 (c)(vi) ‧見備註/See Remarks 7 (c)(vii) ‧見備註/See Remarks 7 (d)(ii) ‧見備註/See Remarks 7 (e)(ii) ‧見備註/See Remarks 7 (f)(ii) ‧見備註/See Remarks 7 (e)(iii),
2017-03-18,2017-03-29,,第1座 (1B) Tower 1 (1B),38,C,,7139300,,‧價單第2號 (A1)付款辦法 Payment Plan (A1) of Price List No.2 見備註/See Remarks 7 (c)(i) ‧見備註/See Remarks 7 (c)(v) ‧見備註/See Remarks 7 (c)(vi) ‧見備註/See Remarks 7 (c)(vii) ‧見備註/See Remarks 7 (d)(ii) ‧見備註/See Remarks 7 (e)(ii) ‧見備註/See Remarks 7 (f)(ii) ‧見備註/See Remarks 7 (e)(iii),
2017-03-18,2017-03-29,,第1座 (1B) Tower 1 (1B),37,C,,7069100,,‧價單第2號 (A1)付款辦法 Payment Plan (A1) of Price List No.2 見備註/See Remarks 7 (c)(i) ‧見備註/See Remarks 7 (c)(v) ‧見備註/See Remarks 7 (c)(vi) ‧見備註/See Remarks 7 (c)(vii) ‧見備註/See Remarks 7 (d)(ii) ‧見備註/See Remarks 7 (e)(ii) ‧見備註/See Remarks 7 (f)(ii) ‧見備註/See Remarks 7 (e)(iii),
2017-03-18,2017-03-29,,第1座 (1B) Tower 1 (1B),35,C,,6998900,,‧價單第2號 (A1)付款辦法 Payment Plan (A1) of Price List No.2 見備註/See Remarks 7 (c)(i) ‧見備註/See Remarks 7 (c)(v) ‧見備註/See Remarks 7 (c)(vi) ‧見備註/See Remarks 7 (c)(vii) ‧見備註/See Remarks 7 (d)(ii) ‧見備註/See Remarks 7 (e)(ii) ‧見備註/See Remarks 7 (f)(ii) ‧見備註/See Remarks 7 (e)(iii),
2017-03-18,2017-03-29,,第1座 (1B) Tower 1 (1B),33,C,,6964600,,‧價單第2號 (A1)付款辦法 Payment Plan (A1) of Price List No.2 見備註/See Remarks 7 (c)(i) ‧見備註/See Remarks 7 (c)(v) ‧見備註/See Remarks 7 (c)(vi) ‧見備註/See Remarks 7 (c)(vii) ‧見備註/See Remarks 7 (d)(ii) ‧見備註/See Remarks 7 (e)(ii) ‧見備註/See Remarks 7 (f)(ii) ‧見備註/See Remarks 7 (e)(iii),
2017-03-18,2017-03-29,,第1座 (1B) Tower 1 (1B),32,C,,6929500,,‧價單第2號 (A1)付款辦法 Payment Plan (A1) of Price List No.2 見備註/See Remarks 7 (c)(i) ‧見備註/See Remarks 7 (c)(v) ‧見備註/See Remarks 7 (c)(vi) ‧見備註/See Remarks 7 (c)(vii) ‧見備註/See Remarks 7 (d)(ii) ‧見備註/See Remarks 7 (e)(ii) ‧見備註/See Remarks 7 (f)(ii) ‧見備註/See Remarks 7 (e)(iii),
2017-03-18,2017-03-29,,第1座 (1B) Tower 1 (1B),30,C,,6860800,,‧價單第2號 (A1)付款辦法 Payment Plan (A1) of Price List No.2 見備註/See Remarks 7 (c)(i) ‧見備註/See Remarks 7 (c)(v) ‧見備註/See Remarks 7 (c)(vi) ‧見備註/See Remarks 7 (c)(vii) ‧見備註/See Remarks 7 (d)(ii) ‧見備註/See Remarks 7 (e)(ii) ‧見備註/See Remarks 7 (f)(ii) ‧見備註/See Remarks 7 (e)(iii),
2017-03-18,2017-03-29,,第1座 (1B) 29 C Tower 1 (1B) 第1座 (1B) 26 C Tower 1 (1B),,,,13584400,,‧價單第2號 (A1)付款辦法 Payment Plan (A1) of Price List No.2 見備註/See Remarks 7 (c)(i) ‧見備註/See Remarks 7 (c)(v) ‧見備註/See Remarks 7 (c)(vi) ‧見備註/See Remarks 7 (c)(vii) ‧見備註/See Remarks 7 (d)(ii) ‧見備註/See Remarks 7 (e)(ii) ‧見備註/See Remarks 7 (f)(ii) ‧見備註/See Remarks 7 (e)(iii) ‧價單第2號 (A1)付款辦法 Payment Plan (A1) of Price List No.2 見備註/See Remarks 7 (c)(i) ‧見備註/See Remarks 7 (c)(v) ‧見備註/See Remarks 7 (c)(vi) ‧見備註/See Remarks 7 (c)(vii) ‧見備註/See Remarks 7 (d)(ii) ‧見備註/See Remarks 7 (e)(ii) ‧見備註/See Remarks 7 (f)(ii) ‧見備註/See Remarks 7 (e)(iii),
2017-03-18,2017-03-29,,第1座 (1B) Tower 1 (1B),25,C,,6725900,,‧價單第2號 (A1)付款辦法 Payment Plan (A1) of Price List No.2 見備註/See Remarks 7 (c)(i) ‧見備註/See Remarks 7 (c)(v) ‧見備註/See Remarks 7 (c)(vi) ‧見備註/See Remarks 7 (c)(vii) ‧見備註/See Remarks 7 (d)(ii) ‧見備註/See Remarks 7 (e)(ii) ‧見備註/See Remarks 7 (f)(ii) ‧見備註/See Remarks 7 (e)(iii),
2017-03-18,2017-03-29,,第1座 (1B) Tower 1 (1B),23,C,,6690800,,‧價單第2號 (A1)付款辦法 Payment Plan (A1) of Price List No.2 見備註/See Remarks 7 (c)(i) ‧見備註/See Remarks 7 (c)(v) ‧見備註/See Remarks 7 (c)(vi) ‧見備註/See Remarks 7 (c)(vii) ‧見備註/See Remarks 7 (d)(ii) ‧見備註/See Remarks 7 (e)(ii) ‧見備註/See Remarks 7 (f)(ii) ‧見備註/See Remarks 7 (e)(iii),
2017-03-18,2017-03-29,,第1座 (1B) 21 C Tower 1 (1B) 第1座 (1B) 15 C Tower 1 (1B),,,,13978700,,‧價單第2號 (B1)付款辦法 Payment Plan (B1) of Price List No.2 見備註/See Remarks 7 (c)(ii) ‧見備註/See Remarks 7 (c)(v) ‧見備註/See Remarks 7 (c)(vi) ‧見備註/See Remarks 7 (c)(vii) ‧見備註/See Remarks 7 (e)(i) ‧見備註/See Remarks 7 (d)(ii) ‧見備註/See Remarks 7 (e)(ii) ‧見備註/See Remarks 7 (f)(ii) ‧見備註/See Remarks 7 (e)(iii) ‧價單第2號 (B1)付款辦法 Payment Plan (B1) of Price List No.2 見備註/See Remarks 7 (c)(ii) ‧見備註/See Remarks 7 (c)(v) ‧見備註/See Remarks 7 (c)(vi) ‧見備註/See Remarks 7 (c)(vii) ‧見備註/See Remarks 7 (e)(i) ‧見備註/See Remarks 7 (d)(ii) ‧見備註/See Remarks 7 (e)(ii) ‧見備註/See Remarks 7 (f)(ii) ‧見備註/See Remarks 7 (e)(iii),
2017-03-18,2017-03-29,,第1座 (1B) 20 C Tower 1 (1B) 第1座 (1B) 23 F Tower 1 (1B),,,,12742000,,‧價單第2號 (A1)付款辦法 Payment Plan (A1) of Price List No.2 見備註/See Remarks 7 (c)(i) ‧見備註/See Remarks 7 (c)(v) ‧見備註/See Remarks 7 (c)(vi) ‧見備註/See Remarks 7 (c)(vii) ‧見備註/See Remarks 7 (d)(ii) ‧見備註/See Remarks 7 (e)(ii) ‧見備註/See Remarks 7 (f)(ii) ‧見備註/See Remarks 7 (e)(iii) ‧價單第1A號 (A1)付款辦法 Payment Plan (A1) of Price List No.1A 見備註/See Remarks 7 (c)(i) ‧見備註/See Remarks 7 (c)(v) ‧見備註/See Remarks 7 (c)(vi) ‧見備註/See Remarks 7 (c)(vii) ‧見備註/See Remarks 7 (d)(ii) ‧見備註/See Remarks 7 (e)(ii) ‧見備註/See Remarks 7 (f)(ii) ‧見備註/See Remarks 7 (e)(iii),
2017-03-18,2017-03-29,,第1座 (1B) Tower 1 (1B),19,C,,6558200,,‧價單第2號 (A1)付款辦法 Payment Plan (A1) of Price List No.2 見備註/See Remarks 7 (c)(i) ‧見備註/See Remarks 7 (c)(v) ‧見備註/See Remarks 7 (c)(vi) ‧見備註/See Remarks 7 (c)(vii) ‧見備註/See Remarks 7 (d)(ii) ‧見備註/See Remarks 7 (e)(ii) ‧見備註/See Remarks 7 (f)(ii) ‧見備註/See Remarks 7 (e)(iii),
2017-03-18,2017-03-29,,第1座 (1B) Tower 1 (1B),18,C,,6474100,,‧價單第2號 (C1)付款辦法 Payment Plan (C1) of Price List No.2 見備註/See Remarks 7 (c)(iii) ‧見備註/See Remarks 7 (c)(v) ‧見備註/See Remarks 7 (c)(vi) ‧見備註/See Remarks 7 (c)(vii) ‧見備註/See Remarks 7 (c)(viii) ‧見備註/See Remarks 7 (d)(ii) ‧見備註/See Remarks 7 (e)(ii) ‧見備註/See Remarks 7 (f)(ii) ‧見備註/See Remarks 7 (e)(iii),
2017-03-18,2017-03-29,,第1座 (1B) Tower 1 (1B),17,C,,6525400,,‧價單第2號 (A1)付款辦法 Payment Plan (A1) of Price List No.2 見備註/See Remarks 7 (c)(i) ‧見備註/See Remarks 7 (c)(v) ‧見備註/See Remarks 7 (c)(vi) ‧見備註/See Remarks 7 (c)(vii) ‧見備註/See Remarks 7 (d)(ii) ‧見備註/See Remarks 7 (e)(ii) ‧見備註/See Remarks 7 (f)(ii) ‧見備註/See Remarks 7 (e)(iii),
2017-03-18,2017-03-29,,第1座 (1B) Tower 1 (1B),16,C,,6518400,,‧價單第2號 (A1)付款辦法 Payment Plan (A1) of Price List No.2 見備註/See Remarks 7 (c)(i) ‧見備註/See Remarks 7 (c)(v) ‧見備註/See Remarks 7 (c)(vi) ‧見備註/See Remarks 7 (c)(vii) ‧見備註/See Remarks 7 (d)(ii) ‧見備註/See Remarks 7 (e)(ii) ‧見備註/See Remarks 7 (f)(ii) ‧見備註/See Remarks 7 (e)(iii),
2017-03-18,2017-03-29,,第1座 (1B) 10 C Tower 1 (1B) 第1座 (1B) 10 D Tower 1 (1B),,,,11485500,,‧價單第2號 (A1)付款辦法 Payment Plan (A1) of Price List No.2 見備註/See Remarks 7 (c)(i) ‧見備註/See Remarks 7 (c)(v) ‧見備註/See Remarks 7 (c)(vi) ‧見備註/See Remarks 7 (c)(vii) ‧見備註/See Remarks 7 (d)(ii) ‧見備註/See Remarks 7 (e)(ii) ‧見備註/See Remarks 7 (f)(ii) ‧見備註/See Remarks 7 (e)(iii) ‧價單第1A號 (A1)付款辦法 Payment Plan (A1) of Price List No.1A 見備註/See Remarks 7 (c)(i) ‧見備註/See Remarks 7 (c)(v) ‧見備註/See Remarks 7 (c)(vi) ‧見備註/See Remarks 7 (c)(vii) ‧見備註/See Remarks 7 (d)(ii) ‧見備註/See Remarks 7 (e)(ii) ‧見備註/See Remarks 7 (f)(ii) ‧見備註/See Remarks 7 (e)(iii),
2017-03-18,2017-03-29,,第1座 (1B) Tower 1 (1B),8,C,,6487200,,‧價單第2號 (A1)付款辦法 Payment Plan (A1) of Price List No.2 見備註/See Remarks 7 (c)(i) ‧見備註/See Remarks 7 (c)(v) ‧見備註/See Remarks 7 (c)(vi) ‧見備註/See Remarks 7 (c)(vii) ‧見備註/See Remarks 7 (d)(ii) ‧見備註/See Remarks 7 (e)(ii) ‧見備註/See Remarks 7 (f)(ii) ‧見備註/See Remarks 7 (e)(iii),
2017-03-18,2017-03-29,,第1座 (1B) Tower 1 (1B),7,C,,6480200,,‧價單第2號 (A1)付款辦法 Payment Plan (A1) of Price List No.2 見備註/See Remarks 7 (c)(i) ‧見備註/See Remarks 7 (c)(v) ‧見備註/See Remarks 7 (c)(vi) ‧見備註/See Remarks 7 (c)(vii) ‧見備註/See Remarks 7 (d)(ii) ‧見備註/See Remarks 7 (e)(ii) ‧見備註/See Remarks 7 (f)(ii) ‧見備註/See Remarks 7 (e)(iii),
2017-03-18,2017-03-29,,第1座 (1B) Tower 1 (1B),6,C,,6474000,,‧價單第2號 (A1)付款辦法 Payment Plan (A1) of Price List No.2 見備註/See Remarks 7 (c)(i) ‧見備註/See Remarks 7 (c)(v) ‧見備註/See Remarks 7 (c)(vi) ‧見備註/See Remarks 7 (c)(vii) ‧見備註/See Remarks 7 (d)(ii) ‧見備註/See Remarks 7 (e)(ii) ‧見備註/See Remarks 7 (f)(ii) ‧見備註/See Remarks 7 (e)(iii),
2017-03-18,2017-03-29,,第1座 (1B) Tower 1 (1B),51,D,,6200200,,‧價單第2號 (A1)付款辦法 Payment Plan (A1) of Price List No.2 見備註/See Remarks 7 (c)(i) ‧見備註/See Remarks 7 (c)(v) ‧見備註/See Remarks 7 (c)(vi) ‧見備註/See Remarks 7 (c)(vii) ‧見備註/See Remarks 7 (d)(ii) ‧見備註/See Remarks 7 (e)(ii) ‧見備註/See Remarks 7 (f)(ii) ‧見備註/See Remarks 7 (e)(iii),
2017-03-18,2017-03-29,,第1座 (1B) Tower 1 (1B),50,D,,6126900,,‧價單第2號 (A1)付款辦法 Payment Plan (A1) of Price List No.2 見備註/See Remarks 7 (c)(i) ‧見備註/See Remarks 7 (c)(v) ‧見備註/See Remarks 7 (c)(vi) ‧見備註/See Remarks 7 (c)(vii) ‧見備註/See Remarks 7 (d)(ii) ‧見備註/See Remarks 7 (e)(ii) ‧見備註/See Remarks 7 (f)(ii) ‧見備註/See Remarks 7 (e)(iii),
2017-03-18,2017-03-29,,第1座 (1B) Tower 1 (1B),49,D,,6053500,,‧價單第2號 (A1)付款辦法 Payment Plan (A1) of Price List No.2 見備註/See Remarks 7 (c)(i) ‧見備註/See Remarks 7 (c)(v) ‧見備註/See Remarks 7 (c)(vi) ‧見備註/See Remarks 7 (c)(vii) ‧見備註/See Remarks 7 (d)(ii) ‧見備註/See Remarks 7 (e)(ii) ‧見備註/See Remarks 7 (f)(ii) ‧見備註/See Remarks 7 (e)(iii),
2017-03-18,2017-03-29,,第1座 (1B) Tower 1 (1B),48,D,,6053500,,‧價單第2號 (A1)付款辦法 Payment Plan (A1) of Price List No.2 見備註/See Remarks 7 (c)(i) ‧見備註/See Remarks 7 (c)(v) ‧見備註/See Remarks 7 (c)(vi) ‧見備註/See Remarks 7 (c)(vii) ‧見備註/See Remarks 7 (d)(ii) ‧見備註/See Remarks 7 (e)(ii) ‧見備註/See Remarks 7 (f)(ii) ‧見備註/See Remarks 7 (e)(iii),
2017-03-18,2017-03-29,,第1座 (1B) Tower 1 (1B),47,D,,5970900,,‧價單第2號 (A1)付款辦法 Payment Plan (A1) of Price List No.2 見備註/See Remarks 7 (c)(i) ‧見備註/See Remarks 7 (c)(v) ‧見備註/See Remarks 7 (c)(vi) ‧見備註/See Remarks 7 (c)(vii) ‧見備註/See Remarks 7 (d)(ii) ‧見備註/See Remarks 7 (e)(ii) ‧見備註/See Remarks 7 (f)(ii) ‧見備註/See Remarks 7 (e)(iii),
2017-03-18,2017-03-29,,第1座 (1B) Tower 1 (1B),46,D,,5928700,,‧價單第2號 (A1)付款辦法 Payment Plan (A1) of Price List No.2 見備註/See Remarks 7 (c)(i) ‧見備註/See Remarks 7 (c)(v) ‧見備註/See Remarks 7 (c)(vi) ‧見備註/See Remarks 7 (c)(vii) ‧見備註/See Remarks 7 (d)(ii) ‧見備註/See Remarks 7 (e)(ii) ‧見備註/See Remarks 7 (f)(ii) ‧見備註/See Remarks 7 (e)(iii),
2017-03-18,2017-03-29,,第1座 (1B) Tower 1 (1B),45,D,,5888200,,‧價單第2號 (A1)付款辦法 Payment Plan (A1) of Price List No.2 見備註/See Remarks 7 (c)(i) ‧見備註/See Remarks 7 (c)(v) ‧見備註/See Remarks 7 (c)(vi) ‧見備註/See Remarks 7 (c)(vii) ‧見備註/See Remarks 7 (d)(ii) ‧見備註/See Remarks 7 (e)(ii) ‧見備註/See Remarks 7 (f)(ii) ‧見備註/See Remarks 7 (e)(iii),
2017-03-18,2017-03-29,,第1座 (1B) Tower 1 (1B),43,D,,5847600,,‧價單第2號 (A1)付款辦法 Payment Plan (A1) of Price List No.2 見備註/See Remarks 7 (c)(i) ‧見備註/See Remarks 7 (c)(v) ‧見備註/See Remarks 7 (c)(vi) ‧見備註/See Remarks 7 (c)(vii) ‧見備註/See Remarks 7 (d)(ii) ‧見備註/See Remarks 7 (e)(ii) ‧見備註/See Remarks 7 (f)(ii) ‧見備註/See Remarks 7 (e)(iii),
2017-03-18,2017-03-29,,第1座 (1B) Tower 1 (1B),42,D,,6425700,,‧價單第2號 (A1)付款辦法 Payment Plan (A1) of Price List No.2 見備註/See Remarks 7 (c)(i) ‧見備註/See Remarks 7 (d)(i) ‧見備註/See Remarks 7 (c)(vi) ‧見備註/See Remarks 7 (c)(vii) ‧見備註/See Remarks 7 (d)(ii) ‧見備註/See Remarks 7 (e)(ii) ‧見備註/See Remarks 7 (f)(ii) ‧見備註/See Remarks 7 (e)(iii),
2017-03-18,2017-03-29,,第1座 (1B) Tower 1 (1B),41,D,,5545000,,‧價單第1A號 (A1)付款辦法 Payment Plan (A1) of Price List No.1A 見備註/See Remarks 7 (c)(i) ‧見備註/See Remarks 7 (c)(v) ‧見備註/See Remarks 7 (c)(vi) ‧見備註/See Remarks 7 (c)(vii) ‧見備註/See Remarks 7 (d)(ii) ‧見備註/See Remarks 7 (e)(ii) ‧見備註/See Remarks 7 (f)(ii) ‧見備註/See Remarks 7 (e)(iii),
2017-03-18,2017-03-29,,第1座 (1B) Tower 1 (1B),40,D,,5870500,,‧價單第1A號 (B1)付款辦法 Payment Plan (B1) of Price List No.1A 見備註/See Remarks 7 (c)(ii) ‧見備註/See Remarks 7 (c)(v) ‧見備註/See Remarks 7 (c)(vi) ‧見備註/See Remarks 7 (c)(vii) ‧見備註/See Remarks 7 (e)(i) ‧見備註/See Remarks 7 (d)(ii) ‧見備註/See Remarks 7 (e)(ii) ‧見備註/See Remarks 7 (f)(ii) ‧見備註/See Remarks 7 (e)(iii),
2017-03-18,2017-03-29,,第1座 (1B) Tower 1 (1B),39,D,,5489600,,‧價單第1A號 (A1)付款辦法 Payment Plan (A1) of Price List No.1A 見備註/See Remarks 7 (c)(i) ‧見備註/See Remarks 7 (c)(v) ‧見備註/See Remarks 7 (c)(vi) ‧見備註/See Remarks 7 (c)(vii) ‧見備註/See Remarks 7 (d)(ii) ‧見備註/See Remarks 7 (e)(ii) ‧見備註/See Remarks 7 (f)(ii) ‧見備註/See Remarks 7 (e)(iii),
2017-03-18,2017-03-29,,第1座 (1B) Tower 1 (1B),38,D,,5489600,,‧價單第1A號 (A1)付款辦法 Payment Plan (A1) of Price List No.1A 見備註/See Remarks 7 (c)(i) ‧見備註/See Remarks 7 (c)(v) ‧見備註/See Remarks 7 (c)(vi) ‧見備註/See Remarks 7 (c)(vii) ‧見備註/See Remarks 7 (d)(ii) ‧見備註/See Remarks 7 (e)(ii) ‧見備註/See Remarks 7 (f)(ii) ‧見備註/See Remarks 7 (e)(iii),
2017-03-18,2017-03-29,,第1座 (1B) Tower 1 (1B),37,D,,5434200,,‧價單第1A號 (A1)付款辦法 Payment Plan (A1) of Price List No.1A 見備註/See Remarks 7 (c)(i) ‧見備註/See Remarks 7 (c)(v) ‧見備註/See Remarks 7 (c)(vi) ‧見備註/See Remarks 7 (c)(vii) ‧見備註/See Remarks 7 (d)(ii) ‧見備註/See Remarks 7 (e)(ii) ‧見備註/See Remarks 7 (f)(ii) ‧見備註/See Remarks 7 (e)(iii),
2017-03-18,2017-03-29,,第1座 (1B) Tower 1 (1B),36,D,,5407700,,‧價單第1A號 (A1)付款辦法 Payment Plan (A1) of Price List No.1A 見備註/See Remarks 7 (c)(i) ‧見備註/See Remarks 7 (c)(v) ‧見備註/See Remarks 7 (c)(vi) ‧見備註/See Remarks 7 (c)(vii) ‧見備註/See Remarks 7 (d)(ii) ‧見備註/See Remarks 7 (e)(ii) ‧見備註/See Remarks 7 (f)(ii) ‧見備註/See Remarks 7 (e)(iii),
2017-03-18,2017-03-29,,第1座 (1B) Tower 1 (1B),35,D,,5380400,,‧價單第1A號 (A1)付款辦法 Payment Plan (A1) of Price List No.1A 見備註/See Remarks 7 (c)(i) ‧見備註/See Remarks 7 (c)(v) ‧見備註/See Remarks 7 (c)(vi) ‧見備註/See Remarks 7 (c)(vii) ‧見備註/See Remarks 7 (d)(ii) ‧見備註/See Remarks 7 (e)(ii) ‧見備註/See Remarks 7 (f)(ii) ‧見備註/See Remarks 7 (e)(iii),
2017-03-18,2017-03-29,,第1座 (1B) Tower 1 (1B),33,D,,5353900,,‧價單第1A號 (A1)付款辦法 Payment Plan (A1) of Price List No.1A 見備註/See Remarks 7 (c)(i) ‧見備註/See Remarks 7 (c)(v) ‧見備註/See Remarks 7 (c)(vi) ‧見備註/See Remarks 7 (c)(vii) ‧見備註/See Remarks 7 (d)(ii) ‧見備註/See Remarks 7 (e)(ii) ‧見備註/See Remarks 7 (f)(ii) ‧見備註/See Remarks 7 (e)(iii),
2017-03-18,2017-03-29,,第1座 (1B) Tower 1 (1B),32,D,,5327400,,‧價單第1A號 (A1)付款辦法 Payment Plan (A1) of Price List No.1A 見備註/See Remarks 7 (c)(i) ‧見備註/See Remarks 7 (c)(v) ‧見備註/See Remarks 7 (c)(vi) ‧見備註/See Remarks 7 (c)(vii) ‧見備註/See Remarks 7 (d)(ii) ‧見備註/See Remarks 7 (e)(ii) ‧見備註/See Remarks 7 (f)(ii) ‧見備註/See Remarks 7 (e)(iii),
2017-03-18,2017-03-29,,第1座 (1B) Tower 1 (1B),31,D,,5980400,,‧價單第1A號 (A1)付款辦法 Payment Plan (A1) of Price List No.1A 見備註/See Remarks 7 (c)(i) ‧見備註/See Remarks 7 (d)(i) ‧見備註/See Remarks 7 (c)(vi) ‧見備註/See Remarks 7 (c)(vii) ‧見備註/See Remarks 7 (d)(ii) ‧見備註/See Remarks 7 (e)(ii) ‧見備註/See Remarks 7 (f)(ii) ‧見備註/See Remarks 7 (e)(iii),
2017-03-18,2017-03-29,,第1座 (1B) Tower 1 (1B),30,D,,5274300,,‧價單第1A號 (A1)付款辦法 Payment Plan (A1) of Price List No.1A 見備註/See Remarks 7 (c)(i) ‧見備註/See Remarks 7 (c)(v) ‧見備註/See Remarks 7 (c)(vi) ‧見備註/See Remarks 7 (c)(vii) ‧見備註/See Remarks 7 (d)(ii) ‧見備註/See Remarks 7 (e)(ii) ‧見備註/See Remarks 7 (f)(ii) ‧見備註/See Remarks 7 (e)(iii),
2017-03-18,2017-03-29,,第1座 (1B) Tower 1 (1B),29,D,,5247800,,‧價單第1A號 (A1)付款辦法 Payment Plan (A1) of Price List No.1A 見備註/See Remarks 7 (c)(i) ‧見備註/See Remarks 7 (c)(v) ‧見備註/See Remarks 7 (c)(vi) ‧見備註/See Remarks 7 (c)(vii) ‧見備註/See Remarks 7 (d)(ii) ‧見備註/See Remarks 7 (e)(ii) ‧見備註/See Remarks 7 (f)(ii) ‧見備註/See Remarks 7 (e)(iii),
2017-03-18,2017-03-29,,第1座 (1B) Tower 1 (1B),28,D,,5247800,,‧價單第1A號 (A1)付款辦法 Payment Plan (A1) of Price List No.1A 見備註/See Remarks 7 (c)(i) ‧見備註/See Remarks 7 (c)(v) ‧見備註/See Remarks 7 (c)(vi) ‧見備註/See Remarks 7 (c)(vii) ‧見備註/See Remarks 7 (d)(ii) ‧見備註/See Remarks 7 (e)(ii) ‧見備註/See Remarks 7 (f)(ii) ‧見備註/See Remarks 7 (e)(iii),
2017-03-18,2017-03-29,,第1座 (1B) Tower 1 (1B),26,D,,5195500,,‧價單第1A號 (A1)付款辦法 Payment Plan (A1) of Price List No.1A 見備註/See Remarks 7 (c)(i) ‧見備註/See Remarks 7 (c)(v) ‧見備註/See Remarks 7 (c)(vi) ‧見備註/See Remarks 7 (c)(vii) ‧見備註/See Remarks 7 (d)(ii) ‧見備註/See Remarks 7 (e)(ii) ‧見備註/See Remarks 7 (f)(ii) ‧見備註/See Remarks 7 (e)(iii),
2017-03-18,2017-03-29,,第1座 (1B) Tower 1 (1B),23,D,,5144100,,‧價單第1A號 (A1)付款辦法 Payment Plan (A1) of Price List No.1A 見備註/See Remarks 7 (c)(i) ‧見備註/See Remarks 7 (c)(v) ‧見備註/See Remarks 7 (c)(vi) ‧見備註/See Remarks 7 (c)(vii) ‧見備註/See Remarks 7 (d)(ii) ‧見備註/See Remarks 7 (e)(ii) ‧見備註/See Remarks 7 (f)(ii) ‧見備註/See Remarks 7 (e)(iii),
2017-03-18,2017-03-29,,第1座 (1B) Tower 1 (1B),22,D,,5118300,,‧價單第1A號 (A1)付款辦法 Payment Plan (A1) of Price List No.1A 見備註/See Remarks 7 (c)(i) ‧見備註/See Remarks 7 (c)(v) ‧見備註/See Remarks 7 (c)(vi) ‧見備註/See Remarks 7 (c)(vii) ‧見備註/See Remarks 7 (d)(ii) ‧見備註/See Remarks 7 (e)(ii) ‧見備註/See Remarks 7 (f)(ii) ‧見備註/See Remarks 7 (e)(iii),
2017-03-18,2017-03-29,,第1座 (1B) Tower 1 (1B),21,D,,5092600,,‧價單第1A號 (A1)付款辦法 Payment Plan (A1) of Price List No.1A 見備註/See Remarks 7 (c)(i) ‧見備註/See Remarks 7 (c)(v) ‧見備註/See Remarks 7 (c)(vi) ‧見備註/See Remarks 7 (c)(vii) ‧見備註/See Remarks 7 (d)(ii) ‧見備註/See Remarks 7 (e)(ii) ‧見備註/See Remarks 7 (f)(ii) ‧見備註/See Remarks 7 (e)(iii),
2017-03-18,2017-03-29,,第1座 (1B) Tower 1 (1B),20,D,,5392500,,‧價單第1A號 (B1)付款辦法 Payment Plan (B1) of Price List No.1A 見備註/See Remarks 7 (c)(ii) ‧見備註/See Remarks 7 (c)(v) ‧見備註/See Remarks 7 (c)(vi) ‧見備註/See Remarks 7 (c)(vii) ‧見備註/See Remarks 7 (e)(i) ‧見備註/See Remarks 7 (d)(ii) ‧見備註/See Remarks 7 (e)(ii) ‧見備註/See Remarks 7 (f)(ii) ‧見備註/See Remarks 7 (e)(iii),
2017-03-18,2017-03-29,,第1座 (1B) Tower 1 (1B),18,D,,5041900,,‧價單第1A號 (A1)付款辦法 Payment Plan (A1) of Price List No.1A 見備註/See Remarks 7 (c)(i) ‧見備註/See Remarks 7 (c)(v) ‧見備註/See Remarks 7 (c)(vi) ‧見備註/See Remarks 7 (c)(vii) ‧見備註/See Remarks 7 (d)(ii) ‧見備註/See Remarks 7 (e)(ii) ‧見備註/See Remarks 7 (f)(ii) ‧見備註/See Remarks 7 (e)(iii),
2017-03-18,2017-03-29,,第1座 (1B) Tower 1 (1B),17,D,,5016100,,‧價單第1A號 (A1)付款辦法 Payment Plan (A1) of Price List No.1A 見備註/See Remarks 7 (c)(i) ‧見備註/See Remarks 7 (c)(v) ‧見備註/See Remarks 7 (c)(vi) ‧見備註/See Remarks 7 (c)(vii) ‧見備註/See Remarks 7 (d)(ii) ‧見備註/See Remarks 7 (e)(ii) ‧見備註/See Remarks 7 (f)(ii) ‧見備註/See Remarks 7 (e)(iii),
2017-03-18,2017-03-29,,第1座 (1B) Tower 1 (1B),16,D,,5011500,,‧價單第1A號 (A1)付款辦法 Payment Plan (A1) of Price List No.1A 見備註/See Remarks 7 (c)(i) ‧見備註/See Remarks 7 (c)(v) ‧見備註/See Remarks 7 (c)(vi) ‧見備註/See Remarks 7 (c)(vii) ‧見備註/See Remarks 7 (d)(ii) ‧見備註/See Remarks 7 (e)(ii) ‧見備註/See Remarks 7 (f)(ii) ‧見備註/See Remarks 7 (e)(iii),
2017-03-18,2017-03-29,,第1座 (1B) Tower 1 (1B),12,D,,5002100,,‧價單第1A號 (A1)付款辦法 Payment Plan (A1) of Price List No.1A 見備註/See Remarks 7 (c)(i) ‧見備註/See Remarks 7 (c)(v) ‧見備註/See Remarks 7 (c)(vi) ‧見備註/See Remarks 7 (c)(vii) ‧見備註/See Remarks 7 (d)(ii) ‧見備註/See Remarks 7 (e)(ii) ‧見備註/See Remarks 7 (f)(ii) ‧見備註/See Remarks 7 (e)(iii),
2017-03-18,2017-03-29,,第1座 (1B) Tower 1 (1B),11,D,,4996600,,‧價單第1A號 (A1)付款辦法 Payment Plan (A1) of Price List No.1A 見備註/See Remarks 7 (c)(i) ‧見備註/See Remarks 7 (c)(v) ‧見備註/See Remarks 7 (c)(vi) ‧見備註/See Remarks 7 (c)(vii) ‧見備註/See Remarks 7 (d)(ii) ‧見備註/See Remarks 7 (e)(ii) ‧見備註/See Remarks 7 (f)(ii) ‧見備註/See Remarks 7 (e)(iii),
2017-03-18,2017-03-29,,第1座 (1B) Tower 1 (1B),51,E,,7406100,,‧價單第2號 (A1)付款辦法 Payment Plan (A1) of Price List No.2 見備註/See Remarks 7 (c)(i) ‧見備註/See Remarks 7 (c)(v) ‧見備註/See Remarks 7 (c)(vi) ‧見備註/See Remarks 7 (c)(vii) ‧見備註/See Remarks 7 (d)(ii) ‧見備註/See Remarks 7 (e)(ii) ‧見備註/See Remarks 7 (f)(ii) ‧見備註/See Remarks 7 (e)(iii),
2017-03-18,2017-03-29,,第1座 (1B) Tower 1 (1B),49,E,,7232100,,‧價單第2號 (A1)付款辦法 Payment Plan (A1) of Price List No.2 見備註/See Remarks 7 (c)(i) ‧見備註/See Remarks 7 (c)(v) ‧見備註/See Remarks 7 (c)(vi) ‧見備註/See Remarks 7 (c)(vii) ‧見備註/See Remarks 7 (d)(ii) ‧見備註/See Remarks 7 (e)(ii) ‧見備註/See Remarks 7 (f)(ii) ‧見備註/See Remarks 7 (e)(iii),
2017-03-18,2017-03-29,,第1座 (1B) Tower 1 (1B),48,E,,7232100,,‧價單第2號 (A1)付款辦法 Payment Plan (A1) of Price List No.2 見備註/See Remarks 7 (c)(i) ‧見備註/See Remarks 7 (c)(v) ‧見備註/See Remarks 7 (c)(vi) ‧見備註/See Remarks 7 (c)(vii) ‧見備註/See Remarks 7 (d)(ii) ‧見備註/See Remarks 7 (e)(ii) ‧見備註/See Remarks 7 (f)(ii) ‧見備註/See Remarks 7 (e)(iii),
2017-03-18,2017-03-29,,第1座 (1B) Tower 1 (1B),46,E,,7082400,,‧價單第2號 (A1)付款辦法 Payment Plan (A1) of Price List No.2 見備註/See Remarks 7 (c)(i) ‧見備註/See Remarks 7 (c)(v) ‧見備註/See Remarks 7 (c)(vi) ‧見備註/See Remarks 7 (c)(vii) ‧見備註/See Remarks 7 (d)(ii) ‧見備註/See Remarks 7 (e)(ii) ‧見備註/See Remarks 7 (f)(ii) ‧見備註/See Remarks 7 (e)(iii),
2017-03-18,2017-03-29,,第1座 (1B) Tower 1 (1B),43,E,,6917000,,‧價單第2號 (A1)付款辦法 Payment Plan (A1) of Price List No.2 見備註/See Remarks 7 (c)(i) ‧見備註/See Remarks 7 (c)(v) ‧見備註/See Remarks 7 (c)(vi) ‧見備註/See Remarks 7 (c)(vii) ‧見備註/See Remarks 7 (d)(ii) ‧見備註/See Remarks 7 (e)(ii) ‧見備註/See Remarks 7 (f)(ii) ‧見備註/See Remarks 7 (e)(iii),
2017-03-18,2017-03-29,,第1座 (1B) Tower 1 (1B),42,E,,7674400,,‧價單第2號 (A1)付款辦法 Payment Plan (A1) of Price List No.2 見備註/See Remarks 7 (c)(i) ‧見備註/See Remarks 7 (d)(i) ‧見備註/See Remarks 7 (c)(vi) ‧見備註/See Remarks 7 (c)(vii) ‧見備註/See Remarks 7 (d)(ii) ‧見備註/See Remarks 7 (e)(ii) ‧見備註/See Remarks 7 (f)(ii) ‧見備註/See Remarks 7 (e)(iii),
2017-03-18,2017-03-29,,第1座 (1B) Tower 1 (1B),41,E,,6622900,,‧價單第1A號 (A1)付款辦法 Payment Plan (A1) of Price List No.1A 見備註/See Remarks 7 (c)(i) ‧見備註/See Remarks 7 (c)(v) ‧見備註/See Remarks 7 (c)(vi) ‧見備註/See Remarks 7 (c)(vii) ‧見備註/See Remarks 7 (d)(ii) ‧見備註/See Remarks 7 (e)(ii) ‧見備註/See Remarks 7 (f)(ii) ‧見備註/See Remarks 7 (e)(iii),
2017-03-18,2017-03-29,,第1座 (1B) Tower 1 (1B),39,E,,6556600,,‧價單第1A號 (A1)付款辦法 Payment Plan (A1) of Price List No.1A 見備註/See Remarks 7 (c)(i) ‧見備註/See Remarks 7 (c)(v) ‧見備註/See Remarks 7 (c)(vi) ‧見備註/See Remarks 7 (c)(vii) ‧見備註/See Remarks 7 (d)(ii) ‧見備註/See Remarks 7 (e)(ii) ‧見備註/See Remarks 7 (f)(ii) ‧見備註/See Remarks 7 (e)(iii),
2017-03-18,2017-03-29,,第1座 (1B) Tower 1 (1B),38,E,,6556600,,‧價單第1A號 (A1)付款辦法 Payment Plan (A1) of Price List No.1A 見備註/See Remarks 7 (c)(i) ‧見備註/See Remarks 7 (c)(v) ‧見備註/See Remarks 7 (c)(vi) ‧見備註/See Remarks 7 (c)(vii) ‧見備註/See Remarks 7 (d)(ii) ‧見備註/See Remarks 7 (e)(ii) ‧見備註/See Remarks 7 (f)(ii) ‧見備註/See Remarks 7 (e)(iii),
2017-03-18,2017-03-29,,第1座 (1B) Tower 1 (1B),37,E,,6491900,,‧價單第1A號 (A1)付款辦法 Payment Plan (A1) of Price List No.1A 見備註/See Remarks 7 (c)(i) ‧見備註/See Remarks 7 (c)(v) ‧見備註/See Remarks 7 (c)(vi) ‧見備註/See Remarks 7 (c)(vii) ‧見備註/See Remarks 7 (d)(ii) ‧見備註/See Remarks 7 (e)(ii) ‧見備註/See Remarks 7 (f)(ii) ‧見備註/See Remarks 7 (e)(iii),
2017-03-18,2017-03-29,,第1座 (1B) Tower 1 (1B),36,E,,6459100,,‧價單第1A號 (A1)付款辦法 Payment Plan (A1) of Price List No.1A 見備註/See Remarks 7 (c)(i) ‧見備註/See Remarks 7 (c)(v) ‧見備註/See Remarks 7 (c)(vi) ‧見備註/See Remarks 7 (c)(vii) ‧見備註/See Remarks 7 (d)(ii) ‧見備註/See Remarks 7 (e)(ii) ‧見備註/See Remarks 7 (f)(ii) ‧見備註/See Remarks 7 (e)(iii),
2017-03-18,2017-03-29,,第1座 (1B) Tower 1 (1B),35,E,,6427900,,‧價單第1A號 (A1)付款辦法 Payment Plan (A1) of Price List No.1A 見備註/See Remarks 7 (c)(i) ‧見備註/See Remarks 7 (c)(v) ‧見備註/See Remarks 7 (c)(vi) ‧見備註/See Remarks 7 (c)(vii) ‧見備註/See Remarks 7 (d)(ii) ‧見備註/See Remarks 7 (e)(ii) ‧見備註/See Remarks 7 (f)(ii) ‧見備註/See Remarks 7 (e)(iii),
2017-03-18,2017-03-29,,第1座 (1B) Tower 1 (1B),32,E,,6363200,,‧價單第1A號 (A1)付款辦法 Payment Plan (A1) of Price List No.1A 見備註/See Remarks 7 (c)(i) ‧見備註/See Remarks 7 (c)(v) ‧見備註/See Remarks 7 (c)(vi) ‧見備註/See Remarks 7 (c)(vii) ‧見備註/See Remarks 7 (d)(ii) ‧見備註/See Remarks 7 (e)(ii) ‧見備註/See Remarks 7 (f)(ii) ‧見備註/See Remarks 7 (e)(iii),
2017-03-18,2017-03-29,,第1座 (1B) Tower 1 (1B),31,E,,6332000,,‧價單第1A號 (A1)付款辦法 Payment Plan (A1) of Price List No.1A 見備註/See Remarks 7 (c)(i) ‧見備註/See Remarks 7 (c)(v) ‧見備註/See Remarks 7 (c)(vi) ‧見備註/See Remarks 7 (c)(vii) ‧見備註/See Remarks 7 (d)(ii) ‧見備註/See Remarks 7 (e)(ii) ‧見備註/See Remarks 7 (f)(ii) ‧見備註/See Remarks 7 (e)(iii),
2017-03-18,2017-03-29,,第1座 (1B) Tower 1 (1B),30,E,,6300000,,‧價單第1A號 (A1)付款辦法 Payment Plan (A1) of Price List No.1A 見備註/See Remarks 7 (c)(i) ‧見備註/See Remarks 7 (c)(v) ‧見備註/See Remarks 7 (c)(vi) ‧見備註/See Remarks 7 (c)(vii) ‧見備註/See Remarks 7 (d)(ii) ‧見備註/See Remarks 7 (e)(ii) ‧見備註/See Remarks 7 (f)(ii) ‧見備註/See Remarks 7 (e)(iii),
2017-03-18,2017-03-29,,第1座 (1B) Tower 1 (1B),29,E,,6268800,,‧價單第1A號 (A1)付款辦法 Payment Plan (A1) of Price List No.1A 見備註/See Remarks 7 (c)(i) ‧見備註/See Remarks 7 (c)(v) ‧見備註/See Remarks 7 (c)(vi) ‧見備註/See Remarks 7 (c)(vii) ‧見備註/See Remarks 7 (d)(ii) ‧見備註/See Remarks 7 (e)(ii) ‧見備註/See Remarks 7 (f)(ii) ‧見備註/See Remarks 7 (e)(iii),
2017-03-18,2017-03-29,,第1座 (1B) Tower 1 (1B),28,E,,6268800,,‧價單第1A號 (A1)付款辦法 Payment Plan (A1) of Price List No.1A 見備註/See Remarks 7 (c)(i) ‧見備註/See Remarks 7 (c)(v) ‧見備註/See Remarks 7 (c)(vi) ‧見備註/See Remarks 7 (c)(vii) ‧見備註/See Remarks 7 (d)(ii) ‧見備註/See Remarks 7 (e)(ii) ‧見備註/See Remarks 7 (f)(ii) ‧見備註/See Remarks 7 (e)(iii),
2017-03-18,2017-03-29,,第1座 (1B) Tower 1 (1B),26,E,,6206400,,‧價單第1A號 (A1)付款辦法 Payment Plan (A1) of Price List No.1A 見備註/See Remarks 7 (c)(i) ‧見備註/See Remarks 7 (c)(v) ‧見備註/See Remarks 7 (c)(vi) ‧見備註/See Remarks 7 (c)(vii) ‧見備註/See Remarks 7 (d)(ii) ‧見備註/See Remarks 7 (e)(ii) ‧見備註/See Remarks 7 (f)(ii) ‧見備註/See Remarks 7 (e)(iii),
2017-03-18,2017-03-29,,第1座 (1B) Tower 1 (1B),22,E,,6113600,,‧價單第1A號 (A1)付款辦法 Payment Plan (A1) of Price List No.1A 見備註/See Remarks 7 (c)(i) ‧見備註/See Remarks 7 (c)(v) ‧見備註/See Remarks 7 (c)(vi) ‧見備註/See Remarks 7 (c)(vii) ‧見備註/See Remarks 7 (d)(ii) ‧見備註/See Remarks 7 (e)(ii) ‧見備註/See Remarks 7 (f)(ii) ‧見備註/See Remarks 7 (e)(iii),
2017-03-18,2017-03-29,,第1座 (1B) Tower 1 (1B),21,E,,6083200,,‧價單第1A號 (A1)付款辦法 Payment Plan (A1) of Price List No.1A 見備註/See Remarks 7 (c)(i) ‧見備註/See Remarks 7 (c)(v) ‧見備註/See Remarks 7 (c)(vi) ‧見備註/See Remarks 7 (c)(vii) ‧見備註/See Remarks 7 (d)(ii) ‧見備註/See Remarks 7 (e)(ii) ‧見備註/See Remarks 7 (f)(ii) ‧見備註/See Remarks 7 (e)(iii),
2017-03-18,2017-03-29,,第1座 (1B) Tower 1 (1B),10,E,,5963100,,‧價單第1A號 (A1)付款辦法 Payment Plan (A1) of Price List No.1A 見備註/See Remarks 7 (c)(i) ‧見備註/See Remarks 7 (c)(v) ‧見備註/See Remarks 7 (c)(vi) ‧見備註/See Remarks 7 (c)(vii) ‧見備註/See Remarks 7 (d)(ii) ‧見備註/See Remarks 7 (e)(ii) ‧見備註/See Remarks 7 (f)(ii) ‧見備註/See Remarks 7 (e)(iii),
2017-03-18,2017-03-29,,第1座 (1B) Tower 1 (1B),51,F,,7413900,,‧價單第2號 (A1)付款辦法 Payment Plan (A1) of Price List No.2 見備註/See Remarks 7 (c)(i) ‧見備註/See Remarks 7 (c)(v) ‧見備註/See Remarks 7 (c)(vi) ‧見備註/See Remarks 7 (c)(vii) ‧見備註/See Remarks 7 (d)(ii) ‧見備註/See Remarks 7 (e)(ii) ‧見備註/See Remarks 7 (f)(ii) ‧見備註/See Remarks 7 (e)(iii),
2017-03-18,2017-03-29,,第1座 (1B) 50 F Tower 1 (1B),,,,14642800,,‧價單第2號 (A1)付款辦法 Payment Plan (A1) of Price List No.2 見備註/See Remarks 7 (c)(i) ‧見備註/See Remarks 7 (c)(v) ‧見備註/See Remarks 7 (c)(vi) ‧見備註/See Remarks 7 (c)(vii) ‧見備註/See Remarks 7 (d)(ii) ‧見備註/See Remarks 7 (e)(ii) ‧見備註/See Remarks 7 (f)(ii) ‧見備註/See Remarks 7 (e)(iii),
2017-03-18,2017-03-29,,第1座 (1B) Tower 1 (1B),49,F,,7238400,,‧價單第2號 (A1)付款辦法 Payment Plan (A1) of Price List No.2 見備註/See Remarks 7 (c)(i) ‧見備註/See Remarks 7 (c)(v) ‧見備註/See Remarks 7 (c)(vi) ‧見備註/See Remarks 7 (c)(vii) ‧見備註/See Remarks 7 (d)(ii) ‧見備註/See Remarks 7 (e)(ii) ‧見備註/See Remarks 7 (f)(ii) ‧見備註/See Remarks 7 (e)(iii),
2017-03-18,2017-03-29,,第1座 (1B) Tower 1 (1B),48,F,,7238400,,‧價單第2號 (A1)付款辦法 Payment Plan (A1) of Price List No.2 見備註/See Remarks 7 (c)(i) ‧見備註/See Remarks 7 (c)(v) ‧見備註/See Remarks 7 (c)(vi) ‧見備註/See Remarks 7 (c)(vii) ‧見備註/See Remarks 7 (d)(ii) ‧見備註/See Remarks 7 (e)(ii) ‧見備註/See Remarks 7 (f)(ii) ‧見備註/See Remarks 7 (e)(iii),
2017-03-18,2017-03-29,,第1座 (1B) 47 F Tower 1 (1B) 第1座 (1B) 47 E Tower 1 (1B),,,,14270000,,‧價單第2號 (A1)付款辦法 Payment Plan (A1) of Price List No.2 見備註/See Remarks 7 (c)(i) ‧見備註/See Remarks 7 (c)(v) ‧見備註/See Remarks 7 (c)(vi) ‧見備註/See Remarks 7 (c)(vii) ‧見備註/See Remarks 7 (d)(ii) ‧見備註/See Remarks 7 (e)(ii) ‧見備註/See Remarks 7 (f)(ii) ‧見備註/See Remarks 7 (e)(iii) ‧價單第2號 (A1)付款辦法 Payment Plan (A1) of Price List No.2 見備註/See Remarks 7 (c)(i) ‧見備註/See Remarks 7 (c)(v) ‧見備註/See Remarks 7 (c)(vi) ‧見備註/See Remarks 7 (c)(vii) ‧見備註/See Remarks 7 (d)(ii) ‧見備註/See Remarks 7 (e)(ii) ‧見備註/See Remarks 7 (f)(ii) ‧見備註/See Remarks 7 (e)(iii),
2017-03-18,2017-03-29,,第1座 (1B) Tower 1 (1B),46,F,,7088600,,‧價單第2號 (A1)付款辦法 Payment Plan (A1) of Price List No.2 見備註/See Remarks 7 (c)(i) ‧見備註/See Remarks 7 (c)(v) ‧見備註/See Remarks 7 (c)(vi) ‧見備註/See Remarks 7 (c)(vii) ‧見備註/See Remarks 7 (d)(ii) ‧見備註/See Remarks 7 (e)(ii) ‧見備註/See Remarks 7 (f)(ii) ‧見備註/See Remarks 7 (e)(iii),
2017-03-18,2017-03-29,,第1座 (1B) 45 F Tower 1 (1B) 第1座 (1B) 45 E Tower 1 (1B),,,,14073400,,‧價單第2號 (A1)付款辦法 Payment Plan (A1) of Price List No.2 見備註/See Remarks 7 (c)(i) ‧見備註/See Remarks 7 (c)(v) ‧見備註/See Remarks 7 (c)(vi) ‧見備註/See Remarks 7 (c)(vii) ‧見備註/See Remarks 7 (d)(ii) ‧見備註/See Remarks 7 (e)(ii) ‧見備註/See Remarks 7 (f)(ii) ‧見備註/See Remarks 7 (e)(iii) ‧價單第2號 (A1)付款辦法 Payment Plan (A1) of Price List No.2 見備註/See Remarks 7 (c)(i) ‧見備註/See Remarks 7 (c)(v) ‧見備註/See Remarks 7 (c)(vi) ‧見備註/See Remarks 7 (c)(vii) ‧見備註/See Remarks 7 (d)(ii) ‧見備註/See Remarks 7 (e)(ii) ‧見備註/See Remarks 7 (f)(ii) ‧見備註/See Remarks 7 (e)(iii),
2017-03-18,2017-03-29,,第1座 (1B) Tower 1 (1B),42,F,,6809400,,‧價單第2號 (A1)付款辦法 Payment Plan (A1) of Price List No.2 見備註/See Remarks 7 (c)(i) ‧見備註/See Remarks 7 (c)(v) ‧見備註/See Remarks 7 (c)(vi) ‧見備註/See Remarks 7 (c)(vii) ‧見備註/See Remarks 7 (d)(ii) ‧見備註/See Remarks 7 (e)(ii) ‧見備註/See Remarks 7 (f)(ii) ‧見備註/See Remarks 7 (e)(iii),
2017-03-18,2017-03-29,,第1座 (1B) Tower 1 (1B),41,F,,6628400,,‧價單第1A號 (A1)付款辦法 Payment Plan (A1) of Price List No.1A 見備註/See Remarks 7 (c)(i) ‧見備註/See Remarks 7 (c)(v) ‧見備註/See Remarks 7 (c)(vi) ‧見備註/See Remarks 7 (c)(vii) ‧見備註/See Remarks 7 (d)(ii) ‧見備註/See Remarks 7 (e)(ii) ‧見備註/See Remarks 7 (f)(ii) ‧見備註/See Remarks 7 (e)(iii),
2017-03-18,2017-03-29,,第1座 (1B) 40 F Tower 1 (1B) 第1座 (1B) 40 E Tower 1 (1B),,,,13186600,,‧價單第1A號 (A1)付款辦法 Payment Plan (A1) of Price List No.1A 見備註/See Remarks 7 (c)(i) ‧見備註/See Remarks 7 (c)(v) ‧見備註/See Remarks 7 (c)(vi) ‧見備註/See Remarks 7 (c)(vii) ‧見備註/See Remarks 7 (d)(ii) ‧見備註/See Remarks 7 (e)(ii) ‧見備註/See Remarks 7 (f)(ii) ‧見備註/See Remarks 7 (e)(iii) ‧價單第1A號 (A1)付款辦法 Payment Plan (A1) of Price List No.1A 見備註/See Remarks 7 (c)(i) ‧見備註/See Remarks 7 (c)(v) ‧見備註/See Remarks 7 (c)(vi) ‧見備註/See Remarks 7 (c)(vii) ‧見備註/See Remarks 7 (d)(ii) ‧見備註/See Remarks 7 (e)(ii) ‧見備註/See Remarks 7 (f)(ii) ‧見備註/See Remarks 7 (e)(iii),
2017-03-18,2017-03-29,,第1座 (1B) Tower 1 (1B),39,F,,6563700,,‧價單第1A號 (A1)付款辦法 Payment Plan (A1) of Price List No.1A 見備註/See Remarks 7 (c)(i) ‧見備註/See Remarks 7 (c)(v) ‧見備註/See Remarks 7 (c)(vi) ‧見備註/See Remarks 7 (c)(vii) ‧見備註/See Remarks 7 (d)(ii) ‧見備註/See Remarks 7 (e)(ii) ‧見備註/See Remarks 7 (f)(ii) ‧見備註/See Remarks 7 (e)(iii),
2017-03-18,2017-03-29,,第1座 (1B) Tower 1 (1B),38,F,,6563700,,‧價單第1A號 (A1)付款辦法 Payment Plan (A1) of Price List No.1A 見備註/See Remarks 7 (c)(i) ‧見備註/See Remarks 7 (c)(v) ‧見備註/See Remarks 7 (c)(vi) ‧見備註/See Remarks 7 (c)(vii) ‧見備註/See Remarks 7 (d)(ii) ‧見備註/See Remarks 7 (e)(ii) ‧見備註/See Remarks 7 (f)(ii) ‧見備註/See Remarks 7 (e)(iii),
2017-03-18,2017-03-29,,第1座 (1B) Tower 1 (1B),36,F,,6465400,,‧價單第1A號 (A1)付款辦法 Payment Plan (A1) of Price List No.1A 見備註/See Remarks 7 (c)(i) ‧見備註/See Remarks 7 (c)(v) ‧見備註/See Remarks 7 (c)(vi) ‧見備註/See Remarks 7 (c)(vii) ‧見備註/See Remarks 7 (d)(ii) ‧見備註/See Remarks 7 (e)(ii) ‧見備註/See Remarks 7 (f)(ii) ‧見備註/See Remarks 7 (e)(iii),
2017-03-18,2017-03-29,,第1座 (1B) Tower 1 (1B),35,F,,6434200,,‧價單第1A號 (A1)付款辦法 Payment Plan (A1) of Price List No.1A 見備註/See Remarks 7 (c)(i) ‧見備註/See Remarks 7 (c)(v) ‧見備註/See Remarks 7 (c)(vi) ‧見備註/See Remarks 7 (c)(vii) ‧見備註/See Remarks 7 (d)(ii) ‧見備註/See Remarks 7 (e)(ii) ‧見備註/See Remarks 7 (f)(ii) ‧見備註/See Remarks 7 (e)(iii),
2017-03-18,2017-03-29,,第1座 (1B) Tower 1 (1B),33,F,,6402200,,‧價單第1A號 (A1)付款辦法 Payment Plan (A1) of Price List No.1A 見備註/See Remarks 7 (c)(i) ‧見備註/See Remarks 7 (c)(v) ‧見備註/See Remarks 7 (c)(vi) ‧見備註/See Remarks 7 (c)(vii) ‧見備註/See Remarks 7 (d)(ii) ‧見備註/See Remarks 7 (e)(ii) ‧見備註/See Remarks 7 (f)(ii) ‧見備註/See Remarks 7 (e)(iii),
2017-03-18,2017-03-29,,第1座 (1B) Tower 1 (1B),32,F,,6369400,,‧價單第1A號 (A1)付款辦法 Payment Plan (A1) of Price List No.1A 見備註/See Remarks 7 (c)(i) ‧見備註/See Remarks 7 (c)(v) ‧見備註/See Remarks 7 (c)(vi) ‧見備註/See Remarks 7 (c)(vii) ‧見備註/See Remarks 7 (d)(ii) ‧見備註/See Remarks 7 (e)(ii) ‧見備註/See Remarks 7 (f)(ii) ‧見備註/See Remarks 7 (e)(iii),
2017-03-18,2017-03-29,,第1座 (1B) Tower 1 (1B),31,F,,6338200,,‧價單第1A號 (A1)付款辦法 Payment Plan (A1) of Price List No.1A 見備註/See Remarks 7 (c)(i) ‧見備註/See Remarks 7 (c)(v) ‧見備註/See Remarks 7 (c)(vi) ‧見備註/See Remarks 7 (c)(vii) ‧見備註/See Remarks 7 (d)(ii) ‧見備註/See Remarks 7 (e)(ii) ‧見備註/See Remarks 7 (f)(ii) ‧見備註/See Remarks 7 (e)(iii),
2017-03-18,2017-03-29,,第1座 (1B) Tower 1 (1B),30,F,,6306300,,‧價單第1A號 (A1)付款辦法 Payment Plan (A1) of Price List No.1A 見備註/See Remarks 7 (c)(i) ‧見備註/See Remarks 7 (c)(v) ‧見備註/See Remarks 7 (c)(vi) ‧見備註/See Remarks 7 (c)(vii) ‧見備註/See Remarks 7 (d)(ii) ‧見備註/See Remarks 7 (e)(ii) ‧見備註/See Remarks 7 (f)(ii) ‧見備註/See Remarks 7 (e)(iii),
2017-03-18,2017-03-29,,第1座 (1B) Tower 1 (1B),29,F,,6275800,,‧價單第1A號 (A1)付款辦法 Payment Plan (A1) of Price List No.1A 見備註/See Remarks 7 (c)(i) ‧見備註/See Remarks 7 (c)(v) ‧見備註/See Remarks 7 (c)(vi) ‧見備註/See Remarks 7 (c)(vii) ‧見備註/See Remarks 7 (d)(ii) ‧見備註/See Remarks 7 (e)(ii) ‧見備註/See Remarks 7 (f)(ii) ‧見備註/See Remarks 7 (e)(iii),
2017-03-18,2017-03-29,,第1座 (1B) Tower 1 (1B),28,F,,6275800,,‧價單第1A號 (A1)付款辦法 Payment Plan (A1) of Price List No.1A 見備註/See Remarks 7 (c)(i) ‧見備註/See Remarks 7 (c)(v) ‧見備註/See Remarks 7 (c)(vi) ‧見備註/See Remarks 7 (c)(vii) ‧見備註/See Remarks 7 (d)(ii) ‧見備註/See Remarks 7 (e)(ii) ‧見備註/See Remarks 7 (f)(ii) ‧見備註/See Remarks 7 (e)(iii),
2017-03-18,2017-03-29,,第1座 (1B) Tower 1 (1B),26,F,,6212700,,‧價單第1A號 (A1)付款辦法 Payment Plan (A1) of Price List No.1A 見備註/See Remarks 7 (c)(i) ‧見備註/See Remarks 7 (c)(v) ‧見備註/See Remarks 7 (c)(vi) ‧見備註/See Remarks 7 (c)(vii) ‧見備註/See Remarks 7 (d)(ii) ‧見備註/See Remarks 7 (e)(ii) ‧見備註/See Remarks 7 (f)(ii) ‧見備註/See Remarks 7 (e)(iii),
2017-03-18,2017-03-29,,第1座 (1B) 25 F Tower 1 (1B) 第1座 (1B) 25 D Tower 1 (1B),,,,12808300,,‧價單第1A號 (A1)付款辦法 Payment Plan (A1) of Price List No.1A 見備註/See Remarks 7 (c)(i) ‧見備註/See Remarks 7 (d)(i) ‧見備註/See Remarks 7 (c)(vi) ‧見備註/See Remarks 7 (c)(vii) ‧見備註/See Remarks 7 (d)(ii) ‧見備註/See Remarks 7 (e)(ii) ‧見備註/See Remarks 7 (f)(ii) ‧見備註/See Remarks 7 (e)(iii) ‧價單第1A號 (A1)付款辦法 Payment Plan (A1) of Price List No.1A 見備註/See Remarks 7 (c)(i) ‧見備註/See Remarks 7 (d)(i) ‧見備註/See Remarks 7 (c)(vi) ‧見備註/See Remarks 7 (c)(vii) ‧見備註/See Remarks 7 (d)(ii) ‧見備註/See Remarks 7 (e)(ii) ‧見備註/See Remarks 7 (f)(ii) ‧見備註/See Remarks 7 (e)(iii),
2017-03-18,2017-03-29,,第1座 (1B) Tower 1 (1B),22,F,,6119800,,‧價單第1A號 (A1)付款辦法 Payment Plan (A1) of Price List No.1A 見備註/See Remarks 7 (c)(i) ‧見備註/See Remarks 7 (c)(v) ‧見備註/See Remarks 7 (c)(vi) ‧見備註/See Remarks 7 (c)(vii) ‧見備註/See Remarks 7 (d)(ii) ‧見備註/See Remarks 7 (e)(ii) ‧見備註/See Remarks 7 (f)(ii) ‧見備註/See Remarks 7 (e)(iii),
2017-03-18,2017-03-29,,第1座 (1B) Tower 1 (1B),21,F,,6089400,,‧價單第1A號 (A1)付款辦法 Payment Plan (A1) of Price List No.1A 見備註/See Remarks 7 (c)(i) ‧見備註/See Remarks 7 (c)(v) ‧見備註/See Remarks 7 (c)(vi) ‧見備註/See Remarks 7 (c)(vii) ‧見備註/See Remarks 7 (d)(ii) ‧見備註/See Remarks 7 (e)(ii) ‧見備註/See Remarks 7 (f)(ii) ‧見備註/See Remarks 7 (e)(iii),
2017-03-18,2017-03-29,,第1座 (1B) Tower 1 (1B),10,F,,5968500,,‧價單第1A號 (A1)付款辦法 Payment Plan (A1) of Price List No.1A 見備註/See Remarks 7 (c)(i) ‧見備註/See Remarks 7 (c)(v) ‧見備註/See Remarks 7 (c)(vi) ‧見備註/See Remarks 7 (c)(vii) ‧見備註/See Remarks 7 (d)(ii) ‧見備註/See Remarks 7 (e)(ii) ‧見備註/See Remarks 7 (f)(ii) ‧見備註/See Remarks 7 (e)(iii),
2017-03-18,2017-03-29,,第1座 (1B) Tower 1 (1B),51,G,,7463000,,‧價單第2號 (A1)付款辦法 Payment Plan (A1) of Price List No.2 見備註/See Remarks 7 (c)(i) ‧見備註/See Remarks 7 (c)(v) ‧見備註/See Remarks 7 (c)(vi) ‧見備註/See Remarks 7 (c)(vii) ‧見備註/See Remarks 7 (d)(ii) ‧見備註/See Remarks 7 (e)(ii) ‧見備註/See Remarks 7 (f)(ii) ‧見備註/See Remarks 7 (e)(iii),
2017-03-18,2017-03-29,,第1座 (1B) Tower 1 (1B),50,G,,7374900,,‧價單第2號 (A1)付款辦法 Payment Plan (A1) of Price List No.2 見備註/See Remarks 7 (c)(i) ‧見備註/See Remarks 7 (c)(v) ‧見備註/See Remarks 7 (c)(vi) ‧見備註/See Remarks 7 (c)(vii) ‧見備註/See Remarks 7 (d)(ii) ‧見備註/See Remarks 7 (e)(ii) ‧見備註/See Remarks 7 (f)(ii) ‧見備註/See Remarks 7 (e)(iii),
2017-03-18,2017-03-29,,第1座 (1B) Tower 1 (1B),47,G,,7186900,,‧價單第2號 (A1)付款辦法 Payment Plan (A1) of Price List No.2 見備註/See Remarks 7 (c)(i) ‧見備註/See Remarks 7 (c)(v) ‧見備註/See Remarks 7 (c)(vi) ‧見備註/See Remarks 7 (c)(vii) ‧見備註/See Remarks 7 (d)(ii) ‧見備註/See Remarks 7 (e)(ii) ‧見備註/See Remarks 7 (f)(ii) ‧見備註/See Remarks 7 (e)(iii),
2017-03-18,2017-03-29,,第1座 (1B) Tower 1 (1B),46,G,,7137000,,‧價單第2號 (A1)付款辦法 Payment Plan (A1) of Price List No.2 見備註/See Remarks 7 (c)(i) ‧見備註/See Remarks 7 (c)(v) ‧見備註/See Remarks 7 (c)(vi) ‧見備註/See Remarks 7 (c)(vii) ‧見備註/See Remarks 7 (d)(ii) ‧見備註/See Remarks 7 (e)(ii) ‧見備註/See Remarks 7 (f)(ii) ‧見備註/See Remarks 7 (e)(iii),
2017-03-18,2017-03-29,,第1座 (1B) 43 G Tower 1 (1B) 第1座 (1B) 43 F Tower 1 (1B),,,,13894800,,‧價單第2號 (A1)付款辦法 Payment Plan (A1) of Price List No.2 見備註/See Remarks 7 (c)(i) ‧見備註/See Remarks 7 (c)(v) ‧見備註/See Remarks 7 (c)(vi) ‧見備註/See Remarks 7 (c)(vii) ‧見備註/See Remarks 7 (d)(ii) ‧見備註/See Remarks 7 (e)(ii) ‧見備註/See Remarks 7 (f)(ii) ‧見備註/See Remarks 7 (e)(iii) ‧價單第2號 (A1)付款辦法 Payment Plan (A1) of Price List No.2 見備註/See Remarks 7 (c)(i) ‧見備註/See Remarks 7 (c)(v) ‧見備註/See Remarks 7 (c)(vi) ‧見備註/See Remarks 7 (c)(vii) ‧見備註/See Remarks 7 (d)(ii) ‧見備註/See Remarks 7 (e)(ii) ‧見備註/See Remarks 7 (f)(ii) ‧見備註/See Remarks 7 (e)(iii),
2017-03-18,2017-03-29,,第1座 (1B) Tower 1 (1B),42,G,,6855400,,‧價單第2號 (A1)付款辦法 Payment Plan (A1) of Price List No.2 見備註/See Remarks 7 (c)(i) ‧見備註/See Remarks 7 (c)(v) ‧見備註/See Remarks 7 (c)(vi) ‧見備註/See Remarks 7 (c)(vii) ‧見備註/See Remarks 7 (d)(ii) ‧見備註/See Remarks 7 (e)(ii) ‧見備註/See Remarks 7 (f)(ii) ‧見備註/See Remarks 7 (e)(iii),
2017-03-18,2017-03-29,,第1座 (1B) 41 G Tower 1 (1B) 第1座 (1B) 39 G Tower 1 (1B),,,,13280900,,‧價單第1A號 (A1)付款辦法 Payment Plan (A1) of Price List No.1A 見備註/See Remarks 7 (c)(i) ‧見備註/See Remarks 7 (c)(v) ‧見備註/See Remarks 7 (c)(vi) ‧見備註/See Remarks 7 (c)(vii) ‧見備註/See Remarks 7 (d)(ii) ‧見備註/See Remarks 7 (e)(ii) ‧見備註/See Remarks 7 (f)(ii) ‧見備註/See Remarks 7 (e)(iii) ‧價單第1A號 (A1)付款辦法 Payment Plan (A1) of Price List No.1A 見備註/See Remarks 7 (c)(i) ‧見備註/See Remarks 7 (c)(v) ‧見備註/See Remarks 7 (c)(vi) ‧見備註/See Remarks 7 (c)(vii) ‧見備註/See Remarks 7 (d)(ii) ‧見備註/See Remarks 7 (e)(ii) ‧見備註/See Remarks 7 (f)(ii) ‧見備註/See Remarks 7 (e)(iii),
2017-03-18,2017-03-29,,第1座 (1B) Tower 1 (1B),38,G,,6607300,,‧價單第1A號 (A1)付款辦法 Payment Plan (A1) of Price List No.1A 見備註/See Remarks 7 (c)(i) ‧見備註/See Remarks 7 (c)(v) ‧見備註/See Remarks 7 (c)(vi) ‧見備註/See Remarks 7 (c)(vii) ‧見備註/See Remarks 7 (d)(ii) ‧見備註/See Remarks 7 (e)(ii) ‧見備註/See Remarks 7 (f)(ii) ‧見備註/See Remarks 7 (e)(iii),
2017-03-18,2017-03-29,,第1座 (1B) Tower 1 (1B),37,G,,6877300,,‧價單第1A號 (D1)付款辦法 Payment Plan (D1) of Price List No.1A 見備註/See Remarks 7 (c)(iv) ‧見備註/See Remarks 7 (c)(v) ‧見備註/See Remarks 7 (c)(vi) ‧見備註/See Remarks 7 (c)(vii) ‧見備註/See Remarks 7 (e)(i) ‧見備註/See Remarks 7 (c)(viii) ‧見備註/See Remarks 7 (d)(ii) ‧見備註/See Remarks 7 (e)(ii) ‧見備註/See Remarks 7 (f)(ii) ‧見備註/See Remarks 7 (e)(iii),
2017-03-18,2017-03-29,,第1座 (1B) Tower 1 (1B),36,G,,6509100,,‧價單第1A號 (A1)付款辦法 Payment Plan (A1) of Price List No.1A 見備註/See Remarks 7 (c)(i) ‧見備註/See Remarks 7 (c)(v) ‧見備註/See Remarks 7 (c)(vi) ‧見備註/See Remarks 7 (c)(vii) ‧見備註/See Remarks 7 (d)(ii) ‧見備註/See Remarks 7 (e)(ii) ‧見備註/See Remarks 7 (f)(ii) ‧見備註/See Remarks 7 (e)(iii),
2017-03-18,2017-03-29,,第1座 (1B) Tower 1 (1B),33,G,,6362500,,‧價單第1A號 (C1)付款辦法 Payment Plan (C1) of Price List No.1A 見備註/See Remarks 7 (c)(iii) ‧見備註/See Remarks 7 (c)(v) ‧見備註/See Remarks 7 (c)(vi) ‧見備註/See Remarks 7 (c)(vii) ‧見備註/See Remarks 7 (c)(viii) ‧見備註/See Remarks 7 (d)(ii) ‧見備註/See Remarks 7 (e)(ii) ‧見備註/See Remarks 7 (f)(ii) ‧見備註/See Remarks 7 (e)(iii),
2017-03-18,2017-03-29,,第1座 (1B) Tower 1 (1B),32,G,,6412300,,‧價單第1A號 (A1)付款辦法 Payment Plan (A1) of Price List No.1A 見備註/See Remarks 7 (c)(i) ‧見備註/See Remarks 7 (c)(v) ‧見備註/See Remarks 7 (c)(vi) ‧見備註/See Remarks 7 (c)(vii) ‧見備註/See Remarks 7 (d)(ii) ‧見備註/See Remarks 7 (e)(ii) ‧見備註/See Remarks 7 (f)(ii) ‧見備註/See Remarks 7 (e)(iii),
2017-03-18,2017-03-29,,第1座 (1B) 31 G Tower 1 (1B),,,,12603900,,‧價單第1A號 (A1)付款辦法 Payment Plan (A1) of Price List No.1A 見備註/See Remarks 7 (c)(i) ‧見備註/See Remarks 7 (c)(v) ‧見備註/See Remarks 7 (c)(vi) ‧見備註/See Remarks 7 (c)(vii) ‧見備註/See Remarks 7 (d)(ii) ‧見備註/See Remarks 7 (e)(ii) ‧見備註/See Remarks 7 (f)(ii) ‧見備註/See Remarks 7 (e)(iii),
2017-03-18,2017-03-29,,第1座 (1B) Tower 1 (1B),29,G,,7047000,"在12-06-2017，基於法例第35(2)(c)條所容許的原因 ，售價調整為$6,237,000。 On 12-06-2017, the price adjusted to $6,237,000 due to the reason allowed under section 35(2)(c) of the Ordinance.",‧價單第1A號 (C1)付款辦法 Payment Plan (C1) of Price List No.1A 見備註/See Remarks 7 (c)(iii) ‧見備註/See Remarks 7 (d)(i) ‧見備註/See Remarks 7 (c)(vi) ‧見備註/See Remarks 7 (c)(vii) ‧見備註/See Remarks 7 (c)(viii) ‧見備註/See Remarks 7 (d)(ii) ‧見備註/See Remarks 7 (e)(ii) ‧見備註/See Remarks 7 (f)(ii) ‧見備註/See Remarks 7 (e)(iii) ‧價單第1A號 (C1)付款辦法 Payment Plan (C1) of Price List No.1A 見備註/See Remarks 7 (c)(iii) ‧見備註/See Remarks 7 (c)(v) ‧見備註/See Remarks 7 (c)(vi) ‧見備註/See Remarks 7 (c)(vii) ‧見備註/See Remarks 7 (c)(viii) ‧見備註/See Remarks 7 (d)(ii) ‧見備註/See Remarks 7 (e)(ii) ‧見備註/See Remarks 7 (f)(ii) ‧見備註/See Remarks 7 (e)(iii) ‧(在12-06-2017修訂) (revised on 12-06-2017),
2017-03-18,2017-03-29,,第1座 (1B) Tower 1 (1B),28,G,,6318000,,‧價單第1A號 (A1)付款辦法 Payment Plan (A1) of Price List No.1A 見備註/See Remarks 7 (c)(i) ‧見備註/See Remarks 7 (c)(v) ‧見備註/See Remarks 7 (c)(vi) ‧見備註/See Remarks 7 (c)(vii) ‧見備註/See Remarks 7 (d)(ii) ‧見備註/See Remarks 7 (e)(ii) ‧見備註/See Remarks 7 (f)(ii) ‧見備註/See Remarks 7 (e)(iii),
2017-03-18,2017-03-29,,第1座 (1B) Tower 1 (1B),26,G,,6254800,,‧價單第1A號 (A1)付款辦法 Payment Plan (A1) of Price List No.1A 見備註/See Remarks 7 (c)(i) ‧見備註/See Remarks 7 (c)(v) ‧見備註/See Remarks 7 (c)(vi) ‧見備註/See Remarks 7 (c)(vii) ‧見備註/See Remarks 7 (d)(ii) ‧見備註/See Remarks 7 (e)(ii) ‧見備註/See Remarks 7 (f)(ii) ‧見備註/See Remarks 7 (e)(iii),
2017-03-18,2017-03-29,,第1座 (1B) Tower 1 (1B),23,G,,6192400,,‧價單第1A號 (A1)付款辦法 Payment Plan (A1) of Price List No.1A 見備註/See Remarks 7 (c)(i) ‧見備註/See Remarks 7 (c)(v) ‧見備註/See Remarks 7 (c)(vi) ‧見備註/See Remarks 7 (c)(vii) ‧見備註/See Remarks 7 (d)(ii) ‧見備註/See Remarks 7 (e)(ii) ‧見備註/See Remarks 7 (f)(ii) ‧見備註/See Remarks 7 (e)(iii),
2017-03-18,2017-03-29,,第1座 (1B) Tower 1 (1B),22,G,,6160400,,‧價單第1A號 (A1)付款辦法 Payment Plan (A1) of Price List No.1A 見備註/See Remarks 7 (c)(i) ‧見備註/See Remarks 7 (c)(v) ‧見備註/See Remarks 7 (c)(vi) ‧見備註/See Remarks 7 (c)(vii) ‧見備註/See Remarks 7 (d)(ii) ‧見備註/See Remarks 7 (e)(ii) ‧見備註/See Remarks 7 (f)(ii) ‧見備註/See Remarks 7 (e)(iii),
2017-03-18,2017-03-29,,第1座 (1B) Tower 1 (1B),21,G,,6130000,,‧價單第1A號 (A1)付款辦法 Payment Plan (A1) of Price List No.1A 見備註/See Remarks 7 (c)(i) ‧見備註/See Remarks 7 (c)(v) ‧見備註/See Remarks 7 (c)(vi) ‧見備註/See Remarks 7 (c)(vii) ‧見備註/See Remarks 7 (d)(ii) ‧見備註/See Remarks 7 (e)(ii) ‧見備註/See Remarks 7 (f)(ii) ‧見備註/See Remarks 7 (e)(iii),
2017-03-18,2017-03-29,,第1座 (1B) Tower 1 (1B),10,G,,6393400,,‧價單第1A號 (B1)付款辦法 Payment Plan (B1) of Price List No.1A 見備註/See Remarks 7 (c)(ii) ‧見備註/See Remarks 7 (c)(v) ‧見備註/See Remarks 7 (c)(vi) ‧見備註/See Remarks 7 (c)(vii) ‧見備註/See Remarks 7 (e)(i) ‧見備註/See Remarks 7 (d)(ii) ‧見備註/See Remarks 7 (e)(ii) ‧見備註/See Remarks 7 (f)(ii) ‧見備註/See Remarks 7 (e)(iii),
2017-03-18,2017-03-29,,第1座 (1B) Tower 1 (1B),35,H,,9722700,,‧價單第2號 (A1)付款辦法 Payment Plan (A1) of Price List No.2 見備註/See Remarks 7 (c)(i) ‧見備註/See Remarks 7 (c)(v) ‧見備註/See Remarks 7 (c)(vi) ‧見備註/See Remarks 7 (c)(vii) ‧見備註/See Remarks 7 (d)(ii) ‧見備註/See Remarks 7 (e)(ii) ‧見備註/See Remarks 7 (f)(ii) ‧見備註/See Remarks 7 (e)(iii),
2017-03-18,2017-03-29,,第1座 (1B) Tower 1 (1B),32,H,,9625900,,‧價單第2號 (A1)付款辦法 Payment Plan (A1) of Price List No.2 見備註/See Remarks 7 (c)(i) ‧見備註/See Remarks 7 (c)(v) ‧見備註/See Remarks 7 (c)(vi) ‧見備註/See Remarks 7 (c)(vii) ‧見備註/See Remarks 7 (d)(ii) ‧見備註/See Remarks 7 (e)(ii) ‧見備註/See Remarks 7 (f)(ii) ‧見備註/See Remarks 7 (e)(iii),
2017-03-18,2017-03-29,,第1座 (1B) Tower 1 (1B),31,H,,9578400,,‧價單第2號 (A1)付款辦法 Payment Plan (A1) of Price List No.2 見備註/See Remarks 7 (c)(i) ‧見備註/See Remarks 7 (c)(v) ‧見備註/See Remarks 7 (c)(vi) ‧見備註/See Remarks 7 (c)(vii) ‧見備註/See Remarks 7 (d)(ii) ‧見備註/See Remarks 7 (e)(ii) ‧見備註/See Remarks 7 (f)(ii) ‧見備註/See Remarks 7 (e)(iii),
2017-03-18,2017-03-29,,第1座 (1B) 30 H Tower 1 (1B) 第1座 (1B) 48 G Tower 1 (1B),,,,16817500,,‧價單第2號 (A1)付款辦法 Payment Plan (A1) of Price List No.2 見備註/See Remarks 7 (c)(i) ‧見備註/See Remarks 7 (c)(v) ‧見備註/See Remarks 7 (c)(vi) ‧見備註/See Remarks 7 (c)(vii) ‧見備註/See Remarks 7 (d)(ii) ‧見備註/See Remarks 7 (e)(ii) ‧見備註/See Remarks 7 (f)(ii) ‧見備註/See Remarks 7 (e)(iii) ‧價單第2號 (A1)付款辦法 Payment Plan (A1) of Price List No.2 見備註/See Remarks 7 (c)(i) ‧見備註/See Remarks 7 (c)(v) ‧見備註/See Remarks 7 (c)(vi) ‧見備註/See Remarks 7 (c)(vii) ‧見備註/See Remarks 7 (d)(ii) ‧見備註/See Remarks 7 (e)(ii) ‧見備註/See Remarks 7 (f)(ii) ‧見備註/See Remarks 7 (e)(iii),
2017-03-18,2017-03-29,,第1座 (1B) 29 H Tower 1 (1B) 第1座 (1B) 36 C Tower 1 (1B),,,,16515600,,‧價單第2號 (A1)付款辦法 Payment Plan (A1) of Price List No.2 見備註/See Remarks 7 (c)(i) ‧見備註/See Remarks 7 (c)(v) ‧見備註/See Remarks 7 (c)(vi) ‧見備註/See Remarks 7 (c)(vii) ‧見備註/See Remarks 7 (d)(ii) ‧見備註/See Remarks 7 (e)(ii) ‧見備註/See Remarks 7 (f)(ii) ‧見備註/See Remarks 7 (e)(iii) ‧價單第2號 (A1)付款辦法 Payment Plan (A1) of Price List No.2 見備註/See Remarks 7 (c)(i) ‧見備註/See Remarks 7 (c)(v) ‧見備註/See Remarks 7 (c)(vi) ‧見備註/See Remarks 7 (c)(vii) ‧見備註/See Remarks 7 (d)(ii) ‧見備註/See Remarks 7 (e)(ii) ‧見備註/See Remarks 7 (f)(ii) ‧見備註/See Remarks 7 (e)(iii),
2017-03-18,2017-03-29,,第1座 (1B) Tower 1 (1B),28,H,,9482400,,‧價單第2號 (A1)付款辦法 Payment Plan (A1) of Price List No.2 見備註/See Remarks 7 (c)(i) ‧見備註/See Remarks 7 (c)(v) ‧見備註/See Remarks 7 (c)(vi) ‧見備註/See Remarks 7 (c)(vii) ‧見備註/See Remarks 7 (d)(ii) ‧見備註/See Remarks 7 (e)(ii) ‧見備註/See Remarks 7 (f)(ii) ‧見備註/See Remarks 7 (e)(iii),
2017-03-18,2017-03-29,,第1座 (1B) Tower 1 (1B),26,H,,9388000,,‧價單第2號 (A1)付款辦法 Payment Plan (A1) of Price List No.2 見備註/See Remarks 7 (c)(i) ‧見備註/See Remarks 7 (c)(v) ‧見備註/See Remarks 7 (c)(vi) ‧見備註/See Remarks 7 (c)(vii) ‧見備註/See Remarks 7 (d)(ii) ‧見備註/See Remarks 7 (e)(ii) ‧見備註/See Remarks 7 (f)(ii) ‧見備註/See Remarks 7 (e)(iii),
2017-03-18,2017-03-29,,第1座 (1B) Tower 1 (1B),25,H,,9340500,,‧價單第2號 (A1)付款辦法 Payment Plan (A1) of Price List No.2 見備註/See Remarks 7 (c)(i) ‧見備註/See Remarks 7 (c)(v) ‧見備註/See Remarks 7 (c)(vi) ‧見備註/See Remarks 7 (c)(vii) ‧見備註/See Remarks 7 (d)(ii) ‧見備註/See Remarks 7 (e)(ii) ‧見備註/See Remarks 7 (f)(ii) ‧見備註/See Remarks 7 (e)(iii),
2017-03-18,2017-03-29,,第1座 (1B) Tower 1 (1B),23,H,,9294400,,‧價單第2號 (A1)付款辦法 Payment Plan (A1) of Price List No.2 見備註/See Remarks 7 (c)(i) ‧見備註/See Remarks 7 (c)(v) ‧見備註/See Remarks 7 (c)(vi) ‧見備註/See Remarks 7 (c)(vii) ‧見備註/See Remarks 7 (d)(ii) ‧見備註/See Remarks 7 (e)(ii) ‧見備註/See Remarks 7 (f)(ii) ‧見備註/See Remarks 7 (e)(iii),
2017-03-18,2017-03-29,,第1座 (1B) Tower 1 (1B),22,H,,9247600,,‧價單第2號 (A1)付款辦法 Payment Plan (A1) of Price List No.2 見備註/See Remarks 7 (c)(i) ‧見備註/See Remarks 7 (c)(v) ‧見備註/See Remarks 7 (c)(vi) ‧見備註/See Remarks 7 (c)(vii) ‧見備註/See Remarks 7 (d)(ii) ‧見備註/See Remarks 7 (e)(ii) ‧見備註/See Remarks 7 (f)(ii) ‧見備註/See Remarks 7 (e)(iii),
2017-03-18,2017-03-29,,第1座 (1B) 21 H Tower 1 (1B),,,,15339100,,‧價單第2號 (A1)付款辦法 Payment Plan (A1) of Price List No.2 見備註/See Remarks 7 (c)(i) ‧見備註/See Remarks 7 (c)(v) ‧見備註/See Remarks 7 (d)(iii) ‧見備註/See Remarks 7 (c)(vii) ‧見備註/See Remarks 7 (e)(ii) ‧見備註/See Remarks 7 (f)(ii) ‧見備註/See Remarks 7 (e)(iii),
2017-03-18,2017-03-29,,第1座 (1B) Tower 1 (1B),20,H,,9155600,,‧價單第2號 (A1)付款辦法 Payment Plan (A1) of Price List No.2 見備註/See Remarks 7 (c)(i) ‧見備註/See Remarks 7 (c)(v) ‧見備註/See Remarks 7 (c)(vi) ‧見備註/See Remarks 7 (c)(vii) ‧見備註/See Remarks 7 (d)(ii) ‧見備註/See Remarks 7 (e)(ii) ‧見備註/See Remarks 7 (f)(ii) ‧見備註/See Remarks 7 (e)(iii),
2017-03-18,2017-03-29,,第1座 (1B) Tower 1 (1B),19,H,,9109600,,‧價單第2號 (A1)付款辦法 Payment Plan (A1) of Price List No.2 見備註/See Remarks 7 (c)(i) ‧見備註/See Remarks 7 (c)(v) ‧見備註/See Remarks 7 (c)(vi) ‧見備註/See Remarks 7 (c)(vii) ‧見備註/See Remarks 7 (d)(ii) ‧見備註/See Remarks 7 (e)(ii) ‧見備註/See Remarks 7 (f)(ii) ‧見備註/See Remarks 7 (e)(iii),
2017-03-18,2017-03-29,,第1座 (1B) Tower 1 (1B),18,H,,9109600,,‧價單第2號 (A1)付款辦法 Payment Plan (A1) of Price List No.2 見備註/See Remarks 7 (c)(i) ‧見備註/See Remarks 7 (c)(v) ‧見備註/See Remarks 7 (c)(vi) ‧見備註/See Remarks 7 (c)(vii) ‧見備註/See Remarks 7 (d)(ii) ‧見備註/See Remarks 7 (e)(ii) ‧見備註/See Remarks 7 (f)(ii) ‧見備註/See Remarks 7 (e)(iii),
2017-03-18,2017-03-29,,第1座 (1B) 17 H Tower 1 (1B),,,,15562400,,‧價單第2號 (A1)付款辦法 Payment Plan (A1) of Price List No.2 見備註/See Remarks 7 (c)(i) ‧見備註/See Remarks 7 (c)(v) ‧見備註/See Remarks 7 (c)(vi) ‧見備註/See Remarks 7 (c)(vii) ‧見備註/See Remarks 7 (d)(ii) ‧見備註/See Remarks 7 (e)(ii) ‧見備註/See Remarks 7 (f)(ii) ‧見備註/See Remarks 7 (e)(iii),
2017-03-18,2017-03-29,,第1座 (1B) Tower 1 (1B),16,H,,9055800,,‧價單第2號 (A1)付款辦法 Payment Plan (A1) of Price List No.2 見備註/See Remarks 7 (c)(i) ‧見備註/See Remarks 7 (c)(v) ‧見備註/See Remarks 7 (c)(vi) ‧見備註/See Remarks 7 (c)(vii) ‧見備註/See Remarks 7 (d)(ii) ‧見備註/See Remarks 7 (e)(ii) ‧見備註/See Remarks 7 (f)(ii) ‧見備註/See Remarks 7 (e)(iii),
2017-03-18,2017-03-29,,第1座 (1B) Tower 1 (1B),15,H,,9045600,,‧價單第2號 (A1)付款辦法 Payment Plan (A1) of Price List No.2 見備註/See Remarks 7 (c)(i) ‧見備註/See Remarks 7 (c)(v) ‧見備註/See Remarks 7 (c)(vi) ‧見備註/See Remarks 7 (c)(vii) ‧見備註/See Remarks 7 (d)(ii) ‧見備註/See Remarks 7 (e)(ii) ‧見備註/See Remarks 7 (f)(ii) ‧見備註/See Remarks 7 (e)(iii),
2017-03-18,2017-03-29,,第1座 (1B) Tower 1 (1B),12,H,,9037800,,‧價單第2號 (A1)付款辦法 Payment Plan (A1) of Price List No.2 見備註/See Remarks 7 (c)(i) ‧見備註/See Remarks 7 (c)(v) ‧見備註/See Remarks 7 (c)(vi) ‧見備註/See Remarks 7 (c)(vii) ‧見備註/See Remarks 7 (d)(ii) ‧見備註/See Remarks 7 (e)(ii) ‧見備註/See Remarks 7 (f)(ii) ‧見備註/See Remarks 7 (e)(iii),
2017-03-18,2017-03-29,,第1座 (1B) 11 H Tower 1 (1B),,,,15527400,,‧價單第2號 (A1)付款辦法 Payment Plan (A1) of Price List No.2 見備註/See Remarks 7 (c)(i) ‧見備註/See Remarks 7 (c)(v) ‧見備註/See Remarks 7 (c)(vi) ‧見備註/See Remarks 7 (c)(vii) ‧見備註/See Remarks 7 (d)(ii) ‧見備註/See Remarks 7 (e)(ii) ‧見備註/See Remarks 7 (f)(ii) ‧見備註/See Remarks 7 (e)(iii),
2017-03-18,2017-03-29,,第1座 (1B) 10 H Tower 1 (1B) 第1座 (1B) 31 C Tower 1 (1B),,,,17954600,,‧價單第2號 (A1)付款辦法 Payment Plan (A1) of Price List No.2 見備註/See Remarks 7 (c)(i) ‧見備註/See Remarks 7 (d)(i) ‧見備註/See Remarks 7 (c)(vi) ‧見備註/See Remarks 7 (c)(vii) ‧見備註/See Remarks 7 (d)(ii) ‧見備註/See Remarks 7 (e)(ii) ‧見備註/See Remarks 7 (f)(ii) ‧見備註/See Remarks 7 (e)(iii) ‧價單第2號 (A1)付款辦法 Payment Plan (A1) of Price List No.2 見備註/See Remarks 7 (c)(i) ‧見備註/See Remarks 7 (d)(i) ‧見備註/See Remarks 7 (c)(vi) ‧見備註/See Remarks 7 (c)(vii) ‧見備註/See Remarks 7 (d)(ii) ‧見備註/See Remarks 7 (e)(ii) ‧見備註/See Remarks 7 (f)(ii) ‧見備註/See Remarks 7 (e)(iii),
2017-03-25,2017-04-06,,第1座 (1A) 47 A Tower 1 (1A) 第1座 (1A) 47 B Tower 1 (1A),,,,109007200,,‧價單第3號 (A1)付款辦法 Payment Plan (A1) of Price List No.3 見備註/See Remarks 7 (c)(i) ‧見備註/See Remarks 7 (c)(v) ‧見備註/See Remarks 7 (c)(vi) ‧見備註/See Remarks 7 (c)(vii) ‧見備註/See Remarks 7 (d)(ii) ‧見備註/See Remarks 7 (e)(ii) ‧見備註/See Remarks 7 (f)(i) ‧見備註/See Remarks 7 (e)(iii) ‧價單第3號 (A1)付款辦法 Payment Plan (A1) of Price List No.3 見備註/See Remarks 7 (c)(i) ‧見備註/See Remarks 7 (c)(v) ‧見備註/See Remarks 7 (c)(vi) ‧見備註/See Remarks 7 (c)(vii) ‧見備註/See Remarks 7 (d)(ii) ‧見備註/See Remarks 7 (e)(ii) ‧見備註/See Remarks 7 (f)(i) ‧見備註/See Remarks 7 (e)(iii),
2017-03-25,2017-04-06,,第1座 (1A) 42 A Tower 1 (1A) 第1座 (1A) 42 B Tower 1 (1A),,,,102724300,"在22-09-2017，基於法例第35(2)(b)條所容許的原因 ，售價調整為$109,309,200。 On 22-09-2017, the price adjusted to $109,309,200 due to the reason allowed under section 35(2)(b) of the Ordinance.",‧價單第4號 (A1)付款辦法 Payment Plan (A1) of Price List No.4 見備註/See Remarks 7 (c)(i) ‧見備註/See Remarks 7 (c)(v) ‧見備註/See Remarks 7 (c)(vi) ‧見備註/See Remarks 7 (c)(vii) ‧見備註/See Remarks 7 (d)(ii) ‧見備註/See Remarks 7 (e)(ii) ‧見備註/See Remarks 7 (f)(i) ‧見備註/See Remarks 7 (e)(iii) ‧價單第4號 (B1)付款辦法 Payment Plan (B1) of Price List No.4 見備註/See Remarks 7 (c)(ii) ‧見備註/See Remarks 7 (c)(v) ‧見備註/See Remarks 7 (c)(vi) ‧見備註/See Remarks 7 (c)(vii) ‧見備註/See Remarks 7 (e)(i) ‧見備註/See Remarks 7 (d)(ii) ‧見備註/See Remarks 7 (e)(ii) ‧見備註/See Remarks 7 (f)(i) ‧見備註/See Remarks 7 (e)(iii) ‧價單第4號 (A1)付款辦法 Payment Plan (A1) of Price List No.4 見備註/See Remarks 7 (c)(i) ‧見備註/See Remarks 7 (c)(v) ‧見備註/See Remarks 7 (c)(vi) ‧見備註/See Remarks 7 (c)(vii) ‧見備註/See Remarks 7 (d)(ii) ‧見備註/See Remarks 7 (e)(ii) ‧見備註/See Remarks 7 (f)(i) ‧見備註/See Remarks 7 (e)(iii) ‧價單第4號 (B1)付款辦法 Payment Plan (B1) of Price List No.4 見備註/See Remarks 7 (c)(ii) ‧見備註/See Remarks 7 (c)(v) ‧見備註/See Remarks 7 (c)(vi) ‧見備註/See Remarks 7 (c)(vii) ‧見備註/See Remarks 7 (e)(i) ‧見備註/See Remarks 7 (d)(ii) ‧見備註/See Remarks 7 (e)(ii) ‧見備註/See Remarks 7 (f)(i) ‧見備註/See Remarks 7 (e)(iii),
2017-03-25,2017-04-06,,第1座 (1A) 41 A Tower 1 (1A) 第2座 (2A) 11 A Tower 2 (2A),,,,89326300,,‧價單第4號 (A1)付款辦法 Payment Plan (A1) of Price List No.4 見備註/See Remarks 7 (c)(i) ‧見備註/See Remarks 7 (c)(v) ‧見備註/See Remarks 7 (c)(vi) ‧見備註/See Remarks 7 (c)(vii) ‧見備註/See Remarks 7 (d)(ii) ‧見備註/See Remarks 7 (e)(ii) ‧見備註/See Remarks 7 (f)(i) ‧見備註/See Remarks 7 (e)(iii) ‧價單第4號 (A1)付款辦法 Payment Plan (A1) of Price List No.4 見備註/See Remarks 7 (c)(i) ‧見備註/See Remarks 7 (c)(v) ‧見備註/See Remarks 7 (c)(vi) ‧見備註/See Remarks 7 (c)(vii) ‧見備註/See Remarks 7 (d)(ii) ‧見備註/See Remarks 7 (e)(ii) ‧見備註/See Remarks 7 (e)(iii),
2017-03-25,2017-04-06,,第1座 (1A) 40 A Tower 1 (1A) 第1座 (1A) 40 C Tower 1 (1A),,,,70415200,,‧價單第3號 (A1)付款辦法 Payment Plan (A1) of Price List No.3 見備註/See Remarks 7 (c)(i) ‧見備註/See Remarks 7 (c)(v) ‧見備註/See Remarks 7 (c)(vi) ‧見備註/See Remarks 7 (c)(vii) ‧見備註/See Remarks 7 (d)(ii) ‧見備註/See Remarks 7 (e)(ii) ‧見備註/See Remarks 7 (f)(i) ‧見備註/See Remarks 7 (e)(iii) ‧價單第3號 (A1)付款辦法 Payment Plan (A1) of Price List No.3 見備註/See Remarks 7 (c)(i) ‧見備註/See Remarks 7 (c)(v) ‧見備註/See Remarks 7 (c)(vi) ‧見備註/See Remarks 7 (c)(vii) ‧見備註/See Remarks 7 (d)(ii) ‧見備註/See Remarks 7 (e)(ii) ‧見備註/See Remarks 7 (f)(i) ‧見備註/See Remarks 7 (e)(iii),
2017-03-25,2017-04-06,,第1座 (1A) 37 A Tower 1 (1A),,,,108539000,,‧價單第4號 (B1)付款辦法 Payment Plan (B1) of Price List No.4 見備註/See Remarks 7 (c)(ii) ‧見備註/See Remarks 7 (c)(v) ‧見備註/See Remarks 7 (c)(vi) ‧見備註/See Remarks 7 (c)(vii) ‧見備註/See Remarks 7 (e)(i) ‧見備註/See Remarks 7 (d)(ii) ‧見備註/See Remarks 7 (e)(ii) ‧見備註/See Remarks 7 (f)(i) ‧見備註/See Remarks 7 (e)(iii),
2017-03-25,2017-04-06,,第1座 (1A) 36 A Tower 1 (1A) 第1座 (1A) 23 A Tower 1 (1A),,,,68935500,,‧價單第4號 (A1)付款辦法 Payment Plan (A1) of Price List No.4 見備註/See Remarks 7 (c)(i) ‧見備註/See Remarks 7 (c)(v) ‧見備註/See Remarks 7 (c)(vi) ‧見備註/See Remarks 7 (c)(vii) ‧見備註/See Remarks 7 (d)(ii) ‧見備註/See Remarks 7 (e)(ii) ‧見備註/See Remarks 7 (f)(i) ‧見備註/See Remarks 7 (e)(iii) ‧價單第3號 (A1)付款辦法 Payment Plan (A1) of Price List No.3 見備註/See Remarks 7 (c)(i) ‧見備註/See Remarks 7 (c)(v) ‧見備註/See Remarks 7 (c)(vi) ‧見備註/See Remarks 7 (c)(vii) ‧見備註/See Remarks 7 (d)(ii) ‧見備註/See Remarks 7 (e)(ii) ‧見備註/See Remarks 7 (f)(i) ‧見備註/See Remarks 7 (e)(iii),
2017-03-25,2017-04-06,,第1座 (1A) Tower 1 (1A),29,A,,34449400,,‧價單第4號 (A1)付款辦法 Payment Plan (A1) of Price List No.4 見備註/See Remarks 7 (c)(i) ‧見備註/See Remarks 7 (c)(v) ‧見備註/See Remarks 7 (c)(vi) ‧見備註/See Remarks 7 (c)(vii) ‧見備註/See Remarks 7 (d)(ii) ‧見備註/See Remarks 7 (e)(ii) ‧見備註/See Remarks 7 (f)(i) ‧見備註/See Remarks 7 (e)(iii),
2017-03-25,2017-04-06,2019-02-26,第1座 (1A) Tower 1 (1A),28,A,,41516000,"在19-09-2017，基於法例第35(2)(b)條所容許的原因 ，售價調整為$43,724,300。 On 19-09-2017, the price adjusted to $43,724,300 due to the reason allowed under section 35(2)(b) of the Ordinance.",‧價單第4號 (A1)付款辦法 Payment Plan (A1) of Price List No.4 見備註/See Remarks 7 (c)(i) ‧見備註/See Remarks 7 (d)(i) ‧見備註/See Remarks 7 (d)(iii) ‧見備註/See Remarks 7 (c)(vii) ‧見備註/See Remarks 7 (e)(ii) ‧見備註/See Remarks 7 (f)(i) ‧見備註/See Remarks 7 (e)(iii) ‧價單第4號 (B1)付款辦法 Payment Plan (B1) of Price List No.4 見備註/See Remarks 7 (c)(ii) ‧見備註/See Remarks 7 (d)(i) ‧見備註/See Remarks 7 (d)(iii) ‧見備註/See Remarks 7 (c)(vii) ‧見備註/See Remarks 7 (e)(i) ‧見備註/See Remarks 7 (e)(ii) ‧見備註/See Remarks 7 (f)(i) ‧見備註/See Remarks 7 (e)(iii) ‧(在19-09-2017修訂) (revised on 19-09-2017),
2017-03-25,2017-04-06,,第1座 (1A) 26 A Tower 1 (1A),,,,40014700,,‧價單第4號 (A1)付款辦法 Payment Plan (A1) of Price List No.4 見備註/See Remarks 7 (c)(i) ‧見備註/See Remarks 7 (c)(v) ‧見備註/See Remarks 7 (c)(vi) ‧見備註/See Remarks 7 (c)(vii) ‧見備註/See Remarks 7 (d)(ii) ‧見備註/See Remarks 7 (e)(ii) ‧見備註/See Remarks 7 (f)(i) ‧見備註/See Remarks 7 (e)(iii),
2017-03-25,2017-04-06,,第1座 (1A) Tower 1 (1A),9,A,,32106800,,‧價單第4號 (B1)付款辦法 Payment Plan (B1) of Price List No.4 見備註/See Remarks 7 (c)(ii) ‧見備註/See Remarks 7 (c)(v) ‧見備註/See Remarks 7 (c)(vi) ‧見備註/See Remarks 7 (c)(vii) ‧見備註/See Remarks 7 (e)(i) ‧見備註/See Remarks 7 (d)(iv) ‧見備註/See Remarks 7 (e)(ii) ‧見備註/See Remarks 7 (f)(i) ‧見備註/See Remarks 7 (e)(iii),
2017-03-25,2017-04-06,,第1座 (1A) Tower 1 (1A),41,B,,37183500,"在19-09-2017，基於法例第35(2)(b)條所容許的原因 ，售價調整為$39,161,400。 On 19-09-2017, the price adjusted to $39,161,400 due to the reason allowed under section 35(2)(b) of the Ordinance.",‧價單第4號 (A1)付款辦法 Payment Plan (A1) of Price List No.4 見備註/See Remarks 7 (c)(i) ‧見備註/See Remarks 7 (d)(i) ‧見備註/See Remarks 7 (d)(iii) ‧見備註/See Remarks 7 (c)(vii) ‧見備註/See Remarks 7 (e)(ii) ‧見備註/See Remarks 7 (f)(i) ‧見備註/See Remarks 7 (e)(iii) ‧價單第4號 (B1)付款辦法 Payment Plan (B1) of Price List No.4 見備註/See Remarks 7 (c)(ii) ‧見備註/See Remarks 7 (d)(i) ‧見備註/See Remarks 7 (d)(iii) ‧見備註/See Remarks 7 (c)(vii) ‧見備註/See Remarks 7 (e)(i) ‧見備註/See Remarks 7 (e)(ii) ‧見備註/See Remarks 7 (f)(i) ‧見備註/See Remarks 7 (e)(iii) ‧(在19-09-2017修訂) (revised on 19-09-2017),
2017-03-25,2017-04-06,2019-02-26,第1座 (1A) Tower 1 (1A),40,B,,36888400,"在20-09-2017，基於法例第35(2)(b)條所容許的原因 ，售價調整為$38,850,500。 On 20-09-2017, the price adjusted to $38,850,500 due to the reason allowed under section 35(2)(b) of the Ordinance.",‧價單第3號 (A1)付款辦法 Payment Plan (A1) of Price List No.3 見備註/See Remarks 7 (c)(i) ‧見備註/See Remarks 7 (d)(i) ‧見備註/See Remarks 7 (d)(iii) ‧見備註/See Remarks 7 (c)(vii) ‧見備註/See Remarks 7 (e)(ii) ‧見備註/See Remarks 7 (f)(i) ‧見備註/See Remarks 7 (e)(iii) ‧價單第3號 (B1)付款辦法 Payment Plan (B1) of Price List No.3 見備註/See Remarks 7 (c)(ii) ‧見備註/See Remarks 7 (d)(i) ‧見備註/See Remarks 7 (d)(iii) ‧見備註/See Remarks 7 (c)(vii) ‧見備註/See Remarks 7 (e)(i) ‧見備註/See Remarks 7 (e)(ii) ‧見備註/See Remarks 7 (f)(i) ‧見備註/See Remarks 7 (e)(iii) ‧(在20-09-2017修訂) (revised on 20-09-2017),
2017-03-25,2017-04-06,,第1座 (1A) Tower 1 (1A),41,C,,32947200,,‧價單第4號 (A1)付款辦法 Payment Plan (A1) of Price List No.4 見備註/See Remarks 7 (c)(i) ‧見備註/See Remarks 7 (c)(v) ‧見備註/See Remarks 7 (c)(vi) ‧見備註/See Remarks 7 (c)(vii) ‧見備註/See Remarks 7 (d)(ii) ‧見備註/See Remarks 7 (e)(ii) ‧見備註/See Remarks 7 (f)(i) ‧見備註/See Remarks 7 (e)(iii),
2017-03-25,2017-04-06,,第1座 (1B) Tower 1 (1B),46,A,,13761500,,‧價單第3號 (A1)付款辦法 Payment Plan (A1) of Price List No.3 見備註/See Remarks 7 (c)(i) ‧見備註/See Remarks 7 (c)(v) ‧見備註/See Remarks 7 (c)(vi) ‧見備註/See Remarks 7 (c)(vii) ‧見備註/See Remarks 7 (d)(ii) ‧見備註/See Remarks 7 (e)(ii) ‧見備註/See Remarks 7 (f)(ii) ‧見備註/See Remarks 7 (e)(iii),
2017-03-25,2017-04-06,,第1座 (1B) Tower 1 (1B),45,A,,13301300,,‧價單第3號 (A1)付款辦法 Payment Plan (A1) of Price List No.3 見備註/See Remarks 7 (c)(i) ‧見備註/See Remarks 7 (c)(v) ‧見備註/See Remarks 7 (c)(vi) ‧見備註/See Remarks 7 (c)(vii) ‧見備註/See Remarks 7 (d)(ii) ‧見備註/See Remarks 7 (e)(ii) ‧見備註/See Remarks 7 (f)(ii) ‧見備註/See Remarks 7 (e)(iii),
2017-03-25,2017-04-06,,第1座 (1B) Tower 1 (1B),42,H,,10774900,,‧價單第3號 (A1)付款辦法 Payment Plan (A1) of Price List No.3 見備註/See Remarks 7 (c)(i) ‧見備註/See Remarks 7 (c)(v) ‧見備註/See Remarks 7 (c)(vi) ‧見備註/See Remarks 7 (c)(vii) ‧見備註/See Remarks 7 (d)(ii) ‧見備註/See Remarks 7 (e)(ii) ‧見備註/See Remarks 7 (f)(ii) ‧見備註/See Remarks 7 (e)(iii),
2017-03-25,2017-04-06,,第1座 (1B) Tower 1 (1B),41,H,,10653200,,‧價單第3號 (A1)付款辦法 Payment Plan (A1) of Price List No.3 見備註/See Remarks 7 (c)(i) ‧見備註/See Remarks 7 (c)(v) ‧見備註/See Remarks 7 (c)(vi) ‧見備註/See Remarks 7 (c)(vii) ‧見備註/See Remarks 7 (d)(ii) ‧見備註/See Remarks 7 (e)(ii) ‧見備註/See Remarks 7 (f)(ii) ‧見備註/See Remarks 7 (e)(iii),
2017-03-25,2017-04-06,,第1座 (1B) 39 H Tower 1 (1B) 第2座 (2B) 30 J Tower 2 (2B),,,,17769900,,‧價單第3號 (A1)付款辦法 Payment Plan (A1) of Price List No.3 見備註/See Remarks 7 (c)(i) ‧見備註/See Remarks 7 (c)(v) ‧見備註/See Remarks 7 (c)(vi) ‧見備註/See Remarks 7 (c)(vii) ‧見備註/See Remarks 7 (d)(ii) ‧見備註/See Remarks 7 (e)(ii) ‧見備註/See Remarks 7 (f)(ii) ‧見備註/See Remarks 7 (e)(iii) ‧價單第3號 (A1)付款辦法 Payment Plan (A1) of Price List No.3 見備註/See Remarks 7 (c)(i) ‧見備註/See Remarks 7 (c)(v) ‧見備註/See Remarks 7 (c)(vi) ‧見備註/See Remarks 7 (c)(vii) ‧見備註/See Remarks 7 (d)(ii) ‧見備註/See Remarks 7 (e)(ii) ‧見備註/See Remarks 7 (f)(ii) ‧見備註/See Remarks 7 (e)(iii),
2017-03-25,2017-04-06,,第1座 (1B) Tower 1 (1B),37,H,,10843100,,‧價單第3號 (B1)付款辦法 Payment Plan (B1) of Price List No.3 見備註/See Remarks 7 (c)(ii) ‧見備註/See Remarks 7 (c)(v) ‧見備註/See Remarks 7 (c)(vi) ‧見備註/See Remarks 7 (c)(vii) ‧見備註/See Remarks 7 (e)(i) ‧見備註/See Remarks 7 (d)(ii) ‧見備註/See Remarks 7 (e)(ii) ‧見備註/See Remarks 7 (f)(ii) ‧見備註/See Remarks 7 (e)(iii),
2017-03-25,2017-04-06,,第2座 (2A) 51 A Tower 2 (2A) 第2座 (2A) 45 A Tower 2 (2A) 第2座 (2A) 46 A Tower 2 (2A),,,,110013400,,‧價單第4號 (A1)付款辦法 Payment Plan (A1) of Price List No.4 見備註/See Remarks 7 (c)(i) ‧見備註/See Remarks 7 (c)(v) ‧見備註/See Remarks 7 (c)(vi) ‧見備註/See Remarks 7 (c)(vii) ‧見備註/See Remarks 7 (d)(ii) ‧見備註/See Remarks 7 (e)(ii) ‧見備註/See Remarks 7 (f)(i) ‧見備註/See Remarks 7 (e)(iii) ‧價單第4號 (A1)付款辦法 Payment Plan (A1) of Price List No.4 見備註/See Remarks 7 (c)(i) ‧見備註/See Remarks 7 (c)(v) ‧見備註/See Remarks 7 (c)(vi) ‧見備註/See Remarks 7 (c)(vii) ‧見備註/See Remarks 7 (d)(ii) ‧見備註/See Remarks 7 (e)(ii) ‧見備註/See Remarks 7 (f)(i) ‧見備註/See Remarks 7 (e)(iii) ‧價單第4號 (A1)付款辦法 Payment Plan (A1) of Price List No.4 見備註/See Remarks 7 (c)(i) ‧見備註/See Remarks 7 (c)(v) ‧見備註/See Remarks 7 (c)(vi) ‧見備註/See Remarks 7 (c)(vii) ‧見備註/See Remarks 7 (d)(ii) ‧見備註/See Remarks 7 (e)(ii) ‧見備註/See Remarks 7 (f)(i) ‧見備註/See Remarks 7 (e)(iii),
2017-03-25,2017-04-06,,第2座 (2A) 43 A Tower 2 (2A) 第2座 (2A) 12 B Tower 2 (2A) 第2座 (2A) 22 B Tower 2 (2A),,,,89360600,,‧價單第4號 (A1)付款辦法 Payment Plan (A1) of Price List No.4 見備註/See Remarks 7 (c)(i) ‧見備註/See Remarks 7 (c)(v) ‧見備註/See Remarks 7 (c)(vi) ‧見備註/See Remarks 7 (c)(vii) ‧見備註/See Remarks 7 (d)(ii) ‧見備註/See Remarks 7 (e)(ii) ‧見備註/See Remarks 7 (f)(i) ‧見備註/See Remarks 7 (e)(iii) ‧價單第4號 (A1)付款辦法 Payment Plan (A1) of Price List No.4 見備註/See Remarks 7 (c)(i) ‧見備註/See Remarks 7 (c)(v) ‧見備註/See Remarks 7 (c)(vi) ‧見備註/See Remarks 7 (c)(vii) ‧見備註/See Remarks 7 (d)(ii) ‧見備註/See Remarks 7 (e)(ii) ‧見備註/See Remarks 7 (e)(iii) ‧價單第4號 (A1)付款辦法 Payment Plan (A1) of Price List No.4 見備註/See Remarks 7 (c)(i) ‧見備註/See Remarks 7 (c)(v) ‧見備註/See Remarks 7 (c)(vi) ‧見備註/See Remarks 7 (c)(vii) ‧見備註/See Remarks 7 (d)(ii) ‧見備註/See Remarks 7 (e)(ii) ‧見備註/See Remarks 7 (e)(iii),
2017-03-25,2017-04-06,,第2座 (2A) 42 A Tower 2 (2A) 第2座 (2A) 7 A Tower 2 (2A),,,,92400500,,‧價單第4號 (B1)付款辦法 Payment Plan (B1) of Price List No.4 見備註/See Remarks 7 (c)(ii) ‧見備註/See Remarks 7 (c)(v) ‧見備註/See Remarks 7 (c)(vi) ‧見備註/See Remarks 7 (c)(vii) ‧見備註/See Remarks 7 (e)(i) ‧見備註/See Remarks 7 (d)(ii) ‧見備註/See Remarks 7 (e)(ii) ‧見備註/See Remarks 7 (f)(i) ‧見備註/See Remarks 7 (e)(iii) ‧價單第4號 (B1)付款辦法 Payment Plan (B1) of Price List No.4 見備註/See Remarks 7 (c)(ii) ‧見備註/See Remarks 7 (c)(v) ‧見備註/See Remarks 7 (c)(vi) ‧見備註/See Remarks 7 (c)(vii) ‧見備註/See Remarks 7 (e)(i) ‧見備註/See Remarks 7 (d)(ii) ‧見備註/See Remarks 7 (e)(ii) ‧見備註/See Remarks 7 (e)(iii),
2017-03-25,2017-04-06,,第2座 (2A) 41 A Tower 2 (2A) 第2座 (2A) 40 A Tower 2 (2A),,,,66555800,,‧價單第4號 (A1)付款辦法 Payment Plan (A1) of Price List No.4 見備註/See Remarks 7 (c)(i) ‧見備註/See Remarks 7 (c)(v) ‧見備註/See Remarks 7 (c)(vi) ‧見備註/See Remarks 7 (c)(vii) ‧見備註/See Remarks 7 (d)(ii) ‧見備註/See Remarks 7 (e)(ii) ‧見備註/See Remarks 7 (f)(i) ‧見備註/See Remarks 7 (e)(iii) ‧價單第4號 (A1)付款辦法 Payment Plan (A1) of Price List No.4 見備註/See Remarks 7 (c)(i) ‧見備註/See Remarks 7 (c)(v) ‧見備註/See Remarks 7 (c)(vi) ‧見備註/See Remarks 7 (c)(vii) ‧見備註/See Remarks 7 (d)(ii) ‧見備註/See Remarks 7 (e)(ii) ‧見備註/See Remarks 7 (f)(i) ‧見備註/See Remarks 7 (e)(iii),
2017-03-25,2017-04-06,,第2座 (2A) Tower 2 (2A),36,A,,31465200,,‧價單第3號 (A1)付款辦法 Payment Plan (A1) of Price List No.3 見備註/See Remarks 7 (c)(i) ‧見備註/See Remarks 7 (c)(v) ‧見備註/See Remarks 7 (c)(vi) ‧見備註/See Remarks 7 (c)(vii) ‧見備註/See Remarks 7 (d)(ii) ‧見備註/See Remarks 7 (e)(ii) ‧見備註/See Remarks 7 (f)(i) ‧見備註/See Remarks 7 (e)(iii),
2017-03-25,2017-04-06,,第2座 (2A) Tower 2 (2A),35,A,,31308400,,‧價單第3號 (A1)付款辦法 Payment Plan (A1) of Price List No.3 見備註/See Remarks 7 (c)(i) ‧見備註/See Remarks 7 (c)(v) ‧見備註/See Remarks 7 (c)(vi) ‧見備註/See Remarks 7 (c)(vii) ‧見備註/See Remarks 7 (d)(ii) ‧見備註/See Remarks 7 (e)(ii) ‧見備註/See Remarks 7 (f)(i) ‧見備註/See Remarks 7 (e)(iii),
2017-03-25,2017-04-06,,第2座 (2A) Tower 2 (2A),33,A,,31152400,,‧價單第3號 (A1)付款辦法 Payment Plan (A1) of Price List No.3 見備註/See Remarks 7 (c)(i) ‧見備註/See Remarks 7 (c)(v) ‧見備註/See Remarks 7 (c)(vi) ‧見備註/See Remarks 7 (c)(vii) ‧見備註/See Remarks 7 (d)(ii) ‧見備註/See Remarks 7 (e)(ii) ‧見備註/See Remarks 7 (f)(i) ‧見備註/See Remarks 7 (e)(iii),
2017-03-25,2017-04-06,,第2座 (2A) 32 A Tower 2 (2A) 第2座 (2B) 40 J Tower 2 (2B),,,,38574100,,‧價單第3號 (A1)付款辦法 Payment Plan (A1) of Price List No.3 見備註/See Remarks 7 (c)(i) ‧見備註/See Remarks 7 (c)(v) ‧見備註/See Remarks 7 (c)(vi) ‧見備註/See Remarks 7 (c)(vii) ‧見備註/See Remarks 7 (d)(ii) ‧見備註/See Remarks 7 (e)(ii) ‧見備註/See Remarks 7 (f)(i) ‧見備註/See Remarks 7 (e)(iii) ‧價單第4號 (A1)付款辦法 Payment Plan (A1) of Price List No.4 見備註/See Remarks 7 (c)(i) ‧見備註/See Remarks 7 (c)(v) ‧見備註/See Remarks 7 (c)(vi) ‧見備註/See Remarks 7 (c)(vii) ‧見備註/See Remarks 7 (d)(ii) ‧見備註/See Remarks 7 (e)(ii) ‧見備註/See Remarks 7 (f)(ii) ‧見備註/See Remarks 7 (e)(iii),
2017-03-25,2017-04-06,,第2座 (2A) 31 A Tower 2 (2A) 第2座 (2B) 31 B Tower 2 (2B),,,,42737700,,‧價單第3號 (A1)付款辦法 Payment Plan (A1) of Price List No.3 見備註/See Remarks 7 (c)(i) ‧見備註/See Remarks 7 (c)(v) ‧見備註/See Remarks 7 (c)(vi) ‧見備註/See Remarks 7 (c)(vii) ‧見備註/See Remarks 7 (d)(ii) ‧見備註/See Remarks 7 (e)(ii) ‧見備註/See Remarks 7 (f)(i) ‧見備註/See Remarks 7 (e)(iii) ‧價單第3號 (A1)付款辦法 Payment Plan (A1) of Price List No.3 見備註/See Remarks 7 (c)(i) ‧見備註/See Remarks 7 (c)(v) ‧見備註/See Remarks 7 (c)(vi) ‧見備註/See Remarks 7 (c)(vii) ‧見備註/See Remarks 7 (d)(ii) ‧見備註/See Remarks 7 (e)(ii) ‧見備註/See Remarks 7 (f)(ii) ‧見備註/See Remarks 7 (e)(iii),
2017-03-25,2017-04-06,,第2座 (2A) 30 A Tower 2 (2A) 第2座 (2A) 22 A Tower 2 (2A) 第2座 (2A) 11 B Tower 2 (2A),,,,90576100,,‧價單第3號 (B1)付款辦法 Payment Plan (B1) of Price List No.3 見備註/See Remarks 7 (c)(ii) ‧見備註/See Remarks 7 (c)(v) ‧見備註/See Remarks 7 (c)(vi) ‧見備註/See Remarks 7 (c)(vii) ‧見備註/See Remarks 7 (e)(i) ‧見備註/See Remarks 7 (d)(ii) ‧見備註/See Remarks 7 (e)(ii) ‧見備註/See Remarks 7 (f)(i) ‧見備註/See Remarks 7 (e)(iii) ‧價單第4號 (B1)付款辦法 Payment Plan (B1) of Price List No.4 見備註/See Remarks 7 (c)(ii) ‧見備註/See Remarks 7 (c)(v) ‧見備註/See Remarks 7 (c)(vi) ‧見備註/See Remarks 7 (c)(vii) ‧見備註/See Remarks 7 (e)(i) ‧見備註/See Remarks 7 (d)(ii) ‧見備註/See Remarks 7 (e)(ii) ‧見備註/See Remarks 7 (e)(iii) ‧價單第4號 (B1)付款辦法 Payment Plan (B1) of Price List No.4 見備註/See Remarks 7 (c)(ii) ‧見備註/See Remarks 7 (c)(v) ‧見備註/See Remarks 7 (c)(vi) ‧見備註/See Remarks 7 (c)(vii) ‧見備註/See Remarks 7 (e)(i) ‧見備註/See Remarks 7 (d)(ii) ‧見備註/See Remarks 7 (e)(ii) ‧見備註/See Remarks 7 (e)(iii),
2017-03-25,2017-04-06,,第2座 (2A) 29 A Tower 2 (2A) 第2座 (2A) 21 A Tower 2 (2A),,,,58751100,,‧價單第4號 (A1)付款辦法 Payment Plan (A1) of Price List No.4 見備註/See Remarks 7 (c)(i) ‧見備註/See Remarks 7 (c)(v) ‧見備註/See Remarks 7 (c)(vi) ‧見備註/See Remarks 7 (c)(vii) ‧見備註/See Remarks 7 (d)(ii) ‧見備註/See Remarks 7 (e)(ii) ‧見備註/See Remarks 7 (e)(iii) ‧價單第4號 (A1)付款辦法 Payment Plan (A1) of Price List No.4 見備註/See Remarks 7 (c)(i) ‧見備註/See Remarks 7 (c)(v) ‧見備註/See Remarks 7 (c)(vi) ‧見備註/See Remarks 7 (c)(vii) ‧見備註/See Remarks 7 (d)(ii) ‧見備註/See Remarks 7 (e)(ii) ‧見備註/See Remarks 7 (e)(iii),
2017-03-25,2017-04-06,,第2座 (2A) 28 A Tower 2 (2A) 第2座 (2B) 19 K Tower 2 (2B),,,,40343900,,‧價單第4號 (A1)付款辦法 Payment Plan (A1) of Price List No.4 見備註/See Remarks 7 (c)(i) ‧見備註/See Remarks 7 (c)(v) ‧見備註/See Remarks 7 (c)(vi) ‧見備註/See Remarks 7 (c)(vii) ‧見備註/See Remarks 7 (d)(ii) ‧見備註/See Remarks 7 (e)(ii) ‧見備註/See Remarks 7 (e)(iii) ‧價單第4號 (A1)付款辦法 Payment Plan (A1) of Price List No.4 見備註/See Remarks 7 (c)(i) ‧見備註/See Remarks 7 (c)(v) ‧見備註/See Remarks 7 (c)(vi) ‧見備註/See Remarks 7 (c)(vii) ‧見備註/See Remarks 7 (d)(ii) ‧見備註/See Remarks 7 (e)(ii) ‧見備註/See Remarks 7 (f)(ii) ‧見備註/See Remarks 7 (e)(iii),
2017-03-25,2017-04-06,,第2座 (2A) Tower 2 (2A),26,A,,29445000,,‧價單第4號 (A1)付款辦法 Payment Plan (A1) of Price List No.4 見備註/See Remarks 7 (c)(i) ‧見備註/See Remarks 7 (c)(v) ‧見備註/See Remarks 7 (c)(vi) ‧見備註/See Remarks 7 (c)(vii) ‧見備註/See Remarks 7 (d)(ii) ‧見備註/See Remarks 7 (e)(ii) ‧見備註/See Remarks 7 (e)(iii),
2017-03-25,2017-04-06,,第2座 (2A) Tower 2 (2A),25,A,,29133000,,‧價單第4號 (A1)付款辦法 Payment Plan (A1) of Price List No.4 見備註/See Remarks 7 (c)(i) ‧見備註/See Remarks 7 (c)(v) ‧見備註/See Remarks 7 (c)(vi) ‧見備註/See Remarks 7 (c)(vii) ‧見備註/See Remarks 7 (d)(ii) ‧見備註/See Remarks 7 (e)(ii) ‧見備註/See Remarks 7 (e)(iii),
2017-03-25,2017-04-06,,第2座 (2A) 23 A Tower 2 (2A),,,,34656100,,‧價單第4號 (A1)付款辦法 Payment Plan (A1) of Price List No.4 見備註/See Remarks 7 (c)(i) ‧見備註/See Remarks 7 (c)(v) ‧見備註/See Remarks 7 (c)(vi) ‧見備註/See Remarks 7 (c)(vii) ‧見備註/See Remarks 7 (d)(ii) ‧見備註/See Remarks 7 (e)(ii) ‧見備註/See Remarks 7 (e)(iii),
2017-03-25,2017-04-06,,第2座 (2A) Tower 2 (2A),20,A,,27781200,,‧價單第3號 (A1)付款辦法 Payment Plan (A1) of Price List No.3 見備註/See Remarks 7 (c)(i) ‧見備註/See Remarks 7 (c)(v) ‧見備註/See Remarks 7 (c)(vi) ‧見備註/See Remarks 7 (c)(vii) ‧見備註/See Remarks 7 (d)(ii) ‧見備註/See Remarks 7 (e)(ii) ‧見備註/See Remarks 7 (e)(iii),
2017-03-25,2017-04-06,,第2座 (2A) 19 A Tower 2 (2A) 第2座 (2A) 15 B Tower 2 (2A),,,,56959500,,‧價單第3號 (B1)付款辦法 Payment Plan (B1) of Price List No.3 見備註/See Remarks 7 (c)(ii) ‧見備註/See Remarks 7 (c)(v) ‧見備註/See Remarks 7 (c)(vi) ‧見備註/See Remarks 7 (c)(vii) ‧見備註/See Remarks 7 (e)(i) ‧見備註/See Remarks 7 (d)(ii) ‧見備註/See Remarks 7 (e)(ii) ‧見備註/See Remarks 7 (e)(iii) ‧價單第4號 (B1)付款辦法 Payment Plan (B1) of Price List No.4 見備註/See Remarks 7 (c)(ii) ‧見備註/See Remarks 7 (c)(v) ‧見備註/See Remarks 7 (c)(vi) ‧見備註/See Remarks 7 (c)(vii) ‧見備註/See Remarks 7 (e)(i) ‧見備註/See Remarks 7 (d)(ii) ‧見備註/See Remarks 7 (e)(ii) ‧見備註/See Remarks 7 (e)(iii),
2017-03-25,2017-04-06,,第2座 (2A) Tower 2 (2A),18,A,,27170500,,‧價單第3號 (A1)付款辦法 Payment Plan (A1) of Price List No.3 見備註/See Remarks 7 (c)(i) ‧見備註/See Remarks 7 (c)(v) ‧見備註/See Remarks 7 (c)(vi) ‧見備註/See Remarks 7 (c)(vii) ‧見備註/See Remarks 7 (d)(ii) ‧見備註/See Remarks 7 (e)(ii) ‧見備註/See Remarks 7 (e)(iii),
2017-03-25,2017-04-06,,第2座 (2A) Tower 2 (2A),17,A,,31682300,,‧價單第3號 (B1)付款辦法 Payment Plan (B1) of Price List No.3 見備註/See Remarks 7 (c)(ii) ‧見備註/See Remarks 7 (d)(i) ‧見備註/See Remarks 7 (c)(vi) ‧見備註/See Remarks 7 (c)(vii) ‧見備註/See Remarks 7 (e)(i) ‧見備註/See Remarks 7 (d)(ii) ‧見備註/See Remarks 7 (e)(ii) ‧見備註/See Remarks 7 (e)(iii),
2017-03-25,2017-04-06,,第2座 (2A) Tower 2 (2A),16,A,,26280500,,‧價單第3號 (A1)付款辦法 Payment Plan (A1) of Price List No.3 見備註/See Remarks 7 (c)(i) ‧見備註/See Remarks 7 (c)(v) ‧見備註/See Remarks 7 (c)(vi) ‧見備註/See Remarks 7 (c)(vii) ‧見備註/See Remarks 7 (d)(ii) ‧見備註/See Remarks 7 (e)(ii) ‧見備註/See Remarks 7 (e)(iii),
2017-03-25,2017-04-06,,第2座 (2A) 15 A Tower 2 (2A) 第2座 (2B) 8 G Tower 2 (2B),,,,33697400,,‧價單第3號 (A1)付款辦法 Payment Plan (A1) of Price List No.3 見備註/See Remarks 7 (c)(i) ‧見備註/See Remarks 7 (c)(v) ‧見備註/See Remarks 7 (d)(iii) ‧見備註/See Remarks 7 (c)(vii) ‧見備註/See Remarks 7 (e)(ii) ‧見備註/See Remarks 7 (e)(iii) ‧價單第4號 (A1)付款辦法 Payment Plan (A1) of Price List No.4 見備註/See Remarks 7 (c)(i) ‧見備註/See Remarks 7 (c)(v) ‧見備註/See Remarks 7 (d)(iii) ‧見備註/See Remarks 7 (c)(vii) ‧見備註/See Remarks 7 (e)(ii) ‧見備註/See Remarks 7 (f)(ii) ‧見備註/See Remarks 7 (e)(iii),
2017-03-25,2017-04-06,,第2座 (2A) Tower 2 (2A),10,A,,25449000,,‧價單第4號 (A1)付款辦法 Payment Plan (A1) of Price List No.4 見備註/See Remarks 7 (c)(i) ‧見備註/See Remarks 7 (c)(v) ‧見備註/See Remarks 7 (c)(vi) ‧見備註/See Remarks 7 (c)(vii) ‧見備註/See Remarks 7 (d)(ii) ‧見備註/See Remarks 7 (e)(ii) ‧見備註/See Remarks 7 (e)(iii),
2017-03-25,2017-04-06,,第2座 (2A) 9 A Tower 2 (2A) 第2座 (2B) 45 A Tower 2 (2B),,,,34372900,,‧價單第4號 (A1)付款辦法 Payment Plan (A1) of Price List No.4 見備註/See Remarks 7 (c)(i) ‧見備註/See Remarks 7 (c)(v) ‧見備註/See Remarks 7 (c)(vi) ‧見備註/See Remarks 7 (c)(vii) ‧見備註/See Remarks 7 (d)(ii) ‧見備註/See Remarks 7 (e)(ii) ‧見備註/See Remarks 7 (e)(iii) ‧價單第4號 (A1)付款辦法 Payment Plan (A1) of Price List No.4 見備註/See Remarks 7 (c)(i) ‧見備註/See Remarks 7 (c)(v) ‧見備註/See Remarks 7 (c)(vi) ‧見備註/See Remarks 7 (c)(vii) ‧見備註/See Remarks 7 (d)(ii) ‧見備註/See Remarks 7 (e)(ii) ‧見備註/See Remarks 7 (f)(ii) ‧見備註/See Remarks 7 (e)(iii),
2017-03-25,2017-04-06,,第2座 (2A) Tower 2 (2A),8,A,,25397500,,‧價單第4號 (A1)付款辦法 Payment Plan (A1) of Price List No.4 見備註/See Remarks 7 (c)(i) ‧見備註/See Remarks 7 (c)(v) ‧見備註/See Remarks 7 (c)(vi) ‧見備註/See Remarks 7 (c)(vii) ‧見備註/See Remarks 7 (d)(ii) ‧見備註/See Remarks 7 (e)(ii) ‧見備註/See Remarks 7 (e)(iii),
2017-03-25,2017-04-06,,第2座 (2A) Tower 2 (2A),6,A,,25296100,,‧價單第4號 (A1)付款辦法 Payment Plan (A1) of Price List No.4 見備註/See Remarks 7 (c)(i) ‧見備註/See Remarks 7 (c)(v) ‧見備註/See Remarks 7 (c)(vi) ‧見備註/See Remarks 7 (c)(vii) ‧見備註/See Remarks 7 (d)(ii) ‧見備註/See Remarks 7 (e)(ii) ‧見備註/See Remarks 7 (e)(iii),
2017-03-25,2017-04-06,,第2座 (2A) Tower 2 (2A),23,B,,29184400,,‧價單第4號 (A1)付款辦法 Payment Plan (A1) of Price List No.4 見備註/See Remarks 7 (c)(i) ‧見備註/See Remarks 7 (c)(v) ‧見備註/See Remarks 7 (c)(vi) ‧見備註/See Remarks 7 (c)(vii) ‧見備註/See Remarks 7 (d)(ii) ‧見備註/See Remarks 7 (e)(ii) ‧見備註/See Remarks 7 (e)(iii),
2017-03-25,2017-04-06,,第2座 (2A) Tower 2 (2A),21,B,,28580700,,‧價單第4號 (A1)付款辦法 Payment Plan (A1) of Price List No.4 見備註/See Remarks 7 (c)(i) ‧見備註/See Remarks 7 (c)(v) ‧見備註/See Remarks 7 (c)(vi) ‧見備註/See Remarks 7 (c)(vii) ‧見備註/See Remarks 7 (d)(ii) ‧見備註/See Remarks 7 (e)(ii) ‧見備註/See Remarks 7 (e)(iii),
2017-03-25,2017-04-06,,第2座 (2A) 20 B Tower 2 (2A) 第1座 (1B) 40 H Tower 1 (1B),,,,38734700,,‧價單第4號 (A1)付款辦法 Payment Plan (A1) of Price List No.4 見備註/See Remarks 7 (c)(i) ‧見備註/See Remarks 7 (c)(v) ‧見備註/See Remarks 7 (c)(vi) ‧見備註/See Remarks 7 (c)(vii) ‧見備註/See Remarks 7 (d)(ii) ‧見備註/See Remarks 7 (e)(ii) ‧見備註/See Remarks 7 (e)(iii) ‧價單第3號 (A1)付款辦法 Payment Plan (A1) of Price List No.3 見備註/See Remarks 7 (c)(i) ‧見備註/See Remarks 7 (c)(v) ‧見備註/See Remarks 7 (c)(vi) ‧見備註/See Remarks 7 (c)(vii) ‧見備註/See Remarks 7 (d)(ii) ‧見備註/See Remarks 7 (e)(ii) ‧見備註/See Remarks 7 (f)(ii) ‧見備註/See Remarks 7 (e)(iii),
2017-03-25,2017-04-06,,第2座 (2A) 19 B Tower 2 (2A),,,,46035900,"在11-07-2017，基於法例第35(2)(b)條所容許的原因 ，售價調整為$43,560,800。 On 11-07-2017, the price adjusted to $43,560,800 due to the reason allowed under section 35(2)(b) of the Ordinance.",‧價單第4號 (B1)付款辦法 Payment Plan (B1) of Price List No.4 見備註/See Remarks 7 (c)(ii) ‧見備註/See Remarks 7 (d)(i) ‧見備註/See Remarks 7 (c)(vi) ‧見備註/See Remarks 7 (c)(vii) ‧見備註/See Remarks 7 (e)(i) ‧見備註/See Remarks 7 (d)(ii) ‧見備註/See Remarks 7 (e)(ii) ‧見備註/See Remarks 7 (e)(iii) ‧價單第4號 (A1)付款辦法 Payment Plan (A1) of Price List No.4 見備註/See Remarks 7 (c)(i) ‧見備註/See Remarks 7 (d)(i) ‧見備註/See Remarks 7 (c)(vi) ‧見備註/See Remarks 7 (c)(vii) ‧見備註/See Remarks 7 (d)(ii) ‧見備註/See Remarks 7 (e)(ii) ‧見備註/See Remarks 7 (e)(iii),
2017-03-25,2017-04-06,,第2座 (2A) 17 B Tower 2 (2A) 第2座 (2B) 15 K Tower 2 (2B),,,,36696600,,‧價單第4號 (A1)付款辦法 Payment Plan (A1) of Price List No.4 見備註/See Remarks 7 (c)(i) ‧見備註/See Remarks 7 (c)(v) ‧見備註/See Remarks 7 (c)(vi) ‧見備註/See Remarks 7 (c)(vii) ‧見備註/See Remarks 7 (d)(ii) ‧見備註/See Remarks 7 (e)(ii) ‧見備註/See Remarks 7 (e)(iii) ‧價單第3號 (A1)付款辦法 Payment Plan (A1) of Price List No.3 見備註/See Remarks 7 (c)(i) ‧見備註/See Remarks 7 (c)(v) ‧見備註/See Remarks 7 (c)(vi) ‧見備註/See Remarks 7 (c)(vii) ‧見備註/See Remarks 7 (d)(ii) ‧見備註/See Remarks 7 (e)(ii) ‧見備註/See Remarks 7 (f)(ii) ‧見備註/See Remarks 7 (e)(iii),
2017-03-25,2017-04-06,,第2座 (2A) Tower 2 (2A),16,B,,26651800,,‧價單第4號 (A1)付款辦法 Payment Plan (A1) of Price List No.4 見備註/See Remarks 7 (c)(i) ‧見備註/See Remarks 7 (c)(v) ‧見備註/See Remarks 7 (c)(vi) ‧見備註/See Remarks 7 (c)(vii) ‧見備註/See Remarks 7 (d)(ii) ‧見備註/See Remarks 7 (e)(ii) ‧見備註/See Remarks 7 (e)(iii),
2017-03-25,2017-04-06,,第2座 (2A) Tower 2 (2A),10,B,,25809400,,‧價單第4號 (A1)付款辦法 Payment Plan (A1) of Price List No.4 見備註/See Remarks 7 (c)(i) ‧見備註/See Remarks 7 (c)(v) ‧見備註/See Remarks 7 (c)(vi) ‧見備註/See Remarks 7 (c)(vii) ‧見備註/See Remarks 7 (d)(ii) ‧見備註/See Remarks 7 (e)(ii) ‧見備註/See Remarks 7 (e)(iii),
2017-03-25,2017-04-06,,第2座 (2A) Tower 2 (2A),9,B,,25757100,,‧價單第4號 (A1)付款辦法 Payment Plan (A1) of Price List No.4 見備註/See Remarks 7 (c)(i) ‧見備註/See Remarks 7 (c)(v) ‧見備註/See Remarks 7 (c)(vi) ‧見備註/See Remarks 7 (c)(vii) ‧見備註/See Remarks 7 (d)(ii) ‧見備註/See Remarks 7 (e)(ii) ‧見備註/See Remarks 7 (e)(iii),
2017-03-25,2017-04-06,,第2座 (2A) Tower 2 (2A),8,B,,27738400,"在14-08-2017，基於法例第35(2)(c)條所容許的原因 ，售價調整為$25,757,100。 On 14-08-2017, the price adjusted to $25,757,100 due to the reason allowed under section 35(2)(c) of the Ordinance.",‧價單第4號 (A1)付款辦法 Payment Plan (A1) of Price List No.4 見備註/See Remarks 7 (c)(i) ‧見備註/See Remarks 7 (c)(v) ‧見備註/See Remarks 7 (d)(iii) ‧見備註/See Remarks 7 (c)(vii) ‧見備註/See Remarks 7 (e)(ii) ‧見備註/See Remarks 7 (e)(iii) ‧價單第4號 (A1)付款辦法 Payment Plan (A1) of Price List No.4 見備註/See Remarks 7 (c)(i) ‧見備註/See Remarks 7 (c)(v) ‧見備註/See Remarks 7 (c)(vi) ‧見備註/See Remarks 7 (c)(vii) ‧見備註/See Remarks 7 (d)(ii) ‧見備註/See Remarks 7 (e)(ii) ‧見備註/See Remarks 7 (e)(iii) ‧(在14-08-2017修訂) (revised on 14-08-2017),
2017-03-25,2017-04-06,,第2座 (2A) Tower 2 (2A),7,B,,25704900,,‧價單第4號 (A1)付款辦法 Payment Plan (A1) of Price List No.4 見備註/See Remarks 7 (c)(i) ‧見備註/See Remarks 7 (c)(v) ‧見備註/See Remarks 7 (c)(vi) ‧見備註/See Remarks 7 (c)(vii) ‧見備註/See Remarks 7 (d)(ii) ‧見備註/See Remarks 7 (e)(ii) ‧見備註/See Remarks 7 (e)(iii),
2017-03-25,2017-04-06,,第2座 (2A) Tower 2 (2A),6,B,,25653400,,‧價單第4號 (A1)付款辦法 Payment Plan (A1) of Price List No.4 見備註/See Remarks 7 (c)(i) ‧見備註/See Remarks 7 (c)(v) ‧見備註/See Remarks 7 (c)(vi) ‧見備註/See Remarks 7 (c)(vii) ‧見備註/See Remarks 7 (d)(ii) ‧見備註/See Remarks 7 (e)(ii) ‧見備註/See Remarks 7 (e)(iii),
2017-03-25,2017-04-06,,第2座 (2B) Tower 2 (2B),51,A,,9639200,,‧價單第4號 (A1)付款辦法 Payment Plan (A1) of Price List No.4 見備註/See Remarks 7 (c)(i) ‧見備註/See Remarks 7 (c)(v) ‧見備註/See Remarks 7 (c)(vi) ‧見備註/See Remarks 7 (c)(vii) ‧見備註/See Remarks 7 (d)(ii) ‧見備註/See Remarks 7 (e)(ii) ‧見備註/See Remarks 7 (f)(ii) ‧見備註/See Remarks 7 (e)(iii),
2017-03-25,2017-04-06,,第2座 (2B) Tower 2 (2B),50,A,,9469200,,‧價單第4號 (A1)付款辦法 Payment Plan (A1) of Price List No.4 見備註/See Remarks 7 (c)(i) ‧見備註/See Remarks 7 (c)(v) ‧見備註/See Remarks 7 (c)(vi) ‧見備註/See Remarks 7 (c)(vii) ‧見備註/See Remarks 7 (d)(ii) ‧見備註/See Remarks 7 (e)(ii) ‧見備註/See Remarks 7 (f)(ii) ‧見備註/See Remarks 7 (e)(iii),
2017-03-25,2017-04-06,,第2座 (2B) Tower 2 (2B),49,A,,9301500,,‧價單第4號 (A1)付款辦法 Payment Plan (A1) of Price List No.4 見備註/See Remarks 7 (c)(i) ‧見備註/See Remarks 7 (c)(v) ‧見備註/See Remarks 7 (c)(vi) ‧見備註/See Remarks 7 (c)(vii) ‧見備註/See Remarks 7 (d)(ii) ‧見備註/See Remarks 7 (e)(ii) ‧見備註/See Remarks 7 (f)(ii) ‧見備註/See Remarks 7 (e)(iii),
2017-03-25,2017-04-06,,第2座 (2B) Tower 2 (2B),48,A,,9301500,,‧價單第4號 (A1)付款辦法 Payment Plan (A1) of Price List No.4 見備註/See Remarks 7 (c)(i) ‧見備註/See Remarks 7 (c)(v) ‧見備註/See Remarks 7 (c)(vi) ‧見備註/See Remarks 7 (c)(vii) ‧見備註/See Remarks 7 (d)(ii) ‧見備註/See Remarks 7 (e)(ii) ‧見備註/See Remarks 7 (f)(ii) ‧見備註/See Remarks 7 (e)(iii),
2017-03-25,2017-04-06,,第2座 (2B) Tower 2 (2B),47,A,,10309200,,‧價單第4號 (A1)付款辦法 Payment Plan (A1) of Price List No.4 見備註/See Remarks 7 (c)(i) ‧見備註/See Remarks 7 (d)(i) ‧見備註/See Remarks 7 (c)(vi) ‧見備註/See Remarks 7 (c)(vii) ‧見備註/See Remarks 7 (d)(ii) ‧見備註/See Remarks 7 (e)(ii) ‧見備註/See Remarks 7 (f)(ii) ‧見備註/See Remarks 7 (e)(iii),
2017-03-25,2017-04-06,,第2座 (2B) Tower 2 (2B),46,A,,10797300,,‧價單第4號 (B1)付款辦法 Payment Plan (B1) of Price List No.4 見備註/See Remarks 7 (c)(ii) ‧見備註/See Remarks 7 (d)(i) ‧見備註/See Remarks 7 (c)(vi) ‧見備註/See Remarks 7 (c)(vii) ‧見備註/See Remarks 7 (e)(i) ‧見備註/See Remarks 7 (d)(ii) ‧見備註/See Remarks 7 (e)(ii) ‧見備註/See Remarks 7 (f)(ii) ‧見備註/See Remarks 7 (e)(iii),
2017-03-25,2017-04-06,,第2座 (2B) Tower 2 (2B),43,A,,8895100,,‧價單第4號 (A1)付款辦法 Payment Plan (A1) of Price List No.4 見備註/See Remarks 7 (c)(i) ‧見備註/See Remarks 7 (c)(v) ‧見備註/See Remarks 7 (c)(vi) ‧見備註/See Remarks 7 (c)(vii) ‧見備註/See Remarks 7 (d)(ii) ‧見備註/See Remarks 7 (e)(ii) ‧見備註/See Remarks 7 (f)(ii) ‧見備註/See Remarks 7 (e)(iii),
2017-03-25,2017-04-06,,第2座 (2B) Tower 2 (2B),41,A,,8753900,,‧價單第4號 (A1)付款辦法 Payment Plan (A1) of Price List No.4 見備註/See Remarks 7 (c)(i) ‧見備註/See Remarks 7 (c)(v) ‧見備註/See Remarks 7 (c)(vi) ‧見備註/See Remarks 7 (c)(vii) ‧見備註/See Remarks 7 (d)(ii) ‧見備註/See Remarks 7 (e)(ii) ‧見備註/See Remarks 7 (f)(ii) ‧見備註/See Remarks 7 (e)(iii),
2017-03-25,2017-04-06,,第2座 (2B) Tower 2 (2B),40,A,,9242800,,‧價單第4號 (B1)付款辦法 Payment Plan (B1) of Price List No.4 見備註/See Remarks 7 (c)(ii) ‧見備註/See Remarks 7 (c)(v) ‧見備註/See Remarks 7 (c)(vi) ‧見備註/See Remarks 7 (c)(vii) ‧見備註/See Remarks 7 (e)(i) ‧見備註/See Remarks 7 (d)(ii) ‧見備註/See Remarks 7 (e)(ii) ‧見備註/See Remarks 7 (f)(ii) ‧見備註/See Remarks 7 (e)(iii),
2017-03-25,2017-04-06,,第2座 (2B) Tower 2 (2B),39,A,,8624400,,‧價單第4號 (A1)付款辦法 Payment Plan (A1) of Price List No.4 見備註/See Remarks 7 (c)(i) ‧見備註/See Remarks 7 (c)(v) ‧見備註/See Remarks 7 (c)(vi) ‧見備註/See Remarks 7 (c)(vii) ‧見備註/See Remarks 7 (d)(ii) ‧見備註/See Remarks 7 (e)(ii) ‧見備註/See Remarks 7 (f)(ii) ‧見備註/See Remarks 7 (e)(iii),
2017-03-25,2017-04-06,,第2座 (2B) Tower 2 (2B),38,A,,8564400,,‧價單第4號 (A1)付款辦法 Payment Plan (A1) of Price List No.4 見備註/See Remarks 7 (c)(i) ‧見備註/See Remarks 7 (c)(v) ‧見備註/See Remarks 7 (c)(vi) ‧見備註/See Remarks 7 (c)(vii) ‧見備註/See Remarks 7 (d)(ii) ‧見備註/See Remarks 7 (e)(ii) ‧見備註/See Remarks 7 (f)(ii) ‧見備註/See Remarks 7 (e)(iii),
2017-03-25,2017-04-06,,第2座 (2B) Tower 2 (2B),37,A,,8987200,,‧價單第3號 (B1)付款辦法 Payment Plan (B1) of Price List No.3 見備註/See Remarks 7 (c)(ii) ‧見備註/See Remarks 7 (c)(v) ‧見備註/See Remarks 7 (c)(vi) ‧見備註/See Remarks 7 (c)(vii) ‧見備註/See Remarks 7 (e)(i) ‧見備註/See Remarks 7 (d)(ii) ‧見備註/See Remarks 7 (e)(ii) ‧見備註/See Remarks 7 (f)(ii) ‧見備註/See Remarks 7 (e)(iii),
2017-03-25,2017-04-06,,第2座 (2B) Tower 2 (2B),35,A,,8361600,,‧價單第3號 (A1)付款辦法 Payment Plan (A1) of Price List No.3 見備註/See Remarks 7 (c)(i) ‧見備註/See Remarks 7 (c)(v) ‧見備註/See Remarks 7 (c)(vi) ‧見備註/See Remarks 7 (c)(vii) ‧見備註/See Remarks 7 (d)(ii) ‧見備註/See Remarks 7 (e)(ii) ‧見備註/See Remarks 7 (f)(ii) ‧見備註/See Remarks 7 (e)(iii),
2017-03-25,2017-04-06,,第2座 (2B) 32 A Tower 2 (2B) 第2座 (2B) 33 A Tower 2 (2B),,,,16601500,,‧價單第3號 (A1)付款辦法 Payment Plan (A1) of Price List No.3 見備註/See Remarks 7 (c)(i) ‧見備註/See Remarks 7 (c)(v) ‧見備註/See Remarks 7 (c)(vi) ‧見備註/See Remarks 7 (c)(vii) ‧見備註/See Remarks 7 (d)(ii) ‧見備註/See Remarks 7 (e)(ii) ‧見備註/See Remarks 7 (f)(ii) ‧見備註/See Remarks 7 (e)(iii) ‧價單第3號 (A1)付款辦法 Payment Plan (A1) of Price List No.3 見備註/See Remarks 7 (c)(i) ‧見備註/See Remarks 7 (c)(v) ‧見備註/See Remarks 7 (c)(vi) ‧見備註/See Remarks 7 (c)(vii) ‧見備註/See Remarks 7 (d)(ii) ‧見備註/See Remarks 7 (e)(ii) ‧見備註/See Remarks 7 (f)(ii) ‧見備註/See Remarks 7 (e)(iii),
2017-03-25,2017-04-06,,第2座 (2B) Tower 2 (2B),30,A,,8197000,,‧價單第3號 (A1)付款辦法 Payment Plan (A1) of Price List No.3 見備註/See Remarks 7 (c)(i) ‧見備註/See Remarks 7 (c)(v) ‧見備註/See Remarks 7 (c)(vi) ‧見備註/See Remarks 7 (c)(vii) ‧見備註/See Remarks 7 (d)(ii) ‧見備註/See Remarks 7 (e)(ii) ‧見備註/See Remarks 7 (f)(ii) ‧見備註/See Remarks 7 (e)(iii),
2017-03-25,,,第2座 (2B) Tower 2 (2B),29,A,,8156400,,‧價單第3號 (A1)付款辦法 Payment Plan (A1) of Price List No.3 見備註/See Remarks 7 (c)(i) ‧見備註/See Remarks 7 (c)(v) ‧見備註/See Remarks 7 (c)(vi) ‧見備註/See Remarks 7 (c)(vii) ‧見備註/See Remarks 7 (d)(ii) ‧見備註/See Remarks 7 (e)(ii) ‧見備註/See Remarks 7 (f)(ii) ‧見備註/See Remarks 7 (e)(iii),
2017-03-25,2017-04-06,,第2座 (2B) Tower 2 (2B),28,A,,8156400,,‧價單第3號 (A1)付款辦法 Payment Plan (A1) of Price List No.3 見備註/See Remarks 7 (c)(i) ‧見備註/See Remarks 7 (c)(v) ‧見備註/See Remarks 7 (c)(vi) ‧見備註/See Remarks 7 (c)(vii) ‧見備註/See Remarks 7 (d)(ii) ‧見備註/See Remarks 7 (e)(ii) ‧見備註/See Remarks 7 (f)(ii) ‧見備註/See Remarks 7 (e)(iii),
2017-03-25,2017-04-06,,第2座 (2B) Tower 2 (2B),26,A,,8009800,,‧價單第3號 (A1)付款辦法 Payment Plan (A1) of Price List No.3 見備註/See Remarks 7 (c)(i) ‧見備註/See Remarks 7 (c)(v) ‧見備註/See Remarks 7 (c)(vi) ‧見備註/See Remarks 7 (c)(vii) ‧見備註/See Remarks 7 (d)(ii) ‧見備註/See Remarks 7 (e)(ii) ‧見備註/See Remarks 7 (f)(ii) ‧見備註/See Remarks 7 (e)(iii),
2017-03-25,2017-04-06,,第2座 (2B) Tower 2 (2B),25,A,,7961400,,‧價單第3號 (A1)付款辦法 Payment Plan (A1) of Price List No.3 見備註/See Remarks 7 (c)(i) ‧見備註/See Remarks 7 (c)(v) ‧見備註/See Remarks 7 (c)(vi) ‧見備註/See Remarks 7 (c)(vii) ‧見備註/See Remarks 7 (d)(ii) ‧見備註/See Remarks 7 (e)(ii) ‧見備註/See Remarks 7 (f)(ii) ‧見備註/See Remarks 7 (e)(iii),
2017-03-25,2017-04-06,,第2座 (2B) Tower 2 (2B),22,A,,8873900,,‧價單第3號 (A1)付款辦法 Payment Plan (A1) of Price List No.3 見備註/See Remarks 7 (c)(i) ‧見備註/See Remarks 7 (d)(i) ‧見備註/See Remarks 7 (c)(vi) ‧見備註/See Remarks 7 (c)(vii) ‧見備註/See Remarks 7 (d)(ii) ‧見備註/See Remarks 7 (e)(ii) ‧見備註/See Remarks 7 (f)(ii) ‧見備註/See Remarks 7 (e)(iii),
2017-03-25,2017-04-06,,第2座 (2B) Tower 2 (2B),21,A,,7818700,,‧價單第3號 (A1)付款辦法 Payment Plan (A1) of Price List No.3 見備註/See Remarks 7 (c)(i) ‧見備註/See Remarks 7 (c)(v) ‧見備註/See Remarks 7 (c)(vi) ‧見備註/See Remarks 7 (c)(vii) ‧見備註/See Remarks 7 (d)(ii) ‧見備註/See Remarks 7 (e)(ii) ‧見備註/See Remarks 7 (f)(ii) ‧見備註/See Remarks 7 (e)(iii),
2017-03-25,2017-04-06,,第2座 (2B) Tower 2 (2B),20,A,,7771900,,‧價單第4號 (A1)付款辦法 Payment Plan (A1) of Price List No.4 見備註/See Remarks 7 (c)(i) ‧見備註/See Remarks 7 (c)(v) ‧見備註/See Remarks 7 (c)(vi) ‧見備註/See Remarks 7 (c)(vii) ‧見備註/See Remarks 7 (d)(ii) ‧見備註/See Remarks 7 (e)(ii) ‧見備註/See Remarks 7 (f)(ii) ‧見備註/See Remarks 7 (e)(iii),
2017-03-25,2017-04-06,,第2座 (2B) Tower 2 (2B),19,A,,7725900,,‧價單第4號 (A1)付款辦法 Payment Plan (A1) of Price List No.4 見備註/See Remarks 7 (c)(i) ‧見備註/See Remarks 7 (c)(v) ‧見備註/See Remarks 7 (c)(vi) ‧見備註/See Remarks 7 (c)(vii) ‧見備註/See Remarks 7 (d)(ii) ‧見備註/See Remarks 7 (e)(ii) ‧見備註/See Remarks 7 (f)(ii) ‧見備註/See Remarks 7 (e)(iii),
2017-03-25,2017-04-06,,第2座 (2B) Tower 2 (2B),18,A,,7725900,,‧價單第4號 (A1)付款辦法 Payment Plan (A1) of Price List No.4 見備註/See Remarks 7 (c)(i) ‧見備註/See Remarks 7 (c)(v) ‧見備註/See Remarks 7 (c)(vi) ‧見備註/See Remarks 7 (c)(vii) ‧見備註/See Remarks 7 (d)(ii) ‧見備註/See Remarks 7 (e)(ii) ‧見備註/See Remarks 7 (f)(ii) ‧見備註/See Remarks 7 (e)(iii),
2017-03-25,2017-04-06,,第2座 (2B) Tower 2 (2B),17,A,,9166000,,‧價單第4號 (B1)付款辦法 Payment Plan (B1) of Price List No.4 見備註/See Remarks 7 (c)(ii) ‧見備註/See Remarks 7 (d)(i) ‧見備註/See Remarks 7 (c)(vi) ‧見備註/See Remarks 7 (c)(vii) ‧見備註/See Remarks 7 (e)(i) ‧見備註/See Remarks 7 (d)(ii) ‧見備註/See Remarks 7 (e)(ii) ‧見備註/See Remarks 7 (f)(ii) ‧見備註/See Remarks 7 (e)(iii),
2017-03-25,2017-04-06,,第2座 (2B) Tower 2 (2B),16,A,,7679100,,‧價單第4號 (A1)付款辦法 Payment Plan (A1) of Price List No.4 見備註/See Remarks 7 (c)(i) ‧見備註/See Remarks 7 (c)(v) ‧見備註/See Remarks 7 (c)(vi) ‧見備註/See Remarks 7 (c)(vii) ‧見備註/See Remarks 7 (d)(ii) ‧見備註/See Remarks 7 (e)(ii) ‧見備註/See Remarks 7 (f)(ii) ‧見備註/See Remarks 7 (e)(iii),
2017-03-25,2017-04-06,,第2座 (2B) 15 A Tower 2 (2B) 第2座 (2B) 12 A Tower 2 (2B),,,,15334800,,‧價單第4號 (A1)付款辦法 Payment Plan (A1) of Price List No.4 見備註/See Remarks 7 (c)(i) ‧見備註/See Remarks 7 (c)(v) ‧見備註/See Remarks 7 (c)(vi) ‧見備註/See Remarks 7 (c)(vii) ‧見備註/See Remarks 7 (d)(ii) ‧見備註/See Remarks 7 (e)(ii) ‧見備註/See Remarks 7 (f)(ii) ‧見備註/See Remarks 7 (e)(iii) ‧價單第4號 (A1)付款辦法 Payment Plan (A1) of Price List No.4 見備註/See Remarks 7 (c)(i) ‧見備註/See Remarks 7 (c)(v) ‧見備註/See Remarks 7 (c)(vi) ‧見備註/See Remarks 7 (c)(vii) ‧見備註/See Remarks 7 (d)(ii) ‧見備註/See Remarks 7 (e)(ii) ‧見備註/See Remarks 7 (f)(ii) ‧見備註/See Remarks 7 (e)(iii),
2017-03-25,2017-04-06,,第2座 (2B) Tower 2 (2B),11,A,,9128800,,‧價單第4號 (B1)付款辦法 Payment Plan (B1) of Price List No.4 見備註/See Remarks 7 (c)(ii) ‧見備註/See Remarks 7 (d)(i) ‧見備註/See Remarks 7 (c)(vi) ‧見備註/See Remarks 7 (c)(vii) ‧見備註/See Remarks 7 (e)(i) ‧見備註/See Remarks 7 (d)(ii) ‧見備註/See Remarks 7 (e)(ii) ‧見備註/See Remarks 7 (f)(ii) ‧見備註/See Remarks 7 (e)(iii),
2017-03-25,2017-04-06,,第2座 (2B) Tower 2 (2B),10,A,,7648600,,‧價單第4號 (A1)付款辦法 Payment Plan (A1) of Price List No.4 見備註/See Remarks 7 (c)(i) ‧見備註/See Remarks 7 (c)(v) ‧見備註/See Remarks 7 (c)(vi) ‧見備註/See Remarks 7 (c)(vii) ‧見備註/See Remarks 7 (d)(ii) ‧見備註/See Remarks 7 (e)(ii) ‧見備註/See Remarks 7 (f)(ii) ‧見備註/See Remarks 7 (e)(iii),
2017-03-25,2017-04-06,,第2座 (2B) Tower 2 (2B),8,A,,8621300,,‧價單第4號 (A1)付款辦法 Payment Plan (A1) of Price List No.4 見備註/See Remarks 7 (c)(i) ‧見備註/See Remarks 7 (d)(i) ‧見備註/See Remarks 7 (c)(vi) ‧見備註/See Remarks 7 (c)(vii) ‧見備註/See Remarks 7 (d)(ii) ‧見備註/See Remarks 7 (e)(ii) ‧見備註/See Remarks 7 (f)(ii) ‧見備註/See Remarks 7 (e)(iii),
2017-03-25,2017-04-06,,第2座 (2B) Tower 2 (2B),7,A,,7633000,,‧價單第4號 (A1)付款辦法 Payment Plan (A1) of Price List No.4 見備註/See Remarks 7 (c)(i) ‧見備註/See Remarks 7 (c)(v) ‧見備註/See Remarks 7 (c)(vi) ‧見備註/See Remarks 7 (c)(vii) ‧見備註/See Remarks 7 (d)(ii) ‧見備註/See Remarks 7 (e)(ii) ‧見備註/See Remarks 7 (f)(ii) ‧見備註/See Remarks 7 (e)(iii),
2017-03-25,2017-04-06,,第2座 (2B) Tower 2 (2B),6,A,,7625200,"在02-08-2017，基於法例第35(2)(b)條所容許的原因 ，售價調整為$8,114,000。 On 02-08-2017, the price adjusted to $8,114,000 due to the reason allowed under section 35(2)(b) of the Ordinance.",‧價單第4號 (A1)付款辦法 Payment Plan (A1) of Price List No.4 見備註/See Remarks 7 (c)(i) ‧見備註/See Remarks 7 (c)(v) ‧見備註/See Remarks 7 (c)(vi) ‧見備註/See Remarks 7 (c)(vii) ‧見備註/See Remarks 7 (d)(ii) ‧見備註/See Remarks 7 (e)(ii) ‧見備註/See Remarks 7 (f)(ii) ‧見備註/See Remarks 7 (e)(iii) ‧價單第4號 (B1)付款辦法 Payment Plan (B1) of Price List No.4 見備註/See Remarks 7 (c)(ii) ‧見備註/See Remarks 7 (c)(v) ‧見備註/See Remarks 7 (c)(vi) ‧見備註/See Remarks 7 (c)(vii) ‧見備註/See Remarks 7 (e)(i) ‧見備註/See Remarks 7 (d)(ii) ‧見備註/See Remarks 7 (e)(ii) ‧見備註/See Remarks 7 (f)(ii) ‧見備註/See Remarks 7 (e)(iii) ‧(在02-08-2017修訂) (revised on 02-08-2017),
2017-03-25,2017-04-06,,第2座 (2B) 51 B Tower 2 (2B) 第2座 (2B) 31 A Tower 2 (2B),,,,22157400,,‧價單第4號 (A1)付款辦法 Payment Plan (A1) of Price List No.4 見備註/See Remarks 7 (c)(i) ‧見備註/See Remarks 7 (c)(v) ‧見備註/See Remarks 7 (c)(vi) ‧見備註/See Remarks 7 (c)(vii) ‧見備註/See Remarks 7 (d)(ii) ‧見備註/See Remarks 7 (e)(ii) ‧見備註/See Remarks 7 (f)(ii) ‧見備註/See Remarks 7 (e)(iii) ‧價單第3號 (A1)付款辦法 Payment Plan (A1) of Price List No.3 見備註/See Remarks 7 (c)(i) ‧見備註/See Remarks 7 (c)(v) ‧見備註/See Remarks 7 (c)(vi) ‧見備註/See Remarks 7 (c)(vii) ‧見備註/See Remarks 7 (d)(ii) ‧見備註/See Remarks 7 (e)(ii) ‧見備註/See Remarks 7 (f)(ii) ‧見備註/See Remarks 7 (e)(iii),
2017-03-25,2017-04-06,,第2座 (2B) Tower 2 (2B),50,B,,14549900,,‧價單第4號 (B1)付款辦法 Payment Plan (B1) of Price List No.4 見備註/See Remarks 7 (c)(ii) ‧見備註/See Remarks 7 (c)(v) ‧見備註/See Remarks 7 (c)(vi) ‧見備註/See Remarks 7 (c)(vii) ‧見備註/See Remarks 7 (e)(i) ‧見備註/See Remarks 7 (d)(ii) ‧見備註/See Remarks 7 (e)(ii) ‧見備註/See Remarks 7 (f)(ii) ‧見備註/See Remarks 7 (e)(iii),
2017-03-25,2017-04-06,,第2座 (2B) Tower 2 (2B),49,B,,13430800,,‧價單第4號 (A1)付款辦法 Payment Plan (A1) of Price List No.4 見備註/See Remarks 7 (c)(i) ‧見備註/See Remarks 7 (c)(v) ‧見備註/See Remarks 7 (c)(vi) ‧見備註/See Remarks 7 (c)(vii) ‧見備註/See Remarks 7 (d)(ii) ‧見備註/See Remarks 7 (e)(ii) ‧見備註/See Remarks 7 (f)(ii) ‧見備註/See Remarks 7 (e)(iii),
2017-03-25,2017-04-06,,第2座 (2B) Tower 2 (2B),48,B,,13430800,,‧價單第4號 (A1)付款辦法 Payment Plan (A1) of Price List No.4 見備註/See Remarks 7 (c)(i) ‧見備註/See Remarks 7 (c)(v) ‧見備註/See Remarks 7 (c)(vi) ‧見備註/See Remarks 7 (c)(vii) ‧見備註/See Remarks 7 (d)(ii) ‧見備註/See Remarks 7 (e)(ii) ‧見備註/See Remarks 7 (f)(ii) ‧見備註/See Remarks 7 (e)(iii),
2017-03-25,2017-04-06,,第2座 (2B) 47 B Tower 2 (2B),,,,26037100,,‧價單第4號 (A1)付款辦法 Payment Plan (A1) of Price List No.4 見備註/See Remarks 7 (c)(i) ‧見備註/See Remarks 7 (c)(v) ‧見備註/See Remarks 7 (c)(vi) ‧見備註/See Remarks 7 (c)(vii) ‧見備註/See Remarks 7 (d)(ii) ‧見備註/See Remarks 7 (e)(ii) ‧見備註/See Remarks 7 (f)(ii) ‧見備註/See Remarks 7 (e)(iii),
2017-03-25,2017-04-06,,第2座 (2B) 46 B Tower 2 (2B) 第2座 (2B) 46 G Tower 2 (2B),,,,19086500,,‧價單第4號 (A1)付款辦法 Payment Plan (A1) of Price List No.4 見備註/See Remarks 7 (c)(i) ‧見備註/See Remarks 7 (c)(v) ‧見備註/See Remarks 7 (c)(vi) ‧見備註/See Remarks 7 (c)(vii) ‧見備註/See Remarks 7 (d)(ii) ‧見備註/See Remarks 7 (e)(ii) ‧見備註/See Remarks 7 (f)(ii) ‧見備註/See Remarks 7 (e)(iii) ‧價單第4號 (A1)付款辦法 Payment Plan (A1) of Price List No.4 見備註/See Remarks 7 (c)(i) ‧見備註/See Remarks 7 (c)(v) ‧見備註/See Remarks 7 (c)(vi) ‧見備註/See Remarks 7 (c)(vii) ‧見備註/See Remarks 7 (d)(ii) ‧見備註/See Remarks 7 (e)(ii) ‧見備註/See Remarks 7 (f)(ii) ‧見備註/See Remarks 7 (e)(iii),
2017-03-25,2017-04-06,,第2座 (2B) Tower 2 (2B),45,B,,14622000,,‧價單第4號 (A1)付款辦法 Payment Plan (A1) of Price List No.4 見備註/See Remarks 7 (c)(i) ‧見備註/See Remarks 7 (d)(i) ‧見備註/See Remarks 7 (c)(vi) ‧見備註/See Remarks 7 (c)(vii) ‧見備註/See Remarks 7 (d)(ii) ‧見備註/See Remarks 7 (e)(ii) ‧見備註/See Remarks 7 (f)(ii) ‧見備註/See Remarks 7 (e)(iii),
2017-03-25,2017-04-06,,第2座 (2B) 42 B Tower 2 (2B),,,,21565400,,‧價單第4號 (A1)付款辦法 Payment Plan (A1) of Price List No.4 見備註/See Remarks 7 (c)(i) ‧見備註/See Remarks 7 (c)(v) ‧見備註/See Remarks 7 (c)(vi) ‧見備註/See Remarks 7 (c)(vii) ‧見備註/See Remarks 7 (d)(ii) ‧見備註/See Remarks 7 (e)(ii) ‧見備註/See Remarks 7 (f)(ii) ‧見備註/See Remarks 7 (e)(iii),
2017-03-25,2017-04-06,,第2座 (2B) Tower 2 (2B),41,B,,12641400,,‧價單第4號 (A1)付款辦法 Payment Plan (A1) of Price List No.4 見備註/See Remarks 7 (c)(i) ‧見備註/See Remarks 7 (c)(v) ‧見備註/See Remarks 7 (c)(vi) ‧見備註/See Remarks 7 (c)(vii) ‧見備註/See Remarks 7 (d)(ii) ‧見備註/See Remarks 7 (e)(ii) ‧見備註/See Remarks 7 (f)(ii) ‧見備註/See Remarks 7 (e)(iii),
2017-03-25,2017-04-06,,第2座 (2B) Tower 2 (2B),40,B,,12541600,,‧價單第4號 (A1)付款辦法 Payment Plan (A1) of Price List No.4 見備註/See Remarks 7 (c)(i) ‧見備註/See Remarks 7 (c)(v) ‧見備註/See Remarks 7 (c)(vi) ‧見備註/See Remarks 7 (c)(vii) ‧見備註/See Remarks 7 (d)(ii) ‧見備註/See Remarks 7 (e)(ii) ‧見備註/See Remarks 7 (f)(ii) ‧見備註/See Remarks 7 (e)(iii),
2017-03-25,2017-04-06,,第2座 (2B) Tower 2 (2B),39,B,,12452700,,‧價單第4號 (A1)付款辦法 Payment Plan (A1) of Price List No.4 見備註/See Remarks 7 (c)(i) ‧見備註/See Remarks 7 (c)(v) ‧見備註/See Remarks 7 (c)(vi) ‧見備註/See Remarks 7 (c)(vii) ‧見備註/See Remarks 7 (d)(ii) ‧見備註/See Remarks 7 (e)(ii) ‧見備註/See Remarks 7 (f)(ii) ‧見備註/See Remarks 7 (e)(iii),
2017-03-25,2017-04-06,,第2座 (2B) Tower 2 (2B),38,B,,12366900,,‧價單第4號 (A1)付款辦法 Payment Plan (A1) of Price List No.4 見備註/See Remarks 7 (c)(i) ‧見備註/See Remarks 7 (c)(v) ‧見備註/See Remarks 7 (c)(vi) ‧見備註/See Remarks 7 (c)(vii) ‧見備註/See Remarks 7 (d)(ii) ‧見備註/See Remarks 7 (e)(ii) ‧見備註/See Remarks 7 (f)(ii) ‧見備註/See Remarks 7 (e)(iii),
2017-03-25,2017-04-06,,第2座 (2B) Tower 2 (2B),37,B,,12196000,,‧價單第3號 (A1)付款辦法 Payment Plan (A1) of Price List No.3 見備註/See Remarks 7 (c)(i) ‧見備註/See Remarks 7 (c)(v) ‧見備註/See Remarks 7 (c)(vi) ‧見備註/See Remarks 7 (c)(vii) ‧見備註/See Remarks 7 (d)(ii) ‧見備註/See Remarks 7 (e)(ii) ‧見備註/See Remarks 7 (f)(ii) ‧見備註/See Remarks 7 (e)(iii),
2017-03-25,2017-04-06,,第2座 (2B) 36 B Tower 2 (2B) 第2座 (2B) 36 A Tower 2 (2B),,,,21857100,"在25-08-2017，基於法例第35(2)(b)條所容許的原因 ，售價調整為$20,540,500。 On 25-08-2017, the price adjusted to $20,540,500 due to the reason allowed under section 35(2)(b) of the Ordinance.",‧價單第3號 (B1)付款辦法 Payment Plan (B1) of Price List No.3 見備註/See Remarks 7 (c)(ii) ‧見備註/See Remarks 7 (c)(v) ‧見備註/See Remarks 7 (c)(vi) ‧見備註/See Remarks 7 (c)(vii) ‧見備註/See Remarks 7 (e)(i) ‧見備註/See Remarks 7 (d)(ii) ‧見備註/See Remarks 7 (e)(ii) ‧見備註/See Remarks 7 (f)(ii) ‧見備註/See Remarks 7 (e)(iii) ‧價單第3號 (A1)付款辦法 Payment Plan (A1) of Price List No.3 見備註/See Remarks 7 (c)(i) ‧見備註/See Remarks 7 (c)(v) ‧見備註/See Remarks 7 (c)(vi) ‧見備註/See Remarks 7 (c)(vii) ‧見備註/See Remarks 7 (d)(ii) ‧見備註/See Remarks 7 (e)(ii) ‧見備註/See Remarks 7 (f)(ii) ‧見備註/See Remarks 7 (e)(iii) ‧價單第3號 (B1)付款辦法 Payment Plan (B1) of Price List No.3 見備註/See Remarks 7 (c)(ii) ‧見備註/See Remarks 7 (c)(v) ‧見備註/See Remarks 7 (c)(vi) ‧見備註/See Remarks 7 (c)(vii) ‧見備註/See Remarks 7 (e)(i) ‧見備註/See Remarks 7 (d)(ii) ‧見備註/See Remarks 7 (e)(ii) ‧見備註/See Remarks 7 (f)(ii) ‧見備註/See Remarks 7 (e)(iii) ‧價單第3號 (A1)付款辦法 Payment Plan (A1) of Price List No.3 見備註/See Remarks 7 (c)(i) ‧見備註/See Remarks 7 (c)(v) ‧見備註/See Remarks 7 (c)(vi) ‧見備註/See Remarks 7 (c)(vii) ‧見備註/See Remarks 7 (d)(ii) ‧見備註/See Remarks 7 (e)(ii) ‧見備註/See Remarks 7 (f)(ii) ‧見備註/See Remarks 7 (e)(iii) ‧(在25-08-2017修訂) (revised on 25-08-2017),
2017-03-25,2017-04-06,,第2座 (2B) Tower 2 (2B),35,B,,12075100,,‧價單第3號 (A1)付款辦法 Payment Plan (A1) of Price List No.3 見備註/See Remarks 7 (c)(i) ‧見備註/See Remarks 7 (c)(v) ‧見備註/See Remarks 7 (c)(vi) ‧見備註/See Remarks 7 (c)(vii) ‧見備註/See Remarks 7 (d)(ii) ‧見備註/See Remarks 7 (e)(ii) ‧見備註/See Remarks 7 (f)(ii) ‧見備註/See Remarks 7 (e)(iii),
2017-03-25,2017-04-06,,第2座 (2B) Tower 2 (2B),33,B,,12015100,,‧價單第3號 (A1)付款辦法 Payment Plan (A1) of Price List No.3 見備註/See Remarks 7 (c)(i) ‧見備註/See Remarks 7 (c)(v) ‧見備註/See Remarks 7 (c)(vi) ‧見備註/See Remarks 7 (c)(vii) ‧見備註/See Remarks 7 (d)(ii) ‧見備註/See Remarks 7 (e)(ii) ‧見備註/See Remarks 7 (f)(ii) ‧見備註/See Remarks 7 (e)(iii),
2017-03-25,2017-04-06,,第2座 (2B) Tower 2 (2B),32,B,,11955000,,‧價單第3號 (A1)付款辦法 Payment Plan (A1) of Price List No.3 見備註/See Remarks 7 (c)(i) ‧見備註/See Remarks 7 (c)(v) ‧見備註/See Remarks 7 (c)(vi) ‧見備註/See Remarks 7 (c)(vii) ‧見備註/See Remarks 7 (d)(ii) ‧見備註/See Remarks 7 (e)(ii) ‧見備註/See Remarks 7 (f)(ii) ‧見備註/See Remarks 7 (e)(iii),
2017-03-25,2017-04-06,,第2座 (2B) Tower 2 (2B),30,B,,11837200,,‧價單第3號 (A1)付款辦法 Payment Plan (A1) of Price List No.3 見備註/See Remarks 7 (c)(i) ‧見備註/See Remarks 7 (c)(v) ‧見備註/See Remarks 7 (c)(vi) ‧見備註/See Remarks 7 (c)(vii) ‧見備註/See Remarks 7 (d)(ii) ‧見備註/See Remarks 7 (e)(ii) ‧見備註/See Remarks 7 (f)(ii) ‧見備註/See Remarks 7 (e)(iii),
2017-03-25,2017-04-06,,第2座 (2B) Tower 2 (2B),29,B,,11778000,,‧價單第3號 (A1)付款辦法 Payment Plan (A1) of Price List No.3 見備註/See Remarks 7 (c)(i) ‧見備註/See Remarks 7 (c)(v) ‧見備註/See Remarks 7 (c)(vi) ‧見備註/See Remarks 7 (c)(vii) ‧見備註/See Remarks 7 (d)(ii) ‧見備註/See Remarks 7 (e)(ii) ‧見備註/See Remarks 7 (f)(ii) ‧見備註/See Remarks 7 (e)(iii),
2017-03-25,2017-04-06,,第2座 (2B) 28 B Tower 2 (2B) 第2座 (2B) 28 K Tower 2 (2B),,,,22153500,,‧價單第3號 (A1)付款辦法 Payment Plan (A1) of Price List No.3 見備註/See Remarks 7 (c)(i) ‧見備註/See Remarks 7 (c)(v) ‧見備註/See Remarks 7 (c)(vi) ‧見備註/See Remarks 7 (c)(vii) ‧見備註/See Remarks 7 (d)(ii) ‧見備註/See Remarks 7 (e)(ii) ‧見備註/See Remarks 7 (f)(ii) ‧見備註/See Remarks 7 (e)(iii) ‧價單第4號 (A1)付款辦法 Payment Plan (A1) of Price List No.4 見備註/See Remarks 7 (c)(i) ‧見備註/See Remarks 7 (c)(v) ‧見備註/See Remarks 7 (c)(vi) ‧見備註/See Remarks 7 (c)(vii) ‧見備註/See Remarks 7 (d)(ii) ‧見備註/See Remarks 7 (e)(ii) ‧見備註/See Remarks 7 (f)(ii) ‧見備註/See Remarks 7 (e)(iii),
2017-03-25,2017-04-06,,第2座 (2B) Tower 2 (2B),26,B,,11566600,,‧價單第3號 (A1)付款辦法 Payment Plan (A1) of Price List No.3 見備註/See Remarks 7 (c)(i) ‧見備註/See Remarks 7 (c)(v) ‧見備註/See Remarks 7 (c)(vi) ‧見備註/See Remarks 7 (c)(vii) ‧見備註/See Remarks 7 (d)(ii) ‧見備註/See Remarks 7 (e)(ii) ‧見備註/See Remarks 7 (f)(ii) ‧見備註/See Remarks 7 (e)(iii),
2017-03-25,2017-04-06,,第2座 (2B) Tower 2 (2B),25,B,,11496400,,‧價單第3號 (A1)付款辦法 Payment Plan (A1) of Price List No.3 見備註/See Remarks 7 (c)(i) ‧見備註/See Remarks 7 (c)(v) ‧見備註/See Remarks 7 (c)(vi) ‧見備註/See Remarks 7 (c)(vii) ‧見備註/See Remarks 7 (d)(ii) ‧見備註/See Remarks 7 (e)(ii) ‧見備註/See Remarks 7 (f)(ii) ‧見備註/See Remarks 7 (e)(iii),
2017-03-25,2017-04-06,,第2座 (2B) 23 B Tower 2 (2B),,,,19342300,,‧價單第3號 (A1)付款辦法 Payment Plan (A1) of Price List No.3 見備註/See Remarks 7 (c)(i) ‧見備註/See Remarks 7 (c)(v) ‧見備註/See Remarks 7 (c)(vi) ‧見備註/See Remarks 7 (c)(vii) ‧見備註/See Remarks 7 (d)(ii) ‧見備註/See Remarks 7 (e)(ii) ‧見備註/See Remarks 7 (f)(ii) ‧見備註/See Remarks 7 (e)(iii),
2017-03-25,2017-04-06,,第2座 (2B) Tower 2 (2B),22,B,,11358300,,‧價單第3號 (A1)付款辦法 Payment Plan (A1) of Price List No.3 見備註/See Remarks 7 (c)(i) ‧見備註/See Remarks 7 (c)(v) ‧見備註/See Remarks 7 (c)(vi) ‧見備註/See Remarks 7 (c)(vii) ‧見備註/See Remarks 7 (d)(ii) ‧見備註/See Remarks 7 (e)(ii) ‧見備註/See Remarks 7 (f)(ii) ‧見備註/See Remarks 7 (e)(iii),
2017-03-25,2017-04-06,,第2座 (2B) Tower 2 (2B),21,B,,13606500,,‧價單第3號 (A1)付款辦法 Payment Plan (A1) of Price List No.3 見備註/See Remarks 7 (c)(i) ‧見備註/See Remarks 7 (d)(i) ‧見備註/See Remarks 7 (d)(iii) ‧見備註/See Remarks 7 (c)(vii) ‧見備註/See Remarks 7 (e)(ii) ‧見備註/See Remarks 7 (f)(ii) ‧見備註/See Remarks 7 (e)(iii),
2017-03-25,2017-04-06,,第2座 (2B) Tower 2 (2B),20,B,,11222600,,‧價單第4號 (A1)付款辦法 Payment Plan (A1) of Price List No.4 見備註/See Remarks 7 (c)(i) ‧見備註/See Remarks 7 (c)(v) ‧見備註/See Remarks 7 (c)(vi) ‧見備註/See Remarks 7 (c)(vii) ‧見備註/See Remarks 7 (d)(ii) ‧見備註/See Remarks 7 (e)(ii) ‧見備註/See Remarks 7 (f)(ii) ‧見備註/See Remarks 7 (e)(iii),
2017-03-25,2017-04-06,,第2座 (2B) Tower 2 (2B),19,B,,11156300,,‧價單第4號 (A1)付款辦法 Payment Plan (A1) of Price List No.4 見備註/See Remarks 7 (c)(i) ‧見備註/See Remarks 7 (c)(v) ‧見備註/See Remarks 7 (c)(vi) ‧見備註/See Remarks 7 (c)(vii) ‧見備註/See Remarks 7 (d)(ii) ‧見備註/See Remarks 7 (e)(ii) ‧見備註/See Remarks 7 (f)(ii) ‧見備註/See Remarks 7 (e)(iii),
2017-03-25,2017-04-06,,第2座 (2B) Tower 2 (2B),18,B,,11156300,,‧價單第4號 (A1)付款辦法 Payment Plan (A1) of Price List No.4 見備註/See Remarks 7 (c)(i) ‧見備註/See Remarks 7 (c)(v) ‧見備註/See Remarks 7 (c)(vi) ‧見備註/See Remarks 7 (c)(vii) ‧見備註/See Remarks 7 (d)(ii) ‧見備註/See Remarks 7 (e)(ii) ‧見備註/See Remarks 7 (f)(ii) ‧見備註/See Remarks 7 (e)(iii),
2017-03-25,2017-04-06,,第2座 (2B) Tower 2 (2B),17,B,,11099400,,‧價單第4號 (A1)付款辦法 Payment Plan (A1) of Price List No.4 見備註/See Remarks 7 (c)(i) ‧見備註/See Remarks 7 (c)(v) ‧見備註/See Remarks 7 (c)(vi) ‧見備註/See Remarks 7 (c)(vii) ‧見備註/See Remarks 7 (d)(ii) ‧見備註/See Remarks 7 (e)(ii) ‧見備註/See Remarks 7 (f)(ii) ‧見備註/See Remarks 7 (e)(iii),
2017-03-25,2017-04-06,,第2座 (2B) Tower 2 (2B),16,B,,11088400,,‧價單第4號 (A1)付款辦法 Payment Plan (A1) of Price List No.4 見備註/See Remarks 7 (c)(i) ‧見備註/See Remarks 7 (c)(v) ‧見備註/See Remarks 7 (c)(vi) ‧見備註/See Remarks 7 (c)(vii) ‧見備註/See Remarks 7 (d)(ii) ‧見備註/See Remarks 7 (e)(ii) ‧見備註/See Remarks 7 (f)(ii) ‧見備註/See Remarks 7 (e)(iii),
2017-03-25,2017-04-06,,第2座 (2B) Tower 2 (2B),12,B,,11066600,,‧價單第4號 (A1)付款辦法 Payment Plan (A1) of Price List No.4 見備註/See Remarks 7 (c)(i) ‧見備註/See Remarks 7 (c)(v) ‧見備註/See Remarks 7 (c)(vi) ‧見備註/See Remarks 7 (c)(vii) ‧見備註/See Remarks 7 (d)(ii) ‧見備註/See Remarks 7 (e)(ii) ‧見備註/See Remarks 7 (f)(ii) ‧見備註/See Remarks 7 (e)(iii),
2017-03-25,2017-04-06,,第2座 (2B) Tower 2 (2B),11,B,,11055700,,‧價單第4號 (A1)付款辦法 Payment Plan (A1) of Price List No.4 見備註/See Remarks 7 (c)(i) ‧見備註/See Remarks 7 (c)(v) ‧見備註/See Remarks 7 (c)(vi) ‧見備註/See Remarks 7 (c)(vii) ‧見備註/See Remarks 7 (d)(ii) ‧見備註/See Remarks 7 (e)(ii) ‧見備註/See Remarks 7 (f)(ii) ‧見備註/See Remarks 7 (e)(iii),
2017-03-25,2017-04-06,,第2座 (2B) Tower 2 (2B),10,B,,11044800,,‧價單第4號 (A1)付款辦法 Payment Plan (A1) of Price List No.4 見備註/See Remarks 7 (c)(i) ‧見備註/See Remarks 7 (c)(v) ‧見備註/See Remarks 7 (c)(vi) ‧見備註/See Remarks 7 (c)(vii) ‧見備註/See Remarks 7 (d)(ii) ‧見備註/See Remarks 7 (e)(ii) ‧見備註/See Remarks 7 (f)(ii) ‧見備註/See Remarks 7 (e)(iii),
2017-03-25,2017-04-06,,第2座 (2B) 9 B Tower 2 (2B) 第2座 (2B) 9 A Tower 2 (2B),,,,18674700,,‧價單第4號 (A1)付款辦法 Payment Plan (A1) of Price List No.4 見備註/See Remarks 7 (c)(i) ‧見備註/See Remarks 7 (c)(v) ‧見備註/See Remarks 7 (c)(vi) ‧見備註/See Remarks 7 (c)(vii) ‧見備註/See Remarks 7 (d)(ii) ‧見備註/See Remarks 7 (e)(ii) ‧見備註/See Remarks 7 (f)(ii) ‧見備註/See Remarks 7 (e)(iii) ‧價單第4號 (A1)付款辦法 Payment Plan (A1) of Price List No.4 見備註/See Remarks 7 (c)(i) ‧見備註/See Remarks 7 (c)(v) ‧見備註/See Remarks 7 (c)(vi) ‧見備註/See Remarks 7 (c)(vii) ‧見備註/See Remarks 7 (d)(ii) ‧見備註/See Remarks 7 (e)(ii) ‧見備註/See Remarks 7 (f)(ii) ‧見備註/See Remarks 7 (e)(iii),
2017-03-25,2017-04-06,,第2座 (2B) 8 B Tower 2 (2B) 第2座 (2B) 7 B Tower 2 (2B),,,,22055200,,‧價單第4號 (A1)付款辦法 Payment Plan (A1) of Price List No.4 見備註/See Remarks 7 (c)(i) ‧見備註/See Remarks 7 (c)(v) ‧見備註/See Remarks 7 (c)(vi) ‧見備註/See Remarks 7 (c)(vii) ‧見備註/See Remarks 7 (d)(ii) ‧見備註/See Remarks 7 (e)(ii) ‧見備註/See Remarks 7 (f)(ii) ‧見備註/See Remarks 7 (e)(iii) ‧價單第4號 (A1)付款辦法 Payment Plan (A1) of Price List No.4 見備註/See Remarks 7 (c)(i) ‧見備註/See Remarks 7 (c)(v) ‧見備註/See Remarks 7 (c)(vi) ‧見備註/See Remarks 7 (c)(vii) ‧見備註/See Remarks 7 (d)(ii) ‧見備註/See Remarks 7 (e)(ii) ‧見備註/See Remarks 7 (f)(ii) ‧見備註/See Remarks 7 (e)(iii),
2017-03-25,2017-04-06,,第2座 (2B) Tower 2 (2B),6,B,,11012000,,‧價單第4號 (A1)付款辦法 Payment Plan (A1) of Price List No.4 見備註/See Remarks 7 (c)(i) ‧見備註/See Remarks 7 (c)(v) ‧見備註/See Remarks 7 (c)(vi) ‧見備註/See Remarks 7 (c)(vii) ‧見備註/See Remarks 7 (d)(ii) ‧見備註/See Remarks 7 (e)(ii) ‧見備註/See Remarks 7 (f)(ii) ‧見備註/See Remarks 7 (e)(iii),
2017-03-25,2017-04-06,,第2座 (2B) 51 F Tower 2 (2B) 第2座 (2B) 50 F Tower 2 (2B),,,,16037500,,‧價單第4號 (A1)付款辦法 Payment Plan (A1) of Price List No.4 見備註/See Remarks 7 (c)(i) ‧見備註/See Remarks 7 (c)(v) ‧見備註/See Remarks 7 (c)(vi) ‧見備註/See Remarks 7 (c)(vii) ‧見備註/See Remarks 7 (d)(ii) ‧見備註/See Remarks 7 (e)(ii) ‧見備註/See Remarks 7 (f)(ii) ‧見備註/See Remarks 7 (e)(iii) ‧價單第4號 (A1)付款辦法 Payment Plan (A1) of Price List No.4 見備註/See Remarks 7 (c)(i) ‧見備註/See Remarks 7 (c)(v) ‧見備註/See Remarks 7 (c)(vi) ‧見備註/See Remarks 7 (c)(vii) ‧見備註/See Remarks 7 (d)(ii) ‧見備註/See Remarks 7 (e)(ii) ‧見備註/See Remarks 7 (f)(ii) ‧見備註/See Remarks 7 (e)(iii),
2017-03-25,2017-04-06,,第2座 (2B) 49 F Tower 2 (2B) 第2座 (2B) 31 G Tower 2 (2B),,,,13510300,,‧價單第4號 (A1)付款辦法 Payment Plan (A1) of Price List No.4 見備註/See Remarks 7 (c)(i) ‧見備註/See Remarks 7 (c)(v) ‧見備註/See Remarks 7 (c)(vi) ‧見備註/See Remarks 7 (c)(vii) ‧見備註/See Remarks 7 (d)(ii) ‧見備註/See Remarks 7 (e)(ii) ‧見備註/See Remarks 7 (f)(ii) ‧見備註/See Remarks 7 (e)(iii) ‧價單第3號 (A1)付款辦法 Payment Plan (A1) of Price List No.3 見備註/See Remarks 7 (c)(i) ‧見備註/See Remarks 7 (c)(v) ‧見備註/See Remarks 7 (c)(vi) ‧見備註/See Remarks 7 (c)(vii) ‧見備註/See Remarks 7 (d)(ii) ‧見備註/See Remarks 7 (e)(ii) ‧見備註/See Remarks 7 (f)(ii) ‧見備註/See Remarks 7 (e)(iii),
2017-03-25,2017-04-06,,第2座 (2B) Tower 2 (2B),48,F,,8382100,,‧價單第4號 (B1)付款辦法 Payment Plan (B1) of Price List No.4 見備註/See Remarks 7 (c)(ii) ‧見備註/See Remarks 7 (c)(v) ‧見備註/See Remarks 7 (c)(vi) ‧見備註/See Remarks 7 (c)(vii) ‧見備註/See Remarks 7 (e)(i) ‧見備註/See Remarks 7 (d)(ii) ‧見備註/See Remarks 7 (e)(ii) ‧見備註/See Remarks 7 (f)(ii) ‧見備註/See Remarks 7 (e)(iii),
2017-03-25,2017-04-06,,第2座 (2B) Tower 2 (2B),47,F,,7768000,,‧價單第4號 (A1)付款辦法 Payment Plan (A1) of Price List No.4 見備註/See Remarks 7 (c)(i) ‧見備註/See Remarks 7 (c)(v) ‧見備註/See Remarks 7 (c)(vi) ‧見備註/See Remarks 7 (c)(vii) ‧見備註/See Remarks 7 (d)(ii) ‧見備註/See Remarks 7 (e)(ii) ‧見備註/See Remarks 7 (f)(ii) ‧見備註/See Remarks 7 (e)(iii),
2017-03-25,2017-04-06,,第2座 (2B) Tower 2 (2B),46,F,,7714200,,‧價單第4號 (A1)付款辦法 Payment Plan (A1) of Price List No.4 見備註/See Remarks 7 (c)(i) ‧見備註/See Remarks 7 (c)(v) ‧見備註/See Remarks 7 (c)(vi) ‧見備註/See Remarks 7 (c)(vii) ‧見備註/See Remarks 7 (d)(ii) ‧見備註/See Remarks 7 (e)(ii) ‧見備註/See Remarks 7 (f)(ii) ‧見備註/See Remarks 7 (e)(iii),
2017-03-25,2017-04-06,,第2座 (2B) Tower 2 (2B),45,F,,7661100,,‧價單第4號 (A1)付款辦法 Payment Plan (A1) of Price List No.4 見備註/See Remarks 7 (c)(i) ‧見備註/See Remarks 7 (c)(v) ‧見備註/See Remarks 7 (c)(vi) ‧見備註/See Remarks 7 (c)(vii) ‧見備註/See Remarks 7 (d)(ii) ‧見備註/See Remarks 7 (e)(ii) ‧見備註/See Remarks 7 (f)(ii) ‧見備註/See Remarks 7 (e)(iii),
2017-03-25,2017-04-06,,第2座 (2B) Tower 2 (2B),43,F,,7606500,,‧價單第4號 (A1)付款辦法 Payment Plan (A1) of Price List No.4 見備註/See Remarks 7 (c)(i) ‧見備註/See Remarks 7 (c)(v) ‧見備註/See Remarks 7 (c)(vi) ‧見備註/See Remarks 7 (c)(vii) ‧見備註/See Remarks 7 (d)(ii) ‧見備註/See Remarks 7 (e)(ii) ‧見備註/See Remarks 7 (f)(ii) ‧見備註/See Remarks 7 (e)(iii),
2017-03-25,2017-04-06,,第2座 (2B) Tower 2 (2B),42,F,,7553500,,‧價單第4號 (A1)付款辦法 Payment Plan (A1) of Price List No.4 見備註/See Remarks 7 (c)(i) ‧見備註/See Remarks 7 (c)(v) ‧見備註/See Remarks 7 (c)(vi) ‧見備註/See Remarks 7 (c)(vii) ‧見備註/See Remarks 7 (d)(ii) ‧見備註/See Remarks 7 (e)(ii) ‧見備註/See Remarks 7 (f)(ii) ‧見備註/See Remarks 7 (e)(iii),
2017-03-25,2017-04-06,,第2座 (2B) Tower 2 (2B),41,F,,7500400,,‧價單第4號 (A1)付款辦法 Payment Plan (A1) of Price List No.4 見備註/See Remarks 7 (c)(i) ‧見備註/See Remarks 7 (c)(v) ‧見備註/See Remarks 7 (c)(vi) ‧見備註/See Remarks 7 (c)(vii) ‧見備註/See Remarks 7 (d)(ii) ‧見備註/See Remarks 7 (e)(ii) ‧見備註/See Remarks 7 (f)(ii) ‧見備註/See Remarks 7 (e)(iii),
2017-03-25,2017-04-06,,第2座 (2B) Tower 2 (2B),40,F,,7449700,,‧價單第4號 (A1)付款辦法 Payment Plan (A1) of Price List No.4 見備註/See Remarks 7 (c)(i) ‧見備註/See Remarks 7 (c)(v) ‧見備註/See Remarks 7 (c)(vi) ‧見備註/See Remarks 7 (c)(vii) ‧見備註/See Remarks 7 (d)(ii) ‧見備註/See Remarks 7 (e)(ii) ‧見備註/See Remarks 7 (f)(ii) ‧見備註/See Remarks 7 (e)(iii),
2017-03-25,2017-04-06,,第2座 (2B) Tower 2 (2B),39,F,,7412300,,‧價單第4號 (A1)付款辦法 Payment Plan (A1) of Price List No.4 見備註/See Remarks 7 (c)(i) ‧見備註/See Remarks 7 (c)(v) ‧見備註/See Remarks 7 (c)(vi) ‧見備註/See Remarks 7 (c)(vii) ‧見備註/See Remarks 7 (d)(ii) ‧見備註/See Remarks 7 (e)(ii) ‧見備註/See Remarks 7 (f)(ii) ‧見備註/See Remarks 7 (e)(iii),
2017-03-25,2017-04-06,,第2座 (2B) Tower 2 (2B),38,F,,7412300,,‧價單第4號 (A1)付款辦法 Payment Plan (A1) of Price List No.4 見備註/See Remarks 7 (c)(i) ‧見備註/See Remarks 7 (c)(v) ‧見備註/See Remarks 7 (c)(vi) ‧見備註/See Remarks 7 (c)(vii) ‧見備註/See Remarks 7 (d)(ii) ‧見備註/See Remarks 7 (e)(ii) ‧見備註/See Remarks 7 (f)(ii) ‧見備註/See Remarks 7 (e)(iii),
2017-03-25,2017-04-06,,第2座 (2B) Tower 2 (2B),36,F,,7301500,,‧價單第3號 (A1)付款辦法 Payment Plan (A1) of Price List No.3 見備註/See Remarks 7 (c)(i) ‧見備註/See Remarks 7 (c)(v) ‧見備註/See Remarks 7 (c)(vi) ‧見備註/See Remarks 7 (c)(vii) ‧見備註/See Remarks 7 (d)(ii) ‧見備註/See Remarks 7 (e)(ii) ‧見備註/See Remarks 7 (f)(ii) ‧見備註/See Remarks 7 (e)(iii),
2017-03-25,2017-04-06,,第2座 (2B) Tower 2 (2B),35,F,,7264900,,‧價單第3號 (A1)付款辦法 Payment Plan (A1) of Price List No.3 見備註/See Remarks 7 (c)(i) ‧見備註/See Remarks 7 (c)(v) ‧見備註/See Remarks 7 (c)(vi) ‧見備註/See Remarks 7 (c)(vii) ‧見備註/See Remarks 7 (d)(ii) ‧見備註/See Remarks 7 (e)(ii) ‧見備註/See Remarks 7 (f)(ii) ‧見備註/See Remarks 7 (e)(iii),
2017-03-25,2017-04-06,,第2座 (2B) Tower 2 (2B),33,F,,7230600,,‧價單第3號 (A1)付款辦法 Payment Plan (A1) of Price List No.3 見備註/See Remarks 7 (c)(i) ‧見備註/See Remarks 7 (c)(v) ‧見備註/See Remarks 7 (c)(vi) ‧見備註/See Remarks 7 (c)(vii) ‧見備註/See Remarks 7 (d)(ii) ‧見備註/See Remarks 7 (e)(ii) ‧見備註/See Remarks 7 (f)(ii) ‧見備註/See Remarks 7 (e)(iii),
2017-03-25,2017-04-06,,第2座 (2B) Tower 2 (2B),32,F,,7193900,,‧價單第3號 (A1)付款辦法 Payment Plan (A1) of Price List No.3 見備註/See Remarks 7 (c)(i) ‧見備註/See Remarks 7 (c)(v) ‧見備註/See Remarks 7 (c)(vi) ‧見備註/See Remarks 7 (c)(vii) ‧見備註/See Remarks 7 (d)(ii) ‧見備註/See Remarks 7 (e)(ii) ‧見備註/See Remarks 7 (f)(ii) ‧見備註/See Remarks 7 (e)(iii),
2017-03-25,2017-04-06,,第2座 (2B) Tower 2 (2B),31,F,,7158000,,‧價單第3號 (A1)付款辦法 Payment Plan (A1) of Price List No.3 見備註/See Remarks 7 (c)(i) ‧見備註/See Remarks 7 (c)(v) ‧見備註/See Remarks 7 (c)(vi) ‧見備註/See Remarks 7 (c)(vii) ‧見備註/See Remarks 7 (d)(ii) ‧見備註/See Remarks 7 (e)(ii) ‧見備註/See Remarks 7 (f)(ii) ‧見備註/See Remarks 7 (e)(iii),
2017-03-25,2017-04-06,,第2座 (2B) Tower 2 (2B),30,F,,7122100,,‧價單第3號 (A1)付款辦法 Payment Plan (A1) of Price List No.3 見備註/See Remarks 7 (c)(i) ‧見備註/See Remarks 7 (c)(v) ‧見備註/See Remarks 7 (c)(vi) ‧見備註/See Remarks 7 (c)(vii) ‧見備註/See Remarks 7 (d)(ii) ‧見備註/See Remarks 7 (e)(ii) ‧見備註/See Remarks 7 (f)(ii) ‧見備註/See Remarks 7 (e)(iii),
2017-03-25,2017-04-06,,第2座 (2B) 29 F Tower 2 (2B) 第2座 (2B) 28 F Tower 2 (2B),,,,14172600,,‧價單第3號 (A1)付款辦法 Payment Plan (A1) of Price List No.3 見備註/See Remarks 7 (c)(i) ‧見備註/See Remarks 7 (c)(v) ‧見備註/See Remarks 7 (c)(vi) ‧見備註/See Remarks 7 (c)(vii) ‧見備註/See Remarks 7 (d)(ii) ‧見備註/See Remarks 7 (e)(ii) ‧見備註/See Remarks 7 (f)(ii) ‧見備註/See Remarks 7 (e)(iii) ‧價單第3號 (A1)付款辦法 Payment Plan (A1) of Price List No.3 見備註/See Remarks 7 (c)(i) ‧見備註/See Remarks 7 (c)(v) ‧見備註/See Remarks 7 (c)(vi) ‧見備註/See Remarks 7 (c)(vii) ‧見備註/See Remarks 7 (d)(ii) ‧見備註/See Remarks 7 (e)(ii) ‧見備註/See Remarks 7 (f)(ii) ‧見備註/See Remarks 7 (e)(iii),
2017-03-25,2017-04-06,,第2座 (2B) Tower 2 (2B),26,F,,7016100,,‧價單第3號 (A1)付款辦法 Payment Plan (A1) of Price List No.3 見備註/See Remarks 7 (c)(i) ‧見備註/See Remarks 7 (c)(v) ‧見備註/See Remarks 7 (c)(vi) ‧見備註/See Remarks 7 (c)(vii) ‧見備註/See Remarks 7 (d)(ii) ‧見備註/See Remarks 7 (e)(ii) ‧見備註/See Remarks 7 (f)(ii) ‧見備註/See Remarks 7 (e)(iii),
2017-03-25,2017-04-06,,第2座 (2B) Tower 2 (2B),25,F,,6980200,,‧價單第3號 (A1)付款辦法 Payment Plan (A1) of Price List No.3 見備註/See Remarks 7 (c)(i) ‧見備註/See Remarks 7 (c)(v) ‧見備註/See Remarks 7 (c)(vi) ‧見備註/See Remarks 7 (c)(vii) ‧見備註/See Remarks 7 (d)(ii) ‧見備註/See Remarks 7 (e)(ii) ‧見備註/See Remarks 7 (f)(ii) ‧見備註/See Remarks 7 (e)(iii),
2017-03-25,2017-04-06,,第2座 (2B) 23 F Tower 2 (2B) 第2座 (2B) 21 F Tower 2 (2B),,,,13822300,,‧價單第3號 (A1)付款辦法 Payment Plan (A1) of Price List No.3 見備註/See Remarks 7 (c)(i) ‧見備註/See Remarks 7 (c)(v) ‧見備註/See Remarks 7 (c)(vi) ‧見備註/See Remarks 7 (c)(vii) ‧見備註/See Remarks 7 (d)(ii) ‧見備註/See Remarks 7 (e)(ii) ‧見備註/See Remarks 7 (f)(ii) ‧見備註/See Remarks 7 (e)(iii) ‧價單第3號 (A1)付款辦法 Payment Plan (A1) of Price List No.3 見備註/See Remarks 7 (c)(i) ‧見備註/See Remarks 7 (c)(v) ‧見備註/See Remarks 7 (c)(vi) ‧見備註/See Remarks 7 (c)(vii) ‧見備註/See Remarks 7 (d)(ii) ‧見備註/See Remarks 7 (e)(ii) ‧見備註/See Remarks 7 (f)(ii) ‧見備註/See Remarks 7 (e)(iii),
2017-03-25,2017-04-06,,第2座 (2B) Tower 2 (2B),20,F,,6842900,,‧價單第4號 (A1)付款辦法 Payment Plan (A1) of Price List No.4 見備註/See Remarks 7 (c)(i) ‧見備註/See Remarks 7 (c)(v) ‧見備註/See Remarks 7 (c)(vi) ‧見備註/See Remarks 7 (c)(vii) ‧見備註/See Remarks 7 (d)(ii) ‧見備註/See Remarks 7 (e)(ii) ‧見備註/See Remarks 7 (f)(ii) ‧見備註/See Remarks 7 (e)(iii),
2017-03-25,2017-04-06,,第2座 (2B) Tower 2 (2B),19,F,,7245000,,‧價單第4號 (B1)付款辦法 Payment Plan (B1) of Price List No.4 見備註/See Remarks 7 (c)(ii) ‧見備註/See Remarks 7 (c)(v) ‧見備註/See Remarks 7 (c)(vi) ‧見備註/See Remarks 7 (c)(vii) ‧見備註/See Remarks 7 (e)(i) ‧見備註/See Remarks 7 (d)(ii) ‧見備註/See Remarks 7 (e)(ii) ‧見備註/See Remarks 7 (f)(ii) ‧見備註/See Remarks 7 (e)(iii),
2017-03-25,2017-04-06,,第2座 (2B) Tower 2 (2B),17,F,,6773500,,‧價單第4號 (A1)付款辦法 Payment Plan (A1) of Price List No.4 見備註/See Remarks 7 (c)(i) ‧見備註/See Remarks 7 (c)(v) ‧見備註/See Remarks 7 (c)(vi) ‧見備註/See Remarks 7 (c)(vii) ‧見備註/See Remarks 7 (d)(ii) ‧見備註/See Remarks 7 (e)(ii) ‧見備註/See Remarks 7 (f)(ii) ‧見備註/See Remarks 7 (e)(iii),
2017-03-25,2017-04-06,,第2座 (2B) Tower 2 (2B),16,F,,6767200,,‧價單第4號 (A1)付款辦法 Payment Plan (A1) of Price List No.4 見備註/See Remarks 7 (c)(i) ‧見備註/See Remarks 7 (c)(v) ‧見備註/See Remarks 7 (c)(vi) ‧見備註/See Remarks 7 (c)(vii) ‧見備註/See Remarks 7 (d)(ii) ‧見備註/See Remarks 7 (e)(ii) ‧見備註/See Remarks 7 (f)(ii) ‧見備註/See Remarks 7 (e)(iii),
2017-03-25,2017-04-06,,第2座 (2B) Tower 2 (2B),15,F,,6761000,,‧價單第4號 (A1)付款辦法 Payment Plan (A1) of Price List No.4 見備註/See Remarks 7 (c)(i) ‧見備註/See Remarks 7 (c)(v) ‧見備註/See Remarks 7 (c)(vi) ‧見備註/See Remarks 7 (c)(vii) ‧見備註/See Remarks 7 (d)(ii) ‧見備註/See Remarks 7 (e)(ii) ‧見備註/See Remarks 7 (f)(ii) ‧見備註/See Remarks 7 (e)(iii),
2017-03-25,2017-04-06,,第2座 (2B) Tower 2 (2B),12,F,,6753200,,‧價單第4號 (A1)付款辦法 Payment Plan (A1) of Price List No.4 見備註/See Remarks 7 (c)(i) ‧見備註/See Remarks 7 (c)(v) ‧見備註/See Remarks 7 (c)(vi) ‧見備註/See Remarks 7 (c)(vii) ‧見備註/See Remarks 7 (d)(ii) ‧見備註/See Remarks 7 (e)(ii) ‧見備註/See Remarks 7 (f)(ii) ‧見備註/See Remarks 7 (e)(iii),
2017-03-25,2017-04-06,,第2座 (2B) Tower 2 (2B),11,F,,6747000,,‧價單第4號 (A1)付款辦法 Payment Plan (A1) of Price List No.4 見備註/See Remarks 7 (c)(i) ‧見備註/See Remarks 7 (c)(v) ‧見備註/See Remarks 7 (c)(vi) ‧見備註/See Remarks 7 (c)(vii) ‧見備註/See Remarks 7 (d)(ii) ‧見備註/See Remarks 7 (e)(ii) ‧見備註/See Remarks 7 (f)(ii) ‧見備註/See Remarks 7 (e)(iii),
2017-03-25,2017-04-06,,第2座 (2B) Tower 2 (2B),10,F,,6740700,,‧價單第4號 (A1)付款辦法 Payment Plan (A1) of Price List No.4 見備註/See Remarks 7 (c)(i) ‧見備註/See Remarks 7 (c)(v) ‧見備註/See Remarks 7 (c)(vi) ‧見備註/See Remarks 7 (c)(vii) ‧見備註/See Remarks 7 (d)(ii) ‧見備註/See Remarks 7 (e)(ii) ‧見備註/See Remarks 7 (f)(ii) ‧見備註/See Remarks 7 (e)(iii),
2017-03-25,2017-04-06,,第2座 (2B) Tower 2 (2B),9,F,,6732900,,‧價單第4號 (A1)付款辦法 Payment Plan (A1) of Price List No.4 見備註/See Remarks 7 (c)(i) ‧見備註/See Remarks 7 (c)(v) ‧見備註/See Remarks 7 (c)(vi) ‧見備註/See Remarks 7 (c)(vii) ‧見備註/See Remarks 7 (d)(ii) ‧見備註/See Remarks 7 (e)(ii) ‧見備註/See Remarks 7 (f)(ii) ‧見備註/See Remarks 7 (e)(iii),
2017-03-25,2017-04-06,,第2座 (2B) Tower 2 (2B),8,F,,7596100,,‧價單第4號 (A1)付款辦法 Payment Plan (A1) of Price List No.4 見備註/See Remarks 7 (c)(i) ‧見備註/See Remarks 7 (d)(i) ‧見備註/See Remarks 7 (c)(vi) ‧見備註/See Remarks 7 (c)(vii) ‧見備註/See Remarks 7 (d)(ii) ‧見備註/See Remarks 7 (e)(ii) ‧見備註/See Remarks 7 (f)(ii) ‧見備註/See Remarks 7 (e)(iii),
2017-03-25,2017-04-06,,第2座 (2B) Tower 2 (2B),7,F,,6726700,,‧價單第4號 (A1)付款辦法 Payment Plan (A1) of Price List No.4 見備註/See Remarks 7 (c)(i) ‧見備註/See Remarks 7 (c)(v) ‧見備註/See Remarks 7 (c)(vi) ‧見備註/See Remarks 7 (c)(vii) ‧見備註/See Remarks 7 (d)(ii) ‧見備註/See Remarks 7 (e)(ii) ‧見備註/See Remarks 7 (f)(ii) ‧見備註/See Remarks 7 (e)(iii),
2017-03-25,2017-04-06,,第2座 (2B) Tower 2 (2B),6,F,,7582000,,‧價單第4號 (A1)付款辦法 Payment Plan (A1) of Price List No.4 見備註/See Remarks 7 (c)(i) ‧見備註/See Remarks 7 (d)(i) ‧見備註/See Remarks 7 (c)(vi) ‧見備註/See Remarks 7 (c)(vii) ‧見備註/See Remarks 7 (d)(ii) ‧見備註/See Remarks 7 (e)(ii) ‧見備註/See Remarks 7 (f)(ii) ‧見備註/See Remarks 7 (e)(iii),
2017-03-25,2017-04-06,,第2座 (2B) Tower 2 (2B),51,G,,6200200,,‧價單第4號 (A1)付款辦法 Payment Plan (A1) of Price List No.4 見備註/See Remarks 7 (c)(i) ‧見備註/See Remarks 7 (c)(v) ‧見備註/See Remarks 7 (c)(vi) ‧見備註/See Remarks 7 (c)(vii) ‧見備註/See Remarks 7 (d)(ii) ‧見備註/See Remarks 7 (e)(ii) ‧見備註/See Remarks 7 (f)(ii) ‧見備註/See Remarks 7 (e)(iii),
2017-03-25,2017-04-06,,第2座 (2B) Tower 2 (2B),50,G,,6143200,,‧價單第4號 (A1)付款辦法 Payment Plan (A1) of Price List No.4 見備註/See Remarks 7 (c)(i) ‧見備註/See Remarks 7 (c)(v) ‧見備註/See Remarks 7 (c)(vi) ‧見備註/See Remarks 7 (c)(vii) ‧見備註/See Remarks 7 (d)(ii) ‧見備註/See Remarks 7 (e)(ii) ‧見備註/See Remarks 7 (f)(ii) ‧見備註/See Remarks 7 (e)(iii),
2017-03-25,2017-04-06,,第2座 (2B) Tower 2 (2B),49,G,,6100300,,‧價單第4號 (A1)付款辦法 Payment Plan (A1) of Price List No.4 見備註/See Remarks 7 (c)(i) ‧見備註/See Remarks 7 (c)(v) ‧見備註/See Remarks 7 (c)(vi) ‧見備註/See Remarks 7 (c)(vii) ‧見備註/See Remarks 7 (d)(iv) ‧見備註/See Remarks 7 (e)(ii) ‧見備註/See Remarks 7 (f)(ii) ‧見備註/See Remarks 7 (e)(iii),
2017-03-25,2017-04-06,,第2座 (2B) Tower 2 (2B),48,G,,6100300,,‧價單第4號 (A1)付款辦法 Payment Plan (A1) of Price List No.4 見備註/See Remarks 7 (c)(i) ‧見備註/See Remarks 7 (c)(v) ‧見備註/See Remarks 7 (c)(vi) ‧見備註/See Remarks 7 (c)(vii) ‧見備註/See Remarks 7 (d)(ii) ‧見備註/See Remarks 7 (e)(ii) ‧見備註/See Remarks 7 (f)(ii) ‧見備註/See Remarks 7 (e)(iii),
2017-03-25,2017-04-06,,第2座 (2B) Tower 2 (2B),47,G,,6040300,,‧價單第4號 (A1)付款辦法 Payment Plan (A1) of Price List No.4 見備註/See Remarks 7 (c)(i) ‧見備註/See Remarks 7 (c)(v) ‧見備註/See Remarks 7 (c)(vi) ‧見備註/See Remarks 7 (c)(vii) ‧見備註/See Remarks 7 (d)(ii) ‧見備註/See Remarks 7 (e)(ii) ‧見備註/See Remarks 7 (f)(ii) ‧見備註/See Remarks 7 (e)(iii),
2017-03-25,2017-04-06,,第2座 (2B) Tower 2 (2B),45,G,,5980200,,‧價單第4號 (A1)付款辦法 Payment Plan (A1) of Price List No.4 見備註/See Remarks 7 (c)(i) ‧見備註/See Remarks 7 (c)(v) ‧見備註/See Remarks 7 (c)(vi) ‧見備註/See Remarks 7 (c)(vii) ‧見備註/See Remarks 7 (d)(ii) ‧見備註/See Remarks 7 (e)(ii) ‧見備註/See Remarks 7 (f)(ii) ‧見備註/See Remarks 7 (e)(iii),
2017-03-25,2017-04-06,,第2座 (2B) Tower 2 (2B),43,G,,5950600,,‧價單第4號 (A1)付款辦法 Payment Plan (A1) of Price List No.4 見備註/See Remarks 7 (c)(i) ‧見備註/See Remarks 7 (c)(v) ‧見備註/See Remarks 7 (c)(vi) ‧見備註/See Remarks 7 (c)(vii) ‧見備註/See Remarks 7 (d)(ii) ‧見備註/See Remarks 7 (e)(ii) ‧見備註/See Remarks 7 (f)(ii) ‧見備註/See Remarks 7 (e)(iii),
2017-03-25,2017-04-06,,第2座 (2B) Tower 2 (2B),42,G,,5920200,,‧價單第4號 (A1)付款辦法 Payment Plan (A1) of Price List No.4 見備註/See Remarks 7 (c)(i) ‧見備註/See Remarks 7 (c)(v) ‧見備註/See Remarks 7 (c)(vi) ‧見備註/See Remarks 7 (c)(vii) ‧見備註/See Remarks 7 (d)(ii) ‧見備註/See Remarks 7 (e)(ii) ‧見備註/See Remarks 7 (f)(ii) ‧見備註/See Remarks 7 (e)(iii),
2017-03-25,2017-04-06,,第2座 (2B) 41 G Tower 2 (2B) 第2座 (2B) 6 G Tower 2 (2B),,,,11179700,,‧價單第4號 (A1)付款辦法 Payment Plan (A1) of Price List No.4 見備註/See Remarks 7 (c)(i) ‧見備註/See Remarks 7 (c)(v) ‧見備註/See Remarks 7 (c)(vi) ‧見備註/See Remarks 7 (c)(vii) ‧見備註/See Remarks 7 (d)(ii) ‧見備註/See Remarks 7 (e)(ii) ‧見備註/See Remarks 7 (f)(ii) ‧見備註/See Remarks 7 (e)(iii) ‧價單第4號 (A1)付款辦法 Payment Plan (A1) of Price List No.4 見備註/See Remarks 7 (c)(i) ‧見備註/See Remarks 7 (c)(v) ‧見備註/See Remarks 7 (c)(vi) ‧見備註/See Remarks 7 (c)(vii) ‧見備註/See Remarks 7 (d)(ii) ‧見備註/See Remarks 7 (e)(ii) ‧見備註/See Remarks 7 (f)(ii) ‧見備註/See Remarks 7 (e)(iii),
2017-03-25,2017-04-06,,第2座 (2B) Tower 2 (2B),40,G,,5863200,,‧價單第4號 (A1)付款辦法 Payment Plan (A1) of Price List No.4 見備註/See Remarks 7 (c)(i) ‧見備註/See Remarks 7 (c)(v) ‧見備註/See Remarks 7 (c)(vi) ‧見備註/See Remarks 7 (c)(vii) ‧見備註/See Remarks 7 (d)(ii) ‧見備註/See Remarks 7 (e)(ii) ‧見備註/See Remarks 7 (f)(ii) ‧見備註/See Remarks 7 (e)(iii),
2017-03-25,2017-04-06,,第2座 (2B) Tower 2 (2B),39,G,,5832000,,‧價單第4號 (A1)付款辦法 Payment Plan (A1) of Price List No.4 見備註/See Remarks 7 (c)(i) ‧見備註/See Remarks 7 (c)(v) ‧見備註/See Remarks 7 (c)(vi) ‧見備註/See Remarks 7 (c)(vii) ‧見備註/See Remarks 7 (d)(ii) ‧見備註/See Remarks 7 (e)(ii) ‧見備註/See Remarks 7 (f)(ii) ‧見備註/See Remarks 7 (e)(iii),
2017-03-25,2017-04-06,,第2座 (2B) Tower 2 (2B),37,G,,5775100,,‧價單第3號 (A1)付款辦法 Payment Plan (A1) of Price List No.3 見備註/See Remarks 7 (c)(i) ‧見備註/See Remarks 7 (c)(v) ‧見備註/See Remarks 7 (c)(vi) ‧見備註/See Remarks 7 (c)(vii) ‧見備註/See Remarks 7 (d)(ii) ‧見備註/See Remarks 7 (e)(ii) ‧見備註/See Remarks 7 (f)(ii) ‧見備註/See Remarks 7 (e)(iii),
2017-03-25,2017-04-06,,第2座 (2B) Tower 2 (2B),36,G,,5746200,,‧價單第3號 (A1)付款辦法 Payment Plan (A1) of Price List No.3 見備註/See Remarks 7 (c)(i) ‧見備註/See Remarks 7 (c)(v) ‧見備註/See Remarks 7 (c)(vi) ‧見備註/See Remarks 7 (c)(vii) ‧見備註/See Remarks 7 (d)(ii) ‧見備註/See Remarks 7 (e)(ii) ‧見備註/See Remarks 7 (f)(ii) ‧見備註/See Remarks 7 (e)(iii),
2017-03-25,2017-04-06,,第2座 (2B) Tower 2 (2B),35,G,,5718100,,‧價單第3號 (A1)付款辦法 Payment Plan (A1) of Price List No.3 見備註/See Remarks 7 (c)(i) ‧見備註/See Remarks 7 (c)(v) ‧見備註/See Remarks 7 (c)(vi) ‧見備註/See Remarks 7 (c)(vii) ‧見備註/See Remarks 7 (d)(ii) ‧見備註/See Remarks 7 (e)(ii) ‧見備註/See Remarks 7 (f)(ii) ‧見備註/See Remarks 7 (e)(iii),
2017-03-25,2017-04-06,,第2座 (2B) Tower 2 (2B),33,G,,5689300,,‧價單第3號 (A1)付款辦法 Payment Plan (A1) of Price List No.3 見備註/See Remarks 7 (c)(i) ‧見備註/See Remarks 7 (c)(v) ‧見備註/See Remarks 7 (c)(vi) ‧見備註/See Remarks 7 (c)(vii) ‧見備註/See Remarks 7 (d)(ii) ‧見備註/See Remarks 7 (e)(ii) ‧見備註/See Remarks 7 (f)(ii) ‧見備註/See Remarks 7 (e)(iii),
2017-03-25,2017-04-06,,第2座 (2B) Tower 2 (2B),32,G,,5661200,,‧價單第3號 (A1)付款辦法 Payment Plan (A1) of Price List No.3 見備註/See Remarks 7 (c)(i) ‧見備註/See Remarks 7 (c)(v) ‧見備註/See Remarks 7 (c)(vi) ‧見備註/See Remarks 7 (c)(vii) ‧見備註/See Remarks 7 (d)(ii) ‧見備註/See Remarks 7 (e)(ii) ‧見備註/See Remarks 7 (f)(ii) ‧見備註/See Remarks 7 (e)(iii),
2017-03-25,2017-04-06,,第2座 (2B) Tower 2 (2B),30,G,,5605000,,‧價單第3號 (A1)付款辦法 Payment Plan (A1) of Price List No.3 見備註/See Remarks 7 (c)(i) ‧見備註/See Remarks 7 (c)(v) ‧見備註/See Remarks 7 (c)(vi) ‧見備註/See Remarks 7 (c)(vii) ‧見備註/See Remarks 7 (d)(ii) ‧見備註/See Remarks 7 (e)(ii) ‧見備註/See Remarks 7 (f)(ii) ‧見備註/See Remarks 7 (e)(iii),
2017-03-25,2017-04-06,,第2座 (2B) Tower 2 (2B),29,G,,5576200,,‧價單第3號 (A1)付款辦法 Payment Plan (A1) of Price List No.3 見備註/See Remarks 7 (c)(i) ‧見備註/See Remarks 7 (c)(v) ‧見備註/See Remarks 7 (c)(vi) ‧見備註/See Remarks 7 (c)(vii) ‧見備註/See Remarks 7 (d)(ii) ‧見備註/See Remarks 7 (e)(ii) ‧見備註/See Remarks 7 (f)(ii) ‧見備註/See Remarks 7 (e)(iii),
2017-03-25,2017-04-06,,第2座 (2B) Tower 2 (2B),28,G,,5576200,,‧價單第3號 (A1)付款辦法 Payment Plan (A1) of Price List No.3 見備註/See Remarks 7 (c)(i) ‧見備註/See Remarks 7 (c)(v) ‧見備註/See Remarks 7 (c)(vi) ‧見備註/See Remarks 7 (c)(vii) ‧見備註/See Remarks 7 (d)(ii) ‧見備註/See Remarks 7 (e)(ii) ‧見備註/See Remarks 7 (f)(ii) ‧見備註/See Remarks 7 (e)(iii),
2017-03-25,2017-04-06,,第2座 (2B) Tower 2 (2B),26,G,,5521600,,‧價單第3號 (A1)付款辦法 Payment Plan (A1) of Price List No.3 見備註/See Remarks 7 (c)(i) ‧見備註/See Remarks 7 (c)(v) ‧見備註/See Remarks 7 (c)(vi) ‧見備註/See Remarks 7 (c)(vii) ‧見備註/See Remarks 7 (d)(ii) ‧見備註/See Remarks 7 (e)(ii) ‧見備註/See Remarks 7 (f)(ii) ‧見備註/See Remarks 7 (e)(iii),
2017-03-25,2017-04-06,,第2座 (2B) Tower 2 (2B),25,G,,5493500,,‧價單第3號 (A1)付款辦法 Payment Plan (A1) of Price List No.3 見備註/See Remarks 7 (c)(i) ‧見備註/See Remarks 7 (c)(v) ‧見備註/See Remarks 7 (c)(vi) ‧見備註/See Remarks 7 (c)(vii) ‧見備註/See Remarks 7 (d)(ii) ‧見備註/See Remarks 7 (e)(ii) ‧見備註/See Remarks 7 (f)(ii) ‧見備註/See Remarks 7 (e)(iii),
2017-03-25,2017-04-06,,第2座 (2B) Tower 2 (2B),23,G,,5466200,,‧價單第3號 (A1)付款辦法 Payment Plan (A1) of Price List No.3 見備註/See Remarks 7 (c)(i) ‧見備註/See Remarks 7 (c)(v) ‧見備註/See Remarks 7 (c)(vi) ‧見備註/See Remarks 7 (c)(vii) ‧見備註/See Remarks 7 (d)(ii) ‧見備註/See Remarks 7 (e)(ii) ‧見備註/See Remarks 7 (f)(ii) ‧見備註/See Remarks 7 (e)(iii),
2017-03-25,2017-04-06,,第2座 (2B) Tower 2 (2B),22,G,,5438900,,‧價單第3號 (A1)付款辦法 Payment Plan (A1) of Price List No.3 見備註/See Remarks 7 (c)(i) ‧見備註/See Remarks 7 (c)(v) ‧見備註/See Remarks 7 (c)(vi) ‧見備註/See Remarks 7 (c)(vii) ‧見備註/See Remarks 7 (d)(ii) ‧見備註/See Remarks 7 (e)(ii) ‧見備註/See Remarks 7 (f)(ii) ‧見備註/See Remarks 7 (e)(iii),
2017-03-25,2017-04-06,,第2座 (2B) Tower 2 (2B),21,G,,5412400,,‧價單第3號 (A1)付款辦法 Payment Plan (A1) of Price List No.3 見備註/See Remarks 7 (c)(i) ‧見備註/See Remarks 7 (c)(v) ‧見備註/See Remarks 7 (c)(vi) ‧見備註/See Remarks 7 (c)(vii) ‧見備註/See Remarks 7 (d)(ii) ‧見備註/See Remarks 7 (e)(ii) ‧見備註/See Remarks 7 (f)(ii) ‧見備註/See Remarks 7 (e)(iii),
2017-03-25,2017-04-06,,第2座 (2B) Tower 2 (2B),20,G,,5384300,,‧價單第4號 (A1)付款辦法 Payment Plan (A1) of Price List No.4 見備註/See Remarks 7 (c)(i) ‧見備註/See Remarks 7 (c)(v) ‧見備註/See Remarks 7 (c)(vi) ‧見備註/See Remarks 7 (c)(vii) ‧見備註/See Remarks 7 (d)(ii) ‧見備註/See Remarks 7 (e)(ii) ‧見備註/See Remarks 7 (f)(ii) ‧見備註/See Remarks 7 (e)(iii),
2017-03-25,2017-04-06,,第2座 (2B) Tower 2 (2B),19,G,,5357000,,‧價單第4號 (A1)付款辦法 Payment Plan (A1) of Price List No.4 見備註/See Remarks 7 (c)(i) ‧見備註/See Remarks 7 (c)(v) ‧見備註/See Remarks 7 (c)(vi) ‧見備註/See Remarks 7 (c)(vii) ‧見備註/See Remarks 7 (d)(ii) ‧見備註/See Remarks 7 (e)(ii) ‧見備註/See Remarks 7 (f)(ii) ‧見備註/See Remarks 7 (e)(iii),
2017-03-25,2017-04-06,,第2座 (2B) Tower 2 (2B),18,G,,5357000,,‧價單第4號 (A1)付款辦法 Payment Plan (A1) of Price List No.4 見備註/See Remarks 7 (c)(i) ‧見備註/See Remarks 7 (c)(v) ‧見備註/See Remarks 7 (c)(vi) ‧見備註/See Remarks 7 (c)(vii) ‧見備註/See Remarks 7 (d)(ii) ‧見備註/See Remarks 7 (e)(ii) ‧見備註/See Remarks 7 (f)(ii) ‧見備註/See Remarks 7 (e)(iii),
2017-03-25,2017-04-06,,第2座 (2B) Tower 2 (2B),16,G,,5325000,,‧價單第4號 (A1)付款辦法 Payment Plan (A1) of Price List No.4 見備註/See Remarks 7 (c)(i) ‧見備註/See Remarks 7 (c)(v) ‧見備註/See Remarks 7 (c)(vi) ‧見備註/See Remarks 7 (c)(vii) ‧見備註/See Remarks 7 (d)(ii) ‧見備註/See Remarks 7 (e)(ii) ‧見備註/See Remarks 7 (f)(ii) ‧見備註/See Remarks 7 (e)(iii),
2017-03-25,2017-04-06,,第2座 (2B) Tower 2 (2B),15,G,,5319600,,‧價單第4號 (A1)付款辦法 Payment Plan (A1) of Price List No.4 見備註/See Remarks 7 (c)(i) ‧見備註/See Remarks 7 (c)(v) ‧見備註/See Remarks 7 (c)(vi) ‧見備註/See Remarks 7 (c)(vii) ‧見備註/See Remarks 7 (d)(ii) ‧見備註/See Remarks 7 (e)(ii) ‧見備註/See Remarks 7 (f)(ii) ‧見備註/See Remarks 7 (e)(iii),
2017-03-25,2017-04-06,,第2座 (2B) Tower 2 (2B),12,G,,5314900,,‧價單第4號 (A1)付款辦法 Payment Plan (A1) of Price List No.4 見備註/See Remarks 7 (c)(i) ‧見備註/See Remarks 7 (c)(v) ‧見備註/See Remarks 7 (c)(vi) ‧見備註/See Remarks 7 (c)(vii) ‧見備註/See Remarks 7 (d)(ii) ‧見備註/See Remarks 7 (e)(ii) ‧見備註/See Remarks 7 (f)(ii) ‧見備註/See Remarks 7 (e)(iii),
2017-03-25,2017-04-06,,第2座 (2B) Tower 2 (2B),11,G,,5310200,,‧價單第4號 (A1)付款辦法 Payment Plan (A1) of Price List No.4 見備註/See Remarks 7 (c)(i) ‧見備註/See Remarks 7 (c)(v) ‧見備註/See Remarks 7 (c)(vi) ‧見備註/See Remarks 7 (c)(vii) ‧見備註/See Remarks 7 (d)(ii) ‧見備註/See Remarks 7 (e)(ii) ‧見備註/See Remarks 7 (f)(ii) ‧見備註/See Remarks 7 (e)(iii),
2017-03-25,2017-04-06,,第2座 (2B) Tower 2 (2B),10,G,,5304700,,‧價單第4號 (A1)付款辦法 Payment Plan (A1) of Price List No.4 見備註/See Remarks 7 (c)(i) ‧見備註/See Remarks 7 (c)(v) ‧見備註/See Remarks 7 (c)(vi) ‧見備註/See Remarks 7 (c)(vii) ‧見備註/See Remarks 7 (d)(ii) ‧見備註/See Remarks 7 (e)(ii) ‧見備註/See Remarks 7 (f)(ii) ‧見備註/See Remarks 7 (e)(iii),
2017-03-25,2017-04-06,,第2座 (2B) Tower 2 (2B),9,G,,5298500,,‧價單第4號 (A1)付款辦法 Payment Plan (A1) of Price List No.4 見備註/See Remarks 7 (c)(i) ‧見備註/See Remarks 7 (c)(v) ‧見備註/See Remarks 7 (c)(vi) ‧見備註/See Remarks 7 (c)(vii) ‧見備註/See Remarks 7 (d)(ii) ‧見備註/See Remarks 7 (e)(ii) ‧見備註/See Remarks 7 (f)(ii) ‧見備註/See Remarks 7 (e)(iii),
2017-03-25,2017-04-06,,第2座 (2B) Tower 2 (2B),7,G,,5293800,,‧價單第4號 (A1)付款辦法 Payment Plan (A1) of Price List No.4 見備註/See Remarks 7 (c)(i) ‧見備註/See Remarks 7 (c)(v) ‧見備註/See Remarks 7 (c)(vi) ‧見備註/See Remarks 7 (c)(vii) ‧見備註/See Remarks 7 (d)(ii) ‧見備註/See Remarks 7 (e)(ii) ‧見備註/See Remarks 7 (f)(ii) ‧見備註/See Remarks 7 (e)(iii),
2017-03-25,2017-04-06,,第2座 (2B) Tower 2 (2B),51,J,,8204000,,‧價單第4號 (A1)付款辦法 Payment Plan (A1) of Price List No.4 見備註/See Remarks 7 (c)(i) ‧見備註/See Remarks 7 (c)(v) ‧見備註/See Remarks 7 (c)(vi) ‧見備註/See Remarks 7 (c)(vii) ‧見備註/See Remarks 7 (d)(ii) ‧見備註/See Remarks 7 (e)(ii) ‧見備註/See Remarks 7 (f)(ii) ‧見備註/See Remarks 7 (e)(iii),
2017-03-25,2017-04-06,,第2座 (2B) Tower 2 (2B),50,J,,8107300,,‧價單第4號 (A1)付款辦法 Payment Plan (A1) of Price List No.4 見備註/See Remarks 7 (c)(i) ‧見備註/See Remarks 7 (c)(v) ‧見備註/See Remarks 7 (c)(vi) ‧見備註/See Remarks 7 (c)(vii) ‧見備註/See Remarks 7 (d)(ii) ‧見備註/See Remarks 7 (e)(ii) ‧見備註/See Remarks 7 (f)(ii) ‧見備註/See Remarks 7 (e)(iii),
2017-03-25,2017-04-06,,第2座 (2B) 49 J Tower 2 (2B),,,,15351100,,‧價單第4號 (A1)付款辦法 Payment Plan (A1) of Price List No.4 見備註/See Remarks 7 (c)(i) ‧見備註/See Remarks 7 (c)(v) ‧見備註/See Remarks 7 (c)(vi) ‧見備註/See Remarks 7 (c)(vii) ‧見備註/See Remarks 7 (d)(ii) ‧見備註/See Remarks 7 (e)(ii) ‧見備註/See Remarks 7 (f)(ii) ‧見備註/See Remarks 7 (e)(iii),
2017-03-25,2017-04-06,,第2座 (2B) Tower 2 (2B),48,J,,8011300,,‧價單第4號 (A1)付款辦法 Payment Plan (A1) of Price List No.4 見備註/See Remarks 7 (c)(i) ‧見備註/See Remarks 7 (c)(v) ‧見備註/See Remarks 7 (c)(vi) ‧見備註/See Remarks 7 (c)(vii) ‧見備註/See Remarks 7 (d)(ii) ‧見備註/See Remarks 7 (e)(ii) ‧見備註/See Remarks 7 (f)(ii) ‧見備註/See Remarks 7 (e)(iii),
2017-03-25,2017-04-06,,第2座 (2B) Tower 2 (2B),47,J,,7900600,,‧價單第4號 (A1)付款辦法 Payment Plan (A1) of Price List No.4 見備註/See Remarks 7 (c)(i) ‧見備註/See Remarks 7 (c)(v) ‧見備註/See Remarks 7 (c)(vi) ‧見備註/See Remarks 7 (c)(vii) ‧見備註/See Remarks 7 (d)(ii) ‧見備註/See Remarks 7 (e)(ii) ‧見備註/See Remarks 7 (f)(ii) ‧見備註/See Remarks 7 (e)(iii),
2017-03-25,2017-04-06,,第2座 (2B) Tower 2 (2B),46,J,,7845200,,‧價單第4號 (A1)付款辦法 Payment Plan (A1) of Price List No.4 見備註/See Remarks 7 (c)(i) ‧見備註/See Remarks 7 (c)(v) ‧見備註/See Remarks 7 (c)(vi) ‧見備註/See Remarks 7 (c)(vii) ‧見備註/See Remarks 7 (d)(ii) ‧見備註/See Remarks 7 (e)(ii) ‧見備註/See Remarks 7 (f)(ii) ‧見備註/See Remarks 7 (e)(iii),
2017-03-25,2017-04-06,,第2座 (2B) Tower 2 (2B),45,J,,7791400,,‧價單第4號 (A1)付款辦法 Payment Plan (A1) of Price List No.4 見備註/See Remarks 7 (c)(i) ‧見備註/See Remarks 7 (c)(v) ‧見備註/See Remarks 7 (c)(vi) ‧見備註/See Remarks 7 (c)(vii) ‧見備註/See Remarks 7 (d)(ii) ‧見備註/See Remarks 7 (e)(ii) ‧見備註/See Remarks 7 (f)(ii) ‧見備註/See Remarks 7 (e)(iii),
2017-03-25,2017-04-06,,第2座 (2B) Tower 2 (2B),43,J,,7736000,,‧價單第4號 (A1)付款辦法 Payment Plan (A1) of Price List No.4 見備註/See Remarks 7 (c)(i) ‧見備註/See Remarks 7 (c)(v) ‧見備註/See Remarks 7 (c)(vi) ‧見備註/See Remarks 7 (c)(vii) ‧見備註/See Remarks 7 (d)(ii) ‧見備註/See Remarks 7 (e)(ii) ‧見備註/See Remarks 7 (f)(ii) ‧見備註/See Remarks 7 (e)(iii),
2017-03-25,2017-04-06,,第2座 (2B) Tower 2 (2B),42,J,,7683000,,‧價單第4號 (A1)付款辦法 Payment Plan (A1) of Price List No.4 見備註/See Remarks 7 (c)(i) ‧見備註/See Remarks 7 (c)(v) ‧見備註/See Remarks 7 (c)(vi) ‧見備註/See Remarks 7 (c)(vii) ‧見備註/See Remarks 7 (d)(ii) ‧見備註/See Remarks 7 (e)(ii) ‧見備註/See Remarks 7 (f)(ii) ‧見備註/See Remarks 7 (e)(iii),
2017-03-25,2017-04-06,,第2座 (2B) Tower 2 (2B),41,J,,7629100,,‧價單第4號 (A1)付款辦法 Payment Plan (A1) of Price List No.4 見備註/See Remarks 7 (c)(i) ‧見備註/See Remarks 7 (c)(v) ‧見備註/See Remarks 7 (c)(vi) ‧見備註/See Remarks 7 (c)(vii) ‧見備註/See Remarks 7 (d)(ii) ‧見備註/See Remarks 7 (e)(ii) ‧見備註/See Remarks 7 (f)(ii) ‧見備註/See Remarks 7 (e)(iii),
2017-03-25,2017-04-06,,第2座 (2B) Tower 2 (2B),39,J,,7539400,,‧價單第4號 (A1)付款辦法 Payment Plan (A1) of Price List No.4 見備註/See Remarks 7 (c)(i) ‧見備註/See Remarks 7 (c)(v) ‧見備註/See Remarks 7 (c)(vi) ‧見備註/See Remarks 7 (c)(vii) ‧見備註/See Remarks 7 (d)(ii) ‧見備註/See Remarks 7 (e)(ii) ‧見備註/See Remarks 7 (f)(ii) ‧見備註/See Remarks 7 (e)(iii),
2017-03-25,2017-04-06,,第2座 (2B) 38 J Tower 2 (2B),,,,12869900,,‧價單第4號 (A1)付款辦法 Payment Plan (A1) of Price List No.4 見備註/See Remarks 7 (c)(i) ‧見備註/See Remarks 7 (c)(v) ‧見備註/See Remarks 7 (c)(vi) ‧見備註/See Remarks 7 (c)(vii) ‧見備註/See Remarks 7 (d)(ii) ‧見備註/See Remarks 7 (e)(ii) ‧見備註/See Remarks 7 (f)(ii) ‧見備註/See Remarks 7 (e)(iii),
2017-03-25,2017-04-06,,第2座 (2B) Tower 2 (2B),37,J,,7465300,,‧價單第3號 (A1)付款辦法 Payment Plan (A1) of Price List No.3 見備註/See Remarks 7 (c)(i) ‧見備註/See Remarks 7 (c)(v) ‧見備註/See Remarks 7 (c)(vi) ‧見備註/See Remarks 7 (c)(vii) ‧見備註/See Remarks 7 (d)(ii) ‧見備註/See Remarks 7 (e)(ii) ‧見備註/See Remarks 7 (f)(ii) ‧見備註/See Remarks 7 (e)(iii),
2017-03-25,2017-04-06,,第2座 (2B) Tower 2 (2B),36,J,,7903200,,‧價單第3號 (B1)付款辦法 Payment Plan (B1) of Price List No.3 見備註/See Remarks 7 (c)(ii) ‧見備註/See Remarks 7 (c)(v) ‧見備註/See Remarks 7 (c)(vi) ‧見備註/See Remarks 7 (c)(vii) ‧見備註/See Remarks 7 (e)(i) ‧見備註/See Remarks 7 (d)(ii) ‧見備註/See Remarks 7 (e)(ii) ‧見備註/See Remarks 7 (f)(ii) ‧見備註/See Remarks 7 (e)(iii),
2017-03-25,2017-04-06,,第2座 (2B) Tower 2 (2B),35,J,,7390500,,‧價單第3號 (A1)付款辦法 Payment Plan (A1) of Price List No.3 見備註/See Remarks 7 (c)(i) ‧見備註/See Remarks 7 (c)(v) ‧見備註/See Remarks 7 (c)(vi) ‧見備註/See Remarks 7 (c)(vii) ‧見備註/See Remarks 7 (d)(ii) ‧見備註/See Remarks 7 (e)(ii) ‧見備註/See Remarks 7 (f)(ii) ‧見備註/See Remarks 7 (e)(iii),
2017-03-25,2017-04-06,,第2座 (2B) Tower 2 (2B),33,J,,7353000,,‧價單第3號 (A1)付款辦法 Payment Plan (A1) of Price List No.3 見備註/See Remarks 7 (c)(i) ‧見備註/See Remarks 7 (c)(v) ‧見備註/See Remarks 7 (c)(vi) ‧見備註/See Remarks 7 (c)(vii) ‧見備註/See Remarks 7 (d)(ii) ‧見備註/See Remarks 7 (e)(ii) ‧見備註/See Remarks 7 (f)(ii) ‧見備註/See Remarks 7 (e)(iii),
2017-03-25,2017-04-06,,第2座 (2B) Tower 2 (2B),32,J,,7317100,,‧價單第3號 (A1)付款辦法 Payment Plan (A1) of Price List No.3 見備註/See Remarks 7 (c)(i) ‧見備註/See Remarks 7 (c)(v) ‧見備註/See Remarks 7 (c)(vi) ‧見備註/See Remarks 7 (c)(vii) ‧見備註/See Remarks 7 (d)(ii) ‧見備註/See Remarks 7 (e)(ii) ‧見備註/See Remarks 7 (f)(ii) ‧見備註/See Remarks 7 (e)(iii),
2017-03-25,2017-04-06,,第2座 (2B) Tower 2 (2B),31,J,,7747200,,‧價單第3號 (B1)付款辦法 Payment Plan (B1) of Price List No.3 見備註/See Remarks 7 (c)(ii) ‧見備註/See Remarks 7 (c)(v) ‧見備註/See Remarks 7 (c)(vi) ‧見備註/See Remarks 7 (c)(vii) ‧見備註/See Remarks 7 (e)(i) ‧見備註/See Remarks 7 (d)(ii) ‧見備註/See Remarks 7 (e)(ii) ‧見備註/See Remarks 7 (f)(ii) ‧見備註/See Remarks 7 (e)(iii),
2017-03-25,2017-04-06,,第2座 (2B) Tower 2 (2B),29,J,,7208700,,‧價單第3號 (A1)付款辦法 Payment Plan (A1) of Price List No.3 見備註/See Remarks 7 (c)(i) ‧見備註/See Remarks 7 (c)(v) ‧見備註/See Remarks 7 (c)(vi) ‧見備註/See Remarks 7 (c)(vii) ‧見備註/See Remarks 7 (d)(ii) ‧見備註/See Remarks 7 (e)(ii) ‧見備註/See Remarks 7 (f)(ii) ‧見備註/See Remarks 7 (e)(iii),
2017-03-25,2017-04-06,,第2座 (2B) Tower 2 (2B),28,J,,7208700,,‧價單第3號 (A1)付款辦法 Payment Plan (A1) of Price List No.3 見備註/See Remarks 7 (c)(i) ‧見備註/See Remarks 7 (c)(v) ‧見備註/See Remarks 7 (c)(vi) ‧見備註/See Remarks 7 (c)(vii) ‧見備註/See Remarks 7 (d)(ii) ‧見備註/See Remarks 7 (e)(ii) ‧見備註/See Remarks 7 (f)(ii) ‧見備註/See Remarks 7 (e)(iii),
2017-03-25,2017-04-06,,第2座 (2B) Tower 2 (2B),26,J,,8507600,,‧價單第3號 (B1)付款辦法 Payment Plan (B1) of Price List No.3 見備註/See Remarks 7 (c)(ii) ‧見備註/See Remarks 7 (d)(i) ‧見備註/See Remarks 7 (c)(vi) ‧見備註/See Remarks 7 (c)(vii) ‧見備註/See Remarks 7 (e)(i) ‧見備註/See Remarks 7 (d)(ii) ‧見備註/See Remarks 7 (e)(ii) ‧見備註/See Remarks 7 (f)(ii) ‧見備註/See Remarks 7 (e)(iii),
2017-03-25,2017-04-06,,第2座 (2B) Tower 2 (2B),23,J,,7518100,,‧價單第3號 (B1)付款辦法 Payment Plan (B1) of Price List No.3 見備註/See Remarks 7 (c)(ii) ‧見備註/See Remarks 7 (c)(v) ‧見備註/See Remarks 7 (c)(vi) ‧見備註/See Remarks 7 (c)(vii) ‧見備註/See Remarks 7 (e)(i) ‧見備註/See Remarks 7 (d)(iv) ‧見備註/See Remarks 7 (e)(ii) ‧見備註/See Remarks 7 (f)(ii) ‧見備註/See Remarks 7 (e)(iii),
2017-03-25,2017-04-06,,第2座 (2B) 22 J Tower 2 (2B),,,,13940800,,‧價單第3號 (A1)付款辦法 Payment Plan (A1) of Price List No.3 見備註/See Remarks 7 (c)(i) ‧見備註/See Remarks 7 (c)(v) ‧見備註/See Remarks 7 (c)(vi) ‧見備註/See Remarks 7 (c)(vii) ‧見備註/See Remarks 7 (d)(ii) ‧見備註/See Remarks 7 (e)(ii) ‧見備註/See Remarks 7 (f)(ii) ‧見備註/See Remarks 7 (e)(iii),
2017-03-25,2017-04-06,,第2座 (2B) Tower 2 (2B),21,J,,6995000,,‧價單第3號 (A1)付款辦法 Payment Plan (A1) of Price List No.3 見備註/See Remarks 7 (c)(i) ‧見備註/See Remarks 7 (c)(v) ‧見備註/See Remarks 7 (c)(vi) ‧見備註/See Remarks 7 (c)(vii) ‧見備註/See Remarks 7 (d)(ii) ‧見備註/See Remarks 7 (e)(ii) ‧見備註/See Remarks 7 (f)(ii) ‧見備註/See Remarks 7 (e)(iii),
2017-03-25,2017-04-06,,第2座 (2B) Tower 2 (2B),20,J,,6959100,,‧價單第4號 (A1)付款辦法 Payment Plan (A1) of Price List No.4 見備註/See Remarks 7 (c)(i) ‧見備註/See Remarks 7 (c)(v) ‧見備註/See Remarks 7 (c)(vi) ‧見備註/See Remarks 7 (c)(vii) ‧見備註/See Remarks 7 (d)(ii) ‧見備註/See Remarks 7 (e)(ii) ‧見備註/See Remarks 7 (f)(ii) ‧見備註/See Remarks 7 (e)(iii),
2017-03-25,2017-04-06,,第2座 (2B) 19 J Tower 2 (2B) 第2座 (2B) 16 J Tower 2 (2B),,,,13807500,,‧價單第4號 (A1)付款辦法 Payment Plan (A1) of Price List No.4 見備註/See Remarks 7 (c)(i) ‧見備註/See Remarks 7 (c)(v) ‧見備註/See Remarks 7 (c)(vi) ‧見備註/See Remarks 7 (c)(vii) ‧見備註/See Remarks 7 (d)(ii) ‧見備註/See Remarks 7 (e)(ii) ‧見備註/See Remarks 7 (f)(ii) ‧見備註/See Remarks 7 (e)(iii) ‧價單第4號 (A1)付款辦法 Payment Plan (A1) of Price List No.4 見備註/See Remarks 7 (c)(i) ‧見備註/See Remarks 7 (c)(v) ‧見備註/See Remarks 7 (c)(vi) ‧見備註/See Remarks 7 (c)(vii) ‧見備註/See Remarks 7 (d)(ii) ‧見備註/See Remarks 7 (e)(ii) ‧見備註/See Remarks 7 (f)(ii) ‧見備註/See Remarks 7 (e)(iii),
2017-03-25,2017-04-06,,第2座 (2B) Tower 2 (2B),18,J,,7812600,,‧價單第4號 (A1)付款辦法 Payment Plan (A1) of Price List No.4 見備註/See Remarks 7 (c)(i) ‧見備註/See Remarks 7 (d)(i) ‧見備註/See Remarks 7 (c)(vi) ‧見備註/See Remarks 7 (c)(vii) ‧見備註/See Remarks 7 (d)(ii) ‧見備註/See Remarks 7 (e)(ii) ‧見備註/See Remarks 7 (f)(ii) ‧見備註/See Remarks 7 (e)(iii),
2017-03-25,2017-04-06,,第2座 (2B) Tower 2 (2B),17,J,,6890500,,‧價單第4號 (A1)付款辦法 Payment Plan (A1) of Price List No.4 見備註/See Remarks 7 (c)(i) ‧見備註/See Remarks 7 (c)(v) ‧見備註/See Remarks 7 (c)(vi) ‧見備註/See Remarks 7 (c)(vii) ‧見備註/See Remarks 7 (d)(ii) ‧見備註/See Remarks 7 (e)(ii) ‧見備註/See Remarks 7 (f)(ii) ‧見備註/See Remarks 7 (e)(iii),
2017-03-25,2017-04-06,,第2座 (2B) Tower 2 (2B),15,J,,6876400,,‧價單第4號 (A1)付款辦法 Payment Plan (A1) of Price List No.4 見備註/See Remarks 7 (c)(i) ‧見備註/See Remarks 7 (c)(v) ‧見備註/See Remarks 7 (c)(vi) ‧見備註/See Remarks 7 (c)(vii) ‧見備註/See Remarks 7 (d)(ii) ‧見備註/See Remarks 7 (e)(ii) ‧見備註/See Remarks 7 (f)(ii) ‧見備註/See Remarks 7 (e)(iii),
2017-03-25,2017-04-06,,第2座 (2B) Tower 2 (2B),12,J,,8190500,,‧價單第4號 (B1)付款辦法 Payment Plan (B1) of Price List No.4 見備註/See Remarks 7 (c)(ii) ‧見備註/See Remarks 7 (d)(i) ‧見備註/See Remarks 7 (c)(vi) ‧見備註/See Remarks 7 (c)(vii) ‧見備註/See Remarks 7 (e)(i) ‧見備註/See Remarks 7 (d)(ii) ‧見備註/See Remarks 7 (e)(ii) ‧見備註/See Remarks 7 (f)(ii) ‧見備註/See Remarks 7 (e)(iii),
2017-03-25,2017-04-06,,第2座 (2B) Tower 2 (2B),11,J,,6862400,,‧價單第4號 (A1)付款辦法 Payment Plan (A1) of Price List No.4 見備註/See Remarks 7 (c)(i) ‧見備註/See Remarks 7 (c)(v) ‧見備註/See Remarks 7 (c)(vi) ‧見備註/See Remarks 7 (c)(vii) ‧見備註/See Remarks 7 (d)(ii) ‧見備註/See Remarks 7 (e)(ii) ‧見備註/See Remarks 7 (f)(ii) ‧見備註/See Remarks 7 (e)(iii),
2017-03-25,2017-04-06,,第2座 (2B) Tower 2 (2B),10,J,,6855400,,‧價單第4號 (A1)付款辦法 Payment Plan (A1) of Price List No.4 見備註/See Remarks 7 (c)(i) ‧見備註/See Remarks 7 (c)(v) ‧見備註/See Remarks 7 (c)(vi) ‧見備註/See Remarks 7 (c)(vii) ‧見備註/See Remarks 7 (d)(ii) ‧見備註/See Remarks 7 (e)(ii) ‧見備註/See Remarks 7 (f)(ii) ‧見備註/See Remarks 7 (e)(iii),
2017-03-25,2017-04-06,,第2座 (2B) Tower 2 (2B),9,J,,6849100,,‧價單第4號 (A1)付款辦法 Payment Plan (A1) of Price List No.4 見備註/See Remarks 7 (c)(i) ‧見備註/See Remarks 7 (c)(v) ‧見備註/See Remarks 7 (c)(vi) ‧見備註/See Remarks 7 (c)(vii) ‧見備註/See Remarks 7 (d)(ii) ‧見備註/See Remarks 7 (e)(ii) ‧見備註/See Remarks 7 (f)(ii) ‧見備註/See Remarks 7 (e)(iii),
2017-03-25,,,第2座 (2B) 8 J Tower 2 (2B) 第2座 (2B) 6 J Tower 2 (2B),,,,13684200,,‧價單第4號 (A1)付款辦法 Payment Plan (A1) of Price List No.4 見備註/See Remarks 7 (c)(i) ‧見備註/See Remarks 7 (c)(v) ‧見備註/See Remarks 7 (c)(vi) ‧見備註/See Remarks 7 (c)(vii) ‧見備註/See Remarks 7 (d)(ii) ‧見備註/See Remarks 7 (e)(ii) ‧見備註/See Remarks 7 (f)(ii) ‧見備註/See Remarks 7 (e)(iii) ‧價單第4號 (A1)付款辦法 Payment Plan (A1) of Price List No.4 見備註/See Remarks 7 (c)(i) ‧見備註/See Remarks 7 (c)(v) ‧見備註/See Remarks 7 (c)(vi) ‧見備註/See Remarks 7 (c)(vii) ‧見備註/See Remarks 7 (d)(ii) ‧見備註/See Remarks 7 (e)(ii) ‧見備註/See Remarks 7 (f)(ii) ‧見備註/See Remarks 7 (e)(iii),
2017-03-25,2017-04-06,,第2座 (2B) Tower 2 (2B),7,J,,6842900,,‧價單第4號 (A1)付款辦法 Payment Plan (A1) of Price List No.4 見備註/See Remarks 7 (c)(i) ‧見備註/See Remarks 7 (c)(v) ‧見備註/See Remarks 7 (c)(vi) ‧見備註/See Remarks 7 (c)(vii) ‧見備註/See Remarks 7 (d)(ii) ‧見備註/See Remarks 7 (e)(ii) ‧見備註/See Remarks 7 (f)(ii) ‧見備註/See Remarks 7 (e)(iii),
2017-03-25,2017-04-06,,第2座 (2B) Tower 2 (2B),45,K,,12172700,,‧價單第4號 (B1)付款辦法 Payment Plan (B1) of Price List No.4 見備註/See Remarks 7 (c)(ii) ‧見備註/See Remarks 7 (c)(v) ‧見備註/See Remarks 7 (c)(vi) ‧見備註/See Remarks 7 (c)(vii) ‧見備註/See Remarks 7 (e)(i) ‧見備註/See Remarks 7 (d)(ii) ‧見備註/See Remarks 7 (e)(ii) ‧見備註/See Remarks 7 (f)(ii) ‧見備註/See Remarks 7 (e)(iii),
2017-03-25,2017-04-06,,第2座 (2B) 43 K Tower 2 (2B) 第2座 (2B) 42 K Tower 2 (2B),,,,22584100,,‧價單第4號 (A1)付款辦法 Payment Plan (A1) of Price List No.4 見備註/See Remarks 7 (c)(i) ‧見備註/See Remarks 7 (c)(v) ‧見備註/See Remarks 7 (c)(vi) ‧見備註/See Remarks 7 (c)(vii) ‧見備註/See Remarks 7 (d)(ii) ‧見備註/See Remarks 7 (e)(ii) ‧見備註/See Remarks 7 (f)(ii) ‧見備註/See Remarks 7 (e)(iii) ‧價單第4號 (A1)付款辦法 Payment Plan (A1) of Price List No.4 見備註/See Remarks 7 (c)(i) ‧見備註/See Remarks 7 (c)(v) ‧見備註/See Remarks 7 (c)(vi) ‧見備註/See Remarks 7 (c)(vii) ‧見備註/See Remarks 7 (d)(ii) ‧見備註/See Remarks 7 (e)(ii) ‧見備註/See Remarks 7 (f)(ii) ‧見備註/See Remarks 7 (e)(iii),
2017-03-25,2017-04-06,,第2座 (2B) Tower 2 (2B),41,K,,12588400,,‧價單第4號 (A1)付款辦法 Payment Plan (A1) of Price List No.4 見備註/See Remarks 7 (c)(i) ‧見備註/See Remarks 7 (d)(i) ‧見備註/See Remarks 7 (c)(vi) ‧見備註/See Remarks 7 (c)(vii) ‧見備註/See Remarks 7 (d)(ii) ‧見備註/See Remarks 7 (e)(ii) ‧見備註/See Remarks 7 (f)(ii) ‧見備註/See Remarks 7 (e)(iii),
2017-03-25,2017-04-06,,第2座 (2B) Tower 2 (2B),40,K,,11068900,,‧價單第4號 (A1)付款辦法 Payment Plan (A1) of Price List No.4 見備註/See Remarks 7 (c)(i) ‧見備註/See Remarks 7 (c)(v) ‧見備註/See Remarks 7 (c)(vi) ‧見備註/See Remarks 7 (c)(vii) ‧見備註/See Remarks 7 (d)(ii) ‧見備註/See Remarks 7 (e)(ii) ‧見備註/See Remarks 7 (f)(ii) ‧見備註/See Remarks 7 (e)(iii),
2017-03-25,2017-04-06,,第2座 (2B) Tower 2 (2B),39,K,,10992500,,‧價單第4號 (A1)付款辦法 Payment Plan (A1) of Price List No.4 見備註/See Remarks 7 (c)(i) ‧見備註/See Remarks 7 (c)(v) ‧見備註/See Remarks 7 (c)(vi) ‧見備註/See Remarks 7 (c)(vii) ‧見備註/See Remarks 7 (d)(ii) ‧見備註/See Remarks 7 (e)(ii) ‧見備註/See Remarks 7 (f)(ii) ‧見備註/See Remarks 7 (e)(iii),
2017-03-25,2017-04-06,,第2座 (2B) 38 K Tower 2 (2B) 第1座 (1B) 38 H Tower 1 (1B),,,,21348600,,‧價單第4號 (A1)付款辦法 Payment Plan (A1) of Price List No.4 見備註/See Remarks 7 (c)(i) ‧見備註/See Remarks 7 (c)(v) ‧見備註/See Remarks 7 (c)(vi) ‧見備註/See Remarks 7 (c)(vii) ‧見備註/See Remarks 7 (d)(ii) ‧見備註/See Remarks 7 (e)(ii) ‧見備註/See Remarks 7 (f)(ii) ‧見備註/See Remarks 7 (e)(iii) ‧價單第3號 (A1)付款辦法 Payment Plan (A1) of Price List No.3 見備註/See Remarks 7 (c)(i) ‧見備註/See Remarks 7 (c)(v) ‧見備註/See Remarks 7 (c)(vi) ‧見備註/See Remarks 7 (c)(vii) ‧見備註/See Remarks 7 (d)(ii) ‧見備註/See Remarks 7 (e)(ii) ‧見備註/See Remarks 7 (f)(ii) ‧見備註/See Remarks 7 (e)(iii),
2017-03-25,2017-04-06,,第2座 (2B) Tower 2 (2B),37,K,,10764000,,‧價單第4號 (A1)付款辦法 Payment Plan (A1) of Price List No.4 見備註/See Remarks 7 (c)(i) ‧見備註/See Remarks 7 (c)(v) ‧見備註/See Remarks 7 (c)(vi) ‧見備註/See Remarks 7 (c)(vii) ‧見備註/See Remarks 7 (d)(ii) ‧見備註/See Remarks 7 (e)(ii) ‧見備註/See Remarks 7 (f)(ii) ‧見備註/See Remarks 7 (e)(iii),
2017-03-25,2017-04-06,,第2座 (2B) Tower 2 (2B),36,K,,10689900,,‧價單第4號 (A1)付款辦法 Payment Plan (A1) of Price List No.4 見備註/See Remarks 7 (c)(i) ‧見備註/See Remarks 7 (c)(v) ‧見備註/See Remarks 7 (c)(vi) ‧見備註/See Remarks 7 (c)(vii) ‧見備註/See Remarks 7 (d)(ii) ‧見備註/See Remarks 7 (e)(ii) ‧見備註/See Remarks 7 (f)(ii) ‧見備註/See Remarks 7 (e)(iii),
2017-03-25,2017-04-06,,第2座 (2B) Tower 2 (2B),35,K,,10637600,,‧價單第4號 (A1)付款辦法 Payment Plan (A1) of Price List No.4 見備註/See Remarks 7 (c)(i) ‧見備註/See Remarks 7 (c)(v) ‧見備註/See Remarks 7 (c)(vi) ‧見備註/See Remarks 7 (c)(vii) ‧見備註/See Remarks 7 (d)(ii) ‧見備註/See Remarks 7 (e)(ii) ‧見備註/See Remarks 7 (f)(ii) ‧見備註/See Remarks 7 (e)(iii),
2017-03-25,2017-04-06,,第2座 (2B) 33 K Tower 2 (2B) 第2座 (2B) 32 K Tower 2 (2B),,,,21114500,,‧價單第4號 (A1)付款辦法 Payment Plan (A1) of Price List No.4 見備註/See Remarks 7 (c)(i) ‧見備註/See Remarks 7 (c)(v) ‧見備註/See Remarks 7 (c)(vi) ‧見備註/See Remarks 7 (c)(vii) ‧見備註/See Remarks 7 (d)(ii) ‧見備註/See Remarks 7 (e)(ii) ‧見備註/See Remarks 7 (f)(ii) ‧見備註/See Remarks 7 (e)(iii) ‧價單第4號 (A1)付款辦法 Payment Plan (A1) of Price List No.4 見備註/See Remarks 7 (c)(i) ‧見備註/See Remarks 7 (c)(v) ‧見備註/See Remarks 7 (c)(vi) ‧見備註/See Remarks 7 (c)(vii) ‧見備註/See Remarks 7 (d)(ii) ‧見備註/See Remarks 7 (e)(ii) ‧見備註/See Remarks 7 (f)(ii) ‧見備註/See Remarks 7 (e)(iii),
2017-03-25,2017-04-06,,第2座 (2B) Tower 2 (2B),31,K,,10479300,,‧價單第4號 (A1)付款辦法 Payment Plan (A1) of Price List No.4 見備註/See Remarks 7 (c)(i) ‧見備註/See Remarks 7 (c)(v) ‧見備註/See Remarks 7 (c)(vi) ‧見備註/See Remarks 7 (c)(vii) ‧見備註/See Remarks 7 (d)(ii) ‧見備註/See Remarks 7 (e)(ii) ‧見備註/See Remarks 7 (f)(ii) ‧見備註/See Remarks 7 (e)(iii),
2017-03-25,2017-04-06,,第2座 (2B) 30 K Tower 2 (2B) 第2座 (2B) 22 K Tower 2 (2B),,,,20432800,,‧價單第4號 (A1)付款辦法 Payment Plan (A1) of Price List No.4 見備註/See Remarks 7 (c)(i) ‧見備註/See Remarks 7 (c)(v) ‧見備註/See Remarks 7 (c)(vi) ‧見備註/See Remarks 7 (c)(vii) ‧見備註/See Remarks 7 (d)(ii) ‧見備註/See Remarks 7 (e)(ii) ‧見備註/See Remarks 7 (f)(ii) ‧見備註/See Remarks 7 (e)(iii) ‧價單第4號 (A1)付款辦法 Payment Plan (A1) of Price List No.4 見備註/See Remarks 7 (c)(i) ‧見備註/See Remarks 7 (c)(v) ‧見備註/See Remarks 7 (c)(vi) ‧見備註/See Remarks 7 (c)(vii) ‧見備註/See Remarks 7 (d)(ii) ‧見備註/See Remarks 7 (e)(ii) ‧見備註/See Remarks 7 (f)(ii) ‧見備註/See Remarks 7 (e)(iii),
2017-03-25,2017-04-06,,第2座 (2B) Tower 2 (2B),29,K,,10375500,,‧價單第4號 (A1)付款辦法 Payment Plan (A1) of Price List No.4 見備註/See Remarks 7 (c)(i) ‧見備註/See Remarks 7 (c)(v) ‧見備註/See Remarks 7 (c)(vi) ‧見備註/See Remarks 7 (c)(vii) ‧見備註/See Remarks 7 (d)(ii) ‧見備註/See Remarks 7 (e)(ii) ‧見備註/See Remarks 7 (f)(ii) ‧見備註/See Remarks 7 (e)(iii),
2017-03-25,2017-04-06,,第2座 (2B) Tower 2 (2B),26,K,,10187500,,‧價單第4號 (A1)付款辦法 Payment Plan (A1) of Price List No.4 見備註/See Remarks 7 (c)(i) ‧見備註/See Remarks 7 (c)(v) ‧見備註/See Remarks 7 (c)(vi) ‧見備註/See Remarks 7 (c)(vii) ‧見備註/See Remarks 7 (d)(ii) ‧見備註/See Remarks 7 (e)(ii) ‧見備註/See Remarks 7 (f)(ii) ‧見備註/See Remarks 7 (e)(iii),
2017-03-25,2017-04-06,,第2座 (2B) 25 K Tower 2 (2B) 第2座 (2B) 25 J Tower 2 (2B),,,,17228600,,‧價單第4號 (A1)付款辦法 Payment Plan (A1) of Price List No.4 見備註/See Remarks 7 (c)(i) ‧見備註/See Remarks 7 (c)(v) ‧見備註/See Remarks 7 (c)(vi) ‧見備註/See Remarks 7 (c)(vii) ‧見備註/See Remarks 7 (d)(ii) ‧見備註/See Remarks 7 (e)(ii) ‧見備註/See Remarks 7 (f)(ii) ‧見備註/See Remarks 7 (e)(iii) ‧價單第3號 (A1)付款辦法 Payment Plan (A1) of Price List No.3 見備註/See Remarks 7 (c)(i) ‧見備註/See Remarks 7 (c)(v) ‧見備註/See Remarks 7 (c)(vi) ‧見備註/See Remarks 7 (c)(vii) ‧見備註/See Remarks 7 (d)(ii) ‧見備註/See Remarks 7 (e)(ii) ‧見備註/See Remarks 7 (f)(ii) ‧見備註/See Remarks 7 (e)(iii),
2017-03-25,2017-04-06,,第2座 (2B) Tower 2 (2B),23,K,,10066600,,‧價單第4號 (A1)付款辦法 Payment Plan (A1) of Price List No.4 見備註/See Remarks 7 (c)(i) ‧見備註/See Remarks 7 (c)(v) ‧見備註/See Remarks 7 (c)(vi) ‧見備註/See Remarks 7 (c)(vii) ‧見備註/See Remarks 7 (d)(ii) ‧見備註/See Remarks 7 (e)(ii) ‧見備註/See Remarks 7 (f)(ii) ‧見備註/See Remarks 7 (e)(iii),
2017-03-25,2017-04-06,,第2座 (2B) Tower 2 (2B),21,K,,9945000,,‧價單第4號 (A1)付款辦法 Payment Plan (A1) of Price List No.4 見備註/See Remarks 7 (c)(i) ‧見備註/See Remarks 7 (c)(v) ‧見備註/See Remarks 7 (c)(vi) ‧見備註/See Remarks 7 (c)(vii) ‧見備註/See Remarks 7 (d)(ii) ‧見備註/See Remarks 7 (e)(ii) ‧見備註/See Remarks 7 (f)(ii) ‧見備註/See Remarks 7 (e)(iii),
2017-03-25,2017-04-06,,第2座 (2B) Tower 2 (2B),20,K,,9885700,,‧價單第4號 (A1)付款辦法 Payment Plan (A1) of Price List No.4 見備註/See Remarks 7 (c)(i) ‧見備註/See Remarks 7 (c)(v) ‧見備註/See Remarks 7 (c)(vi) ‧見備註/See Remarks 7 (c)(vii) ‧見備註/See Remarks 7 (d)(ii) ‧見備註/See Remarks 7 (e)(ii) ‧見備註/See Remarks 7 (f)(ii) ‧見備註/See Remarks 7 (e)(iii),
2017-03-25,2017-04-06,,第2座 (2B) Tower 2 (2B),18,K,,9807700,,‧價單第4號 (A1)付款辦法 Payment Plan (A1) of Price List No.4 見備註/See Remarks 7 (c)(i) ‧見備註/See Remarks 7 (c)(v) ‧見備註/See Remarks 7 (c)(vi) ‧見備註/See Remarks 7 (c)(vii) ‧見備註/See Remarks 7 (d)(ii) ‧見備註/See Remarks 7 (e)(ii) ‧見備註/See Remarks 7 (f)(ii) ‧見備註/See Remarks 7 (e)(iii),
2017-03-25,2017-04-06,,第2座 (2B) Tower 2 (2B),17,K,,9788200,,‧價單第3號 (A1)付款辦法 Payment Plan (A1) of Price List No.3 見備註/See Remarks 7 (c)(i) ‧見備註/See Remarks 7 (c)(v) ‧見備註/See Remarks 7 (c)(vi) ‧見備註/See Remarks 7 (c)(vii) ‧見備註/See Remarks 7 (d)(ii) ‧見備註/See Remarks 7 (e)(ii) ‧見備註/See Remarks 7 (f)(ii) ‧見備註/See Remarks 7 (e)(iii),
2017-03-25,2017-04-06,,第2座 (2B) Tower 2 (2B),16,K,,9767900,,‧價單第3號 (A1)付款辦法 Payment Plan (A1) of Price List No.3 見備註/See Remarks 7 (c)(i) ‧見備註/See Remarks 7 (c)(v) ‧見備註/See Remarks 7 (c)(vi) ‧見備註/See Remarks 7 (c)(vii) ‧見備註/See Remarks 7 (d)(iv) ‧見備註/See Remarks 7 (e)(ii) ‧見備註/See Remarks 7 (f)(ii) ‧見備註/See Remarks 7 (e)(iii),
2017-03-25,2017-04-06,,第2座 (2B) Tower 2 (2B),12,K,,9728900,,‧價單第3號 (A1)付款辦法 Payment Plan (A1) of Price List No.3 見備註/See Remarks 7 (c)(i) ‧見備註/See Remarks 7 (c)(v) ‧見備註/See Remarks 7 (c)(vi) ‧見備註/See Remarks 7 (c)(vii) ‧見備註/See Remarks 7 (d)(ii) ‧見備註/See Remarks 7 (e)(ii) ‧見備註/See Remarks 7 (f)(ii) ‧見備註/See Remarks 7 (e)(iii),
2017-03-25,2017-04-06,,第2座 (2B) Tower 2 (2B),11,K,,9709400,,‧價單第3號 (A1)付款辦法 Payment Plan (A1) of Price List No.3 見備註/See Remarks 7 (c)(i) ‧見備註/See Remarks 7 (c)(v) ‧見備註/See Remarks 7 (c)(vi) ‧見備註/See Remarks 7 (c)(vii) ‧見備註/See Remarks 7 (d)(ii) ‧見備註/See Remarks 7 (e)(ii) ‧見備註/See Remarks 7 (f)(ii) ‧見備註/See Remarks 7 (e)(iii),
2017-03-25,2017-04-06,,第2座 (2B) 10 K Tower 2 (2B) 第2座 (2B) 7 K Tower 2 (2B),,,,19341600,,‧價單第3號 (A1)付款辦法 Payment Plan (A1) of Price List No.3 見備註/See Remarks 7 (c)(i) ‧見備註/See Remarks 7 (c)(v) ‧見備註/See Remarks 7 (c)(vi) ‧見備註/See Remarks 7 (c)(vii) ‧見備註/See Remarks 7 (d)(ii) ‧見備註/See Remarks 7 (e)(ii) ‧見備註/See Remarks 7 (f)(ii) ‧見備註/See Remarks 7 (e)(iii) ‧價單第4號 (A1)付款辦法 Payment Plan (A1) of Price List No.4 見備註/See Remarks 7 (c)(i) ‧見備註/See Remarks 7 (c)(v) ‧見備註/See Remarks 7 (c)(vi) ‧見備註/See Remarks 7 (c)(vii) ‧見備註/See Remarks 7 (d)(ii) ‧見備註/See Remarks 7 (e)(ii) ‧見備註/See Remarks 7 (f)(ii) ‧見備註/See Remarks 7 (e)(iii),
2017-03-25,2017-04-06,,第2座 (2B) Tower 2 (2B),9,K,,9671200,,‧價單第4號 (A1)付款辦法 Payment Plan (A1) of Price List No.4 見備註/See Remarks 7 (c)(i) ‧見備註/See Remarks 7 (c)(v) ‧見備註/See Remarks 7 (c)(vi) ‧見備註/See Remarks 7 (c)(vii) ‧見備註/See Remarks 7 (d)(ii) ‧見備註/See Remarks 7 (e)(ii) ‧見備註/See Remarks 7 (f)(ii) ‧見備註/See Remarks 7 (e)(iii),
2017-03-25,2017-04-06,,第2座 (2B) Tower 2 (2B),8,K,,9671200,,‧價單第4號 (A1)付款辦法 Payment Plan (A1) of Price List No.4 見備註/See Remarks 7 (c)(i) ‧見備註/See Remarks 7 (c)(v) ‧見備註/See Remarks 7 (c)(vi) ‧見備註/See Remarks 7 (c)(vii) ‧見備註/See Remarks 7 (d)(ii) ‧見備註/See Remarks 7 (e)(ii) ‧見備註/See Remarks 7 (f)(ii) ‧見備註/See Remarks 7 (e)(iii),
2017-03-25,2017-04-06,,第2座 (2B) Tower 2 (2B),6,K,,9632200,,‧價單第4號 (A1)付款辦法 Payment Plan (A1) of Price List No.4 見備註/See Remarks 7 (c)(i) ‧見備註/See Remarks 7 (c)(v) ‧見備註/See Remarks 7 (c)(vi) ‧見備註/See Remarks 7 (c)(vii) ‧見備註/See Remarks 7 (d)(ii) ‧見備註/See Remarks 7 (e)(ii) ‧見備註/See Remarks 7 (f)(ii) ‧見備註/See Remarks 7 (e)(iii),
2017-04-01,2017-04-13,,第1座 (1A) 43 A Tower 1 (1A) 第1座 (1A) 43 B Tower 1 (1A) 第2座 (2A) 35 B Tower 2 (2A),,,,113085000,,‧價單第6號 (A1)付款辦法 Payment Plan (A1) of Price List No.6 見備註/See Remarks 7 (c)(i) ‧見備註/See Remarks 7 (c)(v) ‧見備註/See Remarks 7 (c)(vi) ‧見備註/See Remarks 7 (c)(vii) ‧見備註/See Remarks 7 (d)(ii) ‧見備註/See Remarks 7 (e)(ii) ‧見備註/See Remarks 7 (f)(i) ‧見備註/See Remarks 7 (e)(iii) ‧價單第6號 (A1)付款辦法 Payment Plan (A1) of Price List No.6 見備註/See Remarks 7 (c)(i) ‧見備註/See Remarks 7 (c)(v) ‧見備註/See Remarks 7 (c)(vi) ‧見備註/See Remarks 7 (c)(vii) ‧見備註/See Remarks 7 (d)(ii) ‧見備註/See Remarks 7 (e)(ii) ‧見備註/See Remarks 7 (f)(i) ‧見備註/See Remarks 7 (e)(iii) ‧價單第5號 (A1)付款辦法 Payment Plan (A1) of Price List No.5 見備註/See Remarks 7 (c)(i) ‧見備註/See Remarks 7 (c)(v) ‧見備註/See Remarks 7 (c)(vi) ‧見備註/See Remarks 7 (c)(vii) ‧見備註/See Remarks 7 (d)(ii) ‧見備註/See Remarks 7 (e)(ii) ‧見備註/See Remarks 7 (f)(i) ‧見備註/See Remarks 7 (e)(iii),
2017-04-01,2017-04-13,,第1座 (1A) 38 A Tower 1 (1A) 第1座 (1A) 31 A Tower 1 (1A),,,,111303500,,‧價單第5號 (A1)付款辦法 Payment Plan (A1) of Price List No.5 見備註/See Remarks 7 (c)(i) ‧見備註/See Remarks 7 (c)(v) ‧見備註/See Remarks 7 (c)(vi) ‧見備註/See Remarks 7 (c)(vii) ‧見備註/See Remarks 7 (d)(ii) ‧見備註/See Remarks 7 (e)(ii) ‧見備註/See Remarks 7 (f)(i) ‧見備註/See Remarks 7 (e)(iii) ‧價單第6號 (A1)付款辦法 Payment Plan (A1) of Price List No.6 見備註/See Remarks 7 (c)(i) ‧見備註/See Remarks 7 (c)(v) ‧見備註/See Remarks 7 (c)(vi) ‧見備註/See Remarks 7 (c)(vii) ‧見備註/See Remarks 7 (d)(ii) ‧見備註/See Remarks 7 (e)(ii) ‧見備註/See Remarks 7 (f)(i) ‧見備註/See Remarks 7 (e)(iii),
2017-04-01,2017-04-13,,第1座 (1A) Tower 1 (1A),30,A,,37494600,,‧價單第5號 (A1)付款辦法 Payment Plan (A1) of Price List No.5 見備註/See Remarks 7 (c)(i) ‧見備註/See Remarks 7 (c)(v) ‧見備註/See Remarks 7 (c)(vi) ‧見備註/See Remarks 7 (c)(vii) ‧見備註/See Remarks 7 (d)(ii) ‧見備註/See Remarks 7 (e)(ii) ‧見備註/See Remarks 7 (f)(i) ‧見備註/See Remarks 7 (e)(iii),
2017-04-01,2017-04-13,,第1座 (1A) Tower 1 (1A),21,A,,43468400,,‧價單第6號 (A1)付款辦法 Payment Plan (A1) of Price List No.6 見備註/See Remarks 7 (c)(i) ‧見備註/See Remarks 7 (d)(i) ‧見備註/See Remarks 7 (d)(iii) ‧見備註/See Remarks 7 (c)(vii) ‧見備註/See Remarks 7 (e)(ii) ‧見備註/See Remarks 7 (f)(i) ‧見備註/See Remarks 7 (e)(iii),
2017-04-01,2017-04-13,,第1座 (1A) Tower 1 (1A),11,A,,34062600,,‧價單第6號 (A1)付款辦法 Payment Plan (A1) of Price List No.6 見備註/See Remarks 7 (c)(i) ‧見備註/See Remarks 7 (c)(v) ‧見備註/See Remarks 7 (c)(vi) ‧見備註/See Remarks 7 (c)(vii) ‧見備註/See Remarks 7 (d)(ii) ‧見備註/See Remarks 7 (e)(ii) ‧見備註/See Remarks 7 (f)(i) ‧見備註/See Remarks 7 (e)(iii),
2017-04-01,2017-04-13,,第1座 (1A) Tower 1 (1A),10,A,,35533100,,‧價單第5號 (B1)付款辦法 Payment Plan (B1) of Price List No.5 見備註/See Remarks 7 (c)(ii) ‧見備註/See Remarks 7 (c)(v) ‧見備註/See Remarks 7 (c)(vi) ‧見備註/See Remarks 7 (c)(vii) ‧見備註/See Remarks 7 (e)(i) ‧見備註/See Remarks 7 (d)(ii) ‧見備註/See Remarks 7 (e)(ii) ‧見備註/See Remarks 7 (f)(i) ‧見備註/See Remarks 7 (e)(iii),
2017-04-01,2017-04-13,,第1座 (1A) 43 C Tower 1 (1A) 第1座 (1A) 50 B Tower 1 (1A) 第2座 (2A) 41 B Tower 2 (2A),,,,111578900,,‧價單第6號 (A1)付款辦法 Payment Plan (A1) of Price List No.6 見備註/See Remarks 7 (c)(i) ‧見備註/See Remarks 7 (c)(v) ‧見備註/See Remarks 7 (c)(vi) ‧見備註/See Remarks 7 (c)(vii) ‧見備註/See Remarks 7 (d)(ii) ‧見備註/See Remarks 7 (e)(ii) ‧見備註/See Remarks 7 (f)(i) ‧見備註/See Remarks 7 (e)(iii) ‧價單第5號 (A1)付款辦法 Payment Plan (A1) of Price List No.5 見備註/See Remarks 7 (c)(i) ‧見備註/See Remarks 7 (c)(v) ‧見備註/See Remarks 7 (c)(vi) ‧見備註/See Remarks 7 (c)(vii) ‧見備註/See Remarks 7 (d)(ii) ‧見備註/See Remarks 7 (e)(ii) ‧見備註/See Remarks 7 (f)(i) ‧見備註/See Remarks 7 (e)(iii) ‧價單第5號 (A1)付款辦法 Payment Plan (A1) of Price List No.5 見備註/See Remarks 7 (c)(i) ‧見備註/See Remarks 7 (c)(v) ‧見備註/See Remarks 7 (c)(vi) ‧見備註/See Remarks 7 (c)(vii) ‧見備註/See Remarks 7 (d)(ii) ‧見備註/See Remarks 7 (e)(ii) ‧見備註/See Remarks 7 (f)(i) ‧見備註/See Remarks 7 (e)(iii),
2017-04-01,2017-04-13,,第1座 (1B) Tower 1 (1B),51,B,,11968600,,‧價單第5號 (B1)付款辦法 Payment Plan (B1) of Price List No.5 見備註/See Remarks 7 (c)(ii) ‧見備註/See Remarks 7 (c)(v) ‧見備註/See Remarks 7 (c)(vi) ‧見備註/See Remarks 7 (c)(vii) ‧見備註/See Remarks 7 (e)(i) ‧見備註/See Remarks 7 (d)(ii) ‧見備註/See Remarks 7 (e)(ii) ‧見備註/See Remarks 7 (f)(ii) ‧見備註/See Remarks 7 (e)(iii),
2017-04-01,2017-04-13,,第1座 (1B) Tower 1 (1B),50,B,,11112600,,‧價單第5號 (A1)付款辦法 Payment Plan (A1) of Price List No.5 見備註/See Remarks 7 (c)(i) ‧見備註/See Remarks 7 (c)(v) ‧見備註/See Remarks 7 (c)(vi) ‧見備註/See Remarks 7 (c)(vii) ‧見備註/See Remarks 7 (d)(ii) ‧見備註/See Remarks 7 (e)(ii) ‧見備註/See Remarks 7 (f)(ii) ‧見備註/See Remarks 7 (e)(iii),
2017-04-01,2017-04-13,,第1座 (1B) Tower 1 (1B),49,B,,10982400,,‧價單第5號 (A1)付款辦法 Payment Plan (A1) of Price List No.5 見備註/See Remarks 7 (c)(i) ‧見備註/See Remarks 7 (c)(v) ‧見備註/See Remarks 7 (c)(vi) ‧見備註/See Remarks 7 (c)(vii) ‧見備註/See Remarks 7 (d)(ii) ‧見備註/See Remarks 7 (e)(ii) ‧見備註/See Remarks 7 (f)(ii) ‧見備註/See Remarks 7 (e)(iii),
2017-04-01,2017-04-13,,第1座 (1B) Tower 1 (1B),48,B,,10982400,,‧價單第5號 (A1)付款辦法 Payment Plan (A1) of Price List No.5 見備註/See Remarks 7 (c)(i) ‧見備註/See Remarks 7 (c)(v) ‧見備註/See Remarks 7 (c)(vi) ‧見備註/See Remarks 7 (c)(vii) ‧見備註/See Remarks 7 (d)(ii) ‧見備註/See Remarks 7 (e)(ii) ‧見備註/See Remarks 7 (f)(ii) ‧見備註/See Remarks 7 (e)(iii),
2017-04-01,2017-04-13,,第1座 (1B) 47 B Tower 1 (1B),,,,17640800,,‧價單第5號 (B1)付款辦法 Payment Plan (B1) of Price List No.5 見備註/See Remarks 7 (c)(ii) ‧見備註/See Remarks 7 (c)(v) ‧見備註/See Remarks 7 (c)(vi) ‧見備註/See Remarks 7 (c)(vii) ‧見備註/See Remarks 7 (e)(i) ‧見備註/See Remarks 7 (d)(ii) ‧見備註/See Remarks 7 (e)(ii) ‧見備註/See Remarks 7 (f)(ii) ‧見備註/See Remarks 7 (e)(iii),
2017-04-01,2017-04-13,,第1座 (1B) Tower 1 (1B),46,B,,10661000,,‧價單第5號 (A1)付款辦法 Payment Plan (A1) of Price List No.5 見備註/See Remarks 7 (c)(i) ‧見備註/See Remarks 7 (c)(v) ‧見備註/See Remarks 7 (c)(vi) ‧見備註/See Remarks 7 (c)(vii) ‧見備註/See Remarks 7 (d)(ii) ‧見備註/See Remarks 7 (e)(ii) ‧見備註/See Remarks 7 (f)(ii) ‧見備註/See Remarks 7 (e)(iii),
2017-04-01,2017-04-13,,第1座 (1B) Tower 1 (1B),43,B,,10328700,,‧價單第5號 (A1)付款辦法 Payment Plan (A1) of Price List No.5 見備註/See Remarks 7 (c)(i) ‧見備註/See Remarks 7 (c)(v) ‧見備註/See Remarks 7 (c)(vi) ‧見備註/See Remarks 7 (c)(vii) ‧見備註/See Remarks 7 (d)(ii) ‧見備註/See Remarks 7 (e)(ii) ‧見備註/See Remarks 7 (f)(ii) ‧見備註/See Remarks 7 (e)(iii),
2017-04-01,2017-04-13,,第1座 (1B) Tower 1 (1B),42,B,,10165700,,‧價單第5號 (A1)付款辦法 Payment Plan (A1) of Price List No.5 見備註/See Remarks 7 (c)(i) ‧見備註/See Remarks 7 (c)(v) ‧見備註/See Remarks 7 (c)(vi) ‧見備註/See Remarks 7 (c)(vii) ‧見備註/See Remarks 7 (d)(ii) ‧見備註/See Remarks 7 (e)(ii) ‧見備註/See Remarks 7 (f)(ii) ‧見備註/See Remarks 7 (e)(iii),
2017-04-01,2017-04-13,,第1座 (1B) Tower 1 (1B),41,B,,10004200,,‧價單第5號 (A1)付款辦法 Payment Plan (A1) of Price List No.5 見備註/See Remarks 7 (c)(i) ‧見備註/See Remarks 7 (c)(v) ‧見備註/See Remarks 7 (c)(vi) ‧見備註/See Remarks 7 (c)(vii) ‧見備註/See Remarks 7 (d)(ii) ‧見備註/See Remarks 7 (e)(ii) ‧見備註/See Remarks 7 (f)(ii) ‧見備註/See Remarks 7 (e)(iii),
2017-04-01,2017-04-13,,第1座 (1B) Tower 1 (1B),51,H,,13111500,,‧價單第6號 (B1)付款辦法 Payment Plan (B1) of Price List No.6 見備註/See Remarks 7 (c)(ii) ‧見備註/See Remarks 7 (c)(v) ‧見備註/See Remarks 7 (c)(vi) ‧見備註/See Remarks 7 (c)(vii) ‧見備註/See Remarks 7 (e)(i) ‧見備註/See Remarks 7 (d)(ii) ‧見備註/See Remarks 7 (e)(ii) ‧見備註/See Remarks 7 (f)(ii) ‧見備註/See Remarks 7 (e)(iii),
2017-04-01,2017-04-13,,第1座 (1B) Tower 1 (1B),50,H,,12073600,,‧價單第6號 (A1)付款辦法 Payment Plan (A1) of Price List No.6 見備註/See Remarks 7 (c)(i) ‧見備註/See Remarks 7 (c)(v) ‧見備註/See Remarks 7 (c)(vi) ‧見備註/See Remarks 7 (c)(vii) ‧見備註/See Remarks 7 (d)(ii) ‧見備註/See Remarks 7 (e)(ii) ‧見備註/See Remarks 7 (f)(ii) ‧見備註/See Remarks 7 (e)(iii),
2017-04-01,2017-04-13,,第1座 (1B) Tower 1 (1B),48,H,,11731900,,‧價單第6號 (A1)付款辦法 Payment Plan (A1) of Price List No.6 見備註/See Remarks 7 (c)(i) ‧見備註/See Remarks 7 (c)(v) ‧見備註/See Remarks 7 (c)(vi) ‧見備註/See Remarks 7 (c)(vii) ‧見備註/See Remarks 7 (d)(ii) ‧見備註/See Remarks 7 (e)(ii) ‧見備註/See Remarks 7 (f)(ii) ‧見備註/See Remarks 7 (e)(iii),
2017-04-01,2017-04-13,,第1座 (1B) Tower 1 (1B),47,H,,11473000,,‧價單第6號 (A1)付款辦法 Payment Plan (A1) of Price List No.6 見備註/See Remarks 7 (c)(i) ‧見備註/See Remarks 7 (c)(v) ‧見備註/See Remarks 7 (c)(vi) ‧見備註/See Remarks 7 (c)(vii) ‧見備註/See Remarks 7 (d)(ii) ‧見備註/See Remarks 7 (e)(ii) ‧見備註/See Remarks 7 (f)(ii) ‧見備註/See Remarks 7 (e)(iii),
2017-04-01,2017-04-13,,第1座 (1B) Tower 1 (1B),46,H,,11295100,,‧價單第6號 (A1)付款辦法 Payment Plan (A1) of Price List No.6 見備註/See Remarks 7 (c)(i) ‧見備註/See Remarks 7 (c)(v) ‧見備註/See Remarks 7 (c)(vi) ‧見備註/See Remarks 7 (c)(vii) ‧見備註/See Remarks 7 (d)(ii) ‧見備註/See Remarks 7 (e)(ii) ‧見備註/See Remarks 7 (f)(ii) ‧見備註/See Remarks 7 (e)(iii),
2017-04-01,2017-04-13,,第1座 (1B) Tower 1 (1B),45,H,,11119600,,‧價單第6號 (A1)付款辦法 Payment Plan (A1) of Price List No.6 見備註/See Remarks 7 (c)(i) ‧見備註/See Remarks 7 (c)(v) ‧見備註/See Remarks 7 (c)(vi) ‧見備註/See Remarks 7 (c)(vii) ‧見備註/See Remarks 7 (d)(ii) ‧見備註/See Remarks 7 (e)(ii) ‧見備註/See Remarks 7 (f)(ii) ‧見備註/See Remarks 7 (e)(iii),
2017-04-01,2017-04-13,,第1座 (1B) Tower 1 (1B),43,H,,10946500,,‧價單第6號 (A1)付款辦法 Payment Plan (A1) of Price List No.6 見備註/See Remarks 7 (c)(i) ‧見備註/See Remarks 7 (c)(v) ‧見備註/See Remarks 7 (c)(vi) ‧見備註/See Remarks 7 (c)(vii) ‧見備註/See Remarks 7 (d)(ii) ‧見備註/See Remarks 7 (e)(ii) ‧見備註/See Remarks 7 (f)(ii) ‧見備註/See Remarks 7 (e)(iii),
2017-04-01,2017-04-13,,第1座 (1B) Tower 1 (1B),9,H,,9519900,,‧價單第6號 (A1)付款辦法 Payment Plan (A1) of Price List No.6 見備註/See Remarks 7 (c)(i) ‧見備註/See Remarks 7 (c)(v) ‧見備註/See Remarks 7 (c)(vi) ‧見備註/See Remarks 7 (c)(vii) ‧見備註/See Remarks 7 (d)(ii) ‧見備註/See Remarks 7 (e)(ii) ‧見備註/See Remarks 7 (f)(ii) ‧見備註/See Remarks 7 (e)(iii),
2017-04-01,2017-04-13,,第1座 (1B) Tower 1 (1B),8,H,,9519900,,‧價單第6號 (A1)付款辦法 Payment Plan (A1) of Price List No.6 見備註/See Remarks 7 (c)(i) ‧見備註/See Remarks 7 (c)(v) ‧見備註/See Remarks 7 (c)(vi) ‧見備註/See Remarks 7 (c)(vii) ‧見備註/See Remarks 7 (d)(ii) ‧見備註/See Remarks 7 (e)(ii) ‧見備註/See Remarks 7 (f)(ii) ‧見備註/See Remarks 7 (e)(iii),
2017-04-01,2017-04-13,,第1座 (1B) Tower 1 (1B),7,H,,9510500,,‧價單第6號 (A1)付款辦法 Payment Plan (A1) of Price List No.6 見備註/See Remarks 7 (c)(i) ‧見備註/See Remarks 7 (c)(v) ‧見備註/See Remarks 7 (c)(vi) ‧見備註/See Remarks 7 (c)(vii) ‧見備註/See Remarks 7 (d)(ii) ‧見備註/See Remarks 7 (e)(ii) ‧見備註/See Remarks 7 (f)(ii) ‧見備註/See Remarks 7 (e)(iii),
2017-04-01,2017-04-13,,第2座 (2A) Tower 2 (2A),48,A,,42718400,,‧價單第6號 (B1)付款辦法 Payment Plan (B1) of Price List No.6 見備註/See Remarks 7 (c)(ii) ‧見備註/See Remarks 7 (c)(v) ‧見備註/See Remarks 7 (c)(vi) ‧見備註/See Remarks 7 (c)(vii) ‧見備註/See Remarks 7 (e)(i) ‧見備註/See Remarks 7 (d)(ii) ‧見備註/See Remarks 7 (e)(ii) ‧見備註/See Remarks 7 (f)(i) ‧見備註/See Remarks 7 (e)(iii),
2017-04-01,2017-04-13,,第2座 (2A) Tower 2 (2A),47,A,,38732400,,‧價單第6號 (A1)付款辦法 Payment Plan (A1) of Price List No.6 見備註/See Remarks 7 (c)(i) ‧見備註/See Remarks 7 (c)(v) ‧見備註/See Remarks 7 (c)(vi) ‧見備註/See Remarks 7 (c)(vii) ‧見備註/See Remarks 7 (d)(ii) ‧見備註/See Remarks 7 (e)(ii) ‧見備註/See Remarks 7 (f)(i) ‧見備註/See Remarks 7 (e)(iii),
2017-04-01,2017-04-13,,第2座 (2A) 39 A Tower 2 (2A) 第2座 (2B) 19 E Tower 2 (2B),,,,43080200,,‧價單第5號 (B1)付款辦法 Payment Plan (B1) of Price List No.5 見備註/See Remarks 7 (c)(ii) ‧見備註/See Remarks 7 (c)(v) ‧見備註/See Remarks 7 (c)(vi) ‧見備註/See Remarks 7 (c)(vii) ‧見備註/See Remarks 7 (e)(i) ‧見備註/See Remarks 7 (d)(ii) ‧見備註/See Remarks 7 (e)(ii) ‧見備註/See Remarks 7 (f)(i) ‧見備註/See Remarks 7 (e)(iii) ‧價單第5號 (B1)付款辦法 Payment Plan (B1) of Price List No.5 見備註/See Remarks 7 (c)(ii) ‧見備註/See Remarks 7 (c)(v) ‧見備註/See Remarks 7 (c)(vi) ‧見備註/See Remarks 7 (c)(vii) ‧見備註/See Remarks 7 (e)(i) ‧見備註/See Remarks 7 (d)(ii) ‧見備註/See Remarks 7 (e)(ii) ‧見備註/See Remarks 7 (f)(ii) ‧見備註/See Remarks 7 (e)(iii),
2017-04-01,2017-04-13,,第2座 (2A) Tower 2 (2A),38,A,,33437800,,‧價單第5號 (A1)付款辦法 Payment Plan (A1) of Price List No.5 見備註/See Remarks 7 (c)(i) ‧見備註/See Remarks 7 (c)(v) ‧見備註/See Remarks 7 (c)(vi) ‧見備註/See Remarks 7 (c)(vii) ‧見備註/See Remarks 7 (d)(iv) ‧見備註/See Remarks 7 (e)(ii) ‧見備註/See Remarks 7 (f)(i) ‧見備註/See Remarks 7 (e)(iii),
2017-04-01,2017-04-13,,第2座 (2A) 51 B Tower 2 (2A),,,,82350000,,‧價單第6號 (A1)付款辦法 Payment Plan (A1) of Price List No.6 見備註/See Remarks 7 (c)(i) ‧見備註/See Remarks 7 (c)(v) ‧見備註/See Remarks 7 (c)(vi) ‧見備註/See Remarks 7 (c)(vii) ‧見備註/See Remarks 7 (d)(ii) ‧見備註/See Remarks 7 (e)(ii) ‧見備註/See Remarks 7 (f)(i) ‧見備註/See Remarks 7 (e)(iii),
2017-04-01,2017-04-13,,第2座 (2A) Tower 2 (2A),47,B,,38813500,,‧價單第6號 (A1)付款辦法 Payment Plan (A1) of Price List No.6 見備註/See Remarks 7 (c)(i) ‧見備註/See Remarks 7 (c)(v) ‧見備註/See Remarks 7 (c)(vi) ‧見備註/See Remarks 7 (c)(vii) ‧見備註/See Remarks 7 (d)(ii) ‧見備註/See Remarks 7 (e)(ii) ‧見備註/See Remarks 7 (f)(i) ‧見備註/See Remarks 7 (e)(iii),
2017-04-01,2017-04-13,,第2座 (2A) 46 B Tower 2 (2A) 第1座 (1B) 49 H Tower 1 (1B),,,,49813100,,‧價單第6號 (A1)付款辦法 Payment Plan (A1) of Price List No.6 見備註/See Remarks 7 (c)(i) ‧見備註/See Remarks 7 (c)(v) ‧見備註/See Remarks 7 (c)(vi) ‧見備註/See Remarks 7 (c)(vii) ‧見備註/See Remarks 7 (d)(ii) ‧見備註/See Remarks 7 (e)(ii) ‧見備註/See Remarks 7 (f)(i) ‧見備註/See Remarks 7 (e)(iii) ‧價單第6號 (A1)付款辦法 Payment Plan (A1) of Price List No.6 見備註/See Remarks 7 (c)(i) ‧見備註/See Remarks 7 (c)(v) ‧見備註/See Remarks 7 (c)(vi) ‧見備註/See Remarks 7 (c)(vii) ‧見備註/See Remarks 7 (d)(ii) ‧見備註/See Remarks 7 (e)(ii) ‧見備註/See Remarks 7 (f)(ii) ‧見備註/See Remarks 7 (e)(iii),
2017-04-01,2017-04-13,,第2座 (2A) Tower 2 (2A),43,B,,35628000,,‧價單第5號 (A1)付款辦法 Payment Plan (A1) of Price List No.5 見備註/See Remarks 7 (c)(i) ‧見備註/See Remarks 7 (c)(v) ‧見備註/See Remarks 7 (c)(vi) ‧見備註/See Remarks 7 (c)(vii) ‧見備註/See Remarks 7 (d)(ii) ‧見備註/See Remarks 7 (e)(ii) ‧見備註/See Remarks 7 (f)(i) ‧見備註/See Remarks 7 (e)(iii),
2017-04-01,2017-04-13,,第2座 (2A) Tower 2 (2A),42,B,,39510200,,‧價單第5號 (A1)付款辦法 Payment Plan (A1) of Price List No.5 見備註/See Remarks 7 (c)(i) ‧見備註/See Remarks 7 (d)(i) ‧見備註/See Remarks 7 (c)(vi) ‧見備註/See Remarks 7 (c)(vii) ‧見備註/See Remarks 7 (d)(ii) ‧見備註/See Remarks 7 (e)(ii) ‧見備註/See Remarks 7 (f)(i) ‧見備註/See Remarks 7 (e)(iii),
2017-04-01,2017-04-13,,第2座 (2A) 40 B Tower 2 (2A) 第2座 (2A) 28 B Tower 2 (2A) 第2座 (2A) 39 B Tower 2 (2A),,,,100433500,,‧價單第5號 (A1)付款辦法 Payment Plan (A1) of Price List No.5 見備註/See Remarks 7 (c)(i) ‧見備註/See Remarks 7 (c)(v) ‧見備註/See Remarks 7 (c)(vi) ‧見備註/See Remarks 7 (c)(vii) ‧見備註/See Remarks 7 (d)(ii) ‧見備註/See Remarks 7 (e)(ii) ‧見備註/See Remarks 7 (f)(i) ‧見備註/See Remarks 7 (e)(iii) ‧價單第6號 (A1)付款辦法 Payment Plan (A1) of Price List No.6 見備註/See Remarks 7 (c)(i) ‧見備註/See Remarks 7 (c)(v) ‧見備註/See Remarks 7 (c)(vi) ‧見備註/See Remarks 7 (c)(vii) ‧見備註/See Remarks 7 (d)(ii) ‧見備註/See Remarks 7 (e)(ii) ‧見備註/See Remarks 7 (e)(iii) ‧價單第5號 (A1)付款辦法 Payment Plan (A1) of Price List No.5 見備註/See Remarks 7 (c)(i) ‧見備註/See Remarks 7 (c)(v) ‧見備註/See Remarks 7 (c)(vi) ‧見備註/See Remarks 7 (c)(vii) ‧見備註/See Remarks 7 (d)(ii) ‧見備註/See Remarks 7 (e)(ii) ‧見備註/See Remarks 7 (f)(i) ‧見備註/See Remarks 7 (e)(iii),
2017-04-01,2017-04-13,,第2座 (2A) Tower 2 (2A),38,B,,33608600,,‧價單第5號 (A1)付款辦法 Payment Plan (A1) of Price List No.5 見備註/See Remarks 7 (c)(i) ‧見備註/See Remarks 7 (c)(v) ‧見備註/See Remarks 7 (c)(vi) ‧見備註/See Remarks 7 (c)(vii) ‧見備註/See Remarks 7 (d)(ii) ‧見備註/See Remarks 7 (e)(ii) ‧見備註/See Remarks 7 (f)(i) ‧見備註/See Remarks 7 (e)(iii),
2017-04-01,2017-04-13,,第2座 (2A) Tower 2 (2A),37,B,,39943400,,‧價單第5號 (A1)付款辦法 Payment Plan (A1) of Price List No.5 見備註/See Remarks 7 (c)(i) ‧見備註/See Remarks 7 (d)(i) ‧見備註/See Remarks 7 (d)(iii) ‧見備註/See Remarks 7 (c)(vii) ‧見備註/See Remarks 7 (e)(ii) ‧見備註/See Remarks 7 (f)(i) ‧見備註/See Remarks 7 (e)(iii),
2017-04-01,2017-04-13,,第2座 (2A) Tower 2 (2A),36,B,,39665100,,‧價單第5號 (A1)付款辦法 Payment Plan (A1) of Price List No.5 見備註/See Remarks 7 (c)(i) ‧見備註/See Remarks 7 (d)(i) ‧見備註/See Remarks 7 (d)(iii) ‧見備註/See Remarks 7 (c)(vii) ‧見備註/See Remarks 7 (e)(ii) ‧見備註/See Remarks 7 (f)(i) ‧見備註/See Remarks 7 (e)(iii),
2017-04-01,2017-04-13,,第2座 (2A) Tower 2 (2A),33,B,,32587600,,‧價單第5號 (A1)付款辦法 Payment Plan (A1) of Price List No.5 見備註/See Remarks 7 (c)(i) ‧見備註/See Remarks 7 (c)(v) ‧見備註/See Remarks 7 (c)(vi) ‧見備註/See Remarks 7 (c)(vii) ‧見備註/See Remarks 7 (d)(ii) ‧見備註/See Remarks 7 (e)(ii) ‧見備註/See Remarks 7 (f)(i) ‧見備註/See Remarks 7 (e)(iii),
2017-04-01,2017-04-13,,第2座 (2A) 29 B Tower 2 (2A) 第2座 (2A) 25 B Tower 2 (2A),,,,64176700,,‧價單第6號 (A1)付款辦法 Payment Plan (A1) of Price List No.6 見備註/See Remarks 7 (c)(i) ‧見備註/See Remarks 7 (c)(v) ‧見備註/See Remarks 7 (c)(vi) ‧見備註/See Remarks 7 (c)(vii) ‧見備註/See Remarks 7 (d)(ii) ‧見備註/See Remarks 7 (e)(ii) ‧見備註/See Remarks 7 (e)(iii) ‧價單第6號 (A1)付款辦法 Payment Plan (A1) of Price List No.6 見備註/See Remarks 7 (c)(i) ‧見備註/See Remarks 7 (c)(v) ‧見備註/See Remarks 7 (c)(vi) ‧見備註/See Remarks 7 (c)(vii) ‧見備註/See Remarks 7 (d)(ii) ‧見備註/See Remarks 7 (e)(ii) ‧見備註/See Remarks 7 (e)(iii),
2017-04-01,2017-04-13,,第2座 (2A) Tower 2 (2A),26,B,,34344200,"在31-05-2017，基於法例第35(2)(c)條所容許的原因 ，售價調整為$31,891,000。 On 31-05-2017, the price adjusted to $31,891,000 due to the reason allowed under section 35(2)(c) of the Ordinance.",‧價單第6號 (A1)付款辦法 Payment Plan (A1) of Price List No.6 見備註/See Remarks 7 (c)(i) ‧見備註/See Remarks 7 (c)(v) ‧見備註/See Remarks 7 (d)(iii) ‧見備註/See Remarks 7 (c)(vii) ‧見備註/See Remarks 7 (e)(ii) ‧見備註/See Remarks 7 (e)(iii) ‧價單第6號 (A1)付款辦法 Payment Plan (A1) of Price List No.6 見備註/See Remarks 7 (c)(i) ‧見備註/See Remarks 7 (c)(v) ‧見備註/See Remarks 7 (c)(vi) ‧見備註/See Remarks 7 (c)(vii) ‧見備註/See Remarks 7 (d)(ii) ‧見備註/See Remarks 7 (e)(ii) ‧見備註/See Remarks 7 (e)(iii) ‧(在31-05-2017修訂) (revised on 31-05-2017),
2017-04-01,2017-04-13,,第2座 (2A) Tower 2 (2A),47,C,,14614000,,‧價單第6號 (A1)付款辦法 Payment Plan (A1) of Price List No.6 見備註/See Remarks 7 (c)(i) ‧見備註/See Remarks 7 (c)(v) ‧見備註/See Remarks 7 (c)(vi) ‧見備註/See Remarks 7 (c)(vii) ‧見備註/See Remarks 7 (d)(ii) ‧見備註/See Remarks 7 (e)(ii) ‧見備註/See Remarks 7 (f)(ii) ‧見備註/See Remarks 7 (e)(iii),
2017-04-01,2017-04-13,,第2座 (2A) Tower 2 (2A),46,C,,14362900,,‧價單第6號 (A1)付款辦法 Payment Plan (A1) of Price List No.6 見備註/See Remarks 7 (c)(i) ‧見備註/See Remarks 7 (c)(v) ‧見備註/See Remarks 7 (c)(vi) ‧見備註/See Remarks 7 (c)(vii) ‧見備註/See Remarks 7 (d)(ii) ‧見備註/See Remarks 7 (e)(ii) ‧見備註/See Remarks 7 (f)(ii) ‧見備註/See Remarks 7 (e)(iii),
2017-04-01,2017-04-13,,第2座 (2A) 45 C Tower 2 (2A),,,,27384900,,‧價單第6號 (B1)付款辦法 Payment Plan (B1) of Price List No.6 見備註/See Remarks 7 (c)(ii) ‧見備註/See Remarks 7 (c)(v) ‧見備註/See Remarks 7 (c)(vi) ‧見備註/See Remarks 7 (c)(vii) ‧見備註/See Remarks 7 (e)(i) ‧見備註/See Remarks 7 (d)(ii) ‧見備註/See Remarks 7 (e)(ii) ‧見備註/See Remarks 7 (f)(ii) ‧見備註/See Remarks 7 (e)(iii),
2017-04-01,2017-04-13,,第2座 (2A) Tower 2 (2A),43,C,,13873000,,‧價單第6號 (A1)付款辦法 Payment Plan (A1) of Price List No.6 見備註/See Remarks 7 (c)(i) ‧見備註/See Remarks 7 (c)(v) ‧見備註/See Remarks 7 (c)(vi) ‧見備註/See Remarks 7 (c)(vii) ‧見備註/See Remarks 7 (d)(ii) ‧見備註/See Remarks 7 (e)(ii) ‧見備註/See Remarks 7 (f)(ii) ‧見備註/See Remarks 7 (e)(iii),
2017-04-01,2017-04-13,,第2座 (2A) Tower 2 (2A),42,C,,13703800,,‧價單第6號 (A1)付款辦法 Payment Plan (A1) of Price List No.6 見備註/See Remarks 7 (c)(i) ‧見備註/See Remarks 7 (c)(v) ‧見備註/See Remarks 7 (c)(vi) ‧見備註/See Remarks 7 (c)(vii) ‧見備註/See Remarks 7 (d)(ii) ‧見備註/See Remarks 7 (e)(ii) ‧見備註/See Remarks 7 (f)(ii) ‧見備註/See Remarks 7 (e)(iii),
2017-04-01,2017-04-13,,第2座 (2A) 41 C Tower 2 (2A),,,,23038000,,‧價單第6號 (A1)付款辦法 Payment Plan (A1) of Price List No.6 見備註/See Remarks 7 (c)(i) ‧見備註/See Remarks 7 (c)(v) ‧見備註/See Remarks 7 (c)(vi) ‧見備註/See Remarks 7 (c)(vii) ‧見備註/See Remarks 7 (d)(ii) ‧見備註/See Remarks 7 (e)(ii) ‧見備註/See Remarks 7 (f)(ii) ‧見備註/See Remarks 7 (e)(iii),
2017-04-01,2017-04-13,,第2座 (2A) Tower 2 (2A),40,C,,16116300,,‧價單第6號 (A1)付款辦法 Payment Plan (A1) of Price List No.6 見備註/See Remarks 7 (c)(i) ‧見備註/See Remarks 7 (d)(i) ‧見備註/See Remarks 7 (d)(iii) ‧見備註/See Remarks 7 (c)(vii) ‧見備註/See Remarks 7 (e)(ii) ‧見備註/See Remarks 7 (f)(ii) ‧見備註/See Remarks 7 (e)(iii),
2017-04-01,2017-04-13,,第2座 (2A) 39 C Tower 2 (2A) 第2座 (2B) 11 E Tower 2 (2B),,,,19975700,,‧價單第6號 (A1)付款辦法 Payment Plan (A1) of Price List No.6 見備註/See Remarks 7 (c)(i) ‧見備註/See Remarks 7 (c)(v) ‧見備註/See Remarks 7 (c)(vi) ‧見備註/See Remarks 7 (c)(vii) ‧見備註/See Remarks 7 (d)(ii) ‧見備註/See Remarks 7 (e)(ii) ‧見備註/See Remarks 7 (f)(ii) ‧見備註/See Remarks 7 (e)(iii) ‧價單第6號 (A1)付款辦法 Payment Plan (A1) of Price List No.6 見備註/See Remarks 7 (c)(i) ‧見備註/See Remarks 7 (c)(v) ‧見備註/See Remarks 7 (c)(vi) ‧見備註/See Remarks 7 (c)(vii) ‧見備註/See Remarks 7 (d)(ii) ‧見備註/See Remarks 7 (e)(ii) ‧見備註/See Remarks 7 (f)(ii) ‧見備註/See Remarks 7 (e)(iii),
2017-04-01,2017-04-13,,第2座 (2A) 38 C Tower 2 (2A),,,,24660400,,‧價單第5號 (A1)付款辦法 Payment Plan (A1) of Price List No.5 見備註/See Remarks 7 (c)(i) ‧見備註/See Remarks 7 (c)(v) ‧見備註/See Remarks 7 (c)(vi) ‧見備註/See Remarks 7 (c)(vii) ‧見備註/See Remarks 7 (d)(ii) ‧見備註/See Remarks 7 (e)(ii) ‧見備註/See Remarks 7 (f)(ii) ‧見備註/See Remarks 7 (e)(iii),
2017-04-01,2017-04-13,,第2座 (2A) 37 C Tower 2 (2A) 第2座 (2A) 35 C Tower 2 (2A),,,,25524700,,‧價單第5號 (A1)付款辦法 Payment Plan (A1) of Price List No.5 見備註/See Remarks 7 (c)(i) ‧見備註/See Remarks 7 (c)(v) ‧見備註/See Remarks 7 (c)(vi) ‧見備註/See Remarks 7 (c)(vii) ‧見備註/See Remarks 7 (d)(ii) ‧見備註/See Remarks 7 (e)(ii) ‧見備註/See Remarks 7 (f)(ii) ‧見備註/See Remarks 7 (e)(iii) ‧價單第5號 (A1)付款辦法 Payment Plan (A1) of Price List No.5 見備註/See Remarks 7 (c)(i) ‧見備註/See Remarks 7 (c)(v) ‧見備註/See Remarks 7 (c)(vi) ‧見備註/See Remarks 7 (c)(vii) ‧見備註/See Remarks 7 (d)(ii) ‧見備註/See Remarks 7 (e)(ii) ‧見備註/See Remarks 7 (f)(ii) ‧見備註/See Remarks 7 (e)(iii),
2017-04-01,2017-04-13,,第2座 (2A) Tower 2 (2A),36,C,,14384400,,‧價單第5號 (A1)付款辦法 Payment Plan (A1) of Price List No.5 見備註/See Remarks 7 (c)(i) ‧見備註/See Remarks 7 (d)(i) ‧見備註/See Remarks 7 (c)(vi) ‧見備註/See Remarks 7 (c)(vii) ‧見備註/See Remarks 7 (d)(ii) ‧見備註/See Remarks 7 (e)(ii) ‧見備註/See Remarks 7 (f)(ii) ‧見備註/See Remarks 7 (e)(iii),
2017-04-01,2017-04-13,,第2座 (2A) Tower 2 (2A),33,C,,12621900,,‧價單第5號 (A1)付款辦法 Payment Plan (A1) of Price List No.5 見備註/See Remarks 7 (c)(i) ‧見備註/See Remarks 7 (c)(v) ‧見備註/See Remarks 7 (c)(vi) ‧見備註/See Remarks 7 (c)(vii) ‧見備註/See Remarks 7 (d)(ii) ‧見備註/See Remarks 7 (e)(ii) ‧見備註/See Remarks 7 (f)(ii) ‧見備註/See Remarks 7 (e)(iii),
2017-04-01,2017-04-13,,第2座 (2A) Tower 2 (2A),32,C,,12558700,,‧價單第5號 (A1)付款辦法 Payment Plan (A1) of Price List No.5 見備註/See Remarks 7 (c)(i) ‧見備註/See Remarks 7 (c)(v) ‧見備註/See Remarks 7 (c)(vi) ‧見備註/See Remarks 7 (c)(vii) ‧見備註/See Remarks 7 (d)(ii) ‧見備註/See Remarks 7 (e)(ii) ‧見備註/See Remarks 7 (f)(ii) ‧見備註/See Remarks 7 (e)(iii),
2017-04-01,2017-04-13,,第2座 (2A) Tower 2 (2A),31,C,,12496300,,‧價單第5號 (A1)付款辦法 Payment Plan (A1) of Price List No.5 見備註/See Remarks 7 (c)(i) ‧見備註/See Remarks 7 (c)(v) ‧見備註/See Remarks 7 (c)(vi) ‧見備註/See Remarks 7 (c)(vii) ‧見備註/See Remarks 7 (d)(ii) ‧見備註/See Remarks 7 (e)(ii) ‧見備註/See Remarks 7 (f)(ii) ‧見備註/See Remarks 7 (e)(iii),
2017-04-01,2017-04-13,,第2座 (2A) Tower 2 (2A),30,C,,12434700,"在02-06-2017，基於法例第35(2)(c)條所容許的原因 ，售價調整為$13,391,200。 On 02-06-2017, the price adjusted to $13,391,200 due to the reason allowed under section 35(2)(c) of the Ordinance.",‧價單第5號 (A1)付款辦法 Payment Plan (A1) of Price List No.5 見備註/See Remarks 7 (c)(i) ‧見備註/See Remarks 7 (c)(v) ‧見備註/See Remarks 7 (c)(vi) ‧見備註/See Remarks 7 (c)(vii) ‧見備註/See Remarks 7 (d)(ii) ‧見備註/See Remarks 7 (e)(ii) ‧見備註/See Remarks 7 (f)(ii) ‧見備註/See Remarks 7 (e)(iii) ‧價單第5號 (A1)付款辦法 Payment Plan (A1) of Price List No.5 見備註/See Remarks 7 (c)(i) ‧見備註/See Remarks 7 (c)(v) ‧見備註/See Remarks 7 (d)(iii) ‧見備註/See Remarks 7 (c)(vii) ‧見備註/See Remarks 7 (e)(ii) ‧見備註/See Remarks 7 (f)(ii) ‧見備註/See Remarks 7 (e)(iii) ‧(在02-06-2017修訂) (revised on 02-06-2017),
2017-04-01,2017-04-13,,第2座 (2A) Tower 2 (2A),29,C,,12373100,"在07-06-2017，基於法例第35(2)(c)條所容許的原因 ，售價調整為$13,324,900。 On 07-06-2017, the price adjusted to $13,324,900 due to the reason allowed under section 35(2)(c) of the Ordinance.",‧價單第5號 (A1)付款辦法 Payment Plan (A1) of Price List No.5 見備註/See Remarks 7 (c)(i) ‧見備註/See Remarks 7 (c)(v) ‧見備註/See Remarks 7 (c)(vi) ‧見備註/See Remarks 7 (c)(vii) ‧見備註/See Remarks 7 (d)(ii) ‧見備註/See Remarks 7 (e)(ii) ‧見備註/See Remarks 7 (f)(ii) ‧見備註/See Remarks 7 (e)(iii) ‧價單第5號 (A1)付款辦法 Payment Plan (A1) of Price List No.5 見備註/See Remarks 7 (c)(i) ‧見備註/See Remarks 7 (c)(v) ‧見備註/See Remarks 7 (d)(iii) ‧見備註/See Remarks 7 (c)(vii) ‧見備註/See Remarks 7 (e)(ii) ‧見備註/See Remarks 7 (f)(ii) ‧見備註/See Remarks 7 (e)(iii) ‧(在07-06-2017修訂) (revised on 07-06-2017),
2017-04-01,2017-04-13,,第2座 (2A) Tower 2 (2A),28,C,,12373100,,‧價單第5號 (A1)付款辦法 Payment Plan (A1) of Price List No.5 見備註/See Remarks 7 (c)(i) ‧見備註/See Remarks 7 (c)(v) ‧見備註/See Remarks 7 (c)(vi) ‧見備註/See Remarks 7 (c)(vii) ‧見備註/See Remarks 7 (d)(ii) ‧見備註/See Remarks 7 (e)(ii) ‧見備註/See Remarks 7 (f)(ii) ‧見備註/See Remarks 7 (e)(iii),
2017-04-01,2017-04-13,,第2座 (2A) Tower 2 (2A),26,C,,12150800,,‧價單第5號 (A1)付款辦法 Payment Plan (A1) of Price List No.5 見備註/See Remarks 7 (c)(i) ‧見備註/See Remarks 7 (c)(v) ‧見備註/See Remarks 7 (c)(vi) ‧見備註/See Remarks 7 (c)(vii) ‧見備註/See Remarks 7 (d)(ii) ‧見備註/See Remarks 7 (e)(ii) ‧見備註/See Remarks 7 (f)(ii) ‧見備註/See Remarks 7 (e)(iii),
2017-04-01,2017-04-13,,第2座 (2A) Tower 2 (2A),25,C,,12077500,,‧價單第5號 (A1)付款辦法 Payment Plan (A1) of Price List No.5 見備註/See Remarks 7 (c)(i) ‧見備註/See Remarks 7 (c)(v) ‧見備註/See Remarks 7 (c)(vi) ‧見備註/See Remarks 7 (c)(vii) ‧見備註/See Remarks 7 (d)(ii) ‧見備註/See Remarks 7 (e)(ii) ‧見備註/See Remarks 7 (f)(ii) ‧見備註/See Remarks 7 (e)(iii),
2017-04-01,2017-04-13,,第2座 (2A) 23 C Tower 2 (2A) 第2座 (2A) 22 C Tower 2 (2A),,,,23938900,,‧價單第5號 (A1)付款辦法 Payment Plan (A1) of Price List No.5 見備註/See Remarks 7 (c)(i) ‧見備註/See Remarks 7 (c)(v) ‧見備註/See Remarks 7 (c)(vi) ‧見備註/See Remarks 7 (c)(vii) ‧見備註/See Remarks 7 (d)(ii) ‧見備註/See Remarks 7 (e)(ii) ‧見備註/See Remarks 7 (f)(ii) ‧見備註/See Remarks 7 (e)(iii) ‧價單第5號 (A1)付款辦法 Payment Plan (A1) of Price List No.5 見備註/See Remarks 7 (c)(i) ‧見備註/See Remarks 7 (c)(v) ‧見備註/See Remarks 7 (c)(vi) ‧見備註/See Remarks 7 (c)(vii) ‧見備註/See Remarks 7 (d)(ii) ‧見備註/See Remarks 7 (e)(ii) ‧見備註/See Remarks 7 (f)(ii) ‧見備註/See Remarks 7 (e)(iii),
2017-04-01,2017-04-13,,第2座 (2A) Tower 2 (2A),21,C,,12621800,,‧價單第5號 (B1)付款辦法 Payment Plan (B1) of Price List No.5 見備註/See Remarks 7 (c)(ii) ‧見備註/See Remarks 7 (c)(v) ‧見備註/See Remarks 7 (c)(vi) ‧見備註/See Remarks 7 (c)(vii) ‧見備註/See Remarks 7 (e)(i) ‧見備註/See Remarks 7 (d)(ii) ‧見備註/See Remarks 7 (e)(ii) ‧見備註/See Remarks 7 (f)(ii) ‧見備註/See Remarks 7 (e)(iii),
2017-04-01,2017-04-13,,第2座 (2A) Tower 2 (2A),20,C,,11789700,,‧價單第5號 (A1)付款辦法 Payment Plan (A1) of Price List No.5 見備註/See Remarks 7 (c)(i) ‧見備註/See Remarks 7 (c)(v) ‧見備註/See Remarks 7 (c)(vi) ‧見備註/See Remarks 7 (c)(vii) ‧見備註/See Remarks 7 (d)(ii) ‧見備註/See Remarks 7 (e)(ii) ‧見備註/See Remarks 7 (f)(ii) ‧見備註/See Remarks 7 (e)(iii),
2017-04-01,2017-04-13,,第2座 (2A) 18 C Tower 2 (2A) 第2座 (2A) 19 C Tower 2 (2A),,,,23439000,,‧價單第5號 (A1)付款辦法 Payment Plan (A1) of Price List No.5 見備註/See Remarks 7 (c)(i) ‧見備註/See Remarks 7 (c)(v) ‧見備註/See Remarks 7 (c)(vi) ‧見備註/See Remarks 7 (c)(vii) ‧見備註/See Remarks 7 (d)(ii) ‧見備註/See Remarks 7 (e)(ii) ‧見備註/See Remarks 7 (f)(ii) ‧見備註/See Remarks 7 (e)(iii) ‧價單第5號 (A1)付款辦法 Payment Plan (A1) of Price List No.5 見備註/See Remarks 7 (c)(i) ‧見備註/See Remarks 7 (c)(v) ‧見備註/See Remarks 7 (c)(vi) ‧見備註/See Remarks 7 (c)(vii) ‧見備註/See Remarks 7 (d)(ii) ‧見備註/See Remarks 7 (e)(ii) ‧見備註/See Remarks 7 (f)(ii) ‧見備註/See Remarks 7 (e)(iii),
2017-04-01,2017-04-13,,第2座 (2A) Tower 2 (2A),17,C,,11711700,,‧價單第6號 (A1)付款辦法 Payment Plan (A1) of Price List No.6 見備註/See Remarks 7 (c)(i) ‧見備註/See Remarks 7 (c)(v) ‧見備註/See Remarks 7 (c)(vi) ‧見備註/See Remarks 7 (c)(vii) ‧見備註/See Remarks 7 (d)(ii) ‧見備註/See Remarks 7 (e)(ii) ‧見備註/See Remarks 7 (f)(ii) ‧見備註/See Remarks 7 (e)(iii),
2017-04-01,2017-04-13,,第2座 (2A) Tower 2 (2A),16,C,,11700000,,‧價單第6號 (A1)付款辦法 Payment Plan (A1) of Price List No.6 見備註/See Remarks 7 (c)(i) ‧見備註/See Remarks 7 (c)(v) ‧見備註/See Remarks 7 (c)(vi) ‧見備註/See Remarks 7 (c)(vii) ‧見備註/See Remarks 7 (d)(ii) ‧見備註/See Remarks 7 (e)(ii) ‧見備註/See Remarks 7 (f)(ii) ‧見備註/See Remarks 7 (e)(iii),
2017-04-01,2017-04-13,,第2座 (2A) Tower 2 (2A),15,C,,11688300,,‧價單第6號 (A1)付款辦法 Payment Plan (A1) of Price List No.6 見備註/See Remarks 7 (c)(i) ‧見備註/See Remarks 7 (c)(v) ‧見備註/See Remarks 7 (c)(vi) ‧見備註/See Remarks 7 (c)(vii) ‧見備註/See Remarks 7 (d)(ii) ‧見備註/See Remarks 7 (e)(ii) ‧見備註/See Remarks 7 (f)(ii) ‧見備註/See Remarks 7 (e)(iii),
2017-04-01,2017-04-13,,第2座 (2A) Tower 2 (2A),12,C,,11676600,,‧價單第6號 (A1)付款辦法 Payment Plan (A1) of Price List No.6 見備註/See Remarks 7 (c)(i) ‧見備註/See Remarks 7 (c)(v) ‧見備註/See Remarks 7 (c)(vi) ‧見備註/See Remarks 7 (c)(vii) ‧見備註/See Remarks 7 (d)(ii) ‧見備註/See Remarks 7 (e)(ii) ‧見備註/See Remarks 7 (f)(ii) ‧見備註/See Remarks 7 (e)(iii),
2017-04-01,2017-04-13,,第2座 (2A) Tower 2 (2A),11,C,,12412600,,‧價單第6號 (B1)付款辦法 Payment Plan (B1) of Price List No.6 見備註/See Remarks 7 (c)(ii) ‧見備註/See Remarks 7 (c)(v) ‧見備註/See Remarks 7 (c)(vi) ‧見備註/See Remarks 7 (c)(vii) ‧見備註/See Remarks 7 (e)(i) ‧見備註/See Remarks 7 (d)(ii) ‧見備註/See Remarks 7 (e)(ii) ‧見備註/See Remarks 7 (f)(ii) ‧見備註/See Remarks 7 (e)(iii),
2017-04-01,2017-04-13,,第2座 (2A) 9 C Tower 2 (2A),,,,22136300,,‧價單第6號 (A1)付款辦法 Payment Plan (A1) of Price List No.6 見備註/See Remarks 7 (c)(i) ‧見備註/See Remarks 7 (c)(v) ‧見備註/See Remarks 7 (c)(vi) ‧見備註/See Remarks 7 (c)(vii) ‧見備註/See Remarks 7 (d)(ii) ‧見備註/See Remarks 7 (e)(ii) ‧見備註/See Remarks 7 (f)(ii) ‧見備註/See Remarks 7 (e)(iii),
2017-04-01,2017-04-13,,第2座 (2A) Tower 2 (2A),7,C,,13120800,,‧價單第6號 (A1)付款辦法 Payment Plan (A1) of Price List No.6 見備註/See Remarks 7 (c)(i) ‧見備註/See Remarks 7 (d)(i) ‧見備註/See Remarks 7 (c)(vi) ‧見備註/See Remarks 7 (c)(vii) ‧見備註/See Remarks 7 (d)(ii) ‧見備註/See Remarks 7 (e)(ii) ‧見備註/See Remarks 7 (f)(ii) ‧見備註/See Remarks 7 (e)(iii),
2017-04-01,2017-04-13,,第2座 (2B) Tower 2 (2B),11,C,,7101900,,‧價單第6號 (A1)付款辦法 Payment Plan (A1) of Price List No.6 見備註/See Remarks 7 (c)(i) ‧見備註/See Remarks 7 (c)(v) ‧見備註/See Remarks 7 (c)(vi) ‧見備註/See Remarks 7 (c)(vii) ‧見備註/See Remarks 7 (d)(ii) ‧見備註/See Remarks 7 (e)(ii) ‧見備註/See Remarks 7 (f)(ii) ‧見備註/See Remarks 7 (e)(iii),
2017-04-01,2017-04-13,,第2座 (2B) Tower 2 (2B),10,C,,7094800,,‧價單第6號 (A1)付款辦法 Payment Plan (A1) of Price List No.6 見備註/See Remarks 7 (c)(i) ‧見備註/See Remarks 7 (c)(v) ‧見備註/See Remarks 7 (c)(vi) ‧見備註/See Remarks 7 (c)(vii) ‧見備註/See Remarks 7 (d)(ii) ‧見備註/See Remarks 7 (e)(ii) ‧見備註/See Remarks 7 (f)(ii) ‧見備註/See Remarks 7 (e)(iii),
2017-04-01,2017-04-13,,第2座 (2B) Tower 2 (2B),9,C,,7087800,,‧價單第6號 (A1)付款辦法 Payment Plan (A1) of Price List No.6 見備註/See Remarks 7 (c)(i) ‧見備註/See Remarks 7 (c)(v) ‧見備註/See Remarks 7 (c)(vi) ‧見備註/See Remarks 7 (c)(vii) ‧見備註/See Remarks 7 (d)(ii) ‧見備註/See Remarks 7 (e)(ii) ‧見備註/See Remarks 7 (f)(ii) ‧見備註/See Remarks 7 (e)(iii),
2017-04-01,2017-04-13,,第2座 (2B) Tower 2 (2B),8,C,,7087800,,‧價單第6號 (A1)付款辦法 Payment Plan (A1) of Price List No.6 見備註/See Remarks 7 (c)(i) ‧見備註/See Remarks 7 (c)(v) ‧見備註/See Remarks 7 (c)(vi) ‧見備註/See Remarks 7 (c)(vii) ‧見備註/See Remarks 7 (d)(ii) ‧見備註/See Remarks 7 (e)(ii) ‧見備註/See Remarks 7 (f)(ii) ‧見備註/See Remarks 7 (e)(iii),
2017-04-01,2017-04-13,,第2座 (2B) Tower 2 (2B),7,C,,7080800,,‧價單第6號 (A1)付款辦法 Payment Plan (A1) of Price List No.6 見備註/See Remarks 7 (c)(i) ‧見備註/See Remarks 7 (c)(v) ‧見備註/See Remarks 7 (c)(vi) ‧見備註/See Remarks 7 (c)(vii) ‧見備註/See Remarks 7 (d)(ii) ‧見備註/See Remarks 7 (e)(ii) ‧見備註/See Remarks 7 (f)(ii) ‧見備註/See Remarks 7 (e)(iii),
2017-04-01,2017-04-13,,第2座 (2B) Tower 2 (2B),6,C,,7528100,,‧價單第6號 (B1)付款辦法 Payment Plan (B1) of Price List No.6 見備註/See Remarks 7 (c)(ii) ‧見備註/See Remarks 7 (c)(v) ‧見備註/See Remarks 7 (c)(vi) ‧見備註/See Remarks 7 (c)(vii) ‧見備註/See Remarks 7 (e)(i) ‧見備註/See Remarks 7 (d)(ii) ‧見備註/See Remarks 7 (e)(ii) ‧見備註/See Remarks 7 (f)(ii) ‧見備註/See Remarks 7 (e)(iii),
2017-04-01,2017-04-13,,第2座 (2B) Tower 2 (2B),51,D,,8535500,,‧價單第6號 (A1)付款辦法 Payment Plan (A1) of Price List No.6 見備註/See Remarks 7 (c)(i) ‧見備註/See Remarks 7 (c)(v) ‧見備註/See Remarks 7 (c)(vi) ‧見備註/See Remarks 7 (c)(vii) ‧見備註/See Remarks 7 (d)(ii) ‧見備註/See Remarks 7 (e)(ii) ‧見備註/See Remarks 7 (f)(ii) ‧見備註/See Remarks 7 (e)(iii),
2017-04-01,2017-04-13,,第2座 (2B) Tower 2 (2B),50,D,,10120000,,‧價單第6號 (A1)付款辦法 Payment Plan (A1) of Price List No.6 見備註/See Remarks 7 (c)(i) ‧見備註/See Remarks 7 (d)(i) ‧見備註/See Remarks 7 (d)(iii) ‧見備註/See Remarks 7 (c)(vii) ‧見備註/See Remarks 7 (e)(ii) ‧見備註/See Remarks 7 (f)(ii) ‧見備註/See Remarks 7 (e)(iii),
2017-04-01,2017-04-13,,第2座 (2B) Tower 2 (2B),49,D,,8260200,,‧價單第6號 (A1)付款辦法 Payment Plan (A1) of Price List No.6 見備註/See Remarks 7 (c)(i) ‧見備註/See Remarks 7 (c)(v) ‧見備註/See Remarks 7 (c)(vi) ‧見備註/See Remarks 7 (c)(vii) ‧見備註/See Remarks 7 (d)(ii) ‧見備註/See Remarks 7 (e)(ii) ‧見備註/See Remarks 7 (f)(ii) ‧見備註/See Remarks 7 (e)(iii),
2017-04-01,2017-04-13,,第2座 (2B) 48 D Tower 2 (2B) 第2座 (2B) 45 E Tower 2 (2B),,,,16090500,,‧價單第6號 (A1)付款辦法 Payment Plan (A1) of Price List No.6 見備註/See Remarks 7 (c)(i) ‧見備註/See Remarks 7 (c)(v) ‧見備註/See Remarks 7 (c)(vi) ‧見備註/See Remarks 7 (c)(vii) ‧見備註/See Remarks 7 (d)(ii) ‧見備註/See Remarks 7 (e)(ii) ‧見備註/See Remarks 7 (f)(ii) ‧見備註/See Remarks 7 (e)(iii) ‧價單第6號 (A1)付款辦法 Payment Plan (A1) of Price List No.6 見備註/See Remarks 7 (c)(i) ‧見備註/See Remarks 7 (c)(v) ‧見備註/See Remarks 7 (c)(vi) ‧見備註/See Remarks 7 (c)(vii) ‧見備註/See Remarks 7 (d)(ii) ‧見備註/See Remarks 7 (e)(ii) ‧見備註/See Remarks 7 (f)(ii) ‧見備註/See Remarks 7 (e)(iii),
2017-04-01,2017-04-13,,第2座 (2B) Tower 2 (2B),47,D,,8073700,,‧價單第6號 (A1)付款辦法 Payment Plan (A1) of Price List No.6 見備註/See Remarks 7 (c)(i) ‧見備註/See Remarks 7 (c)(v) ‧見備註/See Remarks 7 (c)(vi) ‧見備註/See Remarks 7 (c)(vii) ‧見備註/See Remarks 7 (d)(ii) ‧見備註/See Remarks 7 (e)(ii) ‧見備註/See Remarks 7 (f)(ii) ‧見備註/See Remarks 7 (e)(iii),
2017-04-01,2017-04-13,,第2座 (2B) Tower 2 (2B),46,D,,7981700,,‧價單第6號 (A1)付款辦法 Payment Plan (A1) of Price List No.6 見備註/See Remarks 7 (c)(i) ‧見備註/See Remarks 7 (c)(v) ‧見備註/See Remarks 7 (c)(vi) ‧見備註/See Remarks 7 (c)(vii) ‧見備註/See Remarks 7 (d)(ii) ‧見備註/See Remarks 7 (e)(ii) ‧見備註/See Remarks 7 (f)(ii) ‧見備註/See Remarks 7 (e)(iii),
2017-04-01,2017-04-13,,第2座 (2B) Tower 2 (2B),45,D,,7888900,,‧價單第6號 (A1)付款辦法 Payment Plan (A1) of Price List No.6 見備註/See Remarks 7 (c)(i) ‧見備註/See Remarks 7 (c)(v) ‧見備註/See Remarks 7 (c)(vi) ‧見備註/See Remarks 7 (c)(vii) ‧見備註/See Remarks 7 (d)(ii) ‧見備註/See Remarks 7 (e)(ii) ‧見備註/See Remarks 7 (f)(ii) ‧見備註/See Remarks 7 (e)(iii),
2017-04-01,2017-04-13,,第2座 (2B) Tower 2 (2B),43,D,,7798400,,‧價單第6號 (A1)付款辦法 Payment Plan (A1) of Price List No.6 見備註/See Remarks 7 (c)(i) ‧見備註/See Remarks 7 (c)(v) ‧見備註/See Remarks 7 (c)(vi) ‧見備註/See Remarks 7 (c)(vii) ‧見備註/See Remarks 7 (d)(ii) ‧見備註/See Remarks 7 (e)(ii) ‧見備註/See Remarks 7 (f)(ii) ‧見備註/See Remarks 7 (e)(iii),
2017-04-01,2017-04-13,,第2座 (2B) Tower 2 (2B),42,D,,7709500,,‧價單第6號 (A1)付款辦法 Payment Plan (A1) of Price List No.6 見備註/See Remarks 7 (c)(i) ‧見備註/See Remarks 7 (c)(v) ‧見備註/See Remarks 7 (c)(vi) ‧見備註/See Remarks 7 (c)(vii) ‧見備註/See Remarks 7 (d)(ii) ‧見備註/See Remarks 7 (e)(ii) ‧見備註/See Remarks 7 (f)(ii) ‧見備註/See Remarks 7 (e)(iii),
2017-04-01,2017-04-13,,第2座 (2B) Tower 2 (2B),41,D,,7621300,,‧價單第6號 (A1)付款辦法 Payment Plan (A1) of Price List No.6 見備註/See Remarks 7 (c)(i) ‧見備註/See Remarks 7 (c)(v) ‧見備註/See Remarks 7 (c)(vi) ‧見備註/See Remarks 7 (c)(vii) ‧見備註/See Remarks 7 (d)(ii) ‧見備註/See Remarks 7 (e)(ii) ‧見備註/See Remarks 7 (f)(ii) ‧見備註/See Remarks 7 (e)(iii),
2017-04-01,2017-04-13,,第2座 (2B) Tower 2 (2B),40,D,,7533200,,‧價單第5號 (A1)付款辦法 Payment Plan (A1) of Price List No.5 見備註/See Remarks 7 (c)(i) ‧見備註/See Remarks 7 (c)(v) ‧見備註/See Remarks 7 (c)(vi) ‧見備註/See Remarks 7 (c)(vii) ‧見備註/See Remarks 7 (d)(ii) ‧見備註/See Remarks 7 (e)(ii) ‧見備註/See Remarks 7 (f)(ii) ‧見備註/See Remarks 7 (e)(iii),
2017-04-01,2017-04-13,,第2座 (2B) Tower 2 (2B),39,D,,7495800,,‧價單第5號 (A1)付款辦法 Payment Plan (A1) of Price List No.5 見備註/See Remarks 7 (c)(i) ‧見備註/See Remarks 7 (c)(v) ‧見備註/See Remarks 7 (c)(vi) ‧見備註/See Remarks 7 (c)(vii) ‧見備註/See Remarks 7 (d)(ii) ‧見備註/See Remarks 7 (e)(ii) ‧見備註/See Remarks 7 (f)(ii) ‧見備註/See Remarks 7 (e)(iii),
2017-04-01,2017-04-13,,第2座 (2B) Tower 2 (2B),38,D,,7495800,,‧價單第5號 (A1)付款辦法 Payment Plan (A1) of Price List No.5 見備註/See Remarks 7 (c)(i) ‧見備註/See Remarks 7 (c)(v) ‧見備註/See Remarks 7 (c)(vi) ‧見備註/See Remarks 7 (c)(vii) ‧見備註/See Remarks 7 (d)(ii) ‧見備註/See Remarks 7 (e)(ii) ‧見備註/See Remarks 7 (f)(ii) ‧見備註/See Remarks 7 (e)(iii),
2017-04-01,2017-04-13,,第2座 (2B) Tower 2 (2B),37,D,,7420900,,‧價單第5號 (A1)付款辦法 Payment Plan (A1) of Price List No.5 見備註/See Remarks 7 (c)(i) ‧見備註/See Remarks 7 (c)(v) ‧見備註/See Remarks 7 (c)(vi) ‧見備註/See Remarks 7 (c)(vii) ‧見備註/See Remarks 7 (d)(ii) ‧見備註/See Remarks 7 (e)(ii) ‧見備註/See Remarks 7 (f)(ii) ‧見備註/See Remarks 7 (e)(iii),
2017-04-01,2017-04-13,,第2座 (2B) Tower 2 (2B),36,D,,7384200,,‧價單第5號 (A1)付款辦法 Payment Plan (A1) of Price List No.5 見備註/See Remarks 7 (c)(i) ‧見備註/See Remarks 7 (c)(v) ‧見備註/See Remarks 7 (c)(vi) ‧見備註/See Remarks 7 (c)(vii) ‧見備註/See Remarks 7 (d)(ii) ‧見備註/See Remarks 7 (e)(ii) ‧見備註/See Remarks 7 (f)(ii) ‧見備註/See Remarks 7 (e)(iii),
2017-04-01,2017-04-13,,第2座 (2B) Tower 2 (2B),35,D,,7347600,,‧價單第5號 (A1)付款辦法 Payment Plan (A1) of Price List No.5 見備註/See Remarks 7 (c)(i) ‧見備註/See Remarks 7 (c)(v) ‧見備註/See Remarks 7 (c)(vi) ‧見備註/See Remarks 7 (c)(vii) ‧見備註/See Remarks 7 (d)(ii) ‧見備註/See Remarks 7 (e)(ii) ‧見備註/See Remarks 7 (f)(ii) ‧見備註/See Remarks 7 (e)(iii),
2017-04-01,2017-04-13,,第2座 (2B) Tower 2 (2B),33,D,,7310900,,‧價單第5號 (A1)付款辦法 Payment Plan (A1) of Price List No.5 見備註/See Remarks 7 (c)(i) ‧見備註/See Remarks 7 (c)(v) ‧見備註/See Remarks 7 (c)(vi) ‧見備註/See Remarks 7 (c)(vii) ‧見備註/See Remarks 7 (d)(ii) ‧見備註/See Remarks 7 (e)(ii) ‧見備註/See Remarks 7 (f)(ii) ‧見備註/See Remarks 7 (e)(iii),
2017-04-01,2017-04-13,,第2座 (2B) Tower 2 (2B),32,D,,7274200,,‧價單第5號 (A1)付款辦法 Payment Plan (A1) of Price List No.5 見備註/See Remarks 7 (c)(i) ‧見備註/See Remarks 7 (c)(v) ‧見備註/See Remarks 7 (c)(vi) ‧見備註/See Remarks 7 (c)(vii) ‧見備註/See Remarks 7 (d)(ii) ‧見備註/See Remarks 7 (e)(ii) ‧見備註/See Remarks 7 (f)(ii) ‧見備註/See Remarks 7 (e)(iii),
2017-04-01,2017-04-13,,第2座 (2B) Tower 2 (2B),31,D,,7238400,,‧價單第5號 (A1)付款辦法 Payment Plan (A1) of Price List No.5 見備註/See Remarks 7 (c)(i) ‧見備註/See Remarks 7 (c)(v) ‧見備註/See Remarks 7 (c)(vi) ‧見備註/See Remarks 7 (c)(vii) ‧見備註/See Remarks 7 (d)(ii) ‧見備註/See Remarks 7 (e)(ii) ‧見備註/See Remarks 7 (f)(ii) ‧見備註/See Remarks 7 (e)(iii),
2017-04-01,2017-04-13,,第2座 (2B) Tower 2 (2B),30,D,,7202500,,‧價單第5號 (A1)付款辦法 Payment Plan (A1) of Price List No.5 見備註/See Remarks 7 (c)(i) ‧見備註/See Remarks 7 (c)(v) ‧見備註/See Remarks 7 (c)(vi) ‧見備註/See Remarks 7 (c)(vii) ‧見備註/See Remarks 7 (d)(ii) ‧見備註/See Remarks 7 (e)(ii) ‧見備註/See Remarks 7 (f)(ii) ‧見備註/See Remarks 7 (e)(iii),
2017-04-01,2017-04-13,,第2座 (2B) Tower 2 (2B),29,D,,7167400,,‧價單第5號 (A1)付款辦法 Payment Plan (A1) of Price List No.5 見備註/See Remarks 7 (c)(i) ‧見備註/See Remarks 7 (c)(v) ‧見備註/See Remarks 7 (c)(vi) ‧見備註/See Remarks 7 (c)(vii) ‧見備註/See Remarks 7 (d)(ii) ‧見備註/See Remarks 7 (e)(ii) ‧見備註/See Remarks 7 (f)(ii) ‧見備註/See Remarks 7 (e)(iii),
2017-04-01,2017-04-13,,第2座 (2B) Tower 2 (2B),28,D,,7167400,,‧價單第5號 (A1)付款辦法 Payment Plan (A1) of Price List No.5 見備註/See Remarks 7 (c)(i) ‧見備註/See Remarks 7 (c)(v) ‧見備註/See Remarks 7 (c)(vi) ‧見備註/See Remarks 7 (c)(vii) ‧見備註/See Remarks 7 (d)(ii) ‧見備註/See Remarks 7 (e)(ii) ‧見備註/See Remarks 7 (f)(ii) ‧見備註/See Remarks 7 (e)(iii),
2017-04-01,2017-04-13,,第2座 (2B) Tower 2 (2B),26,D,,7094800,,‧價單第5號 (A1)付款辦法 Payment Plan (A1) of Price List No.5 見備註/See Remarks 7 (c)(i) ‧見備註/See Remarks 7 (c)(v) ‧見備註/See Remarks 7 (c)(vi) ‧見備註/See Remarks 7 (c)(vii) ‧見備註/See Remarks 7 (d)(ii) ‧見備註/See Remarks 7 (e)(ii) ‧見備註/See Remarks 7 (f)(ii) ‧見備註/See Remarks 7 (e)(iii),
2017-04-01,2017-04-13,,第2座 (2B) Tower 2 (2B),25,D,,7964800,,‧價單第5號 (A1)付款辦法 Payment Plan (A1) of Price List No.5 見備註/See Remarks 7 (c)(i) ‧見備註/See Remarks 7 (d)(i) ‧見備註/See Remarks 7 (c)(vi) ‧見備註/See Remarks 7 (c)(vii) ‧見備註/See Remarks 7 (d)(ii) ‧見備註/See Remarks 7 (e)(ii) ‧見備註/See Remarks 7 (f)(ii) ‧見備註/See Remarks 7 (e)(iii),
2017-04-01,2017-04-13,,第2座 (2B) Tower 2 (2B),23,D,,7024600,,‧價單第5號 (A1)付款辦法 Payment Plan (A1) of Price List No.5 見備註/See Remarks 7 (c)(i) ‧見備註/See Remarks 7 (c)(v) ‧見備註/See Remarks 7 (c)(vi) ‧見備註/See Remarks 7 (c)(vii) ‧見備註/See Remarks 7 (d)(ii) ‧見備註/See Remarks 7 (e)(ii) ‧見備註/See Remarks 7 (f)(ii) ‧見備註/See Remarks 7 (e)(iii),
2017-04-01,2017-04-13,,第2座 (2B) Tower 2 (2B),22,D,,6989500,,‧價單第5號 (A1)付款辦法 Payment Plan (A1) of Price List No.5 見備註/See Remarks 7 (c)(i) ‧見備註/See Remarks 7 (c)(v) ‧見備註/See Remarks 7 (c)(vi) ‧見備註/See Remarks 7 (c)(vii) ‧見備註/See Remarks 7 (d)(ii) ‧見備註/See Remarks 7 (e)(ii) ‧見備註/See Remarks 7 (f)(ii) ‧見備註/See Remarks 7 (e)(iii),
2017-04-01,2017-04-13,,第2座 (2B) Tower 2 (2B),21,D,,6953700,,‧價單第5號 (A1)付款辦法 Payment Plan (A1) of Price List No.5 見備註/See Remarks 7 (c)(i) ‧見備註/See Remarks 7 (c)(v) ‧見備註/See Remarks 7 (c)(vi) ‧見備註/See Remarks 7 (c)(vii) ‧見備註/See Remarks 7 (d)(ii) ‧見備註/See Remarks 7 (e)(ii) ‧見備註/See Remarks 7 (f)(ii) ‧見備註/See Remarks 7 (e)(iii),
2017-04-01,2017-04-13,,第2座 (2B) Tower 2 (2B),20,D,,6920100,,‧價單第5號 (A1)付款辦法 Payment Plan (A1) of Price List No.5 見備註/See Remarks 7 (c)(i) ‧見備註/See Remarks 7 (c)(v) ‧見備註/See Remarks 7 (c)(vi) ‧見備註/See Remarks 7 (c)(vii) ‧見備註/See Remarks 7 (d)(ii) ‧見備註/See Remarks 7 (e)(ii) ‧見備註/See Remarks 7 (f)(ii) ‧見備註/See Remarks 7 (e)(iii),
2017-04-01,2017-04-13,,第2座 (2B) Tower 2 (2B),19,D,,6885000,,‧價單第5號 (A1)付款辦法 Payment Plan (A1) of Price List No.5 見備註/See Remarks 7 (c)(i) ‧見備註/See Remarks 7 (c)(v) ‧見備註/See Remarks 7 (c)(vi) ‧見備註/See Remarks 7 (c)(vii) ‧見備註/See Remarks 7 (d)(ii) ‧見備註/See Remarks 7 (e)(ii) ‧見備註/See Remarks 7 (f)(ii) ‧見備註/See Remarks 7 (e)(iii),
2017-04-01,2017-04-13,,第2座 (2B) Tower 2 (2B),18,D,,6885000,"在31-08-2017，基於法例第35(2)(b)條所容許的原因 ，售價調整為$7,326,400。 On 31-08-2017, the price adjusted to $7,326,400 due to the reason allowed under section 35(2)(b) of the Ordinance.",‧價單第5號 (A1)付款辦法 Payment Plan (A1) of Price List No.5 見備註/See Remarks 7 (c)(i) ‧見備註/See Remarks 7 (c)(v) ‧見備註/See Remarks 7 (c)(vi) ‧見備註/See Remarks 7 (c)(vii) ‧見備註/See Remarks 7 (d)(ii) ‧見備註/See Remarks 7 (e)(ii) ‧見備註/See Remarks 7 (f)(ii) ‧見備註/See Remarks 7 (e)(iii),
2017-04-01,2017-04-13,,第2座 (2B) Tower 2 (2B),17,D,,6850700,,‧價單第5號 (A1)付款辦法 Payment Plan (A1) of Price List No.5 見備註/See Remarks 7 (c)(i) ‧見備註/See Remarks 7 (c)(v) ‧見備註/See Remarks 7 (c)(vi) ‧見備註/See Remarks 7 (c)(vii) ‧見備註/See Remarks 7 (d)(ii) ‧見備註/See Remarks 7 (e)(ii) ‧見備註/See Remarks 7 (f)(ii) ‧見備註/See Remarks 7 (e)(iii),
2017-04-01,2017-04-13,,第2座 (2B) Tower 2 (2B),15,D,,6837400,,‧價單第6號 (A1)付款辦法 Payment Plan (A1) of Price List No.6 見備註/See Remarks 7 (c)(i) ‧見備註/See Remarks 7 (c)(v) ‧見備註/See Remarks 7 (c)(vi) ‧見備註/See Remarks 7 (c)(vii) ‧見備註/See Remarks 7 (d)(ii) ‧見備註/See Remarks 7 (e)(ii) ‧見備註/See Remarks 7 (f)(ii) ‧見備註/See Remarks 7 (e)(iii),
2017-04-01,2017-04-13,,第2座 (2B) Tower 2 (2B),12,D,,6829600,,‧價單第6號 (A1)付款辦法 Payment Plan (A1) of Price List No.6 見備註/See Remarks 7 (c)(i) ‧見備註/See Remarks 7 (c)(v) ‧見備註/See Remarks 7 (c)(vi) ‧見備註/See Remarks 7 (c)(vii) ‧見備註/See Remarks 7 (d)(ii) ‧見備註/See Remarks 7 (e)(ii) ‧見備註/See Remarks 7 (f)(ii) ‧見備註/See Remarks 7 (e)(iii),
2017-04-01,2017-04-13,,第2座 (2B) Tower 2 (2B),11,D,,6823400,,‧價單第6號 (A1)付款辦法 Payment Plan (A1) of Price List No.6 見備註/See Remarks 7 (c)(i) ‧見備註/See Remarks 7 (c)(v) ‧見備註/See Remarks 7 (c)(vi) ‧見備註/See Remarks 7 (c)(vii) ‧見備註/See Remarks 7 (d)(ii) ‧見備註/See Remarks 7 (e)(ii) ‧見備註/See Remarks 7 (f)(ii) ‧見備註/See Remarks 7 (e)(iii),
2017-04-01,2017-04-13,,第2座 (2B) Tower 2 (2B),9,D,,6810100,,‧價單第6號 (A1)付款辦法 Payment Plan (A1) of Price List No.6 見備註/See Remarks 7 (c)(i) ‧見備註/See Remarks 7 (c)(v) ‧見備註/See Remarks 7 (c)(vi) ‧見備註/See Remarks 7 (c)(vii) ‧見備註/See Remarks 7 (d)(ii) ‧見備註/See Remarks 7 (e)(ii) ‧見備註/See Remarks 7 (f)(ii) ‧見備註/See Remarks 7 (e)(iii),
2017-04-01,2017-04-13,,第2座 (2B) Tower 2 (2B),8,D,,6810100,,‧價單第6號 (A1)付款辦法 Payment Plan (A1) of Price List No.6 見備註/See Remarks 7 (c)(i) ‧見備註/See Remarks 7 (c)(v) ‧見備註/See Remarks 7 (c)(vi) ‧見備註/See Remarks 7 (c)(vii) ‧見備註/See Remarks 7 (d)(ii) ‧見備註/See Remarks 7 (e)(ii) ‧見備註/See Remarks 7 (f)(ii) ‧見備註/See Remarks 7 (e)(iii),
2017-04-01,2017-04-13,,第2座 (2B) Tower 2 (2B),7,D,,6803100,,‧價單第6號 (A1)付款辦法 Payment Plan (A1) of Price List No.6 見備註/See Remarks 7 (c)(i) ‧見備註/See Remarks 7 (c)(v) ‧見備註/See Remarks 7 (c)(vi) ‧見備註/See Remarks 7 (c)(vii) ‧見備註/See Remarks 7 (d)(ii) ‧見備註/See Remarks 7 (e)(ii) ‧見備註/See Remarks 7 (f)(ii) ‧見備註/See Remarks 7 (e)(iii),
2017-04-01,2017-04-13,,第2座 (2B) Tower 2 (2B),6,D,,6796100,,‧價單第6號 (A1)付款辦法 Payment Plan (A1) of Price List No.6 見備註/See Remarks 7 (c)(i) ‧見備註/See Remarks 7 (c)(v) ‧見備註/See Remarks 7 (c)(vi) ‧見備註/See Remarks 7 (c)(vii) ‧見備註/See Remarks 7 (d)(ii) ‧見備註/See Remarks 7 (e)(ii) ‧見備註/See Remarks 7 (f)(ii) ‧見備註/See Remarks 7 (e)(iii),
2017-04-01,2017-04-13,,第2座 (2B) Tower 2 (2B),51,E,,8510500,,‧價單第6號 (A1)付款辦法 Payment Plan (A1) of Price List No.6 見備註/See Remarks 7 (c)(i) ‧見備註/See Remarks 7 (c)(v) ‧見備註/See Remarks 7 (c)(vi) ‧見備註/See Remarks 7 (c)(vii) ‧見備註/See Remarks 7 (d)(ii) ‧見備註/See Remarks 7 (e)(ii) ‧見備註/See Remarks 7 (f)(ii) ‧見備註/See Remarks 7 (e)(iii),
2017-04-01,2017-04-13,,第2座 (2B) Tower 2 (2B),50,E,,8372500,,‧價單第6號 (A1)付款辦法 Payment Plan (A1) of Price List No.6 見備註/See Remarks 7 (c)(i) ‧見備註/See Remarks 7 (c)(v) ‧見備註/See Remarks 7 (c)(vi) ‧見備註/See Remarks 7 (c)(vii) ‧見備註/See Remarks 7 (d)(ii) ‧見備註/See Remarks 7 (e)(ii) ‧見備註/See Remarks 7 (f)(ii) ‧見備註/See Remarks 7 (e)(iii),
2017-04-01,2017-04-13,,第2座 (2B) Tower 2 (2B),49,E,,8236000,,‧價單第6號 (A1)付款辦法 Payment Plan (A1) of Price List No.6 見備註/See Remarks 7 (c)(i) ‧見備註/See Remarks 7 (c)(v) ‧見備註/See Remarks 7 (c)(vi) ‧見備註/See Remarks 7 (c)(vii) ‧見備註/See Remarks 7 (d)(ii) ‧見備註/See Remarks 7 (e)(ii) ‧見備註/See Remarks 7 (f)(ii) ‧見備註/See Remarks 7 (e)(iii),
2017-04-01,2017-04-13,,第2座 (2B) Tower 2 (2B),48,E,,8199300,,‧價單第6號 (A1)付款辦法 Payment Plan (A1) of Price List No.6 見備註/See Remarks 7 (c)(i) ‧見備註/See Remarks 7 (c)(v) ‧見備註/See Remarks 7 (c)(vi) ‧見備註/See Remarks 7 (c)(vii) ‧見備註/See Remarks 7 (d)(ii) ‧見備註/See Remarks 7 (e)(ii) ‧見備註/See Remarks 7 (f)(ii) ‧見備註/See Remarks 7 (e)(iii),
2017-04-01,2017-04-13,,第2座 (2B) Tower 2 (2B),47,E,,8050300,,‧價單第6號 (A1)付款辦法 Payment Plan (A1) of Price List No.6 見備註/See Remarks 7 (c)(i) ‧見備註/See Remarks 7 (c)(v) ‧見備註/See Remarks 7 (c)(vi) ‧見備註/See Remarks 7 (c)(vii) ‧見備註/See Remarks 7 (d)(ii) ‧見備註/See Remarks 7 (e)(ii) ‧見備註/See Remarks 7 (f)(ii) ‧見備註/See Remarks 7 (e)(iii),
2017-04-01,2017-04-13,,第2座 (2B) Tower 2 (2B),46,E,,7958300,,‧價單第6號 (A1)付款辦法 Payment Plan (A1) of Price List No.6 見備註/See Remarks 7 (c)(i) ‧見備註/See Remarks 7 (c)(v) ‧見備註/See Remarks 7 (c)(vi) ‧見備註/See Remarks 7 (c)(vii) ‧見備註/See Remarks 7 (d)(ii) ‧見備註/See Remarks 7 (e)(ii) ‧見備註/See Remarks 7 (f)(ii) ‧見備註/See Remarks 7 (e)(iii),
2017-04-01,2017-04-13,,第2座 (2B) Tower 2 (2B),43,E,,7777300,,‧價單第6號 (A1)付款辦法 Payment Plan (A1) of Price List No.6 見備註/See Remarks 7 (c)(i) ‧見備註/See Remarks 7 (c)(v) ‧見備註/See Remarks 7 (c)(vi) ‧見備註/See Remarks 7 (c)(vii) ‧見備註/See Remarks 7 (d)(ii) ‧見備註/See Remarks 7 (e)(ii) ‧見備註/See Remarks 7 (f)(ii) ‧見備註/See Remarks 7 (e)(iii),
2017-04-01,2017-04-13,,第2座 (2B) Tower 2 (2B),42,E,,7687600,,‧價單第6號 (A1)付款辦法 Payment Plan (A1) of Price List No.6 見備註/See Remarks 7 (c)(i) ‧見備註/See Remarks 7 (c)(v) ‧見備註/See Remarks 7 (c)(vi) ‧見備註/See Remarks 7 (c)(vii) ‧見備註/See Remarks 7 (d)(ii) ‧見備註/See Remarks 7 (e)(ii) ‧見備註/See Remarks 7 (f)(ii) ‧見備註/See Remarks 7 (e)(iii),
2017-04-01,2017-04-13,,第2座 (2B) Tower 2 (2B),41,E,,7599500,,‧價單第6號 (A1)付款辦法 Payment Plan (A1) of Price List No.6 見備註/See Remarks 7 (c)(i) ‧見備註/See Remarks 7 (c)(v) ‧見備註/See Remarks 7 (c)(vi) ‧見備註/See Remarks 7 (c)(vii) ‧見備註/See Remarks 7 (d)(ii) ‧見備註/See Remarks 7 (e)(ii) ‧見備註/See Remarks 7 (f)(ii) ‧見備註/See Remarks 7 (e)(iii),
2017-04-01,2017-04-13,,第2座 (2B) Tower 2 (2B),40,E,,7933900,,‧價單第5號 (B1)付款辦法 Payment Plan (B1) of Price List No.5 見備註/See Remarks 7 (c)(ii) ‧見備註/See Remarks 7 (c)(v) ‧見備註/See Remarks 7 (c)(vi) ‧見備註/See Remarks 7 (c)(vii) ‧見備註/See Remarks 7 (e)(i) ‧見備註/See Remarks 7 (d)(ii) ‧見備註/See Remarks 7 (e)(ii) ‧見備註/See Remarks 7 (f)(ii) ‧見備註/See Remarks 7 (e)(iii),
2017-04-01,2017-04-13,,第2座 (2B) Tower 2 (2B),39,E,,7419300,,‧價單第5號 (A1)付款辦法 Payment Plan (A1) of Price List No.5 見備註/See Remarks 7 (c)(i) ‧見備註/See Remarks 7 (c)(v) ‧見備註/See Remarks 7 (c)(vi) ‧見備註/See Remarks 7 (c)(vii) ‧見備註/See Remarks 7 (d)(ii) ‧見備註/See Remarks 7 (e)(ii) ‧見備註/See Remarks 7 (f)(ii) ‧見備註/See Remarks 7 (e)(iii),
2017-04-01,2017-04-13,,第2座 (2B) Tower 2 (2B),38,E,,7419300,,‧價單第5號 (A1)付款辦法 Payment Plan (A1) of Price List No.5 見備註/See Remarks 7 (c)(i) ‧見備註/See Remarks 7 (c)(v) ‧見備註/See Remarks 7 (c)(vi) ‧見備註/See Remarks 7 (c)(vii) ‧見備註/See Remarks 7 (d)(ii) ‧見備註/See Remarks 7 (e)(ii) ‧見備註/See Remarks 7 (f)(ii) ‧見備註/See Remarks 7 (e)(iii),
2017-04-01,2017-04-13,,第2座 (2B) Tower 2 (2B),37,E,,7346000,,‧價單第5號 (A1)付款辦法 Payment Plan (A1) of Price List No.5 見備註/See Remarks 7 (c)(i) ‧見備註/See Remarks 7 (c)(v) ‧見備註/See Remarks 7 (c)(vi) ‧見備註/See Remarks 7 (c)(vii) ‧見備註/See Remarks 7 (d)(ii) ‧見備註/See Remarks 7 (e)(ii) ‧見備註/See Remarks 7 (f)(ii) ‧見備註/See Remarks 7 (e)(iii),
2017-04-01,2017-04-13,,第2座 (2B) Tower 2 (2B),36,E,,7308600,,‧價單第5號 (A1)付款辦法 Payment Plan (A1) of Price List No.5 見備註/See Remarks 7 (c)(i) ‧見備註/See Remarks 7 (c)(v) ‧見備註/See Remarks 7 (c)(vi) ‧見備註/See Remarks 7 (c)(vii) ‧見備註/See Remarks 7 (d)(ii) ‧見備註/See Remarks 7 (e)(ii) ‧見備註/See Remarks 7 (f)(ii) ‧見備註/See Remarks 7 (e)(iii),
2017-04-01,2017-04-13,,第2座 (2B) 35 E Tower 2 (2B) 第2座 (2B) 10 D Tower 2 (2B),,,,14088300,,‧價單第5號 (A1)付款辦法 Payment Plan (A1) of Price List No.5 見備註/See Remarks 7 (c)(i) ‧見備註/See Remarks 7 (c)(v) ‧見備註/See Remarks 7 (c)(vi) ‧見備註/See Remarks 7 (c)(vii) ‧見備註/See Remarks 7 (d)(ii) ‧見備註/See Remarks 7 (e)(ii) ‧見備註/See Remarks 7 (f)(ii) ‧見備註/See Remarks 7 (e)(iii) ‧價單第6號 (A1)付款辦法 Payment Plan (A1) of Price List No.6 見備註/See Remarks 7 (c)(i) ‧見備註/See Remarks 7 (c)(v) ‧見備註/See Remarks 7 (c)(vi) ‧見備註/See Remarks 7 (c)(vii) ‧見備註/See Remarks 7 (d)(ii) ‧見備註/See Remarks 7 (e)(ii) ‧見備註/See Remarks 7 (f)(ii) ‧見備註/See Remarks 7 (e)(iii),
2017-04-01,2017-04-13,,第2座 (2B) Tower 2 (2B),33,E,,7236800,,‧價單第5號 (A1)付款辦法 Payment Plan (A1) of Price List No.5 見備註/See Remarks 7 (c)(i) ‧見備註/See Remarks 7 (c)(v) ‧見備註/See Remarks 7 (c)(vi) ‧見備註/See Remarks 7 (c)(vii) ‧見備註/See Remarks 7 (d)(ii) ‧見備註/See Remarks 7 (e)(ii) ‧見備註/See Remarks 7 (f)(ii) ‧見備註/See Remarks 7 (e)(iii),
2017-04-01,2017-04-13,,第2座 (2B) Tower 2 (2B),32,E,,7200100,,‧價單第5號 (A1)付款辦法 Payment Plan (A1) of Price List No.5 見備註/See Remarks 7 (c)(i) ‧見備註/See Remarks 7 (c)(v) ‧見備註/See Remarks 7 (c)(vi) ‧見備註/See Remarks 7 (c)(vii) ‧見備註/See Remarks 7 (d)(ii) ‧見備註/See Remarks 7 (e)(ii) ‧見備註/See Remarks 7 (f)(ii) ‧見備註/See Remarks 7 (e)(iii),
2017-04-01,2017-04-13,,第2座 (2B) Tower 2 (2B),31,E,,7165000,,‧價單第5號 (A1)付款辦法 Payment Plan (A1) of Price List No.5 見備註/See Remarks 7 (c)(i) ‧見備註/See Remarks 7 (c)(v) ‧見備註/See Remarks 7 (c)(vi) ‧見備註/See Remarks 7 (c)(vii) ‧見備註/See Remarks 7 (d)(ii) ‧見備註/See Remarks 7 (e)(ii) ‧見備註/See Remarks 7 (f)(ii) ‧見備註/See Remarks 7 (e)(iii),
2017-04-01,2017-04-13,,第2座 (2B) Tower 2 (2B),30,E,,7129200,,‧價單第5號 (A1)付款辦法 Payment Plan (A1) of Price List No.5 見備註/See Remarks 7 (c)(i) ‧見備註/See Remarks 7 (c)(v) ‧見備註/See Remarks 7 (c)(vi) ‧見備註/See Remarks 7 (c)(vii) ‧見備註/See Remarks 7 (d)(ii) ‧見備註/See Remarks 7 (e)(ii) ‧見備註/See Remarks 7 (f)(ii) ‧見備註/See Remarks 7 (e)(iii),
2017-04-01,2017-04-13,,第2座 (2B) Tower 2 (2B),29,E,,7094100,,‧價單第5號 (A1)付款辦法 Payment Plan (A1) of Price List No.5 見備註/See Remarks 7 (c)(i) ‧見備註/See Remarks 7 (c)(v) ‧見備註/See Remarks 7 (c)(vi) ‧見備註/See Remarks 7 (c)(vii) ‧見備註/See Remarks 7 (d)(ii) ‧見備註/See Remarks 7 (e)(ii) ‧見備註/See Remarks 7 (f)(ii) ‧見備註/See Remarks 7 (e)(iii),
2017-04-01,2017-04-13,,第2座 (2B) Tower 2 (2B),28,E,,7094100,,‧價單第5號 (A1)付款辦法 Payment Plan (A1) of Price List No.5 見備註/See Remarks 7 (c)(i) ‧見備註/See Remarks 7 (c)(v) ‧見備註/See Remarks 7 (c)(vi) ‧見備註/See Remarks 7 (c)(vii) ‧見備註/See Remarks 7 (d)(ii) ‧見備註/See Remarks 7 (e)(ii) ‧見備註/See Remarks 7 (f)(ii) ‧見備註/See Remarks 7 (e)(iii),
2017-04-01,2017-04-13,,第2座 (2B) Tower 2 (2B),26,E,,7023100,,‧價單第5號 (A1)付款辦法 Payment Plan (A1) of Price List No.5 見備註/See Remarks 7 (c)(i) ‧見備註/See Remarks 7 (c)(v) ‧見備註/See Remarks 7 (c)(vi) ‧見備註/See Remarks 7 (c)(vii) ‧見備註/See Remarks 7 (d)(ii) ‧見備註/See Remarks 7 (e)(ii) ‧見備註/See Remarks 7 (f)(ii) ‧見備註/See Remarks 7 (e)(iii),
2017-04-01,2017-04-13,,第2座 (2B) Tower 2 (2B),25,E,,6988000,,‧價單第5號 (A1)付款辦法 Payment Plan (A1) of Price List No.5 見備註/See Remarks 7 (c)(i) ‧見備註/See Remarks 7 (c)(v) ‧見備註/See Remarks 7 (c)(vi) ‧見備註/See Remarks 7 (c)(vii) ‧見備註/See Remarks 7 (d)(ii) ‧見備註/See Remarks 7 (e)(ii) ‧見備註/See Remarks 7 (f)(ii) ‧見備註/See Remarks 7 (e)(iii),
2017-04-01,2017-04-13,,第2座 (2B) Tower 2 (2B),23,E,,6952900,,‧價單第5號 (A1)付款辦法 Payment Plan (A1) of Price List No.5 見備註/See Remarks 7 (c)(i) ‧見備註/See Remarks 7 (c)(v) ‧見備註/See Remarks 7 (c)(vi) ‧見備註/See Remarks 7 (c)(vii) ‧見備註/See Remarks 7 (d)(ii) ‧見備註/See Remarks 7 (e)(ii) ‧見備註/See Remarks 7 (f)(ii) ‧見備註/See Remarks 7 (e)(iii),
2017-04-01,2017-04-13,,第2座 (2B) Tower 2 (2B),22,E,,7362100,,‧價單第5號 (B1)付款辦法 Payment Plan (B1) of Price List No.5 見備註/See Remarks 7 (c)(ii) ‧見備註/See Remarks 7 (c)(v) ‧見備註/See Remarks 7 (c)(vi) ‧見備註/See Remarks 7 (c)(vii) ‧見備註/See Remarks 7 (e)(i) ‧見備註/See Remarks 7 (d)(ii) ‧見備註/See Remarks 7 (e)(ii) ‧見備註/See Remarks 7 (f)(ii) ‧見備註/See Remarks 7 (e)(iii),
2017-04-01,2017-04-13,,第2座 (2B) Tower 2 (2B),21,E,,6882700,,‧價單第5號 (A1)付款辦法 Payment Plan (A1) of Price List No.5 見備註/See Remarks 7 (c)(i) ‧見備註/See Remarks 7 (c)(v) ‧見備註/See Remarks 7 (c)(vi) ‧見備註/See Remarks 7 (c)(vii) ‧見備註/See Remarks 7 (d)(ii) ‧見備註/See Remarks 7 (e)(ii) ‧見備註/See Remarks 7 (f)(ii) ‧見備註/See Remarks 7 (e)(iii),
2017-04-01,2017-04-13,,第2座 (2B) Tower 2 (2B),20,E,,6849100,,‧價單第5號 (A1)付款辦法 Payment Plan (A1) of Price List No.5 見備註/See Remarks 7 (c)(i) ‧見備註/See Remarks 7 (c)(v) ‧見備註/See Remarks 7 (c)(vi) ‧見備註/See Remarks 7 (c)(vii) ‧見備註/See Remarks 7 (d)(ii) ‧見備註/See Remarks 7 (e)(ii) ‧見備註/See Remarks 7 (f)(ii) ‧見備註/See Remarks 7 (e)(iii),
2017-04-01,2017-04-13,,第2座 (2B) Tower 2 (2B),18,E,,6814000,,‧價單第5號 (A1)付款辦法 Payment Plan (A1) of Price List No.5 見備註/See Remarks 7 (c)(i) ‧見備註/See Remarks 7 (c)(v) ‧見備註/See Remarks 7 (c)(vi) ‧見備註/See Remarks 7 (c)(vii) ‧見備註/See Remarks 7 (d)(ii) ‧見備註/See Remarks 7 (e)(ii) ‧見備註/See Remarks 7 (f)(ii) ‧見備註/See Remarks 7 (e)(iii),
2017-04-01,2017-04-13,,第2座 (2B) Tower 2 (2B),17,E,,6780500,,‧價單第5號 (A1)付款辦法 Payment Plan (A1) of Price List No.5 見備註/See Remarks 7 (c)(i) ‧見備註/See Remarks 7 (c)(v) ‧見備註/See Remarks 7 (c)(vi) ‧見備註/See Remarks 7 (c)(vii) ‧見備註/See Remarks 7 (d)(ii) ‧見備註/See Remarks 7 (e)(ii) ‧見備註/See Remarks 7 (f)(ii) ‧見備註/See Remarks 7 (e)(iii),
2017-04-01,2017-04-13,,第2座 (2B) Tower 2 (2B),16,E,,6773500,,‧價單第6號 (A1)付款辦法 Payment Plan (A1) of Price List No.6 見備註/See Remarks 7 (c)(i) ‧見備註/See Remarks 7 (c)(v) ‧見備註/See Remarks 7 (c)(vi) ‧見備註/See Remarks 7 (c)(vii) ‧見備註/See Remarks 7 (d)(ii) ‧見備註/See Remarks 7 (e)(ii) ‧見備註/See Remarks 7 (f)(ii) ‧見備註/See Remarks 7 (e)(iii),
2017-04-01,2017-04-13,,第2座 (2B) Tower 2 (2B),15,E,,6767200,,‧價單第6號 (A1)付款辦法 Payment Plan (A1) of Price List No.6 見備註/See Remarks 7 (c)(i) ‧見備註/See Remarks 7 (c)(v) ‧見備註/See Remarks 7 (c)(vi) ‧見備註/See Remarks 7 (c)(vii) ‧見備註/See Remarks 7 (d)(ii) ‧見備註/See Remarks 7 (e)(ii) ‧見備註/See Remarks 7 (f)(ii) ‧見備註/See Remarks 7 (e)(iii),
2017-04-01,2017-04-13,,第2座 (2B) Tower 2 (2B),12,E,,6760200,,‧價單第6號 (A1)付款辦法 Payment Plan (A1) of Price List No.6 見備註/See Remarks 7 (c)(i) ‧見備註/See Remarks 7 (c)(v) ‧見備註/See Remarks 7 (c)(vi) ‧見備註/See Remarks 7 (c)(vii) ‧見備註/See Remarks 7 (d)(ii) ‧見備註/See Remarks 7 (e)(ii) ‧見備註/See Remarks 7 (f)(ii) ‧見備註/See Remarks 7 (e)(iii),
2017-04-01,2017-04-13,,第2座 (2B) Tower 2 (2B),10,E,,6746200,,‧價單第6號 (A1)付款辦法 Payment Plan (A1) of Price List No.6 見備註/See Remarks 7 (c)(i) ‧見備註/See Remarks 7 (c)(v) ‧見備註/See Remarks 7 (c)(vi) ‧見備註/See Remarks 7 (c)(vii) ‧見備註/See Remarks 7 (d)(ii) ‧見備註/See Remarks 7 (e)(ii) ‧見備註/See Remarks 7 (f)(ii) ‧見備註/See Remarks 7 (e)(iii),
2017-04-01,2017-04-13,,第2座 (2B) Tower 2 (2B),9,E,,6739900,,‧價單第6號 (A1)付款辦法 Payment Plan (A1) of Price List No.6 見備註/See Remarks 7 (c)(i) ‧見備註/See Remarks 7 (c)(v) ‧見備註/See Remarks 7 (c)(vi) ‧見備註/See Remarks 7 (c)(vii) ‧見備註/See Remarks 7 (d)(ii) ‧見備註/See Remarks 7 (e)(ii) ‧見備註/See Remarks 7 (f)(ii) ‧見備註/See Remarks 7 (e)(iii),
2017-04-01,2017-04-13,,第2座 (2B) Tower 2 (2B),8,E,,7172000,,‧價單第6號 (B1)付款辦法 Payment Plan (B1) of Price List No.6 見備註/See Remarks 7 (c)(ii) ‧見備註/See Remarks 7 (c)(v) ‧見備註/See Remarks 7 (c)(vi) ‧見備註/See Remarks 7 (c)(vii) ‧見備註/See Remarks 7 (e)(i) ‧見備註/See Remarks 7 (d)(ii) ‧見備註/See Remarks 7 (e)(ii) ‧見備註/See Remarks 7 (f)(ii) ‧見備註/See Remarks 7 (e)(iii),
2017-04-01,2017-04-13,,第2座 (2B) Tower 2 (2B),7,E,,6732900,,‧價單第6號 (A1)付款辦法 Payment Plan (A1) of Price List No.6 見備註/See Remarks 7 (c)(i) ‧見備註/See Remarks 7 (c)(v) ‧見備註/See Remarks 7 (c)(vi) ‧見備註/See Remarks 7 (c)(vii) ‧見備註/See Remarks 7 (d)(ii) ‧見備註/See Remarks 7 (e)(ii) ‧見備註/See Remarks 7 (f)(ii) ‧見備註/See Remarks 7 (e)(iii),
2017-04-01,2017-04-13,,第2座 (2B) Tower 2 (2B),6,E,,6726700,,‧價單第6號 (A1)付款辦法 Payment Plan (A1) of Price List No.6 見備註/See Remarks 7 (c)(i) ‧見備註/See Remarks 7 (c)(v) ‧見備註/See Remarks 7 (c)(vi) ‧見備註/See Remarks 7 (c)(vii) ‧見備註/See Remarks 7 (d)(ii) ‧見備註/See Remarks 7 (e)(ii) ‧見備註/See Remarks 7 (f)(ii) ‧見備註/See Remarks 7 (e)(iii),
2017-04-01,2017-04-13,,第2座 (2B) Tower 2 (2B),40,H,,6239900,,‧價單第6號 (B1)付款辦法 Payment Plan (B1) of Price List No.6 見備註/See Remarks 7 (c)(ii) ‧見備註/See Remarks 7 (c)(v) ‧見備註/See Remarks 7 (c)(vi) ‧見備註/See Remarks 7 (c)(vii) ‧見備註/See Remarks 7 (e)(i) ‧見備註/See Remarks 7 (d)(ii) ‧見備註/See Remarks 7 (e)(ii) ‧見備註/See Remarks 7 (f)(ii) ‧見備註/See Remarks 7 (e)(iii),
2017-04-01,2017-04-13,,第2座 (2B) 39 H Tower 2 (2B),,,,11611800,,‧價單第6號 (A1)付款辦法 Payment Plan (A1) of Price List No.6 見備註/See Remarks 7 (c)(i) ‧見備註/See Remarks 7 (c)(v) ‧見備註/See Remarks 7 (c)(vi) ‧見備註/See Remarks 7 (c)(vii) ‧見備註/See Remarks 7 (d)(ii) ‧見備註/See Remarks 7 (e)(ii) ‧見備註/See Remarks 7 (f)(ii) ‧見備註/See Remarks 7 (e)(iii),
2017-04-01,2017-04-13,,第2座 (2B) Tower 2 (2B),38,H,,5834400,,‧價單第5號 (A1)付款辦法 Payment Plan (A1) of Price List No.5 見備註/See Remarks 7 (c)(i) ‧見備註/See Remarks 7 (c)(v) ‧見備註/See Remarks 7 (c)(vi) ‧見備註/See Remarks 7 (c)(vii) ‧見備註/See Remarks 7 (d)(ii) ‧見備註/See Remarks 7 (e)(ii) ‧見備註/See Remarks 7 (f)(ii) ‧見備註/See Remarks 7 (e)(iii),
2017-04-01,2017-04-13,,第2座 (2B) Tower 2 (2B),35,H,,5719700,,‧價單第5號 (A1)付款辦法 Payment Plan (A1) of Price List No.5 見備註/See Remarks 7 (c)(i) ‧見備註/See Remarks 7 (c)(v) ‧見備註/See Remarks 7 (c)(vi) ‧見備註/See Remarks 7 (c)(vii) ‧見備註/See Remarks 7 (d)(ii) ‧見備註/See Remarks 7 (e)(ii) ‧見備註/See Remarks 7 (f)(ii) ‧見備註/See Remarks 7 (e)(iii),
2017-04-01,2017-04-13,,第2座 (2B) Tower 2 (2B),33,H,,5691600,,‧價單第5號 (A1)付款辦法 Payment Plan (A1) of Price List No.5 見備註/See Remarks 7 (c)(i) ‧見備註/See Remarks 7 (c)(v) ‧見備註/See Remarks 7 (c)(vi) ‧見備註/See Remarks 7 (c)(vii) ‧見備註/See Remarks 7 (d)(ii) ‧見備註/See Remarks 7 (e)(ii) ‧見備註/See Remarks 7 (f)(ii) ‧見備註/See Remarks 7 (e)(iii),
2017-04-01,2017-04-13,,第2座 (2B) Tower 2 (2B),32,H,,5662800,,‧價單第5號 (A1)付款辦法 Payment Plan (A1) of Price List No.5 見備註/See Remarks 7 (c)(i) ‧見備註/See Remarks 7 (c)(v) ‧見備註/See Remarks 7 (c)(vi) ‧見備註/See Remarks 7 (c)(vii) ‧見備註/See Remarks 7 (d)(ii) ‧見備註/See Remarks 7 (e)(ii) ‧見備註/See Remarks 7 (f)(ii) ‧見備註/See Remarks 7 (e)(iii),
2017-04-01,2017-04-13,,第2座 (2B) Tower 2 (2B),31,H,,5634700,,‧價單第5號 (A1)付款辦法 Payment Plan (A1) of Price List No.5 見備註/See Remarks 7 (c)(i) ‧見備註/See Remarks 7 (c)(v) ‧見備註/See Remarks 7 (c)(vi) ‧見備註/See Remarks 7 (c)(vii) ‧見備註/See Remarks 7 (d)(ii) ‧見備註/See Remarks 7 (e)(ii) ‧見備註/See Remarks 7 (f)(ii) ‧見備註/See Remarks 7 (e)(iii),
2017-04-01,2017-04-13,,第2座 (2B) Tower 2 (2B),30,H,,5606600,,‧價單第5號 (A1)付款辦法 Payment Plan (A1) of Price List No.5 見備註/See Remarks 7 (c)(i) ‧見備註/See Remarks 7 (c)(v) ‧見備註/See Remarks 7 (c)(vi) ‧見備註/See Remarks 7 (c)(vii) ‧見備註/See Remarks 7 (d)(ii) ‧見備註/See Remarks 7 (e)(ii) ‧見備註/See Remarks 7 (f)(ii) ‧見備註/See Remarks 7 (e)(iii),
2017-04-01,2017-04-13,,第2座 (2B) Tower 2 (2B),29,H,,5579300,,‧價單第5號 (A1)付款辦法 Payment Plan (A1) of Price List No.5 見備註/See Remarks 7 (c)(i) ‧見備註/See Remarks 7 (c)(v) ‧見備註/See Remarks 7 (c)(vi) ‧見備註/See Remarks 7 (c)(vii) ‧見備註/See Remarks 7 (d)(ii) ‧見備註/See Remarks 7 (e)(ii) ‧見備註/See Remarks 7 (f)(ii) ‧見備註/See Remarks 7 (e)(iii),
2017-04-01,2017-04-13,,第2座 (2B) Tower 2 (2B),28,H,,5579300,,‧價單第5號 (A1)付款辦法 Payment Plan (A1) of Price List No.5 見備註/See Remarks 7 (c)(i) ‧見備註/See Remarks 7 (c)(v) ‧見備註/See Remarks 7 (c)(vi) ‧見備註/See Remarks 7 (c)(vii) ‧見備註/See Remarks 7 (d)(ii) ‧見備註/See Remarks 7 (e)(ii) ‧見備註/See Remarks 7 (f)(ii) ‧見備註/See Remarks 7 (e)(iii),
2017-04-01,2017-04-13,,第2座 (2B) Tower 2 (2B),26,H,,5522400,,‧價單第5號 (A1)付款辦法 Payment Plan (A1) of Price List No.5 見備註/See Remarks 7 (c)(i) ‧見備註/See Remarks 7 (c)(v) ‧見備註/See Remarks 7 (c)(vi) ‧見備註/See Remarks 7 (c)(vii) ‧見備註/See Remarks 7 (d)(ii) ‧見備註/See Remarks 7 (e)(ii) ‧見備註/See Remarks 7 (f)(ii) ‧見備註/See Remarks 7 (e)(iii),
2017-04-01,2017-04-13,,第2座 (2B) 25 H Tower 2 (2B) 第2座 (2B) 22 H Tower 2 (2B),,,,10936300,,‧價單第5號 (A1)付款辦法 Payment Plan (A1) of Price List No.5 見備註/See Remarks 7 (c)(i) ‧見備註/See Remarks 7 (c)(v) ‧見備註/See Remarks 7 (c)(vi) ‧見備註/See Remarks 7 (c)(vii) ‧見備註/See Remarks 7 (d)(ii) ‧見備註/See Remarks 7 (e)(ii) ‧見備註/See Remarks 7 (f)(ii) ‧見備註/See Remarks 7 (e)(iii) ‧價單第5號 (A1)付款辦法 Payment Plan (A1) of Price List No.5 見備註/See Remarks 7 (c)(i) ‧見備註/See Remarks 7 (c)(v) ‧見備註/See Remarks 7 (c)(vi) ‧見備註/See Remarks 7 (c)(vii) ‧見備註/See Remarks 7 (d)(ii) ‧見備註/See Remarks 7 (e)(ii) ‧見備註/See Remarks 7 (f)(ii) ‧見備註/See Remarks 7 (e)(iii),
2017-04-01,2017-04-13,,第2座 (2B) Tower 2 (2B),23,H,,5468500,,‧價單第5號 (A1)付款辦法 Payment Plan (A1) of Price List No.5 見備註/See Remarks 7 (c)(i) ‧見備註/See Remarks 7 (c)(v) ‧見備註/See Remarks 7 (c)(vi) ‧見備註/See Remarks 7 (c)(vii) ‧見備註/See Remarks 7 (d)(ii) ‧見備註/See Remarks 7 (e)(ii) ‧見備註/See Remarks 7 (f)(ii) ‧見備註/See Remarks 7 (e)(iii),
2017-04-01,2017-04-13,,第2座 (2B) Tower 2 (2B),21,H,,6107200,,‧價單第5號 (A1)付款辦法 Payment Plan (A1) of Price List No.5 見備註/See Remarks 7 (c)(i) ‧見備註/See Remarks 7 (d)(i) ‧見備註/See Remarks 7 (c)(vi) ‧見備註/See Remarks 7 (c)(vii) ‧見備註/See Remarks 7 (d)(ii) ‧見備註/See Remarks 7 (e)(ii) ‧見備註/See Remarks 7 (f)(ii) ‧見備註/See Remarks 7 (e)(iii),
2017-04-01,2017-04-13,,第2座 (2B) Tower 2 (2B),20,H,,5386600,,‧價單第5號 (A1)付款辦法 Payment Plan (A1) of Price List No.5 見備註/See Remarks 7 (c)(i) ‧見備註/See Remarks 7 (c)(v) ‧見備註/See Remarks 7 (c)(vi) ‧見備註/See Remarks 7 (c)(vii) ‧見備註/See Remarks 7 (d)(ii) ‧見備註/See Remarks 7 (e)(ii) ‧見備註/See Remarks 7 (f)(ii) ‧見備註/See Remarks 7 (e)(iii),
2017-04-01,2017-04-13,,第2座 (2B) Tower 2 (2B),19,H,,5359300,,‧價單第6號 (A1)付款辦法 Payment Plan (A1) of Price List No.6 見備註/See Remarks 7 (c)(i) ‧見備註/See Remarks 7 (c)(v) ‧見備註/See Remarks 7 (c)(vi) ‧見備註/See Remarks 7 (c)(vii) ‧見備註/See Remarks 7 (d)(ii) ‧見備註/See Remarks 7 (e)(ii) ‧見備註/See Remarks 7 (f)(ii) ‧見備註/See Remarks 7 (e)(iii),
2017-04-01,2017-04-13,,第2座 (2B) Tower 2 (2B),18,H,,5359300,,‧價單第6號 (A1)付款辦法 Payment Plan (A1) of Price List No.6 見備註/See Remarks 7 (c)(i) ‧見備註/See Remarks 7 (c)(v) ‧見備註/See Remarks 7 (c)(vi) ‧見備註/See Remarks 7 (c)(vii) ‧見備註/See Remarks 7 (d)(ii) ‧見備註/See Remarks 7 (e)(ii) ‧見備註/See Remarks 7 (f)(ii) ‧見備註/See Remarks 7 (e)(iii),
2017-04-01,2017-04-13,,第2座 (2B) Tower 2 (2B),17,H,,5332800,,‧價單第6號 (A1)付款辦法 Payment Plan (A1) of Price List No.6 見備註/See Remarks 7 (c)(i) ‧見備註/See Remarks 7 (c)(v) ‧見備註/See Remarks 7 (c)(vi) ‧見備註/See Remarks 7 (c)(vii) ‧見備註/See Remarks 7 (d)(ii) ‧見備註/See Remarks 7 (e)(ii) ‧見備註/See Remarks 7 (f)(ii) ‧見備註/See Remarks 7 (e)(iii),
2017-04-01,2017-04-13,,第2座 (2B) Tower 2 (2B),16,H,,5327400,,‧價單第6號 (A1)付款辦法 Payment Plan (A1) of Price List No.6 見備註/See Remarks 7 (c)(i) ‧見備註/See Remarks 7 (c)(v) ‧見備註/See Remarks 7 (c)(vi) ‧見備註/See Remarks 7 (c)(vii) ‧見備註/See Remarks 7 (d)(ii) ‧見備註/See Remarks 7 (e)(ii) ‧見備註/See Remarks 7 (f)(ii) ‧見備註/See Remarks 7 (e)(iii),
2017-04-01,2017-04-13,,第2座 (2B) Tower 2 (2B),15,H,,5321100,,‧價單第6號 (A1)付款辦法 Payment Plan (A1) of Price List No.6 見備註/See Remarks 7 (c)(i) ‧見備註/See Remarks 7 (c)(v) ‧見備註/See Remarks 7 (c)(vi) ‧見備註/See Remarks 7 (c)(vii) ‧見備註/See Remarks 7 (d)(ii) ‧見備註/See Remarks 7 (e)(ii) ‧見備註/See Remarks 7 (f)(ii) ‧見備註/See Remarks 7 (e)(iii),
2017-04-01,2017-04-13,,第2座 (2B) Tower 2 (2B),12,H,,5316400,,‧價單第6號 (A1)付款辦法 Payment Plan (A1) of Price List No.6 見備註/See Remarks 7 (c)(i) ‧見備註/See Remarks 7 (c)(v) ‧見備註/See Remarks 7 (c)(vi) ‧見備註/See Remarks 7 (c)(vii) ‧見備註/See Remarks 7 (d)(ii) ‧見備註/See Remarks 7 (e)(ii) ‧見備註/See Remarks 7 (f)(ii) ‧見備註/See Remarks 7 (e)(iii),
2017-04-01,2017-04-13,,第2座 (2B) Tower 2 (2B),11,H,,5311000,,‧價單第6號 (A1)付款辦法 Payment Plan (A1) of Price List No.6 見備註/See Remarks 7 (c)(i) ‧見備註/See Remarks 7 (c)(v) ‧見備註/See Remarks 7 (c)(vi) ‧見備註/See Remarks 7 (c)(vii) ‧見備註/See Remarks 7 (d)(ii) ‧見備註/See Remarks 7 (e)(ii) ‧見備註/See Remarks 7 (f)(ii) ‧見備註/See Remarks 7 (e)(iii),
2017-04-01,2017-04-13,,第2座 (2B) Tower 2 (2B),10,H,,5306300,,‧價單第6號 (A1)付款辦法 Payment Plan (A1) of Price List No.6 見備註/See Remarks 7 (c)(i) ‧見備註/See Remarks 7 (c)(v) ‧見備註/See Remarks 7 (c)(vi) ‧見備註/See Remarks 7 (c)(vii) ‧見備註/See Remarks 7 (d)(ii) ‧見備註/See Remarks 7 (e)(ii) ‧見備註/See Remarks 7 (f)(ii) ‧見備註/See Remarks 7 (e)(iii),
2017-04-01,2017-04-13,,第2座 (2B) Tower 2 (2B),9,H,,5300800,,‧價單第6號 (A1)付款辦法 Payment Plan (A1) of Price List No.6 見備註/See Remarks 7 (c)(i) ‧見備註/See Remarks 7 (c)(v) ‧見備註/See Remarks 7 (c)(vi) ‧見備註/See Remarks 7 (c)(vii) ‧見備註/See Remarks 7 (d)(ii) ‧見備註/See Remarks 7 (e)(ii) ‧見備註/See Remarks 7 (f)(ii) ‧見備註/See Remarks 7 (e)(iii),
2017-04-01,2017-04-13,,第2座 (2B) Tower 2 (2B),8,H,,5300800,,‧價單第6號 (A1)付款辦法 Payment Plan (A1) of Price List No.6 見備註/See Remarks 7 (c)(i) ‧見備註/See Remarks 7 (c)(v) ‧見備註/See Remarks 7 (c)(vi) ‧見備註/See Remarks 7 (c)(vii) ‧見備註/See Remarks 7 (d)(ii) ‧見備註/See Remarks 7 (e)(ii) ‧見備註/See Remarks 7 (f)(ii) ‧見備註/See Remarks 7 (e)(iii),
2017-04-01,2017-04-13,,第2座 (2B) Tower 2 (2B),7,H,,5296200,,‧價單第6號 (A1)付款辦法 Payment Plan (A1) of Price List No.6 見備註/See Remarks 7 (c)(i) ‧見備註/See Remarks 7 (c)(v) ‧見備註/See Remarks 7 (c)(vi) ‧見備註/See Remarks 7 (c)(vii) ‧見備註/See Remarks 7 (d)(ii) ‧見備註/See Remarks 7 (e)(ii) ‧見備註/See Remarks 7 (f)(ii) ‧見備註/See Remarks 7 (e)(iii),
2017-04-01,2017-04-13,,第2座 (2B) Tower 2 (2B),6,H,,5289900,,‧價單第6號 (A1)付款辦法 Payment Plan (A1) of Price List No.6 見備註/See Remarks 7 (c)(i) ‧見備註/See Remarks 7 (c)(v) ‧見備註/See Remarks 7 (c)(vi) ‧見備註/See Remarks 7 (c)(vii) ‧見備註/See Remarks 7 (d)(ii) ‧見備註/See Remarks 7 (e)(ii) ‧見備註/See Remarks 7 (f)(ii) ‧見備註/See Remarks 7 (e)(iii),
2017-04-01,2017-04-13,,天鑽匯 16 A Diamond Sky Mansion 第1座 (1A) 50 A Tower 1 (1A),,,,154848700,,‧價單第6號 (B1)付款辦法 Payment Plan (B1) of Price List No.6 見備註/See Remarks 7 (c)(ii) ‧見備註/See Remarks 7 (c)(v) ‧見備註/See Remarks 7 (c)(vi) ‧見備註/See Remarks 7 (c)(vii) ‧見備註/See Remarks 7 (e)(i) ‧見備註/See Remarks 7 (d)(ii) ‧見備註/See Remarks 7 (e)(ii) ‧見備註/See Remarks 7 (f)(i) ‧見備註/See Remarks 7 (e)(iii) ‧價單第5號 (B1)付款辦法 Payment Plan (B1) of Price List No.5 見備註/See Remarks 7 (c)(ii) ‧見備註/See Remarks 7 (c)(v) ‧見備註/See Remarks 7 (c)(vi) ‧見備註/See Remarks 7 (c)(vii) ‧見備註/See Remarks 7 (e)(i) ‧見備註/See Remarks 7 (d)(ii) ‧見備註/See Remarks 7 (e)(ii) ‧見備註/See Remarks 7 (f)(i) ‧見備註/See Remarks 7 (e)(iii),
2017-04-01,2017-04-13,,天鑽匯 Diamond Sky Mansion,15,A,,55778500,,‧價單第6號 (A1)付款辦法 Payment Plan (A1) of Price List No.6 見備註/See Remarks 7 (c)(i) ‧見備註/See Remarks 7 (c)(v) ‧見備註/See Remarks 7 (c)(vi) ‧見備註/See Remarks 7 (c)(vii) ‧見備註/See Remarks 7 (d)(ii) ‧見備註/See Remarks 7 (e)(ii) ‧見備註/See Remarks 7 (f)(i) ‧見備註/See Remarks 7 (e)(iii),
2017-04-01,2017-04-13,,天鑽匯 Diamond Sky Mansion,12,A,,54524300,,‧價單第6號 (A1)付款辦法 Payment Plan (A1) of Price List No.6 見備註/See Remarks 7 (c)(i) ‧見備註/See Remarks 7 (c)(v) ‧見備註/See Remarks 7 (c)(vi) ‧見備註/See Remarks 7 (c)(vii) ‧見備註/See Remarks 7 (d)(ii) ‧見備註/See Remarks 7 (e)(ii) ‧見備註/See Remarks 7 (f)(i) ‧見備註/See Remarks 7 (e)(iii),
2017-04-01,2017-04-13,,天鑽匯 11 A Diamond Sky Mansion,,,,96427600,"在12-05-2017，基於法例第35(2)(c)條所容許的原因 ，售價調整為$103,398,300。 On 12-05-2017, the price adjusted to $103,398,300 due to the reason allowed under section 35(2)(c) of the Ordinance.",‧價單第5號 (B1)付款辦法 Payment Plan (B1) of Price List No.5 見備註/See Remarks 7 (c)(ii) ‧見備註/See Remarks 7 (c)(v) ‧見備註/See Remarks 7 (c)(vi) ‧見備註/See Remarks 7 (c)(vii) ‧見備註/See Remarks 7 (e)(i) ‧見備註/See Remarks 7 (d)(ii) ‧見備註/See Remarks 7 (e)(ii) ‧見備註/See Remarks 7 (f)(i) ‧見備註/See Remarks 7 (e)(iii) ‧價單第5號 (B1)付款辦法 Payment Plan (B1) of Price List No.5 見備註/See Remarks 7 (c)(ii) ‧見備註/See Remarks 7 (c)(v) ‧見備註/See Remarks 7 (d)(iii) ‧見備註/See Remarks 7 (c)(vii) ‧見備註/See Remarks 7 (e)(i) ‧見備註/See Remarks 7 (e)(ii) ‧見備註/See Remarks 7 (f)(i) ‧見備註/See Remarks 7 (e)(iii),
2017-04-01,2017-04-13,,天鑽匯 Diamond Sky Mansion,10,A,,52665600,,‧價單第5號 (A1)付款辦法 Payment Plan (A1) of Price List No.5 見備註/See Remarks 7 (c)(i) ‧見備註/See Remarks 7 (c)(v) ‧見備註/See Remarks 7 (c)(vi) ‧見備註/See Remarks 7 (c)(vii) ‧見備註/See Remarks 7 (d)(ii) ‧見備註/See Remarks 7 (e)(ii) ‧見備註/See Remarks 7 (f)(i) ‧見備註/See Remarks 7 (e)(iii),
2017-04-01,2017-04-13,,天鑽匯 Diamond Sky Mansion,7,B,,44865700,,‧價單第6號 (B1)付款辦法 Payment Plan (B1) of Price List No.6 見備註/See Remarks 7 (c)(ii) ‧見備註/See Remarks 7 (c)(v) ‧見備註/See Remarks 7 (d)(iii) ‧見備註/See Remarks 7 (c)(vii) ‧見備註/See Remarks 7 (e)(i) ‧見備註/See Remarks 7 (e)(ii) ‧見備註/See Remarks 7 (f)(i) ‧見備註/See Remarks 7 (e)(iii),
2017-04-01,2017-04-13,,天鑽匯 Diamond Sky Mansion,6,B,,39540300,,‧價單第6號 (B1)付款辦法 Payment Plan (B1) of Price List No.6 見備註/See Remarks 7 (c)(ii) ‧見備註/See Remarks 7 (c)(v) ‧見備註/See Remarks 7 (c)(vi) ‧見備註/See Remarks 7 (c)(vii) ‧見備註/See Remarks 7 (e)(i) ‧見備註/See Remarks 7 (d)(ii) ‧見備註/See Remarks 7 (e)(ii) ‧見備註/See Remarks 7 (f)(i) ‧見備註/See Remarks 7 (e)(iii),
2017-04-01,2017-04-13,,月鑽匯 Luna Sky Mansion,15,A,,45839000,,‧價單第6號 (A1)付款辦法 Payment Plan (A1) of Price List No.6 見備註/See Remarks 7 (c)(i) ‧見備註/See Remarks 7 (c)(v) ‧見備註/See Remarks 7 (c)(vi) ‧見備註/See Remarks 7 (c)(vii) ‧見備註/See Remarks 7 (d)(ii) ‧見備註/See Remarks 7 (e)(ii) ‧見備註/See Remarks 7 (f)(i) ‧見備註/See Remarks 7 (e)(iii),
2017-04-01,,,月鑽匯 15 B Luna Sky Mansion 第2座 (2B) 16 D Tower 2 (2B),,,,53729500,,‧價單第6號 (A1)付款辦法 Payment Plan (A1) of Price List No.6 見備註/See Remarks 7 (c)(i) ‧見備註/See Remarks 7 (c)(v) ‧見備註/See Remarks 7 (c)(vi) ‧見備註/See Remarks 7 (c)(vii) ‧見備註/See Remarks 7 (d)(ii) ‧見備註/See Remarks 7 (e)(ii) ‧見備註/See Remarks 7 (f)(i) ‧見備註/See Remarks 7 (e)(iii) ‧價單第6號 (A1)付款辦法 Payment Plan (A1) of Price List No.6 見備註/See Remarks 7 (c)(i) ‧見備註/See Remarks 7 (c)(v) ‧見備註/See Remarks 7 (c)(vi) ‧見備註/See Remarks 7 (c)(vii) ‧見備註/See Remarks 7 (d)(ii) ‧見備註/See Remarks 7 (e)(ii) ‧見備註/See Remarks 7 (f)(ii) ‧見備註/See Remarks 7 (e)(iii),
2017-04-01,2017-04-13,,月鑽匯 10 B Luna Sky Mansion 月鑽匯 10 A Luna Sky Mansion,,,,88153100,,‧價單第6號 (A1)付款辦法 Payment Plan (A1) of Price List No.6 見備註/See Remarks 7 (c)(i) ‧見備註/See Remarks 7 (c)(v) ‧見備註/See Remarks 7 (c)(vi) ‧見備註/See Remarks 7 (c)(vii) ‧見備註/See Remarks 7 (d)(ii) ‧見備註/See Remarks 7 (e)(ii) ‧見備註/See Remarks 7 (f)(i) ‧見備註/See Remarks 7 (e)(iii) ‧價單第6號 (A1)付款辦法 Payment Plan (A1) of Price List No.6 見備註/See Remarks 7 (c)(i) ‧見備註/See Remarks 7 (c)(v) ‧見備註/See Remarks 7 (c)(vi) ‧見備註/See Remarks 7 (c)(vii) ‧見備註/See Remarks 7 (d)(ii) ‧見備註/See Remarks 7 (e)(ii) ‧見備註/See Remarks 7 (f)(i) ‧見備註/See Remarks 7 (e)(iii),
2017-04-01,2017-04-13,,月鑽匯 7 B Luna Sky Mansion 第2座 (2A) 10 C Tower 2 (2A),,,,52748200,,‧價單第6號 (A1)付款辦法 Payment Plan (A1) of Price List No.6 見備註/See Remarks 7 (c)(i) ‧見備註/See Remarks 7 (c)(v) ‧見備註/See Remarks 7 (c)(vi) ‧見備註/See Remarks 7 (c)(vii) ‧見備註/See Remarks 7 (d)(ii) ‧見備註/See Remarks 7 (e)(ii) ‧見備註/See Remarks 7 (f)(i) ‧見備註/See Remarks 7 (e)(iii) ‧價單第6號 (A1)付款辦法 Payment Plan (A1) of Price List No.6 見備註/See Remarks 7 (c)(i) ‧見備註/See Remarks 7 (c)(v) ‧見備註/See Remarks 7 (c)(vi) ‧見備註/See Remarks 7 (c)(vii) ‧見備註/See Remarks 7 (d)(ii) ‧見備註/See Remarks 7 (e)(ii) ‧見備註/See Remarks 7 (f)(ii) ‧見備註/See Remarks 7 (e)(iii),
2017-04-03,2017-04-18,,天鑽匯 Diamond Sky Mansion,9,A,,51875400,,‧價單第5號 (A1)付款辦法 Payment Plan (A1) of Price List No.5 見備註/See Remarks 7 (c)(i) ‧見備註/See Remarks 7 (c)(v) ‧見備註/See Remarks 7 (c)(vi) ‧見備註/See Remarks 7 (c)(vii) ‧見備註/See Remarks 7 (d)(iv) ‧見備註/See Remarks 7 (e)(ii) ‧見備註/See Remarks 7 (f)(i) ‧見備註/See Remarks 7 (e)(iii),
2017-04-04,2017-04-18,,天鑽匯 Diamond Sky Mansion,8,A,,50577500,"在22-09-2017，基於法例第35(2)(b)條所容許的原因 ，售價調整為$53,819,600。 On 22-09-2017, the price adjusted to $53,819,600 due to the reason allowed under section 35(2)(b) of the Ordinance.",‧價單第6號 (A1)付款辦法 Payment Plan (A1) of Price List No.6 見備註/See Remarks 7 (c)(i) ‧見備註/See Remarks 7 (c)(v) ‧見備註/See Remarks 7 (c)(vi) ‧見備註/See Remarks 7 (c)(vii) ‧見備註/See Remarks 7 (d)(ii) ‧見備註/See Remarks 7 (e)(ii) ‧見備註/See Remarks 7 (f)(i) ‧見備註/See Remarks 7 (e)(iii) ‧價單第6號 (B1)付款辦法 Payment Plan (B1) of Price List No.6 見備註/See Remarks 7 (c)(ii) ‧見備註/See Remarks 7 (c)(v) ‧見備註/See Remarks 7 (c)(vi) ‧見備註/See Remarks 7 (c)(vii) ‧見備註/See Remarks 7 (e)(i) ‧見備註/See Remarks 7 (d)(ii) ‧見備註/See Remarks 7 (e)(ii) ‧見備註/See Remarks 7 (f)(i) ‧見備註/See Remarks 7 (e)(iii) ‧(在22-09-2017修訂) (revised on 22-09-2017),
2017-04-04,2017-04-18,,天鑽匯 Diamond Sky Mansion,7,A,,48555000,,‧價單第6號 (A1)付款辦法 Payment Plan (A1) of Price List No.6 見備註/See Remarks 7 (c)(i) ‧見備註/See Remarks 7 (c)(v) ‧見備註/See Remarks 7 (c)(vi) ‧見備註/See Remarks 7 (c)(vii) ‧見備註/See Remarks 7 (d)(ii) ‧見備註/See Remarks 7 (e)(ii) ‧見備註/See Remarks 7 (f)(i) ‧見備註/See Remarks 7 (e)(iii),
2017-04-07,2017-04-21,,第1座 (1A) Tower 1 (1A),39,A,,47703400,,‧價單第7號 (B1)付款辦法 Payment Plan (B1) of Price List No.7 見備註/See Remarks 7 (c)(ii) ‧見備註/See Remarks 7 (c)(v) ‧見備註/See Remarks 7 (c)(vi) ‧見備註/See Remarks 7 (c)(vii) ‧見備註/See Remarks 7 (e)(i) ‧見備註/See Remarks 7 (d)(ii) ‧見備註/See Remarks 7 (e)(ii) ‧見備註/See Remarks 7 (f)(i) ‧見備註/See Remarks 7 (e)(iii),
2017-04-07,2017-04-21,,第1座 (1A) 49 B Tower 1 (1A) 第2座 (2A) 32 B Tower 2 (2A) 第2座 (2B) 50 K Tower 2 (2B),,,,86657900,,‧價單第7號 (A1)付款辦法 Payment Plan (A1) of Price List No.7 見備註/See Remarks 7 (c)(i) ‧見備註/See Remarks 7 (c)(v) ‧見備註/See Remarks 7 (c)(vi) ‧見備註/See Remarks 7 (c)(vii) ‧見備註/See Remarks 7 (d)(ii) ‧見備註/See Remarks 7 (e)(ii) ‧見備註/See Remarks 7 (f)(i) ‧見備註/See Remarks 7 (e)(iii) ‧價單第7號 (A1)付款辦法 Payment Plan (A1) of Price List No.7 見備註/See Remarks 7 (c)(i) ‧見備註/See Remarks 7 (c)(v) ‧見備註/See Remarks 7 (c)(vi) ‧見備註/See Remarks 7 (c)(vii) ‧見備註/See Remarks 7 (d)(ii) ‧見備註/See Remarks 7 (e)(ii) ‧見備註/See Remarks 7 (f)(i) ‧見備註/See Remarks 7 (e)(iii) ‧價單第7號 (A1)付款辦法 Payment Plan (A1) of Price List No.7 見備註/See Remarks 7 (c)(i) ‧見備註/See Remarks 7 (c)(v) ‧見備註/See Remarks 7 (c)(vi) ‧見備註/See Remarks 7 (c)(vii) ‧見備註/See Remarks 7 (d)(ii) ‧見備註/See Remarks 7 (e)(ii) ‧見備註/See Remarks 7 (f)(ii) ‧見備註/See Remarks 7 (e)(iii),
2017-04-07,2017-04-21,,第1座 (1A) Tower 1 (1A),48,B,,39784600,,‧價單第7號 (A1)付款辦法 Payment Plan (A1) of Price List No.7 見備註/See Remarks 7 (c)(i) ‧見備註/See Remarks 7 (c)(v) ‧見備註/See Remarks 7 (c)(vi) ‧見備註/See Remarks 7 (c)(vii) ‧見備註/See Remarks 7 (d)(ii) ‧見備註/See Remarks 7 (e)(ii) ‧見備註/See Remarks 7 (f)(i) ‧見備註/See Remarks 7 (e)(iii),
2017-04-07,2017-04-21,,第1座 (1A) 45 B Tower 1 (1A),,,,51702200,,‧價單第7號 (A1)付款辦法 Payment Plan (A1) of Price List No.7 見備註/See Remarks 7 (c)(i) ‧見備註/See Remarks 7 (c)(v) ‧見備註/See Remarks 7 (c)(vi) ‧見備註/See Remarks 7 (c)(vii) ‧見備註/See Remarks 7 (d)(ii) ‧見備註/See Remarks 7 (e)(ii) ‧見備註/See Remarks 7 (f)(i) ‧見備註/See Remarks 7 (e)(iii),
2017-04-07,2017-04-21,,第1座 (1A) Tower 1 (1A),26,B,,29645400,,‧價單第1C號 (A1)付款辦法 Payment Plan (A1) of Price List No.1C 見備註/See Remarks 7 (c)(i) ‧見備註/See Remarks 7 (c)(v) ‧見備註/See Remarks 7 (c)(vi) ‧見備註/See Remarks 7 (c)(vii) ‧見備註/See Remarks 7 (d)(ii) ‧見備註/See Remarks 7 (e)(ii) ‧見備註/See Remarks 7 (e)(iii),
2017-04-07,2017-04-21,,第1座 (1A) 25 B Tower 1 (1A) 第1座 (1B) 19 G Tower 1 (1B),,,,38687000,,‧價單第1C號 (B1)付款辦法 Payment Plan (B1) of Price List No.1C 見備註/See Remarks 7 (c)(ii) ‧見備註/See Remarks 7 (c)(v) ‧見備註/See Remarks 7 (c)(vi) ‧見備註/See Remarks 7 (c)(vii) ‧見備註/See Remarks 7 (e)(i) ‧見備註/See Remarks 7 (d)(ii) ‧見備註/See Remarks 7 (e)(ii) ‧見備註/See Remarks 7 (e)(iii) ‧價單第1C號 (B1)付款辦法 Payment Plan (B1) of Price List No.1C 見備註/See Remarks 7 (c)(ii) ‧見備註/See Remarks 7 (c)(v) ‧見備註/See Remarks 7 (c)(vi) ‧見備註/See Remarks 7 (c)(vii) ‧見備註/See Remarks 7 (e)(i) ‧見備註/See Remarks 7 (d)(ii) ‧見備註/See Remarks 7 (e)(ii) ‧見備註/See Remarks 7 (f)(ii) ‧見備註/See Remarks 7 (e)(iii),
2017-04-07,2017-04-21,,第1座 (1A) Tower 1 (1A),49,C,,42800100,,‧價單第7號 (A1)付款辦法 Payment Plan (A1) of Price List No.7 見備註/See Remarks 7 (c)(i) ‧見備註/See Remarks 7 (c)(v) ‧見備註/See Remarks 7 (c)(vi) ‧見備註/See Remarks 7 (c)(vii) ‧見備註/See Remarks 7 (d)(ii) ‧見備註/See Remarks 7 (e)(ii) ‧見備註/See Remarks 7 (f)(i) ‧見備註/See Remarks 7 (e)(iii),
2017-04-07,2017-04-21,,第1座 (1B) Tower 1 (1B),51,A,,15989200,,‧價單第7號 (A1)付款辦法 Payment Plan (A1) of Price List No.7 見備註/See Remarks 7 (c)(i) ‧見備註/See Remarks 7 (c)(v) ‧見備註/See Remarks 7 (c)(vi) ‧見備註/See Remarks 7 (c)(vii) ‧見備註/See Remarks 7 (d)(ii) ‧見備註/See Remarks 7 (e)(ii) ‧見備註/See Remarks 7 (f)(ii) ‧見備註/See Remarks 7 (e)(iii),
2017-04-07,2017-04-21,,第1座 (1B) Tower 1 (1B),50,A,,15674100,,‧價單第7號 (A1)付款辦法 Payment Plan (A1) of Price List No.7 見備註/See Remarks 7 (c)(i) ‧見備註/See Remarks 7 (c)(v) ‧見備註/See Remarks 7 (c)(vi) ‧見備註/See Remarks 7 (c)(vii) ‧見備註/See Remarks 7 (d)(ii) ‧見備註/See Remarks 7 (e)(ii) ‧見備註/See Remarks 7 (f)(ii) ‧見備註/See Remarks 7 (e)(iii),
2017-04-07,2017-04-21,,第1座 (1B) Tower 1 (1B),49,A,,16348500,,‧價單第7號 (B1)付款辦法 Payment Plan (B1) of Price List No.7 見備註/See Remarks 7 (c)(ii) ‧見備註/See Remarks 7 (c)(v) ‧見備註/See Remarks 7 (c)(vi) ‧見備註/See Remarks 7 (c)(vii) ‧見備註/See Remarks 7 (e)(i) ‧見備註/See Remarks 7 (d)(ii) ‧見備註/See Remarks 7 (e)(ii) ‧見備註/See Remarks 7 (f)(ii) ‧見備註/See Remarks 7 (e)(iii),
2017-04-07,2017-04-21,,第1座 (1B) Tower 1 (1B),48,A,,15238800,,‧價單第7號 (A1)付款辦法 Payment Plan (A1) of Price List No.7 見備註/See Remarks 7 (c)(i) ‧見備註/See Remarks 7 (c)(v) ‧見備註/See Remarks 7 (c)(vi) ‧見備註/See Remarks 7 (c)(vii) ‧見備註/See Remarks 7 (d)(ii) ‧見備註/See Remarks 7 (e)(ii) ‧見備註/See Remarks 7 (f)(ii) ‧見備註/See Remarks 7 (e)(iii),
2017-04-07,2017-04-21,,第1座 (1B) Tower 1 (1B),47,A,,14905800,,‧價單第7號 (A1)付款辦法 Payment Plan (A1) of Price List No.7 見備註/See Remarks 7 (c)(i) ‧見備註/See Remarks 7 (c)(v) ‧見備註/See Remarks 7 (c)(vi) ‧見備註/See Remarks 7 (c)(vii) ‧見備註/See Remarks 7 (d)(ii) ‧見備註/See Remarks 7 (e)(ii) ‧見備註/See Remarks 7 (f)(ii) ‧見備註/See Remarks 7 (e)(iii),
2017-04-07,2017-04-21,,第1座 (1B) Tower 1 (1B),38,A,,13517400,,‧價單第7號 (A1)付款辦法 Payment Plan (A1) of Price List No.7 見備註/See Remarks 7 (c)(i) ‧見備註/See Remarks 7 (c)(v) ‧見備註/See Remarks 7 (c)(vi) ‧見備註/See Remarks 7 (c)(vii) ‧見備註/See Remarks 7 (d)(ii) ‧見備註/See Remarks 7 (e)(ii) ‧見備註/See Remarks 7 (f)(ii) ‧見備註/See Remarks 7 (e)(iii),
2017-04-07,2017-04-21,,第1座 (1B) Tower 1 (1B),37,A,,13384000,,‧價單第7號 (A1)付款辦法 Payment Plan (A1) of Price List No.7 見備註/See Remarks 7 (c)(i) ‧見備註/See Remarks 7 (c)(v) ‧見備註/See Remarks 7 (c)(vi) ‧見備註/See Remarks 7 (c)(vii) ‧見備註/See Remarks 7 (d)(ii) ‧見備註/See Remarks 7 (e)(ii) ‧見備註/See Remarks 7 (f)(ii) ‧見備註/See Remarks 7 (e)(iii),
2017-04-07,2017-04-21,,第1座 (1B) 35 A Tower 1 (1B),,,,21604700,"在27-09-2017，基於法例第35(2)(b)條所容許的原因 ，售價調整為$21,347,500。 On 27-09-2017, the price adjusted to $21,347,500 due to the reason allowed under section 35(2)(b) of the Ordinance.",‧價單第7號 (A1)付款辦法 Payment Plan (A1) of Price List No.7 見備註/See Remarks 7 (c)(i) ‧見備註/See Remarks 7 (c)(v) ‧見備註/See Remarks 7 (d)(iii) ‧見備註/See Remarks 7 (c)(vii) ‧見備註/See Remarks 7 (e)(ii) ‧見備註/See Remarks 7 (f)(ii) ‧見備註/See Remarks 7 (e)(iii) ‧價單第7號 (B1)付款辦法 Payment Plan (B1) of Price List No.7 見備註/See Remarks 7 (c)(ii) ‧見備註/See Remarks 7 (c)(v) ‧見備註/See Remarks 7 (c)(vi) ‧見備註/See Remarks 7 (c)(vii) ‧見備註/See Remarks 7 (e)(i) ‧見備註/See Remarks 7 (d)(ii) ‧見備註/See Remarks 7 (e)(ii) ‧見備註/See Remarks 7 (f)(ii) ‧見備註/See Remarks 7 (e)(iii),
2017-04-07,2017-04-21,,第1座 (1B) Tower 1 (1B),33,A,,13184300,,‧價單第7號 (A1)付款辦法 Payment Plan (A1) of Price List No.7 見備註/See Remarks 7 (c)(i) ‧見備註/See Remarks 7 (c)(v) ‧見備註/See Remarks 7 (c)(vi) ‧見備註/See Remarks 7 (c)(vii) ‧見備註/See Remarks 7 (d)(ii) ‧見備註/See Remarks 7 (e)(ii) ‧見備註/See Remarks 7 (f)(ii) ‧見備註/See Remarks 7 (e)(iii),
2017-04-07,2017-04-21,,第1座 (1B) 32 A Tower 1 (1B),,,,20482700,,‧價單第7號 (A1)付款辦法 Payment Plan (A1) of Price List No.7 見備註/See Remarks 7 (c)(i) ‧見備註/See Remarks 7 (c)(v) ‧見備註/See Remarks 7 (c)(vi) ‧見備註/See Remarks 7 (c)(vii) ‧見備註/See Remarks 7 (d)(ii) ‧見備註/See Remarks 7 (e)(ii) ‧見備註/See Remarks 7 (f)(ii) ‧見備註/See Remarks 7 (e)(iii),
2017-04-07,2017-04-21,,第1座 (1B) Tower 1 (1B),9,B,,9211000,,‧價單第7號 (A1)付款辦法 Payment Plan (A1) of Price List No.7 見備註/See Remarks 7 (c)(i) ‧見備註/See Remarks 7 (c)(v) ‧見備註/See Remarks 7 (c)(vi) ‧見備註/See Remarks 7 (c)(vii) ‧見備註/See Remarks 7 (d)(ii) ‧見備註/See Remarks 7 (e)(ii) ‧見備註/See Remarks 7 (f)(ii) ‧見備註/See Remarks 7 (e)(iii),
2017-04-07,2017-04-21,,第1座 (1B) Tower 1 (1B),8,B,,9211000,,‧價單第7號 (A1)付款辦法 Payment Plan (A1) of Price List No.7 見備註/See Remarks 7 (c)(i) ‧見備註/See Remarks 7 (c)(v) ‧見備註/See Remarks 7 (c)(vi) ‧見備註/See Remarks 7 (c)(vii) ‧見備註/See Remarks 7 (d)(ii) ‧見備註/See Remarks 7 (e)(ii) ‧見備註/See Remarks 7 (f)(ii) ‧見備註/See Remarks 7 (e)(iii),
2017-04-07,2017-04-21,,第1座 (1B) Tower 1 (1B),7,B,,9201600,,‧價單第7號 (A1)付款辦法 Payment Plan (A1) of Price List No.7 見備註/See Remarks 7 (c)(i) ‧見備註/See Remarks 7 (c)(v) ‧見備註/See Remarks 7 (c)(vi) ‧見備註/See Remarks 7 (c)(vii) ‧見備註/See Remarks 7 (d)(ii) ‧見備註/See Remarks 7 (e)(ii) ‧見備註/See Remarks 7 (f)(ii) ‧見備註/See Remarks 7 (e)(iii),
2017-04-07,2017-04-21,,第1座 (1B) Tower 1 (1B),6,B,,9192300,,‧價單第7號 (A1)付款辦法 Payment Plan (A1) of Price List No.7 見備註/See Remarks 7 (c)(i) ‧見備註/See Remarks 7 (c)(v) ‧見備註/See Remarks 7 (c)(vi) ‧見備註/See Remarks 7 (c)(vii) ‧見備註/See Remarks 7 (d)(ii) ‧見備註/See Remarks 7 (e)(ii) ‧見備註/See Remarks 7 (f)(ii) ‧見備註/See Remarks 7 (e)(iii),
2017-04-07,2017-04-21,,第1座 (1B) Tower 1 (1B),9,D,,6719200,,‧價單第7號 (B1)付款辦法 Payment Plan (B1) of Price List No.7 見備註/See Remarks 7 (c)(ii) ‧見備註/See Remarks 7 (d)(i) ‧見備註/See Remarks 7 (c)(vi) ‧見備註/See Remarks 7 (c)(vii) ‧見備註/See Remarks 7 (e)(i) ‧見備註/See Remarks 7 (d)(ii) ‧見備註/See Remarks 7 (e)(ii) ‧見備註/See Remarks 7 (f)(ii) ‧見備註/See Remarks 7 (e)(iii),
2017-04-07,2017-04-21,,第1座 (1B) Tower 1 (1B),8,D,,5635500,,‧價單第7號 (A1)付款辦法 Payment Plan (A1) of Price List No.7 見備註/See Remarks 7 (c)(i) ‧見備註/See Remarks 7 (c)(v) ‧見備註/See Remarks 7 (c)(vi) ‧見備註/See Remarks 7 (c)(vii) ‧見備註/See Remarks 7 (d)(ii) ‧見備註/See Remarks 7 (e)(ii) ‧見備註/See Remarks 7 (f)(ii) ‧見備註/See Remarks 7 (e)(iii),
2017-04-07,2017-04-21,,第1座 (1B) Tower 1 (1B),6,D,,5623000,,‧價單第7號 (A1)付款辦法 Payment Plan (A1) of Price List No.7 見備註/See Remarks 7 (c)(i) ‧見備註/See Remarks 7 (c)(v) ‧見備註/See Remarks 7 (c)(vi) ‧見備註/See Remarks 7 (c)(vii) ‧見備註/See Remarks 7 (d)(ii) ‧見備註/See Remarks 7 (e)(ii) ‧見備註/See Remarks 7 (f)(ii) ‧見備註/See Remarks 7 (e)(iii),
2017-04-07,2017-04-21,,第1座 (1B) Tower 1 (1B),20,E,,6839800,,‧價單第1C號 (A1)付款辦法 Payment Plan (A1) of Price List No.1C 見備註/See Remarks 7 (c)(i) ‧見備註/See Remarks 7 (c)(v) ‧見備註/See Remarks 7 (c)(vi) ‧見備註/See Remarks 7 (c)(vii) ‧見備註/See Remarks 7 (d)(ii) ‧見備註/See Remarks 7 (e)(ii) ‧見備註/See Remarks 7 (f)(ii) ‧見備註/See Remarks 7 (e)(iii),
2017-04-07,2017-04-21,,第1座 (1B) 19 E Tower 1 (1B) 第1座 (1B) 18 E Tower 1 (1B),,,,14485000,,‧價單第1C號 (B1)付款辦法 Payment Plan (B1) of Price List No.1C 見備註/See Remarks 7 (c)(ii) ‧見備註/See Remarks 7 (c)(v) ‧見備註/See Remarks 7 (c)(vi) ‧見備註/See Remarks 7 (c)(vii) ‧見備註/See Remarks 7 (e)(i) ‧見備註/See Remarks 7 (d)(ii) ‧見備註/See Remarks 7 (e)(ii) ‧見備註/See Remarks 7 (f)(ii) ‧見備註/See Remarks 7 (e)(iii) ‧價單第1C號 (B1)付款辦法 Payment Plan (B1) of Price List No.1C 見備註/See Remarks 7 (c)(ii) ‧見備註/See Remarks 7 (c)(v) ‧見備註/See Remarks 7 (c)(vi) ‧見備註/See Remarks 7 (c)(vii) ‧見備註/See Remarks 7 (e)(i) ‧見備註/See Remarks 7 (d)(ii) ‧見備註/See Remarks 7 (e)(ii) ‧見備註/See Remarks 7 (f)(ii) ‧見備註/See Remarks 7 (e)(iii),
2017-04-07,2017-04-21,,第1座 (1B) Tower 1 (1B),17,E,,6771100,,‧價單第1C號 (A1)付款辦法 Payment Plan (A1) of Price List No.1C 見備註/See Remarks 7 (c)(i) ‧見備註/See Remarks 7 (c)(v) ‧見備註/See Remarks 7 (c)(vi) ‧見備註/See Remarks 7 (c)(vii) ‧見備註/See Remarks 7 (d)(ii) ‧見備註/See Remarks 7 (e)(ii) ‧見備註/See Remarks 7 (f)(ii) ‧見備註/See Remarks 7 (e)(iii),
2017-04-07,2017-04-21,,第1座 (1B) Tower 1 (1B),16,E,,6764100,,‧價單第1C號 (A1)付款辦法 Payment Plan (A1) of Price List No.1C 見備註/See Remarks 7 (c)(i) ‧見備註/See Remarks 7 (c)(v) ‧見備註/See Remarks 7 (c)(vi) ‧見備註/See Remarks 7 (c)(vii) ‧見備註/See Remarks 7 (d)(ii) ‧見備註/See Remarks 7 (e)(ii) ‧見備註/See Remarks 7 (f)(ii) ‧見備註/See Remarks 7 (e)(iii),
2017-04-07,2017-04-21,,第1座 (1B) Tower 1 (1B),15,E,,6757100,,‧價單第1C號 (A1)付款辦法 Payment Plan (A1) of Price List No.1C 見備註/See Remarks 7 (c)(i) ‧見備註/See Remarks 7 (c)(v) ‧見備註/See Remarks 7 (c)(vi) ‧見備註/See Remarks 7 (c)(vii) ‧見備註/See Remarks 7 (d)(ii) ‧見備註/See Remarks 7 (e)(ii) ‧見備註/See Remarks 7 (f)(ii) ‧見備註/See Remarks 7 (e)(iii),
2017-04-07,2017-04-21,,第1座 (1B) Tower 1 (1B),12,E,,6750900,,‧價單第1C號 (A1)付款辦法 Payment Plan (A1) of Price List No.1C 見備註/See Remarks 7 (c)(i) ‧見備註/See Remarks 7 (c)(v) ‧見備註/See Remarks 7 (c)(vi) ‧見備註/See Remarks 7 (c)(vii) ‧見備註/See Remarks 7 (d)(ii) ‧見備註/See Remarks 7 (e)(ii) ‧見備註/See Remarks 7 (f)(ii) ‧見備註/See Remarks 7 (e)(iii),
2017-04-07,2017-04-21,,第1座 (1B) Tower 1 (1B),11,E,,6744600,,‧價單第1C號 (A1)付款辦法 Payment Plan (A1) of Price List No.1C 見備註/See Remarks 7 (c)(i) ‧見備註/See Remarks 7 (c)(v) ‧見備註/See Remarks 7 (c)(vi) ‧見備註/See Remarks 7 (c)(vii) ‧見備註/See Remarks 7 (d)(ii) ‧見備註/See Remarks 7 (e)(ii) ‧見備註/See Remarks 7 (f)(ii) ‧見備註/See Remarks 7 (e)(iii),
2017-04-07,2017-04-21,,第1座 (1B) Tower 1 (1B),9,E,,7162000,,‧價單第7號 (B1)付款辦法 Payment Plan (B1) of Price List No.7 見備註/See Remarks 7 (c)(ii) ‧見備註/See Remarks 7 (c)(v) ‧見備註/See Remarks 7 (c)(vi) ‧見備註/See Remarks 7 (c)(vii) ‧見備註/See Remarks 7 (e)(i) ‧見備註/See Remarks 7 (d)(ii) ‧見備註/See Remarks 7 (e)(ii) ‧見備註/See Remarks 7 (f)(ii) ‧見備註/See Remarks 7 (e)(iii),
2017-04-07,2017-04-21,,第1座 (1B) Tower 1 (1B),8,E,,6730600,,‧價單第7號 (A1)付款辦法 Payment Plan (A1) of Price List No.7 見備註/See Remarks 7 (c)(i) ‧見備註/See Remarks 7 (c)(v) ‧見備註/See Remarks 7 (c)(vi) ‧見備註/See Remarks 7 (c)(vii) ‧見備註/See Remarks 7 (d)(ii) ‧見備註/See Remarks 7 (e)(ii) ‧見備註/See Remarks 7 (f)(ii) ‧見備註/See Remarks 7 (e)(iii),
2017-04-07,2017-04-21,,第1座 (1B) Tower 1 (1B),7,E,,6724300,,‧價單第7號 (A1)付款辦法 Payment Plan (A1) of Price List No.7 見備註/See Remarks 7 (c)(i) ‧見備註/See Remarks 7 (c)(v) ‧見備註/See Remarks 7 (c)(vi) ‧見備註/See Remarks 7 (c)(vii) ‧見備註/See Remarks 7 (d)(ii) ‧見備註/See Remarks 7 (e)(ii) ‧見備註/See Remarks 7 (f)(ii) ‧見備註/See Remarks 7 (e)(iii),
2017-04-07,2017-04-21,,第1座 (1B) Tower 1 (1B),6,E,,6717300,,‧價單第7號 (A1)付款辦法 Payment Plan (A1) of Price List No.7 見備註/See Remarks 7 (c)(i) ‧見備註/See Remarks 7 (c)(v) ‧見備註/See Remarks 7 (c)(vi) ‧見備註/See Remarks 7 (c)(vii) ‧見備註/See Remarks 7 (d)(ii) ‧見備註/See Remarks 7 (e)(ii) ‧見備註/See Remarks 7 (f)(ii) ‧見備註/See Remarks 7 (e)(iii),
2017-04-07,2017-04-21,,第1座 (1B) Tower 1 (1B),20,F,,6846000,,‧價單第1C號 (A1)付款辦法 Payment Plan (A1) of Price List No.1C 見備註/See Remarks 7 (c)(i) ‧見備註/See Remarks 7 (c)(v) ‧見備註/See Remarks 7 (c)(vi) ‧見備註/See Remarks 7 (c)(vii) ‧見備註/See Remarks 7 (d)(ii) ‧見備註/See Remarks 7 (e)(ii) ‧見備註/See Remarks 7 (f)(ii) ‧見備註/See Remarks 7 (e)(iii),
2017-04-07,2017-04-21,,第1座 (1B) Tower 1 (1B),19,F,,6810900,,‧價單第1C號 (A1)付款辦法 Payment Plan (A1) of Price List No.1C 見備註/See Remarks 7 (c)(i) ‧見備註/See Remarks 7 (c)(v) ‧見備註/See Remarks 7 (c)(vi) ‧見備註/See Remarks 7 (c)(vii) ‧見備註/See Remarks 7 (d)(ii) ‧見備註/See Remarks 7 (e)(ii) ‧見備註/See Remarks 7 (f)(ii) ‧見備註/See Remarks 7 (e)(iii),
2017-04-07,2017-04-21,,第1座 (1B) Tower 1 (1B),18,F,,7684100,,‧價單第1C號 (A1)付款辦法 Payment Plan (A1) of Price List No.1C 見備註/See Remarks 7 (c)(i) ‧見備註/See Remarks 7 (d)(i) ‧見備註/See Remarks 7 (c)(vi) ‧見備註/See Remarks 7 (c)(vii) ‧見備註/See Remarks 7 (d)(ii) ‧見備註/See Remarks 7 (e)(ii) ‧見備註/See Remarks 7 (f)(ii) ‧見備註/See Remarks 7 (e)(iii),
2017-04-07,2017-04-21,,第1座 (1B) Tower 1 (1B),17,F,,6778900,,‧價單第1C號 (A1)付款辦法 Payment Plan (A1) of Price List No.1C 見備註/See Remarks 7 (c)(i) ‧見備註/See Remarks 7 (c)(v) ‧見備註/See Remarks 7 (c)(vi) ‧見備註/See Remarks 7 (c)(vii) ‧見備註/See Remarks 7 (d)(ii) ‧見備註/See Remarks 7 (e)(ii) ‧見備註/See Remarks 7 (f)(ii) ‧見備註/See Remarks 7 (e)(iii),
2017-04-07,2017-04-21,,第1座 (1B) Tower 1 (1B),16,F,,6771100,,‧價單第1C號 (A1)付款辦法 Payment Plan (A1) of Price List No.1C 見備註/See Remarks 7 (c)(i) ‧見備註/See Remarks 7 (c)(v) ‧見備註/See Remarks 7 (c)(vi) ‧見備註/See Remarks 7 (c)(vii) ‧見備註/See Remarks 7 (d)(ii) ‧見備註/See Remarks 7 (e)(ii) ‧見備註/See Remarks 7 (f)(ii) ‧見備註/See Remarks 7 (e)(iii),
2017-04-07,2017-04-21,,第1座 (1B) 15 F Tower 1 (1B) 第1座 (1B) 7 D Tower 1 (1B),,,,12393300,,‧價單第1C號 (A1)付款辦法 Payment Plan (A1) of Price List No.1C 見備註/See Remarks 7 (c)(i) ‧見備註/See Remarks 7 (c)(v) ‧見備註/See Remarks 7 (c)(vi) ‧見備註/See Remarks 7 (c)(vii) ‧見備註/See Remarks 7 (d)(ii) ‧見備註/See Remarks 7 (e)(ii) ‧見備註/See Remarks 7 (f)(ii) ‧見備註/See Remarks 7 (e)(iii) ‧價單第7號 (A1)付款辦法 Payment Plan (A1) of Price List No.7 見備註/See Remarks 7 (c)(i) ‧見備註/See Remarks 7 (c)(v) ‧見備註/See Remarks 7 (c)(vi) ‧見備註/See Remarks 7 (c)(vii) ‧見備註/See Remarks 7 (d)(ii) ‧見備註/See Remarks 7 (e)(ii) ‧見備註/See Remarks 7 (f)(ii) ‧見備註/See Remarks 7 (e)(iii),
2017-04-07,2017-04-21,,第1座 (1B) Tower 1 (1B),12,F,,6757100,,‧價單第1C號 (A1)付款辦法 Payment Plan (A1) of Price List No.1C 見備註/See Remarks 7 (c)(i) ‧見備註/See Remarks 7 (c)(v) ‧見備註/See Remarks 7 (c)(vi) ‧見備註/See Remarks 7 (c)(vii) ‧見備註/See Remarks 7 (d)(ii) ‧見備註/See Remarks 7 (e)(ii) ‧見備註/See Remarks 7 (f)(ii) ‧見備註/See Remarks 7 (e)(iii),
2017-04-07,2017-04-21,,第1座 (1B) Tower 1 (1B),11,F,,6750900,,‧價單第1C號 (A1)付款辦法 Payment Plan (A1) of Price List No.1C 見備註/See Remarks 7 (c)(i) ‧見備註/See Remarks 7 (c)(v) ‧見備註/See Remarks 7 (c)(vi) ‧見備註/See Remarks 7 (c)(vii) ‧見備註/See Remarks 7 (d)(ii) ‧見備註/See Remarks 7 (e)(ii) ‧見備註/See Remarks 7 (f)(ii) ‧見備註/See Remarks 7 (e)(iii),
2017-04-07,2017-04-21,,第1座 (1B) Tower 1 (1B),9,F,,6737600,,‧價單第7號 (A1)付款辦法 Payment Plan (A1) of Price List No.7 見備註/See Remarks 7 (c)(i) ‧見備註/See Remarks 7 (c)(v) ‧見備註/See Remarks 7 (c)(vi) ‧見備註/See Remarks 7 (c)(vii) ‧見備註/See Remarks 7 (d)(ii) ‧見備註/See Remarks 7 (e)(ii) ‧見備註/See Remarks 7 (f)(ii) ‧見備註/See Remarks 7 (e)(iii),
2017-04-07,2017-04-21,,第1座 (1B) Tower 1 (1B),8,F,,6737600,,‧價單第7號 (A1)付款辦法 Payment Plan (A1) of Price List No.7 見備註/See Remarks 7 (c)(i) ‧見備註/See Remarks 7 (c)(v) ‧見備註/See Remarks 7 (c)(vi) ‧見備註/See Remarks 7 (c)(vii) ‧見備註/See Remarks 7 (d)(ii) ‧見備註/See Remarks 7 (e)(ii) ‧見備註/See Remarks 7 (f)(ii) ‧見備註/See Remarks 7 (e)(iii),
2017-04-07,2017-04-21,,第1座 (1B) Tower 1 (1B),7,F,,6730600,,‧價單第7號 (A1)付款辦法 Payment Plan (A1) of Price List No.7 見備註/See Remarks 7 (c)(i) ‧見備註/See Remarks 7 (c)(v) ‧見備註/See Remarks 7 (c)(vi) ‧見備註/See Remarks 7 (c)(vii) ‧見備註/See Remarks 7 (d)(ii) ‧見備註/See Remarks 7 (e)(ii) ‧見備註/See Remarks 7 (f)(ii) ‧見備註/See Remarks 7 (e)(iii),
2017-04-07,2017-04-21,,第1座 (1B) Tower 1 (1B),6,F,,7155400,,‧價單第7號 (B1)付款辦法 Payment Plan (B1) of Price List No.7 見備註/See Remarks 7 (c)(ii) ‧見備註/See Remarks 7 (c)(v) ‧見備註/See Remarks 7 (c)(vi) ‧見備註/See Remarks 7 (c)(vii) ‧見備註/See Remarks 7 (e)(i) ‧見備註/See Remarks 7 (d)(ii) ‧見備註/See Remarks 7 (e)(ii) ‧見備註/See Remarks 7 (f)(ii) ‧見備註/See Remarks 7 (e)(iii),
2017-04-07,2017-04-21,,第1座 (1B) Tower 1 (1B),20,G,,6892800,,‧價單第1C號 (A1)付款辦法 Payment Plan (A1) of Price List No.1C 見備註/See Remarks 7 (c)(i) ‧見備註/See Remarks 7 (c)(v) ‧見備註/See Remarks 7 (c)(vi) ‧見備註/See Remarks 7 (c)(vii) ‧見備註/See Remarks 7 (d)(ii) ‧見備註/See Remarks 7 (e)(ii) ‧見備註/See Remarks 7 (f)(ii) ‧見備註/See Remarks 7 (e)(iii),
2017-04-07,2017-04-21,,第1座 (1B) Tower 1 (1B),18,G,,6858500,,‧價單第1C號 (A1)付款辦法 Payment Plan (A1) of Price List No.1C 見備註/See Remarks 7 (c)(i) ‧見備註/See Remarks 7 (c)(v) ‧見備註/See Remarks 7 (c)(vi) ‧見備註/See Remarks 7 (c)(vii) ‧見備註/See Remarks 7 (d)(ii) ‧見備註/See Remarks 7 (e)(ii) ‧見備註/See Remarks 7 (f)(ii) ‧見備註/See Remarks 7 (e)(iii),
2017-04-07,2017-04-21,,第1座 (1B) Tower 1 (1B),17,G,,6823400,,‧價單第1C號 (A1)付款辦法 Payment Plan (A1) of Price List No.1C 見備註/See Remarks 7 (c)(i) ‧見備註/See Remarks 7 (c)(v) ‧見備註/See Remarks 7 (c)(vi) ‧見備註/See Remarks 7 (c)(vii) ‧見備註/See Remarks 7 (d)(ii) ‧見備註/See Remarks 7 (e)(ii) ‧見備註/See Remarks 7 (f)(ii) ‧見備註/See Remarks 7 (e)(iii),
2017-04-07,2017-04-21,,第1座 (1B) Tower 1 (1B),16,G,,6816400,,‧價單第1C號 (A1)付款辦法 Payment Plan (A1) of Price List No.1C 見備註/See Remarks 7 (c)(i) ‧見備註/See Remarks 7 (c)(v) ‧見備註/See Remarks 7 (c)(vi) ‧見備註/See Remarks 7 (c)(vii) ‧見備註/See Remarks 7 (d)(ii) ‧見備註/See Remarks 7 (e)(ii) ‧見備註/See Remarks 7 (f)(ii) ‧見備註/See Remarks 7 (e)(iii),
2017-04-07,2017-04-21,,第1座 (1B) Tower 1 (1B),12,G,,6803900,,‧價單第1C號 (A1)付款辦法 Payment Plan (A1) of Price List No.1C 見備註/See Remarks 7 (c)(i) ‧見備註/See Remarks 7 (c)(v) ‧見備註/See Remarks 7 (c)(vi) ‧見備註/See Remarks 7 (c)(vii) ‧見備註/See Remarks 7 (d)(ii) ‧見備註/See Remarks 7 (e)(ii) ‧見備註/See Remarks 7 (f)(ii) ‧見備註/See Remarks 7 (e)(iii),
2017-04-07,2017-04-21,,第1座 (1B) Tower 1 (1B),11,G,,6796900,,‧價單第1C號 (A1)付款辦法 Payment Plan (A1) of Price List No.1C 見備註/See Remarks 7 (c)(i) ‧見備註/See Remarks 7 (c)(v) ‧見備註/See Remarks 7 (c)(vi) ‧見備註/See Remarks 7 (c)(vii) ‧見備註/See Remarks 7 (d)(ii) ‧見備註/See Remarks 7 (e)(ii) ‧見備註/See Remarks 7 (f)(ii) ‧見備註/See Remarks 7 (e)(iii),
2017-04-07,2017-04-21,,第1座 (1B) Tower 1 (1B),9,G,,7217600,,‧價單第7號 (B1)付款辦法 Payment Plan (B1) of Price List No.7 見備註/See Remarks 7 (c)(ii) ‧見備註/See Remarks 7 (c)(v) ‧見備註/See Remarks 7 (c)(vi) ‧見備註/See Remarks 7 (c)(vii) ‧見備註/See Remarks 7 (e)(i) ‧見備註/See Remarks 7 (d)(ii) ‧見備註/See Remarks 7 (e)(ii) ‧見備註/See Remarks 7 (f)(ii) ‧見備註/See Remarks 7 (e)(iii),
2017-04-07,2017-04-21,,第1座 (1B) Tower 1 (1B),8,G,,8087200,,‧價單第7號 (B1)付款辦法 Payment Plan (B1) of Price List No.7 見備註/See Remarks 7 (c)(ii) ‧見備註/See Remarks 7 (d)(i) ‧見備註/See Remarks 7 (c)(vi) ‧見備註/See Remarks 7 (c)(vii) ‧見備註/See Remarks 7 (e)(i) ‧見備註/See Remarks 7 (d)(ii) ‧見備註/See Remarks 7 (e)(ii) ‧見備註/See Remarks 7 (f)(ii) ‧見備註/See Remarks 7 (e)(iii),
2017-04-07,2017-04-21,,第1座 (1B) Tower 1 (1B),7,G,,6775800,,‧價單第7號 (A1)付款辦法 Payment Plan (A1) of Price List No.7 見備註/See Remarks 7 (c)(i) ‧見備註/See Remarks 7 (c)(v) ‧見備註/See Remarks 7 (c)(vi) ‧見備註/See Remarks 7 (c)(vii) ‧見備註/See Remarks 7 (d)(ii) ‧見備註/See Remarks 7 (e)(ii) ‧見備註/See Remarks 7 (f)(ii) ‧見備註/See Remarks 7 (e)(iii),
2017-04-07,2017-04-21,,第1座 (1B) Tower 1 (1B),6,G,,6769600,,‧價單第7號 (A1)付款辦法 Payment Plan (A1) of Price List No.7 見備註/See Remarks 7 (c)(i) ‧見備註/See Remarks 7 (c)(v) ‧見備註/See Remarks 7 (c)(vi) ‧見備註/See Remarks 7 (c)(vii) ‧見備註/See Remarks 7 (d)(ii) ‧見備註/See Remarks 7 (e)(ii) ‧見備註/See Remarks 7 (f)(ii) ‧見備註/See Remarks 7 (e)(iii),
2017-04-07,2017-04-21,,第2座 (2A) Tower 2 (2A),49,B,,40510800,"在05-09-2017，基於法例第35(2)(b)條所容許的原因 ，售價調整為$43,107,700。 On 05-09-2017, the price adjusted to $43,107,700 due to the reason allowed under section 35(2)(b) of the Ordinance.",‧價單第7號 (A1)付款辦法 Payment Plan (A1) of Price List No.7 見備註/See Remarks 7 (c)(i) ‧見備註/See Remarks 7 (c)(v) ‧見備註/See Remarks 7 (c)(vi) ‧見備註/See Remarks 7 (c)(vii) ‧見備註/See Remarks 7 (d)(ii) ‧見備註/See Remarks 7 (e)(ii) ‧見備註/See Remarks 7 (f)(i) ‧見備註/See Remarks 7 (e)(iii),
2017-04-07,2017-04-21,,第2座 (2A) Tower 2 (2A),31,B,,33607800,,‧價單第7號 (A1)付款辦法 Payment Plan (A1) of Price List No.7 見備註/See Remarks 7 (c)(i) ‧見備註/See Remarks 7 (c)(v) ‧見備註/See Remarks 7 (c)(vi) ‧見備註/See Remarks 7 (c)(vii) ‧見備註/See Remarks 7 (d)(ii) ‧見備註/See Remarks 7 (e)(ii) ‧見備註/See Remarks 7 (f)(i) ‧見備註/See Remarks 7 (e)(iii),
2017-04-07,2017-04-21,,第2座 (2A) Tower 2 (2A),30,B,,33440100,,‧價單第7號 (A1)付款辦法 Payment Plan (A1) of Price List No.7 見備註/See Remarks 7 (c)(i) ‧見備註/See Remarks 7 (c)(v) ‧見備註/See Remarks 7 (c)(vi) ‧見備註/See Remarks 7 (c)(vii) ‧見備註/See Remarks 7 (d)(ii) ‧見備註/See Remarks 7 (e)(ii) ‧見備註/See Remarks 7 (f)(i) ‧見備註/See Remarks 7 (e)(iii),
2017-04-07,2017-04-21,,第2座 (2A) Tower 2 (2A),51,C,,15927600,,‧價單第7號 (A1)付款辦法 Payment Plan (A1) of Price List No.7 見備註/See Remarks 7 (c)(i) ‧見備註/See Remarks 7 (c)(v) ‧見備註/See Remarks 7 (c)(vi) ‧見備註/See Remarks 7 (c)(vii) ‧見備註/See Remarks 7 (d)(ii) ‧見備註/See Remarks 7 (e)(ii) ‧見備註/See Remarks 7 (f)(ii) ‧見備註/See Remarks 7 (e)(iii),
2017-04-07,2017-04-21,,第2座 (2A) Tower 2 (2A),50,C,,15520400,,‧價單第7號 (A1)付款辦法 Payment Plan (A1) of Price List No.7 見備註/See Remarks 7 (c)(i) ‧見備註/See Remarks 7 (c)(v) ‧見備註/See Remarks 7 (c)(vi) ‧見備註/See Remarks 7 (c)(vii) ‧見備註/See Remarks 7 (d)(ii) ‧見備註/See Remarks 7 (e)(ii) ‧見備註/See Remarks 7 (f)(ii) ‧見備註/See Remarks 7 (e)(iii),
2017-04-07,2017-04-21,,第2座 (2A) Tower 2 (2A),49,C,,15122600,,‧價單第7號 (A1)付款辦法 Payment Plan (A1) of Price List No.7 見備註/See Remarks 7 (c)(i) ‧見備註/See Remarks 7 (c)(v) ‧見備註/See Remarks 7 (c)(vi) ‧見備註/See Remarks 7 (c)(vii) ‧見備註/See Remarks 7 (d)(ii) ‧見備註/See Remarks 7 (e)(ii) ‧見備註/See Remarks 7 (f)(ii) ‧見備註/See Remarks 7 (e)(iii),
2017-04-07,2017-04-21,,第2座 (2A) Tower 2 (2A),48,C,,14999400,,‧價單第7號 (A1)付款辦法 Payment Plan (A1) of Price List No.7 見備註/See Remarks 7 (c)(i) ‧見備註/See Remarks 7 (c)(v) ‧見備註/See Remarks 7 (c)(vi) ‧見備註/See Remarks 7 (c)(vii) ‧見備註/See Remarks 7 (d)(ii) ‧見備註/See Remarks 7 (e)(ii) ‧見備註/See Remarks 7 (f)(ii) ‧見備註/See Remarks 7 (e)(iii),
2017-04-07,2017-04-21,,第2座 (2B) 29 A Tower 2 (2B) 第2座 (2B) 45 C Tower 2 (2B),,,,17406400,,‧價單第3A號 (A1)付款辦法 Payment Plan (A1) of Price List No.3A 見備註/See Remarks 7 (c)(i) ‧見備註/See Remarks 7 (c)(v) ‧見備註/See Remarks 7 (c)(vi) ‧見備註/See Remarks 7 (c)(vii) ‧見備註/See Remarks 7 (d)(ii) ‧見備註/See Remarks 7 (e)(ii) ‧見備註/See Remarks 7 (f)(ii) ‧見備註/See Remarks 7 (e)(iii) ‧價單第7號 (A1)付款辦法 Payment Plan (A1) of Price List No.7 見備註/See Remarks 7 (c)(i) ‧見備註/See Remarks 7 (c)(v) ‧見備註/See Remarks 7 (c)(vi) ‧見備註/See Remarks 7 (c)(vii) ‧見備註/See Remarks 7 (d)(ii) ‧見備註/See Remarks 7 (e)(ii) ‧見備註/See Remarks 7 (f)(ii) ‧見備註/See Remarks 7 (e)(iii),
2017-04-07,2017-04-21,,第2座 (2B) Tower 2 (2B),51,C,,9115000,,‧價單第7號 (A1)付款辦法 Payment Plan (A1) of Price List No.7 見備註/See Remarks 7 (c)(i) ‧見備註/See Remarks 7 (c)(v) ‧見備註/See Remarks 7 (c)(vi) ‧見備註/See Remarks 7 (c)(vii) ‧見備註/See Remarks 7 (d)(ii) ‧見備註/See Remarks 7 (e)(ii) ‧見備註/See Remarks 7 (f)(ii) ‧見備註/See Remarks 7 (e)(iii),
2017-04-07,2017-04-21,,第2座 (2B) Tower 2 (2B),50,C,,11381000,,‧價單第7號 (B1)付款辦法 Payment Plan (B1) of Price List No.7 見備註/See Remarks 7 (c)(ii) ‧見備註/See Remarks 7 (d)(i) ‧見備註/See Remarks 7 (d)(iii) ‧見備註/See Remarks 7 (c)(vii) ‧見備註/See Remarks 7 (e)(i) ‧見備註/See Remarks 7 (e)(ii) ‧見備註/See Remarks 7 (f)(ii) ‧見備註/See Remarks 7 (e)(iii),
2017-04-07,2017-04-21,,第2座 (2B) Tower 2 (2B),49,C,,8823300,,‧價單第7號 (A1)付款辦法 Payment Plan (A1) of Price List No.7 見備註/See Remarks 7 (c)(i) ‧見備註/See Remarks 7 (c)(v) ‧見備註/See Remarks 7 (c)(vi) ‧見備註/See Remarks 7 (c)(vii) ‧見備註/See Remarks 7 (d)(ii) ‧見備註/See Remarks 7 (e)(ii) ‧見備註/See Remarks 7 (f)(ii) ‧見備註/See Remarks 7 (e)(iii),
2017-04-07,2017-04-21,,第2座 (2B) Tower 2 (2B),48,C,,8785900,,‧價單第7號 (A1)付款辦法 Payment Plan (A1) of Price List No.7 見備註/See Remarks 7 (c)(i) ‧見備註/See Remarks 7 (c)(v) ‧見備註/See Remarks 7 (c)(vi) ‧見備註/See Remarks 7 (c)(vii) ‧見備註/See Remarks 7 (d)(ii) ‧見備註/See Remarks 7 (e)(ii) ‧見備註/See Remarks 7 (f)(ii) ‧見備註/See Remarks 7 (e)(iii),
2017-04-07,2017-04-21,,第2座 (2B) Tower 2 (2B),46,C,,8528500,,‧價單第7號 (A1)付款辦法 Payment Plan (A1) of Price List No.7 見備註/See Remarks 7 (c)(i) ‧見備註/See Remarks 7 (c)(v) ‧見備註/See Remarks 7 (c)(vi) ‧見備註/See Remarks 7 (c)(vii) ‧見備註/See Remarks 7 (d)(ii) ‧見備註/See Remarks 7 (e)(ii) ‧見備註/See Remarks 7 (f)(ii) ‧見備註/See Remarks 7 (e)(iii),
2017-04-07,2017-04-21,,第2座 (2B) Tower 2 (2B),43,C,,8336600,,‧價單第7號 (A1)付款辦法 Payment Plan (A1) of Price List No.7 見備註/See Remarks 7 (c)(i) ‧見備註/See Remarks 7 (c)(v) ‧見備註/See Remarks 7 (c)(vi) ‧見備註/See Remarks 7 (c)(vii) ‧見備註/See Remarks 7 (d)(ii) ‧見備註/See Remarks 7 (e)(ii) ‧見備註/See Remarks 7 (f)(ii) ‧見備註/See Remarks 7 (e)(iii),
2017-04-07,2017-04-21,,第2座 (2B) Tower 2 (2B),42,C,,8243000,,‧價單第7號 (A1)付款辦法 Payment Plan (A1) of Price List No.7 見備註/See Remarks 7 (c)(i) ‧見備註/See Remarks 7 (c)(v) ‧見備註/See Remarks 7 (c)(vi) ‧見備註/See Remarks 7 (c)(vii) ‧見備註/See Remarks 7 (d)(ii) ‧見備註/See Remarks 7 (e)(ii) ‧見備註/See Remarks 7 (f)(ii) ‧見備註/See Remarks 7 (e)(iii),
2017-04-07,2017-04-21,,第2座 (2B) Tower 2 (2B),41,C,,8149400,,‧價單第7號 (A1)付款辦法 Payment Plan (A1) of Price List No.7 見備註/See Remarks 7 (c)(i) ‧見備註/See Remarks 7 (c)(v) ‧見備註/See Remarks 7 (c)(vi) ‧見備註/See Remarks 7 (c)(vii) ‧見備註/See Remarks 7 (d)(ii) ‧見備註/See Remarks 7 (e)(ii) ‧見備註/See Remarks 7 (f)(ii) ‧見備註/See Remarks 7 (e)(iii),
2017-04-07,2017-04-21,,第2座 (2B) Tower 2 (2B),40,C,,8056600,,‧價單第7號 (A1)付款辦法 Payment Plan (A1) of Price List No.7 見備註/See Remarks 7 (c)(i) ‧見備註/See Remarks 7 (c)(v) ‧見備註/See Remarks 7 (c)(vi) ‧見備註/See Remarks 7 (c)(vii) ‧見備註/See Remarks 7 (d)(ii) ‧見備註/See Remarks 7 (e)(ii) ‧見備註/See Remarks 7 (f)(ii) ‧見備註/See Remarks 7 (e)(iii),
2017-04-07,2017-04-21,,第2座 (2B) 39 C Tower 2 (2B),,,,16888100,,‧價單第7號 (A1)付款辦法 Payment Plan (A1) of Price List No.7 見備註/See Remarks 7 (c)(i) ‧見備註/See Remarks 7 (c)(v) ‧見備註/See Remarks 7 (d)(iii) ‧見備註/See Remarks 7 (c)(vii) ‧見備註/See Remarks 7 (e)(ii) ‧見備註/See Remarks 7 (f)(ii) ‧見備註/See Remarks 7 (e)(iii),
2017-04-07,2017-04-21,,第2座 (2B) Tower 2 (2B),38,C,,8016800,,‧價單第7號 (A1)付款辦法 Payment Plan (A1) of Price List No.7 見備註/See Remarks 7 (c)(i) ‧見備註/See Remarks 7 (c)(v) ‧見備註/See Remarks 7 (c)(vi) ‧見備註/See Remarks 7 (c)(vii) ‧見備註/See Remarks 7 (d)(ii) ‧見備註/See Remarks 7 (e)(ii) ‧見備註/See Remarks 7 (f)(ii) ‧見備註/See Remarks 7 (e)(iii),
2017-04-07,2017-04-21,,第2座 (2B) Tower 2 (2B),37,C,,7938000,,‧價單第7號 (A1)付款辦法 Payment Plan (A1) of Price List No.7 見備註/See Remarks 7 (c)(i) ‧見備註/See Remarks 7 (c)(v) ‧見備註/See Remarks 7 (c)(vi) ‧見備註/See Remarks 7 (c)(vii) ‧見備註/See Remarks 7 (d)(ii) ‧見備註/See Remarks 7 (e)(ii) ‧見備註/See Remarks 7 (f)(ii) ‧見備註/See Remarks 7 (e)(iii),
2017-04-07,2017-04-21,,第2座 (2B) Tower 2 (2B),36,C,,10024700,,‧價單第7號 (B1)付款辦法 Payment Plan (B1) of Price List No.7 見備註/See Remarks 7 (c)(ii) ‧見備註/See Remarks 7 (d)(i) ‧見備註/See Remarks 7 (d)(iii) ‧見備註/See Remarks 7 (c)(vii) ‧見備註/See Remarks 7 (e)(i) ‧見備註/See Remarks 7 (e)(ii) ‧見備註/See Remarks 7 (f)(ii) ‧見備註/See Remarks 7 (e)(iii),
2017-04-07,2017-04-21,,第2座 (2B) Tower 2 (2B),35,C,,7859200,,‧價單第7號 (A1)付款辦法 Payment Plan (A1) of Price List No.7 見備註/See Remarks 7 (c)(i) ‧見備註/See Remarks 7 (c)(v) ‧見備註/See Remarks 7 (c)(vi) ‧見備註/See Remarks 7 (c)(vii) ‧見備註/See Remarks 7 (d)(ii) ‧見備註/See Remarks 7 (e)(ii) ‧見備註/See Remarks 7 (f)(ii) ‧見備註/See Remarks 7 (e)(iii),
2017-04-07,2017-04-21,,第2座 (2B) Tower 2 (2B),33,C,,7819500,,‧價單第7號 (A1)付款辦法 Payment Plan (A1) of Price List No.7 見備註/See Remarks 7 (c)(i) ‧見備註/See Remarks 7 (c)(v) ‧見備註/See Remarks 7 (c)(vi) ‧見備註/See Remarks 7 (c)(vii) ‧見備註/See Remarks 7 (d)(ii) ‧見備註/See Remarks 7 (e)(ii) ‧見備註/See Remarks 7 (f)(ii) ‧見備註/See Remarks 7 (e)(iii),
2017-04-07,2017-04-21,,第2座 (2B) 32 C Tower 2 (2B) 第2座 (2B) 31 C Tower 2 (2B),,,,15522000,,‧價單第7號 (A1)付款辦法 Payment Plan (A1) of Price List No.7 見備註/See Remarks 7 (c)(i) ‧見備註/See Remarks 7 (c)(v) ‧見備註/See Remarks 7 (c)(vi) ‧見備註/See Remarks 7 (c)(vii) ‧見備註/See Remarks 7 (d)(ii) ‧見備註/See Remarks 7 (e)(ii) ‧見備註/See Remarks 7 (f)(ii) ‧見備註/See Remarks 7 (e)(iii) ‧價單第7號 (A1)付款辦法 Payment Plan (A1) of Price List No.7 見備註/See Remarks 7 (c)(i) ‧見備註/See Remarks 7 (c)(v) ‧見備註/See Remarks 7 (c)(vi) ‧見備註/See Remarks 7 (c)(vii) ‧見備註/See Remarks 7 (d)(ii) ‧見備註/See Remarks 7 (e)(ii) ‧見備註/See Remarks 7 (f)(ii) ‧見備註/See Remarks 7 (e)(iii),
2017-04-07,2017-04-21,,第2座 (2B) Tower 2 (2B),30,C,,7703200,,‧價單第7號 (A1)付款辦法 Payment Plan (A1) of Price List No.7 見備註/See Remarks 7 (c)(i) ‧見備註/See Remarks 7 (c)(v) ‧見備註/See Remarks 7 (c)(vi) ‧見備註/See Remarks 7 (c)(vii) ‧見備註/See Remarks 7 (d)(ii) ‧見備註/See Remarks 7 (e)(ii) ‧見備註/See Remarks 7 (f)(ii) ‧見備註/See Remarks 7 (e)(iii),
2017-04-07,2017-04-21,,第2座 (2B) Tower 2 (2B),29,C,,7665000,,‧價單第7號 (A1)付款辦法 Payment Plan (A1) of Price List No.7 見備註/See Remarks 7 (c)(i) ‧見備註/See Remarks 7 (c)(v) ‧見備註/See Remarks 7 (c)(vi) ‧見備註/See Remarks 7 (c)(vii) ‧見備註/See Remarks 7 (d)(ii) ‧見備註/See Remarks 7 (e)(ii) ‧見備註/See Remarks 7 (f)(ii) ‧見備註/See Remarks 7 (e)(iii),
2017-04-07,2017-04-21,,第2座 (2B) Tower 2 (2B),26,C,,7588600,,‧價單第7號 (A1)付款辦法 Payment Plan (A1) of Price List No.7 見備註/See Remarks 7 (c)(i) ‧見備註/See Remarks 7 (c)(v) ‧見備註/See Remarks 7 (c)(vi) ‧見備註/See Remarks 7 (c)(vii) ‧見備註/See Remarks 7 (d)(ii) ‧見備註/See Remarks 7 (e)(ii) ‧見備註/See Remarks 7 (f)(ii) ‧見備註/See Remarks 7 (e)(iii),
2017-04-07,2017-04-21,,第2座 (2B) Tower 2 (2B),25,C,,7550400,,‧價單第7號 (A1)付款辦法 Payment Plan (A1) of Price List No.7 見備註/See Remarks 7 (c)(i) ‧見備註/See Remarks 7 (c)(v) ‧見備註/See Remarks 7 (c)(vi) ‧見備註/See Remarks 7 (c)(vii) ‧見備註/See Remarks 7 (d)(ii) ‧見備註/See Remarks 7 (e)(ii) ‧見備註/See Remarks 7 (f)(ii) ‧見備註/See Remarks 7 (e)(iii),
2017-04-07,2017-04-21,,第2座 (2B) 23 C Tower 2 (2B) 第2座 (2B) 16 C Tower 2 (2B),,,,14832400,,‧價單第7號 (A1)付款辦法 Payment Plan (A1) of Price List No.7 見備註/See Remarks 7 (c)(i) ‧見備註/See Remarks 7 (c)(v) ‧見備註/See Remarks 7 (c)(vi) ‧見備註/See Remarks 7 (c)(vii) ‧見備註/See Remarks 7 (d)(ii) ‧見備註/See Remarks 7 (e)(ii) ‧見備註/See Remarks 7 (f)(ii) ‧見備註/See Remarks 7 (e)(iii) ‧價單第7號 (A1)付款辦法 Payment Plan (A1) of Price List No.7 見備註/See Remarks 7 (c)(i) ‧見備註/See Remarks 7 (c)(v) ‧見備註/See Remarks 7 (c)(vi) ‧見備註/See Remarks 7 (c)(vii) ‧見備註/See Remarks 7 (d)(ii) ‧見備註/See Remarks 7 (e)(ii) ‧見備註/See Remarks 7 (f)(ii) ‧見備註/See Remarks 7 (e)(iii),
2017-04-07,2017-04-21,,第2座 (2B) Tower 2 (2B),22,C,,7475500,,‧價單第7號 (A1)付款辦法 Payment Plan (A1) of Price List No.7 見備註/See Remarks 7 (c)(i) ‧見備註/See Remarks 7 (c)(v) ‧見備註/See Remarks 7 (c)(vi) ‧見備註/See Remarks 7 (c)(vii) ‧見備註/See Remarks 7 (d)(ii) ‧見備註/See Remarks 7 (e)(ii) ‧見備註/See Remarks 7 (f)(ii) ‧見備註/See Remarks 7 (e)(iii),
2017-04-07,2017-04-21,,第2座 (2B) Tower 2 (2B),21,C,,7437300,,‧價單第7號 (A1)付款辦法 Payment Plan (A1) of Price List No.7 見備註/See Remarks 7 (c)(i) ‧見備註/See Remarks 7 (c)(v) ‧見備註/See Remarks 7 (c)(vi) ‧見備註/See Remarks 7 (c)(vii) ‧見備註/See Remarks 7 (d)(ii) ‧見備註/See Remarks 7 (e)(ii) ‧見備註/See Remarks 7 (f)(ii) ‧見備註/See Remarks 7 (e)(iii),
2017-04-07,2017-04-21,,第2座 (2B) Tower 2 (2B),20,C,,7401400,,‧價單第7號 (A1)付款辦法 Payment Plan (A1) of Price List No.7 見備註/See Remarks 7 (c)(i) ‧見備註/See Remarks 7 (c)(v) ‧見備註/See Remarks 7 (c)(vi) ‧見備註/See Remarks 7 (c)(vii) ‧見備註/See Remarks 7 (d)(ii) ‧見備註/See Remarks 7 (e)(ii) ‧見備註/See Remarks 7 (f)(ii) ‧見備註/See Remarks 7 (e)(iii),
2017-04-07,2017-04-21,,第2座 (2B) Tower 2 (2B),19,C,,7363900,,‧價單第7號 (A1)付款辦法 Payment Plan (A1) of Price List No.7 見備註/See Remarks 7 (c)(i) ‧見備註/See Remarks 7 (c)(v) ‧見備註/See Remarks 7 (c)(vi) ‧見備註/See Remarks 7 (c)(vii) ‧見備註/See Remarks 7 (d)(ii) ‧見備註/See Remarks 7 (e)(ii) ‧見備註/See Remarks 7 (f)(ii) ‧見備註/See Remarks 7 (e)(iii),
2017-04-07,2017-04-21,,第2座 (2B) Tower 2 (2B),17,C,,7327300,,‧價單第7號 (A1)付款辦法 Payment Plan (A1) of Price List No.7 見備註/See Remarks 7 (c)(i) ‧見備註/See Remarks 7 (c)(v) ‧見備註/See Remarks 7 (c)(vi) ‧見備註/See Remarks 7 (c)(vii) ‧見備註/See Remarks 7 (d)(ii) ‧見備註/See Remarks 7 (e)(ii) ‧見備註/See Remarks 7 (f)(ii) ‧見備註/See Remarks 7 (e)(iii),
2017-04-07,2017-04-21,,第2座 (2B) Tower 2 (2B),15,C,,7311700,,‧價單第7號 (A1)付款辦法 Payment Plan (A1) of Price List No.7 見備註/See Remarks 7 (c)(i) ‧見備註/See Remarks 7 (c)(v) ‧見備註/See Remarks 7 (c)(vi) ‧見備註/See Remarks 7 (c)(vii) ‧見備註/See Remarks 7 (d)(ii) ‧見備註/See Remarks 7 (e)(ii) ‧見備註/See Remarks 7 (f)(ii) ‧見備註/See Remarks 7 (e)(iii),
2017-04-07,2017-04-21,,第2座 (2B) Tower 2 (2B),12,C,,7306200,,‧價單第7號 (A1)付款辦法 Payment Plan (A1) of Price List No.7 見備註/See Remarks 7 (c)(i) ‧見備註/See Remarks 7 (c)(v) ‧見備註/See Remarks 7 (c)(vi) ‧見備註/See Remarks 7 (c)(vii) ‧見備註/See Remarks 7 (d)(ii) ‧見備註/See Remarks 7 (e)(ii) ‧見備註/See Remarks 7 (f)(ii) ‧見備註/See Remarks 7 (e)(iii),
2017-04-07,2017-04-21,,第2座 (2B) Tower 2 (2B),51,H,,6260200,,‧價單第7號 (A1)付款辦法 Payment Plan (A1) of Price List No.7 見備註/See Remarks 7 (c)(i) ‧見備註/See Remarks 7 (c)(v) ‧見備註/See Remarks 7 (c)(vi) ‧見備註/See Remarks 7 (c)(vii) ‧見備註/See Remarks 7 (d)(ii) ‧見備註/See Remarks 7 (e)(ii) ‧見備註/See Remarks 7 (f)(ii) ‧見備註/See Remarks 7 (e)(iii),
2017-04-07,2017-04-21,,第2座 (2B) Tower 2 (2B),50,H,,6203300,,‧價單第7號 (A1)付款辦法 Payment Plan (A1) of Price List No.7 見備註/See Remarks 7 (c)(i) ‧見備註/See Remarks 7 (c)(v) ‧見備註/See Remarks 7 (c)(vi) ‧見備註/See Remarks 7 (c)(vii) ‧見備註/See Remarks 7 (d)(ii) ‧見備註/See Remarks 7 (e)(ii) ‧見備註/See Remarks 7 (f)(ii) ‧見備註/See Remarks 7 (e)(iii),
2017-04-07,2017-04-21,,第2座 (2B) Tower 2 (2B),49,H,,6158800,,‧價單第7號 (A1)付款辦法 Payment Plan (A1) of Price List No.7 見備註/See Remarks 7 (c)(i) ‧見備註/See Remarks 7 (c)(v) ‧見備註/See Remarks 7 (c)(vi) ‧見備註/See Remarks 7 (c)(vii) ‧見備註/See Remarks 7 (d)(ii) ‧見備註/See Remarks 7 (e)(ii) ‧見備註/See Remarks 7 (f)(ii) ‧見備註/See Remarks 7 (e)(iii),
2017-04-07,2017-04-21,,第2座 (2B) Tower 2 (2B),48,H,,6158800,,‧價單第7號 (A1)付款辦法 Payment Plan (A1) of Price List No.7 見備註/See Remarks 7 (c)(i) ‧見備註/See Remarks 7 (c)(v) ‧見備註/See Remarks 7 (c)(vi) ‧見備註/See Remarks 7 (c)(vii) ‧見備註/See Remarks 7 (d)(ii) ‧見備註/See Remarks 7 (e)(ii) ‧見備註/See Remarks 7 (f)(ii) ‧見備註/See Remarks 7 (e)(iii),
2017-04-07,2017-04-21,,第2座 (2B) Tower 2 (2B),47,H,,6098800,,‧價單第7號 (A1)付款辦法 Payment Plan (A1) of Price List No.7 見備註/See Remarks 7 (c)(i) ‧見備註/See Remarks 7 (c)(v) ‧見備註/See Remarks 7 (c)(vi) ‧見備註/See Remarks 7 (c)(vii) ‧見備註/See Remarks 7 (d)(ii) ‧見備註/See Remarks 7 (e)(ii) ‧見備註/See Remarks 7 (f)(ii) ‧見備註/See Remarks 7 (e)(iii),
2017-04-07,2017-04-21,,第2座 (2B) Tower 2 (2B),46,H,,6458200,,‧價單第7號 (B1)付款辦法 Payment Plan (B1) of Price List No.7 見備註/See Remarks 7 (c)(ii) ‧見備註/See Remarks 7 (c)(v) ‧見備註/See Remarks 7 (c)(vi) ‧見備註/See Remarks 7 (c)(vii) ‧見備註/See Remarks 7 (e)(i) ‧見備註/See Remarks 7 (d)(ii) ‧見備註/See Remarks 7 (e)(ii) ‧見備註/See Remarks 7 (f)(ii) ‧見備註/See Remarks 7 (e)(iii),
2017-04-07,2017-04-21,,第2座 (2B) Tower 2 (2B),45,H,,6037900,,‧價單第7號 (A1)付款辦法 Payment Plan (A1) of Price List No.7 見備註/See Remarks 7 (c)(i) ‧見備註/See Remarks 7 (c)(v) ‧見備註/See Remarks 7 (c)(vi) ‧見備註/See Remarks 7 (c)(vii) ‧見備註/See Remarks 7 (d)(ii) ‧見備註/See Remarks 7 (e)(ii) ‧見備註/See Remarks 7 (f)(ii) ‧見備註/See Remarks 7 (e)(iii),
2017-04-07,2017-04-21,,第2座 (2B) Tower 2 (2B),43,H,,6392600,,‧價單第7號 (B1)付款辦法 Payment Plan (B1) of Price List No.7 見備註/See Remarks 7 (c)(ii) ‧見備註/See Remarks 7 (c)(v) ‧見備註/See Remarks 7 (c)(vi) ‧見備註/See Remarks 7 (c)(vii) ‧見備註/See Remarks 7 (e)(i) ‧見備註/See Remarks 7 (d)(ii) ‧見備註/See Remarks 7 (e)(ii) ‧見備註/See Remarks 7 (f)(ii) ‧見備註/See Remarks 7 (e)(iii),
2017-04-07,2017-04-21,,第2座 (2B) Tower 2 (2B),42,H,,5977900,,‧價單第7號 (A1)付款辦法 Payment Plan (A1) of Price List No.7 見備註/See Remarks 7 (c)(i) ‧見備註/See Remarks 7 (c)(v) ‧見備註/See Remarks 7 (c)(vi) ‧見備註/See Remarks 7 (c)(vii) ‧見備註/See Remarks 7 (d)(ii) ‧見備註/See Remarks 7 (e)(ii) ‧見備註/See Remarks 7 (f)(ii) ‧見備註/See Remarks 7 (e)(iii),
2017-04-07,2017-04-21,,第2座 (2B) Tower 2 (2B),41,H,,5948200,,‧價單第7號 (A1)付款辦法 Payment Plan (A1) of Price List No.7 見備註/See Remarks 7 (c)(i) ‧見備註/See Remarks 7 (c)(v) ‧見備註/See Remarks 7 (c)(vi) ‧見備註/See Remarks 7 (c)(vii) ‧見備註/See Remarks 7 (d)(ii) ‧見備註/See Remarks 7 (e)(ii) ‧見備註/See Remarks 7 (f)(ii) ‧見備註/See Remarks 7 (e)(iii),
2017-04-07,2017-04-21,,第2座 (2B) Tower 2 (2B),8,J,,7533200,,‧價單第4A號 (A1)付款辦法 Payment Plan (A1) of Price List No.4A 見備註/See Remarks 7 (c)(i) ‧見備註/See Remarks 7 (c)(v) ‧見備註/See Remarks 7 (c)(vi) ‧見備註/See Remarks 7 (c)(vii) ‧見備註/See Remarks 7 (d)(ii) ‧見備註/See Remarks 7 (e)(ii) ‧見備註/See Remarks 7 (f)(ii) ‧見備註/See Remarks 7 (e)(iii),
2017-04-07,2017-04-21,,第2座 (2B) Tower 2 (2B),6,J,,7517600,,‧價單第4A號 (A1)付款辦法 Payment Plan (A1) of Price List No.4A 見備註/See Remarks 7 (c)(i) ‧見備註/See Remarks 7 (c)(v) ‧見備註/See Remarks 7 (c)(vi) ‧見備註/See Remarks 7 (c)(vii) ‧見備註/See Remarks 7 (d)(ii) ‧見備註/See Remarks 7 (e)(ii) ‧見備註/See Remarks 7 (f)(ii) ‧見備註/See Remarks 7 (e)(iii),
2017-04-07,2017-04-21,,第2座 (2B) Tower 2 (2B),51,K,,13143000,,‧價單第7號 (A1)付款辦法 Payment Plan (A1) of Price List No.7 見備註/See Remarks 7 (c)(i) ‧見備註/See Remarks 7 (c)(v) ‧見備註/See Remarks 7 (c)(vi) ‧見備註/See Remarks 7 (c)(vii) ‧見備註/See Remarks 7 (d)(ii) ‧見備註/See Remarks 7 (e)(ii) ‧見備註/See Remarks 7 (f)(ii) ‧見備註/See Remarks 7 (e)(iii),
2017-04-07,2017-04-21,,第2座 (2B) Tower 2 (2B),49,K,,12462000,,‧價單第7號 (A1)付款辦法 Payment Plan (A1) of Price List No.7 見備註/See Remarks 7 (c)(i) ‧見備註/See Remarks 7 (c)(v) ‧見備註/See Remarks 7 (c)(vi) ‧見備註/See Remarks 7 (c)(vii) ‧見備註/See Remarks 7 (d)(ii) ‧見備註/See Remarks 7 (e)(ii) ‧見備註/See Remarks 7 (f)(ii) ‧見備註/See Remarks 7 (e)(iii),
2017-04-07,2017-04-21,,第2座 (2B) Tower 2 (2B),48,K,,12352000,,‧價單第7號 (A1)付款辦法 Payment Plan (A1) of Price List No.7 見備註/See Remarks 7 (c)(i) ‧見備註/See Remarks 7 (c)(v) ‧見備註/See Remarks 7 (c)(vi) ‧見備註/See Remarks 7 (c)(vii) ‧見備註/See Remarks 7 (d)(ii) ‧見備註/See Remarks 7 (e)(ii) ‧見備註/See Remarks 7 (f)(ii) ‧見備註/See Remarks 7 (e)(iii),
2017-04-07,2017-04-21,,第2座 (2B) 47 K Tower 2 (2B) 第2座 (2B) 47 C Tower 2 (2B),,,,20652000,,‧價單第7號 (A1)付款辦法 Payment Plan (A1) of Price List No.7 見備註/See Remarks 7 (c)(i) ‧見備註/See Remarks 7 (c)(v) ‧見備註/See Remarks 7 (c)(vi) ‧見備註/See Remarks 7 (c)(vii) ‧見備註/See Remarks 7 (d)(ii) ‧見備註/See Remarks 7 (e)(ii) ‧見備註/See Remarks 7 (f)(ii) ‧見備註/See Remarks 7 (e)(iii) ‧價單第7號 (A1)付款辦法 Payment Plan (A1) of Price List No.7 見備註/See Remarks 7 (c)(i) ‧見備註/See Remarks 7 (c)(v) ‧見備註/See Remarks 7 (c)(vi) ‧見備註/See Remarks 7 (c)(vii) ‧見備註/See Remarks 7 (d)(ii) ‧見備註/See Remarks 7 (e)(ii) ‧見備註/See Remarks 7 (f)(ii) ‧見備註/See Remarks 7 (e)(iii),
2017-04-07,2017-04-21,,第2座 (2B) Tower 2 (2B),46,K,,11810700,,‧價單第7號 (A1)付款辦法 Payment Plan (A1) of Price List No.7 見備註/See Remarks 7 (c)(i) ‧見備註/See Remarks 7 (c)(v) ‧見備註/See Remarks 7 (c)(vi) ‧見備註/See Remarks 7 (c)(vii) ‧見備註/See Remarks 7 (d)(ii) ‧見備註/See Remarks 7 (e)(ii) ‧見備註/See Remarks 7 (f)(ii) ‧見備註/See Remarks 7 (e)(iii),
2017-04-09,2017-04-21,,第1座 (1A) Tower 1 (1A),51,A,,50753000,,‧價單第7號 (A1)付款辦法 Payment Plan (A1) of Price List No.7 見備註/See Remarks 7 (c)(i) ‧見備註/See Remarks 7 (c)(v) ‧見備註/See Remarks 7 (c)(vi) ‧見備註/See Remarks 7 (c)(vii) ‧見備註/See Remarks 7 (d)(ii) ‧見備註/See Remarks 7 (e)(ii) ‧見備註/See Remarks 7 (f)(i) ‧見備註/See Remarks 7 (e)(iii),
2017-04-10,2017-04-24,,第1座 (1A) Tower 1 (1A),45,A,,46883400,,‧價單第7號 (A1)付款辦法 Payment Plan (A1) of Price List No.7 見備註/See Remarks 7 (c)(i) ‧見備註/See Remarks 7 (c)(v) ‧見備註/See Remarks 7 (c)(vi) ‧見備註/See Remarks 7 (c)(vii) ‧見備註/See Remarks 7 (d)(ii) ‧見備註/See Remarks 7 (e)(ii) ‧見備註/See Remarks 7 (f)(i) ‧見備註/See Remarks 7 (e)(iii),
2017-04-10,2017-04-24,,第1座 (1A) Tower 1 (1A),51,B,,41228400,,‧價單第7號 (A1)付款辦法 Payment Plan (A1) of Price List No.7 見備註/See Remarks 7 (c)(i) ‧見備註/See Remarks 7 (c)(v) ‧見備註/See Remarks 7 (c)(vi) ‧見備註/See Remarks 7 (c)(vii) ‧見備註/See Remarks 7 (d)(ii) ‧見備註/See Remarks 7 (e)(ii) ‧見備註/See Remarks 7 (f)(i) ‧見備註/See Remarks 7 (e)(iii),
2017-04-19,2017-05-02,,第1座 (1A) Tower 1 (1A),48,A,,48782700,,‧價單第7號 (A1)付款辦法 Payment Plan (A1) of Price List No.7 見備註/See Remarks 7 (c)(i) ‧見備註/See Remarks 7 (c)(v) ‧見備註/See Remarks 7 (c)(vi) ‧見備註/See Remarks 7 (c)(vii) ‧見備註/See Remarks 7 (d)(ii) ‧見備註/See Remarks 7 (e)(ii) ‧見備註/See Remarks 7 (f)(i) ‧見備註/See Remarks 7 (e)(iii),
2017-04-28,2017-05-12,,第1座 (1A) Tower 1 (1A),49,A,,49148500,,‧價單第7A號 (A2)付款辦法 Payment Plan (A2) of Price List No.7A 見備註/See Remarks 7 (c)(i) ‧見備註/See Remarks 7 (c)(v) ‧見備註/See Remarks 7 (c)(vi) ‧見備註/See Remarks 7 (c)(vii) ‧見備註/See Remarks 7 (d)(ii) ‧見備註/See Remarks 7 (e)(ii) ‧見備註/See Remarks 7 (f)(i) ‧見備註/See Remarks 7 (e)(iii),
2017-06-08,2017-06-20,,天鑽匯 Diamond Sky Mansion,6,A,,45642400,,‧價單第6B號 (A2)付款辦法 Payment Plan (A2) of Price List No.6B 見備註/See Remarks 7 (c)(i) ‧見備註/See Remarks 7 (c)(v) ‧見備註/See Remarks 7 (c)(vi) ‧見備註/See Remarks 7 (c)(vii) ‧見備註/See Remarks 7 (d)(ii) ‧見備註/See Remarks 7 (e)(ii) ‧見備註/See Remarks 7 (f)(i) ‧見備註/See Remarks 7 (e)(iii),
2017-10-26,2017-11-07,,海鑽匯 Ocean Sky Mansion,16,B,,52554800,,‧價單第7B號 (A2)付款辦法 Payment Plan (A2) of Price List No.7B 見備註/See Remarks 7 (c)(i) ‧見備註/See Remarks 7 (c)(v) ‧見備註/See Remarks 7 (c)(vi) ‧見備註/See Remarks 7 (c)(vii) ‧見備註/See Remarks 7 (d)(ii) ‧見備註/See Remarks 7 (e)(ii) ‧見備註/See Remarks 7 (f)(i) ‧見備註/See Remarks 7 (e)(iii),
2017-12-02,2017-12-13,2019-03-22,月鑽匯 Luna Sky Mansion,12,B,,46056600,,‧價單第6C號 (A2)付款辦法 Payment Plan (A2) of Price List No.6C 見備註/See Remarks 7 (c)(i) ‧見備註/See Remarks 7 (c)(v) ‧見備註/See Remarks 7 (c)(vi) ‧見備註/See Remarks 7 (c)(vii) ‧見備註/See Remarks 7 (d)(ii) ‧見備註/See Remarks 7 (e)(ii) ‧見備註/See Remarks 7 (f)(i) ‧見備註/See Remarks 7 (e)(iii),
2019-03-03,2019-03-08,,月鑽匯 Luna Sky Mansion,11,A,,45933400,,‧價單第6D號 (F1)付款辦法 Payment Plan (F1) of Price List No.6D 見備註/See Remarks 7 (c)(x) ‧見備註/See Remarks 7 (c)(xi) ‧見備註/See Remarks 7 (c)(xii) ‧見備註/See Remarks 7 (c)(vii) ‧見備註/See Remarks 7 (e)(iv) ‧見備註/See Remarks 7 (d)(vi) ‧見備註/See Remarks 7 (e)(ii) ‧見備註/See Remarks 7 (f)(i),
2019-03-03,2019-03-08,,月鑽匯 Luna Sky Mansion,7,A,,45329600,,‧價單第6D號 (F1)付款辦法 Payment Plan (F1) of Price List No.6D 見備註/See Remarks 7 (c)(x) ‧見備註/See Remarks 7 (c)(xi) ‧見備註/See Remarks 7 (d)(vii) ‧見備註/See Remarks 7 (c)(vii) ‧見備註/See Remarks 7 (e)(iv) ‧見備註/See Remarks 7 (e)(ii) ‧見備註/See Remarks 7 (f)(i),
2019-03-03,2019-03-07,,月鑽匯 Luna Sky Mansion,6,A,,39429100,,‧價單第6D號 (F1)付款辦法 Payment Plan (F1) of Price List No.6D 見備註/See Remarks 7 (c)(x) ‧見備註/See Remarks 7 (c)(xi) ‧見備註/See Remarks 7 (c)(xii) ‧見備註/See Remarks 7 (c)(vii) ‧見備註/See Remarks 7 (e)(iv) ‧見備註/See Remarks 7 (d)(vi) ‧見備註/See Remarks 7 (e)(ii) ‧見備註/See Remarks 7 (f)(i),
2019-03-03,2019-03-08,,月鑽匯 Luna Sky Mansion,16,B,,48437200,,‧價單第6D號 (E1)付款辦法 Payment Plan (E1) of Price List No.6D 見備註/See Remarks 7 (c)(ix) ‧見備註/See Remarks 7 (c)(xi) ‧見備註/See Remarks 7 (c)(xii) ‧見備註/See Remarks 7 (c)(vii) ‧見備註/See Remarks 7 (e)(ii) ‧見備註/See Remarks 7 (f)(i),
2019-03-03,2019-03-08,,月鑽匯 Luna Sky Mansion,11,B,,51041700,"在18-04-2019，基於法例第35(2)(c)條所容許的原因 ，售價調整為$46,981,600。 On 18-04-2019, the price adjusted to $46,981,600 due to the reason allowed under section 35(2)(c) of the Ordinance.",‧價單第6D號 (F1)付款辦法 Payment Plan (F1) of Price List No.6D 見備註/See Remarks 7 (c)(x) ‧見備註/See Remarks 7 (c)(xi) ‧見備註/See Remarks 7 (d)(vii) ‧見備註/See Remarks 7 (c)(vii) ‧見備註/See Remarks 7 (e)(iv) ‧見備註/See Remarks 7 (e)(ii) ‧見備註/See Remarks 7 (f)(i) ‧價單第6D號 (F1)付款辦法 Payment Plan (F1) of Price List No.6D 見備註/See Remarks 7 (c)(x) ‧見備註/See Remarks 7 (c)(xi) ‧見備註/See Remarks 7 (c)(xii) ‧見備註/See Remarks 7 (c)(vii) ‧見備註/See Remarks 7 (e)(iv) ‧見備註/See Remarks 7 (d)(vi) ‧見備註/See Remarks 7 (e)(ii) ‧見備註/See Remarks 7 (f)(i) ‧(在18-04-2019修訂) (revised on 18-04-2019),
2019-03-10,2019-03-15,,月鑽匯 Luna Sky Mansion,12,A,,45605900,,‧價單第6E號 (E1)付款辦法 Payment Plan (E1) of Price List No.6E 見備註/See Remarks 7 (c)(ix) ‧見備註/See Remarks 7 (c)(xi) ‧見備註/See Remarks 7 (c)(xii) ‧見備註/See Remarks 7 (c)(vii) ‧見備註/See Remarks 7 (e)(ii) ‧見備註/See Remarks 7 (f)(i),
2019-03-10,2019-03-15,,月鑽匯 Luna Sky Mansion,15,B,,47486900,,‧價單第6E號 (E1)付款辦法 Payment Plan (E1) of Price List No.6E 見備註/See Remarks 7 (c)(ix) ‧見備註/See Remarks 7 (c)(xi) ‧見備註/See Remarks 7 (c)(xii) ‧見備註/See Remarks 7 (c)(vii) ‧見備註/See Remarks 7 (e)(ii) ‧見備註/See Remarks 7 (f)(i),
2019-03-10,2019-03-15,,海鑽匯 Ocean Sky Mansion,15,B,,53228600,,‧價單第7C號 (E1)付款辦法 Payment Plan (E1) of Price List No.7C 見備註/See Remarks 7 (c)(ix) ‧見備註/See Remarks 7 (c)(xi) ‧見備註/See Remarks 7 (c)(xii) ‧見備註/See Remarks 7 (c)(vii) ‧見備註/See Remarks 7 (e)(ii) ‧見備註/See Remarks 7 (f)(i),
2019-03-10,,,海鑽匯 Ocean Sky Mansion,12,B,,52288500,,‧價單第7C號 (E1)付款辦法 Payment Plan (E1) of Price List No.7C 見備註/See Remarks 7 (c)(ix) ‧見備註/See Remarks 7 (c)(xi) ‧見備註/See Remarks 7 (c)(xii) ‧見備註/See Remarks 7 (c)(vii) ‧見備註/See Remarks 7 (e)(ii) ‧見備註/See Remarks 7 (f)(i),
2019-03-11,2019-03-20,,月鑽匯 Luna Sky Mansion,16,A,,48554600,,‧價單第6E號 (F1)付款辦法 Payment Plan (F1) of Price List No.6E 見備註/See Remarks 7 (c)(x) ‧見備註/See Remarks 7 (c)(xi) ‧見備註/See Remarks 7 (c)(xii) ‧見備註/See Remarks 7 (c)(vii) ‧見備註/See Remarks 7 (e)(iv) ‧見備註/See Remarks 7 (d)(vi) ‧見備註/See Remarks 7 (e)(ii) ‧見備註/See Remarks 7 (f)(i),
2019-03-11,2019-03-18,,月鑽匯 Luna Sky Mansion,9,A,,43476000,,‧價單第6E號 (E1)付款辦法 Payment Plan (E1) of Price List No.6E 見備註/See Remarks 7 (c)(ix) ‧見備註/See Remarks 7 (c)(xi) ‧見備註/See Remarks 7 (c)(xii) ‧見備註/See Remarks 7 (c)(vii) ‧見備註/See Remarks 7 (e)(ii) ‧見備註/See Remarks 7 (f)(i),
2019-03-11,2019-03-18,,月鑽匯 Luna Sky Mansion,9,B,,44467500,,‧價單第6E號 (E1)付款辦法 Payment Plan (E1) of Price List No.6E 見備註/See Remarks 7 (c)(ix) ‧見備註/See Remarks 7 (c)(xi) ‧見備註/See Remarks 7 (c)(xii) ‧見備註/See Remarks 7 (c)(vii) ‧見備註/See Remarks 7 (e)(ii) ‧見備註/See Remarks 7 (f)(i),
2019-03-27,2019-04-01,,海鑽匯 Ocean Sky Mansion,15,A,,45310400,,‧價單第7D號 (E1)付款辦法 Payment Plan (E1) of Price List No.7D 見備註/See Remarks 7 (c)(ix) ‧見備註/See Remarks 7 (c)(xi) ‧見備註/See Remarks 7 (c)(xii) ‧見備註/See Remarks 7 (c)(vii) ‧見備註/See Remarks 7 (e)(ii) ‧見備註/See Remarks 7 (f)(i),
2019-03-29,2019-04-08,,第2座 (2A) Tower 2 (2A),50,A,,42459300,,‧價單第7D號 (E1)付款辦法 Payment Plan (E1) of Price List No.7D 見備註/See Remarks 7 (c)(ix) ‧見備註/See Remarks 7 (c)(xi) ‧見備註/See Remarks 7 (c)(xii) ‧見備註/See Remarks 7 (c)(vii) ‧見備註/See Remarks 7 (e)(ii) ‧見備註/See Remarks 7 (f)(i),
2019-03-29,2019-04-08,,第2座 (2A) Tower 2 (2A),49,A,,40982000,,‧價單第7D號 (E1)付款辦法 Payment Plan (E1) of Price List No.7D 見備註/See Remarks 7 (c)(ix) ‧見備註/See Remarks 7 (c)(xi) ‧見備註/See Remarks 7 (c)(xii) ‧見備註/See Remarks 7 (c)(vii) ‧見備註/See Remarks 7 (e)(ii) ‧見備註/See Remarks 7 (f)(i),
2019-03-29,2019-04-08,,第2座 (2A) Tower 2 (2A),50,B,,42485400,,‧價單第7D號 (E1)付款辦法 Payment Plan (E1) of Price List No.7D 見備註/See Remarks 7 (c)(ix) ‧見備註/See Remarks 7 (c)(xi) ‧見備註/See Remarks 7 (c)(xii) ‧見備註/See Remarks 7 (c)(vii) ‧見備註/See Remarks 7 (e)(ii) ‧見備註/See Remarks 7 (f)(i),
2019-03-29,2019-04-08,,海鑽匯 Ocean Sky Mansion,12,A,,45637000,,‧價單第7D號 (F1)付款辦法 Payment Plan (F1) of Price List No.7D 見備註/See Remarks 7 (c)(x) ‧見備註/See Remarks 7 (c)(xi) ‧見備註/See Remarks 7 (c)(xii) ‧見備註/See Remarks 7 (c)(vii) ‧見備註/See Remarks 7 (e)(iv) ‧見備註/See Remarks 7 (d)(vi) ‧見備註/See Remarks 7 (e)(ii) ‧見備註/See Remarks 7 (f)(i),
2019-03-31,2019-04-04,,月鑽匯 Luna Sky Mansion,6,B,,40329000,,‧價單第6E號 (F1)付款辦法 Payment Plan (F1) of Price List No.6E 見備註/See Remarks 7 (c)(x) ‧見備註/See Remarks 7 (c)(xi) ‧見備註/See Remarks 7 (c)(xii) ‧見備註/See Remarks 7 (c)(vii) ‧見備註/See Remarks 7 (e)(iv) ‧見備註/See Remarks 7 (d)(vi) ‧見備註/See Remarks 7 (e)(ii) ‧見備註/See Remarks 7 (f)(i),
2019-04-02,2019-04-08,,海鑽匯 Ocean Sky Mansion,11,A,,44831000,,‧價單第7D號 (F1)付款辦法 Payment Plan (F1) of Price List No.7D 見備註/See Remarks 7 (c)(x) ‧見備註/See Remarks 7 (c)(xi) ‧見備註/See Remarks 7 (c)(xii) ‧見備註/See Remarks 7 (c)(vii) ‧見備註/See Remarks 7 (e)(iv) ‧見備註/See Remarks 7 (d)(vi) ‧見備註/See Remarks 7 (e)(ii) ‧見備註/See Remarks 7 (f)(i),
2019-04-02,2019-04-08,,海鑽匯 Ocean Sky Mansion,11,B,,52663700,,‧價單第7D號 (F1)付款辦法 Payment Plan (F1) of Price List No.7D 見備註/See Remarks 7 (c)(x) ‧見備註/See Remarks 7 (c)(xi) ‧見備註/See Remarks 7 (c)(xii) ‧見備註/See Remarks 7 (c)(vii) ‧見備註/See Remarks 7 (e)(iv) ‧見備註/See Remarks 7 (d)(vi) ‧見備註/See Remarks 7 (e)(ii) ‧見備註/See Remarks 7 (f)(i),
2019-04-05,2019-04-10,,第1座 (1A) Tower 1 (1A),51,C,,45481000,,‧價單第7E號 (E1)付款辦法 Payment Plan (E1) of Price List No.7E 見備註/See Remarks 7 (c)(ix) ‧見備註/See Remarks 7 (c)(xi) ‧見備註/See Remarks 7 (c)(xii) ‧見備註/See Remarks 7 (c)(vii) ‧見備註/See Remarks 7 (e)(ii) ‧見備註/See Remarks 7 (f)(i),
2019-04-05,2019-04-12,,第1座 (1A) Tower 1 (1A),48,C,,43886000,,‧價單第7E號 (E1)付款辦法 Payment Plan (E1) of Price List No.7E 見備註/See Remarks 7 (c)(ix) ‧見備註/See Remarks 7 (c)(xi) ‧見備註/See Remarks 7 (c)(xii) ‧見備註/See Remarks 7 (c)(vii) ‧見備註/See Remarks 7 (e)(ii) ‧見備註/See Remarks 7 (f)(i),
2019-04-05,2019-04-12,,第1座 (1A) Tower 1 (1A),45,C,,42344000,,‧價單第7E號 (E1)付款辦法 Payment Plan (E1) of Price List No.7E 見備註/See Remarks 7 (c)(ix) ‧見備註/See Remarks 7 (c)(xi) ‧見備註/See Remarks 7 (c)(xii) ‧見備註/See Remarks 7 (c)(vii) ‧見備註/See Remarks 7 (e)(ii) ‧見備註/See Remarks 7 (f)(i),
2019-04-07,2019-04-10,,海鑽匯 Ocean Sky Mansion,9,A,,43505900,,‧價單第7E號 (F1)付款辦法 Payment Plan (F1) of Price List No.7E 見備註/See Remarks 7 (c)(x) ‧見備註/See Remarks 7 (c)(xi) ‧見備註/See Remarks 7 (c)(xii) ‧見備註/See Remarks 7 (c)(vii) ‧見備註/See Remarks 7 (e)(iv) ‧見備註/See Remarks 7 (d)(vi) ‧見備註/See Remarks 7 (e)(ii) ‧見備註/See Remarks 7 (f)(i),
2019-04-12,2019-04-15,,第1座 (1A) Tower 1 (1A),28,A,,46323900,,‧價單第4B號 (F1)付款辦法 Payment Plan (F1) of Price List No.4B 見備註/See Remarks 7 (c)(x) ‧見備註/See Remarks 7 (c)(xi) ‧見備註/See Remarks 7 (c)(xii) ‧見備註/See Remarks 7 (c)(vii) ‧見備註/See Remarks 7 (e)(iv) ‧見備註/See Remarks 7 (d)(vi) ‧見備註/See Remarks 7 (e)(ii) ‧見備註/See Remarks 7 (f)(i),
2019-04-12,2019-04-23,,第1座 (1A) Tower 1 (1A),40,B,,40143800,,‧價單第3B號 (E1)付款辦法 Payment Plan (E1) of Price List No.3B 見備註/See Remarks 7 (c)(ix) ‧見備註/See Remarks 7 (c)(xi) ‧見備註/See Remarks 7 (c)(xii) ‧見備註/See Remarks 7 (c)(vii) ‧見備註/See Remarks 7 (e)(ii) ‧見備註/See Remarks 7 (f)(i),
2019-04-12,2019-04-23,,天鑽匯 Diamond Sky Mansion,16,B,,46345300,,‧價單第6E號 (E1)付款辦法 Payment Plan (E1) of Price List No.6E 見備註/See Remarks 7 (c)(ix) ‧見備註/See Remarks 7 (c)(xi) ‧見備註/See Remarks 7 (c)(xii) ‧見備註/See Remarks 7 (c)(vii) ‧見備註/See Remarks 7 (e)(ii) ‧見備註/See Remarks 7 (f)(i),
2019-04-18,2019-04-25,,天鑽匯 Diamond Sky Mansion,12,B,,45762500,,‧價單第6E號 (F1.)付款辦法 Payment Plan (F1.) of Price List No.6E 見備註/See Remarks 7.1 (c)(i)(b) ‧見備註/See Remarks 7.1 (c)(i)(c) ‧見備註/See Remarks 7.1 (c)(i)(d) ‧見備註/See Remarks 7.1 (c)(i)(e) ‧見備註/See Remarks 7.1 (e)(ii) ‧見備註/See Remarks 7.1 (d)(ii) ‧見備註/See Remarks 7.1 (e)(i) ‧見備註/See Remarks 7.1 (f)(i),
2019-04-21,2019-04-29,,月鑽匯 Luna Sky Mansion,8,B,,43355900,,‧價單第6E號 (E1.)付款辦法 Payment Plan (E1.) of Price List No.6E 見備註/See Remarks 7.1 (c)(i)(a) ‧見備註/See Remarks 7.1 (c)(i)(c) ‧見備註/See Remarks 7.1 (c)(i)(d) ‧見備註/See Remarks 7.1 (c)(i)(e) ‧見備註/See Remarks 7.1 (e)(i) ‧見備註/See Remarks 7.1 (f)(i),
2019-05-04,2019-05-10,,天鑽匯 Diamond Sky Mansion,15,B,,45435200,,‧價單第6E號 (E1.)付款辦法 Payment Plan (E1.) of Price List No.6E 見備註/See Remarks 7.1 (c)(i)(a) ‧見備註/See Remarks 7.1 (c)(i)(c) ‧見備註/See Remarks 7.1 (c)(i)(d) ‧見備註/See Remarks 7.1 (c)(i)(e) ‧見備註/See Remarks 7.1 (e)(i) ‧見備註/See Remarks 7.1 (f)(i),
2019-05-09,2019-05-17,,天鑽匯 Diamond Sky Mansion,11,B,,43843400,,‧價單第6E號 (E1.)付款辦法 Payment Plan (E1.) of Price List No.6E 見備註/See Remarks 7.1 (c)(i)(a) ‧見備註/See Remarks 7.1 (c)(i)(c) ‧見備註/See Remarks 7.1 (c)(i)(d) ‧見備註/See Remarks 7.1 (c)(i)(e) ‧見備註/See Remarks 7.1 (e)(i) ‧見備註/See Remarks 7.1 (f)(i),
2019-06-12,2019-06-19,,月鑽匯 Luna Sky Mansion,12,B,,46647100,,‧價單第6F號 (E2)付款辦法 Payment Plan (E2) of Price List No.6F 見備註/See Remarks 7.1 (c)(i)(a) ‧見備註/See Remarks 7.1 (c)(i)(c) ‧見備註/See Remarks 7.1 (c)(i)(d) ‧見備註/See Remarks 7.1 (c)(i)(e) ‧見備註/See Remarks 7.1 (e)(i) ‧見備註/See Remarks 7.1 (f)(i),
2019-07-01,2019-07-08,,海鑽匯 Ocean Sky Mansion,16,A,,47388200,,‧價單第7G號 (F2)付款辦法 Payment Plan (F2) of Price List No.7G 見備註/See Remarks 7.1 (c)(i)(b) ‧見備註/See Remarks 7.1 (c)(i)(c) ‧見備註/See Remarks 7.1 (c)(i)(d) ‧見備註/See Remarks 7.1 (c)(i)(e) ‧見備註/See Remarks 7.1 (d)(ii) ‧見備註/See Remarks 7.1 (e)(i) ‧見備註/See Remarks 7.1 (f)(i),
2019-07-02,2019-07-09,,天鑽匯 Diamond Sky Mansion,10,B,,43196400,,‧價單第6F號 (E2)付款辦法 Payment Plan (E2) of Price List No.6F 見備註/See Remarks 7.1 (c)(i)(a) ‧見備註/See Remarks 7.1 (c)(i)(c) ‧見備註/See Remarks 7.1 (c)(i)(d) ‧見備註/See Remarks 7.1 (c)(i)(e) ‧見備註/See Remarks 7.1 (e)(i) ‧見備註/See Remarks 7.1 (f)(i),
2019-07-06,2019-07-12,,海鑽匯 Ocean Sky Mansion,7,A,,39714000,,‧價單第7G號 (E2)付款辦法 Payment Plan (E2) of Price List No.7G 見備註/See Remarks 7.1 (c)(i)(a) ‧見備註/See Remarks 7.1 (c)(i)(c) ‧見備註/See Remarks 7.1 (c)(i)(d) ‧見備註/See Remarks 7.1 (c)(i)(e) ‧見備註/See Remarks 7.1 (e)(i) ‧見備註/See Remarks 7.1 (f)(i),
2019-07-08,2019-07-15,,月鑽匯 Luna Sky Mansion,8,A,,42388200,,‧價單第6F號 (E2)付款辦法 Payment Plan (E2) of Price List No.6F 見備註/See Remarks 7.1 (c)(i)(a) ‧見備註/See Remarks 7.1 (c)(i)(c) ‧見備註/See Remarks 7.1 (c)(i)(d) ‧見備註/See Remarks 7.1 (c)(i)(e) ‧見備註/See Remarks 7.1 (e)(i) ‧見備註/See Remarks 7.1 (f)(i),
2019-07-17,2019-07-24,,天鑽匯 Diamond Sky Mansion,9,B,,42547800,,‧價單第6F號 (E2)付款辦法 Payment Plan (E2) of Price List No.6F 見備註/See Remarks 7.1 (c)(i)(a) ‧見備註/See Remarks 7.1 (c)(i)(c) ‧見備註/See Remarks 7.1 (c)(i)(d) ‧見備註/See Remarks 7.1 (c)(i)(e) ‧見備註/See Remarks 7.1 (e)(i) ‧見備註/See Remarks 7.1 (f)(i),
2019-07-17,2019-07-24,,天鑽匯 Diamond Sky Mansion,8,B,,41483600,,‧價單第6F號 (E2)付款辦法 Payment Plan (E2) of Price List No.6F 見備註/See Remarks 7.1 (c)(i)(a) ‧見備註/See Remarks 7.1 (c)(i)(c) ‧見備註/See Remarks 7.1 (c)(i)(d) ‧見備註/See Remarks 7.1 (c)(i)(e) ‧見備註/See Remarks 7.1 (e)(i) ‧見備註/See Remarks 7.1 (f)(i),
2019-07-18,2019-07-25,,海鑽匯 Ocean Sky Mansion,12,B,,52288500,,‧價單第7H號 (E2)付款辦法 Payment Plan (E2) of Price List No.7H 見備註/See Remarks 7.1 (c)(i)(a) ‧見備註/See Remarks 7.1 (c)(i)(c) ‧見備註/See Remarks 7.1 (c)(i)(d) ‧見備註/See Remarks 7.1 (c)(i)(e) ‧見備註/See Remarks 7.1 (e)(i) ‧見備註/See Remarks 7.1 (f)(i),
2019-07-24,2019-07-29,,海鑽匯 Ocean Sky Mansion,10,A,,43622400,,‧價單第7H號 (G1)付款辦法 Payment Plan (G1) of Price List No.7H 見備註/See Remarks 7.1 (c)(i)(f) ‧見備註/See Remarks 7.1 (c)(i)(c) ‧見備註/See Remarks 7.1 (c)(i)(d) ‧見備註/See Remarks 7.1 (c)(i)(e) ‧見備註/See Remarks 7.1 (d)(ii) ‧見備註/See Remarks 7.1 (e)(i) ‧見備註/See Remarks 7.1 (f)(i),
2019-07-29,2019-08-05,,海鑽匯 Ocean Sky Mansion,6,A,,37530500,,‧價單第7H號 (E2)付款辦法 Payment Plan (E2) of Price List No.7H 見備註/See Remarks 7.1 (c)(i)(a) ‧見備註/See Remarks 7.1 (c)(i)(c) ‧見備註/See Remarks 7.1 (c)(i)(d) ‧見備註/See Remarks 7.1 (c)(i)(e) ‧見備註/See Remarks 7.1 (e)(i) ‧見備註/See Remarks 7.1 (f)(i),
2019-09-06,2019-09-13,,海鑽匯 Ocean Sky Mansion,8,A,,42197000,,‧價單第7I號 (E2)付款辦法 Payment Plan (E2) of Price List No.7I 見備註/See Remarks 7.1 (c)(i)(a) ‧見備註/See Remarks 7.1 (c)(i)(c) ‧見備註/See Remarks 7.1 (c)(i)(d) ‧見備註/See Remarks 7.1 (c)(i)(e) ‧見備註/See Remarks 7.1 (e)(i) ‧見備註/See Remarks 7.1 (f)(i),
2019-09-16,2019-09-23,,星鑽匯 Star Sky Mansion,15,A,,45875300,,‧價單第8號 (E3)付款辦法 Payment Plan (E3) of Price List No.8 見備註/See Remarks 7.1 (c)(i)(a) ‧見備註/See Remarks 7.1 (c)(i)(c) ‧見備註/See Remarks 7.1 (c)(i)(d) ‧見備註/See Remarks 7.1 (c)(i)(e) ‧見備註/See Remarks 7.1 (e)(i) ‧見備註/See Remarks 7.1 (f)(i),
2019-09-16,2019-09-23,,星鑽匯 Star Sky Mansion,15,B,,54305300,,‧價單第8號 (E3)付款辦法 Payment Plan (E3) of Price List No.8 見備註/See Remarks 7.1 (c)(i)(a) ‧見備註/See Remarks 7.1 (c)(i)(c) ‧見備註/See Remarks 7.1 (c)(i)(d) ‧見備註/See Remarks 7.1 (c)(i)(e) ‧見備註/See Remarks 7.1 (e)(i) ‧見備註/See Remarks 7.1 (f)(i),
2019-09-16,2019-09-20,,星鑽匯 Star Sky Mansion,6,B,,45551200,,‧價單第8號 (G2)付款辦法 Payment Plan (G2) of Price List No.8 見備註/See Remarks 7.1 (c)(i)(f) ‧見備註/See Remarks 7.1 (c)(i)(c) ‧見備註/See Remarks 7.1 (c)(i)(d) ‧見備註/See Remarks 7.1 (c)(i)(e) ‧見備註/See Remarks 7.1 (d)(ii) ‧見備註/See Remarks 7.1 (e)(i) ‧見備註/See Remarks 7.1 (f)(i),
2019-09-17,2019-09-23,2022-06-06,星鑽匯 Star Sky Mansion,6,A,,38480800,,‧價單第8號 (G2)付款辦法 Payment Plan (G2) of Price List No.8 見備註/See Remarks 7.1 (c)(i)(f) ‧見備註/See Remarks 7.1 (c)(i)(c) ‧見備註/See Remarks 7.1 (c)(i)(d) ‧見備註/See Remarks 7.1 (c)(i)(e) ‧見備註/See Remarks 7.1 (d)(ii) ‧見備註/See Remarks 7.1 (e)(i) ‧見備註/See Remarks 7.1 (f)(i),
2019-09-22,2019-09-27,,星鑽匯 Star Sky Mansion,11,B,,52401400,,‧價單第8A號 (E3)付款辦法 Payment Plan (E3) of Price List No.8A 見備註/See Remarks 7.1 (c)(i)(a) ‧見備註/See Remarks 7.1 (c)(i)(c) ‧見備註/See Remarks 7.1 (c)(i)(d) ‧見備註/See Remarks 7.1 (c)(i)(e) ‧見備註/See Remarks 7.1 (e)(i) ‧見備註/See Remarks 7.1 (f)(i),
2019-09-25,2019-10-03,,星鑽匯 Star Sky Mansion,16,B,,55944600,,‧價單第8B號 (E3)付款辦法 Payment Plan (E3) of Price List No.8B 見備註/See Remarks 7.1 (c)(i)(a) ‧見備註/See Remarks 7.1 (c)(i)(c) ‧見備註/See Remarks 7.1 (c)(i)(d) ‧見備註/See Remarks 7.1 (c)(i)(e) ‧見備註/See Remarks 7.1 (e)(i) ‧見備註/See Remarks 7.1 (f)(i),
2019-09-27,2019-10-08,,星鑽匯 Star Sky Mansion,12,B,,53878000,,‧價單第8C號 (E3)付款辦法 Payment Plan (E3) of Price List No.8C 見備註/See Remarks 7.1 (c)(i)(a) ‧見備註/See Remarks 7.1 (c)(i)(c) ‧見備註/See Remarks 7.1 (c)(i)(d) ‧見備註/See Remarks 7.1 (c)(i)(e) ‧見備註/See Remarks 7.1 (e)(i) ‧見備註/See Remarks 7.1 (f)(i),
2019-09-30,2019-10-09,,星鑽匯 Star Sky Mansion,12,A,,46090400,,‧價單第8C號 (G2)付款辦法 Payment Plan (G2) of Price List No.8C 見備註/See Remarks 7.1 (c)(i)(f) ‧見備註/See Remarks 7.1 (c)(i)(c) ‧見備註/See Remarks 7.1 (c)(i)(d) ‧見備註/See Remarks 7.1 (c)(i)(e) ‧見備註/See Remarks 7.1 (d)(ii) ‧見備註/See Remarks 7.1 (e)(i) ‧見備註/See Remarks 7.1 (f)(i),
2019-10-07,2019-10-14,,星鑽匯 Star Sky Mansion,16,A,,47260900,,‧價單第8D號 (E3)付款辦法 Payment Plan (E3) of Price List No.8D 見備註/See Remarks 7.1 (c)(i)(a) ‧見備註/See Remarks 7.1 (c)(i)(c) ‧見備註/See Remarks 7.1 (c)(i)(d) ‧見備註/See Remarks 7.1 (c)(i)(e) ‧見備註/See Remarks 7.1 (e)(i) ‧見備註/See Remarks 7.1 (f)(i),
2019-10-19,2019-10-25,,星鑽匯 Star Sky Mansion,9,B,,52141300,,‧價單第8D號 (F3)付款辦法 Payment Plan (F3) of Price List No.8D 見備註/See Remarks 7.1 (c)(i)(b) ‧見備註/See Remarks 7.1 (c)(i)(c) ‧見備註/See Remarks 7.1 (c)(i)(d) ‧見備註/See Remarks 7.1 (c)(i)(e) ‧見備註/See Remarks 7.1 (d)(ii) ‧見備註/See Remarks 7.1 (e)(i) ‧見備註/See Remarks 7.1 (f)(i),
2019-10-24,2019-10-31,,星鑽匯 Star Sky Mansion,10,B,,52934300,,‧價單第8D號 (F3)付款辦法 Payment Plan (F3) of Price List No.8D 見備註/See Remarks 7.1 (c)(i)(b) ‧見備註/See Remarks 7.1 (c)(i)(c) ‧見備註/See Remarks 7.1 (c)(i)(d) ‧見備註/See Remarks 7.1 (c)(i)(e) ‧見備註/See Remarks 7.1 (d)(iv) ‧見備註/See Remarks 7.1 (e)(i) ‧見備註/See Remarks 7.1 (f)(i),
2019-10-25,2019-11-01,,海鑽匯 Ocean Sky Mansion,10,B,,50603400,,‧價單第7J號 (E3)付款辦法 Payment Plan (E3) of Price List No.7J 見備註/See Remarks 7.1 (c)(i)(a) ‧見備註/See Remarks 7.1 (c)(i)(c) ‧見備註/See Remarks 7.1 (c)(i)(d) ‧見備註/See Remarks 7.1 (c)(i)(e) ‧見備註/See Remarks 7.1 (e)(i) ‧見備註/See Remarks 7.1 (f)(i),
2019-10-29,2019-11-05,,星鑽匯 Star Sky Mansion,11,A,,44828000,,‧價單第8D號 (G2)付款辦法 Payment Plan (G2) of Price List No.8D 見備註/See Remarks 7.1 (c)(i)(f) ‧見備註/See Remarks 7.1 (c)(i)(c) ‧見備註/See Remarks 7.1 (c)(i)(d) ‧見備註/See Remarks 7.1 (c)(i)(e) ‧見備註/See Remarks 7.1 (d)(ii) ‧見備註/See Remarks 7.1 (e)(i) ‧見備註/See Remarks 7.1 (f)(i),
2019-12-05,2019-12-12,,日鑽匯 Sun Sky Mansion,10,A,,50551300,,‧價單第8E號 (E3)付款辦法 Payment Plan (E3) of Price List No.8E 見備註/See Remarks 7.1 (c)(i)(a) ‧見備註/See Remarks 7.1 (c)(i)(c) ‧見備註/See Remarks 7.1 (c)(i)(d) ‧見備註/See Remarks 7.1 (c)(i)(e) ‧見備註/See Remarks 7.1 (e)(i) ‧見備註/See Remarks 7.1 (f)(i),
2019-12-07,2019-12-13,,日鑽匯 Sun Sky Mansion,12,A,,52233200,,‧價單第8E號 (E3)付款辦法 Payment Plan (E3) of Price List No.8E 見備註/See Remarks 7.1 (c)(i)(a) ‧見備註/See Remarks 7.1 (c)(i)(c) ‧見備註/See Remarks 7.1 (c)(i)(d) ‧見備註/See Remarks 7.1 (c)(i)(e) ‧見備註/See Remarks 7.1 (e)(i) ‧見備註/See Remarks 7.1 (f)(i),
2019-12-14,2019-12-20,,日鑽匯 Sun Sky Mansion,15,A,,54235800,,‧價單第8F號 (E3)付款辦法 Payment Plan (E3) of Price List No.8F 見備註/See Remarks 7.1 (c)(i)(a) ‧見備註/See Remarks 7.1 (c)(i)(c) ‧見備註/See Remarks 7.1 (c)(i)(d) ‧見備註/See Remarks 7.1 (c)(i)(e) ‧見備註/See Remarks 7.1 (e)(i) ‧見備註/See Remarks 7.1 (f)(i),
2019-12-21,2019-12-31,,日鑽匯 Sun Sky Mansion,11,A,,52335100,,‧價單第8G號 (E3)付款辦法 Payment Plan (E3) of Price List No.8G 見備註/See Remarks 7.1 (c)(i)(a) ‧見備註/See Remarks 7.1 (c)(i)(c) ‧見備註/See Remarks 7.1 (c)(i)(d) ‧見備註/See Remarks 7.1 (c)(i)(e) ‧見備註/See Remarks 7.1 (e)(i) ‧見備註/See Remarks 7.1 (f)(i),
2019-12-21,2019-12-31,,日鑽匯 Sun Sky Mansion,9,A,,50291400,,‧價單第8G號 (E3)付款辦法 Payment Plan (E3) of Price List No.8G 見備註/See Remarks 7.1 (c)(i)(a) ‧見備註/See Remarks 7.1 (c)(i)(c) ‧見備註/See Remarks 7.1 (c)(i)(d) ‧見備註/See Remarks 7.1 (c)(i)(e) ‧見備註/See Remarks 7.1 (e)(i) ‧見備註/See Remarks 7.1 (f)(i),
2019-12-21,2019-12-31,,日鑽匯 Sun Sky Mansion,11,B,,43566100,,‧價單第8G號 (E3)付款辦法 Payment Plan (E3) of Price List No.8G 見備註/See Remarks 7.1 (c)(i)(a) ‧見備註/See Remarks 7.1 (c)(i)(c) ‧見備註/See Remarks 7.1 (c)(i)(d) ‧見備註/See Remarks 7.1 (c)(i)(e) ‧見備註/See Remarks 7.1 (e)(i) ‧見備註/See Remarks 7.1 (f)(i),
2020-02-21,2020-02-28,,日鑽匯 Sun Sky Mansion,10,B,,42922200,,‧價單第8G號 (E3)付款辦法 Payment Plan (E3) of Price List No.8G 見備註/See Remarks 7.1 (c)(i)(a) ‧見備註/See Remarks 7.1 (c)(i)(c) ‧見備註/See Remarks 7.1 (c)(i)(d) ‧見備註/See Remarks 7.1 (c)(i)(e) ‧見備註/See Remarks 7.1 (e)(i) ‧見備註/See Remarks 7.1 (f)(i),
2020-02-22,2020-02-28,,第2座 (2B) Tower 2 (2B),16,D,,8248300,,‧價單第6G號 (E3)付款辦法 Payment Plan (E3) of Price List No.6G 見備註/See Remarks 7.1 (c)(i)(a) ‧見備註/See Remarks 7.1 (c)(i)(c) ‧見備註/See Remarks 7.1 (c)(i)(d) ‧見備註/See Remarks 7.1 (c)(i)(e) ‧見備註/See Remarks 7.1 (e)(i),
2020-05-20,2020-05-27,,日鑽匯 Sun Sky Mansion,12,B,,44350600,,‧價單第8G號 (E3)付款辦法 Payment Plan (E3) of Price List No.8G 見備註/See Remarks 7.1 (c)(i)(a) ‧見備註/See Remarks 7.1 (c)(i)(c) ‧見備註/See Remarks 7.1 (c)(i)(d) ‧見備註/See Remarks 7.1 (c)(i)(e) ‧見備註/See Remarks 7.1 (e)(i) ‧見備註/See Remarks 7.1 (f)(i),
2020-06-26,2020-06-30,,星鑽匯 Star Sky Mansion,7,B,,48684800,,‧價單第8G號 (G2)付款辦法 Payment Plan (G2) of Price List No.8G 見備註/See Remarks 7.1 (c)(i)(f) ‧見備註/See Remarks 7.1 (c)(i)(c) ‧見備註/See Remarks 7.1 (c)(i)(d) ‧見備註/See Remarks 7.1 (c)(i)(e) ‧見備註/See Remarks 7.1 (d)(ii) ‧見備註/See Remarks 7.1 (e)(i) ‧見備註/See Remarks 7.1 (f)(i),
2020-09-12,2020-09-18,,海鑽匯 Ocean Sky Mansion,9,B,,49845000,,‧價單第7K號 (E3)付款辦法 Payment Plan (E3) of Price List No.7K 見備註/See Remarks 7.1 (c)(i)(a) ‧見備註/See Remarks 7.1 (c)(i)(c) ‧見備註/See Remarks 7.1 (c)(i)(d) ‧見備註/See Remarks 7.1 (c)(i)(e) ‧見備註/See Remarks 7.1 (e)(i) ‧見備註/See Remarks 7.1 (f)(i),
2020-09-17,2020-09-24,,日鑽匯 Sun Sky Mansion,9,B,,43243200,,‧價單第8H號 (G2)付款辦法 Payment Plan (G2) of Price List No.8H 見備註/See Remarks 7.1 (c)(i)(f) ‧見備註/See Remarks 7.1 (c)(i)(c) ‧見備註/See Remarks 7.1 (c)(i)(d) ‧見備註/See Remarks 7.1 (c)(i)(e) ‧見備註/See Remarks 7.1 (d)(ii) ‧見備註/See Remarks 7.1 (e)(i) ‧見備註/See Remarks 7.1 (f)(i),
2020-09-18,2020-09-25,,日鑽匯 Sun Sky Mansion,15,B,,46051400,,‧價單第8H號 (E3)付款辦法 Payment Plan (E3) of Price List No.8H 見備註/See Remarks 7.1 (c)(i)(a) ‧見備註/See Remarks 7.1 (c)(i)(c) ‧見備註/See Remarks 7.1 (c)(i)(d) ‧見備註/See Remarks 7.1 (c)(i)(e) ‧見備註/See Remarks 7.1 (e)(i) ‧見備註/See Remarks 7.1 (f)(i),
2020-09-24,2020-10-05,,星鑽匯 Star Sky Mansion,10,A,,43613500,,‧價單第8H號 (E3)付款辦法 Payment Plan (E3) of Price List No.8H 見備註/See Remarks 7.1 (c)(i)(a) ‧見備註/See Remarks 7.1 (c)(i)(c) ‧見備註/See Remarks 7.1 (c)(i)(d) ‧見備註/See Remarks 7.1 (c)(i)(e) ‧見備註/See Remarks 7.1 (e)(i) ‧見備註/See Remarks 7.1 (f)(i),
2020-09-28,2020-10-07,,日鑽匯 Sun Sky Mansion,7,B,,40167500,,‧價單第8I號 (E3)付款辦法 Payment Plan (E3) of Price List No.8I 見備註/See Remarks 7.1 (c)(i)(a) ‧見備註/See Remarks 7.1 (c)(i)(c) ‧見備註/See Remarks 7.1 (c)(i)(d) ‧見備註/See Remarks 7.1 (c)(i)(e) ‧見備註/See Remarks 7.1 (e)(i) ‧見備註/See Remarks 7.1 (f)(i),
2020-11-25,2020-12-01,,星鑽匯 Star Sky Mansion,9,A,,42960200,,‧價單第8I號 (E3)付款辦法 Payment Plan (E3) of Price List No.8I 見備註/See Remarks 7.1 (c)(i)(a) ‧見備註/See Remarks 7.1 (c)(i)(c) ‧見備註/See Remarks 7.1 (c)(i)(d) ‧見備註/See Remarks 7.1 (c)(i)(e) ‧見備註/See Remarks 7.1 (e)(i) ‧見備註/See Remarks 7.1 (f)(i),
2021-01-21,2021-01-28,,日鑽匯 Sun Sky Mansion,7,A,,47539800,,‧價單第8I號 (E3)付款辦法 Payment Plan (E3) of Price List No.8I 見備註/See Remarks 7.1 (c)(i)(a) ‧見備註/See Remarks 7.1 (c)(i)(c) ‧見備註/See Remarks 7.1 (c)(i)(d) ‧見備註/See Remarks 7.1 (c)(i)(e) ‧見備註/See Remarks 7.1 (e)(i) ‧見備註/See Remarks 7.1 (f)(i),
2021-02-07,2021-02-16,,日鑽匯 Sun Sky Mansion,6,A,,44924900,,‧價單第8J號 (E3)付款辦法 Payment Plan (E3) of Price List No.8J 見備註/See Remarks 7.1 (c)(i)(a) ‧見備註/See Remarks 7.1 (c)(i)(c) ‧見備註/See Remarks 7.1 (c)(i)(d) ‧見備註/See Remarks 7.1 (c)(i)(e) ‧見備註/See Remarks 7.1 (e)(i) ‧見備註/See Remarks 7.1 (f)(i),
2021-02-26,2021-03-05,,日鑽匯 Sun Sky Mansion,6,B,,38704800,,‧價單第8J號 (G2)付款辦法 Payment Plan (G2) of Price List No.8J 見備註/See Remarks 7.1 (c)(i)(f) ‧見備註/See Remarks 7.1 (c)(i)(c) ‧見備註/See Remarks 7.1 (c)(i)(d) ‧見備註/See Remarks 7.1 (c)(i)(e) ‧見備註/See Remarks 7.1 (d)(ii) ‧見備註/See Remarks 7.1 (e)(i) ‧見備註/See Remarks 7.1 (f)(i),
2021-02-28,2021-03-05,,日鑽匯 Sun Sky Mansion,8,B,,42691000,"在03-05-2021，基於法例第35(2)(b)條所容許的原因 ，售價調整為$41,636,900。 On 03-05-2021, the price adjusted to $41,636,900 due to the reason allowed under section 35(2)(b) of the Ordinance.",‧價單第8J號 (F3)付款辦法 Payment Plan (F3) of Price List No.8J 見備註/See Remarks 7.1 (c)(i)(b) ‧見備註/See Remarks 7.1 (c)(i)(c) ‧見備註/See Remarks 7.1 (c)(i)(d) ‧見備註/See Remarks 7.1 (c)(i)(e) ‧見備註/See Remarks 7.1 (d)(ii) ‧見備註/See Remarks 7.1 (e)(i) ‧見備註/See Remarks 7.1 (f)(i) ‧價單第8J號 (E3)付款辦法 Payment Plan (E3) of Price List No.8J 見備註/See Remarks 7.1 (c)(i)(a) ‧見備註/See Remarks 7.1 (c)(i)(c) ‧見備註/See Remarks 7.1 (c)(i)(d) ‧見備註/See Remarks 7.1 (c)(i)(e) ‧見備註/See Remarks 7.1 (e)(i) ‧見備註/See Remarks 7.1 (f)(i) ‧(在03-05-2021修訂) (revised on 03-05-2021),
2021-02-28,2021-03-05,,海鑽匯 Ocean Sky Mansion,8,B,,48598400,,‧價單第7K號 (E3)付款辦法 Payment Plan (E3) of Price List No.7K 見備註/See Remarks 7.1 (c)(i)(a) ‧見備註/See Remarks 7.1 (c)(i)(c) ‧見備註/See Remarks 7.1 (c)(i)(d) ‧見備註/See Remarks 7.1 (c)(i)(e) ‧見備註/See Remarks 7.1 (e)(i) ‧見備註/See Remarks 7.1 (f)(i),
2021-03-10,2021-03-17,,星鑽匯 Star Sky Mansion,7,A,,40613100,,‧價單第8K號 (E3)付款辦法 Payment Plan (E3) of Price List No.8K 見備註/See Remarks 7.1 (c)(i)(a) ‧見備註/See Remarks 7.1 (c)(i)(c) ‧見備註/See Remarks 7.1 (c)(i)(d) ‧見備註/See Remarks 7.1 (c)(i)(e) ‧見備註/See Remarks 7.1 (e)(i) ‧見備註/See Remarks 7.1 (f)(i),
2021-03-17,2021-03-24,,星鑽匯 Star Sky Mansion,8,A,,43145000,,‧價單第8K號 (E3)付款辦法 Payment Plan (E3) of Price List No.8K 見備註/See Remarks 7.1 (c)(i)(a) ‧見備註/See Remarks 7.1 (c)(i)(c) ‧見備註/See Remarks 7.1 (c)(i)(d) ‧見備註/See Remarks 7.1 (c)(i)(e) ‧見備註/See Remarks 7.1 (e)(i) ‧見備註/See Remarks 7.1 (f)(i),
2021-03-17,2021-03-24,,星鑽匯 Star Sky Mansion,8,B,,51072700,,‧價單第8K號 (E3)付款辦法 Payment Plan (E3) of Price List No.8K 見備註/See Remarks 7.1 (c)(i)(a) ‧見備註/See Remarks 7.1 (c)(i)(c) ‧見備註/See Remarks 7.1 (c)(i)(d) ‧見備註/See Remarks 7.1 (c)(i)(e) ‧見備註/See Remarks 7.1 (e)(i) ‧見備註/See Remarks 7.1 (f)(i),
2021-04-04,2021-04-13,,日鑽匯 Sun Sky Mansion,8,A,,49656800,"在02-06-2021，基於法例第35(2)(b)條所容許的原因 ，售價調整為$49,036,000。 On 02-06-2021, the price adjusted to $49,036,000 due to the reason allowed under section 35(2)(b) of the Ordinance.",‧價單第8K號 (G2)付款辦法 Payment Plan (G2) of Price List No.8K 見備註/See Remarks 7.1 (c)(i)(f) ‧見備註/See Remarks 7.1 (c)(i)(c) ‧見備註/See Remarks 7.1 (c)(i)(d) ‧見備註/See Remarks 7.1 (c)(i)(e) ‧見備註/See Remarks 7.1 (d)(ii) ‧見備註/See Remarks 7.1 (e)(i) ‧見備註/See Remarks 7.1 (f)(i) ‧價單第8K號 (E3)付款辦法 Payment Plan (E3) of Price List No.8K 見備註/See Remarks 7.1 (c)(i)(a) ‧見備註/See Remarks 7.1 (c)(i)(c) ‧見備註/See Remarks 7.1 (c)(i)(d) ‧見備註/See Remarks 7.1 (c)(i)(e) ‧見備註/See Remarks 7.1 (e)(i) ‧見備註/See Remarks 7.1 (f)(i) ‧(在02-06-2021修訂) (revised on 02-06-2021),
2021-04-14,2021-04-21,,日鑽匯 Sun Sky Mansion,16,A,,59344800,,180日付款計劃 (TB1) 180 Days Payment Plan (TB1) ‧見備註/See Remarks 7.1 (c)(ii)(b) ‧見備註/See Remarks 7.1 (d)(ii) ‧見備註/See Remarks 7.1 (e)(i) ‧見備註/See Remarks 7.1 (f)(i) ‧見備註/See Remarks 7.1 (f)(ii),
2021-05-12,2021-05-20,,日鑽匯 Sun Sky Mansion,16,B,,50912400,,90日付款計劃 (TA1) 90 Days Payment Plan (TA1) ‧見備註/See Remarks 7.1 (c)(ii)(a) ‧見備註/See Remarks 7.1 (e)(i) ‧見備註/See Remarks 7.1 (f)(i) ‧見備註/See Remarks 7.1 (f)(ii),
2021-05-14,2021-05-24,,海鑽匯 Ocean Sky Mansion,7,B,,47836100,,‧價單第7K號 (F3)付款辦法 Payment Plan (F3) of Price List No.7K 見備註/See Remarks 7.1 (c)(i)(b) ‧見備註/See Remarks 7.1 (c)(i)(c) ‧見備註/See Remarks 7.1 (c)(i)(d) ‧見備註/See Remarks 7.1 (c)(i)(e) ‧見備註/See Remarks 7.1 (d)(ii) ‧見備註/See Remarks 7.1 (e)(i) ‧見備註/See Remarks 7.1 (f)(i),
2021-06-26,2021-07-05,,海鑽匯 Ocean Sky Mansion,6,B,,46380900,,‧價單第7L號 (E3)付款辦法 Payment Plan (E3) of Price List No.7L 見備註/See Remarks 7.1 (c)(i)(a) ‧見備註/See Remarks 7.1 (c)(i)(c) ‧見備註/See Remarks 7.1 (c)(i)(d) ‧見備註/See Remarks 7.1 (c)(i)(e) ‧見備註/See Remarks 7.1 (e)(i) ‧見備註/See Remarks 7.1 (f)(i),
2023-05-02,2023-05-09,2023-09-04,星鑽匯 Star Sky Mansion,6,A,,40000000,,90日付款計劃 (TA1) 90 Days Payment Plan (TA1) ‧見備註/See Remarks 7.1 (c)(ii)(a) ‧見備註/See Remarks 7.1 (e)(i) ‧見備註/See Remarks 7.1 (f)(i),
2025-03-28,2025-04-07,,星鑽匯 Star Sky Mansion,6,A,,38580000,,90日付款計劃 (TA2) 90 Days Payment Plan (TA2) ‧見備註/See Remarks 7.1 (c)(ii)(d) ‧見備註/See Remarks 7.1 (e)(i) ‧見備註/See Remarks 7.1 (f)(i),
