pasp,asp,terminated,block,floor,unit,carpark,price,revision,terms,related
2017-11-25,2017-12-06,,第3座 (3A) Tower 3 (3A),48,A,,37779200,,‧價單第2號 (A1)付款辦法 Payment Plan (A1) of Price List No.2 見備註/See Remarks 7 (c)(i) ‧見備註/See Remarks 7 (c)(iii) ‧見備註/See Remarks 7 (c)(iv) ‧見備註/See Remarks 7 (c)(v) ‧見備註/See Remarks 7 (e)(i) ‧見備註/See Remarks 7 (d)(ii) ‧見備註/See Remarks 7 (e)(iii) ‧見備註/See Remarks 7 (f)(i),
2017-11-25,2017-12-06,,第3座 (3A) Tower 3 (3A),47,A,,37184000,,‧價單第2號 (A1)付款辦法 Payment Plan (A1) of Price List No.2 見備註/See Remarks 7 (c)(i) ‧見備註/See Remarks 7 (c)(iii) ‧見備註/See Remarks 7 (c)(iv) ‧見備註/See Remarks 7 (c)(v) ‧見備註/See Remarks 7 (e)(i) ‧見備註/See Remarks 7 (d)(ii) ‧見備註/See Remarks 7 (e)(iii) ‧見備註/See Remarks 7 (f)(i),
2017-11-25,2017-12-06,,第3座 (3A) Tower 3 (3A),46,A,,36888800,,‧價單第2號 (A1)付款辦法 Payment Plan (A1) of Price List No.2 見備註/See Remarks 7 (c)(i) ‧見備註/See Remarks 7 (c)(iii) ‧見備註/See Remarks 7 (c)(iv) ‧見備註/See Remarks 7 (c)(v) ‧見備註/See Remarks 7 (e)(i) ‧見備註/See Remarks 7 (d)(ii) ‧見備註/See Remarks 7 (e)(iii) ‧見備註/See Remarks 7 (f)(i),
2017-11-25,2017-12-06,,第3座 (3A) Tower 3 (3A),45,A,,36596000,,‧價單第2號 (A1)付款辦法 Payment Plan (A1) of Price List No.2 見備註/See Remarks 7 (c)(i) ‧見備註/See Remarks 7 (c)(iii) ‧見備註/See Remarks 7 (c)(iv) ‧見備註/See Remarks 7 (c)(v) ‧見備註/See Remarks 7 (e)(i) ‧見備註/See Remarks 7 (d)(ii) ‧見備註/See Remarks 7 (e)(iii) ‧見備註/See Remarks 7 (f)(i),
2017-11-25,2017-12-06,,第3座 (3A) Tower 3 (3A),43,A,,39029300,,‧價單第2號 (A1)付款辦法 Payment Plan (A1) of Price List No.2 見備註/See Remarks 7 (c)(i) ‧見備註/See Remarks 7 (c)(iii) ‧見備註/See Remarks 7 (d)(iii) ‧見備註/See Remarks 7 (c)(v) ‧見備註/See Remarks 7 (e)(i) ‧見備註/See Remarks 7 (e)(iii) ‧見備註/See Remarks 7 (f)(i),
2017-11-25,2017-12-06,,第3座 (3A) Tower 3 (3A),37,A,,34680800,,‧價單第2號 (A1)付款辦法 Payment Plan (A1) of Price List No.2 見備註/See Remarks 7 (c)(i) ‧見備註/See Remarks 7 (c)(iii) ‧見備註/See Remarks 7 (c)(iv) ‧見備註/See Remarks 7 (c)(v) ‧見備註/See Remarks 7 (e)(i) ‧見備註/See Remarks 7 (d)(ii) ‧見備註/See Remarks 7 (e)(iii),
2017-11-25,2017-12-06,,第3座 (3A) Tower 3 (3A),36,A,,34440000,,‧價單第2號 (A1)付款辦法 Payment Plan (A1) of Price List No.2 見備註/See Remarks 7 (c)(i) ‧見備註/See Remarks 7 (c)(iii) ‧見備註/See Remarks 7 (c)(iv) ‧見備註/See Remarks 7 (c)(v) ‧見備註/See Remarks 7 (e)(i) ‧見備註/See Remarks 7 (d)(ii) ‧見備註/See Remarks 7 (e)(iii),
2017-11-25,2017-12-06,,第3座 (3A) Tower 3 (3A),35,A,,34200800,,‧價單第2號 (A1)付款辦法 Payment Plan (A1) of Price List No.2 見備註/See Remarks 7 (c)(i) ‧見備註/See Remarks 7 (c)(iii) ‧見備註/See Remarks 7 (c)(iv) ‧見備註/See Remarks 7 (c)(v) ‧見備註/See Remarks 7 (e)(i) ‧見備註/See Remarks 7 (d)(ii) ‧見備註/See Remarks 7 (e)(iii),
2017-11-25,2017-12-06,,第3座 (3A) Tower 3 (3A),33,A,,33963200,,‧價單第2號 (A1)付款辦法 Payment Plan (A1) of Price List No.2 見備註/See Remarks 7 (c)(i) ‧見備註/See Remarks 7 (c)(iii) ‧見備註/See Remarks 7 (c)(iv) ‧見備註/See Remarks 7 (c)(v) ‧見備註/See Remarks 7 (e)(i) ‧見備註/See Remarks 7 (d)(ii) ‧見備註/See Remarks 7 (e)(iii),
2017-11-25,2017-12-06,,第3座 (3A) Tower 3 (3A),32,A,,33724800,,‧價單第2號 (A1)付款辦法 Payment Plan (A1) of Price List No.2 見備註/See Remarks 7 (c)(i) ‧見備註/See Remarks 7 (c)(iii) ‧見備註/See Remarks 7 (c)(iv) ‧見備註/See Remarks 7 (c)(v) ‧見備註/See Remarks 7 (e)(i) ‧見備註/See Remarks 7 (d)(ii) ‧見備註/See Remarks 7 (e)(iii),
2017-11-25,2017-12-06,,第3座 (3A) Tower 3 (3A),31,A,,33488800,,‧價單第2號 (A1)付款辦法 Payment Plan (A1) of Price List No.2 見備註/See Remarks 7 (c)(i) ‧見備註/See Remarks 7 (c)(iii) ‧見備註/See Remarks 7 (c)(iv) ‧見備註/See Remarks 7 (c)(v) ‧見備註/See Remarks 7 (e)(i) ‧見備註/See Remarks 7 (d)(ii) ‧見備註/See Remarks 7 (e)(iii),
2017-11-25,2017-12-06,,第3座 (3A) Tower 3 (3A),30,A,,33255200,,‧價單第1號 (A1)付款辦法 Payment Plan (A1) of Price List No.1 見備註/See Remarks 7 (c)(i) ‧見備註/See Remarks 7 (c)(iii) ‧見備註/See Remarks 7 (c)(iv) ‧見備註/See Remarks 7 (c)(v) ‧見備註/See Remarks 7 (e)(i) ‧見備註/See Remarks 7 (d)(ii) ‧見備註/See Remarks 7 (e)(iii),
2017-11-25,2017-12-06,,第3座 (3A) Tower 3 (3A),28,A,,33255200,,‧價單第2號 (A1)付款辦法 Payment Plan (A1) of Price List No.2 見備註/See Remarks 7 (c)(i) ‧見備註/See Remarks 7 (c)(iii) ‧見備註/See Remarks 7 (c)(iv) ‧見備註/See Remarks 7 (c)(v) ‧見備註/See Remarks 7 (e)(i) ‧見備註/See Remarks 7 (d)(iv) ‧見備註/See Remarks 7 (e)(iii),
2017-11-25,2017-12-06,,第3座 (3A) Tower 3 (3A),27,A,,38272200,,‧價單第2號 (B1)付款辦法 Payment Plan (B1) of Price List No.2 見備註/See Remarks 7 (c)(ii) ‧見備註/See Remarks 7 (d)(i) ‧見備註/See Remarks 7 (c)(iv) ‧見備註/See Remarks 7 (c)(v) ‧見備註/See Remarks 7 (e)(ii) ‧見備註/See Remarks 7 (e)(i) ‧見備註/See Remarks 7 (d)(ii) ‧見備註/See Remarks 7 (e)(iii),
2017-11-25,2017-12-06,,第3座 (3A) Tower 3 (3A),26,A,,38079700,,‧價單第2號 (B1)付款辦法 Payment Plan (B1) of Price List No.2 見備註/See Remarks 7 (c)(ii) ‧見備註/See Remarks 7 (d)(i) ‧見備註/See Remarks 7 (c)(iv) ‧見備註/See Remarks 7 (c)(v) ‧見備註/See Remarks 7 (e)(ii) ‧見備註/See Remarks 7 (e)(i) ‧見備註/See Remarks 7 (d)(ii) ‧見備註/See Remarks 7 (e)(iii),
2017-11-25,2017-12-06,,第3座 (3A) Tower 3 (3A),19,A,,32614600,,‧價單第2號 (B1)付款辦法 Payment Plan (B1) of Price List No.2 見備註/See Remarks 7 (c)(ii) ‧見備註/See Remarks 7 (c)(iii) ‧見備註/See Remarks 7 (c)(iv) ‧見備註/See Remarks 7 (c)(v) ‧見備註/See Remarks 7 (e)(ii) ‧見備註/See Remarks 7 (e)(i) ‧見備註/See Remarks 7 (d)(ii) ‧見備註/See Remarks 7 (e)(iii),
2017-11-25,2017-12-06,,第3座 (3A) Tower 3 (3A),18,A,,31819200,,‧價單第2號 (A1)付款辦法 Payment Plan (A1) of Price List No.2 見備註/See Remarks 7 (c)(i) ‧見備註/See Remarks 7 (c)(iii) ‧見備註/See Remarks 7 (c)(iv) ‧見備註/See Remarks 7 (c)(v) ‧見備註/See Remarks 7 (e)(i) ‧見備註/See Remarks 7 (d)(ii) ‧見備註/See Remarks 7 (e)(iii),(cid:214)
2017-11-25,2017-12-06,,第3座 (3A) Tower 3 (3A),17,A,,31564000,,‧價單第2號 (A1)付款辦法 Payment Plan (A1) of Price List No.2 見備註/See Remarks 7 (c)(i) ‧見備註/See Remarks 7 (c)(iii) ‧見備註/See Remarks 7 (c)(iv) ‧見備註/See Remarks 7 (c)(v) ‧見備註/See Remarks 7 (e)(i) ‧見備註/See Remarks 7 (d)(ii) ‧見備註/See Remarks 7 (e)(iii),
2017-11-25,2017-12-06,,第3座 (3A) Tower 3 (3A),16,A,,31438400,,‧價單第2號 (A1)付款辦法 Payment Plan (A1) of Price List No.2 見備註/See Remarks 7 (c)(i) ‧見備註/See Remarks 7 (c)(iii) ‧見備註/See Remarks 7 (c)(iv) ‧見備註/See Remarks 7 (c)(v) ‧見備註/See Remarks 7 (e)(i) ‧見備註/See Remarks 7 (d)(ii) ‧見備註/See Remarks 7 (e)(iii),
2017-11-25,2017-12-06,,第3座 (3A) Tower 3 (3A),15,A,,32094800,,‧價單第2號 (B1)付款辦法 Payment Plan (B1) of Price List No.2 見備註/See Remarks 7 (c)(ii) ‧見備註/See Remarks 7 (c)(iii) ‧見備註/See Remarks 7 (c)(iv) ‧見備註/See Remarks 7 (c)(v) ‧見備註/See Remarks 7 (e)(ii) ‧見備註/See Remarks 7 (e)(i) ‧見備註/See Remarks 7 (d)(ii) ‧見備註/See Remarks 7 (e)(iii),
2017-11-25,2017-12-06,,第3座 (3A) Tower 3 (3A),12,A,,31966800,,‧價單第2號 (B1)付款辦法 Payment Plan (B1) of Price List No.2 見備註/See Remarks 7 (c)(ii) ‧見備註/See Remarks 7 (c)(iii) ‧見備註/See Remarks 7 (c)(iv) ‧見備註/See Remarks 7 (c)(v) ‧見備註/See Remarks 7 (e)(ii) ‧見備註/See Remarks 7 (e)(i) ‧見備註/See Remarks 7 (d)(ii) ‧見備註/See Remarks 7 (e)(iii),
2017-11-25,2017-12-06,,第3座 (3A) Tower 3 (3A),11,A,,31838900,,‧價單第1號 (B1)付款辦法 Payment Plan (B1) of Price List No.1 見備註/See Remarks 7 (c)(ii) ‧見備註/See Remarks 7 (c)(iii) ‧見備註/See Remarks 7 (c)(iv) ‧見備註/See Remarks 7 (c)(v) ‧見備註/See Remarks 7 (e)(ii) ‧見備註/See Remarks 7 (e)(i) ‧見備註/See Remarks 7 (d)(ii) ‧見備註/See Remarks 7 (e)(iii),
2017-11-25,2017-12-06,,第3座 (3A) Tower 3 (3A),10,A,,31711800,,‧價單第1號 (B1)付款辦法 Payment Plan (B1) of Price List No.1 見備註/See Remarks 7 (c)(ii) ‧見備註/See Remarks 7 (c)(iii) ‧見備註/See Remarks 7 (c)(iv) ‧見備註/See Remarks 7 (c)(v) ‧見備註/See Remarks 7 (e)(ii) ‧見備註/See Remarks 7 (e)(i) ‧見備註/See Remarks 7 (d)(ii) ‧見備註/See Remarks 7 (e)(iii),
2017-11-25,2017-12-06,,第3座 (3A) Tower 3 (3A),9,A,,31584700,,‧價單第1號 (B1)付款辦法 Payment Plan (B1) of Price List No.1 見備註/See Remarks 7 (c)(ii) ‧見備註/See Remarks 7 (c)(iii) ‧見備註/See Remarks 7 (c)(iv) ‧見備註/See Remarks 7 (c)(v) ‧見備註/See Remarks 7 (e)(ii) ‧見備註/See Remarks 7 (e)(i) ‧見備註/See Remarks 7 (d)(ii) ‧見備註/See Remarks 7 (e)(iii),
2017-11-25,2017-12-06,,第3座 (3A) Tower 3 (3A),48,B,,36247200,,‧價單第2號 (A1)付款辦法 Payment Plan (A1) of Price List No.2 見備註/See Remarks 7 (c)(i) ‧見備註/See Remarks 7 (c)(iii) ‧見備註/See Remarks 7 (c)(iv) ‧見備註/See Remarks 7 (c)(v) ‧見備註/See Remarks 7 (e)(i) ‧見備註/See Remarks 7 (d)(ii) ‧見備註/See Remarks 7 (e)(iii) ‧見備註/See Remarks 7 (f)(i),
2017-11-25,2017-12-06,,第3座 (3A) Tower 3 (3A),47,B,,36567900,,‧價單第2號 (B1)付款辦法 Payment Plan (B1) of Price List No.2 見備註/See Remarks 7 (c)(ii) ‧見備註/See Remarks 7 (c)(iii) ‧見備註/See Remarks 7 (c)(iv) ‧見備註/See Remarks 7 (c)(v) ‧見備註/See Remarks 7 (e)(ii) ‧見備註/See Remarks 7 (e)(i) ‧見備註/See Remarks 7 (d)(ii) ‧見備註/See Remarks 7 (e)(iii) ‧見備註/See Remarks 7 (f)(i),
2017-11-25,2017-12-06,,第3座 (3A) Tower 3 (3A),46,B,,36277600,,‧價單第2號 (B1)付款辦法 Payment Plan (B1) of Price List No.2 見備註/See Remarks 7 (c)(ii) ‧見備註/See Remarks 7 (c)(iii) ‧見備註/See Remarks 7 (c)(iv) ‧見備註/See Remarks 7 (c)(v) ‧見備註/See Remarks 7 (e)(ii) ‧見備註/See Remarks 7 (e)(i) ‧見備註/See Remarks 7 (d)(ii) ‧見備註/See Remarks 7 (e)(iii) ‧見備註/See Remarks 7 (f)(i),
2017-11-25,,,第3座 (3A) Tower 3 (3A),45,B,,35989800,,‧價單第2號 (B1)付款辦法 Payment Plan (B1) of Price List No.2 見備註/See Remarks 7 (c)(ii) ‧見備註/See Remarks 7 (c)(iii) ‧見備註/See Remarks 7 (c)(iv) ‧見備註/See Remarks 7 (c)(v) ‧見備註/See Remarks 7 (e)(ii) ‧見備註/See Remarks 7 (e)(i) ‧見備註/See Remarks 7 (d)(ii) ‧見備註/See Remarks 7 (e)(iii) ‧見備註/See Remarks 7 (f)(i),
2017-11-25,2017-12-06,,第3座 (3A) Tower 3 (3A),43,B,,34832800,,‧價單第2號 (A1)付款辦法 Payment Plan (A1) of Price List No.2 見備註/See Remarks 7 (c)(i) ‧見備註/See Remarks 7 (c)(iii) ‧見備註/See Remarks 7 (c)(iv) ‧見備註/See Remarks 7 (c)(v) ‧見備註/See Remarks 7 (e)(i) ‧見備註/See Remarks 7 (d)(ii) ‧見備註/See Remarks 7 (e)(iii) ‧見備註/See Remarks 7 (f)(i),
2017-11-25,2017-12-06,,第3座 (3A) Tower 3 (3A),37,B,,34107000,,‧價單第2號 (B1)付款辦法 Payment Plan (B1) of Price List No.2 見備註/See Remarks 7 (c)(ii) ‧見備註/See Remarks 7 (c)(iii) ‧見備註/See Remarks 7 (c)(iv) ‧見備註/See Remarks 7 (c)(v) ‧見備註/See Remarks 7 (e)(ii) ‧見備註/See Remarks 7 (e)(i) ‧見備註/See Remarks 7 (d)(iv) ‧見備註/See Remarks 7 (e)(iii),
2017-11-25,2017-12-06,,第3座 (3A) Tower 3 (3A),36,B,,33043200,,‧價單第2號 (A1)付款辦法 Payment Plan (A1) of Price List No.2 見備註/See Remarks 7 (c)(i) ‧見備註/See Remarks 7 (c)(iii) ‧見備註/See Remarks 7 (c)(iv) ‧見備註/See Remarks 7 (c)(v) ‧見備註/See Remarks 7 (e)(i) ‧見備註/See Remarks 7 (d)(ii) ‧見備註/See Remarks 7 (e)(iii),
2017-11-25,2017-12-06,,第3座 (3A) Tower 3 (3A),35,B,,33634700,,‧價單第2號 (B1)付款辦法 Payment Plan (B1) of Price List No.2 見備註/See Remarks 7 (c)(ii) ‧見備註/See Remarks 7 (c)(iii) ‧見備註/See Remarks 7 (c)(iv) ‧見備註/See Remarks 7 (c)(v) ‧見備註/See Remarks 7 (e)(ii) ‧見備註/See Remarks 7 (e)(i) ‧見備註/See Remarks 7 (d)(ii) ‧見備註/See Remarks 7 (e)(iii),
2017-11-25,2017-12-06,,第3座 (3A) Tower 3 (3A),33,B,,33401000,,‧價單第2號 (B1)付款辦法 Payment Plan (B1) of Price List No.2 見備註/See Remarks 7 (c)(ii) ‧見備註/See Remarks 7 (c)(iii) ‧見備註/See Remarks 7 (c)(iv) ‧見備註/See Remarks 7 (c)(v) ‧見備註/See Remarks 7 (e)(ii) ‧見備註/See Remarks 7 (e)(i) ‧見備註/See Remarks 7 (d)(ii) ‧見備註/See Remarks 7 (e)(iii),
2017-11-25,2017-12-06,,第3座 (3A) Tower 3 (3A),32,B,,32358400,,‧價單第2號 (A1)付款辦法 Payment Plan (A1) of Price List No.2 見備註/See Remarks 7 (c)(i) ‧見備註/See Remarks 7 (c)(iii) ‧見備註/See Remarks 7 (c)(iv) ‧見備註/See Remarks 7 (c)(v) ‧見備註/See Remarks 7 (e)(i) ‧見備註/See Remarks 7 (d)(ii) ‧見備註/See Remarks 7 (e)(iii),
2017-11-25,2017-12-06,,第3座 (3A) Tower 3 (3A),31,B,,32131200,"在23-05-2018，基於法例第35(2)(b)條所容許的原因 ，售價調整為$32,934,400。 On 23-05-2018, the price adjusted to $32,934,400 due to the reason allowed under section 35(2)(b) of the Ordinance.",‧價單第2號 (A1)付款辦法 Payment Plan (A1) of Price List No.2 見備註/See Remarks 7 (c)(i) ‧見備註/See Remarks 7 (c)(iii) ‧見備註/See Remarks 7 (c)(iv) ‧見備註/See Remarks 7 (c)(v) ‧見備註/See Remarks 7 (e)(i) ‧見備註/See Remarks 7 (d)(ii) ‧見備註/See Remarks 7 (e)(iii) ‧價單第2號 (B1)付款辦法 Payment Plan (B1) of Price List No.2 見備註/See Remarks 7 (c)(ii) ‧見備註/See Remarks 7 (c)(iii) ‧見備註/See Remarks 7 (c)(iv) ‧見備註/See Remarks 7 (c)(v) ‧見備註/See Remarks 7 (e)(ii) ‧見備註/See Remarks 7 (e)(i) ‧見備註/See Remarks 7 (d)(ii) ‧見備註/See Remarks 7 (e)(iii) ‧(在23-05-2018修訂) (revised on 23-05-2018),
2017-11-25,2017-12-06,,第3座 (3A) Tower 3 (3A),30,B,,31906400,,‧價單第1號 (A1)付款辦法 Payment Plan (A1) of Price List No.1 見備註/See Remarks 7 (c)(i) ‧見備註/See Remarks 7 (c)(iii) ‧見備註/See Remarks 7 (c)(iv) ‧見備註/See Remarks 7 (c)(v) ‧見備註/See Remarks 7 (e)(i) ‧見備註/See Remarks 7 (d)(ii) ‧見備註/See Remarks 7 (e)(iii),
2017-11-25,2017-12-06,,第3座 (3A) Tower 3 (3A),28,B,,31906400,,‧價單第2號 (A1)付款辦法 Payment Plan (A1) of Price List No.2 見備註/See Remarks 7 (c)(i) ‧見備註/See Remarks 7 (c)(iii) ‧見備註/See Remarks 7 (c)(iv) ‧見備註/See Remarks 7 (c)(v) ‧見備註/See Remarks 7 (e)(i) ‧見備註/See Remarks 7 (d)(ii) ‧見備註/See Remarks 7 (e)(iii),
2017-11-25,2017-12-06,,第3座 (3A) Tower 3 (3A),27,B,,31587200,"在30-01-2018，基於法例第35(2)(b)條所容許的原因 ，售價調整為$32,376,800。 On 30-01-2018, the price adjusted to $32,376,800 due to the reason allowed under section 35(2)(b) of the Ordinance.",‧價單第2號 (A1)付款辦法 Payment Plan (A1) of Price List No.2 見備註/See Remarks 7 (c)(i) ‧見備註/See Remarks 7 (c)(iii) ‧見備註/See Remarks 7 (c)(iv) ‧見備註/See Remarks 7 (c)(v) ‧見備註/See Remarks 7 (e)(i) ‧見備註/See Remarks 7 (d)(ii) ‧見備註/See Remarks 7 (e)(iii),
2017-11-25,2017-12-06,,第3座 (3A) Tower 3 (3A),26,B,,32214500,,‧價單第2號 (B1)付款辦法 Payment Plan (B1) of Price List No.2 見備註/See Remarks 7 (c)(ii) ‧見備註/See Remarks 7 (c)(iii) ‧見備註/See Remarks 7 (c)(iv) ‧見備註/See Remarks 7 (c)(v) ‧見備註/See Remarks 7 (e)(ii) ‧見備註/See Remarks 7 (e)(i) ‧見備註/See Remarks 7 (d)(ii) ‧見備註/See Remarks 7 (e)(iii),
2017-11-25,2017-12-06,,第3座 (3A) Tower 3 (3A),19,B,,30528800,,‧價單第2號 (A1)付款辦法 Payment Plan (A1) of Price List No.2 見備註/See Remarks 7 (c)(i) ‧見備註/See Remarks 7 (c)(iii) ‧見備註/See Remarks 7 (c)(iv) ‧見備註/See Remarks 7 (c)(v) ‧見備註/See Remarks 7 (e)(i) ‧見備註/See Remarks 7 (d)(ii) ‧見備註/See Remarks 7 (e)(iii),
2017-11-25,2017-12-06,,第3座 (3A) Tower 3 (3A),18,B,,30528800,,‧價單第2號 (A1)付款辦法 Payment Plan (A1) of Price List No.2 見備註/See Remarks 7 (c)(i) ‧見備註/See Remarks 7 (c)(iii) ‧見備註/See Remarks 7 (c)(iv) ‧見備註/See Remarks 7 (c)(v) ‧見備註/See Remarks 7 (e)(i) ‧見備註/See Remarks 7 (d)(ii) ‧見備註/See Remarks 7 (e)(iii),
2017-11-25,2017-12-06,,第3座 (3A) Tower 3 (3A),37,C,,16223200,,‧價單第2號 (A1)付款辦法 Payment Plan (A1) of Price List No.2 見備註/See Remarks 7 (c)(i) ‧見備註/See Remarks 7 (d)(i) ‧見備註/See Remarks 7 (d)(iii) ‧見備註/See Remarks 7 (c)(v) ‧見備註/See Remarks 7 (e)(i) ‧見備註/See Remarks 7 (e)(iii) ‧見備註/See Remarks 7 (f)(ii) ‧見備註/See Remarks 7 (e)(iv),
2017-11-25,2017-12-06,,第3座 (3A) Tower 3 (3A),36,C,,13287200,,‧價單第2號 (A1)付款辦法 Payment Plan (A1) of Price List No.2 見備註/See Remarks 7 (c)(i) ‧見備註/See Remarks 7 (c)(iii) ‧見備註/See Remarks 7 (c)(iv) ‧見備註/See Remarks 7 (c)(v) ‧見備註/See Remarks 7 (e)(i) ‧見備註/See Remarks 7 (d)(ii) ‧見備註/See Remarks 7 (e)(iii) ‧見備註/See Remarks 7 (f)(ii) ‧見備註/See Remarks 7 (e)(iv),
2017-11-25,2017-12-06,,第3座 (3A) Tower 3 (3A),35,C,,13195200,,‧價單第2號 (A1)付款辦法 Payment Plan (A1) of Price List No.2 見備註/See Remarks 7 (c)(i) ‧見備註/See Remarks 7 (c)(iii) ‧見備註/See Remarks 7 (c)(iv) ‧見備註/See Remarks 7 (c)(v) ‧見備註/See Remarks 7 (e)(i) ‧見備註/See Remarks 7 (d)(ii) ‧見備註/See Remarks 7 (e)(iii) ‧見備註/See Remarks 7 (f)(ii) ‧見備註/See Remarks 7 (e)(iv),
2017-11-25,2017-12-06,,第3座 (3A) Tower 3 (3A),33,C,,13430700,,‧價單第2號 (B1)付款辦法 Payment Plan (B1) of Price List No.2 見備註/See Remarks 7 (c)(ii) ‧見備註/See Remarks 7 (c)(iii) ‧見備註/See Remarks 7 (c)(iv) ‧見備註/See Remarks 7 (c)(v) ‧見備註/See Remarks 7 (e)(ii) ‧見備註/See Remarks 7 (e)(i) ‧見備註/See Remarks 7 (d)(ii) ‧見備註/See Remarks 7 (e)(iii) ‧見備註/See Remarks 7 (f)(ii) ‧見備註/See Remarks 7 (e)(iv),
2017-11-25,2017-12-06,,第3座 (3A) Tower 3 (3A),32,C,,13011200,,‧價單第2號 (A1)付款辦法 Payment Plan (A1) of Price List No.2 見備註/See Remarks 7 (c)(i) ‧見備註/See Remarks 7 (c)(iii) ‧見備註/See Remarks 7 (c)(iv) ‧見備註/See Remarks 7 (c)(v) ‧見備註/See Remarks 7 (e)(i) ‧見備註/See Remarks 7 (d)(ii) ‧見備註/See Remarks 7 (e)(iii) ‧見備註/See Remarks 7 (f)(ii) ‧見備註/See Remarks 7 (e)(iv),
2017-11-25,2017-12-06,,第3座 (3A) Tower 3 (3A),31,C,,12920000,,‧價單第2號 (A1)付款辦法 Payment Plan (A1) of Price List No.2 見備註/See Remarks 7 (c)(i) ‧見備註/See Remarks 7 (c)(iii) ‧見備註/See Remarks 7 (c)(iv) ‧見備註/See Remarks 7 (c)(v) ‧見備註/See Remarks 7 (e)(i) ‧見備註/See Remarks 7 (d)(ii) ‧見備註/See Remarks 7 (e)(iii) ‧見備註/See Remarks 7 (f)(ii) ‧見備註/See Remarks 7 (e)(iv),
2017-11-25,2017-12-06,,第3座 (3A) Tower 3 (3A),28,C,,13151100,,‧價單第2號 (B1)付款辦法 Payment Plan (B1) of Price List No.2 見備註/See Remarks 7 (c)(ii) ‧見備註/See Remarks 7 (c)(iii) ‧見備註/See Remarks 7 (c)(iv) ‧見備註/See Remarks 7 (c)(v) ‧見備註/See Remarks 7 (e)(ii) ‧見備註/See Remarks 7 (e)(i) ‧見備註/See Remarks 7 (d)(ii) ‧見備註/See Remarks 7 (e)(iii) ‧見備註/See Remarks 7 (f)(ii) ‧見備註/See Remarks 7 (e)(iv),
2017-11-25,2017-12-06,,第3座 (3A) Tower 3 (3A),27,C,,13018300,,‧價單第2號 (B1)付款辦法 Payment Plan (B1) of Price List No.2 見備註/See Remarks 7 (c)(ii) ‧見備註/See Remarks 7 (c)(iii) ‧見備註/See Remarks 7 (c)(iv) ‧見備註/See Remarks 7 (c)(v) ‧見備註/See Remarks 7 (e)(ii) ‧見備註/See Remarks 7 (e)(i) ‧見備註/See Remarks 7 (d)(ii) ‧見備註/See Remarks 7 (e)(iii) ‧見備註/See Remarks 7 (f)(ii) ‧見備註/See Remarks 7 (e)(iv),
2017-11-25,2017-12-06,,第3座 (3A) Tower 3 (3A),26,C,,12954300,,‧價單第2號 (B1)付款辦法 Payment Plan (B1) of Price List No.2 見備註/See Remarks 7 (c)(ii) ‧見備註/See Remarks 7 (c)(iii) ‧見備註/See Remarks 7 (c)(iv) ‧見備註/See Remarks 7 (c)(v) ‧見備註/See Remarks 7 (e)(ii) ‧見備註/See Remarks 7 (e)(i) ‧見備註/See Remarks 7 (d)(ii) ‧見備註/See Remarks 7 (e)(iii) ‧見備註/See Remarks 7 (f)(ii) ‧見備註/See Remarks 7 (e)(iv),
2017-11-25,2017-12-06,,第3座 (3A) Tower 3 (3A),25,C,,12575200,,‧價單第2號 (A1)付款辦法 Payment Plan (A1) of Price List No.2 見備註/See Remarks 7 (c)(i) ‧見備註/See Remarks 7 (c)(iii) ‧見備註/See Remarks 7 (c)(iv) ‧見備註/See Remarks 7 (c)(v) ‧見備註/See Remarks 7 (e)(i) ‧見備註/See Remarks 7 (d)(ii) ‧見備註/See Remarks 7 (e)(iii) ‧見備註/See Remarks 7 (f)(ii) ‧見備註/See Remarks 7 (e)(iv),
2017-11-25,2017-12-06,,第3座 (3A) Tower 3 (3A),23,C,,12512000,,‧價單第2號 (A1)付款辦法 Payment Plan (A1) of Price List No.2 見備註/See Remarks 7 (c)(i) ‧見備註/See Remarks 7 (c)(iii) ‧見備註/See Remarks 7 (c)(iv) ‧見備註/See Remarks 7 (c)(v) ‧見備註/See Remarks 7 (e)(i) ‧見備註/See Remarks 7 (d)(ii) ‧見備註/See Remarks 7 (e)(iii) ‧見備註/See Remarks 7 (f)(ii) ‧見備註/See Remarks 7 (e)(iv),
2017-11-25,2017-12-06,,第3座 (3A) Tower 3 (3A),22,C,,12760000,,‧價單第2號 (B1)付款辦法 Payment Plan (B1) of Price List No.2 見備註/See Remarks 7 (c)(ii) ‧見備註/See Remarks 7 (c)(iii) ‧見備註/See Remarks 7 (c)(iv) ‧見備註/See Remarks 7 (c)(v) ‧見備註/See Remarks 7 (e)(ii) ‧見備註/See Remarks 7 (e)(i) ‧見備註/See Remarks 7 (d)(ii) ‧見備註/See Remarks 7 (e)(iii) ‧見備註/See Remarks 7 (f)(ii) ‧見備註/See Remarks 7 (e)(iv),
2017-11-25,2017-12-06,,第3座 (3A) Tower 3 (3A),21,C,,12387200,,‧價單第2號 (A1)付款辦法 Payment Plan (A1) of Price List No.2 見備註/See Remarks 7 (c)(i) ‧見備註/See Remarks 7 (c)(iii) ‧見備註/See Remarks 7 (c)(iv) ‧見備註/See Remarks 7 (c)(v) ‧見備註/See Remarks 7 (e)(i) ‧見備註/See Remarks 7 (d)(ii) ‧見備註/See Remarks 7 (e)(iii) ‧見備註/See Remarks 7 (f)(ii) ‧見備註/See Remarks 7 (e)(iv),
2017-11-25,2017-12-06,,第3座 (3A) Tower 3 (3A),20,C,,12324800,,‧價單第2號 (A1)付款辦法 Payment Plan (A1) of Price List No.2 見備註/See Remarks 7 (c)(i) ‧見備註/See Remarks 7 (c)(iii) ‧見備註/See Remarks 7 (c)(iv) ‧見備註/See Remarks 7 (c)(v) ‧見備註/See Remarks 7 (e)(i) ‧見備註/See Remarks 7 (d)(ii) ‧見備註/See Remarks 7 (e)(iii) ‧見備註/See Remarks 7 (f)(ii) ‧見備註/See Remarks 7 (e)(iv),
2017-11-25,2017-12-06,,第3座 (3A) Tower 3 (3A),19,C,,12582900,,‧價單第2號 (B1)付款辦法 Payment Plan (B1) of Price List No.2 見備註/See Remarks 7 (c)(ii) ‧見備註/See Remarks 7 (c)(iii) ‧見備註/See Remarks 7 (c)(iv) ‧見備註/See Remarks 7 (c)(v) ‧見備註/See Remarks 7 (e)(ii) ‧見備註/See Remarks 7 (e)(i) ‧見備註/See Remarks 7 (d)(ii) ‧見備註/See Remarks 7 (e)(iii) ‧見備註/See Remarks 7 (f)(ii) ‧見備註/See Remarks 7 (e)(iv),
2017-11-25,2017-12-06,,第3座 (3A) Tower 3 (3A),18,C,,12276000,,‧價單第2號 (A1)付款辦法 Payment Plan (A1) of Price List No.2 見備註/See Remarks 7 (c)(i) ‧見備註/See Remarks 7 (c)(iii) ‧見備註/See Remarks 7 (c)(iv) ‧見備註/See Remarks 7 (c)(v) ‧見備註/See Remarks 7 (e)(i) ‧見備註/See Remarks 7 (d)(ii) ‧見備註/See Remarks 7 (e)(iii) ‧見備註/See Remarks 7 (f)(ii) ‧見備註/See Remarks 7 (e)(iv),
2017-11-25,2017-12-06,,第3座 (3A) Tower 3 (3A),17,C,,13396200,,‧價單第2號 (B1)付款辦法 Payment Plan (B1) of Price List No.2 見備註/See Remarks 7 (c)(ii) ‧見備註/See Remarks 7 (c)(iii) ‧見備註/See Remarks 7 (d)(iii) ‧見備註/See Remarks 7 (c)(v) ‧見備註/See Remarks 7 (e)(ii) ‧見備註/See Remarks 7 (e)(i) ‧見備註/See Remarks 7 (e)(iii) ‧見備註/See Remarks 7 (f)(ii) ‧見備註/See Remarks 7 (e)(iv),
2017-11-25,2017-12-06,,第3座 (3A) Tower 3 (3A),16,C,,12432000,,‧價單第2號 (B1)付款辦法 Payment Plan (B1) of Price List No.2 見備註/See Remarks 7 (c)(ii) ‧見備註/See Remarks 7 (c)(iii) ‧見備註/See Remarks 7 (c)(iv) ‧見備註/See Remarks 7 (c)(v) ‧見備註/See Remarks 7 (e)(ii) ‧見備註/See Remarks 7 (e)(i) ‧見備註/See Remarks 7 (d)(ii) ‧見備註/See Remarks 7 (e)(iii) ‧見備註/See Remarks 7 (f)(ii) ‧見備註/See Remarks 7 (e)(iv),
2017-11-25,2017-12-06,,第3座 (3A) Tower 3 (3A),15,C,,12080000,,‧價單第2號 (A1)付款辦法 Payment Plan (A1) of Price List No.2 見備註/See Remarks 7 (c)(i) ‧見備註/See Remarks 7 (c)(iii) ‧見備註/See Remarks 7 (c)(iv) ‧見備註/See Remarks 7 (c)(v) ‧見備註/See Remarks 7 (e)(i) ‧見備註/See Remarks 7 (d)(ii) ‧見備註/See Remarks 7 (e)(iii) ‧見備註/See Remarks 7 (f)(ii) ‧見備註/See Remarks 7 (e)(iv),
2017-11-25,2017-12-06,,第3座 (3A) Tower 3 (3A),12,C,,12032000,,‧價單第2號 (A1)付款辦法 Payment Plan (A1) of Price List No.2 見備註/See Remarks 7 (c)(i) ‧見備註/See Remarks 7 (c)(iii) ‧見備註/See Remarks 7 (c)(iv) ‧見備註/See Remarks 7 (c)(v) ‧見備註/See Remarks 7 (e)(i) ‧見備註/See Remarks 7 (d)(ii) ‧見備註/See Remarks 7 (e)(iii) ‧見備註/See Remarks 7 (f)(ii) ‧見備註/See Remarks 7 (e)(iv),
2017-11-25,2017-12-06,,第3座 (3A) Tower 3 (3A),11,C,,12283600,,‧價單第2號 (B1)付款辦法 Payment Plan (B1) of Price List No.2 見備註/See Remarks 7 (c)(ii) ‧見備註/See Remarks 7 (c)(iii) ‧見備註/See Remarks 7 (c)(iv) ‧見備註/See Remarks 7 (c)(v) ‧見備註/See Remarks 7 (e)(ii) ‧見備註/See Remarks 7 (e)(i) ‧見備註/See Remarks 7 (d)(ii) ‧見備註/See Remarks 7 (e)(iii) ‧見備註/See Remarks 7 (f)(ii) ‧見備註/See Remarks 7 (e)(iv),
2017-11-25,2017-12-06,,第3座 (3A) Tower 3 (3A),9,C,,11888000,,‧價單第2號 (A1)付款辦法 Payment Plan (A1) of Price List No.2 見備註/See Remarks 7 (c)(i) ‧見備註/See Remarks 7 (c)(iii) ‧見備註/See Remarks 7 (c)(iv) ‧見備註/See Remarks 7 (c)(v) ‧見備註/See Remarks 7 (e)(i) ‧見備註/See Remarks 7 (d)(ii) ‧見備註/See Remarks 7 (e)(iii) ‧見備註/See Remarks 7 (f)(ii) ‧見備註/See Remarks 7 (e)(iv),
2017-11-25,2017-12-06,,第3座 (3A) Tower 3 (3A),8,C,,11888000,,‧價單第2號 (A1)付款辦法 Payment Plan (A1) of Price List No.2 見備註/See Remarks 7 (c)(i) ‧見備註/See Remarks 7 (c)(iii) ‧見備註/See Remarks 7 (c)(iv) ‧見備註/See Remarks 7 (c)(v) ‧見備註/See Remarks 7 (e)(i) ‧見備註/See Remarks 7 (d)(ii) ‧見備註/See Remarks 7 (e)(iii) ‧見備註/See Remarks 7 (f)(ii) ‧見備註/See Remarks 7 (e)(iv),
2017-11-25,2017-12-06,,第3座 (3A) Tower 3 (3A),6,C,,11534400,,‧價單第2號 (A1)付款辦法 Payment Plan (A1) of Price List No.2 見備註/See Remarks 7 (c)(i) ‧見備註/See Remarks 7 (c)(iii) ‧見備註/See Remarks 7 (c)(iv) ‧見備註/See Remarks 7 (c)(v) ‧見備註/See Remarks 7 (e)(i) ‧見備註/See Remarks 7 (d)(ii) ‧見備註/See Remarks 7 (e)(iii) ‧見備註/See Remarks 7 (f)(ii) ‧見備註/See Remarks 7 (e)(iv),
2017-11-25,2017-12-06,,第3座 (3B) Tower 3 (3B),17,B,,7836800,,‧價單第1號 (A1)付款辦法 Payment Plan (A1) of Price List No.1 見備註/See Remarks 7 (c)(i) ‧見備註/See Remarks 7 (c)(iii) ‧見備註/See Remarks 7 (c)(iv) ‧見備註/See Remarks 7 (c)(v) ‧見備註/See Remarks 7 (e)(i) ‧見備註/See Remarks 7 (d)(ii) ‧見備註/See Remarks 7 (e)(iii) ‧見備註/See Remarks 7 (f)(ii) ‧見備註/See Remarks 7 (e)(iv),
2017-11-25,2017-12-06,,第3座 (3B) Tower 3 (3B),16,B,,8001500,,‧價單第1號 (B1)付款辦法 Payment Plan (B1) of Price List No.1 見備註/See Remarks 7 (c)(ii) ‧見備註/See Remarks 7 (c)(iii) ‧見備註/See Remarks 7 (c)(iv) ‧見備註/See Remarks 7 (c)(v) ‧見備註/See Remarks 7 (e)(ii) ‧見備註/See Remarks 7 (e)(i) ‧見備註/See Remarks 7 (d)(ii) ‧見備註/See Remarks 7 (e)(iii) ‧見備註/See Remarks 7 (f)(ii) ‧見備註/See Remarks 7 (e)(iv),
2017-11-25,2017-12-06,,第3座 (3B) Tower 3 (3B),15,B,,9038600,,‧價單第1號 (B1)付款辦法 Payment Plan (B1) of Price List No.1 見備註/See Remarks 7 (c)(ii) ‧見備註/See Remarks 7 (d)(i) ‧見備註/See Remarks 7 (c)(iv) ‧見備註/See Remarks 7 (c)(v) ‧見備註/See Remarks 7 (e)(ii) ‧見備註/See Remarks 7 (e)(i) ‧見備註/See Remarks 7 (d)(ii) ‧見備註/See Remarks 7 (e)(iii) ‧見備註/See Remarks 7 (f)(ii) ‧見備註/See Remarks 7 (e)(iv),
2017-11-25,2017-12-06,,第3座 (3B) Tower 3 (3B),12,B,,7744000,,‧價單第1號 (A1)付款辦法 Payment Plan (A1) of Price List No.1 見備註/See Remarks 7 (c)(i) ‧見備註/See Remarks 7 (c)(iii) ‧見備註/See Remarks 7 (c)(iv) ‧見備註/See Remarks 7 (c)(v) ‧見備註/See Remarks 7 (e)(i) ‧見備註/See Remarks 7 (d)(ii) ‧見備註/See Remarks 7 (e)(iii) ‧見備註/See Remarks 7 (f)(ii) ‧見備註/See Remarks 7 (e)(iv),
2017-11-25,2017-12-06,,第3座 (3B) Tower 3 (3B),11,B,,8966100,,‧價單第1號 (B1)付款辦法 Payment Plan (B1) of Price List No.1 見備註/See Remarks 7 (c)(ii) ‧見備註/See Remarks 7 (d)(i) ‧見備註/See Remarks 7 (c)(iv) ‧見備註/See Remarks 7 (c)(v) ‧見備註/See Remarks 7 (e)(ii) ‧見備註/See Remarks 7 (e)(i) ‧見備註/See Remarks 7 (d)(ii) ‧見備註/See Remarks 7 (e)(iii) ‧見備註/See Remarks 7 (f)(ii) ‧見備註/See Remarks 7 (e)(iv),
2017-11-25,2017-12-06,,第3座 (3B) Tower 3 (3B),10,B,,7874400,,‧價單第1號 (B1)付款辦法 Payment Plan (B1) of Price List No.1 見備註/See Remarks 7 (c)(ii) ‧見備註/See Remarks 7 (c)(iii) ‧見備註/See Remarks 7 (c)(iv) ‧見備註/See Remarks 7 (c)(v) ‧見備註/See Remarks 7 (e)(ii) ‧見備註/See Remarks 7 (e)(i) ‧見備註/See Remarks 7 (d)(ii) ‧見備註/See Remarks 7 (e)(iii) ‧見備註/See Remarks 7 (f)(ii) ‧見備註/See Remarks 7 (e)(iv),
2017-11-25,2017-12-06,,第3座 (3B) Tower 3 (3B),9,B,,7651200,,‧價單第1號 (A1)付款辦法 Payment Plan (A1) of Price List No.1 見備註/See Remarks 7 (c)(i) ‧見備註/See Remarks 7 (c)(iii) ‧見備註/See Remarks 7 (c)(iv) ‧見備註/See Remarks 7 (c)(v) ‧見備註/See Remarks 7 (e)(i) ‧見備註/See Remarks 7 (d)(ii) ‧見備註/See Remarks 7 (e)(iii) ‧見備註/See Remarks 7 (f)(ii) ‧見備註/See Remarks 7 (e)(iv),
2017-11-25,2017-12-06,,第3座 (3B) Tower 3 (3B),8,B,,7842400,,‧價單第1號 (B1)付款辦法 Payment Plan (B1) of Price List No.1 見備註/See Remarks 7 (c)(ii) ‧見備註/See Remarks 7 (c)(iii) ‧見備註/See Remarks 7 (c)(iv) ‧見備註/See Remarks 7 (c)(v) ‧見備註/See Remarks 7 (e)(ii) ‧見備註/See Remarks 7 (e)(i) ‧見備註/See Remarks 7 (d)(ii) ‧見備註/See Remarks 7 (e)(iii) ‧見備註/See Remarks 7 (f)(ii) ‧見備註/See Remarks 7 (e)(iv),
2017-11-25,2017-12-06,,第3座 (3B) Tower 3 (3B),7,B,,7498400,,‧價單第1號 (A1)付款辦法 Payment Plan (A1) of Price List No.1 見備註/See Remarks 7 (c)(i) ‧見備註/See Remarks 7 (c)(iii) ‧見備註/See Remarks 7 (c)(iv) ‧見備註/See Remarks 7 (c)(v) ‧見備註/See Remarks 7 (e)(i) ‧見備註/See Remarks 7 (d)(ii) ‧見備註/See Remarks 7 (e)(iii) ‧見備註/See Remarks 7 (f)(ii) ‧見備註/See Remarks 7 (e)(iv),
2017-11-25,2017-12-06,,第3座 (3B) Tower 3 (3B),6,B,,7608700,,‧價單第1號 (B1)付款辦法 Payment Plan (B1) of Price List No.1 見備註/See Remarks 7 (c)(ii) ‧見備註/See Remarks 7 (c)(iii) ‧見備註/See Remarks 7 (c)(iv) ‧見備註/See Remarks 7 (c)(v) ‧見備註/See Remarks 7 (e)(ii) ‧見備註/See Remarks 7 (e)(i) ‧見備註/See Remarks 7 (d)(ii) ‧見備註/See Remarks 7 (e)(iii) ‧見備註/See Remarks 7 (f)(ii) ‧見備註/See Remarks 7 (e)(iv),
2017-11-25,2017-12-06,,第3座 (3B) Tower 3 (3B),28,C,,8340200,,‧價單第1號 (B1)付款辦法 Payment Plan (B1) of Price List No.1 見備註/See Remarks 7 (c)(ii) ‧見備註/See Remarks 7 (c)(iii) ‧見備註/See Remarks 7 (c)(iv) ‧見備註/See Remarks 7 (c)(v) ‧見備註/See Remarks 7 (e)(ii) ‧見備註/See Remarks 7 (e)(i) ‧見備註/See Remarks 7 (d)(ii) ‧見備註/See Remarks 7 (e)(iii) ‧見備註/See Remarks 7 (f)(ii) ‧見備註/See Remarks 7 (e)(iv),
2017-11-25,2017-12-06,,第3座 (3B) Tower 3 (3B),27,C,,8056000,,‧價單第1號 (A1)付款辦法 Payment Plan (A1) of Price List No.1 見備註/See Remarks 7 (c)(i) ‧見備註/See Remarks 7 (c)(iii) ‧見備註/See Remarks 7 (c)(iv) ‧見備註/See Remarks 7 (c)(v) ‧見備註/See Remarks 7 (e)(i) ‧見備註/See Remarks 7 (d)(ii) ‧見備註/See Remarks 7 (e)(iii) ‧見備註/See Remarks 7 (f)(ii) ‧見備註/See Remarks 7 (e)(iv),
2017-11-25,2017-12-06,,第3座 (3B) Tower 3 (3B),26,C,,8016000,,‧價單第1號 (A1)付款辦法 Payment Plan (A1) of Price List No.1 見備註/See Remarks 7 (c)(i) ‧見備註/See Remarks 7 (c)(iii) ‧見備註/See Remarks 7 (c)(iv) ‧見備註/See Remarks 7 (c)(v) ‧見備註/See Remarks 7 (e)(i) ‧見備註/See Remarks 7 (d)(ii) ‧見備註/See Remarks 7 (e)(iii) ‧見備註/See Remarks 7 (f)(ii) ‧見備註/See Remarks 7 (e)(iv),
2017-11-25,2017-12-06,,第3座 (3B) Tower 3 (3B),25,C,,7976000,,‧價單第1號 (A1)付款辦法 Payment Plan (A1) of Price List No.1 見備註/See Remarks 7 (c)(i) ‧見備註/See Remarks 7 (c)(iii) ‧見備註/See Remarks 7 (c)(iv) ‧見備註/See Remarks 7 (c)(v) ‧見備註/See Remarks 7 (e)(i) ‧見備註/See Remarks 7 (d)(ii) ‧見備註/See Remarks 7 (e)(iii) ‧見備註/See Remarks 7 (f)(ii) ‧見備註/See Remarks 7 (e)(iv),
2017-11-25,2017-12-06,,第3座 (3B) Tower 3 (3B),23,C,,8134400,,‧價單第1號 (B1)付款辦法 Payment Plan (B1) of Price List No.1 見備註/See Remarks 7 (c)(ii) ‧見備註/See Remarks 7 (c)(iii) ‧見備註/See Remarks 7 (c)(iv) ‧見備註/See Remarks 7 (c)(v) ‧見備註/See Remarks 7 (e)(ii) ‧見備註/See Remarks 7 (e)(i) ‧見備註/See Remarks 7 (d)(ii) ‧見備註/See Remarks 7 (e)(iii) ‧見備註/See Remarks 7 (f)(ii) ‧見備註/See Remarks 7 (e)(iv),
2017-11-25,2017-12-06,,第3座 (3B) Tower 3 (3B),22,C,,7896000,,‧價單第1號 (A1)付款辦法 Payment Plan (A1) of Price List No.1 見備註/See Remarks 7 (c)(i) ‧見備註/See Remarks 7 (c)(iii) ‧見備註/See Remarks 7 (c)(iv) ‧見備註/See Remarks 7 (c)(v) ‧見備註/See Remarks 7 (e)(i) ‧見備註/See Remarks 7 (d)(ii) ‧見備註/See Remarks 7 (e)(iii) ‧見備註/See Remarks 7 (f)(ii) ‧見備註/See Remarks 7 (e)(iv),
2017-11-25,2017-12-06,,第3座 (3B) Tower 3 (3B),21,C,,7856800,,‧價單第1號 (A1)付款辦法 Payment Plan (A1) of Price List No.1 見備註/See Remarks 7 (c)(i) ‧見備註/See Remarks 7 (c)(iii) ‧見備註/See Remarks 7 (c)(iv) ‧見備註/See Remarks 7 (c)(v) ‧見備註/See Remarks 7 (e)(i) ‧見備註/See Remarks 7 (d)(ii) ‧見備註/See Remarks 7 (e)(iii) ‧見備註/See Remarks 7 (f)(ii) ‧見備註/See Remarks 7 (e)(iv),
2017-11-25,2017-12-06,,第3座 (3B) Tower 3 (3B),20,C,,8012200,,‧價單第1號 (B1)付款辦法 Payment Plan (B1) of Price List No.1 見備註/See Remarks 7 (c)(ii) ‧見備註/See Remarks 7 (c)(iii) ‧見備註/See Remarks 7 (c)(iv) ‧見備註/See Remarks 7 (c)(v) ‧見備註/See Remarks 7 (e)(ii) ‧見備註/See Remarks 7 (e)(i) ‧見備註/See Remarks 7 (d)(ii) ‧見備註/See Remarks 7 (e)(iii) ‧見備註/See Remarks 7 (f)(ii) ‧見備註/See Remarks 7 (e)(iv),
2017-11-25,2017-12-06,,第3座 (3B) Tower 3 (3B),19,C,,7981000,,‧價單第1號 (B1)付款辦法 Payment Plan (B1) of Price List No.1 見備註/See Remarks 7 (c)(ii) ‧見備註/See Remarks 7 (c)(iii) ‧見備註/See Remarks 7 (c)(iv) ‧見備註/See Remarks 7 (c)(v) ‧見備註/See Remarks 7 (e)(ii) ‧見備註/See Remarks 7 (e)(i) ‧見備註/See Remarks 7 (d)(ii) ‧見備註/See Remarks 7 (e)(iii) ‧見備註/See Remarks 7 (f)(ii) ‧見備註/See Remarks 7 (e)(iv),
2017-11-25,2017-12-06,,第3座 (3B) Tower 3 (3B),18,C,,7786400,,‧價單第1號 (A1)付款辦法 Payment Plan (A1) of Price List No.1 見備註/See Remarks 7 (c)(i) ‧見備註/See Remarks 7 (c)(iii) ‧見備註/See Remarks 7 (c)(iv) ‧見備註/See Remarks 7 (c)(v) ‧見備註/See Remarks 7 (e)(i) ‧見備註/See Remarks 7 (d)(ii) ‧見備註/See Remarks 7 (e)(iii) ‧見備註/See Remarks 7 (f)(ii) ‧見備註/See Remarks 7 (e)(iv),
2017-11-25,2017-12-06,,第3座 (3B) Tower 3 (3B),17,C,,7917100,,‧價單第1號 (B1)付款辦法 Payment Plan (B1) of Price List No.1 見備註/See Remarks 7 (c)(ii) ‧見備註/See Remarks 7 (c)(iii) ‧見備註/See Remarks 7 (c)(iv) ‧見備註/See Remarks 7 (c)(v) ‧見備註/See Remarks 7 (e)(ii) ‧見備註/See Remarks 7 (e)(i) ‧見備註/See Remarks 7 (d)(ii) ‧見備註/See Remarks 7 (e)(iii) ‧見備註/See Remarks 7 (f)(ii) ‧見備註/See Remarks 7 (e)(iv),
2017-11-25,2017-12-06,,第3座 (3B) Tower 3 (3B),16,C,,7692800,,‧價單第1號 (A1)付款辦法 Payment Plan (A1) of Price List No.1 見備註/See Remarks 7 (c)(i) ‧見備註/See Remarks 7 (c)(iii) ‧見備註/See Remarks 7 (c)(iv) ‧見備註/See Remarks 7 (c)(v) ‧見備註/See Remarks 7 (e)(i) ‧見備註/See Remarks 7 (d)(ii) ‧見備註/See Remarks 7 (e)(iii) ‧見備註/See Remarks 7 (f)(ii) ‧見備註/See Remarks 7 (e)(iv),
2017-11-25,2017-12-06,,第3座 (3B) Tower 3 (3B),15,C,,7853900,,‧價單第1號 (B1)付款辦法 Payment Plan (B1) of Price List No.1 見備註/See Remarks 7 (c)(ii) ‧見備註/See Remarks 7 (c)(iii) ‧見備註/See Remarks 7 (c)(iv) ‧見備註/See Remarks 7 (c)(v) ‧見備註/See Remarks 7 (e)(ii) ‧見備註/See Remarks 7 (e)(i) ‧見備註/See Remarks 7 (d)(ii) ‧見備註/See Remarks 7 (e)(iii) ‧見備註/See Remarks 7 (f)(ii) ‧見備註/See Remarks 7 (e)(iv),
2017-11-25,2017-12-06,,第3座 (3B) Tower 3 (3B),12,C,,7631200,,‧價單第1號 (A1)付款辦法 Payment Plan (A1) of Price List No.1 見備註/See Remarks 7 (c)(i) ‧見備註/See Remarks 7 (c)(iii) ‧見備註/See Remarks 7 (c)(iv) ‧見備註/See Remarks 7 (c)(v) ‧見備註/See Remarks 7 (e)(i) ‧見備註/See Remarks 7 (d)(ii) ‧見備註/See Remarks 7 (e)(iii) ‧見備註/See Remarks 7 (f)(ii) ‧見備註/See Remarks 7 (e)(iv),
2017-11-25,2017-12-06,,第3座 (3B) Tower 3 (3B),11,C,,7600800,,‧價單第1號 (A1)付款辦法 Payment Plan (A1) of Price List No.1 見備註/See Remarks 7 (c)(i) ‧見備註/See Remarks 7 (c)(iii) ‧見備註/See Remarks 7 (c)(iv) ‧見備註/See Remarks 7 (c)(v) ‧見備註/See Remarks 7 (e)(i) ‧見備註/See Remarks 7 (d)(ii) ‧見備註/See Remarks 7 (e)(iii) ‧見備註/See Remarks 7 (f)(ii) ‧見備註/See Remarks 7 (e)(iv),
2017-11-25,2017-12-06,,第3座 (3B) Tower 3 (3B),10,C,,7571200,,‧價單第1號 (A1)付款辦法 Payment Plan (A1) of Price List No.1 見備註/See Remarks 7 (c)(i) ‧見備註/See Remarks 7 (c)(iii) ‧見備註/See Remarks 7 (c)(iv) ‧見備註/See Remarks 7 (c)(v) ‧見備註/See Remarks 7 (e)(i) ‧見備註/See Remarks 7 (d)(ii) ‧見備註/See Remarks 7 (e)(iii) ‧見備註/See Remarks 7 (f)(ii) ‧見備註/See Remarks 7 (e)(iv),
2017-11-25,2017-12-06,,第3座 (3B) Tower 3 (3B),9,C,,7540000,,‧價單第1號 (A1)付款辦法 Payment Plan (A1) of Price List No.1 見備註/See Remarks 7 (c)(i) ‧見備註/See Remarks 7 (c)(iii) ‧見備註/See Remarks 7 (c)(iv) ‧見備註/See Remarks 7 (c)(v) ‧見備註/See Remarks 7 (e)(i) ‧見備註/See Remarks 7 (d)(ii) ‧見備註/See Remarks 7 (e)(iii) ‧見備註/See Remarks 7 (f)(ii) ‧見備註/See Remarks 7 (e)(iv),
2017-11-25,2017-12-06,,第3座 (3B) Tower 3 (3B),8,C,,7728500,,‧價單第1號 (B1)付款辦法 Payment Plan (B1) of Price List No.1 見備註/See Remarks 7 (c)(ii) ‧見備註/See Remarks 7 (c)(iii) ‧見備註/See Remarks 7 (c)(iv) ‧見備註/See Remarks 7 (c)(v) ‧見備註/See Remarks 7 (e)(ii) ‧見備註/See Remarks 7 (e)(i) ‧見備註/See Remarks 7 (d)(ii) ‧見備註/See Remarks 7 (e)(iii) ‧見備註/See Remarks 7 (f)(ii) ‧見備註/See Remarks 7 (e)(iv),
2017-11-25,2017-12-06,,第3座 (3B) Tower 3 (3B),7,C,,7388800,,‧價單第1號 (A1)付款辦法 Payment Plan (A1) of Price List No.1 見備註/See Remarks 7 (c)(i) ‧見備註/See Remarks 7 (c)(iii) ‧見備註/See Remarks 7 (c)(iv) ‧見備註/See Remarks 7 (c)(v) ‧見備註/See Remarks 7 (e)(i) ‧見備註/See Remarks 7 (d)(ii) ‧見備註/See Remarks 7 (e)(iii) ‧見備註/See Remarks 7 (f)(ii) ‧見備註/See Remarks 7 (e)(iv),
2017-11-25,2017-12-06,,第3座 (3B) Tower 3 (3B),6,C,,7316000,,‧價單第1號 (A1)付款辦法 Payment Plan (A1) of Price List No.1 見備註/See Remarks 7 (c)(i) ‧見備註/See Remarks 7 (c)(iii) ‧見備註/See Remarks 7 (c)(iv) ‧見備註/See Remarks 7 (c)(v) ‧見備註/See Remarks 7 (e)(i) ‧見備註/See Remarks 7 (d)(ii) ‧見備註/See Remarks 7 (e)(iii) ‧見備註/See Remarks 7 (f)(ii) ‧見備註/See Remarks 7 (e)(iv),
2017-11-25,2017-12-06,,第3座 (3B) Tower 3 (3B),56,D,,13075700,,‧價單第2號 (A1)付款辦法 Payment Plan (A1) of Price List No.2 見備註/See Remarks 7 (c)(i) ‧見備註/See Remarks 7 (d)(i) ‧見備註/See Remarks 7 (c)(iv) ‧見備註/See Remarks 7 (c)(v) ‧見備註/See Remarks 7 (e)(i) ‧見備註/See Remarks 7 (d)(ii) ‧見備註/See Remarks 7 (e)(iii) ‧見備註/See Remarks 7 (f)(ii) ‧見備註/See Remarks 7 (e)(iv),
2017-11-25,2017-12-06,,第3座 (3B) Tower 3 (3B),55,D,,11358400,,‧價單第2號 (A1)付款辦法 Payment Plan (A1) of Price List No.2 見備註/See Remarks 7 (c)(i) ‧見備註/See Remarks 7 (c)(iii) ‧見備註/See Remarks 7 (c)(iv) ‧見備註/See Remarks 7 (c)(v) ‧見備註/See Remarks 7 (e)(i) ‧見備註/See Remarks 7 (d)(ii) ‧見備註/See Remarks 7 (e)(iii) ‧見備註/See Remarks 7 (f)(ii) ‧見備註/See Remarks 7 (e)(iv),
2017-11-25,2017-12-06,,第3座 (3B) Tower 3 (3B),53,D,,11224000,,‧價單第2號 (A1)付款辦法 Payment Plan (A1) of Price List No.2 見備註/See Remarks 7 (c)(i) ‧見備註/See Remarks 7 (c)(iii) ‧見備註/See Remarks 7 (c)(iv) ‧見備註/See Remarks 7 (c)(v) ‧見備註/See Remarks 7 (e)(i) ‧見備註/See Remarks 7 (d)(ii) ‧見備註/See Remarks 7 (e)(iii) ‧見備註/See Remarks 7 (f)(ii) ‧見備註/See Remarks 7 (e)(iv),
2017-11-25,2017-12-06,,第3座 (3B) Tower 3 (3B),52,D,,11102400,,‧價單第2號 (A1)付款辦法 Payment Plan (A1) of Price List No.2 見備註/See Remarks 7 (c)(i) ‧見備註/See Remarks 7 (c)(iii) ‧見備註/See Remarks 7 (c)(iv) ‧見備註/See Remarks 7 (c)(v) ‧見備註/See Remarks 7 (e)(i) ‧見備註/See Remarks 7 (d)(ii) ‧見備註/See Remarks 7 (e)(iii) ‧見備註/See Remarks 7 (f)(ii) ‧見備註/See Remarks 7 (e)(iv),
2017-11-25,2017-12-06,,第3座 (3B) Tower 3 (3B),51,D,,10980800,,‧價單第2號 (A1)付款辦法 Payment Plan (A1) of Price List No.2 見備註/See Remarks 7 (c)(i) ‧見備註/See Remarks 7 (c)(iii) ‧見備註/See Remarks 7 (c)(iv) ‧見備註/See Remarks 7 (c)(v) ‧見備註/See Remarks 7 (e)(i) ‧見備註/See Remarks 7 (d)(ii) ‧見備註/See Remarks 7 (e)(iii) ‧見備註/See Remarks 7 (f)(ii) ‧見備註/See Remarks 7 (e)(iv),
2017-11-25,2017-12-06,,第3座 (3B) Tower 3 (3B),50,D,,10872000,,‧價單第2號 (A1)付款辦法 Payment Plan (A1) of Price List No.2 見備註/See Remarks 7 (c)(i) ‧見備註/See Remarks 7 (c)(iii) ‧見備註/See Remarks 7 (c)(iv) ‧見備註/See Remarks 7 (c)(v) ‧見備註/See Remarks 7 (e)(i) ‧見備註/See Remarks 7 (d)(ii) ‧見備註/See Remarks 7 (e)(iii) ‧見備註/See Remarks 7 (f)(ii) ‧見備註/See Remarks 7 (e)(iv),
2017-11-25,2017-12-06,,第3座 (3B) Tower 3 (3B),49,D,,10764000,,‧價單第2號 (A1)付款辦法 Payment Plan (A1) of Price List No.2 見備註/See Remarks 7 (c)(i) ‧見備註/See Remarks 7 (c)(iii) ‧見備註/See Remarks 7 (c)(iv) ‧見備註/See Remarks 7 (c)(v) ‧見備註/See Remarks 7 (e)(i) ‧見備註/See Remarks 7 (d)(ii) ‧見備註/See Remarks 7 (e)(iii) ‧見備註/See Remarks 7 (f)(ii) ‧見備註/See Remarks 7 (e)(iv),
2017-11-25,2017-12-06,,第3座 (3B) Tower 3 (3B),48,D,,13051300,,‧價單第2號 (A1)付款辦法 Payment Plan (A1) of Price List No.2 見備註/See Remarks 7 (c)(i) ‧見備註/See Remarks 7 (d)(i) ‧見備註/See Remarks 7 (d)(iii) ‧見備註/See Remarks 7 (c)(v) ‧見備註/See Remarks 7 (e)(i) ‧見備註/See Remarks 7 (e)(iii) ‧見備註/See Remarks 7 (f)(ii) ‧見備註/See Remarks 7 (e)(iv),
2017-11-25,2017-12-06,,第3座 (3B) Tower 3 (3B),47,D,,10881400,,‧價單第2號 (B1)付款辦法 Payment Plan (B1) of Price List No.2 見備註/See Remarks 7 (c)(ii) ‧見備註/See Remarks 7 (c)(iii) ‧見備註/See Remarks 7 (c)(iv) ‧見備註/See Remarks 7 (c)(v) ‧見備註/See Remarks 7 (e)(ii) ‧見備註/See Remarks 7 (e)(i) ‧見備註/See Remarks 7 (d)(ii) ‧見備註/See Remarks 7 (e)(iii) ‧見備註/See Remarks 7 (f)(ii) ‧見備註/See Remarks 7 (e)(iv),
2017-11-25,2017-12-06,,第3座 (3B) Tower 3 (3B),46,D,,10805900,,‧價單第2號 (B1)付款辦法 Payment Plan (B1) of Price List No.2 見備註/See Remarks 7 (c)(ii) ‧見備註/See Remarks 7 (c)(iii) ‧見備註/See Remarks 7 (c)(iv) ‧見備註/See Remarks 7 (c)(v) ‧見備註/See Remarks 7 (e)(ii) ‧見備註/See Remarks 7 (e)(i) ‧見備註/See Remarks 7 (d)(ii) ‧見備註/See Remarks 7 (e)(iii) ‧見備註/See Remarks 7 (f)(ii) ‧見備註/See Remarks 7 (e)(iv),
2017-11-25,2017-12-06,,第3座 (3B) Tower 3 (3B),45,D,,10468800,"在30-01-2018，基於法例第35(2)(b)條所容許的原因 ，售價調整為$10,730,500。 On 30-01-2018, the price adjusted to $10,730,500 due to the reason allowed under section 35(2)(b) of the Ordinance.",‧價單第2號 (A1)付款辦法 Payment Plan (A1) of Price List No.2 見備註/See Remarks 7 (c)(i) ‧見備註/See Remarks 7 (c)(iii) ‧見備註/See Remarks 7 (c)(iv) ‧見備註/See Remarks 7 (c)(v) ‧見備註/See Remarks 7 (e)(i) ‧見備註/See Remarks 7 (d)(ii) ‧見備註/See Remarks 7 (e)(iii) ‧見備註/See Remarks 7 (f)(ii) ‧見備註/See Remarks 7 (e)(iv),
2017-11-25,2017-12-06,,第3座 (3B) Tower 3 (3B),43,D,,10396000,,‧價單第2號 (A1)付款辦法 Payment Plan (A1) of Price List No.2 見備註/See Remarks 7 (c)(i) ‧見備註/See Remarks 7 (c)(iii) ‧見備註/See Remarks 7 (c)(iv) ‧見備註/See Remarks 7 (c)(v) ‧見備註/See Remarks 7 (e)(i) ‧見備註/See Remarks 7 (d)(ii) ‧見備註/See Remarks 7 (e)(iii) ‧見備註/See Remarks 7 (f)(ii) ‧見備註/See Remarks 7 (e)(iv),
2017-11-25,2017-12-06,,第3座 (3B) Tower 3 (3B),42,D,,10324000,,‧價單第2號 (A1)付款辦法 Payment Plan (A1) of Price List No.2 見備註/See Remarks 7 (c)(i) ‧見備註/See Remarks 7 (c)(iii) ‧見備註/See Remarks 7 (c)(iv) ‧見備註/See Remarks 7 (c)(v) ‧見備註/See Remarks 7 (e)(i) ‧見備註/See Remarks 7 (d)(ii) ‧見備註/See Remarks 7 (e)(iii) ‧見備註/See Remarks 7 (f)(ii) ‧見備註/See Remarks 7 (e)(iv),
2017-11-25,2017-12-06,,第3座 (3B) Tower 3 (3B),41,D,,10252000,,‧價單第2號 (A1)付款辦法 Payment Plan (A1) of Price List No.2 見備註/See Remarks 7 (c)(i) ‧見備註/See Remarks 7 (c)(iii) ‧見備註/See Remarks 7 (c)(iv) ‧見備註/See Remarks 7 (c)(v) ‧見備註/See Remarks 7 (e)(i) ‧見備註/See Remarks 7 (d)(ii) ‧見備註/See Remarks 7 (e)(iii) ‧見備註/See Remarks 7 (f)(ii) ‧見備註/See Remarks 7 (e)(iv),
2017-11-25,2017-12-06,,第3座 (3B) Tower 3 (3B),40,D,,11835100,,‧價單第2號 (B1)付款辦法 Payment Plan (B1) of Price List No.2 見備註/See Remarks 7 (c)(ii) ‧見備註/See Remarks 7 (d)(i) ‧見備註/See Remarks 7 (c)(iv) ‧見備註/See Remarks 7 (c)(v) ‧見備註/See Remarks 7 (e)(ii) ‧見備註/See Remarks 7 (e)(i) ‧見備註/See Remarks 7 (d)(ii) ‧見備註/See Remarks 7 (e)(iii) ‧見備註/See Remarks 7 (f)(ii) ‧見備註/See Remarks 7 (e)(iv),
2017-11-25,2017-12-06,,第3座 (3B) Tower 3 (3B),39,D,,10363100,,‧價單第2號 (B1)付款辦法 Payment Plan (B1) of Price List No.2 見備註/See Remarks 7 (c)(ii) ‧見備註/See Remarks 7 (c)(iii) ‧見備註/See Remarks 7 (c)(iv) ‧見備註/See Remarks 7 (c)(v) ‧見備註/See Remarks 7 (e)(ii) ‧見備註/See Remarks 7 (e)(i) ‧見備註/See Remarks 7 (d)(ii) ‧見備註/See Remarks 7 (e)(iii) ‧見備註/See Remarks 7 (f)(ii) ‧見備註/See Remarks 7 (e)(iv),
2017-11-25,2017-12-06,,第3座 (3B) Tower 3 (3B),38,D,,10363100,,‧價單第2號 (B1)付款辦法 Payment Plan (B1) of Price List No.2 見備註/See Remarks 7 (c)(ii) ‧見備註/See Remarks 7 (c)(iii) ‧見備註/See Remarks 7 (c)(iv) ‧見備註/See Remarks 7 (c)(v) ‧見備註/See Remarks 7 (e)(ii) ‧見備註/See Remarks 7 (e)(i) ‧見備註/See Remarks 7 (d)(ii) ‧見備註/See Remarks 7 (e)(iii) ‧見備註/See Remarks 7 (f)(ii) ‧見備註/See Remarks 7 (e)(iv),
2017-11-25,2017-12-06,,第3座 (3B) Tower 3 (3B),37,D,,10260600,,‧價單第2號 (B1)付款辦法 Payment Plan (B1) of Price List No.2 見備註/See Remarks 7 (c)(ii) ‧見備註/See Remarks 7 (c)(iii) ‧見備註/See Remarks 7 (c)(iv) ‧見備註/See Remarks 7 (c)(v) ‧見備註/See Remarks 7 (e)(ii) ‧見備註/See Remarks 7 (e)(i) ‧見備註/See Remarks 7 (d)(ii) ‧見備註/See Remarks 7 (e)(iii) ‧見備註/See Remarks 7 (f)(ii) ‧見備註/See Remarks 7 (e)(iv),
2017-11-25,2017-12-06,,第3座 (3B) Tower 3 (3B),36,D,,11578500,,‧價單第2號 (B1)付款辦法 Payment Plan (B1) of Price List No.2 見備註/See Remarks 7 (c)(ii) ‧見備註/See Remarks 7 (d)(i) ‧見備註/See Remarks 7 (c)(iv) ‧見備註/See Remarks 7 (c)(v) ‧見備註/See Remarks 7 (e)(ii) ‧見備註/See Remarks 7 (e)(i) ‧見備註/See Remarks 7 (d)(ii) ‧見備註/See Remarks 7 (e)(iii) ‧見備註/See Remarks 7 (f)(ii) ‧見備註/See Remarks 7 (e)(iv),
2017-11-25,2017-12-06,,第3座 (3B) Tower 3 (3B),35,D,,9910400,,‧價單第2號 (A1)付款辦法 Payment Plan (A1) of Price List No.2 見備註/See Remarks 7 (c)(i) ‧見備註/See Remarks 7 (c)(iii) ‧見備註/See Remarks 7 (c)(iv) ‧見備註/See Remarks 7 (c)(v) ‧見備註/See Remarks 7 (e)(i) ‧見備註/See Remarks 7 (d)(ii) ‧見備註/See Remarks 7 (e)(iii) ‧見備註/See Remarks 7 (f)(ii) ‧見備註/See Remarks 7 (e)(iv),
2017-11-25,2017-12-06,,第3座 (3B) Tower 3 (3B),33,D,,10107300,,‧價單第2號 (B1)付款辦法 Payment Plan (B1) of Price List No.2 見備註/See Remarks 7 (c)(ii) ‧見備註/See Remarks 7 (c)(iii) ‧見備註/See Remarks 7 (c)(iv) ‧見備註/See Remarks 7 (c)(v) ‧見備註/See Remarks 7 (e)(ii) ‧見備註/See Remarks 7 (e)(i) ‧見備註/See Remarks 7 (d)(ii) ‧見備註/See Remarks 7 (e)(iii) ‧見備註/See Remarks 7 (f)(ii) ‧見備註/See Remarks 7 (e)(iv),
2017-11-25,2017-12-06,,第3座 (3B) Tower 3 (3B),32,D,,10057300,,‧價單第2號 (B1)付款辦法 Payment Plan (B1) of Price List No.2 見備註/See Remarks 7 (c)(ii) ‧見備註/See Remarks 7 (c)(iii) ‧見備註/See Remarks 7 (c)(iv) ‧見備註/See Remarks 7 (c)(v) ‧見備註/See Remarks 7 (e)(ii) ‧見備註/See Remarks 7 (e)(i) ‧見備註/See Remarks 7 (d)(ii) ‧見備註/See Remarks 7 (e)(iii) ‧見備註/See Remarks 7 (f)(ii) ‧見備註/See Remarks 7 (e)(iv),
2017-11-25,2017-12-06,,第3座 (3B) Tower 3 (3B),31,D,,9763200,,‧價單第2號 (A1)付款辦法 Payment Plan (A1) of Price List No.2 見備註/See Remarks 7 (c)(i) ‧見備註/See Remarks 7 (c)(iii) ‧見備註/See Remarks 7 (c)(iv) ‧見備註/See Remarks 7 (c)(v) ‧見備註/See Remarks 7 (e)(i) ‧見備註/See Remarks 7 (d)(ii) ‧見備註/See Remarks 7 (e)(iii) ‧見備註/See Remarks 7 (f)(ii) ‧見備註/See Remarks 7 (e)(iv),
2017-11-25,2017-12-06,,第3座 (3B) Tower 3 (3B),30,D,,9957200,,‧價單第2號 (B1)付款辦法 Payment Plan (B1) of Price List No.2 見備註/See Remarks 7 (c)(ii) ‧見備註/See Remarks 7 (c)(iii) ‧見備註/See Remarks 7 (c)(iv) ‧見備註/See Remarks 7 (c)(v) ‧見備註/See Remarks 7 (e)(ii) ‧見備註/See Remarks 7 (e)(i) ‧見備註/See Remarks 7 (d)(ii) ‧見備註/See Remarks 7 (e)(iii) ‧見備註/See Remarks 7 (f)(ii) ‧見備註/See Remarks 7 (e)(iv),
2017-11-25,2017-12-06,,第3座 (3B) Tower 3 (3B),28,D,,9957200,,‧價單第1號 (B1)付款辦法 Payment Plan (B1) of Price List No.1 見備註/See Remarks 7 (c)(ii) ‧見備註/See Remarks 7 (c)(iii) ‧見備註/See Remarks 7 (c)(iv) ‧見備註/See Remarks 7 (c)(v) ‧見備註/See Remarks 7 (e)(ii) ‧見備註/See Remarks 7 (e)(i) ‧見備註/See Remarks 7 (d)(ii) ‧見備註/See Remarks 7 (e)(iii) ‧見備註/See Remarks 7 (f)(ii) ‧見備註/See Remarks 7 (e)(iv),
2017-11-25,2017-12-06,,第3座 (3B) Tower 3 (3B),27,D,,9616800,,‧價單第1號 (A1)付款辦法 Payment Plan (A1) of Price List No.1 見備註/See Remarks 7 (c)(i) ‧見備註/See Remarks 7 (c)(iii) ‧見備註/See Remarks 7 (c)(iv) ‧見備註/See Remarks 7 (c)(v) ‧見備註/See Remarks 7 (e)(i) ‧見備註/See Remarks 7 (d)(ii) ‧見備註/See Remarks 7 (e)(iii) ‧見備註/See Remarks 7 (f)(ii) ‧見備註/See Remarks 7 (e)(iv),
2017-11-25,2017-12-06,,第3座 (3B) Tower 3 (3B),26,D,,9808000,,‧價單第1號 (B1)付款辦法 Payment Plan (B1) of Price List No.1 見備註/See Remarks 7 (c)(ii) ‧見備註/See Remarks 7 (c)(iii) ‧見備註/See Remarks 7 (c)(iv) ‧見備註/See Remarks 7 (c)(v) ‧見備註/See Remarks 7 (e)(ii) ‧見備註/See Remarks 7 (e)(i) ‧見備註/See Remarks 7 (d)(ii) ‧見備註/See Remarks 7 (e)(iii) ‧見備註/See Remarks 7 (f)(ii) ‧見備註/See Remarks 7 (e)(iv),
2017-11-25,2017-12-06,,第3座 (3B) Tower 3 (3B),25,D,,9520800,,‧價單第1號 (A1)付款辦法 Payment Plan (A1) of Price List No.1 見備註/See Remarks 7 (c)(i) ‧見備註/See Remarks 7 (c)(iii) ‧見備註/See Remarks 7 (c)(iv) ‧見備註/See Remarks 7 (c)(v) ‧見備註/See Remarks 7 (e)(i) ‧見備註/See Remarks 7 (d)(ii) ‧見備註/See Remarks 7 (e)(iii) ‧見備註/See Remarks 7 (f)(ii) ‧見備註/See Remarks 7 (e)(iv),
2017-11-25,2017-12-06,,第3座 (3B) Tower 3 (3B),23,D,,9709600,,‧價單第1號 (B1)付款辦法 Payment Plan (B1) of Price List No.1 見備註/See Remarks 7 (c)(ii) ‧見備註/See Remarks 7 (c)(iii) ‧見備註/See Remarks 7 (c)(iv) ‧見備註/See Remarks 7 (c)(v) ‧見備註/See Remarks 7 (e)(ii) ‧見備註/See Remarks 7 (e)(i) ‧見備註/See Remarks 7 (d)(ii) ‧見備註/See Remarks 7 (e)(iii) ‧見備註/See Remarks 7 (f)(ii) ‧見備註/See Remarks 7 (e)(iv),
2017-11-25,2017-12-06,,第3座 (3B) Tower 3 (3B),22,D,,9426400,,‧價單第1號 (A1)付款辦法 Payment Plan (A1) of Price List No.1 見備註/See Remarks 7 (c)(i) ‧見備註/See Remarks 7 (c)(iii) ‧見備註/See Remarks 7 (c)(iv) ‧見備註/See Remarks 7 (c)(v) ‧見備註/See Remarks 7 (e)(i) ‧見備註/See Remarks 7 (d)(ii) ‧見備註/See Remarks 7 (e)(iii) ‧見備註/See Remarks 7 (f)(ii) ‧見備註/See Remarks 7 (e)(iv),
2017-11-25,2017-12-06,,第3座 (3B) Tower 3 (3B),21,D,,9613600,,‧價單第1號 (B1)付款辦法 Payment Plan (B1) of Price List No.1 見備註/See Remarks 7 (c)(ii) ‧見備註/See Remarks 7 (c)(iii) ‧見備註/See Remarks 7 (c)(iv) ‧見備註/See Remarks 7 (c)(v) ‧見備註/See Remarks 7 (e)(ii) ‧見備註/See Remarks 7 (e)(i) ‧見備註/See Remarks 7 (d)(ii) ‧見備註/See Remarks 7 (e)(iii) ‧見備註/See Remarks 7 (f)(ii) ‧見備註/See Remarks 7 (e)(iv),
2017-11-25,2017-12-06,,第3座 (3B) Tower 3 (3B),20,D,,9565300,,‧價單第1號 (B1)付款辦法 Payment Plan (B1) of Price List No.1 見備註/See Remarks 7 (c)(ii) ‧見備註/See Remarks 7 (c)(iii) ‧見備註/See Remarks 7 (c)(iv) ‧見備註/See Remarks 7 (c)(v) ‧見備註/See Remarks 7 (e)(ii) ‧見備註/See Remarks 7 (e)(i) ‧見備註/See Remarks 7 (d)(ii) ‧見備註/See Remarks 7 (e)(iii) ‧見備註/See Remarks 7 (f)(ii) ‧見備註/See Remarks 7 (e)(iv),
2017-11-25,2017-12-06,,第3座 (3B) Tower 3 (3B),19,D,,9516900,,‧價單第1號 (B1)付款辦法 Payment Plan (B1) of Price List No.1 見備註/See Remarks 7 (c)(ii) ‧見備註/See Remarks 7 (c)(iii) ‧見備註/See Remarks 7 (c)(iv) ‧見備註/See Remarks 7 (c)(v) ‧見備註/See Remarks 7 (e)(ii) ‧見備註/See Remarks 7 (e)(i) ‧見備註/See Remarks 7 (d)(ii) ‧見備註/See Remarks 7 (e)(iii) ‧見備註/See Remarks 7 (f)(ii) ‧見備註/See Remarks 7 (e)(iv),
2017-11-25,2017-12-06,,第3座 (3B) Tower 3 (3B),17,D,,9239200,,‧價單第1號 (A1)付款辦法 Payment Plan (A1) of Price List No.1 見備註/See Remarks 7 (c)(i) ‧見備註/See Remarks 7 (c)(iii) ‧見備註/See Remarks 7 (c)(iv) ‧見備註/See Remarks 7 (c)(v) ‧見備註/See Remarks 7 (e)(i) ‧見備註/See Remarks 7 (d)(ii) ‧見備註/See Remarks 7 (e)(iii) ‧見備註/See Remarks 7 (f)(ii) ‧見備註/See Remarks 7 (e)(iv),
2017-11-25,2017-12-06,,第3座 (3B) Tower 3 (3B),16,D,,9461100,,‧價單第1號 (B1)付款辦法 Payment Plan (B1) of Price List No.1 見備註/See Remarks 7 (c)(ii) ‧見備註/See Remarks 7 (c)(iii) ‧見備註/See Remarks 7 (c)(iv) ‧見備註/See Remarks 7 (c)(v) ‧見備註/See Remarks 7 (e)(ii) ‧見備註/See Remarks 7 (e)(i) ‧見備註/See Remarks 7 (d)(ii) ‧見備註/See Remarks 7 (e)(iii) ‧見備註/See Remarks 7 (f)(ii) ‧見備註/See Remarks 7 (e)(iv),
2017-11-25,2017-12-06,,第3座 (3B) Tower 3 (3B),12,D,,9441400,,‧價單第1號 (B1)付款辦法 Payment Plan (B1) of Price List No.1 見備註/See Remarks 7 (c)(ii) ‧見備註/See Remarks 7 (c)(iii) ‧見備註/See Remarks 7 (c)(iv) ‧見備註/See Remarks 7 (c)(v) ‧見備註/See Remarks 7 (e)(ii) ‧見備註/See Remarks 7 (e)(i) ‧見備註/See Remarks 7 (d)(ii) ‧見備註/See Remarks 7 (e)(iii) ‧見備註/See Remarks 7 (f)(ii) ‧見備註/See Remarks 7 (e)(iv),
2017-11-25,2017-12-06,,第3座 (3B) Tower 3 (3B),11,D,,9432400,,‧價單第1號 (B1)付款辦法 Payment Plan (B1) of Price List No.1 見備註/See Remarks 7 (c)(ii) ‧見備註/See Remarks 7 (c)(iii) ‧見備註/See Remarks 7 (c)(iv) ‧見備註/See Remarks 7 (c)(v) ‧見備註/See Remarks 7 (e)(ii) ‧見備註/See Remarks 7 (e)(i) ‧見備註/See Remarks 7 (d)(ii) ‧見備註/See Remarks 7 (e)(iii) ‧見備註/See Remarks 7 (f)(ii) ‧見備註/See Remarks 7 (e)(iv),
2017-11-25,2017-12-06,,第3座 (3B) Tower 3 (3B),9,D,,9184000,,‧價單第1號 (A1)付款辦法 Payment Plan (A1) of Price List No.1 見備註/See Remarks 7 (c)(i) ‧見備註/See Remarks 7 (c)(iii) ‧見備註/See Remarks 7 (c)(iv) ‧見備註/See Remarks 7 (c)(v) ‧見備註/See Remarks 7 (e)(i) ‧見備註/See Remarks 7 (d)(ii) ‧見備註/See Remarks 7 (e)(iii) ‧見備註/See Remarks 7 (f)(ii) ‧見備註/See Remarks 7 (e)(iv),
2017-11-25,2017-12-06,,第3座 (3B) Tower 3 (3B),8,D,,10665200,,‧價單第1號 (B1)付款辦法 Payment Plan (B1) of Price List No.1 見備註/See Remarks 7 (c)(ii) ‧見備註/See Remarks 7 (d)(i) ‧見備註/See Remarks 7 (c)(iv) ‧見備註/See Remarks 7 (c)(v) ‧見備註/See Remarks 7 (e)(ii) ‧見備註/See Remarks 7 (e)(i) ‧見備註/See Remarks 7 (d)(ii) ‧見備註/See Remarks 7 (e)(iii) ‧見備註/See Remarks 7 (f)(ii) ‧見備註/See Remarks 7 (e)(iv),
2017-11-25,2017-12-06,,第3座 (3B) Tower 3 (3B),6,D,,9156000,,‧價單第1號 (A1)付款辦法 Payment Plan (A1) of Price List No.1 見備註/See Remarks 7 (c)(i) ‧見備註/See Remarks 7 (c)(iii) ‧見備註/See Remarks 7 (c)(iv) ‧見備註/See Remarks 7 (c)(v) ‧見備註/See Remarks 7 (e)(i) ‧見備註/See Remarks 7 (d)(ii) ‧見備註/See Remarks 7 (e)(iii) ‧見備註/See Remarks 7 (f)(ii) ‧見備註/See Remarks 7 (e)(iv),
2017-11-25,2017-12-06,,第3座 (3B) Tower 3 (3B),42,E,,7580800,,‧價單第1號 (A1)付款辦法 Payment Plan (A1) of Price List No.1 見備註/See Remarks 7 (c)(i) ‧見備註/See Remarks 7 (c)(iii) ‧見備註/See Remarks 7 (c)(iv) ‧見備註/See Remarks 7 (c)(v) ‧見備註/See Remarks 7 (e)(i) ‧見備註/See Remarks 7 (d)(ii) ‧見備註/See Remarks 7 (e)(iii) ‧見備註/See Remarks 7 (f)(ii) ‧見備註/See Remarks 7 (e)(iv),
2017-11-25,2017-12-06,,第3座 (3B) Tower 3 (3B),41,E,,7528000,,‧價單第1號 (A1)付款辦法 Payment Plan (A1) of Price List No.1 見備註/See Remarks 7 (c)(i) ‧見備註/See Remarks 7 (c)(iii) ‧見備註/See Remarks 7 (c)(iv) ‧見備註/See Remarks 7 (c)(v) ‧見備註/See Remarks 7 (e)(i) ‧見備註/See Remarks 7 (d)(ii) ‧見備註/See Remarks 7 (e)(iii) ‧見備註/See Remarks 7 (f)(ii) ‧見備註/See Remarks 7 (e)(iv),
2017-11-25,2017-12-06,,第3座 (3B) Tower 3 (3B),40,E,,7662900,,‧價單第1號 (B1)付款辦法 Payment Plan (B1) of Price List No.1 見備註/See Remarks 7 (c)(ii) ‧見備註/See Remarks 7 (c)(iii) ‧見備註/See Remarks 7 (c)(iv) ‧見備註/See Remarks 7 (c)(v) ‧見備註/See Remarks 7 (e)(ii) ‧見備註/See Remarks 7 (e)(i) ‧見備註/See Remarks 7 (d)(ii) ‧見備註/See Remarks 7 (e)(iii) ‧見備註/See Remarks 7 (f)(ii) ‧見備註/See Remarks 7 (e)(iv),
2017-11-25,2017-12-06,,第3座 (3B) Tower 3 (3B),39,E,,7424000,,‧價單第1號 (A1)付款辦法 Payment Plan (A1) of Price List No.1 見備註/See Remarks 7 (c)(i) ‧見備註/See Remarks 7 (c)(iii) ‧見備註/See Remarks 7 (c)(iv) ‧見備註/See Remarks 7 (c)(v) ‧見備註/See Remarks 7 (e)(i) ‧見備註/See Remarks 7 (d)(ii) ‧見備註/See Remarks 7 (e)(iii) ‧見備註/See Remarks 7 (f)(ii) ‧見備註/See Remarks 7 (e)(iv),
2017-11-25,2017-12-06,,第3座 (3B) Tower 3 (3B),38,E,,7424000,,‧價單第1號 (A1)付款辦法 Payment Plan (A1) of Price List No.1 見備註/See Remarks 7 (c)(i) ‧見備註/See Remarks 7 (c)(iii) ‧見備註/See Remarks 7 (c)(iv) ‧見備註/See Remarks 7 (c)(v) ‧見備註/See Remarks 7 (e)(i) ‧見備註/See Remarks 7 (d)(ii) ‧見備註/See Remarks 7 (e)(iii) ‧見備註/See Remarks 7 (f)(ii) ‧見備註/See Remarks 7 (e)(iv),
2017-11-25,2017-12-06,,第3座 (3B) Tower 3 (3B),37,E,,7351200,,‧價單第1號 (A1)付款辦法 Payment Plan (A1) of Price List No.1 見備註/See Remarks 7 (c)(i) ‧見備註/See Remarks 7 (c)(iii) ‧見備註/See Remarks 7 (c)(iv) ‧見備註/See Remarks 7 (c)(v) ‧見備註/See Remarks 7 (e)(i) ‧見備註/See Remarks 7 (d)(ii) ‧見備註/See Remarks 7 (e)(iii) ‧見備註/See Remarks 7 (f)(ii) ‧見備註/See Remarks 7 (e)(iv),
2017-11-25,2017-12-06,,第3座 (3B) Tower 3 (3B),36,E,,7497200,,‧價單第1號 (B1)付款辦法 Payment Plan (B1) of Price List No.1 見備註/See Remarks 7 (c)(ii) ‧見備註/See Remarks 7 (c)(iii) ‧見備註/See Remarks 7 (c)(iv) ‧見備註/See Remarks 7 (c)(v) ‧見備註/See Remarks 7 (e)(ii) ‧見備註/See Remarks 7 (e)(i) ‧見備註/See Remarks 7 (d)(ii) ‧見備註/See Remarks 7 (e)(iii) ‧見備註/See Remarks 7 (f)(ii) ‧見備註/See Remarks 7 (e)(iv),
2017-11-25,2017-12-06,,第3座 (3B) Tower 3 (3B),35,E,,7460300,,‧價單第1號 (B1)付款辦法 Payment Plan (B1) of Price List No.1 見備註/See Remarks 7 (c)(ii) ‧見備註/See Remarks 7 (c)(iii) ‧見備註/See Remarks 7 (c)(iv) ‧見備註/See Remarks 7 (c)(v) ‧見備註/See Remarks 7 (e)(ii) ‧見備註/See Remarks 7 (e)(i) ‧見備註/See Remarks 7 (d)(ii) ‧見備註/See Remarks 7 (e)(iii) ‧見備註/See Remarks 7 (f)(ii) ‧見備註/See Remarks 7 (e)(iv),
2017-11-25,2017-12-06,,第3座 (3B) Tower 3 (3B),33,E,,7421800,,‧價單第1號 (B1)付款辦法 Payment Plan (B1) of Price List No.1 見備註/See Remarks 7 (c)(ii) ‧見備註/See Remarks 7 (c)(iii) ‧見備註/See Remarks 7 (c)(iv) ‧見備註/See Remarks 7 (c)(v) ‧見備註/See Remarks 7 (e)(ii) ‧見備註/See Remarks 7 (e)(i) ‧見備註/See Remarks 7 (d)(ii) ‧見備註/See Remarks 7 (e)(iii) ‧見備註/See Remarks 7 (f)(ii) ‧見備註/See Remarks 7 (e)(iv),
2017-11-25,2017-12-06,,第3座 (3B) Tower 3 (3B),31,E,,7168800,,‧價單第1號 (A1)付款辦法 Payment Plan (A1) of Price List No.1 見備註/See Remarks 7 (c)(i) ‧見備註/See Remarks 7 (c)(iii) ‧見備註/See Remarks 7 (c)(iv) ‧見備註/See Remarks 7 (c)(v) ‧見備註/See Remarks 7 (e)(i) ‧見備註/See Remarks 7 (d)(ii) ‧見備註/See Remarks 7 (e)(iii) ‧見備註/See Remarks 7 (f)(ii) ‧見備註/See Remarks 7 (e)(iv),
2017-11-25,2017-12-06,,第3座 (3B) Tower 3 (3B),30,E,,7311100,,‧價單第1號 (B1)付款辦法 Payment Plan (B1) of Price List No.1 見備註/See Remarks 7 (c)(ii) ‧見備註/See Remarks 7 (c)(iii) ‧見備註/See Remarks 7 (c)(iv) ‧見備註/See Remarks 7 (c)(v) ‧見備註/See Remarks 7 (e)(ii) ‧見備註/See Remarks 7 (e)(i) ‧見備註/See Remarks 7 (d)(ii) ‧見備註/See Remarks 7 (e)(iii) ‧見備註/See Remarks 7 (f)(ii) ‧見備註/See Remarks 7 (e)(iv),
2017-11-25,2017-12-06,,第3座 (3B) Tower 3 (3B),27,E,,7238900,,‧價單第1號 (B1)付款辦法 Payment Plan (B1) of Price List No.1 見備註/See Remarks 7 (c)(ii) ‧見備註/See Remarks 7 (c)(iii) ‧見備註/See Remarks 7 (c)(iv) ‧見備註/See Remarks 7 (c)(v) ‧見備註/See Remarks 7 (e)(ii) ‧見備註/See Remarks 7 (e)(i) ‧見備註/See Remarks 7 (d)(ii) ‧見備註/See Remarks 7 (e)(iii) ‧見備註/See Remarks 7 (f)(ii) ‧見備註/See Remarks 7 (e)(iv),
2017-11-25,2017-12-06,,第3座 (3B) Tower 3 (3B),26,E,,7993400,,‧價單第1號 (A1)付款辦法 Payment Plan (A1) of Price List No.1 見備註/See Remarks 7 (c)(i) ‧見備註/See Remarks 7 (d)(i) ‧見備註/See Remarks 7 (c)(iv) ‧見備註/See Remarks 7 (c)(v) ‧見備註/See Remarks 7 (e)(i) ‧見備註/See Remarks 7 (d)(ii) ‧見備註/See Remarks 7 (e)(iii) ‧見備註/See Remarks 7 (f)(ii) ‧見備註/See Remarks 7 (e)(iv),
2017-11-25,2017-12-06,,第3座 (3B) Tower 3 (3B),23,E,,7130700,,‧價單第1號 (B1)付款辦法 Payment Plan (B1) of Price List No.1 見備註/See Remarks 7 (c)(ii) ‧見備註/See Remarks 7 (c)(iii) ‧見備註/See Remarks 7 (c)(iv) ‧見備註/See Remarks 7 (c)(v) ‧見備註/See Remarks 7 (e)(ii) ‧見備註/See Remarks 7 (e)(i) ‧見備註/See Remarks 7 (d)(ii) ‧見備註/See Remarks 7 (e)(iii) ‧見備註/See Remarks 7 (f)(ii) ‧見備註/See Remarks 7 (e)(iv),
2017-11-25,2017-12-06,,第3座 (3B) Tower 3 (3B),22,E,,7095400,,‧價單第1號 (B1)付款辦法 Payment Plan (B1) of Price List No.1 見備註/See Remarks 7 (c)(ii) ‧見備註/See Remarks 7 (c)(iii) ‧見備註/See Remarks 7 (c)(iv) ‧見備註/See Remarks 7 (c)(v) ‧見備註/See Remarks 7 (e)(ii) ‧見備註/See Remarks 7 (e)(i) ‧見備註/See Remarks 7 (d)(ii) ‧見備註/See Remarks 7 (e)(iii) ‧見備註/See Remarks 7 (f)(ii) ‧見備註/See Remarks 7 (e)(iv),
2017-11-25,2017-12-06,,第3座 (3B) Tower 3 (3B),20,E,,6852800,,‧價單第1號 (A1)付款辦法 Payment Plan (A1) of Price List No.1 見備註/See Remarks 7 (c)(i) ‧見備註/See Remarks 7 (c)(iii) ‧見備註/See Remarks 7 (c)(iv) ‧見備註/See Remarks 7 (c)(v) ‧見備註/See Remarks 7 (e)(i) ‧見備註/See Remarks 7 (d)(ii) ‧見備註/See Remarks 7 (e)(iii) ‧見備註/See Remarks 7 (f)(ii) ‧見備註/See Remarks 7 (e)(iv),
2017-11-25,2017-12-06,,第3座 (3B) Tower 3 (3B),19,E,,6988800,,‧價單第1號 (B1)付款辦法 Payment Plan (B1) of Price List No.1 見備註/See Remarks 7 (c)(ii) ‧見備註/See Remarks 7 (c)(iii) ‧見備註/See Remarks 7 (c)(iv) ‧見備註/See Remarks 7 (c)(v) ‧見備註/See Remarks 7 (e)(ii) ‧見備註/See Remarks 7 (e)(i) ‧見備註/See Remarks 7 (d)(ii) ‧見備註/See Remarks 7 (e)(iii) ‧見備註/See Remarks 7 (f)(ii) ‧見備註/See Remarks 7 (e)(iv),
2017-11-25,2017-12-06,,第3座 (3B) Tower 3 (3B),17,E,,6953600,,‧價單第1號 (B1)付款辦法 Payment Plan (B1) of Price List No.1 見備註/See Remarks 7 (c)(ii) ‧見備註/See Remarks 7 (c)(iii) ‧見備註/See Remarks 7 (c)(iv) ‧見備註/See Remarks 7 (c)(v) ‧見備註/See Remarks 7 (e)(ii) ‧見備註/See Remarks 7 (e)(i) ‧見備註/See Remarks 7 (d)(ii) ‧見備註/See Remarks 7 (e)(iii) ‧見備註/See Remarks 7 (f)(ii) ‧見備註/See Remarks 7 (e)(iv),
2017-11-25,2017-12-06,,第3座 (3B) Tower 3 (3B),16,E,,6947800,,‧價單第1號 (B1)付款辦法 Payment Plan (B1) of Price List No.1 見備註/See Remarks 7 (c)(ii) ‧見備註/See Remarks 7 (c)(iii) ‧見備註/See Remarks 7 (c)(iv) ‧見備註/See Remarks 7 (c)(v) ‧見備註/See Remarks 7 (e)(ii) ‧見備註/See Remarks 7 (e)(i) ‧見備註/See Remarks 7 (d)(ii) ‧見備註/See Remarks 7 (e)(iii) ‧見備註/See Remarks 7 (f)(ii) ‧見備註/See Remarks 7 (e)(iv),
2017-11-25,2017-12-06,,第3座 (3B) Tower 3 (3B),12,E,,6933100,,‧價單第1號 (B1)付款辦法 Payment Plan (B1) of Price List No.1 見備註/See Remarks 7 (c)(ii) ‧見備註/See Remarks 7 (c)(iii) ‧見備註/See Remarks 7 (c)(iv) ‧見備註/See Remarks 7 (c)(v) ‧見備註/See Remarks 7 (e)(ii) ‧見備註/See Remarks 7 (e)(i) ‧見備註/See Remarks 7 (d)(ii) ‧見備註/See Remarks 7 (e)(iii) ‧見備註/See Remarks 7 (f)(ii) ‧見備註/See Remarks 7 (e)(iv),
2017-11-25,2017-12-06,,第3座 (3B) Tower 3 (3B),11,E,,6756800,,‧價單第1號 (A1)付款辦法 Payment Plan (A1) of Price List No.1 見備註/See Remarks 7 (c)(i) ‧見備註/See Remarks 7 (c)(iii) ‧見備註/See Remarks 7 (c)(iv) ‧見備註/See Remarks 7 (c)(v) ‧見備註/See Remarks 7 (e)(i) ‧見備註/See Remarks 7 (d)(ii) ‧見備註/See Remarks 7 (e)(iii) ‧見備註/See Remarks 7 (f)(ii) ‧見備註/See Remarks 7 (e)(iv),
2017-11-25,2017-12-06,,第3座 (3B) Tower 3 (3B),9,E,,6912600,,‧價單第1號 (B1)付款辦法 Payment Plan (B1) of Price List No.1 見備註/See Remarks 7 (c)(ii) ‧見備註/See Remarks 7 (c)(iii) ‧見備註/See Remarks 7 (c)(iv) ‧見備註/See Remarks 7 (c)(v) ‧見備註/See Remarks 7 (e)(ii) ‧見備註/See Remarks 7 (e)(i) ‧見備註/See Remarks 7 (d)(ii) ‧見備註/See Remarks 7 (e)(iii) ‧見備註/See Remarks 7 (f)(ii) ‧見備註/See Remarks 7 (e)(iv),
2017-11-25,2017-12-06,,第3座 (3B) Tower 3 (3B),8,E,,6736800,,‧價單第1號 (A1)付款辦法 Payment Plan (A1) of Price List No.1 見備註/See Remarks 7 (c)(i) ‧見備註/See Remarks 7 (c)(iii) ‧見備註/See Remarks 7 (c)(iv) ‧見備註/See Remarks 7 (c)(v) ‧見備註/See Remarks 7 (e)(i) ‧見備註/See Remarks 7 (d)(ii) ‧見備註/See Remarks 7 (e)(iii) ‧見備註/See Remarks 7 (f)(ii) ‧見備註/See Remarks 7 (e)(iv),
2017-11-25,2017-12-06,,第3座 (3B) Tower 3 (3B),6,E,,6892100,,‧價單第1號 (B1)付款辦法 Payment Plan (B1) of Price List No.1 見備註/See Remarks 7 (c)(ii) ‧見備註/See Remarks 7 (c)(iii) ‧見備註/See Remarks 7 (c)(iv) ‧見備註/See Remarks 7 (c)(v) ‧見備註/See Remarks 7 (e)(ii) ‧見備註/See Remarks 7 (e)(i) ‧見備註/See Remarks 7 (d)(ii) ‧見備註/See Remarks 7 (e)(iii) ‧見備註/See Remarks 7 (f)(ii) ‧見備註/See Remarks 7 (e)(iv),
2017-11-25,2017-12-06,,第3座 (3B) Tower 3 (3B),42,F,,7602400,,‧價單第1號 (A1)付款辦法 Payment Plan (A1) of Price List No.1 見備註/See Remarks 7 (c)(i) ‧見備註/See Remarks 7 (c)(iii) ‧見備註/See Remarks 7 (c)(iv) ‧見備註/See Remarks 7 (c)(v) ‧見備註/See Remarks 7 (e)(i) ‧見備註/See Remarks 7 (d)(ii) ‧見備註/See Remarks 7 (e)(iii) ‧見備註/See Remarks 7 (f)(ii) ‧見備註/See Remarks 7 (e)(iv),
2017-11-25,2017-12-06,,第3座 (3B) Tower 3 (3B),41,F,,7548800,,‧價單第1號 (A1)付款辦法 Payment Plan (A1) of Price List No.1 見備註/See Remarks 7 (c)(i) ‧見備註/See Remarks 7 (c)(iii) ‧見備註/See Remarks 7 (c)(iv) ‧見備註/See Remarks 7 (c)(v) ‧見備註/See Remarks 7 (e)(i) ‧見備註/See Remarks 7 (d)(ii) ‧見備註/See Remarks 7 (e)(iii) ‧見備註/See Remarks 7 (f)(ii) ‧見備註/See Remarks 7 (e)(iv),
2017-11-25,2017-12-06,,第3座 (3B) Tower 3 (3B),40,F,,7684200,,‧價單第1號 (B1)付款辦法 Payment Plan (B1) of Price List No.1 見備註/See Remarks 7 (c)(ii) ‧見備註/See Remarks 7 (c)(iii) ‧見備註/See Remarks 7 (c)(iv) ‧見備註/See Remarks 7 (c)(v) ‧見備註/See Remarks 7 (e)(ii) ‧見備註/See Remarks 7 (e)(i) ‧見備註/See Remarks 7 (d)(ii) ‧見備註/See Remarks 7 (e)(iii) ‧見備註/See Remarks 7 (f)(ii) ‧見備註/See Remarks 7 (e)(iv),
2017-11-25,2017-12-06,,第3座 (3B) Tower 3 (3B),39,F,,7444800,,‧價單第1號 (A1)付款辦法 Payment Plan (A1) of Price List No.1 見備註/See Remarks 7 (c)(i) ‧見備註/See Remarks 7 (c)(iii) ‧見備註/See Remarks 7 (c)(iv) ‧見備註/See Remarks 7 (c)(v) ‧見備註/See Remarks 7 (e)(i) ‧見備註/See Remarks 7 (d)(ii) ‧見備註/See Remarks 7 (e)(iii) ‧見備註/See Remarks 7 (f)(ii) ‧見備註/See Remarks 7 (e)(iv),
2017-11-25,2017-12-06,,第3座 (3B) Tower 3 (3B),38,F,,7444800,,‧價單第1號 (A1)付款辦法 Payment Plan (A1) of Price List No.1 見備註/See Remarks 7 (c)(i) ‧見備註/See Remarks 7 (c)(iii) ‧見備註/See Remarks 7 (c)(iv) ‧見備註/See Remarks 7 (c)(v) ‧見備註/See Remarks 7 (e)(i) ‧見備註/See Remarks 7 (d)(ii) ‧見備註/See Remarks 7 (e)(iii) ‧見備註/See Remarks 7 (f)(ii) ‧見備註/See Remarks 7 (e)(iv),
2017-11-25,2017-12-06,,第3座 (3B) Tower 3 (3B),37,F,,7371200,,‧價單第1號 (A1)付款辦法 Payment Plan (A1) of Price List No.1 見備註/See Remarks 7 (c)(i) ‧見備註/See Remarks 7 (c)(iii) ‧見備註/See Remarks 7 (c)(iv) ‧見備註/See Remarks 7 (c)(v) ‧見備註/See Remarks 7 (e)(i) ‧見備註/See Remarks 7 (d)(ii) ‧見備註/See Remarks 7 (e)(iii) ‧見備註/See Remarks 7 (f)(ii) ‧見備註/See Remarks 7 (e)(iv),
2017-11-25,2017-12-06,,第3座 (3B) Tower 3 (3B),36,F,,7334400,,‧價單第1號 (A1)付款辦法 Payment Plan (A1) of Price List No.1 見備註/See Remarks 7 (c)(i) ‧見備註/See Remarks 7 (c)(iii) ‧見備註/See Remarks 7 (c)(iv) ‧見備註/See Remarks 7 (c)(v) ‧見備註/See Remarks 7 (e)(i) ‧見備註/See Remarks 7 (d)(ii) ‧見備註/See Remarks 7 (e)(iii) ‧見備註/See Remarks 7 (f)(ii) ‧見備註/See Remarks 7 (e)(iv),
2017-11-25,2017-12-06,,第3座 (3B) Tower 3 (3B),35,F,,7298400,,‧價單第1號 (A1)付款辦法 Payment Plan (A1) of Price List No.1 見備註/See Remarks 7 (c)(i) ‧見備註/See Remarks 7 (c)(iii) ‧見備註/See Remarks 7 (c)(iv) ‧見備註/See Remarks 7 (c)(v) ‧見備註/See Remarks 7 (e)(i) ‧見備註/See Remarks 7 (d)(ii) ‧見備註/See Remarks 7 (e)(iii) ‧見備註/See Remarks 7 (f)(ii) ‧見備註/See Remarks 7 (e)(iv),
2017-11-25,2017-12-06,,第3座 (3B) Tower 3 (3B),33,F,,7442300,,‧價單第1號 (B1)付款辦法 Payment Plan (B1) of Price List No.1 見備註/See Remarks 7 (c)(ii) ‧見備註/See Remarks 7 (c)(iii) ‧見備註/See Remarks 7 (c)(iv) ‧見備註/See Remarks 7 (c)(v) ‧見備註/See Remarks 7 (e)(ii) ‧見備註/See Remarks 7 (e)(i) ‧見備註/See Remarks 7 (d)(ii) ‧見備註/See Remarks 7 (e)(iii) ‧見備註/See Remarks 7 (f)(ii) ‧見備註/See Remarks 7 (e)(iv),
2017-11-25,2017-12-06,,第3座 (3B) Tower 3 (3B),31,F,,7188800,,‧價單第1號 (A1)付款辦法 Payment Plan (A1) of Price List No.1 見備註/See Remarks 7 (c)(i) ‧見備註/See Remarks 7 (c)(iii) ‧見備註/See Remarks 7 (c)(iv) ‧見備註/See Remarks 7 (c)(v) ‧見備註/See Remarks 7 (e)(i) ‧見備註/See Remarks 7 (d)(ii) ‧見備註/See Remarks 7 (e)(iii) ‧見備註/See Remarks 7 (f)(ii) ‧見備註/See Remarks 7 (e)(iv),
2017-11-25,2017-12-06,,第3座 (3B) Tower 3 (3B),30,F,,7331600,,‧價單第1號 (B1)付款辦法 Payment Plan (B1) of Price List No.1 見備註/See Remarks 7 (c)(ii) ‧見備註/See Remarks 7 (c)(iii) ‧見備註/See Remarks 7 (c)(iv) ‧見備註/See Remarks 7 (c)(v) ‧見備註/See Remarks 7 (e)(ii) ‧見備註/See Remarks 7 (e)(i) ‧見備註/See Remarks 7 (d)(ii) ‧見備註/See Remarks 7 (e)(iii) ‧見備註/See Remarks 7 (f)(ii) ‧見備註/See Remarks 7 (e)(iv),
2017-11-25,2017-12-06,,第3座 (3B) Tower 3 (3B),27,F,,7080800,,‧價單第1號 (A1)付款辦法 Payment Plan (A1) of Price List No.1 見備註/See Remarks 7 (c)(i) ‧見備註/See Remarks 7 (c)(iii) ‧見備註/See Remarks 7 (c)(iv) ‧見備註/See Remarks 7 (c)(v) ‧見備註/See Remarks 7 (e)(i) ‧見備註/See Remarks 7 (d)(ii) ‧見備註/See Remarks 7 (e)(iii) ‧見備註/See Remarks 7 (f)(ii) ‧見備註/See Remarks 7 (e)(iv),
2017-11-25,2017-12-06,,第3座 (3B) Tower 3 (3B),26,F,,7046400,,‧價單第1號 (A1)付款辦法 Payment Plan (A1) of Price List No.1 見備註/See Remarks 7 (c)(i) ‧見備註/See Remarks 7 (c)(iii) ‧見備註/See Remarks 7 (c)(iv) ‧見備註/See Remarks 7 (c)(v) ‧見備註/See Remarks 7 (e)(i) ‧見備註/See Remarks 7 (d)(ii) ‧見備註/See Remarks 7 (e)(iii) ‧見備註/See Remarks 7 (f)(ii) ‧見備註/See Remarks 7 (e)(iv),
2017-11-25,2017-12-06,,第3座 (3B) Tower 3 (3B),23,F,,6976000,,‧價單第1號 (A1)付款辦法 Payment Plan (A1) of Price List No.1 見備註/See Remarks 7 (c)(i) ‧見備註/See Remarks 7 (c)(iii) ‧見備註/See Remarks 7 (c)(iv) ‧見備註/See Remarks 7 (c)(v) ‧見備註/See Remarks 7 (e)(i) ‧見備註/See Remarks 7 (d)(ii) ‧見備註/See Remarks 7 (e)(iii) ‧見備註/See Remarks 7 (f)(ii) ‧見備註/See Remarks 7 (e)(iv),
2017-11-25,2017-12-06,,第3座 (3B) Tower 3 (3B),22,F,,7114300,,‧價單第1號 (B1)付款辦法 Payment Plan (B1) of Price List No.1 見備註/See Remarks 7 (c)(ii) ‧見備註/See Remarks 7 (c)(iii) ‧見備註/See Remarks 7 (c)(iv) ‧見備註/See Remarks 7 (c)(v) ‧見備註/See Remarks 7 (e)(ii) ‧見備註/See Remarks 7 (e)(i) ‧見備註/See Remarks 7 (d)(ii) ‧見備註/See Remarks 7 (e)(iii) ‧見備註/See Remarks 7 (f)(ii) ‧見備註/See Remarks 7 (e)(iv),
2017-11-25,2017-12-06,,第3座 (3B) Tower 3 (3B),20,F,,6872000,,‧價單第1號 (A1)付款辦法 Payment Plan (A1) of Price List No.1 見備註/See Remarks 7 (c)(i) ‧見備註/See Remarks 7 (c)(iii) ‧見備註/See Remarks 7 (c)(iv) ‧見備註/See Remarks 7 (c)(v) ‧見備註/See Remarks 7 (e)(i) ‧見備註/See Remarks 7 (d)(ii) ‧見備註/See Remarks 7 (e)(iii) ‧見備註/See Remarks 7 (f)(ii) ‧見備註/See Remarks 7 (e)(iv),
2017-11-25,2017-12-06,,第3座 (3B) Tower 3 (3B),19,F,,7007700,,‧價單第1號 (B1)付款辦法 Payment Plan (B1) of Price List No.1 見備註/See Remarks 7 (c)(ii) ‧見備註/See Remarks 7 (c)(iii) ‧見備註/See Remarks 7 (c)(iv) ‧見備註/See Remarks 7 (c)(v) ‧見備註/See Remarks 7 (e)(ii) ‧見備註/See Remarks 7 (e)(i) ‧見備註/See Remarks 7 (d)(ii) ‧見備註/See Remarks 7 (e)(iii) ‧見備註/See Remarks 7 (f)(ii) ‧見備註/See Remarks 7 (e)(iv),
2017-11-25,2017-12-06,,第3座 (3B) Tower 3 (3B),17,F,,6973200,,‧價單第1號 (B1)付款辦法 Payment Plan (B1) of Price List No.1 見備註/See Remarks 7 (c)(ii) ‧見備註/See Remarks 7 (c)(iii) ‧見備註/See Remarks 7 (c)(iv) ‧見備註/See Remarks 7 (c)(v) ‧見備註/See Remarks 7 (e)(ii) ‧見備註/See Remarks 7 (e)(i) ‧見備註/See Remarks 7 (d)(ii) ‧見備註/See Remarks 7 (e)(iii) ‧見備註/See Remarks 7 (f)(ii) ‧見備註/See Remarks 7 (e)(iv),
2017-11-25,2017-12-06,,第3座 (3B) Tower 3 (3B),16,F,,6965900,,‧價單第1號 (B1)付款辦法 Payment Plan (B1) of Price List No.1 見備註/See Remarks 7 (c)(ii) ‧見備註/See Remarks 7 (c)(iii) ‧見備註/See Remarks 7 (c)(iv) ‧見備註/See Remarks 7 (c)(v) ‧見備註/See Remarks 7 (e)(ii) ‧見備註/See Remarks 7 (e)(i) ‧見備註/See Remarks 7 (d)(ii) ‧見備註/See Remarks 7 (e)(iii) ‧見備註/See Remarks 7 (f)(ii) ‧見備註/See Remarks 7 (e)(iv),
2017-11-25,2017-12-06,,第3座 (3B) Tower 3 (3B),12,F,,6952700,"在06-02-2018，基於法例第35(2)(b)條所容許的原因 ，售價調整為$6,783,200。 On 06-02-2018, the price adjusted to $6,783,200 due to the reason allowed under section 35(2)(b) of the Ordinance.",‧價單第1號 (B1)付款辦法 Payment Plan (B1) of Price List No.1 見備註/See Remarks 7 (c)(ii) ‧見備註/See Remarks 7 (c)(iii) ‧見備註/See Remarks 7 (c)(iv) ‧見備註/See Remarks 7 (c)(v) ‧見備註/See Remarks 7 (e)(ii) ‧見備註/See Remarks 7 (e)(i) ‧見備註/See Remarks 7 (d)(ii) ‧見備註/See Remarks 7 (e)(iii) ‧見備註/See Remarks 7 (f)(ii) ‧見備註/See Remarks 7 (e)(iv) ‧價單第1號 (A1)付款辦法 Payment Plan (A1) of Price List No.1 見備註/See Remarks 7 (c)(i) ‧見備註/See Remarks 7 (c)(iii) ‧見備註/See Remarks 7 (c)(iv) ‧見備註/See Remarks 7 (c)(v) ‧見備註/See Remarks 7 (e)(i) ‧見備註/See Remarks 7 (d)(ii) ‧見備註/See Remarks 7 (e)(iii) ‧見備註/See Remarks 7 (f)(ii) ‧見備註/See Remarks 7 (e)(iv) ‧(在06-02-2018修訂) (revised on 06-02-2018),
2017-11-25,2017-12-06,,第3座 (3B) Tower 3 (3B),11,F,,6945400,,‧價單第1號 (B1)付款辦法 Payment Plan (B1) of Price List No.1 見備註/See Remarks 7 (c)(ii) ‧見備註/See Remarks 7 (c)(iii) ‧見備註/See Remarks 7 (c)(iv) ‧見備註/See Remarks 7 (c)(v) ‧見備註/See Remarks 7 (e)(ii) ‧見備註/See Remarks 7 (e)(i) ‧見備註/See Remarks 7 (d)(ii) ‧見備註/See Remarks 7 (e)(iii) ‧見備註/See Remarks 7 (f)(ii) ‧見備註/See Remarks 7 (e)(iv),
2017-11-25,2017-12-06,,第3座 (3B) Tower 3 (3B),9,F,,6931400,,‧價單第1號 (B1)付款辦法 Payment Plan (B1) of Price List No.1 見備註/See Remarks 7 (c)(ii) ‧見備註/See Remarks 7 (c)(iii) ‧見備註/See Remarks 7 (c)(iv) ‧見備註/See Remarks 7 (c)(v) ‧見備註/See Remarks 7 (e)(ii) ‧見備註/See Remarks 7 (e)(i) ‧見備註/See Remarks 7 (d)(ii) ‧見備註/See Remarks 7 (e)(iii) ‧見備註/See Remarks 7 (f)(ii) ‧見備註/See Remarks 7 (e)(iv),
2017-11-25,2017-12-06,,第3座 (3B) Tower 3 (3B),8,F,,6924900,,‧價單第1號 (B1)付款辦法 Payment Plan (B1) of Price List No.1 見備註/See Remarks 7 (c)(ii) ‧見備註/See Remarks 7 (c)(iii) ‧見備註/See Remarks 7 (c)(iv) ‧見備註/See Remarks 7 (c)(v) ‧見備註/See Remarks 7 (e)(ii) ‧見備註/See Remarks 7 (e)(i) ‧見備註/See Remarks 7 (d)(ii) ‧見備註/See Remarks 7 (e)(iii) ‧見備註/See Remarks 7 (f)(ii) ‧見備註/See Remarks 7 (e)(iv),
2017-11-25,2017-12-06,,第3座 (3B) Tower 3 (3B),6,F,,6910900,,‧價單第1號 (B1)付款辦法 Payment Plan (B1) of Price List No.1 見備註/See Remarks 7 (c)(ii) ‧見備註/See Remarks 7 (c)(iii) ‧見備註/See Remarks 7 (c)(iv) ‧見備註/See Remarks 7 (c)(v) ‧見備註/See Remarks 7 (e)(ii) ‧見備註/See Remarks 7 (e)(i) ‧見備註/See Remarks 7 (d)(ii) ‧見備註/See Remarks 7 (e)(iii) ‧見備註/See Remarks 7 (f)(ii) ‧見備註/See Remarks 7 (e)(iv),
2017-11-25,2017-12-06,,第3座 (3B) Tower 3 (3B),28,G,,6174600,,‧價單第1號 (B1)付款辦法 Payment Plan (B1) of Price List No.1 見備註/See Remarks 7 (c)(ii) ‧見備註/See Remarks 7 (c)(iii) ‧見備註/See Remarks 7 (c)(iv) ‧見備註/See Remarks 7 (c)(v) ‧見備註/See Remarks 7 (e)(ii) ‧見備註/See Remarks 7 (e)(i) ‧見備註/See Remarks 7 (d)(ii) ‧見備註/See Remarks 7 (e)(iii) ‧見備註/See Remarks 7 (f)(ii) ‧見備註/See Remarks 7 (e)(iv),
2017-11-25,2017-12-06,,第3座 (3B) Tower 3 (3B),27,G,,5964000,,‧價單第1號 (A1)付款辦法 Payment Plan (A1) of Price List No.1 見備註/See Remarks 7 (c)(i) ‧見備註/See Remarks 7 (c)(iii) ‧見備註/See Remarks 7 (c)(iv) ‧見備註/See Remarks 7 (c)(v) ‧見備註/See Remarks 7 (e)(i) ‧見備註/See Remarks 7 (d)(ii) ‧見備註/See Remarks 7 (e)(iii) ‧見備註/See Remarks 7 (f)(ii) ‧見備註/See Remarks 7 (e)(iv),
2017-11-25,2017-12-06,,第3座 (3B) Tower 3 (3B),26,G,,5934400,,‧價單第1號 (A1)付款辦法 Payment Plan (A1) of Price List No.1 見備註/See Remarks 7 (c)(i) ‧見備註/See Remarks 7 (c)(iii) ‧見備註/See Remarks 7 (c)(iv) ‧見備註/See Remarks 7 (c)(v) ‧見備註/See Remarks 7 (e)(i) ‧見備註/See Remarks 7 (d)(ii) ‧見備註/See Remarks 7 (e)(iii) ‧見備註/See Remarks 7 (f)(ii) ‧見備註/See Remarks 7 (e)(iv),
2017-11-25,2017-12-06,,第3座 (3B) Tower 3 (3B),25,G,,5904800,,‧價單第1號 (A1)付款辦法 Payment Plan (A1) of Price List No.1 見備註/See Remarks 7 (c)(i) ‧見備註/See Remarks 7 (c)(iii) ‧見備註/See Remarks 7 (c)(iv) ‧見備註/See Remarks 7 (c)(v) ‧見備註/See Remarks 7 (e)(i) ‧見備註/See Remarks 7 (d)(ii) ‧見備註/See Remarks 7 (e)(iii) ‧見備註/See Remarks 7 (f)(ii) ‧見備註/See Remarks 7 (e)(iv),
2017-11-25,2017-12-06,,第3座 (3B) Tower 3 (3B),23,G,,5875200,,‧價單第1號 (A1)付款辦法 Payment Plan (A1) of Price List No.1 見備註/See Remarks 7 (c)(i) ‧見備註/See Remarks 7 (c)(iii) ‧見備註/See Remarks 7 (c)(iv) ‧見備註/See Remarks 7 (c)(v) ‧見備註/See Remarks 7 (e)(i) ‧見備註/See Remarks 7 (d)(ii) ‧見備註/See Remarks 7 (e)(iii) ‧見備註/See Remarks 7 (f)(ii) ‧見備註/See Remarks 7 (e)(iv),
2017-11-25,2017-12-06,,第3座 (3B) Tower 3 (3B),22,G,,5846400,,‧價單第1號 (A1)付款辦法 Payment Plan (A1) of Price List No.1 見備註/See Remarks 7 (c)(i) ‧見備註/See Remarks 7 (c)(iii) ‧見備註/See Remarks 7 (c)(iv) ‧見備註/See Remarks 7 (c)(v) ‧見備註/See Remarks 7 (e)(i) ‧見備註/See Remarks 7 (d)(ii) ‧見備註/See Remarks 7 (e)(iii) ‧見備註/See Remarks 7 (f)(ii) ‧見備註/See Remarks 7 (e)(iv),
2017-11-25,2017-12-06,,第3座 (3B) Tower 3 (3B),21,G,,5816000,,‧價單第1號 (A1)付款辦法 Payment Plan (A1) of Price List No.1 見備註/See Remarks 7 (c)(i) ‧見備註/See Remarks 7 (c)(iii) ‧見備註/See Remarks 7 (c)(iv) ‧見備註/See Remarks 7 (c)(v) ‧見備註/See Remarks 7 (e)(i) ‧見備註/See Remarks 7 (d)(ii) ‧見備註/See Remarks 7 (e)(iii) ‧見備註/See Remarks 7 (f)(ii) ‧見備註/See Remarks 7 (e)(iv),
2017-11-25,2017-12-06,,第3座 (3B) Tower 3 (3B),20,G,,5787200,,‧價單第1號 (A1)付款辦法 Payment Plan (A1) of Price List No.1 見備註/See Remarks 7 (c)(i) ‧見備註/See Remarks 7 (c)(iii) ‧見備註/See Remarks 7 (c)(iv) ‧見備註/See Remarks 7 (c)(v) ‧見備註/See Remarks 7 (e)(i) ‧見備註/See Remarks 7 (d)(ii) ‧見備註/See Remarks 7 (e)(iii) ‧見備註/See Remarks 7 (f)(ii) ‧見備註/See Remarks 7 (e)(iv),
2017-11-25,2017-12-06,,第3座 (3B) Tower 3 (3B),19,G,,6694100,,‧價單第1號 (B1)付款辦法 Payment Plan (B1) of Price List No.1 見備註/See Remarks 7 (c)(ii) ‧見備註/See Remarks 7 (d)(i) ‧見備註/See Remarks 7 (c)(iv) ‧見備註/See Remarks 7 (c)(v) ‧見備註/See Remarks 7 (e)(ii) ‧見備註/See Remarks 7 (e)(i) ‧見備註/See Remarks 7 (d)(ii) ‧見備註/See Remarks 7 (e)(iii) ‧見備註/See Remarks 7 (f)(ii) ‧見備註/See Remarks 7 (e)(iv),
2017-11-25,2017-12-06,,第3座 (3B) Tower 3 (3B),18,G,,5758400,,‧價單第1號 (A1)付款辦法 Payment Plan (A1) of Price List No.1 見備註/See Remarks 7 (c)(i) ‧見備註/See Remarks 7 (c)(iii) ‧見備註/See Remarks 7 (c)(iv) ‧見備註/See Remarks 7 (c)(v) ‧見備註/See Remarks 7 (e)(i) ‧見備註/See Remarks 7 (d)(ii) ‧見備註/See Remarks 7 (e)(iii) ‧見備註/See Remarks 7 (f)(ii) ‧見備註/See Remarks 7 (e)(iv),
2017-11-25,2017-12-06,,第3座 (3B) Tower 3 (3B),17,G,,5730400,,‧價單第1號 (A1)付款辦法 Payment Plan (A1) of Price List No.1 見備註/See Remarks 7 (c)(i) ‧見備註/See Remarks 7 (c)(iii) ‧見備註/See Remarks 7 (c)(iv) ‧見備註/See Remarks 7 (c)(v) ‧見備註/See Remarks 7 (e)(i) ‧見備註/See Remarks 7 (d)(ii) ‧見備註/See Remarks 7 (e)(iii) ‧見備註/See Remarks 7 (f)(ii) ‧見備註/See Remarks 7 (e)(iv),
2017-11-25,2017-12-06,,第3座 (3B) Tower 3 (3B),16,G,,5867100,,‧價單第1號 (B1)付款辦法 Payment Plan (B1) of Price List No.1 見備註/See Remarks 7 (c)(ii) ‧見備註/See Remarks 7 (c)(iii) ‧見備註/See Remarks 7 (c)(iv) ‧見備註/See Remarks 7 (c)(v) ‧見備註/See Remarks 7 (e)(ii) ‧見備註/See Remarks 7 (e)(i) ‧見備註/See Remarks 7 (d)(ii) ‧見備註/See Remarks 7 (e)(iii) ‧見備註/See Remarks 7 (f)(ii) ‧見備註/See Remarks 7 (e)(iv),
2017-11-25,2017-12-06,,第3座 (3B) Tower 3 (3B),15,G,,5861300,,‧價單第1號 (B1)付款辦法 Payment Plan (B1) of Price List No.1 見備註/See Remarks 7 (c)(ii) ‧見備註/See Remarks 7 (c)(iii) ‧見備註/See Remarks 7 (c)(iv) ‧見備註/See Remarks 7 (c)(v) ‧見備註/See Remarks 7 (e)(ii) ‧見備註/See Remarks 7 (e)(i) ‧見備註/See Remarks 7 (d)(ii) ‧見備註/See Remarks 7 (e)(iii) ‧見備註/See Remarks 7 (f)(ii) ‧見備註/See Remarks 7 (e)(iv),
2017-11-25,2017-12-06,,第3座 (3B) Tower 3 (3B),12,G,,5854800,,‧價單第1號 (B1)付款辦法 Payment Plan (B1) of Price List No.1 見備註/See Remarks 7 (c)(ii) ‧見備註/See Remarks 7 (c)(iii) ‧見備註/See Remarks 7 (c)(iv) ‧見備註/See Remarks 7 (c)(v) ‧見備註/See Remarks 7 (e)(ii) ‧見備註/See Remarks 7 (e)(i) ‧見備註/See Remarks 7 (d)(ii) ‧見備註/See Remarks 7 (e)(iii) ‧見備註/See Remarks 7 (f)(ii) ‧見備註/See Remarks 7 (e)(iv),
2017-11-25,2017-12-06,,第3座 (3B) Tower 3 (3B),11,G,,5849800,,‧價單第1號 (B1)付款辦法 Payment Plan (B1) of Price List No.1 見備註/See Remarks 7 (c)(ii) ‧見備註/See Remarks 7 (c)(iii) ‧見備註/See Remarks 7 (c)(iv) ‧見備註/See Remarks 7 (c)(v) ‧見備註/See Remarks 7 (e)(ii) ‧見備註/See Remarks 7 (e)(i) ‧見備註/See Remarks 7 (d)(ii) ‧見備註/See Remarks 7 (e)(iii) ‧見備註/See Remarks 7 (f)(ii) ‧見備註/See Remarks 7 (e)(iv),
2017-11-25,2017-12-06,,第3座 (3B) Tower 3 (3B),10,G,,5700800,,‧價單第1號 (A1)付款辦法 Payment Plan (A1) of Price List No.1 見備註/See Remarks 7 (c)(i) ‧見備註/See Remarks 7 (c)(iii) ‧見備註/See Remarks 7 (c)(iv) ‧見備註/See Remarks 7 (c)(v) ‧見備註/See Remarks 7 (e)(i) ‧見備註/See Remarks 7 (d)(ii) ‧見備註/See Remarks 7 (e)(iii) ‧見備註/See Remarks 7 (f)(ii) ‧見備註/See Remarks 7 (e)(iv),
2017-11-25,2017-12-06,,第3座 (3B) Tower 3 (3B),9,G,,6620600,,‧價單第1號 (B1)付款辦法 Payment Plan (B1) of Price List No.1 見備註/See Remarks 7 (c)(ii) ‧見備註/See Remarks 7 (d)(i) ‧見備註/See Remarks 7 (c)(iv) ‧見備註/See Remarks 7 (c)(v) ‧見備註/See Remarks 7 (e)(ii) ‧見備註/See Remarks 7 (e)(i) ‧見備註/See Remarks 7 (d)(ii) ‧見備註/See Remarks 7 (e)(iii) ‧見備註/See Remarks 7 (f)(ii) ‧見備註/See Remarks 7 (e)(iv),
2017-11-25,2017-12-06,,第3座 (3B) Tower 3 (3B),8,G,,5832600,,‧價單第1號 (B1)付款辦法 Payment Plan (B1) of Price List No.1 見備註/See Remarks 7 (c)(ii) ‧見備註/See Remarks 7 (c)(iii) ‧見備註/See Remarks 7 (c)(iv) ‧見備註/See Remarks 7 (c)(v) ‧見備註/See Remarks 7 (e)(ii) ‧見備註/See Remarks 7 (e)(i) ‧見備註/See Remarks 7 (d)(ii) ‧見備註/See Remarks 7 (e)(iii) ‧見備註/See Remarks 7 (f)(ii) ‧見備註/See Remarks 7 (e)(iv),
2017-11-25,2017-12-06,,第3座 (3B) Tower 3 (3B),7,G,,5826100,,‧價單第1號 (B1)付款辦法 Payment Plan (B1) of Price List No.1 見備註/See Remarks 7 (c)(ii) ‧見備註/See Remarks 7 (c)(iii) ‧見備註/See Remarks 7 (c)(iv) ‧見備註/See Remarks 7 (c)(v) ‧見備註/See Remarks 7 (e)(ii) ‧見備註/See Remarks 7 (e)(i) ‧見備註/See Remarks 7 (d)(ii) ‧見備註/See Remarks 7 (e)(iii) ‧見備註/See Remarks 7 (f)(ii) ‧見備註/See Remarks 7 (e)(iv),
2017-11-25,2017-12-06,,第3座 (3B) Tower 3 (3B),6,G,,6601100,,‧價單第1號 (B1)付款辦法 Payment Plan (B1) of Price List No.1 見備註/See Remarks 7 (c)(ii) ‧見備註/See Remarks 7 (d)(i) ‧見備註/See Remarks 7 (c)(iv) ‧見備註/See Remarks 7 (c)(v) ‧見備註/See Remarks 7 (e)(ii) ‧見備註/See Remarks 7 (e)(i) ‧見備註/See Remarks 7 (d)(ii) ‧見備註/See Remarks 7 (e)(iii) ‧見備註/See Remarks 7 (f)(ii) ‧見備註/See Remarks 7 (e)(iv),
2017-11-25,2017-12-06,,第3座 (3B) Tower 3 (3B),56,H,,9138000,,‧價單第2號 (B1)付款辦法 Payment Plan (B1) of Price List No.2 見備註/See Remarks 7 (c)(ii) ‧見備註/See Remarks 7 (c)(iii) ‧見備註/See Remarks 7 (c)(iv) ‧見備註/See Remarks 7 (c)(v) ‧見備註/See Remarks 7 (e)(ii) ‧見備註/See Remarks 7 (e)(i) ‧見備註/See Remarks 7 (d)(ii) ‧見備註/See Remarks 7 (e)(iii) ‧見備註/See Remarks 7 (f)(ii) ‧見備註/See Remarks 7 (e)(iv),
2017-11-25,2017-12-06,,第3座 (3B) Tower 3 (3B),55,H,,9029000,,‧價單第2號 (B1)付款辦法 Payment Plan (B1) of Price List No.2 見備註/See Remarks 7 (c)(ii) ‧見備註/See Remarks 7 (c)(iii) ‧見備註/See Remarks 7 (c)(iv) ‧見備註/See Remarks 7 (c)(v) ‧見備註/See Remarks 7 (e)(ii) ‧見備註/See Remarks 7 (e)(i) ‧見備註/See Remarks 7 (d)(ii) ‧見備註/See Remarks 7 (e)(iii) ‧見備註/See Remarks 7 (f)(ii) ‧見備註/See Remarks 7 (e)(iv),
2017-11-25,2017-12-06,,第3座 (3B) Tower 3 (3B),53,H,,8704800,,‧價單第2號 (A1)付款辦法 Payment Plan (A1) of Price List No.2 見備註/See Remarks 7 (c)(i) ‧見備註/See Remarks 7 (c)(iii) ‧見備註/See Remarks 7 (c)(iv) ‧見備註/See Remarks 7 (c)(v) ‧見備註/See Remarks 7 (e)(i) ‧見備註/See Remarks 7 (d)(ii) ‧見備註/See Remarks 7 (e)(iii) ‧見備註/See Remarks 7 (f)(ii) ‧見備註/See Remarks 7 (e)(iv),
2017-11-25,2017-12-06,,第3座 (3B) Tower 3 (3B),52,H,,9794300,,‧價單第2號 (A1)付款辦法 Payment Plan (A1) of Price List No.2 見備註/See Remarks 7 (c)(i) ‧見備註/See Remarks 7 (d)(i) ‧見備註/See Remarks 7 (c)(iv) ‧見備註/See Remarks 7 (c)(v) ‧見備註/See Remarks 7 (e)(i) ‧見備註/See Remarks 7 (d)(ii) ‧見備註/See Remarks 7 (e)(iii) ‧見備註/See Remarks 7 (f)(ii) ‧見備註/See Remarks 7 (e)(iv),
2017-11-25,2017-12-06,,第3座 (3B) Tower 3 (3B),51,H,,9899800,,‧價單第2號 (B1)付款辦法 Payment Plan (B1) of Price List No.2 見備註/See Remarks 7 (c)(ii) ‧見備註/See Remarks 7 (d)(i) ‧見備註/See Remarks 7 (c)(iv) ‧見備註/See Remarks 7 (c)(v) ‧見備註/See Remarks 7 (e)(ii) ‧見備註/See Remarks 7 (e)(i) ‧見備註/See Remarks 7 (d)(ii) ‧見備註/See Remarks 7 (e)(iii) ‧見備註/See Remarks 7 (f)(ii) ‧見備註/See Remarks 7 (e)(iv),
2017-11-25,2017-12-06,,第3座 (3B) Tower 3 (3B),50,H,,8642800,,‧價單第2號 (B1)付款辦法 Payment Plan (B1) of Price List No.2 見備註/See Remarks 7 (c)(ii) ‧見備註/See Remarks 7 (c)(iii) ‧見備註/See Remarks 7 (c)(iv) ‧見備註/See Remarks 7 (c)(v) ‧見備註/See Remarks 7 (e)(ii) ‧見備註/See Remarks 7 (e)(i) ‧見備註/See Remarks 7 (d)(ii) ‧見備註/See Remarks 7 (e)(iii) ‧見備註/See Remarks 7 (f)(ii) ‧見備註/See Remarks 7 (e)(iv),
2017-11-25,2017-12-06,,第3座 (3B) Tower 3 (3B),49,H,,8348000,,‧價單第2號 (A1)付款辦法 Payment Plan (A1) of Price List No.2 見備註/See Remarks 7 (c)(i) ‧見備註/See Remarks 7 (c)(iii) ‧見備註/See Remarks 7 (c)(iv) ‧見備註/See Remarks 7 (c)(v) ‧見備註/See Remarks 7 (e)(i) ‧見備註/See Remarks 7 (d)(ii) ‧見備註/See Remarks 7 (e)(iii) ‧見備註/See Remarks 7 (f)(ii) ‧見備註/See Remarks 7 (e)(iv),
2017-11-25,2017-12-06,,第3座 (3B) Tower 3 (3B),48,H,,8556700,,‧價單第2號 (B1)付款辦法 Payment Plan (B1) of Price List No.2 見備註/See Remarks 7 (c)(ii) ‧見備註/See Remarks 7 (c)(iii) ‧見備註/See Remarks 7 (c)(iv) ‧見備註/See Remarks 7 (c)(v) ‧見備註/See Remarks 7 (e)(ii) ‧見備註/See Remarks 7 (e)(i) ‧見備註/See Remarks 7 (d)(ii) ‧見備註/See Remarks 7 (e)(iii) ‧見備註/See Remarks 7 (f)(ii) ‧見備註/See Remarks 7 (e)(iv),
2017-11-25,2017-12-06,,第3座 (3B) Tower 3 (3B),47,H,,8232800,,‧價單第2號 (A1)付款辦法 Payment Plan (A1) of Price List No.2 見備註/See Remarks 7 (c)(i) ‧見備註/See Remarks 7 (c)(iii) ‧見備註/See Remarks 7 (c)(iv) ‧見備註/See Remarks 7 (c)(v) ‧見備註/See Remarks 7 (e)(i) ‧見備註/See Remarks 7 (d)(ii) ‧見備註/See Remarks 7 (e)(iii) ‧見備註/See Remarks 7 (f)(ii) ‧見備註/See Remarks 7 (e)(iv),
2017-11-25,2017-12-06,,第3座 (3B) Tower 3 (3B),46,H,,8380400,,‧價單第2號 (B1)付款辦法 Payment Plan (B1) of Price List No.2 見備註/See Remarks 7 (c)(ii) ‧見備註/See Remarks 7 (c)(iii) ‧見備註/See Remarks 7 (c)(iv) ‧見備註/See Remarks 7 (c)(v) ‧見備註/See Remarks 7 (e)(ii) ‧見備註/See Remarks 7 (e)(i) ‧見備註/See Remarks 7 (d)(ii) ‧見備註/See Remarks 7 (e)(iii) ‧見備註/See Remarks 7 (f)(ii) ‧見備註/See Remarks 7 (e)(iv),
2017-11-25,2017-12-06,,第3座 (3B) Tower 3 (3B),45,H,,8322100,,‧價單第2號 (B1)付款辦法 Payment Plan (B1) of Price List No.2 見備註/See Remarks 7 (c)(ii) ‧見備註/See Remarks 7 (c)(iii) ‧見備註/See Remarks 7 (c)(iv) ‧見備註/See Remarks 7 (c)(v) ‧見備註/See Remarks 7 (e)(ii) ‧見備註/See Remarks 7 (e)(i) ‧見備註/See Remarks 7 (d)(ii) ‧見備註/See Remarks 7 (e)(iii) ‧見備註/See Remarks 7 (f)(ii) ‧見備註/See Remarks 7 (e)(iv),
2017-11-25,2017-12-06,,第3座 (3B) Tower 3 (3B),43,H,,9373400,,‧價單第2號 (B1)付款辦法 Payment Plan (B1) of Price List No.2 見備註/See Remarks 7 (c)(ii) ‧見備註/See Remarks 7 (d)(i) ‧見備註/See Remarks 7 (c)(iv) ‧見備註/See Remarks 7 (c)(v) ‧見備註/See Remarks 7 (e)(ii) ‧見備註/See Remarks 7 (e)(i) ‧見備註/See Remarks 7 (d)(ii) ‧見備註/See Remarks 7 (e)(iii) ‧見備註/See Remarks 7 (f)(ii) ‧見備註/See Remarks 7 (e)(iv),
2017-11-25,,,第3座 (3B) Tower 3 (3B),42,H,,8207300,,‧價單第1號 (B1)付款辦法 Payment Plan (B1) of Price List No.1 見備註/See Remarks 7 (c)(ii) ‧見備註/See Remarks 7 (c)(iii) ‧見備註/See Remarks 7 (c)(iv) ‧見備註/See Remarks 7 (c)(v) ‧見備註/See Remarks 7 (e)(ii) ‧見備註/See Remarks 7 (e)(i) ‧見備註/See Remarks 7 (d)(ii) ‧見備註/See Remarks 7 (e)(iii) ‧見備註/See Remarks 7 (f)(ii) ‧見備註/See Remarks 7 (e)(iv),
2017-11-25,2017-12-06,,第3座 (3B) Tower 3 (3B),41,H,,7951200,,‧價單第1號 (A1)付款辦法 Payment Plan (A1) of Price List No.1 見備註/See Remarks 7 (c)(i) ‧見備註/See Remarks 7 (c)(iii) ‧見備註/See Remarks 7 (c)(iv) ‧見備註/See Remarks 7 (c)(v) ‧見備註/See Remarks 7 (e)(i) ‧見備註/See Remarks 7 (d)(ii) ‧見備註/See Remarks 7 (e)(iii) ‧見備註/See Remarks 7 (f)(ii) ‧見備註/See Remarks 7 (e)(iv),
2017-11-25,2017-12-06,,第3座 (3B) Tower 3 (3B),40,H,,7896000,,‧價單第1號 (A1)付款辦法 Payment Plan (A1) of Price List No.1 見備註/See Remarks 7 (c)(i) ‧見備註/See Remarks 7 (c)(iii) ‧見備註/See Remarks 7 (c)(iv) ‧見備註/See Remarks 7 (c)(v) ‧見備註/See Remarks 7 (e)(i) ‧見備註/See Remarks 7 (d)(ii) ‧見備註/See Remarks 7 (e)(iii) ‧見備註/See Remarks 7 (f)(ii) ‧見備註/See Remarks 7 (e)(iv),
2017-11-25,2017-12-06,,第3座 (3B) Tower 3 (3B),39,H,,7840800,,‧價單第1號 (A1)付款辦法 Payment Plan (A1) of Price List No.1 見備註/See Remarks 7 (c)(i) ‧見備註/See Remarks 7 (c)(iii) ‧見備註/See Remarks 7 (c)(iv) ‧見備註/See Remarks 7 (c)(v) ‧見備註/See Remarks 7 (e)(i) ‧見備註/See Remarks 7 (d)(ii) ‧見備註/See Remarks 7 (e)(iii) ‧見備註/See Remarks 7 (f)(ii) ‧見備註/See Remarks 7 (e)(iv),
2017-11-25,2017-12-06,,第3座 (3B) Tower 3 (3B),38,H,,7840800,,‧價單第1號 (A1)付款辦法 Payment Plan (A1) of Price List No.1 見備註/See Remarks 7 (c)(i) ‧見備註/See Remarks 7 (c)(iii) ‧見備註/See Remarks 7 (c)(iv) ‧見備註/See Remarks 7 (c)(v) ‧見備註/See Remarks 7 (e)(i) ‧見備註/See Remarks 7 (d)(ii) ‧見備註/See Remarks 7 (e)(iii) ‧見備註/See Remarks 7 (f)(ii) ‧見備註/See Remarks 7 (e)(iv),
2017-11-25,2017-12-06,,第3座 (3B) Tower 3 (3B),37,H,,7763200,,‧價單第1號 (A1)付款辦法 Payment Plan (A1) of Price List No.1 見備註/See Remarks 7 (c)(i) ‧見備註/See Remarks 7 (c)(iii) ‧見備註/See Remarks 7 (c)(iv) ‧見備註/See Remarks 7 (c)(v) ‧見備註/See Remarks 7 (e)(i) ‧見備註/See Remarks 7 (d)(ii) ‧見備註/See Remarks 7 (e)(iii) ‧見備註/See Remarks 7 (f)(ii) ‧見備註/See Remarks 7 (e)(iv),
2017-11-25,2017-12-06,,第3座 (3B) Tower 3 (3B),36,H,,7917900,,‧價單第1號 (B1)付款辦法 Payment Plan (B1) of Price List No.1 見備註/See Remarks 7 (c)(ii) ‧見備註/See Remarks 7 (c)(iii) ‧見備註/See Remarks 7 (c)(iv) ‧見備註/See Remarks 7 (c)(v) ‧見備註/See Remarks 7 (e)(ii) ‧見備註/See Remarks 7 (e)(i) ‧見備註/See Remarks 7 (d)(ii) ‧見備註/See Remarks 7 (e)(iii) ‧見備註/See Remarks 7 (f)(ii) ‧見備註/See Remarks 7 (e)(iv),
2017-11-25,2017-12-06,,第3座 (3B) Tower 3 (3B),35,H,,7686400,,‧價單第1號 (A1)付款辦法 Payment Plan (A1) of Price List No.1 見備註/See Remarks 7 (c)(i) ‧見備註/See Remarks 7 (c)(iii) ‧見備註/See Remarks 7 (c)(iv) ‧見備註/See Remarks 7 (c)(v) ‧見備註/See Remarks 7 (e)(i) ‧見備註/See Remarks 7 (d)(ii) ‧見備註/See Remarks 7 (e)(iii) ‧見備註/See Remarks 7 (f)(ii) ‧見備註/See Remarks 7 (e)(iv),
2017-11-25,2017-12-06,,第3座 (3B) Tower 3 (3B),33,H,,7839200,,‧價單第1號 (B1)付款辦法 Payment Plan (B1) of Price List No.1 見備註/See Remarks 7 (c)(ii) ‧見備註/See Remarks 7 (c)(iii) ‧見備註/See Remarks 7 (c)(iv) ‧見備註/See Remarks 7 (c)(v) ‧見備註/See Remarks 7 (e)(ii) ‧見備註/See Remarks 7 (e)(i) ‧見備註/See Remarks 7 (d)(ii) ‧見備註/See Remarks 7 (e)(iii) ‧見備註/See Remarks 7 (f)(ii) ‧見備註/See Remarks 7 (e)(iv),
2017-11-25,2017-12-06,,第3座 (3B) Tower 3 (3B),32,H,,7610400,,‧價單第1號 (A1)付款辦法 Payment Plan (A1) of Price List No.1 見備註/See Remarks 7 (c)(i) ‧見備註/See Remarks 7 (c)(iii) ‧見備註/See Remarks 7 (c)(iv) ‧見備註/See Remarks 7 (c)(v) ‧見備註/See Remarks 7 (e)(i) ‧見備註/See Remarks 7 (d)(ii) ‧見備註/See Remarks 7 (e)(iii) ‧見備註/See Remarks 7 (f)(ii) ‧見備註/See Remarks 7 (e)(iv),
2017-11-25,2017-12-06,,第3座 (3B) Tower 3 (3B),31,H,,7572000,,‧價單第1號 (A1)付款辦法 Payment Plan (A1) of Price List No.1 見備註/See Remarks 7 (c)(i) ‧見備註/See Remarks 7 (c)(iii) ‧見備註/See Remarks 7 (c)(iv) ‧見備註/See Remarks 7 (c)(v) ‧見備註/See Remarks 7 (e)(i) ‧見備註/See Remarks 7 (d)(ii) ‧見備註/See Remarks 7 (e)(iii) ‧見備註/See Remarks 7 (f)(ii) ‧見備註/See Remarks 7 (e)(iv),
2017-11-25,2017-12-06,,第3座 (3B) Tower 3 (3B),30,H,,7534400,,‧價單第1號 (A1)付款辦法 Payment Plan (A1) of Price List No.1 見備註/See Remarks 7 (c)(i) ‧見備註/See Remarks 7 (c)(iii) ‧見備註/See Remarks 7 (c)(iv) ‧見備註/See Remarks 7 (c)(v) ‧見備註/See Remarks 7 (e)(i) ‧見備註/See Remarks 7 (d)(ii) ‧見備註/See Remarks 7 (e)(iii) ‧見備註/See Remarks 7 (f)(ii) ‧見備註/See Remarks 7 (e)(iv),
2017-11-25,2017-12-06,,第3座 (3B) Tower 3 (3B),27,H,,7458400,,‧價單第1號 (A1)付款辦法 Payment Plan (A1) of Price List No.1 見備註/See Remarks 7 (c)(i) ‧見備註/See Remarks 7 (c)(iii) ‧見備註/See Remarks 7 (c)(iv) ‧見備註/See Remarks 7 (c)(v) ‧見備註/See Remarks 7 (e)(i) ‧見備註/See Remarks 7 (d)(ii) ‧見備註/See Remarks 7 (e)(iii) ‧見備註/See Remarks 7 (f)(ii) ‧見備註/See Remarks 7 (e)(iv),
2017-11-25,2017-12-06,,第3座 (3B) Tower 3 (3B),26,H,,7420800,,‧價單第1號 (A1)付款辦法 Payment Plan (A1) of Price List No.1 見備註/See Remarks 7 (c)(i) ‧見備註/See Remarks 7 (c)(iii) ‧見備註/See Remarks 7 (c)(iv) ‧見備註/See Remarks 7 (c)(v) ‧見備註/See Remarks 7 (e)(i) ‧見備註/See Remarks 7 (d)(ii) ‧見備註/See Remarks 7 (e)(iii) ‧見備註/See Remarks 7 (f)(ii) ‧見備註/See Remarks 7 (e)(iv),
2017-11-25,2017-12-06,,第3座 (3B) Tower 3 (3B),23,H,,7530800,,‧價單第1號 (B1)付款辦法 Payment Plan (B1) of Price List No.1 見備註/See Remarks 7 (c)(ii) ‧見備註/See Remarks 7 (c)(iii) ‧見備註/See Remarks 7 (c)(iv) ‧見備註/See Remarks 7 (c)(v) ‧見備註/See Remarks 7 (e)(ii) ‧見備註/See Remarks 7 (e)(i) ‧見備註/See Remarks 7 (d)(ii) ‧見備註/See Remarks 7 (e)(iii) ‧見備註/See Remarks 7 (f)(ii) ‧見備註/See Remarks 7 (e)(iv),
2017-11-25,2017-12-06,,第3座 (3B) Tower 3 (3B),22,H,,7310400,,‧價單第1號 (A1)付款辦法 Payment Plan (A1) of Price List No.1 見備註/See Remarks 7 (c)(i) ‧見備註/See Remarks 7 (c)(iii) ‧見備註/See Remarks 7 (c)(iv) ‧見備註/See Remarks 7 (c)(v) ‧見備註/See Remarks 7 (e)(i) ‧見備註/See Remarks 7 (d)(ii) ‧見備註/See Remarks 7 (e)(iii) ‧見備註/See Remarks 7 (f)(ii) ‧見備註/See Remarks 7 (e)(iv),
2017-11-25,2017-12-06,,第3座 (3B) Tower 3 (3B),20,H,,7236800,,‧價單第1號 (A1)付款辦法 Payment Plan (A1) of Price List No.1 見備註/See Remarks 7 (c)(i) ‧見備註/See Remarks 7 (c)(iii) ‧見備註/See Remarks 7 (c)(iv) ‧見備註/See Remarks 7 (c)(v) ‧見備註/See Remarks 7 (e)(i) ‧見備註/See Remarks 7 (d)(ii) ‧見備註/See Remarks 7 (e)(iii) ‧見備註/See Remarks 7 (f)(ii) ‧見備註/See Remarks 7 (e)(iv),
2017-11-25,2017-12-06,,第3座 (3B) Tower 3 (3B),19,H,,7200800,,‧價單第1號 (A1)付款辦法 Payment Plan (A1) of Price List No.1 見備註/See Remarks 7 (c)(i) ‧見備註/See Remarks 7 (c)(iii) ‧見備註/See Remarks 7 (c)(iv) ‧見備註/See Remarks 7 (c)(v) ‧見備註/See Remarks 7 (e)(i) ‧見備註/See Remarks 7 (d)(ii) ‧見備註/See Remarks 7 (e)(iii) ‧見備註/See Remarks 7 (f)(ii) ‧見備註/See Remarks 7 (e)(iv),
2017-11-25,2017-12-06,,第3座 (3B) Tower 3 (3B),17,H,,8329000,,‧價單第1號 (B1)付款辦法 Payment Plan (B1) of Price List No.1 見備註/See Remarks 7 (c)(ii) ‧見備註/See Remarks 7 (d)(i) ‧見備註/See Remarks 7 (c)(iv) ‧見備註/See Remarks 7 (c)(v) ‧見備註/See Remarks 7 (e)(ii) ‧見備註/See Remarks 7 (e)(i) ‧見備註/See Remarks 7 (d)(ii) ‧見備註/See Remarks 7 (e)(iii) ‧見備註/See Remarks 7 (f)(ii) ‧見備註/See Remarks 7 (e)(iv),
2017-11-25,2017-12-06,,第3座 (3B) Tower 3 (3B),16,H,,7337300,,‧價單第1號 (B1)付款辦法 Payment Plan (B1) of Price List No.1 見備註/See Remarks 7 (c)(ii) ‧見備註/See Remarks 7 (c)(iii) ‧見備註/See Remarks 7 (c)(iv) ‧見備註/See Remarks 7 (c)(v) ‧見備註/See Remarks 7 (e)(ii) ‧見備註/See Remarks 7 (e)(i) ‧見備註/See Remarks 7 (d)(ii) ‧見備註/See Remarks 7 (e)(iii) ‧見備註/See Remarks 7 (f)(ii) ‧見備註/See Remarks 7 (e)(iv),
2017-11-25,,,第3座 (3B) Tower 3 (3B),12,H,,7144000,,‧價單第1號 (A1)付款辦法 Payment Plan (A1) of Price List No.1 見備註/See Remarks 7 (c)(i) ‧見備註/See Remarks 7 (c)(iii) ‧見備註/See Remarks 7 (c)(iv) ‧見備註/See Remarks 7 (c)(v) ‧見備註/See Remarks 7 (e)(i) ‧見備註/See Remarks 7 (d)(ii) ‧見備註/See Remarks 7 (e)(iii) ‧見備註/See Remarks 7 (f)(ii) ‧見備註/See Remarks 7 (e)(iv),
2017-11-25,2017-12-06,,第3座 (3B) Tower 3 (3B),11,H,,7136800,,‧價單第1號 (A1)付款辦法 Payment Plan (A1) of Price List No.1 見備註/See Remarks 7 (c)(i) ‧見備註/See Remarks 7 (c)(iii) ‧見備註/See Remarks 7 (c)(iv) ‧見備註/See Remarks 7 (c)(v) ‧見備註/See Remarks 7 (e)(i) ‧見備註/See Remarks 7 (d)(ii) ‧見備註/See Remarks 7 (e)(iii) ‧見備註/See Remarks 7 (f)(ii) ‧見備註/See Remarks 7 (e)(iv),
2017-11-25,2017-12-06,,第3座 (3B) Tower 3 (3B),9,H,,7122400,,‧價單第1號 (A1)付款辦法 Payment Plan (A1) of Price List No.1 見備註/See Remarks 7 (c)(i) ‧見備註/See Remarks 7 (c)(iii) ‧見備註/See Remarks 7 (c)(iv) ‧見備註/See Remarks 7 (c)(v) ‧見備註/See Remarks 7 (e)(i) ‧見備註/See Remarks 7 (d)(ii) ‧見備註/See Remarks 7 (e)(iii) ‧見備註/See Remarks 7 (f)(ii) ‧見備註/See Remarks 7 (e)(iv),
2017-11-25,2017-12-06,,第3座 (3B) Tower 3 (3B),8,H,,7293000,,‧價單第1號 (B1)付款辦法 Payment Plan (B1) of Price List No.1 見備註/See Remarks 7 (c)(ii) ‧見備註/See Remarks 7 (c)(iii) ‧見備註/See Remarks 7 (c)(iv) ‧見備註/See Remarks 7 (c)(v) ‧見備註/See Remarks 7 (e)(ii) ‧見備註/See Remarks 7 (e)(i) ‧見備註/See Remarks 7 (d)(ii) ‧見備註/See Remarks 7 (e)(iii) ‧見備註/See Remarks 7 (f)(ii) ‧見備註/See Remarks 7 (e)(iv),
2017-11-25,2017-12-06,,第3座 (3B) Tower 3 (3B),6,H,,7278300,,‧價單第1號 (B1)付款辦法 Payment Plan (B1) of Price List No.1 見備註/See Remarks 7 (c)(ii) ‧見備註/See Remarks 7 (c)(iii) ‧見備註/See Remarks 7 (c)(iv) ‧見備註/See Remarks 7 (c)(v) ‧見備註/See Remarks 7 (e)(ii) ‧見備註/See Remarks 7 (e)(i) ‧見備註/See Remarks 7 (d)(ii) ‧見備註/See Remarks 7 (e)(iii) ‧見備註/See Remarks 7 (f)(ii) ‧見備註/See Remarks 7 (e)(iv),
2017-11-25,2017-12-06,,第3座 (3B) Tower 3 (3B),42,J,,7795200,,‧價單第1號 (A1)付款辦法 Payment Plan (A1) of Price List No.1 見備註/See Remarks 7 (c)(i) ‧見備註/See Remarks 7 (c)(iii) ‧見備註/See Remarks 7 (c)(iv) ‧見備註/See Remarks 7 (c)(v) ‧見備註/See Remarks 7 (e)(i) ‧見備註/See Remarks 7 (d)(ii) ‧見備註/See Remarks 7 (e)(iii) ‧見備註/See Remarks 7 (f)(ii) ‧見備註/See Remarks 7 (e)(iv),
2017-11-25,2017-12-06,,第3座 (3B) Tower 3 (3B),41,J,,7934300,,‧價單第1號 (B1)付款辦法 Payment Plan (B1) of Price List No.1 見備註/See Remarks 7 (c)(ii) ‧見備註/See Remarks 7 (c)(iii) ‧見備註/See Remarks 7 (c)(iv) ‧見備註/See Remarks 7 (c)(v) ‧見備註/See Remarks 7 (e)(ii) ‧見備註/See Remarks 7 (e)(i) ‧見備註/See Remarks 7 (d)(ii) ‧見備註/See Remarks 7 (e)(iii) ‧見備註/See Remarks 7 (f)(ii) ‧見備註/See Remarks 7 (e)(iv),
2017-11-25,2017-12-06,,第3座 (3B) Tower 3 (3B),40,J,,7687200,,‧價單第1號 (A1)付款辦法 Payment Plan (A1) of Price List No.1 見備註/See Remarks 7 (c)(i) ‧見備註/See Remarks 7 (c)(iii) ‧見備註/See Remarks 7 (c)(iv) ‧見備註/See Remarks 7 (c)(v) ‧見備註/See Remarks 7 (e)(i) ‧見備註/See Remarks 7 (d)(ii) ‧見備註/See Remarks 7 (e)(iii) ‧見備註/See Remarks 7 (f)(ii) ‧見備註/See Remarks 7 (e)(iv),
2017-11-25,2017-12-06,,第3座 (3B) Tower 3 (3B),39,J,,7634400,,‧價單第1號 (A1)付款辦法 Payment Plan (A1) of Price List No.1 見備註/See Remarks 7 (c)(i) ‧見備註/See Remarks 7 (c)(iii) ‧見備註/See Remarks 7 (c)(iv) ‧見備註/See Remarks 7 (c)(v) ‧見備註/See Remarks 7 (e)(i) ‧見備註/See Remarks 7 (d)(ii) ‧見備註/See Remarks 7 (e)(iii) ‧見備註/See Remarks 7 (f)(ii) ‧見備註/See Remarks 7 (e)(iv),
2017-11-25,2017-12-06,,第3座 (3B) Tower 3 (3B),38,J,,7825200,,‧價單第1號 (B1)付款辦法 Payment Plan (B1) of Price List No.1 見備註/See Remarks 7 (c)(ii) ‧見備註/See Remarks 7 (c)(iii) ‧見備註/See Remarks 7 (c)(iv) ‧見備註/See Remarks 7 (c)(v) ‧見備註/See Remarks 7 (e)(ii) ‧見備註/See Remarks 7 (e)(i) ‧見備註/See Remarks 7 (d)(ii) ‧見備註/See Remarks 7 (e)(iii) ‧見備註/See Remarks 7 (f)(ii) ‧見備註/See Remarks 7 (e)(iv),
2017-11-25,2017-12-06,,第3座 (3B) Tower 3 (3B),37,J,,7747300,,‧價單第1號 (B1)付款辦法 Payment Plan (B1) of Price List No.1 見備註/See Remarks 7 (c)(ii) ‧見備註/See Remarks 7 (c)(iii) ‧見備註/See Remarks 7 (c)(iv) ‧見備註/See Remarks 7 (c)(v) ‧見備註/See Remarks 7 (e)(ii) ‧見備註/See Remarks 7 (e)(i) ‧見備註/See Remarks 7 (d)(ii) ‧見備註/See Remarks 7 (e)(iii) ‧見備註/See Remarks 7 (f)(ii) ‧見備註/See Remarks 7 (e)(iv),
2017-11-25,2017-12-06,,第3座 (3B) Tower 3 (3B),36,J,,7708800,,‧價單第1號 (B1)付款辦法 Payment Plan (B1) of Price List No.1 見備註/See Remarks 7 (c)(ii) ‧見備註/See Remarks 7 (c)(iii) ‧見備註/See Remarks 7 (c)(iv) ‧見備註/See Remarks 7 (c)(v) ‧見備註/See Remarks 7 (e)(ii) ‧見備註/See Remarks 7 (e)(i) ‧見備註/See Remarks 7 (d)(ii) ‧見備註/See Remarks 7 (e)(iii) ‧見備註/See Remarks 7 (f)(ii) ‧見備註/See Remarks 7 (e)(iv),
2017-11-25,2017-12-06,,第3座 (3B) Tower 3 (3B),35,J,,7483200,,‧價單第1號 (A1)付款辦法 Payment Plan (A1) of Price List No.1 見備註/See Remarks 7 (c)(i) ‧見備註/See Remarks 7 (c)(iii) ‧見備註/See Remarks 7 (c)(iv) ‧見備註/See Remarks 7 (c)(v) ‧見備註/See Remarks 7 (e)(i) ‧見備註/See Remarks 7 (d)(ii) ‧見備註/See Remarks 7 (e)(iii) ‧見備註/See Remarks 7 (f)(ii) ‧見備註/See Remarks 7 (e)(iv),
2017-11-25,2017-12-06,,第3座 (3B) Tower 3 (3B),33,J,,7632500,,‧價單第1號 (B1)付款辦法 Payment Plan (B1) of Price List No.1 見備註/See Remarks 7 (c)(ii) ‧見備註/See Remarks 7 (c)(iii) ‧見備註/See Remarks 7 (c)(iv) ‧見備註/See Remarks 7 (c)(v) ‧見備註/See Remarks 7 (e)(ii) ‧見備註/See Remarks 7 (e)(i) ‧見備註/See Remarks 7 (d)(ii) ‧見備註/See Remarks 7 (e)(iii) ‧見備註/See Remarks 7 (f)(ii) ‧見備註/See Remarks 7 (e)(iv),
2017-11-25,2017-12-06,,第3座 (3B) Tower 3 (3B),32,J,,7408800,,‧價單第1號 (A1)付款辦法 Payment Plan (A1) of Price List No.1 見備註/See Remarks 7 (c)(i) ‧見備註/See Remarks 7 (c)(iii) ‧見備註/See Remarks 7 (c)(iv) ‧見備註/See Remarks 7 (c)(v) ‧見備註/See Remarks 7 (e)(i) ‧見備註/See Remarks 7 (d)(ii) ‧見備註/See Remarks 7 (e)(iii) ‧見備註/See Remarks 7 (f)(ii) ‧見備註/See Remarks 7 (e)(iv),
2017-11-25,2017-12-06,,第3座 (3B) Tower 3 (3B),31,J,,7372000,"在16-03-2018，基於法例第35(2)(b)條所容許的原因 ，售價調整為$7,556,300。 On 16-03-2018, the price adjusted to $7,556,300 due to the reason allowed under section 35(2)(b) of the Ordinance.",‧價單第1號 (A1)付款辦法 Payment Plan (A1) of Price List No.1 見備註/See Remarks 7 (c)(i) ‧見備註/See Remarks 7 (c)(iii) ‧見備註/See Remarks 7 (c)(iv) ‧見備註/See Remarks 7 (c)(v) ‧見備註/See Remarks 7 (e)(i) ‧見備註/See Remarks 7 (d)(ii) ‧見備註/See Remarks 7 (e)(iii) ‧見備註/See Remarks 7 (f)(ii) ‧見備註/See Remarks 7 (e)(iv) ‧價單第1號 (B1)付款辦法 Payment Plan (B1) of Price List No.1 見備註/See Remarks 7 (c)(ii) ‧見備註/See Remarks 7 (c)(iii) ‧見備註/See Remarks 7 (c)(iv) ‧見備註/See Remarks 7 (c)(v) ‧見備註/See Remarks 7 (e)(ii) ‧見備註/See Remarks 7 (e)(i) ‧見備註/See Remarks 7 (d)(ii) ‧見備註/See Remarks 7 (e)(iii) ‧見備註/See Remarks 7 (f)(ii) ‧見備註/See Remarks 7 (e)(iv) ‧(在16-03-2018修訂) (revised on 16-03-2018),
2017-11-25,2017-12-06,,第3座 (3B) Tower 3 (3B),30,J,,7335200,,‧價單第1號 (A1)付款辦法 Payment Plan (A1) of Price List No.1 見備註/See Remarks 7 (c)(i) ‧見備註/See Remarks 7 (c)(iii) ‧見備註/See Remarks 7 (c)(iv) ‧見備註/See Remarks 7 (c)(v) ‧見備註/See Remarks 7 (e)(i) ‧見備註/See Remarks 7 (d)(ii) ‧見備註/See Remarks 7 (e)(iii) ‧見備註/See Remarks 7 (f)(ii) ‧見備註/See Remarks 7 (e)(iv),
2017-11-25,2017-12-06,,第3座 (3B) Tower 3 (3B),27,J,,7260800,,‧價單第1號 (A1)付款辦法 Payment Plan (A1) of Price List No.1 見備註/See Remarks 7 (c)(i) ‧見備註/See Remarks 7 (c)(iii) ‧見備註/See Remarks 7 (c)(iv) ‧見備註/See Remarks 7 (c)(v) ‧見備註/See Remarks 7 (e)(i) ‧見備註/See Remarks 7 (d)(ii) ‧見備註/See Remarks 7 (e)(iii) ‧見備註/See Remarks 7 (f)(ii) ‧見備註/See Remarks 7 (e)(iv),
2017-11-25,2017-12-06,,第3座 (3B) Tower 3 (3B),26,J,,7224800,,‧價單第1號 (A1)付款辦法 Payment Plan (A1) of Price List No.1 見備註/See Remarks 7 (c)(i) ‧見備註/See Remarks 7 (c)(iii) ‧見備註/See Remarks 7 (c)(iv) ‧見備註/See Remarks 7 (c)(v) ‧見備註/See Remarks 7 (e)(i) ‧見備註/See Remarks 7 (d)(ii) ‧見備註/See Remarks 7 (e)(iii) ‧見備註/See Remarks 7 (f)(ii) ‧見備註/See Remarks 7 (e)(iv),
2017-11-25,,,第3座 (3B) Tower 3 (3B),23,J,,7331600,,‧價單第1號 (B1)付款辦法 Payment Plan (B1) of Price List No.1 見備註/See Remarks 7 (c)(ii) ‧見備註/See Remarks 7 (c)(iii) ‧見備註/See Remarks 7 (c)(iv) ‧見備註/See Remarks 7 (c)(v) ‧見備註/See Remarks 7 (e)(ii) ‧見備註/See Remarks 7 (e)(i) ‧見備註/See Remarks 7 (d)(ii) ‧見備註/See Remarks 7 (e)(iii) ‧見備註/See Remarks 7 (f)(ii) ‧見備註/See Remarks 7 (e)(iv),
2017-11-25,2017-12-06,,第3座 (3B) Tower 3 (3B),22,J,,7116800,,‧價單第1號 (A1)付款辦法 Payment Plan (A1) of Price List No.1 見備註/See Remarks 7 (c)(i) ‧見備註/See Remarks 7 (c)(iii) ‧見備註/See Remarks 7 (c)(iv) ‧見備註/See Remarks 7 (c)(v) ‧見備註/See Remarks 7 (e)(i) ‧見備註/See Remarks 7 (d)(ii) ‧見備註/See Remarks 7 (e)(iii) ‧見備註/See Remarks 7 (f)(ii) ‧見備註/See Remarks 7 (e)(iv),
2017-11-25,2017-12-06,,第3座 (3B) Tower 3 (3B),20,J,,7222500,,‧價單第1號 (B1)付款辦法 Payment Plan (B1) of Price List No.1 見備註/See Remarks 7 (c)(ii) ‧見備註/See Remarks 7 (c)(iii) ‧見備註/See Remarks 7 (c)(iv) ‧見備註/See Remarks 7 (c)(v) ‧見備註/See Remarks 7 (e)(ii) ‧見備註/See Remarks 7 (e)(i) ‧見備註/See Remarks 7 (d)(ii) ‧見備註/See Remarks 7 (e)(iii) ‧見備註/See Remarks 7 (f)(ii) ‧見備註/See Remarks 7 (e)(iv),
2017-11-25,2017-12-06,,第3座 (3B) Tower 3 (3B),19,J,,7186400,,‧價單第1號 (B1)付款辦法 Payment Plan (B1) of Price List No.1 見備註/See Remarks 7 (c)(ii) ‧見備註/See Remarks 7 (c)(iii) ‧見備註/See Remarks 7 (c)(iv) ‧見備註/See Remarks 7 (c)(v) ‧見備註/See Remarks 7 (e)(ii) ‧見備註/See Remarks 7 (e)(i) ‧見備註/See Remarks 7 (d)(ii) ‧見備註/See Remarks 7 (e)(iii) ‧見備註/See Remarks 7 (f)(ii) ‧見備註/See Remarks 7 (e)(iv),
2017-11-25,2017-12-06,,第3座 (3B) Tower 3 (3B),17,J,,7150400,,‧價單第1號 (B1)付款辦法 Payment Plan (B1) of Price List No.1 見備註/See Remarks 7 (c)(ii) ‧見備註/See Remarks 7 (c)(iii) ‧見備註/See Remarks 7 (c)(iv) ‧見備註/See Remarks 7 (c)(v) ‧見備註/See Remarks 7 (e)(ii) ‧見備註/See Remarks 7 (e)(i) ‧見備註/See Remarks 7 (d)(ii) ‧見備註/See Remarks 7 (e)(iii) ‧見備註/See Remarks 7 (f)(ii) ‧見備註/See Remarks 7 (e)(iv),
2017-11-25,2017-12-06,,第3座 (3B) Tower 3 (3B),16,J,,7143000,,‧價單第1號 (B1)付款辦法 Payment Plan (B1) of Price List No.1 見備註/See Remarks 7 (c)(ii) ‧見備註/See Remarks 7 (c)(iii) ‧見備註/See Remarks 7 (c)(iv) ‧見備註/See Remarks 7 (c)(v) ‧見備註/See Remarks 7 (e)(ii) ‧見備註/See Remarks 7 (e)(i) ‧見備註/See Remarks 7 (d)(ii) ‧見備註/See Remarks 7 (e)(iii) ‧見備註/See Remarks 7 (f)(ii) ‧見備註/See Remarks 7 (e)(iv),
2017-11-25,2017-12-06,,第3座 (3B) Tower 3 (3B),12,J,,7129000,,‧價單第1號 (B1)付款辦法 Payment Plan (B1) of Price List No.1 見備註/See Remarks 7 (c)(ii) ‧見備註/See Remarks 7 (c)(iii) ‧見備註/See Remarks 7 (c)(iv) ‧見備註/See Remarks 7 (c)(v) ‧見備註/See Remarks 7 (e)(ii) ‧見備註/See Remarks 7 (e)(i) ‧見備註/See Remarks 7 (d)(ii) ‧見備註/See Remarks 7 (e)(iii) ‧見備註/See Remarks 7 (f)(ii) ‧見備註/See Remarks 7 (e)(iv),
2017-11-25,2017-12-06,,第3座 (3B) Tower 3 (3B),11,J,,6948000,,‧價單第1號 (A1)付款辦法 Payment Plan (A1) of Price List No.1 見備註/See Remarks 7 (c)(i) ‧見備註/See Remarks 7 (c)(iii) ‧見備註/See Remarks 7 (c)(iv) ‧見備註/See Remarks 7 (c)(v) ‧見備註/See Remarks 7 (e)(i) ‧見備註/See Remarks 7 (d)(ii) ‧見備註/See Remarks 7 (e)(iii) ‧見備註/See Remarks 7 (f)(ii) ‧見備註/See Remarks 7 (e)(iv),
2017-11-25,2017-12-06,,第3座 (3B) Tower 3 (3B),9,J,,6934400,,‧價單第1號 (A1)付款辦法 Payment Plan (A1) of Price List No.1 見備註/See Remarks 7 (c)(i) ‧見備註/See Remarks 7 (c)(iii) ‧見備註/See Remarks 7 (c)(iv) ‧見備註/See Remarks 7 (c)(v) ‧見備註/See Remarks 7 (e)(i) ‧見備註/See Remarks 7 (d)(ii) ‧見備註/See Remarks 7 (e)(iii) ‧見備註/See Remarks 7 (f)(ii) ‧見備註/See Remarks 7 (e)(iv),
2017-11-25,2017-12-06,,第3座 (3B) Tower 3 (3B),8,J,,8052800,,‧價單第1號 (B1)付款辦法 Payment Plan (B1) of Price List No.1 見備註/See Remarks 7 (c)(ii) ‧見備註/See Remarks 7 (d)(i) ‧見備註/See Remarks 7 (c)(iv) ‧見備註/See Remarks 7 (c)(v) ‧見備註/See Remarks 7 (e)(ii) ‧見備註/See Remarks 7 (e)(i) ‧見備註/See Remarks 7 (d)(ii) ‧見備註/See Remarks 7 (e)(iii) ‧見備註/See Remarks 7 (f)(ii) ‧見備註/See Remarks 7 (e)(iv),
2017-11-25,2017-12-06,,第3座 (3B) Tower 3 (3B),6,J,,7087200,,‧價單第1號 (B1)付款辦法 Payment Plan (B1) of Price List No.1 見備註/See Remarks 7 (c)(ii) ‧見備註/See Remarks 7 (c)(iii) ‧見備註/See Remarks 7 (c)(iv) ‧見備註/See Remarks 7 (c)(v) ‧見備註/See Remarks 7 (e)(ii) ‧見備註/See Remarks 7 (e)(i) ‧見備註/See Remarks 7 (d)(ii) ‧見備註/See Remarks 7 (e)(iii) ‧見備註/See Remarks 7 (f)(ii) ‧見備註/See Remarks 7 (e)(iv),
2017-11-25,2017-12-06,,第3座 (3B) Tower 3 (3B),50,K,,9227200,,‧價單第2號 (A1)付款辦法 Payment Plan (A1) of Price List No.2 見備註/See Remarks 7 (c)(i) ‧見備註/See Remarks 7 (c)(iii) ‧見備註/See Remarks 7 (c)(iv) ‧見備註/See Remarks 7 (c)(v) ‧見備註/See Remarks 7 (e)(i) ‧見備註/See Remarks 7 (d)(ii) ‧見備註/See Remarks 7 (e)(iii) ‧見備註/See Remarks 7 (f)(ii) ‧見備註/See Remarks 7 (e)(iv),
2017-11-25,2017-12-06,,第3座 (3B) Tower 3 (3B),48,K,,9364400,,‧價單第2號 (B1)付款辦法 Payment Plan (B1) of Price List No.2 見備註/See Remarks 7 (c)(ii) ‧見備註/See Remarks 7 (c)(iii) ‧見備註/See Remarks 7 (c)(iv) ‧見備註/See Remarks 7 (c)(v) ‧見備註/See Remarks 7 (e)(ii) ‧見備註/See Remarks 7 (e)(i) ‧見備註/See Remarks 7 (d)(ii) ‧見備註/See Remarks 7 (e)(iii) ‧見備註/See Remarks 7 (f)(ii) ‧見備註/See Remarks 7 (e)(iv),
2017-11-25,2017-12-06,,第3座 (3B) Tower 3 (3B),46,K,,8947200,,‧價單第2號 (A1)付款辦法 Payment Plan (A1) of Price List No.2 見備註/See Remarks 7 (c)(i) ‧見備註/See Remarks 7 (c)(iii) ‧見備註/See Remarks 7 (c)(iv) ‧見備註/See Remarks 7 (c)(v) ‧見備註/See Remarks 7 (e)(i) ‧見備註/See Remarks 7 (d)(ii) ‧見備註/See Remarks 7 (e)(iii) ‧見備註/See Remarks 7 (f)(ii) ‧見備註/See Remarks 7 (e)(iv),
2017-11-25,2017-12-06,,第3座 (3B) Tower 3 (3B),43,K,,9043700,,‧價單第2號 (B1)付款辦法 Payment Plan (B1) of Price List No.2 見備註/See Remarks 7 (c)(ii) ‧見備註/See Remarks 7 (c)(iii) ‧見備註/See Remarks 7 (c)(iv) ‧見備註/See Remarks 7 (c)(v) ‧見備註/See Remarks 7 (e)(ii) ‧見備註/See Remarks 7 (e)(i) ‧見備註/See Remarks 7 (d)(ii) ‧見備註/See Remarks 7 (e)(iii) ‧見備註/See Remarks 7 (f)(ii) ‧見備註/See Remarks 7 (e)(iv),
2017-11-25,2017-12-06,,第3座 (3B) Tower 3 (3B),41,K,,10114600,,‧價單第2號 (B1)付款辦法 Payment Plan (B1) of Price List No.2 見備註/See Remarks 7 (c)(ii) ‧見備註/See Remarks 7 (d)(i) ‧見備註/See Remarks 7 (c)(iv) ‧見備註/See Remarks 7 (c)(v) ‧見備註/See Remarks 7 (e)(ii) ‧見備註/See Remarks 7 (e)(i) ‧見備註/See Remarks 7 (d)(ii) ‧見備註/See Remarks 7 (e)(iii) ‧見備註/See Remarks 7 (f)(ii) ‧見備註/See Remarks 7 (e)(iv),
2017-11-25,2017-12-06,,第3座 (3B) Tower 3 (3B),39,K,,8580000,,‧價單第2號 (A1)付款辦法 Payment Plan (A1) of Price List No.2 見備註/See Remarks 7 (c)(i) ‧見備註/See Remarks 7 (c)(iii) ‧見備註/See Remarks 7 (c)(iv) ‧見備註/See Remarks 7 (c)(v) ‧見備註/See Remarks 7 (e)(i) ‧見備註/See Remarks 7 (d)(ii) ‧見備註/See Remarks 7 (e)(iii) ‧見備註/See Remarks 7 (f)(ii) ‧見備註/See Remarks 7 (e)(iv),
2017-11-25,2017-12-06,,第3座 (3B) Tower 3 (3B),37,K,,8495200,,‧價單第2號 (A1)付款辦法 Payment Plan (A1) of Price List No.2 見備註/See Remarks 7 (c)(i) ‧見備註/See Remarks 7 (c)(iii) ‧見備註/See Remarks 7 (c)(iv) ‧見備註/See Remarks 7 (c)(v) ‧見備註/See Remarks 7 (e)(i) ‧見備註/See Remarks 7 (d)(ii) ‧見備註/See Remarks 7 (e)(iii) ‧見備註/See Remarks 7 (f)(ii) ‧見備註/See Remarks 7 (e)(iv),
2017-11-25,,,第3座 (3B) Tower 3 (3B),36,K,,8664100,,‧價單第1號 (B1)付款辦法 Payment Plan (B1) of Price List No.1 見備註/See Remarks 7 (c)(ii) ‧見備註/See Remarks 7 (c)(iii) ‧見備註/See Remarks 7 (c)(iv) ‧見備註/See Remarks 7 (c)(v) ‧見備註/See Remarks 7 (e)(ii) ‧見備註/See Remarks 7 (e)(i) ‧見備註/See Remarks 7 (d)(ii) ‧見備註/See Remarks 7 (e)(iii) ‧見備註/See Remarks 7 (f)(ii) ‧見備註/See Remarks 7 (e)(iv),
2017-11-25,2017-12-06,,第3座 (3B) Tower 3 (3B),35,K,,8621400,,‧價單第1號 (B1)付款辦法 Payment Plan (B1) of Price List No.1 見備註/See Remarks 7 (c)(ii) ‧見備註/See Remarks 7 (c)(iii) ‧見備註/See Remarks 7 (c)(iv) ‧見備註/See Remarks 7 (c)(v) ‧見備註/See Remarks 7 (e)(ii) ‧見備註/See Remarks 7 (e)(i) ‧見備註/See Remarks 7 (d)(ii) ‧見備註/See Remarks 7 (e)(iii) ‧見備註/See Remarks 7 (f)(ii) ‧見備註/See Remarks 7 (e)(iv),
2017-11-25,2017-12-06,,第3座 (3B) Tower 3 (3B),33,K,,8368800,,‧價單第1號 (A1)付款辦法 Payment Plan (A1) of Price List No.1 見備註/See Remarks 7 (c)(i) ‧見備註/See Remarks 7 (c)(iii) ‧見備註/See Remarks 7 (c)(iv) ‧見備註/See Remarks 7 (c)(v) ‧見備註/See Remarks 7 (e)(i) ‧見備註/See Remarks 7 (d)(ii) ‧見備註/See Remarks 7 (e)(iii) ‧見備註/See Remarks 7 (f)(ii) ‧見備註/See Remarks 7 (e)(iv),
2017-11-25,2017-12-06,,第3座 (3B) Tower 3 (3B),32,K,,8327200,,‧價單第1號 (A1)付款辦法 Payment Plan (A1) of Price List No.1 見備註/See Remarks 7 (c)(i) ‧見備註/See Remarks 7 (c)(iii) ‧見備註/See Remarks 7 (c)(iv) ‧見備註/See Remarks 7 (c)(v) ‧見備註/See Remarks 7 (e)(i) ‧見備註/See Remarks 7 (d)(ii) ‧見備註/See Remarks 7 (e)(iii) ‧見備註/See Remarks 7 (f)(ii) ‧見備註/See Remarks 7 (e)(iv),
2017-11-25,2017-12-06,,第3座 (3B) Tower 3 (3B),31,K,,8286400,,‧價單第1號 (A1)付款辦法 Payment Plan (A1) of Price List No.1 見備註/See Remarks 7 (c)(i) ‧見備註/See Remarks 7 (c)(iii) ‧見備註/See Remarks 7 (c)(iv) ‧見備註/See Remarks 7 (c)(v) ‧見備註/See Remarks 7 (e)(i) ‧見備註/See Remarks 7 (d)(ii) ‧見備註/See Remarks 7 (e)(iii) ‧見備註/See Remarks 7 (f)(ii) ‧見備註/See Remarks 7 (e)(iv),
2017-11-25,2017-12-06,,第3座 (3B) Tower 3 (3B),30,K,,8244000,,‧價單第1號 (A1)付款辦法 Payment Plan (A1) of Price List No.1 見備註/See Remarks 7 (c)(i) ‧見備註/See Remarks 7 (c)(iii) ‧見備註/See Remarks 7 (c)(iv) ‧見備註/See Remarks 7 (c)(v) ‧見備註/See Remarks 7 (e)(i) ‧見備註/See Remarks 7 (d)(ii) ‧見備註/See Remarks 7 (e)(iii) ‧見備註/See Remarks 7 (f)(ii) ‧見備註/See Remarks 7 (e)(iv),
2017-11-25,2017-12-06,,第3座 (3B) Tower 3 (3B),28,K,,8244000,,‧價單第1號 (A1)付款辦法 Payment Plan (A1) of Price List No.1 見備註/See Remarks 7 (c)(i) ‧見備註/See Remarks 7 (c)(iii) ‧見備註/See Remarks 7 (c)(iv) ‧見備註/See Remarks 7 (c)(v) ‧見備註/See Remarks 7 (e)(i) ‧見備註/See Remarks 7 (d)(ii) ‧見備註/See Remarks 7 (e)(iii) ‧見備註/See Remarks 7 (f)(ii) ‧見備註/See Remarks 7 (e)(iv),
2017-11-25,2017-12-06,,第3座 (3B) Tower 3 (3B),27,K,,8366400,,‧價單第1號 (B1)付款辦法 Payment Plan (B1) of Price List No.1 見備註/See Remarks 7 (c)(ii) ‧見備註/See Remarks 7 (c)(iii) ‧見備註/See Remarks 7 (c)(iv) ‧見備註/See Remarks 7 (c)(v) ‧見備註/See Remarks 7 (e)(ii) ‧見備註/See Remarks 7 (e)(i) ‧見備註/See Remarks 7 (d)(ii) ‧見備註/See Remarks 7 (e)(iii) ‧見備註/See Remarks 7 (f)(ii) ‧見備註/See Remarks 7 (e)(iv),
2017-11-25,2017-12-06,,第3座 (3B) Tower 3 (3B),26,K,,8120800,,‧價單第1號 (A1)付款辦法 Payment Plan (A1) of Price List No.1 見備註/See Remarks 7 (c)(i) ‧見備註/See Remarks 7 (c)(iii) ‧見備註/See Remarks 7 (c)(iv) ‧見備註/See Remarks 7 (c)(v) ‧見備註/See Remarks 7 (e)(i) ‧見備註/See Remarks 7 (d)(ii) ‧見備註/See Remarks 7 (e)(iii) ‧見備註/See Remarks 7 (f)(ii) ‧見備註/See Remarks 7 (e)(iv),
2017-11-25,2017-12-06,,第3座 (3B) Tower 3 (3B),25,K,,8080800,,‧價單第1號 (A1)付款辦法 Payment Plan (A1) of Price List No.1 見備註/See Remarks 7 (c)(i) ‧見備註/See Remarks 7 (c)(iii) ‧見備註/See Remarks 7 (c)(iv) ‧見備註/See Remarks 7 (c)(v) ‧見備註/See Remarks 7 (e)(i) ‧見備註/See Remarks 7 (d)(ii) ‧見備註/See Remarks 7 (e)(iii) ‧見備註/See Remarks 7 (f)(ii) ‧見備註/See Remarks 7 (e)(iv),
2017-11-25,2017-12-06,,第3座 (3B) Tower 3 (3B),23,K,,8040000,,‧價單第1號 (A1)付款辦法 Payment Plan (A1) of Price List No.1 見備註/See Remarks 7 (c)(i) ‧見備註/See Remarks 7 (c)(iii) ‧見備註/See Remarks 7 (c)(iv) ‧見備註/See Remarks 7 (c)(v) ‧見備註/See Remarks 7 (e)(i) ‧見備註/See Remarks 7 (d)(ii) ‧見備註/See Remarks 7 (e)(iii) ‧見備註/See Remarks 7 (f)(ii) ‧見備註/See Remarks 7 (e)(iv),
2017-11-25,2017-12-06,,第3座 (3B) Tower 3 (3B),22,K,,8000000,,‧價單第1號 (A1)付款辦法 Payment Plan (A1) of Price List No.1 見備註/See Remarks 7 (c)(i) ‧見備註/See Remarks 7 (c)(iii) ‧見備註/See Remarks 7 (c)(iv) ‧見備註/See Remarks 7 (c)(v) ‧見備註/See Remarks 7 (e)(i) ‧見備註/See Remarks 7 (d)(ii) ‧見備註/See Remarks 7 (e)(iii) ‧見備註/See Remarks 7 (f)(ii) ‧見備註/See Remarks 7 (e)(iv),
2017-11-25,2017-12-06,,第3座 (3B) Tower 3 (3B),21,K,,8159000,,‧價單第1號 (B1)付款辦法 Payment Plan (B1) of Price List No.1 見備註/See Remarks 7 (c)(ii) ‧見備註/See Remarks 7 (c)(iii) ‧見備註/See Remarks 7 (c)(iv) ‧見備註/See Remarks 7 (c)(v) ‧見備註/See Remarks 7 (e)(ii) ‧見備註/See Remarks 7 (e)(i) ‧見備註/See Remarks 7 (d)(ii) ‧見備註/See Remarks 7 (e)(iii) ‧見備註/See Remarks 7 (f)(ii) ‧見備註/See Remarks 7 (e)(iv),
2017-11-25,2017-12-06,,第3座 (3B) Tower 3 (3B),20,K,,7920000,,‧價單第1號 (A1)付款辦法 Payment Plan (A1) of Price List No.1 見備註/See Remarks 7 (c)(i) ‧見備註/See Remarks 7 (c)(iii) ‧見備註/See Remarks 7 (c)(iv) ‧見備註/See Remarks 7 (c)(v) ‧見備註/See Remarks 7 (e)(i) ‧見備註/See Remarks 7 (d)(ii) ‧見備註/See Remarks 7 (e)(iii) ‧見備註/See Remarks 7 (f)(ii) ‧見備註/See Remarks 7 (e)(iv),
2017-11-25,2017-12-06,,第3座 (3B) Tower 3 (3B),19,K,,8077800,,‧價單第1號 (B1)付款辦法 Payment Plan (B1) of Price List No.1 見備註/See Remarks 7 (c)(ii) ‧見備註/See Remarks 7 (c)(iii) ‧見備註/See Remarks 7 (c)(iv) ‧見備註/See Remarks 7 (c)(v) ‧見備註/See Remarks 7 (e)(ii) ‧見備註/See Remarks 7 (e)(i) ‧見備註/See Remarks 7 (d)(ii) ‧見備註/See Remarks 7 (e)(iii) ‧見備註/See Remarks 7 (f)(ii) ‧見備註/See Remarks 7 (e)(iv),
2017-11-25,2017-12-06,,第3座 (3B) Tower 3 (3B),18,K,,8077800,"在12-02-2018，基於法例第35(2)(b)條所容許的原因 ，售價調整為$7,880,800。 On 12-02-2018, the price adjusted to $7,880,800 due to the reason allowed under section 35(2)(b) of the Ordinance.",‧價單第1號 (B1)付款辦法 Payment Plan (B1) of Price List No.1 見備註/See Remarks 7 (c)(ii) ‧見備註/See Remarks 7 (c)(iii) ‧見備註/See Remarks 7 (c)(iv) ‧見備註/See Remarks 7 (c)(v) ‧見備註/See Remarks 7 (e)(ii) ‧見備註/See Remarks 7 (e)(i) ‧見備註/See Remarks 7 (d)(ii) ‧見備註/See Remarks 7 (e)(iii) ‧見備註/See Remarks 7 (f)(ii) ‧見備註/See Remarks 7 (e)(iv) ‧價單第1號 (A1)付款辦法 Payment Plan (A1) of Price List No.1 見備註/See Remarks 7 (c)(i) ‧見備註/See Remarks 7 (c)(iii) ‧見備註/See Remarks 7 (c)(iv) ‧見備註/See Remarks 7 (c)(v) ‧見備註/See Remarks 7 (e)(i) ‧見備註/See Remarks 7 (d)(ii) ‧見備註/See Remarks 7 (e)(iii) ‧見備註/See Remarks 7 (f)(ii) ‧見備註/See Remarks 7 (e)(iv) ‧(在12-02-2018修訂) (revised on 12-02-2018),
2017-11-25,2017-12-06,,第3座 (3B) Tower 3 (3B),17,K,,7840800,,‧價單第1號 (A1)付款辦法 Payment Plan (A1) of Price List No.1 見備註/See Remarks 7 (c)(i) ‧見備註/See Remarks 7 (c)(iii) ‧見備註/See Remarks 7 (c)(iv) ‧見備註/See Remarks 7 (c)(v) ‧見備註/See Remarks 7 (e)(i) ‧見備註/See Remarks 7 (d)(ii) ‧見備註/See Remarks 7 (e)(iii) ‧見備註/See Remarks 7 (f)(ii) ‧見備註/See Remarks 7 (e)(iv),
2017-11-25,2017-12-06,,第3座 (3B) Tower 3 (3B),16,K,,7832800,,‧價單第1號 (A1)付款辦法 Payment Plan (A1) of Price List No.1 見備註/See Remarks 7 (c)(i) ‧見備註/See Remarks 7 (c)(iii) ‧見備註/See Remarks 7 (c)(iv) ‧見備註/See Remarks 7 (c)(v) ‧見備註/See Remarks 7 (e)(i) ‧見備註/See Remarks 7 (d)(ii) ‧見備註/See Remarks 7 (e)(iii) ‧見備註/See Remarks 7 (f)(ii) ‧見備註/See Remarks 7 (e)(iv),
2017-11-25,2017-12-06,,第3座 (3B) Tower 3 (3B),15,K,,7824800,,‧價單第1號 (A1)付款辦法 Payment Plan (A1) of Price List No.1 見備註/See Remarks 7 (c)(i) ‧見備註/See Remarks 7 (c)(iii) ‧見備註/See Remarks 7 (c)(iv) ‧見備註/See Remarks 7 (c)(v) ‧見備註/See Remarks 7 (e)(i) ‧見備註/See Remarks 7 (d)(ii) ‧見備註/See Remarks 7 (e)(iii) ‧見備註/See Remarks 7 (f)(ii) ‧見備註/See Remarks 7 (e)(iv),
2017-11-25,2017-12-06,,第3座 (3B) Tower 3 (3B),12,K,,7818400,,‧價單第1號 (A1)付款辦法 Payment Plan (A1) of Price List No.1 見備註/See Remarks 7 (c)(i) ‧見備註/See Remarks 7 (c)(iii) ‧見備註/See Remarks 7 (c)(iv) ‧見備註/See Remarks 7 (c)(v) ‧見備註/See Remarks 7 (e)(i) ‧見備註/See Remarks 7 (d)(ii) ‧見備註/See Remarks 7 (e)(iii) ‧見備註/See Remarks 7 (f)(ii) ‧見備註/See Remarks 7 (e)(iv),
2017-11-25,2017-12-06,,第3座 (3B) Tower 3 (3B),11,K,,7810400,,‧價單第1號 (A1)付款辦法 Payment Plan (A1) of Price List No.1 見備註/See Remarks 7 (c)(i) ‧見備註/See Remarks 7 (c)(iii) ‧見備註/See Remarks 7 (c)(iv) ‧見備註/See Remarks 7 (c)(v) ‧見備註/See Remarks 7 (e)(i) ‧見備註/See Remarks 7 (d)(ii) ‧見備註/See Remarks 7 (e)(iii) ‧見備註/See Remarks 7 (f)(ii) ‧見備註/See Remarks 7 (e)(iv),
2017-11-25,2017-12-06,,第3座 (3B) Tower 3 (3B),10,K,,7802400,,‧價單第1號 (A1)付款辦法 Payment Plan (A1) of Price List No.1 見備註/See Remarks 7 (c)(i) ‧見備註/See Remarks 7 (c)(iii) ‧見備註/See Remarks 7 (c)(iv) ‧見備註/See Remarks 7 (c)(v) ‧見備註/See Remarks 7 (e)(i) ‧見備註/See Remarks 7 (d)(ii) ‧見備註/See Remarks 7 (e)(iii) ‧見備註/See Remarks 7 (f)(ii) ‧見備註/See Remarks 7 (e)(iv),
2017-11-25,2017-12-06,,第3座 (3B) Tower 3 (3B),9,K,,7794400,,‧價單第1號 (A1)付款辦法 Payment Plan (A1) of Price List No.1 見備註/See Remarks 7 (c)(i) ‧見備註/See Remarks 7 (c)(iii) ‧見備註/See Remarks 7 (c)(iv) ‧見備註/See Remarks 7 (c)(v) ‧見備註/See Remarks 7 (e)(i) ‧見備註/See Remarks 7 (d)(ii) ‧見備註/See Remarks 7 (e)(iii) ‧見備註/See Remarks 7 (f)(ii) ‧見備註/See Remarks 7 (e)(iv),
2017-11-25,2017-12-06,,第3座 (3B) Tower 3 (3B),8,K,,7981000,"在16-03-2018，基於法例第35(2)(b)條所容許的原因 ，售價調整為$7,786,400。 On 16-03-2018, the price adjusted to $7,786,400 due to the reason allowed under section 35(2)(b) of the Ordinance.",‧價單第1號 (B1)付款辦法 Payment Plan (B1) of Price List No.1 見備註/See Remarks 7 (c)(ii) ‧見備註/See Remarks 7 (c)(iii) ‧見備註/See Remarks 7 (c)(iv) ‧見備註/See Remarks 7 (c)(v) ‧見備註/See Remarks 7 (e)(ii) ‧見備註/See Remarks 7 (e)(i) ‧見備註/See Remarks 7 (d)(ii) ‧見備註/See Remarks 7 (e)(iii) ‧見備註/See Remarks 7 (f)(ii) ‧見備註/See Remarks 7 (e)(iv) ‧價單第1號 (A1)付款辦法 Payment Plan (A1) of Price List No.1 見備註/See Remarks 7 (c)(i) ‧見備註/See Remarks 7 (c)(iii) ‧見備註/See Remarks 7 (c)(iv) ‧見備註/See Remarks 7 (c)(v) ‧見備註/See Remarks 7 (e)(i) ‧見備註/See Remarks 7 (d)(ii) ‧見備註/See Remarks 7 (e)(iii) ‧見備註/See Remarks 7 (f)(ii) ‧見備註/See Remarks 7 (e)(iv) ‧(在16-03-2018修訂) (revised on 16-03-2018),
2017-11-25,2017-12-06,,第3座 (3B) Tower 3 (3B),7,K,,7973600,,‧價單第1號 (B1)付款辦法 Payment Plan (B1) of Price List No.1 見備註/See Remarks 7 (c)(ii) ‧見備註/See Remarks 7 (c)(iii) ‧見備註/See Remarks 7 (c)(iv) ‧見備註/See Remarks 7 (c)(v) ‧見備註/See Remarks 7 (e)(ii) ‧見備註/See Remarks 7 (e)(i) ‧見備註/See Remarks 7 (d)(ii) ‧見備註/See Remarks 7 (e)(iii) ‧見備註/See Remarks 7 (f)(ii) ‧見備註/See Remarks 7 (e)(iv),
2017-11-25,2017-12-06,,第3座 (3B) Tower 3 (3B),6,K,,7771200,,‧價單第1號 (A1)付款辦法 Payment Plan (A1) of Price List No.1 見備註/See Remarks 7 (c)(i) ‧見備註/See Remarks 7 (c)(iii) ‧見備註/See Remarks 7 (c)(iv) ‧見備註/See Remarks 7 (c)(v) ‧見備註/See Remarks 7 (e)(i) ‧見備註/See Remarks 7 (d)(ii) ‧見備註/See Remarks 7 (e)(iii) ‧見備註/See Remarks 7 (f)(ii) ‧見備註/See Remarks 7 (e)(iv),
2017-11-25,2017-12-06,,第5座 (5A) Tower 5 (5A),46,A,,42739200,,‧價單第2號 (B1)付款辦法 Payment Plan (B1) of Price List No.2 見備註/See Remarks 7 (c)(ii) ‧見備註/See Remarks 7 (c)(iii) ‧見備註/See Remarks 7 (c)(iv) ‧見備註/See Remarks 7 (c)(v) ‧見備註/See Remarks 7 (e)(ii) ‧見備註/See Remarks 7 (e)(i) ‧見備註/See Remarks 7 (d)(ii) ‧見備註/See Remarks 7 (e)(iii) ‧見備註/See Remarks 7 (f)(i),
2017-11-25,2017-12-06,,第5座 (5A) Tower 5 (5A),45,A,,44468800,,‧價單第2號 (A1)付款辦法 Payment Plan (A1) of Price List No.2 見備註/See Remarks 7 (c)(i) ‧見備註/See Remarks 7 (c)(iii) ‧見備註/See Remarks 7 (d)(iii) ‧見備註/See Remarks 7 (c)(v) ‧見備註/See Remarks 7 (e)(i) ‧見備註/See Remarks 7 (e)(iii) ‧見備註/See Remarks 7 (f)(i),
2017-11-25,2017-12-06,,第5座 (5A) Tower 5 (5A),43,A,,44116200,,‧價單第2號 (A1)付款辦法 Payment Plan (A1) of Price List No.2 見備註/See Remarks 7 (c)(i) ‧見備註/See Remarks 7 (c)(iii) ‧見備註/See Remarks 7 (d)(iii) ‧見備註/See Remarks 7 (c)(v) ‧見備註/See Remarks 7 (e)(i) ‧見備註/See Remarks 7 (e)(iii) ‧見備註/See Remarks 7 (f)(i),
2017-11-25,2017-12-06,,第5座 (5A) Tower 5 (5A),41,A,,40388800,,‧價單第2號 (A1)付款辦法 Payment Plan (A1) of Price List No.2 見備註/See Remarks 7 (c)(i) ‧見備註/See Remarks 7 (c)(iii) ‧見備註/See Remarks 7 (c)(iv) ‧見備註/See Remarks 7 (c)(v) ‧見備註/See Remarks 7 (e)(i) ‧見備註/See Remarks 7 (d)(ii) ‧見備註/See Remarks 7 (e)(iii) ‧見備註/See Remarks 7 (f)(i),
2017-11-25,2017-12-06,,第5座 (5A) Tower 5 (5A),39,A,,39751200,,‧價單第2號 (A1)付款辦法 Payment Plan (A1) of Price List No.2 見備註/See Remarks 7 (c)(i) ‧見備註/See Remarks 7 (c)(iii) ‧見備註/See Remarks 7 (c)(iv) ‧見備註/See Remarks 7 (c)(v) ‧見備註/See Remarks 7 (e)(i) ‧見備註/See Remarks 7 (d)(ii) ‧見備註/See Remarks 7 (e)(iii) ‧見備註/See Remarks 7 (f)(i),
2017-11-25,2017-12-06,,第5座 (5A) Tower 5 (5A),37,A,,40182400,,‧價單第2號 (B1)付款辦法 Payment Plan (B1) of Price List No.2 見備註/See Remarks 7 (c)(ii) ‧見備註/See Remarks 7 (c)(iii) ‧見備註/See Remarks 7 (c)(iv) ‧見備註/See Remarks 7 (c)(v) ‧見備註/See Remarks 7 (e)(ii) ‧見備註/See Remarks 7 (e)(i) ‧見備註/See Remarks 7 (d)(ii) ‧見備註/See Remarks 7 (e)(iii) ‧見備註/See Remarks 7 (f)(i),
2017-11-25,2017-12-06,,第5座 (5A) Tower 5 (5A),35,A,,38659200,,‧價單第2號 (A1)付款辦法 Payment Plan (A1) of Price List No.2 見備註/See Remarks 7 (c)(i) ‧見備註/See Remarks 7 (c)(iii) ‧見備註/See Remarks 7 (c)(iv) ‧見備註/See Remarks 7 (c)(v) ‧見備註/See Remarks 7 (e)(i) ‧見備註/See Remarks 7 (d)(ii) ‧見備註/See Remarks 7 (e)(iii) ‧見備註/See Remarks 7 (f)(i),
2017-11-25,2017-12-06,,第5座 (5A) Tower 5 (5A),32,A,,38120800,,‧價單第2號 (A1)付款辦法 Payment Plan (A1) of Price List No.2 見備註/See Remarks 7 (c)(i) ‧見備註/See Remarks 7 (c)(iii) ‧見備註/See Remarks 7 (c)(iv) ‧見備註/See Remarks 7 (c)(v) ‧見備註/See Remarks 7 (e)(i) ‧見備註/See Remarks 7 (d)(ii) ‧見備註/See Remarks 7 (e)(iii) ‧見備註/See Remarks 7 (f)(i),
2017-11-25,2017-12-06,,第5座 (5A) Tower 5 (5A),31,A,,37854400,,‧價單第2號 (A1)付款辦法 Payment Plan (A1) of Price List No.2 見備註/See Remarks 7 (c)(i) ‧見備註/See Remarks 7 (c)(iii) ‧見備註/See Remarks 7 (c)(iv) ‧見備註/See Remarks 7 (c)(v) ‧見備註/See Remarks 7 (e)(i) ‧見備註/See Remarks 7 (d)(ii) ‧見備註/See Remarks 7 (e)(iii) ‧見備註/See Remarks 7 (f)(i),
2017-11-25,2017-12-06,,第5座 (5A) Tower 5 (5A),30,A,,37588800,,‧價單第2號 (A1)付款辦法 Payment Plan (A1) of Price List No.2 見備註/See Remarks 7 (c)(i) ‧見備註/See Remarks 7 (c)(iii) ‧見備註/See Remarks 7 (c)(iv) ‧見備註/See Remarks 7 (c)(v) ‧見備註/See Remarks 7 (e)(i) ‧見備註/See Remarks 7 (d)(ii) ‧見備註/See Remarks 7 (e)(iii) ‧見備註/See Remarks 7 (f)(i),
2017-11-28,2017-12-08,,第3座 (3A) Tower 3 (3A),8,A,,31584700,,‧價單第1號 (B1)付款辦法 Payment Plan (B1) of Price List No.1 見備註/See Remarks 7 (c)(ii) ‧見備註/See Remarks 7 (c)(iii) ‧見備註/See Remarks 7 (c)(iv) ‧見備註/See Remarks 7 (c)(v) ‧見備註/See Remarks 7 (e)(ii) ‧見備註/See Remarks 7 (e)(i) ‧見備註/See Remarks 7 (d)(ii) ‧見備註/See Remarks 7 (e)(iii),
2017-11-30,2017-12-12,,第3座 (3A) Tower 3 (3A),11,B,,30548200,,‧價單第1號 (B1)付款辦法 Payment Plan (B1) of Price List No.1 見備註/See Remarks 7 (c)(ii) ‧見備註/See Remarks 7 (c)(iii) ‧見備註/See Remarks 7 (c)(iv) ‧見備註/See Remarks 7 (c)(v) ‧見備註/See Remarks 7 (e)(ii) ‧見備註/See Remarks 7 (e)(i) ‧見備註/See Remarks 7 (d)(ii) ‧見備註/See Remarks 7 (e)(iii),
2017-12-01,2017-12-13,,第3座 (3A) Tower 3 (3A),7,A,,30953300,,‧價單第1號 (B1)付款辦法 Payment Plan (B1) of Price List No.1 見備註/See Remarks 7 (c)(ii) ‧見備註/See Remarks 7 (c)(iii) ‧見備註/See Remarks 7 (c)(iv) ‧見備註/See Remarks 7 (c)(v) ‧見備註/See Remarks 7 (e)(ii) ‧見備註/See Remarks 7 (e)(i) ‧見備註/See Remarks 7 (d)(ii) ‧見備註/See Remarks 7 (e)(iii),
2017-12-01,2017-12-13,,第3座 (3A) Tower 3 (3A),6,A,,30643400,,‧價單第1號 (B1)付款辦法 Payment Plan (B1) of Price List No.1 見備註/See Remarks 7 (c)(ii) ‧見備註/See Remarks 7 (c)(iii) ‧見備註/See Remarks 7 (c)(iv) ‧見備註/See Remarks 7 (c)(v) ‧見備註/See Remarks 7 (e)(ii) ‧見備註/See Remarks 7 (e)(i) ‧見備註/See Remarks 7 (d)(ii) ‧見備註/See Remarks 7 (e)(iii),
2017-12-01,2017-12-13,,第3座 (3A) Tower 3 (3A),15,B,,30043200,,‧價單第2號 (A1)付款辦法 Payment Plan (A1) of Price List No.2 見備註/See Remarks 7 (c)(i) ‧見備註/See Remarks 7 (c)(iii) ‧見備註/See Remarks 7 (c)(iv) ‧見備註/See Remarks 7 (c)(v) ‧見備註/See Remarks 7 (e)(i) ‧見備註/See Remarks 7 (d)(ii) ‧見備註/See Remarks 7 (e)(iii),
2017-12-02,2017-12-13,,第3座 (3A) Tower 3 (3A),51,A,,38962400,,‧價單第3號 (A1)付款辦法 Payment Plan (A1) of Price List No.3 見備註/See Remarks 7 (c)(i) ‧見備註/See Remarks 7 (c)(iii) ‧見備註/See Remarks 7 (c)(iv) ‧見備註/See Remarks 7 (c)(v) ‧見備註/See Remarks 7 (e)(i) ‧見備註/See Remarks 7 (d)(ii) ‧見備註/See Remarks 7 (e)(iii) ‧見備註/See Remarks 7 (f)(i),
2017-12-02,2017-12-13,,第3座 (3A) Tower 3 (3A),42,A,,36196800,,‧價單第3號 (A1)付款辦法 Payment Plan (A1) of Price List No.3 見備註/See Remarks 7 (c)(i) ‧見備註/See Remarks 7 (c)(iii) ‧見備註/See Remarks 7 (c)(iv) ‧見備註/See Remarks 7 (c)(v) ‧見備註/See Remarks 7 (e)(i) ‧見備註/See Remarks 7 (d)(ii) ‧見備註/See Remarks 7 (e)(iii) ‧見備註/See Remarks 7 (f)(i),
2017-12-02,2017-12-13,,第3座 (3A) Tower 3 (3A),38,A,,35167200,,‧價單第3號 (A1)付款辦法 Payment Plan (A1) of Price List No.3 見備註/See Remarks 7 (c)(i) ‧見備註/See Remarks 7 (c)(iii) ‧見備註/See Remarks 7 (c)(iv) ‧見備註/See Remarks 7 (c)(v) ‧見備註/See Remarks 7 (e)(i) ‧見備註/See Remarks 7 (d)(iv) ‧見備註/See Remarks 7 (e)(iii),
2017-12-02,2017-12-13,,第3座 (3A) Tower 3 (3A),42,B,,35598600,,‧價單第3號 (B1)付款辦法 Payment Plan (B1) of Price List No.3 見備註/See Remarks 7 (c)(ii) ‧見備註/See Remarks 7 (c)(iii) ‧見備註/See Remarks 7 (c)(iv) ‧見備註/See Remarks 7 (c)(v) ‧見備註/See Remarks 7 (e)(ii) ‧見備註/See Remarks 7 (e)(i) ‧見備註/See Remarks 7 (d)(ii) ‧見備註/See Remarks 7 (e)(iii) ‧見備註/See Remarks 7 (f)(i),
2017-12-02,2017-12-13,,第3座 (3A) Tower 3 (3A),55,C,,15857900,,‧價單第3號 (B1)付款辦法 Payment Plan (B1) of Price List No.3 見備註/See Remarks 7 (c)(ii) ‧見備註/See Remarks 7 (c)(iii) ‧見備註/See Remarks 7 (c)(iv) ‧見備註/See Remarks 7 (c)(v) ‧見備註/See Remarks 7 (e)(ii) ‧見備註/See Remarks 7 (e)(i) ‧見備註/See Remarks 7 (d)(ii) ‧見備註/See Remarks 7 (e)(iii) ‧見備註/See Remarks 7 (f)(ii) ‧見備註/See Remarks 7 (e)(iv),
2017-12-02,2017-12-13,,第3座 (3A) Tower 3 (3A),52,C,,15437300,,‧價單第3號 (B1)付款辦法 Payment Plan (B1) of Price List No.3 見備註/See Remarks 7 (c)(ii) ‧見備註/See Remarks 7 (c)(iii) ‧見備註/See Remarks 7 (c)(iv) ‧見備註/See Remarks 7 (c)(v) ‧見備註/See Remarks 7 (e)(ii) ‧見備註/See Remarks 7 (e)(i) ‧見備註/See Remarks 7 (d)(ii) ‧見備註/See Remarks 7 (e)(iii) ‧見備註/See Remarks 7 (f)(ii) ‧見備註/See Remarks 7 (e)(iv),
2017-12-02,2017-12-13,,第3座 (3A) Tower 3 (3A),50,C,,14720800,,‧價單第3號 (A1)付款辦法 Payment Plan (A1) of Price List No.3 見備註/See Remarks 7 (c)(i) ‧見備註/See Remarks 7 (c)(iii) ‧見備註/See Remarks 7 (c)(iv) ‧見備註/See Remarks 7 (c)(v) ‧見備註/See Remarks 7 (e)(i) ‧見備註/See Remarks 7 (d)(ii) ‧見備註/See Remarks 7 (e)(iii) ‧見備註/See Remarks 7 (f)(ii) ‧見備註/See Remarks 7 (e)(iv),
2017-12-02,2017-12-13,,第3座 (3A) Tower 3 (3A),48,C,,14575200,,‧價單第3號 (A1)付款辦法 Payment Plan (A1) of Price List No.3 見備註/See Remarks 7 (c)(i) ‧見備註/See Remarks 7 (c)(iii) ‧見備註/See Remarks 7 (c)(iv) ‧見備註/See Remarks 7 (c)(v) ‧見備註/See Remarks 7 (e)(i) ‧見備註/See Remarks 7 (d)(ii) ‧見備註/See Remarks 7 (e)(iii) ‧見備註/See Remarks 7 (f)(ii) ‧見備註/See Remarks 7 (e)(iv),
2017-12-02,2017-12-13,,第3座 (3A) Tower 3 (3A),46,C,,14232000,,‧價單第3號 (A1)付款辦法 Payment Plan (A1) of Price List No.3 見備註/See Remarks 7 (c)(i) ‧見備註/See Remarks 7 (c)(iii) ‧見備註/See Remarks 7 (c)(iv) ‧見備註/See Remarks 7 (c)(v) ‧見備註/See Remarks 7 (e)(i) ‧見備註/See Remarks 7 (d)(ii) ‧見備註/See Remarks 7 (e)(iii) ‧見備註/See Remarks 7 (f)(ii) ‧見備註/See Remarks 7 (e)(iv),
2017-12-02,2017-12-13,,第3座 (3A) Tower 3 (3A),43,C,,16283300,,‧價單第3號 (B1)付款辦法 Payment Plan (B1) of Price List No.3 見備註/See Remarks 7 (c)(ii) ‧見備註/See Remarks 7 (d)(i) ‧見備註/See Remarks 7 (c)(iv) ‧見備註/See Remarks 7 (c)(v) ‧見備註/See Remarks 7 (e)(ii) ‧見備註/See Remarks 7 (e)(i) ‧見備註/See Remarks 7 (d)(ii) ‧見備註/See Remarks 7 (e)(iii) ‧見備註/See Remarks 7 (f)(ii) ‧見備註/See Remarks 7 (e)(iv),
2017-12-02,2017-12-13,,第3座 (3A) Tower 3 (3A),41,C,,14129400,,‧價單第3號 (B1)付款辦法 Payment Plan (B1) of Price List No.3 見備註/See Remarks 7 (c)(ii) ‧見備註/See Remarks 7 (c)(iii) ‧見備註/See Remarks 7 (c)(iv) ‧見備註/See Remarks 7 (c)(v) ‧見備註/See Remarks 7 (e)(ii) ‧見備註/See Remarks 7 (e)(i) ‧見備註/See Remarks 7 (d)(iv) ‧見備註/See Remarks 7 (e)(iii) ‧見備註/See Remarks 7 (f)(ii) ‧見備註/See Remarks 7 (e)(iv),
2017-12-02,2017-12-13,,第3座 (3A) Tower 3 (3A),40,C,,13676000,,‧價單第3號 (A1)付款辦法 Payment Plan (A1) of Price List No.3 見備註/See Remarks 7 (c)(i) ‧見備註/See Remarks 7 (c)(iii) ‧見備註/See Remarks 7 (c)(iv) ‧見備註/See Remarks 7 (c)(v) ‧見備註/See Remarks 7 (e)(i) ‧見備註/See Remarks 7 (d)(ii) ‧見備註/See Remarks 7 (e)(iii) ‧見備註/See Remarks 7 (f)(ii) ‧見備註/See Remarks 7 (e)(iv),
2017-12-02,2017-12-13,,第3座 (3A) Tower 3 (3A),39,C,,13567200,,‧價單第3號 (A1)付款辦法 Payment Plan (A1) of Price List No.3 見備註/See Remarks 7 (c)(i) ‧見備註/See Remarks 7 (c)(iii) ‧見備註/See Remarks 7 (c)(iv) ‧見備註/See Remarks 7 (c)(v) ‧見備註/See Remarks 7 (e)(i) ‧見備註/See Remarks 7 (d)(ii) ‧見備註/See Remarks 7 (e)(iii) ‧見備註/See Remarks 7 (f)(ii) ‧見備註/See Remarks 7 (e)(iv),
2017-12-02,2017-12-13,,第3座 (3A) Tower 3 (3A),38,C,,13906300,,‧價單第3號 (B1)付款辦法 Payment Plan (B1) of Price List No.3 見備註/See Remarks 7 (c)(ii) ‧見備註/See Remarks 7 (c)(iii) ‧見備註/See Remarks 7 (c)(iv) ‧見備註/See Remarks 7 (c)(v) ‧見備註/See Remarks 7 (e)(ii) ‧見備註/See Remarks 7 (e)(i) ‧見備註/See Remarks 7 (d)(ii) ‧見備註/See Remarks 7 (e)(iii) ‧見備註/See Remarks 7 (f)(ii) ‧見備註/See Remarks 7 (e)(iv),
2017-12-02,2017-12-13,,第3座 (3A) Tower 3 (3A),30,C,,12830400,,‧價單第3號 (A1)付款辦法 Payment Plan (A1) of Price List No.3 見備註/See Remarks 7 (c)(i) ‧見備註/See Remarks 7 (c)(iii) ‧見備註/See Remarks 7 (c)(iv) ‧見備註/See Remarks 7 (c)(v) ‧見備註/See Remarks 7 (e)(i) ‧見備註/See Remarks 7 (d)(ii) ‧見備註/See Remarks 7 (e)(iii) ‧見備註/See Remarks 7 (f)(ii) ‧見備註/See Remarks 7 (e)(iv),
2017-12-02,2017-12-13,,第3座 (3B) Tower 3 (3B),43,A,,14247600,,‧價單第3號 (B1)付款辦法 Payment Plan (B1) of Price List No.3 見備註/See Remarks 7 (c)(ii) ‧見備註/See Remarks 7 (d)(i) ‧見備註/See Remarks 7 (c)(iv) ‧見備註/See Remarks 7 (c)(v) ‧見備註/See Remarks 7 (e)(ii) ‧見備註/See Remarks 7 (e)(i) ‧見備註/See Remarks 7 (d)(ii) ‧見備註/See Remarks 7 (e)(iii) ‧見備註/See Remarks 7 (f)(ii) ‧見備註/See Remarks 7 (e)(iv),
2017-12-02,2017-12-13,,第3座 (3B) Tower 3 (3B),41,A,,13268600,,‧價單第3號 (B1)付款辦法 Payment Plan (B1) of Price List No.3 見備註/See Remarks 7 (c)(ii) ‧見備註/See Remarks 7 (c)(iii) ‧見備註/See Remarks 7 (d)(iii) ‧見備註/See Remarks 7 (c)(v) ‧見備註/See Remarks 7 (e)(ii) ‧見備註/See Remarks 7 (e)(i) ‧見備註/See Remarks 7 (e)(iii) ‧見備註/See Remarks 7 (f)(ii) ‧見備註/See Remarks 7 (e)(iv),
2017-12-02,2017-12-13,,第3座 (3B) Tower 3 (3B),39,A,,12168800,,‧價單第3號 (B1)付款辦法 Payment Plan (B1) of Price List No.3 見備註/See Remarks 7 (c)(ii) ‧見備註/See Remarks 7 (c)(iii) ‧見備註/See Remarks 7 (c)(iv) ‧見備註/See Remarks 7 (c)(v) ‧見備註/See Remarks 7 (e)(ii) ‧見備註/See Remarks 7 (e)(i) ‧見備註/See Remarks 7 (d)(ii) ‧見備註/See Remarks 7 (e)(iii) ‧見備註/See Remarks 7 (f)(ii) ‧見備註/See Remarks 7 (e)(iv),
2017-12-02,2017-12-13,,第3座 (3B) Tower 3 (3B),37,A,,12000700,,‧價單第3號 (B1)付款辦法 Payment Plan (B1) of Price List No.3 見備註/See Remarks 7 (c)(ii) ‧見備註/See Remarks 7 (c)(iii) ‧見備註/See Remarks 7 (c)(iv) ‧見備註/See Remarks 7 (c)(v) ‧見備註/See Remarks 7 (e)(ii) ‧見備註/See Remarks 7 (e)(i) ‧見備註/See Remarks 7 (d)(ii) ‧見備註/See Remarks 7 (e)(iii) ‧見備註/See Remarks 7 (f)(ii) ‧見備註/See Remarks 7 (e)(iv),
2017-12-02,2017-12-13,,第3座 (3B) Tower 3 (3B),35,A,,11546400,,‧價單第3號 (A1)付款辦法 Payment Plan (A1) of Price List No.3 見備註/See Remarks 7 (c)(i) ‧見備註/See Remarks 7 (c)(iii) ‧見備註/See Remarks 7 (c)(iv) ‧見備註/See Remarks 7 (c)(v) ‧見備註/See Remarks 7 (e)(i) ‧見備註/See Remarks 7 (d)(ii) ‧見備註/See Remarks 7 (e)(iii) ‧見備註/See Remarks 7 (f)(ii) ‧見備註/See Remarks 7 (e)(iv),
2017-12-02,2017-12-13,,第3座 (3B) Tower 3 (3B),32,A,,11384800,,‧價單第3號 (A1)付款辦法 Payment Plan (A1) of Price List No.3 見備註/See Remarks 7 (c)(i) ‧見備註/See Remarks 7 (c)(iii) ‧見備註/See Remarks 7 (c)(iv) ‧見備註/See Remarks 7 (c)(v) ‧見備註/See Remarks 7 (e)(i) ‧見備註/See Remarks 7 (d)(ii) ‧見備註/See Remarks 7 (e)(iii) ‧見備註/See Remarks 7 (f)(ii) ‧見備註/See Remarks 7 (e)(iv),
2017-12-02,2017-12-13,,第3座 (3B) Tower 3 (3B),30,A,,11226400,,‧價單第3號 (A1)付款辦法 Payment Plan (A1) of Price List No.3 見備註/See Remarks 7 (c)(i) ‧見備註/See Remarks 7 (c)(iii) ‧見備註/See Remarks 7 (c)(iv) ‧見備註/See Remarks 7 (c)(v) ‧見備註/See Remarks 7 (e)(i) ‧見備註/See Remarks 7 (d)(ii) ‧見備註/See Remarks 7 (e)(iii) ‧見備註/See Remarks 7 (f)(ii) ‧見備註/See Remarks 7 (e)(iv),
2017-12-02,2017-12-13,,第3座 (3B) Tower 3 (3B),27,A,,11114400,,‧價單第3號 (A1)付款辦法 Payment Plan (A1) of Price List No.3 見備註/See Remarks 7 (c)(i) ‧見備註/See Remarks 7 (c)(iii) ‧見備註/See Remarks 7 (c)(iv) ‧見備註/See Remarks 7 (c)(v) ‧見備註/See Remarks 7 (e)(i) ‧見備註/See Remarks 7 (d)(ii) ‧見備註/See Remarks 7 (e)(iii) ‧見備註/See Remarks 7 (f)(ii) ‧見備註/See Remarks 7 (e)(iv),
2017-12-02,2017-12-13,,第3座 (3B) Tower 3 (3B),25,A,,11278200,,‧價單第3號 (B1)付款辦法 Payment Plan (B1) of Price List No.3 見備註/See Remarks 7 (c)(ii) ‧見備註/See Remarks 7 (c)(iii) ‧見備註/See Remarks 7 (c)(iv) ‧見備註/See Remarks 7 (c)(v) ‧見備註/See Remarks 7 (e)(ii) ‧見備註/See Remarks 7 (e)(i) ‧見備註/See Remarks 7 (d)(ii) ‧見備註/See Remarks 7 (e)(iii) ‧見備註/See Remarks 7 (f)(ii) ‧見備註/See Remarks 7 (e)(iv),
2017-12-02,2017-12-13,,第3座 (3B) Tower 3 (3B),22,A,,11165100,,‧價單第3號 (B1)付款辦法 Payment Plan (B1) of Price List No.3 見備註/See Remarks 7 (c)(ii) ‧見備註/See Remarks 7 (c)(iii) ‧見備註/See Remarks 7 (c)(iv) ‧見備註/See Remarks 7 (c)(v) ‧見備註/See Remarks 7 (e)(ii) ‧見備註/See Remarks 7 (e)(i) ‧見備註/See Remarks 7 (d)(ii) ‧見備註/See Remarks 7 (e)(iii) ‧見備註/See Remarks 7 (f)(ii) ‧見備註/See Remarks 7 (e)(iv),
2017-12-02,2017-12-13,,第3座 (3B) Tower 3 (3B),20,A,,10784800,,‧價單第3號 (A1)付款辦法 Payment Plan (A1) of Price List No.3 見備註/See Remarks 7 (c)(i) ‧見備註/See Remarks 7 (c)(iii) ‧見備註/See Remarks 7 (c)(iv) ‧見備註/See Remarks 7 (c)(v) ‧見備註/See Remarks 7 (e)(i) ‧見備註/See Remarks 7 (d)(ii) ‧見備註/See Remarks 7 (e)(iii) ‧見備註/See Remarks 7 (f)(ii) ‧見備註/See Remarks 7 (e)(iv),
2017-12-02,2017-12-13,,第3座 (3B) Tower 3 (3B),18,A,,10740800,,‧價單第3號 (A1)付款辦法 Payment Plan (A1) of Price List No.3 見備註/See Remarks 7 (c)(i) ‧見備註/See Remarks 7 (c)(iii) ‧見備註/See Remarks 7 (c)(iv) ‧見備註/See Remarks 7 (c)(v) ‧見備註/See Remarks 7 (e)(i) ‧見備註/See Remarks 7 (d)(ii) ‧見備註/See Remarks 7 (e)(iii) ‧見備註/See Remarks 7 (f)(ii) ‧見備註/See Remarks 7 (e)(iv),
2017-12-02,2017-12-13,,第3座 (3B) Tower 3 (3B),16,A,,10612800,,‧價單第3號 (A1)付款辦法 Payment Plan (A1) of Price List No.3 見備註/See Remarks 7 (c)(i) ‧見備註/See Remarks 7 (c)(iii) ‧見備註/See Remarks 7 (c)(iv) ‧見備註/See Remarks 7 (c)(v) ‧見備註/See Remarks 7 (e)(i) ‧見備註/See Remarks 7 (d)(ii) ‧見備註/See Remarks 7 (e)(iii) ‧見備註/See Remarks 7 (f)(ii) ‧見備註/See Remarks 7 (e)(iv),
2017-12-02,2017-12-13,,第3座 (3B) Tower 3 (3B),12,A,,10791200,,‧價單第3號 (B1)付款辦法 Payment Plan (B1) of Price List No.3 見備註/See Remarks 7 (c)(ii) ‧見備註/See Remarks 7 (c)(iii) ‧見備註/See Remarks 7 (c)(iv) ‧見備註/See Remarks 7 (c)(v) ‧見備註/See Remarks 7 (e)(ii) ‧見備註/See Remarks 7 (e)(i) ‧見備註/See Remarks 7 (d)(ii) ‧見備註/See Remarks 7 (e)(iii) ‧見備註/See Remarks 7 (f)(ii) ‧見備註/See Remarks 7 (e)(iv),
2017-12-02,2017-12-13,,第3座 (3B) Tower 3 (3B),10,A,,10444000,,‧價單第3號 (A1)付款辦法 Payment Plan (A1) of Price List No.3 見備註/See Remarks 7 (c)(i) ‧見備註/See Remarks 7 (c)(iii) ‧見備註/See Remarks 7 (c)(iv) ‧見備註/See Remarks 7 (c)(v) ‧見備註/See Remarks 7 (e)(i) ‧見備註/See Remarks 7 (d)(ii) ‧見備註/See Remarks 7 (e)(iii) ‧見備註/See Remarks 7 (f)(ii) ‧見備註/See Remarks 7 (e)(iv),
2017-12-02,2017-12-13,,第3座 (3B) Tower 3 (3B),8,A,,10402400,,‧價單第3號 (A1)付款辦法 Payment Plan (A1) of Price List No.3 見備註/See Remarks 7 (c)(i) ‧見備註/See Remarks 7 (c)(iii) ‧見備註/See Remarks 7 (c)(iv) ‧見備註/See Remarks 7 (c)(v) ‧見備註/See Remarks 7 (e)(i) ‧見備註/See Remarks 7 (d)(ii) ‧見備註/See Remarks 7 (e)(iii) ‧見備註/See Remarks 7 (f)(ii) ‧見備註/See Remarks 7 (e)(iv),
2017-12-02,2017-12-13,,第3座 (3B) Tower 3 (3B),6,A,,10092000,,‧價單第3號 (A1)付款辦法 Payment Plan (A1) of Price List No.3 見備註/See Remarks 7 (c)(i) ‧見備註/See Remarks 7 (c)(iii) ‧見備註/See Remarks 7 (c)(iv) ‧見備註/See Remarks 7 (c)(v) ‧見備註/See Remarks 7 (e)(i) ‧見備註/See Remarks 7 (d)(ii) ‧見備註/See Remarks 7 (e)(iii) ‧見備註/See Remarks 7 (f)(ii) ‧見備註/See Remarks 7 (e)(iv),
2017-12-02,,,第3座 (3B) Tower 3 (3B),55,B,,10308200,,‧價單第3號 (B1)付款辦法 Payment Plan (B1) of Price List No.3 見備註/See Remarks 7 (c)(ii) ‧見備註/See Remarks 7 (c)(iii) ‧見備註/See Remarks 7 (c)(iv) ‧見備註/See Remarks 7 (c)(v) ‧見備註/See Remarks 7 (e)(ii) ‧見備註/See Remarks 7 (e)(i) ‧見備註/See Remarks 7 (d)(ii) ‧見備註/See Remarks 7 (e)(iii) ‧見備註/See Remarks 7 (f)(ii) ‧見備註/See Remarks 7 (e)(iv),
2017-12-02,2017-12-13,,第3座 (3B) Tower 3 (3B),52,B,,9791200,,‧價單第3號 (A1)付款辦法 Payment Plan (A1) of Price List No.3 見備註/See Remarks 7 (c)(i) ‧見備註/See Remarks 7 (c)(iii) ‧見備註/See Remarks 7 (c)(iv) ‧見備註/See Remarks 7 (c)(v) ‧見備註/See Remarks 7 (e)(i) ‧見備註/See Remarks 7 (d)(iv) ‧見備註/See Remarks 7 (e)(iii) ‧見備註/See Remarks 7 (f)(ii) ‧見備註/See Remarks 7 (e)(iv),
2017-12-02,2017-12-13,,第3座 (3B) Tower 3 (3B),50,B,,9568800,,‧價單第3號 (A1)付款辦法 Payment Plan (A1) of Price List No.3 見備註/See Remarks 7 (c)(i) ‧見備註/See Remarks 7 (c)(iii) ‧見備註/See Remarks 7 (c)(iv) ‧見備註/See Remarks 7 (c)(v) ‧見備註/See Remarks 7 (e)(i) ‧見備註/See Remarks 7 (d)(ii) ‧見備註/See Remarks 7 (e)(iii) ‧見備註/See Remarks 7 (f)(ii) ‧見備註/See Remarks 7 (e)(iv),
2017-12-02,2017-12-13,,第3座 (3B) Tower 3 (3B),48,B,,9475200,,‧價單第3號 (A1)付款辦法 Payment Plan (A1) of Price List No.3 見備註/See Remarks 7 (c)(i) ‧見備註/See Remarks 7 (c)(iii) ‧見備註/See Remarks 7 (c)(iv) ‧見備註/See Remarks 7 (c)(v) ‧見備註/See Remarks 7 (e)(i) ‧見備註/See Remarks 7 (d)(ii) ‧見備註/See Remarks 7 (e)(iii) ‧見備註/See Remarks 7 (f)(ii) ‧見備註/See Remarks 7 (e)(iv),
2017-12-02,2017-12-13,,第3座 (3B) Tower 3 (3B),46,B,,9252000,,‧價單第3號 (A1)付款辦法 Payment Plan (A1) of Price List No.3 見備註/See Remarks 7 (c)(i) ‧見備註/See Remarks 7 (c)(iii) ‧見備註/See Remarks 7 (c)(iv) ‧見備註/See Remarks 7 (c)(v) ‧見備註/See Remarks 7 (e)(i) ‧見備註/See Remarks 7 (d)(ii) ‧見備註/See Remarks 7 (e)(iii) ‧見備註/See Remarks 7 (f)(ii) ‧見備註/See Remarks 7 (e)(iv),
2017-12-02,2017-12-13,,第3座 (3B) Tower 3 (3B),43,B,,9332400,,‧價單第3號 (B1)付款辦法 Payment Plan (B1) of Price List No.3 見備註/See Remarks 7 (c)(ii) ‧見備註/See Remarks 7 (c)(iii) ‧見備註/See Remarks 7 (c)(iv) ‧見備註/See Remarks 7 (c)(v) ‧見備註/See Remarks 7 (e)(ii) ‧見備註/See Remarks 7 (e)(i) ‧見備註/See Remarks 7 (d)(ii) ‧見備註/See Remarks 7 (e)(iii) ‧見備註/See Remarks 7 (f)(ii) ‧見備註/See Remarks 7 (e)(iv),
2017-12-02,2017-12-13,,第3座 (3B) Tower 3 (3B),41,B,,11088900,,‧價單第3號 (B1)付款辦法 Payment Plan (B1) of Price List No.3 見備註/See Remarks 7 (c)(ii) ‧見備註/See Remarks 7 (d)(i) ‧見備註/See Remarks 7 (d)(iii) ‧見備註/See Remarks 7 (c)(v) ‧見備註/See Remarks 7 (e)(ii) ‧見備註/See Remarks 7 (e)(i) ‧見備註/See Remarks 7 (e)(iii) ‧見備註/See Remarks 7 (f)(ii) ‧見備註/See Remarks 7 (e)(iv),
2017-12-02,2017-12-13,,第3座 (3B) Tower 3 (3B),39,B,,8819200,,‧價單第3號 (A1)付款辦法 Payment Plan (A1) of Price List No.3 見備註/See Remarks 7 (c)(i) ‧見備註/See Remarks 7 (c)(iii) ‧見備註/See Remarks 7 (c)(iv) ‧見備註/See Remarks 7 (c)(v) ‧見備註/See Remarks 7 (e)(i) ‧見備註/See Remarks 7 (d)(ii) ‧見備註/See Remarks 7 (e)(iii) ‧見備註/See Remarks 7 (f)(ii) ‧見備註/See Remarks 7 (e)(iv),
2017-12-02,2017-12-13,,第3座 (3B) Tower 3 (3B),37,B,,8914200,,‧價單第3號 (B1)付款辦法 Payment Plan (B1) of Price List No.3 見備註/See Remarks 7 (c)(ii) ‧見備註/See Remarks 7 (c)(iii) ‧見備註/See Remarks 7 (c)(iv) ‧見備註/See Remarks 7 (c)(v) ‧見備註/See Remarks 7 (e)(ii) ‧見備註/See Remarks 7 (e)(i) ‧見備註/See Remarks 7 (d)(ii) ‧見備註/See Remarks 7 (e)(iii) ‧見備註/See Remarks 7 (f)(ii) ‧見備註/See Remarks 7 (e)(iv),
2017-12-02,2017-12-13,,第3座 (3B) Tower 3 (3B),35,B,,8791200,,‧價單第3號 (B1)付款辦法 Payment Plan (B1) of Price List No.3 見備註/See Remarks 7 (c)(ii) ‧見備註/See Remarks 7 (c)(iii) ‧見備註/See Remarks 7 (c)(iv) ‧見備註/See Remarks 7 (c)(v) ‧見備註/See Remarks 7 (e)(ii) ‧見備註/See Remarks 7 (e)(i) ‧見備註/See Remarks 7 (d)(ii) ‧見備註/See Remarks 7 (e)(iii) ‧見備註/See Remarks 7 (f)(ii) ‧見備註/See Remarks 7 (e)(iv),
2017-12-02,2017-12-13,,第3座 (3B) Tower 3 (3B),32,B,,8458400,,‧價單第3號 (A1)付款辦法 Payment Plan (A1) of Price List No.3 見備註/See Remarks 7 (c)(i) ‧見備註/See Remarks 7 (c)(iii) ‧見備註/See Remarks 7 (c)(iv) ‧見備註/See Remarks 7 (c)(v) ‧見備註/See Remarks 7 (e)(i) ‧見備註/See Remarks 7 (d)(ii) ‧見備註/See Remarks 7 (e)(iii) ‧見備註/See Remarks 7 (f)(ii) ‧見備註/See Remarks 7 (e)(iv),
2017-12-02,2017-12-13,,第3座 (3B) Tower 3 (3B),30,B,,8548500,,‧價單第3號 (B1)付款辦法 Payment Plan (B1) of Price List No.3 見備註/See Remarks 7 (c)(ii) ‧見備註/See Remarks 7 (c)(iii) ‧見備註/See Remarks 7 (c)(iv) ‧見備註/See Remarks 7 (c)(v) ‧見備註/See Remarks 7 (e)(ii) ‧見備註/See Remarks 7 (e)(i) ‧見備註/See Remarks 7 (d)(ii) ‧見備註/See Remarks 7 (e)(iii) ‧見備註/See Remarks 7 (f)(ii) ‧見備註/See Remarks 7 (e)(iv),
2017-12-02,2017-12-13,,第3座 (3B) Tower 3 (3B),27,B,,8175200,"在29-05-2018，基於法例第35(2)(b)條所容許的原因 ，售價調整為$8,379,500。 On 29-05-2018, the price adjusted to $8,379,500 due to the reason allowed under section 35(2)(b) of the Ordinance.",‧價單第3號 (A1)付款辦法 Payment Plan (A1) of Price List No.3 見備註/See Remarks 7 (c)(i) ‧見備註/See Remarks 7 (c)(iii) ‧見備註/See Remarks 7 (c)(iv) ‧見備註/See Remarks 7 (c)(v) ‧見備註/See Remarks 7 (e)(i) ‧見備註/See Remarks 7 (d)(ii) ‧見備註/See Remarks 7 (e)(iii) ‧見備註/See Remarks 7 (f)(ii) ‧見備註/See Remarks 7 (e)(iv) ‧價單第3號 (B1)付款辦法 Payment Plan (B1) of Price List No.3 見備註/See Remarks 7 (c)(ii) ‧見備註/See Remarks 7 (c)(iii) ‧見備註/See Remarks 7 (c)(iv) ‧見備註/See Remarks 7 (c)(v) ‧見備註/See Remarks 7 (e)(ii) ‧見備註/See Remarks 7 (e)(i) ‧見備註/See Remarks 7 (d)(ii) ‧見備註/See Remarks 7 (e)(iii) ‧見備註/See Remarks 7 (f)(ii) ‧見備註/See Remarks 7 (e)(iv) ‧(在29-05-2018修訂) (revised on 29-05-2018),
2017-12-02,2017-12-13,,第3座 (3B) Tower 3 (3B),26,B,,8337700,,‧價單第3號 (B1)付款辦法 Payment Plan (B1) of Price List No.3 見備註/See Remarks 7 (c)(ii) ‧見備註/See Remarks 7 (c)(iii) ‧見備註/See Remarks 7 (c)(iv) ‧見備註/See Remarks 7 (c)(v) ‧見備註/See Remarks 7 (e)(ii) ‧見備註/See Remarks 7 (e)(i) ‧見備註/See Remarks 7 (d)(ii) ‧見備註/See Remarks 7 (e)(iii) ‧見備註/See Remarks 7 (f)(ii) ‧見備註/See Remarks 7 (e)(iv),
2017-12-02,2017-12-13,,第3座 (3B) Tower 3 (3B),25,B,,8092800,,‧價單第3號 (A1)付款辦法 Payment Plan (A1) of Price List No.3 見備註/See Remarks 7 (c)(i) ‧見備註/See Remarks 7 (c)(iii) ‧見備註/See Remarks 7 (c)(iv) ‧見備註/See Remarks 7 (c)(v) ‧見備註/See Remarks 7 (e)(i) ‧見備註/See Remarks 7 (d)(ii) ‧見備註/See Remarks 7 (e)(iii) ‧見備註/See Remarks 7 (f)(ii) ‧見備註/See Remarks 7 (e)(iv),
2017-12-02,2017-12-13,,第3座 (3B) Tower 3 (3B),23,B,,8254100,,‧價單第3號 (B1)付款辦法 Payment Plan (B1) of Price List No.3 見備註/See Remarks 7 (c)(ii) ‧見備註/See Remarks 7 (c)(iii) ‧見備註/See Remarks 7 (c)(iv) ‧見備註/See Remarks 7 (c)(v) ‧見備註/See Remarks 7 (e)(ii) ‧見備註/See Remarks 7 (e)(i) ‧見備註/See Remarks 7 (d)(ii) ‧見備註/See Remarks 7 (e)(iii) ‧見備註/See Remarks 7 (f)(ii) ‧見備註/See Remarks 7 (e)(iv),
2017-12-02,2017-12-13,,第3座 (3B) Tower 3 (3B),22,B,,8212300,,‧價單第3號 (B1)付款辦法 Payment Plan (B1) of Price List No.3 見備註/See Remarks 7 (c)(ii) ‧見備註/See Remarks 7 (c)(iii) ‧見備註/See Remarks 7 (c)(iv) ‧見備註/See Remarks 7 (c)(v) ‧見備註/See Remarks 7 (e)(ii) ‧見備註/See Remarks 7 (e)(i) ‧見備註/See Remarks 7 (d)(ii) ‧見備註/See Remarks 7 (e)(iii) ‧見備註/See Remarks 7 (f)(ii) ‧見備註/See Remarks 7 (e)(iv),
2017-12-02,2017-12-13,,第3座 (3B) Tower 3 (3B),21,B,,7972000,,‧價單第3號 (A1)付款辦法 Payment Plan (A1) of Price List No.3 見備註/See Remarks 7 (c)(i) ‧見備註/See Remarks 7 (c)(iii) ‧見備註/See Remarks 7 (c)(iv) ‧見備註/See Remarks 7 (c)(v) ‧見備註/See Remarks 7 (e)(i) ‧見備註/See Remarks 7 (d)(ii) ‧見備註/See Remarks 7 (e)(iii) ‧見備註/See Remarks 7 (f)(ii) ‧見備註/See Remarks 7 (e)(iv),
2017-12-02,2017-12-13,,第3座 (3B) Tower 3 (3B),20,B,,7932000,"在18-04-2018，基於法例第35(2)(b)條所容許的原因 ，售價調整為$8,130,300。 On 18-04-2018, the price adjusted to $8,130,300 due to the reason allowed under section 35(2)(b) of the Ordinance.",‧價單第3號 (A1)付款辦法 Payment Plan (A1) of Price List No.3 見備註/See Remarks 7 (c)(i) ‧見備註/See Remarks 7 (c)(iii) ‧見備註/See Remarks 7 (c)(iv) ‧見備註/See Remarks 7 (c)(v) ‧見備註/See Remarks 7 (e)(i) ‧見備註/See Remarks 7 (d)(ii) ‧見備註/See Remarks 7 (e)(iii) ‧見備註/See Remarks 7 (f)(ii) ‧見備註/See Remarks 7 (e)(iv) ‧價單第3號 (B1)付款辦法 Payment Plan (B1) of Price List No.3 見備註/See Remarks 7 (c)(ii) ‧見備註/See Remarks 7 (c)(iii) ‧見備註/See Remarks 7 (c)(iv) ‧見備註/See Remarks 7 (c)(v) ‧見備註/See Remarks 7 (e)(ii) ‧見備註/See Remarks 7 (e)(i) ‧見備註/See Remarks 7 (d)(ii) ‧見備註/See Remarks 7 (e)(iii) ‧見備註/See Remarks 7 (f)(ii) ‧見備註/See Remarks 7 (e)(iv) ‧(在18-04-2018修訂) (revised on 18-04-2018),
2017-12-02,2017-12-13,,第3座 (3B) Tower 3 (3B),19,B,,8098300,,‧價單第3號 (B1)付款辦法 Payment Plan (B1) of Price List No.3 見備註/See Remarks 7 (c)(ii) ‧見備註/See Remarks 7 (c)(iii) ‧見備註/See Remarks 7 (c)(iv) ‧見備註/See Remarks 7 (c)(v) ‧見備註/See Remarks 7 (e)(ii) ‧見備註/See Remarks 7 (e)(i) ‧見備註/See Remarks 7 (d)(ii) ‧見備註/See Remarks 7 (e)(iii) ‧見備註/See Remarks 7 (f)(ii) ‧見備註/See Remarks 7 (e)(iv),
2017-12-02,2017-12-13,,第3座 (3B) Tower 3 (3B),18,B,,7900800,,‧價單第3號 (A1)付款辦法 Payment Plan (A1) of Price List No.3 見備註/See Remarks 7 (c)(i) ‧見備註/See Remarks 7 (c)(iii) ‧見備註/See Remarks 7 (c)(iv) ‧見備註/See Remarks 7 (c)(v) ‧見備註/See Remarks 7 (e)(i) ‧見備註/See Remarks 7 (d)(ii) ‧見備註/See Remarks 7 (e)(iii) ‧見備註/See Remarks 7 (f)(ii) ‧見備註/See Remarks 7 (e)(iv),
2017-12-02,2017-12-13,,第3座 (3B) Tower 3 (3B),56,C,,9910400,,‧價單第3號 (A1)付款辦法 Payment Plan (A1) of Price List No.3 見備註/See Remarks 7 (c)(i) ‧見備註/See Remarks 7 (c)(iii) ‧見備註/See Remarks 7 (c)(iv) ‧見備註/See Remarks 7 (c)(v) ‧見備註/See Remarks 7 (e)(i) ‧見備註/See Remarks 7 (d)(ii) ‧見備註/See Remarks 7 (e)(iii) ‧見備註/See Remarks 7 (f)(ii) ‧見備註/See Remarks 7 (e)(iv),
2017-12-02,2017-12-13,,第3座 (3B) Tower 3 (3B),55,C,,9764000,,‧價單第3號 (A1)付款辦法 Payment Plan (A1) of Price List No.3 見備註/See Remarks 7 (c)(i) ‧見備註/See Remarks 7 (c)(iii) ‧見備註/See Remarks 7 (c)(iv) ‧見備註/See Remarks 7 (c)(v) ‧見備註/See Remarks 7 (e)(i) ‧見備註/See Remarks 7 (d)(ii) ‧見備註/See Remarks 7 (e)(iii) ‧見備註/See Remarks 7 (f)(ii) ‧見備註/See Remarks 7 (e)(iv),
2017-12-02,2017-12-13,,第3座 (3B) Tower 3 (3B),53,C,,9628800,,‧價單第3號 (A1)付款辦法 Payment Plan (A1) of Price List No.3 見備註/See Remarks 7 (c)(i) ‧見備註/See Remarks 7 (c)(iii) ‧見備註/See Remarks 7 (c)(iv) ‧見備註/See Remarks 7 (c)(v) ‧見備註/See Remarks 7 (e)(i) ‧見備註/See Remarks 7 (d)(ii) ‧見備註/See Remarks 7 (e)(iii) ‧見備註/See Remarks 7 (f)(ii) ‧見備註/See Remarks 7 (e)(iv),
2017-12-02,2017-12-13,,第3座 (3B) Tower 3 (3B),52,C,,9504800,,‧價單第3號 (A1)付款辦法 Payment Plan (A1) of Price List No.3 見備註/See Remarks 7 (c)(i) ‧見備註/See Remarks 7 (c)(iii) ‧見備註/See Remarks 7 (c)(iv) ‧見備註/See Remarks 7 (c)(v) ‧見備註/See Remarks 7 (e)(i) ‧見備註/See Remarks 7 (d)(ii) ‧見備註/See Remarks 7 (e)(iii) ‧見備註/See Remarks 7 (f)(ii) ‧見備註/See Remarks 7 (e)(iv),
2017-12-02,2017-12-13,,第3座 (3B) Tower 3 (3B),51,C,,10919100,,‧價單第3號 (B1)付款辦法 Payment Plan (B1) of Price List No.3 見備註/See Remarks 7 (c)(ii) ‧見備註/See Remarks 7 (d)(i) ‧見備註/See Remarks 7 (c)(iv) ‧見備註/See Remarks 7 (c)(v) ‧見備註/See Remarks 7 (e)(ii) ‧見備註/See Remarks 7 (e)(i) ‧見備註/See Remarks 7 (d)(ii) ‧見備註/See Remarks 7 (e)(iii) ‧見備註/See Remarks 7 (f)(ii) ‧見備註/See Remarks 7 (e)(iv),
2017-12-02,2017-12-13,,第3座 (3B) Tower 3 (3B),50,C,,9290400,,‧價單第3號 (A1)付款辦法 Payment Plan (A1) of Price List No.3 見備註/See Remarks 7 (c)(i) ‧見備註/See Remarks 7 (c)(iii) ‧見備註/See Remarks 7 (c)(iv) ‧見備註/See Remarks 7 (c)(v) ‧見備註/See Remarks 7 (e)(i) ‧見備註/See Remarks 7 (d)(ii) ‧見備註/See Remarks 7 (e)(iii) ‧見備註/See Remarks 7 (f)(ii) ‧見備註/See Remarks 7 (e)(iv),
2017-12-02,2017-12-13,,第3座 (3B) Tower 3 (3B),49,C,,10693100,,‧價單第3號 (B1)付款辦法 Payment Plan (B1) of Price List No.3 見備註/See Remarks 7 (c)(ii) ‧見備註/See Remarks 7 (d)(i) ‧見備註/See Remarks 7 (c)(iv) ‧見備註/See Remarks 7 (c)(v) ‧見備註/See Remarks 7 (e)(ii) ‧見備註/See Remarks 7 (e)(i) ‧見備註/See Remarks 7 (d)(iv) ‧見備註/See Remarks 7 (e)(iii) ‧見備註/See Remarks 7 (f)(ii) ‧見備註/See Remarks 7 (e)(iv),
2017-12-02,2017-12-13,,第3座 (3B) Tower 3 (3B),48,C,,9428300,,‧價單第3號 (B1)付款辦法 Payment Plan (B1) of Price List No.3 見備註/See Remarks 7 (c)(ii) ‧見備註/See Remarks 7 (c)(iii) ‧見備註/See Remarks 7 (c)(iv) ‧見備註/See Remarks 7 (c)(v) ‧見備註/See Remarks 7 (e)(ii) ‧見備註/See Remarks 7 (e)(i) ‧見備註/See Remarks 7 (d)(ii) ‧見備註/See Remarks 7 (e)(iii) ‧見備註/See Remarks 7 (f)(ii) ‧見備註/See Remarks 7 (e)(iv),
2017-12-02,2017-12-13,,第3座 (3B) Tower 3 (3B),47,C,,9054400,,‧價單第3號 (A1)付款辦法 Payment Plan (A1) of Price List No.3 見備註/See Remarks 7 (c)(i) ‧見備註/See Remarks 7 (c)(iii) ‧見備註/See Remarks 7 (c)(iv) ‧見備註/See Remarks 7 (c)(v) ‧見備註/See Remarks 7 (e)(i) ‧見備註/See Remarks 7 (d)(ii) ‧見備註/See Remarks 7 (e)(iii) ‧見備註/See Remarks 7 (f)(ii) ‧見備註/See Remarks 7 (e)(iv),
2017-12-02,2017-12-13,,第3座 (3B) Tower 3 (3B),46,C,,10442000,,‧價單第3號 (B1)付款辦法 Payment Plan (B1) of Price List No.3 見備註/See Remarks 7 (c)(ii) ‧見備註/See Remarks 7 (d)(i) ‧見備註/See Remarks 7 (c)(iv) ‧見備註/See Remarks 7 (c)(v) ‧見備註/See Remarks 7 (e)(ii) ‧見備註/See Remarks 7 (e)(i) ‧見備註/See Remarks 7 (d)(ii) ‧見備註/See Remarks 7 (e)(iii) ‧見備註/See Remarks 7 (f)(ii) ‧見備註/See Remarks 7 (e)(iv),
2017-12-02,2017-12-13,,第3座 (3B) Tower 3 (3B),45,C,,8910400,,‧價單第3號 (A1)付款辦法 Payment Plan (A1) of Price List No.3 見備註/See Remarks 7 (c)(i) ‧見備註/See Remarks 7 (c)(iii) ‧見備註/See Remarks 7 (c)(iv) ‧見備註/See Remarks 7 (c)(v) ‧見備註/See Remarks 7 (e)(i) ‧見備註/See Remarks 7 (d)(ii) ‧見備註/See Remarks 7 (e)(iii) ‧見備註/See Remarks 7 (f)(ii) ‧見備註/See Remarks 7 (e)(iv),
2017-12-02,2017-12-13,,第3座 (3B) Tower 3 (3B),43,C,,8840000,,‧價單第3號 (A1)付款辦法 Payment Plan (A1) of Price List No.3 見備註/See Remarks 7 (c)(i) ‧見備註/See Remarks 7 (c)(iii) ‧見備註/See Remarks 7 (c)(iv) ‧見備註/See Remarks 7 (c)(v) ‧見備註/See Remarks 7 (e)(i) ‧見備註/See Remarks 7 (d)(ii) ‧見備註/See Remarks 7 (e)(iii) ‧見備註/See Remarks 7 (f)(ii) ‧見備註/See Remarks 7 (e)(iv),
2017-12-02,2017-12-13,,第3座 (3B) Tower 3 (3B),42,C,,8988000,,‧價單第3號 (B1)付款辦法 Payment Plan (B1) of Price List No.3 見備註/See Remarks 7 (c)(ii) ‧見備註/See Remarks 7 (c)(iii) ‧見備註/See Remarks 7 (c)(iv) ‧見備註/See Remarks 7 (c)(v) ‧見備註/See Remarks 7 (e)(ii) ‧見備註/See Remarks 7 (e)(i) ‧見備註/See Remarks 7 (d)(ii) ‧見備註/See Remarks 7 (e)(iii) ‧見備註/See Remarks 7 (f)(ii) ‧見備註/See Remarks 7 (e)(iv),
2017-12-02,2017-12-13,,第3座 (3B) Tower 3 (3B),41,C,,10113700,,‧價單第3號 (B1)付款辦法 Payment Plan (B1) of Price List No.3 見備註/See Remarks 7 (c)(ii) ‧見備註/See Remarks 7 (d)(i) ‧見備註/See Remarks 7 (c)(iv) ‧見備註/See Remarks 7 (c)(v) ‧見備註/See Remarks 7 (e)(ii) ‧見備註/See Remarks 7 (e)(i) ‧見備註/See Remarks 7 (d)(ii) ‧見備註/See Remarks 7 (e)(iii) ‧見備註/See Remarks 7 (f)(ii) ‧見備註/See Remarks 7 (e)(iv),
2017-12-02,2017-12-13,,第3座 (3B) Tower 3 (3B),40,C,,8631200,,‧價單第3號 (A1)付款辦法 Payment Plan (A1) of Price List No.3 見備註/See Remarks 7 (c)(i) ‧見備註/See Remarks 7 (c)(iii) ‧見備註/See Remarks 7 (c)(iv) ‧見備註/See Remarks 7 (c)(v) ‧見備註/See Remarks 7 (e)(i) ‧見備註/See Remarks 7 (d)(ii) ‧見備註/See Remarks 7 (e)(iii) ‧見備註/See Remarks 7 (f)(ii) ‧見備註/See Remarks 7 (e)(iv),
2017-12-02,2017-12-13,,第3座 (3B) Tower 3 (3B),39,C,,10381900,,‧價單第3號 (A1)付款辦法 Payment Plan (A1) of Price List No.3 見備註/See Remarks 7 (c)(i) ‧見備註/See Remarks 7 (d)(i) ‧見備註/See Remarks 7 (d)(iii) ‧見備註/See Remarks 7 (c)(v) ‧見備註/See Remarks 7 (e)(i) ‧見備註/See Remarks 7 (e)(iii) ‧見備註/See Remarks 7 (f)(ii) ‧見備註/See Remarks 7 (e)(iv),
2017-12-02,2017-12-13,,第3座 (3B) Tower 3 (3B),38,C,,8562400,,‧價單第3號 (A1)付款辦法 Payment Plan (A1) of Price List No.3 見備註/See Remarks 7 (c)(i) ‧見備註/See Remarks 7 (c)(iii) ‧見備註/See Remarks 7 (c)(iv) ‧見備註/See Remarks 7 (c)(v) ‧見備註/See Remarks 7 (e)(i) ‧見備註/See Remarks 7 (d)(ii) ‧見備註/See Remarks 7 (e)(iii) ‧見備註/See Remarks 7 (f)(ii) ‧見備註/See Remarks 7 (e)(iv),
2017-12-02,2017-12-13,,第3座 (3B) Tower 3 (3B),37,C,,8655100,,‧價單第3號 (B1)付款辦法 Payment Plan (B1) of Price List No.3 見備註/See Remarks 7 (c)(ii) ‧見備註/See Remarks 7 (c)(iii) ‧見備註/See Remarks 7 (c)(iv) ‧見備註/See Remarks 7 (c)(v) ‧見備註/See Remarks 7 (e)(ii) ‧見備註/See Remarks 7 (e)(i) ‧見備註/See Remarks 7 (d)(ii) ‧見備註/See Remarks 7 (e)(iii) ‧見備註/See Remarks 7 (f)(ii) ‧見備註/See Remarks 7 (e)(iv),
2017-12-02,2017-12-13,,第3座 (3B) Tower 3 (3B),36,C,,8594400,,‧價單第3號 (B1)付款辦法 Payment Plan (B1) of Price List No.3 見備註/See Remarks 7 (c)(ii) ‧見備註/See Remarks 7 (c)(iii) ‧見備註/See Remarks 7 (c)(iv) ‧見備註/See Remarks 7 (c)(v) ‧見備註/See Remarks 7 (e)(ii) ‧見備註/See Remarks 7 (e)(i) ‧見備註/See Remarks 7 (d)(ii) ‧見備註/See Remarks 7 (e)(iii) ‧見備註/See Remarks 7 (f)(ii) ‧見備註/See Remarks 7 (e)(iv),
2017-12-02,2017-12-13,,第3座 (3B) Tower 3 (3B),35,C,,8535300,,‧價單第3號 (B1)付款辦法 Payment Plan (B1) of Price List No.3 見備註/See Remarks 7 (c)(ii) ‧見備註/See Remarks 7 (c)(iii) ‧見備註/See Remarks 7 (c)(iv) ‧見備註/See Remarks 7 (c)(v) ‧見備註/See Remarks 7 (e)(ii) ‧見備註/See Remarks 7 (e)(i) ‧見備註/See Remarks 7 (d)(ii) ‧見備註/See Remarks 7 (e)(iii) ‧見備註/See Remarks 7 (f)(ii) ‧見備註/See Remarks 7 (e)(iv),
2017-12-02,2017-12-13,,第3座 (3B) Tower 3 (3B),33,C,,8475500,,‧價單第3號 (B1)付款辦法 Payment Plan (B1) of Price List No.3 見備註/See Remarks 7 (c)(ii) ‧見備註/See Remarks 7 (c)(iii) ‧見備註/See Remarks 7 (c)(iv) ‧見備註/See Remarks 7 (c)(v) ‧見備註/See Remarks 7 (e)(ii) ‧見備註/See Remarks 7 (e)(i) ‧見備註/See Remarks 7 (d)(ii) ‧見備註/See Remarks 7 (e)(iii) ‧見備註/See Remarks 7 (f)(ii) ‧見備註/See Remarks 7 (e)(iv),
2017-12-02,2017-12-13,,第3座 (3B) Tower 3 (3B),32,C,,8212000,,‧價單第3號 (A1)付款辦法 Payment Plan (A1) of Price List No.3 見備註/See Remarks 7 (c)(i) ‧見備註/See Remarks 7 (c)(iii) ‧見備註/See Remarks 7 (c)(iv) ‧見備註/See Remarks 7 (c)(v) ‧見備註/See Remarks 7 (e)(i) ‧見備註/See Remarks 7 (d)(ii) ‧見備註/See Remarks 7 (e)(iii) ‧見備註/See Remarks 7 (f)(ii) ‧見備註/See Remarks 7 (e)(iv),
2017-12-02,2017-12-13,,第3座 (3B) Tower 3 (3B),31,C,,8358200,,‧價單第3號 (B1)付款辦法 Payment Plan (B1) of Price List No.3 見備註/See Remarks 7 (c)(ii) ‧見備註/See Remarks 7 (c)(iii) ‧見備註/See Remarks 7 (c)(iv) ‧見備註/See Remarks 7 (c)(v) ‧見備註/See Remarks 7 (e)(ii) ‧見備註/See Remarks 7 (e)(i) ‧見備註/See Remarks 7 (d)(ii) ‧見備註/See Remarks 7 (e)(iii) ‧見備註/See Remarks 7 (f)(ii) ‧見備註/See Remarks 7 (e)(iv),
2017-12-02,2017-12-13,,第3座 (3B) Tower 3 (3B),30,C,,8340200,,‧價單第3號 (B1)付款辦法 Payment Plan (B1) of Price List No.3 見備註/See Remarks 7 (c)(ii) ‧見備註/See Remarks 7 (c)(iii) ‧見備註/See Remarks 7 (c)(iv) ‧見備註/See Remarks 7 (c)(v) ‧見備註/See Remarks 7 (e)(ii) ‧見備註/See Remarks 7 (e)(i) ‧見備註/See Remarks 7 (d)(ii) ‧見備註/See Remarks 7 (e)(iii) ‧見備註/See Remarks 7 (f)(ii) ‧見備註/See Remarks 7 (e)(iv),
2017-12-02,2017-12-13,,第3座 (3B) Tower 3 (3B),56,G,,7128800,,‧價單第3號 (A1)付款辦法 Payment Plan (A1) of Price List No.3 見備註/See Remarks 7 (c)(i) ‧見備註/See Remarks 7 (c)(iii) ‧見備註/See Remarks 7 (c)(iv) ‧見備註/See Remarks 7 (c)(v) ‧見備註/See Remarks 7 (e)(i) ‧見備註/See Remarks 7 (d)(ii) ‧見備註/See Remarks 7 (e)(iii) ‧見備註/See Remarks 7 (f)(ii) ‧見備註/See Remarks 7 (e)(iv),
2017-12-02,2017-12-13,,第3座 (3B) Tower 3 (3B),53,G,,7134800,,‧價單第3號 (B1)付款辦法 Payment Plan (B1) of Price List No.3 見備註/See Remarks 7 (c)(ii) ‧見備註/See Remarks 7 (c)(iii) ‧見備註/See Remarks 7 (c)(iv) ‧見備註/See Remarks 7 (c)(v) ‧見備註/See Remarks 7 (e)(ii) ‧見備註/See Remarks 7 (e)(i) ‧見備註/See Remarks 7 (d)(ii) ‧見備註/See Remarks 7 (e)(iii) ‧見備註/See Remarks 7 (f)(ii) ‧見備註/See Remarks 7 (e)(iv),
2017-12-02,2017-12-13,2021-02-25,第3座 (3B) Tower 3 (3B),51,G,,6980600,,‧價單第3號 (B1)付款辦法 Payment Plan (B1) of Price List No.3 見備註/See Remarks 7 (c)(ii) ‧見備註/See Remarks 7 (c)(iii) ‧見備註/See Remarks 7 (c)(iv) ‧見備註/See Remarks 7 (c)(v) ‧見備註/See Remarks 7 (e)(ii) ‧見備註/See Remarks 7 (e)(i) ‧見備註/See Remarks 7 (d)(ii) ‧見備註/See Remarks 7 (e)(iii) ‧見備註/See Remarks 7 (f)(ii) ‧見備註/See Remarks 7 (e)(iv),
2017-12-02,2017-12-13,,第3座 (3B) Tower 3 (3B),49,G,,6676000,,‧價單第3號 (A1)付款辦法 Payment Plan (A1) of Price List No.3 見備註/See Remarks 7 (c)(i) ‧見備註/See Remarks 7 (c)(iii) ‧見備註/See Remarks 7 (c)(iv) ‧見備註/See Remarks 7 (c)(v) ‧見備註/See Remarks 7 (e)(i) ‧見備註/See Remarks 7 (d)(ii) ‧見備註/See Remarks 7 (e)(iii) ‧見備註/See Remarks 7 (f)(ii) ‧見備註/See Remarks 7 (e)(iv),
2017-12-02,2017-12-13,,第3座 (3B) Tower 3 (3B),47,G,,6584000,,‧價單第3號 (A1)付款辦法 Payment Plan (A1) of Price List No.3 見備註/See Remarks 7 (c)(i) ‧見備註/See Remarks 7 (c)(iii) ‧見備註/See Remarks 7 (c)(iv) ‧見備註/See Remarks 7 (c)(v) ‧見備註/See Remarks 7 (e)(i) ‧見備註/See Remarks 7 (d)(ii) ‧見備註/See Remarks 7 (e)(iii) ‧見備註/See Remarks 7 (f)(ii) ‧見備註/See Remarks 7 (e)(iv),
2017-12-02,2017-12-13,,第3座 (3B) Tower 3 (3B),45,G,,7546900,,‧價單第3號 (B1)付款辦法 Payment Plan (B1) of Price List No.3 見備註/See Remarks 7 (c)(ii) ‧見備註/See Remarks 7 (d)(i) ‧見備註/See Remarks 7 (c)(iv) ‧見備註/See Remarks 7 (c)(v) ‧見備註/See Remarks 7 (e)(ii) ‧見備註/See Remarks 7 (e)(i) ‧見備註/See Remarks 7 (d)(ii) ‧見備註/See Remarks 7 (e)(iii) ‧見備註/See Remarks 7 (f)(ii) ‧見備註/See Remarks 7 (e)(iv),
2017-12-02,2017-12-13,,第3座 (3B) Tower 3 (3B),42,G,,6562400,,‧價單第3號 (B1)付款辦法 Payment Plan (B1) of Price List No.3 見備註/See Remarks 7 (c)(ii) ‧見備註/See Remarks 7 (c)(iii) ‧見備註/See Remarks 7 (c)(iv) ‧見備註/See Remarks 7 (c)(v) ‧見備註/See Remarks 7 (e)(ii) ‧見備註/See Remarks 7 (e)(i) ‧見備註/See Remarks 7 (d)(ii) ‧見備註/See Remarks 7 (e)(iii) ‧見備註/See Remarks 7 (f)(ii) ‧見備註/See Remarks 7 (e)(iv),
2017-12-02,2017-12-13,,第3座 (3B) Tower 3 (3B),40,G,,6472200,,‧價單第3號 (B1)付款辦法 Payment Plan (B1) of Price List No.3 見備註/See Remarks 7 (c)(ii) ‧見備註/See Remarks 7 (c)(iii) ‧見備註/See Remarks 7 (c)(iv) ‧見備註/See Remarks 7 (c)(v) ‧見備註/See Remarks 7 (e)(ii) ‧見備註/See Remarks 7 (e)(i) ‧見備註/See Remarks 7 (d)(ii) ‧見備註/See Remarks 7 (e)(iii) ‧見備註/See Remarks 7 (f)(ii) ‧見備註/See Remarks 7 (e)(iv),
2017-12-02,2017-12-13,,第3座 (3B) Tower 3 (3B),38,G,,6270400,,‧價單第3號 (A1)付款辦法 Payment Plan (A1) of Price List No.3 見備註/See Remarks 7 (c)(i) ‧見備註/See Remarks 7 (c)(iii) ‧見備註/See Remarks 7 (c)(iv) ‧見備註/See Remarks 7 (c)(v) ‧見備註/See Remarks 7 (e)(i) ‧見備註/See Remarks 7 (d)(ii) ‧見備註/See Remarks 7 (e)(iii) ‧見備註/See Remarks 7 (f)(ii) ‧見備註/See Remarks 7 (e)(iv),
2017-12-02,2017-12-13,,第3座 (3B) Tower 3 (3B),36,G,,6176800,,‧價單第3號 (A1)付款辦法 Payment Plan (A1) of Price List No.3 見備註/See Remarks 7 (c)(i) ‧見備註/See Remarks 7 (c)(iii) ‧見備註/See Remarks 7 (c)(iv) ‧見備註/See Remarks 7 (c)(v) ‧見備註/See Remarks 7 (e)(i) ‧見備註/See Remarks 7 (d)(ii) ‧見備註/See Remarks 7 (e)(iii) ‧見備註/See Remarks 7 (f)(ii) ‧見備註/See Remarks 7 (e)(iv),
2017-12-02,2017-12-13,,第3座 (3B) Tower 3 (3B),33,G,,6116000,,‧價單第3號 (A1)付款辦法 Payment Plan (A1) of Price List No.3 見備註/See Remarks 7 (c)(i) ‧見備註/See Remarks 7 (c)(iii) ‧見備註/See Remarks 7 (c)(iv) ‧見備註/See Remarks 7 (c)(v) ‧見備註/See Remarks 7 (e)(i) ‧見備註/See Remarks 7 (d)(ii) ‧見備註/See Remarks 7 (e)(iii) ‧見備註/See Remarks 7 (f)(ii) ‧見備註/See Remarks 7 (e)(iv),
2017-12-02,2017-12-13,,第3座 (3B) Tower 3 (3B),31,G,,6055200,,‧價單第3號 (A1)付款辦法 Payment Plan (A1) of Price List No.3 見備註/See Remarks 7 (c)(i) ‧見備註/See Remarks 7 (c)(iii) ‧見備註/See Remarks 7 (c)(iv) ‧見備註/See Remarks 7 (c)(v) ‧見備註/See Remarks 7 (e)(i) ‧見備註/See Remarks 7 (d)(ii) ‧見備註/See Remarks 7 (e)(iii) ‧見備註/See Remarks 7 (f)(ii) ‧見備註/See Remarks 7 (e)(iv),
2017-12-02,2017-12-13,,第3座 (3B) Tower 3 (3B),56,J,,8679200,,‧價單第3號 (A1)付款辦法 Payment Plan (A1) of Price List No.3 見備註/See Remarks 7 (c)(i) ‧見備註/See Remarks 7 (c)(iii) ‧見備註/See Remarks 7 (c)(iv) ‧見備註/See Remarks 7 (c)(v) ‧見備註/See Remarks 7 (e)(i) ‧見備註/See Remarks 7 (d)(ii) ‧見備註/See Remarks 7 (e)(iii) ‧見備註/See Remarks 7 (f)(ii) ‧見備註/See Remarks 7 (e)(iv),
2017-12-02,2017-12-13,,第3座 (3B) Tower 3 (3B),55,J,,8576800,,‧價單第3號 (A1)付款辦法 Payment Plan (A1) of Price List No.3 見備註/See Remarks 7 (c)(i) ‧見備註/See Remarks 7 (c)(iii) ‧見備註/See Remarks 7 (c)(iv) ‧見備註/See Remarks 7 (c)(v) ‧見備註/See Remarks 7 (e)(i) ‧見備註/See Remarks 7 (d)(ii) ‧見備註/See Remarks 7 (e)(iii) ‧見備註/See Remarks 7 (f)(ii) ‧見備註/See Remarks 7 (e)(iv),
2017-12-02,2017-12-13,,第3座 (3B) Tower 3 (3B),53,J,,8475200,,‧價單第3號 (A1)付款辦法 Payment Plan (A1) of Price List No.3 見備註/See Remarks 7 (c)(i) ‧見備註/See Remarks 7 (c)(iii) ‧見備註/See Remarks 7 (c)(iv) ‧見備註/See Remarks 7 (c)(v) ‧見備註/See Remarks 7 (e)(i) ‧見備註/See Remarks 7 (d)(ii) ‧見備註/See Remarks 7 (e)(iii) ‧見備註/See Remarks 7 (f)(ii) ‧見備註/See Remarks 7 (e)(iv),
2017-12-02,2017-12-13,,第3座 (3B) Tower 3 (3B),52,J,,8383200,,‧價單第3號 (A1)付款辦法 Payment Plan (A1) of Price List No.3 見備註/See Remarks 7 (c)(i) ‧見備註/See Remarks 7 (c)(iii) ‧見備註/See Remarks 7 (c)(iv) ‧見備註/See Remarks 7 (c)(v) ‧見備註/See Remarks 7 (e)(i) ‧見備註/See Remarks 7 (d)(ii) ‧見備註/See Remarks 7 (e)(iii) ‧見備註/See Remarks 7 (f)(ii) ‧見備註/See Remarks 7 (e)(iv),
2017-12-02,2017-12-13,,第3座 (3B) Tower 3 (3B),51,J,,8498400,,‧價單第3號 (B1)付款辦法 Payment Plan (B1) of Price List No.3 見備註/See Remarks 7 (c)(ii) ‧見備註/See Remarks 7 (c)(iii) ‧見備註/See Remarks 7 (c)(iv) ‧見備註/See Remarks 7 (c)(v) ‧見備註/See Remarks 7 (e)(ii) ‧見備註/See Remarks 7 (e)(i) ‧見備註/See Remarks 7 (d)(ii) ‧見備註/See Remarks 7 (e)(iii) ‧見備註/See Remarks 7 (f)(ii) ‧見備註/See Remarks 7 (e)(iv),
2017-12-02,2017-12-13,,第3座 (3B) Tower 3 (3B),50,J,,8208800,,‧價單第3號 (A1)付款辦法 Payment Plan (A1) of Price List No.3 見備註/See Remarks 7 (c)(i) ‧見備註/See Remarks 7 (c)(iii) ‧見備註/See Remarks 7 (c)(iv) ‧見備註/See Remarks 7 (c)(v) ‧見備註/See Remarks 7 (e)(i) ‧見備註/See Remarks 7 (d)(ii) ‧見備註/See Remarks 7 (e)(iii) ‧見備註/See Remarks 7 (f)(ii) ‧見備註/See Remarks 7 (e)(iv),
2017-12-02,2017-12-13,,第3座 (3B) Tower 3 (3B),49,J,,8331200,,‧價單第3號 (B1)付款辦法 Payment Plan (B1) of Price List No.3 見備註/See Remarks 7 (c)(ii) ‧見備註/See Remarks 7 (c)(iii) ‧見備註/See Remarks 7 (c)(iv) ‧見備註/See Remarks 7 (c)(v) ‧見備註/See Remarks 7 (e)(ii) ‧見備註/See Remarks 7 (e)(i) ‧見備註/See Remarks 7 (d)(ii) ‧見備註/See Remarks 7 (e)(iii) ‧見備註/See Remarks 7 (f)(ii) ‧見備註/See Remarks 7 (e)(iv),
2017-12-02,2017-12-13,,第3座 (3B) Tower 3 (3B),48,J,,8128000,,‧價單第3號 (A1)付款辦法 Payment Plan (A1) of Price List No.3 見備註/See Remarks 7 (c)(i) ‧見備註/See Remarks 7 (c)(iii) ‧見備註/See Remarks 7 (c)(iv) ‧見備註/See Remarks 7 (c)(v) ‧見備註/See Remarks 7 (e)(i) ‧見備註/See Remarks 7 (d)(ii) ‧見備註/See Remarks 7 (e)(iii) ‧見備註/See Remarks 7 (f)(ii) ‧見備註/See Remarks 7 (e)(iv),
2017-12-02,2017-12-13,,第3座 (3B) Tower 3 (3B),47,J,,8216400,,‧價單第3號 (B1)付款辦法 Payment Plan (B1) of Price List No.3 見備註/See Remarks 7 (c)(ii) ‧見備註/See Remarks 7 (c)(iii) ‧見備註/See Remarks 7 (c)(iv) ‧見備註/See Remarks 7 (c)(v) ‧見備註/See Remarks 7 (e)(ii) ‧見備註/See Remarks 7 (e)(i) ‧見備註/See Remarks 7 (d)(ii) ‧見備註/See Remarks 7 (e)(iii) ‧見備註/See Remarks 7 (f)(ii) ‧見備註/See Remarks 7 (e)(iv),
2017-12-02,2017-12-13,,第3座 (3B) Tower 3 (3B),46,J,,7960000,,‧價單第3號 (A1)付款辦法 Payment Plan (A1) of Price List No.3 見備註/See Remarks 7 (c)(i) ‧見備註/See Remarks 7 (c)(iii) ‧見備註/See Remarks 7 (c)(iv) ‧見備註/See Remarks 7 (c)(v) ‧見備註/See Remarks 7 (e)(i) ‧見備註/See Remarks 7 (d)(ii) ‧見備註/See Remarks 7 (e)(iii) ‧見備註/See Remarks 7 (f)(ii) ‧見備註/See Remarks 7 (e)(iv),
2017-12-02,2017-12-13,,第3座 (3B) Tower 3 (3B),45,J,,8102400,,‧價單第3號 (B1)付款辦法 Payment Plan (B1) of Price List No.3 見備註/See Remarks 7 (c)(ii) ‧見備註/See Remarks 7 (c)(iii) ‧見備註/See Remarks 7 (c)(iv) ‧見備註/See Remarks 7 (c)(v) ‧見備註/See Remarks 7 (e)(ii) ‧見備註/See Remarks 7 (e)(i) ‧見備註/See Remarks 7 (d)(ii) ‧見備註/See Remarks 7 (e)(iii) ‧見備註/See Remarks 7 (f)(ii) ‧見備註/See Remarks 7 (e)(iv),
2017-12-02,2017-12-13,,第3座 (3B) Tower 3 (3B),43,J,,7850400,,‧價單第3號 (A1)付款辦法 Payment Plan (A1) of Price List No.3 見備註/See Remarks 7 (c)(i) ‧見備註/See Remarks 7 (c)(iii) ‧見備註/See Remarks 7 (c)(iv) ‧見備註/See Remarks 7 (c)(v) ‧見備註/See Remarks 7 (e)(i) ‧見備註/See Remarks 7 (d)(ii) ‧見備註/See Remarks 7 (e)(iii) ‧見備註/See Remarks 7 (f)(ii) ‧見備註/See Remarks 7 (e)(iv),
2017-12-02,2017-12-13,,第3座 (3B) Tower 3 (3B),56,K,,9756000,,‧價單第3號 (A1)付款辦法 Payment Plan (A1) of Price List No.3 見備註/See Remarks 7 (c)(i) ‧見備註/See Remarks 7 (c)(iii) ‧見備註/See Remarks 7 (c)(iv) ‧見備註/See Remarks 7 (c)(v) ‧見備註/See Remarks 7 (e)(i) ‧見備註/See Remarks 7 (d)(ii) ‧見備註/See Remarks 7 (e)(iii) ‧見備註/See Remarks 7 (f)(ii) ‧見備註/See Remarks 7 (e)(iv),
2017-12-02,2017-12-13,,第3座 (3B) Tower 3 (3B),53,K,,9764500,,‧價單第3號 (B1)付款辦法 Payment Plan (B1) of Price List No.3 見備註/See Remarks 7 (c)(ii) ‧見備註/See Remarks 7 (c)(iii) ‧見備註/See Remarks 7 (c)(iv) ‧見備註/See Remarks 7 (c)(v) ‧見備註/See Remarks 7 (e)(ii) ‧見備註/See Remarks 7 (e)(i) ‧見備註/See Remarks 7 (d)(ii) ‧見備註/See Remarks 7 (e)(iii) ‧見備註/See Remarks 7 (f)(ii) ‧見備註/See Remarks 7 (e)(iv),
2017-12-02,2017-12-13,,第3座 (3B) Tower 3 (3B),51,K,,9553000,,‧價單第3號 (B1)付款辦法 Payment Plan (B1) of Price List No.3 見備註/See Remarks 7 (c)(ii) ‧見備註/See Remarks 7 (c)(iii) ‧見備註/See Remarks 7 (c)(iv) ‧見備註/See Remarks 7 (c)(v) ‧見備註/See Remarks 7 (e)(ii) ‧見備註/See Remarks 7 (e)(i) ‧見備註/See Remarks 7 (d)(ii) ‧見備註/See Remarks 7 (e)(iii) ‧見備註/See Remarks 7 (f)(ii) ‧見備註/See Remarks 7 (e)(iv),
2017-12-02,2017-12-13,,第3座 (3B) Tower 3 (3B),49,K,,9364400,,‧價單第3號 (B1)付款辦法 Payment Plan (B1) of Price List No.3 見備註/See Remarks 7 (c)(ii) ‧見備註/See Remarks 7 (c)(iii) ‧見備註/See Remarks 7 (c)(iv) ‧見備註/See Remarks 7 (c)(v) ‧見備註/See Remarks 7 (e)(ii) ‧見備註/See Remarks 7 (e)(i) ‧見備註/See Remarks 7 (d)(ii) ‧見備註/See Remarks 7 (e)(iii) ‧見備註/See Remarks 7 (f)(ii) ‧見備註/See Remarks 7 (e)(iv),
2017-12-02,2017-12-13,,第3座 (3B) Tower 3 (3B),47,K,,9235600,,‧價單第3號 (B1)付款辦法 Payment Plan (B1) of Price List No.3 見備註/See Remarks 7 (c)(ii) ‧見備註/See Remarks 7 (c)(iii) ‧見備註/See Remarks 7 (c)(iv) ‧見備註/See Remarks 7 (c)(v) ‧見備註/See Remarks 7 (e)(ii) ‧見備註/See Remarks 7 (e)(i) ‧見備註/See Remarks 7 (d)(ii) ‧見備註/See Remarks 7 (e)(iii) ‧見備註/See Remarks 7 (f)(ii) ‧見備註/See Remarks 7 (e)(iv),
2017-12-02,2017-12-13,,第3座 (3B) Tower 3 (3B),45,K,,8884800,,‧價單第3號 (A1)付款辦法 Payment Plan (A1) of Price List No.3 見備註/See Remarks 7 (c)(i) ‧見備註/See Remarks 7 (c)(iii) ‧見備註/See Remarks 7 (c)(iv) ‧見備註/See Remarks 7 (c)(v) ‧見備註/See Remarks 7 (e)(i) ‧見備註/See Remarks 7 (d)(ii) ‧見備註/See Remarks 7 (e)(iii) ‧見備註/See Remarks 7 (f)(ii) ‧見備註/See Remarks 7 (e)(iv),
2017-12-02,2017-12-13,,第3座 (3B) Tower 3 (3B),42,K,,8762400,,‧價單第3號 (A1)付款辦法 Payment Plan (A1) of Price List No.3 見備註/See Remarks 7 (c)(i) ‧見備註/See Remarks 7 (c)(iii) ‧見備註/See Remarks 7 (c)(iv) ‧見備註/See Remarks 7 (c)(v) ‧見備註/See Remarks 7 (e)(i) ‧見備註/See Remarks 7 (d)(ii) ‧見備註/See Remarks 7 (e)(iii) ‧見備註/See Remarks 7 (f)(ii) ‧見備註/See Remarks 7 (e)(iv),
2017-12-02,2017-12-13,,第3座 (3B) Tower 3 (3B),40,K,,8856000,,‧價單第3號 (B1)付款辦法 Payment Plan (B1) of Price List No.3 見備註/See Remarks 7 (c)(ii) ‧見備註/See Remarks 7 (c)(iii) ‧見備註/See Remarks 7 (c)(iv) ‧見備註/See Remarks 7 (c)(v) ‧見備註/See Remarks 7 (e)(ii) ‧見備註/See Remarks 7 (e)(i) ‧見備註/See Remarks 7 (d)(ii) ‧見備註/See Remarks 7 (e)(iii) ‧見備註/See Remarks 7 (f)(ii) ‧見備註/See Remarks 7 (e)(iv),
2017-12-02,2017-12-13,,第3座 (3B) Tower 3 (3B),38,K,,9974200,,‧價單第3號 (B1)付款辦法 Payment Plan (B1) of Price List No.3 見備註/See Remarks 7 (c)(ii) ‧見備註/See Remarks 7 (d)(i) ‧見備註/See Remarks 7 (c)(iv) ‧見備註/See Remarks 7 (c)(v) ‧見備註/See Remarks 7 (e)(ii) ‧見備註/See Remarks 7 (e)(i) ‧見備註/See Remarks 7 (d)(ii) ‧見備註/See Remarks 7 (e)(iii) ‧見備註/See Remarks 7 (f)(ii) ‧見備註/See Remarks 7 (e)(iv),
2017-12-02,2017-12-13,,第5座 (5A) Tower 5 (5A),50,A,,50639400,,‧價單第3號 (B1)付款辦法 Payment Plan (B1) of Price List No.3 見備註/See Remarks 7 (c)(ii) ‧見備註/See Remarks 7 (d)(i) ‧見備註/See Remarks 7 (c)(iv) ‧見備註/See Remarks 7 (c)(v) ‧見備註/See Remarks 7 (e)(ii) ‧見備註/See Remarks 7 (e)(i) ‧見備註/See Remarks 7 (d)(ii) ‧見備註/See Remarks 7 (e)(iii) ‧見備註/See Remarks 7 (f)(i),
2017-12-02,2017-12-13,,第5座 (5A) Tower 5 (5A),49,A,,43130400,,‧價單第3號 (A1)付款辦法 Payment Plan (A1) of Price List No.3 見備註/See Remarks 7 (c)(i) ‧見備註/See Remarks 7 (c)(iii) ‧見備註/See Remarks 7 (c)(iv) ‧見備註/See Remarks 7 (c)(v) ‧見備註/See Remarks 7 (e)(i) ‧見備註/See Remarks 7 (d)(ii) ‧見備註/See Remarks 7 (e)(iii) ‧見備註/See Remarks 7 (f)(i),
2017-12-02,2017-12-13,,第5座 (5A) Tower 5 (5A),48,A,,43130400,,‧價單第3號 (A1)付款辦法 Payment Plan (A1) of Price List No.3 見備註/See Remarks 7 (c)(i) ‧見備註/See Remarks 7 (c)(iii) ‧見備註/See Remarks 7 (c)(iv) ‧見備註/See Remarks 7 (c)(v) ‧見備註/See Remarks 7 (e)(i) ‧見備註/See Remarks 7 (d)(ii) ‧見備註/See Remarks 7 (e)(iii) ‧見備註/See Remarks 7 (f)(i),
2017-12-02,2017-12-13,,第5座 (5A) Tower 5 (5A),42,A,,41938900,,‧價單第3號 (B1)付款辦法 Payment Plan (B1) of Price List No.3 見備註/See Remarks 7 (c)(ii) ‧見備註/See Remarks 7 (c)(iii) ‧見備註/See Remarks 7 (c)(iv) ‧見備註/See Remarks 7 (c)(v) ‧見備註/See Remarks 7 (e)(ii) ‧見備註/See Remarks 7 (e)(i) ‧見備註/See Remarks 7 (d)(ii) ‧見備註/See Remarks 7 (e)(iii) ‧見備註/See Remarks 7 (f)(i),
2017-12-02,2017-12-13,,第5座 (5A) Tower 5 (5A),38,A,,40744900,,‧價單第3號 (B1)付款辦法 Payment Plan (B1) of Price List No.3 見備註/See Remarks 7 (c)(ii) ‧見備註/See Remarks 7 (c)(iii) ‧見備註/See Remarks 7 (c)(iv) ‧見備註/See Remarks 7 (c)(v) ‧見備註/See Remarks 7 (e)(ii) ‧見備註/See Remarks 7 (e)(i) ‧見備註/See Remarks 7 (d)(ii) ‧見備註/See Remarks 7 (e)(iii) ‧見備註/See Remarks 7 (f)(i),
2017-12-02,2017-12-13,,第5座 (5A) Tower 5 (5A),36,A,,42058300,,‧價單第3號 (A1)付款辦法 Payment Plan (A1) of Price List No.3 見備註/See Remarks 7 (c)(i) ‧見備註/See Remarks 7 (c)(iii) ‧見備註/See Remarks 7 (d)(iii) ‧見備註/See Remarks 7 (c)(v) ‧見備註/See Remarks 7 (e)(i) ‧見備註/See Remarks 7 (e)(iii) ‧見備註/See Remarks 7 (f)(i),
2017-12-02,2017-12-13,,第5座 (5A) Tower 5 (5A),33,A,,41476000,,‧價單第3號 (A1)付款辦法 Payment Plan (A1) of Price List No.3 見備註/See Remarks 7 (c)(i) ‧見備註/See Remarks 7 (c)(iii) ‧見備註/See Remarks 7 (d)(iii) ‧見備註/See Remarks 7 (c)(v) ‧見備註/See Remarks 7 (e)(i) ‧見備註/See Remarks 7 (e)(iii) ‧見備註/See Remarks 7 (f)(i),
2017-12-02,2017-12-13,,第5座 (5A) Tower 5 (5A),27,A,,40934000,,‧價單第3號 (B1)付款辦法 Payment Plan (B1) of Price List No.3 見備註/See Remarks 7 (c)(ii) ‧見備註/See Remarks 7 (c)(iii) ‧見備註/See Remarks 7 (d)(iii) ‧見備註/See Remarks 7 (c)(v) ‧見備註/See Remarks 7 (e)(ii) ‧見備註/See Remarks 7 (e)(i) ‧見備註/See Remarks 7 (e)(iii) ‧見備註/See Remarks 7 (f)(i),
2017-12-02,2017-12-13,,第5座 (5A) Tower 5 (5A),25,A,,36842400,,‧價單第3號 (A1)付款辦法 Payment Plan (A1) of Price List No.3 見備註/See Remarks 7 (c)(i) ‧見備註/See Remarks 7 (c)(iii) ‧見備註/See Remarks 7 (c)(iv) ‧見備註/See Remarks 7 (c)(v) ‧見備註/See Remarks 7 (e)(i) ‧見備註/See Remarks 7 (d)(ii) ‧見備註/See Remarks 7 (e)(iii) ‧見備註/See Remarks 7 (f)(i),
2017-12-02,2017-12-13,,第5座 (5A) Tower 5 (5A),22,A,,36475200,,‧價單第3號 (A1)付款辦法 Payment Plan (A1) of Price List No.3 見備註/See Remarks 7 (c)(i) ‧見備註/See Remarks 7 (c)(iii) ‧見備註/See Remarks 7 (c)(iv) ‧見備註/See Remarks 7 (c)(v) ‧見備註/See Remarks 7 (e)(i) ‧見備註/See Remarks 7 (d)(ii) ‧見備註/See Remarks 7 (e)(iii) ‧見備註/See Remarks 7 (f)(i),
2017-12-05,2017-12-15,,第3座 (3A) Tower 3 (3A),38,B,,33740800,,‧價單第3號 (A1)付款辦法 Payment Plan (A1) of Price List No.3 見備註/See Remarks 7 (c)(i) ‧見備註/See Remarks 7 (c)(iii) ‧見備註/See Remarks 7 (c)(iv) ‧見備註/See Remarks 7 (c)(v) ‧見備註/See Remarks 7 (e)(i) ‧見備註/See Remarks 7 (d)(ii) ‧見備註/See Remarks 7 (e)(iii),
2017-12-09,2017-12-20,,第3座 (3A) Tower 3 (3A),56,C,,16578700,,‧價單第4號 (B1)付款辦法 Payment Plan (B1) of Price List No.4 見備註/See Remarks 7 (c)(ii) ‧見備註/See Remarks 7 (c)(iii) ‧見備註/See Remarks 7 (c)(iv) ‧見備註/See Remarks 7 (c)(v) ‧見備註/See Remarks 7 (e)(ii) ‧見備註/See Remarks 7 (e)(i) ‧見備註/See Remarks 7 (d)(ii) ‧見備註/See Remarks 7 (e)(iii) ‧見備註/See Remarks 7 (f)(ii) ‧見備註/See Remarks 7 (e)(iv),
2017-12-09,2017-12-20,,第3座 (3A) Tower 3 (3A),51,C,,15712000,,‧價單第4號 (B1)付款辦法 Payment Plan (B1) of Price List No.4 見備註/See Remarks 7 (c)(ii) ‧見備註/See Remarks 7 (c)(iii) ‧見備註/See Remarks 7 (c)(iv) ‧見備註/See Remarks 7 (c)(v) ‧見備註/See Remarks 7 (e)(ii) ‧見備註/See Remarks 7 (e)(i) ‧見備註/See Remarks 7 (d)(ii) ‧見備註/See Remarks 7 (e)(iii) ‧見備註/See Remarks 7 (f)(ii) ‧見備註/See Remarks 7 (e)(iv),
2017-12-09,2017-12-20,,第3座 (3A) Tower 3 (3A),47,C,,15145400,,‧價單第4號 (B1)付款辦法 Payment Plan (B1) of Price List No.4 見備註/See Remarks 7 (c)(ii) ‧見備註/See Remarks 7 (c)(iii) ‧見備註/See Remarks 7 (c)(iv) ‧見備註/See Remarks 7 (c)(v) ‧見備註/See Remarks 7 (e)(ii) ‧見備註/See Remarks 7 (e)(i) ‧見備註/See Remarks 7 (d)(ii) ‧見備註/See Remarks 7 (e)(iii) ‧見備註/See Remarks 7 (f)(ii) ‧見備註/See Remarks 7 (e)(iv),
2017-12-09,2017-12-20,,第3座 (3A) Tower 3 (3A),42,C,,14669800,,‧價單第4號 (B1)付款辦法 Payment Plan (B1) of Price List No.4 見備註/See Remarks 7 (c)(ii) ‧見備註/See Remarks 7 (c)(iii) ‧見備註/See Remarks 7 (c)(iv) ‧見備註/See Remarks 7 (c)(v) ‧見備註/See Remarks 7 (e)(ii) ‧見備註/See Remarks 7 (e)(i) ‧見備註/See Remarks 7 (d)(ii) ‧見備註/See Remarks 7 (e)(iii) ‧見備註/See Remarks 7 (f)(ii) ‧見備註/See Remarks 7 (e)(iv),
2017-12-09,2017-12-20,,第3座 (3B) Tower 3 (3B),56,A,,14015200,,‧價單第4號 (A1)付款辦法 Payment Plan (A1) of Price List No.4 見備註/See Remarks 7 (c)(i) ‧見備註/See Remarks 7 (c)(iii) ‧見備註/See Remarks 7 (c)(iv) ‧見備註/See Remarks 7 (c)(v) ‧見備註/See Remarks 7 (e)(i) ‧見備註/See Remarks 7 (d)(ii) ‧見備註/See Remarks 7 (e)(iii) ‧見備註/See Remarks 7 (f)(ii) ‧見備註/See Remarks 7 (e)(iv),
2017-12-09,2017-12-20,,第3座 (3B) Tower 3 (3B),55,A,,13808000,,‧價單第4號 (A1)付款辦法 Payment Plan (A1) of Price List No.4 見備註/See Remarks 7 (c)(i) ‧見備註/See Remarks 7 (c)(iii) ‧見備註/See Remarks 7 (c)(iv) ‧見備註/See Remarks 7 (c)(v) ‧見備註/See Remarks 7 (e)(i) ‧見備註/See Remarks 7 (d)(ii) ‧見備註/See Remarks 7 (e)(iii) ‧見備註/See Remarks 7 (f)(ii) ‧見備註/See Remarks 7 (e)(iv),
2017-12-09,2017-12-20,,第3座 (3B) Tower 3 (3B),53,A,,13957200,,‧價單第4號 (B1)付款辦法 Payment Plan (B1) of Price List No.4 見備註/See Remarks 7 (c)(ii) ‧見備註/See Remarks 7 (c)(iii) ‧見備註/See Remarks 7 (c)(iv) ‧見備註/See Remarks 7 (c)(v) ‧見備註/See Remarks 7 (e)(ii) ‧見備註/See Remarks 7 (e)(i) ‧見備註/See Remarks 7 (d)(ii) ‧見備註/See Remarks 7 (e)(iii) ‧見備註/See Remarks 7 (f)(ii) ‧見備註/See Remarks 7 (e)(iv),
2017-12-09,2017-12-20,,第3座 (3B) Tower 3 (3B),51,A,,15109600,,‧價單第4號 (A1)付款辦法 Payment Plan (A1) of Price List No.4 見備註/See Remarks 7 (c)(i) ‧見備註/See Remarks 7 (d)(i) ‧見備註/See Remarks 7 (c)(iv) ‧見備註/See Remarks 7 (c)(v) ‧見備註/See Remarks 7 (e)(i) ‧見備註/See Remarks 7 (d)(ii) ‧見備註/See Remarks 7 (e)(iii) ‧見備註/See Remarks 7 (f)(ii) ‧見備註/See Remarks 7 (e)(iv),
2017-12-09,2017-12-20,,第3座 (3B) Tower 3 (3B),50,A,,13139200,,‧價單第4號 (A1)付款辦法 Payment Plan (A1) of Price List No.4 見備註/See Remarks 7 (c)(i) ‧見備註/See Remarks 7 (c)(iii) ‧見備註/See Remarks 7 (c)(iv) ‧見備註/See Remarks 7 (c)(v) ‧見備註/See Remarks 7 (e)(i) ‧見備註/See Remarks 7 (d)(ii) ‧見備註/See Remarks 7 (e)(iii) ‧見備註/See Remarks 7 (f)(ii) ‧見備註/See Remarks 7 (e)(iv),
2017-12-09,2017-12-20,,第3座 (3B) Tower 3 (3B),48,A,,13333200,,‧價單第4號 (B1)付款辦法 Payment Plan (B1) of Price List No.4 見備註/See Remarks 7 (c)(ii) ‧見備註/See Remarks 7 (c)(iii) ‧見備註/See Remarks 7 (c)(iv) ‧見備註/See Remarks 7 (c)(v) ‧見備註/See Remarks 7 (e)(ii) ‧見備註/See Remarks 7 (e)(i) ‧見備註/See Remarks 7 (d)(ii) ‧見備註/See Remarks 7 (e)(iii) ‧見備註/See Remarks 7 (f)(ii) ‧見備註/See Remarks 7 (e)(iv),
2017-12-09,2017-12-20,,第3座 (3B) Tower 3 (3B),47,A,,13124100,,‧價單第4號 (B1)付款辦法 Payment Plan (B1) of Price List No.4 見備註/See Remarks 7 (c)(ii) ‧見備註/See Remarks 7 (c)(iii) ‧見備註/See Remarks 7 (c)(iv) ‧見備註/See Remarks 7 (c)(v) ‧見備註/See Remarks 7 (e)(ii) ‧見備註/See Remarks 7 (e)(i) ‧見備註/See Remarks 7 (d)(ii) ‧見備註/See Remarks 7 (e)(iii) ‧見備註/See Remarks 7 (f)(ii) ‧見備註/See Remarks 7 (e)(iv),
2017-12-09,2017-12-20,,第3座 (3B) Tower 3 (3B),45,A,,12600800,,‧價單第4號 (A1)付款辦法 Payment Plan (A1) of Price List No.4 見備註/See Remarks 7 (c)(i) ‧見備註/See Remarks 7 (c)(iii) ‧見備註/See Remarks 7 (c)(iv) ‧見備註/See Remarks 7 (c)(v) ‧見備註/See Remarks 7 (e)(i) ‧見備註/See Remarks 7 (d)(ii) ‧見備註/See Remarks 7 (e)(iii) ‧見備註/See Remarks 7 (f)(ii) ‧見備註/See Remarks 7 (e)(iv),
2017-12-09,2017-12-20,,第3座 (3B) Tower 3 (3B),40,A,,12206400,,‧價單第4號 (A1)付款辦法 Payment Plan (A1) of Price List No.4 見備註/See Remarks 7 (c)(i) ‧見備註/See Remarks 7 (c)(iii) ‧見備註/See Remarks 7 (c)(iv) ‧見備註/See Remarks 7 (c)(v) ‧見備註/See Remarks 7 (e)(i) ‧見備註/See Remarks 7 (d)(ii) ‧見備註/See Remarks 7 (e)(iii) ‧見備註/See Remarks 7 (f)(ii) ‧見備註/See Remarks 7 (e)(iv),
2017-12-09,2017-12-20,,第3座 (3B) Tower 3 (3B),36,A,,11859200,,‧價單第4號 (A1)付款辦法 Payment Plan (A1) of Price List No.4 見備註/See Remarks 7 (c)(i) ‧見備註/See Remarks 7 (c)(iii) ‧見備註/See Remarks 7 (c)(iv) ‧見備註/See Remarks 7 (c)(v) ‧見備註/See Remarks 7 (e)(i) ‧見備註/See Remarks 7 (d)(ii) ‧見備註/See Remarks 7 (e)(iii) ‧見備註/See Remarks 7 (f)(ii) ‧見備註/See Remarks 7 (e)(iv),
2017-12-09,2017-12-20,,第3座 (3B) Tower 3 (3B),31,A,,11531200,,‧價單第4號 (A1)付款辦法 Payment Plan (A1) of Price List No.4 見備註/See Remarks 7 (c)(i) ‧見備註/See Remarks 7 (c)(iii) ‧見備註/See Remarks 7 (c)(iv) ‧見備註/See Remarks 7 (c)(v) ‧見備註/See Remarks 7 (e)(i) ‧見備註/See Remarks 7 (d)(ii) ‧見備註/See Remarks 7 (e)(iii) ‧見備註/See Remarks 7 (f)(ii) ‧見備註/See Remarks 7 (e)(iv),
2017-12-09,2017-12-20,,第3座 (3B) Tower 3 (3B),26,A,,11561100,,‧價單第4號 (B1)付款辦法 Payment Plan (B1) of Price List No.4 見備註/See Remarks 7 (c)(ii) ‧見備註/See Remarks 7 (c)(iii) ‧見備註/See Remarks 7 (c)(iv) ‧見備註/See Remarks 7 (c)(v) ‧見備註/See Remarks 7 (e)(ii) ‧見備註/See Remarks 7 (e)(i) ‧見備註/See Remarks 7 (d)(ii) ‧見備註/See Remarks 7 (e)(iii) ‧見備註/See Remarks 7 (f)(ii) ‧見備註/See Remarks 7 (e)(iv),
2017-12-09,2017-12-20,,第3座 (3B) Tower 3 (3B),21,A,,11056000,,‧價單第4號 (A1)付款辦法 Payment Plan (A1) of Price List No.4 見備註/See Remarks 7 (c)(i) ‧見備註/See Remarks 7 (c)(iii) ‧見備註/See Remarks 7 (c)(iv) ‧見備註/See Remarks 7 (c)(v) ‧見備註/See Remarks 7 (e)(i) ‧見備註/See Remarks 7 (d)(ii) ‧見備註/See Remarks 7 (e)(iii) ‧見備註/See Remarks 7 (f)(ii) ‧見備註/See Remarks 7 (e)(iv),
2017-12-09,2017-12-20,,第3座 (3B) Tower 3 (3B),17,A,,10868800,,‧價單第4號 (A1)付款辦法 Payment Plan (A1) of Price List No.4 見備註/See Remarks 7 (c)(i) ‧見備註/See Remarks 7 (c)(iii) ‧見備註/See Remarks 7 (c)(iv) ‧見備註/See Remarks 7 (c)(v) ‧見備註/See Remarks 7 (e)(i) ‧見備註/See Remarks 7 (d)(ii) ‧見備註/See Remarks 7 (e)(iii) ‧見備註/See Remarks 7 (f)(ii) ‧見備註/See Remarks 7 (e)(iv),
2017-12-09,2017-12-20,,第3座 (3B) Tower 3 (3B),11,A,,10963400,,‧價單第4號 (B1)付款辦法 Payment Plan (B1) of Price List No.4 見備註/See Remarks 7 (c)(ii) ‧見備註/See Remarks 7 (c)(iii) ‧見備註/See Remarks 7 (c)(iv) ‧見備註/See Remarks 7 (c)(v) ‧見備註/See Remarks 7 (e)(ii) ‧見備註/See Remarks 7 (e)(i) ‧見備註/See Remarks 7 (d)(ii) ‧見備註/See Remarks 7 (e)(iii) ‧見備註/See Remarks 7 (f)(ii) ‧見備註/See Remarks 7 (e)(iv),
2017-12-09,2017-12-20,,第3座 (3B) Tower 3 (3B),7,A,,10658300,,‧價單第4號 (B1)付款辦法 Payment Plan (B1) of Price List No.4 見備註/See Remarks 7 (c)(ii) ‧見備註/See Remarks 7 (c)(iii) ‧見備註/See Remarks 7 (c)(iv) ‧見備註/See Remarks 7 (c)(v) ‧見備註/See Remarks 7 (e)(ii) ‧見備註/See Remarks 7 (e)(i) ‧見備註/See Remarks 7 (d)(ii) ‧見備註/See Remarks 7 (e)(iii) ‧見備註/See Remarks 7 (f)(ii) ‧見備註/See Remarks 7 (e)(iv),
2017-12-09,2017-12-20,,第3座 (3B) Tower 3 (3B),53,B,,10066400,,‧價單第4號 (A1)付款辦法 Payment Plan (A1) of Price List No.4 見備註/See Remarks 7 (c)(i) ‧見備註/See Remarks 7 (c)(iii) ‧見備註/See Remarks 7 (c)(iv) ‧見備註/See Remarks 7 (c)(v) ‧見備註/See Remarks 7 (e)(i) ‧見備註/See Remarks 7 (d)(ii) ‧見備註/See Remarks 7 (e)(iii) ‧見備註/See Remarks 7 (f)(ii) ‧見備註/See Remarks 7 (e)(iv),
2017-12-09,2017-12-20,,第3座 (3B) Tower 3 (3B),51,B,,9818400,,‧價單第4號 (A1)付款辦法 Payment Plan (A1) of Price List No.4 見備註/See Remarks 7 (c)(i) ‧見備註/See Remarks 7 (c)(iii) ‧見備註/See Remarks 7 (c)(iv) ‧見備註/See Remarks 7 (c)(v) ‧見備註/See Remarks 7 (e)(i) ‧見備註/See Remarks 7 (d)(ii) ‧見備註/See Remarks 7 (e)(iii) ‧見備註/See Remarks 7 (f)(ii) ‧見備註/See Remarks 7 (e)(iv),
2017-12-09,2017-12-20,,第3座 (3B) Tower 3 (3B),49,B,,9856400,,‧價單第4號 (B1)付款辦法 Payment Plan (B1) of Price List No.4 見備註/See Remarks 7 (c)(ii) ‧見備註/See Remarks 7 (c)(iii) ‧見備註/See Remarks 7 (c)(iv) ‧見備註/See Remarks 7 (c)(v) ‧見備註/See Remarks 7 (e)(ii) ‧見備註/See Remarks 7 (e)(i) ‧見備註/See Remarks 7 (d)(iv) ‧見備註/See Remarks 7 (e)(iii) ‧見備註/See Remarks 7 (f)(ii) ‧見備註/See Remarks 7 (e)(iv),
2017-12-09,2017-12-20,,第3座 (3B) Tower 3 (3B),47,B,,9464000,,‧價單第4號 (A1)付款辦法 Payment Plan (A1) of Price List No.4 見備註/See Remarks 7 (c)(i) ‧見備註/See Remarks 7 (c)(iii) ‧見備註/See Remarks 7 (c)(iv) ‧見備註/See Remarks 7 (c)(v) ‧見備註/See Remarks 7 (e)(i) ‧見備註/See Remarks 7 (d)(ii) ‧見備註/See Remarks 7 (e)(iii) ‧見備註/See Remarks 7 (f)(ii) ‧見備註/See Remarks 7 (e)(iv),
2017-12-09,2017-12-20,,第3座 (3B) Tower 3 (3B),45,B,,9547200,,‧價單第4號 (B1)付款辦法 Payment Plan (B1) of Price List No.4 見備註/See Remarks 7 (c)(ii) ‧見備註/See Remarks 7 (c)(iii) ‧見備註/See Remarks 7 (c)(iv) ‧見備註/See Remarks 7 (c)(v) ‧見備註/See Remarks 7 (e)(ii) ‧見備註/See Remarks 7 (e)(i) ‧見備註/See Remarks 7 (d)(ii) ‧見備註/See Remarks 7 (e)(iii) ‧見備註/See Remarks 7 (f)(ii) ‧見備註/See Remarks 7 (e)(iv),
2017-12-09,2017-12-20,2019-07-31,第3座 (3B) Tower 3 (3B),42,B,,9396300,,‧價單第4號 (B1)付款辦法 Payment Plan (B1) of Price List No.4 見備註/See Remarks 7 (c)(ii) ‧見備註/See Remarks 7 (c)(iii) ‧見備註/See Remarks 7 (c)(iv) ‧見備註/See Remarks 7 (c)(v) ‧見備註/See Remarks 7 (e)(ii) ‧見備註/See Remarks 7 (e)(i) ‧見備註/See Remarks 7 (d)(ii) ‧見備註/See Remarks 7 (e)(iii) ‧見備註/See Remarks 7 (f)(ii) ‧見備註/See Remarks 7 (e)(iv),
2017-12-09,2017-12-20,,第3座 (3B) Tower 3 (3B),40,B,,9247900,,‧價單第4號 (B1)付款辦法 Payment Plan (B1) of Price List No.4 見備註/See Remarks 7 (c)(ii) ‧見備註/See Remarks 7 (c)(iii) ‧見備註/See Remarks 7 (c)(iv) ‧見備註/See Remarks 7 (c)(v) ‧見備註/See Remarks 7 (e)(ii) ‧見備註/See Remarks 7 (e)(i) ‧見備註/See Remarks 7 (d)(ii) ‧見備註/See Remarks 7 (e)(iii) ‧見備註/See Remarks 7 (f)(ii) ‧見備註/See Remarks 7 (e)(iv),
2017-12-09,2017-12-20,,第3座 (3B) Tower 3 (3B),38,B,,8950400,,‧價單第4號 (A1)付款辦法 Payment Plan (A1) of Price List No.4 見備註/See Remarks 7 (c)(i) ‧見備註/See Remarks 7 (c)(iii) ‧見備註/See Remarks 7 (c)(iv) ‧見備註/See Remarks 7 (c)(v) ‧見備註/See Remarks 7 (e)(i) ‧見備註/See Remarks 7 (d)(ii) ‧見備註/See Remarks 7 (e)(iii) ‧見備註/See Remarks 7 (f)(ii) ‧見備註/See Remarks 7 (e)(iv),
2017-12-09,2017-12-20,,第3座 (3B) Tower 3 (3B),36,B,,8766400,,‧價單第4號 (A1)付款辦法 Payment Plan (A1) of Price List No.4 見備註/See Remarks 7 (c)(i) ‧見備註/See Remarks 7 (c)(iii) ‧見備註/See Remarks 7 (c)(iv) ‧見備註/See Remarks 7 (c)(v) ‧見備註/See Remarks 7 (e)(i) ‧見備註/See Remarks 7 (d)(ii) ‧見備註/See Remarks 7 (e)(iii) ‧見備註/See Remarks 7 (f)(ii) ‧見備註/See Remarks 7 (e)(iv),
2017-12-09,2017-12-20,,第3座 (3B) Tower 3 (3B),33,B,,8644000,,‧價單第4號 (A1)付款辦法 Payment Plan (A1) of Price List No.4 見備註/See Remarks 7 (c)(i) ‧見備註/See Remarks 7 (c)(iii) ‧見備註/See Remarks 7 (c)(iv) ‧見備註/See Remarks 7 (c)(v) ‧見備註/See Remarks 7 (e)(i) ‧見備註/See Remarks 7 (d)(ii) ‧見備註/See Remarks 7 (e)(iii) ‧見備註/See Remarks 7 (f)(ii) ‧見備註/See Remarks 7 (e)(iv),
2017-12-09,2017-12-20,,第3座 (3B) Tower 3 (3B),31,B,,8523200,,‧價單第4號 (A1)付款辦法 Payment Plan (A1) of Price List No.4 見備註/See Remarks 7 (c)(i) ‧見備註/See Remarks 7 (c)(iii) ‧見備註/See Remarks 7 (c)(iv) ‧見備註/See Remarks 7 (c)(v) ‧見備註/See Remarks 7 (e)(i) ‧見備註/See Remarks 7 (d)(ii) ‧見備註/See Remarks 7 (e)(iii) ‧見備註/See Remarks 7 (f)(ii) ‧見備註/See Remarks 7 (e)(iv),
2017-12-09,2017-12-20,,第3座 (3B) Tower 3 (3B),28,B,,8463200,,‧價單第4號 (A1)付款辦法 Payment Plan (A1) of Price List No.4 見備註/See Remarks 7 (c)(i) ‧見備註/See Remarks 7 (c)(iii) ‧見備註/See Remarks 7 (c)(iv) ‧見備註/See Remarks 7 (c)(v) ‧見備註/See Remarks 7 (e)(i) ‧見備註/See Remarks 7 (d)(ii) ‧見備註/See Remarks 7 (e)(iii) ‧見備註/See Remarks 7 (f)(ii) ‧見備註/See Remarks 7 (e)(iv),
2017-12-09,2017-12-20,,第3座 (3B) Tower 3 (3B),56,E,,8694400,,‧價單第4號 (A1)付款辦法 Payment Plan (A1) of Price List No.4 見備註/See Remarks 7 (c)(i) ‧見備註/See Remarks 7 (c)(iii) ‧見備註/See Remarks 7 (c)(iv) ‧見備註/See Remarks 7 (c)(v) ‧見備註/See Remarks 7 (e)(i) ‧見備註/See Remarks 7 (d)(ii) ‧見備註/See Remarks 7 (e)(iii) ‧見備註/See Remarks 7 (f)(ii) ‧見備註/See Remarks 7 (e)(iv),
2017-12-09,2017-12-20,,第3座 (3B) Tower 3 (3B),55,E,,8805900,,‧價單第4號 (B1)付款辦法 Payment Plan (B1) of Price List No.4 見備註/See Remarks 7 (c)(ii) ‧見備註/See Remarks 7 (c)(iii) ‧見備註/See Remarks 7 (c)(iv) ‧見備註/See Remarks 7 (c)(v) ‧見備註/See Remarks 7 (e)(ii) ‧見備註/See Remarks 7 (e)(i) ‧見備註/See Remarks 7 (d)(ii) ‧見備註/See Remarks 7 (e)(iii) ‧見備註/See Remarks 7 (f)(ii) ‧見備註/See Remarks 7 (e)(iv),
2017-12-09,2017-12-20,,第3座 (3B) Tower 3 (3B),52,E,,8396800,,‧價單第4號 (A1)付款辦法 Payment Plan (A1) of Price List No.4 見備註/See Remarks 7 (c)(i) ‧見備註/See Remarks 7 (c)(iii) ‧見備註/See Remarks 7 (c)(iv) ‧見備註/See Remarks 7 (c)(v) ‧見備註/See Remarks 7 (e)(i) ‧見備註/See Remarks 7 (d)(ii) ‧見備註/See Remarks 7 (e)(iii) ‧見備註/See Remarks 7 (f)(ii) ‧見備註/See Remarks 7 (e)(iv),
2017-12-09,2017-12-20,,第3座 (3B) Tower 3 (3B),51,E,,8514000,,‧價單第4號 (B1)付款辦法 Payment Plan (B1) of Price List No.4 見備註/See Remarks 7 (c)(ii) ‧見備註/See Remarks 7 (c)(iii) ‧見備註/See Remarks 7 (c)(iv) ‧見備註/See Remarks 7 (c)(v) ‧見備註/See Remarks 7 (e)(ii) ‧見備註/See Remarks 7 (e)(i) ‧見備註/See Remarks 7 (d)(ii) ‧見備註/See Remarks 7 (e)(iii) ‧見備註/See Remarks 7 (f)(ii) ‧見備註/See Remarks 7 (e)(iv),
2017-12-09,2017-12-20,,第3座 (3B) Tower 3 (3B),49,E,,8142400,,‧價單第4號 (A1)付款辦法 Payment Plan (A1) of Price List No.4 見備註/See Remarks 7 (c)(i) ‧見備註/See Remarks 7 (c)(iii) ‧見備註/See Remarks 7 (c)(iv) ‧見備註/See Remarks 7 (c)(v) ‧見備註/See Remarks 7 (e)(i) ‧見備註/See Remarks 7 (d)(ii) ‧見備註/See Remarks 7 (e)(iii) ‧見備註/See Remarks 7 (f)(ii) ‧見備註/See Remarks 7 (e)(iv),
2017-12-09,2017-12-20,,第3座 (3B) Tower 3 (3B),48,E,,8142400,,‧價單第4號 (A1)付款辦法 Payment Plan (A1) of Price List No.4 見備註/See Remarks 7 (c)(i) ‧見備註/See Remarks 7 (c)(iii) ‧見備註/See Remarks 7 (c)(iv) ‧見備註/See Remarks 7 (c)(v) ‧見備註/See Remarks 7 (e)(i) ‧見備註/See Remarks 7 (d)(ii) ‧見備註/See Remarks 7 (e)(iii) ‧見備註/See Remarks 7 (f)(ii) ‧見備註/See Remarks 7 (e)(iv),
2017-12-09,2017-12-20,,第3座 (3B) Tower 3 (3B),46,E,,7972800,,‧價單第4號 (A1)付款辦法 Payment Plan (A1) of Price List No.4 見備註/See Remarks 7 (c)(i) ‧見備註/See Remarks 7 (c)(iii) ‧見備註/See Remarks 7 (c)(iv) ‧見備註/See Remarks 7 (c)(v) ‧見備註/See Remarks 7 (e)(i) ‧見備註/See Remarks 7 (d)(ii) ‧見備註/See Remarks 7 (e)(iii) ‧見備註/See Remarks 7 (f)(ii) ‧見備註/See Remarks 7 (e)(iv),
2017-12-09,2017-12-20,,第3座 (3B) Tower 3 (3B),45,E,,8117100,,‧價單第4號 (B1)付款辦法 Payment Plan (B1) of Price List No.4 見備註/See Remarks 7 (c)(ii) ‧見備註/See Remarks 7 (c)(iii) ‧見備註/See Remarks 7 (c)(iv) ‧見備註/See Remarks 7 (c)(v) ‧見備註/See Remarks 7 (e)(ii) ‧見備註/See Remarks 7 (e)(i) ‧見備註/See Remarks 7 (d)(iv) ‧見備註/See Remarks 7 (e)(iii) ‧見備註/See Remarks 7 (f)(ii) ‧見備註/See Remarks 7 (e)(iv),
2017-12-09,2017-12-20,,第3座 (3B) Tower 3 (3B),50,G,,6864000,,‧價單第4號 (A1)付款辦法 Payment Plan (A1) of Price List No.4 見備註/See Remarks 7 (c)(i) ‧見備註/See Remarks 7 (c)(iii) ‧見備註/See Remarks 7 (c)(iv) ‧見備註/See Remarks 7 (c)(v) ‧見備註/See Remarks 7 (e)(i) ‧見備註/See Remarks 7 (d)(ii) ‧見備註/See Remarks 7 (e)(iii) ‧見備註/See Remarks 7 (f)(ii) ‧見備註/See Remarks 7 (e)(iv),
2017-12-09,2017-12-20,,第3座 (3B) Tower 3 (3B),48,G,,6796000,,‧價單第4號 (A1)付款辦法 Payment Plan (A1) of Price List No.4 見備註/See Remarks 7 (c)(i) ‧見備註/See Remarks 7 (c)(iii) ‧見備註/See Remarks 7 (c)(iv) ‧見備註/See Remarks 7 (c)(v) ‧見備註/See Remarks 7 (e)(i) ‧見備註/See Remarks 7 (d)(ii) ‧見備註/See Remarks 7 (e)(iii) ‧見備註/See Remarks 7 (f)(ii) ‧見備註/See Remarks 7 (e)(iv),
2017-12-09,2017-12-20,,第3座 (3B) Tower 3 (3B),46,G,,6656000,,‧價單第4號 (A1)付款辦法 Payment Plan (A1) of Price List No.4 見備註/See Remarks 7 (c)(i) ‧見備註/See Remarks 7 (c)(iii) ‧見備註/See Remarks 7 (c)(iv) ‧見備註/See Remarks 7 (c)(v) ‧見備註/See Remarks 7 (e)(i) ‧見備註/See Remarks 7 (d)(ii) ‧見備註/See Remarks 7 (e)(iii) ‧見備註/See Remarks 7 (f)(ii) ‧見備註/See Remarks 7 (e)(iv),
2017-12-09,2017-12-20,,第3座 (3B) Tower 3 (3B),43,G,,6563200,,‧價單第4號 (A1)付款辦法 Payment Plan (A1) of Price List No.4 見備註/See Remarks 7 (c)(i) ‧見備註/See Remarks 7 (c)(iii) ‧見備註/See Remarks 7 (c)(iv) ‧見備註/See Remarks 7 (c)(v) ‧見備註/See Remarks 7 (e)(i) ‧見備註/See Remarks 7 (d)(ii) ‧見備註/See Remarks 7 (e)(iii) ‧見備註/See Remarks 7 (f)(ii) ‧見備註/See Remarks 7 (e)(iv),
2017-12-09,2017-12-20,,第3座 (3B) Tower 3 (3B),42,H,,8248000,,‧價單第1A號 (A1)付款辦法 Payment Plan (A1) of Price List No.1A 見備註/See Remarks 7 (c)(i) ‧見備註/See Remarks 7 (c)(iii) ‧見備註/See Remarks 7 (c)(iv) ‧見備註/See Remarks 7 (c)(v) ‧見備註/See Remarks 7 (e)(i) ‧見備註/See Remarks 7 (d)(ii) ‧見備註/See Remarks 7 (e)(iii) ‧見備註/See Remarks 7 (f)(ii) ‧見備註/See Remarks 7 (e)(iv),
2017-12-09,2017-12-20,,第3座 (3B) Tower 3 (3B),12,H,,7358400,,‧價單第1A號 (A1)付款辦法 Payment Plan (A1) of Price List No.1A 見備註/See Remarks 7 (c)(i) ‧見備註/See Remarks 7 (c)(iii) ‧見備註/See Remarks 7 (c)(iv) ‧見備註/See Remarks 7 (c)(v) ‧見備註/See Remarks 7 (e)(i) ‧見備註/See Remarks 7 (d)(ii) ‧見備註/See Remarks 7 (e)(iii) ‧見備註/See Remarks 7 (f)(ii) ‧見備註/See Remarks 7 (e)(iv),
2017-12-09,2017-12-20,,第3座 (3B) Tower 3 (3B),23,J,,7368000,,‧價單第1A號 (A1)付款辦法 Payment Plan (A1) of Price List No.1A 見備註/See Remarks 7 (c)(i) ‧見備註/See Remarks 7 (c)(iii) ‧見備註/See Remarks 7 (c)(iv) ‧見備註/See Remarks 7 (c)(v) ‧見備註/See Remarks 7 (e)(i) ‧見備註/See Remarks 7 (d)(ii) ‧見備註/See Remarks 7 (e)(iii) ‧見備註/See Remarks 7 (f)(ii) ‧見備註/See Remarks 7 (e)(iv),
2017-12-09,2017-12-20,,第3座 (3B) Tower 3 (3B),55,K,,9832800,,‧價單第4號 (A1)付款辦法 Payment Plan (A1) of Price List No.4 見備註/See Remarks 7 (c)(i) ‧見備註/See Remarks 7 (c)(iii) ‧見備註/See Remarks 7 (c)(iv) ‧見備註/See Remarks 7 (c)(v) ‧見備註/See Remarks 7 (e)(i) ‧見備註/See Remarks 7 (d)(ii) ‧見備註/See Remarks 7 (e)(iii) ‧見備註/See Remarks 7 (f)(ii) ‧見備註/See Remarks 7 (e)(iv),
2017-12-09,2017-12-20,,第3座 (3B) Tower 3 (3B),52,K,,9610400,,‧價單第4號 (A1)付款辦法 Payment Plan (A1) of Price List No.4 見備註/See Remarks 7 (c)(i) ‧見備註/See Remarks 7 (c)(iii) ‧見備註/See Remarks 7 (c)(iv) ‧見備註/See Remarks 7 (c)(v) ‧見備註/See Remarks 7 (e)(i) ‧見備註/See Remarks 7 (d)(ii) ‧見備註/See Remarks 7 (e)(iii) ‧見備註/See Remarks 7 (f)(ii) ‧見備註/See Remarks 7 (e)(iv),
2017-12-09,2017-12-20,,第3座 (3B) Tower 3 (3B),36,K,,8924000,,‧價單第1A號 (B1)付款辦法 Payment Plan (B1) of Price List No.1A 見備註/See Remarks 7 (c)(ii) ‧見備註/See Remarks 7 (c)(iii) ‧見備註/See Remarks 7 (c)(iv) ‧見備註/See Remarks 7 (c)(v) ‧見備註/See Remarks 7 (e)(ii) ‧見備註/See Remarks 7 (e)(i) ‧見備註/See Remarks 7 (d)(ii) ‧見備註/See Remarks 7 (e)(iii) ‧見備註/See Remarks 7 (f)(ii) ‧見備註/See Remarks 7 (e)(iv),
2017-12-11,2017-12-21,,第3座 (3A) Tower 3 (3A),50,A,,39502600,,‧價單第3號 (B1)付款辦法 Payment Plan (B1) of Price List No.3 見備註/See Remarks 7 (c)(ii) ‧見備註/See Remarks 7 (c)(iii) ‧見備註/See Remarks 7 (c)(iv) ‧見備註/See Remarks 7 (c)(v) ‧見備註/See Remarks 7 (e)(ii) ‧見備註/See Remarks 7 (e)(i) ‧見備註/See Remarks 7 (d)(ii) ‧見備註/See Remarks 7 (e)(iii) ‧見備註/See Remarks 7 (f)(i),
2017-12-11,2017-12-21,,第3座 (3A) Tower 3 (3A),40,A,,36334200,,‧價單第3號 (B1)付款辦法 Payment Plan (B1) of Price List No.3 見備註/See Remarks 7 (c)(ii) ‧見備註/See Remarks 7 (c)(iii) ‧見備註/See Remarks 7 (c)(iv) ‧見備註/See Remarks 7 (c)(v) ‧見備註/See Remarks 7 (e)(ii) ‧見備註/See Remarks 7 (e)(i) ‧見備註/See Remarks 7 (d)(ii) ‧見備註/See Remarks 7 (e)(iii),
2017-12-11,2017-12-21,,第3座 (3B) Tower 3 (3B),55,G,,7171200,,‧價單第4號 (A1)付款辦法 Payment Plan (A1) of Price List No.4 見備註/See Remarks 7 (c)(i) ‧見備註/See Remarks 7 (c)(iii) ‧見備註/See Remarks 7 (c)(iv) ‧見備註/See Remarks 7 (c)(v) ‧見備註/See Remarks 7 (e)(i) ‧見備註/See Remarks 7 (d)(ii) ‧見備註/See Remarks 7 (e)(iii) ‧見備註/See Remarks 7 (f)(ii) ‧見備註/See Remarks 7 (e)(iv),
2017-12-12,2017-12-22,,第3座 (3A) Tower 3 (3A),49,A,,38156800,,‧價單第3號 (A1)付款辦法 Payment Plan (A1) of Price List No.3 見備註/See Remarks 7 (c)(i) ‧見備註/See Remarks 7 (c)(iii) ‧見備註/See Remarks 7 (c)(iv) ‧見備註/See Remarks 7 (c)(v) ‧見備註/See Remarks 7 (e)(i) ‧見備註/See Remarks 7 (d)(ii) ‧見備註/See Remarks 7 (e)(iii) ‧見備註/See Remarks 7 (f)(i),
2017-12-13,2017-12-27,,第3座 (3A) Tower 3 (3A),45,B,,35463200,,‧價單第2A號 (A1)付款辦法 Payment Plan (A1) of Price List No.2A 見備註/See Remarks 7 (c)(i) ‧見備註/See Remarks 7 (c)(iii) ‧見備註/See Remarks 7 (c)(iv) ‧見備註/See Remarks 7 (c)(v) ‧見備註/See Remarks 7 (e)(i) ‧見備註/See Remarks 7 (d)(iv) ‧見備註/See Remarks 7 (e)(iii) ‧見備註/See Remarks 7 (f)(i),
2017-12-13,2017-12-27,,第3座 (3A) Tower 3 (3A),40,B,,34010400,,‧價單第3號 (A1)付款辦法 Payment Plan (A1) of Price List No.3 見備註/See Remarks 7 (c)(i) ‧見備註/See Remarks 7 (c)(iii) ‧見備註/See Remarks 7 (c)(iv) ‧見備註/See Remarks 7 (c)(v) ‧見備註/See Remarks 7 (e)(i) ‧見備註/See Remarks 7 (d)(iv) ‧見備註/See Remarks 7 (e)(iii),
2017-12-14,2017-12-28,,第3座 (3B) Tower 3 (3B),52,G,,7008800,,‧價單第4A號 (A1)付款辦法 Payment Plan (A1) of Price List No.4A 見備註/See Remarks 7 (c)(i) ‧見備註/See Remarks 7 (c)(iii) ‧見備註/See Remarks 7 (c)(iv) ‧見備註/See Remarks 7 (c)(v) ‧見備註/See Remarks 7 (e)(i) ‧見備註/See Remarks 7 (d)(ii) ‧見備註/See Remarks 7 (e)(iii) ‧見備註/See Remarks 7 (f)(ii) ‧見備註/See Remarks 7 (e)(iv),
2017-12-14,2017-12-28,,第5座 (5A) Tower 5 (5A),51,A,,45588700,,‧價單第4A號 (B1)付款辦法 Payment Plan (B1) of Price List No.4A 見備註/See Remarks 7 (c)(ii) ‧見備註/See Remarks 7 (c)(iii) ‧見備註/See Remarks 7 (c)(iv) ‧見備註/See Remarks 7 (c)(v) ‧見備註/See Remarks 7 (e)(ii) ‧見備註/See Remarks 7 (e)(i) ‧見備註/See Remarks 7 (d)(iv) ‧見備註/See Remarks 7 (e)(iii) ‧見備註/See Remarks 7 (f)(i),
2017-12-16,2017-12-29,,第3座 (3B) Tower 3 (3B),52,A,,13711200,,‧價單第4A號 (A1)付款辦法 Payment Plan (A1) of Price List No.4A 見備註/See Remarks 7 (c)(i) ‧見備註/See Remarks 7 (c)(iii) ‧見備註/See Remarks 7 (c)(iv) ‧見備註/See Remarks 7 (c)(v) ‧見備註/See Remarks 7 (e)(i) ‧見備註/See Remarks 7 (d)(ii) ‧見備註/See Remarks 7 (e)(iii) ‧見備註/See Remarks 7 (f)(ii) ‧見備註/See Remarks 7 (e)(iv),
2017-12-16,2017-12-29,,第3座 (3B) Tower 3 (3B),49,A,,13268000,,‧價單第4A號 (A1)付款辦法 Payment Plan (A1) of Price List No.4A 見備註/See Remarks 7 (c)(i) ‧見備註/See Remarks 7 (c)(iii) ‧見備註/See Remarks 7 (c)(iv) ‧見備註/See Remarks 7 (c)(v) ‧見備註/See Remarks 7 (e)(i) ‧見備註/See Remarks 7 (d)(ii) ‧見備註/See Remarks 7 (e)(iii) ‧見備註/See Remarks 7 (f)(ii) ‧見備註/See Remarks 7 (e)(iv),
2017-12-16,2017-12-29,,第3座 (3B) Tower 3 (3B),46,A,,13279900,,‧價單第4A號 (B1)付款辦法 Payment Plan (B1) of Price List No.4A 見備註/See Remarks 7 (c)(ii) ‧見備註/See Remarks 7 (c)(iii) ‧見備註/See Remarks 7 (c)(iv) ‧見備註/See Remarks 7 (c)(v) ‧見備註/See Remarks 7 (e)(ii) ‧見備註/See Remarks 7 (e)(i) ‧見備註/See Remarks 7 (d)(ii) ‧見備註/See Remarks 7 (e)(iii) ‧見備註/See Remarks 7 (f)(ii) ‧見備註/See Remarks 7 (e)(iv),
2017-12-16,2017-12-29,,第3座 (3B) Tower 3 (3B),42,A,,12966600,,‧價單第4A號 (B1)付款辦法 Payment Plan (B1) of Price List No.4A 見備註/See Remarks 7 (c)(ii) ‧見備註/See Remarks 7 (c)(iii) ‧見備註/See Remarks 7 (c)(iv) ‧見備註/See Remarks 7 (c)(v) ‧見備註/See Remarks 7 (e)(ii) ‧見備註/See Remarks 7 (e)(i) ‧見備註/See Remarks 7 (d)(ii) ‧見備註/See Remarks 7 (e)(iii) ‧見備註/See Remarks 7 (f)(ii) ‧見備註/See Remarks 7 (e)(iv),
2017-12-16,2017-12-29,,第3座 (3B) Tower 3 (3B),38,A,,12660800,,‧價單第4A號 (B1)付款辦法 Payment Plan (B1) of Price List No.4A 見備註/See Remarks 7 (c)(ii) ‧見備註/See Remarks 7 (c)(iii) ‧見備註/See Remarks 7 (c)(iv) ‧見備註/See Remarks 7 (c)(v) ‧見備註/See Remarks 7 (e)(ii) ‧見備註/See Remarks 7 (e)(i) ‧見備註/See Remarks 7 (d)(ii) ‧見備註/See Remarks 7 (e)(iii) ‧見備註/See Remarks 7 (f)(ii) ‧見備註/See Remarks 7 (e)(iv),
2017-12-16,2017-12-29,,第3座 (3B) Tower 3 (3B),33,A,,11928000,,‧價單第4A號 (A1)付款辦法 Payment Plan (A1) of Price List No.4A 見備註/See Remarks 7 (c)(i) ‧見備註/See Remarks 7 (c)(iii) ‧見備註/See Remarks 7 (c)(iv) ‧見備註/See Remarks 7 (c)(v) ‧見備註/See Remarks 7 (e)(i) ‧見備註/See Remarks 7 (d)(ii) ‧見備註/See Remarks 7 (e)(iii) ‧見備註/See Remarks 7 (f)(ii) ‧見備註/See Remarks 7 (e)(iv),
2017-12-16,2017-12-29,,第3座 (3B) Tower 3 (3B),28,A,,13578000,,‧價單第4A號 (B1)付款辦法 Payment Plan (B1) of Price List No.4A 見備註/See Remarks 7 (c)(ii) ‧見備註/See Remarks 7 (d)(i) ‧見備註/See Remarks 7 (c)(iv) ‧見備註/See Remarks 7 (c)(v) ‧見備註/See Remarks 7 (e)(ii) ‧見備註/See Remarks 7 (e)(i) ‧見備註/See Remarks 7 (d)(ii) ‧見備註/See Remarks 7 (e)(iii) ‧見備註/See Remarks 7 (f)(ii) ‧見備註/See Remarks 7 (e)(iv),
2017-12-16,2017-12-29,,第3座 (3B) Tower 3 (3B),23,A,,11390400,,‧價單第4A號 (A1)付款辦法 Payment Plan (A1) of Price List No.4A 見備註/See Remarks 7 (c)(i) ‧見備註/See Remarks 7 (c)(iii) ‧見備註/See Remarks 7 (c)(iv) ‧見備註/See Remarks 7 (c)(v) ‧見備註/See Remarks 7 (e)(i) ‧見備註/See Remarks 7 (d)(ii) ‧見備註/See Remarks 7 (e)(iii) ‧見備註/See Remarks 7 (f)(ii) ‧見備註/See Remarks 7 (e)(iv),
2017-12-16,2017-12-29,,第3座 (3B) Tower 3 (3B),19,A,,11454500,,‧價單第4A號 (B1)付款辦法 Payment Plan (B1) of Price List No.4A 見備註/See Remarks 7 (c)(ii) ‧見備註/See Remarks 7 (c)(iii) ‧見備註/See Remarks 7 (c)(iv) ‧見備註/See Remarks 7 (c)(v) ‧見備註/See Remarks 7 (e)(ii) ‧見備註/See Remarks 7 (e)(i) ‧見備註/See Remarks 7 (d)(ii) ‧見備註/See Remarks 7 (e)(iii) ‧見備註/See Remarks 7 (f)(ii) ‧見備註/See Remarks 7 (e)(iv),
2017-12-16,2017-12-29,,第3座 (3B) Tower 3 (3B),15,A,,11271700,,‧價單第4A號 (B1)付款辦法 Payment Plan (B1) of Price List No.4A 見備註/See Remarks 7 (c)(ii) ‧見備註/See Remarks 7 (c)(iii) ‧見備註/See Remarks 7 (c)(iv) ‧見備註/See Remarks 7 (c)(v) ‧見備註/See Remarks 7 (e)(ii) ‧見備註/See Remarks 7 (e)(i) ‧見備註/See Remarks 7 (d)(ii) ‧見備註/See Remarks 7 (e)(iii) ‧見備註/See Remarks 7 (f)(ii) ‧見備註/See Remarks 7 (e)(iv),
2017-12-16,2017-12-29,,第3座 (3B) Tower 3 (3B),9,A,,10822400,,‧價單第4A號 (A1)付款辦法 Payment Plan (A1) of Price List No.4A 見備註/See Remarks 7 (c)(i) ‧見備註/See Remarks 7 (c)(iii) ‧見備註/See Remarks 7 (c)(iv) ‧見備註/See Remarks 7 (c)(v) ‧見備註/See Remarks 7 (e)(i) ‧見備註/See Remarks 7 (d)(ii) ‧見備註/See Remarks 7 (e)(iii) ‧見備註/See Remarks 7 (f)(ii) ‧見備註/See Remarks 7 (e)(iv),
2017-12-16,2017-12-29,,第3座 (3B) Tower 3 (3B),53,E,,8745300,,‧價單第4A號 (B1)付款辦法 Payment Plan (B1) of Price List No.4A 見備註/See Remarks 7 (c)(ii) ‧見備註/See Remarks 7 (c)(iii) ‧見備註/See Remarks 7 (c)(iv) ‧見備註/See Remarks 7 (c)(v) ‧見備註/See Remarks 7 (e)(ii) ‧見備註/See Remarks 7 (e)(i) ‧見備註/See Remarks 7 (d)(ii) ‧見備註/See Remarks 7 (e)(iii) ‧見備註/See Remarks 7 (f)(ii) ‧見備註/See Remarks 7 (e)(iv),
2017-12-16,2017-12-29,,第3座 (3B) Tower 3 (3B),43,E,,7942400,,‧價單第4A號 (A1)付款辦法 Payment Plan (A1) of Price List No.4A 見備註/See Remarks 7 (c)(i) ‧見備註/See Remarks 7 (c)(iii) ‧見備註/See Remarks 7 (c)(iv) ‧見備註/See Remarks 7 (c)(v) ‧見備註/See Remarks 7 (e)(i) ‧見備註/See Remarks 7 (d)(ii) ‧見備註/See Remarks 7 (e)(iii) ‧見備註/See Remarks 7 (f)(ii) ‧見備註/See Remarks 7 (e)(iv),
2017-12-16,2017-12-29,,第3座 (3B) Tower 3 (3B),50,F,,8287200,,‧價單第4A號 (A1)付款辦法 Payment Plan (A1) of Price List No.4A 見備註/See Remarks 7 (c)(i) ‧見備註/See Remarks 7 (c)(iii) ‧見備註/See Remarks 7 (c)(iv) ‧見備註/See Remarks 7 (c)(v) ‧見備註/See Remarks 7 (e)(i) ‧見備註/See Remarks 7 (d)(ii) ‧見備註/See Remarks 7 (e)(iii) ‧見備註/See Remarks 7 (f)(ii) ‧見備註/See Remarks 7 (e)(iv),
2017-12-16,2017-12-29,,第3座 (3B) Tower 3 (3B),48,F,,8246400,,‧價單第4A號 (A1)付款辦法 Payment Plan (A1) of Price List No.4A 見備註/See Remarks 7 (c)(i) ‧見備註/See Remarks 7 (c)(iii) ‧見備註/See Remarks 7 (c)(iv) ‧見備註/See Remarks 7 (c)(v) ‧見備註/See Remarks 7 (e)(i) ‧見備註/See Remarks 7 (d)(ii) ‧見備註/See Remarks 7 (e)(iii) ‧見備註/See Remarks 7 (f)(ii) ‧見備註/See Remarks 7 (e)(iv),
2017-12-16,2017-12-29,,第3座 (3B) Tower 3 (3B),45,F,,8220500,,‧價單第4A號 (B1)付款辦法 Payment Plan (B1) of Price List No.4A 見備註/See Remarks 7 (c)(ii) ‧見備註/See Remarks 7 (c)(iii) ‧見備註/See Remarks 7 (c)(iv) ‧見備註/See Remarks 7 (c)(v) ‧見備註/See Remarks 7 (e)(ii) ‧見備註/See Remarks 7 (e)(i) ‧見備註/See Remarks 7 (d)(ii) ‧見備註/See Remarks 7 (e)(iii) ‧見備註/See Remarks 7 (f)(ii) ‧見備註/See Remarks 7 (e)(iv),
2017-12-16,2017-12-29,,第3座 (3B) Tower 3 (3B),43,F,,8162200,,‧價單第4A號 (B1)付款辦法 Payment Plan (B1) of Price List No.4A 見備註/See Remarks 7 (c)(ii) ‧見備註/See Remarks 7 (c)(iii) ‧見備註/See Remarks 7 (c)(iv) ‧見備註/See Remarks 7 (c)(v) ‧見備註/See Remarks 7 (e)(ii) ‧見備註/See Remarks 7 (e)(i) ‧見備註/See Remarks 7 (d)(ii) ‧見備註/See Remarks 7 (e)(iii) ‧見備註/See Remarks 7 (f)(ii) ‧見備註/See Remarks 7 (e)(iv),
2017-12-16,2017-12-29,,第3座 (3B) Tower 3 (3B),32,G,,6256000,,‧價單第4A號 (A1)付款辦法 Payment Plan (A1) of Price List No.4A 見備註/See Remarks 7 (c)(i) ‧見備註/See Remarks 7 (c)(iii) ‧見備註/See Remarks 7 (c)(iv) ‧見備註/See Remarks 7 (c)(v) ‧見備註/See Remarks 7 (e)(i) ‧見備註/See Remarks 7 (d)(ii) ‧見備註/See Remarks 7 (e)(iii) ‧見備註/See Remarks 7 (f)(ii) ‧見備註/See Remarks 7 (e)(iv),
2017-12-16,2017-12-29,,第3座 (3B) Tower 3 (3B),30,G,,6349200,,‧價單第4A號 (B1)付款辦法 Payment Plan (B1) of Price List No.4A 見備註/See Remarks 7 (c)(ii) ‧見備註/See Remarks 7 (c)(iii) ‧見備註/See Remarks 7 (c)(iv) ‧見備註/See Remarks 7 (c)(v) ‧見備註/See Remarks 7 (e)(ii) ‧見備註/See Remarks 7 (e)(i) ‧見備註/See Remarks 7 (d)(ii) ‧見備註/See Remarks 7 (e)(iii) ‧見備註/See Remarks 7 (f)(ii) ‧見備註/See Remarks 7 (e)(iv),
2017-12-17,2017-12-29,,第3座 (3A) Tower 3 (3A),17,B,,31041100,,‧價單第2A號 (B1)付款辦法 Payment Plan (B1) of Price List No.2A 見備註/See Remarks 7 (c)(ii) ‧見備註/See Remarks 7 (c)(iii) ‧見備註/See Remarks 7 (c)(iv) ‧見備註/See Remarks 7 (c)(v) ‧見備註/See Remarks 7 (e)(ii) ‧見備註/See Remarks 7 (e)(i) ‧見備註/See Remarks 7 (d)(ii) ‧見備註/See Remarks 7 (e)(iii),
2017-12-17,2017-12-29,,第3座 (3B) Tower 3 (3B),47,E,,8110400,,‧價單第4A號 (A1)付款辦法 Payment Plan (A1) of Price List No.4A 見備註/See Remarks 7 (c)(i) ‧見備註/See Remarks 7 (c)(iii) ‧見備註/See Remarks 7 (c)(iv) ‧見備註/See Remarks 7 (c)(v) ‧見備註/See Remarks 7 (e)(i) ‧見備註/See Remarks 7 (d)(ii) ‧見備註/See Remarks 7 (e)(iii) ‧見備註/See Remarks 7 (f)(ii) ‧見備註/See Remarks 7 (e)(iv),
2017-12-18,2018-01-02,,第3座 (3B) Tower 3 (3B),35,G,,6477100,,‧價單第4A號 (B1)付款辦法 Payment Plan (B1) of Price List No.4A 見備註/See Remarks 7 (c)(ii) ‧見備註/See Remarks 7 (c)(iii) ‧見備註/See Remarks 7 (c)(iv) ‧見備註/See Remarks 7 (c)(v) ‧見備註/See Remarks 7 (e)(ii) ‧見備註/See Remarks 7 (e)(i) ‧見備註/See Remarks 7 (d)(ii) ‧見備註/See Remarks 7 (e)(iii) ‧見備註/See Remarks 7 (f)(ii) ‧見備註/See Remarks 7 (e)(iv),
2017-12-20,2018-01-04,,第3座 (3A) Tower 3 (3A),16,B,,30163200,,‧價單第2A號 (A1)付款辦法 Payment Plan (A1) of Price List No.2A 見備註/See Remarks 7 (c)(i) ‧見備註/See Remarks 7 (c)(iii) ‧見備註/See Remarks 7 (c)(iv) ‧見備註/See Remarks 7 (c)(v) ‧見備註/See Remarks 7 (e)(i) ‧見備註/See Remarks 7 (d)(ii) ‧見備註/See Remarks 7 (e)(iii),
2017-12-20,2018-01-04,,第3座 (3A) Tower 3 (3A),49,C,,15312000,,‧價單第4A號 (A1)付款辦法 Payment Plan (A1) of Price List No.4A 見備註/See Remarks 7 (c)(i) ‧見備註/See Remarks 7 (c)(iii) ‧見備註/See Remarks 7 (c)(iv) ‧見備註/See Remarks 7 (c)(v) ‧見備註/See Remarks 7 (e)(i) ‧見備註/See Remarks 7 (d)(ii) ‧見備註/See Remarks 7 (e)(iii) ‧見備註/See Remarks 7 (f)(ii) ‧見備註/See Remarks 7 (e)(iv),
2017-12-20,2018-01-04,,第3座 (3B) Tower 3 (3B),50,E,,8264800,,‧價單第4A號 (A1)付款辦法 Payment Plan (A1) of Price List No.4A 見備註/See Remarks 7 (c)(i) ‧見備註/See Remarks 7 (c)(iii) ‧見備註/See Remarks 7 (c)(iv) ‧見備註/See Remarks 7 (c)(v) ‧見備註/See Remarks 7 (e)(i) ‧見備註/See Remarks 7 (d)(ii) ‧見備註/See Remarks 7 (e)(iii) ‧見備註/See Remarks 7 (f)(ii) ‧見備註/See Remarks 7 (e)(iv),
2017-12-20,2018-01-04,,第3座 (3B) Tower 3 (3B),46,F,,8076000,,‧價單第4A號 (A1)付款辦法 Payment Plan (A1) of Price List No.4A 見備註/See Remarks 7 (c)(i) ‧見備註/See Remarks 7 (c)(iii) ‧見備註/See Remarks 7 (c)(iv) ‧見備註/See Remarks 7 (c)(v) ‧見備註/See Remarks 7 (e)(i) ‧見備註/See Remarks 7 (d)(ii) ‧見備註/See Remarks 7 (e)(iii) ‧見備註/See Remarks 7 (f)(ii) ‧見備註/See Remarks 7 (e)(iv),
2017-12-20,2018-01-04,,第5座 (5A) Tower 5 (5A),47,A,,42451200,,‧價單第3A號 (A1)付款辦法 Payment Plan (A1) of Price List No.3A 見備註/See Remarks 7 (c)(i) ‧見備註/See Remarks 7 (c)(iii) ‧見備註/See Remarks 7 (c)(iv) ‧見備註/See Remarks 7 (c)(v) ‧見備註/See Remarks 7 (e)(i) ‧見備註/See Remarks 7 (d)(ii) ‧見備註/See Remarks 7 (e)(iii) ‧見備註/See Remarks 7 (f)(i),
2017-12-21,2018-01-05,,第3座 (3A) Tower 3 (3A),12,B,,30670400,,‧價單第2A號 (B1)付款辦法 Payment Plan (B1) of Price List No.2A 見備註/See Remarks 7 (c)(ii) ‧見備註/See Remarks 7 (c)(iii) ‧見備註/See Remarks 7 (c)(iv) ‧見備註/See Remarks 7 (c)(v) ‧見備註/See Remarks 7 (e)(ii) ‧見備註/See Remarks 7 (e)(i) ‧見備註/See Remarks 7 (d)(ii) ‧見備註/See Remarks 7 (e)(iii),
2017-12-21,2018-01-05,,第3座 (3B) Tower 3 (3B),49,F,,8452500,,‧價單第4A號 (B1)付款辦法 Payment Plan (B1) of Price List No.4A 見備註/See Remarks 7 (c)(ii) ‧見備註/See Remarks 7 (c)(iii) ‧見備註/See Remarks 7 (c)(iv) ‧見備註/See Remarks 7 (c)(v) ‧見備註/See Remarks 7 (e)(ii) ‧見備註/See Remarks 7 (e)(i) ‧見備註/See Remarks 7 (d)(ii) ‧見備註/See Remarks 7 (e)(iii) ‧見備註/See Remarks 7 (f)(ii) ‧見備註/See Remarks 7 (e)(iv),
2017-12-21,2018-01-05,,第3座 (3B) Tower 3 (3B),47,F,,8335300,,‧價單第4A號 (B1)付款辦法 Payment Plan (B1) of Price List No.4A 見備註/See Remarks 7 (c)(ii) ‧見備註/See Remarks 7 (c)(iii) ‧見備註/See Remarks 7 (c)(iv) ‧見備註/See Remarks 7 (c)(v) ‧見備註/See Remarks 7 (e)(ii) ‧見備註/See Remarks 7 (e)(i) ‧見備註/See Remarks 7 (d)(ii) ‧見備註/See Remarks 7 (e)(iii) ‧見備註/See Remarks 7 (f)(ii) ‧見備註/See Remarks 7 (e)(iv),
2017-12-21,2018-01-05,,第3座 (3B) Tower 3 (3B),39,G,,6447200,,‧價單第4A號 (A1)付款辦法 Payment Plan (A1) of Price List No.4A 見備註/See Remarks 7 (c)(i) ‧見備註/See Remarks 7 (c)(iii) ‧見備註/See Remarks 7 (c)(iv) ‧見備註/See Remarks 7 (c)(v) ‧見備註/See Remarks 7 (e)(i) ‧見備註/See Remarks 7 (d)(ii) ‧見備註/See Remarks 7 (e)(iii) ‧見備註/See Remarks 7 (f)(ii) ‧見備註/See Remarks 7 (e)(iv),
2018-08-26,2018-09-05,,第3座 (3A) Tower 3 (3A),55,D,,16500000,,‧價單第6號 (A2)付款辦法 Payment Plan (A2) of Price List No.6 見備註/See Remarks 7 (c)(i) ‧見備註/See Remarks 7 (c)(iii) ‧見備註/See Remarks 7 (c)(iv) ‧見備註/See Remarks 7 (c)(v) ‧見備註/See Remarks 7 (e)(vi) ‧見備註/See Remarks 7 (d)(v) ‧見備註/See Remarks 7 (e)(iii) ‧見備註/See Remarks 7 (f)(ii) ‧見備註/See Remarks 7 (e)(iv),
2018-08-26,2018-09-05,,第3座 (3A) Tower 3 (3A),52,D,,16236000,,‧價單第6號 (A2)付款辦法 Payment Plan (A2) of Price List No.6 見備註/See Remarks 7 (c)(i) ‧見備註/See Remarks 7 (c)(iii) ‧見備註/See Remarks 7 (c)(iv) ‧見備註/See Remarks 7 (c)(v) ‧見備註/See Remarks 7 (e)(vi) ‧見備註/See Remarks 7 (d)(v) ‧見備註/See Remarks 7 (e)(iii) ‧見備註/See Remarks 7 (f)(ii) ‧見備註/See Remarks 7 (e)(iv),
2018-08-26,2018-09-05,,第3座 (3A) Tower 3 (3A),50,D,,17615800,,‧價單第6號 (B2)付款辦法 Payment Plan (B2) of Price List No.6 見備註/See Remarks 7 (c)(ii) ‧見備註/See Remarks 7 (c)(iii) ‧見備註/See Remarks 7 (d)(iii) ‧見備註/See Remarks 7 (c)(v) ‧見備註/See Remarks 7 (e)(v) ‧見備註/See Remarks 7 (e)(vi) ‧見備註/See Remarks 7 (e)(iii) ‧見備註/See Remarks 7 (f)(ii) ‧見備註/See Remarks 7 (e)(iv),
2018-08-26,2018-09-05,2024-02-23,第3座 (3A) Tower 3 (3A),48,D,,15919200,,‧價單第6號 (A2)付款辦法 Payment Plan (A2) of Price List No.6 見備註/See Remarks 7 (c)(i) ‧見備註/See Remarks 7 (c)(iii) ‧見備註/See Remarks 7 (c)(iv) ‧見備註/See Remarks 7 (c)(v) ‧見備註/See Remarks 7 (e)(vi) ‧見備註/See Remarks 7 (d)(v) ‧見備註/See Remarks 7 (e)(iii) ‧見備註/See Remarks 7 (f)(ii) ‧見備註/See Remarks 7 (e)(iv),
2018-08-26,2018-09-05,,第3座 (3A) Tower 3 (3A),46,D,,15692000,,‧價單第6號 (A2)付款辦法 Payment Plan (A2) of Price List No.6 見備註/See Remarks 7 (c)(i) ‧見備註/See Remarks 7 (c)(iii) ‧見備註/See Remarks 7 (c)(iv) ‧見備註/See Remarks 7 (c)(v) ‧見備註/See Remarks 7 (e)(vi) ‧見備註/See Remarks 7 (d)(v) ‧見備註/See Remarks 7 (e)(iii) ‧見備註/See Remarks 7 (f)(ii) ‧見備註/See Remarks 7 (e)(iv),
2018-08-26,2018-09-05,,第3座 (3A) Tower 3 (3A),43,D,,15543200,,‧價單第6號 (A2)付款辦法 Payment Plan (A2) of Price List No.6 見備註/See Remarks 7 (c)(i) ‧見備註/See Remarks 7 (c)(iii) ‧見備註/See Remarks 7 (c)(iv) ‧見備註/See Remarks 7 (c)(v) ‧見備註/See Remarks 7 (e)(vi) ‧見備註/See Remarks 7 (d)(v) ‧見備註/See Remarks 7 (e)(iii) ‧見備註/See Remarks 7 (f)(ii) ‧見備註/See Remarks 7 (e)(iv),
2018-08-26,2018-09-05,,第3座 (3A) Tower 3 (3A),41,D,,15394400,,‧價單第6號 (A2)付款辦法 Payment Plan (A2) of Price List No.6 見備註/See Remarks 7 (c)(i) ‧見備註/See Remarks 7 (c)(iii) ‧見備註/See Remarks 7 (c)(iv) ‧見備註/See Remarks 7 (c)(v) ‧見備註/See Remarks 7 (e)(vi) ‧見備註/See Remarks 7 (d)(v) ‧見備註/See Remarks 7 (e)(iii) ‧見備註/See Remarks 7 (f)(ii) ‧見備註/See Remarks 7 (e)(iv),
2018-08-26,2018-09-05,,第3座 (3A) Tower 3 (3A),39,D,,15247200,,‧價單第6號 (A2)付款辦法 Payment Plan (A2) of Price List No.6 見備註/See Remarks 7 (c)(i) ‧見備註/See Remarks 7 (c)(iii) ‧見備註/See Remarks 7 (c)(iv) ‧見備註/See Remarks 7 (c)(v) ‧見備註/See Remarks 7 (e)(vi) ‧見備註/See Remarks 7 (d)(v) ‧見備註/See Remarks 7 (e)(iii) ‧見備註/See Remarks 7 (f)(ii) ‧見備註/See Remarks 7 (e)(iv),
2018-08-26,,,第3座 (3A) Tower 3 (3A),37,D,,15120800,,‧價單第6號 (A2)付款辦法 Payment Plan (A2) of Price List No.6 見備註/See Remarks 7 (c)(i) ‧見備註/See Remarks 7 (c)(iii) ‧見備註/See Remarks 7 (c)(iv) ‧見備註/See Remarks 7 (c)(v) ‧見備註/See Remarks 7 (e)(vi) ‧見備註/See Remarks 7 (d)(v) ‧見備註/See Remarks 7 (e)(iii) ‧見備註/See Remarks 7 (f)(ii) ‧見備註/See Remarks 7 (e)(iv),
2018-08-26,2018-09-05,,第3座 (3A) Tower 3 (3A),35,D,,15369200,,‧價單第6號 (B2)付款辦法 Payment Plan (B2) of Price List No.6 見備註/See Remarks 7 (c)(ii) ‧見備註/See Remarks 7 (c)(iii) ‧見備註/See Remarks 7 (c)(iv) ‧見備註/See Remarks 7 (c)(v) ‧見備註/See Remarks 7 (e)(v) ‧見備註/See Remarks 7 (e)(vi) ‧見備註/See Remarks 7 (d)(ii) ‧見備註/See Remarks 7 (e)(iii) ‧見備註/See Remarks 7 (f)(ii) ‧見備註/See Remarks 7 (e)(iv),
2018-08-26,2018-09-05,,第3座 (3A) Tower 3 (3A),32,D,,15240500,,‧價單第6號 (B2)付款辦法 Payment Plan (B2) of Price List No.6 見備註/See Remarks 7 (c)(ii) ‧見備註/See Remarks 7 (c)(iii) ‧見備註/See Remarks 7 (c)(iv) ‧見備註/See Remarks 7 (c)(v) ‧見備註/See Remarks 7 (e)(v) ‧見備註/See Remarks 7 (e)(vi) ‧見備註/See Remarks 7 (d)(ii) ‧見備註/See Remarks 7 (e)(iii) ‧見備註/See Remarks 7 (f)(ii) ‧見備註/See Remarks 7 (e)(iv),
2018-08-26,2018-09-05,,第3座 (3A) Tower 3 (3A),31,D,,15176500,,‧價單第6號 (B2)付款辦法 Payment Plan (B2) of Price List No.6 見備註/See Remarks 7 (c)(ii) ‧見備註/See Remarks 7 (c)(iii) ‧見備註/See Remarks 7 (c)(iv) ‧見備註/See Remarks 7 (c)(v) ‧見備註/See Remarks 7 (e)(v) ‧見備註/See Remarks 7 (e)(vi) ‧見備註/See Remarks 7 (d)(ii) ‧見備註/See Remarks 7 (e)(iii) ‧見備註/See Remarks 7 (f)(ii) ‧見備註/See Remarks 7 (e)(iv),
2018-08-26,2018-09-05,,第3座 (3A) Tower 3 (3A),30,D,,15141300,,‧價單第6號 (B2)付款辦法 Payment Plan (B2) of Price List No.6 見備註/See Remarks 7 (c)(ii) ‧見備註/See Remarks 7 (c)(iii) ‧見備註/See Remarks 7 (c)(iv) ‧見備註/See Remarks 7 (c)(v) ‧見備註/See Remarks 7 (e)(v) ‧見備註/See Remarks 7 (e)(vi) ‧見備註/See Remarks 7 (d)(ii) ‧見備註/See Remarks 7 (e)(iii) ‧見備註/See Remarks 7 (f)(ii) ‧見備註/See Remarks 7 (e)(iv),
2018-08-26,2018-09-05,,第3座 (3A) Tower 3 (3A),28,D,,15141300,,‧價單第6號 (B2)付款辦法 Payment Plan (B2) of Price List No.6 見備註/See Remarks 7 (c)(ii) ‧見備註/See Remarks 7 (c)(iii) ‧見備註/See Remarks 7 (c)(iv) ‧見備註/See Remarks 7 (c)(v) ‧見備註/See Remarks 7 (e)(v) ‧見備註/See Remarks 7 (e)(vi) ‧見備註/See Remarks 7 (d)(ii) ‧見備註/See Remarks 7 (e)(iii) ‧見備註/See Remarks 7 (f)(ii) ‧見備註/See Remarks 7 (e)(iv),
2018-08-26,2018-09-05,,第3座 (3A) Tower 3 (3A),27,D,,14989600,,‧價單第6號 (B2)付款辦法 Payment Plan (B2) of Price List No.6 見備註/See Remarks 7 (c)(ii) ‧見備註/See Remarks 7 (c)(iii) ‧見備註/See Remarks 7 (c)(iv) ‧見備註/See Remarks 7 (c)(v) ‧見備註/See Remarks 7 (e)(v) ‧見備註/See Remarks 7 (e)(vi) ‧見備註/See Remarks 7 (d)(ii) ‧見備註/See Remarks 7 (e)(iii) ‧見備註/See Remarks 7 (f)(ii) ‧見備註/See Remarks 7 (e)(iv),
2018-08-26,2018-09-05,,第3座 (3A) Tower 3 (3A),26,D,,14552000,,‧價單第6號 (A2)付款辦法 Payment Plan (A2) of Price List No.6 見備註/See Remarks 7 (c)(i) ‧見備註/See Remarks 7 (c)(iii) ‧見備註/See Remarks 7 (c)(iv) ‧見備註/See Remarks 7 (c)(v) ‧見備註/See Remarks 7 (e)(vi) ‧見備註/See Remarks 7 (d)(v) ‧見備註/See Remarks 7 (e)(iii) ‧見備註/See Remarks 7 (f)(ii) ‧見備註/See Remarks 7 (e)(iv),
2018-08-26,2018-09-05,,第3座 (3A) Tower 3 (3A),25,D,,14478400,,‧價單第6號 (A2)付款辦法 Payment Plan (A2) of Price List No.6 見備註/See Remarks 7 (c)(i) ‧見備註/See Remarks 7 (c)(iii) ‧見備註/See Remarks 7 (c)(iv) ‧見備註/See Remarks 7 (c)(v) ‧見備註/See Remarks 7 (e)(vi) ‧見備註/See Remarks 7 (d)(v) ‧見備註/See Remarks 7 (e)(iii) ‧見備註/See Remarks 7 (f)(ii) ‧見備註/See Remarks 7 (e)(iv),
2018-08-26,2018-09-05,,第3座 (3A) Tower 3 (3A),23,D,,14766500,,‧價單第6號 (B2)付款辦法 Payment Plan (B2) of Price List No.6 見備註/See Remarks 7 (c)(ii) ‧見備註/See Remarks 7 (c)(iii) ‧見備註/See Remarks 7 (c)(iv) ‧見備註/See Remarks 7 (c)(v) ‧見備註/See Remarks 7 (e)(v) ‧見備註/See Remarks 7 (e)(vi) ‧見備註/See Remarks 7 (d)(ii) ‧見備註/See Remarks 7 (e)(iii) ‧見備註/See Remarks 7 (f)(ii) ‧見備註/See Remarks 7 (e)(iv),
2018-08-26,2018-09-05,,第3座 (3A) Tower 3 (3A),21,D,,14263200,,‧價單第6號 (A2)付款辦法 Payment Plan (A2) of Price List No.6 見備註/See Remarks 7 (c)(i) ‧見備註/See Remarks 7 (c)(iii) ‧見備註/See Remarks 7 (c)(iv) ‧見備註/See Remarks 7 (c)(v) ‧見備註/See Remarks 7 (e)(vi) ‧見備註/See Remarks 7 (d)(v) ‧見備註/See Remarks 7 (e)(iii) ‧見備註/See Remarks 7 (f)(ii) ‧見備註/See Remarks 7 (e)(iv),
2018-08-26,2018-09-05,,第3座 (3A) Tower 3 (3A),19,D,,14134400,,‧價單第6號 (A2)付款辦法 Payment Plan (A2) of Price List No.6 見備註/See Remarks 7 (c)(i) ‧見備註/See Remarks 7 (c)(iii) ‧見備註/See Remarks 7 (c)(iv) ‧見備註/See Remarks 7 (c)(v) ‧見備註/See Remarks 7 (e)(vi) ‧見備註/See Remarks 7 (d)(v) ‧見備註/See Remarks 7 (e)(iii) ‧見備註/See Remarks 7 (f)(ii) ‧見備註/See Remarks 7 (e)(iv),
2018-08-26,2018-09-05,,第3座 (3A) Tower 3 (3A),17,D,,14020800,,‧價單第6號 (A2)付款辦法 Payment Plan (A2) of Price List No.6 見備註/See Remarks 7 (c)(i) ‧見備註/See Remarks 7 (c)(iii) ‧見備註/See Remarks 7 (c)(iv) ‧見備註/See Remarks 7 (c)(v) ‧見備註/See Remarks 7 (e)(vi) ‧見備註/See Remarks 7 (d)(v) ‧見備註/See Remarks 7 (e)(iii) ‧見備註/See Remarks 7 (f)(ii) ‧見備註/See Remarks 7 (e)(iv),
2018-08-26,2018-09-05,,第3座 (3A) Tower 3 (3A),15,D,,13908800,,‧價單第6號 (A2)付款辦法 Payment Plan (A2) of Price List No.6 見備註/See Remarks 7 (c)(i) ‧見備註/See Remarks 7 (c)(iii) ‧見備註/See Remarks 7 (c)(iv) ‧見備註/See Remarks 7 (c)(v) ‧見備註/See Remarks 7 (e)(vi) ‧見備註/See Remarks 7 (d)(v) ‧見備註/See Remarks 7 (e)(iii) ‧見備註/See Remarks 7 (f)(ii) ‧見備註/See Remarks 7 (e)(iv),
2018-08-26,2018-09-05,,第3座 (3A) Tower 3 (3A),11,D,,13798400,,‧價單第6號 (A2)付款辦法 Payment Plan (A2) of Price List No.6 見備註/See Remarks 7 (c)(i) ‧見備註/See Remarks 7 (c)(iii) ‧見備註/See Remarks 7 (c)(iv) ‧見備註/See Remarks 7 (c)(v) ‧見備註/See Remarks 7 (e)(vi) ‧見備註/See Remarks 7 (d)(v) ‧見備註/See Remarks 7 (e)(iii) ‧見備註/See Remarks 7 (f)(ii) ‧見備註/See Remarks 7 (e)(iv),
2018-08-26,2018-09-05,,第3座 (3A) Tower 3 (3A),9,D,,13688000,,‧價單第6號 (A2)付款辦法 Payment Plan (A2) of Price List No.6 見備註/See Remarks 7 (c)(i) ‧見備註/See Remarks 7 (c)(iii) ‧見備註/See Remarks 7 (c)(iv) ‧見備註/See Remarks 7 (c)(v) ‧見備註/See Remarks 7 (e)(vi) ‧見備註/See Remarks 7 (d)(v) ‧見備註/See Remarks 7 (e)(iii) ‧見備註/See Remarks 7 (f)(ii) ‧見備註/See Remarks 7 (e)(iv),
2018-08-26,2018-09-05,,第3座 (3A) Tower 3 (3A),7,D,,13750500,,‧價單第6號 (B2)付款辦法 Payment Plan (B2) of Price List No.6 見備註/See Remarks 7 (c)(ii) ‧見備註/See Remarks 7 (c)(iii) ‧見備註/See Remarks 7 (c)(iv) ‧見備註/See Remarks 7 (c)(v) ‧見備註/See Remarks 7 (e)(v) ‧見備註/See Remarks 7 (e)(vi) ‧見備註/See Remarks 7 (d)(ii) ‧見備註/See Remarks 7 (e)(iii) ‧見備註/See Remarks 7 (f)(ii) ‧見備註/See Remarks 7 (e)(iv),
2018-08-26,2018-09-05,,第5座 (5A) Tower 5 (5A),56,A,,50230400,,‧價單第4B號 (A2)付款辦法 Payment Plan (A2) of Price List No.4B 見備註/See Remarks 7 (c)(i) ‧見備註/See Remarks 7 (c)(iii) ‧見備註/See Remarks 7 (c)(iv) ‧見備註/See Remarks 7 (c)(v) ‧見備註/See Remarks 7 (e)(vi) ‧見備註/See Remarks 7 (d)(v) ‧見備註/See Remarks 7 (e)(iii) ‧見備註/See Remarks 7 (f)(i),
2018-08-26,2018-09-05,,第5座 (5A) Tower 5 (5A),55,A,,61254200,,‧價單第4B號 (C2)付款辦法 Payment Plan (C2) of Price List No.4B 見備註/See Remarks 7 (c)(vi) ‧見備註/See Remarks 7 (d)(vi) ‧見備註/See Remarks 7 (d)(iii) ‧見備註/See Remarks 7 (c)(v) ‧見備註/See Remarks 7 (e)(v) ‧見備註/See Remarks 7 (e)(vi) ‧見備註/See Remarks 7 (e)(iii) ‧見備註/See Remarks 7 (f)(i),
2018-08-26,2018-09-05,,第5座 (5A) Tower 5 (5A),53,A,,50035500,,‧價單第4B號 (B2)付款辦法 Payment Plan (B2) of Price List No.4B 見備註/See Remarks 7 (c)(ii) ‧見備註/See Remarks 7 (c)(iii) ‧見備註/See Remarks 7 (c)(iv) ‧見備註/See Remarks 7 (c)(v) ‧見備註/See Remarks 7 (e)(v) ‧見備註/See Remarks 7 (e)(vi) ‧見備註/See Remarks 7 (d)(ii) ‧見備註/See Remarks 7 (e)(iii) ‧見備註/See Remarks 7 (f)(i),
2018-08-26,2018-09-05,,第5座 (5A) Tower 5 (5A),52,A,,48179200,,‧價單第4B號 (A2)付款辦法 Payment Plan (A2) of Price List No.4B 見備註/See Remarks 7 (c)(i) ‧見備註/See Remarks 7 (c)(iii) ‧見備註/See Remarks 7 (c)(iv) ‧見備註/See Remarks 7 (c)(v) ‧見備註/See Remarks 7 (e)(vi) ‧見備註/See Remarks 7 (d)(v) ‧見備註/See Remarks 7 (e)(iii) ‧見備註/See Remarks 7 (f)(i),
2018-08-26,2018-09-05,,第5座 (5A) Tower 5 (5A),40,A,,42887200,,‧價單第3B號 (A2)付款辦法 Payment Plan (A2) of Price List No.3B 見備註/See Remarks 7 (c)(i) ‧見備註/See Remarks 7 (c)(iii) ‧見備註/See Remarks 7 (c)(iv) ‧見備註/See Remarks 7 (c)(v) ‧見備註/See Remarks 7 (e)(vi) ‧見備註/See Remarks 7 (d)(v) ‧見備註/See Remarks 7 (e)(iii) ‧見備註/See Remarks 7 (f)(i),
2018-08-26,2018-09-05,,第5座 (5A) Tower 5 (5A),28,A,,40032000,,‧價單第4B號 (A2)付款辦法 Payment Plan (A2) of Price List No.4B 見備註/See Remarks 7 (c)(i) ‧見備註/See Remarks 7 (c)(iii) ‧見備註/See Remarks 7 (c)(iv) ‧見備註/See Remarks 7 (c)(v) ‧見備註/See Remarks 7 (e)(vi) ‧見備註/See Remarks 7 (d)(v) ‧見備註/See Remarks 7 (e)(iii) ‧見備註/See Remarks 7 (f)(i),
2018-08-26,2018-09-05,,第5座 (5A) Tower 5 (5A),26,A,,39631200,,‧價單第4B號 (A2)付款辦法 Payment Plan (A2) of Price List No.4B 見備註/See Remarks 7 (c)(i) ‧見備註/See Remarks 7 (c)(iii) ‧見備註/See Remarks 7 (c)(iv) ‧見備註/See Remarks 7 (c)(v) ‧見備註/See Remarks 7 (e)(vi) ‧見備註/See Remarks 7 (d)(v) ‧見備註/See Remarks 7 (e)(iii) ‧見備註/See Remarks 7 (f)(i),
2018-08-26,2018-09-05,,第5座 (5A) Tower 5 (5A),23,A,,39236000,,‧價單第4B號 (A2)付款辦法 Payment Plan (A2) of Price List No.4B 見備註/See Remarks 7 (c)(i) ‧見備註/See Remarks 7 (c)(iii) ‧見備註/See Remarks 7 (c)(iv) ‧見備註/See Remarks 7 (c)(v) ‧見備註/See Remarks 7 (e)(vi) ‧見備註/See Remarks 7 (d)(v) ‧見備註/See Remarks 7 (e)(iii) ‧見備註/See Remarks 7 (f)(i),
2018-08-26,2018-09-05,,第5座 (5A) Tower 5 (5A),21,A,,38844000,,‧價單第4B號 (A2)付款辦法 Payment Plan (A2) of Price List No.4B 見備註/See Remarks 7 (c)(i) ‧見備註/See Remarks 7 (c)(iii) ‧見備註/See Remarks 7 (c)(iv) ‧見備註/See Remarks 7 (c)(v) ‧見備註/See Remarks 7 (e)(vi) ‧見備註/See Remarks 7 (d)(v) ‧見備註/See Remarks 7 (e)(iii) ‧見備註/See Remarks 7 (f)(i),
2018-08-26,2018-09-05,,第5座 (5A) Tower 5 (5A),20,A,,38651200,,‧價單第4B號 (A2)付款辦法 Payment Plan (A2) of Price List No.4B 見備註/See Remarks 7 (c)(i) ‧見備註/See Remarks 7 (c)(iii) ‧見備註/See Remarks 7 (c)(iv) ‧見備註/See Remarks 7 (c)(v) ‧見備註/See Remarks 7 (e)(vi) ‧見備註/See Remarks 7 (d)(v) ‧見備註/See Remarks 7 (e)(iii) ‧見備註/See Remarks 7 (f)(i),
2018-08-26,2018-09-05,,第5座 (5A) Tower 5 (5A),19,A,,42345600,,‧價單第4B號 (B2)付款辦法 Payment Plan (B2) of Price List No.4B 見備註/See Remarks 7 (c)(ii) ‧見備註/See Remarks 7 (c)(iii) ‧見備註/See Remarks 7 (d)(iii) ‧見備註/See Remarks 7 (c)(v) ‧見備註/See Remarks 7 (e)(v) ‧見備註/See Remarks 7 (e)(vi) ‧見備註/See Remarks 7 (e)(iii) ‧見備註/See Remarks 7 (f)(i),
2018-08-26,2018-09-05,,第5座 (5A) Tower 5 (5A),18,A,,38496000,,‧價單第4B號 (A2)付款辦法 Payment Plan (A2) of Price List No.4B 見備註/See Remarks 7 (c)(i) ‧見備註/See Remarks 7 (c)(iii) ‧見備註/See Remarks 7 (c)(iv) ‧見備註/See Remarks 7 (c)(v) ‧見備註/See Remarks 7 (e)(vi) ‧見備註/See Remarks 7 (d)(v) ‧見備註/See Remarks 7 (e)(iii) ‧見備註/See Remarks 7 (f)(i),
2018-08-26,2018-09-05,,第5座 (5A) Tower 5 (5A),55,B,,45734000,,‧價單第6號 (C2)付款辦法 Payment Plan (C2) of Price List No.6 見備註/See Remarks 7 (c)(vi) ‧見備註/See Remarks 7 (d)(vi) ‧見備註/See Remarks 7 (d)(iii) ‧見備註/See Remarks 7 (c)(v) ‧見備註/See Remarks 7 (e)(v) ‧見備註/See Remarks 7 (e)(vi) ‧見備註/See Remarks 7 (e)(iii) ‧見備註/See Remarks 7 (f)(i),
2018-08-26,2018-09-05,,第5座 (5A) Tower 5 (5A),52,B,,36463200,,‧價單第6號 (A2)付款辦法 Payment Plan (A2) of Price List No.6 見備註/See Remarks 7 (c)(i) ‧見備註/See Remarks 7 (c)(iii) ‧見備註/See Remarks 7 (c)(iv) ‧見備註/See Remarks 7 (c)(v) ‧見備註/See Remarks 7 (e)(vi) ‧見備註/See Remarks 7 (d)(v) ‧見備註/See Remarks 7 (e)(iii) ‧見備註/See Remarks 7 (f)(i),
2018-08-26,2018-09-05,,第5座 (5A) Tower 5 (5A),50,B,,36047200,,‧價單第6號 (A2)付款辦法 Payment Plan (A2) of Price List No.6 見備註/See Remarks 7 (c)(i) ‧見備註/See Remarks 7 (c)(iii) ‧見備註/See Remarks 7 (c)(iv) ‧見備註/See Remarks 7 (c)(v) ‧見備註/See Remarks 7 (e)(vi) ‧見備註/See Remarks 7 (d)(v) ‧見備註/See Remarks 7 (e)(iii) ‧見備註/See Remarks 7 (f)(i),
2018-08-26,2018-09-05,,第5座 (5A) Tower 5 (5A),48,B,,35868000,,‧價單第6號 (A2)付款辦法 Payment Plan (A2) of Price List No.6 見備註/See Remarks 7 (c)(i) ‧見備註/See Remarks 7 (c)(iii) ‧見備註/See Remarks 7 (c)(iv) ‧見備註/See Remarks 7 (c)(v) ‧見備註/See Remarks 7 (e)(vi) ‧見備註/See Remarks 7 (d)(v) ‧見備註/See Remarks 7 (e)(iii) ‧見備註/See Remarks 7 (f)(i),
2018-08-26,2018-09-05,,第5座 (5A) Tower 5 (5A),46,B,,36326800,,‧價單第6號 (B2)付款辦法 Payment Plan (B2) of Price List No.6 見備註/See Remarks 7 (c)(ii) ‧見備註/See Remarks 7 (c)(iii) ‧見備註/See Remarks 7 (c)(iv) ‧見備註/See Remarks 7 (c)(v) ‧見備註/See Remarks 7 (e)(v) ‧見備註/See Remarks 7 (e)(vi) ‧見備註/See Remarks 7 (d)(ii) ‧見備註/See Remarks 7 (e)(iii) ‧見備註/See Remarks 7 (f)(i),
2018-08-26,2018-09-05,,第5座 (5A) Tower 5 (5A),43,B,,38676000,,‧價單第6號 (B2)付款辦法 Payment Plan (B2) of Price List No.6 見備註/See Remarks 7 (c)(ii) ‧見備註/See Remarks 7 (c)(iii) ‧見備註/See Remarks 7 (d)(iii) ‧見備註/See Remarks 7 (c)(v) ‧見備註/See Remarks 7 (e)(v) ‧見備註/See Remarks 7 (e)(vi) ‧見備註/See Remarks 7 (e)(iii) ‧見備註/See Remarks 7 (f)(i),
2018-08-26,2018-09-05,,第5座 (5A) Tower 5 (5A),41,B,,34880000,,‧價單第6號 (A2)付款辦法 Payment Plan (A2) of Price List No.6 見備註/See Remarks 7 (c)(i) ‧見備註/See Remarks 7 (c)(iii) ‧見備註/See Remarks 7 (c)(iv) ‧見備註/See Remarks 7 (c)(v) ‧見備註/See Remarks 7 (e)(vi) ‧見備註/See Remarks 7 (d)(v) ‧見備註/See Remarks 7 (e)(iii),
2018-08-26,2018-09-05,,第5座 (5A) Tower 5 (5A),40,B,,42991700,,‧價單第6號 (C2)付款辦法 Payment Plan (C2) of Price List No.6 見備註/See Remarks 7 (c)(vi) ‧見備註/See Remarks 7 (d)(vi) ‧見備註/See Remarks 7 (d)(iii) ‧見備註/See Remarks 7 (c)(v) ‧見備註/See Remarks 7 (e)(v) ‧見備註/See Remarks 7 (e)(vi) ‧見備註/See Remarks 7 (e)(iii),
2018-08-26,2018-09-05,,第5座 (5A) Tower 5 (5A),39,B,,34602400,,‧價單第6號 (A2)付款辦法 Payment Plan (A2) of Price List No.6 見備註/See Remarks 7 (c)(i) ‧見備註/See Remarks 7 (c)(iii) ‧見備註/See Remarks 7 (c)(iv) ‧見備註/See Remarks 7 (c)(v) ‧見備註/See Remarks 7 (e)(vi) ‧見備註/See Remarks 7 (d)(v) ‧見備註/See Remarks 7 (e)(iii),
2018-08-26,2018-09-05,,第5座 (5A) Tower 5 (5A),38,B,,34602400,,‧價單第6號 (A2)付款辦法 Payment Plan (A2) of Price List No.6 見備註/See Remarks 7 (c)(i) ‧見備註/See Remarks 7 (c)(iii) ‧見備註/See Remarks 7 (c)(iv) ‧見備註/See Remarks 7 (c)(v) ‧見備註/See Remarks 7 (e)(vi) ‧見備註/See Remarks 7 (d)(v) ‧見備註/See Remarks 7 (e)(iii),
2018-08-26,2018-09-05,,第5座 (5A) Tower 5 (5A),37,B,,34362400,,‧價單第6號 (A2)付款辦法 Payment Plan (A2) of Price List No.6 見備註/See Remarks 7 (c)(i) ‧見備註/See Remarks 7 (c)(iii) ‧見備註/See Remarks 7 (c)(iv) ‧見備註/See Remarks 7 (c)(v) ‧見備註/See Remarks 7 (e)(vi) ‧見備註/See Remarks 7 (d)(v) ‧見備註/See Remarks 7 (e)(iii),
2018-08-26,2018-09-05,,第5座 (5A) Tower 5 (5A),36,B,,35098400,,‧價單第6號 (B2)付款辦法 Payment Plan (B2) of Price List No.6 見備註/See Remarks 7 (c)(ii) ‧見備註/See Remarks 7 (c)(iii) ‧見備註/See Remarks 7 (c)(iv) ‧見備註/See Remarks 7 (c)(v) ‧見備註/See Remarks 7 (e)(v) ‧見備註/See Remarks 7 (e)(vi) ‧見備註/See Remarks 7 (d)(ii) ‧見備註/See Remarks 7 (e)(iii),
2018-08-26,,,第5座 (5A) Tower 5 (5A),35,B,,34123200,,‧價單第6號 (A2)付款辦法 Payment Plan (A2) of Price List No.6 見備註/See Remarks 7 (c)(i) ‧見備註/See Remarks 7 (c)(iii) ‧見備註/See Remarks 7 (c)(iv) ‧見備註/See Remarks 7 (c)(v) ‧見備註/See Remarks 7 (e)(vi) ‧見備註/See Remarks 7 (d)(v) ‧見備註/See Remarks 7 (e)(iii),
2018-08-26,2018-09-05,,第5座 (5A) Tower 5 (5A),33,B,,34004000,,‧價單第6號 (A2)付款辦法 Payment Plan (A2) of Price List No.6 見備註/See Remarks 7 (c)(i) ‧見備註/See Remarks 7 (c)(iii) ‧見備註/See Remarks 7 (c)(iv) ‧見備註/See Remarks 7 (c)(v) ‧見備註/See Remarks 7 (e)(vi) ‧見備註/See Remarks 7 (d)(v) ‧見備註/See Remarks 7 (e)(iii),
2018-08-26,,,第5座 (5A) Tower 5 (5A),32,B,,33824800,,‧價單第5號 (A2)付款辦法 Payment Plan (A2) of Price List No.5 見備註/See Remarks 7 (c)(i) ‧見備註/See Remarks 7 (c)(iii) ‧見備註/See Remarks 7 (c)(iv) ‧見備註/See Remarks 7 (c)(v) ‧見備註/See Remarks 7 (e)(vi) ‧見備註/See Remarks 7 (d)(v) ‧見備註/See Remarks 7 (e)(iii),
2018-08-26,2018-09-05,,第5座 (5A) Tower 5 (5A),31,B,,33648000,,‧價單第6號 (A2)付款辦法 Payment Plan (A2) of Price List No.6 見備註/See Remarks 7 (c)(i) ‧見備註/See Remarks 7 (c)(iii) ‧見備註/See Remarks 7 (c)(iv) ‧見備註/See Remarks 7 (c)(v) ‧見備註/See Remarks 7 (e)(vi) ‧見備註/See Remarks 7 (d)(v) ‧見備註/See Remarks 7 (e)(iii),
2018-08-26,2018-09-05,,第5座 (5A) Tower 5 (5A),30,B,,33471200,,‧價單第5號 (A2)付款辦法 Payment Plan (A2) of Price List No.5 見備註/See Remarks 7 (c)(i) ‧見備註/See Remarks 7 (c)(iii) ‧見備註/See Remarks 7 (c)(iv) ‧見備註/See Remarks 7 (c)(v) ‧見備註/See Remarks 7 (e)(vi) ‧見備註/See Remarks 7 (d)(v) ‧見備註/See Remarks 7 (e)(iii),
2018-08-26,2018-09-05,,第5座 (5A) Tower 5 (5A),28,B,,34307900,,‧價單第6號 (B2)付款辦法 Payment Plan (B2) of Price List No.6 見備註/See Remarks 7 (c)(ii) ‧見備註/See Remarks 7 (c)(iii) ‧見備註/See Remarks 7 (c)(iv) ‧見備註/See Remarks 7 (c)(v) ‧見備註/See Remarks 7 (e)(v) ‧見備註/See Remarks 7 (e)(vi) ‧見備註/See Remarks 7 (d)(ii) ‧見備註/See Remarks 7 (e)(iii),
2018-08-26,,,第5座 (5A) Tower 5 (5A),27,B,,33136000,,‧價單第5號 (A2)付款辦法 Payment Plan (A2) of Price List No.5 見備註/See Remarks 7 (c)(i) ‧見備註/See Remarks 7 (c)(iii) ‧見備註/See Remarks 7 (c)(iv) ‧見備註/See Remarks 7 (c)(v) ‧見備註/See Remarks 7 (e)(vi) ‧見備註/See Remarks 7 (d)(v) ‧見備註/See Remarks 7 (e)(iii),
2018-08-26,2018-09-05,,第5座 (5A) Tower 5 (5A),26,B,,33795400,,‧價單第6號 (B2)付款辦法 Payment Plan (B2) of Price List No.6 見備註/See Remarks 7 (c)(ii) ‧見備註/See Remarks 7 (c)(iii) ‧見備註/See Remarks 7 (c)(iv) ‧見備註/See Remarks 7 (c)(v) ‧見備註/See Remarks 7 (e)(v) ‧見備註/See Remarks 7 (e)(vi) ‧見備註/See Remarks 7 (d)(ii) ‧見備註/See Remarks 7 (e)(iii),
2018-08-26,2018-09-05,,第5座 (5A) Tower 5 (5A),25,B,,32806400,,‧價單第5號 (A2)付款辦法 Payment Plan (A2) of Price List No.5 見備註/See Remarks 7 (c)(i) ‧見備註/See Remarks 7 (c)(iii) ‧見備註/See Remarks 7 (c)(iv) ‧見備註/See Remarks 7 (c)(v) ‧見備註/See Remarks 7 (e)(vi) ‧見備註/See Remarks 7 (d)(v) ‧見備註/See Remarks 7 (e)(iii),
2018-08-26,2018-09-05,,第5座 (5A) Tower 5 (5A),23,B,,33407600,"在29-11-2018，基於法例第35(2)(b)條所容許的原因 ，售價調整為$32,592,800。 On 29-11-2018, the price adjusted to $32,592,800 due to the reason allowed under section 35(2)(b) of the Ordinance.",‧價單第6號 (B2)付款辦法 Payment Plan (B2) of Price List No.6 見備註/See Remarks 7 (c)(ii) ‧見備註/See Remarks 7 (c)(iii) ‧見備註/See Remarks 7 (c)(iv) ‧見備註/See Remarks 7 (c)(v) ‧見備註/See Remarks 7 (e)(v) ‧見備註/See Remarks 7 (e)(vi) ‧見備註/See Remarks 7 (d)(ii) ‧見備註/See Remarks 7 (e)(iii) ‧價單第6號 (A2)付款辦法 Payment Plan (A2) of Price List No.6 見備註/See Remarks 7 (c)(i) ‧見備註/See Remarks 7 (c)(iii) ‧見備註/See Remarks 7 (c)(iv) ‧見備註/See Remarks 7 (c)(v) ‧見備註/See Remarks 7 (e)(vi) ‧見備註/See Remarks 7 (d)(v) ‧見備註/See Remarks 7 (e)(iii) ‧(在29-11-2018修訂) (revised on 29-11-2018),
2018-08-26,2018-09-05,,第5座 (5A) Tower 5 (5A),22,B,,33190300,,‧價單第6號 (B2)付款辦法 Payment Plan (B2) of Price List No.6 見備註/See Remarks 7 (c)(ii) ‧見備註/See Remarks 7 (c)(iii) ‧見備註/See Remarks 7 (c)(iv) ‧見備註/See Remarks 7 (c)(v) ‧見備註/See Remarks 7 (e)(v) ‧見備註/See Remarks 7 (e)(vi) ‧見備註/See Remarks 7 (d)(ii) ‧見備註/See Remarks 7 (e)(iii),
2018-08-26,2018-09-05,,第5座 (5A) Tower 5 (5A),21,B,,32974600,,‧價單第6號 (B2)付款辦法 Payment Plan (B2) of Price List No.6 見備註/See Remarks 7 (c)(ii) ‧見備註/See Remarks 7 (c)(iii) ‧見備註/See Remarks 7 (c)(iv) ‧見備註/See Remarks 7 (c)(v) ‧見備註/See Remarks 7 (e)(v) ‧見備註/See Remarks 7 (e)(vi) ‧見備註/See Remarks 7 (d)(ii) ‧見備註/See Remarks 7 (e)(iii),
2018-08-26,2018-09-05,,第5座 (5A) Tower 5 (5A),20,B,,31962400,,‧價單第6號 (A2)付款辦法 Payment Plan (A2) of Price List No.6 見備註/See Remarks 7 (c)(i) ‧見備註/See Remarks 7 (c)(iii) ‧見備註/See Remarks 7 (c)(iv) ‧見備註/See Remarks 7 (c)(v) ‧見備註/See Remarks 7 (e)(vi) ‧見備註/See Remarks 7 (d)(v) ‧見備註/See Remarks 7 (e)(iii),
2018-08-26,2018-09-05,,第5座 (5A) Tower 5 (5A),19,B,,34882300,,‧價單第6號 (B2)付款辦法 Payment Plan (B2) of Price List No.6 見備註/See Remarks 7 (c)(ii) ‧見備註/See Remarks 7 (c)(iii) ‧見備註/See Remarks 7 (d)(iii) ‧見備註/See Remarks 7 (c)(v) ‧見備註/See Remarks 7 (e)(v) ‧見備註/See Remarks 7 (e)(vi) ‧見備註/See Remarks 7 (e)(iii),
2018-08-26,2018-09-05,,第5座 (5A) Tower 5 (5A),18,B,,32503900,,‧價單第6號 (B2)付款辦法 Payment Plan (B2) of Price List No.6 見備註/See Remarks 7 (c)(ii) ‧見備註/See Remarks 7 (c)(iii) ‧見備註/See Remarks 7 (c)(iv) ‧見備註/See Remarks 7 (c)(v) ‧見備註/See Remarks 7 (e)(v) ‧見備註/See Remarks 7 (e)(vi) ‧見備註/See Remarks 7 (d)(ii) ‧見備註/See Remarks 7 (e)(iii),
2018-08-26,2018-09-05,,第5座 (5A) Tower 5 (5A),17,B,,31997200,"在16-11-2018，基於法例第35(2)(b)條所容許的原因 ，售價調整為$31,216,800。 On 16-11-2018, the price adjusted to $31,216,800 due to the reason allowed under section 35(2)(b) of the Ordinance.",‧價單第6號 (B2)付款辦法 Payment Plan (B2) of Price List No.6 見備註/See Remarks 7 (c)(ii) ‧見備註/See Remarks 7 (c)(iii) ‧見備註/See Remarks 7 (c)(iv) ‧見備註/See Remarks 7 (c)(v) ‧見備註/See Remarks 7 (e)(v) ‧見備註/See Remarks 7 (e)(vi) ‧見備註/See Remarks 7 (d)(ii) ‧見備註/See Remarks 7 (e)(iii) ‧價單第6號 (A2)付款辦法 Payment Plan (A2) of Price List No.6 見備註/See Remarks 7 (c)(i) ‧見備註/See Remarks 7 (c)(iii) ‧見備註/See Remarks 7 (c)(iv) ‧見備註/See Remarks 7 (c)(v) ‧見備註/See Remarks 7 (e)(vi) ‧見備註/See Remarks 7 (d)(v) ‧見備註/See Remarks 7 (e)(iii) ‧(在16-11-2018修訂) (revised on 16-11-2018),
2018-08-26,2018-09-05,2021-08-16,第5座 (5A) Tower 5 (5A),16,B,,31747100,,‧價單第6號 (B2)付款辦法 Payment Plan (B2) of Price List No.6 見備註/See Remarks 7 (c)(ii) ‧見備註/See Remarks 7 (c)(iii) ‧見備註/See Remarks 7 (c)(iv) ‧見備註/See Remarks 7 (c)(v) ‧見備註/See Remarks 7 (e)(v) ‧見備註/See Remarks 7 (e)(vi) ‧見備註/See Remarks 7 (d)(ii) ‧見備註/See Remarks 7 (e)(iii),
2018-08-26,2018-09-05,,第5座 (5A) Tower 5 (5A),15,B,,31500300,,‧價單第6號 (B2)付款辦法 Payment Plan (B2) of Price List No.6 見備註/See Remarks 7 (c)(ii) ‧見備註/See Remarks 7 (c)(iii) ‧見備註/See Remarks 7 (c)(iv) ‧見備註/See Remarks 7 (c)(v) ‧見備註/See Remarks 7 (e)(v) ‧見備註/See Remarks 7 (e)(vi) ‧見備註/See Remarks 7 (d)(ii) ‧見備註/See Remarks 7 (e)(iii),
2018-08-26,2018-09-05,,第5座 (5A) Tower 5 (5A),12,B,,33541200,,‧價單第6號 (B2)付款辦法 Payment Plan (B2) of Price List No.6 見備註/See Remarks 7 (c)(ii) ‧見備註/See Remarks 7 (c)(iii) ‧見備註/See Remarks 7 (d)(iii) ‧見備註/See Remarks 7 (c)(v) ‧見備註/See Remarks 7 (e)(v) ‧見備註/See Remarks 7 (e)(vi) ‧見備註/See Remarks 7 (e)(iii),
2018-08-26,2018-09-05,,第5座 (5A) Tower 5 (5A),11,B,,30254400,,‧價單第6號 (A2)付款辦法 Payment Plan (A2) of Price List No.6 見備註/See Remarks 7 (c)(i) ‧見備註/See Remarks 7 (c)(iii) ‧見備註/See Remarks 7 (c)(iv) ‧見備註/See Remarks 7 (c)(v) ‧見備註/See Remarks 7 (e)(vi) ‧見備註/See Remarks 7 (d)(v) ‧見備註/See Remarks 7 (e)(iii),
2018-08-26,2018-09-05,,第5座 (5A) Tower 5 (5A),10,B,,30769600,,‧價單第6號 (B2)付款辦法 Payment Plan (B2) of Price List No.6 見備註/See Remarks 7 (c)(ii) ‧見備註/See Remarks 7 (c)(iii) ‧見備註/See Remarks 7 (c)(iv) ‧見備註/See Remarks 7 (c)(v) ‧見備註/See Remarks 7 (e)(v) ‧見備註/See Remarks 7 (e)(vi) ‧見備註/See Remarks 7 (d)(ii) ‧見備註/See Remarks 7 (e)(iii),
2018-08-26,2018-09-05,,第5座 (5A) Tower 5 (5A),9,B,,36857700,,‧價單第6號 (C2)付款辦法 Payment Plan (C2) of Price List No.6 見備註/See Remarks 7 (c)(vi) ‧見備註/See Remarks 7 (d)(vi) ‧見備註/See Remarks 7 (d)(iii) ‧見備註/See Remarks 7 (c)(v) ‧見備註/See Remarks 7 (e)(v) ‧見備註/See Remarks 7 (e)(vi) ‧見備註/See Remarks 7 (e)(iii),
2018-08-26,2018-09-05,,第5座 (5A) Tower 5 (5A),8,B,,33879300,,‧價單第6號 (A2)付款辦法 Payment Plan (A2) of Price List No.6 見備註/See Remarks 7 (c)(i) ‧見備註/See Remarks 7 (d)(i) ‧見備註/See Remarks 7 (c)(iv) ‧見備註/See Remarks 7 (c)(v) ‧見備註/See Remarks 7 (e)(vi) ‧見備註/See Remarks 7 (d)(v) ‧見備註/See Remarks 7 (e)(iii),
2018-08-26,2018-09-05,,第5座 (5A) Tower 5 (5A),7,B,,31485500,"在09-11-2018，基於法例第35(2)(b)條所容許的原因 ，售價調整為$28,623,200。 On 09-11-2018, the price adjusted to $28,623,200 due to the reason allowed under section 35(2)(b) of the Ordinance.",‧價單第6號 (B2)付款辦法 Payment Plan (B2) of Price List No.6 見備註/See Remarks 7 (c)(ii) ‧見備註/See Remarks 7 (c)(iii) ‧見備註/See Remarks 7 (d)(iii) ‧見備註/See Remarks 7 (c)(v) ‧見備註/See Remarks 7 (e)(v) ‧見備註/See Remarks 7 (e)(vi) ‧見備註/See Remarks 7 (e)(iii) ‧價單第6號 (A2)付款辦法 Payment Plan (A2) of Price List No.6 見備註/See Remarks 7 (c)(i) ‧見備註/See Remarks 7 (c)(iii) ‧見備註/See Remarks 7 (c)(iv) ‧見備註/See Remarks 7 (c)(v) ‧見備註/See Remarks 7 (e)(vi) ‧見備註/See Remarks 7 (d)(v) ‧見備註/See Remarks 7 (e)(iii) ‧(在09-11-2018修訂) (revised on 09-11-2018),
2018-08-26,2018-09-05,,第5座 (5A) Tower 5 (5A),6,B,,28064800,,‧價單第6號 (A2)付款辦法 Payment Plan (A2) of Price List No.6 見備註/See Remarks 7 (c)(i) ‧見備註/See Remarks 7 (c)(iii) ‧見備註/See Remarks 7 (c)(iv) ‧見備註/See Remarks 7 (c)(v) ‧見備註/See Remarks 7 (e)(vi) ‧見備註/See Remarks 7 (d)(v) ‧見備註/See Remarks 7 (e)(iii),
2018-08-26,2018-09-05,,第5座 (5A) Tower 5 (5A),55,C,,41837400,,‧價單第6號 (C2)付款辦法 Payment Plan (C2) of Price List No.6 見備註/See Remarks 7 (c)(vi) ‧見備註/See Remarks 7 (d)(vi) ‧見備註/See Remarks 7 (d)(iii) ‧見備註/See Remarks 7 (c)(v) ‧見備註/See Remarks 7 (e)(v) ‧見備註/See Remarks 7 (e)(vi) ‧見備註/See Remarks 7 (e)(iii) ‧見備註/See Remarks 7 (f)(i),
2018-08-26,2018-09-05,,第5座 (5A) Tower 5 (5A),52,C,,33356000,"在22-01-2019，基於法例第35(2)(b)條所容許的原因 ，售價調整為$34,189,900。 On 22-01-2019, the price adjusted to $34,189,900 due to the reason allowed under section 35(2)(b) of the Ordinance.",‧價單第6號 (A2)付款辦法 Payment Plan (A2) of Price List No.6 見備註/See Remarks 7 (c)(i) ‧見備註/See Remarks 7 (c)(iii) ‧見備註/See Remarks 7 (c)(iv) ‧見備註/See Remarks 7 (c)(v) ‧見備註/See Remarks 7 (e)(vi) ‧見備註/See Remarks 7 (d)(v) ‧見備註/See Remarks 7 (e)(iii) ‧見備註/See Remarks 7 (f)(i) ‧價單第6號 (B2)付款辦法 Payment Plan (B2) of Price List No.6 見備註/See Remarks 7 (c)(ii) ‧見備註/See Remarks 7 (c)(iii) ‧見備註/See Remarks 7 (c)(iv) ‧見備註/See Remarks 7 (c)(v) ‧見備註/See Remarks 7 (e)(v) ‧見備註/See Remarks 7 (e)(vi) ‧見備註/See Remarks 7 (d)(ii) ‧見備註/See Remarks 7 (e)(iii) ‧見備註/See Remarks 7 (f)(i) ‧(在22-01-2019修訂) (revised on 22-01-2019),
2018-08-26,2018-09-05,,第5座 (5A) Tower 5 (5A),50,C,,32976000,,‧價單第6號 (A2)付款辦法 Payment Plan (A2) of Price List No.6 見備註/See Remarks 7 (c)(i) ‧見備註/See Remarks 7 (c)(iii) ‧見備註/See Remarks 7 (c)(iv) ‧見備註/See Remarks 7 (c)(v) ‧見備註/See Remarks 7 (e)(vi) ‧見備註/See Remarks 7 (d)(v) ‧見備註/See Remarks 7 (e)(iii) ‧見備註/See Remarks 7 (f)(i),
2018-08-26,2018-09-05,,第5座 (5A) Tower 5 (5A),48,C,,33632300,,‧價單第6號 (B2)付款辦法 Payment Plan (B2) of Price List No.6 見備註/See Remarks 7 (c)(ii) ‧見備註/See Remarks 7 (c)(iii) ‧見備註/See Remarks 7 (c)(iv) ‧見備註/See Remarks 7 (c)(v) ‧見備註/See Remarks 7 (e)(v) ‧見備註/See Remarks 7 (e)(vi) ‧見備註/See Remarks 7 (d)(ii) ‧見備註/See Remarks 7 (e)(iii) ‧見備註/See Remarks 7 (f)(i),
2018-08-26,2018-09-05,,第5座 (5A) Tower 5 (5A),46,C,,37691000,,‧價單第6號 (C2)付款辦法 Payment Plan (C2) of Price List No.6 見備註/See Remarks 7 (c)(vi) ‧見備註/See Remarks 7 (d)(vi) ‧見備註/See Remarks 7 (c)(iv) ‧見備註/See Remarks 7 (c)(v) ‧見備註/See Remarks 7 (e)(v) ‧見備註/See Remarks 7 (e)(vi) ‧見備註/See Remarks 7 (d)(ii) ‧見備註/See Remarks 7 (e)(iii) ‧見備註/See Remarks 7 (f)(i),
2018-08-26,2018-09-05,2022-06-06,第5座 (5A) Tower 5 (5A),43,C,,32164000,,‧價單第6號 (A2)付款辦法 Payment Plan (A2) of Price List No.6 見備註/See Remarks 7 (c)(i) ‧見備註/See Remarks 7 (c)(iii) ‧見備註/See Remarks 7 (c)(iv) ‧見備註/See Remarks 7 (c)(v) ‧見備註/See Remarks 7 (e)(vi) ‧見備註/See Remarks 7 (d)(v) ‧見備註/See Remarks 7 (e)(iii) ‧見備註/See Remarks 7 (f)(i),
2018-08-26,2018-09-05,,第5座 (5A) Tower 5 (5A),31,C,,30780800,,‧價單第6號 (A2)付款辦法 Payment Plan (A2) of Price List No.6 見備註/See Remarks 7 (c)(i) ‧見備註/See Remarks 7 (c)(iii) ‧見備註/See Remarks 7 (c)(iv) ‧見備註/See Remarks 7 (c)(v) ‧見備註/See Remarks 7 (e)(vi) ‧見備註/See Remarks 7 (d)(v) ‧見備註/See Remarks 7 (e)(iii),
2018-08-26,2018-09-05,,第5座 (5A) Tower 5 (5A),30,C,,31384600,,‧價單第6號 (B2)付款辦法 Payment Plan (B2) of Price List No.6 見備註/See Remarks 7 (c)(ii) ‧見備註/See Remarks 7 (c)(iii) ‧見備註/See Remarks 7 (c)(iv) ‧見備註/See Remarks 7 (c)(v) ‧見備註/See Remarks 7 (e)(v) ‧見備註/See Remarks 7 (e)(vi) ‧見備註/See Remarks 7 (d)(ii) ‧見備註/See Remarks 7 (e)(iii),
2018-08-26,2018-09-05,,第5座 (5A) Tower 5 (5A),27,C,,35238600,,‧價單第5號 (B2)付款辦法 Payment Plan (B2) of Price List No.5 見備註/See Remarks 7 (c)(ii) ‧見備註/See Remarks 7 (d)(i) ‧見備註/See Remarks 7 (c)(iv) ‧見備註/See Remarks 7 (c)(v) ‧見備註/See Remarks 7 (e)(v) ‧見備註/See Remarks 7 (e)(vi) ‧見備註/See Remarks 7 (d)(ii) ‧見備註/See Remarks 7 (e)(iii),
2018-08-26,2018-09-05,,第5座 (5A) Tower 5 (5A),26,C,,37323900,,‧價單第6號 (C2)付款辦法 Payment Plan (C2) of Price List No.6 見備註/See Remarks 7 (c)(vi) ‧見備註/See Remarks 7 (d)(vi) ‧見備註/See Remarks 7 (d)(iii) ‧見備註/See Remarks 7 (c)(v) ‧見備註/See Remarks 7 (e)(v) ‧見備註/See Remarks 7 (e)(vi) ‧見備註/See Remarks 7 (e)(iii),
2018-08-26,2018-09-05,,第5座 (5A) Tower 5 (5A),25,C,,34888000,,‧價單第5號 (B2)付款辦法 Payment Plan (B2) of Price List No.5 見備註/See Remarks 7 (c)(ii) ‧見備註/See Remarks 7 (d)(i) ‧見備註/See Remarks 7 (c)(iv) ‧見備註/See Remarks 7 (c)(v) ‧見備註/See Remarks 7 (e)(v) ‧見備註/See Remarks 7 (e)(vi) ‧見備註/See Remarks 7 (d)(ii) ‧見備註/See Remarks 7 (e)(iii),
2018-08-26,2018-09-05,,第5座 (5A) Tower 5 (5A),23,C,,29815200,,‧價單第6號 (A2)付款辦法 Payment Plan (A2) of Price List No.6 見備註/See Remarks 7 (c)(i) ‧見備註/See Remarks 7 (c)(iii) ‧見備註/See Remarks 7 (c)(iv) ‧見備註/See Remarks 7 (c)(v) ‧見備註/See Remarks 7 (e)(vi) ‧見備註/See Remarks 7 (d)(v) ‧見備註/See Remarks 7 (e)(iii),
2018-08-26,2018-09-05,,第5座 (5A) Tower 5 (5A),22,C,,30362900,,‧價單第6號 (B2)付款辦法 Payment Plan (B2) of Price List No.6 見備註/See Remarks 7 (c)(ii) ‧見備註/See Remarks 7 (c)(iii) ‧見備註/See Remarks 7 (c)(iv) ‧見備註/See Remarks 7 (c)(v) ‧見備註/See Remarks 7 (e)(v) ‧見備註/See Remarks 7 (e)(vi) ‧見備註/See Remarks 7 (d)(ii) ‧見備註/See Remarks 7 (e)(iii),
2018-08-26,2018-09-05,,第5座 (5A) Tower 5 (5A),21,C,,29430400,,‧價單第6號 (A2)付款辦法 Payment Plan (A2) of Price List No.6 見備註/See Remarks 7 (c)(i) ‧見備註/See Remarks 7 (c)(iii) ‧見備註/See Remarks 7 (c)(iv) ‧見備註/See Remarks 7 (c)(v) ‧見備註/See Remarks 7 (e)(vi) ‧見備註/See Remarks 7 (d)(v) ‧見備註/See Remarks 7 (e)(iii),
2018-08-26,2018-09-05,2020-12-08,第5座 (5A) Tower 5 (5A),20,C,,32160400,,‧價單第6號 (B2)付款辦法 Payment Plan (B2) of Price List No.6 見備註/See Remarks 7 (c)(ii) ‧見備註/See Remarks 7 (c)(iii) ‧見備註/See Remarks 7 (d)(iii) ‧見備註/See Remarks 7 (c)(v) ‧見備註/See Remarks 7 (e)(v) ‧見備註/See Remarks 7 (e)(vi) ‧見備註/See Remarks 7 (e)(iii),
2018-08-26,2018-09-05,,第5座 (5A) Tower 5 (5A),19,C,,29735600,,‧價單第6號 (B2)付款辦法 Payment Plan (B2) of Price List No.6 見備註/See Remarks 7 (c)(ii) ‧見備註/See Remarks 7 (c)(iii) ‧見備註/See Remarks 7 (c)(iv) ‧見備註/See Remarks 7 (c)(v) ‧見備註/See Remarks 7 (e)(v) ‧見備註/See Remarks 7 (e)(vi) ‧見備註/See Remarks 7 (d)(ii) ‧見備註/See Remarks 7 (e)(iii),
2018-08-26,2018-09-05,,第5座 (5A) Tower 5 (5A),18,C,,29010400,,‧價單第6號 (A2)付款辦法 Payment Plan (A2) of Price List No.6 見備註/See Remarks 7 (c)(i) ‧見備註/See Remarks 7 (c)(iii) ‧見備註/See Remarks 7 (c)(iv) ‧見備註/See Remarks 7 (c)(v) ‧見備註/See Remarks 7 (e)(vi) ‧見備註/See Remarks 7 (d)(v) ‧見備註/See Remarks 7 (e)(iii),
2018-08-26,2018-09-05,,第5座 (5A) Tower 5 (5A),17,C,,29270700,,‧價單第6號 (B2)付款辦法 Payment Plan (B2) of Price List No.6 見備註/See Remarks 7 (c)(ii) ‧見備註/See Remarks 7 (c)(iii) ‧見備註/See Remarks 7 (c)(iv) ‧見備註/See Remarks 7 (c)(v) ‧見備註/See Remarks 7 (e)(v) ‧見備註/See Remarks 7 (e)(vi) ‧見備註/See Remarks 7 (d)(ii) ‧見備註/See Remarks 7 (e)(iii),
2018-08-26,2018-09-05,,第5座 (5A) Tower 5 (5A),16,C,,29043500,,‧價單第6號 (B2)付款辦法 Payment Plan (B2) of Price List No.6 見備註/See Remarks 7 (c)(ii) ‧見備註/See Remarks 7 (c)(iii) ‧見備註/See Remarks 7 (c)(iv) ‧見備註/See Remarks 7 (c)(v) ‧見備註/See Remarks 7 (e)(v) ‧見備註/See Remarks 7 (e)(vi) ‧見備註/See Remarks 7 (d)(ii) ‧見備註/See Remarks 7 (e)(iii),
2018-08-26,2018-09-05,,第5座 (5A) Tower 5 (5A),15,C,,28114400,,‧價單第6號 (A2)付款辦法 Payment Plan (A2) of Price List No.6 見備註/See Remarks 7 (c)(i) ‧見備註/See Remarks 7 (c)(iii) ‧見備註/See Remarks 7 (c)(iv) ‧見備註/See Remarks 7 (c)(v) ‧見備註/See Remarks 7 (e)(vi) ‧見備註/See Remarks 7 (d)(v) ‧見備註/See Remarks 7 (e)(iii),
2018-08-26,2018-09-05,,第5座 (5A) Tower 5 (5A),12,C,,28591700,"在30-11-2018，基於法例第35(2)(b)條所容許的原因 ，售價調整為$27,894,400。 On 30-11-2018, the price adjusted to $27,894,400 due to the reason allowed under section 35(2)(b) of the Ordinance.",‧價單第6號 (B2)付款辦法 Payment Plan (B2) of Price List No.6 見備註/See Remarks 7 (c)(ii) ‧見備註/See Remarks 7 (c)(iii) ‧見備註/See Remarks 7 (c)(iv) ‧見備註/See Remarks 7 (c)(v) ‧見備註/See Remarks 7 (e)(v) ‧見備註/See Remarks 7 (e)(vi) ‧見備註/See Remarks 7 (d)(ii) ‧見備註/See Remarks 7 (e)(iii) ‧價單第6號 (A2)付款辦法 Payment Plan (A2) of Price List No.6 見備註/See Remarks 7 (c)(i) ‧見備註/See Remarks 7 (c)(iii) ‧見備註/See Remarks 7 (c)(iv) ‧見備註/See Remarks 7 (c)(v) ‧見備註/See Remarks 7 (e)(vi) ‧見備註/See Remarks 7 (d)(v) ‧見備註/See Remarks 7 (e)(iii) ‧(在30-11-2018修訂) (revised on 30-11-2018),
2018-08-26,2018-09-05,,第5座 (5A) Tower 5 (5A),11,C,,27676800,,‧價單第6號 (A2)付款辦法 Payment Plan (A2) of Price List No.6 見備註/See Remarks 7 (c)(i) ‧見備註/See Remarks 7 (c)(iii) ‧見備註/See Remarks 7 (c)(iv) ‧見備註/See Remarks 7 (c)(v) ‧見備註/See Remarks 7 (e)(vi) ‧見備註/See Remarks 7 (d)(v) ‧見備註/See Remarks 7 (e)(iii),
2018-08-26,2018-09-05,,第5座 (5A) Tower 5 (5A),10,C,,27460000,,‧價單第6號 (A2)付款辦法 Payment Plan (A2) of Price List No.6 見備註/See Remarks 7 (c)(i) ‧見備註/See Remarks 7 (c)(iii) ‧見備註/See Remarks 7 (c)(iv) ‧見備註/See Remarks 7 (c)(v) ‧見備註/See Remarks 7 (e)(vi) ‧見備註/See Remarks 7 (d)(v) ‧見備註/See Remarks 7 (e)(iii),
2018-08-26,2018-09-05,,第5座 (5A) Tower 5 (5A),9,C,,27247200,,‧價單第6號 (A2)付款辦法 Payment Plan (A2) of Price List No.6 見備註/See Remarks 7 (c)(i) ‧見備註/See Remarks 7 (c)(iii) ‧見備註/See Remarks 7 (c)(iv) ‧見備註/See Remarks 7 (c)(v) ‧見備註/See Remarks 7 (e)(vi) ‧見備註/See Remarks 7 (d)(v) ‧見備註/See Remarks 7 (e)(iii),
2018-08-26,2018-09-05,,第5座 (5A) Tower 5 (5A),8,C,,27247200,,‧價單第6號 (A2)付款辦法 Payment Plan (A2) of Price List No.6 見備註/See Remarks 7 (c)(i) ‧見備註/See Remarks 7 (c)(iii) ‧見備註/See Remarks 7 (c)(iv) ‧見備註/See Remarks 7 (c)(v) ‧見備註/See Remarks 7 (e)(vi) ‧見備註/See Remarks 7 (d)(v) ‧見備註/See Remarks 7 (e)(iii),
2018-08-26,2018-09-05,,第5座 (5A) Tower 5 (5A),7,C,,26184000,,‧價單第6號 (A2)付款辦法 Payment Plan (A2) of Price List No.6 見備註/See Remarks 7 (c)(i) ‧見備註/See Remarks 7 (c)(iii) ‧見備註/See Remarks 7 (c)(iv) ‧見備註/See Remarks 7 (c)(v) ‧見備註/See Remarks 7 (e)(vi) ‧見備註/See Remarks 7 (d)(v) ‧見備註/See Remarks 7 (e)(iii),
2018-08-26,2018-09-05,,第5座 (5A) Tower 5 (5A),6,C,,25672800,"在03-01-2019，基於法例第35(2)(b)條所容許的原因 ，售價調整為$26,314,600。 On 03-01-2019, the price adjusted to $26,314,600 due to the reason allowed under section 35(2)(b) of the Ordinance.",‧價單第6號 (A2)付款辦法 Payment Plan (A2) of Price List No.6 見備註/See Remarks 7 (c)(i) ‧見備註/See Remarks 7 (c)(iii) ‧見備註/See Remarks 7 (c)(iv) ‧見備註/See Remarks 7 (c)(v) ‧見備註/See Remarks 7 (e)(vi) ‧見備註/See Remarks 7 (d)(v) ‧見備註/See Remarks 7 (e)(iii) ‧價單第6號 (B2)付款辦法 Payment Plan (B2) of Price List No.6 見備註/See Remarks 7 (c)(ii) ‧見備註/See Remarks 7 (c)(iii) ‧見備註/See Remarks 7 (c)(iv) ‧見備註/See Remarks 7 (c)(v) ‧見備註/See Remarks 7 (e)(v) ‧見備註/See Remarks 7 (e)(vi) ‧見備註/See Remarks 7 (d)(ii) ‧見備註/See Remarks 7 (e)(iii) ‧(在03-01-2019修訂) (revised on 03-01-2019),
2018-08-26,2018-09-05,,第5座 (5B) Tower 5 (5B),56,B,,10663200,,‧價單第6號 (B2)付款辦法 Payment Plan (B2) of Price List No.6 見備註/See Remarks 7 (c)(ii) ‧見備註/See Remarks 7 (c)(iii) ‧見備註/See Remarks 7 (c)(iv) ‧見備註/See Remarks 7 (c)(v) ‧見備註/See Remarks 7 (e)(v) ‧見備註/See Remarks 7 (e)(vi) ‧見備註/See Remarks 7 (d)(ii) ‧見備註/See Remarks 7 (e)(iii) ‧見備註/See Remarks 7 (f)(ii) ‧見備註/See Remarks 7 (e)(iv),
2018-08-26,2018-09-05,,第5座 (5B) Tower 5 (5B),55,B,,10340800,,‧價單第6號 (A2)付款辦法 Payment Plan (A2) of Price List No.6 見備註/See Remarks 7 (c)(i) ‧見備註/See Remarks 7 (c)(iii) ‧見備註/See Remarks 7 (c)(iv) ‧見備註/See Remarks 7 (c)(v) ‧見備註/See Remarks 7 (e)(vi) ‧見備註/See Remarks 7 (d)(v) ‧見備註/See Remarks 7 (e)(iii) ‧見備註/See Remarks 7 (f)(ii) ‧見備註/See Remarks 7 (e)(iv),
2018-08-26,2018-09-05,,第5座 (5B) Tower 5 (5B),53,B,,10283200,,‧價單第6號 (A2)付款辦法 Payment Plan (A2) of Price List No.6 見備註/See Remarks 7 (c)(i) ‧見備註/See Remarks 7 (c)(iii) ‧見備註/See Remarks 7 (c)(iv) ‧見備註/See Remarks 7 (c)(v) ‧見備註/See Remarks 7 (e)(vi) ‧見備註/See Remarks 7 (d)(v) ‧見備註/See Remarks 7 (e)(iii) ‧見備註/See Remarks 7 (f)(ii) ‧見備註/See Remarks 7 (e)(iv),
2018-08-26,2018-09-05,,第5座 (5B) Tower 5 (5B),52,B,,10230400,,‧價單第6號 (A2)付款辦法 Payment Plan (A2) of Price List No.6 見備註/See Remarks 7 (c)(i) ‧見備註/See Remarks 7 (c)(iii) ‧見備註/See Remarks 7 (c)(iv) ‧見備註/See Remarks 7 (c)(v) ‧見備註/See Remarks 7 (e)(vi) ‧見備註/See Remarks 7 (d)(v) ‧見備註/See Remarks 7 (e)(iii) ‧見備註/See Remarks 7 (f)(ii) ‧見備註/See Remarks 7 (e)(iv),
2018-08-26,2018-09-05,,第5座 (5B) Tower 5 (5B),51,B,,10180800,,‧價單第6號 (A2)付款辦法 Payment Plan (A2) of Price List No.6 見備註/See Remarks 7 (c)(i) ‧見備註/See Remarks 7 (c)(iii) ‧見備註/See Remarks 7 (c)(iv) ‧見備註/See Remarks 7 (c)(v) ‧見備註/See Remarks 7 (e)(vi) ‧見備註/See Remarks 7 (d)(v) ‧見備註/See Remarks 7 (e)(iii) ‧見備註/See Remarks 7 (f)(ii) ‧見備註/See Remarks 7 (e)(iv),
2018-08-26,2018-09-05,,第5座 (5B) Tower 5 (5B),50,B,,10136000,,‧價單第6號 (A2)付款辦法 Payment Plan (A2) of Price List No.6 見備註/See Remarks 7 (c)(i) ‧見備註/See Remarks 7 (c)(iii) ‧見備註/See Remarks 7 (c)(iv) ‧見備註/See Remarks 7 (c)(v) ‧見備註/See Remarks 7 (e)(vi) ‧見備註/See Remarks 7 (d)(v) ‧見備註/See Remarks 7 (e)(iii) ‧見備註/See Remarks 7 (f)(ii) ‧見備註/See Remarks 7 (e)(iv),
2018-08-26,2018-09-05,2019-08-30,第5座 (5B) Tower 5 (5B),49,B,,10096000,,‧價單第6號 (A2)付款辦法 Payment Plan (A2) of Price List No.6 見備註/See Remarks 7 (c)(i) ‧見備註/See Remarks 7 (c)(iii) ‧見備註/See Remarks 7 (c)(iv) ‧見備註/See Remarks 7 (c)(v) ‧見備註/See Remarks 7 (e)(vi) ‧見備註/See Remarks 7 (d)(v) ‧見備註/See Remarks 7 (e)(iii) ‧見備註/See Remarks 7 (f)(ii) ‧見備註/See Remarks 7 (e)(iv),
2018-08-26,2018-09-05,,第5座 (5B) Tower 5 (5B),48,B,,10348400,,‧價單第6號 (B2)付款辦法 Payment Plan (B2) of Price List No.6 見備註/See Remarks 7 (c)(ii) ‧見備註/See Remarks 7 (c)(iii) ‧見備註/See Remarks 7 (c)(iv) ‧見備註/See Remarks 7 (c)(v) ‧見備註/See Remarks 7 (e)(v) ‧見備註/See Remarks 7 (e)(vi) ‧見備註/See Remarks 7 (d)(ii) ‧見備註/See Remarks 7 (e)(iii) ‧見備註/See Remarks 7 (f)(ii) ‧見備註/See Remarks 7 (e)(iv),
2018-08-26,2018-09-05,,第5座 (5B) Tower 5 (5B),47,B,,10281900,,‧價單第6號 (B2)付款辦法 Payment Plan (B2) of Price List No.6 見備註/See Remarks 7 (c)(ii) ‧見備註/See Remarks 7 (c)(iii) ‧見備註/See Remarks 7 (c)(iv) ‧見備註/See Remarks 7 (c)(v) ‧見備註/See Remarks 7 (e)(v) ‧見備註/See Remarks 7 (e)(vi) ‧見備註/See Remarks 7 (d)(ii) ‧見備註/See Remarks 7 (e)(iii) ‧見備註/See Remarks 7 (f)(ii) ‧見備註/See Remarks 7 (e)(iv),
2018-08-26,2018-09-05,,第5座 (5B) Tower 5 (5B),46,B,,10000000,,‧價單第6號 (A2)付款辦法 Payment Plan (A2) of Price List No.6 見備註/See Remarks 7 (c)(i) ‧見備註/See Remarks 7 (c)(iii) ‧見備註/See Remarks 7 (c)(iv) ‧見備註/See Remarks 7 (c)(v) ‧見備註/See Remarks 7 (e)(vi) ‧見備註/See Remarks 7 (d)(v) ‧見備註/See Remarks 7 (e)(iii) ‧見備註/See Remarks 7 (f)(ii) ‧見備註/See Remarks 7 (e)(iv),
2018-08-26,2018-09-05,,第5座 (5B) Tower 5 (5B),45,B,,9968000,,‧價單第6號 (A2)付款辦法 Payment Plan (A2) of Price List No.6 見備註/See Remarks 7 (c)(i) ‧見備註/See Remarks 7 (c)(iii) ‧見備註/See Remarks 7 (c)(iv) ‧見備註/See Remarks 7 (c)(v) ‧見備註/See Remarks 7 (e)(vi) ‧見備註/See Remarks 7 (d)(v) ‧見備註/See Remarks 7 (e)(iii) ‧見備註/See Remarks 7 (f)(ii) ‧見備註/See Remarks 7 (e)(iv),
2018-08-26,2018-09-05,,第5座 (5B) Tower 5 (5B),43,B,,9936000,,‧價單第6號 (A2)付款辦法 Payment Plan (A2) of Price List No.6 見備註/See Remarks 7 (c)(i) ‧見備註/See Remarks 7 (c)(iii) ‧見備註/See Remarks 7 (c)(iv) ‧見備註/See Remarks 7 (c)(v) ‧見備註/See Remarks 7 (e)(vi) ‧見備註/See Remarks 7 (d)(v) ‧見備註/See Remarks 7 (e)(iii) ‧見備註/See Remarks 7 (f)(ii) ‧見備註/See Remarks 7 (e)(iv),
2018-08-26,2018-09-05,,第5座 (5B) Tower 5 (5B),42,B,,10152400,,‧價單第6號 (B2)付款辦法 Payment Plan (B2) of Price List No.6 見備註/See Remarks 7 (c)(ii) ‧見備註/See Remarks 7 (c)(iii) ‧見備註/See Remarks 7 (c)(iv) ‧見備註/See Remarks 7 (c)(v) ‧見備註/See Remarks 7 (e)(v) ‧見備註/See Remarks 7 (e)(vi) ‧見備註/See Remarks 7 (d)(ii) ‧見備註/See Remarks 7 (e)(iii) ‧見備註/See Remarks 7 (f)(ii) ‧見備註/See Remarks 7 (e)(iv),
2018-08-26,2018-09-05,,第5座 (5B) Tower 5 (5B),41,B,,9872800,,‧價單第6號 (A2)付款辦法 Payment Plan (A2) of Price List No.6 見備註/See Remarks 7 (c)(i) ‧見備註/See Remarks 7 (c)(iii) ‧見備註/See Remarks 7 (c)(iv) ‧見備註/See Remarks 7 (c)(v) ‧見備註/See Remarks 7 (e)(vi) ‧見備註/See Remarks 7 (d)(v) ‧見備註/See Remarks 7 (e)(iii) ‧見備註/See Remarks 7 (f)(ii) ‧見備註/See Remarks 7 (e)(iv),
2018-08-26,2018-09-05,,第5座 (5B) Tower 5 (5B),40,B,,9840800,,‧價單第6號 (A2)付款辦法 Payment Plan (A2) of Price List No.6 見備註/See Remarks 7 (c)(i) ‧見備註/See Remarks 7 (c)(iii) ‧見備註/See Remarks 7 (c)(iv) ‧見備註/See Remarks 7 (c)(v) ‧見備註/See Remarks 7 (e)(vi) ‧見備註/See Remarks 7 (d)(v) ‧見備註/See Remarks 7 (e)(iii) ‧見備註/See Remarks 7 (f)(ii) ‧見備註/See Remarks 7 (e)(iv),
2018-08-26,2018-09-05,,第5座 (5B) Tower 5 (5B),39,B,,10055600,,‧價單第6號 (B2)付款辦法 Payment Plan (B2) of Price List No.6 見備註/See Remarks 7 (c)(ii) ‧見備註/See Remarks 7 (c)(iii) ‧見備註/See Remarks 7 (c)(iv) ‧見備註/See Remarks 7 (c)(v) ‧見備註/See Remarks 7 (e)(v) ‧見備註/See Remarks 7 (e)(vi) ‧見備註/See Remarks 7 (d)(ii) ‧見備註/See Remarks 7 (e)(iii) ‧見備註/See Remarks 7 (f)(ii) ‧見備註/See Remarks 7 (e)(iv),
2018-08-26,2018-09-05,,第5座 (5B) Tower 5 (5B),38,B,,9810400,,‧價單第6號 (A2)付款辦法 Payment Plan (A2) of Price List No.6 見備註/See Remarks 7 (c)(i) ‧見備註/See Remarks 7 (c)(iii) ‧見備註/See Remarks 7 (c)(iv) ‧見備註/See Remarks 7 (c)(v) ‧見備註/See Remarks 7 (e)(vi) ‧見備註/See Remarks 7 (d)(v) ‧見備註/See Remarks 7 (e)(iii) ‧見備註/See Remarks 7 (f)(ii) ‧見備註/See Remarks 7 (e)(iv),
2018-08-26,2018-09-05,,第5座 (5B) Tower 5 (5B),37,B,,9755200,,‧價單第6號 (A2)付款辦法 Payment Plan (A2) of Price List No.6 見備註/See Remarks 7 (c)(i) ‧見備註/See Remarks 7 (c)(iii) ‧見備註/See Remarks 7 (c)(iv) ‧見備註/See Remarks 7 (c)(v) ‧見備註/See Remarks 7 (e)(vi) ‧見備註/See Remarks 7 (d)(v) ‧見備註/See Remarks 7 (e)(iii) ‧見備註/See Remarks 7 (f)(ii) ‧見備註/See Remarks 7 (e)(iv),
2018-08-26,2018-09-05,,第5座 (5B) Tower 5 (5B),36,B,,9971200,,‧價單第6號 (B2)付款辦法 Payment Plan (B2) of Price List No.6 見備註/See Remarks 7 (c)(ii) ‧見備註/See Remarks 7 (c)(iii) ‧見備註/See Remarks 7 (c)(iv) ‧見備註/See Remarks 7 (c)(v) ‧見備註/See Remarks 7 (e)(v) ‧見備註/See Remarks 7 (e)(vi) ‧見備註/See Remarks 7 (d)(ii) ‧見備註/See Remarks 7 (e)(iii) ‧見備註/See Remarks 7 (f)(ii) ‧見備註/See Remarks 7 (e)(iv),
2018-08-26,2018-09-05,,第5座 (5B) Tower 5 (5B),35,B,,10670800,,‧價單第6號 (B2)付款辦法 Payment Plan (B2) of Price List No.6 見備註/See Remarks 7 (c)(ii) ‧見備註/See Remarks 7 (c)(iii) ‧見備註/See Remarks 7 (d)(iii) ‧見備註/See Remarks 7 (c)(v) ‧見備註/See Remarks 7 (e)(v) ‧見備註/See Remarks 7 (e)(vi) ‧見備註/See Remarks 7 (e)(iii) ‧見備註/See Remarks 7 (f)(ii) ‧見備註/See Remarks 7 (e)(iv),
2018-08-26,2018-09-05,,第5座 (5B) Tower 5 (5B),33,B,,9672800,,‧價單第6號 (A2)付款辦法 Payment Plan (A2) of Price List No.6 見備註/See Remarks 7 (c)(i) ‧見備註/See Remarks 7 (c)(iii) ‧見備註/See Remarks 7 (c)(iv) ‧見備註/See Remarks 7 (c)(v) ‧見備註/See Remarks 7 (e)(vi) ‧見備註/See Remarks 7 (d)(v) ‧見備註/See Remarks 7 (e)(iii) ‧見備註/See Remarks 7 (f)(ii) ‧見備註/See Remarks 7 (e)(iv),
2018-08-26,2018-09-05,,第5座 (5B) Tower 5 (5B),32,B,,9632800,,‧價單第6號 (A2)付款辦法 Payment Plan (A2) of Price List No.6 見備註/See Remarks 7 (c)(i) ‧見備註/See Remarks 7 (c)(iii) ‧見備註/See Remarks 7 (c)(iv) ‧見備註/See Remarks 7 (c)(v) ‧見備註/See Remarks 7 (e)(vi) ‧見備註/See Remarks 7 (d)(v) ‧見備註/See Remarks 7 (e)(iii) ‧見備註/See Remarks 7 (f)(ii) ‧見備註/See Remarks 7 (e)(iv),
2018-08-26,2018-09-05,,第5座 (5B) Tower 5 (5B),31,B,,9592000,,‧價單第6號 (A2)付款辦法 Payment Plan (A2) of Price List No.6 見備註/See Remarks 7 (c)(i) ‧見備註/See Remarks 7 (c)(iii) ‧見備註/See Remarks 7 (c)(iv) ‧見備註/See Remarks 7 (c)(v) ‧見備註/See Remarks 7 (e)(vi) ‧見備註/See Remarks 7 (d)(v) ‧見備註/See Remarks 7 (e)(iii) ‧見備註/See Remarks 7 (f)(ii) ‧見備註/See Remarks 7 (e)(iv),
2018-08-26,2018-09-05,,第5座 (5B) Tower 5 (5B),30,B,,9552000,,‧價單第6號 (A2)付款辦法 Payment Plan (A2) of Price List No.6 見備註/See Remarks 7 (c)(i) ‧見備註/See Remarks 7 (c)(iii) ‧見備註/See Remarks 7 (c)(iv) ‧見備註/See Remarks 7 (c)(v) ‧見備註/See Remarks 7 (e)(vi) ‧見備註/See Remarks 7 (d)(v) ‧見備註/See Remarks 7 (e)(iii) ‧見備註/See Remarks 7 (f)(ii) ‧見備註/See Remarks 7 (e)(iv),
2018-08-26,,,第5座 (5B) Tower 5 (5B),28,B,,9552000,,‧價單第6號 (A2)付款辦法 Payment Plan (A2) of Price List No.6 見備註/See Remarks 7 (c)(i) ‧見備註/See Remarks 7 (c)(iii) ‧見備註/See Remarks 7 (c)(iv) ‧見備註/See Remarks 7 (c)(v) ‧見備註/See Remarks 7 (e)(vi) ‧見備註/See Remarks 7 (d)(v) ‧見備註/See Remarks 7 (e)(iii) ‧見備註/See Remarks 7 (f)(ii) ‧見備註/See Remarks 7 (e)(iv),
2018-08-26,2018-09-05,,第5座 (5B) Tower 5 (5B),27,B,,9456800,,‧價單第6號 (A2)付款辦法 Payment Plan (A2) of Price List No.6 見備註/See Remarks 7 (c)(i) ‧見備註/See Remarks 7 (c)(iii) ‧見備註/See Remarks 7 (c)(iv) ‧見備註/See Remarks 7 (c)(v) ‧見備註/See Remarks 7 (e)(vi) ‧見備註/See Remarks 7 (d)(v) ‧見備註/See Remarks 7 (e)(iii) ‧見備註/See Remarks 7 (f)(ii) ‧見備註/See Remarks 7 (e)(iv),
2018-08-26,2018-09-05,,第5座 (5B) Tower 5 (5B),26,B,,9410400,,‧價單第6號 (A2)付款辦法 Payment Plan (A2) of Price List No.6 見備註/See Remarks 7 (c)(i) ‧見備註/See Remarks 7 (c)(iii) ‧見備註/See Remarks 7 (c)(iv) ‧見備註/See Remarks 7 (c)(v) ‧見備註/See Remarks 7 (e)(vi) ‧見備註/See Remarks 7 (d)(v) ‧見備註/See Remarks 7 (e)(iii) ‧見備註/See Remarks 7 (f)(ii) ‧見備註/See Remarks 7 (e)(iv),
2018-08-26,2018-09-05,,第5座 (5B) Tower 5 (5B),25,B,,9596400,,‧價單第6號 (B2)付款辦法 Payment Plan (B2) of Price List No.6 見備註/See Remarks 7 (c)(ii) ‧見備註/See Remarks 7 (c)(iii) ‧見備註/See Remarks 7 (c)(iv) ‧見備註/See Remarks 7 (c)(v) ‧見備註/See Remarks 7 (e)(v) ‧見備註/See Remarks 7 (e)(vi) ‧見備註/See Remarks 7 (d)(ii) ‧見備註/See Remarks 7 (e)(iii) ‧見備註/See Remarks 7 (f)(ii) ‧見備註/See Remarks 7 (e)(iv),
2018-08-26,2018-09-05,,第5座 (5B) Tower 5 (5B),23,B,,9316000,,‧價單第6號 (A2)付款辦法 Payment Plan (A2) of Price List No.6 見備註/See Remarks 7 (c)(i) ‧見備註/See Remarks 7 (c)(iii) ‧見備註/See Remarks 7 (c)(iv) ‧見備註/See Remarks 7 (c)(v) ‧見備註/See Remarks 7 (e)(vi) ‧見備註/See Remarks 7 (d)(v) ‧見備註/See Remarks 7 (e)(iii) ‧見備註/See Remarks 7 (f)(ii) ‧見備註/See Remarks 7 (e)(iv),
2018-08-26,2018-09-05,,第5座 (5B) Tower 5 (5B),22,B,,9268800,,‧價單第6號 (A2)付款辦法 Payment Plan (A2) of Price List No.6 見備註/See Remarks 7 (c)(i) ‧見備註/See Remarks 7 (c)(iii) ‧見備註/See Remarks 7 (c)(iv) ‧見備註/See Remarks 7 (c)(v) ‧見備註/See Remarks 7 (e)(vi) ‧見備註/See Remarks 7 (d)(v) ‧見備註/See Remarks 7 (e)(iii) ‧見備註/See Remarks 7 (f)(ii) ‧見備註/See Remarks 7 (e)(iv),
2018-08-26,2018-09-05,,第5座 (5B) Tower 5 (5B),21,B,,9223200,,‧價單第6號 (A2)付款辦法 Payment Plan (A2) of Price List No.6 見備註/See Remarks 7 (c)(i) ‧見備註/See Remarks 7 (c)(iii) ‧見備註/See Remarks 7 (c)(iv) ‧見備註/See Remarks 7 (c)(v) ‧見備註/See Remarks 7 (e)(vi) ‧見備註/See Remarks 7 (d)(v) ‧見備註/See Remarks 7 (e)(iii) ‧見備註/See Remarks 7 (f)(ii) ‧見備註/See Remarks 7 (e)(iv),
2018-08-26,2018-09-05,,第5座 (5B) Tower 5 (5B),20,B,,10093600,,‧價單第6號 (B2)付款辦法 Payment Plan (B2) of Price List No.6 見備註/See Remarks 7 (c)(ii) ‧見備註/See Remarks 7 (c)(iii) ‧見備註/See Remarks 7 (d)(iii) ‧見備註/See Remarks 7 (c)(v) ‧見備註/See Remarks 7 (e)(v) ‧見備註/See Remarks 7 (e)(vi) ‧見備註/See Remarks 7 (e)(iii) ‧見備註/See Remarks 7 (f)(ii) ‧見備註/See Remarks 7 (e)(iv),
2018-08-26,2018-09-05,,第5座 (5B) Tower 5 (5B),19,B,,9140000,,‧價單第6號 (A2)付款辦法 Payment Plan (A2) of Price List No.6 見備註/See Remarks 7 (c)(i) ‧見備註/See Remarks 7 (c)(iii) ‧見備註/See Remarks 7 (c)(iv) ‧見備註/See Remarks 7 (c)(v) ‧見備註/See Remarks 7 (e)(vi) ‧見備註/See Remarks 7 (d)(v) ‧見備註/See Remarks 7 (e)(iii) ‧見備註/See Remarks 7 (f)(ii) ‧見備註/See Remarks 7 (e)(iv),
2018-08-26,2018-09-05,,第5座 (5B) Tower 5 (5B),18,B,,9140000,,‧價單第6號 (A2)付款辦法 Payment Plan (A2) of Price List No.6 見備註/See Remarks 7 (c)(i) ‧見備註/See Remarks 7 (c)(iii) ‧見備註/See Remarks 7 (c)(iv) ‧見備註/See Remarks 7 (c)(v) ‧見備註/See Remarks 7 (e)(vi) ‧見備註/See Remarks 7 (d)(v) ‧見備註/See Remarks 7 (e)(iii) ‧見備註/See Remarks 7 (f)(ii) ‧見備註/See Remarks 7 (e)(iv),
2018-08-26,2018-09-05,,第5座 (5B) Tower 5 (5B),17,B,,10539600,,‧價單第6號 (B2)付款辦法 Payment Plan (B2) of Price List No.6 見備註/See Remarks 7 (c)(ii) ‧見備註/See Remarks 7 (d)(i) ‧見備註/See Remarks 7 (c)(iv) ‧見備註/See Remarks 7 (c)(v) ‧見備註/See Remarks 7 (e)(v) ‧見備註/See Remarks 7 (e)(vi) ‧見備註/See Remarks 7 (d)(ii) ‧見備註/See Remarks 7 (e)(iii) ‧見備註/See Remarks 7 (f)(ii) ‧見備註/See Remarks 7 (e)(iv),
2018-08-26,2018-09-05,,第5座 (5B) Tower 5 (5B),16,B,,9030400,,‧價單第6號 (A2)付款辦法 Payment Plan (A2) of Price List No.6 見備註/See Remarks 7 (c)(i) ‧見備註/See Remarks 7 (c)(iii) ‧見備註/See Remarks 7 (c)(iv) ‧見備註/See Remarks 7 (c)(v) ‧見備註/See Remarks 7 (e)(vi) ‧見備註/See Remarks 7 (d)(v) ‧見備註/See Remarks 7 (e)(iii) ‧見備註/See Remarks 7 (f)(ii) ‧見備註/See Remarks 7 (e)(iv),
2018-08-26,2018-09-05,,第5座 (5B) Tower 5 (5B),15,B,,9894700,,‧價單第6號 (B2)付款辦法 Payment Plan (B2) of Price List No.6 見備註/See Remarks 7 (c)(ii) ‧見備註/See Remarks 7 (c)(iii) ‧見備註/See Remarks 7 (d)(iii) ‧見備註/See Remarks 7 (c)(v) ‧見備註/See Remarks 7 (e)(v) ‧見備註/See Remarks 7 (e)(vi) ‧見備註/See Remarks 7 (e)(iii) ‧見備註/See Remarks 7 (f)(ii) ‧見備註/See Remarks 7 (e)(iv),
2018-08-26,2018-09-05,,第5座 (5B) Tower 5 (5B),12,B,,8959200,,‧價單第6號 (A2)付款辦法 Payment Plan (A2) of Price List No.6 見備註/See Remarks 7 (c)(i) ‧見備註/See Remarks 7 (c)(iii) ‧見備註/See Remarks 7 (c)(iv) ‧見備註/See Remarks 7 (c)(v) ‧見備註/See Remarks 7 (e)(vi) ‧見備註/See Remarks 7 (d)(v) ‧見備註/See Remarks 7 (e)(iii) ‧見備註/See Remarks 7 (f)(ii) ‧見備註/See Remarks 7 (e)(iv),
2018-08-26,2018-09-05,,第5座 (5B) Tower 5 (5B),11,B,,8923200,,‧價單第6號 (A2)付款辦法 Payment Plan (A2) of Price List No.6 見備註/See Remarks 7 (c)(i) ‧見備註/See Remarks 7 (c)(iii) ‧見備註/See Remarks 7 (c)(iv) ‧見備註/See Remarks 7 (c)(v) ‧見備註/See Remarks 7 (e)(vi) ‧見備註/See Remarks 7 (d)(v) ‧見備註/See Remarks 7 (e)(iii) ‧見備註/See Remarks 7 (f)(ii) ‧見備註/See Remarks 7 (e)(iv),
2018-08-26,2018-09-05,,第5座 (5B) Tower 5 (5B),10,B,,8887200,,‧價單第6號 (A2)付款辦法 Payment Plan (A2) of Price List No.6 見備註/See Remarks 7 (c)(i) ‧見備註/See Remarks 7 (c)(iii) ‧見備註/See Remarks 7 (c)(iv) ‧見備註/See Remarks 7 (c)(v) ‧見備註/See Remarks 7 (e)(vi) ‧見備註/See Remarks 7 (d)(v) ‧見備註/See Remarks 7 (e)(iii) ‧見備註/See Remarks 7 (f)(ii) ‧見備註/See Remarks 7 (e)(iv),
2018-08-26,2018-09-05,,第5座 (5B) Tower 5 (5B),9,B,,8851200,,‧價單第6號 (A2)付款辦法 Payment Plan (A2) of Price List No.6 見備註/See Remarks 7 (c)(i) ‧見備註/See Remarks 7 (c)(iii) ‧見備註/See Remarks 7 (c)(iv) ‧見備註/See Remarks 7 (c)(v) ‧見備註/See Remarks 7 (e)(vi) ‧見備註/See Remarks 7 (d)(v) ‧見備註/See Remarks 7 (e)(iii) ‧見備註/See Remarks 7 (f)(ii) ‧見備註/See Remarks 7 (e)(iv),
2018-08-26,2018-09-05,,第5座 (5B) Tower 5 (5B),8,B,,8851200,,‧價單第6號 (A2)付款辦法 Payment Plan (A2) of Price List No.6 見備註/See Remarks 7 (c)(i) ‧見備註/See Remarks 7 (c)(iii) ‧見備註/See Remarks 7 (c)(iv) ‧見備註/See Remarks 7 (c)(v) ‧見備註/See Remarks 7 (e)(vi) ‧見備註/See Remarks 7 (d)(v) ‧見備註/See Remarks 7 (e)(iii) ‧見備註/See Remarks 7 (f)(ii) ‧見備註/See Remarks 7 (e)(iv),
2018-08-26,2018-09-05,,第5座 (5B) Tower 5 (5B),7,B,,9542700,,‧價單第6號 (B2)付款辦法 Payment Plan (B2) of Price List No.6 見備註/See Remarks 7 (c)(ii) ‧見備註/See Remarks 7 (c)(iii) ‧見備註/See Remarks 7 (d)(iii) ‧見備註/See Remarks 7 (c)(v) ‧見備註/See Remarks 7 (e)(v) ‧見備註/See Remarks 7 (e)(vi) ‧見備註/See Remarks 7 (e)(iii) ‧見備註/See Remarks 7 (f)(ii) ‧見備註/See Remarks 7 (e)(iv),
2018-08-26,2018-09-05,,第5座 (5B) Tower 5 (5B),6,B,,8588000,,‧價單第6號 (A2)付款辦法 Payment Plan (A2) of Price List No.6 見備註/See Remarks 7 (c)(i) ‧見備註/See Remarks 7 (c)(iii) ‧見備註/See Remarks 7 (c)(iv) ‧見備註/See Remarks 7 (c)(v) ‧見備註/See Remarks 7 (e)(vi) ‧見備註/See Remarks 7 (d)(v) ‧見備註/See Remarks 7 (e)(iii) ‧見備註/See Remarks 7 (f)(ii) ‧見備註/See Remarks 7 (e)(iv),
2018-08-26,2018-09-05,,第5座 (5B) Tower 5 (5B),56,D,,9442300,,‧價單第6號 (B2)付款辦法 Payment Plan (B2) of Price List No.6 見備註/See Remarks 7 (c)(ii) ‧見備註/See Remarks 7 (c)(iii) ‧見備註/See Remarks 7 (c)(iv) ‧見備註/See Remarks 7 (c)(v) ‧見備註/See Remarks 7 (e)(v) ‧見備註/See Remarks 7 (e)(vi) ‧見備註/See Remarks 7 (d)(ii) ‧見備註/See Remarks 7 (e)(iii) ‧見備註/See Remarks 7 (f)(ii) ‧見備註/See Remarks 7 (e)(iv),
2018-08-26,2018-09-05,,第5座 (5B) Tower 5 (5B),55,D,,10061900,,‧價單第6號 (B2)付款辦法 Payment Plan (B2) of Price List No.6 見備註/See Remarks 7 (c)(ii) ‧見備註/See Remarks 7 (c)(iii) ‧見備註/See Remarks 7 (d)(iii) ‧見備註/See Remarks 7 (c)(v) ‧見備註/See Remarks 7 (e)(v) ‧見備註/See Remarks 7 (e)(vi) ‧見備註/See Remarks 7 (e)(iii) ‧見備註/See Remarks 7 (f)(ii) ‧見備註/See Remarks 7 (e)(iv),
2018-08-26,2018-09-05,,第5座 (5B) Tower 5 (5B),53,D,,9080800,,‧價單第6號 (A2)付款辦法 Payment Plan (A2) of Price List No.6 見備註/See Remarks 7 (c)(i) ‧見備註/See Remarks 7 (c)(iii) ‧見備註/See Remarks 7 (c)(iv) ‧見備註/See Remarks 7 (c)(v) ‧見備註/See Remarks 7 (e)(vi) ‧見備註/See Remarks 7 (d)(v) ‧見備註/See Remarks 7 (e)(iii) ‧見備註/See Remarks 7 (f)(ii) ‧見備註/See Remarks 7 (e)(iv),
2018-08-26,2018-09-05,,第5座 (5B) Tower 5 (5B),52,D,,10486600,,‧價單第6號 (B2)付款辦法 Payment Plan (B2) of Price List No.6 見備註/See Remarks 7 (c)(ii) ‧見備註/See Remarks 7 (d)(i) ‧見備註/See Remarks 7 (c)(iv) ‧見備註/See Remarks 7 (c)(v) ‧見備註/See Remarks 7 (e)(v) ‧見備註/See Remarks 7 (e)(vi) ‧見備註/See Remarks 7 (d)(ii) ‧見備註/See Remarks 7 (e)(iii) ‧見備註/See Remarks 7 (f)(ii) ‧見備註/See Remarks 7 (e)(iv),
2018-08-26,2018-09-05,,第5座 (5B) Tower 5 (5B),51,D,,8962400,,‧價單第6號 (A2)付款辦法 Payment Plan (A2) of Price List No.6 見備註/See Remarks 7 (c)(i) ‧見備註/See Remarks 7 (c)(iii) ‧見備註/See Remarks 7 (c)(iv) ‧見備註/See Remarks 7 (c)(v) ‧見備註/See Remarks 7 (e)(vi) ‧見備註/See Remarks 7 (d)(v) ‧見備註/See Remarks 7 (e)(iii) ‧見備註/See Remarks 7 (f)(ii) ‧見備註/See Remarks 7 (e)(iv),
2018-08-26,2018-09-05,,第5座 (5B) Tower 5 (5B),50,D,,8908800,,‧價單第6號 (A2)付款辦法 Payment Plan (A2) of Price List No.6 見備註/See Remarks 7 (c)(i) ‧見備註/See Remarks 7 (c)(iii) ‧見備註/See Remarks 7 (c)(iv) ‧見備註/See Remarks 7 (c)(v) ‧見備註/See Remarks 7 (e)(vi) ‧見備註/See Remarks 7 (d)(v) ‧見備註/See Remarks 7 (e)(iii) ‧見備註/See Remarks 7 (f)(ii) ‧見備註/See Remarks 7 (e)(iv),
2018-08-26,2018-09-05,,第5座 (5B) Tower 5 (5B),49,D,,8856000,,‧價單第6號 (A2)付款辦法 Payment Plan (A2) of Price List No.6 見備註/See Remarks 7 (c)(i) ‧見備註/See Remarks 7 (c)(iii) ‧見備註/See Remarks 7 (c)(iv) ‧見備註/See Remarks 7 (c)(v) ‧見備註/See Remarks 7 (e)(vi) ‧見備註/See Remarks 7 (d)(v) ‧見備註/See Remarks 7 (e)(iii) ‧見備註/See Remarks 7 (f)(ii) ‧見備註/See Remarks 7 (e)(iv),
2018-08-26,2018-09-05,,第5座 (5B) Tower 5 (5B),48,D,,8856000,,‧價單第6號 (A2)付款辦法 Payment Plan (A2) of Price List No.6 見備註/See Remarks 7 (c)(i) ‧見備註/See Remarks 7 (c)(iii) ‧見備註/See Remarks 7 (c)(iv) ‧見備註/See Remarks 7 (c)(v) ‧見備註/See Remarks 7 (e)(vi) ‧見備註/See Remarks 7 (d)(v) ‧見備註/See Remarks 7 (e)(iii) ‧見備註/See Remarks 7 (f)(ii) ‧見備註/See Remarks 7 (e)(iv),
2018-08-26,2018-09-05,,第5座 (5B) Tower 5 (5B),47,D,,8782400,,‧價單第6號 (A2)付款辦法 Payment Plan (A2) of Price List No.6 見備註/See Remarks 7 (c)(i) ‧見備註/See Remarks 7 (c)(iii) ‧見備註/See Remarks 7 (c)(iv) ‧見備註/See Remarks 7 (c)(v) ‧見備註/See Remarks 7 (e)(vi) ‧見備註/See Remarks 7 (d)(v) ‧見備註/See Remarks 7 (e)(iii) ‧見備註/See Remarks 7 (f)(ii) ‧見備註/See Remarks 7 (e)(iv),
2018-08-26,2018-09-05,,第5座 (5B) Tower 5 (5B),46,D,,8746400,,‧價單第6號 (A2)付款辦法 Payment Plan (A2) of Price List No.6 見備註/See Remarks 7 (c)(i) ‧見備註/See Remarks 7 (c)(iii) ‧見備註/See Remarks 7 (c)(iv) ‧見備註/See Remarks 7 (c)(v) ‧見備註/See Remarks 7 (e)(vi) ‧見備註/See Remarks 7 (d)(v) ‧見備註/See Remarks 7 (e)(iii) ‧見備註/See Remarks 7 (f)(ii) ‧見備註/See Remarks 7 (e)(iv),
2018-08-26,2018-09-05,,第5座 (5B) Tower 5 (5B),45,D,,8708800,,‧價單第6號 (A2)付款辦法 Payment Plan (A2) of Price List No.6 見備註/See Remarks 7 (c)(i) ‧見備註/See Remarks 7 (c)(iii) ‧見備註/See Remarks 7 (c)(iv) ‧見備註/See Remarks 7 (c)(v) ‧見備註/See Remarks 7 (e)(vi) ‧見備註/See Remarks 7 (d)(v) ‧見備註/See Remarks 7 (e)(iii) ‧見備註/See Remarks 7 (f)(ii) ‧見備註/See Remarks 7 (e)(iv),
2018-08-26,2018-09-05,,第5座 (5B) Tower 5 (5B),43,D,,8672000,,‧價單第6號 (A2)付款辦法 Payment Plan (A2) of Price List No.6 見備註/See Remarks 7 (c)(i) ‧見備註/See Remarks 7 (c)(iii) ‧見備註/See Remarks 7 (c)(iv) ‧見備註/See Remarks 7 (c)(v) ‧見備註/See Remarks 7 (e)(vi) ‧見備註/See Remarks 7 (d)(v) ‧見備註/See Remarks 7 (e)(iii) ‧見備註/See Remarks 7 (f)(ii) ‧見備註/See Remarks 7 (e)(iv),
2018-08-26,2018-09-05,,第5座 (5B) Tower 5 (5B),42,D,,8852700,,‧價單第6號 (B2)付款辦法 Payment Plan (B2) of Price List No.6 見備註/See Remarks 7 (c)(ii) ‧見備註/See Remarks 7 (c)(iii) ‧見備註/See Remarks 7 (c)(iv) ‧見備註/See Remarks 7 (c)(v) ‧見備註/See Remarks 7 (e)(v) ‧見備註/See Remarks 7 (e)(vi) ‧見備註/See Remarks 7 (d)(ii) ‧見備註/See Remarks 7 (e)(iii) ‧見備註/See Remarks 7 (f)(ii) ‧見備註/See Remarks 7 (e)(iv),
2018-08-26,2018-09-05,,第5座 (5B) Tower 5 (5B),41,D,,8600000,,‧價單第6號 (A2)付款辦法 Payment Plan (A2) of Price List No.6 見備註/See Remarks 7 (c)(i) ‧見備註/See Remarks 7 (c)(iii) ‧見備註/See Remarks 7 (c)(iv) ‧見備註/See Remarks 7 (c)(v) ‧見備註/See Remarks 7 (e)(vi) ‧見備註/See Remarks 7 (d)(v) ‧見備註/See Remarks 7 (e)(iii) ‧見備註/See Remarks 7 (f)(ii) ‧見備註/See Remarks 7 (e)(iv),
2018-08-26,2018-09-05,,第5座 (5B) Tower 5 (5B),40,D,,8564000,,‧價單第6號 (A2)付款辦法 Payment Plan (A2) of Price List No.6 見備註/See Remarks 7 (c)(i) ‧見備註/See Remarks 7 (c)(iii) ‧見備註/See Remarks 7 (c)(iv) ‧見備註/See Remarks 7 (c)(v) ‧見備註/See Remarks 7 (e)(vi) ‧見備註/See Remarks 7 (d)(v) ‧見備註/See Remarks 7 (e)(iii) ‧見備註/See Remarks 7 (f)(ii) ‧見備註/See Remarks 7 (e)(iv),
2018-08-26,2018-09-05,,第5座 (5B) Tower 5 (5B),39,D,,8528800,,‧價單第6號 (A2)付款辦法 Payment Plan (A2) of Price List No.6 見備註/See Remarks 7 (c)(i) ‧見備註/See Remarks 7 (c)(iii) ‧見備註/See Remarks 7 (c)(iv) ‧見備註/See Remarks 7 (c)(v) ‧見備註/See Remarks 7 (e)(vi) ‧見備註/See Remarks 7 (d)(v) ‧見備註/See Remarks 7 (e)(iii) ‧見備註/See Remarks 7 (f)(ii) ‧見備註/See Remarks 7 (e)(iv),
2018-08-26,2018-09-05,,第5座 (5B) Tower 5 (5B),38,D,,8528800,,‧價單第6號 (A2)付款辦法 Payment Plan (A2) of Price List No.6 見備註/See Remarks 7 (c)(i) ‧見備註/See Remarks 7 (c)(iii) ‧見備註/See Remarks 7 (c)(iv) ‧見備註/See Remarks 7 (c)(v) ‧見備註/See Remarks 7 (e)(vi) ‧見備註/See Remarks 7 (d)(v) ‧見備註/See Remarks 7 (e)(iii) ‧見備註/See Remarks 7 (f)(ii) ‧見備註/See Remarks 7 (e)(iv),
2018-08-26,2018-09-05,,第5座 (5B) Tower 5 (5B),37,D,,8478400,,‧價單第6號 (A2)付款辦法 Payment Plan (A2) of Price List No.6 見備註/See Remarks 7 (c)(i) ‧見備註/See Remarks 7 (c)(iii) ‧見備註/See Remarks 7 (c)(iv) ‧見備註/See Remarks 7 (c)(v) ‧見備註/See Remarks 7 (e)(vi) ‧見備註/See Remarks 7 (d)(v) ‧見備註/See Remarks 7 (e)(iii) ‧見備註/See Remarks 7 (f)(ii) ‧見備註/See Remarks 7 (e)(iv),
2018-08-26,2018-09-05,,第5座 (5B) Tower 5 (5B),36,D,,8452000,,‧價單第6號 (A2)付款辦法 Payment Plan (A2) of Price List No.6 見備註/See Remarks 7 (c)(i) ‧見備註/See Remarks 7 (c)(iii) ‧見備註/See Remarks 7 (c)(iv) ‧見備註/See Remarks 7 (c)(v) ‧見備註/See Remarks 7 (e)(vi) ‧見備註/See Remarks 7 (d)(v) ‧見備註/See Remarks 7 (e)(iii) ‧見備註/See Remarks 7 (f)(ii) ‧見備註/See Remarks 7 (e)(iv),
2018-08-26,2018-09-05,,第5座 (5B) Tower 5 (5B),35,D,,8427200,,‧價單第6號 (A2)付款辦法 Payment Plan (A2) of Price List No.6 見備註/See Remarks 7 (c)(i) ‧見備註/See Remarks 7 (c)(iii) ‧見備註/See Remarks 7 (c)(iv) ‧見備註/See Remarks 7 (c)(v) ‧見備註/See Remarks 7 (e)(vi) ‧見備註/See Remarks 7 (d)(v) ‧見備註/See Remarks 7 (e)(iii) ‧見備註/See Remarks 7 (f)(ii) ‧見備註/See Remarks 7 (e)(iv),
2018-08-26,2018-09-05,,第5座 (5B) Tower 5 (5B),33,D,,8402400,,‧價單第6號 (A2)付款辦法 Payment Plan (A2) of Price List No.6 見備註/See Remarks 7 (c)(i) ‧見備註/See Remarks 7 (c)(iii) ‧見備註/See Remarks 7 (c)(iv) ‧見備註/See Remarks 7 (c)(v) ‧見備註/See Remarks 7 (e)(vi) ‧見備註/See Remarks 7 (d)(v) ‧見備註/See Remarks 7 (e)(iii) ‧見備註/See Remarks 7 (f)(ii) ‧見備註/See Remarks 7 (e)(iv),
2018-08-26,2018-09-05,,第5座 (5B) Tower 5 (5B),32,D,,8376800,,‧價單第6號 (A2)付款辦法 Payment Plan (A2) of Price List No.6 見備註/See Remarks 7 (c)(i) ‧見備註/See Remarks 7 (c)(iii) ‧見備註/See Remarks 7 (c)(iv) ‧見備註/See Remarks 7 (c)(v) ‧見備註/See Remarks 7 (e)(vi) ‧見備註/See Remarks 7 (d)(v) ‧見備註/See Remarks 7 (e)(iii) ‧見備註/See Remarks 7 (f)(ii) ‧見備註/See Remarks 7 (e)(iv),
2018-08-26,2018-09-05,,第5座 (5B) Tower 5 (5B),31,D,,9186300,"在04-01-2019，基於法例第35(2)(b)條所容許的原因 ，售價調整為$8,351,200。 On 04-01-2019, the price adjusted to $8,351,200 due to the reason allowed under section 35(2)(b) of the Ordinance.",‧價單第6號 (B2)付款辦法 Payment Plan (B2) of Price List No.6 見備註/See Remarks 7 (c)(ii) ‧見備註/See Remarks 7 (c)(iii) ‧見備註/See Remarks 7 (d)(iii) ‧見備註/See Remarks 7 (c)(v) ‧見備註/See Remarks 7 (e)(v) ‧見備註/See Remarks 7 (e)(vi) ‧見備註/See Remarks 7 (e)(iii) ‧見備註/See Remarks 7 (f)(ii) ‧見備註/See Remarks 7 (e)(iv) ‧價單第6號 (A2)付款辦法 Payment Plan (A2) of Price List No.6 見備註/See Remarks 7 (c)(i) ‧見備註/See Remarks 7 (c)(iii) ‧見備註/See Remarks 7 (c)(iv) ‧見備註/See Remarks 7 (c)(v) ‧見備註/See Remarks 7 (e)(vi) ‧見備註/See Remarks 7 (d)(v) ‧見備註/See Remarks 7 (e)(iii) ‧見備註/See Remarks 7 (f)(ii) ‧見備註/See Remarks 7 (e)(iv) ‧(在04-01-2019修訂) (revised on 04-01-2019),
2018-08-26,2018-09-05,,第5座 (5B) Tower 5 (5B),30,D,,8535300,,‧價單第6號 (B2)付款辦法 Payment Plan (B2) of Price List No.6 見備註/See Remarks 7 (c)(ii) ‧見備註/See Remarks 7 (c)(iii) ‧見備註/See Remarks 7 (c)(iv) ‧見備註/See Remarks 7 (c)(v) ‧見備註/See Remarks 7 (e)(v) ‧見備註/See Remarks 7 (e)(vi) ‧見備註/See Remarks 7 (d)(ii) ‧見備註/See Remarks 7 (e)(iii) ‧見備註/See Remarks 7 (f)(ii) ‧見備註/See Remarks 7 (e)(iv),
2018-08-26,2018-09-05,,第5座 (5B) Tower 5 (5B),28,D,,8327200,,‧價單第6號 (A2)付款辦法 Payment Plan (A2) of Price List No.6 見備註/See Remarks 7 (c)(i) ‧見備註/See Remarks 7 (c)(iii) ‧見備註/See Remarks 7 (c)(iv) ‧見備註/See Remarks 7 (c)(v) ‧見備註/See Remarks 7 (e)(vi) ‧見備註/See Remarks 7 (d)(v) ‧見備註/See Remarks 7 (e)(iii) ‧見備註/See Remarks 7 (f)(ii) ‧見備註/See Remarks 7 (e)(iv),
2018-08-26,2018-09-05,,第5座 (5B) Tower 5 (5B),27,D,,8243200,,‧價單第6號 (A2)付款辦法 Payment Plan (A2) of Price List No.6 見備註/See Remarks 7 (c)(i) ‧見備註/See Remarks 7 (c)(iii) ‧見備註/See Remarks 7 (c)(iv) ‧見備註/See Remarks 7 (c)(v) ‧見備註/See Remarks 7 (e)(vi) ‧見備註/See Remarks 7 (d)(v) ‧見備註/See Remarks 7 (e)(iii) ‧見備註/See Remarks 7 (f)(ii) ‧見備註/See Remarks 7 (e)(iv),
2018-08-26,2018-09-05,,第5座 (5B) Tower 5 (5B),26,D,,8202400,,‧價單第6號 (A2)付款辦法 Payment Plan (A2) of Price List No.6 見備註/See Remarks 7 (c)(i) ‧見備註/See Remarks 7 (c)(iii) ‧見備註/See Remarks 7 (c)(iv) ‧見備註/See Remarks 7 (c)(v) ‧見備註/See Remarks 7 (e)(vi) ‧見備註/See Remarks 7 (d)(v) ‧見備註/See Remarks 7 (e)(iii) ‧見備註/See Remarks 7 (f)(ii) ‧見備註/See Remarks 7 (e)(iv),
2018-08-26,2018-09-05,,第5座 (5B) Tower 5 (5B),25,D,,8364800,,‧價單第6號 (B2)付款辦法 Payment Plan (B2) of Price List No.6 見備註/See Remarks 7 (c)(ii) ‧見備註/See Remarks 7 (c)(iii) ‧見備註/See Remarks 7 (c)(iv) ‧見備註/See Remarks 7 (c)(v) ‧見備註/See Remarks 7 (e)(v) ‧見備註/See Remarks 7 (e)(vi) ‧見備註/See Remarks 7 (d)(ii) ‧見備註/See Remarks 7 (e)(iii) ‧見備註/See Remarks 7 (f)(ii) ‧見備註/See Remarks 7 (e)(iv),
2018-08-26,2018-09-05,,第5座 (5B) Tower 5 (5B),23,D,,8120000,,‧價單第6號 (A2)付款辦法 Payment Plan (A2) of Price List No.6 見備註/See Remarks 7 (c)(i) ‧見備註/See Remarks 7 (c)(iii) ‧見備註/See Remarks 7 (c)(iv) ‧見備註/See Remarks 7 (c)(v) ‧見備註/See Remarks 7 (e)(vi) ‧見備註/See Remarks 7 (d)(v) ‧見備註/See Remarks 7 (e)(iii) ‧見備註/See Remarks 7 (f)(ii) ‧見備註/See Remarks 7 (e)(iv),
2018-08-26,2018-09-05,,第5座 (5B) Tower 5 (5B),22,D,,8080000,,‧價單第6號 (A2)付款辦法 Payment Plan (A2) of Price List No.6 見備註/See Remarks 7 (c)(i) ‧見備註/See Remarks 7 (c)(iii) ‧見備註/See Remarks 7 (c)(iv) ‧見備註/See Remarks 7 (c)(v) ‧見備註/See Remarks 7 (e)(vi) ‧見備註/See Remarks 7 (d)(v) ‧見備註/See Remarks 7 (e)(iii) ‧見備註/See Remarks 7 (f)(ii) ‧見備註/See Remarks 7 (e)(iv),
2018-08-26,2018-09-05,,第5座 (5B) Tower 5 (5B),21,D,,9345500,,‧價單第6號 (C2)付款辦法 Payment Plan (C2) of Price List No.6 見備註/See Remarks 7 (c)(vi) ‧見備註/See Remarks 7 (d)(vi) ‧見備註/See Remarks 7 (c)(iv) ‧見備註/See Remarks 7 (c)(v) ‧見備註/See Remarks 7 (e)(v) ‧見備註/See Remarks 7 (e)(vi) ‧見備註/See Remarks 7 (d)(ii) ‧見備註/See Remarks 7 (e)(iii) ‧見備註/See Remarks 7 (f)(ii) ‧見備註/See Remarks 7 (e)(iv),
2018-08-26,2018-09-05,,第5座 (5B) Tower 5 (5B),20,D,,7999200,,‧價單第6號 (A2)付款辦法 Payment Plan (A2) of Price List No.6 見備註/See Remarks 7 (c)(i) ‧見備註/See Remarks 7 (c)(iii) ‧見備註/See Remarks 7 (c)(iv) ‧見備註/See Remarks 7 (c)(v) ‧見備註/See Remarks 7 (e)(vi) ‧見備註/See Remarks 7 (d)(v) ‧見備註/See Remarks 7 (e)(iii) ‧見備註/See Remarks 7 (f)(ii) ‧見備註/See Remarks 7 (e)(iv),
2018-08-26,2018-09-05,,第5座 (5B) Tower 5 (5B),19,D,,7959200,,‧價單第6號 (A2)付款辦法 Payment Plan (A2) of Price List No.6 見備註/See Remarks 7 (c)(i) ‧見備註/See Remarks 7 (c)(iii) ‧見備註/See Remarks 7 (c)(iv) ‧見備註/See Remarks 7 (c)(v) ‧見備註/See Remarks 7 (e)(vi) ‧見備註/See Remarks 7 (d)(v) ‧見備註/See Remarks 7 (e)(iii) ‧見備註/See Remarks 7 (f)(ii) ‧見備註/See Remarks 7 (e)(iv),
2018-08-26,2018-09-05,,第5座 (5B) Tower 5 (5B),18,D,,7959200,,‧價單第6號 (A2)付款辦法 Payment Plan (A2) of Price List No.6 見備註/See Remarks 7 (c)(i) ‧見備註/See Remarks 7 (c)(iii) ‧見備註/See Remarks 7 (c)(iv) ‧見備註/See Remarks 7 (c)(v) ‧見備註/See Remarks 7 (e)(vi) ‧見備註/See Remarks 7 (d)(v) ‧見備註/See Remarks 7 (e)(iii) ‧見備註/See Remarks 7 (f)(ii) ‧見備註/See Remarks 7 (e)(iv),
2018-08-26,2018-09-05,,第5座 (5B) Tower 5 (5B),17,D,,8117100,,‧價單第6號 (B2)付款辦法 Payment Plan (B2) of Price List No.6 見備註/See Remarks 7 (c)(ii) ‧見備註/See Remarks 7 (c)(iii) ‧見備註/See Remarks 7 (c)(iv) ‧見備註/See Remarks 7 (c)(v) ‧見備註/See Remarks 7 (e)(v) ‧見備註/See Remarks 7 (e)(vi) ‧見備註/See Remarks 7 (d)(ii) ‧見備註/See Remarks 7 (e)(iii) ‧見備註/See Remarks 7 (f)(ii) ‧見備註/See Remarks 7 (e)(iv),
2018-08-26,2018-09-05,,第5座 (5B) Tower 5 (5B),16,D,,8702300,"在09-11-2018，基於法例第35(2)(b)條所容許的原因 ，售價調整為$7,911,200。 On 09-11-2018, the price adjusted to $7,911,200 due to the reason allowed under section 35(2)(b) of the Ordinance.",‧價單第6號 (B2)付款辦法 Payment Plan (B2) of Price List No.6 見備註/See Remarks 7 (c)(ii) ‧見備註/See Remarks 7 (c)(iii) ‧見備註/See Remarks 7 (d)(iii) ‧見備註/See Remarks 7 (c)(v) ‧見備註/See Remarks 7 (e)(v) ‧見備註/See Remarks 7 (e)(vi) ‧見備註/See Remarks 7 (e)(iii) ‧見備註/See Remarks 7 (f)(ii) ‧見備註/See Remarks 7 (e)(iv) ‧價單第6號 (A2)付款辦法 Payment Plan (A2) of Price List No.6 見備註/See Remarks 7 (c)(i) ‧見備註/See Remarks 7 (c)(iii) ‧見備註/See Remarks 7 (c)(iv) ‧見備註/See Remarks 7 (c)(v) ‧見備註/See Remarks 7 (e)(vi) ‧見備註/See Remarks 7 (d)(v) ‧見備註/See Remarks 7 (e)(iii) ‧見備註/See Remarks 7 (f)(ii) ‧見備註/See Remarks 7 (e)(iv) ‧(在09-11-2018修訂) (revised on 09-11-2018),
2018-08-26,2018-09-05,,第5座 (5B) Tower 5 (5B),15,D,,8100700,,‧價單第6號 (B2)付款辦法 Payment Plan (B2) of Price List No.6 見備註/See Remarks 7 (c)(ii) ‧見備註/See Remarks 7 (c)(iii) ‧見備註/See Remarks 7 (c)(iv) ‧見備註/See Remarks 7 (c)(v) ‧見備註/See Remarks 7 (e)(v) ‧見備註/See Remarks 7 (e)(vi) ‧見備註/See Remarks 7 (d)(ii) ‧見備註/See Remarks 7 (e)(iii) ‧見備註/See Remarks 7 (f)(ii) ‧見備註/See Remarks 7 (e)(iv),
2018-08-26,2018-09-05,,第5座 (5B) Tower 5 (5B),12,D,,7895200,,‧價單第6號 (A2)付款辦法 Payment Plan (A2) of Price List No.6 見備註/See Remarks 7 (c)(i) ‧見備註/See Remarks 7 (c)(iii) ‧見備註/See Remarks 7 (c)(iv) ‧見備註/See Remarks 7 (c)(v) ‧見備註/See Remarks 7 (e)(vi) ‧見備註/See Remarks 7 (d)(v) ‧見備註/See Remarks 7 (e)(iii) ‧見備註/See Remarks 7 (f)(ii) ‧見備註/See Remarks 7 (e)(iv),
2018-08-26,2018-09-05,,第5座 (5B) Tower 5 (5B),11,D,,9761400,,‧價單第6號 (C2)付款辦法 Payment Plan (C2) of Price List No.6 見備註/See Remarks 7 (c)(vi) ‧見備註/See Remarks 7 (d)(vi) ‧見備註/See Remarks 7 (d)(iii) ‧見備註/See Remarks 7 (c)(v) ‧見備註/See Remarks 7 (e)(v) ‧見備註/See Remarks 7 (e)(vi) ‧見備註/See Remarks 7 (e)(iii) ‧見備註/See Remarks 7 (f)(ii) ‧見備註/See Remarks 7 (e)(iv),
2018-08-26,2018-09-05,,第5座 (5B) Tower 5 (5B),10,D,,8077000,,‧價單第6號 (B2)付款辦法 Payment Plan (B2) of Price List No.6 見備註/See Remarks 7 (c)(ii) ‧見備註/See Remarks 7 (c)(iii) ‧見備註/See Remarks 7 (c)(iv) ‧見備註/See Remarks 7 (c)(v) ‧見備註/See Remarks 7 (e)(v) ‧見備註/See Remarks 7 (e)(vi) ‧見備註/See Remarks 7 (d)(ii) ‧見備註/See Remarks 7 (e)(iii) ‧見備註/See Remarks 7 (f)(ii) ‧見備註/See Remarks 7 (e)(iv),
2018-08-26,2018-09-05,,第5座 (5B) Tower 5 (5B),9,D,,7872000,,‧價單第6號 (A2)付款辦法 Payment Plan (A2) of Price List No.6 見備註/See Remarks 7 (c)(i) ‧見備註/See Remarks 7 (c)(iii) ‧見備註/See Remarks 7 (c)(iv) ‧見備註/See Remarks 7 (c)(v) ‧見備註/See Remarks 7 (e)(vi) ‧見備註/See Remarks 7 (d)(v) ‧見備註/See Remarks 7 (e)(iii) ‧見備註/See Remarks 7 (f)(ii) ‧見備註/See Remarks 7 (e)(iv),
2018-08-26,2018-09-05,,第5座 (5B) Tower 5 (5B),8,D,,8060600,,‧價單第6號 (B2)付款辦法 Payment Plan (B2) of Price List No.6 見備註/See Remarks 7 (c)(ii) ‧見備註/See Remarks 7 (c)(iii) ‧見備註/See Remarks 7 (c)(iv) ‧見備註/See Remarks 7 (c)(v) ‧見備註/See Remarks 7 (e)(v) ‧見備註/See Remarks 7 (e)(vi) ‧見備註/See Remarks 7 (d)(ii) ‧見備註/See Remarks 7 (e)(iii) ‧見備註/See Remarks 7 (f)(ii) ‧見備註/See Remarks 7 (e)(iv),
2018-08-26,2018-09-05,,第5座 (5B) Tower 5 (5B),7,D,,7855200,,‧價單第6號 (A2)付款辦法 Payment Plan (A2) of Price List No.6 見備註/See Remarks 7 (c)(i) ‧見備註/See Remarks 7 (c)(iii) ‧見備註/See Remarks 7 (c)(iv) ‧見備註/See Remarks 7 (c)(v) ‧見備註/See Remarks 7 (e)(vi) ‧見備註/See Remarks 7 (d)(v) ‧見備註/See Remarks 7 (e)(iii) ‧見備註/See Remarks 7 (f)(ii) ‧見備註/See Remarks 7 (e)(iv),
2018-08-26,2018-09-05,,第5座 (5B) Tower 5 (5B),6,D,,7848000,,‧價單第6號 (A2)付款辦法 Payment Plan (A2) of Price List No.6 見備註/See Remarks 7 (c)(i) ‧見備註/See Remarks 7 (c)(iii) ‧見備註/See Remarks 7 (c)(iv) ‧見備註/See Remarks 7 (c)(v) ‧見備註/See Remarks 7 (e)(vi) ‧見備註/See Remarks 7 (d)(v) ‧見備註/See Remarks 7 (e)(iii) ‧見備註/See Remarks 7 (f)(ii) ‧見備註/See Remarks 7 (e)(iv),
2018-08-26,2018-09-05,,第5座 (5B) Tower 5 (5B),22,E,,6606400,,‧價單第6號 (A2)付款辦法 Payment Plan (A2) of Price List No.6 見備註/See Remarks 7 (c)(i) ‧見備註/See Remarks 7 (c)(iii) ‧見備註/See Remarks 7 (c)(iv) ‧見備註/See Remarks 7 (c)(v) ‧見備註/See Remarks 7 (e)(vi) ‧見備註/See Remarks 7 (d)(v) ‧見備註/See Remarks 7 (e)(iii) ‧見備註/See Remarks 7 (f)(ii) ‧見備註/See Remarks 7 (e)(iv),
2018-08-26,2018-09-05,,第5座 (5B) Tower 5 (5B),20,E,,7603600,,‧價單第6號 (B2)付款辦法 Payment Plan (B2) of Price List No.6 見備註/See Remarks 7 (c)(ii) ‧見備註/See Remarks 7 (d)(i) ‧見備註/See Remarks 7 (c)(iv) ‧見備註/See Remarks 7 (c)(v) ‧見備註/See Remarks 7 (e)(v) ‧見備註/See Remarks 7 (e)(vi) ‧見備註/See Remarks 7 (d)(ii) ‧見備註/See Remarks 7 (e)(iii) ‧見備註/See Remarks 7 (f)(ii) ‧見備註/See Remarks 7 (e)(iv),
2018-08-26,2018-09-05,,第5座 (5B) Tower 5 (5B),18,E,,6508000,,‧價單第6號 (A2)付款辦法 Payment Plan (A2) of Price List No.6 見備註/See Remarks 7 (c)(i) ‧見備註/See Remarks 7 (c)(iii) ‧見備註/See Remarks 7 (c)(iv) ‧見備註/See Remarks 7 (c)(v) ‧見備註/See Remarks 7 (e)(vi) ‧見備註/See Remarks 7 (d)(v) ‧見備註/See Remarks 7 (e)(iii) ‧見備註/See Remarks 7 (f)(ii) ‧見備註/See Remarks 7 (e)(iv),
2018-08-26,2018-09-05,,第5座 (5B) Tower 5 (5B),16,E,,6468800,,‧價單第6號 (A2)付款辦法 Payment Plan (A2) of Price List No.6 見備註/See Remarks 7 (c)(i) ‧見備註/See Remarks 7 (c)(iii) ‧見備註/See Remarks 7 (c)(iv) ‧見備註/See Remarks 7 (c)(v) ‧見備註/See Remarks 7 (e)(vi) ‧見備註/See Remarks 7 (d)(v) ‧見備註/See Remarks 7 (e)(iii) ‧見備註/See Remarks 7 (f)(ii) ‧見備註/See Remarks 7 (e)(iv),
2018-08-26,2018-09-05,,第5座 (5B) Tower 5 (5B),12,E,,6456000,,‧價單第6號 (A2)付款辦法 Payment Plan (A2) of Price List No.6 見備註/See Remarks 7 (c)(i) ‧見備註/See Remarks 7 (c)(iii) ‧見備註/See Remarks 7 (c)(iv) ‧見備註/See Remarks 7 (c)(v) ‧見備註/See Remarks 7 (e)(vi) ‧見備註/See Remarks 7 (d)(v) ‧見備註/See Remarks 7 (e)(iii) ‧見備註/See Remarks 7 (f)(ii) ‧見備註/See Remarks 7 (e)(iv),
2018-08-26,2018-09-05,,第5座 (5B) Tower 5 (5B),10,E,,6604200,,‧價單第6號 (B2)付款辦法 Payment Plan (B2) of Price List No.6 見備註/See Remarks 7 (c)(ii) ‧見備註/See Remarks 7 (c)(iii) ‧見備註/See Remarks 7 (c)(iv) ‧見備註/See Remarks 7 (c)(v) ‧見備註/See Remarks 7 (e)(v) ‧見備註/See Remarks 7 (e)(vi) ‧見備註/See Remarks 7 (d)(ii) ‧見備註/See Remarks 7 (e)(iii) ‧見備註/See Remarks 7 (f)(ii) ‧見備註/See Remarks 7 (e)(iv),
2018-08-26,2018-09-05,,第5座 (5B) Tower 5 (5B),8,E,,6431200,,‧價單第6號 (A2)付款辦法 Payment Plan (A2) of Price List No.6 見備註/See Remarks 7 (c)(i) ‧見備註/See Remarks 7 (c)(iii) ‧見備註/See Remarks 7 (c)(iv) ‧見備註/See Remarks 7 (c)(v) ‧見備註/See Remarks 7 (e)(vi) ‧見備註/See Remarks 7 (d)(v) ‧見備註/See Remarks 7 (e)(iii) ‧見備註/See Remarks 7 (f)(ii) ‧見備註/See Remarks 7 (e)(iv),
2018-08-26,2018-09-05,,第5座 (5B) Tower 5 (5B),6,E,,6416800,,‧價單第6號 (A2)付款辦法 Payment Plan (A2) of Price List No.6 見備註/See Remarks 7 (c)(i) ‧見備註/See Remarks 7 (c)(iii) ‧見備註/See Remarks 7 (c)(iv) ‧見備註/See Remarks 7 (c)(v) ‧見備註/See Remarks 7 (e)(vi) ‧見備註/See Remarks 7 (d)(v) ‧見備註/See Remarks 7 (e)(iii) ‧見備註/See Remarks 7 (f)(ii) ‧見備註/See Remarks 7 (e)(iv),
2018-08-26,2018-09-05,,第5座 (5B) Tower 5 (5B),56,F,,7555400,,‧價單第6號 (B2)付款辦法 Payment Plan (B2) of Price List No.6 見備註/See Remarks 7 (c)(ii) ‧見備註/See Remarks 7 (c)(iii) ‧見備註/See Remarks 7 (c)(iv) ‧見備註/See Remarks 7 (c)(v) ‧見備註/See Remarks 7 (e)(v) ‧見備註/See Remarks 7 (e)(vi) ‧見備註/See Remarks 7 (d)(ii) ‧見備註/See Remarks 7 (e)(iii) ‧見備註/See Remarks 7 (f)(ii) ‧見備註/See Remarks 7 (e)(iv),
2018-08-26,2018-09-05,,第5座 (5B) Tower 5 (5B),55,F,,7319200,,‧價單第6號 (A2)付款辦法 Payment Plan (A2) of Price List No.6 見備註/See Remarks 7 (c)(i) ‧見備註/See Remarks 7 (c)(iii) ‧見備註/See Remarks 7 (c)(iv) ‧見備註/See Remarks 7 (c)(v) ‧見備註/See Remarks 7 (e)(vi) ‧見備註/See Remarks 7 (d)(v) ‧見備註/See Remarks 7 (e)(iii) ‧見備註/See Remarks 7 (f)(ii) ‧見備註/See Remarks 7 (e)(iv),
2018-08-26,2018-09-05,,第5座 (5B) Tower 5 (5B),53,F,,7264800,,‧價單第6號 (A2)付款辦法 Payment Plan (A2) of Price List No.6 見備註/See Remarks 7 (c)(i) ‧見備註/See Remarks 7 (c)(iii) ‧見備註/See Remarks 7 (c)(iv) ‧見備註/See Remarks 7 (c)(v) ‧見備註/See Remarks 7 (e)(vi) ‧見備註/See Remarks 7 (d)(v) ‧見備註/See Remarks 7 (e)(iii) ‧見備註/See Remarks 7 (f)(ii) ‧見備註/See Remarks 7 (e)(iv),
2018-08-26,2018-09-05,,第5座 (5B) Tower 5 (5B),52,F,,7219200,,‧價單第6號 (A2)付款辦法 Payment Plan (A2) of Price List No.6 見備註/See Remarks 7 (c)(i) ‧見備註/See Remarks 7 (c)(iii) ‧見備註/See Remarks 7 (c)(iv) ‧見備註/See Remarks 7 (c)(v) ‧見備註/See Remarks 7 (e)(vi) ‧見備註/See Remarks 7 (d)(v) ‧見備註/See Remarks 7 (e)(iii) ‧見備註/See Remarks 7 (f)(ii) ‧見備註/See Remarks 7 (e)(iv),
2018-08-26,2018-09-05,,第5座 (5B) Tower 5 (5B),51,F,,7350400,,‧價單第6號 (B2)付款辦法 Payment Plan (B2) of Price List No.6 見備註/See Remarks 7 (c)(ii) ‧見備註/See Remarks 7 (c)(iii) ‧見備註/See Remarks 7 (c)(iv) ‧見備註/See Remarks 7 (c)(v) ‧見備註/See Remarks 7 (e)(v) ‧見備註/See Remarks 7 (e)(vi) ‧見備註/See Remarks 7 (d)(ii) ‧見備註/See Remarks 7 (e)(iii) ‧見備註/See Remarks 7 (f)(ii) ‧見備註/See Remarks 7 (e)(iv),
2018-08-26,2018-09-05,,第5座 (5B) Tower 5 (5B),50,F,,7128000,,‧價單第6號 (A2)付款辦法 Payment Plan (A2) of Price List No.6 見備註/See Remarks 7 (c)(i) ‧見備註/See Remarks 7 (c)(iii) ‧見備註/See Remarks 7 (c)(iv) ‧見備註/See Remarks 7 (c)(v) ‧見備註/See Remarks 7 (e)(vi) ‧見備註/See Remarks 7 (d)(v) ‧見備註/See Remarks 7 (e)(iii) ‧見備註/See Remarks 7 (f)(ii) ‧見備註/See Remarks 7 (e)(iv),
2018-08-26,2018-09-05,,第5座 (5B) Tower 5 (5B),49,F,,7793200,,‧價單第6號 (B2)付款辦法 Payment Plan (B2) of Price List No.6 見備註/See Remarks 7 (c)(ii) ‧見備註/See Remarks 7 (c)(iii) ‧見備註/See Remarks 7 (d)(iii) ‧見備註/See Remarks 7 (c)(v) ‧見備註/See Remarks 7 (e)(v) ‧見備註/See Remarks 7 (e)(vi) ‧見備註/See Remarks 7 (e)(iii) ‧見備註/See Remarks 7 (f)(ii) ‧見備註/See Remarks 7 (e)(iv),
2018-08-26,2018-09-05,,第5座 (5B) Tower 5 (5B),48,F,,7084800,,‧價單第5號 (A2)付款辦法 Payment Plan (A2) of Price List No.5 見備註/See Remarks 7 (c)(i) ‧見備註/See Remarks 7 (c)(iii) ‧見備註/See Remarks 7 (c)(iv) ‧見備註/See Remarks 7 (c)(v) ‧見備註/See Remarks 7 (e)(vi) ‧見備註/See Remarks 7 (d)(v) ‧見備註/See Remarks 7 (e)(iii) ‧見備註/See Remarks 7 (f)(ii) ‧見備註/See Remarks 7 (e)(iv),
2018-08-26,2018-09-05,,第5座 (5B) Tower 5 (5B),47,F,,7202000,,‧價單第5號 (B2)付款辦法 Payment Plan (B2) of Price List No.5 見備註/See Remarks 7 (c)(ii) ‧見備註/See Remarks 7 (c)(iii) ‧見備註/See Remarks 7 (c)(iv) ‧見備註/See Remarks 7 (c)(v) ‧見備註/See Remarks 7 (e)(v) ‧見備註/See Remarks 7 (e)(vi) ‧見備註/See Remarks 7 (d)(ii) ‧見備註/See Remarks 7 (e)(iii) ‧見備註/See Remarks 7 (f)(ii) ‧見備註/See Remarks 7 (e)(iv),
2018-08-26,2018-09-05,,第5座 (5B) Tower 5 (5B),46,F,,6996800,,‧價單第5號 (A2)付款辦法 Payment Plan (A2) of Price List No.5 見備註/See Remarks 7 (c)(i) ‧見備註/See Remarks 7 (c)(iii) ‧見備註/See Remarks 7 (c)(iv) ‧見備註/See Remarks 7 (c)(v) ‧見備註/See Remarks 7 (e)(vi) ‧見備註/See Remarks 7 (d)(v) ‧見備註/See Remarks 7 (e)(iii) ‧見備註/See Remarks 7 (f)(ii) ‧見備註/See Remarks 7 (e)(iv),
2018-08-26,2018-09-05,,第5座 (5B) Tower 5 (5B),45,F,,6967200,,‧價單第5號 (A2)付款辦法 Payment Plan (A2) of Price List No.5 見備註/See Remarks 7 (c)(i) ‧見備註/See Remarks 7 (c)(iii) ‧見備註/See Remarks 7 (c)(iv) ‧見備註/See Remarks 7 (c)(v) ‧見備註/See Remarks 7 (e)(vi) ‧見備註/See Remarks 7 (d)(v) ‧見備註/See Remarks 7 (e)(iii) ‧見備註/See Remarks 7 (f)(ii) ‧見備註/See Remarks 7 (e)(iv),
2018-08-26,2018-09-05,,第5座 (5B) Tower 5 (5B),43,F,,6938400,,‧價單第5號 (A2)付款辦法 Payment Plan (A2) of Price List No.5 見備註/See Remarks 7 (c)(i) ‧見備註/See Remarks 7 (c)(iii) ‧見備註/See Remarks 7 (c)(iv) ‧見備註/See Remarks 7 (c)(v) ‧見備註/See Remarks 7 (e)(vi) ‧見備註/See Remarks 7 (d)(v) ‧見備註/See Remarks 7 (e)(iii) ‧見備註/See Remarks 7 (f)(ii) ‧見備註/See Remarks 7 (e)(iv),
2018-08-26,2018-09-05,,第5座 (5B) Tower 5 (5B),42,F,,6910400,,‧價單第5號 (A2)付款辦法 Payment Plan (A2) of Price List No.5 見備註/See Remarks 7 (c)(i) ‧見備註/See Remarks 7 (c)(iii) ‧見備註/See Remarks 7 (c)(iv) ‧見備註/See Remarks 7 (c)(v) ‧見備註/See Remarks 7 (e)(vi) ‧見備註/See Remarks 7 (d)(v) ‧見備註/See Remarks 7 (e)(iii) ‧見備註/See Remarks 7 (f)(ii) ‧見備註/See Remarks 7 (e)(iv),
2018-08-26,2018-09-05,,第5座 (5B) Tower 5 (5B),41,F,,7052800,,‧價單第5號 (B2)付款辦法 Payment Plan (B2) of Price List No.5 見備註/See Remarks 7 (c)(ii) ‧見備註/See Remarks 7 (c)(iii) ‧見備註/See Remarks 7 (c)(iv) ‧見備註/See Remarks 7 (c)(v) ‧見備註/See Remarks 7 (e)(v) ‧見備註/See Remarks 7 (e)(vi) ‧見備註/See Remarks 7 (d)(ii) ‧見備註/See Remarks 7 (e)(iii) ‧見備註/See Remarks 7 (f)(ii) ‧見備註/See Remarks 7 (e)(iv),
2018-08-26,2018-09-05,,第5座 (5B) Tower 5 (5B),40,F,,6852000,,‧價單第5號 (A2)付款辦法 Payment Plan (A2) of Price List No.5 見備註/See Remarks 7 (c)(i) ‧見備註/See Remarks 7 (c)(iii) ‧見備註/See Remarks 7 (c)(iv) ‧見備註/See Remarks 7 (c)(v) ‧見備註/See Remarks 7 (e)(vi) ‧見備註/See Remarks 7 (d)(v) ‧見備註/See Remarks 7 (e)(iii) ‧見備註/See Remarks 7 (f)(ii) ‧見備註/See Remarks 7 (e)(iv),
2018-08-26,2018-09-05,,第5座 (5B) Tower 5 (5B),39,F,,6823200,,‧價單第5號 (A2)付款辦法 Payment Plan (A2) of Price List No.5 見備註/See Remarks 7 (c)(i) ‧見備註/See Remarks 7 (c)(iii) ‧見備註/See Remarks 7 (c)(iv) ‧見備註/See Remarks 7 (c)(v) ‧見備註/See Remarks 7 (e)(vi) ‧見備註/See Remarks 7 (d)(v) ‧見備註/See Remarks 7 (e)(iii) ‧見備註/See Remarks 7 (f)(ii) ‧見備註/See Remarks 7 (e)(iv),
2018-08-26,2018-09-05,,第5座 (5B) Tower 5 (5B),38,F,,6823200,,‧價單第5號 (A2)付款辦法 Payment Plan (A2) of Price List No.5 見備註/See Remarks 7 (c)(i) ‧見備註/See Remarks 7 (c)(iii) ‧見備註/See Remarks 7 (c)(iv) ‧見備註/See Remarks 7 (c)(v) ‧見備註/See Remarks 7 (e)(vi) ‧見備註/See Remarks 7 (d)(v) ‧見備註/See Remarks 7 (e)(iii) ‧見備註/See Remarks 7 (f)(ii) ‧見備註/See Remarks 7 (e)(iv),
2018-08-26,2018-09-05,,第5座 (5B) Tower 5 (5B),37,F,,7461500,,‧價單第5號 (B2)付款辦法 Payment Plan (B2) of Price List No.5 見備註/See Remarks 7 (c)(ii) ‧見備註/See Remarks 7 (c)(iii) ‧見備註/See Remarks 7 (d)(iii) ‧見備註/See Remarks 7 (c)(v) ‧見備註/See Remarks 7 (e)(v) ‧見備註/See Remarks 7 (e)(vi) ‧見備註/See Remarks 7 (e)(iii) ‧見備註/See Remarks 7 (f)(ii) ‧見備註/See Remarks 7 (e)(iv),
2018-08-26,2018-09-05,,第5座 (5B) Tower 5 (5B),36,F,,6932200,,‧價單第5號 (B2)付款辦法 Payment Plan (B2) of Price List No.5 見備註/See Remarks 7 (c)(ii) ‧見備註/See Remarks 7 (c)(iii) ‧見備註/See Remarks 7 (c)(iv) ‧見備註/See Remarks 7 (c)(v) ‧見備註/See Remarks 7 (e)(v) ‧見備註/See Remarks 7 (e)(vi) ‧見備註/See Remarks 7 (d)(ii) ‧見備註/See Remarks 7 (e)(iii) ‧見備註/See Remarks 7 (f)(ii) ‧見備註/See Remarks 7 (e)(iv),
2018-08-26,2018-09-05,,第5座 (5B) Tower 5 (5B),35,F,,6742400,,‧價單第5號 (A2)付款辦法 Payment Plan (A2) of Price List No.5 見備註/See Remarks 7 (c)(i) ‧見備註/See Remarks 7 (c)(iii) ‧見備註/See Remarks 7 (c)(iv) ‧見備註/See Remarks 7 (c)(v) ‧見備註/See Remarks 7 (e)(vi) ‧見備註/See Remarks 7 (d)(v) ‧見備註/See Remarks 7 (e)(iii) ‧見備註/See Remarks 7 (f)(ii) ‧見備註/See Remarks 7 (e)(iv),
2018-08-26,2018-09-05,,第5座 (5B) Tower 5 (5B),33,F,,8318900,,‧價單第5號 (B2)付款辦法 Payment Plan (B2) of Price List No.5 見備註/See Remarks 7 (c)(ii) ‧見備註/See Remarks 7 (d)(i) ‧見備註/See Remarks 7 (d)(iii) ‧見備註/See Remarks 7 (c)(v) ‧見備註/See Remarks 7 (e)(v) ‧見備註/See Remarks 7 (e)(vi) ‧見備註/See Remarks 7 (e)(iii) ‧見備註/See Remarks 7 (f)(ii) ‧見備註/See Remarks 7 (e)(iv),
2018-08-26,2018-09-05,,第5座 (5B) Tower 5 (5B),32,F,,6702400,,‧價單第5號 (A2)付款辦法 Payment Plan (A2) of Price List No.5 見備註/See Remarks 7 (c)(i) ‧見備註/See Remarks 7 (c)(iii) ‧見備註/See Remarks 7 (c)(iv) ‧見備註/See Remarks 7 (c)(v) ‧見備註/See Remarks 7 (e)(vi) ‧見備註/See Remarks 7 (d)(v) ‧見備註/See Remarks 7 (e)(iii) ‧見備註/See Remarks 7 (f)(ii) ‧見備註/See Remarks 7 (e)(iv),
2018-08-26,2018-09-05,,第5座 (5B) Tower 5 (5B),31,F,,6682400,,‧價單第5號 (A2)付款辦法 Payment Plan (A2) of Price List No.5 見備註/See Remarks 7 (c)(i) ‧見備註/See Remarks 7 (c)(iii) ‧見備註/See Remarks 7 (c)(iv) ‧見備註/See Remarks 7 (c)(v) ‧見備註/See Remarks 7 (e)(vi) ‧見備註/See Remarks 7 (d)(v) ‧見備註/See Remarks 7 (e)(iii) ‧見備註/See Remarks 7 (f)(ii) ‧見備註/See Remarks 7 (e)(iv),
2018-08-26,2018-09-05,,第5座 (5B) Tower 5 (5B),30,F,,6662400,,‧價單第5號 (A2)付款辦法 Payment Plan (A2) of Price List No.5 見備註/See Remarks 7 (c)(i) ‧見備註/See Remarks 7 (c)(iii) ‧見備註/See Remarks 7 (c)(iv) ‧見備註/See Remarks 7 (c)(v) ‧見備註/See Remarks 7 (e)(vi) ‧見備註/See Remarks 7 (d)(v) ‧見備註/See Remarks 7 (e)(iii) ‧見備註/See Remarks 7 (f)(ii) ‧見備註/See Remarks 7 (e)(iv),
2018-08-26,2018-09-05,,第5座 (5B) Tower 5 (5B),28,F,,7328600,,‧價單第5號 (B2)付款辦法 Payment Plan (B2) of Price List No.5 見備註/See Remarks 7 (c)(ii) ‧見備註/See Remarks 7 (c)(iii) ‧見備註/See Remarks 7 (d)(iii) ‧見備註/See Remarks 7 (c)(v) ‧見備註/See Remarks 7 (e)(v) ‧見備註/See Remarks 7 (e)(vi) ‧見備註/See Remarks 7 (e)(iii) ‧見備註/See Remarks 7 (f)(ii) ‧見備註/See Remarks 7 (e)(iv),
2018-08-26,2018-09-05,,第5座 (5B) Tower 5 (5B),27,F,,6760000,,‧價單第5號 (B2)付款辦法 Payment Plan (B2) of Price List No.5 見備註/See Remarks 7 (c)(ii) ‧見備註/See Remarks 7 (c)(iii) ‧見備註/See Remarks 7 (c)(iv) ‧見備註/See Remarks 7 (c)(v) ‧見備註/See Remarks 7 (e)(v) ‧見備註/See Remarks 7 (e)(vi) ‧見備註/See Remarks 7 (d)(ii) ‧見備註/See Remarks 7 (e)(iii) ‧見備註/See Remarks 7 (f)(ii) ‧見備註/See Remarks 7 (e)(iv),
2018-08-26,2018-09-05,,第5座 (5B) Tower 5 (5B),26,F,,6562400,,‧價單第5號 (A2)付款辦法 Payment Plan (A2) of Price List No.5 見備註/See Remarks 7 (c)(i) ‧見備註/See Remarks 7 (c)(iii) ‧見備註/See Remarks 7 (c)(iv) ‧見備註/See Remarks 7 (c)(v) ‧見備註/See Remarks 7 (e)(vi) ‧見備註/See Remarks 7 (d)(v) ‧見備註/See Remarks 7 (e)(iii) ‧見備註/See Remarks 7 (f)(ii) ‧見備註/See Remarks 7 (e)(iv),
2018-08-26,2018-09-05,,第5座 (5B) Tower 5 (5B),25,F,,7589700,,‧價單第5號 (C2)付款辦法 Payment Plan (C2) of Price List No.5 見備註/See Remarks 7 (c)(vi) ‧見備註/See Remarks 7 (d)(vi) ‧見備註/See Remarks 7 (c)(iv) ‧見備註/See Remarks 7 (c)(v) ‧見備註/See Remarks 7 (e)(v) ‧見備註/See Remarks 7 (e)(vi) ‧見備註/See Remarks 7 (d)(ii) ‧見備註/See Remarks 7 (e)(iii) ‧見備註/See Remarks 7 (f)(ii) ‧見備註/See Remarks 7 (e)(iv),
2018-08-26,2018-09-05,,第5座 (5B) Tower 5 (5B),23,F,,6658400,,‧價單第5號 (B2)付款辦法 Payment Plan (B2) of Price List No.5 見備註/See Remarks 7 (c)(ii) ‧見備註/See Remarks 7 (c)(iii) ‧見備註/See Remarks 7 (c)(iv) ‧見備註/See Remarks 7 (c)(v) ‧見備註/See Remarks 7 (e)(v) ‧見備註/See Remarks 7 (e)(vi) ‧見備註/See Remarks 7 (d)(ii) ‧見備註/See Remarks 7 (e)(iii) ‧見備註/See Remarks 7 (f)(ii) ‧見備註/See Remarks 7 (e)(iv),
2018-08-26,2018-09-05,,第5座 (5B) Tower 5 (5B),22,F,,6464000,,‧價單第5號 (A2)付款辦法 Payment Plan (A2) of Price List No.5 見備註/See Remarks 7 (c)(i) ‧見備註/See Remarks 7 (c)(iii) ‧見備註/See Remarks 7 (c)(iv) ‧見備註/See Remarks 7 (c)(v) ‧見備註/See Remarks 7 (e)(vi) ‧見備註/See Remarks 7 (d)(v) ‧見備註/See Remarks 7 (e)(iii) ‧見備註/See Remarks 7 (f)(ii) ‧見備註/See Remarks 7 (e)(iv),
2018-08-26,2018-09-05,,第5座 (5B) Tower 5 (5B),21,F,,6432000,,‧價單第5號 (A2)付款辦法 Payment Plan (A2) of Price List No.5 見備註/See Remarks 7 (c)(i) ‧見備註/See Remarks 7 (c)(iii) ‧見備註/See Remarks 7 (c)(iv) ‧見備註/See Remarks 7 (c)(v) ‧見備註/See Remarks 7 (e)(vi) ‧見備註/See Remarks 7 (d)(v) ‧見備註/See Remarks 7 (e)(iii) ‧見備註/See Remarks 7 (f)(ii) ‧見備註/See Remarks 7 (e)(iv),
2018-08-26,2018-09-05,,第5座 (5B) Tower 5 (5B),20,F,,6559100,,‧價單第5號 (B2)付款辦法 Payment Plan (B2) of Price List No.5 見備註/See Remarks 7 (c)(ii) ‧見備註/See Remarks 7 (c)(iii) ‧見備註/See Remarks 7 (c)(iv) ‧見備註/See Remarks 7 (c)(v) ‧見備註/See Remarks 7 (e)(v) ‧見備註/See Remarks 7 (e)(vi) ‧見備註/See Remarks 7 (d)(ii) ‧見備註/See Remarks 7 (e)(iii) ‧見備註/See Remarks 7 (f)(ii) ‧見備註/See Remarks 7 (e)(iv),
2018-08-26,2018-09-05,,第5座 (5B) Tower 5 (5B),19,F,,6367200,,‧價單第5號 (A2)付款辦法 Payment Plan (A2) of Price List No.5 見備註/See Remarks 7 (c)(i) ‧見備註/See Remarks 7 (c)(iii) ‧見備註/See Remarks 7 (c)(iv) ‧見備註/See Remarks 7 (c)(v) ‧見備註/See Remarks 7 (e)(vi) ‧見備註/See Remarks 7 (d)(v) ‧見備註/See Remarks 7 (e)(iii) ‧見備註/See Remarks 7 (f)(ii) ‧見備註/See Remarks 7 (e)(iv),
2018-08-26,2018-09-05,,第5座 (5B) Tower 5 (5B),18,F,,6367200,,‧價單第5號 (A2)付款辦法 Payment Plan (A2) of Price List No.5 見備註/See Remarks 7 (c)(i) ‧見備註/See Remarks 7 (c)(iii) ‧見備註/See Remarks 7 (c)(iv) ‧見備註/See Remarks 7 (c)(v) ‧見備註/See Remarks 7 (e)(vi) ‧見備註/See Remarks 7 (d)(v) ‧見備註/See Remarks 7 (e)(iii) ‧見備註/See Remarks 7 (f)(ii) ‧見備註/See Remarks 7 (e)(iv),
2018-08-26,2018-09-05,,第5座 (5B) Tower 5 (5B),17,F,,6494400,"在10-12-2018，基於法例第35(2)(b)條所容許的原因 ，售價調整為$6,336,000。 On 10-12-2018, the price adjusted to $6,336,000 due to the reason allowed under section 35(2)(b) of the Ordinance.",‧價單第5號 (B2)付款辦法 Payment Plan (B2) of Price List No.5 見備註/See Remarks 7 (c)(ii) ‧見備註/See Remarks 7 (c)(iii) ‧見備註/See Remarks 7 (c)(iv) ‧見備註/See Remarks 7 (c)(v) ‧見備註/See Remarks 7 (e)(v) ‧見備註/See Remarks 7 (e)(vi) ‧見備註/See Remarks 7 (d)(ii) ‧見備註/See Remarks 7 (e)(iii) ‧見備註/See Remarks 7 (f)(ii) ‧見備註/See Remarks 7 (e)(iv) ‧價單第5號 (A2)付款辦法 Payment Plan (A2) of Price List No.5 見備註/See Remarks 7 (c)(i) ‧見備註/See Remarks 7 (c)(iii) ‧見備註/See Remarks 7 (c)(iv) ‧見備註/See Remarks 7 (c)(v) ‧見備註/See Remarks 7 (e)(vi) ‧見備註/See Remarks 7 (d)(v) ‧見備註/See Remarks 7 (e)(iii) ‧見備註/See Remarks 7 (f)(ii) ‧見備註/See Remarks 7 (e)(iv) ‧(在10-12-2018修訂) (revised on 10-12-2018),
2018-08-26,2018-09-05,,第5座 (5B) Tower 5 (5B),16,F,,6328800,,‧價單第5號 (A2)付款辦法 Payment Plan (A2) of Price List No.5 見備註/See Remarks 7 (c)(i) ‧見備註/See Remarks 7 (c)(iii) ‧見備註/See Remarks 7 (c)(iv) ‧見備註/See Remarks 7 (c)(v) ‧見備註/See Remarks 7 (e)(vi) ‧見備註/See Remarks 7 (d)(v) ‧見備註/See Remarks 7 (e)(iii) ‧見備註/See Remarks 7 (f)(ii) ‧見備註/See Remarks 7 (e)(iv),
2018-08-26,2018-09-05,,第5座 (5B) Tower 5 (5B),15,F,,6481200,"在09-11-2018，基於法例第35(2)(b)條所容許的原因 ，售價調整為$6,323,200。 On 09-11-2018, the price adjusted to $6,323,200 due to the reason allowed under section 35(2)(b) of the Ordinance.",‧價單第5號 (B2)付款辦法 Payment Plan (B2) of Price List No.5 見備註/See Remarks 7 (c)(ii) ‧見備註/See Remarks 7 (c)(iii) ‧見備註/See Remarks 7 (c)(iv) ‧見備註/See Remarks 7 (c)(v) ‧見備註/See Remarks 7 (e)(v) ‧見備註/See Remarks 7 (e)(vi) ‧見備註/See Remarks 7 (d)(ii) ‧見備註/See Remarks 7 (e)(iii) ‧見備註/See Remarks 7 (f)(ii) ‧見備註/See Remarks 7 (e)(iv) ‧價單第5號 (A2)付款辦法 Payment Plan (A2) of Price List No.5 見備註/See Remarks 7 (c)(i) ‧見備註/See Remarks 7 (c)(iii) ‧見備註/See Remarks 7 (c)(iv) ‧見備註/See Remarks 7 (c)(v) ‧見備註/See Remarks 7 (e)(vi) ‧見備註/See Remarks 7 (d)(v) ‧見備註/See Remarks 7 (e)(iii) ‧見備註/See Remarks 7 (f)(ii) ‧見備註/See Remarks 7 (e)(iv) ‧(在09-11-2018修訂) (revised on 09-11-2018),
2018-08-26,2018-09-05,,第5座 (5B) Tower 5 (5B),12,F,,6474700,,‧價單第5號 (B2)付款辦法 Payment Plan (B2) of Price List No.5 見備註/See Remarks 7 (c)(ii) ‧見備註/See Remarks 7 (c)(iii) ‧見備註/See Remarks 7 (c)(iv) ‧見備註/See Remarks 7 (c)(v) ‧見備註/See Remarks 7 (e)(v) ‧見備註/See Remarks 7 (e)(vi) ‧見備註/See Remarks 7 (d)(ii) ‧見備註/See Remarks 7 (e)(iii) ‧見備註/See Remarks 7 (f)(ii) ‧見備註/See Remarks 7 (e)(iv),
2018-08-26,2018-09-05,,第5座 (5B) Tower 5 (5B),11,F,,6942300,"在09-11-2018，基於法例第35(2)(b)條所容許的原因 ，售價調整為$6,311,200。 On 09-11-2018, the price adjusted to $6,311,200 due to the reason allowed under section 35(2)(b) of the Ordinance.",‧價單第5號 (B2)付款辦法 Payment Plan (B2) of Price List No.5 見備註/See Remarks 7 (c)(ii) ‧見備註/See Remarks 7 (c)(iii) ‧見備註/See Remarks 7 (d)(iii) ‧見備註/See Remarks 7 (c)(v) ‧見備註/See Remarks 7 (e)(v) ‧見備註/See Remarks 7 (e)(vi) ‧見備註/See Remarks 7 (e)(iii) ‧見備註/See Remarks 7 (f)(ii) ‧見備註/See Remarks 7 (e)(iv) ‧價單第5號 (A2)付款辦法 Payment Plan (A2) of Price List No.5 見備註/See Remarks 7 (c)(i) ‧見備註/See Remarks 7 (c)(iii) ‧見備註/See Remarks 7 (c)(iv) ‧見備註/See Remarks 7 (c)(v) ‧見備註/See Remarks 7 (e)(vi) ‧見備註/See Remarks 7 (d)(v) ‧見備註/See Remarks 7 (e)(iii) ‧見備註/See Remarks 7 (f)(ii) ‧見備註/See Remarks 7 (e)(iv) ‧(在09-11-2018修訂) (revised on 09-11-2018),
2018-08-26,2018-09-05,,第5座 (5B) Tower 5 (5B),10,F,,6304000,,‧價單第5號 (A2)付款辦法 Payment Plan (A2) of Price List No.5 見備註/See Remarks 7 (c)(i) ‧見備註/See Remarks 7 (c)(iii) ‧見備註/See Remarks 7 (c)(iv) ‧見備註/See Remarks 7 (c)(v) ‧見備註/See Remarks 7 (e)(vi) ‧見備註/See Remarks 7 (d)(v) ‧見備註/See Remarks 7 (e)(iii) ‧見備註/See Remarks 7 (f)(ii) ‧見備註/See Remarks 7 (e)(iv),
2018-08-26,2018-09-05,,第5座 (5B) Tower 5 (5B),9,F,,6298400,,‧價單第5號 (A2)付款辦法 Payment Plan (A2) of Price List No.5 見備註/See Remarks 7 (c)(i) ‧見備註/See Remarks 7 (c)(iii) ‧見備註/See Remarks 7 (c)(iv) ‧見備註/See Remarks 7 (c)(v) ‧見備註/See Remarks 7 (e)(vi) ‧見備註/See Remarks 7 (d)(v) ‧見備註/See Remarks 7 (e)(iii) ‧見備註/See Remarks 7 (f)(ii) ‧見備註/See Remarks 7 (e)(iv),
2018-08-26,2018-09-05,,第5座 (5B) Tower 5 (5B),8,F,,6292000,,‧價單第5號 (A2)付款辦法 Payment Plan (A2) of Price List No.5 見備註/See Remarks 7 (c)(i) ‧見備註/See Remarks 7 (c)(iii) ‧見備註/See Remarks 7 (c)(iv) ‧見備註/See Remarks 7 (c)(v) ‧見備註/See Remarks 7 (e)(vi) ‧見備註/See Remarks 7 (d)(v) ‧見備註/See Remarks 7 (e)(iii) ‧見備註/See Remarks 7 (f)(ii) ‧見備註/See Remarks 7 (e)(iv),
2018-08-26,2018-09-05,,第5座 (5B) Tower 5 (5B),7,F,,6284800,,‧價單第5號 (A2)付款辦法 Payment Plan (A2) of Price List No.5 見備註/See Remarks 7 (c)(i) ‧見備註/See Remarks 7 (c)(iii) ‧見備註/See Remarks 7 (c)(iv) ‧見備註/See Remarks 7 (c)(v) ‧見備註/See Remarks 7 (e)(vi) ‧見備註/See Remarks 7 (d)(v) ‧見備註/See Remarks 7 (e)(iii) ‧見備註/See Remarks 7 (f)(ii) ‧見備註/See Remarks 7 (e)(iv),
2018-08-26,2018-09-05,,第5座 (5B) Tower 5 (5B),6,F,,6279200,,‧價單第5號 (A2)付款辦法 Payment Plan (A2) of Price List No.5 見備註/See Remarks 7 (c)(i) ‧見備註/See Remarks 7 (c)(iii) ‧見備註/See Remarks 7 (c)(iv) ‧見備註/See Remarks 7 (c)(v) ‧見備註/See Remarks 7 (e)(vi) ‧見備註/See Remarks 7 (d)(v) ‧見備註/See Remarks 7 (e)(iii) ‧見備註/See Remarks 7 (f)(ii) ‧見備註/See Remarks 7 (e)(iv),
2018-08-26,2018-09-05,,第5座 (5B) Tower 5 (5B),56,G,,9156100,,‧價單第6號 (B2)付款辦法 Payment Plan (B2) of Price List No.6 見備註/See Remarks 7 (c)(ii) ‧見備註/See Remarks 7 (c)(iii) ‧見備註/See Remarks 7 (c)(iv) ‧見備註/See Remarks 7 (c)(v) ‧見備註/See Remarks 7 (e)(v) ‧見備註/See Remarks 7 (e)(vi) ‧見備註/See Remarks 7 (d)(ii) ‧見備註/See Remarks 7 (e)(iii) ‧見備註/See Remarks 7 (f)(ii) ‧見備註/See Remarks 7 (e)(iv),
2018-08-26,2018-09-05,,第5座 (5B) Tower 5 (5B),55,G,,8868800,,‧價單第6號 (A2)付款辦法 Payment Plan (A2) of Price List No.6 見備註/See Remarks 7 (c)(i) ‧見備註/See Remarks 7 (c)(iii) ‧見備註/See Remarks 7 (c)(iv) ‧見備註/See Remarks 7 (c)(v) ‧見備註/See Remarks 7 (e)(vi) ‧見備註/See Remarks 7 (d)(v) ‧見備註/See Remarks 7 (e)(iii) ‧見備註/See Remarks 7 (f)(ii) ‧見備註/See Remarks 7 (e)(iv),
2018-08-26,2018-09-05,,第5座 (5B) Tower 5 (5B),53,G,,8806400,,‧價單第6號 (A2)付款辦法 Payment Plan (A2) of Price List No.6 見備註/See Remarks 7 (c)(i) ‧見備註/See Remarks 7 (c)(iii) ‧見備註/See Remarks 7 (c)(iv) ‧見備註/See Remarks 7 (c)(v) ‧見備註/See Remarks 7 (e)(vi) ‧見備註/See Remarks 7 (d)(v) ‧見備註/See Remarks 7 (e)(iii) ‧見備註/See Remarks 7 (f)(ii) ‧見備註/See Remarks 7 (e)(iv),
2018-08-26,2018-09-05,,第5座 (5B) Tower 5 (5B),52,G,,8748000,,‧價單第6號 (A2)付款辦法 Payment Plan (A2) of Price List No.6 見備註/See Remarks 7 (c)(i) ‧見備註/See Remarks 7 (c)(iii) ‧見備註/See Remarks 7 (c)(iv) ‧見備註/See Remarks 7 (c)(v) ‧見備註/See Remarks 7 (e)(vi) ‧見備註/See Remarks 7 (d)(v) ‧見備註/See Remarks 7 (e)(iii) ‧見備註/See Remarks 7 (f)(ii) ‧見備註/See Remarks 7 (e)(iv),
2018-08-26,2018-09-05,,第5座 (5B) Tower 5 (5B),51,G,,8691200,,‧價單第6號 (A2)付款辦法 Payment Plan (A2) of Price List No.6 見備註/See Remarks 7 (c)(i) ‧見備註/See Remarks 7 (c)(iii) ‧見備註/See Remarks 7 (c)(iv) ‧見備註/See Remarks 7 (c)(v) ‧見備註/See Remarks 7 (e)(vi) ‧見備註/See Remarks 7 (d)(v) ‧見備註/See Remarks 7 (e)(iii) ‧見備註/See Remarks 7 (f)(ii) ‧見備註/See Remarks 7 (e)(iv),
2018-08-26,2018-09-05,,第5座 (5B) Tower 5 (5B),50,G,,8639200,,‧價單第6號 (A2)付款辦法 Payment Plan (A2) of Price List No.6 見備註/See Remarks 7 (c)(i) ‧見備註/See Remarks 7 (c)(iii) ‧見備註/See Remarks 7 (c)(iv) ‧見備註/See Remarks 7 (c)(v) ‧見備註/See Remarks 7 (e)(vi) ‧見備註/See Remarks 7 (d)(v) ‧見備註/See Remarks 7 (e)(iii) ‧見備註/See Remarks 7 (f)(ii) ‧見備註/See Remarks 7 (e)(iv),
2018-08-26,2018-09-05,,第5座 (5B) Tower 5 (5B),49,G,,8802700,,‧價單第6號 (B2)付款辦法 Payment Plan (B2) of Price List No.6 見備註/See Remarks 7 (c)(ii) ‧見備註/See Remarks 7 (c)(iii) ‧見備註/See Remarks 7 (c)(iv) ‧見備註/See Remarks 7 (c)(v) ‧見備註/See Remarks 7 (e)(v) ‧見備註/See Remarks 7 (e)(vi) ‧見備註/See Remarks 7 (d)(ii) ‧見備註/See Remarks 7 (e)(iii) ‧見備註/See Remarks 7 (f)(ii) ‧見備註/See Remarks 7 (e)(iv),
2018-08-26,2018-09-05,,第5座 (5B) Tower 5 (5B),48,G,,8588000,,‧價單第5號 (A2)付款辦法 Payment Plan (A2) of Price List No.5 見備註/See Remarks 7 (c)(i) ‧見備註/See Remarks 7 (c)(iii) ‧見備註/See Remarks 7 (c)(iv) ‧見備註/See Remarks 7 (c)(v) ‧見備註/See Remarks 7 (e)(vi) ‧見備註/See Remarks 7 (d)(v) ‧見備註/See Remarks 7 (e)(iii) ‧見備註/See Remarks 7 (f)(ii) ‧見備註/See Remarks 7 (e)(iv),
2018-08-26,2018-09-05,,第5座 (5B) Tower 5 (5B),47,G,,9899800,,‧價單第5號 (B2)付款辦法 Payment Plan (B2) of Price List No.5 見備註/See Remarks 7 (c)(ii) ‧見備註/See Remarks 7 (d)(i) ‧見備註/See Remarks 7 (c)(iv) ‧見備註/See Remarks 7 (c)(v) ‧見備註/See Remarks 7 (e)(v) ‧見備註/See Remarks 7 (e)(vi) ‧見備註/See Remarks 7 (d)(ii) ‧見備註/See Remarks 7 (e)(iii) ‧見備註/See Remarks 7 (f)(ii) ‧見備註/See Remarks 7 (e)(iv),
2018-08-26,2018-09-05,,第5座 (5B) Tower 5 (5B),46,G,,8480000,,‧價單第5號 (A2)付款辦法 Payment Plan (A2) of Price List No.5 見備註/See Remarks 7 (c)(i) ‧見備註/See Remarks 7 (c)(iii) ‧見備註/See Remarks 7 (c)(iv) ‧見備註/See Remarks 7 (c)(v) ‧見備註/See Remarks 7 (e)(vi) ‧見備註/See Remarks 7 (d)(v) ‧見備註/See Remarks 7 (e)(iii) ‧見備註/See Remarks 7 (f)(ii) ‧見備註/See Remarks 7 (e)(iv),
2018-08-26,2018-09-05,,第5座 (5B) Tower 5 (5B),45,G,,8655100,"在10-12-2018，基於法例第35(2)(b)條所容許的原因 ，售價調整為$8,444,000。 On 10-12-2018, the price adjusted to $8,444,000 due to the reason allowed under section 35(2)(b) of the Ordinance.",‧價單第5號 (B2)付款辦法 Payment Plan (B2) of Price List No.5 見備註/See Remarks 7 (c)(ii) ‧見備註/See Remarks 7 (c)(iii) ‧見備註/See Remarks 7 (c)(iv) ‧見備註/See Remarks 7 (c)(v) ‧見備註/See Remarks 7 (e)(v) ‧見備註/See Remarks 7 (e)(vi) ‧見備註/See Remarks 7 (d)(ii) ‧見備註/See Remarks 7 (e)(iii) ‧見備註/See Remarks 7 (f)(ii) ‧見備註/See Remarks 7 (e)(iv) ‧價單第5號 (A2)付款辦法 Payment Plan (A2) of Price List No.5 見備註/See Remarks 7 (c)(i) ‧見備註/See Remarks 7 (c)(iii) ‧見備註/See Remarks 7 (c)(iv) ‧見備註/See Remarks 7 (c)(v) ‧見備註/See Remarks 7 (e)(vi) ‧見備註/See Remarks 7 (d)(v) ‧見備註/See Remarks 7 (e)(iii) ‧見備註/See Remarks 7 (f)(ii) ‧見備註/See Remarks 7 (e)(iv) ‧(在10-12-2018修訂) (revised on 10-12-2018),
2018-08-26,2018-09-05,,第5座 (5B) Tower 5 (5B),43,G,,8620600,,‧價單第5號 (B2)付款辦法 Payment Plan (B2) of Price List No.5 見備註/See Remarks 7 (c)(ii) ‧見備註/See Remarks 7 (c)(iii) ‧見備註/See Remarks 7 (c)(iv) ‧見備註/See Remarks 7 (c)(v) ‧見備註/See Remarks 7 (e)(v) ‧見備註/See Remarks 7 (e)(vi) ‧見備註/See Remarks 7 (d)(ii) ‧見備註/See Remarks 7 (e)(iii) ‧見備註/See Remarks 7 (f)(ii) ‧見備註/See Remarks 7 (e)(iv),
2018-08-26,2018-09-05,,第5座 (5B) Tower 5 (5B),42,G,,8374400,,‧價單第5號 (A2)付款辦法 Payment Plan (A2) of Price List No.5 見備註/See Remarks 7 (c)(i) ‧見備註/See Remarks 7 (c)(iii) ‧見備註/See Remarks 7 (c)(iv) ‧見備註/See Remarks 7 (c)(v) ‧見備註/See Remarks 7 (e)(vi) ‧見備註/See Remarks 7 (d)(v) ‧見備註/See Remarks 7 (e)(iii) ‧見備註/See Remarks 7 (f)(ii) ‧見備註/See Remarks 7 (e)(iv),
2018-08-26,2018-09-05,,第5座 (5B) Tower 5 (5B),41,G,,8340000,,‧價單第5號 (A2)付款辦法 Payment Plan (A2) of Price List No.5 見備註/See Remarks 7 (c)(i) ‧見備註/See Remarks 7 (c)(iii) ‧見備註/See Remarks 7 (c)(iv) ‧見備註/See Remarks 7 (c)(v) ‧見備註/See Remarks 7 (e)(vi) ‧見備註/See Remarks 7 (d)(v) ‧見備註/See Remarks 7 (e)(iii) ‧見備註/See Remarks 7 (f)(ii) ‧見備註/See Remarks 7 (e)(iv),
2018-08-26,2018-09-05,,第5座 (5B) Tower 5 (5B),40,G,,8304000,,‧價單第5號 (A2)付款辦法 Payment Plan (A2) of Price List No.5 見備註/See Remarks 7 (c)(i) ‧見備註/See Remarks 7 (c)(iii) ‧見備註/See Remarks 7 (c)(iv) ‧見備註/See Remarks 7 (c)(v) ‧見備註/See Remarks 7 (e)(vi) ‧見備註/See Remarks 7 (d)(v) ‧見備註/See Remarks 7 (e)(iii) ‧見備註/See Remarks 7 (f)(ii) ‧見備註/See Remarks 7 (e)(iv),
2018-08-26,2018-09-05,,第5座 (5B) Tower 5 (5B),39,G,,8270400,,‧價單第5號 (A2)付款辦法 Payment Plan (A2) of Price List No.5 見備註/See Remarks 7 (c)(i) ‧見備註/See Remarks 7 (c)(iii) ‧見備註/See Remarks 7 (c)(iv) ‧見備註/See Remarks 7 (c)(v) ‧見備註/See Remarks 7 (e)(vi) ‧見備註/See Remarks 7 (d)(v) ‧見備註/See Remarks 7 (e)(iii) ‧見備註/See Remarks 7 (f)(ii) ‧見備註/See Remarks 7 (e)(iv),
2018-08-26,2018-09-05,,第5座 (5B) Tower 5 (5B),38,G,,8477100,,‧價單第5號 (B2)付款辦法 Payment Plan (B2) of Price List No.5 見備註/See Remarks 7 (c)(ii) ‧見備註/See Remarks 7 (c)(iii) ‧見備註/See Remarks 7 (c)(iv) ‧見備註/See Remarks 7 (c)(v) ‧見備註/See Remarks 7 (e)(v) ‧見備註/See Remarks 7 (e)(vi) ‧見備註/See Remarks 7 (d)(ii) ‧見備註/See Remarks 7 (e)(iii) ‧見備註/See Remarks 7 (f)(ii) ‧見備註/See Remarks 7 (e)(iv),
2018-08-26,2018-09-05,,第5座 (5B) Tower 5 (5B),37,G,,8220800,,‧價單第5號 (A2)付款辦法 Payment Plan (A2) of Price List No.5 見備註/See Remarks 7 (c)(i) ‧見備註/See Remarks 7 (c)(iii) ‧見備註/See Remarks 7 (c)(iv) ‧見備註/See Remarks 7 (c)(v) ‧見備註/See Remarks 7 (e)(vi) ‧見備註/See Remarks 7 (d)(v) ‧見備註/See Remarks 7 (e)(iii) ‧見備註/See Remarks 7 (f)(ii) ‧見備註/See Remarks 7 (e)(iv),
2018-08-26,2018-09-05,,第5座 (5B) Tower 5 (5B),36,G,,8400000,,‧價單第5號 (B2)付款辦法 Payment Plan (B2) of Price List No.5 見備註/See Remarks 7 (c)(ii) ‧見備註/See Remarks 7 (c)(iii) ‧見備註/See Remarks 7 (c)(iv) ‧見備註/See Remarks 7 (c)(v) ‧見備註/See Remarks 7 (e)(v) ‧見備註/See Remarks 7 (e)(vi) ‧見備註/See Remarks 7 (d)(ii) ‧見備註/See Remarks 7 (e)(iii) ‧見備註/See Remarks 7 (f)(ii) ‧見備註/See Remarks 7 (e)(iv),
2018-08-26,,,第5座 (5B) Tower 5 (5B),35,G,,8375400,,‧價單第5號 (B2)付款辦法 Payment Plan (B2) of Price List No.5 見備註/See Remarks 7 (c)(ii) ‧見備註/See Remarks 7 (c)(iii) ‧見備註/See Remarks 7 (c)(iv) ‧見備註/See Remarks 7 (c)(v) ‧見備註/See Remarks 7 (e)(v) ‧見備註/See Remarks 7 (e)(vi) ‧見備註/See Remarks 7 (d)(ii) ‧見備註/See Remarks 7 (e)(iii) ‧見備註/See Remarks 7 (f)(ii) ‧見備註/See Remarks 7 (e)(iv),
2018-08-26,2018-09-05,,第5座 (5B) Tower 5 (5B),33,G,,8147200,,‧價單第5號 (A2)付款辦法 Payment Plan (A2) of Price List No.5 見備註/See Remarks 7 (c)(i) ‧見備註/See Remarks 7 (c)(iii) ‧見備註/See Remarks 7 (c)(iv) ‧見備註/See Remarks 7 (c)(v) ‧見備註/See Remarks 7 (e)(vi) ‧見備註/See Remarks 7 (d)(v) ‧見備註/See Remarks 7 (e)(iii) ‧見備註/See Remarks 7 (f)(ii) ‧見備註/See Remarks 7 (e)(iv),
2018-08-26,2018-09-05,,第5座 (5B) Tower 5 (5B),32,G,,8934600,,‧價單第5號 (B2)付款辦法 Payment Plan (B2) of Price List No.5 見備註/See Remarks 7 (c)(ii) ‧見備註/See Remarks 7 (c)(iii) ‧見備註/See Remarks 7 (d)(iii) ‧見備註/See Remarks 7 (c)(v) ‧見備註/See Remarks 7 (e)(v) ‧見備註/See Remarks 7 (e)(vi) ‧見備註/See Remarks 7 (e)(iii) ‧見備註/See Remarks 7 (f)(ii) ‧見備註/See Remarks 7 (e)(iv),
2018-08-26,2018-09-05,,第5座 (5B) Tower 5 (5B),31,G,,8098400,,‧價單第5號 (A2)付款辦法 Payment Plan (A2) of Price List No.5 見備註/See Remarks 7 (c)(i) ‧見備註/See Remarks 7 (c)(iii) ‧見備註/See Remarks 7 (c)(iv) ‧見備註/See Remarks 7 (c)(v) ‧見備註/See Remarks 7 (e)(vi) ‧見備註/See Remarks 7 (d)(v) ‧見備註/See Remarks 7 (e)(iii) ‧見備註/See Remarks 7 (f)(ii) ‧見備註/See Remarks 7 (e)(iv),
2018-08-26,2018-09-05,,第5座 (5B) Tower 5 (5B),30,G,,8276200,,‧價單第5號 (B2)付款辦法 Payment Plan (B2) of Price List No.5 見備註/See Remarks 7 (c)(ii) ‧見備註/See Remarks 7 (c)(iii) ‧見備註/See Remarks 7 (c)(iv) ‧見備註/See Remarks 7 (c)(v) ‧見備註/See Remarks 7 (e)(v) ‧見備註/See Remarks 7 (e)(vi) ‧見備註/See Remarks 7 (d)(ii) ‧見備註/See Remarks 7 (e)(iii) ‧見備註/See Remarks 7 (f)(ii) ‧見備註/See Remarks 7 (e)(iv),
2018-08-26,2018-09-05,,第5座 (5B) Tower 5 (5B),28,G,,8074400,,‧價單第5號 (A2)付款辦法 Payment Plan (A2) of Price List No.5 見備註/See Remarks 7 (c)(i) ‧見備註/See Remarks 7 (c)(iii) ‧見備註/See Remarks 7 (c)(iv) ‧見備註/See Remarks 7 (c)(v) ‧見備註/See Remarks 7 (e)(vi) ‧見備註/See Remarks 7 (d)(v) ‧見備註/See Remarks 7 (e)(iii) ‧見備註/See Remarks 7 (f)(ii) ‧見備註/See Remarks 7 (e)(iv),
2018-08-26,2018-09-05,,第5座 (5B) Tower 5 (5B),27,G,,7992800,,‧價單第5號 (A2)付款辦法 Payment Plan (A2) of Price List No.5 見備註/See Remarks 7 (c)(i) ‧見備註/See Remarks 7 (c)(iii) ‧見備註/See Remarks 7 (c)(iv) ‧見備註/See Remarks 7 (c)(v) ‧見備註/See Remarks 7 (e)(vi) ‧見備註/See Remarks 7 (d)(v) ‧見備註/See Remarks 7 (e)(iii) ‧見備註/See Remarks 7 (f)(ii) ‧見備註/See Remarks 7 (e)(iv),
2018-08-26,2018-09-05,,第5座 (5B) Tower 5 (5B),26,G,,7952800,,‧價單第5號 (A2)付款辦法 Payment Plan (A2) of Price List No.5 見備註/See Remarks 7 (c)(i) ‧見備註/See Remarks 7 (c)(iii) ‧見備註/See Remarks 7 (c)(iv) ‧見備註/See Remarks 7 (c)(v) ‧見備註/See Remarks 7 (e)(vi) ‧見備註/See Remarks 7 (d)(v) ‧見備註/See Remarks 7 (e)(iii) ‧見備註/See Remarks 7 (f)(ii) ‧見備註/See Remarks 7 (e)(iv),
2018-08-26,2018-09-05,,第5座 (5B) Tower 5 (5B),25,G,,7912800,,‧價單第5號 (A2)付款辦法 Payment Plan (A2) of Price List No.5 見備註/See Remarks 7 (c)(i) ‧見備註/See Remarks 7 (c)(iii) ‧見備註/See Remarks 7 (c)(iv) ‧見備註/See Remarks 7 (c)(v) ‧見備註/See Remarks 7 (e)(vi) ‧見備註/See Remarks 7 (d)(v) ‧見備註/See Remarks 7 (e)(iii) ‧見備註/See Remarks 7 (f)(ii) ‧見備註/See Remarks 7 (e)(iv),
2018-08-26,2018-09-05,,第5座 (5B) Tower 5 (5B),23,G,,7874400,,‧價單第5號 (A2)付款辦法 Payment Plan (A2) of Price List No.5 見備註/See Remarks 7 (c)(i) ‧見備註/See Remarks 7 (c)(iii) ‧見備註/See Remarks 7 (c)(iv) ‧見備註/See Remarks 7 (c)(v) ‧見備註/See Remarks 7 (e)(vi) ‧見備註/See Remarks 7 (d)(v) ‧見備註/See Remarks 7 (e)(iii) ‧見備註/See Remarks 7 (f)(ii) ‧見備註/See Remarks 7 (e)(iv),
2018-08-26,2018-09-05,,第5座 (5B) Tower 5 (5B),22,G,,7834400,,‧價單第5號 (A2)付款辦法 Payment Plan (A2) of Price List No.5 見備註/See Remarks 7 (c)(i) ‧見備註/See Remarks 7 (c)(iii) ‧見備註/See Remarks 7 (c)(iv) ‧見備註/See Remarks 7 (c)(v) ‧見備註/See Remarks 7 (e)(vi) ‧見備註/See Remarks 7 (d)(v) ‧見備註/See Remarks 7 (e)(iii) ‧見備註/See Remarks 7 (f)(ii) ‧見備註/See Remarks 7 (e)(iv),
2018-08-26,2018-09-05,,第5座 (5B) Tower 5 (5B),21,G,,7795200,,‧價單第5號 (A2)付款辦法 Payment Plan (A2) of Price List No.5 見備註/See Remarks 7 (c)(i) ‧見備註/See Remarks 7 (c)(iii) ‧見備註/See Remarks 7 (c)(iv) ‧見備註/See Remarks 7 (c)(v) ‧見備註/See Remarks 7 (e)(vi) ‧見備註/See Remarks 7 (d)(v) ‧見備註/See Remarks 7 (e)(iii) ‧見備註/See Remarks 7 (f)(ii) ‧見備註/See Remarks 7 (e)(iv),
2018-08-26,2018-09-05,,第5座 (5B) Tower 5 (5B),20,G,,8531600,"在03-12-2018，基於法例第35(2)(b)條所容許的原因 ，售價調整為$7,756,000。 On 03-12-2018, the price adjusted to $7,756,000 due to the reason allowed under section 35(2)(b) of the Ordinance.",‧價單第5號 (B2)付款辦法 Payment Plan (B2) of Price List No.5 見備註/See Remarks 7 (c)(ii) ‧見備註/See Remarks 7 (c)(iii) ‧見備註/See Remarks 7 (d)(iii) ‧見備註/See Remarks 7 (c)(v) ‧見備註/See Remarks 7 (e)(v) ‧見備註/See Remarks 7 (e)(vi) ‧見備註/See Remarks 7 (e)(iii) ‧見備註/See Remarks 7 (f)(ii) ‧見備註/See Remarks 7 (e)(iv),
2018-08-26,2018-09-05,,第5座 (5B) Tower 5 (5B),19,G,,7718400,,‧價單第5號 (A2)付款辦法 Payment Plan (A2) of Price List No.5 見備註/See Remarks 7 (c)(i) ‧見備註/See Remarks 7 (c)(iii) ‧見備註/See Remarks 7 (c)(iv) ‧見備註/See Remarks 7 (c)(v) ‧見備註/See Remarks 7 (e)(vi) ‧見備註/See Remarks 7 (d)(v) ‧見備註/See Remarks 7 (e)(iii) ‧見備註/See Remarks 7 (f)(ii) ‧見備註/See Remarks 7 (e)(iv),
2018-08-26,2018-09-05,,第5座 (5B) Tower 5 (5B),18,G,,7718400,,‧價單第5號 (A2)付款辦法 Payment Plan (A2) of Price List No.5 見備註/See Remarks 7 (c)(i) ‧見備註/See Remarks 7 (c)(iii) ‧見備註/See Remarks 7 (c)(iv) ‧見備註/See Remarks 7 (c)(v) ‧見備註/See Remarks 7 (e)(vi) ‧見備註/See Remarks 7 (d)(v) ‧見備註/See Remarks 7 (e)(iii) ‧見備註/See Remarks 7 (f)(ii) ‧見備註/See Remarks 7 (e)(iv),
2018-08-26,2018-09-05,,第5座 (5B) Tower 5 (5B),17,G,,7679200,,‧價單第5號 (A2)付款辦法 Payment Plan (A2) of Price List No.5 見備註/See Remarks 7 (c)(i) ‧見備註/See Remarks 7 (c)(iii) ‧見備註/See Remarks 7 (c)(iv) ‧見備註/See Remarks 7 (c)(v) ‧見備註/See Remarks 7 (e)(vi) ‧見備註/See Remarks 7 (d)(v) ‧見備註/See Remarks 7 (e)(iii) ‧見備註/See Remarks 7 (f)(ii) ‧見備註/See Remarks 7 (e)(iv),
2018-08-26,2018-09-05,,第5座 (5B) Tower 5 (5B),16,G,,7862900,,‧價單第5號 (B2)付款辦法 Payment Plan (B2) of Price List No.5 見備註/See Remarks 7 (c)(ii) ‧見備註/See Remarks 7 (c)(iii) ‧見備註/See Remarks 7 (c)(iv) ‧見備註/See Remarks 7 (c)(v) ‧見備註/See Remarks 7 (e)(v) ‧見備註/See Remarks 7 (e)(vi) ‧見備註/See Remarks 7 (d)(ii) ‧見備註/See Remarks 7 (e)(iii) ‧見備註/See Remarks 7 (f)(ii) ‧見備註/See Remarks 7 (e)(iv),
2018-08-26,2018-09-05,,第5座 (5B) Tower 5 (5B),15,G,,7663200,,‧價單第5號 (A2)付款辦法 Payment Plan (A2) of Price List No.5 見備註/See Remarks 7 (c)(i) ‧見備註/See Remarks 7 (c)(iii) ‧見備註/See Remarks 7 (c)(iv) ‧見備註/See Remarks 7 (c)(v) ‧見備註/See Remarks 7 (e)(vi) ‧見備註/See Remarks 7 (d)(v) ‧見備註/See Remarks 7 (e)(iii) ‧見備註/See Remarks 7 (f)(ii) ‧見備註/See Remarks 7 (e)(iv),
2018-08-26,2018-09-05,,第5座 (5B) Tower 5 (5B),12,G,,7847400,,‧價單第5號 (B2)付款辦法 Payment Plan (B2) of Price List No.5 見備註/See Remarks 7 (c)(ii) ‧見備註/See Remarks 7 (c)(iii) ‧見備註/See Remarks 7 (c)(iv) ‧見備註/See Remarks 7 (c)(v) ‧見備註/See Remarks 7 (e)(v) ‧見備註/See Remarks 7 (e)(vi) ‧見備註/See Remarks 7 (d)(ii) ‧見備註/See Remarks 7 (e)(iii) ‧見備註/See Remarks 7 (f)(ii) ‧見備註/See Remarks 7 (e)(iv),
2018-08-26,2018-09-05,,第5座 (5B) Tower 5 (5B),11,G,,7648800,,‧價單第5號 (A2)付款辦法 Payment Plan (A2) of Price List No.5 見備註/See Remarks 7 (c)(i) ‧見備註/See Remarks 7 (c)(iii) ‧見備註/See Remarks 7 (c)(iv) ‧見備註/See Remarks 7 (c)(v) ‧見備註/See Remarks 7 (e)(vi) ‧見備註/See Remarks 7 (d)(v) ‧見備註/See Remarks 7 (e)(iii) ‧見備註/See Remarks 7 (f)(ii) ‧見備註/See Remarks 7 (e)(iv),
2018-08-26,2018-09-05,,第5座 (5B) Tower 5 (5B),10,G,,8882400,,‧價單第5號 (B2)付款辦法 Payment Plan (B2) of Price List No.5 見備註/See Remarks 7 (c)(ii) ‧見備註/See Remarks 7 (d)(i) ‧見備註/See Remarks 7 (c)(iv) ‧見備註/See Remarks 7 (c)(v) ‧見備註/See Remarks 7 (e)(v) ‧見備註/See Remarks 7 (e)(vi) ‧見備註/See Remarks 7 (d)(ii) ‧見備註/See Remarks 7 (e)(iii) ‧見備註/See Remarks 7 (f)(ii) ‧見備註/See Remarks 7 (e)(iv),
2018-08-26,2018-09-05,,第5座 (5B) Tower 5 (5B),9,G,,7632800,,‧價單第5號 (A2)付款辦法 Payment Plan (A2) of Price List No.5 見備註/See Remarks 7 (c)(i) ‧見備註/See Remarks 7 (c)(iii) ‧見備註/See Remarks 7 (c)(iv) ‧見備註/See Remarks 7 (c)(v) ‧見備註/See Remarks 7 (e)(vi) ‧見備註/See Remarks 7 (d)(v) ‧見備註/See Remarks 7 (e)(iii) ‧見備註/See Remarks 7 (f)(ii) ‧見備註/See Remarks 7 (e)(iv),
2018-08-26,2018-09-05,,第5座 (5B) Tower 5 (5B),8,G,,7815400,,‧價單第5號 (B2)付款辦法 Payment Plan (B2) of Price List No.5 見備註/See Remarks 7 (c)(ii) ‧見備註/See Remarks 7 (c)(iii) ‧見備註/See Remarks 7 (c)(iv) ‧見備註/See Remarks 7 (c)(v) ‧見備註/See Remarks 7 (e)(v) ‧見備註/See Remarks 7 (e)(vi) ‧見備註/See Remarks 7 (d)(ii) ‧見備註/See Remarks 7 (e)(iii) ‧見備註/See Remarks 7 (f)(ii) ‧見備註/See Remarks 7 (e)(iv),
2018-08-26,2018-09-05,,第5座 (5B) Tower 5 (5B),7,G,,7618400,,‧價單第5號 (A2)付款辦法 Payment Plan (A2) of Price List No.5 見備註/See Remarks 7 (c)(i) ‧見備註/See Remarks 7 (c)(iii) ‧見備註/See Remarks 7 (c)(iv) ‧見備註/See Remarks 7 (c)(v) ‧見備註/See Remarks 7 (e)(vi) ‧見備註/See Remarks 7 (d)(v) ‧見備註/See Remarks 7 (e)(iii) ‧見備註/See Remarks 7 (f)(ii) ‧見備註/See Remarks 7 (e)(iv),
2018-08-26,2018-09-05,,第5座 (5B) Tower 5 (5B),6,G,,7610400,,‧價單第5號 (A2)付款辦法 Payment Plan (A2) of Price List No.5 見備註/See Remarks 7 (c)(i) ‧見備註/See Remarks 7 (c)(iii) ‧見備註/See Remarks 7 (c)(iv) ‧見備註/See Remarks 7 (c)(v) ‧見備註/See Remarks 7 (e)(vi) ‧見備註/See Remarks 7 (d)(v) ‧見備註/See Remarks 7 (e)(iii) ‧見備註/See Remarks 7 (f)(ii) ‧見備註/See Remarks 7 (e)(iv),
2018-08-26,2018-09-05,,第5座 (5B) Tower 5 (5B),56,H,,8908000,,‧價單第6號 (A2)付款辦法 Payment Plan (A2) of Price List No.6 見備註/See Remarks 7 (c)(i) ‧見備註/See Remarks 7 (c)(iii) ‧見備註/See Remarks 7 (c)(iv) ‧見備註/See Remarks 7 (c)(v) ‧見備註/See Remarks 7 (e)(vi) ‧見備註/See Remarks 7 (d)(v) ‧見備註/See Remarks 7 (e)(iii) ‧見備註/See Remarks 7 (f)(ii) ‧見備註/See Remarks 7 (e)(iv),
2018-08-26,2018-09-05,,第5座 (5B) Tower 5 (5B),55,H,,8844000,,‧價單第6號 (A2)付款辦法 Payment Plan (A2) of Price List No.6 見備註/See Remarks 7 (c)(i) ‧見備註/See Remarks 7 (c)(iii) ‧見備註/See Remarks 7 (c)(iv) ‧見備註/See Remarks 7 (c)(v) ‧見備註/See Remarks 7 (e)(vi) ‧見備註/See Remarks 7 (d)(v) ‧見備註/See Remarks 7 (e)(iii) ‧見備註/See Remarks 7 (f)(ii) ‧見備註/See Remarks 7 (e)(iv),
2018-08-26,2018-09-05,,第5座 (5B) Tower 5 (5B),53,H,,8780800,,‧價單第6號 (A2)付款辦法 Payment Plan (A2) of Price List No.6 見備註/See Remarks 7 (c)(i) ‧見備註/See Remarks 7 (c)(iii) ‧見備註/See Remarks 7 (c)(iv) ‧見備註/See Remarks 7 (c)(v) ‧見備註/See Remarks 7 (e)(vi) ‧見備註/See Remarks 7 (d)(v) ‧見備註/See Remarks 7 (e)(iii) ‧見備註/See Remarks 7 (f)(ii) ‧見備註/See Remarks 7 (e)(iv),
2018-08-26,2018-09-05,,第5座 (5B) Tower 5 (5B),52,H,,8723200,,‧價單第6號 (A2)付款辦法 Payment Plan (A2) of Price List No.6 見備註/See Remarks 7 (c)(i) ‧見備註/See Remarks 7 (c)(iii) ‧見備註/See Remarks 7 (c)(iv) ‧見備註/See Remarks 7 (c)(v) ‧見備註/See Remarks 7 (e)(vi) ‧見備註/See Remarks 7 (d)(v) ‧見備註/See Remarks 7 (e)(iii) ‧見備註/See Remarks 7 (f)(ii) ‧見備註/See Remarks 7 (e)(iv),
2018-08-26,2018-09-05,,第5座 (5B) Tower 5 (5B),51,H,,8666400,,‧價單第6號 (A2)付款辦法 Payment Plan (A2) of Price List No.6 見備註/See Remarks 7 (c)(i) ‧見備註/See Remarks 7 (c)(iii) ‧見備註/See Remarks 7 (c)(iv) ‧見備註/See Remarks 7 (c)(v) ‧見備註/See Remarks 7 (e)(vi) ‧見備註/See Remarks 7 (d)(v) ‧見備註/See Remarks 7 (e)(iii) ‧見備註/See Remarks 7 (f)(ii) ‧見備註/See Remarks 7 (e)(iv),
2018-08-26,2018-09-05,,第5座 (5B) Tower 5 (5B),50,H,,8614400,,‧價單第6號 (A2)付款辦法 Payment Plan (A2) of Price List No.6 見備註/See Remarks 7 (c)(i) ‧見備註/See Remarks 7 (c)(iii) ‧見備註/See Remarks 7 (c)(iv) ‧見備註/See Remarks 7 (c)(v) ‧見備註/See Remarks 7 (e)(vi) ‧見備註/See Remarks 7 (d)(v) ‧見備註/See Remarks 7 (e)(iii) ‧見備註/See Remarks 7 (f)(ii) ‧見備註/See Remarks 7 (e)(iv),
2018-08-26,2018-09-05,,第5座 (5B) Tower 5 (5B),49,H,,8777200,,‧價單第6號 (B2)付款辦法 Payment Plan (B2) of Price List No.6 見備註/See Remarks 7 (c)(ii) ‧見備註/See Remarks 7 (c)(iii) ‧見備註/See Remarks 7 (c)(iv) ‧見備註/See Remarks 7 (c)(v) ‧見備註/See Remarks 7 (e)(v) ‧見備註/See Remarks 7 (e)(vi) ‧見備註/See Remarks 7 (d)(ii) ‧見備註/See Remarks 7 (e)(iii) ‧見備註/See Remarks 7 (f)(ii) ‧見備註/See Remarks 7 (e)(iv),
2018-08-26,2018-09-05,,第5座 (5B) Tower 5 (5B),48,H,,8563200,,‧價單第5號 (A2)付款辦法 Payment Plan (A2) of Price List No.5 見備註/See Remarks 7 (c)(i) ‧見備註/See Remarks 7 (c)(iii) ‧見備註/See Remarks 7 (c)(iv) ‧見備註/See Remarks 7 (c)(v) ‧見備註/See Remarks 7 (e)(vi) ‧見備註/See Remarks 7 (d)(v) ‧見備註/See Remarks 7 (e)(iii) ‧見備註/See Remarks 7 (f)(ii) ‧見備註/See Remarks 7 (e)(iv),
2018-08-26,2018-09-05,,第5座 (5B) Tower 5 (5B),47,H,,8492000,,‧價單第5號 (A2)付款辦法 Payment Plan (A2) of Price List No.5 見備註/See Remarks 7 (c)(i) ‧見備註/See Remarks 7 (c)(iii) ‧見備註/See Remarks 7 (c)(iv) ‧見備註/See Remarks 7 (c)(v) ‧見備註/See Remarks 7 (e)(vi) ‧見備註/See Remarks 7 (d)(v) ‧見備註/See Remarks 7 (e)(iii) ‧見備註/See Remarks 7 (f)(ii) ‧見備註/See Remarks 7 (e)(iv),
2018-08-26,2018-09-05,,第5座 (5B) Tower 5 (5B),46,H,,8668200,,‧價單第5號 (B2)付款辦法 Payment Plan (B2) of Price List No.5 見備註/See Remarks 7 (c)(ii) ‧見備註/See Remarks 7 (c)(iii) ‧見備註/See Remarks 7 (c)(iv) ‧見備註/See Remarks 7 (c)(v) ‧見備註/See Remarks 7 (e)(v) ‧見備註/See Remarks 7 (e)(vi) ‧見備註/See Remarks 7 (d)(ii) ‧見備註/See Remarks 7 (e)(iii) ‧見備註/See Remarks 7 (f)(ii) ‧見備註/See Remarks 7 (e)(iv),
2018-08-26,2018-09-05,,第5座 (5B) Tower 5 (5B),45,H,,8420800,,‧價單第5號 (A2)付款辦法 Payment Plan (A2) of Price List No.5 見備註/See Remarks 7 (c)(i) ‧見備註/See Remarks 7 (c)(iii) ‧見備註/See Remarks 7 (c)(iv) ‧見備註/See Remarks 7 (c)(v) ‧見備註/See Remarks 7 (e)(vi) ‧見備註/See Remarks 7 (d)(v) ‧見備註/See Remarks 7 (e)(iii) ‧見備註/See Remarks 7 (f)(ii) ‧見備註/See Remarks 7 (e)(iv),
2018-08-26,2018-09-05,,第5座 (5B) Tower 5 (5B),43,H,,8384800,,‧價單第5號 (A2)付款辦法 Payment Plan (A2) of Price List No.5 見備註/See Remarks 7 (c)(i) ‧見備註/See Remarks 7 (c)(iii) ‧見備註/See Remarks 7 (c)(iv) ‧見備註/See Remarks 7 (c)(v) ‧見備註/See Remarks 7 (e)(vi) ‧見備註/See Remarks 7 (d)(v) ‧見備註/See Remarks 7 (e)(iii) ‧見備註/See Remarks 7 (f)(ii) ‧見備註/See Remarks 7 (e)(iv),
2018-08-26,2018-09-05,,第5座 (5B) Tower 5 (5B),42,H,,8351200,,‧價單第5號 (A2)付款辦法 Payment Plan (A2) of Price List No.5 見備註/See Remarks 7 (c)(i) ‧見備註/See Remarks 7 (c)(iii) ‧見備註/See Remarks 7 (c)(iv) ‧見備註/See Remarks 7 (c)(v) ‧見備註/See Remarks 7 (e)(vi) ‧見備註/See Remarks 7 (d)(v) ‧見備註/See Remarks 7 (e)(iii) ‧見備註/See Remarks 7 (f)(ii) ‧見備註/See Remarks 7 (e)(iv),
2018-08-26,2018-09-05,,第5座 (5B) Tower 5 (5B),41,H,,8315200,,‧價單第5號 (A2)付款辦法 Payment Plan (A2) of Price List No.5 見備註/See Remarks 7 (c)(i) ‧見備註/See Remarks 7 (c)(iii) ‧見備註/See Remarks 7 (c)(iv) ‧見備註/See Remarks 7 (c)(v) ‧見備註/See Remarks 7 (e)(vi) ‧見備註/See Remarks 7 (d)(v) ‧見備註/See Remarks 7 (e)(iii) ‧見備註/See Remarks 7 (f)(ii) ‧見備註/See Remarks 7 (e)(iv),
2018-08-26,2018-09-05,,第5座 (5B) Tower 5 (5B),40,H,,8280800,,‧價單第5號 (A2)付款辦法 Payment Plan (A2) of Price List No.5 見備註/See Remarks 7 (c)(i) ‧見備註/See Remarks 7 (c)(iii) ‧見備註/See Remarks 7 (c)(iv) ‧見備註/See Remarks 7 (c)(v) ‧見備註/See Remarks 7 (e)(vi) ‧見備註/See Remarks 7 (d)(v) ‧見備註/See Remarks 7 (e)(iii) ‧見備註/See Remarks 7 (f)(ii) ‧見備註/See Remarks 7 (e)(iv),
2018-08-26,2018-09-05,,第5座 (5B) Tower 5 (5B),39,H,,8247200,,‧價單第5號 (A2)付款辦法 Payment Plan (A2) of Price List No.5 見備註/See Remarks 7 (c)(i) ‧見備註/See Remarks 7 (c)(iii) ‧見備註/See Remarks 7 (c)(iv) ‧見備註/See Remarks 7 (c)(v) ‧見備註/See Remarks 7 (e)(vi) ‧見備註/See Remarks 7 (d)(v) ‧見備註/See Remarks 7 (e)(iii) ‧見備註/See Remarks 7 (f)(ii) ‧見備註/See Remarks 7 (e)(iv),
2018-08-26,2018-09-05,,第5座 (5B) Tower 5 (5B),38,H,,8247200,,‧價單第5號 (A2)付款辦法 Payment Plan (A2) of Price List No.5 見備註/See Remarks 7 (c)(i) ‧見備註/See Remarks 7 (c)(iii) ‧見備註/See Remarks 7 (c)(iv) ‧見備註/See Remarks 7 (c)(v) ‧見備註/See Remarks 7 (e)(vi) ‧見備註/See Remarks 7 (d)(v) ‧見備註/See Remarks 7 (e)(iii) ‧見備註/See Remarks 7 (f)(ii) ‧見備註/See Remarks 7 (e)(iv),
2018-08-26,2018-09-05,,第5座 (5B) Tower 5 (5B),37,H,,8401700,,‧價單第5號 (B2)付款辦法 Payment Plan (B2) of Price List No.5 見備註/See Remarks 7 (c)(ii) ‧見備註/See Remarks 7 (c)(iii) ‧見備註/See Remarks 7 (c)(iv) ‧見備註/See Remarks 7 (c)(v) ‧見備註/See Remarks 7 (e)(v) ‧見備註/See Remarks 7 (e)(vi) ‧見備註/See Remarks 7 (d)(ii) ‧見備註/See Remarks 7 (e)(iii) ‧見備註/See Remarks 7 (f)(ii) ‧見備註/See Remarks 7 (e)(iv),
2018-08-26,2018-09-05,,第5座 (5B) Tower 5 (5B),36,H,,8172000,,‧價單第5號 (A2)付款辦法 Payment Plan (A2) of Price List No.5 見備註/See Remarks 7 (c)(i) ‧見備註/See Remarks 7 (c)(iii) ‧見備註/See Remarks 7 (c)(iv) ‧見備註/See Remarks 7 (c)(v) ‧見備註/See Remarks 7 (e)(vi) ‧見備註/See Remarks 7 (d)(v) ‧見備註/See Remarks 7 (e)(iii) ‧見備註/See Remarks 7 (f)(ii) ‧見備註/See Remarks 7 (e)(iv),
2018-08-26,2018-09-05,,第5座 (5B) Tower 5 (5B),35,H,,8148000,,‧價單第5號 (A2)付款辦法 Payment Plan (A2) of Price List No.5 見備註/See Remarks 7 (c)(i) ‧見備註/See Remarks 7 (c)(iii) ‧見備註/See Remarks 7 (c)(iv) ‧見備註/See Remarks 7 (c)(v) ‧見備註/See Remarks 7 (e)(vi) ‧見備註/See Remarks 7 (d)(v) ‧見備註/See Remarks 7 (e)(iii) ‧見備註/See Remarks 7 (f)(ii) ‧見備註/See Remarks 7 (e)(iv),
2018-08-26,2018-09-05,,第5座 (5B) Tower 5 (5B),33,H,,8123200,,‧價單第5號 (A2)付款辦法 Payment Plan (A2) of Price List No.5 見備註/See Remarks 7 (c)(i) ‧見備註/See Remarks 7 (c)(iii) ‧見備註/See Remarks 7 (c)(iv) ‧見備註/See Remarks 7 (c)(v) ‧見備註/See Remarks 7 (e)(vi) ‧見備註/See Remarks 7 (d)(v) ‧見備註/See Remarks 7 (e)(iii) ‧見備註/See Remarks 7 (f)(ii) ‧見備註/See Remarks 7 (e)(iv),
2018-08-26,2018-09-05,,第5座 (5B) Tower 5 (5B),32,H,,9415300,,‧價單第5號 (B2)付款辦法 Payment Plan (B2) of Price List No.5 見備註/See Remarks 7 (c)(ii) ‧見備註/See Remarks 7 (d)(i) ‧見備註/See Remarks 7 (c)(iv) ‧見備註/See Remarks 7 (c)(v) ‧見備註/See Remarks 7 (e)(v) ‧見備註/See Remarks 7 (e)(vi) ‧見備註/See Remarks 7 (d)(ii) ‧見備註/See Remarks 7 (e)(iii) ‧見備註/See Remarks 7 (f)(ii) ‧見備註/See Remarks 7 (e)(iv),
2018-08-26,2018-09-05,,第5座 (5B) Tower 5 (5B),31,H,,8075200,,‧價單第5號 (A2)付款辦法 Payment Plan (A2) of Price List No.5 見備註/See Remarks 7 (c)(i) ‧見備註/See Remarks 7 (c)(iii) ‧見備註/See Remarks 7 (c)(iv) ‧見備註/See Remarks 7 (c)(v) ‧見備註/See Remarks 7 (e)(vi) ‧見備註/See Remarks 7 (d)(v) ‧見備註/See Remarks 7 (e)(iii) ‧見備註/See Remarks 7 (f)(ii) ‧見備註/See Remarks 7 (e)(iv),
2018-08-26,2018-09-05,,第5座 (5B) Tower 5 (5B),30,H,,8051200,,‧價單第5號 (A2)付款辦法 Payment Plan (A2) of Price List No.5 見備註/See Remarks 7 (c)(i) ‧見備註/See Remarks 7 (c)(iii) ‧見備註/See Remarks 7 (c)(iv) ‧見備註/See Remarks 7 (c)(v) ‧見備註/See Remarks 7 (e)(vi) ‧見備註/See Remarks 7 (d)(v) ‧見備註/See Remarks 7 (e)(iii) ‧見備註/See Remarks 7 (f)(ii) ‧見備註/See Remarks 7 (e)(iv),
2018-08-26,2018-09-05,,第5座 (5B) Tower 5 (5B),28,H,,8051200,,‧價單第5號 (A2)付款辦法 Payment Plan (A2) of Price List No.5 見備註/See Remarks 7 (c)(i) ‧見備註/See Remarks 7 (c)(iii) ‧見備註/See Remarks 7 (c)(iv) ‧見備註/See Remarks 7 (c)(v) ‧見備註/See Remarks 7 (e)(vi) ‧見備註/See Remarks 7 (d)(v) ‧見備註/See Remarks 7 (e)(iii) ‧見備註/See Remarks 7 (f)(ii) ‧見備註/See Remarks 7 (e)(iv),
2018-08-26,2018-09-05,,第5座 (5B) Tower 5 (5B),27,H,,8169600,"在16-11-2018，基於法例第35(2)(b)條所容許的原因 ，售價調整為$7,970,400。 On 16-11-2018, the price adjusted to $7,970,400 due to the reason allowed under section 35(2)(b) of the Ordinance.",‧價單第5號 (B2)付款辦法 Payment Plan (B2) of Price List No.5 見備註/See Remarks 7 (c)(ii) ‧見備註/See Remarks 7 (c)(iii) ‧見備註/See Remarks 7 (c)(iv) ‧見備註/See Remarks 7 (c)(v) ‧見備註/See Remarks 7 (e)(v) ‧見備註/See Remarks 7 (e)(vi) ‧見備註/See Remarks 7 (d)(ii) ‧見備註/See Remarks 7 (e)(iii) ‧見備註/See Remarks 7 (f)(ii) ‧見備註/See Remarks 7 (e)(iv) ‧價單第5號 (A2)付款辦法 Payment Plan (A2) of Price List No.5 見備註/See Remarks 7 (c)(i) ‧見備註/See Remarks 7 (c)(iii) ‧見備註/See Remarks 7 (c)(iv) ‧見備註/See Remarks 7 (c)(v) ‧見備註/See Remarks 7 (e)(vi) ‧見備註/See Remarks 7 (d)(v) ‧見備註/See Remarks 7 (e)(iii) ‧見備註/See Remarks 7 (f)(ii) ‧見備註/See Remarks 7 (e)(iv) ‧(在16-11-2018修訂) (revised on 16-11-2018),
2018-08-26,2018-09-05,,第5座 (5B) Tower 5 (5B),26,H,,8129400,,‧價單第5號 (B2)付款辦法 Payment Plan (B2) of Price List No.5 見備註/See Remarks 7 (c)(ii) ‧見備註/See Remarks 7 (c)(iii) ‧見備註/See Remarks 7 (c)(iv) ‧見備註/See Remarks 7 (c)(v) ‧見備註/See Remarks 7 (e)(v) ‧見備註/See Remarks 7 (e)(vi) ‧見備註/See Remarks 7 (d)(ii) ‧見備註/See Remarks 7 (e)(iii) ‧見備註/See Remarks 7 (f)(ii) ‧見備註/See Remarks 7 (e)(iv),
2018-08-26,2018-09-05,,第5座 (5B) Tower 5 (5B),25,H,,7891200,,‧價單第5號 (A2)付款辦法 Payment Plan (A2) of Price List No.5 見備註/See Remarks 7 (c)(i) ‧見備註/See Remarks 7 (c)(iii) ‧見備註/See Remarks 7 (c)(iv) ‧見備註/See Remarks 7 (c)(v) ‧見備註/See Remarks 7 (e)(vi) ‧見備註/See Remarks 7 (d)(v) ‧見備註/See Remarks 7 (e)(iii) ‧見備註/See Remarks 7 (f)(ii) ‧見備註/See Remarks 7 (e)(iv),
2018-08-26,2018-09-05,,第5座 (5B) Tower 5 (5B),23,H,,9127000,,‧價單第5號 (B2)付款辦法 Payment Plan (B2) of Price List No.5 見備註/See Remarks 7 (c)(ii) ‧見備註/See Remarks 7 (d)(i) ‧見備註/See Remarks 7 (c)(iv) ‧見備註/See Remarks 7 (c)(v) ‧見備註/See Remarks 7 (e)(v) ‧見備註/See Remarks 7 (e)(vi) ‧見備註/See Remarks 7 (d)(ii) ‧見備註/See Remarks 7 (e)(iii) ‧見備註/See Remarks 7 (f)(ii) ‧見備註/See Remarks 7 (e)(iv),
2018-08-26,2018-09-05,,第5座 (5B) Tower 5 (5B),22,H,,7812000,,‧價單第5號 (A2)付款辦法 Payment Plan (A2) of Price List No.5 見備註/See Remarks 7 (c)(i) ‧見備註/See Remarks 7 (c)(iii) ‧見備註/See Remarks 7 (c)(iv) ‧見備註/See Remarks 7 (c)(v) ‧見備註/See Remarks 7 (e)(vi) ‧見備註/See Remarks 7 (d)(v) ‧見備註/See Remarks 7 (e)(iii) ‧見備註/See Remarks 7 (f)(ii) ‧見備註/See Remarks 7 (e)(iv),
2018-08-26,2018-09-05,,第5座 (5B) Tower 5 (5B),21,H,,7772800,,‧價單第5號 (A2)付款辦法 Payment Plan (A2) of Price List No.5 見備註/See Remarks 7 (c)(i) ‧見備註/See Remarks 7 (c)(iii) ‧見備註/See Remarks 7 (c)(iv) ‧見備註/See Remarks 7 (c)(v) ‧見備註/See Remarks 7 (e)(vi) ‧見備註/See Remarks 7 (d)(v) ‧見備註/See Remarks 7 (e)(iii) ‧見備註/See Remarks 7 (f)(ii) ‧見備註/See Remarks 7 (e)(iv),
2018-08-26,2018-09-05,,第5座 (5B) Tower 5 (5B),20,H,,7927700,,‧價單第5號 (B2)付款辦法 Payment Plan (B2) of Price List No.5 見備註/See Remarks 7 (c)(ii) ‧見備註/See Remarks 7 (c)(iii) ‧見備註/See Remarks 7 (c)(iv) ‧見備註/See Remarks 7 (c)(v) ‧見備註/See Remarks 7 (e)(v) ‧見備註/See Remarks 7 (e)(vi) ‧見備註/See Remarks 7 (d)(ii) ‧見備註/See Remarks 7 (e)(iii) ‧見備註/See Remarks 7 (f)(ii) ‧見備註/See Remarks 7 (e)(iv),
2018-08-26,2018-09-05,,第5座 (5B) Tower 5 (5B),19,H,,7695200,,‧價單第5號 (A2)付款辦法 Payment Plan (A2) of Price List No.5 見備註/See Remarks 7 (c)(i) ‧見備註/See Remarks 7 (c)(iii) ‧見備註/See Remarks 7 (c)(iv) ‧見備註/See Remarks 7 (c)(v) ‧見備註/See Remarks 7 (e)(vi) ‧見備註/See Remarks 7 (d)(v) ‧見備註/See Remarks 7 (e)(iii) ‧見備註/See Remarks 7 (f)(ii) ‧見備註/See Remarks 7 (e)(iv),
2018-08-26,2018-09-05,,第5座 (5B) Tower 5 (5B),18,H,,7887500,"在29-10-2018，基於法例第35(2)(b)條所容許的原因 ，售價調整為$7,695,200。 On 29-10-2018, the price adjusted to $7,695,200 due to the reason allowed under section 35(2)(b) of the Ordinance.",‧價單第5號 (B2)付款辦法 Payment Plan (B2) of Price List No.5 見備註/See Remarks 7 (c)(ii) ‧見備註/See Remarks 7 (c)(iii) ‧見備註/See Remarks 7 (c)(iv) ‧見備註/See Remarks 7 (c)(v) ‧見備註/See Remarks 7 (e)(v) ‧見備註/See Remarks 7 (e)(vi) ‧見備註/See Remarks 7 (d)(ii) ‧見備註/See Remarks 7 (e)(iii) ‧見備註/See Remarks 7 (f)(ii) ‧見備註/See Remarks 7 (e)(iv),
2018-08-26,2018-09-05,,第5座 (5B) Tower 5 (5B),17,H,,8424200,,‧價單第5號 (B2)付款辦法 Payment Plan (B2) of Price List No.5 見備註/See Remarks 7 (c)(ii) ‧見備註/See Remarks 7 (c)(iii) ‧見備註/See Remarks 7 (d)(iii) ‧見備註/See Remarks 7 (c)(v) ‧見備註/See Remarks 7 (e)(v) ‧見備註/See Remarks 7 (e)(vi) ‧見備註/See Remarks 7 (e)(iii) ‧見備註/See Remarks 7 (f)(ii) ‧見備註/See Remarks 7 (e)(iv),
2018-08-26,2018-09-05,,第5座 (5B) Tower 5 (5B),16,H,,7841600,,‧價單第5號 (B2)付款辦法 Payment Plan (B2) of Price List No.5 見備註/See Remarks 7 (c)(ii) ‧見備註/See Remarks 7 (c)(iii) ‧見備註/See Remarks 7 (c)(iv) ‧見備註/See Remarks 7 (c)(v) ‧見備註/See Remarks 7 (e)(v) ‧見備註/See Remarks 7 (e)(vi) ‧見備註/See Remarks 7 (d)(ii) ‧見備註/See Remarks 7 (e)(iii) ‧見備註/See Remarks 7 (f)(ii) ‧見備註/See Remarks 7 (e)(iv),
2018-08-26,2018-09-05,,第5座 (5B) Tower 5 (5B),15,H,,7642400,,‧價單第5號 (A2)付款辦法 Payment Plan (A2) of Price List No.5 見備註/See Remarks 7 (c)(i) ‧見備註/See Remarks 7 (c)(iii) ‧見備註/See Remarks 7 (c)(iv) ‧見備註/See Remarks 7 (c)(v) ‧見備註/See Remarks 7 (e)(vi) ‧見備註/See Remarks 7 (d)(v) ‧見備註/See Remarks 7 (e)(iii) ‧見備註/See Remarks 7 (f)(ii) ‧見備註/See Remarks 7 (e)(iv),
2018-08-26,2018-09-05,,第5座 (5B) Tower 5 (5B),12,H,,7825200,,‧價單第5號 (B2)付款辦法 Payment Plan (B2) of Price List No.5 見備註/See Remarks 7 (c)(ii) ‧見備註/See Remarks 7 (c)(iii) ‧見備註/See Remarks 7 (c)(iv) ‧見備註/See Remarks 7 (c)(v) ‧見備註/See Remarks 7 (e)(v) ‧見備註/See Remarks 7 (e)(vi) ‧見備註/See Remarks 7 (d)(ii) ‧見備註/See Remarks 7 (e)(iii) ‧見備註/See Remarks 7 (f)(ii) ‧見備註/See Remarks 7 (e)(iv),
2018-08-26,2018-09-05,,第5座 (5B) Tower 5 (5B),11,H,,7817000,,‧價單第5號 (B2)付款辦法 Payment Plan (B2) of Price List No.5 見備註/See Remarks 7 (c)(ii) ‧見備註/See Remarks 7 (c)(iii) ‧見備註/See Remarks 7 (c)(iv) ‧見備註/See Remarks 7 (c)(v) ‧見備註/See Remarks 7 (e)(v) ‧見備註/See Remarks 7 (e)(vi) ‧見備註/See Remarks 7 (d)(ii) ‧見備註/See Remarks 7 (e)(iii) ‧見備註/See Remarks 7 (f)(ii) ‧見備註/See Remarks 7 (e)(iv),
2018-08-26,2018-09-05,,第5座 (5B) Tower 5 (5B),10,H,,7619200,,‧價單第5號 (A2)付款辦法 Payment Plan (A2) of Price List No.5 見備註/See Remarks 7 (c)(i) ‧見備註/See Remarks 7 (c)(iii) ‧見備註/See Remarks 7 (c)(iv) ‧見備註/See Remarks 7 (c)(v) ‧見備註/See Remarks 7 (e)(vi) ‧見備註/See Remarks 7 (d)(v) ‧見備註/See Remarks 7 (e)(iii) ‧見備註/See Remarks 7 (f)(ii) ‧見備註/See Remarks 7 (e)(iv),
2018-08-26,2018-09-05,,第5座 (5B) Tower 5 (5B),9,H,,7611200,,‧價單第5號 (A2)付款辦法 Payment Plan (A2) of Price List No.5 見備註/See Remarks 7 (c)(i) ‧見備註/See Remarks 7 (c)(iii) ‧見備註/See Remarks 7 (c)(iv) ‧見備註/See Remarks 7 (c)(v) ‧見備註/See Remarks 7 (e)(vi) ‧見備註/See Remarks 7 (d)(v) ‧見備註/See Remarks 7 (e)(iii) ‧見備註/See Remarks 7 (f)(ii) ‧見備註/See Remarks 7 (e)(iv),
2018-08-26,2018-09-05,,第5座 (5B) Tower 5 (5B),8,H,,7603200,,‧價單第5號 (A2)付款辦法 Payment Plan (A2) of Price List No.5 見備註/See Remarks 7 (c)(i) ‧見備註/See Remarks 7 (c)(iii) ‧見備註/See Remarks 7 (c)(iv) ‧見備註/See Remarks 7 (c)(v) ‧見備註/See Remarks 7 (e)(vi) ‧見備註/See Remarks 7 (d)(v) ‧見備註/See Remarks 7 (e)(iii) ‧見備註/See Remarks 7 (f)(ii) ‧見備註/See Remarks 7 (e)(iv),
2018-08-26,2018-09-05,,第5座 (5B) Tower 5 (5B),7,H,,7596000,,‧價單第5號 (A2)付款辦法 Payment Plan (A2) of Price List No.5 見備註/See Remarks 7 (c)(i) ‧見備註/See Remarks 7 (c)(iii) ‧見備註/See Remarks 7 (c)(iv) ‧見備註/See Remarks 7 (c)(v) ‧見備註/See Remarks 7 (e)(vi) ‧見備註/See Remarks 7 (d)(v) ‧見備註/See Remarks 7 (e)(iii) ‧見備註/See Remarks 7 (f)(ii) ‧見備註/See Remarks 7 (e)(iv),
2018-08-26,2018-09-05,,第5座 (5B) Tower 5 (5B),6,H,,7778500,,‧價單第5號 (B2)付款辦法 Payment Plan (B2) of Price List No.5 見備註/See Remarks 7 (c)(ii) ‧見備註/See Remarks 7 (c)(iii) ‧見備註/See Remarks 7 (c)(iv) ‧見備註/See Remarks 7 (c)(v) ‧見備註/See Remarks 7 (e)(v) ‧見備註/See Remarks 7 (e)(vi) ‧見備註/See Remarks 7 (d)(ii) ‧見備註/See Remarks 7 (e)(iii) ‧見備註/See Remarks 7 (f)(ii) ‧見備註/See Remarks 7 (e)(iv),
2018-08-26,2018-09-05,,第5座 (5B) Tower 5 (5B),55,K,,16715800,,‧價單第6號 (B2)付款辦法 Payment Plan (B2) of Price List No.6 見備註/See Remarks 7 (c)(ii) ‧見備註/See Remarks 7 (d)(i) ‧見備註/See Remarks 7 (c)(iv) ‧見備註/See Remarks 7 (c)(v) ‧見備註/See Remarks 7 (e)(v) ‧見備註/See Remarks 7 (e)(vi) ‧見備註/See Remarks 7 (d)(ii) ‧見備註/See Remarks 7 (e)(iii) ‧見備註/See Remarks 7 (f)(ii) ‧見備註/See Remarks 7 (e)(iv),
2018-08-26,2018-09-05,,第5座 (5B) Tower 5 (5B),52,K,,14226400,,‧價單第6號 (A2)付款辦法 Payment Plan (A2) of Price List No.6 見備註/See Remarks 7 (c)(i) ‧見備註/See Remarks 7 (c)(iii) ‧見備註/See Remarks 7 (c)(iv) ‧見備註/See Remarks 7 (c)(v) ‧見備註/See Remarks 7 (e)(vi) ‧見備註/See Remarks 7 (d)(v) ‧見備註/See Remarks 7 (e)(iii) ‧見備註/See Remarks 7 (f)(ii) ‧見備註/See Remarks 7 (e)(iv),
2018-08-26,2018-09-05,,第5座 (5B) Tower 5 (5B),50,K,,14095200,,‧價單第6號 (A2)付款辦法 Payment Plan (A2) of Price List No.6 見備註/See Remarks 7 (c)(i) ‧見備註/See Remarks 7 (c)(iii) ‧見備註/See Remarks 7 (c)(iv) ‧見備註/See Remarks 7 (c)(v) ‧見備註/See Remarks 7 (e)(vi) ‧見備註/See Remarks 7 (d)(v) ‧見備註/See Remarks 7 (e)(iii) ‧見備註/See Remarks 7 (f)(ii) ‧見備註/See Remarks 7 (e)(iv),
2018-08-26,2018-09-05,,第5座 (5B) Tower 5 (5B),48,K,,14390100,,‧價單第6號 (B2)付款辦法 Payment Plan (B2) of Price List No.6 見備註/See Remarks 7 (c)(ii) ‧見備註/See Remarks 7 (c)(iii) ‧見備註/See Remarks 7 (c)(iv) ‧見備註/See Remarks 7 (c)(v) ‧見備註/See Remarks 7 (e)(v) ‧見備註/See Remarks 7 (e)(vi) ‧見備註/See Remarks 7 (d)(ii) ‧見備註/See Remarks 7 (e)(iii) ‧見備註/See Remarks 7 (f)(ii) ‧見備註/See Remarks 7 (e)(iv),
2018-08-26,2018-09-05,,第5座 (5B) Tower 5 (5B),46,K,,14254000,,‧價單第6號 (B2)付款辦法 Payment Plan (B2) of Price List No.6 見備註/See Remarks 7 (c)(ii) ‧見備註/See Remarks 7 (c)(iii) ‧見備註/See Remarks 7 (c)(iv) ‧見備註/See Remarks 7 (c)(v) ‧見備註/See Remarks 7 (e)(v) ‧見備註/See Remarks 7 (e)(vi) ‧見備註/See Remarks 7 (d)(ii) ‧見備註/See Remarks 7 (e)(iii) ‧見備註/See Remarks 7 (f)(ii) ‧見備註/See Remarks 7 (e)(iv),
2018-08-26,2018-09-05,,第5座 (5B) Tower 5 (5B),43,K,,13816800,,‧價單第6號 (A2)付款辦法 Payment Plan (A2) of Price List No.6 見備註/See Remarks 7 (c)(i) ‧見備註/See Remarks 7 (c)(iii) ‧見備註/See Remarks 7 (c)(iv) ‧見備註/See Remarks 7 (c)(v) ‧見備註/See Remarks 7 (e)(vi) ‧見備註/See Remarks 7 (d)(v) ‧見備註/See Remarks 7 (e)(iii) ‧見備註/See Remarks 7 (f)(ii) ‧見備註/See Remarks 7 (e)(iv),
2018-08-26,2018-09-05,,第5座 (5B) Tower 5 (5B),41,K,,13728800,,‧價單第6號 (A2)付款辦法 Payment Plan (A2) of Price List No.6 見備註/See Remarks 7 (c)(i) ‧見備註/See Remarks 7 (c)(iii) ‧見備註/See Remarks 7 (c)(iv) ‧見備註/See Remarks 7 (c)(v) ‧見備註/See Remarks 7 (e)(vi) ‧見備註/See Remarks 7 (d)(v) ‧見備註/See Remarks 7 (e)(iii) ‧見備註/See Remarks 7 (f)(ii) ‧見備註/See Remarks 7 (e)(iv),
2018-08-26,2018-09-05,,第5座 (5B) Tower 5 (5B),39,K,,13640800,,‧價單第6號 (A2)付款辦法 Payment Plan (A2) of Price List No.6 見備註/See Remarks 7 (c)(i) ‧見備註/See Remarks 7 (c)(iii) ‧見備註/See Remarks 7 (c)(iv) ‧見備註/See Remarks 7 (c)(v) ‧見備註/See Remarks 7 (e)(vi) ‧見備註/See Remarks 7 (d)(v) ‧見備註/See Remarks 7 (e)(iii) ‧見備註/See Remarks 7 (f)(ii) ‧見備註/See Remarks 7 (e)(iv),
2018-08-26,2018-09-05,,第5座 (5B) Tower 5 (5B),37,K,,16786400,,‧價單第6號 (C2)付款辦法 Payment Plan (C2) of Price List No.6 見備註/See Remarks 7 (c)(vi) ‧見備註/See Remarks 7 (d)(vi) ‧見備註/See Remarks 7 (d)(iii) ‧見備註/See Remarks 7 (c)(v) ‧見備註/See Remarks 7 (e)(v) ‧見備註/See Remarks 7 (e)(vi) ‧見備註/See Remarks 7 (e)(iii) ‧見備註/See Remarks 7 (f)(ii) ‧見備註/See Remarks 7 (e)(iv),
2018-08-26,2018-09-05,,第5座 (5B) Tower 5 (5B),35,K,,13490400,,‧價單第6號 (A2)付款辦法 Payment Plan (A2) of Price List No.6 見備註/See Remarks 7 (c)(i) ‧見備註/See Remarks 7 (c)(iii) ‧見備註/See Remarks 7 (c)(iv) ‧見備註/See Remarks 7 (c)(v) ‧見備註/See Remarks 7 (e)(vi) ‧見備註/See Remarks 7 (d)(v) ‧見備註/See Remarks 7 (e)(iii) ‧見備註/See Remarks 7 (f)(ii) ‧見備註/See Remarks 7 (e)(iv),
2018-08-26,2018-09-05,,第5座 (5B) Tower 5 (5B),32,K,,14735600,,‧價單第6號 (B2)付款辦法 Payment Plan (B2) of Price List No.6 見備註/See Remarks 7 (c)(ii) ‧見備註/See Remarks 7 (c)(iii) ‧見備註/See Remarks 7 (d)(iii) ‧見備註/See Remarks 7 (c)(v) ‧見備註/See Remarks 7 (e)(v) ‧見備註/See Remarks 7 (e)(vi) ‧見備註/See Remarks 7 (e)(iii) ‧見備註/See Remarks 7 (f)(ii) ‧見備註/See Remarks 7 (e)(iv),
2018-08-26,2018-09-05,,第5座 (5B) Tower 5 (5B),31,K,,13339200,,‧價單第6號 (A2)付款辦法 Payment Plan (A2) of Price List No.6 見備註/See Remarks 7 (c)(i) ‧見備註/See Remarks 7 (c)(iii) ‧見備註/See Remarks 7 (c)(iv) ‧見備註/See Remarks 7 (c)(v) ‧見備註/See Remarks 7 (e)(vi) ‧見備註/See Remarks 7 (d)(v) ‧見備註/See Remarks 7 (e)(iii) ‧見備註/See Remarks 7 (f)(ii) ‧見備註/See Remarks 7 (e)(iv),
2018-08-26,2018-09-05,,第5座 (5B) Tower 5 (5B),30,K,,15441700,,‧價單第5號 (B2)付款辦法 Payment Plan (B2) of Price List No.5 見備註/See Remarks 7 (c)(ii) ‧見備註/See Remarks 7 (d)(i) ‧見備註/See Remarks 7 (c)(iv) ‧見備註/See Remarks 7 (c)(v) ‧見備註/See Remarks 7 (e)(v) ‧見備註/See Remarks 7 (e)(vi) ‧見備註/See Remarks 7 (d)(ii) ‧見備註/See Remarks 7 (e)(iii) ‧見備註/See Remarks 7 (f)(ii) ‧見備註/See Remarks 7 (e)(iv),
2018-08-26,2018-09-05,,第5座 (5B) Tower 5 (5B),28,K,,14610600,"在02-11-2018，基於法例第35(2)(b)條所容許的原因 ，售價調整為$13,282,400。 On 02-11-2018, the price adjusted to $13,282,400 due to the reason allowed under section 35(2)(b) of the Ordinance.",‧價單第5號 (B2)付款辦法 Payment Plan (B2) of Price List No.5 見備註/See Remarks 7 (c)(ii) ‧見備註/See Remarks 7 (c)(iii) ‧見備註/See Remarks 7 (d)(iii) ‧見備註/See Remarks 7 (c)(v) ‧見備註/See Remarks 7 (e)(v) ‧見備註/See Remarks 7 (e)(vi) ‧見備註/See Remarks 7 (e)(iii) ‧見備註/See Remarks 7 (f)(ii) ‧見備註/See Remarks 7 (e)(iv) ‧價單第5號 (A2)付款辦法 Payment Plan (A2) of Price List No.5 見備註/See Remarks 7 (c)(i) ‧見備註/See Remarks 7 (c)(iii) ‧見備註/See Remarks 7 (c)(iv) ‧見備註/See Remarks 7 (c)(v) ‧見備註/See Remarks 7 (e)(vi) ‧見備註/See Remarks 7 (d)(v) ‧見備註/See Remarks 7 (e)(iii) ‧見備註/See Remarks 7 (f)(ii) ‧見備註/See Remarks 7 (e)(iv) ‧(在02-11-2018修訂) (revised on 02-11-2018),
2018-08-26,2018-09-05,,第5座 (5B) Tower 5 (5B),27,K,,13148000,,‧價單第6號 (A2)付款辦法 Payment Plan (A2) of Price List No.6 見備註/See Remarks 7 (c)(i) ‧見備註/See Remarks 7 (c)(iii) ‧見備註/See Remarks 7 (c)(iv) ‧見備註/See Remarks 7 (c)(v) ‧見備註/See Remarks 7 (e)(vi) ‧見備註/See Remarks 7 (d)(v) ‧見備註/See Remarks 7 (e)(iii) ‧見備註/See Remarks 7 (f)(ii) ‧見備註/See Remarks 7 (e)(iv),
2018-08-26,2018-09-05,,第5座 (5B) Tower 5 (5B),26,K,,13082400,,‧價單第6號 (A2)付款辦法 Payment Plan (A2) of Price List No.6 見備註/See Remarks 7 (c)(i) ‧見備註/See Remarks 7 (c)(iii) ‧見備註/See Remarks 7 (c)(iv) ‧見備註/See Remarks 7 (c)(v) ‧見備註/See Remarks 7 (e)(vi) ‧見備註/See Remarks 7 (d)(v) ‧見備註/See Remarks 7 (e)(iii) ‧見備註/See Remarks 7 (f)(ii) ‧見備註/See Remarks 7 (e)(iv),
2018-08-26,2018-09-05,,第5座 (5B) Tower 5 (5B),25,K,,13016800,,‧價單第6號 (A2)付款辦法 Payment Plan (A2) of Price List No.6 見備註/See Remarks 7 (c)(i) ‧見備註/See Remarks 7 (c)(iii) ‧見備註/See Remarks 7 (c)(iv) ‧見備註/See Remarks 7 (c)(v) ‧見備註/See Remarks 7 (e)(vi) ‧見備註/See Remarks 7 (d)(v) ‧見備註/See Remarks 7 (e)(iii) ‧見備註/See Remarks 7 (f)(ii) ‧見備註/See Remarks 7 (e)(iv),
2018-08-26,2018-09-05,,第5座 (5B) Tower 5 (5B),23,K,,12952000,,‧價單第6號 (A2)付款辦法 Payment Plan (A2) of Price List No.6 見備註/See Remarks 7 (c)(i) ‧見備註/See Remarks 7 (c)(iii) ‧見備註/See Remarks 7 (c)(iv) ‧見備註/See Remarks 7 (c)(v) ‧見備註/See Remarks 7 (e)(vi) ‧見備註/See Remarks 7 (d)(v) ‧見備註/See Remarks 7 (e)(iii) ‧見備註/See Remarks 7 (f)(ii) ‧見備註/See Remarks 7 (e)(iv),
2018-08-26,2018-09-05,,第5座 (5B) Tower 5 (5B),21,K,,14105500,,‧價單第6號 (B2)付款辦法 Payment Plan (B2) of Price List No.6 見備註/See Remarks 7 (c)(ii) ‧見備註/See Remarks 7 (c)(iii) ‧見備註/See Remarks 7 (d)(iii) ‧見備註/See Remarks 7 (c)(v) ‧見備註/See Remarks 7 (e)(v) ‧見備註/See Remarks 7 (e)(vi) ‧見備註/See Remarks 7 (e)(iii) ‧見備註/See Remarks 7 (f)(ii) ‧見備註/See Remarks 7 (e)(iv),
2018-08-26,2018-09-05,,第5座 (5B) Tower 5 (5B),19,K,,12708000,,‧價單第6號 (A2)付款辦法 Payment Plan (A2) of Price List No.6 見備註/See Remarks 7 (c)(i) ‧見備註/See Remarks 7 (c)(iii) ‧見備註/See Remarks 7 (c)(iv) ‧見備註/See Remarks 7 (c)(v) ‧見備註/See Remarks 7 (e)(vi) ‧見備註/See Remarks 7 (d)(v) ‧見備註/See Remarks 7 (e)(iii) ‧見備註/See Remarks 7 (f)(ii) ‧見備註/See Remarks 7 (e)(iv),
2018-08-26,2018-09-05,,第5座 (5B) Tower 5 (5B),17,K,,12606400,,‧價單第6號 (A2)付款辦法 Payment Plan (A2) of Price List No.6 見備註/See Remarks 7 (c)(i) ‧見備註/See Remarks 7 (c)(iii) ‧見備註/See Remarks 7 (c)(iv) ‧見備註/See Remarks 7 (c)(v) ‧見備註/See Remarks 7 (e)(vi) ‧見備註/See Remarks 7 (d)(v) ‧見備註/See Remarks 7 (e)(iii) ‧見備註/See Remarks 7 (f)(ii) ‧見備註/See Remarks 7 (e)(iv),
2018-08-26,2018-09-05,,第5座 (5B) Tower 5 (5B),15,K,,12504800,,‧價單第6號 (A2)付款辦法 Payment Plan (A2) of Price List No.6 見備註/See Remarks 7 (c)(i) ‧見備註/See Remarks 7 (c)(iii) ‧見備註/See Remarks 7 (c)(iv) ‧見備註/See Remarks 7 (c)(v) ‧見備註/See Remarks 7 (e)(vi) ‧見備註/See Remarks 7 (d)(v) ‧見備註/See Remarks 7 (e)(iii) ‧見備註/See Remarks 7 (f)(ii) ‧見備註/See Remarks 7 (e)(iv),
2018-08-26,2018-09-05,,第5座 (5B) Tower 5 (5B),11,K,,12716500,,‧價單第6號 (B2)付款辦法 Payment Plan (B2) of Price List No.6 見備註/See Remarks 7 (c)(ii) ‧見備註/See Remarks 7 (c)(iii) ‧見備註/See Remarks 7 (c)(iv) ‧見備註/See Remarks 7 (c)(v) ‧見備註/See Remarks 7 (e)(v) ‧見備註/See Remarks 7 (e)(vi) ‧見備註/See Remarks 7 (d)(ii) ‧見備註/See Remarks 7 (e)(iii) ‧見備註/See Remarks 7 (f)(ii) ‧見備註/See Remarks 7 (e)(iv),
2018-08-26,2018-09-05,,第5座 (5B) Tower 5 (5B),9,K,,12307200,,‧價單第6號 (A2)付款辦法 Payment Plan (A2) of Price List No.6 見備註/See Remarks 7 (c)(i) ‧見備註/See Remarks 7 (c)(iii) ‧見備註/See Remarks 7 (c)(iv) ‧見備註/See Remarks 7 (c)(v) ‧見備註/See Remarks 7 (e)(vi) ‧見備註/See Remarks 7 (d)(v) ‧見備註/See Remarks 7 (e)(iii) ‧見備註/See Remarks 7 (f)(ii) ‧見備註/See Remarks 7 (e)(iv),
2018-08-26,2018-09-05,,第5座 (5B) Tower 5 (5B),7,K,,12362300,,‧價單第6號 (B2)付款辦法 Payment Plan (B2) of Price List No.6 見備註/See Remarks 7 (c)(ii) ‧見備註/See Remarks 7 (c)(iii) ‧見備註/See Remarks 7 (c)(iv) ‧見備註/See Remarks 7 (c)(v) ‧見備註/See Remarks 7 (e)(v) ‧見備註/See Remarks 7 (e)(vi) ‧見備註/See Remarks 7 (d)(ii) ‧見備註/See Remarks 7 (e)(iii) ‧見備註/See Remarks 7 (f)(ii) ‧見備註/See Remarks 7 (e)(iv),
2018-08-29,2018-09-10,,第5座 (5A) Tower 5 (5A),41,C,,32705700,,‧價單第6號 (B2)付款辦法 Payment Plan (B2) of Price List No.6 見備註/See Remarks 7 (c)(ii) ‧見備註/See Remarks 7 (c)(iii) ‧見備註/See Remarks 7 (c)(iv) ‧見備註/See Remarks 7 (c)(v) ‧見備註/See Remarks 7 (e)(v) ‧見備註/See Remarks 7 (e)(vi) ‧見備註/See Remarks 7 (d)(ii) ‧見備註/See Remarks 7 (e)(iii),
2018-08-30,2018-09-11,,第5座 (5A) Tower 5 (5A),56,B,,37234400,,‧價單第7號 (A2)付款辦法 Payment Plan (A2) of Price List No.7 見備註/See Remarks 7 (c)(i) ‧見備註/See Remarks 7 (c)(iii) ‧見備註/See Remarks 7 (c)(iv) ‧見備註/See Remarks 7 (c)(v) ‧見備註/See Remarks 7 (e)(vi) ‧見備註/See Remarks 7 (d)(v) ‧見備註/See Remarks 7 (e)(iii) ‧見備註/See Remarks 7 (f)(i),
2018-08-30,2018-09-11,,第5座 (5A) Tower 5 (5A),53,B,,36700800,,‧價單第7號 (A2)付款辦法 Payment Plan (A2) of Price List No.7 見備註/See Remarks 7 (c)(i) ‧見備註/See Remarks 7 (c)(iii) ‧見備註/See Remarks 7 (c)(iv) ‧見備註/See Remarks 7 (c)(v) ‧見備註/See Remarks 7 (e)(vi) ‧見備註/See Remarks 7 (d)(v) ‧見備註/See Remarks 7 (e)(iii) ‧見備註/See Remarks 7 (f)(i),
2018-08-30,2018-09-11,,第5座 (5A) Tower 5 (5A),51,B,,36246400,,‧價單第7號 (A2)付款辦法 Payment Plan (A2) of Price List No.7 見備註/See Remarks 7 (c)(i) ‧見備註/See Remarks 7 (c)(iii) ‧見備註/See Remarks 7 (c)(iv) ‧見備註/See Remarks 7 (c)(v) ‧見備註/See Remarks 7 (e)(vi) ‧見備註/See Remarks 7 (d)(v) ‧見備註/See Remarks 7 (e)(iii) ‧見備註/See Remarks 7 (f)(i),
2018-08-30,2018-09-11,,第5座 (5A) Tower 5 (5A),49,B,,35868000,,‧價單第7號 (A2)付款辦法 Payment Plan (A2) of Price List No.7 見備註/See Remarks 7 (c)(i) ‧見備註/See Remarks 7 (c)(iii) ‧見備註/See Remarks 7 (c)(iv) ‧見備註/See Remarks 7 (c)(v) ‧見備註/See Remarks 7 (e)(vi) ‧見備註/See Remarks 7 (d)(v) ‧見備註/See Remarks 7 (e)(iii) ‧見備註/See Remarks 7 (f)(i),
2018-08-30,2018-09-11,,第5座 (5A) Tower 5 (5A),47,B,,35584000,,‧價單第7號 (A2)付款辦法 Payment Plan (A2) of Price List No.7 見備註/See Remarks 7 (c)(i) ‧見備註/See Remarks 7 (c)(iii) ‧見備註/See Remarks 7 (c)(iv) ‧見備註/See Remarks 7 (c)(v) ‧見備註/See Remarks 7 (e)(vi) ‧見備註/See Remarks 7 (d)(v) ‧見備註/See Remarks 7 (e)(iii) ‧見備註/See Remarks 7 (f)(i),
2018-08-30,2018-09-11,,第5座 (5A) Tower 5 (5A),45,B,,38830000,,‧價單第7號 (B2)付款辦法 Payment Plan (B2) of Price List No.7 見備註/See Remarks 7 (c)(ii) ‧見備註/See Remarks 7 (c)(iii) ‧見備註/See Remarks 7 (d)(iii) ‧見備註/See Remarks 7 (c)(v) ‧見備註/See Remarks 7 (e)(v) ‧見備註/See Remarks 7 (e)(vi) ‧見備註/See Remarks 7 (e)(iii) ‧見備註/See Remarks 7 (f)(i),
2018-08-30,2018-09-11,2020-04-17,第5座 (5A) Tower 5 (5A),42,B,,35895500,,‧價單第7號 (B2)付款辦法 Payment Plan (B2) of Price List No.7 見備註/See Remarks 7 (c)(ii) ‧見備註/See Remarks 7 (c)(iii) ‧見備註/See Remarks 7 (c)(iv) ‧見備註/See Remarks 7 (c)(v) ‧見備註/See Remarks 7 (e)(v) ‧見備註/See Remarks 7 (e)(vi) ‧見備註/See Remarks 7 (d)(ii) ‧見備註/See Remarks 7 (e)(iii) ‧見備註/See Remarks 7 (f)(i),
2018-08-30,2018-09-11,,第5座 (5A) Tower 5 (5A),56,C,,34062400,,‧價單第7號 (A2)付款辦法 Payment Plan (A2) of Price List No.7 見備註/See Remarks 7 (c)(i) ‧見備註/See Remarks 7 (c)(iii) ‧見備註/See Remarks 7 (c)(iv) ‧見備註/See Remarks 7 (c)(v) ‧見備註/See Remarks 7 (e)(vi) ‧見備註/See Remarks 7 (d)(v) ‧見備註/See Remarks 7 (e)(iii) ‧見備註/See Remarks 7 (f)(i),
2018-08-30,2018-09-11,,第5座 (5A) Tower 5 (5A),53,C,,33572800,,‧價單第7號 (A2)付款辦法 Payment Plan (A2) of Price List No.7 見備註/See Remarks 7 (c)(i) ‧見備註/See Remarks 7 (c)(iii) ‧見備註/See Remarks 7 (c)(iv) ‧見備註/See Remarks 7 (c)(v) ‧見備註/See Remarks 7 (e)(vi) ‧見備註/See Remarks 7 (d)(v) ‧見備註/See Remarks 7 (e)(iii) ‧見備註/See Remarks 7 (f)(i),
2018-08-30,2018-09-11,,第5座 (5A) Tower 5 (5A),51,C,,33156800,,‧價單第7號 (A2)付款辦法 Payment Plan (A2) of Price List No.7 見備註/See Remarks 7 (c)(i) ‧見備註/See Remarks 7 (c)(iii) ‧見備註/See Remarks 7 (c)(iv) ‧見備註/See Remarks 7 (c)(v) ‧見備註/See Remarks 7 (e)(vi) ‧見備註/See Remarks 7 (d)(v) ‧見備註/See Remarks 7 (e)(iii) ‧見備註/See Remarks 7 (f)(i),
2018-08-31,2018-09-12,,第5座 (5A) Tower 5 (5A),33,C,,31884800,,‧價單第6號 (B2)付款辦法 Payment Plan (B2) of Price List No.6 見備註/See Remarks 7 (c)(ii) ‧見備註/See Remarks 7 (c)(iii) ‧見備註/See Remarks 7 (c)(iv) ‧見備註/See Remarks 7 (c)(v) ‧見備註/See Remarks 7 (e)(v) ‧見備註/See Remarks 7 (e)(vi) ‧見備註/See Remarks 7 (d)(ii) ‧見備註/See Remarks 7 (e)(iii),
2018-09-01,2018-09-12,,第5座 (5A) Tower 5 (5A),47,C,,32552000,,‧價單第7號 (A2)付款辦法 Payment Plan (A2) of Price List No.7 見備註/See Remarks 7 (c)(i) ‧見備註/See Remarks 7 (c)(iii) ‧見備註/See Remarks 7 (c)(iv) ‧見備註/See Remarks 7 (c)(v) ‧見備註/See Remarks 7 (e)(vi) ‧見備註/See Remarks 7 (d)(v) ‧見備註/See Remarks 7 (e)(iii) ‧見備註/See Remarks 7 (f)(i),
2018-09-01,,,第5座 (5A) Tower 5 (5A),28,C,,31384600,,‧價單第6號 (B2)付款辦法 Payment Plan (B2) of Price List No.6 見備註/See Remarks 7 (c)(ii) ‧見備註/See Remarks 7 (c)(iii) ‧見備註/See Remarks 7 (c)(iv) ‧見備註/See Remarks 7 (c)(v) ‧見備註/See Remarks 7 (e)(v) ‧見備註/See Remarks 7 (e)(vi) ‧見備註/See Remarks 7 (d)(ii) ‧見備註/See Remarks 7 (e)(iii),
2018-09-02,2018-09-12,,第3座 (3A) Tower 3 (3A),56,B,,43710100,,‧價單第4C號 (B2)付款辦法 Payment Plan (B2) of Price List No.4C 見備註/See Remarks 7 (c)(ii) ‧見備註/See Remarks 7 (c)(iii) ‧見備註/See Remarks 7 (c)(iv) ‧見備註/See Remarks 7 (c)(v) ‧見備註/See Remarks 7 (e)(v) ‧見備註/See Remarks 7 (e)(vi) ‧見備註/See Remarks 7 (d)(ii) ‧見備註/See Remarks 7 (e)(iii) ‧見備註/See Remarks 7 (f)(i),
2018-09-02,2018-09-12,,第3座 (3A) Tower 3 (3A),53,B,,42462000,,‧價單第4C號 (B2)付款辦法 Payment Plan (B2) of Price List No.4C 見備註/See Remarks 7 (c)(ii) ‧見備註/See Remarks 7 (c)(iii) ‧見備註/See Remarks 7 (c)(iv) ‧見備註/See Remarks 7 (c)(v) ‧見備註/See Remarks 7 (e)(v) ‧見備註/See Remarks 7 (e)(vi) ‧見備註/See Remarks 7 (d)(ii) ‧見備註/See Remarks 7 (e)(iii) ‧見備註/See Remarks 7 (f)(i),
2018-09-02,2018-09-12,,第3座 (3A) Tower 3 (3A),51,B,,41382100,,‧價單第3C號 (B2)付款辦法 Payment Plan (B2) of Price List No.3C 見備註/See Remarks 7 (c)(ii) ‧見備註/See Remarks 7 (c)(iii) ‧見備註/See Remarks 7 (c)(iv) ‧見備註/See Remarks 7 (c)(v) ‧見備註/See Remarks 7 (e)(v) ‧見備註/See Remarks 7 (e)(vi) ‧見備註/See Remarks 7 (d)(ii) ‧見備註/See Remarks 7 (e)(iii) ‧見備註/See Remarks 7 (f)(i),
2018-09-02,2018-09-12,,第3座 (3A) Tower 3 (3A),49,B,,39538400,,‧價單第3C號 (A2)付款辦法 Payment Plan (A2) of Price List No.3C 見備註/See Remarks 7 (c)(i) ‧見備註/See Remarks 7 (c)(iii) ‧見備註/See Remarks 7 (c)(iv) ‧見備註/See Remarks 7 (c)(v) ‧見備註/See Remarks 7 (e)(vi) ‧見備註/See Remarks 7 (d)(v) ‧見備註/See Remarks 7 (e)(iii) ‧見備註/See Remarks 7 (f)(i),
2018-09-02,2018-09-12,,第3座 (3A) Tower 3 (3A),41,B,,37828800,,‧價單第4C號 (A2)付款辦法 Payment Plan (A2) of Price List No.4C 見備註/See Remarks 7 (c)(i) ‧見備註/See Remarks 7 (c)(iii) ‧見備註/See Remarks 7 (c)(iv) ‧見備註/See Remarks 7 (c)(v) ‧見備註/See Remarks 7 (e)(vi) ‧見備註/See Remarks 7 (d)(v) ‧見備註/See Remarks 7 (e)(iii),
2018-09-02,2018-09-12,,第3座 (3A) Tower 3 (3A),39,B,,37046400,,‧價單第4C號 (A2)付款辦法 Payment Plan (A2) of Price List No.4C 見備註/See Remarks 7 (c)(i) ‧見備註/See Remarks 7 (c)(iii) ‧見備註/See Remarks 7 (c)(iv) ‧見備註/See Remarks 7 (c)(v) ‧見備註/See Remarks 7 (e)(vi) ‧見備註/See Remarks 7 (d)(v) ‧見備註/See Remarks 7 (e)(iii),
2018-09-02,2018-09-12,,第3座 (3A) Tower 3 (3A),25,B,,40097800,,‧價單第4C號 (C2)付款辦法 Payment Plan (C2) of Price List No.4C 見備註/See Remarks 7 (c)(vi) ‧見備註/See Remarks 7 (d)(vi) ‧見備註/See Remarks 7 (c)(iv) ‧見備註/See Remarks 7 (c)(v) ‧見備註/See Remarks 7 (e)(v) ‧見備註/See Remarks 7 (e)(vi) ‧見備註/See Remarks 7 (d)(ii) ‧見備註/See Remarks 7 (e)(iii),
2018-09-02,2018-09-12,,第3座 (3A) Tower 3 (3A),22,B,,35001700,"在29-10-2018，基於法例第35(2)(b)條所容許的原因 ，售價調整為$34,148,000。 On 29-10-2018, the price adjusted to $34,148,000 due to the reason allowed under section 35(2)(b) of the Ordinance.",‧價單第4C號 (B2)付款辦法 Payment Plan (B2) of Price List No.4C 見備註/See Remarks 7 (c)(ii) ‧見備註/See Remarks 7 (c)(iii) ‧見備註/See Remarks 7 (c)(iv) ‧見備註/See Remarks 7 (c)(v) ‧見備註/See Remarks 7 (e)(v) ‧見備註/See Remarks 7 (e)(vi) ‧見備註/See Remarks 7 (d)(ii) ‧見備註/See Remarks 7 (e)(iii) ‧價單第4C號 (A2)付款辦法 Payment Plan (A2) of Price List No.4C 見備註/See Remarks 7 (c)(i) ‧見備註/See Remarks 7 (c)(iii) ‧見備註/See Remarks 7 (c)(iv) ‧見備註/See Remarks 7 (c)(v) ‧見備註/See Remarks 7 (e)(vi) ‧見備註/See Remarks 7 (d)(v) ‧見備註/See Remarks 7 (e)(iii) ‧(在29-10-2018修訂) (revised on 29-10-2018),
2018-09-02,2018-09-12,,第3座 (3A) Tower 3 (3A),20,B,,37188800,,‧價單第4C號 (B2)付款辦法 Payment Plan (B2) of Price List No.4C 見備註/See Remarks 7 (c)(ii) ‧見備註/See Remarks 7 (c)(iii) ‧見備註/See Remarks 7 (d)(iii) ‧見備註/See Remarks 7 (c)(v) ‧見備註/See Remarks 7 (e)(v) ‧見備註/See Remarks 7 (e)(vi) ‧見備註/See Remarks 7 (e)(iii),
2018-09-02,2018-09-12,,第3座 (3A) Tower 3 (3A),10,B,,39672200,,‧價單第1B號 (C2)付款辦法 Payment Plan (C2) of Price List No.1B 見備註/See Remarks 7 (c)(vi) ‧見備註/See Remarks 7 (d)(vi) ‧見備註/See Remarks 7 (d)(iii) ‧見備註/See Remarks 7 (c)(v) ‧見備註/See Remarks 7 (e)(v) ‧見備註/See Remarks 7 (e)(vi) ‧見備註/See Remarks 7 (e)(iii),
2018-09-02,2018-09-12,,第3座 (3A) Tower 3 (3A),8,B,,31930400,,‧價單第1B號 (A2)付款辦法 Payment Plan (A2) of Price List No.1B 見備註/See Remarks 7 (c)(i) ‧見備註/See Remarks 7 (c)(iii) ‧見備註/See Remarks 7 (c)(iv) ‧見備註/See Remarks 7 (c)(v) ‧見備註/See Remarks 7 (e)(vi) ‧見備註/See Remarks 7 (d)(v) ‧見備註/See Remarks 7 (e)(iii),
2018-09-02,,,第3座 (3A) Tower 3 (3A),6,B,,30484800,,‧價單第1B號 (A2)付款辦法 Payment Plan (A2) of Price List No.1B 見備註/See Remarks 7 (c)(i) ‧見備註/See Remarks 7 (c)(iii) ‧見備註/See Remarks 7 (c)(iv) ‧見備註/See Remarks 7 (c)(v) ‧見備註/See Remarks 7 (e)(vi) ‧見備註/See Remarks 7 (d)(v) ‧見備註/See Remarks 7 (e)(iii),
2018-09-02,2018-09-12,,第3座 (3A) Tower 3 (3A),53,D,,16363200,,‧價單第7號 (A2)付款辦法 Payment Plan (A2) of Price List No.7 見備註/See Remarks 7 (c)(i) ‧見備註/See Remarks 7 (c)(iii) ‧見備註/See Remarks 7 (c)(iv) ‧見備註/See Remarks 7 (c)(v) ‧見備註/See Remarks 7 (e)(vi) ‧見備註/See Remarks 7 (d)(v) ‧見備註/See Remarks 7 (e)(iii) ‧見備註/See Remarks 7 (f)(ii) ‧見備註/See Remarks 7 (e)(iv),
2018-09-02,2018-09-12,,第3座 (3A) Tower 3 (3A),49,D,,15919200,,‧價單第7號 (A2)付款辦法 Payment Plan (A2) of Price List No.7 見備註/See Remarks 7 (c)(i) ‧見備註/See Remarks 7 (c)(iii) ‧見備註/See Remarks 7 (c)(iv) ‧見備註/See Remarks 7 (c)(v) ‧見備註/See Remarks 7 (e)(vi) ‧見備註/See Remarks 7 (d)(v) ‧見備註/See Remarks 7 (e)(iii) ‧見備註/See Remarks 7 (f)(ii) ‧見備註/See Remarks 7 (e)(iv),
2018-09-02,2018-09-12,,第3座 (3A) Tower 3 (3A),45,D,,16007200,,‧價單第7號 (B2)付款辦法 Payment Plan (B2) of Price List No.7 見備註/See Remarks 7 (c)(ii) ‧見備註/See Remarks 7 (c)(iii) ‧見備註/See Remarks 7 (c)(iv) ‧見備註/See Remarks 7 (c)(v) ‧見備註/See Remarks 7 (e)(v) ‧見備註/See Remarks 7 (e)(vi) ‧見備註/See Remarks 7 (d)(ii) ‧見備註/See Remarks 7 (e)(iii) ‧見備註/See Remarks 7 (f)(ii) ‧見備註/See Remarks 7 (e)(iv),
2018-09-02,2018-09-12,,第3座 (3A) Tower 3 (3A),40,D,,15703800,,‧價單第7號 (B2)付款辦法 Payment Plan (B2) of Price List No.7 見備註/See Remarks 7 (c)(ii) ‧見備註/See Remarks 7 (c)(iii) ‧見備註/See Remarks 7 (c)(iv) ‧見備註/See Remarks 7 (c)(v) ‧見備註/See Remarks 7 (e)(v) ‧見備註/See Remarks 7 (e)(vi) ‧見備註/See Remarks 7 (d)(ii) ‧見備註/See Remarks 7 (e)(iii) ‧見備註/See Remarks 7 (f)(ii) ‧見備註/See Remarks 7 (e)(iv),
2018-09-02,2018-09-12,,第3座 (3A) Tower 3 (3A),36,D,,15433200,,‧價單第7號 (B2)付款辦法 Payment Plan (B2) of Price List No.7 見備註/See Remarks 7 (c)(ii) ‧見備註/See Remarks 7 (c)(iii) ‧見備註/See Remarks 7 (c)(iv) ‧見備註/See Remarks 7 (c)(v) ‧見備註/See Remarks 7 (e)(v) ‧見備註/See Remarks 7 (e)(vi) ‧見備註/See Remarks 7 (d)(ii) ‧見備註/See Remarks 7 (e)(iii) ‧見備註/See Remarks 7 (f)(ii) ‧見備註/See Remarks 7 (e)(iv),
2018-09-02,2018-09-12,,第3座 (3A) Tower 3 (3A),20,D,,14190400,,‧價單第7號 (A2)付款辦法 Payment Plan (A2) of Price List No.7 見備註/See Remarks 7 (c)(i) ‧見備註/See Remarks 7 (c)(iii) ‧見備註/See Remarks 7 (c)(iv) ‧見備註/See Remarks 7 (c)(v) ‧見備註/See Remarks 7 (e)(vi) ‧見備註/See Remarks 7 (d)(v) ‧見備註/See Remarks 7 (e)(iii) ‧見備註/See Remarks 7 (f)(ii) ‧見備註/See Remarks 7 (e)(iv),
2018-09-02,2018-09-12,,第3座 (3A) Tower 3 (3A),16,D,,15361200,,‧價單第7號 (B2)付款辦法 Payment Plan (B2) of Price List No.7 見備註/See Remarks 7 (c)(ii) ‧見備註/See Remarks 7 (c)(iii) ‧見備註/See Remarks 7 (d)(iii) ‧見備註/See Remarks 7 (c)(v) ‧見備註/See Remarks 7 (e)(v) ‧見備註/See Remarks 7 (e)(vi) ‧見備註/See Remarks 7 (e)(iii) ‧見備註/See Remarks 7 (f)(ii) ‧見備註/See Remarks 7 (e)(iv),
2018-09-02,2018-09-12,,第3座 (3A) Tower 3 (3A),10,D,,13742400,,‧價單第7號 (A2)付款辦法 Payment Plan (A2) of Price List No.7 見備註/See Remarks 7 (c)(i) ‧見備註/See Remarks 7 (c)(iii) ‧見備註/See Remarks 7 (c)(iv) ‧見備註/See Remarks 7 (c)(v) ‧見備註/See Remarks 7 (e)(vi) ‧見備註/See Remarks 7 (d)(v) ‧見備註/See Remarks 7 (e)(iii) ‧見備註/See Remarks 7 (f)(ii) ‧見備註/See Remarks 7 (e)(iv),
2018-09-02,2018-09-12,2022-01-28,第3座 (3A) Tower 3 (3A),6,D,,14608000,,‧價單第7號 (B2)付款辦法 Payment Plan (B2) of Price List No.7 見備註/See Remarks 7 (c)(ii) ‧見備註/See Remarks 7 (c)(iii) ‧見備註/See Remarks 7 (d)(iii) ‧見備註/See Remarks 7 (c)(v) ‧見備註/See Remarks 7 (e)(v) ‧見備註/See Remarks 7 (e)(vi) ‧見備註/See Remarks 7 (e)(iii) ‧見備註/See Remarks 7 (f)(ii) ‧見備註/See Remarks 7 (e)(iv),
2018-09-02,2018-09-12,,第5座 (5B) Tower 5 (5B),56,C,,9696800,,‧價單第7號 (A2)付款辦法 Payment Plan (A2) of Price List No.7 見備註/See Remarks 7 (c)(i) ‧見備註/See Remarks 7 (c)(iii) ‧見備註/See Remarks 7 (c)(iv) ‧見備註/See Remarks 7 (c)(v) ‧見備註/See Remarks 7 (e)(vi) ‧見備註/See Remarks 7 (d)(v) ‧見備註/See Remarks 7 (e)(iii) ‧見備註/See Remarks 7 (f)(ii) ‧見備註/See Remarks 7 (e)(iv),
2018-09-02,2018-09-12,,第5座 (5B) Tower 5 (5B),55,C,,9639200,,‧價單第7號 (A2)付款辦法 Payment Plan (A2) of Price List No.7 見備註/See Remarks 7 (c)(i) ‧見備註/See Remarks 7 (c)(iii) ‧見備註/See Remarks 7 (c)(iv) ‧見備註/See Remarks 7 (c)(v) ‧見備註/See Remarks 7 (e)(vi) ‧見備註/See Remarks 7 (d)(v) ‧見備註/See Remarks 7 (e)(iii) ‧見備註/See Remarks 7 (f)(ii) ‧見備註/See Remarks 7 (e)(iv),
2018-09-02,2018-09-12,,第5座 (5B) Tower 5 (5B),53,C,,9824400,,‧價單第7號 (B2)付款辦法 Payment Plan (B2) of Price List No.7 見備註/See Remarks 7 (c)(ii) ‧見備註/See Remarks 7 (c)(iii) ‧見備註/See Remarks 7 (c)(iv) ‧見備註/See Remarks 7 (c)(v) ‧見備註/See Remarks 7 (e)(v) ‧見備註/See Remarks 7 (e)(vi) ‧見備註/See Remarks 7 (d)(ii) ‧見備註/See Remarks 7 (e)(iii) ‧見備註/See Remarks 7 (f)(ii) ‧見備註/See Remarks 7 (e)(iv),
2018-09-02,2018-09-12,,第5座 (5B) Tower 5 (5B),52,C,,9535200,,‧價單第7號 (A2)付款辦法 Payment Plan (A2) of Price List No.7 見備註/See Remarks 7 (c)(i) ‧見備註/See Remarks 7 (c)(iii) ‧見備註/See Remarks 7 (c)(iv) ‧見備註/See Remarks 7 (c)(v) ‧見備註/See Remarks 7 (e)(vi) ‧見備註/See Remarks 7 (d)(v) ‧見備註/See Remarks 7 (e)(iii) ‧見備註/See Remarks 7 (f)(ii) ‧見備註/See Remarks 7 (e)(iv),
2018-09-02,2018-09-12,,第5座 (5B) Tower 5 (5B),51,C,,9490400,,‧價單第7號 (A2)付款辦法 Payment Plan (A2) of Price List No.7 見備註/See Remarks 7 (c)(i) ‧見備註/See Remarks 7 (c)(iii) ‧見備註/See Remarks 7 (c)(iv) ‧見備註/See Remarks 7 (c)(v) ‧見備註/See Remarks 7 (e)(vi) ‧見備註/See Remarks 7 (d)(v) ‧見備註/See Remarks 7 (e)(iii) ‧見備註/See Remarks 7 (f)(ii) ‧見備註/See Remarks 7 (e)(iv),
2018-09-02,2018-09-12,,第5座 (5B) Tower 5 (5B),50,C,,9448800,,‧價單第7號 (A2)付款辦法 Payment Plan (A2) of Price List No.7 見備註/See Remarks 7 (c)(i) ‧見備註/See Remarks 7 (c)(iii) ‧見備註/See Remarks 7 (c)(iv) ‧見備註/See Remarks 7 (c)(v) ‧見備註/See Remarks 7 (e)(vi) ‧見備註/See Remarks 7 (d)(v) ‧見備註/See Remarks 7 (e)(iii) ‧見備註/See Remarks 7 (f)(ii) ‧見備註/See Remarks 7 (e)(iv),
2018-09-02,2018-09-12,,第5座 (5B) Tower 5 (5B),49,C,,9646400,,‧價單第7號 (B2)付款辦法 Payment Plan (B2) of Price List No.7 見備註/See Remarks 7 (c)(ii) ‧見備註/See Remarks 7 (c)(iii) ‧見備註/See Remarks 7 (c)(iv) ‧見備註/See Remarks 7 (c)(v) ‧見備註/See Remarks 7 (e)(v) ‧見備註/See Remarks 7 (e)(vi) ‧見備註/See Remarks 7 (d)(ii) ‧見備註/See Remarks 7 (e)(iii) ‧見備註/See Remarks 7 (f)(ii) ‧見備註/See Remarks 7 (e)(iv),
2018-09-02,2018-09-12,,第5座 (5B) Tower 5 (5B),48,C,,9411200,,‧價單第7號 (A2)付款辦法 Payment Plan (A2) of Price List No.7 見備註/See Remarks 7 (c)(i) ‧見備註/See Remarks 7 (c)(iii) ‧見備註/See Remarks 7 (c)(iv) ‧見備註/See Remarks 7 (c)(v) ‧見備註/See Remarks 7 (e)(vi) ‧見備註/See Remarks 7 (d)(v) ‧見備註/See Remarks 7 (e)(iii) ‧見備註/See Remarks 7 (f)(ii) ‧見備註/See Remarks 7 (e)(iv),
2018-09-02,2018-09-12,,第5座 (5B) Tower 5 (5B),47,C,,9351200,,‧價單第7號 (A2)付款辦法 Payment Plan (A2) of Price List No.7 見備註/See Remarks 7 (c)(i) ‧見備註/See Remarks 7 (c)(iii) ‧見備註/See Remarks 7 (c)(iv) ‧見備註/See Remarks 7 (c)(v) ‧見備註/See Remarks 7 (e)(vi) ‧見備註/See Remarks 7 (d)(v) ‧見備註/See Remarks 7 (e)(iii) ‧見備註/See Remarks 7 (f)(ii) ‧見備註/See Remarks 7 (e)(iv),
2018-09-02,2018-09-12,,第5座 (5B) Tower 5 (5B),46,C,,9320800,,‧價單第7號 (A2)付款辦法 Payment Plan (A2) of Price List No.7 見備註/See Remarks 7 (c)(i) ‧見備註/See Remarks 7 (c)(iii) ‧見備註/See Remarks 7 (c)(iv) ‧見備註/See Remarks 7 (c)(v) ‧見備註/See Remarks 7 (e)(vi) ‧見備註/See Remarks 7 (d)(v) ‧見備註/See Remarks 7 (e)(iii) ‧見備註/See Remarks 7 (f)(ii) ‧見備註/See Remarks 7 (e)(iv),
2018-09-02,2018-09-12,,第5座 (5B) Tower 5 (5B),45,C,,9291200,,‧價單第7號 (A2)付款辦法 Payment Plan (A2) of Price List No.7 見備註/See Remarks 7 (c)(i) ‧見備註/See Remarks 7 (c)(iii) ‧見備註/See Remarks 7 (c)(iv) ‧見備註/See Remarks 7 (c)(v) ‧見備註/See Remarks 7 (e)(vi) ‧見備註/See Remarks 7 (d)(v) ‧見備註/See Remarks 7 (e)(iii) ‧見備註/See Remarks 7 (f)(ii) ‧見備註/See Remarks 7 (e)(iv),
2018-09-02,2018-09-12,,第5座 (5B) Tower 5 (5B),43,C,,9493900,,‧價單第7號 (B2)付款辦法 Payment Plan (B2) of Price List No.7 見備註/See Remarks 7 (c)(ii) ‧見備註/See Remarks 7 (c)(iii) ‧見備註/See Remarks 7 (c)(iv) ‧見備註/See Remarks 7 (c)(v) ‧見備註/See Remarks 7 (e)(v) ‧見備註/See Remarks 7 (e)(vi) ‧見備註/See Remarks 7 (d)(ii) ‧見備註/See Remarks 7 (e)(iii) ‧見備註/See Remarks 7 (f)(ii) ‧見備註/See Remarks 7 (e)(iv),
2018-09-02,2018-09-12,,第5座 (5B) Tower 5 (5B),42,C,,9232000,,‧價單第7號 (A2)付款辦法 Payment Plan (A2) of Price List No.7 見備註/See Remarks 7 (c)(i) ‧見備註/See Remarks 7 (c)(iii) ‧見備註/See Remarks 7 (c)(iv) ‧見備註/See Remarks 7 (c)(v) ‧見備註/See Remarks 7 (e)(vi) ‧見備註/See Remarks 7 (d)(v) ‧見備註/See Remarks 7 (e)(iii) ‧見備註/See Remarks 7 (f)(ii) ‧見備註/See Remarks 7 (e)(iv),
2018-09-02,2018-09-12,,第5座 (5B) Tower 5 (5B),41,C,,9203200,,‧價單第7號 (A2)付款辦法 Payment Plan (A2) of Price List No.7 見備註/See Remarks 7 (c)(i) ‧見備註/See Remarks 7 (c)(iii) ‧見備註/See Remarks 7 (c)(iv) ‧見備註/See Remarks 7 (c)(v) ‧見備註/See Remarks 7 (e)(vi) ‧見備註/See Remarks 7 (d)(v) ‧見備註/See Remarks 7 (e)(iii) ‧見備註/See Remarks 7 (f)(ii) ‧見備註/See Remarks 7 (e)(iv),
2018-09-02,2018-09-12,,第5座 (5B) Tower 5 (5B),40,C,,9172800,,‧價單第7號 (A2)付款辦法 Payment Plan (A2) of Price List No.7 見備註/See Remarks 7 (c)(i) ‧見備註/See Remarks 7 (c)(iii) ‧見備註/See Remarks 7 (c)(iv) ‧見備註/See Remarks 7 (c)(v) ‧見備註/See Remarks 7 (e)(vi) ‧見備註/See Remarks 7 (d)(v) ‧見備註/See Remarks 7 (e)(iii) ‧見備註/See Remarks 7 (f)(ii) ‧見備註/See Remarks 7 (e)(iv),
2018-09-02,2018-09-12,,第5座 (5B) Tower 5 (5B),39,C,,9144800,,‧價單第7號 (A2)付款辦法 Payment Plan (A2) of Price List No.7 見備註/See Remarks 7 (c)(i) ‧見備註/See Remarks 7 (c)(iii) ‧見備註/See Remarks 7 (c)(iv) ‧見備註/See Remarks 7 (c)(v) ‧見備註/See Remarks 7 (e)(vi) ‧見備註/See Remarks 7 (d)(v) ‧見備註/See Remarks 7 (e)(iii) ‧見備註/See Remarks 7 (f)(ii) ‧見備註/See Remarks 7 (e)(iv),
2018-09-02,2018-09-12,,第5座 (5B) Tower 5 (5B),38,C,,9144800,,‧價單第7號 (A2)付款辦法 Payment Plan (A2) of Price List No.7 見備註/See Remarks 7 (c)(i) ‧見備註/See Remarks 7 (c)(iii) ‧見備註/See Remarks 7 (c)(iv) ‧見備註/See Remarks 7 (c)(v) ‧見備註/See Remarks 7 (e)(vi) ‧見備註/See Remarks 7 (d)(v) ‧見備註/See Remarks 7 (e)(iii) ‧見備註/See Remarks 7 (f)(ii) ‧見備註/See Remarks 7 (e)(iv),
2018-09-02,2018-09-12,,第5座 (5B) Tower 5 (5B),37,C,,9092800,,‧價單第7號 (A2)付款辦法 Payment Plan (A2) of Price List No.7 見備註/See Remarks 7 (c)(i) ‧見備註/See Remarks 7 (c)(iii) ‧見備註/See Remarks 7 (c)(iv) ‧見備註/See Remarks 7 (c)(v) ‧見備註/See Remarks 7 (e)(vi) ‧見備註/See Remarks 7 (d)(v) ‧見備註/See Remarks 7 (e)(iii) ‧見備註/See Remarks 7 (f)(ii) ‧見備註/See Remarks 7 (e)(iv),
2018-09-02,2018-09-12,,第5座 (5B) Tower 5 (5B),36,C,,9293800,,‧價單第7號 (B2)付款辦法 Payment Plan (B2) of Price List No.7 見備註/See Remarks 7 (c)(ii) ‧見備註/See Remarks 7 (c)(iii) ‧見備註/See Remarks 7 (c)(iv) ‧見備註/See Remarks 7 (c)(v) ‧見備註/See Remarks 7 (e)(v) ‧見備註/See Remarks 7 (e)(vi) ‧見備註/See Remarks 7 (d)(ii) ‧見備註/See Remarks 7 (e)(iii) ‧見備註/See Remarks 7 (f)(ii) ‧見備註/See Remarks 7 (e)(iv),
2018-09-02,2018-09-12,,第5座 (5B) Tower 5 (5B),35,C,,10285700,,‧價單第7號 (A2)付款辦法 Payment Plan (A2) of Price List No.7 見備註/See Remarks 7 (c)(i) ‧見備註/See Remarks 7 (d)(i) ‧見備註/See Remarks 7 (c)(iv) ‧見備註/See Remarks 7 (c)(v) ‧見備註/See Remarks 7 (e)(vi) ‧見備註/See Remarks 7 (d)(v) ‧見備註/See Remarks 7 (e)(iii) ‧見備註/See Remarks 7 (f)(ii) ‧見備註/See Remarks 7 (e)(iv),
2018-09-02,2018-09-12,,第5座 (5B) Tower 5 (5B),33,C,,9018400,,‧價單第7號 (A2)付款辦法 Payment Plan (A2) of Price List No.7 見備註/See Remarks 7 (c)(i) ‧見備註/See Remarks 7 (c)(iii) ‧見備註/See Remarks 7 (c)(iv) ‧見備註/See Remarks 7 (c)(v) ‧見備註/See Remarks 7 (e)(vi) ‧見備註/See Remarks 7 (d)(v) ‧見備註/See Remarks 7 (e)(iii) ‧見備註/See Remarks 7 (f)(ii) ‧見備註/See Remarks 7 (e)(iv),
2018-09-02,2018-09-12,,第5座 (5B) Tower 5 (5B),32,C,,8980000,,‧價單第7號 (A2)付款辦法 Payment Plan (A2) of Price List No.7 見備註/See Remarks 7 (c)(i) ‧見備註/See Remarks 7 (c)(iii) ‧見備註/See Remarks 7 (c)(iv) ‧見備註/See Remarks 7 (c)(v) ‧見備註/See Remarks 7 (e)(vi) ‧見備註/See Remarks 7 (d)(v) ‧見備註/See Remarks 7 (e)(iii) ‧見備註/See Remarks 7 (f)(ii) ‧見備註/See Remarks 7 (e)(iv),
2018-09-02,2018-09-12,,第5座 (5B) Tower 5 (5B),31,C,,8942400,,‧價單第7號 (A2)付款辦法 Payment Plan (A2) of Price List No.7 見備註/See Remarks 7 (c)(i) ‧見備註/See Remarks 7 (c)(iii) ‧見備註/See Remarks 7 (c)(iv) ‧見備註/See Remarks 7 (c)(v) ‧見備註/See Remarks 7 (e)(vi) ‧見備註/See Remarks 7 (d)(v) ‧見備註/See Remarks 7 (e)(iii) ‧見備註/See Remarks 7 (f)(ii) ‧見備註/See Remarks 7 (e)(iv),
2018-09-02,2018-09-12,,第5座 (5B) Tower 5 (5B),30,C,,8904000,,‧價單第7號 (A2)付款辦法 Payment Plan (A2) of Price List No.7 見備註/See Remarks 7 (c)(i) ‧見備註/See Remarks 7 (c)(iii) ‧見備註/See Remarks 7 (c)(iv) ‧見備註/See Remarks 7 (c)(v) ‧見備註/See Remarks 7 (e)(vi) ‧見備註/See Remarks 7 (d)(v) ‧見備註/See Remarks 7 (e)(iii) ‧見備註/See Remarks 7 (f)(ii) ‧見備註/See Remarks 7 (e)(iv),
2018-09-02,2018-09-12,,第5座 (5B) Tower 5 (5B),28,C,,9126600,,‧價單第7號 (B2)付款辦法 Payment Plan (B2) of Price List No.7 見備註/See Remarks 7 (c)(ii) ‧見備註/See Remarks 7 (c)(iii) ‧見備註/See Remarks 7 (c)(iv) ‧見備註/See Remarks 7 (c)(v) ‧見備註/See Remarks 7 (e)(v) ‧見備註/See Remarks 7 (e)(vi) ‧見備註/See Remarks 7 (d)(ii) ‧見備註/See Remarks 7 (e)(iii) ‧見備註/See Remarks 7 (f)(ii) ‧見備註/See Remarks 7 (e)(iv),
2018-09-02,2018-09-12,,第5座 (5B) Tower 5 (5B),27,C,,8815200,,‧價單第7號 (A2)付款辦法 Payment Plan (A2) of Price List No.7 見備註/See Remarks 7 (c)(i) ‧見備註/See Remarks 7 (c)(iii) ‧見備註/See Remarks 7 (c)(iv) ‧見備註/See Remarks 7 (c)(v) ‧見備註/See Remarks 7 (e)(vi) ‧見備註/See Remarks 7 (d)(v) ‧見備註/See Remarks 7 (e)(iii) ‧見備註/See Remarks 7 (f)(ii) ‧見備註/See Remarks 7 (e)(iv),
2018-09-02,2018-09-12,,第5座 (5B) Tower 5 (5B),26,C,,8771200,,‧價單第7號 (A2)付款辦法 Payment Plan (A2) of Price List No.7 見備註/See Remarks 7 (c)(i) ‧見備註/See Remarks 7 (c)(iii) ‧見備註/See Remarks 7 (c)(iv) ‧見備註/See Remarks 7 (c)(v) ‧見備註/See Remarks 7 (e)(vi) ‧見備註/See Remarks 7 (d)(v) ‧見備註/See Remarks 7 (e)(iii) ‧見備註/See Remarks 7 (f)(ii) ‧見備註/See Remarks 7 (e)(iv),
2018-09-02,2018-09-12,,第5座 (5B) Tower 5 (5B),25,C,,8727200,,‧價單第7號 (A2)付款辦法 Payment Plan (A2) of Price List No.7 見備註/See Remarks 7 (c)(i) ‧見備註/See Remarks 7 (c)(iii) ‧見備註/See Remarks 7 (c)(iv) ‧見備註/See Remarks 7 (c)(v) ‧見備註/See Remarks 7 (e)(vi) ‧見備註/See Remarks 7 (d)(v) ‧見備註/See Remarks 7 (e)(iii) ‧見備註/See Remarks 7 (f)(ii) ‧見備註/See Remarks 7 (e)(iv),
2018-09-02,2018-09-12,,第5座 (5B) Tower 5 (5B),23,C,,8900200,"在09-11-2018，基於法例第35(2)(b)條所容許的原因 ，售價調整為$8,683,200。 On 09-11-2018, the price adjusted to $8,683,200 due to the reason allowed under section 35(2)(b) of the Ordinance.",‧價單第7號 (B2)付款辦法 Payment Plan (B2) of Price List No.7 見備註/See Remarks 7 (c)(ii) ‧見備註/See Remarks 7 (c)(iii) ‧見備註/See Remarks 7 (c)(iv) ‧見備註/See Remarks 7 (c)(v) ‧見備註/See Remarks 7 (e)(v) ‧見備註/See Remarks 7 (e)(vi) ‧見備註/See Remarks 7 (d)(ii) ‧見備註/See Remarks 7 (e)(iii) ‧見備註/See Remarks 7 (f)(ii) ‧見備註/See Remarks 7 (e)(iv),
2018-09-02,2018-09-12,,第5座 (5B) Tower 5 (5B),22,C,,8640000,,‧價單第7號 (A2)付款辦法 Payment Plan (A2) of Price List No.7 見備註/See Remarks 7 (c)(i) ‧見備註/See Remarks 7 (c)(iii) ‧見備註/See Remarks 7 (c)(iv) ‧見備註/See Remarks 7 (c)(v) ‧見備註/See Remarks 7 (e)(vi) ‧見備註/See Remarks 7 (d)(v) ‧見備註/See Remarks 7 (e)(iii) ‧見備註/See Remarks 7 (f)(ii) ‧見備註/See Remarks 7 (e)(iv),
2018-09-02,2018-09-12,,第5座 (5B) Tower 5 (5B),21,C,,8596800,,‧價單第7號 (A2)付款辦法 Payment Plan (A2) of Price List No.7 見備註/See Remarks 7 (c)(i) ‧見備註/See Remarks 7 (c)(iii) ‧見備註/See Remarks 7 (c)(iv) ‧見備註/See Remarks 7 (c)(v) ‧見備註/See Remarks 7 (e)(vi) ‧見備註/See Remarks 7 (d)(v) ‧見備註/See Remarks 7 (e)(iii) ‧見備註/See Remarks 7 (f)(ii) ‧見備註/See Remarks 7 (e)(iv),
2018-09-02,2018-09-12,,第5座 (5B) Tower 5 (5B),20,C,,8768200,,‧價單第7號 (B2)付款辦法 Payment Plan (B2) of Price List No.7 見備註/See Remarks 7 (c)(ii) ‧見備註/See Remarks 7 (c)(iii) ‧見備註/See Remarks 7 (c)(iv) ‧見備註/See Remarks 7 (c)(v) ‧見備註/See Remarks 7 (e)(v) ‧見備註/See Remarks 7 (e)(vi) ‧見備註/See Remarks 7 (d)(ii) ‧見備註/See Remarks 7 (e)(iii) ‧見備註/See Remarks 7 (f)(ii) ‧見備註/See Remarks 7 (e)(iv),
2018-09-02,2018-09-12,,第5座 (5B) Tower 5 (5B),19,C,,8519200,,‧價單第7號 (A2)付款辦法 Payment Plan (A2) of Price List No.7 見備註/See Remarks 7 (c)(i) ‧見備註/See Remarks 7 (c)(iii) ‧見備註/See Remarks 7 (c)(iv) ‧見備註/See Remarks 7 (c)(v) ‧見備註/See Remarks 7 (e)(vi) ‧見備註/See Remarks 7 (d)(v) ‧見備註/See Remarks 7 (e)(iii) ‧見備註/See Remarks 7 (f)(ii) ‧見備註/See Remarks 7 (e)(iv),
2018-09-02,2018-09-12,,第5座 (5B) Tower 5 (5B),18,C,,8519200,,‧價單第7號 (A2)付款辦法 Payment Plan (A2) of Price List No.7 見備註/See Remarks 7 (c)(i) ‧見備註/See Remarks 7 (c)(iii) ‧見備註/See Remarks 7 (c)(iv) ‧見備註/See Remarks 7 (c)(v) ‧見備註/See Remarks 7 (e)(vi) ‧見備註/See Remarks 7 (d)(v) ‧見備註/See Remarks 7 (e)(iii) ‧見備註/See Remarks 7 (f)(ii) ‧見備註/See Remarks 7 (e)(iv),
2018-09-02,2018-09-12,,第5座 (5B) Tower 5 (5B),17,C,,8663300,,‧價單第7號 (B2)付款辦法 Payment Plan (B2) of Price List No.7 見備註/See Remarks 7 (c)(ii) ‧見備註/See Remarks 7 (c)(iii) ‧見備註/See Remarks 7 (c)(iv) ‧見備註/See Remarks 7 (c)(v) ‧見備註/See Remarks 7 (e)(v) ‧見備註/See Remarks 7 (e)(vi) ‧見備註/See Remarks 7 (d)(ii) ‧見備註/See Remarks 7 (e)(iii) ‧見備註/See Remarks 7 (f)(ii) ‧見備註/See Remarks 7 (e)(iv),
2018-09-02,2018-09-12,,第5座 (5B) Tower 5 (5B),16,C,,9260200,,‧價單第7號 (B2)付款辦法 Payment Plan (B2) of Price List No.7 見備註/See Remarks 7 (c)(ii) ‧見備註/See Remarks 7 (c)(iii) ‧見備註/See Remarks 7 (d)(iii) ‧見備註/See Remarks 7 (c)(v) ‧見備註/See Remarks 7 (e)(v) ‧見備註/See Remarks 7 (e)(vi) ‧見備註/See Remarks 7 (e)(iii) ‧見備註/See Remarks 7 (f)(ii) ‧見備註/See Remarks 7 (e)(iv),
2018-09-02,2018-09-12,,第5座 (5B) Tower 5 (5B),15,C,,8384000,,‧價單第7號 (A2)付款辦法 Payment Plan (A2) of Price List No.7 見備註/See Remarks 7 (c)(i) ‧見備註/See Remarks 7 (c)(iii) ‧見備註/See Remarks 7 (c)(iv) ‧見備註/See Remarks 7 (c)(v) ‧見備註/See Remarks 7 (e)(vi) ‧見備註/See Remarks 7 (d)(v) ‧見備註/See Remarks 7 (e)(iii) ‧見備註/See Remarks 7 (f)(ii) ‧見備註/See Remarks 7 (e)(iv),
2018-09-02,2018-09-12,,第5座 (5B) Tower 5 (5B),12,C,,8351200,,‧價單第7號 (A2)付款辦法 Payment Plan (A2) of Price List No.7 見備註/See Remarks 7 (c)(i) ‧見備註/See Remarks 7 (c)(iii) ‧見備註/See Remarks 7 (c)(iv) ‧見備註/See Remarks 7 (c)(v) ‧見備註/See Remarks 7 (e)(vi) ‧見備註/See Remarks 7 (d)(v) ‧見備註/See Remarks 7 (e)(iii) ‧見備註/See Remarks 7 (f)(ii) ‧見備註/See Remarks 7 (e)(iv),
2018-09-02,2018-09-12,,第5座 (5B) Tower 5 (5B),11,C,,8316800,,‧價單第7號 (A2)付款辦法 Payment Plan (A2) of Price List No.7 見備註/See Remarks 7 (c)(i) ‧見備註/See Remarks 7 (c)(iii) ‧見備註/See Remarks 7 (c)(iv) ‧見備註/See Remarks 7 (c)(v) ‧見備註/See Remarks 7 (e)(vi) ‧見備註/See Remarks 7 (d)(v) ‧見備註/See Remarks 7 (e)(iii) ‧見備註/See Remarks 7 (f)(ii) ‧見備註/See Remarks 7 (e)(iv),
2018-09-02,2018-09-12,,第5座 (5B) Tower 5 (5B),10,C,,8284000,,‧價單第7號 (A2)付款辦法 Payment Plan (A2) of Price List No.7 見備註/See Remarks 7 (c)(i) ‧見備註/See Remarks 7 (c)(iii) ‧見備註/See Remarks 7 (c)(iv) ‧見備註/See Remarks 7 (c)(v) ‧見備註/See Remarks 7 (e)(vi) ‧見備註/See Remarks 7 (d)(v) ‧見備註/See Remarks 7 (e)(iii) ‧見備註/See Remarks 7 (f)(ii) ‧見備註/See Remarks 7 (e)(iv),
2018-09-02,2018-09-12,,第5座 (5B) Tower 5 (5B),9,C,,9592000,,‧價單第7號 (B2)付款辦法 Payment Plan (B2) of Price List No.7 見備註/See Remarks 7 (c)(ii) ‧見備註/See Remarks 7 (d)(i) ‧見備註/See Remarks 7 (c)(iv) ‧見備註/See Remarks 7 (c)(v) ‧見備註/See Remarks 7 (e)(v) ‧見備註/See Remarks 7 (e)(vi) ‧見備註/See Remarks 7 (d)(ii) ‧見備註/See Remarks 7 (e)(iii) ‧見備註/See Remarks 7 (f)(ii) ‧見備註/See Remarks 7 (e)(iv),
2018-09-02,2018-09-12,,第5座 (5B) Tower 5 (5B),8,C,,8251200,,‧價單第7號 (A2)付款辦法 Payment Plan (A2) of Price List No.7 見備註/See Remarks 7 (c)(i) ‧見備註/See Remarks 7 (c)(iii) ‧見備註/See Remarks 7 (c)(iv) ‧見備註/See Remarks 7 (c)(v) ‧見備註/See Remarks 7 (e)(vi) ‧見備註/See Remarks 7 (d)(v) ‧見備註/See Remarks 7 (e)(iii) ‧見備註/See Remarks 7 (f)(ii) ‧見備註/See Remarks 7 (e)(iv),
2018-09-02,2018-09-12,,第5座 (5B) Tower 5 (5B),7,C,,8086400,,‧價單第7號 (A2)付款辦法 Payment Plan (A2) of Price List No.7 見備註/See Remarks 7 (c)(i) ‧見備註/See Remarks 7 (c)(iii) ‧見備註/See Remarks 7 (c)(iv) ‧見備註/See Remarks 7 (c)(v) ‧見備註/See Remarks 7 (e)(vi) ‧見備註/See Remarks 7 (d)(v) ‧見備註/See Remarks 7 (e)(iii) ‧見備註/See Remarks 7 (f)(ii) ‧見備註/See Remarks 7 (e)(iv),
2018-09-02,2018-09-12,,第5座 (5B) Tower 5 (5B),6,C,,8204900,,‧價單第7號 (B2)付款辦法 Payment Plan (B2) of Price List No.7 見備註/See Remarks 7 (c)(ii) ‧見備註/See Remarks 7 (c)(iii) ‧見備註/See Remarks 7 (c)(iv) ‧見備註/See Remarks 7 (c)(v) ‧見備註/See Remarks 7 (e)(v) ‧見備註/See Remarks 7 (e)(vi) ‧見備註/See Remarks 7 (d)(ii) ‧見備註/See Remarks 7 (e)(iii) ‧見備註/See Remarks 7 (f)(ii) ‧見備註/See Remarks 7 (e)(iv),
2018-09-02,2018-09-12,,第5座 (5B) Tower 5 (5B),55,E,,7480000,,‧價單第7號 (A2)付款辦法 Payment Plan (A2) of Price List No.7 見備註/See Remarks 7 (c)(i) ‧見備註/See Remarks 7 (c)(iii) ‧見備註/See Remarks 7 (c)(iv) ‧見備註/See Remarks 7 (c)(v) ‧見備註/See Remarks 7 (e)(vi) ‧見備註/See Remarks 7 (d)(v) ‧見備註/See Remarks 7 (e)(iii) ‧見備註/See Remarks 7 (f)(ii) ‧見備註/See Remarks 7 (e)(iv),
2018-09-02,2018-09-12,,第5座 (5B) Tower 5 (5B),52,E,,7376800,,‧價單第7號 (A2)付款辦法 Payment Plan (A2) of Price List No.7 見備註/See Remarks 7 (c)(i) ‧見備註/See Remarks 7 (c)(iii) ‧見備註/See Remarks 7 (c)(iv) ‧見備註/See Remarks 7 (c)(v) ‧見備註/See Remarks 7 (e)(vi) ‧見備註/See Remarks 7 (d)(v) ‧見備註/See Remarks 7 (e)(iii) ‧見備註/See Remarks 7 (f)(ii) ‧見備註/See Remarks 7 (e)(iv),
2018-09-02,2018-09-12,,第5座 (5B) Tower 5 (5B),50,E,,7284800,,‧價單第7號 (A2)付款辦法 Payment Plan (A2) of Price List No.7 見備註/See Remarks 7 (c)(i) ‧見備註/See Remarks 7 (c)(iii) ‧見備註/See Remarks 7 (c)(iv) ‧見備註/See Remarks 7 (c)(v) ‧見備註/See Remarks 7 (e)(vi) ‧見備註/See Remarks 7 (d)(v) ‧見備註/See Remarks 7 (e)(iii) ‧見備註/See Remarks 7 (f)(ii) ‧見備註/See Remarks 7 (e)(iv),
2018-09-02,2018-09-12,,第5座 (5B) Tower 5 (5B),48,E,,7423400,,‧價單第7號 (B2)付款辦法 Payment Plan (B2) of Price List No.7 見備註/See Remarks 7 (c)(ii) ‧見備註/See Remarks 7 (c)(iii) ‧見備註/See Remarks 7 (c)(iv) ‧見備註/See Remarks 7 (c)(v) ‧見備註/See Remarks 7 (e)(v) ‧見備註/See Remarks 7 (e)(vi) ‧見備註/See Remarks 7 (d)(ii) ‧見備註/See Remarks 7 (e)(iii) ‧見備註/See Remarks 7 (f)(ii) ‧見備註/See Remarks 7 (e)(iv),
2018-09-02,2018-09-12,,第5座 (5B) Tower 5 (5B),46,E,,7152000,,‧價單第7號 (A2)付款辦法 Payment Plan (A2) of Price List No.7 見備註/See Remarks 7 (c)(i) ‧見備註/See Remarks 7 (c)(iii) ‧見備註/See Remarks 7 (c)(iv) ‧見備註/See Remarks 7 (c)(v) ‧見備註/See Remarks 7 (e)(vi) ‧見備註/See Remarks 7 (d)(v) ‧見備註/See Remarks 7 (e)(iii) ‧見備註/See Remarks 7 (f)(ii) ‧見備註/See Remarks 7 (e)(iv),(cid:214)
2018-09-02,2018-09-12,,第5座 (5B) Tower 5 (5B),43,E,,7801200,,‧價單第7號 (B2)付款辦法 Payment Plan (B2) of Price List No.7 見備註/See Remarks 7 (c)(ii) ‧見備註/See Remarks 7 (c)(iii) ‧見備註/See Remarks 7 (d)(iii) ‧見備註/See Remarks 7 (c)(v) ‧見備註/See Remarks 7 (e)(v) ‧見備註/See Remarks 7 (e)(vi) ‧見備註/See Remarks 7 (e)(iii) ‧見備註/See Remarks 7 (f)(ii) ‧見備註/See Remarks 7 (e)(iv),
2018-09-02,2018-09-12,,第5座 (5B) Tower 5 (5B),41,E,,7032800,,‧價單第7號 (A2)付款辦法 Payment Plan (A2) of Price List No.7 見備註/See Remarks 7 (c)(i) ‧見備註/See Remarks 7 (c)(iii) ‧見備註/See Remarks 7 (c)(iv) ‧見備註/See Remarks 7 (c)(v) ‧見備註/See Remarks 7 (e)(vi) ‧見備註/See Remarks 7 (d)(v) ‧見備註/See Remarks 7 (e)(iii) ‧見備註/See Remarks 7 (f)(ii) ‧見備註/See Remarks 7 (e)(iv),
2018-09-02,2018-09-12,,第5座 (5B) Tower 5 (5B),39,E,,6974400,,‧價單第7號 (A2)付款辦法 Payment Plan (A2) of Price List No.7 見備註/See Remarks 7 (c)(i) ‧見備註/See Remarks 7 (c)(iii) ‧見備註/See Remarks 7 (c)(iv) ‧見備註/See Remarks 7 (c)(v) ‧見備註/See Remarks 7 (e)(vi) ‧見備註/See Remarks 7 (d)(v) ‧見備註/See Remarks 7 (e)(iii) ‧見備註/See Remarks 7 (f)(ii) ‧見備註/See Remarks 7 (e)(iv),
2018-09-02,2018-09-12,,第5座 (5B) Tower 5 (5B),37,E,,6932000,,‧價單第7號 (A2)付款辦法 Payment Plan (A2) of Price List No.7 見備註/See Remarks 7 (c)(i) ‧見備註/See Remarks 7 (c)(iii) ‧見備註/See Remarks 7 (c)(iv) ‧見備註/See Remarks 7 (c)(v) ‧見備註/See Remarks 7 (e)(vi) ‧見備註/See Remarks 7 (d)(v) ‧見備註/See Remarks 7 (e)(iii) ‧見備註/See Remarks 7 (f)(ii) ‧見備註/See Remarks 7 (e)(iv),
2018-09-02,2018-09-12,,第5座 (5B) Tower 5 (5B),35,E,,7063400,,‧價單第7號 (B2)付款辦法 Payment Plan (B2) of Price List No.7 見備註/See Remarks 7 (c)(ii) ‧見備註/See Remarks 7 (c)(iii) ‧見備註/See Remarks 7 (c)(iv) ‧見備註/See Remarks 7 (c)(v) ‧見備註/See Remarks 7 (e)(v) ‧見備註/See Remarks 7 (e)(vi) ‧見備註/See Remarks 7 (d)(ii) ‧見備註/See Remarks 7 (e)(iii) ‧見備註/See Remarks 7 (f)(ii) ‧見備註/See Remarks 7 (e)(iv),
2018-09-02,2018-09-12,,第5座 (5B) Tower 5 (5B),32,E,,7021600,,‧價單第7號 (B2)付款辦法 Payment Plan (B2) of Price List No.7 見備註/See Remarks 7 (c)(ii) ‧見備註/See Remarks 7 (c)(iii) ‧見備註/See Remarks 7 (c)(iv) ‧見備註/See Remarks 7 (c)(v) ‧見備註/See Remarks 7 (e)(v) ‧見備註/See Remarks 7 (e)(vi) ‧見備註/See Remarks 7 (d)(ii) ‧見備註/See Remarks 7 (e)(iii) ‧見備註/See Remarks 7 (f)(ii) ‧見備註/See Remarks 7 (e)(iv),
2018-09-02,2018-09-12,,第5座 (5B) Tower 5 (5B),30,E,,6978200,,‧價單第7號 (B2)付款辦法 Payment Plan (B2) of Price List No.7 見備註/See Remarks 7 (c)(ii) ‧見備註/See Remarks 7 (c)(iii) ‧見備註/See Remarks 7 (c)(iv) ‧見備註/See Remarks 7 (c)(v) ‧見備註/See Remarks 7 (e)(v) ‧見備註/See Remarks 7 (e)(vi) ‧見備註/See Remarks 7 (d)(ii) ‧見備註/See Remarks 7 (e)(iii) ‧見備註/See Remarks 7 (f)(ii) ‧見備註/See Remarks 7 (e)(iv),
2018-09-02,2018-09-12,,第5座 (5B) Tower 5 (5B),28,E,,7488800,,‧價單第7號 (B2)付款辦法 Payment Plan (B2) of Price List No.7 見備註/See Remarks 7 (c)(ii) ‧見備註/See Remarks 7 (c)(iii) ‧見備註/See Remarks 7 (d)(iii) ‧見備註/See Remarks 7 (c)(v) ‧見備註/See Remarks 7 (e)(v) ‧見備註/See Remarks 7 (e)(vi) ‧見備註/See Remarks 7 (e)(iii) ‧見備註/See Remarks 7 (f)(ii) ‧見備註/See Remarks 7 (e)(iv),
2018-09-02,2018-09-12,,第5座 (5B) Tower 5 (5B),27,E,,6740800,,‧價單第7號 (A2)付款辦法 Payment Plan (A2) of Price List No.7 見備註/See Remarks 7 (c)(i) ‧見備註/See Remarks 7 (c)(iii) ‧見備註/See Remarks 7 (c)(iv) ‧見備註/See Remarks 7 (c)(v) ‧見備註/See Remarks 7 (e)(vi) ‧見備註/See Remarks 7 (d)(v) ‧見備註/See Remarks 7 (e)(iii) ‧見備註/See Remarks 7 (f)(ii) ‧見備註/See Remarks 7 (e)(iv),
2018-09-02,2018-09-12,,第5座 (5B) Tower 5 (5B),25,E,,6672800,,‧價單第7號 (A2)付款辦法 Payment Plan (A2) of Price List No.7 見備註/See Remarks 7 (c)(i) ‧見備註/See Remarks 7 (c)(iii) ‧見備註/See Remarks 7 (c)(iv) ‧見備註/See Remarks 7 (c)(v) ‧見備註/See Remarks 7 (e)(vi) ‧見備註/See Remarks 7 (d)(v) ‧見備註/See Remarks 7 (e)(iii) ‧見備註/See Remarks 7 (f)(ii) ‧見備註/See Remarks 7 (e)(iv),
2018-09-02,2018-09-12,,第5座 (5B) Tower 5 (5B),21,E,,6574400,,‧價單第7號 (A2)付款辦法 Payment Plan (A2) of Price List No.7 見備註/See Remarks 7 (c)(i) ‧見備註/See Remarks 7 (c)(iii) ‧見備註/See Remarks 7 (c)(iv) ‧見備註/See Remarks 7 (c)(v) ‧見備註/See Remarks 7 (e)(vi) ‧見備註/See Remarks 7 (d)(v) ‧見備註/See Remarks 7 (e)(iii) ‧見備註/See Remarks 7 (f)(ii) ‧見備註/See Remarks 7 (e)(iv),
2018-09-02,2018-09-12,,第5座 (5B) Tower 5 (5B),17,E,,6475200,,‧價單第7號 (A2)付款辦法 Payment Plan (A2) of Price List No.7 見備註/See Remarks 7 (c)(i) ‧見備註/See Remarks 7 (c)(iii) ‧見備註/See Remarks 7 (c)(iv) ‧見備註/See Remarks 7 (c)(v) ‧見備註/See Remarks 7 (e)(vi) ‧見備註/See Remarks 7 (d)(v) ‧見備註/See Remarks 7 (e)(iii) ‧見備註/See Remarks 7 (f)(ii) ‧見備註/See Remarks 7 (e)(iv),
2018-09-02,2018-09-12,,第5座 (5B) Tower 5 (5B),11,E,,6448800,,‧價單第7號 (A2)付款辦法 Payment Plan (A2) of Price List No.7 見備註/See Remarks 7 (c)(i) ‧見備註/See Remarks 7 (c)(iii) ‧見備註/See Remarks 7 (c)(iv) ‧見備註/See Remarks 7 (c)(v) ‧見備註/See Remarks 7 (e)(vi) ‧見備註/See Remarks 7 (d)(v) ‧見備註/See Remarks 7 (e)(iii) ‧見備註/See Remarks 7 (f)(ii) ‧見備註/See Remarks 7 (e)(iv),
2018-09-02,2018-09-12,,第5座 (5B) Tower 5 (5B),7,E,,6424000,,‧價單第7號 (A2)付款辦法 Payment Plan (A2) of Price List No.7 見備註/See Remarks 7 (c)(i) ‧見備註/See Remarks 7 (c)(iii) ‧見備註/See Remarks 7 (c)(iv) ‧見備註/See Remarks 7 (c)(v) ‧見備註/See Remarks 7 (e)(vi) ‧見備註/See Remarks 7 (d)(v) ‧見備註/See Remarks 7 (e)(iii) ‧見備註/See Remarks 7 (f)(ii) ‧見備註/See Remarks 7 (e)(iv),
2018-09-02,2018-09-12,,第5座 (5B) Tower 5 (5B),55,J,,8768000,,‧價單第7號 (A2)付款辦法 Payment Plan (A2) of Price List No.7 見備註/See Remarks 7 (c)(i) ‧見備註/See Remarks 7 (c)(iii) ‧見備註/See Remarks 7 (c)(iv) ‧見備註/See Remarks 7 (c)(v) ‧見備註/See Remarks 7 (e)(vi) ‧見備註/See Remarks 7 (d)(v) ‧見備註/See Remarks 7 (e)(iii) ‧見備註/See Remarks 7 (f)(ii) ‧見備註/See Remarks 7 (e)(iv),
2018-09-02,2018-09-12,,第5座 (5B) Tower 5 (5B),52,J,,8648000,,‧價單第7號 (A2)付款辦法 Payment Plan (A2) of Price List No.7 見備註/See Remarks 7 (c)(i) ‧見備註/See Remarks 7 (c)(iii) ‧見備註/See Remarks 7 (c)(iv) ‧見備註/See Remarks 7 (c)(v) ‧見備註/See Remarks 7 (e)(vi) ‧見備註/See Remarks 7 (d)(v) ‧見備註/See Remarks 7 (e)(iii) ‧見備註/See Remarks 7 (f)(ii) ‧見備註/See Remarks 7 (e)(iv),
2018-09-02,2018-09-12,,第5座 (5B) Tower 5 (5B),50,J,,8540000,,‧價單第7號 (A2)付款辦法 Payment Plan (A2) of Price List No.7 見備註/See Remarks 7 (c)(i) ‧見備註/See Remarks 7 (c)(iii) ‧見備註/See Remarks 7 (c)(iv) ‧見備註/See Remarks 7 (c)(v) ‧見備註/See Remarks 7 (e)(vi) ‧見備註/See Remarks 7 (d)(v) ‧見備註/See Remarks 7 (e)(iii) ‧見備註/See Remarks 7 (f)(ii) ‧見備註/See Remarks 7 (e)(iv),
2018-09-02,2018-09-12,,第5座 (5B) Tower 5 (5B),48,J,,8490400,,‧價單第7號 (A2)付款辦法 Payment Plan (A2) of Price List No.7 見備註/See Remarks 7 (c)(i) ‧見備註/See Remarks 7 (c)(iii) ‧見備註/See Remarks 7 (c)(iv) ‧見備註/See Remarks 7 (c)(v) ‧見備註/See Remarks 7 (e)(vi) ‧見備註/See Remarks 7 (d)(v) ‧見備註/See Remarks 7 (e)(iii) ‧見備註/See Remarks 7 (f)(ii) ‧見備註/See Remarks 7 (e)(iv),
2018-09-02,2018-09-12,,第5座 (5B) Tower 5 (5B),46,J,,8383200,,‧價單第7號 (A2)付款辦法 Payment Plan (A2) of Price List No.7 見備註/See Remarks 7 (c)(i) ‧見備註/See Remarks 7 (c)(iii) ‧見備註/See Remarks 7 (c)(iv) ‧見備註/See Remarks 7 (c)(v) ‧見備註/See Remarks 7 (e)(vi) ‧見備註/See Remarks 7 (d)(v) ‧見備註/See Remarks 7 (e)(iii) ‧見備註/See Remarks 7 (f)(ii) ‧見備註/See Remarks 7 (e)(iv),
2018-09-02,2018-09-12,,第5座 (5B) Tower 5 (5B),43,J,,9144000,,‧價單第7號 (B2)付款辦法 Payment Plan (B2) of Price List No.7 見備註/See Remarks 7 (c)(ii) ‧見備註/See Remarks 7 (c)(iii) ‧見備註/See Remarks 7 (d)(iii) ‧見備註/See Remarks 7 (c)(v) ‧見備註/See Remarks 7 (e)(v) ‧見備註/See Remarks 7 (e)(vi) ‧見備註/See Remarks 7 (e)(iii) ‧見備註/See Remarks 7 (f)(ii) ‧見備註/See Remarks 7 (e)(iv),
2018-09-02,2018-09-12,,第5座 (5B) Tower 5 (5B),41,J,,8244000,,‧價單第7號 (A2)付款辦法 Payment Plan (A2) of Price List No.7 見備註/See Remarks 7 (c)(i) ‧見備註/See Remarks 7 (c)(iii) ‧見備註/See Remarks 7 (c)(iv) ‧見備註/See Remarks 7 (c)(v) ‧見備註/See Remarks 7 (e)(vi) ‧見備註/See Remarks 7 (d)(v) ‧見備註/See Remarks 7 (e)(iii) ‧見備註/See Remarks 7 (f)(ii) ‧見備註/See Remarks 7 (e)(iv),
2018-09-02,2018-09-12,,第5座 (5B) Tower 5 (5B),39,J,,8175200,,‧價單第7號 (A2)付款辦法 Payment Plan (A2) of Price List No.7 見備註/See Remarks 7 (c)(i) ‧見備註/See Remarks 7 (c)(iii) ‧見備註/See Remarks 7 (c)(iv) ‧見備註/See Remarks 7 (c)(v) ‧見備註/See Remarks 7 (e)(vi) ‧見備註/See Remarks 7 (d)(v) ‧見備註/See Remarks 7 (e)(iii) ‧見備註/See Remarks 7 (f)(ii) ‧見備註/See Remarks 7 (e)(iv),
2018-09-02,2018-09-12,,第5座 (5B) Tower 5 (5B),37,J,,8127200,,‧價單第7號 (A2)付款辦法 Payment Plan (A2) of Price List No.7 見備註/See Remarks 7 (c)(i) ‧見備註/See Remarks 7 (c)(iii) ‧見備註/See Remarks 7 (c)(iv) ‧見備註/See Remarks 7 (c)(v) ‧見備註/See Remarks 7 (e)(vi) ‧見備註/See Remarks 7 (d)(v) ‧見備註/See Remarks 7 (e)(iii) ‧見備註/See Remarks 7 (f)(ii) ‧見備註/See Remarks 7 (e)(iv),
2018-09-02,2018-09-12,,第5座 (5B) Tower 5 (5B),35,J,,9391100,,‧價單第7號 (C2)付款辦法 Payment Plan (C2) of Price List No.7 見備註/See Remarks 7 (c)(vi) ‧見備註/See Remarks 7 (d)(vi) ‧見備註/See Remarks 7 (c)(iv) ‧見備註/See Remarks 7 (c)(v) ‧見備註/See Remarks 7 (e)(v) ‧見備註/See Remarks 7 (e)(vi) ‧見備註/See Remarks 7 (d)(ii) ‧見備註/See Remarks 7 (e)(iii) ‧見備註/See Remarks 7 (f)(ii) ‧見備註/See Remarks 7 (e)(iv),
2018-09-02,2018-09-12,,第5座 (5B) Tower 5 (5B),32,J,,8030400,,‧價單第7號 (A2)付款辦法 Payment Plan (A2) of Price List No.7 見備註/See Remarks 7 (c)(i) ‧見備註/See Remarks 7 (c)(iii) ‧見備註/See Remarks 7 (c)(iv) ‧見備註/See Remarks 7 (c)(v) ‧見備註/See Remarks 7 (e)(vi) ‧見備註/See Remarks 7 (d)(v) ‧見備註/See Remarks 7 (e)(iii) ‧見備註/See Remarks 7 (f)(ii) ‧見備註/See Remarks 7 (e)(iv),
2018-09-02,2018-09-12,,第5座 (5B) Tower 5 (5B),31,J,,8204900,,‧價單第7號 (B2)付款辦法 Payment Plan (B2) of Price List No.7 見備註/See Remarks 7 (c)(ii) ‧見備註/See Remarks 7 (c)(iii) ‧見備註/See Remarks 7 (c)(iv) ‧見備註/See Remarks 7 (c)(v) ‧見備註/See Remarks 7 (e)(v) ‧見備註/See Remarks 7 (e)(vi) ‧見備註/See Remarks 7 (d)(ii) ‧見備註/See Remarks 7 (e)(iii) ‧見備註/See Remarks 7 (f)(ii) ‧見備註/See Remarks 7 (e)(iv),
2018-09-02,2018-09-12,,第5座 (5B) Tower 5 (5B),30,J,,7982400,,‧價單第7號 (A2)付款辦法 Payment Plan (A2) of Price List No.7 見備註/See Remarks 7 (c)(i) ‧見備註/See Remarks 7 (c)(iii) ‧見備註/See Remarks 7 (c)(iv) ‧見備註/See Remarks 7 (c)(v) ‧見備註/See Remarks 7 (e)(vi) ‧見備註/See Remarks 7 (d)(v) ‧見備註/See Remarks 7 (e)(iii) ‧見備註/See Remarks 7 (f)(ii) ‧見備註/See Remarks 7 (e)(iv),
2018-09-02,2018-09-12,,第5座 (5B) Tower 5 (5B),28,J,,7982400,,‧價單第7號 (A2)付款辦法 Payment Plan (A2) of Price List No.7 見備註/See Remarks 7 (c)(i) ‧見備註/See Remarks 7 (c)(iii) ‧見備註/See Remarks 7 (c)(iv) ‧見備註/See Remarks 7 (c)(v) ‧見備註/See Remarks 7 (e)(vi) ‧見備註/See Remarks 7 (d)(v) ‧見備註/See Remarks 7 (e)(iii) ‧見備註/See Remarks 7 (f)(ii) ‧見備註/See Remarks 7 (e)(iv),
2018-09-02,2018-09-12,,第5座 (5B) Tower 5 (5B),27,J,,7902400,,‧價單第7號 (A2)付款辦法 Payment Plan (A2) of Price List No.7 見備註/See Remarks 7 (c)(i) ‧見備註/See Remarks 7 (c)(iii) ‧見備註/See Remarks 7 (c)(iv) ‧見備註/See Remarks 7 (c)(v) ‧見備註/See Remarks 7 (e)(vi) ‧見備註/See Remarks 7 (d)(v) ‧見備註/See Remarks 7 (e)(iii) ‧見備註/See Remarks 7 (f)(ii) ‧見備註/See Remarks 7 (e)(iv),
2018-09-02,2018-09-12,,第5座 (5B) Tower 5 (5B),25,J,,7823200,,‧價單第7號 (A2)付款辦法 Payment Plan (A2) of Price List No.7 見備註/See Remarks 7 (c)(i) ‧見備註/See Remarks 7 (c)(iii) ‧見備註/See Remarks 7 (c)(iv) ‧見備註/See Remarks 7 (c)(v) ‧見備註/See Remarks 7 (e)(vi) ‧見備註/See Remarks 7 (d)(v) ‧見備註/See Remarks 7 (e)(iii) ‧見備註/See Remarks 7 (f)(ii) ‧見備註/See Remarks 7 (e)(iv),
2018-09-02,2018-09-12,,第5座 (5B) Tower 5 (5B),22,J,,7938400,,‧價單第7號 (B2)付款辦法 Payment Plan (B2) of Price List No.7 見備註/See Remarks 7 (c)(ii) ‧見備註/See Remarks 7 (c)(iii) ‧見備註/See Remarks 7 (c)(iv) ‧見備註/See Remarks 7 (c)(v) ‧見備註/See Remarks 7 (e)(v) ‧見備註/See Remarks 7 (e)(vi) ‧見備註/See Remarks 7 (d)(ii) ‧見備註/See Remarks 7 (e)(iii) ‧見備註/See Remarks 7 (f)(ii) ‧見備註/See Remarks 7 (e)(iv),
2018-09-02,2018-09-12,,第5座 (5B) Tower 5 (5B),20,J,,7859700,,‧價單第7號 (B2)付款辦法 Payment Plan (B2) of Price List No.7 見備註/See Remarks 7 (c)(ii) ‧見備註/See Remarks 7 (c)(iii) ‧見備註/See Remarks 7 (c)(iv) ‧見備註/See Remarks 7 (c)(v) ‧見備註/See Remarks 7 (e)(v) ‧見備註/See Remarks 7 (e)(vi) ‧見備註/See Remarks 7 (d)(ii) ‧見備註/See Remarks 7 (e)(iii) ‧見備註/See Remarks 7 (f)(ii) ‧見備註/See Remarks 7 (e)(iv),
2018-09-02,2018-09-12,,第5座 (5B) Tower 5 (5B),18,J,,7630400,,‧價單第7號 (A2)付款辦法 Payment Plan (A2) of Price List No.7 見備註/See Remarks 7 (c)(i) ‧見備註/See Remarks 7 (c)(iii) ‧見備註/See Remarks 7 (c)(iv) ‧見備註/See Remarks 7 (c)(v) ‧見備註/See Remarks 7 (e)(vi) ‧見備註/See Remarks 7 (d)(v) ‧見備註/See Remarks 7 (e)(iii) ‧見備註/See Remarks 7 (f)(ii) ‧見備註/See Remarks 7 (e)(iv),
2018-09-02,2018-09-12,,第5座 (5B) Tower 5 (5B),16,J,,7583200,,‧價單第7號 (A2)付款辦法 Payment Plan (A2) of Price List No.7 見備註/See Remarks 7 (c)(i) ‧見備註/See Remarks 7 (c)(iii) ‧見備註/See Remarks 7 (c)(iv) ‧見備註/See Remarks 7 (c)(v) ‧見備註/See Remarks 7 (e)(vi) ‧見備註/See Remarks 7 (d)(v) ‧見備註/See Remarks 7 (e)(iii) ‧見備註/See Remarks 7 (f)(ii) ‧見備註/See Remarks 7 (e)(iv),
2018-09-02,2018-09-12,,第5座 (5B) Tower 5 (5B),12,J,,8798700,,‧價單第7號 (B2)付款辦法 Payment Plan (B2) of Price List No.7 見備註/See Remarks 7 (c)(ii) ‧見備註/See Remarks 7 (d)(i) ‧見備註/See Remarks 7 (c)(iv) ‧見備註/See Remarks 7 (c)(v) ‧見備註/See Remarks 7 (e)(v) ‧見備註/See Remarks 7 (e)(vi) ‧見備註/See Remarks 7 (d)(ii) ‧見備註/See Remarks 7 (e)(iii) ‧見備註/See Remarks 7 (f)(ii) ‧見備註/See Remarks 7 (e)(iv),
2018-09-02,2018-09-12,,第5座 (5B) Tower 5 (5B),10,J,,7741600,,‧價單第7號 (B2)付款辦法 Payment Plan (B2) of Price List No.7 見備註/See Remarks 7 (c)(ii) ‧見備註/See Remarks 7 (c)(iii) ‧見備註/See Remarks 7 (c)(iv) ‧見備註/See Remarks 7 (c)(v) ‧見備註/See Remarks 7 (e)(v) ‧見備註/See Remarks 7 (e)(vi) ‧見備註/See Remarks 7 (d)(ii) ‧見備註/See Remarks 7 (e)(iii) ‧見備註/See Remarks 7 (f)(ii) ‧見備註/See Remarks 7 (e)(iv),
2018-09-02,2018-09-12,,第5座 (5B) Tower 5 (5B),8,J,,7539200,,‧價單第7號 (A2)付款辦法 Payment Plan (A2) of Price List No.7 見備註/See Remarks 7 (c)(i) ‧見備註/See Remarks 7 (c)(iii) ‧見備註/See Remarks 7 (c)(iv) ‧見備註/See Remarks 7 (c)(v) ‧見備註/See Remarks 7 (e)(vi) ‧見備註/See Remarks 7 (d)(v) ‧見備註/See Remarks 7 (e)(iii) ‧見備註/See Remarks 7 (f)(ii) ‧見備註/See Remarks 7 (e)(iv),
2018-09-02,2018-09-12,,第5座 (5B) Tower 5 (5B),6,J,,7523200,,‧價單第7號 (A2)付款辦法 Payment Plan (A2) of Price List No.7 見備註/See Remarks 7 (c)(i) ‧見備註/See Remarks 7 (c)(iii) ‧見備註/See Remarks 7 (c)(iv) ‧見備註/See Remarks 7 (c)(v) ‧見備註/See Remarks 7 (e)(vi) ‧見備註/See Remarks 7 (d)(v) ‧見備註/See Remarks 7 (e)(iii) ‧見備註/See Remarks 7 (f)(ii) ‧見備註/See Remarks 7 (e)(iv),
2018-09-02,2018-09-12,,第5座 (5B) Tower 5 (5B),53,K,,14657500,,‧價單第7號 (B2)付款辦法 Payment Plan (B2) of Price List No.7 見備註/See Remarks 7 (c)(ii) ‧見備註/See Remarks 7 (c)(iii) ‧見備註/See Remarks 7 (c)(iv) ‧見備註/See Remarks 7 (c)(v) ‧見備註/See Remarks 7 (e)(v) ‧見備註/See Remarks 7 (e)(vi) ‧見備註/See Remarks 7 (d)(ii) ‧見備註/See Remarks 7 (e)(iii) ‧見備註/See Remarks 7 (f)(ii) ‧見備註/See Remarks 7 (e)(iv),
2018-09-02,2018-09-12,,第5座 (5B) Tower 5 (5B),49,K,,14039200,,‧價單第7號 (A2)付款辦法 Payment Plan (A2) of Price List No.7 見備註/See Remarks 7 (c)(i) ‧見備註/See Remarks 7 (c)(iii) ‧見備註/See Remarks 7 (c)(iv) ‧見備註/See Remarks 7 (c)(v) ‧見備註/See Remarks 7 (e)(vi) ‧見備註/See Remarks 7 (d)(v) ‧見備註/See Remarks 7 (e)(iii) ‧見備註/See Remarks 7 (f)(ii) ‧見備註/See Remarks 7 (e)(iv),
2018-09-02,2018-09-12,,第5座 (5B) Tower 5 (5B),45,K,,14207300,,‧價單第7號 (B2)付款辦法 Payment Plan (B2) of Price List No.7 見備註/See Remarks 7 (c)(ii) ‧見備註/See Remarks 7 (c)(iii) ‧見備註/See Remarks 7 (c)(iv) ‧見備註/See Remarks 7 (c)(v) ‧見備註/See Remarks 7 (e)(v) ‧見備註/See Remarks 7 (e)(vi) ‧見備註/See Remarks 7 (d)(ii) ‧見備註/See Remarks 7 (e)(iii) ‧見備註/See Remarks 7 (f)(ii) ‧見備註/See Remarks 7 (e)(iv),
2018-09-02,2018-09-12,,第5座 (5B) Tower 5 (5B),40,K,,13684800,,‧價單第7號 (A2)付款辦法 Payment Plan (A2) of Price List No.7 見備註/See Remarks 7 (c)(i) ‧見備註/See Remarks 7 (c)(iii) ‧見備註/See Remarks 7 (c)(iv) ‧見備註/See Remarks 7 (c)(v) ‧見備註/See Remarks 7 (e)(vi) ‧見備註/See Remarks 7 (d)(v) ‧見備註/See Remarks 7 (e)(iii) ‧見備註/See Remarks 7 (f)(ii) ‧見備註/See Remarks 7 (e)(iv),
2018-09-02,2018-09-12,,第5座 (5B) Tower 5 (5B),36,K,,13527200,,‧價單第7號 (A2)付款辦法 Payment Plan (A2) of Price List No.7 見備註/See Remarks 7 (c)(i) ‧見備註/See Remarks 7 (c)(iii) ‧見備註/See Remarks 7 (c)(iv) ‧見備註/See Remarks 7 (c)(v) ‧見備註/See Remarks 7 (e)(vi) ‧見備註/See Remarks 7 (d)(v) ‧見備註/See Remarks 7 (e)(iii) ‧見備註/See Remarks 7 (f)(ii) ‧見備註/See Remarks 7 (e)(iv),
2018-09-02,2018-09-12,,第5座 (5B) Tower 5 (5B),20,K,,12759200,,‧價單第7號 (A2)付款辦法 Payment Plan (A2) of Price List No.7 見備註/See Remarks 7 (c)(i) ‧見備註/See Remarks 7 (c)(iii) ‧見備註/See Remarks 7 (c)(iv) ‧見備註/See Remarks 7 (c)(v) ‧見備註/See Remarks 7 (e)(vi) ‧見備註/See Remarks 7 (d)(v) ‧見備註/See Remarks 7 (e)(iii) ‧見備註/See Remarks 7 (f)(ii) ‧見備註/See Remarks 7 (e)(iv),
2018-09-02,2018-09-12,,第5座 (5B) Tower 5 (5B),16,K,,15538000,,‧價單第7號 (C2)付款辦法 Payment Plan (C2) of Price List No.7 見備註/See Remarks 7 (c)(vi) ‧見備註/See Remarks 7 (d)(vi) ‧見備註/See Remarks 7 (d)(iii) ‧見備註/See Remarks 7 (c)(v) ‧見備註/See Remarks 7 (e)(v) ‧見備註/See Remarks 7 (e)(vi) ‧見備註/See Remarks 7 (e)(iii) ‧見備註/See Remarks 7 (f)(ii) ‧見備註/See Remarks 7 (e)(iv),
2018-09-02,2018-09-12,,第5座 (5B) Tower 5 (5B),10,K,,12356000,,‧價單第7號 (A2)付款辦法 Payment Plan (A2) of Price List No.7 見備註/See Remarks 7 (c)(i) ‧見備註/See Remarks 7 (c)(iii) ‧見備註/See Remarks 7 (c)(iv) ‧見備註/See Remarks 7 (c)(v) ‧見備註/See Remarks 7 (e)(vi) ‧見備註/See Remarks 7 (d)(v) ‧見備註/See Remarks 7 (e)(iii) ‧見備註/See Remarks 7 (f)(ii) ‧見備註/See Remarks 7 (e)(iv),
2018-09-02,2018-09-12,,第5座 (5B) Tower 5 (5B),6,K,,11939200,,‧價單第7號 (A2)付款辦法 Payment Plan (A2) of Price List No.7 見備註/See Remarks 7 (c)(i) ‧見備註/See Remarks 7 (c)(iii) ‧見備註/See Remarks 7 (c)(iv) ‧見備註/See Remarks 7 (c)(v) ‧見備註/See Remarks 7 (e)(vi) ‧見備註/See Remarks 7 (d)(v) ‧見備註/See Remarks 7 (e)(iii) ‧見備註/See Remarks 7 (f)(ii) ‧見備註/See Remarks 7 (e)(iv),
2018-09-09,2018-09-19,,第3座 (3A) Tower 3 (3A),52,A,,43004800,,‧價單第4D號 (A2)付款辦法 Payment Plan (A2) of Price List No.4D 見備註/See Remarks 7 (c)(i) ‧見備註/See Remarks 7 (c)(iii) ‧見備註/See Remarks 7 (c)(iv) ‧見備註/See Remarks 7 (c)(v) ‧見備註/See Remarks 7 (e)(vi) ‧見備註/See Remarks 7 (d)(v) ‧見備註/See Remarks 7 (e)(iii) ‧見備註/See Remarks 7 (f)(i),
2018-09-09,2018-09-19,2020-01-24,第3座 (3A) Tower 3 (3A),39,A,,38612000,,‧價單第4D號 (A2)付款辦法 Payment Plan (A2) of Price List No.4D 見備註/See Remarks 7 (c)(i) ‧見備註/See Remarks 7 (c)(iii) ‧見備註/See Remarks 7 (c)(iv) ‧見備註/See Remarks 7 (c)(v) ‧見備註/See Remarks 7 (e)(vi) ‧見備註/See Remarks 7 (d)(v) ‧見備註/See Remarks 7 (e)(iii),
2018-09-09,2018-09-19,,第3座 (3A) Tower 3 (3A),20,A,,36117700,,‧價單第4D號 (B2)付款辦法 Payment Plan (B2) of Price List No.4D 見備註/See Remarks 7 (c)(ii) ‧見備註/See Remarks 7 (c)(iii) ‧見備註/See Remarks 7 (c)(iv) ‧見備註/See Remarks 7 (c)(v) ‧見備註/See Remarks 7 (e)(v) ‧見備註/See Remarks 7 (e)(vi) ‧見備註/See Remarks 7 (d)(ii) ‧見備註/See Remarks 7 (e)(iii),
2018-09-09,2018-09-19,,第3座 (3A) Tower 3 (3A),55,B,,42014400,,‧價單第4D號 (A2)付款辦法 Payment Plan (A2) of Price List No.4D 見備註/See Remarks 7 (c)(i) ‧見備註/See Remarks 7 (c)(iii) ‧見備註/See Remarks 7 (c)(iv) ‧見備註/See Remarks 7 (c)(v) ‧見備註/See Remarks 7 (e)(vi) ‧見備註/See Remarks 7 (d)(v) ‧見備註/See Remarks 7 (e)(iii) ‧見備註/See Remarks 7 (f)(i),
2018-09-09,2018-09-19,,第3座 (3A) Tower 3 (3A),52,B,,40879200,,‧價單第4D號 (A2)付款辦法 Payment Plan (A2) of Price List No.4D 見備註/See Remarks 7 (c)(i) ‧見備註/See Remarks 7 (c)(iii) ‧見備註/See Remarks 7 (c)(iv) ‧見備註/See Remarks 7 (c)(v) ‧見備註/See Remarks 7 (e)(vi) ‧見備註/See Remarks 7 (d)(v) ‧見備註/See Remarks 7 (e)(iii) ‧見備註/See Remarks 7 (f)(i),
2018-09-09,2018-09-19,,第3座 (3A) Tower 3 (3A),50,B,,39932800,,‧價單第3C號 (A2)付款辦法 Payment Plan (A2) of Price List No.3C 見備註/See Remarks 7 (c)(i) ‧見備註/See Remarks 7 (c)(iii) ‧見備註/See Remarks 7 (c)(iv) ‧見備註/See Remarks 7 (c)(v) ‧見備註/See Remarks 7 (e)(vi) ‧見備註/See Remarks 7 (d)(v) ‧見備註/See Remarks 7 (e)(iii) ‧見備註/See Remarks 7 (f)(i),
2018-09-09,2018-09-19,,第3座 (3A) Tower 3 (3A),23,B,,37752800,,‧價單第4D號 (B2)付款辦法 Payment Plan (B2) of Price List No.4D 見備註/See Remarks 7 (c)(ii) ‧見備註/See Remarks 7 (c)(iii) ‧見備註/See Remarks 7 (d)(iii) ‧見備註/See Remarks 7 (c)(v) ‧見備註/See Remarks 7 (e)(v) ‧見備註/See Remarks 7 (e)(vi) ‧見備註/See Remarks 7 (e)(iii),
2018-09-09,2018-09-19,,第3座 (3A) Tower 3 (3A),21,B,,33978400,,‧價單第4D號 (A2)付款辦法 Payment Plan (A2) of Price List No.4D 見備註/See Remarks 7 (c)(i) ‧見備註/See Remarks 7 (c)(iii) ‧見備註/See Remarks 7 (c)(iv) ‧見備註/See Remarks 7 (c)(v) ‧見備註/See Remarks 7 (e)(vi) ‧見備註/See Remarks 7 (d)(v) ‧見備註/See Remarks 7 (e)(iii),
2018-09-09,2018-09-19,,第3座 (3A) Tower 3 (3A),9,B,,31930400,,‧價單第1B號 (A2)付款辦法 Payment Plan (A2) of Price List No.1B 見備註/See Remarks 7 (c)(i) ‧見備註/See Remarks 7 (c)(iii) ‧見備註/See Remarks 7 (c)(iv) ‧見備註/See Remarks 7 (c)(v) ‧見備註/See Remarks 7 (e)(vi) ‧見備註/See Remarks 7 (d)(v) ‧見備註/See Remarks 7 (e)(iii),
2018-09-09,2018-09-19,,第3座 (3A) Tower 3 (3A),7,B,,38722800,,‧價單第1B號 (C2)付款辦法 Payment Plan (C2) of Price List No.1B 見備註/See Remarks 7 (c)(vi) ‧見備註/See Remarks 7 (d)(vi) ‧見備註/See Remarks 7 (d)(iii) ‧見備註/See Remarks 7 (c)(v) ‧見備註/See Remarks 7 (e)(v) ‧見備註/See Remarks 7 (e)(vi) ‧見備註/See Remarks 7 (e)(iii),
2018-09-09,2018-09-19,,第3座 (3A) Tower 3 (3A),51,D,,17059200,,‧價單第8號 (A2)付款辦法 Payment Plan (A2) of Price List No.8 見備註/See Remarks 7 (c)(i) ‧見備註/See Remarks 7 (c)(iii) ‧見備註/See Remarks 7 (c)(iv) ‧見備註/See Remarks 7 (c)(v) ‧見備註/See Remarks 7 (e)(vi) ‧見備註/See Remarks 7 (d)(v) ‧見備註/See Remarks 7 (e)(iii) ‧見備註/See Remarks 7 (f)(ii) ‧見備註/See Remarks 7 (e)(iv),
2018-09-09,2018-09-19,,第3座 (3A) Tower 3 (3A),42,D,,16160800,,‧價單第8號 (A2)付款辦法 Payment Plan (A2) of Price List No.8 見備註/See Remarks 7 (c)(i) ‧見備註/See Remarks 7 (c)(iii) ‧見備註/See Remarks 7 (c)(iv) ‧見備註/See Remarks 7 (c)(v) ‧見備註/See Remarks 7 (e)(vi) ‧見備註/See Remarks 7 (d)(v) ‧見備註/See Remarks 7 (e)(iii) ‧見備註/See Remarks 7 (f)(ii) ‧見備註/See Remarks 7 (e)(iv),
2018-09-09,2018-09-19,,第3座 (3A) Tower 3 (3A),33,D,,15499200,,‧價單第8號 (A2)付款辦法 Payment Plan (A2) of Price List No.8 見備註/See Remarks 7 (c)(i) ‧見備註/See Remarks 7 (c)(iii) ‧見備註/See Remarks 7 (c)(iv) ‧見備註/See Remarks 7 (c)(v) ‧見備註/See Remarks 7 (e)(vi) ‧見備註/See Remarks 7 (d)(v) ‧見備註/See Remarks 7 (e)(iii) ‧見備註/See Remarks 7 (f)(ii) ‧見備註/See Remarks 7 (e)(iv),
2018-09-09,2018-09-19,,第3座 (3A) Tower 3 (3A),22,D,,14878400,,‧價單第8號 (A2)付款辦法 Payment Plan (A2) of Price List No.8 見備註/See Remarks 7 (c)(i) ‧見備註/See Remarks 7 (c)(iii) ‧見備註/See Remarks 7 (c)(iv) ‧見備註/See Remarks 7 (c)(v) ‧見備註/See Remarks 7 (e)(vi) ‧見備註/See Remarks 7 (d)(v) ‧見備註/See Remarks 7 (e)(iii) ‧見備註/See Remarks 7 (f)(ii) ‧見備註/See Remarks 7 (e)(iv),
2018-09-09,2018-09-19,,第3座 (3A) Tower 3 (3A),18,D,,17055200,,‧價單第8號 (B2)付款辦法 Payment Plan (B2) of Price List No.8 見備註/See Remarks 7 (c)(ii) ‧見備註/See Remarks 7 (d)(i) ‧見備註/See Remarks 7 (c)(iv) ‧見備註/See Remarks 7 (c)(v) ‧見備註/See Remarks 7 (e)(v) ‧見備註/See Remarks 7 (e)(vi) ‧見備註/See Remarks 7 (d)(ii) ‧見備註/See Remarks 7 (e)(iii) ‧見備註/See Remarks 7 (f)(ii) ‧見備註/See Remarks 7 (e)(iv),
2018-09-09,2018-09-19,,第3座 (3A) Tower 3 (3A),8,D,,14208000,,‧價單第8號 (A2)付款辦法 Payment Plan (A2) of Price List No.8 見備註/See Remarks 7 (c)(i) ‧見備註/See Remarks 7 (c)(iii) ‧見備註/See Remarks 7 (c)(iv) ‧見備註/See Remarks 7 (c)(v) ‧見備註/See Remarks 7 (e)(vi) ‧見備註/See Remarks 7 (d)(v) ‧見備註/See Remarks 7 (e)(iii) ‧見備註/See Remarks 7 (f)(ii) ‧見備註/See Remarks 7 (e)(iv),
2018-09-09,2018-09-19,,第5座 (5A) Tower 5 (5A),17,A,,43922000,"在19-12-2018，基於法例第35(2)(b)條所容許的原因 ，售價調整為$44,887,300。 On 19-12-2018, the price adjusted to $44,887,300 due to the reason allowed under section 35(2)(b) of the Ordinance.",‧價單第8號 (A2)付款辦法 Payment Plan (A2) of Price List No.8 見備註/See Remarks 7 (c)(i) ‧見備註/See Remarks 7 (d)(i) ‧見備註/See Remarks 7 (c)(iv) ‧見備註/See Remarks 7 (c)(v) ‧見備註/See Remarks 7 (e)(vi) ‧見備註/See Remarks 7 (d)(v) ‧見備註/See Remarks 7 (e)(iii) ‧見備註/See Remarks 7 (f)(i) ‧價單第8號 (B2)付款辦法 Payment Plan (B2) of Price List No.8 見備註/See Remarks 7 (c)(ii) ‧見備註/See Remarks 7 (d)(i) ‧見備註/See Remarks 7 (c)(iv) ‧見備註/See Remarks 7 (c)(v) ‧見備註/See Remarks 7 (e)(v) ‧見備註/See Remarks 7 (e)(vi) ‧見備註/See Remarks 7 (d)(ii) ‧見備註/See Remarks 7 (e)(iii) ‧見備註/See Remarks 7 (f)(i) ‧(在19-12-2018修訂) (revised on 19-12-2018),
2018-09-09,2018-09-19,,第5座 (5A) Tower 5 (5A),16,A,,44621400,,‧價單第8號 (C2)付款辦法 Payment Plan (C2) of Price List No.8 見備註/See Remarks 7 (c)(vi) ‧見備註/See Remarks 7 (d)(vi) ‧見備註/See Remarks 7 (c)(iv) ‧見備註/See Remarks 7 (c)(v) ‧見備註/See Remarks 7 (e)(v) ‧見備註/See Remarks 7 (e)(vi) ‧見備註/See Remarks 7 (d)(ii) ‧見備註/See Remarks 7 (e)(iii) ‧見備註/See Remarks 7 (f)(i),
2018-09-09,2018-09-19,,第5座 (5B) Tower 5 (5B),55,A,,10642700,,‧價單第8號 (B2)付款辦法 Payment Plan (B2) of Price List No.8 見備註/See Remarks 7 (c)(ii) ‧見備註/See Remarks 7 (c)(iii) ‧見備註/See Remarks 7 (c)(iv) ‧見備註/See Remarks 7 (c)(v) ‧見備註/See Remarks 7 (e)(v) ‧見備註/See Remarks 7 (e)(vi) ‧見備註/See Remarks 7 (d)(ii) ‧見備註/See Remarks 7 (e)(iii) ‧見備註/See Remarks 7 (f)(ii) ‧見備註/See Remarks 7 (e)(iv),
2018-09-09,2018-09-19,,第5座 (5B) Tower 5 (5B),52,A,,11150400,,‧價單第8號 (B2)付款辦法 Payment Plan (B2) of Price List No.8 見備註/See Remarks 7 (c)(ii) ‧見備註/See Remarks 7 (c)(iii) ‧見備註/See Remarks 7 (d)(iii) ‧見備註/See Remarks 7 (c)(v) ‧見備註/See Remarks 7 (e)(v) ‧見備註/See Remarks 7 (e)(vi) ‧見備註/See Remarks 7 (e)(iii) ‧見備註/See Remarks 7 (f)(ii) ‧見備註/See Remarks 7 (e)(iv),
2018-09-09,2018-09-19,,第5座 (5B) Tower 5 (5B),50,A,,9978400,,‧價單第8號 (A2)付款辦法 Payment Plan (A2) of Price List No.8 見備註/See Remarks 7 (c)(i) ‧見備註/See Remarks 7 (c)(iii) ‧見備註/See Remarks 7 (c)(iv) ‧見備註/See Remarks 7 (c)(v) ‧見備註/See Remarks 7 (e)(vi) ‧見備註/See Remarks 7 (d)(v) ‧見備註/See Remarks 7 (e)(iii) ‧見備註/See Remarks 7 (f)(ii) ‧見備註/See Remarks 7 (e)(iv),
2018-09-09,2018-09-19,,第5座 (5B) Tower 5 (5B),48,A,,10186800,,‧價單第8號 (B2)付款辦法 Payment Plan (B2) of Price List No.8 見備註/See Remarks 7 (c)(ii) ‧見備註/See Remarks 7 (c)(iii) ‧見備註/See Remarks 7 (c)(iv) ‧見備註/See Remarks 7 (c)(v) ‧見備註/See Remarks 7 (e)(v) ‧見備註/See Remarks 7 (e)(vi) ‧見備註/See Remarks 7 (d)(ii) ‧見備註/See Remarks 7 (e)(iii) ‧見備註/See Remarks 7 (f)(ii) ‧見備註/See Remarks 7 (e)(iv),
2018-09-09,2018-09-19,,第5座 (5B) Tower 5 (5B),47,A,,9875200,,‧價單第8號 (A2)付款辦法 Payment Plan (A2) of Price List No.8 見備註/See Remarks 7 (c)(i) ‧見備註/See Remarks 7 (c)(iii) ‧見備註/See Remarks 7 (c)(iv) ‧見備註/See Remarks 7 (c)(v) ‧見備註/See Remarks 7 (e)(vi) ‧見備註/See Remarks 7 (d)(v) ‧見備註/See Remarks 7 (e)(iii) ‧見備註/See Remarks 7 (f)(ii) ‧見備註/See Remarks 7 (e)(iv),
2018-09-09,2018-09-19,,第5座 (5B) Tower 5 (5B),45,A,,10057300,,‧價單第8號 (B2)付款辦法 Payment Plan (B2) of Price List No.8 見備註/See Remarks 7 (c)(ii) ‧見備註/See Remarks 7 (c)(iii) ‧見備註/See Remarks 7 (c)(iv) ‧見備註/See Remarks 7 (c)(v) ‧見備註/See Remarks 7 (e)(v) ‧見備註/See Remarks 7 (e)(vi) ‧見備註/See Remarks 7 (d)(ii) ‧見備註/See Remarks 7 (e)(iii) ‧見備註/See Remarks 7 (f)(ii) ‧見備註/See Remarks 7 (e)(iv),
2018-09-09,2018-09-19,,第5座 (5B) Tower 5 (5B),43,A,,9780000,,‧價單第8號 (A2)付款辦法 Payment Plan (A2) of Price List No.8 見備註/See Remarks 7 (c)(i) ‧見備註/See Remarks 7 (c)(iii) ‧見備註/See Remarks 7 (c)(iv) ‧見備註/See Remarks 7 (c)(v) ‧見備註/See Remarks 7 (e)(vi) ‧見備註/See Remarks 7 (d)(v) ‧見備註/See Remarks 7 (e)(iii) ‧見備註/See Remarks 7 (f)(ii) ‧見備註/See Remarks 7 (e)(iv),
2018-09-09,2018-09-19,,第5座 (5B) Tower 5 (5B),42,A,,10723600,,‧價單第8號 (B2)付款辦法 Payment Plan (B2) of Price List No.8 見備註/See Remarks 7 (c)(ii) ‧見備註/See Remarks 7 (c)(iii) ‧見備註/See Remarks 7 (d)(iii) ‧見備註/See Remarks 7 (c)(v) ‧見備註/See Remarks 7 (e)(v) ‧見備註/See Remarks 7 (e)(vi) ‧見備註/See Remarks 7 (e)(iii) ‧見備註/See Remarks 7 (f)(ii) ‧見備註/See Remarks 7 (e)(iv),
2018-09-09,2018-09-19,,第5座 (5B) Tower 5 (5B),40,A,,9929300,,‧價單第8號 (B2)付款辦法 Payment Plan (B2) of Price List No.8 見備註/See Remarks 7 (c)(ii) ‧見備註/See Remarks 7 (c)(iii) ‧見備註/See Remarks 7 (c)(iv) ‧見備註/See Remarks 7 (c)(v) ‧見備註/See Remarks 7 (e)(v) ‧見備註/See Remarks 7 (e)(vi) ‧見備註/See Remarks 7 (d)(ii) ‧見備註/See Remarks 7 (e)(iii) ‧見備註/See Remarks 7 (f)(ii) ‧見備註/See Remarks 7 (e)(iv),
2018-09-09,2018-09-19,,第5座 (5B) Tower 5 (5B),38,A,,9656000,,‧價單第8號 (A2)付款辦法 Payment Plan (A2) of Price List No.8 見備註/See Remarks 7 (c)(i) ‧見備註/See Remarks 7 (c)(iii) ‧見備註/See Remarks 7 (c)(iv) ‧見備註/See Remarks 7 (c)(v) ‧見備註/See Remarks 7 (e)(vi) ‧見備註/See Remarks 7 (d)(v) ‧見備註/See Remarks 7 (e)(iii) ‧見備註/See Remarks 7 (f)(ii) ‧見備註/See Remarks 7 (e)(iv),
2018-09-09,2018-09-19,,第5座 (5B) Tower 5 (5B),37,A,,9602400,,‧價單第8號 (A2)付款辦法 Payment Plan (A2) of Price List No.8 見備註/See Remarks 7 (c)(i) ‧見備註/See Remarks 7 (c)(iii) ‧見備註/See Remarks 7 (c)(iv) ‧見備註/See Remarks 7 (c)(v) ‧見備註/See Remarks 7 (e)(vi) ‧見備註/See Remarks 7 (d)(v) ‧見備註/See Remarks 7 (e)(iii) ‧見備註/See Remarks 7 (f)(ii) ‧見備註/See Remarks 7 (e)(iv),
2018-09-09,2018-09-19,,第5座 (5B) Tower 5 (5B),36,A,,9575200,,‧價單第8號 (A2)付款辦法 Payment Plan (A2) of Price List No.8 見備註/See Remarks 7 (c)(i) ‧見備註/See Remarks 7 (c)(iii) ‧見備註/See Remarks 7 (c)(iv) ‧見備註/See Remarks 7 (c)(v) ‧見備註/See Remarks 7 (e)(vi) ‧見備註/See Remarks 7 (d)(v) ‧見備註/See Remarks 7 (e)(iii) ‧見備註/See Remarks 7 (f)(ii) ‧見備註/See Remarks 7 (e)(iv),
2018-09-09,2018-09-19,,第5座 (5B) Tower 5 (5B),33,A,,9522400,,‧價單第8號 (A2)付款辦法 Payment Plan (A2) of Price List No.8 見備註/See Remarks 7 (c)(i) ‧見備註/See Remarks 7 (c)(iii) ‧見備註/See Remarks 7 (c)(iv) ‧見備註/See Remarks 7 (c)(v) ‧見備註/See Remarks 7 (e)(vi) ‧見備註/See Remarks 7 (d)(v) ‧見備註/See Remarks 7 (e)(iii) ‧見備註/See Remarks 7 (f)(ii) ‧見備註/See Remarks 7 (e)(iv),
2018-09-09,2018-09-19,,第5座 (5B) Tower 5 (5B),31,A,,9443200,,‧價單第8號 (A2)付款辦法 Payment Plan (A2) of Price List No.8 見備註/See Remarks 7 (c)(i) ‧見備註/See Remarks 7 (c)(iii) ‧見備註/See Remarks 7 (c)(iv) ‧見備註/See Remarks 7 (c)(v) ‧見備註/See Remarks 7 (e)(vi) ‧見備註/See Remarks 7 (d)(v) ‧見備註/See Remarks 7 (e)(iii) ‧見備註/See Remarks 7 (f)(ii) ‧見備註/See Remarks 7 (e)(iv),
2018-09-09,2018-09-19,,第5座 (5B) Tower 5 (5B),30,A,,9402400,,‧價單第8號 (A2)付款辦法 Payment Plan (A2) of Price List No.8 見備註/See Remarks 7 (c)(i) ‧見備註/See Remarks 7 (c)(iii) ‧見備註/See Remarks 7 (c)(iv) ‧見備註/See Remarks 7 (c)(v) ‧見備註/See Remarks 7 (e)(vi) ‧見備註/See Remarks 7 (d)(v) ‧見備註/See Remarks 7 (e)(iii) ‧見備註/See Remarks 7 (f)(ii) ‧見備註/See Remarks 7 (e)(iv),
2018-09-09,2018-09-19,,第5座 (5B) Tower 5 (5B),27,A,,9308800,,‧價單第8號 (A2)付款辦法 Payment Plan (A2) of Price List No.8 見備註/See Remarks 7 (c)(i) ‧見備註/See Remarks 7 (c)(iii) ‧見備註/See Remarks 7 (c)(iv) ‧見備註/See Remarks 7 (c)(v) ‧見備註/See Remarks 7 (e)(vi) ‧見備註/See Remarks 7 (d)(v) ‧見備註/See Remarks 7 (e)(iii) ‧見備註/See Remarks 7 (f)(ii) ‧見備註/See Remarks 7 (e)(iv),
2018-09-09,2018-09-19,,第5座 (5B) Tower 5 (5B),26,A,,9262400,,‧價單第8號 (A2)付款辦法 Payment Plan (A2) of Price List No.8 見備註/See Remarks 7 (c)(i) ‧見備註/See Remarks 7 (c)(iii) ‧見備註/See Remarks 7 (c)(iv) ‧見備註/See Remarks 7 (c)(v) ‧見備註/See Remarks 7 (e)(vi) ‧見備註/See Remarks 7 (d)(v) ‧見備註/See Remarks 7 (e)(iii) ‧見備註/See Remarks 7 (f)(ii) ‧見備註/See Remarks 7 (e)(iv),
2018-09-09,2018-09-19,,第5座 (5B) Tower 5 (5B),23,A,,9170400,,‧價單第8號 (A2)付款辦法 Payment Plan (A2) of Price List No.8 見備註/See Remarks 7 (c)(i) ‧見備註/See Remarks 7 (c)(iii) ‧見備註/See Remarks 7 (c)(iv) ‧見備註/See Remarks 7 (c)(v) ‧見備註/See Remarks 7 (e)(vi) ‧見備註/See Remarks 7 (d)(v) ‧見備註/See Remarks 7 (e)(iii) ‧見備註/See Remarks 7 (f)(ii) ‧見備註/See Remarks 7 (e)(iv),
2018-09-09,2018-09-19,,第5座 (5B) Tower 5 (5B),22,A,,9124000,,‧價單第8號 (A2)付款辦法 Payment Plan (A2) of Price List No.8 見備註/See Remarks 7 (c)(i) ‧見備註/See Remarks 7 (c)(iii) ‧見備註/See Remarks 7 (c)(iv) ‧見備註/See Remarks 7 (c)(v) ‧見備註/See Remarks 7 (e)(vi) ‧見備註/See Remarks 7 (d)(v) ‧見備註/See Remarks 7 (e)(iii) ‧見備註/See Remarks 7 (f)(ii) ‧見備註/See Remarks 7 (e)(iv),
2018-09-09,2018-09-19,,第5座 (5B) Tower 5 (5B),20,A,,9032800,,‧價單第8號 (A2)付款辦法 Payment Plan (A2) of Price List No.8 見備註/See Remarks 7 (c)(i) ‧見備註/See Remarks 7 (c)(iii) ‧見備註/See Remarks 7 (c)(iv) ‧見備註/See Remarks 7 (c)(v) ‧見備註/See Remarks 7 (e)(vi) ‧見備註/See Remarks 7 (d)(v) ‧見備註/See Remarks 7 (e)(iii) ‧見備註/See Remarks 7 (f)(ii) ‧見備註/See Remarks 7 (e)(iv),
2018-09-09,2018-09-19,,第5座 (5B) Tower 5 (5B),19,A,,8996800,,‧價單第8號 (A2)付款辦法 Payment Plan (A2) of Price List No.8 見備註/See Remarks 7 (c)(i) ‧見備註/See Remarks 7 (c)(iii) ‧見備註/See Remarks 7 (c)(iv) ‧見備註/See Remarks 7 (c)(v) ‧見備註/See Remarks 7 (e)(vi) ‧見備註/See Remarks 7 (d)(v) ‧見備註/See Remarks 7 (e)(iii) ‧見備註/See Remarks 7 (f)(ii) ‧見備註/See Remarks 7 (e)(iv),
2018-09-09,2018-09-19,,第5座 (5B) Tower 5 (5B),17,A,,8924800,,‧價單第8號 (A2)付款辦法 Payment Plan (A2) of Price List No.8 見備註/See Remarks 7 (c)(i) ‧見備註/See Remarks 7 (c)(iii) ‧見備註/See Remarks 7 (c)(iv) ‧見備註/See Remarks 7 (c)(v) ‧見備註/See Remarks 7 (e)(vi) ‧見備註/See Remarks 7 (d)(v) ‧見備註/See Remarks 7 (e)(iii) ‧見備註/See Remarks 7 (f)(ii) ‧見備註/See Remarks 7 (e)(iv),
2018-09-09,2018-09-19,,第5座 (5B) Tower 5 (5B),16,A,,8888800,,‧價單第8號 (A2)付款辦法 Payment Plan (A2) of Price List No.8 見備註/See Remarks 7 (c)(i) ‧見備註/See Remarks 7 (c)(iii) ‧見備註/See Remarks 7 (c)(iv) ‧見備註/See Remarks 7 (c)(v) ‧見備註/See Remarks 7 (e)(vi) ‧見備註/See Remarks 7 (d)(v) ‧見備註/See Remarks 7 (e)(iii) ‧見備註/See Remarks 7 (f)(ii) ‧見備註/See Remarks 7 (e)(iv),
2018-09-09,2018-09-19,,第5座 (5B) Tower 5 (5B),12,A,,8818400,,‧價單第8號 (A2)付款辦法 Payment Plan (A2) of Price List No.8 見備註/See Remarks 7 (c)(i) ‧見備註/See Remarks 7 (c)(iii) ‧見備註/See Remarks 7 (c)(iv) ‧見備註/See Remarks 7 (c)(v) ‧見備註/See Remarks 7 (e)(vi) ‧見備註/See Remarks 7 (d)(v) ‧見備註/See Remarks 7 (e)(iii) ‧見備註/See Remarks 7 (f)(ii) ‧見備註/See Remarks 7 (e)(iv),
2018-09-09,2018-09-19,,第5座 (5B) Tower 5 (5B),11,A,,8783200,,‧價單第8號 (A2)付款辦法 Payment Plan (A2) of Price List No.8 見備註/See Remarks 7 (c)(i) ‧見備註/See Remarks 7 (c)(iii) ‧見備註/See Remarks 7 (c)(iv) ‧見備註/See Remarks 7 (c)(v) ‧見備註/See Remarks 7 (e)(vi) ‧見備註/See Remarks 7 (d)(v) ‧見備註/See Remarks 7 (e)(iii) ‧見備註/See Remarks 7 (f)(ii) ‧見備註/See Remarks 7 (e)(iv),
2018-09-09,2018-09-19,,第5座 (5B) Tower 5 (5B),9,A,,8930600,"在24-01-2019，基於法例第35(2)(b)條所容許的原因 ，售價調整為$8,712,800。 On 24-01-2019, the price adjusted to $8,712,800 due to the reason allowed under section 35(2)(b) of the Ordinance.",‧價單第8號 (B2)付款辦法 Payment Plan (B2) of Price List No.8 見備註/See Remarks 7 (c)(ii) ‧見備註/See Remarks 7 (c)(iii) ‧見備註/See Remarks 7 (c)(iv) ‧見備註/See Remarks 7 (c)(v) ‧見備註/See Remarks 7 (e)(v) ‧見備註/See Remarks 7 (e)(vi) ‧見備註/See Remarks 7 (d)(ii) ‧見備註/See Remarks 7 (e)(iii) ‧見備註/See Remarks 7 (f)(ii) ‧見備註/See Remarks 7 (e)(iv) ‧價單第8號 (A2)付款辦法 Payment Plan (A2) of Price List No.8 見備註/See Remarks 7 (c)(i) ‧見備註/See Remarks 7 (c)(iii) ‧見備註/See Remarks 7 (c)(iv) ‧見備註/See Remarks 7 (c)(v) ‧見備註/See Remarks 7 (e)(vi) ‧見備註/See Remarks 7 (d)(v) ‧見備註/See Remarks 7 (e)(iii) ‧見備註/See Remarks 7 (f)(ii) ‧見備註/See Remarks 7 (e)(iv) ‧(在24-01-2019修訂) (revised on 24-01-2019),
2018-09-09,2018-09-19,,第5座 (5B) Tower 5 (5B),8,A,,8712800,,‧價單第8號 (A2)付款辦法 Payment Plan (A2) of Price List No.8 見備註/See Remarks 7 (c)(i) ‧見備註/See Remarks 7 (c)(iii) ‧見備註/See Remarks 7 (c)(iv) ‧見備註/See Remarks 7 (c)(v) ‧見備註/See Remarks 7 (e)(vi) ‧見備註/See Remarks 7 (d)(v) ‧見備註/See Remarks 7 (e)(iii) ‧見備註/See Remarks 7 (f)(ii) ‧見備註/See Remarks 7 (e)(iv),
2018-09-09,2018-09-19,,第5座 (5B) Tower 5 (5B),6,A,,8665700,,‧價單第8號 (B2)付款辦法 Payment Plan (B2) of Price List No.8 見備註/See Remarks 7 (c)(ii) ‧見備註/See Remarks 7 (c)(iii) ‧見備註/See Remarks 7 (c)(iv) ‧見備註/See Remarks 7 (c)(v) ‧見備註/See Remarks 7 (e)(v) ‧見備註/See Remarks 7 (e)(vi) ‧見備註/See Remarks 7 (d)(ii) ‧見備註/See Remarks 7 (e)(iii) ‧見備註/See Remarks 7 (f)(ii) ‧見備註/See Remarks 7 (e)(iv),
2018-09-09,2018-09-19,,第5座 (5B) Tower 5 (5B),53,E,,9136300,,‧價單第8號 (B2)付款辦法 Payment Plan (B2) of Price List No.8 見備註/See Remarks 7 (c)(ii) ‧見備註/See Remarks 7 (d)(i) ‧見備註/See Remarks 7 (c)(iv) ‧見備註/See Remarks 7 (c)(v) ‧見備註/See Remarks 7 (e)(v) ‧見備註/See Remarks 7 (e)(vi) ‧見備註/See Remarks 7 (d)(ii) ‧見備註/See Remarks 7 (e)(iii) ‧見備註/See Remarks 7 (f)(ii) ‧見備註/See Remarks 7 (e)(iv),
2018-09-09,2018-09-19,,第5座 (5B) Tower 5 (5B),49,E,,7566400,,‧價單第8號 (A2)付款辦法 Payment Plan (A2) of Price List No.8 見備註/See Remarks 7 (c)(i) ‧見備註/See Remarks 7 (c)(iii) ‧見備註/See Remarks 7 (c)(iv) ‧見備註/See Remarks 7 (c)(v) ‧見備註/See Remarks 7 (e)(vi) ‧見備註/See Remarks 7 (d)(v) ‧見備註/See Remarks 7 (e)(iii) ‧見備註/See Remarks 7 (f)(ii) ‧見備註/See Remarks 7 (e)(iv),
2018-09-09,2018-09-19,,第5座 (5B) Tower 5 (5B),45,E,,7392000,,‧價單第8號 (A2)付款辦法 Payment Plan (A2) of Price List No.8 見備註/See Remarks 7 (c)(i) ‧見備註/See Remarks 7 (c)(iii) ‧見備註/See Remarks 7 (c)(iv) ‧見備註/See Remarks 7 (c)(v) ‧見備註/See Remarks 7 (e)(vi) ‧見備註/See Remarks 7 (d)(v) ‧見備註/See Remarks 7 (e)(iii) ‧見備註/See Remarks 7 (f)(ii) ‧見備註/See Remarks 7 (e)(iv),
2018-09-09,2018-09-19,,第5座 (5B) Tower 5 (5B),42,E,,8063400,,‧價單第8號 (B2)付款辦法 Payment Plan (B2) of Price List No.8 見備註/See Remarks 7 (c)(ii) ‧見備註/See Remarks 7 (c)(iii) ‧見備註/See Remarks 7 (d)(iii) ‧見備註/See Remarks 7 (c)(v) ‧見備註/See Remarks 7 (e)(v) ‧見備註/See Remarks 7 (e)(vi) ‧見備註/See Remarks 7 (e)(iii) ‧見備註/See Remarks 7 (f)(ii) ‧見備註/See Remarks 7 (e)(iv),
2018-09-09,2018-09-19,,第5座 (5B) Tower 5 (5B),38,E,,7239200,,‧價單第8號 (A2)付款辦法 Payment Plan (A2) of Price List No.8 見備註/See Remarks 7 (c)(i) ‧見備註/See Remarks 7 (c)(iii) ‧見備註/See Remarks 7 (c)(iv) ‧見備註/See Remarks 7 (c)(v) ‧見備註/See Remarks 7 (e)(vi) ‧見備註/See Remarks 7 (d)(v) ‧見備註/See Remarks 7 (e)(iii) ‧見備註/See Remarks 7 (f)(ii) ‧見備註/See Remarks 7 (e)(iv),
2018-09-09,2018-09-19,,第5座 (5B) Tower 5 (5B),36,E,,7353700,,‧價單第8號 (B2)付款辦法 Payment Plan (B2) of Price List No.8 見備註/See Remarks 7 (c)(ii) ‧見備註/See Remarks 7 (c)(iii) ‧見備註/See Remarks 7 (c)(iv) ‧見備註/See Remarks 7 (c)(v) ‧見備註/See Remarks 7 (e)(v) ‧見備註/See Remarks 7 (e)(vi) ‧見備註/See Remarks 7 (d)(ii) ‧見備註/See Remarks 7 (e)(iii) ‧見備註/See Remarks 7 (f)(ii) ‧見備註/See Remarks 7 (e)(iv),
2018-09-09,2018-09-19,,第5座 (5B) Tower 5 (5B),31,E,,7265200,,‧價單第8號 (B2)付款辦法 Payment Plan (B2) of Price List No.8 見備註/See Remarks 7 (c)(ii) ‧見備註/See Remarks 7 (c)(iii) ‧見備註/See Remarks 7 (c)(iv) ‧見備註/See Remarks 7 (c)(v) ‧見備註/See Remarks 7 (e)(v) ‧見備註/See Remarks 7 (e)(vi) ‧見備註/See Remarks 7 (d)(ii) ‧見備註/See Remarks 7 (e)(iii) ‧見備註/See Remarks 7 (f)(ii) ‧見備註/See Remarks 7 (e)(iv),
2018-09-09,2018-09-19,,第5座 (5B) Tower 5 (5B),26,E,,7656800,,‧價單第8號 (B2)付款辦法 Payment Plan (B2) of Price List No.8 見備註/See Remarks 7 (c)(ii) ‧見備註/See Remarks 7 (c)(iii) ‧見備註/See Remarks 7 (d)(iii) ‧見備註/See Remarks 7 (c)(v) ‧見備註/See Remarks 7 (e)(v) ‧見備註/See Remarks 7 (e)(vi) ‧見備註/See Remarks 7 (e)(iii) ‧見備註/See Remarks 7 (f)(ii) ‧見備註/See Remarks 7 (e)(iv),
2018-09-09,2018-09-19,,第5座 (5B) Tower 5 (5B),19,E,,6924900,,‧價單第8號 (B2)付款辦法 Payment Plan (B2) of Price List No.8 見備註/See Remarks 7 (c)(ii) ‧見備註/See Remarks 7 (c)(iii) ‧見備註/See Remarks 7 (c)(iv) ‧見備註/See Remarks 7 (c)(v) ‧見備註/See Remarks 7 (e)(v) ‧見備註/See Remarks 7 (e)(vi) ‧見備註/See Remarks 7 (d)(ii) ‧見備註/See Remarks 7 (e)(iii) ‧見備註/See Remarks 7 (f)(ii) ‧見備註/See Remarks 7 (e)(iv),
2018-09-09,2018-09-19,,第5座 (5B) Tower 5 (5B),9,E,,6682400,,‧價單第8號 (A2)付款辦法 Payment Plan (A2) of Price List No.8 見備註/See Remarks 7 (c)(i) ‧見備註/See Remarks 7 (c)(iii) ‧見備註/See Remarks 7 (c)(iv) ‧見備註/See Remarks 7 (c)(v) ‧見備註/See Remarks 7 (e)(vi) ‧見備註/See Remarks 7 (d)(v) ‧見備註/See Remarks 7 (e)(iii) ‧見備註/See Remarks 7 (f)(ii) ‧見備註/See Remarks 7 (e)(iv),
2018-09-09,2018-09-19,,第5座 (5B) Tower 5 (5B),53,J,,10709800,,‧價單第8號 (B2)付款辦法 Payment Plan (B2) of Price List No.8 見備註/See Remarks 7 (c)(ii) ‧見備註/See Remarks 7 (d)(i) ‧見備註/See Remarks 7 (c)(iv) ‧見備註/See Remarks 7 (c)(v) ‧見備註/See Remarks 7 (e)(v) ‧見備註/See Remarks 7 (e)(vi) ‧見備註/See Remarks 7 (d)(ii) ‧見備註/See Remarks 7 (e)(iii) ‧見備註/See Remarks 7 (f)(ii) ‧見備註/See Remarks 7 (e)(iv),
2018-09-09,2018-09-19,,第5座 (5B) Tower 5 (5B),49,J,,8870400,,‧價單第8號 (A2)付款辦法 Payment Plan (A2) of Price List No.8 見備註/See Remarks 7 (c)(i) ‧見備註/See Remarks 7 (c)(iii) ‧見備註/See Remarks 7 (c)(iv) ‧見備註/See Remarks 7 (c)(v) ‧見備註/See Remarks 7 (e)(vi) ‧見備註/See Remarks 7 (d)(v) ‧見備註/See Remarks 7 (e)(iii) ‧見備註/See Remarks 7 (f)(ii) ‧見備註/See Remarks 7 (e)(iv),
2018-09-09,2018-09-19,,第5座 (5B) Tower 5 (5B),45,J,,8666400,,‧價單第8號 (A2)付款辦法 Payment Plan (A2) of Price List No.8 見備註/See Remarks 7 (c)(i) ‧見備註/See Remarks 7 (c)(iii) ‧見備註/See Remarks 7 (c)(iv) ‧見備註/See Remarks 7 (c)(v) ‧見備註/See Remarks 7 (e)(vi) ‧見備註/See Remarks 7 (d)(v) ‧見備註/See Remarks 7 (e)(iii) ‧見備註/See Remarks 7 (f)(ii) ‧見備註/See Remarks 7 (e)(iv),
2018-09-09,2018-09-19,,第5座 (5B) Tower 5 (5B),42,J,,8592800,,‧價單第8號 (A2)付款辦法 Payment Plan (A2) of Price List No.8 見備註/See Remarks 7 (c)(i) ‧見備註/See Remarks 7 (c)(iii) ‧見備註/See Remarks 7 (c)(iv) ‧見備註/See Remarks 7 (c)(v) ‧見備註/See Remarks 7 (e)(vi) ‧見備註/See Remarks 7 (d)(v) ‧見備註/See Remarks 7 (e)(iii) ‧見備註/See Remarks 7 (f)(ii) ‧見備註/See Remarks 7 (e)(iv),
2018-09-09,2018-09-19,,第5座 (5B) Tower 5 (5B),38,J,,8698500,,‧價單第8號 (B2)付款辦法 Payment Plan (B2) of Price List No.8 見備註/See Remarks 7 (c)(ii) ‧見備註/See Remarks 7 (c)(iii) ‧見備註/See Remarks 7 (c)(iv) ‧見備註/See Remarks 7 (c)(v) ‧見備註/See Remarks 7 (e)(v) ‧見備註/See Remarks 7 (e)(vi) ‧見備註/See Remarks 7 (d)(ii) ‧見備註/See Remarks 7 (e)(iii) ‧見備註/See Remarks 7 (f)(ii) ‧見備註/See Remarks 7 (e)(iv),
2018-09-09,2018-09-19,,第5座 (5B) Tower 5 (5B),36,J,,8410400,,‧價單第8號 (A2)付款辦法 Payment Plan (A2) of Price List No.8 見備註/See Remarks 7 (c)(i) ‧見備註/See Remarks 7 (c)(iii) ‧見備註/See Remarks 7 (c)(iv) ‧見備註/See Remarks 7 (c)(v) ‧見備註/See Remarks 7 (e)(vi) ‧見備註/See Remarks 7 (d)(v) ‧見備註/See Remarks 7 (e)(iii) ‧見備註/See Remarks 7 (f)(ii) ‧見備註/See Remarks 7 (e)(iv),
2018-09-09,2018-09-19,,第5座 (5B) Tower 5 (5B),26,J,,8160800,,‧價單第8號 (A2)付款辦法 Payment Plan (A2) of Price List No.8 見備註/See Remarks 7 (c)(i) ‧見備註/See Remarks 7 (c)(iii) ‧見備註/See Remarks 7 (c)(iv) ‧見備註/See Remarks 7 (c)(v) ‧見備註/See Remarks 7 (e)(vi) ‧見備註/See Remarks 7 (d)(v) ‧見備註/See Remarks 7 (e)(iii) ‧見備註/See Remarks 7 (f)(ii) ‧見備註/See Remarks 7 (e)(iv),
2018-09-09,2018-09-19,,第5座 (5B) Tower 5 (5B),23,J,,8282000,,‧價單第8號 (B2)付款辦法 Payment Plan (B2) of Price List No.8 見備註/See Remarks 7 (c)(ii) ‧見備註/See Remarks 7 (c)(iii) ‧見備註/See Remarks 7 (c)(iv) ‧見備註/See Remarks 7 (c)(v) ‧見備註/See Remarks 7 (e)(v) ‧見備註/See Remarks 7 (e)(vi) ‧見備註/See Remarks 7 (d)(ii) ‧見備註/See Remarks 7 (e)(iii) ‧見備註/See Remarks 7 (f)(ii) ‧見備註/See Remarks 7 (e)(iv),
2018-09-09,2018-09-19,,第5座 (5B) Tower 5 (5B),19,J,,9207000,,‧價單第8號 (C2)付款辦法 Payment Plan (C2) of Price List No.8 見備註/See Remarks 7 (c)(vi) ‧見備註/See Remarks 7 (d)(vi) ‧見備註/See Remarks 7 (c)(iv) ‧見備註/See Remarks 7 (c)(v) ‧見備註/See Remarks 7 (e)(v) ‧見備註/See Remarks 7 (e)(vi) ‧見備註/See Remarks 7 (d)(ii) ‧見備註/See Remarks 7 (e)(iii) ‧見備註/See Remarks 7 (f)(ii) ‧見備註/See Remarks 7 (e)(iv),
2018-09-09,2018-09-19,,第5座 (5B) Tower 5 (5B),15,J,,8060600,,‧價單第8號 (B2)付款辦法 Payment Plan (B2) of Price List No.8 見備註/See Remarks 7 (c)(ii) ‧見備註/See Remarks 7 (c)(iii) ‧見備註/See Remarks 7 (c)(iv) ‧見備註/See Remarks 7 (c)(v) ‧見備註/See Remarks 7 (e)(v) ‧見備註/See Remarks 7 (e)(vi) ‧見備註/See Remarks 7 (d)(ii) ‧見備註/See Remarks 7 (e)(iii) ‧見備註/See Remarks 7 (f)(ii) ‧見備註/See Remarks 7 (e)(iv),
2018-09-09,2018-09-19,2020-04-17,第5座 (5B) Tower 5 (5B),9,J,,7832000,,‧價單第8號 (A2)付款辦法 Payment Plan (A2) of Price List No.8 見備註/See Remarks 7 (c)(i) ‧見備註/See Remarks 7 (c)(iii) ‧見備註/See Remarks 7 (c)(iv) ‧見備註/See Remarks 7 (c)(v) ‧見備註/See Remarks 7 (e)(vi) ‧見備註/See Remarks 7 (d)(v) ‧見備註/See Remarks 7 (e)(iii) ‧見備註/See Remarks 7 (f)(ii) ‧見備註/See Remarks 7 (e)(iv),
2018-09-09,2018-09-19,,第5座 (5B) Tower 5 (5B),51,K,,14980000,,‧價單第8號 (A2)付款辦法 Payment Plan (A2) of Price List No.8 見備註/See Remarks 7 (c)(i) ‧見備註/See Remarks 7 (c)(iii) ‧見備註/See Remarks 7 (c)(iv) ‧見備註/See Remarks 7 (c)(v) ‧見備註/See Remarks 7 (e)(vi) ‧見備註/See Remarks 7 (d)(v) ‧見備註/See Remarks 7 (e)(iii) ‧見備註/See Remarks 7 (f)(ii) ‧見備註/See Remarks 7 (e)(iv),
2018-09-09,2018-09-19,,第5座 (5B) Tower 5 (5B),42,K,,14388000,,‧價單第8號 (A2)付款辦法 Payment Plan (A2) of Price List No.8 見備註/See Remarks 7 (c)(i) ‧見備註/See Remarks 7 (c)(iii) ‧見備註/See Remarks 7 (c)(iv) ‧見備註/See Remarks 7 (c)(v) ‧見備註/See Remarks 7 (e)(vi) ‧見備註/See Remarks 7 (d)(v) ‧見備註/See Remarks 7 (e)(iii) ‧見備註/See Remarks 7 (f)(ii) ‧見備註/See Remarks 7 (e)(iv),
2018-09-09,2018-09-19,,第5座 (5B) Tower 5 (5B),33,K,,17279400,,‧價單第8號 (C2)付款辦法 Payment Plan (C2) of Price List No.8 見備註/See Remarks 7 (c)(vi) ‧見備註/See Remarks 7 (d)(vi) ‧見備註/See Remarks 7 (d)(iii) ‧見備註/See Remarks 7 (c)(v) ‧見備註/See Remarks 7 (e)(v) ‧見備註/See Remarks 7 (e)(vi) ‧見備註/See Remarks 7 (e)(iii) ‧見備註/See Remarks 7 (f)(ii) ‧見備註/See Remarks 7 (e)(iv),
2018-09-09,2018-09-19,,第5座 (5B) Tower 5 (5B),22,K,,13376800,,‧價單第8號 (A2)付款辦法 Payment Plan (A2) of Price List No.8 見備註/See Remarks 7 (c)(i) ‧見備註/See Remarks 7 (c)(iii) ‧見備註/See Remarks 7 (c)(iv) ‧見備註/See Remarks 7 (c)(v) ‧見備註/See Remarks 7 (e)(vi) ‧見備註/See Remarks 7 (d)(v) ‧見備註/See Remarks 7 (e)(iii) ‧見備註/See Remarks 7 (f)(ii) ‧見備註/See Remarks 7 (e)(iv),
2018-09-09,2018-09-19,,第5座 (5B) Tower 5 (5B),12,K,,12928800,,‧價單第8號 (A2)付款辦法 Payment Plan (A2) of Price List No.8 見備註/See Remarks 7 (c)(i) ‧見備註/See Remarks 7 (c)(iii) ‧見備註/See Remarks 7 (c)(iv) ‧見備註/See Remarks 7 (c)(v) ‧見備註/See Remarks 7 (e)(vi) ‧見備註/See Remarks 7 (d)(v) ‧見備註/See Remarks 7 (e)(iii) ‧見備註/See Remarks 7 (f)(ii) ‧見備註/See Remarks 7 (e)(iv),
2018-09-11,2018-09-21,,第5座 (5A) Tower 5 (5A),42,C,,32036000,,‧價單第7號 (A2)付款辦法 Payment Plan (A2) of Price List No.7 見備註/See Remarks 7 (c)(i) ‧見備註/See Remarks 7 (c)(iii) ‧見備註/See Remarks 7 (c)(iv) ‧見備註/See Remarks 7 (c)(v) ‧見備註/See Remarks 7 (e)(vi) ‧見備註/See Remarks 7 (d)(v) ‧見備註/See Remarks 7 (e)(iii) ‧見備註/See Remarks 7 (f)(i),
2018-09-17,2018-09-28,,第3座 (3A) Tower 3 (3A),53,A,,45328000,,‧價單第4E號 (A2)付款辦法 Payment Plan (A2) of Price List No.4E 見備註/See Remarks 7 (c)(i) ‧見備註/See Remarks 7 (c)(iii) ‧見備註/See Remarks 7 (c)(iv) ‧見備註/See Remarks 7 (c)(v) ‧見備註/See Remarks 7 (e)(vi) ‧見備註/See Remarks 7 (d)(v) ‧見備註/See Remarks 7 (e)(iii) ‧見備註/See Remarks 7 (f)(i),
2018-09-17,2018-09-28,,第3座 (3A) Tower 3 (3A),23,A,,37202400,,‧價單第4E號 (A2)付款辦法 Payment Plan (A2) of Price List No.4E 見備註/See Remarks 7 (c)(i) ‧見備註/See Remarks 7 (c)(iii) ‧見備註/See Remarks 7 (c)(iv) ‧見備註/See Remarks 7 (c)(v) ‧見備註/See Remarks 7 (e)(vi) ‧見備註/See Remarks 7 (d)(v) ‧見備註/See Remarks 7 (e)(iii),
2018-09-17,2018-09-28,,第3座 (3A) Tower 3 (3A),22,A,,37016000,,‧價單第4E號 (A2)付款辦法 Payment Plan (A2) of Price List No.4E 見備註/See Remarks 7 (c)(i) ‧見備註/See Remarks 7 (c)(iii) ‧見備註/See Remarks 7 (c)(iv) ‧見備註/See Remarks 7 (c)(v) ‧見備註/See Remarks 7 (e)(vi) ‧見備註/See Remarks 7 (d)(v) ‧見備註/See Remarks 7 (e)(iii),
2018-09-17,2018-09-28,,第3座 (3A) Tower 3 (3A),21,A,,36830400,,‧價單第4E號 (A2)付款辦法 Payment Plan (A2) of Price List No.4E 見備註/See Remarks 7 (c)(i) ‧見備註/See Remarks 7 (c)(iii) ‧見備註/See Remarks 7 (c)(iv) ‧見備註/See Remarks 7 (c)(v) ‧見備註/See Remarks 7 (e)(vi) ‧見備註/See Remarks 7 (d)(v) ‧見備註/See Remarks 7 (e)(iii),
2018-09-17,2018-09-28,,第3座 (3A) Tower 3 (3A),47,D,,17843200,"在30-01-2019，基於法例第35(2)(b)條所容許的原因 ，售價調整為$17,408,000。 On 30-01-2019, the price adjusted to $17,408,000 due to the reason allowed under section 35(2)(b) of the Ordinance.",‧價單第8A號 (B2)付款辦法 Payment Plan (B2) of Price List No.8A 見備註/See Remarks 7 (c)(ii) ‧見備註/See Remarks 7 (c)(iii) ‧見備註/See Remarks 7 (c)(iv) ‧見備註/See Remarks 7 (c)(v) ‧見備註/See Remarks 7 (e)(v) ‧見備註/See Remarks 7 (e)(vi) ‧見備註/See Remarks 7 (d)(ii) ‧見備註/See Remarks 7 (e)(iii) ‧見備註/See Remarks 7 (f)(ii) ‧見備註/See Remarks 7 (e)(iv) ‧價單第8A號 (A2)付款辦法 Payment Plan (A2) of Price List No.8A 見備註/See Remarks 7 (c)(i) ‧見備註/See Remarks 7 (c)(iii) ‧見備註/See Remarks 7 (c)(iv) ‧見備註/See Remarks 7 (c)(v) ‧見備註/See Remarks 7 (e)(vi) ‧見備註/See Remarks 7 (d)(v) ‧見備註/See Remarks 7 (e)(iii) ‧見備註/See Remarks 7 (f)(ii) ‧見備註/See Remarks 7 (e)(iv) ‧(在30-01-2019修訂) (revised on 30-01-2019),
2018-09-17,2018-09-28,,第3座 (3A) Tower 3 (3A),37,D,,16892000,,‧價單第6B號 (B2)付款辦法 Payment Plan (B2) of Price List No.6B 見備註/See Remarks 7 (c)(ii) ‧見備註/See Remarks 7 (c)(iii) ‧見備註/See Remarks 7 (c)(iv) ‧見備註/See Remarks 7 (c)(v) ‧見備註/See Remarks 7 (e)(v) ‧見備註/See Remarks 7 (e)(vi) ‧見備註/See Remarks 7 (d)(ii) ‧見備註/See Remarks 7 (e)(iii) ‧見備註/See Remarks 7 (f)(ii) ‧見備註/See Remarks 7 (e)(iv),
2018-09-17,2018-09-28,,第5座 (5A) Tower 5 (5A),15,A,,38535200,,‧價單第8A號 (A2)付款辦法 Payment Plan (A2) of Price List No.8A 見備註/See Remarks 7 (c)(i) ‧見備註/See Remarks 7 (c)(iii) ‧見備註/See Remarks 7 (c)(iv) ‧見備註/See Remarks 7 (c)(v) ‧見備註/See Remarks 7 (e)(vi) ‧見備註/See Remarks 7 (d)(v) ‧見備註/See Remarks 7 (e)(iii) ‧見備註/See Remarks 7 (f)(i),
2018-09-17,2018-09-28,,第5座 (5A) Tower 5 (5A),11,A,,38072000,,‧價單第8A號 (A2)付款辦法 Payment Plan (A2) of Price List No.8A 見備註/See Remarks 7 (c)(i) ‧見備註/See Remarks 7 (c)(iii) ‧見備註/See Remarks 7 (c)(iv) ‧見備註/See Remarks 7 (c)(v) ‧見備註/See Remarks 7 (e)(vi) ‧見備註/See Remarks 7 (d)(v) ‧見備註/See Remarks 7 (e)(iii) ‧見備註/See Remarks 7 (f)(i),
2018-09-17,2018-09-28,,第5座 (5A) Tower 5 (5A),9,A,,37619200,,‧價單第8A號 (A2)付款辦法 Payment Plan (A2) of Price List No.8A 見備註/See Remarks 7 (c)(i) ‧見備註/See Remarks 7 (c)(iii) ‧見備註/See Remarks 7 (c)(iv) ‧見備註/See Remarks 7 (c)(v) ‧見備註/See Remarks 7 (e)(vi) ‧見備註/See Remarks 7 (d)(v) ‧見備註/See Remarks 7 (e)(iii) ‧見備註/See Remarks 7 (f)(i),
2018-09-17,2018-09-28,,第5座 (5A) Tower 5 (5A),7,A,,37401000,,‧價單第8A號 (B2)付款辦法 Payment Plan (B2) of Price List No.8A 見備註/See Remarks 7 (c)(ii) ‧見備註/See Remarks 7 (c)(iii) ‧見備註/See Remarks 7 (c)(iv) ‧見備註/See Remarks 7 (c)(v) ‧見備註/See Remarks 7 (e)(v) ‧見備註/See Remarks 7 (e)(vi) ‧見備註/See Remarks 7 (d)(ii) ‧見備註/See Remarks 7 (e)(iii) ‧見備註/See Remarks 7 (f)(i),
2018-09-17,2018-09-28,,第5座 (5A) Tower 5 (5A),35,B,,35502400,,‧價單第6B號 (A2)付款辦法 Payment Plan (A2) of Price List No.6B 見備註/See Remarks 7 (c)(i) ‧見備註/See Remarks 7 (c)(iii) ‧見備註/See Remarks 7 (c)(iv) ‧見備註/See Remarks 7 (c)(v) ‧見備註/See Remarks 7 (e)(vi) ‧見備註/See Remarks 7 (d)(v) ‧見備註/See Remarks 7 (e)(iii),
2018-09-17,2018-09-28,,第5座 (5A) Tower 5 (5A),32,B,,35192000,,‧價單第5B號 (A2)付款辦法 Payment Plan (A2) of Price List No.5B 見備註/See Remarks 7 (c)(i) ‧見備註/See Remarks 7 (c)(iii) ‧見備註/See Remarks 7 (c)(iv) ‧見備註/See Remarks 7 (c)(v) ‧見備註/See Remarks 7 (e)(vi) ‧見備註/See Remarks 7 (d)(v) ‧見備註/See Remarks 7 (e)(iii),
2018-09-17,2018-09-28,,第5座 (5A) Tower 5 (5A),27,B,,34475200,,‧價單第5B號 (A2)付款辦法 Payment Plan (A2) of Price List No.5B 見備註/See Remarks 7 (c)(i) ‧見備註/See Remarks 7 (c)(iii) ‧見備註/See Remarks 7 (c)(iv) ‧見備註/See Remarks 7 (c)(v) ‧見備註/See Remarks 7 (e)(vi) ‧見備註/See Remarks 7 (d)(v) ‧見備註/See Remarks 7 (e)(iii),
2018-09-17,2018-09-28,2019-08-29,第5座 (5B) Tower 5 (5B),53,A,,10723900,,‧價單第8A號 (B2)付款辦法 Payment Plan (B2) of Price List No.8A 見備註/See Remarks 7 (c)(ii) ‧見備註/See Remarks 7 (c)(iii) ‧見備註/See Remarks 7 (c)(iv) ‧見備註/See Remarks 7 (c)(v) ‧見備註/See Remarks 7 (e)(v) ‧見備註/See Remarks 7 (e)(vi) ‧見備註/See Remarks 7 (d)(ii) ‧見備註/See Remarks 7 (e)(iii) ‧見備註/See Remarks 7 (f)(ii) ‧見備註/See Remarks 7 (e)(iv),
2018-09-17,2018-09-28,,第5座 (5B) Tower 5 (5B),46,A,,10040000,,‧價單第8A號 (A2)付款辦法 Payment Plan (A2) of Price List No.8A 見備註/See Remarks 7 (c)(i) ‧見備註/See Remarks 7 (c)(iii) ‧見備註/See Remarks 7 (c)(iv) ‧見備註/See Remarks 7 (c)(v) ‧見備註/See Remarks 7 (e)(vi) ‧見備註/See Remarks 7 (d)(v) ‧見備註/See Remarks 7 (e)(iii) ‧見備註/See Remarks 7 (f)(ii) ‧見備註/See Remarks 7 (e)(iv),
2018-09-17,2018-09-28,,第5座 (5B) Tower 5 (5B),39,A,,9848800,,‧價單第8A號 (A2)付款辦法 Payment Plan (A2) of Price List No.8A 見備註/See Remarks 7 (c)(i) ‧見備註/See Remarks 7 (c)(iii) ‧見備註/See Remarks 7 (c)(iv) ‧見備註/See Remarks 7 (c)(v) ‧見備註/See Remarks 7 (e)(vi) ‧見備註/See Remarks 7 (d)(v) ‧見備註/See Remarks 7 (e)(iii) ‧見備註/See Remarks 7 (f)(ii) ‧見備註/See Remarks 7 (e)(iv),
2018-09-17,2018-09-28,,第5座 (5B) Tower 5 (5B),32,A,,9671200,,‧價單第8A號 (A2)付款辦法 Payment Plan (A2) of Price List No.8A 見備註/See Remarks 7 (c)(i) ‧見備註/See Remarks 7 (c)(iii) ‧見備註/See Remarks 7 (c)(iv) ‧見備註/See Remarks 7 (c)(v) ‧見備註/See Remarks 7 (e)(vi) ‧見備註/See Remarks 7 (d)(v) ‧見備註/See Remarks 7 (e)(iii) ‧見備註/See Remarks 7 (f)(ii) ‧見備註/See Remarks 7 (e)(iv),
2018-09-17,2018-09-28,,第5座 (5B) Tower 5 (5B),28,A,,10549400,"在02-11-2018，基於法例第35(2)(b)條所容許的原因 ，售價調整為$9,590,400。 On 02-11-2018, the price adjusted to $9,590,400 due to the reason allowed under section 35(2)(b) of the Ordinance.",‧價單第8A號 (B2)付款辦法 Payment Plan (B2) of Price List No.8A 見備註/See Remarks 7 (c)(ii) ‧見備註/See Remarks 7 (c)(iii) ‧見備註/See Remarks 7 (d)(iii) ‧見備註/See Remarks 7 (c)(v) ‧見備註/See Remarks 7 (e)(v) ‧見備註/See Remarks 7 (e)(vi) ‧見備註/See Remarks 7 (e)(iii) ‧見備註/See Remarks 7 (f)(ii) ‧見備註/See Remarks 7 (e)(iv) ‧價單第8A號 (A2)付款辦法 Payment Plan (A2) of Price List No.8A 見備註/See Remarks 7 (c)(i) ‧見備註/See Remarks 7 (c)(iii) ‧見備註/See Remarks 7 (c)(iv) ‧見備註/See Remarks 7 (c)(v) ‧見備註/See Remarks 7 (e)(vi) ‧見備註/See Remarks 7 (d)(v) ‧見備註/See Remarks 7 (e)(iii) ‧見備註/See Remarks 7 (f)(ii) ‧見備註/See Remarks 7 (e)(iv) ‧(在02-11-2018修訂) (revised on 02-11-2018),
2018-09-17,2018-09-28,,第5座 (5B) Tower 5 (5B),21,A,,9259200,,‧價單第8A號 (A2)付款辦法 Payment Plan (A2) of Price List No.8A 見備註/See Remarks 7 (c)(i) ‧見備註/See Remarks 7 (c)(iii) ‧見備註/See Remarks 7 (c)(iv) ‧見備註/See Remarks 7 (c)(v) ‧見備註/See Remarks 7 (e)(vi) ‧見備註/See Remarks 7 (d)(v) ‧見備註/See Remarks 7 (e)(iii) ‧見備註/See Remarks 7 (f)(ii) ‧見備註/See Remarks 7 (e)(iv),
2018-09-17,2018-09-28,,第5座 (5B) Tower 5 (5B),15,A,,9933400,,‧價單第8A號 (B2)付款辦法 Payment Plan (B2) of Price List No.8A 見備註/See Remarks 7 (c)(ii) ‧見備註/See Remarks 7 (c)(iii) ‧見備註/See Remarks 7 (d)(iii) ‧見備註/See Remarks 7 (c)(v) ‧見備註/See Remarks 7 (e)(v) ‧見備註/See Remarks 7 (e)(vi) ‧見備註/See Remarks 7 (e)(iii) ‧見備註/See Remarks 7 (f)(ii) ‧見備註/See Remarks 7 (e)(iv),
2018-09-17,2018-09-28,,第5座 (5B) Tower 5 (5B),7,A,,8928100,,‧價單第8A號 (B2)付款辦法 Payment Plan (B2) of Price List No.8A 見備註/See Remarks 7 (c)(ii) ‧見備註/See Remarks 7 (c)(iii) ‧見備註/See Remarks 7 (c)(iv) ‧見備註/See Remarks 7 (c)(v) ‧見備註/See Remarks 7 (e)(v) ‧見備註/See Remarks 7 (e)(vi) ‧見備註/See Remarks 7 (d)(ii) ‧見備註/See Remarks 7 (e)(iii) ‧見備註/See Remarks 7 (f)(ii) ‧見備註/See Remarks 7 (e)(iv),
2018-09-17,2018-09-28,,第5座 (5B) Tower 5 (5B),28,B,,10112800,,‧價單第6B號 (A2)付款辦法 Payment Plan (A2) of Price List No.6B 見備註/See Remarks 7 (c)(i) ‧見備註/See Remarks 7 (c)(iii) ‧見備註/See Remarks 7 (c)(iv) ‧見備註/See Remarks 7 (c)(v) ‧見備註/See Remarks 7 (e)(vi) ‧見備註/See Remarks 7 (d)(v) ‧見備註/See Remarks 7 (e)(iii) ‧見備註/See Remarks 7 (f)(ii) ‧見備註/See Remarks 7 (e)(iv),
2018-09-17,2018-09-28,,第5座 (5B) Tower 5 (5B),40,E,,7851200,,‧價單第8A號 (A2)付款辦法 Payment Plan (A2) of Price List No.8A 見備註/See Remarks 7 (c)(i) ‧見備註/See Remarks 7 (c)(iii) ‧見備註/See Remarks 7 (c)(iv) ‧見備註/See Remarks 7 (c)(v) ‧見備註/See Remarks 7 (e)(vi) ‧見備註/See Remarks 7 (d)(v) ‧見備註/See Remarks 7 (e)(iii) ‧見備註/See Remarks 7 (f)(ii) ‧見備註/See Remarks 7 (e)(iv),
2018-09-17,2018-09-28,,第5座 (5B) Tower 5 (5B),33,E,,7702400,,‧價單第8A號 (A2)付款辦法 Payment Plan (A2) of Price List No.8A 見備註/See Remarks 7 (c)(i) ‧見備註/See Remarks 7 (c)(iii) ‧見備註/See Remarks 7 (c)(iv) ‧見備註/See Remarks 7 (c)(v) ‧見備註/See Remarks 7 (e)(vi) ‧見備註/See Remarks 7 (d)(v) ‧見備註/See Remarks 7 (e)(iii) ‧見備註/See Remarks 7 (f)(ii) ‧見備註/See Remarks 7 (e)(iv),
2018-09-17,,,第5座 (5B) Tower 5 (5B),23,E,,7443200,,‧價單第8A號 (A2)付款辦法 Payment Plan (A2) of Price List No.8A 見備註/See Remarks 7 (c)(i) ‧見備註/See Remarks 7 (c)(iii) ‧見備註/See Remarks 7 (c)(iv) ‧見備註/See Remarks 7 (c)(v) ‧見備註/See Remarks 7 (e)(vi) ‧見備註/See Remarks 7 (d)(v) ‧見備註/See Remarks 7 (e)(iii) ‧見備註/See Remarks 7 (f)(ii) ‧見備註/See Remarks 7 (e)(iv),
2018-09-17,2018-09-28,,第5座 (5B) Tower 5 (5B),35,G,,8651200,,‧價單第5B號 (A2)付款辦法 Payment Plan (A2) of Price List No.5B 見備註/See Remarks 7 (c)(i) ‧見備註/See Remarks 7 (c)(iii) ‧見備註/See Remarks 7 (c)(iv) ‧見備註/See Remarks 7 (c)(v) ‧見備註/See Remarks 7 (e)(vi) ‧見備註/See Remarks 7 (d)(v) ‧見備註/See Remarks 7 (e)(iii) ‧見備註/See Remarks 7 (f)(ii) ‧見備註/See Remarks 7 (e)(iv),
2018-09-17,2018-09-28,,第5座 (5B) Tower 5 (5B),56,J,,9592800,,‧價單第8A號 (A2)付款辦法 Payment Plan (A2) of Price List No.8A 見備註/See Remarks 7 (c)(i) ‧見備註/See Remarks 7 (c)(iii) ‧見備註/See Remarks 7 (c)(iv) ‧見備註/See Remarks 7 (c)(v) ‧見備註/See Remarks 7 (e)(vi) ‧見備註/See Remarks 7 (d)(v) ‧見備註/See Remarks 7 (e)(iii) ‧見備註/See Remarks 7 (f)(ii) ‧見備註/See Remarks 7 (e)(iv),
2018-09-17,2018-09-28,,第5座 (5B) Tower 5 (5B),47,J,,9137200,,‧價單第8A號 (B2)付款辦法 Payment Plan (B2) of Price List No.8A 見備註/See Remarks 7 (c)(ii) ‧見備註/See Remarks 7 (c)(iii) ‧見備註/See Remarks 7 (c)(iv) ‧見備註/See Remarks 7 (c)(v) ‧見備註/See Remarks 7 (e)(v) ‧見備註/See Remarks 7 (e)(vi) ‧見備註/See Remarks 7 (d)(ii) ‧見備註/See Remarks 7 (e)(iii) ‧見備註/See Remarks 7 (f)(ii) ‧見備註/See Remarks 7 (e)(iv),
2018-09-17,2018-09-28,,第5座 (5B) Tower 5 (5B),33,J,,8528000,,‧價單第8A號 (A2)付款辦法 Payment Plan (A2) of Price List No.8A 見備註/See Remarks 7 (c)(i) ‧見備註/See Remarks 7 (c)(iii) ‧見備註/See Remarks 7 (c)(iv) ‧見備註/See Remarks 7 (c)(v) ‧見備註/See Remarks 7 (e)(vi) ‧見備註/See Remarks 7 (d)(v) ‧見備註/See Remarks 7 (e)(iii) ‧見備註/See Remarks 7 (f)(ii) ‧見備註/See Remarks 7 (e)(iv),
2018-09-17,2018-09-28,,第5座 (5B) Tower 5 (5B),21,J,,8363100,,‧價單第8A號 (B2)付款辦法 Payment Plan (B2) of Price List No.8A 見備註/See Remarks 7 (c)(ii) ‧見備註/See Remarks 7 (c)(iii) ‧見備註/See Remarks 7 (c)(iv) ‧見備註/See Remarks 7 (c)(v) ‧見備註/See Remarks 7 (e)(v) ‧見備註/See Remarks 7 (e)(vi) ‧見備註/See Remarks 7 (d)(ii) ‧見備註/See Remarks 7 (e)(iii) ‧見備註/See Remarks 7 (f)(ii) ‧見備註/See Remarks 7 (e)(iv),
2018-09-17,2018-09-28,2020-04-17,第5座 (5B) Tower 5 (5B),38,K,,14868000,,‧價單第8A號 (A2)付款辦法 Payment Plan (A2) of Price List No.8A 見備註/See Remarks 7 (c)(i) ‧見備註/See Remarks 7 (c)(iii) ‧見備註/See Remarks 7 (c)(iv) ‧見備註/See Remarks 7 (c)(v) ‧見備註/See Remarks 7 (e)(vi) ‧見備註/See Remarks 7 (d)(v) ‧見備註/See Remarks 7 (e)(iii) ‧見備註/See Remarks 7 (f)(ii) ‧見備註/See Remarks 7 (e)(iv),
2018-09-17,2018-09-28,,第5座 (5B) Tower 5 (5B),8,K,,13412800,,‧價單第8A號 (A2)付款辦法 Payment Plan (A2) of Price List No.8A 見備註/See Remarks 7 (c)(i) ‧見備註/See Remarks 7 (c)(iii) ‧見備註/See Remarks 7 (c)(iv) ‧見備註/See Remarks 7 (c)(v) ‧見備註/See Remarks 7 (e)(vi) ‧見備註/See Remarks 7 (d)(v) ‧見備註/See Remarks 7 (e)(iii) ‧見備註/See Remarks 7 (f)(ii) ‧見備註/See Remarks 7 (e)(iv),
2018-09-23,2018-10-05,,第3座 (3A) Tower 3 (3A),56,A,,50227400,,‧價單第4F號 (B2)付款辦法 Payment Plan (B2) of Price List No.4F 見備註/See Remarks 7 (c)(ii) ‧見備註/See Remarks 7 (c)(iii) ‧見備註/See Remarks 7 (c)(iv) ‧見備註/See Remarks 7 (c)(v) ‧見備註/See Remarks 7 (e)(v) ‧見備註/See Remarks 7 (e)(vi) ‧見備註/See Remarks 7 (d)(ii) ‧見備註/See Remarks 7 (e)(iii) ‧見備註/See Remarks 7 (f)(i),
2018-09-23,2018-10-05,,第3座 (3A) Tower 3 (3A),55,A,,47812800,,‧價單第4F號 (A2)付款辦法 Payment Plan (A2) of Price List No.4F 見備註/See Remarks 7 (c)(i) ‧見備註/See Remarks 7 (c)(iii) ‧見備註/See Remarks 7 (c)(iv) ‧見備註/See Remarks 7 (c)(v) ‧見備註/See Remarks 7 (e)(vi) ‧見備註/See Remarks 7 (d)(v) ‧見備註/See Remarks 7 (e)(iii) ‧見備註/See Remarks 7 (f)(i),
2018-09-23,,,第3座 (3A) Tower 3 (3A),25,A,,38696800,,‧價單第4F號 (A2)付款辦法 Payment Plan (A2) of Price List No.4F 見備註/See Remarks 7 (c)(i) ‧見備註/See Remarks 7 (c)(iii) ‧見備註/See Remarks 7 (c)(iv) ‧見備註/See Remarks 7 (c)(v) ‧見備註/See Remarks 7 (e)(vi) ‧見備註/See Remarks 7 (d)(v) ‧見備註/See Remarks 7 (e)(iii),
2018-09-23,2018-10-05,,第3座 (3A) Tower 3 (3A),6,B,,35209600,,‧價單第1C號 (B2)付款辦法 Payment Plan (B2) of Price List No.1C 見備註/See Remarks 7 (c)(ii) ‧見備註/See Remarks 7 (c)(iii) ‧見備註/See Remarks 7 (d)(iii) ‧見備註/See Remarks 7 (c)(v) ‧見備註/See Remarks 7 (e)(v) ‧見備註/See Remarks 7 (e)(vi) ‧見備註/See Remarks 7 (e)(iii),
2018-09-23,2018-10-05,,第3座 (3A) Tower 3 (3A),56,D,,19750500,,‧價單第8B號 (B2)付款辦法 Payment Plan (B2) of Price List No.8B 見備註/See Remarks 7 (c)(ii) ‧見備註/See Remarks 7 (c)(iii) ‧見備註/See Remarks 7 (c)(iv) ‧見備註/See Remarks 7 (c)(v) ‧見備註/See Remarks 7 (e)(v) ‧見備註/See Remarks 7 (e)(vi) ‧見備註/See Remarks 7 (d)(ii) ‧見備註/See Remarks 7 (e)(iii) ‧見備註/See Remarks 7 (f)(ii) ‧見備註/See Remarks 7 (e)(iv),
2018-09-23,,,第5座 (5A) Tower 5 (5A),12,A,,39848700,,‧價單第8B號 (B2)付款辦法 Payment Plan (B2) of Price List No.8B 見備註/See Remarks 7 (c)(ii) ‧見備註/See Remarks 7 (c)(iii) ‧見備註/See Remarks 7 (c)(iv) ‧見備註/See Remarks 7 (c)(v) ‧見備註/See Remarks 7 (e)(v) ‧見備註/See Remarks 7 (e)(vi) ‧見備註/See Remarks 7 (d)(ii) ‧見備註/See Remarks 7 (e)(iii) ‧見備註/See Remarks 7 (f)(i),
2018-09-23,2018-10-05,,第5座 (5A) Tower 5 (5A),10,A,,38415200,,‧價單第8B號 (A2)付款辦法 Payment Plan (A2) of Price List No.8B 見備註/See Remarks 7 (c)(i) ‧見備註/See Remarks 7 (c)(iii) ‧見備註/See Remarks 7 (c)(iv) ‧見備註/See Remarks 7 (c)(v) ‧見備註/See Remarks 7 (e)(vi) ‧見備註/See Remarks 7 (d)(v) ‧見備註/See Remarks 7 (e)(iii) ‧見備註/See Remarks 7 (f)(i),
2018-09-23,2018-10-05,,第5座 (5A) Tower 5 (5A),8,A,,38183200,,‧價單第8B號 (A2)付款辦法 Payment Plan (A2) of Price List No.8B 見備註/See Remarks 7 (c)(i) ‧見備註/See Remarks 7 (c)(iii) ‧見備註/See Remarks 7 (c)(iv) ‧見備註/See Remarks 7 (c)(v) ‧見備註/See Remarks 7 (e)(vi) ‧見備註/See Remarks 7 (d)(v) ‧見備註/See Remarks 7 (e)(iii) ‧見備註/See Remarks 7 (f)(i),
2018-09-23,2018-10-05,,第5座 (5A) Tower 5 (5A),6,A,,37392800,,‧價單第8B號 (B2)付款辦法 Payment Plan (B2) of Price List No.8B 見備註/See Remarks 7 (c)(ii) ‧見備註/See Remarks 7 (c)(iii) ‧見備註/See Remarks 7 (c)(iv) ‧見備註/See Remarks 7 (c)(v) ‧見備註/See Remarks 7 (e)(v) ‧見備註/See Remarks 7 (e)(vi) ‧見備註/See Remarks 7 (d)(ii) ‧見備註/See Remarks 7 (e)(iii) ‧見備註/See Remarks 7 (f)(i),
2018-09-23,2018-10-05,,第5座 (5A) Tower 5 (5A),32,C,,31716700,,‧價單第6B號 (B2)付款辦法 Payment Plan (B2) of Price List No.6B 見備註/See Remarks 7 (c)(ii) ‧見備註/See Remarks 7 (c)(iii) ‧見備註/See Remarks 7 (c)(iv) ‧見備註/See Remarks 7 (c)(v) ‧見備註/See Remarks 7 (e)(v) ‧見備註/See Remarks 7 (e)(vi) ‧見備註/See Remarks 7 (d)(ii) ‧見備註/See Remarks 7 (e)(iii),
2018-09-23,2018-10-05,,第5座 (5B) Tower 5 (5B),18,A,,9360000,,‧價單第8B號 (A2)付款辦法 Payment Plan (A2) of Price List No.8B 見備註/See Remarks 7 (c)(i) ‧見備註/See Remarks 7 (c)(iii) ‧見備註/See Remarks 7 (c)(iv) ‧見備註/See Remarks 7 (c)(v) ‧見備註/See Remarks 7 (e)(vi) ‧見備註/See Remarks 7 (d)(v) ‧見備註/See Remarks 7 (e)(iii) ‧見備註/See Remarks 7 (f)(ii) ‧見備註/See Remarks 7 (e)(iv),
2018-09-23,2018-10-05,,第5座 (5B) Tower 5 (5B),10,A,,9328300,,‧價單第8B號 (B2)付款辦法 Payment Plan (B2) of Price List No.8B 見備註/See Remarks 7 (c)(ii) ‧見備註/See Remarks 7 (c)(iii) ‧見備註/See Remarks 7 (c)(iv) ‧見備註/See Remarks 7 (c)(v) ‧見備註/See Remarks 7 (e)(v) ‧見備註/See Remarks 7 (e)(vi) ‧見備註/See Remarks 7 (d)(ii) ‧見備註/See Remarks 7 (e)(iii) ‧見備註/See Remarks 7 (f)(ii) ‧見備註/See Remarks 7 (e)(iv),
2018-09-23,,,第5座 (5B) Tower 5 (5B),51,J,,9633300,,‧價單第8B號 (B2)付款辦法 Payment Plan (B2) of Price List No.8B 見備註/See Remarks 7 (c)(ii) ‧見備註/See Remarks 7 (c)(iii) ‧見備註/See Remarks 7 (c)(iv) ‧見備註/See Remarks 7 (c)(v) ‧見備註/See Remarks 7 (e)(v) ‧見備註/See Remarks 7 (e)(vi) ‧見備註/See Remarks 7 (d)(ii) ‧見備註/See Remarks 7 (e)(iii) ‧見備註/See Remarks 7 (f)(ii) ‧見備註/See Remarks 7 (e)(iv),
2018-09-23,2018-10-05,,第5座 (5B) Tower 5 (5B),17,J,,8198400,,‧價單第8B號 (A2)付款辦法 Payment Plan (A2) of Price List No.8B 見備註/See Remarks 7 (c)(i) ‧見備註/See Remarks 7 (c)(iii) ‧見備註/See Remarks 7 (c)(iv) ‧見備註/See Remarks 7 (c)(v) ‧見備註/See Remarks 7 (e)(vi) ‧見備註/See Remarks 7 (d)(v) ‧見備註/See Remarks 7 (e)(iii) ‧見備註/See Remarks 7 (f)(ii) ‧見備註/See Remarks 7 (e)(iv),
2018-09-23,,,第5座 (5B) Tower 5 (5B),11,J,,8368900,,‧價單第8B號 (B2)付款辦法 Payment Plan (B2) of Price List No.8B 見備註/See Remarks 7 (c)(ii) ‧見備註/See Remarks 7 (c)(iii) ‧見備註/See Remarks 7 (c)(iv) ‧見備註/See Remarks 7 (c)(v) ‧見備註/See Remarks 7 (e)(v) ‧見備註/See Remarks 7 (e)(vi) ‧見備註/See Remarks 7 (d)(ii) ‧見備註/See Remarks 7 (e)(iii) ‧見備註/See Remarks 7 (f)(ii) ‧見備註/See Remarks 7 (e)(iv),
2018-09-23,,,第5座 (5B) Tower 5 (5B),7,J,,8132800,,‧價單第8B號 (A2)付款辦法 Payment Plan (A2) of Price List No.8B 見備註/See Remarks 7 (c)(i) ‧見備註/See Remarks 7 (c)(iii) ‧見備註/See Remarks 7 (c)(iv) ‧見備註/See Remarks 7 (c)(v) ‧見備註/See Remarks 7 (e)(vi) ‧見備註/See Remarks 7 (d)(v) ‧見備註/See Remarks 7 (e)(iii) ‧見備註/See Remarks 7 (f)(ii) ‧見備註/See Remarks 7 (e)(iv),
2018-09-23,2018-10-05,,第5座 (5B) Tower 5 (5B),47,K,,15940000,,‧價單第8B號 (A2)付款辦法 Payment Plan (A2) of Price List No.8B 見備註/See Remarks 7 (c)(i) ‧見備註/See Remarks 7 (c)(iii) ‧見備註/See Remarks 7 (c)(iv) ‧見備註/See Remarks 7 (c)(v) ‧見備註/See Remarks 7 (e)(vi) ‧見備註/See Remarks 7 (d)(v) ‧見備註/See Remarks 7 (e)(iii) ‧見備註/See Remarks 7 (f)(ii) ‧見備註/See Remarks 7 (e)(iv),
2018-09-24,2018-10-08,,第3座 (3A) Tower 3 (3A),41,A,,43501000,,‧價單第4F號 (B2)付款辦法 Payment Plan (B2) of Price List No.4F 見備註/See Remarks 7 (c)(ii) ‧見備註/See Remarks 7 (c)(iii) ‧見備註/See Remarks 7 (c)(iv) ‧見備註/See Remarks 7 (c)(v) ‧見備註/See Remarks 7 (e)(v) ‧見備註/See Remarks 7 (e)(vi) ‧見備註/See Remarks 7 (d)(ii) ‧見備註/See Remarks 7 (e)(iii),
2018-09-24,2018-10-08,,第3座 (3A) Tower 3 (3A),38,D,,17200000,,‧價單第8B號 (A2)付款辦法 Payment Plan (A2) of Price List No.8B 見備註/See Remarks 7 (c)(i) ‧見備註/See Remarks 7 (c)(iii) ‧見備註/See Remarks 7 (c)(iv) ‧見備註/See Remarks 7 (c)(v) ‧見備註/See Remarks 7 (e)(vi) ‧見備註/See Remarks 7 (d)(v) ‧見備註/See Remarks 7 (e)(iii) ‧見備註/See Remarks 7 (f)(ii) ‧見備註/See Remarks 7 (e)(iv),
2018-09-24,2018-10-08,,第3座 (3A) Tower 3 (3A),12,D,,15627200,,‧價單第8B號 (A2)付款辦法 Payment Plan (A2) of Price List No.8B 見備註/See Remarks 7 (c)(i) ‧見備註/See Remarks 7 (c)(iii) ‧見備註/See Remarks 7 (c)(iv) ‧見備註/See Remarks 7 (c)(v) ‧見備註/See Remarks 7 (e)(vi) ‧見備註/See Remarks 7 (d)(v) ‧見備註/See Remarks 7 (e)(iii) ‧見備註/See Remarks 7 (f)(ii) ‧見備註/See Remarks 7 (e)(iv),
2018-09-24,2018-10-08,,第5座 (5B) Tower 5 (5B),35,A,,9935200,,‧價單第8B號 (A2)付款辦法 Payment Plan (A2) of Price List No.8B 見備註/See Remarks 7 (c)(i) ‧見備註/See Remarks 7 (c)(iii) ‧見備註/See Remarks 7 (c)(iv) ‧見備註/See Remarks 7 (c)(v) ‧見備註/See Remarks 7 (e)(vi) ‧見備註/See Remarks 7 (d)(v) ‧見備註/See Remarks 7 (e)(iii) ‧見備註/See Remarks 7 (f)(ii) ‧見備註/See Remarks 7 (e)(iv),
2018-09-24,2018-10-08,,第5座 (5B) Tower 5 (5B),25,A,,9588000,,‧價單第8B號 (A2)付款辦法 Payment Plan (A2) of Price List No.8B 見備註/See Remarks 7 (c)(i) ‧見備註/See Remarks 7 (c)(iii) ‧見備註/See Remarks 7 (c)(iv) ‧見備註/See Remarks 7 (c)(v) ‧見備註/See Remarks 7 (e)(vi) ‧見備註/See Remarks 7 (d)(v) ‧見備註/See Remarks 7 (e)(iii) ‧見備註/See Remarks 7 (f)(ii) ‧見備註/See Remarks 7 (e)(iv),
2018-09-24,2018-10-08,,第5座 (5B) Tower 5 (5B),40,J,,9088000,,‧價單第8B號 (B2)付款辦法 Payment Plan (B2) of Price List No.8B 見備註/See Remarks 7 (c)(ii) ‧見備註/See Remarks 7 (c)(iii) ‧見備註/See Remarks 7 (c)(iv) ‧見備註/See Remarks 7 (c)(v) ‧見備註/See Remarks 7 (e)(v) ‧見備註/See Remarks 7 (e)(vi) ‧見備註/See Remarks 7 (d)(ii) ‧見備註/See Remarks 7 (e)(iii) ‧見備註/See Remarks 7 (f)(ii) ‧見備註/See Remarks 7 (e)(iv),
2018-09-26,2018-10-09,,第5座 (5A) Tower 5 (5A),28,C,,30619200,,‧價單第6B號 (A2)付款辦法 Payment Plan (A2) of Price List No.6B 見備註/See Remarks 7 (c)(i) ‧見備註/See Remarks 7 (c)(iii) ‧見備註/See Remarks 7 (c)(iv) ‧見備註/See Remarks 7 (c)(v) ‧見備註/See Remarks 7 (e)(vi) ‧見備註/See Remarks 7 (d)(v) ‧見備註/See Remarks 7 (e)(iii),
2018-09-26,2018-10-09,,第5座 (5B) Tower 5 (5B),56,K,,16739200,,‧價單第8B號 (A2)付款辦法 Payment Plan (A2) of Price List No.8B 見備註/See Remarks 7 (c)(i) ‧見備註/See Remarks 7 (c)(iii) ‧見備註/See Remarks 7 (c)(iv) ‧見備註/See Remarks 7 (c)(v) ‧見備註/See Remarks 7 (e)(vi) ‧見備註/See Remarks 7 (d)(v) ‧見備註/See Remarks 7 (e)(iii) ‧見備註/See Remarks 7 (f)(ii) ‧見備註/See Remarks 7 (e)(iv),
2018-10-04,,,第3座 (3A) Tower 3 (3A),25,A,,38696800,,‧價單第4G號 (A3)付款辦法 Payment Plan (A3) of Price List No.4G 見備註/See Remarks 7 (c)(i) ‧見備註/See Remarks 7 (c)(iii) ‧見備註/See Remarks 7 (c)(iv) ‧見備註/See Remarks 7 (c)(v) ‧見備註/See Remarks 7 (e)(vi) ‧見備註/See Remarks 7 (d)(v) ‧見備註/See Remarks 7 (e)(iii),
2018-10-05,2018-10-18,,第5座 (5A) Tower 5 (5A),12,A,,38876800,,‧價單第8C號 (A3)付款辦法 Payment Plan (A3) of Price List No.8C 見備註/See Remarks 7 (c)(i) ‧見備註/See Remarks 7 (c)(iii) ‧見備註/See Remarks 7 (c)(iv) ‧見備註/See Remarks 7 (c)(v) ‧見備註/See Remarks 7 (e)(vi) ‧見備註/See Remarks 7 (d)(v) ‧見備註/See Remarks 7 (e)(iii) ‧見備註/See Remarks 7 (f)(i),
2018-10-05,2018-10-18,,第5座 (5B) Tower 5 (5B),51,J,,9398400,,‧價單第8C號 (A3)付款辦法 Payment Plan (A3) of Price List No.8C 見備註/See Remarks 7 (c)(i) ‧見備註/See Remarks 7 (c)(iii) ‧見備註/See Remarks 7 (c)(iv) ‧見備註/See Remarks 7 (c)(v) ‧見備註/See Remarks 7 (e)(vi) ‧見備註/See Remarks 7 (d)(v) ‧見備註/See Remarks 7 (e)(iii) ‧見備註/See Remarks 7 (f)(ii) ‧見備註/See Remarks 7 (e)(iv),
2018-10-07,2018-10-18,,第5座 (5B) Tower 5 (5B),41,A,,10110400,,‧價單第8C號 (A3)付款辦法 Payment Plan (A3) of Price List No.8C 見備註/See Remarks 7 (c)(i) ‧見備註/See Remarks 7 (c)(iii) ‧見備註/See Remarks 7 (c)(iv) ‧見備註/See Remarks 7 (c)(v) ‧見備註/See Remarks 7 (e)(vi) ‧見備註/See Remarks 7 (d)(v) ‧見備註/See Remarks 7 (e)(iii) ‧見備註/See Remarks 7 (f)(ii) ‧見備註/See Remarks 7 (e)(iv),
2018-10-12,2018-10-25,,第5座 (5B) Tower 5 (5B),51,A,,11469900,,‧價單第8C號 (B3)付款辦法 Payment Plan (B3) of Price List No.8C 見備註/See Remarks 7 (c)(ii) ‧見備註/See Remarks 7 (c)(iii) ‧見備註/See Remarks 7 (d)(iii) ‧見備註/See Remarks 7 (c)(v) ‧見備註/See Remarks 7 (e)(v) ‧見備註/See Remarks 7 (e)(vi) ‧見備註/See Remarks 7 (e)(iii) ‧見備註/See Remarks 7 (f)(ii) ‧見備註/See Remarks 7 (e)(iv),
2018-10-12,2018-10-25,,第5座 (5B) Tower 5 (5B),49,A,,10339200,,‧價單第8C號 (A3)付款辦法 Payment Plan (A3) of Price List No.8C 見備註/See Remarks 7 (c)(i) ‧見備註/See Remarks 7 (c)(iii) ‧見備註/See Remarks 7 (c)(iv) ‧見備註/See Remarks 7 (c)(v) ‧見備註/See Remarks 7 (e)(vi) ‧見備註/See Remarks 7 (d)(v) ‧見備註/See Remarks 7 (e)(iii) ‧見備註/See Remarks 7 (f)(ii) ‧見備註/See Remarks 7 (e)(iv),
2018-10-13,2018-10-25,,第3座 (3A) Tower 3 (3A),25,A,,38696800,,‧價單第4G號 (A3)付款辦法 Payment Plan (A3) of Price List No.4G 見備註/See Remarks 7 (c)(i) ‧見備註/See Remarks 7 (c)(iii) ‧見備註/See Remarks 7 (c)(iv) ‧見備註/See Remarks 7 (c)(v) ‧見備註/See Remarks 7 (e)(vi) ‧見備註/See Remarks 7 (d)(v) ‧見備註/See Remarks 7 (e)(iii),
2018-10-14,2018-10-25,,第5座 (5B) Tower 5 (5B),56,A,,10938400,,‧價單第8C號 (A3)付款辦法 Payment Plan (A3) of Price List No.8C 見備註/See Remarks 7 (c)(i) ‧見備註/See Remarks 7 (c)(iii) ‧見備註/See Remarks 7 (c)(iv) ‧見備註/See Remarks 7 (c)(v) ‧見備註/See Remarks 7 (e)(vi) ‧見備註/See Remarks 7 (d)(v) ‧見備註/See Remarks 7 (e)(iii) ‧見備註/See Remarks 7 (f)(ii) ‧見備註/See Remarks 7 (e)(iv),
2018-10-18,2018-10-30,,第5座 (5B) Tower 5 (5B),18,K,,14335200,,‧價單第8C號 (A3)付款辦法 Payment Plan (A3) of Price List No.8C 見備註/See Remarks 7 (c)(i) ‧見備註/See Remarks 7 (c)(iii) ‧見備註/See Remarks 7 (c)(iv) ‧見備註/See Remarks 7 (c)(v) ‧見備註/See Remarks 7 (e)(vi) ‧見備註/See Remarks 7 (d)(v) ‧見備註/See Remarks 7 (e)(iii) ‧見備註/See Remarks 7 (f)(ii) ‧見備註/See Remarks 7 (e)(iv),
2018-10-27,2018-11-07,,第5座 (5B) Tower 5 (5B),15,E,,7612000,"在23-01-2019，基於法例第35(2)(b)條所容許的原因 ，售價調整為$7,426,400。 On 23-01-2019, the price adjusted to $7,426,400 due to the reason allowed under section 35(2)(b) of the Ordinance.",‧價單第8C號 (B3)付款辦法 Payment Plan (B3) of Price List No.8C 見備註/See Remarks 7 (c)(ii) ‧見備註/See Remarks 7 (c)(iii) ‧見備註/See Remarks 7 (c)(iv) ‧見備註/See Remarks 7 (c)(v) ‧見備註/See Remarks 7 (e)(v) ‧見備註/See Remarks 7 (e)(vi) ‧見備註/See Remarks 7 (d)(ii) ‧見備註/See Remarks 7 (e)(iii) ‧見備註/See Remarks 7 (f)(ii) ‧見備註/See Remarks 7 (e)(iv) ‧價單第8C號 (A3)付款辦法 Payment Plan (A3) of Price List No.8C 見備註/See Remarks 7 (c)(i) ‧見備註/See Remarks 7 (c)(iii) ‧見備註/See Remarks 7 (c)(iv) ‧見備註/See Remarks 7 (c)(v) ‧見備註/See Remarks 7 (e)(vi) ‧見備註/See Remarks 7 (d)(v) ‧見備註/See Remarks 7 (e)(iii) ‧見備註/See Remarks 7 (f)(ii) ‧見備註/See Remarks 7 (e)(iv) ‧(在23-01-2019修訂) (revised on 23-01-2019),
2019-01-04,2019-01-11,,第5座 (5A) Tower 5 (5A),49,C,,32812000,,‧價單第7B號 (A4)付款辦法 Payment Plan (A4) of Price List No.7B 見備註/See Remarks 7 (c)(i) ‧見備註/See Remarks 7 (c)(iii) ‧見備註/See Remarks 7 (c)(iv) ‧見備註/See Remarks 7 (c)(v) ‧見備註/See Remarks 7 (e)(vi) ‧見備註/See Remarks 7 (d)(v) ‧見備註/See Remarks 7 (e)(iii) ‧見備註/See Remarks 7 (f)(i),
2019-01-11,2019-01-16,,第5座 (5B) Tower 5 (5B),47,E,,8252000,,‧價單第8D號 (A4)付款辦法 Payment Plan (A4) of Price List No.8D 見備註/See Remarks 7 (c)(i) ‧見備註/See Remarks 7 (c)(iii) ‧見備註/See Remarks 7 (c)(iv) ‧見備註/See Remarks 7 (c)(v) ‧見備註/See Remarks 7 (e)(vi) ‧見備註/See Remarks 7 (d)(v) ‧見備註/See Remarks 7 (e)(iii) ‧見備註/See Remarks 7 (e)(iv),
2019-02-16,2019-02-22,,第5座 (5A) Tower 5 (5A),45,C,,32292800,,‧價單第7B號 (A4)付款辦法 Payment Plan (A4) of Price List No.7B 見備註/See Remarks 7 (c)(i) ‧見備註/See Remarks 7 (c)(iii) ‧見備註/See Remarks 7 (c)(iv) ‧見備註/See Remarks 7 (c)(v) ‧見備註/See Remarks 7 (e)(vi) ‧見備註/See Remarks 7 (d)(v) ‧見備註/See Remarks 7 (e)(iii) ‧見備註/See Remarks 7 (f)(i),
2019-02-23,2019-03-01,,第5座 (5A) Tower 5 (5A),38,C,,31655200,,‧價單第6D號 (A4)付款辦法 Payment Plan (A4) of Price List No.6D 見備註/See Remarks 7 (c)(i) ‧見備註/See Remarks 7 (c)(iii) ‧見備註/See Remarks 7 (c)(iv) ‧見備註/See Remarks 7 (c)(v) ‧見備註/See Remarks 7 (e)(vi) ‧見備註/See Remarks 7 (d)(v) ‧見備註/See Remarks 7 (e)(iii),
2019-03-01,2019-03-08,,第5座 (5A) Tower 5 (5A),39,C,,31655200,,‧價單第6D號 (A4)付款辦法 Payment Plan (A4) of Price List No.6D 見備註/See Remarks 7 (c)(i) ‧見備註/See Remarks 7 (c)(iii) ‧見備註/See Remarks 7 (c)(iv) ‧見備註/See Remarks 7 (c)(v) ‧見備註/See Remarks 7 (e)(vi) ‧見備註/See Remarks 7 (d)(v) ‧見備註/See Remarks 7 (e)(iii),
2019-03-03,2019-03-08,,第5座 (5A) Tower 5 (5A),40,C,,31780800,,‧價單第6D號 (A4)付款辦法 Payment Plan (A4) of Price List No.6D 見備註/See Remarks 7 (c)(i) ‧見備註/See Remarks 7 (c)(iii) ‧見備註/See Remarks 7 (c)(iv) ‧見備註/See Remarks 7 (c)(v) ‧見備註/See Remarks 7 (e)(vi) ‧見備註/See Remarks 7 (d)(v) ‧見備註/See Remarks 7 (e)(iii),
2019-03-20,2019-03-27,,第5座 (5A) Tower 5 (5A),36,C,,31324800,,‧價單第6D號 (A4)付款辦法 Payment Plan (A4) of Price List No.6D 見備註/See Remarks 7 (c)(i) ‧見備註/See Remarks 7 (c)(iii) ‧見備註/See Remarks 7 (c)(iv) ‧見備註/See Remarks 7 (c)(v) ‧見備註/See Remarks 7 (e)(vi) ‧見備註/See Remarks 7 (d)(v) ‧見備註/See Remarks 7 (e)(iii),
2019-03-21,2019-03-29,,第5座 (5A) Tower 5 (5A),37,C,,31435200,,‧價單第6D號 (A4)付款辦法 Payment Plan (A4) of Price List No.6D 見備註/See Remarks 7 (c)(i) ‧見備註/See Remarks 7 (c)(iii) ‧見備註/See Remarks 7 (c)(iv) ‧見備註/See Remarks 7 (c)(v) ‧見備註/See Remarks 7 (e)(vi) ‧見備註/See Remarks 7 (d)(v) ‧見備註/See Remarks 7 (e)(iii),
2019-03-23,2019-03-29,,第5座 (5A) Tower 5 (5A),35,C,,31216000,,‧價單第6D號 (A4)付款辦法 Payment Plan (A4) of Price List No.6D 見備註/See Remarks 7 (c)(i) ‧見備註/See Remarks 7 (c)(iii) ‧見備註/See Remarks 7 (c)(iv) ‧見備註/See Remarks 7 (c)(v) ‧見備註/See Remarks 7 (e)(vi) ‧見備註/See Remarks 7 (d)(v) ‧見備註/See Remarks 7 (e)(iii),
2019-05-04,2019-05-10,,第5座 (5B) Tower 5 (5B),56,E,,8880800,,‧價單第8D號 (A4.)付款辦法 Payment Plan (A4.) of Price List No.8D 見備註/See Remarks 7.1 (c)(i)(a) ‧見備註/See Remarks 7.1 (c)(i)(d) ‧見備註/See Remarks 7.1 (c)(i)(e) ‧見備註/See Remarks 7.1 (c)(i)(f) ‧見備註/See Remarks 7.1 (e)(iv) ‧見備註/See Remarks 7.1 (d)(v) ‧見備註/See Remarks 7.1 (e)(i) ‧見備註/See Remarks 7.1 (e)(ii),
2019-05-12,2019-05-20,,第5座 (5B) Tower 5 (5B),51,E,,8322400,,‧價單第8D號 (A4.)付款辦法 Payment Plan (A4.) of Price List No.8D 見備註/See Remarks 7.1 (c)(i)(a) ‧見備註/See Remarks 7.1 (c)(i)(d) ‧見備註/See Remarks 7.1 (c)(i)(e) ‧見備註/See Remarks 7.1 (c)(i)(f) ‧見備註/See Remarks 7.1 (e)(iv) ‧見備註/See Remarks 7.1 (d)(v) ‧見備註/See Remarks 7.1 (e)(i) ‧見備註/See Remarks 7.1 (e)(ii),
2019-05-13,2019-05-20,,第3座 (3A) Tower 3 (3A),10,C,,14571200,,‧價單第2D號 (D1)付款辦法 Payment Plan (D1) of Price List No.2D 見備註/See Remarks 7.1 (c)(i)(g) ‧見備註/See Remarks 7.1 (c)(i)(d) ‧見備註/See Remarks 7.1 (c)(i)(e) ‧見備註/See Remarks 7.1 (c)(i)(f) ‧見備註/See Remarks 7.1 (d)(iii) ‧見備註/See Remarks 7.1 (e)(i),
2019-05-13,2019-05-20,,第3座 (3A) Tower 3 (3A),7,C,,14222400,,‧價單第2D號 (D1)付款辦法 Payment Plan (D1) of Price List No.2D 見備註/See Remarks 7.1 (c)(i)(g) ‧見備註/See Remarks 7.1 (c)(i)(d) ‧見備註/See Remarks 7.1 (c)(i)(e) ‧見備註/See Remarks 7.1 (c)(i)(f) ‧見備註/See Remarks 7.1 (d)(iii) ‧見備註/See Remarks 7.1 (e)(i),
2019-05-13,2019-05-20,,第3座 (3B) Tower 3 (3B),28,J,,8954400,,‧價單第1F號 (D1)付款辦法 Payment Plan (D1) of Price List No.1F 見備註/See Remarks 7.1 (c)(i)(g) ‧見備註/See Remarks 7.1 (c)(i)(d) ‧見備註/See Remarks 7.1 (c)(i)(e) ‧見備註/See Remarks 7.1 (c)(i)(f) ‧見備註/See Remarks 7.1 (d)(iii) ‧見備註/See Remarks 7.1 (e)(i),
2019-05-13,2019-05-20,,第3座 (3B) Tower 3 (3B),25,J,,8776000,,‧價單第1F號 (D1)付款辦法 Payment Plan (D1) of Price List No.1F 見備註/See Remarks 7.1 (c)(i)(g) ‧見備註/See Remarks 7.1 (c)(i)(d) ‧見備註/See Remarks 7.1 (c)(i)(e) ‧見備註/See Remarks 7.1 (c)(i)(f) ‧見備註/See Remarks 7.1 (d)(iii) ‧見備註/See Remarks 7.1 (e)(i),
2019-05-13,2019-05-20,,第3座 (3B) Tower 3 (3B),21,J,,8646400,,‧價單第1F號 (D1)付款辦法 Payment Plan (D1) of Price List No.1F 見備註/See Remarks 7.1 (c)(i)(g) ‧見備註/See Remarks 7.1 (c)(i)(d) ‧見備註/See Remarks 7.1 (c)(i)(e) ‧見備註/See Remarks 7.1 (c)(i)(f) ‧見備註/See Remarks 7.1 (d)(iii) ‧見備註/See Remarks 7.1 (e)(i),
2019-05-13,2019-05-20,,第3座 (3B) Tower 3 (3B),18,J,,8559200,,‧價單第1F號 (D1)付款辦法 Payment Plan (D1) of Price List No.1F 見備註/See Remarks 7.1 (c)(i)(g) ‧見備註/See Remarks 7.1 (c)(i)(d) ‧見備註/See Remarks 7.1 (c)(i)(e) ‧見備註/See Remarks 7.1 (c)(i)(f) ‧見備註/See Remarks 7.1 (d)(iii) ‧見備註/See Remarks 7.1 (e)(i),
2019-05-13,2019-05-20,,第3座 (3B) Tower 3 (3B),15,J,,8500000,,‧價單第1F號 (D1)付款辦法 Payment Plan (D1) of Price List No.1F 見備註/See Remarks 7.1 (c)(i)(g) ‧見備註/See Remarks 7.1 (c)(i)(d) ‧見備註/See Remarks 7.1 (c)(i)(e) ‧見備註/See Remarks 7.1 (c)(i)(f) ‧見備註/See Remarks 7.1 (d)(iii) ‧見備註/See Remarks 7.1 (e)(i),
2019-05-13,2019-05-20,,第3座 (3B) Tower 3 (3B),10,J,,8473600,,‧價單第1F號 (D1)付款辦法 Payment Plan (D1) of Price List No.1F 見備註/See Remarks 7.1 (c)(i)(g) ‧見備註/See Remarks 7.1 (c)(i)(d) ‧見備註/See Remarks 7.1 (c)(i)(e) ‧見備註/See Remarks 7.1 (c)(i)(f) ‧見備註/See Remarks 7.1 (d)(iii) ‧見備註/See Remarks 7.1 (e)(i),
2019-05-13,2019-05-20,,第3座 (3B) Tower 3 (3B),7,J,,8448000,,‧價單第1F號 (D1)付款辦法 Payment Plan (D1) of Price List No.1F 見備註/See Remarks 7.1 (c)(i)(g) ‧見備註/See Remarks 7.1 (c)(i)(d) ‧見備註/See Remarks 7.1 (c)(i)(e) ‧見備註/See Remarks 7.1 (c)(i)(f) ‧見備註/See Remarks 7.1 (d)(iii) ‧見備註/See Remarks 7.1 (e)(i),
2019-05-19,2019-05-24,,第3座 (3B) Tower 3 (3B),10,D,,11554400,,‧價單第1G號 (D1)付款辦法 Payment Plan (D1) of Price List No.1G 見備註/See Remarks 7.1 (c)(i)(g) ‧見備註/See Remarks 7.1 (c)(i)(d) ‧見備註/See Remarks 7.1 (c)(i)(e) ‧見備註/See Remarks 7.1 (c)(i)(f) ‧見備註/See Remarks 7.1 (d)(iii) ‧見備註/See Remarks 7.1 (e)(i),
2019-05-19,2019-05-24,,第3座 (3B) Tower 3 (3B),7,D,,11336000,,‧價單第1G號 (D1)付款辦法 Payment Plan (D1) of Price List No.1G 見備註/See Remarks 7.1 (c)(i)(g) ‧見備註/See Remarks 7.1 (c)(i)(d) ‧見備註/See Remarks 7.1 (c)(i)(e) ‧見備註/See Remarks 7.1 (c)(i)(f) ‧見備註/See Remarks 7.1 (d)(iii) ‧見備註/See Remarks 7.1 (e)(i),
2019-05-19,2019-05-24,,第3座 (3B) Tower 3 (3B),56,F,,9978400,,‧價單第4I號 (D1)付款辦法 Payment Plan (D1) of Price List No.4I 見備註/See Remarks 7.1 (c)(i)(g) ‧見備註/See Remarks 7.1 (c)(i)(d) ‧見備註/See Remarks 7.1 (c)(i)(e) ‧見備註/See Remarks 7.1 (c)(i)(f) ‧見備註/See Remarks 7.1 (d)(iii) ‧見備註/See Remarks 7.1 (e)(i),
2019-05-19,2019-05-24,,第3座 (3B) Tower 3 (3B),53,F,,9835200,,‧價單第4I號 (D1)付款辦法 Payment Plan (D1) of Price List No.4I 見備註/See Remarks 7.1 (c)(i)(g) ‧見備註/See Remarks 7.1 (c)(i)(d) ‧見備註/See Remarks 7.1 (c)(i)(e) ‧見備註/See Remarks 7.1 (c)(i)(f) ‧見備註/See Remarks 7.1 (d)(iii) ‧見備註/See Remarks 7.1 (e)(i),
2019-05-19,2019-05-24,,第3座 (3B) Tower 3 (3B),51,F,,9706400,,‧價單第4I號 (D1)付款辦法 Payment Plan (D1) of Price List No.4I 見備註/See Remarks 7.1 (c)(i)(g) ‧見備註/See Remarks 7.1 (c)(i)(d) ‧見備註/See Remarks 7.1 (c)(i)(e) ‧見備註/See Remarks 7.1 (c)(i)(f) ‧見備註/See Remarks 7.1 (d)(iii) ‧見備註/See Remarks 7.1 (e)(i),
2019-05-19,2019-05-22,,第3座 (3B) Tower 3 (3B),28,H,,9209600,,‧價單第1G號 (D1)付款辦法 Payment Plan (D1) of Price List No.1G 見備註/See Remarks 7.1 (c)(i)(g) ‧見備註/See Remarks 7.1 (c)(i)(d) ‧見備註/See Remarks 7.1 (c)(i)(e) ‧見備註/See Remarks 7.1 (c)(i)(f) ‧見備註/See Remarks 7.1 (d)(iii) ‧見備註/See Remarks 7.1 (e)(i),
2019-05-19,2019-05-24,,第3座 (3B) Tower 3 (3B),25,H,,9025600,,‧價單第1G號 (D1)付款辦法 Payment Plan (D1) of Price List No.1G 見備註/See Remarks 7.1 (c)(i)(g) ‧見備註/See Remarks 7.1 (c)(i)(d) ‧見備註/See Remarks 7.1 (c)(i)(e) ‧見備註/See Remarks 7.1 (c)(i)(f) ‧見備註/See Remarks 7.1 (d)(iii) ‧見備註/See Remarks 7.1 (e)(i),
2019-05-19,2019-05-24,,第3座 (3B) Tower 3 (3B),21,H,,8891200,,‧價單第1G號 (D1)付款辦法 Payment Plan (D1) of Price List No.1G 見備註/See Remarks 7.1 (c)(i)(g) ‧見備註/See Remarks 7.1 (c)(i)(d) ‧見備註/See Remarks 7.1 (c)(i)(e) ‧見備註/See Remarks 7.1 (c)(i)(f) ‧見備註/See Remarks 7.1 (d)(iii) ‧見備註/See Remarks 7.1 (e)(i),
2019-05-19,2019-05-22,,第3座 (3B) Tower 3 (3B),18,H,,8801600,,‧價單第1G號 (D1)付款辦法 Payment Plan (D1) of Price List No.1G 見備註/See Remarks 7.1 (c)(i)(g) ‧見備註/See Remarks 7.1 (c)(i)(d) ‧見備註/See Remarks 7.1 (c)(i)(e) ‧見備註/See Remarks 7.1 (c)(i)(f) ‧見備註/See Remarks 7.1 (d)(iii) ‧見備註/See Remarks 7.1 (e)(i),
2019-05-19,2019-05-24,,第3座 (3B) Tower 3 (3B),15,H,,8740800,,‧價單第1G號 (D1)付款辦法 Payment Plan (D1) of Price List No.1G 見備註/See Remarks 7.1 (c)(i)(g) ‧見備註/See Remarks 7.1 (c)(i)(d) ‧見備註/See Remarks 7.1 (c)(i)(e) ‧見備註/See Remarks 7.1 (c)(i)(f) ‧見備註/See Remarks 7.1 (d)(iii) ‧見備註/See Remarks 7.1 (e)(i),
2019-05-19,2019-05-24,,第3座 (3B) Tower 3 (3B),10,H,,8713600,,‧價單第1G號 (D1)付款辦法 Payment Plan (D1) of Price List No.1G 見備註/See Remarks 7.1 (c)(i)(g) ‧見備註/See Remarks 7.1 (c)(i)(d) ‧見備註/See Remarks 7.1 (c)(i)(e) ‧見備註/See Remarks 7.1 (c)(i)(f) ‧見備註/See Remarks 7.1 (d)(iii) ‧見備註/See Remarks 7.1 (e)(i),
2019-05-19,2019-05-24,,第3座 (3B) Tower 3 (3B),7,H,,8688000,,‧價單第1G號 (D1)付款辦法 Payment Plan (D1) of Price List No.1G 見備註/See Remarks 7.1 (c)(i)(g) ‧見備註/See Remarks 7.1 (c)(i)(d) ‧見備註/See Remarks 7.1 (c)(i)(e) ‧見備註/See Remarks 7.1 (c)(i)(f) ‧見備註/See Remarks 7.1 (d)(iii) ‧見備註/See Remarks 7.1 (e)(i),
2019-05-28,2019-06-04,,第3座 (3A) Tower 3 (3A),53,C,,19800000,,‧價單第4J號 (D2)付款辦法 Payment Plan (D2) of Price List No.4J 見備註/See Remarks 7.1 (c)(i)(g) ‧見備註/See Remarks 7.1 (c)(i)(d) ‧見備註/See Remarks 7.1 (c)(i)(e) ‧見備註/See Remarks 7.1 (c)(i)(f) ‧見備註/See Remarks 7.1 (e)(i),
2019-05-28,2019-06-03,,第3座 (3A) Tower 3 (3A),45,C,,19000000,,‧價單第4J號 (D2)付款辦法 Payment Plan (D2) of Price List No.4J 見備註/See Remarks 7.1 (c)(i)(g) ‧見備註/See Remarks 7.1 (c)(i)(d) ‧見備註/See Remarks 7.1 (c)(i)(e) ‧見備註/See Remarks 7.1 (c)(i)(f) ‧見備註/See Remarks 7.1 (e)(i),
2019-05-28,2019-06-04,,第3座 (3B) Tower 3 (3B),55,B,,13088000,,‧價單第3F號 (D2)付款辦法 Payment Plan (D2) of Price List No.3F 見備註/See Remarks 7.1 (c)(i)(g) ‧見備註/See Remarks 7.1 (c)(i)(d) ‧見備註/See Remarks 7.1 (c)(i)(e) ‧見備註/See Remarks 7.1 (c)(i)(f) ‧見備註/See Remarks 7.1 (e)(i),
2019-05-28,2019-06-04,,第3座 (3B) Tower 3 (3B),18,D,,12426400,,‧價單第1H號 (D2)付款辦法 Payment Plan (D2) of Price List No.1H 見備註/See Remarks 7.1 (c)(i)(g) ‧見備註/See Remarks 7.1 (c)(i)(d) ‧見備註/See Remarks 7.1 (c)(i)(e) ‧見備註/See Remarks 7.1 (c)(i)(f) ‧見備註/See Remarks 7.1 (e)(i),
2019-05-28,2019-06-04,,第3座 (3B) Tower 3 (3B),15,D,,11990400,,‧價單第1H號 (D2)付款辦法 Payment Plan (D2) of Price List No.1H 見備註/See Remarks 7.1 (c)(i)(g) ‧見備註/See Remarks 7.1 (c)(i)(d) ‧見備註/See Remarks 7.1 (c)(i)(e) ‧見備註/See Remarks 7.1 (c)(i)(f) ‧見備註/See Remarks 7.1 (e)(i),
2019-05-28,2019-06-04,,第3座 (3B) Tower 3 (3B),32,E,,9302400,,‧價單第1H號 (D2)付款辦法 Payment Plan (D2) of Price List No.1H 見備註/See Remarks 7.1 (c)(i)(g) ‧見備註/See Remarks 7.1 (c)(i)(d) ‧見備註/See Remarks 7.1 (c)(i)(e) ‧見備註/See Remarks 7.1 (c)(i)(f) ‧見備註/See Remarks 7.1 (e)(i),
2019-05-28,2019-06-04,,第3座 (3B) Tower 3 (3B),28,E,,9209600,,‧價單第1H號 (D2)付款辦法 Payment Plan (D2) of Price List No.1H 見備註/See Remarks 7.1 (c)(i)(g) ‧見備註/See Remarks 7.1 (c)(i)(d) ‧見備註/See Remarks 7.1 (c)(i)(e) ‧見備註/See Remarks 7.1 (c)(i)(f) ‧見備註/See Remarks 7.1 (e)(i),
2019-05-28,2019-06-04,,第3座 (3B) Tower 3 (3B),25,E,,9025600,,‧價單第1H號 (D2)付款辦法 Payment Plan (D2) of Price List No.1H 見備註/See Remarks 7.1 (c)(i)(g) ‧見備註/See Remarks 7.1 (c)(i)(d) ‧見備註/See Remarks 7.1 (c)(i)(e) ‧見備註/See Remarks 7.1 (c)(i)(f) ‧見備註/See Remarks 7.1 (e)(i),
2019-05-28,2019-06-04,,第3座 (3B) Tower 3 (3B),21,E,,8891200,,‧價單第1H號 (D2)付款辦法 Payment Plan (D2) of Price List No.1H 見備註/See Remarks 7.1 (c)(i)(g) ‧見備註/See Remarks 7.1 (c)(i)(d) ‧見備註/See Remarks 7.1 (c)(i)(e) ‧見備註/See Remarks 7.1 (c)(i)(f) ‧見備註/See Remarks 7.1 (e)(i),
2019-05-28,2019-06-04,,第3座 (3B) Tower 3 (3B),18,E,,8801600,,‧價單第1H號 (D2)付款辦法 Payment Plan (D2) of Price List No.1H 見備註/See Remarks 7.1 (c)(i)(g) ‧見備註/See Remarks 7.1 (c)(i)(d) ‧見備註/See Remarks 7.1 (c)(i)(e) ‧見備註/See Remarks 7.1 (c)(i)(f) ‧見備註/See Remarks 7.1 (e)(i),
2019-05-28,2019-06-04,,第3座 (3B) Tower 3 (3B),15,E,,8740800,,‧價單第1H號 (D2)付款辦法 Payment Plan (D2) of Price List No.1H 見備註/See Remarks 7.1 (c)(i)(g) ‧見備註/See Remarks 7.1 (c)(i)(d) ‧見備註/See Remarks 7.1 (c)(i)(e) ‧見備註/See Remarks 7.1 (c)(i)(f) ‧見備註/See Remarks 7.1 (e)(i),
2019-05-28,2019-06-04,,第3座 (3B) Tower 3 (3B),10,E,,8713600,,‧價單第1H號 (D2)付款辦法 Payment Plan (D2) of Price List No.1H 見備註/See Remarks 7.1 (c)(i)(g) ‧見備註/See Remarks 7.1 (c)(i)(d) ‧見備註/See Remarks 7.1 (c)(i)(e) ‧見備註/See Remarks 7.1 (c)(i)(f) ‧見備註/See Remarks 7.1 (e)(i),
2019-05-28,2019-06-04,,第3座 (3B) Tower 3 (3B),7,E,,8688000,,‧價單第1H號 (D2)付款辦法 Payment Plan (D2) of Price List No.1H 見備註/See Remarks 7.1 (c)(i)(g) ‧見備註/See Remarks 7.1 (c)(i)(d) ‧見備註/See Remarks 7.1 (c)(i)(e) ‧見備註/See Remarks 7.1 (c)(i)(f) ‧見備註/See Remarks 7.1 (e)(i),
2019-05-28,2019-05-31,,第3座 (3B) Tower 3 (3B),55,F,,10030400,,‧價單第4J號 (D2)付款辦法 Payment Plan (D2) of Price List No.4J 見備註/See Remarks 7.1 (c)(i)(g) ‧見備註/See Remarks 7.1 (c)(i)(d) ‧見備註/See Remarks 7.1 (c)(i)(e) ‧見備註/See Remarks 7.1 (c)(i)(f) ‧見備註/See Remarks 7.1 (e)(i),
2019-05-28,2019-06-04,,第3座 (3B) Tower 3 (3B),52,F,,9888000,,‧價單第4J號 (D2)付款辦法 Payment Plan (D2) of Price List No.4J 見備註/See Remarks 7.1 (c)(i)(g) ‧見備註/See Remarks 7.1 (c)(i)(d) ‧見備註/See Remarks 7.1 (c)(i)(e) ‧見備註/See Remarks 7.1 (c)(i)(f) ‧見備註/See Remarks 7.1 (e)(i),
2019-05-28,2019-06-04,,第3座 (3B) Tower 3 (3B),32,F,,9302400,,‧價單第1H號 (D2)付款辦法 Payment Plan (D2) of Price List No.1H 見備註/See Remarks 7.1 (c)(i)(g) ‧見備註/See Remarks 7.1 (c)(i)(d) ‧見備註/See Remarks 7.1 (c)(i)(e) ‧見備註/See Remarks 7.1 (c)(i)(f) ‧見備註/See Remarks 7.1 (e)(i),
2019-05-28,2019-06-04,,第3座 (3B) Tower 3 (3B),28,F,,9209600,,‧價單第1H號 (D2)付款辦法 Payment Plan (D2) of Price List No.1H 見備註/See Remarks 7.1 (c)(i)(g) ‧見備註/See Remarks 7.1 (c)(i)(d) ‧見備註/See Remarks 7.1 (c)(i)(e) ‧見備註/See Remarks 7.1 (c)(i)(f) ‧見備註/See Remarks 7.1 (e)(i),
2019-05-28,2019-06-04,,第3座 (3B) Tower 3 (3B),25,F,,9025600,,‧價單第1H號 (D2)付款辦法 Payment Plan (D2) of Price List No.1H 見備註/See Remarks 7.1 (c)(i)(g) ‧見備註/See Remarks 7.1 (c)(i)(d) ‧見備註/See Remarks 7.1 (c)(i)(e) ‧見備註/See Remarks 7.1 (c)(i)(f) ‧見備註/See Remarks 7.1 (e)(i),
2019-05-28,2019-06-04,,第3座 (3B) Tower 3 (3B),21,F,,8891200,,‧價單第1H號 (D2)付款辦法 Payment Plan (D2) of Price List No.1H 見備註/See Remarks 7.1 (c)(i)(g) ‧見備註/See Remarks 7.1 (c)(i)(d) ‧見備註/See Remarks 7.1 (c)(i)(e) ‧見備註/See Remarks 7.1 (c)(i)(f) ‧見備註/See Remarks 7.1 (e)(i),
2019-05-28,2019-06-04,,第3座 (3B) Tower 3 (3B),18,F,,8801600,,‧價單第1H號 (D2)付款辦法 Payment Plan (D2) of Price List No.1H 見備註/See Remarks 7.1 (c)(i)(g) ‧見備註/See Remarks 7.1 (c)(i)(d) ‧見備註/See Remarks 7.1 (c)(i)(e) ‧見備註/See Remarks 7.1 (c)(i)(f) ‧見備註/See Remarks 7.1 (e)(i),
2019-05-28,2019-05-31,,第3座 (3B) Tower 3 (3B),15,F,,8740800,,‧價單第1H號 (D2)付款辦法 Payment Plan (D2) of Price List No.1H 見備註/See Remarks 7.1 (c)(i)(g) ‧見備註/See Remarks 7.1 (c)(i)(d) ‧見備註/See Remarks 7.1 (c)(i)(e) ‧見備註/See Remarks 7.1 (c)(i)(f) ‧見備註/See Remarks 7.1 (e)(i),
2019-05-28,2019-05-31,,第3座 (3B) Tower 3 (3B),10,F,,8713600,,‧價單第1H號 (D2)付款辦法 Payment Plan (D2) of Price List No.1H 見備註/See Remarks 7.1 (c)(i)(g) ‧見備註/See Remarks 7.1 (c)(i)(d) ‧見備註/See Remarks 7.1 (c)(i)(e) ‧見備註/See Remarks 7.1 (c)(i)(f) ‧見備註/See Remarks 7.1 (e)(i),
2019-05-28,2019-06-04,,第3座 (3B) Tower 3 (3B),7,F,,8688000,,‧價單第1H號 (D2)付款辦法 Payment Plan (D2) of Price List No.1H 見備註/See Remarks 7.1 (c)(i)(g) ‧見備註/See Remarks 7.1 (c)(i)(d) ‧見備註/See Remarks 7.1 (c)(i)(e) ‧見備註/See Remarks 7.1 (c)(i)(f) ‧見備註/See Remarks 7.1 (e)(i),
2019-05-28,2019-06-04,,第5座 (5B) Tower 5 (5B),11,J,,8723200,,‧價單第8F號 (D2)付款辦法 Payment Plan (D2) of Price List No.8F 見備註/See Remarks 7.1 (c)(i)(g) ‧見備註/See Remarks 7.1 (c)(i)(d) ‧見備註/See Remarks 7.1 (c)(i)(e) ‧見備註/See Remarks 7.1 (c)(i)(f) ‧見備註/See Remarks 7.1 (e)(i),
2019-05-28,2019-05-31,,第5座 (5B) Tower 5 (5B),7,J,,8688000,,‧價單第8F號 (D2)付款辦法 Payment Plan (D2) of Price List No.8F 見備註/See Remarks 7.1 (c)(i)(g) ‧見備註/See Remarks 7.1 (c)(i)(d) ‧見備註/See Remarks 7.1 (c)(i)(e) ‧見備註/See Remarks 7.1 (c)(i)(f) ‧見備註/See Remarks 7.1 (e)(i),
2019-06-09,2019-06-14,,第5座 (5B) Tower 5 (5B),23,E,,7629600,,‧價單第8F號 (D2)付款辦法 Payment Plan (D2) of Price List No.8F 見備註/See Remarks 7.1 (c)(i)(g) ‧見備註/See Remarks 7.1 (c)(i)(d) ‧見備註/See Remarks 7.1 (c)(i)(e) ‧見備註/See Remarks 7.1 (c)(i)(f) ‧見備註/See Remarks 7.1 (e)(i),
2019-07-08,2019-07-15,,第3座 (3B) Tower 3 (3B),37,G,,8000000,,‧價單第4K號 (E1)付款辦法 Payment Plan (E1) of Price List No.4K 見備註/See Remarks 7.1 (c)(i)(h) ‧見備註/See Remarks 7.1 (c)(i)(d) ‧見備註/See Remarks 7.1 (c)(i)(e) ‧見備註/See Remarks 7.1 (c)(i)(f) ‧見備註/See Remarks 7.1 (e)(i),
2020-02-17,2020-02-24,,第5座 (5B) Tower 5 (5B),49,B,,10780000,,‧價單第6E號 (E1)付款辦法 Payment Plan (E1) of Price List No.6E 見備註/See Remarks 7.1 (c)(i)(h) ‧見備註/See Remarks 7.1 (c)(i)(d) ‧見備註/See Remarks 7.1 (c)(i)(e) ‧見備註/See Remarks 7.1 (c)(i)(f) ‧見備註/See Remarks 7.1 (e)(i),
2020-03-01,2020-03-06,,第3座 (3A) Tower 3 (3A),39,A,,40928800,,‧價單第4M號 (E1)付款辦法 Payment Plan (E1) of Price List No.4M 見備註/See Remarks 7.1 (c)(i)(h) ‧見備註/See Remarks 7.1 (c)(i)(d) ‧見備註/See Remarks 7.1 (c)(i)(e) ‧見備註/See Remarks 7.1 (c)(i)(f) ‧見備註/See Remarks 7.1 (e)(i),
2020-03-04,2020-03-11,,第3座 (3B) Tower 3 (3B),42,B,,9900800,,‧價單第4M號 (E1)付款辦法 Payment Plan (E1) of Price List No.4M 見備註/See Remarks 7.1 (c)(i)(h) ‧見備註/See Remarks 7.1 (c)(i)(d) ‧見備註/See Remarks 7.1 (c)(i)(e) ‧見備註/See Remarks 7.1 (c)(i)(f) ‧見備註/See Remarks 7.1 (e)(i),
2020-04-13,2020-04-20,,第5座 (5B) Tower 5 (5B),53,A,,10462400,,‧價單第8G號 (E1)付款辦法 Payment Plan (E1) of Price List No.8G 見備註/See Remarks 7.1 (c)(i)(h) ‧見備註/See Remarks 7.1 (c)(i)(d) ‧見備註/See Remarks 7.1 (c)(i)(e) ‧見備註/See Remarks 7.1 (c)(i)(f) ‧見備註/See Remarks 7.1 (e)(i),
2021-06-05,2021-06-11,,第5座 (5B) Tower 5 (5B),38,K,,14868000,,‧價單第8I號 (H1)付款辦法 Payment Plan (H1) of Price List No.8I 見備註/See Remarks 7.1 (c)(i)(h) ‧見備註/See Remarks 7.1 (c)(i)(d) ‧見備註/See Remarks 7.1 (c)(i)(e) ‧見備註/See Remarks 7.1 (c)(i)(f) ‧見備註/See Remarks 7.1 (e)(i),
2021-06-07,2021-06-15,,第5座 (5B) Tower 5 (5B),9,J,,8910900,,‧價單第8I號 (K1)付款辦法 Payment Plan (K1) of Price List No.8I 見備註/See Remarks 7.1 (c)(i)(i) ‧見備註/See Remarks 7.1 (c)(i)(d) ‧見備註/See Remarks 7.1 (c)(i)(e) ‧見備註/See Remarks 7.1 (c)(i)(f) ‧見備註/See Remarks 7.1 (d)(vii) ‧見備註/See Remarks 7.1 (e)(i),
2021-09-15,2021-09-23,,第5座 (5A) Tower 5 (5A),42,B,,41988000,,90日付款計劃 (TA1) 90 Days Payment Plan (TA1) ‧見備註/See Remarks 7.1 (c)(ii)(a) ‧見備註/See Remarks 7.1 (e)(i) ‧見備註/See Remarks 7.1 (f)(i),
2022-04-09,2022-04-19,,第5座 (5A) Tower 5 (5A),16,B,,34680000,,90日付款計劃 (TA1) 90 Days Payment Plan (TA1) ‧見備註/See Remarks 7.1 (c)(ii)(a) ‧見備註/See Remarks 7.1 (e)(i) ‧見備註/See Remarks 7.1 (f)(i),
2025-08-06,2025-08-13,,第5座 (5A) Tower 5 (5A),20,C,,26334000,,90日付款計劃 (TA2) 90 Days Payment Plan (TA2) ‧見備註/See Remarks 7.1 (c)(ii)(d) ‧見備註/See Remarks 7.1 (e)(i) ‧見備註/See Remarks 7.1 (f)(i),
2025-10-14,2025-10-21,,第3座 (3A) Tower 3 (3A),48,D,,14888000,,90日付款計劃 (TA2) 90 Days Payment Plan (TA2) ‧見備註/See Remarks 7.1 (c)(ii)(d) ‧見備註/See Remarks 7.1 (e)(i),
2025-11-04,2025-11-11,,第3座 (3A) Tower 3 (3A),6,D,,11970000,,90日付款計劃 (TA2) 90 Days Payment Plan (TA2) ‧見備註/See Remarks 7.1 (c)(ii)(d) ‧見備註/See Remarks 7.1 (e)(i),
2025-11-14,2025-11-21,,第5座 (5A) Tower 5 (5A),43,C,,31600800,,90日付款計劃 (TA2) 90 Days Payment Plan (TA2) ‧見備註/See Remarks 7.1 (c)(ii)(d) ‧見備註/See Remarks 7.1 (e)(i) ‧見備註/See Remarks 7.1 (f)(i),
