pasp,asp,terminated,block,floor,unit,carpark,price,revision,terms,related
2018-11-12,2018-11-19,,COURT A TOWER 1 第一座,G/F,A,,37250000,,"招標文件支付辦法乙 (120天即供付款計劃) ．臨時訂金即樓價5%於投標書獲賣方接納當日(即接納書的日期)繳付 ．加付訂金即樓價5%於接納書的日期後60日內，或於賣方就其有能力將該物業有效地轉讓予買方 一事向買方發出通知的日期後的 14 日內繳付，以較早者為準。 ．樓價90%(樓價餘額)於接納書的日期後120日內，或於賣方就其有能力將該物業有效地轉讓予買 方一事向買方發出通知的日期後的 14 日內繳付，以較早者為準。 Payment Plan B (120 Days Cash Payment) of Tender Document ．A preliminary deposit equivalent to 5% of the purchase price shall be paid upon the tender being accepted by the Vendor (i.e. the date of the Letter of Acceptance). ．A further deposit equivalent to 5% of the purchase price shall be paid within 60 days after the date of Letter of Acceptance, or within 14 days after the date of the notification to the Purchaser that the Vendor is in a position validly to assign the Property to the Purchaser, whichever is earlier. ．90% of the purchase price (balance of purchase price) shall be paid within 120 days after the date of Letter of Acceptance, or within 14 days after the date of the notification to the Purchaser that the Vendor is in a position validly to assign the Property to the Purchaser, whichever is earlier. 可享有認購該發展項目內一個住客停車位的權利 An option to purchase one residential parking space in the Development",
2018-11-12,2018-11-19,,COURT A TOWER 1 第一座,G/F,B,,32150000,,"招標文件支付辦法乙 (120天即供付款計劃) ．臨時訂金即樓價5%於投標書獲賣方接納當日(即接納書的日期)繳付 ．加付訂金即樓價5%於接納書的日期後60日內，或於賣方就其有能力將該物業有效地轉讓予買方 一事向買方發出通知的日期後的 14 日內繳付，以較早者為準。 ．樓價90%(樓價餘額)於接納書的日期後120日內，或於賣方就其有能力將該物業有效地轉讓予買 方一事向買方發出通知的日期後的 14 日內繳付，以較早者為準。 Payment Plan B (120 Days Cash Payment) of Tender Document ．A preliminary deposit equivalent to 5% of the purchase price shall be paid upon the tender being accepted by the Vendor (i.e. the date of the Letter of Acceptance). ．A further deposit equivalent to 5% of the purchase price shall be paid within 60 days after the date of Letter of Acceptance, or within 14 days after the date of the notification to the Purchaser that the Vendor is in a position validly to assign the Property to the Purchaser, whichever is earlier. ．90% of the purchase price (balance of purchase price) shall be paid within 120 days after the date of Letter of Acceptance, or within 14 days after the date of the notification to the Purchaser that the Vendor is in a position validly to assign the Property to the Purchaser, whichever is earlier. 可享有認購該發展項目內一個住客停車位的權利 An option to purchase one residential parking space in the Development",
2018-11-12,2018-11-19,,COURT A TOWER 1 第一座,5/F,A,,34296380,,"招標文件支付辦法乙 (120天即供付款計劃) ．臨時訂金即樓價5%於投標書獲賣方接納當日(即接納書的日期)繳付 ．加付訂金即樓價5%於接納書的日期後60日內，或於賣方就其有能力將該物業有效地轉讓予買方 一事向買方發出通知的日期後的 14 日內繳付，以較早者為準。 ．樓價90%(樓價餘額)於接納書的日期後120日內，或於賣方就其有能力將該物業有效地轉讓予買 方一事向買方發出通知的日期後的 14 日內繳付，以較早者為準。 Payment Plan B (120 Days Cash Payment) of Tender Document ．A preliminary deposit equivalent to 5% of the purchase price shall be paid upon the tender being accepted by the Vendor (i.e. the date of the Letter of Acceptance). ．A further deposit equivalent to 5% of the purchase price shall be paid within 60 days after the date of Letter of Acceptance, or within 14 days after the date of the notification to the Purchaser that the Vendor is in a position validly to assign the Property to the Purchaser, whichever is earlier. ．90% of the purchase price (balance of purchase price) shall be paid within 120 days after the date of Letter of Acceptance, or within 14 days after the date of the notification to the Purchaser that the Vendor is in a position validly to assign the Property to the Purchaser, whichever is earlier. 可享有認購該發展項目內一個住客停車位的權利 An option to purchase one residential parking space in the Development",
2018-11-12,2018-11-19,,COURT A TOWER 1 第一座,6/F,A,,34597920,,"招標文件支付辦法乙 (120天即供付款計劃) ．臨時訂金即樓價5%於投標書獲賣方接納當日(即接納書的日期)繳付 ．加付訂金即樓價5%於接納書的日期後60日內，或於賣方就其有能力將該物業有效地轉讓予買方 一事向買方發出通知的日期後的 14 日內繳付，以較早者為準。 ．樓價90%(樓價餘額)於接納書的日期後120日內，或於賣方就其有能力將該物業有效地轉讓予買 方一事向買方發出通知的日期後的 14 日內繳付，以較早者為準。 Payment Plan B (120 Days Cash Payment) of Tender Document ．A preliminary deposit equivalent to 5% of the purchase price shall be paid upon the tender being accepted by the Vendor (i.e. the date of the Letter of Acceptance). ．A further deposit equivalent to 5% of the purchase price shall be paid within 60 days after the date of Letter of Acceptance, or within 14 days after the date of the notification to the Purchaser that the Vendor is in a position validly to assign the Property to the Purchaser, whichever is earlier. ．90% of the purchase price (balance of purchase price) shall be paid within 120 days after the date of Letter of Acceptance, or within 14 days after the date of the notification to the Purchaser that the Vendor is in a position validly to assign the Property to the Purchaser, whichever is earlier. 可享有認購該發展項目內一個住客停車位的權利 An option to purchase one residential parking space in the Development",
2018-11-12,2018-11-19,,COURT A TOWER 1 第一座,8/F,A,,37182600,,"招標文件支付辦法甲(建築期付款計劃) ．臨時訂金即樓價5%於投標書獲賣方接納當日(即接納書的日期)繳付。 ．加付訂金即樓價5%於接納書的日期後60日內，或於賣方就其有能力將該物業有效 地轉讓予買方一事向買方發出通知的日期後的14日內繳付，以較早者為準。 ．樓價90%(樓價餘額)於賣方就其有能力將該物業有效地轉讓予買方一事向買方發出 通知的日期後的14日內繳付。 Payment Plan A (Stage Payment Plan) of Tender Document ．A preliminary deposit equivalent to 5% of the purchase price shall be paid upon the tender being accepted by the Vendor (i.e. the date of the Letter of Acceptance). ．A further deposit equivalent to 5% of the purchase price shall be paid within 60 days after the date of Letter of Acceptance, or within 14 days after the date of the notification to the Purchaser that the Vendor is in a position validly to assign the Property to the Purchaser, whichever is earlier. ．90% of the purchase price (balance of purchase price) shall be paid within 14 days after the date of the notification to the Purchaser that the Vendor is in a position validly to assign the Property to the Purchaser. 可享有認購該發展項目內一個住客停車位的權利 An option to purchase one residential parking space in the Development",
2018-11-12,2018-11-19,,COURT A TOWER 1 第一座,8/F,B,,32268600,,"招標文件支付辦法甲(建築期付款計劃) ．臨時訂金即樓價5%於投標書獲賣方接納當日(即接納書的日期)繳付。 ．加付訂金即樓價5%於接納書的日期後60日內，或於賣方就其有能力將該物業有效 地轉讓予買方一事向買方發出通知的日期後的14日內繳付，以較早者為準。 ．樓價90%(樓價餘額)於賣方就其有能力將該物業有效地轉讓予買方一事向買方發出 通知的日期後的14日內繳付。 Payment Plan A (Stage Payment Plan) of Tender Document ．A preliminary deposit equivalent to 5% of the purchase price shall be paid upon the tender being accepted by the Vendor (i.e. the date of the Letter of Acceptance). ．A further deposit equivalent to 5% of the purchase price shall be paid within 60 days after the date of Letter of Acceptance, or within 14 days after the date of the notification to the Purchaser that the Vendor is in a position validly to assign the Property to the Purchaser, whichever is earlier. ．90% of the purchase price (balance of purchase price) shall be paid within 14 days after the date of the notification to the Purchaser that the Vendor is in a position validly to assign the Property to the Purchaser. 可享有認購該發展項目內一個住客停車位的權利 An option to purchase one residential parking space in the Development",
2018-11-12,2018-11-19,,COURT A TOWER 1 第一座,9/F,B,,30520000,,"招標文件支付辦法甲(建築期付款計劃) ．臨時訂金即樓價5%於投標書獲賣方接納當日(即接納書的日期)繳付。 ．加付訂金即樓價5%於接納書的日期後60日內，或於賣方就其有能力將該物業有效 地轉讓予買方一事向買方發出通知的日期後的14日內繳付，以較早者為準。 ．樓價90%(樓價餘額)於賣方就其有能力將該物業有效地轉讓予買方一事向買方發出 通知的日期後的14日內繳付。 Payment Plan A (Stage Payment Plan) of Tender Document ．A preliminary deposit equivalent to 5% of the purchase price shall be paid upon the tender being accepted by the Vendor (i.e. the date of the Letter of Acceptance). ．A further deposit equivalent to 5% of the purchase price shall be paid within 60 days after the date of Letter of Acceptance, or within 14 days after the date of the notification to the Purchaser that the Vendor is in a position validly to assign the Property to the Purchaser, whichever is earlier. ．90% of the purchase price (balance of purchase price) shall be paid within 14 days after the date of the notification to the Purchaser that the Vendor is in a position validly to assign the Property to the Purchaser. 可享有認購該發展項目內一個住客停車位的權利 An option to purchase one residential parking space in the Development",
2018-11-12,2018-11-19,,COURT A TOWER 1 第一座,12/F,A,,35700000,,"招標文件支付辦法乙 (120天即供付款計劃) ．臨時訂金即樓價5%於投標書獲賣方接納當日(即接納書的日期)繳付 ．加付訂金即樓價5%於接納書的日期後60日內，或於賣方就其有能力將該物業有效地轉讓予買方 一事向買方發出通知的日期後的 14 日內繳付，以較早者為準。 ．樓價90%(樓價餘額)於接納書的日期後120日內，或於賣方就其有能力將該物業有效地轉讓予買 方一事向買方發出通知的日期後的 14 日內繳付，以較早者為準。 Payment Plan B (120 Days Cash Payment) of Tender Document ．A preliminary deposit equivalent to 5% of the purchase price shall be paid upon the tender being accepted by the Vendor (i.e. the date of the Letter of Acceptance). ．A further deposit equivalent to 5% of the purchase price shall be paid within 60 days after the date of Letter of Acceptance, or within 14 days after the date of the notification to the Purchaser that the Vendor is in a position validly to assign the Property to the Purchaser, whichever is earlier. ．90% of the purchase price (balance of purchase price) shall be paid within 120 days after the date of Letter of Acceptance, or within 14 days after the date of the notification to the Purchaser that the Vendor is in a position validly to assign the Property to the Purchaser, whichever is earlier. 可享有認購該發展項目內一個住客停車位的權利 An option to purchase one residential parking space in the Development",
2018-11-12,2018-11-19,,COURT A TOWER 1 第一座,12/F,B,,31000000,,"招標文件支付辦法乙 (120天即供付款計劃) ．臨時訂金即樓價5%於投標書獲賣方接納當日(即接納書的日期)繳付 ．加付訂金即樓價5%於接納書的日期後60日內，或於賣方就其有能力將該物業有效地轉讓予買方 一事向買方發出通知的日期後的 14 日內繳付，以較早者為準。 ．樓價90%(樓價餘額)於接納書的日期後120日內，或於賣方就其有能力將該物業有效地轉讓予買 方一事向買方發出通知的日期後的 14 日內繳付，以較早者為準。 Payment Plan B (120 Days Cash Payment) of Tender Document ．A preliminary deposit equivalent to 5% of the purchase price shall be paid upon the tender being accepted by the Vendor (i.e. the date of the Letter of Acceptance). ．A further deposit equivalent to 5% of the purchase price shall be paid within 60 days after the date of Letter of Acceptance, or within 14 days after the date of the notification to the Purchaser that the Vendor is in a position validly to assign the Property to the Purchaser, whichever is earlier. ．90% of the purchase price (balance of purchase price) shall be paid within 120 days after the date of Letter of Acceptance, or within 14 days after the date of the notification to the Purchaser that the Vendor is in a position validly to assign the Property to the Purchaser, whichever is earlier. 可享有認購該發展項目內一個住客停車位的權利 An option to purchase one residential parking space in the Development",
2018-11-12,2018-11-19,,COURT A TOWER 1 第一座,15/F,A,,38000000,,"招標文件支付辦法甲(建築期付款計劃) ．臨時訂金即樓價5%於投標書獲賣方接納當日(即接納書的日期)繳付。 ．加付訂金即樓價5%於接納書的日期後60日內，或於賣方就其有能力將該物業有效 地轉讓予買方一事向買方發出通知的日期後的14日內繳付，以較早者為準。 ．樓價90%(樓價餘額)於賣方就其有能力將該物業有效地轉讓予買方一事向買方發出 通知的日期後的14日內繳付。 Payment Plan A (Stage Payment Plan) of Tender Document ．A preliminary deposit equivalent to 5% of the purchase price shall be paid upon the tender being accepted by the Vendor (i.e. the date of the Letter of Acceptance). ．A further deposit equivalent to 5% of the purchase price shall be paid within 60 days after the date of Letter of Acceptance, or within 14 days after the date of the notification to the Purchaser that the Vendor is in a position validly to assign the Property to the Purchaser, whichever is earlier. ．90% of the purchase price (balance of purchase price) shall be paid within 14 days after the date of the notification to the Purchaser that the Vendor is in a position validly to assign the Property to the Purchaser. 可享有認購該發展項目內一個住客停車位的權利 An option to purchase one residential parking space in the Development",
2018-11-12,2018-11-19,,COURT A TOWER 2 第二座,11/F,A,,29578560,,"招標文件支付辦法乙 (120天即供付款計劃) ．臨時訂金即樓價5%於投標書獲賣方接納當日(即接納書的日期)繳付 ．加付訂金即樓價5%於接納書的日期後60日內，或於賣方就其有能力將該物業有效地轉讓予買方 一事向買方發出通知的日期後的 14 日內繳付，以較早者為準。 ．樓價90%(樓價餘額)於接納書的日期後120日內，或於賣方就其有能力將該物業有效地轉讓予買 方一事向買方發出通知的日期後的 14 日內繳付，以較早者為準。 Payment Plan B (120 Days Cash Payment) of Tender Document ．A preliminary deposit equivalent to 5% of the purchase price shall be paid upon the tender being accepted by the Vendor (i.e. the date of the Letter of Acceptance). ．A further deposit equivalent to 5% of the purchase price shall be paid within 60 days after the date of Letter of Acceptance, or within 14 days after the date of the notification to the Purchaser that the Vendor is in a position validly to assign the Property to the Purchaser, whichever is earlier. ．90% of the purchase price (balance of purchase price) shall be paid within 120 days after the date of Letter of Acceptance, or within 14 days after the date of the notification to the Purchaser that the Vendor is in a position validly to assign the Property to the Purchaser, whichever is earlier. 可享有認購該發展項目內一個住客停車位的權利 An option to purchase one residential parking space in the Development",
2018-11-12,2018-11-19,,COURT A TOWER 2 第二座,11/F,B,,31403940,,"招標文件支付辦法乙 (120天即供付款計劃) ．臨時訂金即樓價5%於投標書獲賣方接納當日(即接納書的日期)繳付 ．加付訂金即樓價5%於接納書的日期後60日內，或於賣方就其有能力將該物業有效地轉讓予買方 一事向買方發出通知的日期後的 14 日內繳付，以較早者為準。 ．樓價90%(樓價餘額)於接納書的日期後120日內，或於賣方就其有能力將該物業有效地轉讓予買 方一事向買方發出通知的日期後的 14 日內繳付，以較早者為準。 Payment Plan B (120 Days Cash Payment) of Tender Document ．A preliminary deposit equivalent to 5% of the purchase price shall be paid upon the tender being accepted by the Vendor (i.e. the date of the Letter of Acceptance). ．A further deposit equivalent to 5% of the purchase price shall be paid within 60 days after the date of Letter of Acceptance, or within 14 days after the date of the notification to the Purchaser that the Vendor is in a position validly to assign the Property to the Purchaser, whichever is earlier. ．90% of the purchase price (balance of purchase price) shall be paid within 120 days after the date of Letter of Acceptance, or within 14 days after the date of the notification to the Purchaser that the Vendor is in a position validly to assign the Property to the Purchaser, whichever is earlier. 可享有認購該發展項目內一個住客停車位的權利 An option to purchase one residential parking space in the Development",
2018-11-12,2018-11-19,,COURT A TOWER 2 第二座,17/F & R/F,A,,61914780,,"招標文件支付辦法甲(建築期付款計劃) ．臨時訂金即樓價5%於投標書獲賣方接納當日(即接納書的日期)繳付。 ．加付訂金即樓價5%於接納書的日期後60日內，或於賣方就其有能力將該物業有效 地轉讓予買方一事向買方發出通知的日期後的14日內繳付，以較早者為準。 ．樓價90%(樓價餘額)於賣方就其有能力將該物業有效地轉讓予買方一事向買方發出 通知的日期後的14日內繳付。 Payment Plan A (Stage Payment Plan) of Tender Document ．A preliminary deposit equivalent to 5% of the purchase price shall be paid upon the tender being accepted by the Vendor (i.e. the date of the Letter of Acceptance). ．A further deposit equivalent to 5% of the purchase price shall be paid within 60 days after the date of Letter of Acceptance, or within 14 days after the date of the notification to the Purchaser that the Vendor is in a position validly to assign the Property to the Purchaser, whichever is earlier. ．90% of the purchase price (balance of purchase price) shall be paid within 14 days after the date of the notification to the Purchaser that the Vendor is in a position validly to assign the Property to the Purchaser. 可享有認購該發展項目內一個住客停車位的權利 An option to purchase one residential parking space in the Development",
2018-11-12,2018-11-19,,COURT C TOWER 1 第一座,G/F,C,,18342680,,"招標文件支付辦法乙 (120天即供付款計劃) ．臨時訂金即樓價5%於投標書獲賣方接納當日(即接納書的日期)繳付 ．加付訂金即樓價5%於接納書的日期後60日內，或於賣方就其有能力將該物業有效地轉讓予買方 一事向買方發出通知的日期後的 14 日內繳付，以較早者為準。 ．樓價90%(樓價餘額)於接納書的日期後120日內，或於賣方就其有能力將該物業有效地轉讓予買 方一事向買方發出通知的日期後的 14 日內繳付，以較早者為準。 Payment Plan B (120 Days Cash Payment) of Tender Document ．A preliminary deposit equivalent to 5% of the purchase price shall be paid upon the tender being accepted by the Vendor (i.e. the date of the Letter of Acceptance). ．A further deposit equivalent to 5% of the purchase price shall be paid within 60 days after the date of Letter of Acceptance, or within 14 days after the date of the notification to the Purchaser that the Vendor is in a position validly to assign the Property to the Purchaser, whichever is earlier. ．90% of the purchase price (balance of purchase price) shall be paid within 120 days after the date of Letter of Acceptance, or within 14 days after the date of the notification to the Purchaser that the Vendor is in a position validly to assign the Property to the Purchaser, whichever is earlier. 可享有認購該發展項目內一個住客停車位的權利 An option to purchase one residential parking space in the Development",
2018-11-12,2018-11-19,,COURT C TOWER 1 第一座,8/F,C,,16990000,,"招標文件支付辦法乙 (120天即供付款計劃) ．臨時訂金即樓價5%於投標書獲賣方接納當日(即接納書的日期)繳付 ． 加付訂金即樓價5%於接納書的日期後60日內，或於賣方就其有能力將該物業有效地轉讓予買方 一事向買方發出通知的日期後的 14 日內繳付，以較早者為準。 ． 樓價90%(樓價餘額)於接納書的日期後120日內，或於賣方就其有能力將該物業有效地轉讓予買 方一事向買方發出通知的日期後的 14 日內繳付，以較早者為準。 Payment Plan B (120 Days Cash Payment) of Tender Document ．A preliminary deposit equivalent to 5% of the purchase price shall be paid upon the tender being accepted by the Vendor (i.e. the date of the Letter of Acceptance). ．A further deposit equivalent to 5% of the purchase price shall be paid within 60 days after the date of Letter of Acceptance, or within 14 days after the date of the notification to the Purchaser that the Vendor is in a position validly to assign the Property to the Purchaser, whichever is earlier. ．90% of the purchase price (balance of purchase price) shall be paid within 120 days after the date of Letter of Acceptance, or within 14 days after the date of the notification to the Purchaser that the Vendor is in a position validly to assign the Property to the Purchaser, whichever is earlier. 可享有認購該發展項目內一個住客停車位的權利 An option to purchase one residential parking space in the Development",
2018-11-12,2018-11-19,,COURT C TOWER 1 第一座,15/F,B,,9613000,,"招標文件支付辦法甲(建築期付款計劃) ．臨時訂金即樓價5%於投標書獲賣方接納當日(即接納書的日期)繳付。 ．加付訂金即樓價5%於接納書的日期後60日內，或於賣方就其有能力將該物業有效 地轉讓予買方一事向買方發出通知的日期後的14日內繳付，以較早者為準。 ．樓價90%(樓價餘額)於賣方就其有能力將該物業有效地轉讓予買方一事向買方發出 通知的日期後的14日內繳付。 Payment Plan A (Stage Payment Plan) of Tender Document ．A preliminary deposit equivalent to 5% of the purchase price shall be paid upon the tender being accepted by the Vendor (i.e. the date of the Letter of Acceptance). ．A further deposit equivalent to 5% of the purchase price shall be paid within 60 days after the date of Letter of Acceptance, or within 14 days after the date of the notification to the Purchaser that the Vendor is in a position validly to assign the Property to the Purchaser, whichever is earlier. ．90% of the purchase price (balance of purchase price) shall be paid within 14 days after the date of the notification to the Purchaser that the Vendor is in a position validly to assign the Property to the Purchaser. 可享有認購該發展項目內一個住客停車位的權利 An option to purchase one residential parking space in the Development",
2018-11-12,2018-11-19,,COURT C TOWER 2 第二座,G/F,C,,18431520,,"招標文件支付辦法乙 (120天即供付款計劃) ．臨時訂金即樓價5%於投標書獲賣方接納當日(即接納書的日期)繳付 ．加付訂金即樓價5%於接納書的日期後60日內，或於賣方就其有能力將該物業有效地轉讓予買方 一事向買方發出通知的日期後的 14 日內繳付，以較早者為準。 ．樓價90%(樓價餘額)於接納書的日期後120日內，或於賣方就其有能力將該物業有效地轉讓予買 方一事向買方發出通知的日期後的 14 日內繳付，以較早者為準。 Payment Plan B (120 Days Cash Payment) of Tender Document ．A preliminary deposit equivalent to 5% of the purchase price shall be paid upon the tender being accepted by the Vendor (i.e. the date of the Letter of Acceptance). ．A further deposit equivalent to 5% of the purchase price shall be paid within 60 days after the date of Letter of Acceptance, or within 14 days after the date of the notification to the Purchaser that the Vendor is in a position validly to assign the Property to the Purchaser, whichever is earlier. ．90% of the purchase price (balance of purchase price) shall be paid within 120 days after the date of Letter of Acceptance, or within 14 days after the date of the notification to the Purchaser that the Vendor is in a position validly to assign the Property to the Purchaser, whichever is earlier. 可享有認購該發展項目內一個住客停車位的權利 An option to purchase one residential parking space in the Development",
2018-11-12,2018-11-19,,COURT D TOWER 1 第一座,17/F & R/F,A,,51000000,,"招標文件支付辦法甲(建築期付款計劃) ．臨時訂金即樓價5%於投標書獲賣方接納當日(即接納書的日期)繳付。 ．加付訂金即樓價5%於接納書的日期後60日內，或於賣方就其有能力將該物業有效 地轉讓予買方一事向買方發出通知的日期後的14日內繳付，以較早者為準。 ．樓價90%(樓價餘額)於賣方就其有能力將該物業有效地轉讓予買方一事向買方發出 通知的日期後的14日內繳付。 Payment Plan A (Stage Payment Plan) of Tender Document ．A preliminary deposit equivalent to 5% of the purchase price shall be paid upon the tender being accepted by the Vendor (i.e. the date of the Letter of Acceptance). ．A further deposit equivalent to 5% of the purchase price shall be paid within 60 days after the date of Letter of Acceptance, or within 14 days after the date of the notification to the Purchaser that the Vendor is in a position validly to assign the Property to the Purchaser, whichever is earlier. ．90% of the purchase price (balance of purchase price) shall be paid within 14 days after the date of the notification to the Purchaser that the Vendor is in a position validly to assign the Property to the Purchaser. 可享有認購該發展項目內一個住客停車位的權利 An option to purchase one residential parking space in the Development",
2018-11-12,2018-11-19,,COURT D TOWER 2 第二座,17/F & R/F,A,,53700000,,"招標文件支付辦法甲(建築期付款計劃) ．臨時訂金即樓價5%於投標書獲賣方接納當日(即接納書的日期)繳付。 ．加付訂金即樓價5%於接納書的日期後60日內，或於賣方就其有能力將該物業有效 地轉讓予買方一事向買方發出通知的日期後的14日內繳付，以較早者為準。 ．樓價90%(樓價餘額)於賣方就其有能力將該物業有效地轉讓予買方一事向買方發出 通知的日期後的14日內繳付。 Payment Plan A (Stage Payment Plan) of Tender Document ．A preliminary deposit equivalent to 5% of the purchase price shall be paid upon the tender being accepted by the Vendor (i.e. the date of the Letter of Acceptance). ．A further deposit equivalent to 5% of the purchase price shall be paid within 60 days after the date of Letter of Acceptance, or within 14 days after the date of the notification to the Purchaser that the Vendor is in a position validly to assign the Property to the Purchaser, whichever is earlier. ．90% of the purchase price (balance of purchase price) shall be paid within 14 days after the date of the notification to the Purchaser that the Vendor is in a position validly to assign the Property to the Purchaser. 可享有認購該發展項目內一個住客停車位的權利 An option to purchase one residential parking space in the Development",
2018-11-12,2018-11-19,,House No. 5,,,,119000000,,"招標文件支付辦法甲 (建築期付款計劃) ．臨時訂金即樓價5%於投標書獲賣方接納當日(即接納書的日期)繳付。 ．加付訂金即樓價5%於接納書的日期後60日內，或於賣方就其有能力將該 物業有效地轉讓予買方一事向買方發出通知的日期後的 14 日內繳付，以 較早者為準。 ．樓價90%(樓價餘額)於賣方就其有能力將該物業有效地轉讓予買方一事 向買方發出通知的日期後的14日內繳付。 Payment Plan A (Stage Payment Plan) of Tender Document ．A preliminary deposit equivalent to 5% of the purchase price shall be paid upon the tender being accepted by the Vendor (i.e. the date of the Letter of Acceptance). ．A further deposit equivalent to 5% of the purchase price shall be paid within 60 days after the date of Letter of Acceptance, or within 14 days after the date of the notification to the Purchaser that the Vendor is in a position validly to assign the Property to the Purchaser, whichever is earlier. ．90% of the purchase price (balance of purchase price) shall be paid within 14 days after the date of the notification to the Purchaser that the Vendor is in a position validly to assign the Property to the Purchaser.",
2018-11-12,2018-11-19,,House No. 1,,,,132000000,"在03-04-2019，基 於法例第 35(2)(a)條所容許 的原因，售價更改 為$132,064,344 On 03-04-2019,the price adjusted to $132,064,344due to the reason allowed under section 35(2)(a) of the Ordinance","招標文件支付辦法甲 (建築期付款計劃) ．臨時訂金即樓價5%於投標書獲賣方接納當日(即接納書的日期)繳付。 ．加付訂金即樓價5%於接納書的日期後60日內，或於賣方就其有能力將該 物業有效地轉讓予買方一事向買方發出通知的日期後的 14 日內繳付，以 較早者為準。 ．樓價90%(樓價餘額)於賣方就其有能力將該物業有效地轉讓予買方一事 向買方發出通知的日期後的14日內繳付。 Payment Plan A (Stage Payment Plan) of Tender Document ．A preliminary deposit equivalent to 5% of the purchase price shall be paid upon the tender being accepted by the Vendor (i.e. the date of the Letter of Acceptance). ．A further deposit equivalent to 5% of the purchase price shall be paid within 60 days after the date of Letter of Acceptance, or within 14 days after the date of the notification to the Purchaser that the Vendor is in a position validly to assign the Property to the Purchaser, whichever is earlier. ．90% of the purchase price (balance of purchase price) shall be paid within 14 days after the date of the notification to the Purchaser that the Vendor is in a position validly to assign the Property to the Purchaser.",
2018-11-27,2018-12-04,,COURT A TOWER 1 第一座,17/F & R/F,A,,66200000,,"招標文件支付辦法甲(建築期付款計劃) ．臨時訂金即樓價5%於投標書獲賣方接納當日(即接納書的日期)繳付。 ．加付訂金即樓價5%於接納書的日期後60日內，或於賣方就其有能力將該物業有效 地轉讓予買方一事向買方發出通知的日期後的14日內繳付，以較早者為準。 ．樓價90%(樓價餘額)於賣方就其有能力將該物業有效地轉讓予買方一事向買方發出 通知的日期後的14日內繳付。 Payment Plan A (Stage Payment Plan) of Tender Document ．A preliminary deposit equivalent to 5% of the purchase price shall be paid upon the tender being accepted by the Vendor (i.e. the date of the Letter of Acceptance). ．A further deposit equivalent to 5% of the purchase price shall be paid within 60 days after the date of Letter of Acceptance, or within 14 days after the date of the notification to the Purchaser that the Vendor is in a position validly to assign the Property to the Purchaser, whichever is earlier. ．90% of the purchase price (balance of purchase price) shall be paid within 14 days after the date of the notification to the Purchaser that the Vendor is in a position validly to assign the Property to the Purchaser. 可享有認購該發展項目內一個住客停車位的權利 An option to purchase one residential parking space in the Development",√
2018-11-27,2018-12-04,,COURT B TOWER 1 第一座,2/F,E,,7079000,,"招標文件支付辦法乙(90天一按付款計劃(I)) ．臨時訂金即樓價5%於投標書獲賣方接納當日(即接納書的日期)繳付。 ．加付訂金即樓價5%於接納書的日期後60日內，或於賣方就其有能力將該物業有效地轉讓予買方 一事向買方發出通知的日期後的14日內繳付，以較早者為準。 ．樓價90%(樓價餘額)於接納書的日期後90日內，或於賣方就其有能力將該物業有效地轉讓予買方 一事向買方發出通知的日期後的14日內繳付，以較早者為準。 Payment Plan B (90-day First Mortgage Loan Payment Plan (I))of Tender Document ．A preliminary deposit equivalent to5%of the purchase price shall be paid upon the tender being accepted by the Vendor (i.e. the date of the Letter of Acceptance). ．A further deposit equivalent to5%of the purchase price shall be paid within 60 days after the date of Letter of Acceptance, or within 14 days after the date of the notification to the Purchaser that the Vendor is in a position validly to assign the Property to the Purchaser, whichever is earlier. ．90%of the purchase price (balance of purchase price) shall be paid within 90 days after the date of Letter of Acceptance, or within 14 days after the date of the notification to the Purchaser that the Vendor is in a position validly to assign the Property to the Purchaser, whichever is earlier. 招標文件「計劃(B)第一按揭貸款」優惠 ""Plan (B) First Mortgage Loan"" Benefit of Tender Document",
2018-11-27,2018-12-04,,COURT B TOWER 1 第一座,5/F,E,,7165000,,"招標文件支付辦法甲(建築期付款計劃) ．臨時訂金即樓價5%於投標書獲賣方接納當日(即接納書的日期)繳付。 ．加付訂金即樓價5%於接納書的日期後60日內，或於賣方就其有能力將該物業有效 地轉讓予買方一事向買方發出通知的日期後的14日內繳付，以較早者為準。 ．樓價90%(樓價餘額)於賣方就其有能力將該物業有效地轉讓予買方一事向買方發出 通知的日期後的14日內繳付。 Payment Plan A (Stage Payment Plan) of Tender Document ．A preliminary deposit equivalent to 5% of the purchase price shall be paid upon the tender being accepted by the Vendor (i.e. the date of the Letter of Acceptance). ．A further deposit equivalent to 5% of the purchase price shall be paid within 60 days after the date of Letter of Acceptance, or within 14 days after the date of the notification to the Purchaser that the Vendor is in a position validly to assign the Property to the Purchaser, whichever is earlier. ．90% of the purchase price (balance of purchase price) shall be paid within 14 days after the date of the notification to the Purchaser that the Vendor is in a position validly to assign the Property to the Purchaser.",
2018-11-27,2018-12-04,,COURT B TOWER 1 第一座,5/F,F,,10832000,,"招標文件支付辦法甲(建築期付款計劃) ．臨時訂金即樓價5%於投標書獲賣方接納當日(即接納書的日期)繳付。 ．加付訂金即樓價5%於接納書的日期後60日內，或於賣方就其有能力將該物業有效 地轉讓予買方一事向買方發出通知的日期後的14日內繳付，以較早者為準。 ．樓價90%(樓價餘額)於賣方就其有能力將該物業有效地轉讓予買方一事向買方發出 通知的日期後的14日內繳付。 Payment Plan A (Stage Payment Plan) of Tender Document ．A preliminary deposit equivalent to 5% of the purchase price shall be paid upon the tender being accepted by the Vendor (i.e. the date of the Letter of Acceptance). ．A further deposit equivalent to 5% of the purchase price shall be paid within 60 days after the date of Letter of Acceptance, or within 14 days after the date of the notification to the Purchaser that the Vendor is in a position validly to assign the Property to the Purchaser, whichever is earlier. ．90% of the purchase price (balance of purchase price) shall be paid within 14 days after the date of the notification to the Purchaser that the Vendor is in a position validly to assign the Property to the Purchaser.",
2018-11-27,2018-12-04,,COURT B TOWER 1 第一座,6/F,B,,7929000,,"招標文件支付辦法丁 (90天即供付款計劃) ．臨時訂金即樓價5%於投標書獲賣方接納當日(即接納書的日期)繳付。 ．加付訂金即樓價5%於接納書的日期後60日內，或於賣方就其有能力將該物業有效 地轉讓予買方一事向買方發出通知的日期後的 14 日內繳付，以較早者為準。 ．樓價90%(樓價餘額)於接納書的日期後90日內，或於賣方就其有能力將該物業有效 地轉讓予買方一事向買方發出通知的日期後的 14 日內繳付，以較早者為準。 Payment Plan D (90 Days Cash Payment) of Tender Document ．A preliminary deposit equivalent to 5% of the purchase price shall be paid upon the tender being accepted by the Vendor (i.e. the date of the Letter of Acceptance). ．A further deposit equivalent to 5% of the purchase price shall be paid within 60 days after the date of Letter of Acceptance, or within 14 days after the date of the notification to the Purchaser that the Vendor is in a position validly to assign the Property to the Purchaser, whichever is earlier. ．90% of the purchase price (balance of purchase price) shall be paid within 90 days after the date of Letter of Acceptance, or within 14 days after the date of the notification to the Purchaser that the Vendor is in a position validly to assign the Property to the Purchaser, whichever is earlier.",
2018-11-27,,,COURT B TOWER 1 第一座,6/F,D,,14464000,,"招標文件支付辦法乙(90天一按付款計劃(I)) • 臨時訂金即樓價5%於投標書獲賣方接納當日(即接納書的日期)繳 付。 • 加付訂金即樓價5%於接納書的日期後60日內，或於賣方就其有能 力將該物業有效地轉讓予買方一事向買方發出通知的日期後的14日內繳付 ，以較早者為準。 • 樓價90%(樓價餘額)於接納書的日期後90日內，或於賣方就其有 能力將該物業有效地轉讓予買方一事向買方發出通知的日期後的14日內繳 付，以較早者為準。 Payment Plan B (90-day First Mortgage Loan Payment Plan (I))of Tender Document • A preliminary deposit equivalent to5%of the purchase price shall be paid upon the tender being accepted by the Vendor (i.e. the date of the Letter of Acceptance). • A further deposit equivalent to5%of the purchase price shall be paid within 60 days after the date of Letter of Acceptance, or within 14 days after the date of the notification to the Purchaser that the Vendor is in a position validly to assign the Property to the Purchaser, whichever is earlier. • 90%of the purchase price (balance of purchase price) shall be paid within 90 days after the date of Letter of Acceptance, or within 14 days after the date of the notification to the Purchaser that the Vendor is in a position validly to assign the Property to the Purchaser, whichever is earlier. 招標文件「計劃(B)第一按揭貸款」優惠 ""Plan (B) First Mortgage Loan"" Benefit of Tender Document 可享有認購該發展項目內一個住客停車位的權利 An option to purchase one residential parking space in the Development",
2018-11-27,2018-12-04,,COURT B TOWER 1 第一座,7/F,F,,10897000,,"招標文件支付辦法乙(90天一按付款計劃(I)) ．臨時訂金即樓價5%於投標書獲賣方接納當日(即接納書的日期)繳付。 ．加付訂金即樓價5%於接納書的日期後60日內，或於賣方就其有能力將該物業有效 地轉讓予買方一事向買方發出通知的日期後的14日內繳付，以較早者為準。 ．樓價90%(樓價餘額)於接納書的日期後90日內，或於賣方就其有能力將該物業有效 地轉讓予買方一事向買方發出通知的日期後的14日內繳付，以較早者為準。 Payment Plan B (90-day First Mortgage Loan Payment Plan (I))of Tender Document ．A preliminary deposit equivalent to5%of the purchase price shall be paid upon the tender being accepted by the Vendor (i.e. the date of the Letter of Acceptance). ．A further deposit equivalent to5%of the purchase price shall be paid within 60 days after the date of Letter of Acceptance, or within 14 days after the date of the notification to the Purchaser that the Vendor is in a position validly to assign the Property to the Purchaser, whichever is earlier. ．90%of the purchase price (balance of purchase price) shall be paid within 90 days after the date of Letter of Acceptance, or within 14 days after the date of the notification to the Purchaser that the Vendor is in a position validly to assign the Property to the Purchaser, whichever is earlier. 招標文件「計劃(B)第一按揭貸款」優惠 ""Plan (B) First Mortgage Loan"" Benefit of Tender Document",
2018-11-27,2018-12-04,,COURT B TOWER 1 第一座,8/F,F,,10954600,,"招標文件支付辦法乙(90天一按付款計劃(I)) ．臨時訂金即樓價5%於投標書獲賣方接納當日(即接納書的日期)繳付。 ．加付訂金即樓價5%於接納書的日期後60日內，或於賣方就其有能力將該物業有效 地轉讓予買方一事向買方發出通知的日期後的14日內繳付，以較早者為準。 ．樓價90%(樓價餘額)於接納書的日期後90日內，或於賣方就其有能力將該物業有效 地轉讓予買方一事向買方發出通知的日期後的14日內繳付，以較早者為準。 Payment Plan B (90-day First Mortgage Loan Payment Plan (I))of Tender Document ．A preliminary deposit equivalent to5%of the purchase price shall be paid upon the tender being accepted by the Vendor (i.e. the date of the Letter of Acceptance). ．A further deposit equivalent to5%of the purchase price shall be paid within 60 days after the date of Letter of Acceptance, or within 14 days after the date of the notification to the Purchaser that the Vendor is in a position validly to assign the Property to the Purchaser, whichever is earlier. ．90%of the purchase price (balance of purchase price) shall be paid within 90 days after the date of Letter of Acceptance, or within 14 days after the date of the notification to the Purchaser that the Vendor is in a position validly to assign the Property to the Purchaser, whichever is earlier. 招標文件「計劃(B)第一按揭貸款」優惠 ""Plan (B) First Mortgage Loan"" Benefit of Tender Document",
2018-11-27,2018-12-04,,COURT B TOWER 1 第一座,8/F,G,,6715000,,"招標文件支付辦法甲(建築期付款計劃) ．臨時訂金即樓價5%於投標書獲賣方接納當日(即接納書的日期)繳付。 ．加付訂金即樓價5%於接納書的日期後60日內，或於賣方就其有能力將該物業有效 地轉讓予買方一事向買方發出通知的日期後的14日內繳付，以較早者為準。 ．樓價90%(樓價餘額)於賣方就其有能力將該物業有效地轉讓予買方一事向買方發出 通知的日期後的14日內繳付。 Payment Plan A (Stage Payment Plan) of Tender Document ．A preliminary deposit equivalent to 5% of the purchase price shall be paid upon the tender being accepted by the Vendor (i.e. the date of the Letter of Acceptance). ．A further deposit equivalent to 5% of the purchase price shall be paid within 60 days after the date of Letter of Acceptance, or within 14 days after the date of the notification to the Purchaser that the Vendor is in a position validly to assign the Property to the Purchaser, whichever is earlier. ．90% of the purchase price (balance of purchase price) shall be paid within 14 days after the date of the notification to the Purchaser that the Vendor is in a position validly to assign the Property to the Purchaser.",
2018-11-27,2018-12-04,,COURT C TOWER 1 第一座,G/F,E,,12988000,,"招標文件支付辦法丙(90天一按付款計劃(II)) ．臨時訂金即樓價5%於投標書獲賣方接納當日(即接納書的日期)繳付。 ．加付訂金即樓價5%於接納書的日期後60日內，或於賣方就其有能力將該物業有效 地轉讓予買方一事向買方發出通知的日期後的14日內繳付，以較早者為準。 ．樓價90%(樓價餘額)於接納書的日期後90日內，或於賣方就其有能力將該物業有效 地轉讓予買方一事向買方發出通知的日期後的14日內繳付，以較早者為準。 Payment Plan C (90-day First Mortgage Loan Payment Plan (II))of Tender Document ．A preliminary deposit equivalent to 5% of the purchase price shall be paid upon the tender being accepted by the Vendor (i.e. the date of the Letter of Acceptance). ．A further deposit equivalent to 5% of the purchase price shall be paid within 60 days after the date of Letter of Acceptance, or within 14 days after the date of the notification to the Purchaser that the Vendor is in a position validly to assign the Property to the Purchaser, whichever is earlier. ．90% of the purchase price (balance of purchase price) shall be paid within 90 days after the date of Letter of Acceptance, or within 14 days after the date of the notification to the Purchaser that the Vendor is in a position validly to assign the Property to the Purchaser, whichever is earlier. 招標文件「計劃(C)第一按揭貸款」優惠 ""Plan (C) First Mortgage Loan"" Benefit of Tender Document",
2018-11-27,2018-12-04,,COURT C TOWER 1 第一座,1/F,G,,6588000,,"招標文件支付辦法丁 (90天即供付款計劃) ．臨時訂金即樓價5%於投標書獲賣方接納當日(即接納書的日期)繳付。 ．加付訂金即樓價5%於接納書的日期後60日內，或於賣方就其有能力將該物業有效 地轉讓予買方一事向買方發出通知的日期後的 14 日內繳付，以較早者為準。 ．樓價90%(樓價餘額)於接納書的日期後90日內，或於賣方就其有能力將該物業有效 地轉讓予買方一事向買方發出通知的日期後的 14 日內繳付，以較早者為準。 Payment Plan D (90 Days Cash Payment) of Tender Document ．A preliminary deposit equivalent to 5% of the purchase price shall be paid upon the tender being accepted by the Vendor (i.e. the date of the Letter of Acceptance). ．A further deposit equivalent to 5% of the purchase price shall be paid within 60 days after the date of Letter of Acceptance, or within 14 days after the date of the notification to the Purchaser that the Vendor is in a position validly to assign the Property to the Purchaser, whichever is earlier. ．90% of the purchase price (balance of purchase price) shall be paid within 90 days after the date of Letter of Acceptance, or within 14 days after the date of the notification to the Purchaser that the Vendor is in a position validly to assign the Property to the Purchaser, whichever is earlier.",
2018-11-27,2018-12-04,,COURT C TOWER 1 第一座,2/F,G,,6684000,,"招標文件支付辦法丁 (90天即供付款計劃) ．臨時訂金即樓價5%於投標書獲賣方接納當日(即接納書的日期)繳付。 ．加付訂金即樓價5%於接納書的日期後60日內，或於賣方就其有能力將該物業有效 地轉讓予買方一事向買方發出通知的日期後的 14 日內繳付，以較早者為準。 ．樓價90%(樓價餘額)於接納書的日期後90日內，或於賣方就其有能力將該物業有效 地轉讓予買方一事向買方發出通知的日期後的 14 日內繳付，以較早者為準。 Payment Plan D (90 Days Cash Payment) of Tender Document ．A preliminary deposit equivalent to 5% of the purchase price shall be paid upon the tender being accepted by the Vendor (i.e. the date of the Letter of Acceptance). ．A further deposit equivalent to 5% of the purchase price shall be paid within 60 days after the date of Letter of Acceptance, or within 14 days after the date of the notification to the Purchaser that the Vendor is in a position validly to assign the Property to the Purchaser, whichever is earlier. ．90% of the purchase price (balance of purchase price) shall be paid within 90 days after the date of Letter of Acceptance, or within 14 days after the date of the notification to the Purchaser that the Vendor is in a position validly to assign the Property to the Purchaser, whichever is earlier.",
2018-11-27,2018-12-04,,COURT C TOWER 1 第一座,3/F,G,,6785000,,"招標文件支付辦法丁 (90天即供付款計劃) ．臨時訂金即樓價5%於投標書獲賣方接納當日(即接納書的日期)繳付。 ．加付訂金即樓價5%於接納書的日期後60日內，或於賣方就其有能力將該物業有效 地轉讓予買方一事向買方發出通知的日期後的 14 日內繳付，以較早者為準。 ．樓價90%(樓價餘額)於接納書的日期後90日內，或於賣方就其有能力將該物業有效 地轉讓予買方一事向買方發出通知的日期後的 14 日內繳付，以較早者為準。 Payment Plan D (90 Days Cash Payment) of Tender Document ．A preliminary deposit equivalent to 5% of the purchase price shall be paid upon the tender being accepted by the Vendor (i.e. the date of the Letter of Acceptance). ．A further deposit equivalent to 5% of the purchase price shall be paid within 60 days after the date of Letter of Acceptance, or within 14 days after the date of the notification to the Purchaser that the Vendor is in a position validly to assign the Property to the Purchaser, whichever is earlier. ．90% of the purchase price (balance of purchase price) shall be paid within 90 days after the date of Letter of Acceptance, or within 14 days after the date of the notification to the Purchaser that the Vendor is in a position validly to assign the Property to the Purchaser, whichever is earlier.",
2018-11-27,2018-12-04,,COURT C TOWER 1 第一座,5/F,G,,7006000,,"招標文件支付辦法甲(建築期付款計劃) ．臨時訂金即樓價5%於投標書獲賣方接納當日(即接納書的日期)繳付。 ．加付訂金即樓價5%於接納書的日期後60日內，或於賣方就其有能力將該物業有效 地轉讓予買方一事向買方發出通知的日期後的14日內繳付，以較早者為準。 ．樓價90%(樓價餘額)於賣方就其有能力將該物業有效地轉讓予買方一事向買方發出 通知的日期後的14日內繳付。 Payment Plan A (Stage Payment Plan) of Tender Document ．A preliminary deposit equivalent to 5% of the purchase price shall be paid upon the tender being accepted by the Vendor (i.e. the date of the Letter of Acceptance). ．A further deposit equivalent to 5% of the purchase price shall be paid within 60 days after the date of Letter of Acceptance, or within 14 days after the date of the notification to the Purchaser that the Vendor is in a position validly to assign the Property to the Purchaser, whichever is earlier. ．90% of the purchase price (balance of purchase price) shall be paid within 14 days after the date of the notification to the Purchaser that the Vendor is in a position validly to assign the Property to the Purchaser.",
2018-11-27,2018-12-04,,COURT C TOWER 1 第一座,6/F,G,,7020200,,"招標文件支付辦法乙(90天一按付款計劃(I)) ．臨時訂金即樓價5%於投標書獲賣方接納當日(即接納書的日期)繳付。 ．加付訂金即樓價5%於接納書的日期後60日內，或於賣方就其有能力將該物業有效 地轉讓予買方一事向買方發出通知的日期後的14日內繳付，以較早者為準。 ．樓價90%(樓價餘額)於接納書的日期後90日內，或於賣方就其有能力將該物業有效 地轉讓予買方一事向買方發出通知的日期後的14日內繳付，以較早者為準。 Payment Plan B (90-day First Mortgage Loan Payment Plan (I))of Tender Document ．A preliminary deposit equivalent to5%of the purchase price shall be paid upon the tender being accepted by the Vendor (i.e. the date of the Letter of Acceptance). ．A further deposit equivalent to5%of the purchase price shall be paid within 60 days after the date of Letter of Acceptance, or within 14 days after the date of the notification to the Purchaser that the Vendor is in a position validly to assign the Property to the Purchaser, whichever is earlier. ．90%of the purchase price (balance of purchase price) shall be paid within 90 days after the date of Letter of Acceptance, or within 14 days after the date of the notification to the Purchaser that the Vendor is in a position validly to assign the Property to the Purchaser, whichever is earlier. 招標文件「計劃(B)第一按揭貸款」優惠 ""Plan (B) First Mortgage Loan"" Benefit of Tender Document",
2018-11-27,2018-12-04,,COURT C TOWER 1 第一座,7/F,B,,8899000,,"招標文件支付辦法甲(建築期付款計劃) ．臨時訂金即樓價5%於投標書獲賣方接納當日(即接納書的日期)繳付。 ．加付訂金即樓價5%於接納書的日期後60日內，或於賣方就其有能力將該物業有效 地轉讓予買方一事向買方發出通知的日期後的14日內繳付，以較早者為準。 ．樓價90%(樓價餘額)於賣方就其有能力將該物業有效地轉讓予買方一事向買方發出 通知的日期後的14日內繳付。 Payment Plan A (Stage Payment Plan) of Tender Document ．A preliminary deposit equivalent to 5% of the purchase price shall be paid upon the tender being accepted by the Vendor (i.e. the date of the Letter of Acceptance). ．A further deposit equivalent to 5% of the purchase price shall be paid within 60 days after the date of Letter of Acceptance, or within 14 days after the date of the notification to the Purchaser that the Vendor is in a position validly to assign the Property to the Purchaser, whichever is earlier. ．90% of the purchase price (balance of purchase price) shall be paid within 14 days after the date of the notification to the Purchaser that the Vendor is in a position validly to assign the Property to the Purchaser.",
2018-11-27,2018-12-04,,COURT C TOWER 1 第一座,7/F,G,,6881000,,"招標文件支付辦法丁 (90天即供付款計劃) ．臨時訂金即樓價5%於投標書獲賣方接納當日(即接納書的日期)繳付。 ．加付訂金即樓價5%於接納書的日期後60日內，或於賣方就其有能力將該物業有效 地轉讓予買方一事向買方發出通知的日期後的 14 日內繳付，以較早者為準。 ．樓價90%(樓價餘額)於接納書的日期後90日內，或於賣方就其有能力將該物業有效 地轉讓予買方一事向買方發出通知的日期後的 14 日內繳付，以較早者為準。 Payment Plan D (90 Days Cash Payment) of Tender Document ．A preliminary deposit equivalent to 5% of the purchase price shall be paid upon the tender being accepted by the Vendor (i.e. the date of the Letter of Acceptance). ．A further deposit equivalent to 5% of the purchase price shall be paid within 60 days after the date of Letter of Acceptance, or within 14 days after the date of the notification to the Purchaser that the Vendor is in a position validly to assign the Property to the Purchaser, whichever is earlier. ．90% of the purchase price (balance of purchase price) shall be paid within 90 days after the date of Letter of Acceptance, or within 14 days after the date of the notification to the Purchaser that the Vendor is in a position validly to assign the Property to the Purchaser, whichever is earlier.",
2018-11-27,2018-12-04,,COURT C TOWER 1 第一座,8/F,F,,11650000,,"招標文件支付辦法丁 (90天即供付款計劃) ．臨時訂金即樓價5%於投標書獲賣方接納當日(即接納書的日期)繳付。 ．加付訂金即樓價5%於接納書的日期後60日內，或於賣方就其有能力將該物業有效 地轉讓予買方一事向買方發出通知的日期後的 14 日內繳付，以較早者為準。 ．樓價90%(樓價餘額)於接納書的日期後90日內，或於賣方就其有能力將該物業有效 地轉讓予買方一事向買方發出通知的日期後的 14 日內繳付，以較早者為準。 Payment Plan D (90 Days Cash Payment) of Tender Document ．A preliminary deposit equivalent to 5% of the purchase price shall be paid upon the tender being accepted by the Vendor (i.e. the date of the Letter of Acceptance). ．A further deposit equivalent to 5% of the purchase price shall be paid within 60 days after the date of Letter of Acceptance, or within 14 days after the date of the notification to the Purchaser that the Vendor is in a position validly to assign the Property to the Purchaser, whichever is earlier. ．90% of the purchase price (balance of purchase price) shall be paid within 90 days after the date of Letter of Acceptance, or within 14 days after the date of the notification to the Purchaser that the Vendor is in a position validly to assign the Property to the Purchaser, whichever is earlier.",
2018-11-27,2018-12-04,,COURT C TOWER 1 第一座,8/F,G,,6912900,,"招標文件支付辦法丁 (90天即供付款計劃) ．臨時訂金即樓價5%於投標書獲賣方接納當日(即接納書的日期)繳付。 ．加付訂金即樓價5%於接納書的日期後60日內，或於賣方就其有能力將該物業有效 地轉讓予買方一事向買方發出通知的日期後的 14 日內繳付，以較早者為準。 ．樓價90%(樓價餘額)於接納書的日期後90日內，或於賣方就其有能力將該物業有效 地轉讓予買方一事向買方發出通知的日期後的 14 日內繳付，以較早者為準。 Payment Plan D (90 Days Cash Payment) of Tender Document ．A preliminary deposit equivalent to 5% of the purchase price shall be paid upon the tender being accepted by the Vendor (i.e. the date of the Letter of Acceptance). ．A further deposit equivalent to 5% of the purchase price shall be paid within 60 days after the date of Letter of Acceptance, or within 14 days after the date of the notification to the Purchaser that the Vendor is in a position validly to assign the Property to the Purchaser, whichever is earlier. ．90% of the purchase price (balance of purchase price) shall be paid within 90 days after the date of Letter of Acceptance, or within 14 days after the date of the notification to the Purchaser that the Vendor is in a position validly to assign the Property to the Purchaser, whichever is earlier.",
2018-11-27,2018-12-04,,COURT C TOWER 1 第一座,10/F,B,,9403000,,"招標文件支付辦法丁 (90天即供付款計劃) ．臨時訂金即樓價5%於投標書獲賣方接納當日(即接納書的日期)繳付。 ．加付訂金即樓價5%於接納書的日期後60日內，或於賣方就其有能力將該物業有效 地轉讓予買方一事向買方發出通知的日期後的 14 日內繳付，以較早者為準。 ．樓價90%(樓價餘額)於接納書的日期後90日內，或於賣方就其有能力將該物業有效 地轉讓予買方一事向買方發出通知的日期後的 14 日內繳付，以較早者為準。 Payment Plan D (90 Days Cash Payment) of Tender Document ．A preliminary deposit equivalent to 5% of the purchase price shall be paid upon the tender being accepted by the Vendor (i.e. the date of the Letter of Acceptance). ．A further deposit equivalent to 5% of the purchase price shall be paid within 60 days after the date of Letter of Acceptance, or within 14 days after the date of the notification to the Purchaser that the Vendor is in a position validly to assign the Property to the Purchaser, whichever is earlier. ．90% of the purchase price (balance of purchase price) shall be paid within 90 days after the date of Letter of Acceptance, or within 14 days after the date of the notification to the Purchaser that the Vendor is in a position validly to assign the Property to the Purchaser, whichever is earlier.",
2018-11-27,2018-12-04,,COURT C TOWER 1 第一座,10/F,C,,17676000,,"招標文件支付辦法甲(建築期付款計劃) ．臨時訂金即樓價5%於投標書獲賣方接納當日(即接納書的日期)繳付。 ．加付訂金即樓價5%於接納書的日期後60日內，或於賣方就其有能力將該物業有效 地轉讓予買方一事向買方發出通知的日期後的14日內繳付，以較早者為準。 ．樓價90%(樓價餘額)於賣方就其有能力將該物業有效地轉讓予買方一事向買方發出 通知的日期後的14日內繳付。 Payment Plan A (Stage Payment Plan) of Tender Document ．A preliminary deposit equivalent to 5% of the purchase price shall be paid upon the tender being accepted by the Vendor (i.e. the date of the Letter of Acceptance). ．A further deposit equivalent to 5% of the purchase price shall be paid within 60 days after the date of Letter of Acceptance, or within 14 days after the date of the notification to the Purchaser that the Vendor is in a position validly to assign the Property to the Purchaser, whichever is earlier. ．90% of the purchase price (balance of purchase price) shall be paid within 14 days after the date of the notification to the Purchaser that the Vendor is in a position validly to assign the Property to the Purchaser. 可享有認購該發展項目內一個住客停車位的權利 An option to purchase one residential parking space in the Development",
2018-11-27,2018-12-04,,COURT C TOWER 1 第一座,12/F,F,,12772000,,"招標文件支付辦法甲(建築期付款計劃) ．臨時訂金即樓價5%於投標書獲賣方接納當日(即接納書的日期)繳付。 ．加付訂金即樓價5%於接納書的日期後60日內，或於賣方就其有能力將該物業有效 地轉讓予買方一事向買方發出通知的日期後的14日內繳付，以較早者為準。 ．樓價90%(樓價餘額)於賣方就其有能力將該物業有效地轉讓予買方一事向買方發出 通知的日期後的14日內繳付。 Payment Plan A (Stage Payment Plan) of Tender Document ．A preliminary deposit equivalent to 5% of the purchase price shall be paid upon the tender being accepted by the Vendor (i.e. the date of the Letter of Acceptance). ．A further deposit equivalent to 5% of the purchase price shall be paid within 60 days after the date of Letter of Acceptance, or within 14 days after the date of the notification to the Purchaser that the Vendor is in a position validly to assign the Property to the Purchaser, whichever is earlier. ．90% of the purchase price (balance of purchase price) shall be paid within 14 days after the date of the notification to the Purchaser that the Vendor is in a position validly to assign the Property to the Purchaser.",
2018-11-27,2018-12-04,,COURT C TOWER 1 第一座,15/F,C,,18209500,,"招標文件支付辦法甲(建築期付款計劃) ．臨時訂金即樓價5%於投標書獲賣方接納當日(即接納書的日期)繳付。 ．加付訂金即樓價5%於接納書的日期後60日內，或於賣方就其有能力將該物業有效 地轉讓予買方一事向買方發出通知的日期後的14日內繳付，以較早者為準。 ．樓價90%(樓價餘額)於賣方就其有能力將該物業有效地轉讓予買方一事向買方發出 通知的日期後的14日內繳付。 Payment Plan A (Stage Payment Plan) of Tender Document ．A preliminary deposit equivalent to 5% of the purchase price shall be paid upon the tender being accepted by the Vendor (i.e. the date of the Letter of Acceptance). ．A further deposit equivalent to 5% of the purchase price shall be paid within 60 days after the date of Letter of Acceptance, or within 14 days after the date of the notification to the Purchaser that the Vendor is in a position validly to assign the Property to the Purchaser, whichever is earlier. ．90% of the purchase price (balance of purchase price) shall be paid within 14 days after the date of the notification to the Purchaser that the Vendor is in a position validly to assign the Property to the Purchaser. 可享有認購該發展項目內一個住客停車位的權利 An option to purchase one residential parking space in the Development",
2018-11-27,2018-12-04,2020-05-12,COURT C TOWER 1 第一座,16/F,A,,15805400,,"招標文件支付辦法甲(建築期付款計劃) ．臨時訂金即樓價5%於投標書獲賣方接納當日(即接納書的日期)繳付。 ．加付訂金即樓價5%於接納書的日期後60日內，或於賣方就其有能力將該物業有效 地轉讓予買方一事向買方發出通知的日期後的14日內繳付，以較早者為準。 ．樓價90%(樓價餘額)於賣方就其有能力將該物業有效地轉讓予買方一事向買方發出 通知的日期後的14日內繳付。 Payment Plan A (Stage Payment Plan) of Tender Document ．A preliminary deposit equivalent to 5% of the purchase price shall be paid upon the tender being accepted by the Vendor (i.e. the date of the Letter of Acceptance). ．A further deposit equivalent to 5% of the purchase price shall be paid within 60 days after the date of Letter of Acceptance, or within 14 days after the date of the notification to the Purchaser that the Vendor is in a position validly to assign the Property to the Purchaser, whichever is earlier. ．90% of the purchase price (balance of purchase price) shall be paid within 14 days after the date of the notification to the Purchaser that the Vendor is in a position validly to assign the Property to the Purchaser.",
2018-11-27,2018-12-04,,COURT C TOWER 1 第一座,16/F,B,,10131000,,"招標文件支付辦法甲(建築期付款計劃) ．臨時訂金即樓價5%於投標書獲賣方接納當日(即接納書的日期)繳付。 ．加付訂金即樓價5%於接納書的日期後60日內，或於賣方就其有能力將該物業有效 地轉讓予買方一事向買方發出通知的日期後的14日內繳付，以較早者為準。 ．樓價90%(樓價餘額)於賣方就其有能力將該物業有效地轉讓予買方一事向買方發出 通知的日期後的14日內繳付。 Payment Plan A (Stage Payment Plan) of Tender Document ．A preliminary deposit equivalent to 5% of the purchase price shall be paid upon the tender being accepted by the Vendor (i.e. the date of the Letter of Acceptance). ．A further deposit equivalent to 5% of the purchase price shall be paid within 60 days after the date of Letter of Acceptance, or within 14 days after the date of the notification to the Purchaser that the Vendor is in a position validly to assign the Property to the Purchaser, whichever is earlier. ．90% of the purchase price (balance of purchase price) shall be paid within 14 days after the date of the notification to the Purchaser that the Vendor is in a position validly to assign the Property to the Purchaser.",
2018-11-27,2018-12-04,,COURT C TOWER 1 第一座,16/F,F,,12583000,,"招標文件支付辦法丁 (90天即供付款計劃) ．臨時訂金即樓價5%於投標書獲賣方接納當日(即接納書的日期)繳付。 ．加付訂金即樓價5%於接納書的日期後60日內，或於賣方就其有能力將該物業有效 地轉讓予買方一事向買方發出通知的日期後的 14 日內繳付，以較早者為準。 ．樓價90%(樓價餘額)於接納書的日期後90日內，或於賣方就其有能力將該物業有效 地轉讓予買方一事向買方發出通知的日期後的 14 日內繳付，以較早者為準。 Payment Plan D (90 Days Cash Payment) of Tender Document ．A preliminary deposit equivalent to 5% of the purchase price shall be paid upon the tender being accepted by the Vendor (i.e. the date of the Letter of Acceptance). ．A further deposit equivalent to 5% of the purchase price shall be paid within 60 days after the date of Letter of Acceptance, or within 14 days after the date of the notification to the Purchaser that the Vendor is in a position validly to assign the Property to the Purchaser, whichever is earlier. ．90% of the purchase price (balance of purchase price) shall be paid within 90 days after the date of Letter of Acceptance, or within 14 days after the date of the notification to the Purchaser that the Vendor is in a position validly to assign the Property to the Purchaser, whichever is earlier.",
2018-11-27,2018-12-04,,COURT C TOWER 2 第二座,G/F,B,,15788000,,"招標文件支付辦法丁 (90天即供付款計劃) ．臨時訂金即樓價5%於投標書獲賣方接納當日(即接納書的日期)繳付。 ．加付訂金即樓價5%於接納書的日期後60日內，或於賣方就其有能力將該物業有效 地轉讓予買方一事向買方發出通知的日期後的 14 日內繳付，以較早者為準。 ．樓價90%(樓價餘額)於接納書的日期後90日內，或於賣方就其有能力將該物業有效 地轉讓予買方一事向買方發出通知的日期後的 14 日內繳付，以較早者為準。 Payment Plan D (90 Days Cash Payment) of Tender Document ．A preliminary deposit equivalent to 5% of the purchase price shall be paid upon the tender being accepted by the Vendor (i.e. the date of the Letter of Acceptance). ．A further deposit equivalent to 5% of the purchase price shall be paid within 60 days after the date of Letter of Acceptance, or within 14 days after the date of the notification to the Purchaser that the Vendor is in a position validly to assign the Property to the Purchaser, whichever is earlier. ．90% of the purchase price (balance of purchase price) shall be paid within 90 days after the date of Letter of Acceptance, or within 14 days after the date of the notification to the Purchaser that the Vendor is in a position validly to assign the Property to the Purchaser, whichever is earlier. 可享有認購該發展項目內一個住客停車位的權利 An option to purchase one residential parking space in the Development",
2018-11-27,2018-12-04,,COURT C TOWER 2 第二座,G/F,D,,10609000,,"招標文件支付辦法乙(90天一按付款計劃(I)) ．臨時訂金即樓價5%於投標書獲賣方接納當日(即接納書的日期)繳付。 ．加付訂金即樓價5%於接納書的日期後60日內，或於賣方就其有能力將該物業有效 地轉讓予買方一事向買方發出通知的日期後的14日內繳付，以較早者為準。 ．樓價90%(樓價餘額)於接納書的日期後90日內，或於賣方就其有能力將該物業有效 地轉讓予買方一事向買方發出通知的日期後的14日內繳付，以較早者為準。 Payment Plan B (90-day First Mortgage Loan Payment Plan (I))of Tender Document ．A preliminary deposit equivalent to5%of the purchase price shall be paid upon the tender being accepted by the Vendor (i.e. the date of the Letter of Acceptance). ．A further deposit equivalent to5%of the purchase price shall be paid within 60 days after the date of Letter of Acceptance, or within 14 days after the date of the notification to the Purchaser that the Vendor is in a position validly to assign the Property to the Purchaser, whichever is earlier. ．90%of the purchase price (balance of purchase price) shall be paid within 90 days after the date of Letter of Acceptance, or within 14 days after the date of the notification to the Purchaser that the Vendor is in a position validly to assign the Property to the Purchaser, whichever is earlier. 招標文件「計劃(B)第一按揭貸款」優惠 ""Plan (B) First Mortgage Loan"" Benefit of Tender Document",
2018-11-27,2018-12-04,,COURT C TOWER 2 第二座,1/F,A,,7619000,,"招標文件支付辦法丁 (90天即供付款計劃) ．臨時訂金即樓價5%於投標書獲賣方接納當日(即接納書的日期)繳付。 ．加付訂金即樓價5%於接納書的日期後60日內，或於賣方就其有能力將該物業有效 地轉讓予買方一事向買方發出通知的日期後的 14 日內繳付，以較早者為準。 ．樓價90%(樓價餘額)於接納書的日期後90日內，或於賣方就其有能力將該物業有效 地轉讓予買方一事向買方發出通知的日期後的 14 日內繳付，以較早者為準。 Payment Plan D (90 Days Cash Payment) of Tender Document ．A preliminary deposit equivalent to 5% of the purchase price shall be paid upon the tender being accepted by the Vendor (i.e. the date of the Letter of Acceptance). ．A further deposit equivalent to 5% of the purchase price shall be paid within 60 days after the date of Letter of Acceptance, or within 14 days after the date of the notification to the Purchaser that the Vendor is in a position validly to assign the Property to the Purchaser, whichever is earlier. ．90% of the purchase price (balance of purchase price) shall be paid within 90 days after the date of Letter of Acceptance, or within 14 days after the date of the notification to the Purchaser that the Vendor is in a position validly to assign the Property to the Purchaser, whichever is earlier.",
2018-11-27,2018-12-04,,COURT C TOWER 2 第二座,2/F,A,,7855000,,"招標文件支付辦法乙(90天一按付款計劃(I)) ．臨時訂金即樓價5%於投標書獲賣方接納當日(即接納書的日期)繳付。 ．加付訂金即樓價5%於接納書的日期後60日內，或於賣方就其有能力將該物業有效地轉讓予買方 一事向買方發出通知的日期後的14日內繳付，以較早者為準。 ．樓價90%(樓價餘額)於接納書的日期後90日內，或於賣方就其有能力將該物業有效地轉讓予買方 一事向買方發出通知的日期後的14日內繳付，以較早者為準。 Payment Plan B (90-day First Mortgage Loan Payment Plan (I))of Tender Document ．A preliminary deposit equivalent to5%of the purchase price shall be paid upon the tender being accepted by the Vendor (i.e. the date of the Letter of Acceptance). ．A further deposit equivalent to5%of the purchase price shall be paid within 60 days after the date of Letter of Acceptance, or within 14 days after the date of the notification to the Purchaser that the Vendor is in a position validly to assign the Property to the Purchaser, whichever is earlier. ．90%of the purchase price (balance of purchase price) shall be paid within 90 days after the date of Letter of Acceptance, or within 14 days after the date of the notification to the Purchaser that the Vendor is in a position validly to assign the Property to the Purchaser, whichever is earlier. 招標文件「計劃(B)第一按揭貸款」優惠 ""Plan (B) First Mortgage Loan"" Benefit of Tender Document",
2018-11-27,2018-12-04,,COURT C TOWER 2 第二座,3/F,A,,7900000,,"招標文件支付辦法乙(90天一按付款計劃(I)) ．臨時訂金即樓價5%於投標書獲賣方接納當日(即接納書的日期)繳付。 ．加付訂金即樓價5%於接納書的日期後60日內，或於賣方就其有能力將該物業有效地轉讓予買方 一事向買方發出通知的日期後的14日內繳付，以較早者為準。 ．樓價90%(樓價餘額)於接納書的日期後90日內，或於賣方就其有能力將該物業有效地轉讓予買方 一事向買方發出通知的日期後的14日內繳付，以較早者為準。 Payment Plan B (90-day First Mortgage Loan Payment Plan (I))of Tender Document ．A preliminary deposit equivalent to5%of the purchase price shall be paid upon the tender being accepted by the Vendor (i.e. the date of the Letter of Acceptance). ．A further deposit equivalent to5%of the purchase price shall be paid within 60 days after the date of Letter of Acceptance, or within 14 days after the date of the notification to the Purchaser that the Vendor is in a position validly to assign the Property to the Purchaser, whichever is earlier. ．90%of the purchase price (balance of purchase price) shall be paid within 90 days after the date of Letter of Acceptance, or within 14 days after the date of the notification to the Purchaser that the Vendor is in a position validly to assign the Property to the Purchaser, whichever is earlier. 招標文件「計劃(B)第一按揭貸款」優惠 ""Plan (B) First Mortgage Loan"" Benefit of Tender Document",
2018-11-27,2018-12-04,,COURT C TOWER 2 第二座,3/F,B,,7194000,,"招標文件支付辦法甲(建築期付款計劃) ．臨時訂金即樓價5%於投標書獲賣方接納當日(即接納書的日期)繳付。 ．加付訂金即樓價5%於接納書的日期後60日內，或於賣方就其有能力將該物業有效 地轉讓予買方一事向買方發出通知的日期後的14日內繳付，以較早者為準。 ．樓價90%(樓價餘額)於賣方就其有能力將該物業有效地轉讓予買方一事向買方發出 通知的日期後的14日內繳付。 Payment Plan A (Stage Payment Plan) of Tender Document ．A preliminary deposit equivalent to 5% of the purchase price shall be paid upon the tender being accepted by the Vendor (i.e. the date of the Letter of Acceptance). ．A further deposit equivalent to 5% of the purchase price shall be paid within 60 days after the date of Letter of Acceptance, or within 14 days after the date of the notification to the Purchaser that the Vendor is in a position validly to assign the Property to the Purchaser, whichever is earlier. ．90% of the purchase price (balance of purchase price) shall be paid within 14 days after the date of the notification to the Purchaser that the Vendor is in a position validly to assign the Property to the Purchaser.",
2018-11-27,2018-12-04,,COURT C TOWER 2 第二座,5/F,A,,7968000,,"招標文件支付辦法甲(建築期付款計劃) ．臨時訂金即樓價5%於投標書獲賣方接納當日(即接納書的日期)繳付。 ．加付訂金即樓價5%於接納書的日期後60日內，或於賣方就其有能力將該物業有效 地轉讓予買方一事向買方發出通知的日期後的14日內繳付，以較早者為準。 ．樓價90%(樓價餘額)於賣方就其有能力將該物業有效地轉讓予買方一事向買方發出 通知的日期後的14日內繳付。 Payment Plan A (Stage Payment Plan) of Tender Document ．A preliminary deposit equivalent to 5% of the purchase price shall be paid upon the tender being accepted by the Vendor (i.e. the date of the Letter of Acceptance). ．A further deposit equivalent to 5% of the purchase price shall be paid within 60 days after the date of Letter of Acceptance, or within 14 days after the date of the notification to the Purchaser that the Vendor is in a position validly to assign the Property to the Purchaser, whichever is earlier. ．90% of the purchase price (balance of purchase price) shall be paid within 14 days after the date of the notification to the Purchaser that the Vendor is in a position validly to assign the Property to the Purchaser.",
2018-11-27,2018-12-04,,COURT C TOWER 2 第二座,5/F,B,,7235000,,"招標文件支付辦法甲(建築期付款計劃) ．臨時訂金即樓價5%於投標書獲賣方接納當日(即接納書的日期)繳付。 ．加付訂金即樓價5%於接納書的日期後60日內，或於賣方就其有能力將該物業有效 地轉讓予買方一事向買方發出通知的日期後的14日內繳付，以較早者為準。 ．樓價90%(樓價餘額)於賣方就其有能力將該物業有效地轉讓予買方一事向買方發出 通知的日期後的14日內繳付。 Payment Plan A (Stage Payment Plan) of Tender Document ．A preliminary deposit equivalent to 5% of the purchase price shall be paid upon the tender being accepted by the Vendor (i.e. the date of the Letter of Acceptance). ．A further deposit equivalent to 5% of the purchase price shall be paid within 60 days after the date of Letter of Acceptance, or within 14 days after the date of the notification to the Purchaser that the Vendor is in a position validly to assign the Property to the Purchaser, whichever is earlier. ．90% of the purchase price (balance of purchase price) shall be paid within 14 days after the date of the notification to the Purchaser that the Vendor is in a position validly to assign the Property to the Purchaser.",
2018-11-27,2018-12-04,,COURT C TOWER 2 第二座,6/F,A,,7797000,,"招標文件支付辦法丁 (90天即供付款計劃) ．臨時訂金即樓價5%於投標書獲賣方接納當日(即接納書的日期)繳付。 ．加付訂金即樓價5%於接納書的日期後60日內，或於賣方就其有能力將該物業有效 地轉讓予買方一事向買方發出通知的日期後的 14 日內繳付，以較早者為準。 ．樓價90%(樓價餘額)於接納書的日期後90日內，或於賣方就其有能力將該物業有效 地轉讓予買方一事向買方發出通知的日期後的 14 日內繳付，以較早者為準。 Payment Plan D (90 Days Cash Payment) of Tender Document ．A preliminary deposit equivalent to 5% of the purchase price shall be paid upon the tender being accepted by the Vendor (i.e. the date of the Letter of Acceptance). ．A further deposit equivalent to 5% of the purchase price shall be paid within 60 days after the date of Letter of Acceptance, or within 14 days after the date of the notification to the Purchaser that the Vendor is in a position validly to assign the Property to the Purchaser, whichever is earlier. ．90% of the purchase price (balance of purchase price) shall be paid within 90 days after the date of Letter of Acceptance, or within 14 days after the date of the notification to the Purchaser that the Vendor is in a position validly to assign the Property to the Purchaser, whichever is earlier.",
2018-11-27,2018-12-04,,COURT C TOWER 2 第二座,6/F,B,,7081000,,"招標文件支付辦法丁 (90天即供付款計劃) ．臨時訂金即樓價5%於投標書獲賣方接納當日(即接納書的日期)繳付。 ．加付訂金即樓價5%於接納書的日期後60日內，或於賣方就其有能力將該物業有效 地轉讓予買方一事向買方發出通知的日期後的 14 日內繳付，以較早者為準。 ．樓價90%(樓價餘額)於接納書的日期後90日內，或於賣方就其有能力將該物業有效 地轉讓予買方一事向買方發出通知的日期後的 14 日內繳付，以較早者為準。 Payment Plan D (90 Days Cash Payment) of Tender Document ．A preliminary deposit equivalent to 5% of the purchase price shall be paid upon the tender being accepted by the Vendor (i.e. the date of the Letter of Acceptance). ．A further deposit equivalent to 5% of the purchase price shall be paid within 60 days after the date of Letter of Acceptance, or within 14 days after the date of the notification to the Purchaser that the Vendor is in a position validly to assign the Property to the Purchaser, whichever is earlier. ．90% of the purchase price (balance of purchase price) shall be paid within 90 days after the date of Letter of Acceptance, or within 14 days after the date of the notification to the Purchaser that the Vendor is in a position validly to assign the Property to the Purchaser, whichever is earlier.",
2018-11-27,2018-12-04,,COURT C TOWER 2 第二座,6/F,C,,14357000,,"招標文件支付辦法丁 (90天即供付款計劃) ．臨時訂金即樓價5%於投標書獲賣方接納當日(即接納書的日期)繳付。 ．加付訂金即樓價5%於接納書的日期後60日內，或於賣方就其有能力將該物業有效 地轉讓予買方一事向買方發出通知的日期後的 14 日內繳付，以較早者為準。 ．樓價90%(樓價餘額)於接納書的日期後90日內，或於賣方就其有能力將該物業有效 地轉讓予買方一事向買方發出通知的日期後的 14 日內繳付，以較早者為準。 Payment Plan D (90 Days Cash Payment) of Tender Document ．A preliminary deposit equivalent to 5% of the purchase price shall be paid upon the tender being accepted by the Vendor (i.e. the date of the Letter of Acceptance). ．A further deposit equivalent to 5% of the purchase price shall be paid within 60 days after the date of Letter of Acceptance, or within 14 days after the date of the notification to the Purchaser that the Vendor is in a position validly to assign the Property to the Purchaser, whichever is earlier. ．90% of the purchase price (balance of purchase price) shall be paid within 90 days after the date of Letter of Acceptance, or within 14 days after the date of the notification to the Purchaser that the Vendor is in a position validly to assign the Property to the Purchaser, whichever is earlier. 可享有認購該發展項目內一個住客停車位的權利 An option to purchase one residential parking space in the Development",
2018-11-27,2018-12-04,,COURT C TOWER 2 第二座,7/F,A,,7891200,,"招標文件支付辦法丁 (90天即供付款計劃) ．臨時訂金即樓價5%於投標書獲賣方接納當日(即接納書的日期)繳付。 ．加付訂金即樓價5%於接納書的日期後60日內，或於賣方就其有能力將該物業有效 地轉讓予買方一事向買方發出通知的日期後的 14 日內繳付，以較早者為準。 ．樓價90%(樓價餘額)於接納書的日期後90日內，或於賣方就其有能力將該物業有效 地轉讓予買方一事向買方發出通知的日期後的 14 日內繳付，以較早者為準。 Payment Plan D (90 Days Cash Payment) of Tender Document ．A preliminary deposit equivalent to 5% of the purchase price shall be paid upon the tender being accepted by the Vendor (i.e. the date of the Letter of Acceptance). ．A further deposit equivalent to 5% of the purchase price shall be paid within 60 days after the date of Letter of Acceptance, or within 14 days after the date of the notification to the Purchaser that the Vendor is in a position validly to assign the Property to the Purchaser, whichever is earlier. ．90% of the purchase price (balance of purchase price) shall be paid within 90 days after the date of Letter of Acceptance, or within 14 days after the date of the notification to the Purchaser that the Vendor is in a position validly to assign the Property to the Purchaser, whichever is earlier.",
2018-11-27,2018-12-04,,COURT C TOWER 2 第二座,7/F,B,,7168000,,"招標文件支付辦法丁 (90天即供付款計劃) ．臨時訂金即樓價5%於投標書獲賣方接納當日(即接納書的日期)繳付。 ．加付訂金即樓價5%於接納書的日期後60日內，或於賣方就其有能力將該物業有效 地轉讓予買方一事向買方發出通知的日期後的 14 日內繳付，以較早者為準。 ．樓價90%(樓價餘額)於接納書的日期後90日內，或於賣方就其有能力將該物業有效 地轉讓予買方一事向買方發出通知的日期後的 14 日內繳付，以較早者為準。 Payment Plan D (90 Days Cash Payment) of Tender Document ．A preliminary deposit equivalent to 5% of the purchase price shall be paid upon the tender being accepted by the Vendor (i.e. the date of the Letter of Acceptance). ．A further deposit equivalent to 5% of the purchase price shall be paid within 60 days after the date of Letter of Acceptance, or within 14 days after the date of the notification to the Purchaser that the Vendor is in a position validly to assign the Property to the Purchaser, whichever is earlier. ．90% of the purchase price (balance of purchase price) shall be paid within 90 days after the date of Letter of Acceptance, or within 14 days after the date of the notification to the Purchaser that the Vendor is in a position validly to assign the Property to the Purchaser, whichever is earlier.",
2018-11-27,2018-12-04,,COURT C TOWER 2 第二座,8/F,B,,7217000,,"招標文件支付辦法丁 (90天即供付款計劃) ．臨時訂金即樓價5%於投標書獲賣方接納當日(即接納書的日期)繳付。 ．加付訂金即樓價5%於接納書的日期後60日內，或於賣方就其有能力將該物業有效 地轉讓予買方一事向買方發出通知的日期後的 14 日內繳付，以較早者為準。 ．樓價90%(樓價餘額)於接納書的日期後90日內，或於賣方就其有能力將該物業有效 地轉讓予買方一事向買方發出通知的日期後的 14 日內繳付，以較早者為準。 Payment Plan D (90 Days Cash Payment) of Tender Document ．A preliminary deposit equivalent to 5% of the purchase price shall be paid upon the tender being accepted by the Vendor (i.e. the date of the Letter of Acceptance). ．A further deposit equivalent to 5% of the purchase price shall be paid within 60 days after the date of Letter of Acceptance, or within 14 days after the date of the notification to the Purchaser that the Vendor is in a position validly to assign the Property to the Purchaser, whichever is earlier. ．90% of the purchase price (balance of purchase price) shall be paid within 90 days after the date of Letter of Acceptance, or within 14 days after the date of the notification to the Purchaser that the Vendor is in a position validly to assign the Property to the Purchaser, whichever is earlier.",
2018-11-27,2018-12-04,,COURT D TOWER 2 第二座,15/F,B,,28000000,,"招標文件支付辦法甲(建築期付款計劃) ．臨時訂金即樓價5%於投標書獲賣方接納當日(即接納書的日期)繳付。 ．加付訂金即樓價5%於接納書的日期後60日內，或於賣方就其有能力將該物業有效 地轉讓予買方一事向買方發出通知的日期後的14日內繳付，以較早者為準。 ．樓價90%(樓價餘額)於賣方就其有能力將該物業有效地轉讓予買方一事向買方發出 通知的日期後的14日內繳付。 Payment Plan A (Stage Payment Plan) of Tender Document ．A preliminary deposit equivalent to 5% of the purchase price shall be paid upon the tender being accepted by the Vendor (i.e. the date of the Letter of Acceptance). ．A further deposit equivalent to 5% of the purchase price shall be paid within 60 days after the date of Letter of Acceptance, or within 14 days after the date of the notification to the Purchaser that the Vendor is in a position validly to assign the Property to the Purchaser, whichever is earlier. ．90% of the purchase price (balance of purchase price) shall be paid within 14 days after the date of the notification to the Purchaser that the Vendor is in a position validly to assign the Property to the Purchaser. 可享有認購該發展項目內一個住客停車位的權利 An option to purchase one residential parking space in the Development",
2018-12-07,2018-12-14,,COURT A TOWER 1 第一座,16/F,A,,35515437,,"招標文件支付辦法丁 (90天即供付款計劃) ．臨時訂金即樓價5%於投標書獲賣方接納當日(即接納書的日期)繳付。 ．加付訂金即樓價5%於接納書的日期後60日內，或於賣方就其有能力將該物業有效 地轉讓予買方一事向買方發出通知的日期後的 14 日內繳付，以較早者為準。 ．樓價90%(樓價餘額)於接納書的日期後90日內，或於賣方就其有能力將該物業有效 地轉讓予買方一事向買方發出通知的日期後的 14 日內繳付，以較早者為準。 Payment Plan D (90 Days Cash Payment) of Tender Document ．A preliminary deposit equivalent to 5% of the purchase price shall be paid upon the tender being accepted by the Vendor (i.e. the date of the Letter of Acceptance). ．A further deposit equivalent to 5% of the purchase price shall be paid within 60 days after the date of Letter of Acceptance, or within 14 days after the date of the notification to the Purchaser that the Vendor is in a position validly to assign the Property to the Purchaser, whichever is earlier. ．90% of the purchase price (balance of purchase price) shall be paid within 90 days after the date of Letter of Acceptance, or within 14 days after the date of the notification to the Purchaser that the Vendor is in a position validly to assign the Property to the Purchaser, whichever is earlier. 可享有認購該發展項目內一個住客停車位的權利 An option to purchase one residential parking space in the Development",
2018-12-07,2018-12-14,,COURT C TOWER 1 第一座,G/F,A,,14695000,"在12-12-2018，基於法例 第35(2)(a)(b)條所容許的 原因，售價更改為 $14,735,000 On 12-12-2018,the price adjusted to $14,735,000 due to the reason allowed under section 35(2)(a)(b)of the Ordinance",招標文件支付辦法乙(90天一按付款計劃(I)) ．臨時訂金即樓價5%於投標書獲賣方接納當日(即接納書的日期)繳付。,
2018-12-07,2018-12-14,,COURT D TOWER 2 第二座,17/F & R/F,B,,28453000,,"招標文件支付辦法丁 (90天即供付款計劃) ．臨時訂金即樓價5%於投標書獲賣方接納當日(即接納書的日期)繳付。 ．加付訂金即樓價5%於接納書的日期後60日內，或於賣方就其有能力將該物業有效 地轉讓予買方一事向買方發出通知的日期後的 14 日內繳付，以較早者為準。 ．樓價90%(樓價餘額)於接納書的日期後90日內，或於賣方就其有能力將該物業有效 地轉讓予買方一事向買方發出通知的日期後的 14 日內繳付，以較早者為準。 Payment Plan D (90 Days Cash Payment) of Tender Document ．A preliminary deposit equivalent to 5% of the purchase price shall be paid upon the tender being accepted by the Vendor (i.e. the date of the Letter of Acceptance). ．A further deposit equivalent to 5% of the purchase price shall be paid within 60 days after the date of Letter of Acceptance, or within 14 days after the date of the notification to the Purchaser that the Vendor is in a position validly to assign the Property to the Purchaser, whichever is earlier. ．90% of the purchase price (balance of purchase price) shall be paid within 90 days after the date of Letter of Acceptance, or within 14 days after the date of the notification to the Purchaser that the Vendor is in a position validly to assign the Property to the Purchaser, whichever is earlier. 可享有認購該發展項目內一個住客停車位的權利 An option to purchase one residential parking space in the Development",
2018-12-07,2018-12-14,,House No. 6,,,,116025000,,"招標文件支付辦法丁 (90天即供付款計劃) ．臨時訂金即樓價5%於投標書獲賣方接納當日(即接納書的日期)繳付。 ．加付訂金即樓價5%於接納書的日期後60日內，或於賣方就其有能力將該物業有效地轉讓予買方 一事向買方發出通知的日期後的 14 日內繳付，以較早者為準。 ．樓價90%(樓價餘額)於接納書的日期後90日內，或於賣方就其有能力將該物業有效地轉讓予買方 一事向買方發出通知的日期後的 14 日內繳付，以較早者為準。 Payment Plan D (90 Days Cash Payment) of Tender Document ．A preliminary deposit equivalent to 5% of the purchase price shall be paid upon the tender being accepted by the Vendor (i.e. the date of the Letter of Acceptance). ．A further deposit equivalent to 5% of the purchase price shall be paid within 60 days after the date of Letter of Acceptance, or within 14 days after the date of the notification to the Purchaser that the Vendor is in a position validly to assign the Property to the Purchaser, whichever is earlier. ．90% of the purchase price (balance of purchase price) shall be paid within 90 days after the date of Letter of Acceptance, or within 14 days after the date of the notification to the Purchaser that the Vendor is in a position validly to assign the Property to the Purchaser, whichever is earlier.",
2018-12-10,2018-12-17,,COURT B TOWER 1 第一座,1/F,C,,16950000,,"招標文件支付辦法丁 (90天即供付款計劃) ．臨時訂金即樓價5%於投標書獲賣方接納當日(即接納書的日期)繳付。 ．加付訂金即樓價5%於接納書的日期後60日內，或於賣方就其有能力將該物業有效地轉讓予買方 一事向買方發出通知的日期後的 14 日內繳付，以較早者為準。 ．樓價90%(樓價餘額)於接納書的日期後90日內，或於賣方就其有能力將該物業有效地轉讓予買方 一事向買方發出通知的日期後的 14 日內繳付，以較早者為準。 Payment Plan D (90 Days Cash Payment) of Tender Document ．A preliminary deposit equivalent to 5% of the purchase price shall be paid upon the tender being accepted by the Vendor (i.e. the date of the Letter of Acceptance). ．A further deposit equivalent to 5% of the purchase price shall be paid within 60 days after the date of Letter of Acceptance, or within 14 days after the date of the notification to the Purchaser that the Vendor is in a position validly to assign the Property to the Purchaser, whichever is earlier. ．90% of the purchase price (balance of purchase price) shall be paid within 90 days after the date of Letter of Acceptance, or within 14 days after the date of the notification to the Purchaser that the Vendor is in a position validly to assign the Property to the Purchaser, whichever is earlier. 可享有認購該發展項目內一個住客停車位的權利 An option to purchase one residential parking space in the Development",
2018-12-10,2018-12-17,,COURT B TOWER 1 第一座,5/F,H,,6440000,,"招標文件支付辦法丁 (90天即供付款計劃) ．臨時訂金即樓價5%於投標書獲賣方接納當日(即接納書的日期)繳付。 ．加付訂金即樓價5%於接納書的日期後60日內，或於賣方就其有能力將該物業有效地轉讓予買方 一事向買方發出通知的日期後的 14 日內繳付，以較早者為準。 ．樓價90%(樓價餘額)於接納書的日期後90日內，或於賣方就其有能力將該物業有效地轉讓予買方 一事向買方發出通知的日期後的 14 日內繳付，以較早者為準。 Payment Plan D (90 Days Cash Payment) of Tender Document ．A preliminary deposit equivalent to 5% of the purchase price shall be paid upon the tender being accepted by the Vendor (i.e. the date of the Letter of Acceptance). ．A further deposit equivalent to 5% of the purchase price shall be paid within 60 days after the date of Letter of Acceptance, or within 14 days after the date of the notification to the Purchaser that the Vendor is in a position validly to assign the Property to the Purchaser, whichever is earlier. ．90% of the purchase price (balance of purchase price) shall be paid within 90 days after the date of Letter of Acceptance, or within 14 days after the date of the notification to the Purchaser that the Vendor is in a position validly to assign the Property to the Purchaser, whichever is earlier.",
2018-12-10,2018-12-17,,COURT B TOWER 1 第一座,6/F,G,,6631000,,"招標文件支付辦法乙(90天一按付款計劃(I)) ．臨時訂金即樓價5%於投標書獲賣方接納當日(即接納書的日期)繳付。 ．加付訂金即樓價5%於接納書的日期後60日內，或於賣方就其有能力將該物業有效地轉讓予買方 一事向買方發出通知的日期後的14日內繳付，以較早者為準。 ．樓價90%(樓價餘額)於接納書的日期後90日內，或於賣方就其有能力將該物業有效地轉讓予買方 一事向買方發出通知的日期後的14日內繳付，以較早者為準。 Payment Plan B (90-day First Mortgage Loan Payment Plan (I))of Tender Document ．A preliminary deposit equivalent to5%of the purchase price shall be paid upon the tender being accepted by the Vendor (i.e. the date of the Letter of Acceptance). ．A further deposit equivalent to5%of the purchase price shall be paid within 60 days after the date of Letter of Acceptance, or within 14 days after the date of the notification to the Purchaser that the Vendor is in a position validly to assign the Property to the Purchaser, whichever is earlier. ．90%of the purchase price (balance of purchase price) shall be paid within 90 days after the date of Letter of Acceptance, or within 14 days after the date of the notification to the Purchaser that the Vendor is in a position validly to assign the Property to the Purchaser, whichever is earlier. 招標文件「計劃(B)第一按揭貸款」優惠 ""Plan (B) First Mortgage Loan"" Benefit of Tender Document",
2018-12-10,2018-12-17,,COURT B TOWER 1 第一座,7/F,G,,6499000,,"招標文件支付辦法丁 (90天即供付款計劃) ．臨時訂金即樓價5%於投標書獲賣方接納當日(即接納書的日期)繳付。 ．加付訂金即樓價5%於接納書的日期後60日內，或於賣方就其有能力將該物業有效 地轉讓予買方一事向買方發出通知的日期後的 14 日內繳付，以較早者為準。 ．樓價90%(樓價餘額)於接納書的日期後90日內，或於賣方就其有能力將該物業有效 地轉讓予買方一事向買方發出通知的日期後的 14 日內繳付，以較早者為準。 Payment Plan D (90 Days Cash Payment) of Tender Document ．A preliminary deposit equivalent to 5% of the purchase price shall be paid upon the tender being accepted by the Vendor (i.e. the date of the Letter of Acceptance). ．A further deposit equivalent to 5% of the purchase price shall be paid within 60 days after the date of Letter of Acceptance, or within 14 days after the date of the notification to the Purchaser that the Vendor is in a position validly to assign the Property to the Purchaser, whichever is earlier. ．90% of the purchase price (balance of purchase price) shall be paid within 90 days after the date of Letter of Acceptance, or within 14 days after the date of the notification to the Purchaser that the Vendor is in a position validly to assign the Property to the Purchaser, whichever is earlier.",
2018-12-10,2018-12-17,,COURT B TOWER 1 第一座,10/F,E,,7394000,,"招標文件支付辦法甲(建築期付款計劃) ．臨時訂金即樓價5%於投標書獲賣方接納當日(即接納書的日期)繳付。 ．加付訂金即樓價5%於接納書的日期後60日內，或於賣方就其有能力將該物業有效 地轉讓予買方一事向買方發出通知的日期後的14日內繳付，以較早者為準。 ．樓價90%(樓價餘額)於賣方就其有能力將該物業有效地轉讓予買方一事向買方發出 通知的日期後的14日內繳付。 Payment Plan A (Stage Payment Plan) of Tender Document ．A preliminary deposit equivalent to 5% of the purchase price shall be paid upon the tender being accepted by the Vendor (i.e. the date of the Letter of Acceptance). ．A further deposit equivalent to 5% of the purchase price shall be paid within 60 days after the date of Letter of Acceptance, or within 14 days after the date of the notification to the Purchaser that the Vendor is in a position validly to assign the Property to the Purchaser, whichever is earlier. ．90% of the purchase price (balance of purchase price) shall be paid within 14 days after the date of the notification to the Purchaser that the Vendor is in a position validly to assign the Property to the Purchaser.",
2018-12-10,,,COURT B TOWER 1 第一座,12/F,F,,11291000,,"招標文件支付辦法甲(建築期付款計劃) ．臨時訂金即樓價5%於投標書獲賣方接納當日(即接納書的日期)繳付。 ．加付訂金即樓價5%於接納書的日期後60日內，或於賣方就其有能力將該物業有效地轉讓予買方 一事向買方發出通知的日期後的14日內繳付，以較早者為準。 ．樓價90%(樓價餘額)於賣方就其有能力將該物業有效地轉讓予買方一事向買方發出通知的日期後 的14日內繳付。 Payment Plan A (Stage Payment Plan) of Tender Document ．A preliminary deposit equivalent to 5% of the purchase price shall be paid upon the tender being accepted by the Vendor (i.e. the date of the Letter of Acceptance). ．A further deposit equivalent to 5% of the purchase price shall be paid within 60 days after the date of Letter of Acceptance, or within 14 days after the date of the notification to the Purchaser that the Vendor is in a position validly to assign the Property to the Purchaser, whichever is earlier. ．90% of the purchase price (balance of purchase price) shall be paid within 14 days after the date of the notification to the Purchaser that the Vendor is in a position validly to assign the Property to the Purchaser.",
2018-12-10,2018-12-17,,COURT C TOWER 1 第一座,1/F,F,,12079000,,"招標文件支付辦法甲(建築期付款計劃) ．臨時訂金即樓價5%於投標書獲賣方接納當日(即接納書的日期)繳付。 ．加付訂金即樓價5%於接納書的日期後60日內，或於賣方就其有能力將該物業有效 地轉讓予買方一事向買方發出通知的日期後的14日內繳付，以較早者為準。 ．樓價90%(樓價餘額)於賣方就其有能力將該物業有效地轉讓予買方一事向買方發出 通知的日期後的14日內繳付。 Payment Plan A (Stage Payment Plan) of Tender Document ．A preliminary deposit equivalent to 5% of the purchase price shall be paid upon the tender being accepted by the Vendor (i.e. the date of the Letter of Acceptance). ．A further deposit equivalent to 5% of the purchase price shall be paid within 60 days after the date of Letter of Acceptance, or within 14 days after the date of the notification to the Purchaser that the Vendor is in a position validly to assign the Property to the Purchaser, whichever is earlier. ．90% of the purchase price (balance of purchase price) shall be paid within 14 days after the date of the notification to the Purchaser that the Vendor is in a position validly to assign the Property to the Purchaser.",
2018-12-10,2018-12-17,,COURT C TOWER 1 第一座,3/F,F,,11880000,,"招標文件支付辦法丁 (90天即供付款計劃) ．臨時訂金即樓價5%於投標書獲賣方接納當日(即接納書的日期)繳付。 ．加付訂金即樓價5%於接納書的日期後60日內，或於賣方就其有能力將該物業有效 地轉讓予買方一事向買方發出通知的日期後的 14 日內繳付，以較早者為準。 ．樓價90%(樓價餘額)於接納書的日期後90日內，或於賣方就其有能力將該物業有效 地轉讓予買方一事向買方發出通知的日期後的 14 日內繳付，以較早者為準。 Payment Plan D (90 Days Cash Payment) of Tender Document ．A preliminary deposit equivalent to 5% of the purchase price shall be paid upon the tender being accepted by the Vendor (i.e. the date of the Letter of Acceptance). ．A further deposit equivalent to 5% of the purchase price shall be paid within 60 days after the date of Letter of Acceptance, or within 14 days after the date of the notification to the Purchaser that the Vendor is in a position validly to assign the Property to the Purchaser, whichever is earlier. ．90% of the purchase price (balance of purchase price) shall be paid within 90 days after the date of Letter of Acceptance, or within 14 days after the date of the notification to the Purchaser that the Vendor is in a position validly to assign the Property to the Purchaser, whichever is earlier.",
2018-12-10,2018-12-17,,COURT C TOWER 1 第一座,5/F,D,,15796000,,"招標文件支付辦法乙(90天一按付款計劃(I)) ．臨時訂金即樓價5%於投標書獲賣方接納當日(即接納書的日期)繳付。 ．加付訂金即樓價5%於接納書的日期後60日內，或於賣方就其有能力將該物業有效地轉讓予買方一事向買方發出通知 的日期後的14日內繳付，以較早者為準。 ．樓價90%(樓價餘額)於接納書的日期後90日內，或於賣方就其有能力將該物業有效地轉讓予買方一事向買方發出通 知的日期後的14日內繳付，以較早者為準。 Payment Plan B (90-day First Mortgage Loan Payment Plan (I))of Tender Document ．A preliminary deposit equivalent to5%of the purchase price shall be paid upon the tender being accepted by the Vendor (i.e. the date of the Letter of Acceptance). ．A further deposit equivalent to5%of the purchase price shall be paid within 60 days after the date of Letter of Acceptance, or within 14 days after the date of the notification to the Purchaser that the Vendor is in a position validly to assign the Property to the Purchaser, whichever is earlier. ．90%of the purchase price (balance of purchase price) shall be paid within 90 days after the date of Letter of Acceptance, or within 14 days after the date of the notification to the Purchaser that the Vendor is in a position validly to assign the Property to the Purchaser, whichever is earlier. 招標文件「計劃(B)第一按揭貸款」優惠 ""Plan (B) First Mortgage Loan"" Benefit of Tender Document 可享有認購該發展項目內一個住客停車位的權利 An option to purchase one residential parking space in the Development",
2018-12-10,2018-12-17,,COURT C TOWER 1 第一座,5/F,E,,8178000,,"招標文件支付辦法甲(建築期付款計劃) ．臨時訂金即樓價5%於投標書獲賣方接納當日(即接納書的日期)繳付。 ．加付訂金即樓價5%於接納書的日期後60日內，或於賣方就其有能力將該物業有效 地轉讓予買方一事向買方發出通知的日期後的14日內繳付，以較早者為準。 ．樓價90%(樓價餘額)於賣方就其有能力將該物業有效地轉讓予買方一事向買方發出 通知的日期後的14日內繳付。 Payment Plan A (Stage Payment Plan) of Tender Document ．A preliminary deposit equivalent to 5% of the purchase price shall be paid upon the tender being accepted by the Vendor (i.e. the date of the Letter of Acceptance). ．A further deposit equivalent to 5% of the purchase price shall be paid within 60 days after the date of Letter of Acceptance, or within 14 days after the date of the notification to the Purchaser that the Vendor is in a position validly to assign the Property to the Purchaser, whichever is earlier. ．90% of the purchase price (balance of purchase price) shall be paid within 14 days after the date of the notification to the Purchaser that the Vendor is in a position validly to assign the Property to the Purchaser.",
2018-12-10,2018-12-17,,COURT C TOWER 1 第一座,9/F,G,,7082000,,"招標文件支付辦法丁 (90天即供付款計劃) ．臨時訂金即樓價5%於投標書獲賣方接納當日(即接納書的日期)繳付。 ．加付訂金即樓價5%於接納書的日期後60日內，或於賣方就其有能力將該物業有效地轉讓予買方 一事向買方發出通知的日期後的 14 日內繳付，以較早者為準。 ．樓價90%(樓價餘額)於接納書的日期後90日內，或於賣方就其有能力將該物業有效地轉讓予買方 一事向買方發出通知的日期後的 14 日內繳付，以較早者為準。 Payment Plan D (90 Days Cash Payment) of Tender Document ．A preliminary deposit equivalent to 5% of the purchase price shall be paid upon the tender being accepted by the Vendor (i.e. the date of the Letter of Acceptance). ．A further deposit equivalent to 5% of the purchase price shall be paid within 60 days after the date of Letter of Acceptance, or within 14 days after the date of the notification to the Purchaser that the Vendor is in a position validly to assign the Property to the Purchaser, whichever is earlier. ．90% of the purchase price (balance of purchase price) shall be paid within 90 days after the date of Letter of Acceptance, or within 14 days after the date of the notification to the Purchaser that the Vendor is in a position validly to assign the Property to the Purchaser, whichever is earlier.",
2018-12-10,2018-12-17,,COURT C TOWER 1 第一座,10/F,G,,7292000,,"招標文件支付辦法乙(90天一按付款計劃(I)) ．臨時訂金即樓價5%於投標書獲賣方接納當日(即接納書的日期)繳付。 ．加付訂金即樓價5%於接納書的日期後60日內，或於賣方就其有能力將該物業有效 地轉讓予買方一事向買方發出通知的日期後的14日內繳付，以較早者為準。 ．樓價90%(樓價餘額)於接納書的日期後90日內，或於賣方就其有能力將該物業有效 地轉讓予買方一事向買方發出通知的日期後的14日內繳付，以較早者為準。 Payment Plan B (90-day First Mortgage Loan Payment Plan (I))of Tender Document ．A preliminary deposit equivalent to5%of the purchase price shall be paid upon the tender being accepted by the Vendor (i.e. the date of the Letter of Acceptance). ．A further deposit equivalent to5%of the purchase price shall be paid within 60 days after the date of Letter of Acceptance, or within 14 days after the date of the notification to the Purchaser that the Vendor is in a position validly to assign the Property to the Purchaser, whichever is earlier. ．90%of the purchase price (balance of purchase price) shall be paid within 90 days after the date of Letter of Acceptance, or within 14 days after the date of the notification to the Purchaser that the Vendor is in a position validly to assign the Property to the Purchaser, whichever is earlier. 招標文件「計劃(B)第一按揭貸款」優惠 ""Plan (B) First Mortgage Loan"" Benefit of Tender Document",
2018-12-10,2018-12-17,,COURT C TOWER 1 第一座,11/F,G,,7146000,,"招標文件支付辦法丁 (90天即供付款計劃) ．臨時訂金即樓價5%於投標書獲賣方接納當日(即接納書的日期)繳付。 ．加付訂金即樓價5%於接納書的日期後60日內，或於賣方就其有能力將該物業有效地轉讓予買方 一事向買方發出通知的日期後的 14 日內繳付，以較早者為準。 ．樓價90%(樓價餘額)於接納書的日期後90日內，或於賣方就其有能力將該物業有效地轉讓予買方 一事向買方發出通知的日期後的 14 日內繳付，以較早者為準。 Payment Plan D (90 Days Cash Payment) of Tender Document ．A preliminary deposit equivalent to 5% of the purchase price shall be paid upon the tender being accepted by the Vendor (i.e. the date of the Letter of Acceptance). ．A further deposit equivalent to 5% of the purchase price shall be paid within 60 days after the date of Letter of Acceptance, or within 14 days after the date of the notification to the Purchaser that the Vendor is in a position validly to assign the Property to the Purchaser, whichever is earlier. ．90% of the purchase price (balance of purchase price) shall be paid within 90 days after the date of Letter of Acceptance, or within 14 days after the date of the notification to the Purchaser that the Vendor is in a position validly to assign the Property to the Purchaser, whichever is earlier.",
2018-12-10,2018-12-17,,COURT C TOWER 1 第一座,15/F,F,,12505000,,"招標文件支付辦法丁 (90天即供付款計劃) ．臨時訂金即樓價5%於投標書獲賣方接納當日(即接納書的日期)繳付。 ．加付訂金即樓價5%於接納書的日期後60日內，或於賣方就其有能力將該物業有效地轉讓予買方 一事向買方發出通知的日期後的 14 日內繳付，以較早者為準。 ．樓價90%(樓價餘額)於接納書的日期後90日內，或於賣方就其有能力將該物業有效地轉讓予買方 一事向買方發出通知的日期後的 14 日內繳付，以較早者為準。 Payment Plan D (90 Days Cash Payment) of Tender Document ．A preliminary deposit equivalent to 5% of the purchase price shall be paid upon the tender being accepted by the Vendor (i.e. the date of the Letter of Acceptance). ．A further deposit equivalent to 5% of the purchase price shall be paid within 60 days after the date of Letter of Acceptance, or within 14 days after the date of the notification to the Purchaser that the Vendor is in a position validly to assign the Property to the Purchaser, whichever is earlier. ．90% of the purchase price (balance of purchase price) shall be paid within 90 days after the date of Letter of Acceptance, or within 14 days after the date of the notification to the Purchaser that the Vendor is in a position validly to assign the Property to the Purchaser, whichever is earlier.",
2018-12-10,2018-12-17,,COURT C TOWER 2 第二座,8/F,A,,7950000,,"招標文件支付辦法丁 (90天即供付款計劃) ．臨時訂金即樓價5%於投標書獲賣方接納當日(即接納書的日期)繳付。 ．加付訂金即樓價5%於接納書的日期後60日內，或於賣方就其有能力將該物業有效地轉讓予買方 一事向買方發出通知的日期後的 14 日內繳付，以較早者為準。 ．樓價90%(樓價餘額)於接納書的日期後90日內，或於賣方就其有能力將該物業有效地轉讓予買方 一事向買方發出通知的日期後的 14 日內繳付，以較早者為準。 Payment Plan D (90 Days Cash Payment) of Tender Document ．A preliminary deposit equivalent to 5% of the purchase price shall be paid upon the tender being accepted by the Vendor (i.e. the date of the Letter of Acceptance). ．A further deposit equivalent to 5% of the purchase price shall be paid within 60 days after the date of Letter of Acceptance, or within 14 days after the date of the notification to the Purchaser that the Vendor is in a position validly to assign the Property to the Purchaser, whichever is earlier. ．90% of the purchase price (balance of purchase price) shall be paid within 90 days after the date of Letter of Acceptance, or within 14 days after the date of the notification to the Purchaser that the Vendor is in a position validly to assign the Property to the Purchaser, whichever is earlier.",
2018-12-10,2018-12-17,,COURT C TOWER 2 第二座,8/F,C,,14939000,,"招標文件支付辦法甲(建築期付款計劃) ．臨時訂金即樓價5%於投標書獲賣方接納當日(即接納書的日期)繳付。 ．加付訂金即樓價5%於接納書的日期後60日內，或於賣方就其有能力將該物業有效 地轉讓予買方一事向買方發出通知的日期後的14日內繳付，以較早者為準。 ．樓價90%(樓價餘額)於賣方就其有能力將該物業有效地轉讓予買方一事向買方發出 通知的日期後的14日內繳付。 Payment Plan A (Stage Payment Plan) of Tender Document ．A preliminary deposit equivalent to 5% of the purchase price shall be paid upon the tender being accepted by the Vendor (i.e. the date of the Letter of Acceptance). ．A further deposit equivalent to 5% of the purchase price shall be paid within 60 days after the date of Letter of Acceptance, or within 14 days after the date of the notification to the Purchaser that the Vendor is in a position validly to assign the Property to the Purchaser, whichever is earlier. ．90% of the purchase price (balance of purchase price) shall be paid within 14 days after the date of the notification to the Purchaser that the Vendor is in a position validly to assign the Property to the Purchaser. 可享有認購該發展項目內一個住客停車位的權利 An option to purchase one residential parking space in the Development",
2018-12-12,2018-12-19,,COURT B TOWER 1 第一座,2/F,B,,7962000,,"招標文件支付辦法甲(建築期付款計劃) ．臨時訂金即樓價5%於投標書獲賣方接納當日(即接納書的日期)繳付。 ．加付訂金即樓價5%於接納書的日期後60日內，或於賣方就其有能力將該物業有效 地轉讓予買方一事向買方發出通知的日期後的14日內繳付，以較早者為準。 ．樓價90%(樓價餘額)於賣方就其有能力將該物業有效地轉讓予買方一事向買方發出 通知的日期後的14日內繳付。 Payment Plan A (Stage Payment Plan) of Tender Document ．A preliminary deposit equivalent to 5% of the purchase price shall be paid upon the tender being accepted by the Vendor (i.e. the date of the Letter of Acceptance). ．A further deposit equivalent to 5% of the purchase price shall be paid within 60 days after the date of Letter of Acceptance, or within 14 days after the date of the notification to the Purchaser that the Vendor is in a position validly to assign the Property to the Purchaser, whichever is earlier. ．90% of the purchase price (balance of purchase price) shall be paid within 14 days after the date of the notification to the Purchaser that the Vendor is in a position validly to assign the Property to the Purchaser.",
2018-12-12,2018-12-19,,COURT B TOWER 1 第一座,3/F,B,,7807000,,"招標文件支付辦法丁 (90天即供付款計劃) ．臨時訂金即樓價5%於投標書獲賣方接納當日(即接納書的日期)繳付。 ．加付訂金即樓價5%於接納書的日期後60日內，或於賣方就其有能力將該物業有效 地轉讓予買方一事向買方發出通知的日期後的 14 日內繳付，以較早者為準。 ．樓價90%(樓價餘額)於接納書的日期後90日內，或於賣方就其有能力將該物業有效 地轉讓予買方一事向買方發出通知的日期後的 14 日內繳付，以較早者為準。 Payment Plan D (90 Days Cash Payment) of Tender Document ．A preliminary deposit equivalent to 5% of the purchase price shall be paid upon the tender being accepted by the Vendor (i.e. the date of the Letter of Acceptance). ．A further deposit equivalent to 5% of the purchase price shall be paid within 60 days after the date of Letter of Acceptance, or within 14 days after the date of the notification to the Purchaser that the Vendor is in a position validly to assign the Property to the Purchaser, whichever is earlier. ．90% of the purchase price (balance of purchase price) shall be paid within 90 days after the date of Letter of Acceptance, or within 14 days after the date of the notification to the Purchaser that the Vendor is in a position validly to assign the Property to the Purchaser, whichever is earlier.",
2018-12-12,2018-12-19,,COURT B TOWER 1 第一座,3/F,H,,6589000,,"招標文件支付辦法甲(建築期付款計劃) ．臨時訂金即樓價5%於投標書獲賣方接納當日(即接納書的日期)繳付。 ．加付訂金即樓價5%於接納書的日期後60日內，或於賣方就其有能力將該物業有效 地轉讓予買方一事向買方發出通知的日期後的14日內繳付，以較早者為準。 ．樓價90%(樓價餘額)於賣方就其有能力將該物業有效地轉讓予買方一事向買方發出 通知的日期後的14日內繳付。 Payment Plan A (Stage Payment Plan) of Tender Document ．A preliminary deposit equivalent to 5% of the purchase price shall be paid upon the tender being accepted by the Vendor (i.e. the date of the Letter of Acceptance). ．A further deposit equivalent to 5% of the purchase price shall be paid within 60 days after the date of Letter of Acceptance, or within 14 days after the date of the notification to the Purchaser that the Vendor is in a position validly to assign the Property to the Purchaser, whichever is earlier. ．90% of the purchase price (balance of purchase price) shall be paid within 14 days after the date of the notification to the Purchaser that the Vendor is in a position validly to assign the Property to the Purchaser.",
2018-12-12,2018-12-19,,COURT B TOWER 1 第一座,9/F,E,,7157000,,"招標文件支付辦法丁 (90天即供付款計劃) ．臨時訂金即樓價5%於投標書獲賣方接納當日(即接納書的日期)繳付。 ．加付訂金即樓價5%於接納書的日期後60日內，或於賣方就其有能力將該物業有效 地轉讓予買方一事向買方發出通知的日期後的 14 日內繳付，以較早者為準。 ．樓價90%(樓價餘額)於接納書的日期後90日內，或於賣方就其有能力將該物業有效 地轉讓予買方一事向買方發出通知的日期後的 14 日內繳付，以較早者為準。 Payment Plan D (90 Days Cash Payment) of Tender Document ．A preliminary deposit equivalent to 5% of the purchase price shall be paid upon the tender being accepted by the Vendor (i.e. the date of the Letter of Acceptance). ．A further deposit equivalent to 5% of the purchase price shall be paid within 60 days after the date of Letter of Acceptance, or within 14 days after the date of the notification to the Purchaser that the Vendor is in a position validly to assign the Property to the Purchaser, whichever is earlier. ．90% of the purchase price (balance of purchase price) shall be paid within 90 days after the date of Letter of Acceptance, or within 14 days after the date of the notification to the Purchaser that the Vendor is in a position validly to assign the Property to the Purchaser, whichever is earlier.",
2018-12-12,2018-12-19,,COURT B TOWER 2 第二座,2/F,G,,6423000,,"招標文件支付辦法丁 (90天即供付款計劃) ．臨時訂金即樓價5%於投標書獲賣方接納當日(即接納書的日期)繳付。 ．加付訂金即樓價5%於接納書的日期後60日內，或於賣方就其有能力將該物業有效地轉讓予買方 一事向買方發出通知的日期後的 14 日內繳付，以較早者為準。 ．樓價90%(樓價餘額)於接納書的日期後90日內，或於賣方就其有能力將該物業有效地轉讓予買方 一事向買方發出通知的日期後的 14 日內繳付，以較早者為準。 Payment Plan D (90 Days Cash Payment) of Tender Document ．A preliminary deposit equivalent to 5% of the purchase price shall be paid upon the tender being accepted by the Vendor (i.e. the date of the Letter of Acceptance). ．A further deposit equivalent to 5% of the purchase price shall be paid within 60 days after the date of Letter of Acceptance, or within 14 days after the date of the notification to the Purchaser that the Vendor is in a position validly to assign the Property to the Purchaser, whichever is earlier. ．90% of the purchase price (balance of purchase price) shall be paid within 90 days after the date of Letter of Acceptance, or within 14 days after the date of the notification to the Purchaser that the Vendor is in a position validly to assign the Property to the Purchaser, whichever is earlier.",
2018-12-12,2018-12-19,,COURT B TOWER 2 第二座,3/F,G,,6453000,,"招標文件支付辦法丁 (90天即供付款計劃) ．臨時訂金即樓價5%於投標書獲賣方接納當日(即接納書的日期)繳付。 ．加付訂金即樓價5%於接納書的日期後60日內，或於賣方就其有能力將該物業有效地轉讓予買方 一事向買方發出通知的日期後的 14 日內繳付，以較早者為準。 ．樓價90%(樓價餘額)於接納書的日期後90日內，或於賣方就其有能力將該物業有效地轉讓予買方 一事向買方發出通知的日期後的 14 日內繳付，以較早者為準。 Payment Plan D (90 Days Cash Payment) of Tender Document ．A preliminary deposit equivalent to 5% of the purchase price shall be paid upon the tender being accepted by the Vendor (i.e. the date of the Letter of Acceptance). ．A further deposit equivalent to 5% of the purchase price shall be paid within 60 days after the date of Letter of Acceptance, or within 14 days after the date of the notification to the Purchaser that the Vendor is in a position validly to assign the Property to the Purchaser, whichever is earlier. ．90% of the purchase price (balance of purchase price) shall be paid within 90 days after the date of Letter of Acceptance, or within 14 days after the date of the notification to the Purchaser that the Vendor is in a position validly to assign the Property to the Purchaser, whichever is earlier.",
2018-12-12,2018-12-19,,COURT B TOWER 2 第二座,5/F,G,,6645000,,"招標文件支付辦法乙(90天一按付款計劃(I)) ．臨時訂金即樓價5%於投標書獲賣方接納當日(即接納書的日期)繳付。 ．加付訂金即樓價5%於接納書的日期後60日內，或於賣方就其有能力將該物業有效 地轉讓予買方一事向買方發出通知的日期後的14日內繳付，以較早者為準。 ．樓價90%(樓價餘額)於接納書的日期後90日內，或於賣方就其有能力將該物業有效 地轉讓予買方一事向買方發出通知的日期後的14日內繳付，以較早者為準。 Payment Plan B (90-day First Mortgage Loan Payment Plan (I))of Tender Document ．A preliminary deposit equivalent to5%of the purchase price shall be paid upon the tender being accepted by the Vendor (i.e. the date of the Letter of Acceptance). ．A further deposit equivalent to5%of the purchase price shall be paid within 60 days after the date of Letter of Acceptance, or within 14 days after the date of the notification to the Purchaser that the Vendor is in a position validly to assign the Property to the Purchaser, whichever is earlier. ．90%of the purchase price (balance of purchase price) shall be paid within 90 days after the date of Letter of Acceptance, or within 14 days after the date of the notification to the Purchaser that the Vendor is in a position validly to assign the Property to the Purchaser, whichever is earlier. 招標文件「計劃(B)第一按揭貸款」優惠 ""Plan (B) First Mortgage Loan"" Benefit of Tender Document",
2018-12-12,2018-12-19,,COURT B TOWER 2 第二座,5/F,H,,6663000,,"招標文件支付辦法甲(建築期付款計劃) ．臨時訂金即樓價5%於投標書獲賣方接納當日(即接納書的日期)繳付。 ．加付訂金即樓價5%於接納書的日期後60日內，或於賣方就其有能力將該物業有效 地轉讓予買方一事向買方發出通知的日期後的14日內繳付，以較早者為準。 ．樓價90%(樓價餘額)於賣方就其有能力將該物業有效地轉讓予買方一事向買方發出 通知的日期後的14日內繳付。 Payment Plan A (Stage Payment Plan) of Tender Document ．A preliminary deposit equivalent to 5% of the purchase price shall be paid upon the tender being accepted by the Vendor (i.e. the date of the Letter of Acceptance). ．A further deposit equivalent to 5% of the purchase price shall be paid within 60 days after the date of Letter of Acceptance, or within 14 days after the date of the notification to the Purchaser that the Vendor is in a position validly to assign the Property to the Purchaser, whichever is earlier. ．90% of the purchase price (balance of purchase price) shall be paid within 14 days after the date of the notification to the Purchaser that the Vendor is in a position validly to assign the Property to the Purchaser.",
2018-12-12,2018-12-19,,COURT C TOWER 1 第一座,2/F,F,,11816000,,"招標文件支付辦法丁 (90天即供付款計劃) ．臨時訂金即樓價5%於投標書獲賣方接納當日(即接納書的日期)繳付。 ．加付訂金即樓價5%於接納書的日期後60日內，或於賣方就其有能力將該物業有效地轉讓予買方 一事向買方發出通知的日期後的 14 日內繳付，以較早者為準。 ．樓價90%(樓價餘額)於接納書的日期後90日內，或於賣方就其有能力將該物業有效地轉讓予買方 一事向買方發出通知的日期後的 14 日內繳付，以較早者為準。 Payment Plan D (90 Days Cash Payment) of Tender Document ．A preliminary deposit equivalent to 5% of the purchase price shall be paid upon the tender being accepted by the Vendor (i.e. the date of the Letter of Acceptance). ．A further deposit equivalent to 5% of the purchase price shall be paid within 60 days after the date of Letter of Acceptance, or within 14 days after the date of the notification to the Purchaser that the Vendor is in a position validly to assign the Property to the Purchaser, whichever is earlier. ．90% of the purchase price (balance of purchase price) shall be paid within 90 days after the date of Letter of Acceptance, or within 14 days after the date of the notification to the Purchaser that the Vendor is in a position validly to assign the Property to the Purchaser, whichever is earlier.",
2018-12-12,2018-12-19,,COURT C TOWER 1 第一座,5/F,C,,15836000,,"招標文件支付辦法丁 (90天即供付款計劃) ．臨時訂金即樓價5%於投標書獲賣方接納當日(即接納書的日期)繳付。 ．加付訂金即樓價5%於接納書的日期後60日內，或於賣方就其有能力將該物業有效 地轉讓予買方一事向買方發出通知的日期後的 14 日內繳付，以較早者為準。 ．樓價90%(樓價餘額)於接納書的日期後90日內，或於賣方就其有能力將該物業有效 地轉讓予買方一事向買方發出通知的日期後的 14 日內繳付，以較早者為準。 Payment Plan D (90 Days Cash Payment) of Tender Document ．A preliminary deposit equivalent to 5% of the purchase price shall be paid upon the tender being accepted by the Vendor (i.e. the date of the Letter of Acceptance). ．A further deposit equivalent to 5% of the purchase price shall be paid within 60 days after the date of Letter of Acceptance, or within 14 days after the date of the notification to the Purchaser that the Vendor is in a position validly to assign the Property to the Purchaser, whichever is earlier. ．90% of the purchase price (balance of purchase price) shall be paid within 90 days after the date of Letter of Acceptance, or within 14 days after the date of the notification to the Purchaser that the Vendor is in a position validly to assign the Property to the Purchaser, whichever is earlier. 可享有認購該發展項目內一個住客停車位的權利 An option to purchase one residential parking space in the Development",
2018-12-12,2018-12-19,,COURT C TOWER 1 第一座,5/F,F,,12276000,,"招標文件支付辦法甲(建築期付款計劃) ．臨時訂金即樓價5%於投標書獲賣方接納當日(即接納書的日期)繳付。 ．加付訂金即樓價5%於接納書的日期後60日內，或於賣方就其有能力將該物業有效 地轉讓予買方一事向買方發出通知的日期後的14日內繳付，以較早者為準。 ．樓價90%(樓價餘額)於賣方就其有能力將該物業有效地轉讓予買方一事向買方發出 通知的日期後的14日內繳付。 Payment Plan A (Stage Payment Plan) of Tender Document ．A preliminary deposit equivalent to 5% of the purchase price shall be paid upon the tender being accepted by the Vendor (i.e. the date of the Letter of Acceptance). ．A further deposit equivalent to 5% of the purchase price shall be paid within 60 days after the date of Letter of Acceptance, or within 14 days after the date of the notification to the Purchaser that the Vendor is in a position validly to assign the Property to the Purchaser, whichever is earlier. ．90% of the purchase price (balance of purchase price) shall be paid within 14 days after the date of the notification to the Purchaser that the Vendor is in a position validly to assign the Property to the Purchaser.",
2018-12-12,2018-12-19,,COURT C TOWER 1 第一座,10/F,D,,15854000,,"招標文件支付辦法丁 (90天即供付款計劃) ．臨時訂金即樓價5%於投標書獲賣方接納當日(即接納書的日期)繳付。 ．加付訂金即樓價5%於接納書的日期後60日內，或於賣方就其有能力將該物業有效地轉讓予買方 一事向買方發出通知的日期後的 14 日內繳付，以較早者為準。 ．樓價90%(樓價餘額)於接納書的日期後90日內，或於賣方就其有能力將該物業有效地轉讓予買方 一事向買方發出通知的日期後的 14 日內繳付，以較早者為準。 Payment Plan D (90 Days Cash Payment) of Tender Document ．A preliminary deposit equivalent to 5% of the purchase price shall be paid upon the tender being accepted by the Vendor (i.e. the date of the Letter of Acceptance). ．A further deposit equivalent to 5% of the purchase price shall be paid within 60 days after the date of Letter of Acceptance, or within 14 days after the date of the notification to the Purchaser that the Vendor is in a position validly to assign the Property to the Purchaser, whichever is earlier. ．90% of the purchase price (balance of purchase price) shall be paid within 90 days after the date of Letter of Acceptance, or within 14 days after the date of the notification to the Purchaser that the Vendor is in a position validly to assign the Property to the Purchaser, whichever is earlier. 可享有認購該發展項目內一個住客停車位的權利 An option to purchase one residential parking space in the Development",
2018-12-12,2018-12-19,,COURT C TOWER 1 第一座,11/F,C,,17372000,,"招標文件支付辦法丁 (90天即供付款計劃) ．臨時訂金即樓價5%於投標書獲賣方接納當日(即接納書的日期)繳付。 ．加付訂金即樓價5%於接納書的日期後60日內，或於賣方就其有能力將該物業有效地轉讓予買方 一事向買方發出通知的日期後的 14 日內繳付，以較早者為準。 ．樓價90%(樓價餘額)於接納書的日期後90日內，或於賣方就其有能力將該物業有效地轉讓予買方 一事向買方發出通知的日期後的 14 日內繳付，以較早者為準。 Payment Plan D (90 Days Cash Payment) of Tender Document ．A preliminary deposit equivalent to 5% of the purchase price shall be paid upon the tender being accepted by the Vendor (i.e. the date of the Letter of Acceptance). ．A further deposit equivalent to 5% of the purchase price shall be paid within 60 days after the date of Letter of Acceptance, or within 14 days after the date of the notification to the Purchaser that the Vendor is in a position validly to assign the Property to the Purchaser, whichever is earlier. ．90% of the purchase price (balance of purchase price) shall be paid within 90 days after the date of Letter of Acceptance, or within 14 days after the date of the notification to the Purchaser that the Vendor is in a position validly to assign the Property to the Purchaser, whichever is earlier. 可享有認購該發展項目內一個住客停車位的權利 An option to purchase one residential parking space in the Development",
2018-12-12,2018-12-19,,COURT C TOWER 1 第一座,15/F,G,,7390000,,"招標文件支付辦法乙(90天一按付款計劃(I)) ．臨時訂金即樓價5%於投標書獲賣方接納當日(即接納書的日期)繳付。 ．加付訂金即樓價5%於接納書的日期後60日內，或於賣方就其有能力將該物業有效 地轉讓予買方一事向買方發出通知的日期後的14日內繳付，以較早者為準。 ．樓價90%(樓價餘額)於接納書的日期後90日內，或於賣方就其有能力將該物業有效 地轉讓予買方一事向買方發出通知的日期後的14日內繳付，以較早者為準。 Payment Plan B (90-day First Mortgage Loan Payment Plan (I))of Tender Document ．A preliminary deposit equivalent to5%of the purchase price shall be paid upon the tender being accepted by the Vendor (i.e. the date of the Letter of Acceptance). ．A further deposit equivalent to5%of the purchase price shall be paid within 60 days after the date of Letter of Acceptance, or within 14 days after the date of the notification to the Purchaser that the Vendor is in a position validly to assign the Property to the Purchaser, whichever is earlier. ．90%of the purchase price (balance of purchase price) shall be paid within 90 days after the date of Letter of Acceptance, or within 14 days after the date of the notification to the Purchaser that the Vendor is in a position validly to assign the Property to the Purchaser, whichever is earlier. 招標文件「計劃(B)第一按揭貸款」優惠 ""Plan (B) First Mortgage Loan"" Benefit of Tender Document",
2018-12-12,2018-12-19,,COURT C TOWER 1 第一座,16/F,G,,7242000,,"招標文件支付辦法丁 (90天即供付款計劃) ．臨時訂金即樓價5%於投標書獲賣方接納當日(即接納書的日期)繳付。 ．加付訂金即樓價5%於接納書的日期後60日內，或於賣方就其有能力將該物業有效地轉讓予買方 一事向買方發出通知的日期後的 14 日內繳付，以較早者為準。 ．樓價90%(樓價餘額)於接納書的日期後90日內，或於賣方就其有能力將該物業有效地轉讓予買方 一事向買方發出通知的日期後的 14 日內繳付，以較早者為準。 Payment Plan D (90 Days Cash Payment) of Tender Document ．A preliminary deposit equivalent to 5% of the purchase price shall be paid upon the tender being accepted by the Vendor (i.e. the date of the Letter of Acceptance). ．A further deposit equivalent to 5% of the purchase price shall be paid within 60 days after the date of Letter of Acceptance, or within 14 days after the date of the notification to the Purchaser that the Vendor is in a position validly to assign the Property to the Purchaser, whichever is earlier. ．90% of the purchase price (balance of purchase price) shall be paid within 90 days after the date of Letter of Acceptance, or within 14 days after the date of the notification to the Purchaser that the Vendor is in a position validly to assign the Property to the Purchaser, whichever is earlier.",
2018-12-12,2018-12-19,,COURT C TOWER 2 第二座,7/F,C,,14804000,,"招標文件支付辦法乙(90天一按付款計劃(I)) ．臨時訂金即樓價5%於投標書獲賣方接納當日(即接納書的日期)繳付。 ．加付訂金即樓價5%於接納書的日期後60日內，或於賣方就其有能力將該物業有效 地轉讓予買方一事向買方發出通知的日期後的14日內繳付，以較早者為準。 ．樓價90%(樓價餘額)於接納書的日期後90日內，或於賣方就其有能力將該物業有效 地轉讓予買方一事向買方發出通知的日期後的14日內繳付，以較早者為準。 Payment Plan B (90-day First Mortgage Loan Payment Plan (I))of Tender Document ．A preliminary deposit equivalent to5%of the purchase price shall be paid upon the tender being accepted by the Vendor (i.e. the date of the Letter of Acceptance). ．A further deposit equivalent to5%of the purchase price shall be paid within 60 days after the date of Letter of Acceptance, or within 14 days after the date of the notification to the Purchaser that the Vendor is in a position validly to assign the Property to the Purchaser, whichever is earlier. ．90%of the purchase price (balance of purchase price) shall be paid within 90 days after the date of Letter of Acceptance, or within 14 days after the date of the notification to the Purchaser that the Vendor is in a position validly to assign the Property to the Purchaser, whichever is earlier. 招標文件「計劃(B)第一按揭貸款」優惠 ""Plan (B) First Mortgage Loan"" Benefit of Tender Document 可享有認購該發展項目內一個住客停車位的權利 An option to purchase one residential parking space in the Development",
2018-12-12,2018-12-19,,COURT C TOWER 2 第二座,9/F,A,,8143000,,"招標文件支付辦法丁 (90天即供付款計劃) ．臨時訂金即樓價5%於投標書獲賣方接納當日(即接納書的日期)繳付。 ．加付訂金即樓價5%於接納書的日期後60日內，或於賣方就其有能力將該物業有效地轉讓予買方 一事向買方發出通知的日期後的 14 日內繳付，以較早者為準。 ．樓價90%(樓價餘額)於接納書的日期後90日內，或於賣方就其有能力將該物業有效地轉讓予買方 一事向買方發出通知的日期後的 14 日內繳付，以較早者為準。 Payment Plan D (90 Days Cash Payment) of Tender Document ．A preliminary deposit equivalent to 5% of the purchase price shall be paid upon the tender being accepted by the Vendor (i.e. the date of the Letter of Acceptance). ．A further deposit equivalent to 5% of the purchase price shall be paid within 60 days after the date of Letter of Acceptance, or within 14 days after the date of the notification to the Purchaser that the Vendor is in a position validly to assign the Property to the Purchaser, whichever is earlier. ．90% of the purchase price (balance of purchase price) shall be paid within 90 days after the date of Letter of Acceptance, or within 14 days after the date of the notification to the Purchaser that the Vendor is in a position validly to assign the Property to the Purchaser, whichever is earlier.",
2018-12-12,2018-12-19,,COURT C TOWER 2 第二座,9/F,B,,7580000,,"招標文件支付辦法乙(90天一按付款計劃(I)) ．臨時訂金即樓價5%於投標書獲賣方接納當日(即接納書的日期)繳付。 ．加付訂金即樓價5%於接納書的日期後60日內，或於賣方就其有能力將該物業有效 地轉讓予買方一事向買方發出通知的日期後的14日內繳付，以較早者為準。 ．樓價90%(樓價餘額)於接納書的日期後90日內，或於賣方就其有能力將該物業有效 地轉讓予買方一事向買方發出通知的日期後的14日內繳付，以較早者為準。 Payment Plan B (90-day First Mortgage Loan Payment Plan (I))of Tender Document ．A preliminary deposit equivalent to5%of the purchase price shall be paid upon the tender being accepted by the Vendor (i.e. the date of the Letter of Acceptance). ．A further deposit equivalent to5%of the purchase price shall be paid within 60 days after the date of Letter of Acceptance, or within 14 days after the date of the notification to the Purchaser that the Vendor is in a position validly to assign the Property to the Purchaser, whichever is earlier. ．90%of the purchase price (balance of purchase price) shall be paid within 90 days after the date of Letter of Acceptance, or within 14 days after the date of the notification to the Purchaser that the Vendor is in a position validly to assign the Property to the Purchaser, whichever is earlier. 招標文件「計劃(B)第一按揭貸款」優惠 ""Plan (B) First Mortgage Loan"" Benefit of Tender Document",
2018-12-12,2018-12-19,,COURT C TOWER 2 第二座,10/F,A,,8415000,,"招標文件支付辦法甲(建築期付款計劃) ．臨時訂金即樓價5%於投標書獲賣方接納當日(即接納書的日期)繳付。 ．加付訂金即樓價5%於接納書的日期後60日內，或於賣方就其有能力將該物業有效 地轉讓予買方一事向買方發出通知的日期後的14日內繳付，以較早者為準。 ．樓價90%(樓價餘額)於賣方就其有能力將該物業有效地轉讓予買方一事向買方發出 通知的日期後的14日內繳付。 Payment Plan A (Stage Payment Plan) of Tender Document ．A preliminary deposit equivalent to 5% of the purchase price shall be paid upon the tender being accepted by the Vendor (i.e. the date of the Letter of Acceptance). ．A further deposit equivalent to 5% of the purchase price shall be paid within 60 days after the date of Letter of Acceptance, or within 14 days after the date of the notification to the Purchaser that the Vendor is in a position validly to assign the Property to the Purchaser, whichever is earlier. ．90% of the purchase price (balance of purchase price) shall be paid within 14 days after the date of the notification to the Purchaser that the Vendor is in a position validly to assign the Property to the Purchaser.",
2018-12-12,2018-12-19,,COURT C TOWER 2 第二座,15/F,A,,8321000,,"招標文件支付辦法丁 (90天即供付款計劃) ．臨時訂金即樓價5%於投標書獲賣方接納當日(即接納書的日期)繳付。 ．加付訂金即樓價5%於接納書的日期後60日內，或於賣方就其有能力將該物業有效地轉讓予買方 一事向買方發出通知的日期後的 14 日內繳付，以較早者為準。 ．樓價90%(樓價餘額)於接納書的日期後90日內，或於賣方就其有能力將該物業有效地轉讓予買方 一事向買方發出通知的日期後的 14 日內繳付，以較早者為準。 Payment Plan D (90 Days Cash Payment) of Tender Document ．A preliminary deposit equivalent to 5% of the purchase price shall be paid upon the tender being accepted by the Vendor (i.e. the date of the Letter of Acceptance). ．A further deposit equivalent to 5% of the purchase price shall be paid within 60 days after the date of Letter of Acceptance, or within 14 days after the date of the notification to the Purchaser that the Vendor is in a position validly to assign the Property to the Purchaser, whichever is earlier. ．90% of the purchase price (balance of purchase price) shall be paid within 90 days after the date of Letter of Acceptance, or within 14 days after the date of the notification to the Purchaser that the Vendor is in a position validly to assign the Property to the Purchaser, whichever is earlier.",
2018-12-12,2018-12-19,,COURT C TOWER 2 第二座,16/F,A,,8575000,,"招標文件支付辦法乙(90天一按付款計劃(I)) ．臨時訂金即樓價5%於投標書獲賣方接納當日(即接納書的日期)繳付。 ．加付訂金即樓價5%於接納書的日期後60日內，或於賣方就其有能力將該物業有效 地轉讓予買方一事向買方發出通知的日期後的14日內繳付，以較早者為準。 ．樓價90%(樓價餘額)於接納書的日期後90日內，或於賣方就其有能力將該物業有效 地轉讓予買方一事向買方發出通知的日期後的14日內繳付，以較早者為準。 Payment Plan B (90-day First Mortgage Loan Payment Plan (I))of Tender Document ．A preliminary deposit equivalent to5%of the purchase price shall be paid upon the tender being accepted by the Vendor (i.e. the date of the Letter of Acceptance). ．A further deposit equivalent to5%of the purchase price shall be paid within 60 days after the date of Letter of Acceptance, or within 14 days after the date of the notification to the Purchaser that the Vendor is in a position validly to assign the Property to the Purchaser, whichever is earlier. ．90%of the purchase price (balance of purchase price) shall be paid within 90 days after the date of Letter of Acceptance, or within 14 days after the date of the notification to the Purchaser that the Vendor is in a position validly to assign the Property to the Purchaser, whichever is earlier. 招標文件「計劃(B)第一按揭貸款」優惠 ""Plan (B) First Mortgage Loan"" Benefit of Tender Document",
2018-12-18,2018-12-27,,COURT B TOWER 1 第一座,15/F,B,,8605000,,"招標文件支付辦法戊 (90天即供付款計劃) ．臨時訂金即樓價5%於投標書獲賣方接納當日(即接納書的日期)繳付。 ．加付訂金即樓價5%於接納書的日期後60日內，或於賣方就其有能力將該物業有效 地轉讓予買方一事向買方發出通知的日期後的 14 日內繳付，以較早者為準。 ．樓價90%(樓價餘額)於接納書的日期後90日內，或於賣方就其有能力將該物業有效 地轉讓予買方一事向買方發出通知的日期後的 14 日內繳付，以較早者為準。 Payment Plan E (90 Days Cash Payment) of Tender Document ．A preliminary deposit equivalent to 5% of the purchase price shall be paid upon the tender being accepted by the Vendor (i.e. the date of the Letter of Acceptance). ．A further deposit equivalent to 5% of the purchase price shall be paid within 60 days after the date of Letter of Acceptance, or within 14 days after the date of the notification to the Purchaser that the Vendor is in a position validly to assign the Property to the Purchaser, whichever is earlier. ．90% of the purchase price (balance of purchase price) shall be paid within 90 days after the date of Letter of Acceptance, or within 14 days after the date of the notification to the Purchaser that the Vendor is in a position validly to assign the Property to the Purchaser, whichever is earlier.",
2018-12-18,2018-12-27,,COURT B TOWER 2 第二座,6/F,G,,6674000,,"招標文件支付辦法乙(90天一按付款計劃(I)) ．臨時訂金即樓價5%於投標書獲賣方接納當日(即接納書的日期)繳付。 ．加付訂金即樓價5%於接納書的日期後60日內，或於賣方就其有能力將該物業有效 地轉讓予買方一事向買方發出通知的日期後的14日內繳付，以較早者為準。 ．樓價90%(樓價餘額)於接納書的日期後90日內，或於賣方就其有能力將該物業有效 地轉讓予買方一事向買方發出通知的日期後的14日內繳付，以較早者為準。 Payment Plan B (90-day First Mortgage Loan Payment Plan (I))of Tender Document ．A preliminary deposit equivalent to5%of the purchase price shall be paid upon the tender being accepted by the Vendor (i.e. the date of the Letter of Acceptance). ．A further deposit equivalent to5%of the purchase price shall be paid within 60 days after the date of Letter of Acceptance, or within 14 days after the date of the notification to the Purchaser that the Vendor is in a position validly to assign the Property to the Purchaser, whichever is earlier. ．90%of the purchase price (balance of purchase price) shall be paid within 90 days after the date of Letter of Acceptance, or within 14 days after the date of the notification to the Purchaser that the Vendor is in a position validly to assign the Property to the Purchaser, whichever is earlier. 招標文件「計劃(B)第一按揭貸款」優惠 ""Plan (B) First Mortgage Loan"" Benefit of Tender Document",
2018-12-18,2018-12-27,,COURT B TOWER 2 第二座,15/F,B,,8569000,,"招標文件支付辦法戊 (90天即供付款計劃) ．臨時訂金即樓價5%於投標書獲賣方接納當日(即接納書的日期)繳付。 ．加付訂金即樓價5%於接納書的日期後60日內，或於賣方就其有能力將該物業有效 地轉讓予買方一事向買方發出通知的日期後的 14 日內繳付，以較早者為準。 ．樓價90%(樓價餘額)於接納書的日期後90日內，或於賣方就其有能力將該物業有效 地轉讓予買方一事向買方發出通知的日期後的 14 日內繳付，以較早者為準。 Payment Plan E (90 Days Cash Payment) of Tender Document ．A preliminary deposit equivalent to 5% of the purchase price shall be paid upon the tender being accepted by the Vendor (i.e. the date of the Letter of Acceptance). ．A further deposit equivalent to 5% of the purchase price shall be paid within 60 days after the date of Letter of Acceptance, or within 14 days after the date of the notification to the Purchaser that the Vendor is in a position validly to assign the Property to the Purchaser, whichever is earlier. ．90% of the purchase price (balance of purchase price) shall be paid within 90 days after the date of Letter of Acceptance, or within 14 days after the date of the notification to the Purchaser that the Vendor is in a position validly to assign the Property to the Purchaser, whichever is earlier.",
2018-12-18,2018-12-27,,COURT C TOWER 1 第一座,17/F & R/F,C,,21990000,,招標文件支付辦法甲(建築期付款計劃) ．臨時訂金即樓價5%於投標書獲賣方接納當日(即接納書的日期)繳付。 ．加付訂金即樓價5%於接納書的日期後60日內，或於賣方就其有能力將該物業有效地轉讓予買方 一事向買方發出通知的日期後的14日內繳付，以較早者為準。,
2018-12-18,2018-12-27,,COURT C TOWER 1 第一座,17/F,G,,7269000,,"招標文件支付辦法戊 (90天即供付款計劃) ．臨時訂金即樓價5%於投標書獲賣方接納當日(即接納書的日期)繳付。 ．加付訂金即樓價5%於接納書的日期後60日內，或於賣方就其有能力將該物業有效 地轉讓予買方一事向買方發出通知的日期後的 14 日內繳付，以較早者為準。 ．樓價90%(樓價餘額)於接納書的日期後90日內，或於賣方就其有能力將該物業有效 地轉讓予買方一事向買方發出通知的日期後的 14 日內繳付，以較早者為準。 Payment Plan E (90 Days Cash Payment) of Tender Document ．A preliminary deposit equivalent to 5% of the purchase price shall be paid upon the tender being accepted by the Vendor (i.e. the date of the Letter of Acceptance). ．A further deposit equivalent to 5% of the purchase price shall be paid within 60 days after the date of Letter of Acceptance, or within 14 days after the date of the notification to the Purchaser that the Vendor is in a position validly to assign the Property to the Purchaser, whichever is earlier. ．90% of the purchase price (balance of purchase price) shall be paid within 90 days after the date of Letter of Acceptance, or within 14 days after the date of the notification to the Purchaser that the Vendor is in a position validly to assign the Property to the Purchaser, whichever is earlier.",
2018-12-18,2018-12-27,,COURT C TOWER 2 第二座,G/F,E,,8622000,,"招標文件支付辦法戊 (90天即供付款計劃) ．臨時訂金即樓價5%於投標書獲賣方接納當日(即接納書的日期)繳付。 ．加付訂金即樓價5%於接納書的日期後60日內，或於賣方就其有能力將該物業有效 地轉讓予買方一事向買方發出通知的日期後的 14 日內繳付，以較早者為準。 ．樓價90%(樓價餘額)於接納書的日期後90日內，或於賣方就其有能力將該物業有效 地轉讓予買方一事向買方發出通知的日期後的 14 日內繳付，以較早者為準。 Payment Plan E (90 Days Cash Payment) of Tender Document ．A preliminary deposit equivalent to 5% of the purchase price shall be paid upon the tender being accepted by the Vendor (i.e. the date of the Letter of Acceptance). ．A further deposit equivalent to 5% of the purchase price shall be paid within 60 days after the date of Letter of Acceptance, or within 14 days after the date of the notification to the Purchaser that the Vendor is in a position validly to assign the Property to the Purchaser, whichever is earlier. ．90% of the purchase price (balance of purchase price) shall be paid within 90 days after the date of Letter of Acceptance, or within 14 days after the date of the notification to the Purchaser that the Vendor is in a position validly to assign the Property to the Purchaser, whichever is earlier.",
2018-12-18,2018-12-27,,COURT D TOWER 1 第一座,G/F,C,,20544000,,"招標文件支付辦法甲(建築期付款計劃) ．臨時訂金即樓價5%於投標書獲賣方接納當日(即接納書的日期)繳付。 ．加付訂金即樓價5%於接納書的日期後60日內，或於賣方就其有能力將該物業有效 地轉讓予買方一事向買方發出通知的日期後的14日內繳付，以較早者為準。 ．樓價90%(樓價餘額)於賣方就其有能力將該物業有效地轉讓予買方一事向買方發出 通知的日期後的14日內繳付。 Payment Plan A (Stage Payment Plan) of Tender Document ．A preliminary deposit equivalent to 5% of the purchase price shall be paid upon the tender being accepted by the Vendor (i.e. the date of the Letter of Acceptance). ．A further deposit equivalent to 5% of the purchase price shall be paid within 60 days after the date of Letter of Acceptance, or within 14 days after the date of the notification to the Purchaser that the Vendor is in a position validly to assign the Property to the Purchaser, whichever is earlier. ．90% of the purchase price (balance of purchase price) shall be paid within 14 days after the date of the notification to the Purchaser that the Vendor is in a position validly to assign the Property to the Purchaser. 可享有認購該發展項目內一個住客停車位的權利 An option to purchase one residential parking space in the Development",
2018-12-18,2018-12-27,,COURT D TOWER 2 第二座,G/F,C,,19934000,,"招標文件支付辦法戊 (90天即供付款計劃) ．臨時訂金即樓價5%於投標書獲賣方接納當日(即接納書的日期)繳付。 ．加付訂金即樓價5%於接納書的日期後60日內，或於賣方就其有能力將該物業有效地轉讓予買方 一事向買方發出通知的日期後的 14 日內繳付，以較早者為準。 ．樓價90%(樓價餘額)於接納書的日期後90日內，或於賣方就其有能力將該物業有效地轉讓予買方 一事向買方發出通知的日期後的 14 日內繳付，以較早者為準。 Payment Plan E (90 Days Cash Payment) of Tender Document ．A preliminary deposit equivalent to 5% of the purchase price shall be paid upon the tender being accepted by the Vendor (i.e. the date of the Letter of Acceptance). ．A further deposit equivalent to 5% of the purchase price shall be paid within 60 days after the date of Letter of Acceptance, or within 14 days after the date of the notification to the Purchaser that the Vendor is in a position validly to assign the Property to the Purchaser, whichever is earlier. ．90% of the purchase price (balance of purchase price) shall be paid within 90 days after the date of Letter of Acceptance, or within 14 days after the date of the notification to the Purchaser that the Vendor is in a position validly to assign the Property to the Purchaser, whichever is earlier. 可享有認購該發展項目內一個住客停車位的權利 An option to purchase one residential parking space in the Development",
2018-12-20,,,COURT B TOWER 1 第一座,7/F,B,,8188000,,"招標文件支付辦法乙(90天一按付款計劃(I)) ．臨時訂金即樓價5%於投標書獲賣方接納當日(即接納書的日期)繳付。 ．加付訂金即樓價5%於接納書的日期後60日內，或於賣方就其有能力將該物業有效地轉讓予買方一事向買方發出通知 的日期後的14日內繳付，以較早者為準。 ．樓價90%(樓價餘額)於接納書的日期後90日內，或於賣方就其有能力將該物業有效地轉讓予買方一事向買方發出通 知的日期後的14日內繳付，以較早者為準。 Payment Plan B (90-day First Mortgage Loan Payment Plan (I))of Tender Document ．A preliminary deposit equivalent to5%of the purchase price shall be paid upon the tender being accepted by the Vendor (i.e. the date of the Letter of Acceptance). ．A further deposit equivalent to5%of the purchase price shall be paid within 60 days after the date of Letter of Acceptance, or within 14 days after the date of the notification to the Purchaser that the Vendor is in a position validly to assign the Property to the Purchaser, whichever is earlier. ．90%of the purchase price (balance of purchase price) shall be paid within 90 days after the date of Letter of Acceptance, or within 14 days after the date of the notification to the Purchaser that the Vendor is in a position validly to assign the Property to the Purchaser, whichever is earlier. 招標文件「計劃(B)第一按揭貸款」優惠 ""Plan (B) First Mortgage Loan"" Benefit of Tender Document",
2018-12-20,,,COURT B TOWER 2 第二座,7/F,G,,6705000,,"招標文件支付辦法乙(90天一按付款計劃(I)) ．臨時訂金即樓價5%於投標書獲賣方接納當日(即接納書的日期)繳付。 ．加付訂金即樓價5%於接納書的日期後60日內，或於賣方就其有能力將該物業有效地轉讓予買方一事向買方發出通知 的日期後的14日內繳付，以較早者為準。 ．樓價90%(樓價餘額)於接納書的日期後90日內，或於賣方就其有能力將該物業有效地轉讓予買方一事向買方發出通 知的日期後的14日內繳付，以較早者為準。 Payment Plan B (90-day First Mortgage Loan Payment Plan (I))of Tender Document ．A preliminary deposit equivalent to5%of the purchase price shall be paid upon the tender being accepted by the Vendor (i.e. the date of the Letter of Acceptance). ．A further deposit equivalent to5%of the purchase price shall be paid within 60 days after the date of Letter of Acceptance, or within 14 days after the date of the notification to the Purchaser that the Vendor is in a position validly to assign the Property to the Purchaser, whichever is earlier. ．90%of the purchase price (balance of purchase price) shall be paid within 90 days after the date of Letter of Acceptance, or within 14 days after the date of the notification to the Purchaser that the Vendor is in a position validly to assign the Property to the Purchaser, whichever is earlier. 招標文件「計劃(B)第一按揭貸款」優惠 ""Plan (B) First Mortgage Loan"" Benefit of Tender Document",
2018-12-20,,,COURT B TOWER 2 第二座,10/F,H,,6791000,,"招標文件支付辦法乙(90天一按付款計劃(I)) ．臨時訂金即樓價5%於投標書獲賣方接納當日(即接納書的日期)繳付。 ．加付訂金即樓價5%於接納書的日期後60日內，或於賣方就其有能力將該物業有效地轉讓予買方一事向買方發出通知 的日期後的14日內繳付，以較早者為準。 ．樓價90%(樓價餘額)於接納書的日期後90日內，或於賣方就其有能力將該物業有效地轉讓予買方一事向買方發出通 知的日期後的14日內繳付，以較早者為準。 Payment Plan B (90-day First Mortgage Loan Payment Plan (I))of Tender Document ．A preliminary deposit equivalent to5%of the purchase price shall be paid upon the tender being accepted by the Vendor (i.e. the date of the Letter of Acceptance). ．A further deposit equivalent to5%of the purchase price shall be paid within 60 days after the date of Letter of Acceptance, or within 14 days after the date of the notification to the Purchaser that the Vendor is in a position validly to assign the Property to the Purchaser, whichever is earlier. ．90%of the purchase price (balance of purchase price) shall be paid within 90 days after the date of Letter of Acceptance, or within 14 days after the date of the notification to the Purchaser that the Vendor is in a position validly to assign the Property to the Purchaser, whichever is earlier. 招標文件「計劃(B)第一按揭貸款」優惠 ""Plan (B) First Mortgage Loan"" Benefit of Tender Document 免費獲贈賣方指定傢具與物件 Provided with furniture and chattels designated by the Vendor free of charge",
2018-12-20,,,COURT C TOWER 1 第一座,12/F,G,,7358000,,"招標文件支付辦法乙(90天一按付款計劃(I)) ．臨時訂金即樓價5%於投標書獲賣方接納當日(即接納書的日期)繳付。 ．加付訂金即樓價5%於接納書的日期後60日內，或於賣方就其有能力將該物業有效地轉讓予買方一事向買方發出通知 的日期後的14日內繳付，以較早者為準。 ．樓價90%(樓價餘額)於接納書的日期後90日內，或於賣方就其有能力將該物業有效地轉讓予買方一事向買方發出通 知的日期後的14日內繳付，以較早者為準。 Payment Plan B (90-day First Mortgage Loan Payment Plan (I))of Tender Document ．A preliminary deposit equivalent to5%of the purchase price shall be paid upon the tender being accepted by the Vendor (i.e. the date of the Letter of Acceptance). ．A further deposit equivalent to5%of the purchase price shall be paid within 60 days after the date of Letter of Acceptance, or within 14 days after the date of the notification to the Purchaser that the Vendor is in a position validly to assign the Property to the Purchaser, whichever is earlier. ．90%of the purchase price (balance of purchase price) shall be paid within 90 days after the date of Letter of Acceptance, or within 14 days after the date of the notification to the Purchaser that the Vendor is in a position validly to assign the Property to the Purchaser, whichever is earlier. 招標文件「計劃(B)第一按揭貸款」優惠 ""Plan (B) First Mortgage Loan"" Benefit of Tender Document",
2018-12-21,2019-01-02,2019-12-09,COURT D TOWER 2 第二座,G/F,D,,31276000,,"招標文件支付辦法甲(建築期付款計劃) ．臨時訂金即樓價5%於投標書獲賣方接納當日(即接納書的日期)繳付。 ．加付訂金即樓價5%於接納書的日期後60日內，或於賣方就其有能力將該物業有效 地轉讓予買方一事向買方發出通知的日期後的14日內繳付，以較早者為準。 ．樓價90%(樓價餘額)於賣方就其有能力將該物業有效地轉讓予買方一事向買方發出 通知的日期後的14日內繳付。 Payment Plan A (Stage Payment Plan) of Tender Document ．A preliminary deposit equivalent to 5% of the purchase price shall be paid upon the tender being accepted by the Vendor (i.e. the date of the Letter of Acceptance). ．A further deposit equivalent to 5% of the purchase price shall be paid within 60 days after the date of Letter of Acceptance, or within 14 days after the date of the notification to the Purchaser that the Vendor is in a position validly to assign the Property to the Purchaser, whichever is earlier. ．90% of the purchase price (balance of purchase price) shall be paid within 14 days after the date of the notification to the Purchaser that the Vendor is in a position validly to assign the Property to the Purchaser. 可享有認購該發展項目內一個住客停車位的權利 An option to purchase one residential parking space in the Development",
2018-12-27,2019-01-04,,COURT A TOWER 1 第一座,10/F,A,,36650000,,"招標文件支付辦法戊 (90天即供付款計劃) ．臨時訂金即樓價5%於投標書獲賣方接納當日(即接納書的日期)繳付。 ．加付訂金即樓價5%於接納書的日期後60日內，或於賣方就其有能力將該物業有效 地轉讓予買方一事向買方發出通知的日期後的 14 日內繳付，以較早者為準。 ．樓價90%(樓價餘額)於接納書的日期後90日內，或於賣方就其有能力將該物業有效 地轉讓予買方一事向買方發出通知的日期後的 14 日內繳付，以較早者為準。 Payment Plan E (90 Days Cash Payment) of Tender Document ．A preliminary deposit equivalent to 5% of the purchase price shall be paid upon the tender being accepted by the Vendor (i.e. the date of the Letter of Acceptance). ．A further deposit equivalent to 5% of the purchase price shall be paid within 60 days after the date of Letter of Acceptance, or within 14 days after the date of the notification to the Purchaser that the Vendor is in a position validly to assign the Property to the Purchaser, whichever is earlier. ．90% of the purchase price (balance of purchase price) shall be paid within 90 days after the date of Letter of Acceptance, or within 14 days after the date of the notification to the Purchaser that the Vendor is in a position validly to assign the Property to the Purchaser, whichever is earlier. 可享有認購該發展項目內一個住客停車位的權利 An option to purchase one residential parking space in the Development",
2018-12-27,2019-01-04,,COURT B TOWER 1 第一座,8/F,D,,14612400,,"招標文件支付辦法乙(90天一按付款計劃(I)) ．臨時訂金即樓價5%於投標書獲賣方接納當日(即接納書的日期)繳付。 ．加付訂金即樓價5%於接納書的日期後60日內，或於賣方就其有能力將該物業有效地轉讓予買方一事向買方發出通知 的日期後的14日內繳付，以較早者為準。 ．樓價90%(樓價餘額)於接納書的日期後90日內，或於賣方就其有能力將該物業有效地轉讓予買方一事向買方發出通 知的日期後的14日內繳付，以較早者為準。 Payment Plan B (90-day First Mortgage Loan Payment Plan (I))of Tender Document ．A preliminary deposit equivalent to5%of the purchase price shall be paid upon the tender being accepted by the Vendor (i.e. the date of the Letter of Acceptance). ．A further deposit equivalent to5%of the purchase price shall be paid within 60 days after the date of Letter of Acceptance, or within 14 days after the date of the notification to the Purchaser that the Vendor is in a position validly to assign the Property to the Purchaser, whichever is earlier. ．90%of the purchase price (balance of purchase price) shall be paid within 90 days after the date of Letter of Acceptance, or within 14 days after the date of the notification to the Purchaser that the Vendor is in a position validly to assign the Property to the Purchaser, whichever is earlier. 招標文件「計劃(B)第一按揭貸款」優惠 ""Plan (B) First Mortgage Loan"" Benefit of Tender Document 可享有認購該發展項目內一個住客停車位的權利 An option to purchase one residential parking space in the Development",
2018-12-27,2019-01-04,,COURT B TOWER 1 第一座,12/F,H,,6961000,,"招標文件支付辦法甲(建築期付款計劃) ．臨時訂金即樓價5%於投標書獲賣方接納當日(即接納書的日期)繳付。 ．加付訂金即樓價5%於接納書的日期後60日內，或於賣方就其有能力將該物業有效 地轉讓予買方一事向買方發出通知的日期後的14日內繳付，以較早者為準。 ．樓價90%(樓價餘額)於賣方就其有能力將該物業有效地轉讓予買方一事向買方發出 通知的日期後的14日內繳付。 Payment Plan A (Stage Payment Plan) of Tender Document ．A preliminary deposit equivalent to 5% of the purchase price shall be paid upon the tender being accepted by the Vendor (i.e. the date of the Letter of Acceptance). ．A further deposit equivalent to 5% of the purchase price shall be paid within 60 days after the date of Letter of Acceptance, or within 14 days after the date of the notification to the Purchaser that the Vendor is in a position validly to assign the Property to the Purchaser, whichever is earlier. ．90% of the purchase price (balance of purchase price) shall be paid within 14 days after the date of the notification to the Purchaser that the Vendor is in a position validly to assign the Property to the Purchaser. 免費獲贈賣方指定傢具與物件 Provided with furniture and chattels designated by the Vendor free of charge",
2018-12-27,2019-01-04,,COURT B TOWER 1 第一座,16/F,B,,8678000,,"招標文件支付辦法戊 (90天即供付款計劃) ．臨時訂金即樓價5%於投標書獲賣方接納當日(即接納書的日期)繳付。 ．加付訂金即樓價5%於接納書的日期後60日內，或於賣方就其有能力將該物業有效 地轉讓予買方一事向買方發出通知的日期後的 14 日內繳付，以較早者為準。 ．樓價90%(樓價餘額)於接納書的日期後90日內，或於賣方就其有能力將該物業有效 地轉讓予買方一事向買方發出通知的日期後的 14 日內繳付，以較早者為準。 Payment Plan E (90 Days Cash Payment) of Tender Document ．A preliminary deposit equivalent to 5% of the purchase price shall be paid upon the tender being accepted by the Vendor (i.e. the date of the Letter of Acceptance). ．A further deposit equivalent to 5% of the purchase price shall be paid within 60 days after the date of Letter of Acceptance, or within 14 days after the date of the notification to the Purchaser that the Vendor is in a position validly to assign the Property to the Purchaser, whichever is earlier. ．90% of the purchase price (balance of purchase price) shall be paid within 90 days after the date of Letter of Acceptance, or within 14 days after the date of the notification to the Purchaser that the Vendor is in a position validly to assign the Property to the Purchaser, whichever is earlier.",
2018-12-27,2019-01-04,,COURT B TOWER 2 第二座,6/F,B,,8096000,,"招標文件支付辦法戊 (90天即供付款計劃) ．臨時訂金即樓價5%於投標書獲賣方接納當日(即接納書的日期)繳付。 ．加付訂金即樓價5%於接納書的日期後60日內，或於賣方就其有能力將該物業有效 地轉讓予買方一事向買方發出通知的日期後的 14 日內繳付，以較早者為準。 ．樓價90%(樓價餘額)於接納書的日期後90日內，或於賣方就其有能力將該物業有效 地轉讓予買方一事向買方發出通知的日期後的 14 日內繳付，以較早者為準。 Payment Plan E (90 Days Cash Payment) of Tender Document ．A preliminary deposit equivalent to 5% of the purchase price shall be paid upon the tender being accepted by the Vendor (i.e. the date of the Letter of Acceptance). ．A further deposit equivalent to 5% of the purchase price shall be paid within 60 days after the date of Letter of Acceptance, or within 14 days after the date of the notification to the Purchaser that the Vendor is in a position validly to assign the Property to the Purchaser, whichever is earlier. ．90% of the purchase price (balance of purchase price) shall be paid within 90 days after the date of Letter of Acceptance, or within 14 days after the date of the notification to the Purchaser that the Vendor is in a position validly to assign the Property to the Purchaser, whichever is earlier.",
2018-12-27,2019-01-04,,COURT B TOWER 2 第二座,10/F,G,,6791000,,"招標文件支付辦法乙(90天一按付款計劃(I)) ．臨時訂金即樓價5%於投標書獲賣方接納當日(即接納書的日期)繳付。 ．加付訂金即樓價5%於接納書的日期後60日內，或於賣方就其有能力將該物業有效地轉讓予買方一事向買方發出通知 的日期後的14日內繳付，以較早者為準。 ．樓價90%(樓價餘額)於接納書的日期後90日內，或於賣方就其有能力將該物業有效地轉讓予買方一事向買方發出通 知的日期後的14日內繳付，以較早者為準。 Payment Plan B (90-day First Mortgage Loan Payment Plan (I))of Tender Document ．A preliminary deposit equivalent to5%of the purchase price shall be paid upon the tender being accepted by the Vendor (i.e. the date of the Letter of Acceptance). ．A further deposit equivalent to5%of the purchase price shall be paid within 60 days after the date of Letter of Acceptance, or within 14 days after the date of the notification to the Purchaser that the Vendor is in a position validly to assign the Property to the Purchaser, whichever is earlier. ．90%of the purchase price (balance of purchase price) shall be paid within 90 days after the date of Letter of Acceptance, or within 14 days after the date of the notification to the Purchaser that the Vendor is in a position validly to assign the Property to the Purchaser, whichever is earlier. 招標文件「計劃(B)第一按揭貸款」優惠 ""Plan (B) First Mortgage Loan"" Benefit of Tender Document 免費獲贈賣方指定傢具與物件 Provided with furniture and chattels designated by the Vendor free of charge",
2018-12-27,2019-01-04,2019-12-16,COURT C TOWER 1 第一座,17/F & R/F,A,,18853000,,"招標文件支付辦法甲(建築期付款計劃) ．臨時訂金即樓價5%於投標書獲賣方接納當日(即接納書的日期)繳付。 ．加付訂金即樓價5%於接納書的日期後60日內，或於賣方就其有能力將該物業有效 地轉讓予買方一事向買方發出通知的日期後的14日內繳付，以較早者為準。 ．樓價90%(樓價餘額)於賣方就其有能力將該物業有效地轉讓予買方一事向買方發出 通知的日期後的14日內繳付。 Payment Plan A (Stage Payment Plan) of Tender Document ．A preliminary deposit equivalent to 5% of the purchase price shall be paid upon the tender being accepted by the Vendor (i.e. the date of the Letter of Acceptance). ．A further deposit equivalent to 5% of the purchase price shall be paid within 60 days after the date of Letter of Acceptance, or within 14 days after the date of the notification to the Purchaser that the Vendor is in a position validly to assign the Property to the Purchaser, whichever is earlier. ．90% of the purchase price (balance of purchase price) shall be paid within 14 days after the date of the notification to the Purchaser that the Vendor is in a position validly to assign the Property to the Purchaser. 可享有認購該發展項目內一個住客停車位的權利 An option to purchase one residential parking space in the Development",
2019-01-03,2019-01-10,,COURT B TOWER 1 第一座,8/F,E,,7073000,,"招標文件支付辦法戊 (90天即供付款計劃) ．臨時訂金即樓價5%於投標書獲賣方接納當日(即接納書的日期)繳付。 ．加付訂金即樓價5%於接納書的日期後60日內，或於賣方就其有能力將該物業有效地轉讓予買方 一事向買方發出通知的日期後的 14 日內繳付，以較早者為準。 ．樓價90%(樓價餘額)於接納書的日期後90日內，或於賣方就其有能力將該物業有效地轉讓予買方 一事向買方發出通知的日期後的 14 日內繳付，以較早者為準。 Payment Plan E (90 Days Cash Payment) of Tender Document ．A preliminary deposit equivalent to 5% of the purchase price shall be paid upon the tender being accepted by the Vendor (i.e. the date of the Letter of Acceptance). ．A further deposit equivalent to 5% of the purchase price shall be paid within 60 days after the date of Letter of Acceptance, or within 14 days after the date of the notification to the Purchaser that the Vendor is in a position validly to assign the Property to the Purchaser, whichever is earlier. ．90% of the purchase price (balance of purchase price) shall be paid within 90 days after the date of Letter of Acceptance, or within 14 days after the date of the notification to the Purchaser that the Vendor is in a position validly to assign the Property to the Purchaser, whichever is earlier.",
2019-01-07,2019-01-14,,COURT A TOWER 2 第二座,9/F,A,,28918000,,"招標文件支付辦法戊 (90天即供付款計劃) ．臨時訂金即樓價5%於投標書獲賣方接納當日(即接納書的日期)繳付。 ．加付訂金即樓價5%於接納書的日期後60日內，或於賣方就其有能力將該 物業有效地轉讓予買方一事向買方發出通知的日期後的 14 日內繳付，以 較早者為準。 ．樓價90%(樓價餘額)於接納書的日期後90日內，或於賣方就其有能力將 該物業有效地轉讓予買方一事向買方發出通知的日期後的 14 日內繳付 ，以較早者為準。 Payment Plan E (90 Days Cash Payment) of Tender Document ．A preliminary deposit equivalent to 5% of the purchase price shall be paid upon the tender being accepted by the Vendor (i.e. the date of the Letter of Acceptance). ．A further deposit equivalent to 5% of the purchase price shall be paid within 60 days after the date of Letter of Acceptance, or within 14 days after the date of the notification to the Purchaser that the Vendor is in a position validly to assign the Property to the Purchaser, whichever is earlier. ．90% of the purchase price (balance of purchase price) shall be paid within 90 days after the date of Letter of Acceptance, or within 14 days after the date of the notification to the Purchaser that the Vendor is in a position validly to assign the Property to the Purchaser, whichever is earlier. 可享有認購該發展項目內一個住客停車位的權利 An option to purchase one residential parking space in the Development",
2019-01-07,2019-01-14,,COURT A TOWER 2 第二座,9/F,B,,30702000,,"招標文件支付辦法戊 (90天即供付款計劃) ．臨時訂金即樓價5%於投標書獲賣方接納當日(即接納書的日期)繳付。 ．加付訂金即樓價5%於接納書的日期後60日內，或於賣方就其有能力將該物業有效地轉讓予買方 一事向買方發出通知的日期後的 14 日內繳付，以較早者為準。 ．樓價90%(樓價餘額)於接納書的日期後90日內，或於賣方就其有能力將該物業有效地轉讓予買方 一事向買方發出通知的日期後的 14 日內繳付，以較早者為準。 Payment Plan E (90 Days Cash Payment) of Tender Document ．A preliminary deposit equivalent to 5% of the purchase price shall be paid upon the tender being accepted by the Vendor (i.e. the date of the Letter of Acceptance). ．A further deposit equivalent to 5% of the purchase price shall be paid within 60 days after the date of Letter of Acceptance, or within 14 days after the date of the notification to the Purchaser that the Vendor is in a position validly to assign the Property to the Purchaser, whichever is earlier. ．90% of the purchase price (balance of purchase price) shall be paid within 90 days after the date of Letter of Acceptance, or within 14 days after the date of the notification to the Purchaser that the Vendor is in a position validly to assign the Property to the Purchaser, whichever is earlier. 可享有認購該發展項目內一個住客停車位的權利 An option to purchase one residential parking space in the Development",
2019-01-07,2019-01-14,,COURT C TOWER 1 第一座,3/F,D,,15326000,,"招標文件支付辦法戊 (90天即供付款計劃) ．臨時訂金即樓價5%於投標書獲賣方接納當日(即接納書的日期)繳付。 ．加付訂金即樓價5%於接納書的日期後60日內，或於賣方就其有能力將該物業有效地轉讓予買方 一事向買方發出通知的日期後的 14 日內繳付，以較早者為準。 ．樓價90%(樓價餘額)於接納書的日期後90日內，或於賣方就其有能力將該物業有效地轉讓予買方 一事向買方發出通知的日期後的 14 日內繳付，以較早者為準。 Payment Plan E (90 Days Cash Payment) of Tender Document ．A preliminary deposit equivalent to 5% of the purchase price shall be paid upon the tender being accepted by the Vendor (i.e. the date of the Letter of Acceptance). ．A further deposit equivalent to 5% of the purchase price shall be paid within 60 days after the date of Letter of Acceptance, or within 14 days after the date of the notification to the Purchaser that the Vendor is in a position validly to assign the Property to the Purchaser, whichever is earlier. ．90% of the purchase price (balance of purchase price) shall be paid within 90 days after the date of Letter of Acceptance, or within 14 days after the date of the notification to the Purchaser that the Vendor is in a position validly to assign the Property to the Purchaser, whichever is earlier. 可享有認購該發展項目內一個住客停車位的權利 An option to purchase one residential parking space in the Development",
2019-01-07,2019-01-14,,COURT C TOWER 1 第一座,16/F,C,,18387000,,"招標文件支付辦法甲(建築期付款計劃) ．臨時訂金即樓價5%於投標書獲賣方接納當日(即接納書的日期)繳付。 ．加付訂金即樓價5%於接納書的日期後60日內，或於賣方就其有能力將該物業有效 地轉讓予買方一事向買方發出通知的日期後的14日內繳付，以較早者為準。 ．樓價90%(樓價餘額)於賣方就其有能力將該物業有效地轉讓予買方一事向買方發出 通知的日期後的14日內繳付。 Payment Plan A (Stage Payment Plan) of Tender Document ．A preliminary deposit equivalent to 5% of the purchase price shall be paid upon the tender being accepted by the Vendor (i.e. the date of the Letter of Acceptance). ．A further deposit equivalent to 5% of the purchase price shall be paid within 60 days after the date of Letter of Acceptance, or within 14 days after the date of the notification to the Purchaser that the Vendor is in a position validly to assign the Property to the Purchaser, whichever is earlier. ．90% of the purchase price (balance of purchase price) shall be paid within 14 days after the date of the notification to the Purchaser that the Vendor is in a position validly to assign the Property to the Purchaser. 可享有認購該發展項目內一個住客停車位的權利 An option to purchase one residential parking space in the Development",
2019-01-07,2019-01-14,,COURT C TOWER 2 第二座,5/F,C,,14270000,,"招標文件支付辦法戊 (90天即供付款計劃) ．臨時訂金即樓價5%於投標書獲賣方接納當日(即接納書的日期)繳付。 ．加付訂金即樓價5%於接納書的日期後60日內，或於賣方就其有能力將該物業有效地轉讓予買方 一事向買方發出通知的日期後的 14 日內繳付，以較早者為準。 ．樓價90%(樓價餘額)於接納書的日期後90日內，或於賣方就其有能力將該物業有效地轉讓予買方 一事向買方發出通知的日期後的 14 日內繳付，以較早者為準。 Payment Plan E (90 Days Cash Payment) of Tender Document ．A preliminary deposit equivalent to 5% of the purchase price shall be paid upon the tender being accepted by the Vendor (i.e. the date of the Letter of Acceptance). ．A further deposit equivalent to 5% of the purchase price shall be paid within 60 days after the date of Letter of Acceptance, or within 14 days after the date of the notification to the Purchaser that the Vendor is in a position validly to assign the Property to the Purchaser, whichever is earlier. ．90% of the purchase price (balance of purchase price) shall be paid within 90 days after the date of Letter of Acceptance, or within 14 days after the date of the notification to the Purchaser that the Vendor is in a position validly to assign the Property to the Purchaser, whichever is earlier. 可享有認購該發展項目內一個住客停車位的權利 An option to purchase one residential parking space in the Development",
2019-01-07,2019-01-14,,House No. 2,,,,119000000,,"招標文件支付辦法甲(建築期付款計劃) ．臨時訂金即樓價5%於投標書獲賣方接納當日(即接納書的日期)繳付。 ．加付訂金即樓價5%於接納書的日期後60日內，或於賣方就其有能力將該物業有效 地轉讓予買方一事向買方發出通知的日期後的14日內繳付，以較早者為準。 ．樓價90%(樓價餘額)於賣方就其有能力將該物業有效地轉讓予買方一事向買方發出 通知的日期後的14日內繳付。 Payment Plan A (Stage Payment Plan) of Tender Document ．A preliminary deposit equivalent to 5% of the purchase price shall be paid upon the tender being accepted by the Vendor (i.e. the date of the Letter of Acceptance). ．A further deposit equivalent to 5% of the purchase price shall be paid within 60 days after the date of Letter of Acceptance, or within 14 days after the date of the notification to the Purchaser that the Vendor is in a position validly to assign the Property to the Purchaser, whichever is earlier. ．90% of the purchase price (balance of purchase price) shall be paid within 14 days after the date of the notification to the Purchaser that the Vendor is in a position validly to assign the Property to the Purchaser.",
2019-01-08,2019-01-15,,COURT B TOWER 2 第二座,3/F,E,,7175000,,"招標文件支付辦法戊 (90天即供付款計劃) ．臨時訂金即樓價5%於投標書獲賣方接納當日(即接納書的日期)繳付。 ．加付訂金即樓價5%於接納書的日期後60日內，或於賣方就其有能力將該物業有效 地轉讓予買方一事向買方發出通知的日期後的 14 日內繳付，以較早者為準。 ．樓價90%(樓價餘額)於接納書的日期後90日內，或於賣方就其有能力將該物業有效 地轉讓予買方一事向買方發出通知的日期後的 14 日內繳付，以較早者為準。 Payment Plan E (90 Days Cash Payment) of Tender Document ．A preliminary deposit equivalent to 5% of the purchase price shall be paid upon the tender being accepted by the Vendor (i.e. the date of the Letter of Acceptance). ．A further deposit equivalent to 5% of the purchase price shall be paid within 60 days after the date of Letter of Acceptance, or within 14 days after the date of the notification to the Purchaser that the Vendor is in a position validly to assign the Property to the Purchaser, whichever is earlier. ．90% of the purchase price (balance of purchase price) shall be paid within 90 days after the date of Letter of Acceptance, or within 14 days after the date of the notification to the Purchaser that the Vendor is in a position validly to assign the Property to the Purchaser, whichever is earlier.",
2019-01-08,2019-01-15,,COURT C TOWER 2 第二座,10/F,F,,7778000,,"招標文件支付辦法甲(建築期付款計劃) ．臨時訂金即樓價5%於投標書獲賣方接納當日(即接納書的日期)繳付。 ．加付訂金即樓價5%於接納書的日期後60日內，或於賣方就其有能力將該物業有效 地轉讓予買方一事向買方發出通知的日期後的14日內繳付，以較早者為準。 ．樓價90%(樓價餘額)於賣方就其有能力將該物業有效地轉讓予買方一事向買方發出 通知的日期後的14日內繳付。 Payment Plan A (Stage Payment Plan) of Tender Document ．A preliminary deposit equivalent to 5% of the purchase price shall be paid upon the tender being accepted by the Vendor (i.e. the date of the Letter of Acceptance). ．A further deposit equivalent to 5% of the purchase price shall be paid within 60 days after the date of Letter of Acceptance, or within 14 days after the date of the notification to the Purchaser that the Vendor is in a position validly to assign the Property to the Purchaser, whichever is earlier. ．90% of the purchase price (balance of purchase price) shall be paid within 14 days after the date of the notification to the Purchaser that the Vendor is in a position validly to assign the Property to the Purchaser.",
2019-01-09,2019-01-16,,COURT B TOWER 1 第一座,15/F,E,,7304000,,"招標文件支付辦法戊 (90天即供付款計劃) ．臨時訂金即樓價5%於投標書獲賣方接納當日(即接納書的日期)繳付。 ．加付訂金即樓價5%於接納書的日期後60日內，或於賣方就其有能力將該 物業有效地轉讓予買方一事向買方發出通知的日期後的 14 日內繳付，以 較早者為準。 ．樓價90%(樓價餘額)於接納書的日期後90日內，或於賣方就其有能力將 該物業有效地轉讓予買方一事向買方發出通知的日期後的 14 日內繳付 ，以較早者為準。 Payment Plan E (90 Days Cash Payment) of Tender Document ．A preliminary deposit equivalent to 5% of the purchase price shall be paid upon the tender being accepted by the Vendor (i.e. the date of the Letter of Acceptance). ．A further deposit equivalent to 5% of the purchase price shall be paid within 60 days after the date of Letter of Acceptance, or within 14 days after the date of the notification to the Purchaser that the Vendor is in a position validly to assign the Property to the Purchaser, whichever is earlier. ．90% of the purchase price (balance of purchase price) shall be paid within 90 days after the date of Letter of Acceptance, or within 14 days after the date of the notification to the Purchaser that the Vendor is in a position validly to assign the Property to the Purchaser, whichever is earlier.",
2019-01-09,2019-01-16,,COURT B TOWER 2 第二座,G/F,E,,8545000,,"招標文件支付辦法甲(建築期付款計劃) ．臨時訂金即樓價5%於投標書獲賣方接納當日(即接納書的日期)繳付。 ．加付訂金即樓價5%於接納書的日期後60日內，或於賣方就其有能力將該物業有效 地轉讓予買方一事向買方發出通知的日期後的14日內繳付，以較早者為準。 ．樓價90%(樓價餘額)於賣方就其有能力將該物業有效地轉讓予買方一事向買方發出 通知的日期後的14日內繳付。 Payment Plan A (Stage Payment Plan) of Tender Document ．A preliminary deposit equivalent to 5% of the purchase price shall be paid upon the tender being accepted by the Vendor (i.e. the date of the Letter of Acceptance). ．A further deposit equivalent to 5% of the purchase price shall be paid within 60 days after the date of Letter of Acceptance, or within 14 days after the date of the notification to the Purchaser that the Vendor is in a position validly to assign the Property to the Purchaser, whichever is earlier. ．90% of the purchase price (balance of purchase price) shall be paid within 14 days after the date of the notification to the Purchaser that the Vendor is in a position validly to assign the Property to the Purchaser.",
2019-01-11,2019-01-18,,COURT B TOWER 2 第二座,6/F,E,,7416000,,"招標文件支付辦法乙(90天一按付款計劃(I)) ．臨時訂金即樓價5%於投標書獲賣方接納當日(即接納書的日期)繳付。 ．加付訂金即樓價5%於接納書的日期後60日內，或於賣方就其有能力將該物業有效 地轉讓予買方一事向買方發出通知的日期後的14日內繳付，以較早者為準。 ．樓價90%(樓價餘額)於接納書的日期後90日內，或於賣方就其有能力將該物業有效 地轉讓予買方一事向買方發出通知的日期後的14日內繳付，以較早者為準。 Payment Plan B (90-day First Mortgage Loan Payment Plan (I))of Tender Document ．A preliminary deposit equivalent to5%of the purchase price shall be paid upon the tender being accepted by the Vendor (i.e. the date of the Letter of Acceptance). ．A further deposit equivalent to5%of the purchase price shall be paid within 60 days after the date of Letter of Acceptance, or within 14 days after the date of the notification to the Purchaser that the Vendor is in a position validly to assign the Property to the Purchaser, whichever is earlier. ．90%of the purchase price (balance of purchase price) shall be paid within 90 days after the date of Letter of Acceptance, or within 14 days after the date of the notification to the Purchaser that the Vendor is in a position validly to assign the Property to the Purchaser, whichever is earlier. 招標文件「計劃(B)第一按揭貸款」優惠 ""Plan (B) First Mortgage Loan"" Benefit of Tender Document",
2019-01-11,2019-01-18,,COURT C TOWER 1 第一座,2/F,C,,16093000,,"招標文件支付辦法乙(90天一按付款計劃(I)) ．臨時訂金即樓價5%於投標書獲賣方接納當日(即接納書的日期)繳付。 ．加付訂金即樓價5%於接納書的日期後60日內，或於賣方就其有能力將該物業有效地轉讓予買方一事向買方發出通知 的日期後的14日內繳付，以較早者為準。 ．樓價90%(樓價餘額)於接納書的日期後90日內，或於賣方就其有能力將該物業有效地轉讓予買方一事向買方發出通 知的日期後的14日內繳付，以較早者為準。 Payment Plan B (90-day First Mortgage Loan Payment Plan (I))of Tender Document ．A preliminary deposit equivalent to5%of the purchase price shall be paid upon the tender being accepted by the Vendor (i.e. the date of the Letter of Acceptance). ．A further deposit equivalent to5%of the purchase price shall be paid within 60 days after the date of Letter of Acceptance, or within 14 days after the date of the notification to the Purchaser that the Vendor is in a position validly to assign the Property to the Purchaser, whichever is earlier. ．90%of the purchase price (balance of purchase price) shall be paid within 90 days after the date of Letter of Acceptance, or within 14 days after the date of the notification to the Purchaser that the Vendor is in a position validly to assign the Property to the Purchaser, whichever is earlier. 招標文件「計劃(B)第一按揭貸款」優惠 ""Plan (B) First Mortgage Loan"" Benefit of Tender Document 可享有認購該發展項目內一個住客停車位的權利 An option to purchase one residential parking space in the Development",
2019-01-14,2019-01-21,,COURT B TOWER 1 第一座,16/F,E,,7341000,,"招標文件支付辦法戊 (90天即供付款計劃) ．臨時訂金即樓價5%於投標書獲賣方接納當日(即接納書的日期)繳付。 ．加付訂金即樓價5%於接納書的日期後60日內，或於賣方就其有能力將該物業有效 地轉讓予買方一事向買方發出通知的日期後的 14 日內繳付，以較早者為準。 ．樓價90%(樓價餘額)於接納書的日期後90日內，或於賣方就其有能力將該物業有效 地轉讓予買方一事向買方發出通知的日期後的 14 日內繳付，以較早者為準。 Payment Plan E (90 Days Cash Payment) of Tender Document ．A preliminary deposit equivalent to 5% of the purchase price shall be paid upon the tender being accepted by the Vendor (i.e. the date of the Letter of Acceptance). ．A further deposit equivalent to 5% of the purchase price shall be paid within 60 days after the date of Letter of Acceptance, or within 14 days after the date of the notification to the Purchaser that the Vendor is in a position validly to assign the Property to the Purchaser, whichever is earlier. ．90% of the purchase price (balance of purchase price) shall be paid within 90 days after the date of Letter of Acceptance, or within 14 days after the date of the notification to the Purchaser that the Vendor is in a position validly to assign the Property to the Purchaser, whichever is earlier.",
2019-01-14,2019-01-21,,COURT B TOWER 2 第二座,G/F,D,,12616000,,"招標文件支付辦法甲(建築期付款計劃) ．臨時訂金即樓價5%於投標書獲賣方接納當日(即接納書的日期)繳付。 ．加付訂金即樓價5%於接納書的日期後60日內，或於賣方就其有能力將該物業有效 地轉讓予買方一事向買方發出通知的日期後的14日內繳付，以較早者為準。 ．樓價90%(樓價餘額)於賣方就其有能力將該物業有效地轉讓予買方一事向買方發出 通知的日期後的14日內繳付。 Payment Plan A (Stage Payment Plan) of Tender Document ．A preliminary deposit equivalent to 5% of the purchase price shall be paid upon the tender being accepted by the Vendor (i.e. the date of the Letter of Acceptance). ．A further deposit equivalent to 5% of the purchase price shall be paid within 60 days after the date of Letter of Acceptance, or within 14 days after the date of the notification to the Purchaser that the Vendor is in a position validly to assign the Property to the Purchaser, whichever is earlier. ．90% of the purchase price (balance of purchase price) shall be paid within 14 days after the date of the notification to the Purchaser that the Vendor is in a position validly to assign the Property to the Purchaser.",
2019-01-14,2019-01-21,,COURT B TOWER 2 第二座,1/F,G,,6394000,,"招標文件支付辦法戊 (90天即供付款計劃) ．臨時訂金即樓價5%於投標書獲賣方接納當日(即接納書的日期)繳付。 ．加付訂金即樓價5%於接納書的日期後60日內，或於賣方就其有能力將該物業有效 地轉讓予買方一事向買方發出通知的日期後的 14 日內繳付，以較早者為準。 ．樓價90%(樓價餘額)於接納書的日期後90日內，或於賣方就其有能力將該物業有效 地轉讓予買方一事向買方發出通知的日期後的 14 日內繳付，以較早者為準。 Payment Plan E (90 Days Cash Payment) of Tender Document ．A preliminary deposit equivalent to 5% of the purchase price shall be paid upon the tender being accepted by the Vendor (i.e. the date of the Letter of Acceptance). ．A further deposit equivalent to 5% of the purchase price shall be paid within 60 days after the date of Letter of Acceptance, or within 14 days after the date of the notification to the Purchaser that the Vendor is in a position validly to assign the Property to the Purchaser, whichever is earlier. ．90% of the purchase price (balance of purchase price) shall be paid within 90 days after the date of Letter of Acceptance, or within 14 days after the date of the notification to the Purchaser that the Vendor is in a position validly to assign the Property to the Purchaser, whichever is earlier.",
2019-01-14,2019-01-21,,COURT B TOWER 2 第二座,15/F,E,,7415000,,"招標文件支付辦法戊 (90天即供付款計劃) ．臨時訂金即樓價5%於投標書獲賣方接納當日(即接納書的日期)繳付。 ．加付訂金即樓價5%於接納書的日期後60日內，或於賣方就其有能力將該物業有效地轉讓予買方 一事向買方發出通知的日期後的 14 日內繳付，以較早者為準。 ．樓價90%(樓價餘額)於接納書的日期後90日內，或於賣方就其有能力將該物業有效地轉讓予買方 一事向買方發出通知的日期後的 14 日內繳付，以較早者為準。 Payment Plan E (90 Days Cash Payment) of Tender Document ．A preliminary deposit equivalent to 5% of the purchase price shall be paid upon the tender being accepted by the Vendor (i.e. the date of the Letter of Acceptance). ．A further deposit equivalent to 5% of the purchase price shall be paid within 60 days after the date of Letter of Acceptance, or within 14 days after the date of the notification to the Purchaser that the Vendor is in a position validly to assign the Property to the Purchaser, whichever is earlier. ．90% of the purchase price (balance of purchase price) shall be paid within 90 days after the date of Letter of Acceptance, or within 14 days after the date of the notification to the Purchaser that the Vendor is in a position validly to assign the Property to the Purchaser, whichever is earlier.",
2019-01-14,2019-01-21,,COURT C TOWER 1 第一座,11/F,F,,12766000,,"招標文件支付辦法乙(90天一按付款計劃(I)) ．臨時訂金即樓價5%於投標書獲賣方接納當日(即接納書的日期)繳付。 ．加付訂金即樓價5%於接納書的日期後60日內，或於賣方就其有能力將該物業有效 地轉讓予買方一事向買方發出通知的日期後的14日內繳付，以較早者為準。 ．樓價90%(樓價餘額)於接納書的日期後90日內，或於賣方就其有能力將該物業有效 地轉讓予買方一事向買方發出通知的日期後的14日內繳付，以較早者為準。 Payment Plan B (90-day First Mortgage Loan Payment Plan (I))of Tender Document ．A preliminary deposit equivalent to5%of the purchase price shall be paid upon the tender being accepted by the Vendor (i.e. the date of the Letter of Acceptance). ．A further deposit equivalent to5%of the purchase price shall be paid within 60 days after the date of Letter of Acceptance, or within 14 days after the date of the notification to the Purchaser that the Vendor is in a position validly to assign the Property to the Purchaser, whichever is earlier. ．90%of the purchase price (balance of purchase price) shall be paid within 90 days after the date of Letter of Acceptance, or within 14 days after the date of the notification to the Purchaser that the Vendor is in a position validly to assign the Property to the Purchaser, whichever is earlier. 招標文件「計劃(B)第一按揭貸款」優惠 ""Plan (B) First Mortgage Loan"" Benefit of Tender Document 可享有認購該發展項目內一個住客停車位的權利 An option to purchase one residential parking space in the Development",
2019-01-14,2019-01-21,,COURT C TOWER 1 第一座,12/F,C,,17890000,,"招標文件支付辦法戊 (90天即供付款計劃) ．臨時訂金即樓價5%於投標書獲賣方接納當日(即接納書的日期)繳付。 ．加付訂金即樓價5%於接納書的日期後60日內，或於賣方就其有能力將該 物業有效地轉讓予買方一事向買方發出通知的日期後的 14 日內繳付，以 較早者為準。 ．樓價90%(樓價餘額)於接納書的日期後90日內，或於賣方就其有能力將 該物業有效地轉讓予買方一事向買方發出通知的日期後的 14 日內繳付 ，以較早者為準。 Payment Plan E (90 Days Cash Payment) of Tender Document ．A preliminary deposit equivalent to 5% of the purchase price shall be paid upon the tender being accepted by the Vendor (i.e. the date of the Letter of Acceptance). ．A further deposit equivalent to 5% of the purchase price shall be paid within 60 days after the date of Letter of Acceptance, or within 14 days after the date of the notification to the Purchaser that the Vendor is in a position validly to assign the Property to the Purchaser, whichever is earlier. ．90% of the purchase price (balance of purchase price) shall be paid within 90 days after the date of Letter of Acceptance, or within 14 days after the date of the notification to the Purchaser that the Vendor is in a position validly to assign the Property to the Purchaser, whichever is earlier. 可享有認購該發展項目內一個住客停車位的權利 An option to purchase one residential parking space in the Development",
2019-01-14,2019-01-21,,COURT D TOWER 2 第二座,G/F,A,,18545000,,"招標文件支付辦法戊 (90天即供付款計劃) ．臨時訂金即樓價5%於投標書獲賣方接納當日(即接納書的日期)繳付。 ．加付訂金即樓價5%於接納書的日期後60日內，或於賣方就其有能力將該 物業有效地轉讓予買方一事向買方發出通知的日期後的 14 日內繳付，以 較早者為準。 ．樓價90%(樓價餘額)於接納書的日期後90日內，或於賣方就其有能力將 該物業有效地轉讓予買方一事向買方發出通知的日期後的 14 日內繳付 ，以較早者為準。 Payment Plan E (90 Days Cash Payment) of Tender Document ．A preliminary deposit equivalent to 5% of the purchase price shall be paid upon the tender being accepted by the Vendor (i.e. the date of the Letter of Acceptance). ．A further deposit equivalent to 5% of the purchase price shall be paid within 60 days after the date of Letter of Acceptance, or within 14 days after the date of the notification to the Purchaser that the Vendor is in a position validly to assign the Property to the Purchaser, whichever is earlier. ．90% of the purchase price (balance of purchase price) shall be paid within 90 days after the date of Letter of Acceptance, or within 14 days after the date of the notification to the Purchaser that the Vendor is in a position validly to assign the Property to the Purchaser, whichever is earlier. 可享有認購該發展項目內一個住客停車位的權利 An option to purchase one residential parking space in the Development",
2019-01-15,2019-01-22,,COURT C TOWER 2 第二座,11/F,A,,8231000,,"招標文件支付辦法戊 (90天即供付款計劃) ．臨時訂金即樓價5%於投標書獲賣方接納當日(即接納書的日期)繳付。 ．加付訂金即樓價5%於接納書的日期後60日內，或於賣方就其有能力將該物業有效 地轉讓予買方一事向買方發出通知的日期後的 14 日內繳付，以較早者為準。 ．樓價90%(樓價餘額)於接納書的日期後90日內，或於賣方就其有能力將該物業有效 地轉讓予買方一事向買方發出通知的日期後的 14 日內繳付，以較早者為準。 Payment Plan E (90 Days Cash Payment) of Tender Document ．A preliminary deposit equivalent to 5% of the purchase price shall be paid upon the tender being accepted by the Vendor (i.e. the date of the Letter of Acceptance). ．A further deposit equivalent to 5% of the purchase price shall be paid within 60 days after the date of Letter of Acceptance, or within 14 days after the date of the notification to the Purchaser that the Vendor is in a position validly to assign the Property to the Purchaser, whichever is earlier. ．90% of the purchase price (balance of purchase price) shall be paid within 90 days after the date of Letter of Acceptance, or within 14 days after the date of the notification to the Purchaser that the Vendor is in a position validly to assign the Property to the Purchaser, whichever is earlier.",
2019-01-16,2019-01-23,,COURT A TOWER 1 第一座,8/F,D,,26933000,,"招標文件支付辦法戊 (90天即供付款計劃) ．臨時訂金即樓價5%於投標書獲賣方接納當日(即接納書的日期)繳付。 ．加付訂金即樓價5%於接納書的日期後60日內，或於賣方就其有能力將該物業有效地轉讓予買方一事向買方發出通知 的日期後的 14 日內繳付，以較早者為準。 ．樓價90%(樓價餘額)於接納書的日期後90日內，或於賣方就其有能力將該物業有效地轉讓予買方一事向買方發出通 知的日期後的 14 日內繳付，以較早者為準。 Payment Plan E (90 Days Cash Payment) of Tender Document ．A preliminary deposit equivalent to 5% of the purchase price shall be paid upon the tender being accepted by the Vendor (i.e. the date of the Letter of Acceptance). ．A further deposit equivalent to 5% of the purchase price shall be paid within 60 days after the date of Letter of Acceptance, or within 14 days after the date of the notification to the Purchaser that the Vendor is in a position validly to assign the Property to the Purchaser, whichever is earlier. ．90% of the purchase price (balance of purchase price) shall be paid within 90 days after the date of Letter of Acceptance, or within 14 days after the date of the notification to the Purchaser that the Vendor is in a position validly to assign the Property to the Purchaser, whichever is earlier. 可享有認購該發展項目內一個住客停車位的權利 An option to purchase one residential parking space in the Development",
2019-01-16,2019-01-23,,COURT B TOWER 2 第二座,G/F,B,,7129000,,"招標文件支付辦法丁 (90天一按付款計劃(III)) ．臨時訂金即樓價5%於投標書獲賣方接納當日(即接納書的日期)繳付。 ．加付訂金即樓價5%於接納書的日期後60日內，或於賣方就其有能力將該 物業有效地轉讓予買方一事向買方發出通知的日期後的 14 日內繳付，以 較早者為準。 ．樓價90%(樓價餘額)於接納書的日期後90日內，或於賣方就其有能力將 該物業有效地轉讓予買方一事向買方發出通知的日期後的 14 日內繳付 ，以較早者為準。 Payment Plan D (90-day First Mortgage Loan Payment Plan (III)) of Tender Document ．A preliminary deposit equivalent to 5% of the purchase price shall be paid upon the tender being accepted by the Vendor (i.e. the date of the Letter of Acceptance). ．A further deposit equivalent to 5% of the purchase price shall be paid within 60 days after the date of Letter of Acceptance, or within 14 days after the date of the notification to the Purchaser that the Vendor is in a position validly to assign the Property to the Purchaser, whichever is earlier. ．90% of the purchase price (balance of purchase price) shall be paid within 90 days after the date of Letter of Acceptance, or within 14 days after the date of the notification to the Purchaser that the Vendor is in a position validly to assign the Property to the Purchaser, whichever is earlier. 招標文件「計劃(D)第一按揭貸款」優惠 ""Plan (D) First Mortgage Loan"" Benefit of Tender Document",
2019-01-16,2019-01-23,,COURT C TOWER 1 第一座,10/F,F,,12370000,,"招標文件支付辦法戊 (90天即供付款計劃) ．臨時訂金即樓價5%於投標書獲賣方接納當日(即接納書的日期)繳付。 ．加付訂金即樓價5%於接納書的日期後60日內，或於賣方就其有能力將該物業有效 地轉讓予買方一事向買方發出通知的日期後的 14 日內繳付，以較早者為準。 ．樓價90%(樓價餘額)於接納書的日期後90日內，或於賣方就其有能力將該物業有效 地轉讓予買方一事向買方發出通知的日期後的 14 日內繳付，以較早者為準。 Payment Plan E (90 Days Cash Payment) of Tender Document ．A preliminary deposit equivalent to 5% of the purchase price shall be paid upon the tender being accepted by the Vendor (i.e. the date of the Letter of Acceptance). ．A further deposit equivalent to 5% of the purchase price shall be paid within 60 days after the date of Letter of Acceptance, or within 14 days after the date of the notification to the Purchaser that the Vendor is in a position validly to assign the Property to the Purchaser, whichever is earlier. ．90% of the purchase price (balance of purchase price) shall be paid within 90 days after the date of Letter of Acceptance, or within 14 days after the date of the notification to the Purchaser that the Vendor is in a position validly to assign the Property to the Purchaser, whichever is earlier.",
2019-01-17,2019-01-24,,COURT B TOWER 2 第二座,16/F,B,,8876000,,"招標文件支付辦法甲(建築期付款計劃) ．臨時訂金即樓價5%於投標書獲賣方接納當日(即接納書的日期)繳付。 ．加付訂金即樓價5%於接納書的日期後60日內，或於賣方就其有能力將該物業有效 地轉讓予買方一事向買方發出通知的日期後的14日內繳付，以較早者為準。 ．樓價90%(樓價餘額)於賣方就其有能力將該物業有效地轉讓予買方一事向買方發出 通知的日期後的14日內繳付。 Payment Plan A (Stage Payment Plan) of Tender Document ．A preliminary deposit equivalent to 5% of the purchase price shall be paid upon the tender being accepted by the Vendor (i.e. the date of the Letter of Acceptance). ．A further deposit equivalent to 5% of the purchase price shall be paid within 60 days after the date of Letter of Acceptance, or within 14 days after the date of the notification to the Purchaser that the Vendor is in a position validly to assign the Property to the Purchaser, whichever is earlier. ．90% of the purchase price (balance of purchase price) shall be paid within 14 days after the date of the notification to the Purchaser that the Vendor is in a position validly to assign the Property to the Purchaser.",
2019-01-18,2019-01-25,,COURT B TOWER 2 第二座,7/F,H,,6541000,,"招標文件支付辦法戊 (90天即供付款計劃) ．臨時訂金即樓價5%於投標書獲賣方接納當日(即接納書的日期)繳付。 ．加付訂金即樓價5%於接納書的日期後60日內，或於賣方就其有能力將該物業有效 地轉讓予買方一事向買方發出通知的日期後的 14 日內繳付，以較早者為準。 ．樓價90%(樓價餘額)於接納書的日期後90日內，或於賣方就其有能力將該物業有效 地轉讓予買方一事向買方發出通知的日期後的 14 日內繳付，以較早者為準。 Payment Plan E (90 Days Cash Payment) of Tender Document ．A preliminary deposit equivalent to 5% of the purchase price shall be paid upon the tender being accepted by the Vendor (i.e. the date of the Letter of Acceptance). ．A further deposit equivalent to 5% of the purchase price shall be paid within 60 days after the date of Letter of Acceptance, or within 14 days after the date of the notification to the Purchaser that the Vendor is in a position validly to assign the Property to the Purchaser, whichever is earlier. ．90% of the purchase price (balance of purchase price) shall be paid within 90 days after the date of Letter of Acceptance, or within 14 days after the date of the notification to the Purchaser that the Vendor is in a position validly to assign the Property to the Purchaser, whichever is earlier.",
2019-01-18,2019-01-25,,COURT C TOWER 1 第一座,3/F,E,,7916000,,"招標文件支付辦法戊 (90天即供付款計劃) ．臨時訂金即樓價5%於投標書獲賣方接納當日(即接納書的日期)繳付。 ．加付訂金即樓價5%於接納書的日期後60日內，或於賣方就其有能力將該物業有效 地轉讓予買方一事向買方發出通知的日期後的 14 日內繳付，以較早者為準。 ．樓價90%(樓價餘額)於接納書的日期後90日內，或於賣方就其有能力將該物業有效 地轉讓予買方一事向買方發出通知的日期後的 14 日內繳付，以較早者為準。 Payment Plan E (90 Days Cash Payment) of Tender Document ．A preliminary deposit equivalent to 5% of the purchase price shall be paid upon the tender being accepted by the Vendor (i.e. the date of the Letter of Acceptance). ．A further deposit equivalent to 5% of the purchase price shall be paid within 60 days after the date of Letter of Acceptance, or within 14 days after the date of the notification to the Purchaser that the Vendor is in a position validly to assign the Property to the Purchaser, whichever is earlier. ．90% of the purchase price (balance of purchase price) shall be paid within 90 days after the date of Letter of Acceptance, or within 14 days after the date of the notification to the Purchaser that the Vendor is in a position validly to assign the Property to the Purchaser, whichever is earlier.",
2019-01-21,2019-01-28,,COURT B TOWER 1 第一座,9/F,H,,6795000,,"招標文件支付辦法乙(90天一按付款計劃(I)) ．臨時訂金即樓價5%於投標書獲賣方接納當日(即接納書的日期)繳付。 ．加付訂金即樓價5%於接納書的日期後60日內，或於賣方就其有能力將該物業有效地轉讓予買方一事向買方發出通知 的日期後的14日內繳付，以較早者為準。 ．樓價90%(樓價餘額)於接納書的日期後90日內，或於賣方就其有能力將該物業有效地轉讓予買方一事向買方發出通 知的日期後的14日內繳付，以較早者為準。 Payment Plan B (90-day First Mortgage Loan Payment Plan (I))of Tender Document ．A preliminary deposit equivalent to5%of the purchase price shall be paid upon the tender being accepted by the Vendor (i.e. the date of the Letter of Acceptance). ．A further deposit equivalent to5%of the purchase price shall be paid within 60 days after the date of Letter of Acceptance, or within 14 days after the date of the notification to the Purchaser that the Vendor is in a position validly to assign the Property to the Purchaser, whichever is earlier. ．90%of the purchase price (balance of purchase price) shall be paid within 90 days after the date of Letter of Acceptance, or within 14 days after the date of the notification to the Purchaser that the Vendor is in a position validly to assign the Property to the Purchaser, whichever is earlier. 招標文件「計劃(B)第一按揭貸款」優惠 ""Plan (B) First Mortgage Loan"" Benefit of Tender Document",
2019-01-21,2019-01-28,,COURT C TOWER 1 第一座,2/F,E,,7873000,,"招標文件支付辦法戊 (90天即供付款計劃) ．臨時訂金即樓價5%於投標書獲賣方接納當日(即接納書的日期)繳付。 ．加付訂金即樓價5%於接納書的日期後60日內，或於賣方就其有能力將該物業有效 地轉讓予買方一事向買方發出通知的日期後的 14 日內繳付，以較早者為準。 ．樓價90%(樓價餘額)於接納書的日期後90日內，或於賣方就其有能力將該物業有效 地轉讓予買方一事向買方發出通知的日期後的 14 日內繳付，以較早者為準。 Payment Plan E (90 Days Cash Payment) of Tender Document ．A preliminary deposit equivalent to 5% of the purchase price shall be paid upon the tender being accepted by the Vendor (i.e. the date of the Letter of Acceptance). ．A further deposit equivalent to 5% of the purchase price shall be paid within 60 days after the date of Letter of Acceptance, or within 14 days after the date of the notification to the Purchaser that the Vendor is in a position validly to assign the Property to the Purchaser, whichever is earlier. ．90% of the purchase price (balance of purchase price) shall be paid within 90 days after the date of Letter of Acceptance, or within 14 days after the date of the notification to the Purchaser that the Vendor is in a position validly to assign the Property to the Purchaser, whichever is earlier.",
2019-01-21,2019-01-28,,House No. 3,,,,119000000,,"招標文件支付辦法甲(建築期付款計劃) ．臨時訂金即樓價5%於投標書獲賣方接納當日(即接納書的日期)繳付。 ．加付訂金即樓價5%於接納書的日期後60日內，或於賣方就其有能力將該物業有效地轉讓予買方 一事向買方發出通知的日期後的14日內繳付，以較早者為準。 ．樓價90%(樓價餘額)於賣方就其有能力將該物業有效地轉讓予買方一事向買方發出通知的日期後 的14日內繳付。 Payment Plan A (Stage Payment Plan) of Tender Document ．A preliminary deposit equivalent to 5% of the purchase price shall be paid upon the tender being accepted by the Vendor (i.e. the date of the Letter of Acceptance). ．A further deposit equivalent to 5% of the purchase price shall be paid within 60 days after the date of Letter of Acceptance, or within 14 days after the date of the notification to the Purchaser that the Vendor is in a position validly to assign the Property to the Purchaser, whichever is earlier. ．90% of the purchase price (balance of purchase price) shall be paid within 14 days after the date of the notification to the Purchaser that the Vendor is in a position validly to assign the Property to the Purchaser.",
2019-01-22,2019-01-29,,COURT B TOWER 1 第一座,1/F,D,,14002000,,"招標文件支付辦法戊 (90天即供付款計劃) ．臨時訂金即樓價5%於投標書獲賣方接納當日(即接納書的日期)繳付。 ．加付訂金即樓價5%於接納書的日期後60日內，或於賣方就其有能力將該 物業有效地轉讓予買方一事向買方發出通知的日期後的 14 日內繳付，以 較早者為準。 ．樓價90%(樓價餘額)於接納書的日期後90日內，或於賣方就其有能力將 該物業有效地轉讓予買方一事向買方發出通知的日期後的 14 日內繳付 ，以較早者為準。 Payment Plan E (90 Days Cash Payment) of Tender Document ．A preliminary deposit equivalent to 5% of the purchase price shall be paid upon the tender being accepted by the Vendor (i.e. the date of the Letter of Acceptance). ．A further deposit equivalent to 5% of the purchase price shall be paid within 60 days after the date of Letter of Acceptance, or within 14 days after the date of the notification to the Purchaser that the Vendor is in a position validly to assign the Property to the Purchaser, whichever is earlier. ．90% of the purchase price (balance of purchase price) shall be paid within 90 days after the date of Letter of Acceptance, or within 14 days after the date of the notification to the Purchaser that the Vendor is in a position validly to assign the Property to the Purchaser, whichever is earlier. 可享有認購該發展項目內一個住客停車位的權利 An option to purchase one residential parking space in the Development",
2019-01-24,2019-01-31,,COURT C TOWER 1 第一座,16/F,E,,8653000,,"招標文件支付辦法甲(建築期付款計劃) ．臨時訂金即樓價5%於投標書獲賣方接納當日(即接納書的日期)繳付。 ．加付訂金即樓價5%於接納書的日期後60日內，或於賣方就其有能力將該物業有效 地轉讓予買方一事向買方發出通知的日期後的14日內繳付，以較早者為準。 ．樓價90%(樓價餘額)於賣方就其有能力將該物業有效地轉讓予買方一事向買方發出 通知的日期後的14日內繳付。 Payment Plan A (Stage Payment Plan) of Tender Document ．A preliminary deposit equivalent to 5% of the purchase price shall be paid upon the tender being accepted by the Vendor (i.e. the date of the Letter of Acceptance). ．A further deposit equivalent to 5% of the purchase price shall be paid within 60 days after the date of Letter of Acceptance, or within 14 days after the date of the notification to the Purchaser that the Vendor is in a position validly to assign the Property to the Purchaser, whichever is earlier. ．90% of the purchase price (balance of purchase price) shall be paid within 14 days after the date of the notification to the Purchaser that the Vendor is in a position validly to assign the Property to the Purchaser. 免費獲贈賣方指定傢具與物件 Provided with furniture and chattels designated by the Vendor free of charge",
2019-01-24,2019-01-31,,COURT C TOWER 2 第二座,5/F,E,,9048000,,"招標文件支付辦法甲(建築期付款計劃) ．臨時訂金即樓價5%於投標書獲賣方接納當日(即接納書的日期)繳付。 ．加付訂金即樓價5%於接納書的日期後60日內，或於賣方就其有能力將該物業有效 地轉讓予買方一事向買方發出通知的日期後的14日內繳付，以較早者為準。 ．樓價90%(樓價餘額)於賣方就其有能力將該物業有效地轉讓予買方一事向買方發出 通知的日期後的14日內繳付。 Payment Plan A (Stage Payment Plan) of Tender Document ．A preliminary deposit equivalent to 5% of the purchase price shall be paid upon the tender being accepted by the Vendor (i.e. the date of the Letter of Acceptance). ．A further deposit equivalent to 5% of the purchase price shall be paid within 60 days after the date of Letter of Acceptance, or within 14 days after the date of the notification to the Purchaser that the Vendor is in a position validly to assign the Property to the Purchaser, whichever is earlier. ．90% of the purchase price (balance of purchase price) shall be paid within 14 days after the date of the notification to the Purchaser that the Vendor is in a position validly to assign the Property to the Purchaser.",
2019-01-25,2019-02-01,,COURT C TOWER 1 第一座,15/F,A,,15600000,,"招標文件支付辦法甲(建築期付款計劃) ．臨時訂金即樓價5%於投標書獲賣方接納當日(即接納書的日期)繳付。 ．加付訂金即樓價5%於接納書的日期後60日內，或於賣方就其有能力將該物業有效 地轉讓予買方一事向買方發出通知的日期後的14日內繳付，以較早者為準。 ．樓價90%(樓價餘額)於賣方就其有能力將該物業有效地轉讓予買方一事向買方發出 通知的日期後的14日內繳付。 Payment Plan A (Stage Payment Plan) of Tender Document ．A preliminary deposit equivalent to 5% of the purchase price shall be paid upon the tender being accepted by the Vendor (i.e. the date of the Letter of Acceptance). ．A further deposit equivalent to 5% of the purchase price shall be paid within 60 days after the date of Letter of Acceptance, or within 14 days after the date of the notification to the Purchaser that the Vendor is in a position validly to assign the Property to the Purchaser, whichever is earlier. ．90% of the purchase price (balance of purchase price) shall be paid within 14 days after the date of the notification to the Purchaser that the Vendor is in a position validly to assign the Property to the Purchaser. 可享有認購該發展項目內一個住客停車位的權利 An option to purchase one residential parking space in the Development",
2019-01-28,2019-02-04,,COURT B TOWER 1 第一座,8/F,A,,13639000,,"招標文件支付辦法丁 (90天一按付款計劃(III)) ．臨時訂金即樓價5%於投標書獲賣方接納當日(即接納書的日期)繳付。 ．加付訂金即樓價5%於接納書的日期後60日內，或於賣方就其有能力將該物業有效地轉讓予買方 一事向買方發出通知的日期後的 14 日內繳付，以較早者為準。 ．樓價90%(樓價餘額)於接納書的日期後90日內，或於賣方就其有能力將該物業有效地轉讓予買方 一事向買方發出通知的日期後的 14 日內繳付，以較早者為準。 Payment Plan D (90-day First Mortgage Loan Payment Plan (III)) of Tender Document ．A preliminary deposit equivalent to 5% of the purchase price shall be paid upon the tender being accepted by the Vendor (i.e. the date of the Letter of Acceptance). ．A further deposit equivalent to 5% of the purchase price shall be paid within 60 days after the date of Letter of Acceptance, or within 14 days after the date of the notification to the Purchaser that the Vendor is in a position validly to assign the Property to the Purchaser, whichever is earlier. ．90% of the purchase price (balance of purchase price) shall be paid within 90 days after the date of Letter of Acceptance, or within 14 days after the date of the notification to the Purchaser that the Vendor is in a position validly to assign the Property to the Purchaser, whichever is earlier. 招標文件「計劃(D)第一按揭貸款」優惠 ""Plan (D) First Mortgage Loan"" Benefit of Tender Document",
2019-01-28,2019-02-04,,COURT C TOWER 2 第二座,5/F,F,,7328000,,"招標文件支付辦法丁 (90天一按付款計劃(III)) ．臨時訂金即樓價5%於投標書獲賣方接納當日(即接納書的日期)繳付。 ．加付訂金即樓價5%於接納書的日期後60日內，或於賣方就其有能力將該物業有效 地轉讓予買方一事向買方發出通知的日期後的 14 日內繳付，以較早者為準。 ．樓價90%(樓價餘額)於接納書的日期後90日內，或於賣方就其有能力將該物業有效 地轉讓予買方一事向買方發出通知的日期後的 14 日內繳付，以較早者為準。 Payment Plan D (90-day First Mortgage Loan Payment Plan (III)) of Tender Document ．A preliminary deposit equivalent to 5% of the purchase price shall be paid upon the tender being accepted by the Vendor (i.e. the date of the Letter of Acceptance). ．A further deposit equivalent to 5% of the purchase price shall be paid within 60 days after the date of Letter of Acceptance, or within 14 days after the date of the notification to the Purchaser that the Vendor is in a position validly to assign the Property to the Purchaser, whichever is earlier. ．90% of the purchase price (balance of purchase price) shall be paid within 90 days after the date of Letter of Acceptance, or within 14 days after the date of the notification to the Purchaser that the Vendor is in a position validly to assign the Property to the Purchaser, whichever is earlier. 招標文件「計劃(D)第一按揭貸款」優惠 ""Plan (D) First Mortgage Loan"" Benefit of Tender Document",
2019-01-30,2019-02-11,,COURT C TOWER 2 第二座,G/F,A,,9797000,,"招標文件支付辦法戊 (90天即供付款計劃) ．臨時訂金即樓價5%於投標書獲賣方接納當日(即接納書的日期)繳付。 ．加付訂金即樓價5%於接納書的日期後60日內，或於賣方就其有能力將該物業有效地轉讓予買方 一事向買方發出通知的日期後的 14 日內繳付，以較早者為準。 ．樓價90%(樓價餘額)於接納書的日期後90日內，或於賣方就其有能力將該物業有效地轉讓予買方 一事向買方發出通知的日期後的 14 日內繳付，以較早者為準。 Payment Plan E (90 Days Cash Payment) of Tender Document ．A preliminary deposit equivalent to 5% of the purchase price shall be paid upon the tender being accepted by the Vendor (i.e. the date of the Letter of Acceptance). ．A further deposit equivalent to 5% of the purchase price shall be paid within 60 days after the date of Letter of Acceptance, or within 14 days after the date of the notification to the Purchaser that the Vendor is in a position validly to assign the Property to the Purchaser, whichever is earlier. ．90% of the purchase price (balance of purchase price) shall be paid within 90 days after the date of Letter of Acceptance, or within 14 days after the date of the notification to the Purchaser that the Vendor is in a position validly to assign the Property to the Purchaser, whichever is earlier.",
2019-02-01,2019-02-13,,COURT A TOWER 2 第二座,12/F,B,,33144000,,．招標文件支付辦法戊 (90天即供付款計劃) Payment Plan E (90 Days Cash Payment) of Tender Document ．見備註 7(a)(v) See Remarks 7(a)(v) ．可享有認購該發展項目內一個住客停車位的權利 An option to purchase one residential parking space in the Development,
2019-02-01,2019-02-13,,COURT B TOWER 1 第一座,10/F,B,,8726000,,"．招標文件支付辦法乙 (90天一按付款計劃 (I)) Payment Plan B (90-day First Mortgage Loan Payment Plan (I)) of Tender Document ．見備註 7(a)(ii) See Remarks 7(a)(ii) ．招標文件「計劃(B)第一按揭貸款」優惠 ""Plan (B) First Mortgage Loan"" Benefit of Tender Document",
2019-02-01,2019-02-13,,COURT C TOWER 1 第一座,7/F,C,,16734000,,"．招標文件支付辦法乙 (90天一按付款計劃 (I)) Payment Plan B (90-day First Mortgage Loan Payment Plan (I)) of Tender Document ．見備註 7(a)(ii) See Remarks 7(a)(ii) ．招標文件「計劃(B)第一按揭貸款」優惠 ""Plan (B) First Mortgage Loan"" Benefit of Tender Document ．可享有認購該發展項目內一個住客停車位的權利 An option to purchase one residential parking space in the Development",
2019-02-01,2019-02-13,,COURT C TOWER 2 第二座,16/F,B,,7645000,,．招標文件支付辦法戊 (90天即供付款計劃) Payment Plan E (90 Days Cash Payment) of Tender Document ．見備註 7(a)(v) See Remarks 7(a)(v) ．免費獲贈賣方指定傢具與物件 Provided with furniture and chattels designated by the Vendor free of charge,
2019-02-11,2019-02-18,,COURT B TOWER 2 第二座,1/F,C,,17820000,,．招標文件支付辦法戊 (90天即供付款計劃) Payment Plan E (90 Days Cash Payment) of Tender Document ．見備註 7(a)(v) See Remarks 7(a)(v) ．可享有認購該發展項目內一個住客停車位的權利 An option to purchase one residential parking space in the Development,
2019-02-11,2019-02-18,,COURT C TOWER 1 第一座,10/F,E,,8212000,,．招標文件支付辦法戊 (90天即供付款計劃) Payment Plan E (90 Days Cash Payment) of Tender Document ．見備註 7(a)(v) See Remarks 7(a)(v) ．免費獲贈賣方指定傢具與物件 Provided with furniture and chattels designated by the Vendor free of charge,
2019-02-12,2019-02-19,,COURT B TOWER 1 第一座,2/F,H,,6381000,,．招標文件支付辦法戊 (90天即供付款計劃) Payment Plan E (90 Days Cash Payment) of Tender Document ．見備註 7(a)(v) See Remarks 7(a)(v),
2019-02-13,2019-02-20,,COURT C TOWER 1 第一座,9/F,F,,12306000,,．招標文件支付辦法戊 (90天即供付款計劃) Payment Plan E (90 Days Cash Payment) of Tender Document ．見備註 7(a)(v) See Remarks 7(a)(v),
2019-02-15,2019-02-22,,COURT C TOWER 1 第一座,9/F,C,,18337000,,"．招標文件支付辦法乙 (90天一按付款計劃 (I)) Payment Plan B (90-day First Mortgage Loan Payment Plan (I)) of Tender Document ．見備註 7(a)(ii) See Remarks 7(a)(ii) ．招標文件「計劃(B)第一按揭貸款」優惠 ""Plan (B) First Mortgage Loan"" Benefit of Tender Document ．可享有認購該發展項目內一個住客停車位的權利 An option to purchase one residential parking space in the Development",
2019-02-18,2019-02-25,,COURT B TOWER 1 第一座,11/F,H,,6739000,,．招標文件支付辦法戊 (90天即供付款計劃) Payment Plan E (90 Days Cash Payment) of Tender Document ．見備註 7(a)(v) See Remarks 7(a)(v) ．免費獲贈賣方指定傢具與物件 Provided with furniture and chattels designated by the Vendor free of charge,
2019-02-18,2019-02-25,,COURT C TOWER 1 第一座,6/F,F,,12417000,,"．招標文件支付辦法乙 (90天一按付款計劃 (I)) Payment Plan B (90-day First Mortgage Loan Payment Plan (I)) of Tender Document ．見備註 7(a)(ii) See Remarks 7(a)(ii) ．招標文件「計劃(B)第一按揭貸款」優惠 ""Plan (B) First Mortgage Loan"" Benefit of Tender Document",
2019-02-18,2019-02-25,,COURT C TOWER 2 第二座,12/F,A,,8483000,,"．招標文件支付辦法乙 (90天一按付款計劃 (I)) Payment Plan B (90-day First Mortgage Loan Payment Plan (I)) of Tender Document ．見備註 7(a)(ii) See Remarks 7(a)(ii) ．招標文件「計劃(B)第一按揭貸款」優惠 ""Plan (B) First Mortgage Loan"" Benefit of Tender Document",
2019-02-18,2019-02-25,,COURT C TOWER 2 第二座,15/F,F,,7910000,,"．招標文件支付辦法乙 (90天一按付款計劃 (I)) Payment Plan B (90-day First Mortgage Loan Payment Plan (I)) of Tender Document ．見備註 7(a)(ii) See Remarks 7(a)(ii) ．招標文件「計劃(B)第一按揭貸款」優惠 ""Plan (B) First Mortgage Loan"" Benefit of Tender Document",
2019-02-18,2019-02-25,,COURT C TOWER 2 第二座,16/F,F,,7766000,,"．招標文件支付辦法丁 (90天一按付款計劃 (III)) Payment Plan D (90-day First Mortgage Loan Payment Plan (III)) of Tender Document ．見備註 7(a)(iv) See Remarks 7(a)(iv) ．招標文件「計劃(D)第一按揭貸款」優惠 ""Plan (D) First Mortgage Loan"" Benefit of Tender Document",
2019-02-19,2019-02-26,,COURT B TOWER 1 第一座,10/F,H,,6849000,,．招標文件支付辦法甲 (建築期付款計劃) Payment Plan A (Stage Payment Plan) of Tender Document ．見備註7(a)(i) See Remarks 7(a)(i),
2019-02-19,2019-02-26,,COURT B TOWER 2 第二座,G/F,C,,7085000,,．招標文件支付辦法戊 (90天即供付款計劃) Payment Plan E (90 Days Cash Payment) of Tender Document ．見備註 7(a)(v) See Remarks 7(a)(v),
2019-02-19,2019-02-26,,COURT B TOWER 2 第二座,9/F,B,,8546000,,"．招標文件支付辦法乙 (90天一按付款計劃 (I)) Payment Plan B (90-day First Mortgage Loan Payment Plan (I)) of Tender Document ．見備註 7(a)(ii) See Remarks 7(a)(ii) ．招標文件「計劃(B)第一按揭貸款」優惠 ""Plan (B) First Mortgage Loan"" Benefit of Tender Document",
2019-02-19,2019-02-26,,COURT C TOWER 2 第二座,9/F,E,,9030000,,．招標文件支付辦法戊 (90天即供付款計劃) Payment Plan E (90 Days Cash Payment) of Tender Document ．見備註 7(a)(v) See Remarks 7(a)(v),
2019-02-20,2019-02-27,,COURT B TOWER 1 第一座,G/F,D,,12132000,,．招標文件支付辦法戊 (90天即供付款計劃) Payment Plan E (90 Days Cash Payment) of Tender Document ．見備註 7(a)(v) See Remarks 7(a)(v),
2019-02-20,2019-02-27,,COURT B TOWER 2 第二座,6/F,F,,10872000,,．招標文件支付辦法戊 (90天即供付款計劃) Payment Plan E (90 Days Cash Payment) of Tender Document ．見備註 7(a)(v) See Remarks 7(a)(v),
2019-02-20,,,COURT B TOWER 2 第二座,9/F,H,,6601000,,"．招標文件支付辦法丁 (90天一按付款計劃 (III)) Payment Plan D (90-day First Mortgage Loan Payment Plan (III)) of Tender Document ．見備註 7(a)(iv) See Remarks 7(a)(iv) ．招標文件「計劃(D)第一按揭貸款」優惠 ""Plan (D) First Mortgage Loan"" Benefit of Tender Document",
2019-02-20,2019-02-27,,COURT C TOWER 2 第二座,3/F,F,,7287300,,．招標文件支付辦法戊 (90天即供付款計劃) Payment Plan E (90 Days Cash Payment) of Tender Document ．見備註 7(a)(v) See Remarks 7(a)(v),
2019-02-22,2019-03-01,,COURT B TOWER 1 第一座,11/F,E,,7230600,,．招標文件支付辦法戊 (90天即供付款計劃) Payment Plan E (90 Days Cash Payment) of Tender Document ．見備註 7(a)(v) See Remarks 7(a)(v),
2019-02-22,2019-03-01,,COURT B TOWER 1 第一座,16/F,H,,6840000,,．招標文件支付辦法戊 (90天即供付款計劃) Payment Plan E (90 Days Cash Payment) of Tender Document ．見備註 7(a)(v) See Remarks 7(a)(v) ．免費獲贈賣方指定傢具與物件 Provided with furniture and chattels designated by the Vendor free of charge,
2019-02-22,2019-03-01,,COURT B TOWER 2 第二座,6/F,H,,6674000,,"．招標文件支付辦法乙 (90天一按付款計劃 (I)) Payment Plan B (90-day First Mortgage Loan Payment Plan (I)) of Tender Document ．見備註 7(a)(ii) See Remarks 7(a)(ii) ．招標文件「計劃(B)第一按揭貸款」優惠 ""Plan (B) First Mortgage Loan"" Benefit of Tender Document",
2019-02-22,2019-03-01,,COURT C TOWER 2 第二座,2/F,F,,7242000,,．招標文件支付辦法戊 (90天即供付款計劃) Payment Plan E (90 Days Cash Payment) of Tender Document ．見備註 7(a)(v) See Remarks 7(a)(v),
2019-02-22,2019-03-01,,COURT C TOWER 2 第二座,9/F,F,,7518000,,．招標文件支付辦法戊 (90天即供付款計劃) Payment Plan E (90 Days Cash Payment) of Tender Document ．見備註 7(a)(v) See Remarks 7(a)(v),
2019-02-25,2019-03-04,,COURT B TOWER 1 第一座,12/F,E,,7469000,,．招標文件支付辦法甲 (建築期付款計劃) Payment Plan A (Stage Payment Plan) of Tender Document ．見備註7(a)(i) See Remarks 7(a)(i),
2019-02-25,2019-03-04,,COURT C TOWER 2 第二座,15/F,B,,7604000,,．招標文件支付辦法戊 (90天即供付款計劃) Payment Plan E (90 Days Cash Payment) of Tender Document ．見備註 7(a)(v) See Remarks 7(a)(v) ．免費獲贈賣方指定傢具與物件 Provided with furniture and chattels designated by the Vendor free of charge,
2019-02-26,2019-03-05,,COURT C TOWER 1 第一座,15/F,E,,8601000,,．招標文件支付辦法甲 (建築期付款計劃) Payment Plan A (Stage Payment Plan) of Tender Document ．見備註7(a)(i) See Remarks 7(a)(i) ．免費獲贈賣方指定傢具與物件 Provided with furniture and chattels designated by the Vendor free of charge,
2019-02-27,2019-03-06,,COURT C TOWER 1 第一座,G/F,F,,7981000,,"．招標文件支付辦法乙 (90天一按付款計劃 (I)) Payment Plan B (90-day First Mortgage Loan Payment Plan (I)) of Tender Document ．見備註 7(a)(ii) See Remarks 7(a)(ii) ．招標文件「計劃(B)第一按揭貸款」優惠 ""Plan (B) First Mortgage Loan"" Benefit of Tender Document ．免費獲贈賣方指定傢具與物件 Provided with furniture and chattels designated by the Vendor free of charge",
2019-02-27,2019-03-06,,COURT C TOWER 2 第二座,1/F,C,,13450000,,．招標文件支付辦法戊 (90天即供付款計劃) Payment Plan E (90 Days Cash Payment) of Tender Document ．見備註 7(a)(v) See Remarks 7(a)(v) ．可享有認購該發展項目內一個住客停車位的權利 An option to purchase one residential parking space in the Development,
2019-02-27,2019-03-06,,COURT C TOWER 2 第二座,3/F,E,,8401000,,．招標文件支付辦法戊 (90天即供付款計劃) Payment Plan E (90 Days Cash Payment) of Tender Document ．見備註 7(a)(v) See Remarks 7(a)(v),
2019-02-28,2019-03-07,,COURT B TOWER 1 第一座,3/F,G,,6411000,,．招標文件支付辦法戊 (90天即供付款計劃) Payment Plan E (90 Days Cash Payment) of Tender Document ．見備註 7(a)(v) See Remarks 7(a)(v),
2019-03-04,2019-03-11,,COURT B TOWER 1 第一座,5/F,B,,7870000,,．招標文件支付辦法戊 (90天即供付款計劃) Payment Plan E (90 Days Cash Payment) of Tender Document ．見備註 7(a)(v) See Remarks 7(a)(v),
2019-03-04,2019-03-11,,COURT B TOWER 1 第一座,15/F,H,,6807000,,．招標文件支付辦法戊 (90天即供付款計劃) Payment Plan E (90 Days Cash Payment) of Tender Document ．見備註 7(a)(v) See Remarks 7(a)(v) ．免費獲贈賣方指定傢具與物件 Provided with furniture and chattels designated by the Vendor free of charge,
2019-03-04,2019-03-11,,COURT B TOWER 2 第二座,3/F,H,,6453000,,．招標文件支付辦法戊 (90天即供付款計劃) Payment Plan E (90 Days Cash Payment) of Tender Document ．見備註 7(a)(v) See Remarks 7(a)(v),
2019-03-04,2019-03-11,,COURT B TOWER 2 第二座,5/F,B,,8038000,,．招標文件支付辦法戊 (90天即供付款計劃) Payment Plan E (90 Days Cash Payment) of Tender Document ．見備註 7(a)(v) See Remarks 7(a)(v),
2019-03-04,2019-03-11,,COURT B TOWER 2 第二座,12/F,E,,7383000,,．招標文件支付辦法戊 (90天即供付款計劃) Payment Plan E (90 Days Cash Payment) of Tender Document ．見備註 7(a)(v) See Remarks 7(a)(v),
2019-03-04,2019-03-11,,COURT C TOWER 2 第二座,6/F,F,,7369000,,．招標文件支付辦法戊 (90天即供付款計劃) Payment Plan E (90 Days Cash Payment) of Tender Document ．見備註 7(a)(v) See Remarks 7(a)(v),
2019-03-04,2019-03-11,,COURT C TOWER 2 第二座,11/F,F,,7618000,,．招標文件支付辦法戊 (90天即供付款計劃) Payment Plan E (90 Days Cash Payment) of Tender Document ．見備註 7(a)(v) See Remarks 7(a)(v),
2019-03-04,2019-03-11,,COURT C TOWER 2 第二座,12/F,B,,7518000,,．招標文件支付辦法戊 (90天即供付款計劃) Payment Plan E (90 Days Cash Payment) of Tender Document ．見備註 7(a)(v) See Remarks 7(a)(v),
2019-03-04,2019-03-11,,COURT C TOWER 2 第二座,12/F,F,,7667000,,．招標文件支付辦法戊 (90天即供付款計劃) Payment Plan E (90 Days Cash Payment) of Tender Document ．見備註 7(a)(v) See Remarks 7(a)(v),
2019-03-04,2019-03-11,,COURT D TOWER 1 第一座,2/F,C,,18606000,,．招標文件支付辦法戊 (90天即供付款計劃) Payment Plan E (90 Days Cash Payment) of Tender Document ．見備註 7(a)(v) See Remarks 7(a)(v) ．可享有認購該發展項目內一個住客停車位的權利 An option to purchase one residential parking space in the Development,
2019-03-05,2019-03-12,,COURT B TOWER 2 第二座,2/F,H,,6602000,,．招標文件支付辦法甲 (建築期付款計劃) Payment Plan A (Stage Payment Plan) of Tender Document ．見備註7(a)(i) See Remarks 7(a)(i),
2019-03-05,2019-03-12,,COURT B TOWER 2 第二座,16/F,E,,7448000,,．招標文件支付辦法戊 (90天即供付款計劃) Payment Plan E (90 Days Cash Payment) of Tender Document ．見備註 7(a)(v) See Remarks 7(a)(v),
2019-03-05,2019-03-12,,COURT B TOWER 2 第二座,17/F,E,,7480000,,．招標文件支付辦法戊 (90天即供付款計劃) Payment Plan E (90 Days Cash Payment) of Tender Document ．見備註 7(a)(v) See Remarks 7(a)(v),
2019-03-05,2019-03-12,,COURT C TOWER 1 第一座,10/F,A,,14664000,,．招標文件支付辦法戊 (90天即供付款計劃) Payment Plan E (90 Days Cash Payment) of Tender Document ．見備註 7(a)(v) See Remarks 7(a)(v) ．可享有認購該發展項目內一個住客停車位的權利 An option to purchase one residential parking space in the Development,
2019-03-05,2019-03-12,,COURT C TOWER 2 第二座,7/F,F,,7419000,,．招標文件支付辦法戊 (90天即供付款計劃) Payment Plan E (90 Days Cash Payment) of Tender Document ．見備註 7(a)(v) See Remarks 7(a)(v),
2019-03-05,2019-03-12,,COURT C TOWER 2 第二座,8/F,F,,7468000,,．招標文件支付辦法戊 (90天即供付款計劃) Payment Plan E (90 Days Cash Payment) of Tender Document ．見備註 7(a)(v) See Remarks 7(a)(v),
2019-03-06,2019-03-13,,COURT B TOWER 2 第二座,6/F,A,,13504000,,．招標文件支付辦法戊 (90天即供付款計劃) Payment Plan E (90 Days Cash Payment) of Tender Document ．見備註 7(a)(v) See Remarks 7(a)(v),
2019-03-06,2019-03-13,,COURT C TOWER 1 第一座,17/F & R/F,F,,15395000,,．招標文件支付辦法戊 (90天即供付款計劃) Payment Plan E (90 Days Cash Payment) of Tender Document ．見備註 7(a)(v) See Remarks 7(a)(v) ．可享有認購該發展項目內一個住客停車位的權利 An option to purchase one residential parking space in the Development,
2019-03-06,2019-03-13,,COURT C TOWER 2 第二座,11/F,B,,7663000,,"．招標文件支付辦法乙 (90天一按付款計劃 (I)) Payment Plan B (90-day First Mortgage Loan Payment Plan (I)) of Tender Document ．見備註 7(a)(ii) See Remarks 7(a)(ii) ．招標文件「計劃(B)第一按揭貸款」優惠 ""Plan (B) First Mortgage Loan"" Benefit of Tender Document",
2019-03-07,2019-03-14,,COURT B TOWER 1 第一座,16/F,G,,6840000,,"．招標文件支付辦法丁 (90天一按付款計劃 (III)) Payment Plan D (90-day First Mortgage Loan Payment Plan (III)) of Tender Document ．見備註 7(a)(iv) See Remarks 7(a)(iv) ．招標文件「計劃(D)第一按揭貸款」優惠 ""Plan (D) First Mortgage Loan"" Benefit of Tender Document ．免費獲贈賣方指定傢具與物件 Provided with furniture and chattels designated by the Vendor free of charge",
2019-03-07,2019-03-14,,COURT B TOWER 1 第一座,17/F,H,,6897000,,．招標文件支付辦法戊 (90天即供付款計劃) Payment Plan E (90 Days Cash Payment) of Tender Document ．見備註 7(a)(v) See Remarks 7(a)(v),
2019-03-07,2019-03-14,,COURT B TOWER 2 第二座,8/F,G,,6735000,,"．招標文件支付辦法乙 (90天一按付款計劃 (I)) Payment Plan B (90-day First Mortgage Loan Payment Plan (I)) of Tender Document ．見備註 7(a)(ii) See Remarks 7(a)(ii) ．招標文件「計劃(B)第一按揭貸款」優惠 ""Plan (B) First Mortgage Loan"" Benefit of Tender Document",
2019-03-08,2019-03-15,,COURT B TOWER 1 第一座,G/F,E,,8386000,,"．招標文件支付辦法乙 (90天一按付款計劃 (I)) Payment Plan B (90-day First Mortgage Loan Payment Plan (I)) of Tender Document ．見備註 7(a)(ii) See Remarks 7(a)(ii) ．招標文件「計劃(B)第一按揭貸款」優惠 ""Plan (B) First Mortgage Loan"" Benefit of Tender Document",
2019-03-08,2019-03-15,,COURT B TOWER 1 第一座,12/F,B,,8532000,,．招標文件支付辦法戊 (90天即供付款計劃) Payment Plan E (90 Days Cash Payment) of Tender Document ．見備註 7(a)(v) See Remarks 7(a)(v),
2019-03-11,2019-03-18,,COURT B TOWER 1 第一座,9/F,B,,8374000,,．招標文件支付辦法戊 (90天即供付款計劃) Payment Plan E (90 Days Cash Payment) of Tender Document ．見備註 7(a)(v) See Remarks 7(a)(v),
2019-03-11,2019-03-18,,COURT B TOWER 1 第一座,9/F,G,,6795000,,"．招標文件支付辦法乙 (90天一按付款計劃 (I)) Payment Plan B (90-day First Mortgage Loan Payment Plan (I)) of Tender Document ．見備註 7(a)(ii) See Remarks 7(a)(ii) ．招標文件「計劃(B)第一按揭貸款」優惠 ""Plan (B) First Mortgage Loan"" Benefit of Tender Document",
2019-03-11,2019-03-18,,COURT B TOWER 1 第一座,12/F,G,,6773000,,．招標文件支付辦法戊 (90天即供付款計劃) Payment Plan E (90 Days Cash Payment) of Tender Document ．見備註 7(a)(v) See Remarks 7(a)(v) ．免費獲贈賣方指定傢具與物件 Provided with furniture and chattels designated by the Vendor free of charge,
2019-03-11,2019-03-18,,COURT B TOWER 1 第一座,17/F,B,,8750000,,．招標文件支付辦法戊 (90天即供付款計劃) Payment Plan E (90 Days Cash Payment) of Tender Document ．見備註 7(a)(v) See Remarks 7(a)(v),
2019-03-11,2019-03-18,,COURT B TOWER 2 第二座,8/F,B,,8247000,,．招標文件支付辦法戊 (90天即供付款計劃) Payment Plan E (90 Days Cash Payment) of Tender Document ．見備註 7(a)(v) See Remarks 7(a)(v),
2019-03-11,2019-03-18,,COURT B TOWER 2 第二座,8/F,H,,6571000,,．招標文件支付辦法戊 (90天即供付款計劃) Payment Plan E (90 Days Cash Payment) of Tender Document ．見備註 7(a)(v) See Remarks 7(a)(v),
2019-03-11,2019-03-18,,COURT B TOWER 2 第二座,9/F,G,,6766000,,"．招標文件支付辦法乙 (90天一按付款計劃 (I)) Payment Plan B (90-day First Mortgage Loan Payment Plan (I)) of Tender Document ．見備註 7(a)(ii) See Remarks 7(a)(ii) ．招標文件「計劃(B)第一按揭貸款」優惠 ""Plan (B) First Mortgage Loan"" Benefit of Tender Document",
2019-03-11,2019-03-18,,COURT B TOWER 2 第二座,11/F,G,,6655000,,．招標文件支付辦法戊 (90天即供付款計劃) Payment Plan E (90 Days Cash Payment) of Tender Document ．見備註 7(a)(v) See Remarks 7(a)(v) ．免費獲贈賣方指定傢具與物件 Provided with furniture and chattels designated by the Vendor free of charge,
2019-03-11,2019-03-18,,COURT B TOWER 2 第二座,16/F,F,,11192000,,．招標文件支付辦法戊 (90天即供付款計劃) Payment Plan E (90 Days Cash Payment) of Tender Document ．見備註 7(a)(v) See Remarks 7(a)(v) ．可享有認購該發展項目內一個住客停車位的權利 An option to purchase one residential parking space in the Development,
2019-03-11,2019-03-18,,COURT C TOWER 1 第一座,6/F,E,,7998000,,．招標文件支付辦法戊 (90天即供付款計劃) Payment Plan E (90 Days Cash Payment) of Tender Document ．見備註 7(a)(v) See Remarks 7(a)(v),
2019-03-11,2019-03-18,,COURT C TOWER 2 第二座,10/F,B,,7622000,,"．招標文件支付辦法乙 (90天一按付款計劃 (I)) Payment Plan B (90-day First Mortgage Loan Payment Plan (I)) of Tender Document ．見備註 7(a)(ii) See Remarks 7(a)(ii) ．招標文件「計劃(B)第一按揭貸款」優惠 ""Plan (B) First Mortgage Loan"" Benefit of Tender Document",
2019-03-12,2019-03-19,,COURT B TOWER 1 第一座,11/F,B,,8514000,,．招標文件支付辦法戊 (90天即供付款計劃) Payment Plan E (90 Days Cash Payment) of Tender Document ．見備註 7(a)(v) See Remarks 7(a)(v),
2019-03-12,2019-03-19,,COURT B TOWER 1 第一座,11/F,G,,6908000,,"．招標文件支付辦法乙 (90天一按付款計劃 (I)) Payment Plan B (90-day First Mortgage Loan Payment Plan (I)) of Tender Document ．見備註 7(a)(ii) See Remarks 7(a)(ii) ．招標文件「計劃(B)第一按揭貸款」優惠 ""Plan (B) First Mortgage Loan"" Benefit of Tender Document ．免費獲贈賣方指定傢具與物件 Provided with furniture and chattels designated by the Vendor free of charge",
2019-03-12,2019-03-19,,COURT B TOWER 2 第二座,16/F,H,,6744000,,．招標文件支付辦法戊 (90天即供付款計劃) Payment Plan E (90 Days Cash Payment) of Tender Document ．見備註 7(a)(v) See Remarks 7(a)(v) ．免費獲贈賣方指定傢具與物件 Provided with furniture and chattels designated by the Vendor free of charge,
2019-03-12,2019-03-19,,COURT C TOWER 1 第一座,12/F,B,,9630000,,．招標文件支付辦法戊 (90天即供付款計劃) Payment Plan E (90 Days Cash Payment) of Tender Document ．見備註 7(a)(v) See Remarks 7(a)(v),
2019-03-12,2019-03-19,,COURT C TOWER 2 第二座,1/F,B,,6917000,,．招標文件支付辦法戊 (90天即供付款計劃) Payment Plan E (90 Days Cash Payment) of Tender Document ．見備註 7(a)(v) See Remarks 7(a)(v),
2019-03-13,2019-03-20,,COURT B TOWER 1 第一座,G/F,B,,7369000,,"．招標文件支付辦法乙 (90天一按付款計劃 (I)) Payment Plan B (90-day First Mortgage Loan Payment Plan (I)) of Tender Document ．見備註 7(a)(ii) See Remarks 7(a)(ii) ．招標文件「計劃(B)第一按揭貸款」優惠 ""Plan (B) First Mortgage Loan"" Benefit of Tender Document",
2019-03-13,2019-03-20,,COURT B TOWER 1 第一座,15/F,G,,6977000,,"．招標文件支付辦法乙 (90天一按付款計劃 (I)) Payment Plan B (90-day First Mortgage Loan Payment Plan (I)) of Tender Document ．見備註 7(a)(ii) See Remarks 7(a)(ii) ．招標文件「計劃(B)第一按揭貸款」優惠 ""Plan (B) First Mortgage Loan"" Benefit of Tender Document ．免費獲贈賣方指定傢具與物件 Provided with furniture and chattels designated by the Vendor free of charge",
2019-03-13,2019-03-20,,COURT B TOWER 1 第一座,17/F,E,,7667000,,"．招標文件支付辦法乙 (90天一按付款計劃 (I)) Payment Plan B (90-day First Mortgage Loan Payment Plan (I)) of Tender Document ．見備註 7(a)(ii) See Remarks 7(a)(ii) ．招標文件「計劃(B)第一按揭貸款」優惠 ""Plan (B) First Mortgage Loan"" Benefit of Tender Document",
2019-03-13,2019-03-20,,COURT B TOWER 2 第二座,5/F,E,,7407000,,．招標文件支付辦法甲 (建築期付款計劃) Payment Plan A (Stage Payment Plan) of Tender Document ．見備註7(a)(i) See Remarks 7(a)(i),
2019-03-13,2019-03-20,,COURT B TOWER 2 第二座,7/F,E,,7222000,,．招標文件支付辦法戊 (90天即供付款計劃) Payment Plan E (90 Days Cash Payment) of Tender Document ．見備註 7(a)(v) See Remarks 7(a)(v),
2019-03-13,2019-03-20,,COURT C TOWER 1 第一座,G/F,B,,16601000,,．招標文件支付辦法戊 (90天即供付款計劃) Payment Plan E (90 Days Cash Payment) of Tender Document ．見備註 7(a)(v) See Remarks 7(a)(v) ．可享有認購該發展項目內一個住客停車位的權利 An option to purchase one residential parking space in the Development,
2019-03-13,2019-03-20,,COURT C TOWER 1 第一座,5/F,A,,12956000,,．招標文件支付辦法戊 (90天即供付款計劃) Payment Plan E (90 Days Cash Payment) of Tender Document ．見備註 7(a)(v) See Remarks 7(a)(v) ．可享有認購該發展項目內一個住客停車位的權利 An option to purchase one residential parking space in the Development,
2019-03-13,2019-03-20,,COURT C TOWER 1 第一座,7/F,F,,12178000,,．招標文件支付辦法戊 (90天即供付款計劃) Payment Plan E (90 Days Cash Payment) of Tender Document ．見備註 7(a)(v) See Remarks 7(a)(v),
2019-03-13,2019-03-20,,COURT C TOWER 1 第一座,15/F,D,,16577000,,"．招標文件支付辦法乙 (90天一按付款計劃 (I)) Payment Plan B (90-day First Mortgage Loan Payment Plan (I)) of Tender Document ．見備註 7(a)(ii) See Remarks 7(a)(ii) ．招標文件「計劃(B)第一按揭貸款」優惠 ""Plan (B) First Mortgage Loan"" Benefit of Tender Document ．可享有認購該發展項目內一個住客停車位的權利 An option to purchase one residential parking space in the Development",
2019-03-13,2019-03-20,,COURT C TOWER 2 第二座,1/F,F,,7202000,,．招標文件支付辦法戊 (90天即供付款計劃) Payment Plan E (90 Days Cash Payment) of Tender Document ．見備註 7(a)(v) See Remarks 7(a)(v),
2019-03-14,2019-03-21,,COURT B TOWER 1 第一座,1/F,G,,6351000,,．招標文件支付辦法戊 (90天即供付款計劃) Payment Plan E (90 Days Cash Payment) of Tender Document ．見備註 7(a)(v) See Remarks 7(a)(v),
2019-03-14,2019-03-21,,COURT B TOWER 2 第二座,11/F,H,,6821000,,"．招標文件支付辦法乙 (90天一按付款計劃 (I)) Payment Plan B (90-day First Mortgage Loan Payment Plan (I)) of Tender Document ．見備註 7(a)(ii) See Remarks 7(a)(ii) ．招標文件「計劃(B)第一按揭貸款」優惠 ""Plan (B) First Mortgage Loan"" Benefit of Tender Document ．免費獲贈賣方指定傢具與物件 Provided with furniture and chattels designated by the Vendor free of charge",
2019-03-14,2019-03-21,,COURT B TOWER 2 第二座,12/F,B,,8496000,,．招標文件支付辦法戊 (90天即供付款計劃) Payment Plan E (90 Days Cash Payment) of Tender Document ．見備註 7(a)(v) See Remarks 7(a)(v),
2019-03-15,2019-03-22,2019-12-18,COURT A TOWER 1 第一座,17/F & R/F,B,,48803000,,．招標文件支付辦法甲 (建築期付款計劃) Payment Plan A (Stage Payment Plan) of Tender Document ．見備註7(a)(i) See Remarks 7(a)(i) ．可享有認購該發展項目內一個住客停車位的權利 An option to purchase one residential parking space in the Development,
2019-03-15,2019-03-22,,COURT B TOWER 1 第一座,10/F,G,,6625000,,"．招標文件支付辦法乙 (90天一按付款計劃 (I)) Payment Plan B (90-day First Mortgage Loan Payment Plan (I)) of Tender Document ．見備註 7(a)(ii) See Remarks 7(a)(ii) ．招標文件「計劃(B)第一按揭貸款」優惠 ""Plan (B) First Mortgage Loan"" Benefit of Tender Document",
2019-03-15,2019-03-22,,COURT B TOWER 2 第二座,1/F,H,,6394000,,．招標文件支付辦法戊 (90天即供付款計劃) Payment Plan E (90 Days Cash Payment) of Tender Document ．見備註 7(a)(v) See Remarks 7(a)(v),
2019-03-18,2019-03-25,,COURT B TOWER 1 第一座,G/F,C,,7105000,,．招標文件支付辦法戊 (90天即供付款計劃) Payment Plan E (90 Days Cash Payment) of Tender Document ．見備註 7(a)(v) See Remarks 7(a)(v),
2019-03-18,2019-03-25,,COURT B TOWER 2 第二座,8/F,E,,7254000,,．招標文件支付辦法戊 (90天即供付款計劃) Payment Plan E (90 Days Cash Payment) of Tender Document ．見備註 7(a)(v) See Remarks 7(a)(v),
2019-03-18,2019-03-25,,COURT B TOWER 2 第二座,9/F,E,,7286000,,"．招標文件支付辦法丁 (90天一按付款計劃 (III)) Payment Plan D (90-day First Mortgage Loan Payment Plan (III)) of Tender Document ．見備註 7(a)(iv) See Remarks 7(a)(iv) ．招標文件「計劃(D)第一按揭貸款」優惠 ""Plan (D) First Mortgage Loan"" Benefit of Tender Document",
2019-03-18,2019-03-25,,COURT B TOWER 2 第二座,9/F,H,,6766000,,"．招標文件支付辦法乙 (90天一按付款計劃 (I)) Payment Plan B (90-day First Mortgage Loan Payment Plan (I)) of Tender Document ．見備註 7(a)(ii) See Remarks 7(a)(ii) ．招標文件「計劃(B)第一按揭貸款」優惠 ""Plan (B) First Mortgage Loan"" Benefit of Tender Document",
2019-03-18,2019-03-25,,COURT B TOWER 2 第二座,10/F,E,,7318000,,"．招標文件支付辦法丁 (90天一按付款計劃 (III)) Payment Plan D (90-day First Mortgage Loan Payment Plan (III)) of Tender Document ．見備註 7(a)(iv) See Remarks 7(a)(iv) ．招標文件「計劃(D)第一按揭貸款」優惠 ""Plan (D) First Mortgage Loan"" Benefit of Tender Document",
2019-03-18,2019-03-25,,COURT B TOWER 2 第二座,11/F,E,,7351000,,．招標文件支付辦法戊 (90天即供付款計劃) Payment Plan E (90 Days Cash Payment) of Tender Document ．見備註 7(a)(v) See Remarks 7(a)(v),
2019-03-18,2019-03-25,,COURT B TOWER 2 第二座,15/F,F,,11420000,,"．招標文件支付辦法乙 (90天一按付款計劃 (I)) Payment Plan B (90-day First Mortgage Loan Payment Plan (I)) of Tender Document ．見備註 7(a)(ii) See Remarks 7(a)(ii) ．招標文件「計劃(B)第一按揭貸款」優惠 ""Plan (B) First Mortgage Loan"" Benefit of Tender Document ．可享有認購該發展項目內一個住客停車位的權利 An option to purchase one residential parking space in the Development",
2019-03-18,2019-03-25,,COURT B TOWER 2 第二座,16/F,G,,6744000,,．招標文件支付辦法戊 (90天即供付款計劃) Payment Plan E (90 Days Cash Payment) of Tender Document ．見備註 7(a)(v) See Remarks 7(a)(v) ．免費獲贈賣方指定傢具與物件 Provided with furniture and chattels designated by the Vendor free of charge,
2019-03-18,2019-03-25,,COURT C TOWER 1 第一座,1/F,E,,8028000,,"．招標文件支付辦法乙 (90天一按付款計劃 (I)) Payment Plan B (90-day First Mortgage Loan Payment Plan (I)) of Tender Document ．見備註 7(a)(ii) See Remarks 7(a)(ii) ．招標文件「計劃(B)第一按揭貸款」優惠 ""Plan (B) First Mortgage Loan"" Benefit of Tender Document",
2019-03-18,2019-03-25,,COURT C TOWER 2 第二座,2/F,E,,8924000,,"．招標文件支付辦法乙 (90天一按付款計劃 (I)) Payment Plan B (90-day First Mortgage Loan Payment Plan (I)) of Tender Document ．見備註 7(a)(ii) See Remarks 7(a)(ii) ．招標文件「計劃(B)第一按揭貸款」優惠 ""Plan (B) First Mortgage Loan"" Benefit of Tender Document",
2019-03-19,2019-03-26,,COURT B TOWER 1 第一座,1/F,H,,6394000,,．招標文件支付辦法戊 (90天即供付款計劃) Payment Plan E (90 Days Cash Payment) of Tender Document ．見備註 7(a)(v) See Remarks 7(a)(v),
2019-03-19,2019-03-26,,COURT B TOWER 1 第一座,17/F,G,,6897000,,．招標文件支付辦法戊 (90天即供付款計劃) Payment Plan E (90 Days Cash Payment) of Tender Document ．見備註 7(a)(v) See Remarks 7(a)(v),
2019-03-19,2019-03-26,,COURT C TOWER 1 第一座,8/F,E,,8082000,,．招標文件支付辦法戊 (90天即供付款計劃) Payment Plan E (90 Days Cash Payment) of Tender Document ．見備註 7(a)(v) See Remarks 7(a)(v),
2019-03-19,2019-03-26,,COURT C TOWER 2 第二座,9/F,C,,14196000,,．招標文件支付辦法戊 (90天即供付款計劃) Payment Plan E (90 Days Cash Payment) of Tender Document ．見備註 7(a)(v) See Remarks 7(a)(v) ．可享有認購該發展項目內一個住客停車位的權利 An option to purchase one residential parking space in the Development,
2019-03-19,2019-03-26,,COURT C TOWER 2 第二座,17/F,F,,7817000,,．招標文件支付辦法戊 (90天即供付款計劃) Payment Plan E (90 Days Cash Payment) of Tender Document ．見備註 7(a)(v) See Remarks 7(a)(v),
2019-03-19,2019-03-26,,COURT D TOWER 1 第一座,G/F,A,,18003000,,．招標文件支付辦法戊 (90天即供付款計劃) Payment Plan E (90 Days Cash Payment) of Tender Document ．見備註 7(a)(v) See Remarks 7(a)(v) ．可享有認購該發展項目內一個住客停車位的權利 An option to purchase one residential parking space in the Development,
2019-03-20,2019-03-27,,COURT B TOWER 2 第二座,10/F,B,,8405000,,．招標文件支付辦法戊 (90天即供付款計劃) Payment Plan E (90 Days Cash Payment) of Tender Document ．見備註 7(a)(v) See Remarks 7(a)(v),
2019-03-20,2019-03-27,,COURT C TOWER 2 第二座,16/F,C,,15077000,,．招標文件支付辦法戊 (90天即供付款計劃) Payment Plan E (90 Days Cash Payment) of Tender Document ．見備註 7(a)(v) See Remarks 7(a)(v) ．可享有認購該發展項目內一個住客停車位的權利 An option to purchase one residential parking space in the Development,
2019-03-21,2019-03-28,,COURT C TOWER 1 第一座,11/F,B,,9517000,,．招標文件支付辦法戊 (90天即供付款計劃) Payment Plan E (90 Days Cash Payment) of Tender Document ．見備註 7(a)(v) See Remarks 7(a)(v),
2019-03-25,2019-04-01,,COURT B TOWER 2 第二座,2/F,E,,7321000,,"．招標文件支付辦法乙 (90天一按付款計劃 (I)) Payment Plan B (90-day First Mortgage Loan Payment Plan (I)) of Tender Document ．見備註 7(a)(ii) See Remarks 7(a)(ii) ．招標文件「計劃(B)第一按揭貸款」優惠 ""Plan (B) First Mortgage Loan"" Benefit of Tender Document",
2019-03-25,2019-04-01,,COURT B TOWER 2 第二座,3/F,B,,8196000,,．招標文件支付辦法甲 (建築期付款計劃) Payment Plan A (Stage Payment Plan) of Tender Document ．見備註7(a)(i) See Remarks 7(a)(i),
2019-03-25,2019-04-01,,COURT B TOWER 2 第二座,7/F,B,,8382000,,．招標文件支付辦法甲 (建築期付款計劃) Payment Plan A (Stage Payment Plan) of Tender Document ．見備註7(a)(i) See Remarks 7(a)(i),
2019-03-25,2019-04-01,,COURT B TOWER 2 第二座,12/F,G,,6851000,,"．招標文件支付辦法乙 (90天一按付款計劃 (I)) Payment Plan B (90-day First Mortgage Loan Payment Plan (I)) of Tender Document ．見備註 7(a)(ii) See Remarks 7(a)(ii) ．招標文件「計劃(B)第一按揭貸款」優惠 ""Plan (B) First Mortgage Loan"" Benefit of Tender Document ．免費獲贈賣方指定傢具與物件 Provided with furniture and chattels designated by the Vendor free of charge",
2019-03-25,2019-04-01,,COURT B TOWER 2 第二座,15/F,G,,6714000,,"．招標文件支付辦法丁 (90天一按付款計劃 (III)) Payment Plan D (90-day First Mortgage Loan Payment Plan (III)) of Tender Document ．見備註 7(a)(iv) See Remarks 7(a)(iv) ．招標文件「計劃(D)第一按揭貸款」優惠 ""Plan (D) First Mortgage Loan"" Benefit of Tender Document ．免費獲贈賣方指定傢具與物件 Provided with furniture and chattels designated by the Vendor free of charge",
2019-03-25,2019-04-01,,COURT B TOWER 2 第二座,15/F,H,,6714000,,．招標文件支付辦法戊 (90天即供付款計劃) Payment Plan E (90 Days Cash Payment) of Tender Document ．見備註 7(a)(v) See Remarks 7(a)(v) ．免費獲贈賣方指定傢具與物件 Provided with furniture and chattels designated by the Vendor free of charge,
2019-03-25,2019-04-01,,COURT B TOWER 2 第二座,17/F,G,,6807000,,．招標文件支付辦法戊 (90天即供付款計劃) Payment Plan E (90 Days Cash Payment) of Tender Document ．見備註 7(a)(v) See Remarks 7(a)(v),
2019-03-26,2019-04-02,,COURT B TOWER 2 第二座,11/F,B,,8478000,,．招標文件支付辦法戊 (90天即供付款計劃) Payment Plan E (90 Days Cash Payment) of Tender Document ．見備註 7(a)(v) See Remarks 7(a)(v),
2019-03-26,2019-04-02,,COURT B TOWER 2 第二座,12/F,H,,6684000,,．招標文件支付辦法戊 (90天即供付款計劃) Payment Plan E (90 Days Cash Payment) of Tender Document ．見備註 7(a)(v) See Remarks 7(a)(v) ．免費獲贈賣方指定傢具與物件 Provided with furniture and chattels designated by the Vendor free of charge,
2019-03-26,2019-04-02,,COURT C TOWER 1 第一座,7/F,E,,8040000,,．招標文件支付辦法戊 (90天即供付款計劃) Payment Plan E (90 Days Cash Payment) of Tender Document ．見備註 7(a)(v) See Remarks 7(a)(v),
2019-03-26,2019-04-02,,COURT C TOWER 1 第一座,9/F,E,,8349000,,．招標文件支付辦法甲 (建築期付款計劃) Payment Plan A (Stage Payment Plan) of Tender Document ．見備註7(a)(i) See Remarks 7(a)(i),
2019-03-27,2019-04-03,,COURT B TOWER 2 第二座,17/F,H,,6977000,,"．招標文件支付辦法乙 (90天一按付款計劃 (I)) Payment Plan B (90-day First Mortgage Loan Payment Plan (I)) of Tender Document ．見備註 7(a)(ii) See Remarks 7(a)(ii) ．招標文件「計劃(B)第一按揭貸款」優惠 ""Plan (B) First Mortgage Loan"" Benefit of Tender Document",
2019-04-01,2019-04-09,,COURT B TOWER 1 第一座,1/F,B,,7689000,,．招標文件支付辦法戊 (90天即供付款計劃) Payment Plan E (90 Days Cash Payment) of Tender Document ．見備註 7(a)(v) See Remarks 7(a)(v),
2019-04-01,2019-04-09,,COURT B TOWER 1 第一座,1/F,E,,7110000,,．招標文件支付辦法戊 (90天即供付款計劃) Payment Plan E (90 Days Cash Payment) of Tender Document ．見備註 7(a)(v) See Remarks 7(a)(v),
2019-04-01,2019-04-09,,COURT B TOWER 2 第二座,1/F,E,,7288000,,"．招標文件支付辦法乙 (90天一按付款計劃 (I)) Payment Plan B (90-day First Mortgage Loan Payment Plan (I)) of Tender Document ．見備註 7(a)(ii) See Remarks 7(a)(ii) ．招標文件「計劃(B)第一按揭貸款」優惠 ""Plan (B) First Mortgage Loan"" Benefit of Tender Document",
2019-04-01,2019-04-09,,COURT B TOWER 2 第二座,2/F,B,,8135000,,．招標文件支付辦法甲 (建築期付款計劃) Payment Plan A (Stage Payment Plan) of Tender Document ．見備註7(a)(i) See Remarks 7(a)(i),
2019-04-01,2019-04-09,,COURT D TOWER 1 第一座,6/F,A,,24504000,,．招標文件支付辦法戊 (90天即供付款計劃) Payment Plan E (90 Days Cash Payment) of Tender Document ．見備註 7(a)(v) See Remarks 7(a)(v) ．可享有認購該發展項目內一個住客停車位的權利 An option to purchase one residential parking space in the Development,
2019-04-02,2019-04-10,,COURT B TOWER 1 第一座,6/F,F,,10853000,,"．招標文件支付辦法乙 (90天一按付款計劃 (I)) Payment Plan B (90-day First Mortgage Loan Payment Plan (I)) of Tender Document ．見備註 7(a)(ii) See Remarks 7(a)(ii) ．招標文件「計劃(B)第一按揭貸款」優惠 ""Plan (B) First Mortgage Loan"" Benefit of Tender Document",
2019-04-04,2019-04-12,,COURT B TOWER 2 第二座,7/F,F,,11115000,,"．招標文件支付辦法乙 (90天一按付款計劃 (I)) Payment Plan B (90-day First Mortgage Loan Payment Plan (I)) of Tender Document ．見備註 7(a)(ii) See Remarks 7(a)(ii) ．招標文件「計劃(B)第一按揭貸款」優惠 ""Plan (B) First Mortgage Loan"" Benefit of Tender Document",
2019-04-08,2019-04-15,,COURT B TOWER 1 第一座,7/F,A,,13697000,,"．招標文件支付辦法乙 (90天一按付款計劃 (I)) Payment Plan B (90-day First Mortgage Loan Payment Plan (I)) of Tender Document ．見備註 7(a)(ii) See Remarks 7(a)(ii) ．招標文件「計劃(B)第一按揭貸款」優惠 ""Plan (B) First Mortgage Loan"" Benefit of Tender Document",
2019-04-08,2019-04-15,,COURT B TOWER 2 第二座,17/F,B,,8927000,,"．招標文件支付辦法乙 (90天一按付款計劃 (I)) Payment Plan B (90-day First Mortgage Loan Payment Plan (I)) of Tender Document ．見備註 7(a)(ii) See Remarks 7(a)(ii) ．招標文件「計劃(B)第一按揭貸款」優惠 ""Plan (B) First Mortgage Loan"" Benefit of Tender Document",
2019-04-08,2019-04-15,,COURT C TOWER 1 第一座,8/F,B,,9032000,,．招標文件支付辦法戊 (90天即供付款計劃) Payment Plan E (90 Days Cash Payment) of Tender Document ．見備註 7(a)(v) See Remarks 7(a)(v),
2019-04-15,2019-04-24,2019-07-23,COURT C TOWER 1 第一座,6/F,B,,8718000,,"．招標文件支付辦法乙 (90天一按付款計劃 (I)) Payment Plan B (90-day First Mortgage Loan Payment Plan (I)) of Tender Document ．見備註 7(a)(ii) See Remarks 7(a)(ii) ．招標文件「計劃(B)第一按揭貸款」優惠 ""Plan (B) First Mortgage Loan"" Benefit of Tender Document",
2019-04-16,2019-04-25,,COURT C TOWER 1 第一座,5/F,B,,8460000,,．招標文件支付辦法戊 (90天即供付款計劃) Payment Plan E (90 Days Cash Payment) of Tender Document ．見備註 7(a)(v) See Remarks 7(a)(v) ．免費獲贈賣方指定傢具與物件 Provided with furniture and chattels designated by the Vendor free of charge,
2019-04-18,2019-04-29,,COURT C TOWER 1 第一座,11/F,E,,8221000,,．招標文件支付辦法戊 (90天即供付款計劃) Payment Plan E (90 Days Cash Payment) of Tender Document ．見備註 7(a)(v) See Remarks 7(a)(v),
2019-04-18,2019-04-29,,COURT C TOWER 1 第一座,17/F,B,,10293000,,．招標文件支付辦法甲 (建築期付款計劃) Payment Plan A (Stage Payment Plan) of Tender Document ．見備註7(a)(i) See Remarks 7(a)(i) ．免費獲贈賣方指定傢具與物件 Provided with furniture and chattels designated by the Vendor free of charge,
2019-04-23,2019-04-30,,COURT A TOWER 1 第一座,15/F 16/F,B,,30798449,,．招標文件支付辦法戊 (90天即供付款計劃) Payment Plan E (90 Days Cash Payment) of Tender Document ．見備註 7(a)(v) See Remarks 7(a)(v) ．可享有認購該發展項目內一個住客停車位的權利 An option to purchase one residential parking space in the Development,
2019-04-23,2019-04-30,,COURT C TOWER 1 第一座,9/F,A,,14442000,,．招標文件支付辦法戊 (90天即供付款計劃) Payment Plan E (90 Days Cash Payment) of Tender Document ．見備註 7(a)(v) See Remarks 7(a)(v) ．可享有認購該發展項目內一個住客停車位的權利 An option to purchase one residential parking space in the Development,
2019-04-23,2019-04-30,,COURT C TOWER 1 第一座,17/F,E,,8682000,,"．招標文件支付辦法乙 (90天一按付款計劃 (I)) Payment Plan B (90-day First Mortgage Loan Payment Plan (I)) of Tender Document ．見備註 7(a)(ii) See Remarks 7(a)(ii) ．招標文件「計劃(B)第一按揭貸款」優惠 ""Plan (B) First Mortgage Loan"" Benefit of Tender Document ．免費獲贈賣方指定傢具與物件 Provided with furniture and chattels designated by the Vendor free of charge",
2019-04-23,2019-04-30,,COURT C TOWER 2 第二座,8/F,E,,8970000,,．招標文件支付辦法戊 (90天即供付款計劃) Payment Plan E (90 Days Cash Payment) of Tender Document ．見備註 7(a)(v) See Remarks 7(a)(v),
2019-04-23,2019-04-30,,COURT C TOWER 2 第二座,16/F,E,,9327000,,"．招標文件支付辦法丁 (90天一按付款計劃 (III)) Payment Plan D (90-day First Mortgage Loan Payment Plan (III)) of Tender Document ．見備註 7(a)(iv) See Remarks 7(a)(iv) ．招標文件「計劃(D)第一按揭貸款」優惠 ""Plan (D) First Mortgage Loan"" Benefit of Tender Document",
2019-04-25,2019-05-03,,COURT C TOWER 1 第一座,3/F,B,,8652450,,．招標文件支付辦法甲 (建築期付款計劃) Payment Plan A (Stage Payment Plan) of Tender Document ．見備註7(a)(i) See Remarks 7(a)(i) ．免費獲贈賣方指定傢具與物件 Provided with furniture and chattels designated by the Vendor free of charge,
2019-04-25,2019-05-03,,COURT C TOWER 1 第一座,9/F,B,,9267300,,．招標文件支付辦法戊 (90天即供付款計劃) Payment Plan E (90 Days Cash Payment) of Tender Document ．見備註 7(a)(v) See Remarks 7(a)(v),
2019-04-25,2019-05-03,,COURT C TOWER 2 第二座,10/F,E,,9089100,,．招標文件支付辦法戊 (90天即供付款計劃) Payment Plan E (90 Days Cash Payment) of Tender Document ．見備註 7(a)(v) See Remarks 7(a)(v),
2019-04-26,2019-05-06,,COURT B TOWER 1 第一座,9/F,F,,10815000,,．招標文件支付辦法戊 (90天即供付款計劃) Payment Plan E (90 Days Cash Payment) of Tender Document ．見備註 7(a)(v) See Remarks 7(a)(v),
2019-04-26,2019-05-06,,COURT C TOWER 1 第一座,2/F,A,,12827000,,．招標文件支付辦法戊 (90天即供付款計劃) Payment Plan E (90 Days Cash Payment) of Tender Document ．見備註 7(a)(v) See Remarks 7(a)(v),
2019-04-26,2019-05-06,,COURT C TOWER 1 第一座,3/F,A,,12892000,,．招標文件支付辦法戊 (90天即供付款計劃) Payment Plan E (90 Days Cash Payment) of Tender Document ．見備註 7(a)(v) See Remarks 7(a)(v),
2019-04-26,2019-05-06,2019-12-30,COURT C TOWER 1 第一座,12/F,E,,8271000,,．招標文件支付辦法戊 (90天即供付款計劃) Payment Plan E (90 Days Cash Payment) of Tender Document ．見備註 7(a)(v) See Remarks 7(a)(v),
2019-04-29,2019-05-07,,COURT B TOWER 1 第一座,16/F,A,,14634000,,．招標文件支付辦法戊 (90天即供付款計劃) Payment Plan E (90 Days Cash Payment) of Tender Document ．見備註 7(a)(v) See Remarks 7(a)(v) ．可享有認購該發展項目內一個住客停車位的權利 An option to purchase one residential parking space in the Development,
2019-04-29,2019-05-07,,COURT B TOWER 2 第二座,G/F,A,,14350000,,．招標文件支付辦法甲 (建築期付款計劃) Payment Plan A (Stage Payment Plan) of Tender Document ．見備註7(a)(i) See Remarks 7(a)(i) ．可享有認購該發展項目內一個住客停車位的權利 An option to purchase one residential parking space in the Development,
2019-04-30,2019-05-08,,COURT B TOWER 2 第二座,1/F,B,,7807000,,．招標文件支付辦法戊 (90天即供付款計劃) Payment Plan E (90 Days Cash Payment) of Tender Document ．見備註 7(a)(v) See Remarks 7(a)(v),
2019-04-30,2019-05-08,,COURT C TOWER 1 第一座,12/F,A,,15021000,,．招標文件支付辦法戊 (90天即供付款計劃) Payment Plan E (90 Days Cash Payment) of Tender Document ．見備註 7(a)(v) See Remarks 7(a)(v) ．可享有認購該發展項目內一個住客停車位的權利 An option to purchase one residential parking space in the Development,
2019-04-30,2019-05-08,,COURT C TOWER 2 第二座,15/F,E,,9267000,,"．招標文件支付辦法丁 (90天一按付款計劃 (III)) Payment Plan D (90-day First Mortgage Loan Payment Plan (III)) of Tender Document ．見備註 7(a)(iv) See Remarks 7(a)(iv) ．招標文件「計劃(D)第一按揭貸款」優惠 ""Plan (D) First Mortgage Loan"" Benefit of Tender Document",
2019-05-02,2019-05-09,,COURT A TOWER 1 第一座,9/F,A,,37011000,,．招標文件支付辦法戊 (90天即供付款計劃) Payment Plan E (90 Days Cash Payment) of Tender Document ．見備註 7(a)(v) See Remarks 7(a)(v) ．可享有認購該發展項目內一個住客停車位的權利 An option to purchase one residential parking space in the Development,
2019-05-20,2019-05-27,,COURT A TOWER 1 第一座,7/F,A,,36695000,,．招標文件支付辦法戊 (90天即供付款計劃) Payment Plan E (90 Days Cash Payment) of Tender Document ．見備註 7(a)(v) See Remarks 7(a)(v) ．可享有認購該發展項目內一個住客停車位的權利 An option to purchase one residential parking space in the Development,
2019-05-20,2019-05-27,,COURT B TOWER 1 第一座,16/F,D,,14883000,,．招標文件支付辦法戊 (90天即供付款計劃) Payment Plan E (90 Days Cash Payment) of Tender Document ．見備註 7(a)(v) See Remarks 7(a)(v) ．可享有認購該發展項目內一個住客停車位的權利 An option to purchase one residential parking space in the Development,
2019-05-20,2019-05-27,,COURT B TOWER 2 第二座,16/F,A,,14693000,,．招標文件支付辦法戊 (90天即供付款計劃) Payment Plan E (90 Days Cash Payment) of Tender Document ．見備註 7(a)(v) See Remarks 7(a)(v) ．可享有認購該發展項目內一個住客停車位的權利 An option to purchase one residential parking space in the Development,
2019-05-20,2019-05-27,,COURT C TOWER 1 第一座,6/F,D,,15667000,,．招標文件支付辦法戊 (90天即供付款計劃) Payment Plan E (90 Days Cash Payment) of Tender Document ．見備註 7(a)(v) See Remarks 7(a)(v) ．可享有認購該發展項目內一個住客停車位的權利 An option to purchase one residential parking space in the Development,
2019-05-20,2019-05-27,,COURT C TOWER 1 第一座,8/F,A,,14469000,,．招標文件支付辦法甲 (建築期付款計劃) Payment Plan A (Stage Payment Plan) of Tender Document ．見備註7(a)(i) See Remarks 7(a)(i),
2019-05-20,2019-05-27,,COURT C TOWER 1 第一座,11/F,A,,15007000,,．招標文件支付辦法戊 (90天即供付款計劃) Payment Plan E (90 Days Cash Payment) of Tender Document ．見備註 7(a)(v) See Remarks 7(a)(v),
2019-05-20,2019-05-27,,COURT C TOWER 2 第二座,6/F,E,,9172000,,"．招標文件支付辦法乙 (90天一按付款計劃 (I)) Payment Plan B (90-day First Mortgage Loan Payment Plan (I)) of Tender Document ．見備註 7(a)(ii) See Remarks 7(a)(ii) ．招標文件「計劃(B)第一按揭貸款」優惠 ""Plan (B) First Mortgage Loan"" Benefit of Tender Document",
2019-05-20,2019-05-27,,COURT C TOWER 2 第二座,17/F,B,,7182000,,．招標文件支付辦法戊 (90天即供付款計劃) Payment Plan E (90 Days Cash Payment) of Tender Document ．見備註 7(a)(v) See Remarks 7(a)(v),
2019-05-21,2019-05-28,,COURT C TOWER 2 第二座,15/F,C,,15157000,,．招標文件支付辦法戊 (90天即供付款計劃) Payment Plan E (90 Days Cash Payment) of Tender Document ．見備註 7(a)(v) See Remarks 7(a)(v) ．可享有認購該發展項目內一個住客停車位的權利 An option to purchase one residential parking space in the Development,
2019-05-23,2019-05-30,,COURT C TOWER 2 第二座,1/F,E,,8754200,,．招標文件支付辦法戊 (90天即供付款計劃) Payment Plan E (90 Days Cash Payment) of Tender Document ．見備註 7(a)(v) See Remarks 7(a)(v),
2019-05-24,2019-05-31,,COURT A TOWER 1 第一座,11/F,A,,38148000,,．招標文件支付辦法戊 (90天即供付款計劃) Payment Plan E (90 Days Cash Payment) of Tender Document ．見備註 7(a)(v) See Remarks 7(a)(v) ．可享有認購該發展項目內一個住客停車位的權利 An option to purchase one residential parking space in the Development,
2019-05-24,2019-05-31,,COURT A TOWER 2 第二座,G/F,B,,34176000,,．招標文件支付辦法甲 (建築期付款計劃) Payment Plan A (Stage Payment Plan) of Tender Document ．見備註7(a)(i) See Remarks 7(a)(i) ．可享有認購該發展項目內一個住客停車位的權利 An option to purchase one residential parking space in the Development,
2019-05-29,2019-06-05,,COURT B TOWER 1 第一座,8/F,C,,18357000,,．招標文件支付辦法戊 (90天即供付款計劃) Payment Plan E (90 Days Cash Payment) of Tender Document ．見備註 7(a)(v) See Remarks 7(a)(v) ．可享有認購該發展項目內一個住客停車位的權利 An option to purchase one residential parking space in the Development,
2019-05-31,2019-06-10,,COURT B TOWER 1 第一座,G/F,A,,13792000,,"．招標文件支付辦法丙 (90天一按付款計劃 (II)) Payment Plan C (90-day First Mortgage Loan Payment Plan (II)) of Tender Document ．見備註 7(a)(iii) See Remarks 7(a)(iii) ．招標文件「計劃(C)第一按揭貸款」優惠 ""Plan (C) First Mortgage Loan"" Benefit of Tender Document ．招標文件支付辦法乙 (90天一按付款計劃 (I)) Payment Plan B (90-day First Mortgage Loan Payment Plan (I)) of Tender Document ．見備註 7(a)(ii) See Remarks 7(a)(ii) ．招標文件「計劃(B)第一按揭貸款」優惠 ""Plan (B) First Mortgage Loan"" Benefit of Tender Document",
2019-05-31,2019-06-10,,COURT B TOWER 2 第二座,15/F,A,,14573000,,．招標文件支付辦法戊 (90天即供付款計劃) Payment Plan E (90 Days Cash Payment) of Tender Document ．見備註 7(a)(v) See Remarks 7(a)(v) ．可享有認購該發展項目內一個住客停車位的權利 An option to purchase one residential parking space in the Development,
2019-06-10,2019-06-17,,COURT A TOWER 1 第一座,6/F,D,,26028000,,．招標文件支付辦法戊 (90天即供付款計劃) Payment Plan E (90 Days Cash Payment) of Tender Document ．見備註 7(a)(v) See Remarks 7(a)(v) ．可享有認購該發展項目內一個住客停車位的權利 An option to purchase one residential parking space in the Development,
2019-06-10,,,COURT C TOWER 2 第二座,17/F & R/F,A,,10381000,,．招標文件支付辦法戊 (90天即供付款計劃) Payment Plan E (90 Days Cash Payment) of Tender Document ．見備註 7(a)(v) See Remarks 7(a)(v),
2019-06-17,2019-06-24,,COURT A TOWER 1 第一座,10/F,B,,32871000,,．招標文件支付辦法戊 (90天即供付款計劃) Payment Plan E (90 Days Cash Payment) of Tender Document ．見備註 7(a)(v) See Remarks 7(a)(v) ．可享有認購該發展項目內一個住客停車位的權利 An option to purchase one residential parking space in the Development,
2019-06-17,2019-06-24,,COURT D TOWER 1 第一座,8/F,B,,24193000,,．招標文件支付辦法戊 (90天即供付款計劃) Payment Plan E (90 Days Cash Payment) of Tender Document ．見備註 7(a)(v) See Remarks 7(a)(v) ．可享有認購該發展項目內一個住客停車位的權利 An option to purchase one residential parking space in the Development,
2019-06-18,2019-06-25,,COURT B TOWER 1 第一座,3/F,F,,10606000,,．招標文件支付辦法戊 (90天即供付款計劃) Payment Plan E (90 Days Cash Payment) of Tender Document ．見備註 7(a)(v) See Remarks 7(a)(v),
2019-06-19,2019-06-26,,House No. 7,,,,125000000,,．招標文件支付辦法甲 (建築期付款計劃) Payment Plan A (Stage Payment Plan) of Tender Document ．見備註7(a)(i) See Remarks 7(a)(i),
2019-06-25,2019-07-03,,COURT D TOWER 1 第一座,16/F,C,,19416000,,．招標文件支付辦法戊 (90天即供付款計劃) Payment Plan E (90 Days Cash Payment) of Tender Document ．見備註 7(a)(v) See Remarks 7(a)(v) ．可享有認購該發展項目內一個住客停車位的權利 An option to purchase one residential parking space in the Development,
2019-06-28,2019-07-08,,COURT D TOWER 2 第二座,7/F,A,,26830000,,．招標文件支付辦法戊 (90天即供付款計劃) Payment Plan E (90 Days Cash Payment) of Tender Document ．見備註 7(a)(v) See Remarks 7(a)(v) ．可享有認購該發展項目內一個住客停車位的權利 An option to purchase one residential parking space in the Development,
2019-07-08,2019-07-15,,COURT B TOWER 2 第二座,5/F,A,,13774000,,．招標文件支付辦法甲 (建築期付款計劃) Payment Plan A (Stage Payment Plan) of Tender Document ．見備註7(a)(i) See Remarks 7(a)(i),
2019-07-23,2019-07-30,,COURT C TOWER 2 第二座,9/F,D,,16071000,,．招標文件支付辦法甲 (建築期付款計劃) Payment Plan A (Stage Payment Plan) of Tender Document ．見備註7(a)(i) See Remarks 7(a)(i) ．可享有認購該發展項目內一個住客停車位的權利 An option to purchase one residential parking space in the Development,
2019-08-26,2019-09-02,,COURT C TOWER 2 第二座,17/F & R/F,E,,9647000,,．招標文件支付辦法甲 (建築期付款計劃) Payment Plan A (Stage Payment Plan) of Tender Document ．見備註7(a)(i) See Remarks 7(a)(i),
2019-09-02,2019-09-09,,COURT B TOWER 2 第二座,9/F,F,,11320000,,．招標文件支付辦法甲 (建築期付款計劃) Payment Plan A (Stage Payment Plan) of Tender Document ．見備註7(a)(i) See Remarks 7(a)(i),
2019-09-24,2019-10-02,,COURT B TOWER 2 第二座,12/F,F,,11783000,,"- 招標文件支付辦法丙 (90天一按付款計劃) Payment Plan C (90-day First Mortgage Loan Payment Plan) of Tender Document - 見備註7A(a)(iii) See Remarks 7A(a)(iii) - 招標文件「第一按揭貸款計劃」優惠 ""First Mortgage Loan Plan"" Benefit of Tender Document -見備註7A(b)(i) See Remarks 7A(b)(i)",
2019-10-02,2019-10-10,,COURT B TOWER 2 第二座,6/F,C,,18670000,,- 招標文件支付辦法甲 (60天付款計劃) Payment Plan A (60-day Payment Plan) of Tender Document - 見備註7A(a)(i) See Remarks 7A(a)(i) ．可享有認購該發展項目內一個住客停車位的權利 An option to purchase one residential parking space in the Development,
2019-10-14,2019-10-21,,COURT C TOWER 2 第二座,17/F & R/F,D,,17161000,,"- 招標文件支付辦法丙 (90天一按付款計劃) Payment Plan C (90-day First Mortgage Loan Payment Plan) of Tender Document - 見備註7A(a)(iii) See Remarks 7A(a)(iii) - 招標文件「第一按揭貸款計劃」優惠 ""First Mortgage Loan Plan"" Benefit of Tender Document -見備註7A(b)(i) See Remarks 7A(b)(i) ．可享有認購該發展項目內一個住客停車位的權利 An option to purchase one residential parking space in the Development",
2019-11-18,2019-11-25,,COURT B TOWER 1 第一座,15/F,A,,15000000,,- 招標文件支付辦法甲 (60天付款計劃) Payment Plan A (60-day Payment Plan) of Tender Document - 見備註7A(a)(i) See Remarks 7A(a)(i) ．可享有認購該發展項目內一個住客停車位的權利 An option to purchase one residential parking space in the Development,
2019-11-26,2019-12-03,,COURT A TOWER 1 第一座,3/F,A,,36192000,,- 招標文件支付辦法甲 (60天付款計劃) Payment Plan A (60-day Payment Plan) of Tender Document - 見備註7A(a)(i) See Remarks 7A(a)(i) ．可享有認購該發展項目內一個住客停車位的權利 An option to purchase one residential parking space in the Development,
2019-12-10,2019-12-17,,COURT A TOWER 1 第一座,15/F,B,,34391000,,- 招標文件支付辦法甲 (60天付款計劃) Payment Plan A (60-day Payment Plan) of Tender Document - 見備註7A(a)(i) See Remarks 7A(a)(i) ．可享有認購該發展項目內一個住客停車位的權利 An option to purchase one residential parking space in the Development,
2020-04-09,2020-04-20,,COURT A TOWER 1 第一座,11/F,B,,33738000,,- 招標文件支付辦法甲 (60天付款計劃) Payment Plan A (60-day Payment Plan) of Tender Document - 見備註7A(a)(i) See Remarks 7A(a)(i) ．可享有認購該發展項目內一個住客停車位的權利 An option to purchase one residential parking space in the Development,
2020-05-04,2020-05-11,,COURT A TOWER 2 第二座,10/F,B,,33412000,,- 招標文件支付辦法甲 (60天付款計劃) Payment Plan A (60-day Payment Plan) of Tender Document - 見備註7A(a)(i) See Remarks 7A(a)(i) ．可享有認購該發展項目內一個住客停車位的權利 An option to purchase one residential parking space in the Development,
2020-05-11,2020-05-18,,COURT C TOWER 1 第一座,12/F,D,,16516000,,- 招標文件支付辦法甲 (60天付款計劃) Payment Plan A (60-day Payment Plan) of Tender Document - 見備註7A(a)(i) See Remarks 7A(a)(i) ．可享有認購該發展項目內一個住客停車位的權利 An option to purchase one residential parking space in the Development,
2020-05-25,2020-06-01,,COURT B TOWER 1 第一座,12/F,A,,14878000,,招標文件支付辦法甲/Payment Plan (A) of Tender Document - 60天付款計劃 60-day Payment Plan (見備註/See Remark 7A(a)(i)),
2020-05-25,2020-06-01,,COURT B TOWER 2 第二座,1/F,D,,14790000,,招標文件支付辦法甲/Payment Plan (A) of Tender Document - 60天付款計劃 60-day Payment Plan (見備註/See Remark 7A(a)(i)) ．可享有認購該發展項目內一個住客停車位的權利 An option to purchase one residential parking space in the Development,
2020-07-02,2020-07-09,,COURT C TOWER 1 第一座,6/F,C,,18033000,,"招標文件支付辦法丙/Payment Plan (C) of Tender Document - 90天一按付款計劃 90-day First Mortgage Loan Payment Plan (見備註/See Remarks 7A(a)(iii), 7A(b)(ii)) ．可享有認購該發展項目內一個住客停車位的權利 An option to purchase one residential parking space in the Development",
2020-08-03,2020-08-10,,COURT A TOWER 2 第二座,16/F,A,,31816000,,招標文件支付辦法甲/Payment Plan (A) of Tender Document - 60天付款計劃 60-day Payment Plan (見備註/See Remark 7A(a)(i)) ．可享有認購該發展項目內一個住客停車位的權利 An option to purchase one residential parking space in the Development,
2020-08-28,2020-09-04,,COURT A TOWER 2 第二座,8/F,B,,32104000,,招標文件支付辦法甲/Payment Plan (A) of Tender Document - 60天付款計劃 60-day Payment Plan (見備註/See Remark 7A(a)(i)) ．可享有認購該發展項目內一個住客停車位的權利 An option to purchase one residential parking space in the Development,
2020-09-02,2020-09-09,,COURT A TOWER 2 第二座,15/F,A,,31517000,,招標文件支付辦法甲/Payment Plan (A) of Tender Document - 60天付款計劃 60-day Payment Plan (見備註/See Remark 7A(a)(i)) ．可享有認購該發展項目內一個住客停車位的權利 An option to purchase one residential parking space in the Development,
2020-09-21,2020-09-28,,COURT B TOWER 1 第一座,15/F,C,,18950000,,招標文件支付辦法甲/Payment Plan (A) of Tender Document - 60天付款計劃 60-day Payment Plan (見備註/See Remark 7A(a)(i)) ．可享有認購該發展項目內一個住客停車位的權利 An option to purchase one residential parking space in the Development,
2020-09-28,2020-10-07,,COURT A TOWER 2 第二座,15/F,B,,33462000,,招標文件支付辦法甲/Payment Plan (A) of Tender Document - 60天付款計劃 60-day Payment Plan (見備註/See Remark 7A(a)(i)) ．可享有認購該發展項目內一個住客停車位的權利 An option to purchase one residential parking space in the Development,
2020-10-12,2020-10-19,,COURT B TOWER 2 第二座,12/F,C,,19947000,,招標文件支付辦法甲/Payment Plan (A) of Tender Document - 60天付款計劃 60-day Payment Plan (見備註/See Remark 7A(a)(i)) ．可享有認購該發展項目內一個住客停車位的權利 An option to purchase one residential parking space in the Development,
2020-10-20,2020-10-28,,COURT D TOWER 2 第二座,11/F,A,,29391000,,招標文件支付辦法甲/Payment Plan (A) of Tender Document - 60天付款計劃 60-day Payment Plan (見備註/See Remark 7A(a)(i)) ．可享有認購該發展項目內一個住客停車位的權利 An option to purchase one residential parking space in the Development,
2020-10-30,2020-11-06,,COURT A TOWER 2 第二座,16/F,B,,33780000,,招標文件支付辦法甲/Payment Plan (A) of Tender Document - 60天付款計劃 60-day Payment Plan (見備註/See Remark 7A(a)(i)) ．可享有認購該發展項目內一個住客停車位的權利 An option to purchase one residential parking space in the Development,
2020-12-23,2020-12-31,,COURT B TOWER 1 第一座,15/F,D,,14600000,,"招標文件支付辦法丙/Payment Plan (C) of Tender Document - 90天一按付款計劃 90-day First Mortgage Loan Payment Plan (見備註/See Remarks 7A(a)(iii), 7A(b)(iii)) ．可享有認購該發展項目內一個住客停車位的權利 An option to purchase one residential parking space in the Development",
2021-01-03,2021-01-08,,COURT A TOWER 2 第二座,6/F,C,,15561000,,價單第1號 / Price List No. 1 • / 105 天付款計劃 (照售價減 10%) 105-day Payment Plan (10% discount on the Price) (見備註/See Remark 7B(a)(i)),
2021-01-03,2021-01-08,,COURT B TOWER 2 第二座,1/F,F,,9999000,,價單第1號 / Price List No. 1 • / 105 天付款計劃 (照售價減 10%) 105-day Payment Plan (10% discount on the Price) (見備註/See Remark 7B(a)(i)),
2021-01-03,2021-01-08,,COURT B TOWER 2 第二座,8/F,D,,13215000,,價單第1號 / Price List No. 1 • / 105 天付款計劃 (照售價減 10%) 105-day Payment Plan (10% discount on the Price) (見備註/See Remark 7B(a)(i)),
2021-01-03,2021-01-08,,COURT C TOWER 1 第一座,3/F,C,,15365000,,價單第1號 / Price List No. 1 • / 105 天付款計劃 (照售價減 10%) 105-day Payment Plan (10% discount on the Price) (見備註/See Remark 7B(a)(i)),
2021-01-03,2021-01-08,,COURT C TOWER 1 第一座,6/F,B,,8401000,,價單第1號 / Price List No. 1 • / 105 天付款計劃 (照售價減 10%) 105-day Payment Plan (10% discount on the Price) (見備註/See Remark 7B(a)(i)),
2021-01-03,2021-01-08,,COURT C TOWER 1 第一座,7/F,A,,12892000,,價單第1號 / Price List No. 1 • / 105 天付款計劃 (照售價減 10%) 105-day Payment Plan (10% discount on the Price) (見備註/See Remark 7B(a)(i)),
2021-01-03,2021-01-08,,COURT C TOWER 2 第二座,2/F,B,,7232000,,"價單第1號 / Price List No. 1 ．105 天付款計劃 (照售價減 10%) 105-day Payment Plan (10% discount on the Price) (見備註/See Remark 7B(a)(i)) ．送贈裝飾、傢俱和物件優惠 Free Decoration, Furniture and Chattels Offer(見備註/See Remark 7B(j)(3))",
2021-01-03,2021-01-08,,COURT C TOWER 2 第二座,7/F,E,,8874000,,價單第1號 / Price List No. 1 • / 105 天付款計劃 (照售價減 10%) 105-day Payment Plan (10% discount on the Price) (見備註/See Remark 7B(a)(i)),
2021-01-09,2021-01-15,,COURT A TOWER 2 第二座,5/F,C,,15467000,,價單第1號 / Price List No. 1 • 105 天付款計劃 (照售價減 10%) / 105-day Payment Plan (10% discount on the Price) (見備註/See Remark 7B(a)(i)),
2021-01-10,2021-01-15,,COURT B TOWER 1 第一座,1/F,F,,9999000,,價單第1號 / Price List No. 1 • 105 天付款計劃 (照售價減 10%) / 105-day Payment Plan (10% discount on the Price) (見備註/See Remark 7B(a)(i)),
2021-01-15,2021-01-22,,COURT C TOWER 1 第一座,2/F,B,,8242000,,"價單第1號 / Price List No. 1 • 「720天先住後付」 (照售價減 10%) / 720-day Occupation Before Completion (10% discount on the Price) (見備註/See Remarks 7B(a)(iii), 7B(b)) • 送贈裝飾、傢俱和物件優惠 Free Decoration, Furniture and Chattels Offer(見備註/See Remark 7B(j)(2))",
2021-01-20,2021-01-27,,COURT B TOWER 1 第一座,6/F,D,,12993000,,價單第1號 / Price List No. 1 • 105 天付款計劃 (照售價減 10%) / 105-day Payment Plan (10% discount on the Price) (見備註/See Remark 7B(a)(i)),
2021-01-25,2021-02-01,,COURT A TOWER 2 第二座,1/F,C,,15404000,,"價單第1號 / Price List No. 1 • 105 天一按付款計劃 (照售價減 8.5%) / 105-day First Mortgage Loan Payment Plan (8.5% discount on the Price) (見備註/See Remarks 7B(a)(ii), 7B(f)))",
2021-01-25,2021-02-01,,COURT A TOWER 2 第二座,3/F,D,,16016000,,價單第1號 / Price List No. 1 • 105 天付款計劃 (照售價減 10%) / 105-day Payment Plan (10% discount on the Price) (見備註/See Remark 7B(a)(i)),
2021-01-26,2021-02-02,,COURT D TOWER 1 第一座,6/F,B,,19870000,,價單第1號 / Price List No. 1 • 105 天付款計劃 (照售價減 10%) / 105-day Payment Plan (10% discount on the Price) (見備註/See Remark 7B(a)(i)),
2021-01-27,2021-02-03,,COURT C TOWER 2 第二座,12/F,E,,9149000,,價單第1號 / Price List No. 1 • 105 天付款計劃 (照售價減 10%) / 105-day Payment Plan (10% discount on the Price) (見備註/See Remark 7B(a)(i)),
2021-01-29,2021-02-05,,COURT B TOWER 2 第二座,17/F & R/F,C,,22728600,,招標文件第 8 號支付辦法(H) / Payment Plan (H) of Tender Document No. 8 - 105天付款計劃105-day Payment Plan (見備註/See Remark 7C(a)(i)),
2021-01-30,2021-02-05,,COURT B TOWER 1 第一座,7/F,D,,13051000,,價單第1號 / Price List No. 1 • 105 天付款計劃 (照售價減 10%) / 105-day Payment Plan (10% discount on the Price) (見備註/See Remark 7B(a)(i)),
2021-01-30,2021-02-05,,COURT B TOWER 2 第二座,8/F,F,,10439000,,價單第1號 / Price List No. 1 • 105 天付款計劃 (照售價減 10%) / 105-day Payment Plan (10% discount on the Price) (見備註/See Remark 7B(a)(i)),
2021-01-31,2021-02-05,,COURT B TOWER 2 第二座,7/F,D,,13406000,,"價單第1號 / Price List No. 1 • 105 天一按付款計劃 (照售價減 8.5%) / 105-day First Mortgage Loan Payment Plan (8.5% discount on the Price) (見備註/See Remarks 7B(a)(ii), 7B(f)))",
2021-02-01,2021-02-08,,COURT A TOWER 1 第一座,7/F,B,,32258000,,"招標文件第 8.1 號支付辦法(H) / Payment Plan (H) of Tender Document No. 8.1 - 105天付款計劃105-day Payment Plan (見備註/See Remark 7C(a)(i)) 在30-04-2021，支付條款更改為 On 30-04-2021,the terms of payment adjusted to 招標文件第 8.1 號支付辦法(K) / Payment Plan (K) of Tender Document No. 8.1 -「1080天先住後付」付款計劃 1080-day Occupation Before Completion (見備註/See Remarks 7C(a)(iv), 7C(c1))",
2021-02-03,2021-02-10,,COURT B TOWER 2 第二座,8/F,A,,13730000,,價單第1A號 / Price List No. 1A • 105 天付款計劃 (照售價減 8.5%) / 105-day Payment Plan (8.5% discount on the Price) (見備註/See Remark 7B(a)(i)),
2021-02-04,2021-02-11,,COURT B TOWER 1 第一座,6/F,C,,17466000,,"價單第1A號 / Price List No. 1A • 105 天付款計劃 (照售價減 8.5%) / 105-day Payment Plan (8.5% discount on the Price) (見備 註/See Remark 7B(a)(i)) 在04-03-2021，支付條款更改為 On 04-03-2021,the terms of payment adjusted to 價單第1A號 / Price List No. 1A • 「720天先住後付」 (照售價減 8.5%)/Occupation Before Completion (8.5% discount on the Price) (見備註/See Remarks 7B(a)(iii), 7B(b))",
2021-02-07,2021-02-16,,COURT A TOWER 2 第二座,2/F,D,,16160000,,"價單第1A號 / Price List No. 1A • 105 天付款計劃 (照售價減 8.5%) / 105-day Payment Plan (8.5% discount on the Price) (見備註/See Remark 7B(a)(i)) 在25-02-2021，支付條款更改為 On 25-02-2021,the terms of payment adjusted to 價單第1A號 / Price List No. 1A •「720天先住後付」 (照售價減 8.5%)/Occupation Before Completion (8.5% discount on the Price) (見備註/See Remarks 7B(a)(iii), 7B(b))",
2021-02-20,2021-02-26,,COURT B TOWER 1 第一座,5/F,C,,17347000,,價單第1A號 / Price List No. 1A • 105 天付款計劃 (照售價減 8.5%) / 105-day Payment Plan (8.5% discount on the Price) (見備註/See Remark 7B(a)(i)),
2021-02-23,2021-03-02,,COURT A TOWER 1 第一座,1/F G/F,C,,13614000,,招標文件第 8.2 號支付辦法(H) / Payment Plan (H) of Tender Document No. 8.2 - 105天付款計劃105-day Payment Plan (見備註/See Remark 7C(a)(i)),
2021-02-25,2021-03-04,,COURT B TOWER 1 第一座,5/F,D,,13151000,,價單第1A號 / Price List No. 1A • 105 天付款計劃 (照售價減 8.5%) / 105-day Payment Plan (8.5% discount on the Price) (見備註/See Remark 7B(a)(i)),
2021-03-05,,,COURT A TOWER 2 第二座,8/F,A,,30523000,,招標文件第 8.3 號支付辦法(H) / Payment Plan (H) of Tender Document No. 8.3 - 105天付款計劃105-day Payment Plan (見備註/See Remark 7C(a)(i)),
2021-03-08,2021-03-15,,COURT A TOWER 2 第二座,17/F & R/F,B,,42700000,,招標文件第 8.4 號支付辦法(H) / Payment Plan (H) of Tender Document No. 8.4 - 105天付款計劃105-day Payment Plan (見備註/See Remark 7C(a)(i)),
2021-03-09,2021-03-16,,COURT D TOWER 2 第二座,G/F,D,,29576000,,"招標文件第 8.5 號支付辦法(H) / Payment Plan (H) of Tender Document No. 8.5 - 105天付款計劃105-day Payment Plan (見備註/See Remark 7C(a)(i)) 在08-04-2021，支付條款更改為 On 08-04-2021,the terms of payment adjusted to 招標文件第 8.5 號支付辦法(J) / Payment Plan (J) of Tender Document No. 8.5 - 「720天先住後付」付款計劃 720-day Occupation Before Completion (見備註/See Remarks 7C(a)(iii), 7C(c1))",
2021-03-18,2021-03-25,,COURT A TOWER 2 第二座,8/F,C,,16971000,,招標文件第 8.7 號支付辦法(H) / Payment Plan (H) of Tender Document No. 8.7 - 105天付款計劃105-day Payment Plan (見備註/See Remark 7C(a)(i)),
2021-03-19,2021-03-26,,COURT B TOWER 1 第一座,2/F,F,,10620000,,價單第1C號 / Price List No. 1C • 105 天付款計劃 (照售價減 8%) / 105-day Payment Plan (8% discount on the Price) (見備註/See Remark 7B(a)(i)),
2021-03-19,2021-03-26,,COURT D TOWER 1 第一座,7/F,B,,21415000,,招標文件第 8.7 號支付辦法(H) / Payment Plan (H) of Tender Document No. 8.7 - 105天付款計劃105-day Payment Plan (見備註/See Remark 7C(a)(i)),
2021-03-19,2021-03-26,,COURT D TOWER 1 第一座,11/F,B,,26755000,,招標文件第 8.7 號支付辦法(H) / Payment Plan (H) of Tender Document No. 8.7 - 105天付款計劃105-day Payment Plan (見備註/See Remark 7C(a)(i)),
2021-03-26,2021-04-07,,COURT B TOWER 1 第一座,3/F,D,,13679000,,"價單第1C號 / Price List No. 1C • 105 天一按付款計劃 (照售價減 6.5%) / 105-day First Mortgage Loan Payment Plan (6.5% discount on the Price) (見備註/See Remarks 7B(a)(ii), 7B(f)))",
2021-04-23,2021-04-30,,COURT B TOWER 1 第一座,3/F,C,,17312000,,"價單第1C號 / Price List No. 1C • 105 天付款計劃 (照售價減 8%) / 105-day Payment Plan (8% discount on the Price) (見備註/See Remark 7B(a)(i)) 在11-05-2021，支付條款更改為 On 11-05-2021,the terms of payment adjusted to 價單第1C號 / Price List No. 1C • 「720天先住後付」 (照售價減 8%) / 720-day Occupation Before Completion (8% discount on the Price) (見備註/See Remarks 7B(a)(iii), 7B(b1))",
2021-05-13,2021-05-21,,COURT B TOWER 2 第二座,6/F,D,,13745000,,價單第1C號 / Price List No. 1C • 105 天付款計劃 (照售價減 8%) / 105-day Payment Plan (8% discount on the Price) (見備註/See Remark 7B(a)(i)),
2021-05-19,2021-05-26,,COURT C TOWER 2 第二座,3/F,D,,15032000,,"價單第1C號 / Price List No. 1C • 105 天一按付款計劃 (照售價減 6.5%) / 105-day First Mortgage Loan Payment Plan (6.5% discount on the Price) (見備註/See Remarks 7B(a)(ii), 7B(f)))",
2021-05-28,2021-06-04,,COURT B TOWER 1 第一座,17/F & R/F,F,,14318000,,招標文件第 8.8 號支付辦法(H) / Payment Plan (H) of Tender Document No. 8.8 - 105天付款計劃105-day Payment Plan (見備註/See Remark 7C(a)(i)),
2021-06-07,2021-06-15,,COURT C TOWER 1 第一座,16/F,D,,15859000,,招標文件第 8.8 號支付辦法(H) / Payment Plan (H) of Tender Document No. 8.8 - 105天付款計劃105-day Payment Plan (見備註/See Remark 7C(a)(i)),
2021-06-15,2021-06-22,,COURT B TOWER 2 第二座,9/F,D,,14151000,,招標文件第 8.8 號支付辦法(H) / Payment Plan (H) of Tender Document No. 8.8 - 105天付款計劃105-day Payment Plan (見備註/See Remark 7C(a)(i)),
2021-07-06,2021-07-13,,COURT A TOWER 2 第二座,3/F,A,,28430000,,招標文件第 8.8 號支付辦法(H) / Payment Plan (H) of Tender Document No. 8.8 - 105天付款計劃105-day Payment Plan (見備註/See Remark 7C(a)(i)),
2021-07-19,2021-07-26,,COURT D TOWER 2 第二座,G/F,B,,26142000,,招標文件第 8.10 號支付辦法(H) / Payment Plan (H) of Tender Document No. 8.10 - 105天付款計劃105-day Payment Plan (見備註/See Remark 7C(a)(i)),
2021-08-02,2021-08-09,,COURT C TOWER 1 第一座,1/F,B,,8518000,,"價單第1D號 / Price List No. 1D - 105 天付款計劃 (照售價減 6%) / 105-day Payment Plan (6% discount on the Price) (見備註/See Remark 7B(a)(i)) - 送贈裝飾、傢俱和物件優惠 Free Decoration, Furniture and Chattels Offer(見備註/See Remark 7B(j)(1)) 在01-09-2021，支付條款更改為 On 01-09-2021,the terms of payment adjusted to 價單第1D號 / Price List No. 1D -「720天先住後付」 (照售價減 6%) / 720-day Occupation Before Completion (6% discount on the Price) (見備註/See Remarks 7B(a)(iii), 7B(b1))",
2021-08-14,2021-08-20,,COURT B TOWER 1 第一座,2/F,D,,13692000,,價單第1D號 / Price List No. 1D • 105 天付款計劃 (照售價減 6%) / 105-day Payment Plan (6% discount on the Price) (見備註/See Remark 7B(a)(i)),
2021-09-03,2021-09-10,,COURT B TOWER 1 第一座,5/F,A,,13520000,,"價單第1D號 / Price List No. 1D • 105 天付款計劃 (照售價減 6%) / 105-day Payment Plan (6% discount on the Price) (見備註/See Remark 7B(a)(i)) 在29-09-2021，支付條款更改為 On 29-09-2021,the terms of payment adjusted to 價單第1D號 / Price List No. 1D • 「720天先住後付」 (照售價減 6%) / 720-day Occupation Before Completion (6% discount on the Price) (見備註/See Remarks 7B(a)(iii), 7B(b1))",
2021-09-09,2021-09-16,,COURT A TOWER 2 第二座,6/F,D,,16581000,,"價單第1D號 / Price List No. 1D • 「現有租客置業易」付款計劃 (照售價減 8%) / Sitting Tenant Acquisition Plan (8% discount on the Price) (見備註/See Remarks 7B(a)(v), 7B(c), 7B(g), 7B(h)) • 現有租客租金回贈 港幣$994,860 / Sitting Tenant Rental Rebate HK$994,860 (見備註/See Remark 7B(h))",
2021-09-30,2021-10-08,,COURT C TOWER 1 第一座,6/F,A,,13151000,,價單第1D號 / Price List No. 1D • 105 天付款計劃 (照售價減 6%) / 105-day Payment Plan (6% discount on the Price) (見備註/See Remark 7B(a)(i)),
2021-10-06,2021-10-13,,COURT A TOWER 2 第二座,6/F,B,,32090000,,招標文件第9 號支付辦法(H) / Payment Plan (H) of Tender Document No.9 - 105天付款計劃105-day Payment Plan (見備註/See Remark 7C(a)(i)),
2021-10-08,2021-10-19,,COURT B TOWER 1 第一座,11/F,F,,11229000,,價單第1D號 / Price List No. 1D • 105 天付款計劃 (照售價減 6%) / 105-day Payment Plan (6% discount on the Price) (見備註/See Remark 7B(a)(i)),
2021-10-08,2021-10-19,,COURT B TOWER 2 第二座,3/F,D,,13953000,"在01-11-2021，基於法例 第 35(2)(b)條所容許 的 原因， 售價更改為 $14,250,000。 On01-11- 2021, the price adjusted to $14,250,000 due to the reason allowed under section 35(2)(b) of the Ordinance.","價單第1D號 / Price List No. 1D • 105 天付款計劃 (照售價減 6%) / 105-day Payment Plan (6% discount on the Price) (見備註/See Remark 7B(a)(i)) 在01-11-2021，支付條款更改為 On 01-11-2021,the terms of payment adjusted to 價單第1D號 / Price List No. 1D • 「1080天先住後付」 (照售價減 4%) / 1080-day Occupation Before Completion (4% discount on the Price) (見備註/See Remarks 7B(a)(iv), 7B(b1))",
2021-10-12,2021-10-21,,COURT B TOWER 2 第二座,10/F,D,,14538000,,"招標文件第9 號支付辦法(H) / Payment Plan (H) of Tender Document No.9 - 105天付款計劃105-day Payment Plan (見備註/See Remark 7C(a)(i)) 在05-11-2021，支付條款更改為 On 05-11-2021,the terms of payment adjusted to 招標文件第9 號支付辦法(K) / Payment Plan (K) of Tender Document No.9 -「1080天先住後付」付款計劃 1080-day Occupation Before Completion (見備註/See Remarks 7C(a)(iv), 7C(c1))",
2021-10-22,2021-10-29,,COURT D TOWER 1 第一座,6/F,D,,22337000,,價單第1D號 / Price List No. 1D • 105 天付款計劃 (照售價減 6%) / 105-day Payment Plan (6% discount on the Price) (見備註/See Remark 7B(a)(i)),
2021-10-26,2021-11-02,,COURT D TOWER 2 第二座,8/F,A,,27614000,,招標文件第 9.2 號支付辦法(H) / Payment Plan (H) of Tender Document No. 9.2 - 105天付款計劃105-day Payment Plan (見備註/See Remark 7C(a)(i)),
2021-10-30,2021-11-05,,COURT D TOWER 1 第一座,8/F,A,,27307000,,招標文件第 9.3 號支付辦法(H) / Payment Plan (H) of Tender Document No. 9.3 - 105天付款計劃105-day Payment Plan (見備註/See Remark 7C(a)(i)),
2021-11-04,2021-11-11,2022-06-20,COURT C TOWER 1 第一座,8/F,D,,15873000,,"價單第1D號 / Price List No. 1D • 105 天一按付款計劃 (照售價減 4.5%) / 105-day First Mortgage Loan Payment Plan (4.5% discount on the Price) (見備註/See Remarks 7B(a)(ii), 7B(f)))",
2021-11-10,2021-11-17,,COURT D TOWER 2 第二座,12/F,B,,26906000,,招標文件第9.4 號支付辦法(H) / Payment Plan (H) of Tender Document No.9.4 - 105天付款計劃105-day Payment Plan (見備註/See Remark 7C(a)(i)),
2021-11-21,2021-11-26,,COURT B TOWER 2 第二座,12/F,A,,14608000,,招標文件第9.5 號支付辦法(H) / Payment Plan (H) of Tender Document No. 9.5 - 105天付款計劃105-day Payment Plan (見備註/See Remark 7C(a)(i)),
2021-11-27,2021-12-03,,COURT C TOWER 1 第一座,1/F,A,,12921000,,"價單第1D號 / Price List No. 1D • 105 天一按付款計劃 (照售價減 4.5%) / 105-day First Mortgage Loan Payment Plan (4.5% discount on the Price) (見備註/See Remarks 7B(a)(ii), 7B(f)))",
2021-11-30,2021-12-07,,COURT D TOWER 1 第一座,G/F,B,,25498000,,招標文件第9.5 號支付辦法(H) / Payment Plan (H) of Tender Document No.9.5 - 105天付款計劃105-day Payment Plan (見備註/See Remark 7C(a)(i)),
2021-12-01,2021-12-08,,COURT B TOWER 1 第一座,16/F,F,,11392000,,價單第1D號 / Price List No. 1D • 105 天付款計劃 (照售價減 6%) / 105-day Payment Plan (6% discount on the Price) (見備註/See Remark 7B(a)(i)),
2021-12-19,2021-12-24,,COURT B TOWER 1 第一座,12/F,F,,11288000,"在12-01-2022，基 於法例 第 35(2)(b)條所容許 的原因，售價更改 為$11,529,000。 On 12-01-2022, the price adjusted to$11,529,000 due to the reason allowed under section 35(2)(b) of the Ordinance.","價單第1D號 / Price List No. 1D • 105 天付款計劃 (照售價減 6%) / 105-day Payment Plan (6% discount on the Price) (見備註/See Remark 7B(a)(i)) 在02-01-2022，支付條款更改為 On 02-01-2022,the terms of payment adjusted to 價單第1D號 / Price List No. 1D • 「1080天先住後付」 (照售價減 4%) / 1080-day Occupation Before Completion (4% discount on the Price) (見備註/See Remarks 7B(a)(iv), 7B(b1))",
2022-01-11,2022-01-18,,COURT D TOWER 1 第一座,7/F,A,,26462000,,招標文件第10.1 號支付辦法(H) / Payment Plan (H) of Tender Document No. 10.1 - 105天付款計劃105-day Payment Plan (見備註/See Remark 7C(a)(i)),
2022-01-11,2022-01-18,,COURT D TOWER 1 第一座,9/F,A,,28719000,,招標文件第 10.1 號支付辦法(H) / Payment Plan (H) of Tender Document No. 10.1 - 105天付款計劃105-day Payment Plan (見備註/See Remark 7C(a)(i)),
2022-01-27,2022-02-08,,COURT A TOWER 2 第二座,5/F,D,,16470000,,"價單第1D號 / Price List No. 1D • 「現有租客置業易」付款計劃 (照售價減 8%) / Sitting Tenant Acquisition Plan (8% discount on the Price) (見備註/See Remarks 7B(a)(v), 7B(c), 7B(g), 7B(h)) • 現有租客租金回贈 港幣$988,200 / Sitting Tenant Rental Rebate HK$988,200 (見備註/See Remark 7B(h))",
2022-02-08,2022-02-15,,COURT C TOWER 2 第二座,11/F,E,,9297000,,"價單第1D號 / Price List No. 1D • 「現有租客置業易」付款計劃 (照售價減 8%) / Sitting Tenant Acquisition Plan (8% discount on the Price) (見備註/See Remarks 7B(a)(v), 7B(c), 7B(g), 7B(h)) • 現有租客租金回贈 港幣$1,115,640 / Sitting Tenant Rental Rebate HK$1,115,640 (見備註/See Remark 7B(h))",
2022-02-18,2022-02-25,,COURT C TOWER 1 第一座,1/F,D,,14791000,,"價單第1D號 / Price List No. 1D • 「現有租客置業易」付款計劃 (照售價減 8%) / Sitting Tenant Acquisition Plan (8% discount on the Price) (見備註/See Remarks 7B(a)(v), 7B(c), 7B(g), 7B(h)) • 現有租客租金回贈 港幣$987,147.29 / Sitting Tenant Rental Rebate HK$987,147.29 (見備註/See Remark 7B(h))",
2022-04-01,2022-04-11,,COURT A TOWER 2 第二座,2/F,C,,15596000,,"價單第1D號 / Price List No. 1D • 「現有租客置業易」付款計劃 (照售價減 8%) / Sitting Tenant Acquisition Plan (8% discount on the Price) (見備註/See Remarks 7B(a)(v), 7B(c), 7B(g), 7B(h)) • 現有租客租金回贈 港幣$1,258,789.48/ Sitting Tenant Rental Rebate HK$1,258,789.48 (見備註/See Remark 7B(h))",
2022-05-23,2022-05-30,,COURT A TOWER 2 第二座,9/F,C,,17118000,,"招標文件第10.2 號支付辦法(H) / Payment Plan (H) of Tender Document No.10.2 - 105天付款計劃105-day Payment Plan (見備註/See Remark 7C(a)(i)) 在22-06-2022，支付條款更改為 On 22-06-2022,the terms of payment adjusted to 招標文件第 10.2 號支付辦法(J) / Payment Plan (J) of Tender Document No. 10.2 -「720天先住後付」付款計劃 720-day Occupation Before Completion (見備註/See Remarks 7C(a)(iii), 7C(c1))",
2022-05-24,2022-05-31,,COURT B TOWER 2 第二座,2/F,D,,13893000,,"價單第1D號 / Price List No. 1D • 105 天付款計劃 (照售價減 6%) / 105-day Payment Plan (6% discount on the Price) (見備註/See Remark 7B(a)(i)) 在23-06-2022，支付條款更改為 On 23-06-2022,the terms of payment adjusted to 價單第1D號 / Price List No. 1D • 「720天先住後付」 (照售價減 6%) / 720-day Occupation Before Completion (6% discount on the Price) (見備註/See Remarks 7B(a)(iii), 7B(b1))",
2022-05-28,2022-06-06,,COURT C TOWER 2 第二座,6/F,D,,15280000,,"價單第1D號 / Price List No. 1D • 105 天付款計劃 (照售價減 6%) / 105-day Payment Plan (6% discount on the Price) (見備註/See Remark 7B(a)(i)) 在27-06-2022，支付條款更改為 On 27-06-2022,the terms of payment adjusted to 價單第 1D號 / Price List No. 1D • 「720天先住後付」 (照售價減 6%) / 720-day Occupation Before Completion (6% discount on the Price) (見備註/See Remarks 7B(a)(iii), 7B(b1))",
2022-06-06,2022-06-13,,COURT A TOWER 2 第二座,10/F,C,,17242000,,招標文件第10.3 號支付辦法(H) / Payment Plan (H) of Tender Document No.10.3 - 105天付款計劃105-day Payment Plan (見備註/See Remark 7C(a)(i)),
2022-06-09,2022-06-16,,COURT A TOWER 2 第二座,3/F,C,,15692000,,"價單第1D號 / Price List No. 1D • 「現有租客置業易」付款計劃 (照售價減 8%) / Sitting Tenant Acquisition Plan (8% discount on the Price) (見備註/See Remarks 7B(a)(v), 7B(c), 7B(g), 7B(h)) • 現有租客租金回贈 港幣$1,320,707.51/ Sitting Tenant Rental Rebate HK$1,320,707.51 (見備註/See Remark 7B(h))",
2022-06-09,2022-06-16,,COURT A TOWER 2 第二座,5/F,A,,29919000,,招標文件第10.3 號支付辦法(H) / Payment Plan (H) of Tender Document No.10.3 - 105天付款計劃105-day Payment Plan (見備註/See Remark 7C(a)(i)),
2022-06-24,2022-07-04,,COURT B TOWER 2 第二座,5/F,C,,18075000,"在13-05-2024，基 於法例 第 35(2)(b)條所容 許的原 因，售價更改為 $18,460,000。 On 13-05- 2024, the price adjusted to $18,460,000 due to the reason allowed under section 35(2)(b) of the Ordinance.","價單第1D號 / Price List No. 1D • 105 天付款計劃 (照售價減 6%) / 105-day Payment Plan (6% discount on the Price) (見備註/See Remark 7B(a)(i)) 在22-07-2022，支付條款更改為 On 22-07-2022,the terms of payment adjusted to 價單第1D號 / Price List No. 1D • 「720天先住後付」 (照售價減 6%) / 720-day Occupation Before Completion (6% discount on the Price) (見備註/See Remarks 7B(a)(iii), 7B(b1)) 在13-05-2024，支付條款更改為 On 13-05-2024, the terms of payment adjusted to: 價單第1D號付款方法 (K) / Payment Plan (K) of the Price List No. 1D • 「1080天先住後付」 (照售價減 4%) 1080-day Occupation Before Completion (4%discount on the Price) (見備註/See Remarks 7B(a)(iv), 7B(b1))",
2022-06-27,2022-07-05,,COURT C TOWER 2 第二座,1/F,D,,14876000,,"價單第1D號 / Price List No. 1D • 「現有租客置業易 2」付款計劃 (照售價減 6.5%) / Sitting Tenant Acquisition Plan 2 (6.5% discount on the Price) (見備註 /See Remarks 7B(a)(vii), 7B(c), 7B(g), 7B(h)) • 現有租客租金回贈 港幣$1,254,474.74/ Sitting Tenant Rental Rebate HK$1,254,474.74 (見備註/See Remark 7B(h))",
2022-07-20,2022-07-27,,COURT A TOWER 2 第二座,8/F,D,,17596800,,招標文件第 11.1 號支付辦法(H) / Payment Plan (H) of Tender Document No.11.1 - 105天付款計劃105-day Payment Plan (見備註/See Remark 7C(a)(i)),
2022-07-22,2022-07-29,,COURT A TOWER 1 第一座,G/F,D,,23562000,,招標文件第 11.1 號支付辦法(H) / Payment Plan (H) of Tender Document No. 11.1 - 105天付款計劃105-day Payment Plan (見備註/See Remark 7C(a)(i)),
2022-08-02,2022-08-09,2023-02-27,COURT C TOWER 1 第一座,17/F & R/F,A,,18599000,,招標文件第 11.1 號支付辦法(H) / Payment Plan (H) of Tender Document No. 11.1 - 105天付款計劃105-day Payment Plan (見備註/See Remark 7C(a)(i)),
2022-08-29,2022-09-05,,COURT A TOWER 2 第二座,6/F,A,,30868000,,"招標文件第 11.1 號支付辦法(L4) / Payment Plan (L4) of Tender Document No. 11.1 - 「現有租客置業易 4」付款計劃 Sitting Tenant Acquisition Plan 4 (見備註/See Remarks 7C(a)(x), 7C(d), 7C(e)) • 現有租客租金回贈 港幣$2,545,552.88 / Sitting Tenant Rental Rebate HK$2,545,552.88 (見備註/See Remark 7C(e))",
2022-09-07,2022-09-15,,COURT B TOWER 1 第一座,11/F,D,,14225000,,"招標文件第 11.1 號支付辦法(H) / Payment Plan (H) of Tender Document No. 11.1 - 105天付款計劃105-day Payment Plan (見備註/See Remark 7C(a)(i)) 在06-10-2022，支付條款更改為 On 06-10-2022,the terms of payment adjusted to 招標文件第 11.1 號支付辦法(J) / Payment Plan (J) of Tender Document No. 11.1 -「720天先住後付」付款計劃 720-day Occupation Before Completion (見備註/See Remarks 7C(a)(iii), 7C(c1))",
2022-10-11,2022-10-18,,COURT B TOWER 2 第二座,9/F,A,,14556000,,"招標文件第 11.1 號支付辦法(L4) / Payment Plan (L4) of Tender Document No. 11.1 - 「現有租客置業易 4」付款計劃 Sitting Tenant Acquisition Plan 4 (見備註/See Remarks 7C(a)(x), 7C(d), 7C(e)) • 現有租客租金回贈 港幣$1,194,788.38/ Sitting Tenant Rental Rebate HK$1,194,788.38 (見備註/See Remark 7C(e))",
2022-11-07,2022-11-14,,COURT B TOWER 2 第二座,10/F,A,,14675000,,"招標文件第 11.1 號支付辦法(L4) / Payment Plan (L4) of Tender Document No. 11.1 - 「現有租客置業易 4」付款計劃 Sitting Tenant Acquisition Plan 4 (見備註/See Remarks 7C(a)(x), 7C(d), 7C(e)) - 現有租客租金回贈 港幣$1,215,813.7 / Sitting Tenant Rental Rebate HK$1,215,813.7 (見備註/See Remark 7C(e))",
2022-12-19,2022-12-28,,COURT C TOWER 1 第一座,16/F,A,,16404000,,"招標文件第11.1 號支付辦法(L4) / Payment Plan (L4) of Tender Document No.11.1 - 「現有租客置業易 4」付款計劃 Sitting Tenant Acquisition Plan 4 (見備註/See Remarks 7C(a)(x), 7C(d), 7C(e)) - 現有租客租金回贈 港幣$1,544,672.55 / Sitting Tenant Rental Rebate HK$1,544,672.55 (見備註/See Remark 7C(e))",
2022-12-20,2022-12-29,,COURT D TOWER 1 第一座,5/F,B,,20471000,,價單第1D號 / Price List No. 1D • 105 天付款計劃 (照售價減 6%) / 105-day Payment Plan (6% discount on the Price) (見備註/See Remark 7B(a)(i)),
2022-12-21,2022-12-30,,COURT A TOWER 2 第二座,G/F,C,,11908000,,招標文件第 11.1 號支付辦法(H) / Payment Plan (H) of Tender Document No. 11.1 - 105天付款計劃105-day Payment Plan (見備註/See Remark 7C(a)(i)),
2022-12-22,2023-01-03,,COURT D TOWER 2 第二座,11/F,B,,26611000,,招標文件第11.1 號支付辦法(H) / Payment Plan (H) of Tender Document No.11.1 - 105天付款計劃105-day Payment Plan (見備註/See Remark 7C(a)(i)),
2023-01-16,2023-01-26,,COURT B TOWER 1 第一座,2/F,A,,13314000,,價單第1D號 / Price List No. 1D • 105 天付款計劃 (照售價減 6%) / 105-day Payment Plan (6% discount on the Price) (見備註/See Remark 7B(a)(i)),
2023-01-27,2023-02-03,,COURT C TOWER 2 第二座,10/F,C,,14935000,,"招標文件第11.1 號支付辦法(H) / Payment Plan (H) of Tender Document No.11.1 - 105天付款計劃105-day Payment Plan (見備註/See Remark 7C(a)(i)) 在24-02-2023，支付條款更改為 On 24-02-2023,the terms of payment adjusted to 招標文件第 11.1 號支付辦法(J) / Payment Plan (J) of Tender Document No. 11.1 -「720天先住後付」付款計劃 720-day Occupation Before Completion (見備註/See Remarks 7C(a)(iii), 7C(c1))",
2023-01-28,2023-02-03,,COURT D TOWER 1 第一座,5/F,A,,24684000,,價單第1D號 / Price List No. 1D • 105 天付款計劃 (照售價減 6%) / 105-day Payment Plan (6% discount on the Price) (見備註/See Remark 7B(a)(i)),
2023-02-06,2023-02-13,,COURT D TOWER 1 第一座,12/F,A,,30132000,,招標文件第 11.1 號支付辦法(H) / Payment Plan (H) of Tender Document No. 11.1 - 105天付款計劃105-day Payment Plan (見備註/See Remark 7C(a)(i)),
2023-02-09,2023-02-16,,COURT D TOWER 2 第二座,12/F,C,,19317000,,招標文件第 11.1 號支付辦法(H) / Payment Plan (H) of Tender Document No. 11.1 - 105天付款計劃105-day Payment Plan (見備註/See Remark 7C(a)(i)),
2023-02-13,2023-02-20,,COURT C TOWER 2 第二座,17/F & R/F,C,,18275000,,招標文件第 11.1 號支付辦法(H) / Payment Plan (H) of Tender Document No. 11.1 - 105天付款計劃105-day Payment Plan (見備註/See Remark 7C(a)(i)),
2023-02-15,2023-02-22,,COURT B TOWER 2 第二座,1/F,A,,13124000,,招標文件第 11.1 號支付辦法(H) / Payment Plan (H) of Tender Document No. 11.1 - 105天付款計劃105-day Payment Plan (見備註/See Remark 7C(a)(i)),
2023-02-16,2023-02-23,,COURT B TOWER 1 第一座,17/F & R/F,C,,23517000,,招標文件第 11.1 號支付辦法(H) / Payment Plan (H) of Tender Document No. 11.1 - 105天付款計劃105-day Payment Plan (見備註/See Remark 7C(a)(i)),
2023-02-19,2023-02-24,,COURT C TOWER 2 第二座,5/F,D,,15201000,,價單第1D號 / Price List No. 1D • 105 天付款計劃 (照售價減 6%) / 105-day Payment Plan (6% discount on the Price) (見備註/See Remark 7B(a)(i)),
2023-02-20,2023-02-27,,COURT B TOWER 1 第一座,9/F,D,,14084000,,招標文件第 11.1 號支付辦法(H) / Payment Plan (H) of Tender Document No. 11.1 - 105天付款計劃105-day Payment Plan (見備註/See Remark 7C(a)(i)),
2023-02-24,2023-03-03,,COURT D TOWER 1 第一座,12/F,B,,26835000,,招標文件第 11.1 號支付辦法(H) / Payment Plan (H) of Tender Document No. 11.1 - 105天付款計劃105-day Payment Plan (見備註/See Remark 7C(a)(i)),
2023-02-27,2023-03-06,,COURT D TOWER 2 第二座,5/F,D,,22196000,,價單第1D號 / Price List No. 1D • 105 天付款計劃 (照售價減 6%) / 105-day Payment Plan (6% discount on the Price) (見備註/See Remark 7B(a)(i)),
2023-02-27,2023-03-06,,COURT D TOWER 2 第二座,12/F,A,,30425000,"在26-02-2025，基 於法例第 35(2)(b)條所容許 的原因，售價更改 為 $31,072,000。 On 26-02-2025, the price adjusted to $31,072,000 due to the reason allowed under section 35(2)(b) of the Ordinance.","招標文件第 11.1 號支付辦法(H) / Payment Plan (H) of Tender Document No. 11.1 - 105天付款計劃105-day Payment Plan (見備註/See Remark 7C(a)(i)) 在29-03-2023，支付條款更改為 On 29-03-2023,the terms of payment adjusted to 招標文件第 11.1 號支付辦法(J) / Payment Plan (J) of Tender Document No. 11.1 -「720天先住後付」付款計劃 720-day Occupation Before Completion (見備註/See Remarks 7C(a)(iii), 7C(c1)) 在26-02-2025，支付條款更改為 On 26-02-2025, the terms of payment adjusted to: 招標文件第 11.1 號支付辦法 (K) / Payment Plan (K) of Tender Document No. 11.1 -「1080天先住後付」付款計劃 1080-day Occupation Before Completion (見備註/See Remarks 7C(a)(iv), 7C(c1))",
2023-02-28,2023-03-07,,COURT A TOWER 1 第一座,2/F,A,,34977000,,價單第1D號 / Price List No. 1D • 105 天付款計劃 (照售價減 6%) / 105-day Payment Plan (6% discount on the Price) (見備註/See Remark 7B(a)(i)),
2023-02-28,2023-03-07,,COURT B TOWER 1 第一座,9/F,C,,19040000,,招標文件第 11.1 號支付辦法(H) / Payment Plan (H) of Tender Document No.11.1 - 105天付款計劃105-day Payment Plan (見備註/See Remark 7C(a)(i)),
2023-02-28,2023-03-07,,COURT B TOWER 2 第二座,11/F,D,,14296000,,招標文件第 11.1 號支付辦法(H) / Payment Plan (H) of Tender Document No. 11.1 - 105天付款計劃105-day Payment Plan (見備註/See Remark 7C(a)(i)),
2023-02-28,2023-03-07,,COURT B TOWER 2 第二座,17/F & R/F,F,,14236000,,招標文件第 11.1 號支付辦法(H) / Payment Plan (H) of Tender Document No. 11.1 - 105天付款計劃105-day Payment Plan (見備註/See Remark 7C(a)(i)),
2023-03-01,2023-03-08,,COURT A TOWER 1 第一座,16/F,D,,28070000,,招標文件第12 號支付辦法(H) / Payment Plan (H) of Tender Document No.12 - 105天付款計劃105-day Payment Plan (見備註/See Remark 7C(a)(i)),
2023-03-01,2023-03-08,,COURT A TOWER 2 第二座,12/F,A,,32046000,,招標文件第12 號支付辦法(H) / Payment Plan (H) of Tender Document No.12 - 105天付款計劃105-day Payment Plan (見備註/See Remark 7C(a)(i)),
2023-03-31,2023-04-12,,COURT D TOWER 1 第一座,11/F,A,,29800000,,招標文件第 12.2號支付辦法(H) / Payment Plan (H) of Tender Document No.12.2 - 105天付款計劃105-day Payment Plan (見備註/See Remark 7C(a)(i)),
2023-04-01,2023-04-12,,COURT C TOWER 1 第一座,11/F,D,,15899000,,價單第1D號 / Price List No. 1D • 105 天付款計劃 (照售價減 6%) / 105-day Payment Plan (6% discount on the Price) (見備註/See Remark 7B(a)(i)),
2023-04-03,2023-04-13,,COURT D TOWER 1 第一座,3/F,C,,18159000,,價單第1D號 / Price List No. 1D • 105 天付款計劃 (照售價減 6%) / 105-day Payment Plan (6% discount on the Price) (見備註/See Remark 7B(a)(i)),
2023-04-03,2023-04-13,,COURT D TOWER 1 第一座,3/F,D,,21899000,,價單第1D號 / Price List No. 1D • 105 天付款計劃 (照售價減 6%) / 105-day Payment Plan (6% discount on the Price) (見備註/See Remark 7B(a)(i)),
2023-04-06,2023-04-17,,COURT B TOWER 2 第二座,15/F,C,,19594000,,招標文件第12.2 號支付辦法(H) / Payment Plan (H) of Tender Document No.12.2 - 105天付款計劃105-day Payment Plan (見備註/See Remark 7C(a)(i)),
2023-04-30,2023-05-08,,COURT C TOWER 1 第一座,9/F,D,,15692000,,價單第1E號 / Price List No. 1E • 105 天付款計劃 (照售價減 6%) / 105-day Payment Plan (6% discount on the Price) (見備註/See Remark 7B(a)(i)),
2023-05-26,2023-06-02,,COURT C TOWER 2 第二座,2/F,D,,15033000,,價單第1E號 / Price List No. 1E • 105 天付款計劃 (照售價減 6%) / 105-day Payment Plan (6% discount on the Price) (見備註/See Remark 7B(a)(i)),
2023-05-29,2023-06-05,,COURT B TOWER 2 第二座,11/F,A,,14801000,,"招標文件第12.3 號支付辦法(L4) / Payment Plan (L4) of Tender Document No.12.3 - 「現有租客置業易 4」付款計劃 Sitting Tenant Acquisition Plan 4 (見備註/See Remarks 7C(a)(x), 7C(d), 7C(e)) - 現有租客租金回贈 港幣$1,382,372.85 / Sitting Tenant Rental Rebate HK$1,382,372.85 (見備註/See Remark 7C(e))",
2023-08-01,2023-08-08,,COURT D TOWER 2 第二座,10/F,B,,26316000,,招標文件第 12.4 號支付辦法(H) / Payment Plan (H) of Tender Document No. 12.4 - 105天付款計劃105-day Payment Plan (見備註/See Remark 7C(a)(i)),
2023-10-05,2023-10-12,,COURT D TOWER 2 第二座,9/F,A,,29320000,,"招標文件第12.4 號支付辦法(L4) / Payment Plan (L4) of Tender Document No.12.4 - 「現有租客置業易 4」付款計劃 Sitting Tenant Acquisition Plan 4 (見備註/See Remarks 7C(a)(x), 7C(d), 7C(e)) - 現有租客租金回贈 港幣$2,485,372.05 / Sitting Tenant Rental Rebate HK$2,485,372.05 (見備註/See Remark 7C(e))",
2023-10-12,2023-10-19,,COURT D TOWER 1 第一座,5/F,D,,22196000,,價單第1F號 / Price List No. 1F • 105 天付款計劃 (照售價減 6%) / 105-day Payment Plan (6% discount on the Price) (見備註/See Remark 7B(a)(i)),
2023-11-15,2023-11-22,,COURT B TOWER 1 第一座,16/F,C,,19982000,,招標文件第 12.4 號支付辦法(H) / Payment Plan (H) of Tender Document No. 12.4 - 105天付款計劃105-day Payment Plan (見備註/See Remark 7C(a)(i)),
2023-11-20,2023-11-27,,COURT C TOWER 2 第二座,16/F,D,,16086000,,招標文件第 12.4 號支付辦法(H) / Payment Plan (H) of Tender Document No. 12.4 - 105天付款計劃105-day Payment Plan (見備註/See Remark 7C(a)(i)),
2023-12-05,2023-12-12,,COURT B TOWER 1 第一座,17/F & R/F,A,,19668000,,"招標文件第 12.4 號支付辦法(L4) / Payment Plan (L4) of Tender Document No. 12.4 - 「現有租客置業易 4」付款計劃 Sitting Tenant Acquisition Plan 4 (見備註/See Remarks 7C(a)(x), 7C(d), 7C(e)) - 現有租客租金回贈 港幣$1,372,988.05 / Sitting Tenant Rental Rebate $1,372,988.05 (見備註/See Remark 7C(e))",
2023-12-30,,,COURT B TOWER 2 第二座,16/F,D,,14477000,,招標文件第 12.4 號支付辦法(H) / Payment Plan (H) of Tender Document No. 12.4 - 105天付款計劃105-day Payment Plan (見備註/See Remark 7C(a)(i)),
2024-01-10,2024-01-17,,COURT D TOWER 2 第二座,8/F,B,,23000000,,招標文件第 12.4 號支付辦法(H) / Payment Plan (H) of Tender Document No. 12.4 - 105天付款計劃105-day Payment Plan (見備註/See Remark 7C(a)(i)),
2024-01-15,2024-01-22,,COURT A TOWER 2 第二座,10/F,A,,32104000,,"招標文件第 12.4 號支付辦法(L4) / Payment Plan (L4) of Tender Document No. 12.4 - 「現有租客置業易 4」付款計劃 Sitting Tenant Acquisition Plan 4 (見備註/See Remarks 7C(a)(x), 7C(d), 7C(e)) - 現有租客租金回贈 港幣$2,241,139.89 / Sitting Tenant Rental Rebate $2,241,139.89 (見備註/See Remark 7C(e))",
2024-01-23,2024-01-30,,COURT D TOWER 2 第二座,10/F,A,,27863000,,招標文件第 12.4 號支付辦法(H) / Payment Plan (H) of Tender Document No. 12.4 - 105天付款計劃105-day Payment Plan (見備註/See Remark 7C(a)(i)),
2024-02-08,2024-02-19,,COURT B TOWER 2 第二座,10/F,F,,11222000,,價單第1G號 / Price List No. 1G • 105 天付款計劃 (照售價減 6%) / 105-day Payment Plan (6% discount on the Price) (見備註/See Remark 7B(a)(i)),
2024-02-19,2024-02-26,,COURT A TOWER 2 第二座,7/F,C,,16883000,,招標文件第 12.4 號支付辦法(H) / Payment Plan (H) of Tender Document No. 12.4 - 105天付款計劃105-day Payment Plan (見備註/See Remark 7C(a)(i)),
2024-02-23,2024-03-01,,COURT B TOWER 1 第一座,7/F,C,,17958000,,"價單第1A號 / Price List No. 1A • 「先租後買 2」付款計劃 (照售價減 6.5%) / Lease with Option to Purchase Plan 2 (6.5% discount on the Price) (見備註 /See Remarks 7B(a)(viii), 7B(d)(1), 7B(g), 7B(i)(1)) • 認購權 75%租金回贈 港幣$2,567,846.81/ Option to Purchase 75% Rental Rebate HK$2,567,846.81 (見備註/See Remark 7B(i)(1))",
2024-03-01,2024-03-08,,COURT C TOWER 1 第一座,2/F,D,,14877000,,"價單第1號 / Price List No. 1 • 「先租後買」付款計劃 (照售價減 8%) / Lease with Option to Purchase Plan (8% discount on the Price) (見備註/See Remarks 7B(a)(vi), 7B(d)(1), 7B(g), 7B(i)(1)) • 認購權 75%租金回贈 港幣$2,119,972.50/ Option to Purchase 75% Rental Rebate HK$2,119,972.50 (見備註/See Remark 7B(i)(1))",
2024-03-05,2024-03-12,,COURT C TOWER 2 第二座,17/F & R/F,A,,9763000,,"價單第1號 / Price List No. 1 • 「先租後買」付款計劃 (照售價減 8%) / Lease with Option to Purchase Plan (8% discount on the Price) (見備註/See Remarks 7B(a)(vi), 7B(d)(1), 7B(g), 7B(i)(1)) • 認購權 75%租金回贈 港幣$1,424,837.83/ Option to Purchase 75% Rental Rebate HK$1,424,837.83 (見備註/See Remark 7B(i)(1))",
2024-03-11,2024-03-18,,House 9 獨立屋 9 號,,,,100000000,,招標文件第 12.5 號支付辦法(H) / Payment Plan (H) of Tender Document No. 12.5 - 105天付款計劃105-day Payment Plan (見備註/See Remark 7C(a)(i)),
2024-03-18,2024-03-25,,COURT B TOWER 1 第一座,10/F,C,,18844000,,招標文件第 12.5 號支付辦法(H) / Payment Plan (H) of Tender Document No. 12.5 - 105天付款計劃105-day Payment Plan (見備註/See Remark 7C(a)(i)),
2024-03-22,2024-04-02,,COURT D TOWER 1 第一座,9/F,B,,25653000,,"招標文件第 12.5號支付辦法(L4) / Payment Plan (L4) of Tender Document No. 12.5 - 「現有租客置業易 4」付款計劃 Sitting Tenant Acquisition Plan 4 (見備註/See Remarks 7C(a)(x), 7C(d), 7C(e)) - 現有租客租金回贈 港幣$2,061,376.68 / Sitting Tenant Rental Rebate $2,061,376.68 (見備註/See Remark 7C(e))",
2024-03-27,2024-04-08,,COURT B TOWER 1 第一座,3/F,A,,13698000,,"價單第1D號 / Price List No. 1D • 「現有租客置業易 4」付款計劃 (照售價減 4%) / Sitting Tenant Acquisition Plan 4 (4% discount on the Price) (見備註/See Remarks 7B(a)(xii), 7B(c), 7B(g), 7(B)(h)) • 現有租客租金回贈 港幣$1,288,959.34 / Sitting Tenant Rental Rebate $1,288,959.34 (見備註/See Remark 7(B)(h))",
2024-04-05,2024-04-12,,COURT D TOWER 2 第二座,7/F,B,,22029000,,招標文件第 12.5 號支付辦法(H) / Payment Plan (H) of Tender Document No. 12.5 - 105天付款計劃105-day Payment Plan (見備註/See Remark 7C(a)(i)),
2024-04-08,2024-04-15,,COURT A TOWER 1 第一座,5/F,B,,32510000,,招標文件第 12.5 號支付辦法(H) / Payment Plan (H) of Tender Document No. 12.5 - 105天付款計劃105-day Payment Plan (見備註/See Remark 7C(a)(i)),
2024-04-19,2024-04-29,,COURT B TOWER 2 第二座,5/F,F,,10606000,,"價單第1號 / Price List No. 1 • 「先租後買」付款計劃 (照售價減 8%) / Lease with Option to Purchase Plan (8% discount on the Price) (見備註/See Remarks 7B(a)(vi), 7B(d)(1), 7B(g), 7B(i)(1)) • 認購權 75%租金回贈 港幣$1,626,108.44/ Option to Purchase 75% Rental Rebate HK$1,626,108.44 (見備註/See Remark 7B(i)(1))",
2024-05-06,2024-05-13,,COURT C TOWER 1 第一座,12/F,E,,8880000,,"價單第1C號 / Price List No. 1C • 「先租後買 3」付款計劃 (照售價減 6%) / Lease with Option to Purchase Plan 3 (6% discount on the Price) (見備註/See Remarks 7B(a)(x), 7B(d)(1), 7B(g), 7B(i)(1)) • 認購權 75%租金回贈 港幣$1,477,790.14/ Option to Purchase 75% Rental Rebate HK$1,477,790.14 (見備註/See Remark 7B(i)(1))",
2024-05-31,2024-06-07,,COURT B TOWER 1 第一座,6/F,A,,13546000,,"價單第1A號 / Price List No. 1A • 「先租後買 2」付款計劃 (照售價減 6.5%) / Lease with Option to Purchase Plan 2 (6.5% discount on the Price) (見備註 /See Remarks 7B(a)(viii), 7B(d)(1), 7B(g), 7B(i)(1)) • 認購權 75%租金回贈 港幣$2,062,268.07/ Option to Purchase 75% Rental Rebate HK$2,062,268.07 (見備註/See Remark 7B(i)(1))",
2024-05-31,2024-06-07,,COURT B TOWER 1 第一座,10/F,A,,14407000,,"招標文件第 12.5 號支付辦法(M2) / Payment Plan (M2) of Tender Document No.12.5 - 「先租後買 2」付款計劃 Lease with Option to Purchase Plan2 (見 備註/See Remarks 7C(a)(vi), 7C(d), 7C(f)(1)) • 認購權 75%租金回贈 港幣$2,193,348.30/ Option to Purchase 75% Rental Rebate HK$2,193,348.30 (見備註/See Remark 7C(f)(1))",
2024-05-31,2024-06-07,,COURT B TOWER 2 第二座,5/F,D,,13639000,,"招標文件第 12.5 號支付辦法(M2) / Payment Plan (M2) of Tender Document No.12.5 - 「先租後買 2」付款計劃 Lease with Option to Purchase Plan2 (見 備註/See Remarks 7C(a)(vi), 7C(d), 7C(f)(1)) • 認購權 75%租金回贈 港幣$2,076,426.56/ Option to Purchase 75% Rental Rebate HK$2,076,426.56 (見備註/See Remark 7C(f)(1))",
2024-05-31,2024-06-07,,COURT D TOWER 2 第二座,17/F & R/F,C,,22920000,,"招標文件第 12.5 號支付辦法(M2) / Payment Plan (M2) of Tender Document No.12.5 - 「先租後買 2」付款計劃 Lease with Option to Purchase Plan2 (見 備註/See Remarks 7C(a)(vi), 7C(d), 7C(f)(1)) • 認購權 75%租金回贈 港幣$3,492,631.23/ Option to Purchase 75% Rental Rebate HK$3,492,631.23 (見備註/See Remark 7C(f)(1))",
2024-06-01,2024-06-07,,House 8 獨立屋 8 號,,,,88000000,,招標文件第 13 號支付辦法(H) / Payment Plan (H) of Tender Document No. 13 - 105天付款計劃105-day Payment Plan (見備註/See Remark 7C(a)(i)),
2024-06-07,2024-06-17,,COURT A TOWER 1 第一座,17/F & R/F,B,,47674000,,招標文件第 13 號支付辦法(H) / Payment Plan (H) of Tender Document No. 13 - 105天付款計劃105-day Payment Plan (見備註/See Remark 7C(a)(i)),
2024-06-17,2024-06-24,,COURT A TOWER 1 第一座,6/F,B,,32157000,,招標文件第 13 號支付辦法(H) / Payment Plan (H) of Tender Document No. 13 - 105天付款計劃105-day Payment Plan (見備註/See Remark 7C(a)(i)),
2024-06-19,2024-06-26,,COURT B TOWER 1 第一座,1/F,A,,13243000,,"價單第1D號 / Price List No. 1D • 「現有租客置業易 4」付款計劃 (照售價減 4%) / Sitting Tenant Acquisition Plan 4 (4% discount on the Price) (見備註/See Remarks 7B(a)(xii), 7B(c), 7B(g), 7(B)(h)) • 現有租客租金回贈 港幣$1,346,069.32 / Sitting Tenant Rental Rebate $1,346,069.32 (見備註/See Remark 7(B)(h))",
2024-06-24,2024-07-02,,COURT B TOWER 2 第二座,11/F,F,,11266000,,"價單第1C號 / Price List No. 1C • 「Y6 先租後買 3」付款計劃 (照售價減 6%) / Y6 Lease with Option to Purchase Plan 3 (6% discount on the Price) (見備註/See Remarks 7B(a)(xi), 7B(d)(2), 7B(g), 7B(i)(2), 7B(k)(1)) • 認購權 75%租金回贈 港幣$1,876,483.48/ Option to Purchase 75% Rental Rebate HK$1,876,483.48 (見備註/See Remark 7B(i)(2))",
2024-06-26,2024-07-04,,COURT D TOWER 1 第一座,7/F,D,,22972000,,"招標文件第 13號支付辦法(L4) / Payment Plan (L4) of Tender Document No. 13 - 「現有租客置業易 4」付款計劃 Sitting Tenant Acquisition Plan 4 (見備註/See Remarks 7C(a)(x), 7C(d), 7C(e)) - 現有租客租金回贈 港幣$2,246,850.41 / Sitting Tenant Rental Rebate $2,246,850.41(見備註/See Remark 7C(e))",
2024-06-29,2024-07-08,,COURT B TOWER 2 第二座,7/F,A,,13949000,,價單第1H號 / Price List No. 1H • 105 天付款計劃 (照售價減 6%) / 105-day Payment Plan (6% discount on the Price) (見備註/See Remark 7B(a)(i)),
2024-07-02,2024-07-09,,COURT A TOWER 1 第一座,3/F,B,,31718000,,"招標文件第 13 號支付辦法(L4) / Payment Plan (L4) of Tender Document No. 13 - 「現有租客置業易 4」付款計劃 Sitting Tenant Acquisition Plan 4 (見備註/See Remarks 7C(a)(x), 7C(d), 7C(e)) - 現有租客租金回贈 港幣$2,220,260.00 / Sitting Tenant Rental Rebate $2,220,260.00(見備註/See Remark 7C(e))",
2024-08-01,2024-08-08,,COURT B TOWER 1 第一座,9/F,A,,14292000,,招標文件第 13 號支付辦法(H) / Payment Plan (H) of Tender Document No. 13 - 105天付款計劃105-day Payment Plan (見備註/See Remark 7C(a)(i)),
2024-08-19,2024-08-26,,COURT B TOWER 2 第二座,2/F,F,,10962000,,價單第1H號 / Price List No. 1H • 105 天付款計劃 (照售價減 6%) / 105-day Payment Plan (6% discount on the Price) (見備註/See Remark 7B(a)(i)),
2024-08-20,2024-08-27,,COURT A TOWER 2 第二座,7/F,D,,17433000,,招標文件第 13 號支付辦法(H) / Payment Plan (H) of Tender Document No. 13 - 105天付款計劃105-day Payment Plan (見備註/See Remark 7C(a)(i)),
2024-08-30,2024-09-09,,COURT D TOWER 2 第二座,9/F,B,,25000000,,"招標文件第 13 號支付辦法(L4) / Payment Plan (L4) of Tender Document No. 13 - 「現有租客置業易 4」付款計劃 Sitting Tenant Acquisition Plan 4 (見備註/See Remarks 7C(a)(x), 7C(d), 7C(e)) - 現有租客租金回贈 港幣$2,747,260.27 / Sitting Tenant Rental Rebate $2,747,260.27(見備註/See Remark 7C(e))",
2024-09-11,2024-09-19,,COURT B TOWER 1 第一座,12/F,C,,19606000,,招標文件第 13 號支付辦法(H) / Payment Plan (H) of Tender Document No. 13 - 105天付款計劃105-day Payment Plan (見備註/See Remark 7C(a)(i)),
2024-09-13,2024-09-23,,COURT B TOWER 1 第一座,11/F,C,,19428000,,招標文件第 13 號支付辦法(H) / Payment Plan (H) of Tender Document No. 13 - 105天付款計劃105-day Payment Plan (見備註/See Remark 7C(a)(i)),
2024-09-23,2024-09-30,,COURT A TOWER 2 第二座,G/F,A,,31536000,,招標文件第 13.1 號支付辦法(H) / Payment Plan (H) of Tender Document No. 13.1 - 105天付款計劃105-day Payment Plan (見備註/See Remark 7C(a)(i)),
2024-09-23,2024-09-30,,COURT A TOWER 2 第二座,7/F,A,,29333000,,招標文件第 13.1 號支付辦法(H) / Payment Plan (H) of Tender Document No. 13.1 - 105天付款計劃105-day Payment Plan (見備註/See Remark 7C(a)(i)),
2024-09-23,2024-09-30,,COURT A TOWER 2 第二座,7/F,B,,31143000,,招標文件第 13.1 號支付辦法(H) / Payment Plan (H) of Tender Document No. 13.1 - 105天付款計劃105-day Payment Plan (見備註/See Remark 7C(a)(i)),
2024-09-23,2024-09-30,,COURT D TOWER 2 第二座,6/F,A,,24961000,,價單第1H號 / Price List No. 1H • 105 天付款計劃 (照售價減 6%) / 105-day Payment Plan (6% discount on the Price) (見備註/See Remark 7B(a)(i)),
2024-09-27,2024-10-07,,COURT D TOWER 1 第一座,12/F,D,,23809000,,"招標文件第 13.1 號支付辦法(L4) / Payment Plan (L4) of Tender Document No. 13.1 - 「現有租客置業易 4」付款計劃 Sitting Tenant Acquisition Plan 4 (見備註/See Remarks 7C(a)(x), 7C(d), 7C(e)) - 現有租客租金回贈 港幣$2,346,980.33 / Sitting Tenant Rental Rebate $2,346,980.33(見備註/See Remark 7C(e))",
2024-10-07,2024-10-15,,COURT C TOWER 2 第二座,12/F,D,,15879000,,招標文件第 13.1 號支付辦法(H) / Payment Plan (H) of Tender Document No. 13.1 - 105天付款計劃105-day Payment Plan (見備註/See Remark 7C(a)(i)),
2024-10-24,2024-10-31,,COURT D TOWER 2 第二座,6/F,B,,20845000,,價單第1H號 / Price List No. 1H • 105 天付款計劃 (照售價減 6%) / 105-day Payment Plan (6% discount on the Price) (見備註/See Remark 7B(a)(i)),
2024-10-31,2024-11-07,,COURT B TOWER 2 第二座,3/F,C,,17965000,,"價單第1H號 / Price List No. 1H - 105 天付款計劃 (照售價減 6%) / 105-day Payment Plan (6% discount on the Price) (見備註/See Remark 7B(a)(i)) 在29-11-2024，支付條款更改為 On 29-11-2024, the terms of payment adjusted to 價單第1H號 / Price List No. 1H -「720天先住後付」付款計劃 (照售價減 6%) / 720-day Occupation Before Completion(6% discount on the Price) (見備註/See Remarks 7B(a)(iii), 7B(b1))",
2024-10-31,2024-11-07,,COURT B TOWER 2 第二座,7/F,C,,18320000,,"價單第1C號 / Price List No. 1C • 「Y6 先租後買 3」付款計劃 (照售價減 6%) / Y6 Lease with Option to Purchase Plan 3 (6% discount on the Price) (見備註/See Remarks 7B(a)(xi), 7B(d)(2), 7B(g), 7B(i)(2), 7B(k)(1)) • 認購權 75%租金回贈 港幣$3,478,290.41/ Option to Purchase 75% Rental Rebate HK$3,478,290.41 (見備註/See Remark 7B(i)(2))",
2024-11-29,2024-12-06,,COURT B TOWER 2 第二座,2/F,C,,17843000,,價單第1H號 / Price List No. 1H • 105 天付款計劃 (照售價減 6%) / 105-day Payment Plan (6% discount on the Price) (見備註/See Remark 7B(a)(i)),
2024-12-04,2024-12-11,,COURT D TOWER 1 第一座,6/F,C,,18912000,,"價單第1D號 / Price List No. 1D •「先租後買 4」付款計劃 (照售價減 4%) / Lease with Option to Purchase Plan 4 (4% discount on the Price) (見備註/See Remarks 7B(a)(xiii), 7B(d)(1), 7B(g), 7B(i)(1)) •認購權 75%租金回贈 港幣$2,923,216.03/ Option to Purchase 75% Rental Rebate HK$2,923,216.03 (見備註/See Remark 7B(i)(2))",
2025-01-13,2025-01-20,,COURT D TOWER 2 第二座,12/F,D,,23809000,,招標文件第 13.1 號支付辦法(H) / Payment Plan (H) of Tender Document No. 13.1 - 105天付款計劃105-day Payment Plan (見備註/See Remark 7C(a)(i)),
2025-01-21,2025-01-28,,COURT D TOWER 2 第二座,5/F,A,,24283000,,價單第1I號 / Price List No. 1I • 105 天付款計劃 (照售價減 6%) / 105-day Payment Plan (6% discount on the Price) (見備註/See Remark 7B(a)(i)),
2025-02-11,2025-02-18,,COURT B TOWER 2 第二座,11/F,C,,19626000,,"招標文件第 13.1 號支付辦法(M4) / Payment Plan (M4) of Tender Document No. 13.1 • 「先租後買 4」付款計劃 (照售價減 4%) / Lease with Option to Purchase Plan 4 (4% discount on the Price) (見備註/See Remarks 7C(a)(xi), 7C(d), 7C(f)(1)) •認購權 75%租金回贈 港幣$3,606,277.50/ Option to Purchase 75% Rental Rebate HK$3,606,277.50 (見備註/See Remark 7C(f)(1))",
2025-02-20,2025-02-27,,COURT C TOWER 2 第二座,8/F,D,,15816000,,"價單第1D號 / Price List No. 1D •「先租後買 4」付款計劃 (照售價減 4%) / Lease with Option to Purchase Plan 4 (4% discount on the Price) (見備註/See Remarks 7B(a)(xiii), 7B(d)(1), 7B(g), 7B(i)(1)) •認購權 75%租金回贈 港幣$2,625,239.34/ Option to Purchase 75% Rental Rebate HK$2,625,239.34 (見備註/See Remark 7B(i)(2))",
2025-03-03,2025-03-10,,COURT D TOWER 1 第一座,9/F,D,,23347000,,"招標文件第 13.1 號支付辦法(L4) / Payment Plan (L4) of Tender Document No. 13.1 - 「現有租客置業易 4」付款計劃 Sitting Tenant Acquisition Plan 4 (見備註/See Remarks 7C(a)(x), 7C(d), 7C(e)) - 現有租客租金回贈 港幣$2,292,483.51 / Sitting Tenant Rental Rebate $2,292,483.51(見備註/See Remark 7C(e))",
2025-03-17,2025-03-24,,COURT B TOWER 1 第一座,10/F,D,,14155000,,招標文件第 13.1 號支付辦法(H) / Payment Plan (H) of Tender Document No. 13.1 - 105天付款計劃105-day Payment Plan (見備註/See Remark 7C(a)(i)),
2025-04-28,2025-05-07,,COURT B TOWER 2 第二座,12/F,D,,14148000,,招標文件第 14 號支付辦法(H) / Payment Plan (H) of Tender Document No. 14 - 105天付款計劃105-day Payment Plan (見備註/See Remark 7C(a)(i)),
2025-04-30,2025-05-09,,COURT C TOWER 1 第一座,7/F,D,,15525000,,價單第1J號 / Price List No. 1J • 105 天付款計劃 (照售價減 6%) / 105-day Payment Plan (6% discount on the Price) (見備註/See Remark 7B(a)(i)),
2025-05-13,2025-05-20,,COURT B TOWER 1 第一座,10/F,F,,11178000,,價單第1J號 / Price List No. 1J • 105 天付款計劃 (照售價減 6%) / 105-day Payment Plan (6% discount on the Price) (見備註/See Remark 7B(a)(i)),
2025-06-06,2025-06-13,,COURT C TOWER 1 第一座,17/F & R/F,A,,18692000,,招標文件第 14 號支付辦法(H) / Payment Plan (H) of Tender Document No. 14 - 105天付款計劃105-day Payment Plan (見備註/See Remark 7C(a)(i)),
2025-06-09,2025-06-16,,COURT B TOWER 2 第二座,16/F,D,,14477000,,招標文件第 14 號支付辦法(H) / Payment Plan (H) of Tender Document No. 14 - 105天付款計劃105-day Payment Plan (見備註/See Remark 7C(a)(i)),
2025-06-13,2025-06-20,,COURT A TOWER 2 第二座,5/F,B,,32441000,,招標文件第 14 號支付辦法(H) / Payment Plan (H) of Tender Document No. 14 - 105天付款計劃105-day Payment Plan (見備註/See Remark 7C(a)(i)),
2025-06-26,2025-07-04,,COURT B TOWER 1 第一座,11/F,A,,14911000,,"招標文件第 14 號支付辦法(P4) / Payment Plan (P4) of Tender Document No. 14 - 「Y6 先租後買 4」付款計劃 Y6 Lease with Option to Purchase Plan 4 (見備註/See Remarks 7C(a)(xii), 7C(d), 7C(f)(2), 7C(g)(1)) •認購權 75%租金回贈 港幣$2,498,613.80/ Option to Purchase 75% Rental Rebate HK$2,498,613.80 (見備註/See Remark 7C(f)(2))",
2025-07-14,2025-07-21,,COURT A TOWER 1 第一座,5/F,D,,25035000,,價單第1J號 / Price List No. 1J • 105 天付款計劃 (照售價減 6%) / 105-day Payment Plan (6% discount on the Price) (見備註/See Remark 7B(a)(i)),
2025-07-17,2025-07-24,,COURT C TOWER 2 第二座,7/F,D,,15377000,,價單第1J號 / Price List No. 1J • 105 天付款計劃 (照售價減 6%) / 105-day Payment Plan (6% discount on the Price) (見備註/See Remark 7B(a)(i)),
2025-07-28,2025-08-04,,COURT B TOWER 2 第二座,3/F,A,,13942000,,"價單第1D號 / Price List No. 1D • 「先租後買 4」付款計劃 (照售價減 4%) / Lease with Option to Purchase Plan 4 (4% discount on the Price) (見備註/See Remarks 7B(a)(xiii), 7B(d)(1), 7B(g), 7B(i)(1)) • 認購權 75%租金回贈 港幣$2,489,846.93/ Option to Purchase 75% Rental Rebate HK$$2,489,846.93 (見備註/See Remark 7B(i)(2))",
2025-10-23,2025-10-31,,COURT A TOWER 2 第二座,8/F,A,,31493000,,"招標文件第 14 號支付辦法(M4) / Payment Plan (M4) of Tender Document No. 14 - 先租後買 4」付款計劃 (照售價減 4%) / Lease with Option to Purchase Plan 4 (4% discount on the Price) (見備註/See Remarks 7C(a)(xi), 7C(d), 7C(f)(1)) - 認購權 75%租金回贈 港幣$5,255,394.38/ Option to Purchase 75% Rental Rebate HK$5,255,394.38 (見備註/See Remark 7C(f)(1))",
2025-10-27,2025-11-04,,COURT A TOWER 2 第二座,3/F,B,,30838000,,招標文件第 14 號支付辦法(H) / Payment Plan (H) of Tender Document No. 14 - 105天付款計劃105-day Payment Plan (見備註/See Remark 7C(a)(i)),
2025-12-10,2025-12-17,,COURT D TOWER 1 第一座,10/F,A,,29454900,,招標文件第 14 號支付辦法(H) / Payment Plan (H) of Tender Document No. 14 - 105天付款計劃105-day Payment Plan (見備註/See Remark 7C(a)(i)),
2025-12-29,2026-01-06,,COURT D TOWER 2 第二座,10/F,D,,23001800,,招標文件第 14.1 號支付辦法(H) / Payment Plan (H) of Tender Document No. 14.1 - 105天付款計劃105-day Payment Plan (見備註/See Remark 7C(a)(i)),
2026-01-15,2026-01-22,,COURT A TOWER 2 第二座,2/F,A,,28570000,,價單第1K號 / Price List No. 1K • 105 天付款計劃 (照售價減 6%) / 105-day Payment Plan (6% discount on the Price) (見備註/See Remark 7B(a)(i)),
2026-02-04,2026-02-11,,COURT B TOWER 1 第一座,15/F,F,,11581000,,"價單第1D號 / Price List No. 1D • 「先租後買 4」付款計劃 (照售價減 4%) / Lease with Option to Purchase Plan 4 (4% discount on the Price) (見備註/See Remarks 7B(a)(xiv), 7B(d)(2), 7B(g), 7B(k)(1)) • 認購權 66%租金回贈 港幣$2,288,211.57/ Option to Purchase 66% Rental Rebate HK$2,288,211.57 (見備註/See Remark 7B(k)(1))",
2026-02-05,2026-02-12,,COURT D TOWER 2 第二座,9/F,C,,18947000,,招標文件第 14.1 號支付辦法(H) / Payment Plan (H) of Tender Document No. 14.1 - 105天付款計劃105-day Payment Plan (見備註/See Remark 7C(a)(i)),
2026-02-10,2026-02-20,,COURT D TOWER 1 第一座,15/F,C,,19433000,,招標文件第 14.1 號支付辦法(H) / Payment Plan (H) of Tender Document No. 14.1 - 105天付款計劃105-day Payment Plan (見備註/See Remark 7C(a)(i)),
2026-02-13,2026-02-25,,COURT A TOWER 2 第二座,2/F,B,,30334000,,價單第1K號 / Price List No. 1K • 105 天付款計劃 (照售價減 6%) / 105-day Payment Plan (6% discount on the Price) (見備註/See Remark 7B(a)(i)),
2026-03-04,2026-03-11,,COURT D TOWER 1 第一座,3/F,A,,24281000,,價單第1K號 / Price List No. 1K • 105 天付款計劃 (照售價減 6%) / 105-day Payment Plan (6% discount on the Price) (見備註/See Remark 7B(a)(i)),
2026-03-19,2026-03-26,,COURT D TOWER 1 第一座,12/F,C,,19317000,,招標文件第 14.1 號支付辦法(H) / Payment Plan (H) of Tender Document No. 14.1 - 105天付款計劃105-day Payment Plan (見備註/See Remark 7C(a)(i)),
2026-03-31,2026-04-10,,COURT B TOWER 2 第二座,15/F,D,,14417000,,招標文件第 14.1 號支付辦法(H) / Payment Plan (H) of Tender Document No. 14.1 - 105天付款計劃105-day Payment Plan (見備註/See Remark 7C(a)(i)),
2026-04-22,2026-04-29,,COURT C TOWER 2 第二座,11/F,C,,15015000,,招標文件第 15 號支付辦法(H) / Payment Plan (H) of Tender Document No. 15 - 105天付款計劃105-day Payment Plan (見備註/See Remark 7C(a)(i)),
2026-04-23,2026-04-30,,COURT D TOWER 1 第一座,8/F,C,,18819000,,招標文件第 15 號支付辦法(H) / Payment Plan (H) of Tender Document No. 15 - 105天付款計劃105-day Payment Plan (見備註/See Remark 7C(a)(i)),
2026-04-24,2026-05-04,,COURT A TOWER 2 第二座,11/F,C,,17169000,,招標文件第 15 號支付辦法(H) / Payment Plan (H) of Tender Document No. 15 - 105天付款計劃105-day Payment Plan (見備註/See Remark 7C(a)(i)),
2026-04-28,2026-05-06,,COURT C TOWER 2 第二座,11/F,D,,15781000,,招標文件第 15 號支付辦法(H) / Payment Plan (H) of Tender Document No. 15 - 105天付款計劃105-day Payment Plan (見備註/See Remark 7C(a)(i)),
2026-04-29,2026-05-07,,COURT D TOWER 2 第二座,5/F,B,,20486000,,價單第1K號 / Price List No. 1K • 105 天付款計劃 (照售價減 6%) / 105-day Payment Plan (6% discount on the Price) (見備註/See Remark 7B(a)(i)),
2026-05-04,2026-05-11,,COURT B TOWER 2 第二座,3/F,F,,11007000,,招標文件第 15 號支付辦法(H) / Payment Plan (H) of Tender Document No. 15 - 105天付款計劃105-day Payment Plan (見備註/See Remark 7C(a)(i)),
2026-05-06,2026-05-13,,COURT A TOWER 1 第一座,2/F,B,,30400000,,價單第1K號 / Price List No. 1K • 105 天付款計劃 (照售價減 6%) / 105-day Payment Plan (6% discount on the Price) (見備註/See Remark 7B(a)(i)),
2026-05-20,2026-05-28,,COURT D TOWER 1 第一座,3/F,B,,20305000,,價單第1K號 / Price List No. 1K • 105 天付款計劃 (照售價減 6%) / 105-day Payment Plan (6% discount on the Price) (見備註/See Remark 7B(a)(i)),
2026-07-10,2026-07-17,,COURT A TOWER 1 第一座,3/F,D,,24680000,,價單第1K號 / Price List No. 1K • 105 天付款計劃 (照售價減 6%) / 105-day Payment Plan (6% discount on the Price) (見備註/See Remark 7B(a)(i)),
2026-07-12,2026-07-17,,COURT B TOWER 1 第一座,2/F,C,,17577000,,價單第1K號 / Price List No. 1K • 105 天付款計劃 (照售價減 6%) / 105-day Payment Plan (6% discount on the Price) (見備註/See Remark 7B(a)(i)),
2026-07-12,2026-07-17,,COURT C TOWER 2 第二座,3/F,C,,14323000,,價單第1K號 / Price List No. 1K • 105 天付款計劃 (照售價減 6%) / 105-day Payment Plan (6% discount on the Price) (見備註/See Remark 7B(a)(i)),
2026-07-13,2026-07-20,,COURT C TOWER 2 第二座,15/F,D,,15988000,,招標文件第 15 號支付辦法(H) / Payment Plan (H) of Tender Document No. 15 - 105天付款計劃105-day Payment Plan (見備註/See Remark 7C(a)(i)),
2026-07-14,2026-07-21,,COURT C TOWER 2 第二座,2/F,C,,14233000,,價單第1K號 / Price List No. 1K • 105 天付款計劃 (照售價減 6%) / 105-day Payment Plan (6% discount on the Price) (見備註/See Remark 7B(a)(i)),
2026-07-14,2026-07-21,,COURT D TOWER 2 第二座,16/F,D,,23610000,,招標文件第 15 號支付辦法(H) / Payment Plan (H) of Tender Document No. 15 - 105天付款計劃105-day Payment Plan (見備註/See Remark 7C(a)(i)),
2026-07-17,2026-07-24,,COURT A TOWER 2 第二座,12/F,C,,17279000,,招標文件第 15.1 號支付辦法(H) / Payment Plan (H) of Tender Document No. 15.1 - 105天付款計劃105-day Payment Plan (見備註/See Remark 7C(a)(i)),
2026-07-20,2026-07-27,,COURT A TOWER 1 第一座,1/F,A,,34542000,,價單第1K號 / Price List No. 1K • 105 天付款計劃 (照售價減 6%) / 105-day Payment Plan (6% discount on the Price) (見備註/See Remark 7B(a)(i)),
2026-07-20,2026-07-27,,COURT A TOWER 1 第一座,1/F,B,,30015000,,價單第1K號 / Price List No. 1K • 105 天付款計劃 (照售價減 6%) / 105-day Payment Plan (6% discount on the Price) (見備註/See Remark 7B(a)(i)),
2026-08-07,2026-08-14,,COURT C TOWER 2 第二座,12/F,C,,15105000,,招標文件第 15.1 號支付辦法(H) / Payment Plan (H) of Tender Document No. 15.1 - 105天付款計劃105-day Payment Plan (見備註/See Remark 7C(a)(i)),
2026-08-10,2026-08-17,,COURT B TOWER 2 第二座,9/F,C,,19229000,,"招標文件第 15.1 號支付辦法(P3) / Payment Plan (P3) of Tender Document No. 15.1 - 「Y6 先租後買 3」付款計劃 Y6 Lease with Option to Purchase Plan 3 (見備註/See Remarks 7C(a)(ix), 7C(d), 7C(f)(2), 7C(g)(1)) • 認購權 66%租金回贈 港幣$4,789,949.17/ Option to Purchase 66% Rental Rebate HK$4,789,949.17 (見備註/See Remark 7C(g)(1))",
2026-08-24,2026-08-31,,COURT A TOWER 1 第一座,9/F,D,,26767000,,招標文件第 15.1 號支付辦法(H) / Payment Plan (H) of Tender Document No. 15.1 - 105天付款計劃105-day Payment Plan (見備註/See Remark 7C(a)(i)),
2026-08-31,2026-09-07,,COURT A TOWER 2 第二座,9/F,D,,17672000,,招標文件第 15.1 號支付辦法(H) / Payment Plan (H) of Tender Document No. 15.1 - 105天付款計劃105-day Payment Plan (見備註/See Remark 7C(a)(i)),
2026-08-31,2026-09-07,,COURT C TOWER 1 第一座,1/F,C,,15797000,,價單第1K號 / Price List No. 1K • 105 天付款計劃 (照售價減 6%) / 105-day Payment Plan (6% discount on the Price) (見備註/See Remark 7B(a)(i)),
2026-09-03,2026-09-10,,COURT D TOWER 2 第二座,3/F,D,,21899000,,價單第1K號 / Price List No. 1K • 105 天付款計劃 (照售價減 6%) / 105-day Payment Plan (6% discount on the Price) (見備註/See Remark 7B(a)(i)),
