pasp,asp,terminated,block,floor,unit,carpark,price,revision,terms,related
2018-09-25,2018-10-03,,第25A座 Tower 25A,6,C,,10960000,,招標文件支付辦法(TB1) Payment Plan (TB1) of Tender Document ‧見備註/See Remarks 7 (d)(ii)(a) ‧見備註/See Remarks 7 (d)(iii)(a) ‧見備註/See Remarks 7 (d)(vi)(a) ‧見備註/See Remarks 7 (d)(vii)(a) ‧見備註/See Remarks 7 (e)(ii) ‧見備註/See Remarks 7 (d)(i)(e) ‧見備註/See Remarks 7 (d)(v)(a) 招標文件支付辦法(TB1) Payment Plan (TB1) of Tender Document ‧見備註/See Remarks 7.1 (d)(ii)(a) ‧見備註/See Remarks 7.1 (d)(iii)(a) ‧見備註/See Remarks 7.1 (d)(vi)(a) ‧見備註/See Remarks 7.1 (d)(vii)(a) ‧見備註/See Remarks 7.1 (e)(ii) ‧見備註/See Remarks 7.1 (d)(i)(e) ‧見備註/See Remarks 7.1 (d)(v)(a) ‧(在23-09-2019修訂) (revised on 23-09-2019),
2018-09-25,2018-10-03,,第25A座 Tower 25A,5,C,,9360000,,招標文件支付辦法(TB1) Payment Plan (TB1) of Tender Document ‧見備註/See Remarks 7 (d)(ii)(a) ‧見備註/See Remarks 7 (d)(iii)(a) ‧見備註/See Remarks 7 (d)(vi)(a) ‧見備註/See Remarks 7 (d)(vii)(a) ‧見備註/See Remarks 7 (e)(ii) ‧見備註/See Remarks 7 (d)(v)(a) 招標文件支付辦法(TB1) Payment Plan (TB1) of Tender Document ‧見備註/See Remarks 7.1 (d)(ii)(a) ‧見備註/See Remarks 7.1 (d)(iii)(a) ‧見備註/See Remarks 7.1 (d)(vi)(a) ‧見備註/See Remarks 7.1 (d)(vii)(a) ‧見備註/See Remarks 7.1 (e)(ii) ‧見備註/See Remarks 7.1 (d)(v)(a) ‧(在23-09-2019修訂) (revised on 23-09-2019),
2018-09-25,2018-10-03,,第25B座 Tower 25B,9,B,,8938000,,招標文件支付辦法(TB1) Payment Plan (TB1) of Tender Document ‧見備註/See Remarks 7 (d)(ii)(a) ‧見備註/See Remarks 7 (d)(iii)(a) ‧見備註/See Remarks 7 (d)(vi)(a) ‧見備註/See Remarks 7 (d)(vii)(a) ‧見備註/See Remarks 7 (e)(ii) ‧見備註/See Remarks 7 (d)(i)(d) ‧見備註/See Remarks 7 (d)(v)(a),
2018-09-25,2018-10-03,,第25B座 Tower 25B,16,C,,7718600,,招標文件支付辦法(TB1) Payment Plan (TB1) of Tender Document ‧見備註/See Remarks 7 (d)(ii)(a) ‧見備註/See Remarks 7 (d)(iii)(a) ‧見備註/See Remarks 7 (d)(vi)(a) ‧見備註/See Remarks 7 (d)(vii)(a) ‧見備註/See Remarks 7 (e)(ii) ‧見備註/See Remarks 7 (d)(v)(a) 招標文件支付辦法(TB1) Payment Plan (TB1) of Tender Document ‧見備註/See Remarks 7.1 (d)(ii)(a) ‧見備註/See Remarks 7.1 (d)(iii)(a) ‧見備註/See Remarks 7.1 (d)(vi)(a) ‧見備註/See Remarks 7.1 (d)(vii)(a) ‧見備註/See Remarks 7.1 (e)(ii) ‧見備註/See Remarks 7.1 (d)(v)(a) ‧(在23-09-2019修訂) (revised on 23-09-2019),
2018-09-25,2018-10-03,,第25B座 Tower 25B,12,C,,7680000,,招標文件支付辦法(TB1) Payment Plan (TB1) of Tender Document ‧見備註/See Remarks 7 (d)(ii)(a) ‧見備註/See Remarks 7 (d)(iii)(a) ‧見備註/See Remarks 7 (d)(vi)(a) ‧見備註/See Remarks 7 (d)(vii)(a) ‧見備註/See Remarks 7 (e)(ii) ‧見備註/See Remarks 7 (d)(v)(a) 招標文件支付辦法(TB1) Payment Plan (TB1) of Tender Document ‧見備註/See Remarks 7.1 (d)(ii)(a) ‧見備註/See Remarks 7.1 (d)(iii)(a) ‧見備註/See Remarks 7.1 (d)(vi)(a) ‧見備註/See Remarks 7.1 (d)(vii)(a) ‧見備註/See Remarks 7.1 (e)(ii) ‧見備註/See Remarks 7.1 (d)(v)(a) ‧(在23-09-2019修訂) (revised on 23-09-2019),
2018-09-25,2018-10-03,,第25B座 Tower 25B,10,C,,7700000,,招標文件支付辦法(TB1) Payment Plan (TB1) of Tender Document ‧見備註/See Remarks 7 (d)(ii)(a) ‧見備註/See Remarks 7 (d)(iii)(a) ‧見備註/See Remarks 7 (d)(vi)(a) ‧見備註/See Remarks 7 (d)(vii)(a) ‧見備註/See Remarks 7 (e)(ii) ‧見備註/See Remarks 7 (d)(v)(a) 招標文件支付辦法(TB1) Payment Plan (TB1) of Tender Document ‧見備註/See Remarks 7.1 (d)(ii)(a) ‧見備註/See Remarks 7.1 (d)(iii)(a) ‧見備註/See Remarks 7.1 (d)(vi)(a) ‧見備註/See Remarks 7.1 (d)(vii)(a) ‧見備註/See Remarks 7.1 (e)(ii) ‧見備註/See Remarks 7.1 (d)(v)(a) ‧(在23-09-2019修訂) (revised on 23-09-2019),
2018-09-25,2018-10-03,,第25B座 Tower 25B,7,C,,7892220,,招標文件支付辦法(TB1) Payment Plan (TB1) of Tender Document ‧見備註/See Remarks 7 (d)(ii)(a) ‧見備註/See Remarks 7 (d)(iii)(a) ‧見備註/See Remarks 7 (d)(vi)(a) ‧見備註/See Remarks 7 (d)(vii)(a) ‧見備註/See Remarks 7 (e)(ii) ‧見備註/See Remarks 7 (d)(v)(a) 招標文件支付辦法(TB1) Payment Plan (TB1) of Tender Document ‧見備註/See Remarks 7.1 (d)(ii)(a) ‧見備註/See Remarks 7.1 (d)(iii)(a) ‧見備註/See Remarks 7.1 (d)(vi)(a) ‧見備註/See Remarks 7.1 (d)(vii)(a) ‧見備註/See Remarks 7.1 (e)(ii) ‧見備註/See Remarks 7.1 (d)(v)(a) ‧(在23-09-2019修訂) (revised on 23-09-2019),
2018-09-25,2018-10-03,,第25B座 Tower 25B,1,D,,9504000,,招標文件支付辦法(TB1) Payment Plan (TB1) of Tender Document ‧見備註/See Remarks 7 (d)(ii)(a) ‧見備註/See Remarks 7 (d)(iii)(a) ‧見備註/See Remarks 7 (d)(vi)(a) ‧見備註/See Remarks 7 (d)(vii)(a) ‧見備註/See Remarks 7 (e)(ii) ‧見備註/See Remarks 7 (d)(v)(a),
2018-09-25,2018-10-03,2019-03-06,第27A座 Tower 27A,7,B,,7973000,,‧價單第1號 (C1)付款辦法 Payment Plan (C1) of Price List No.1 見備註/See Remarks 7 (c)(i)(c) ‧見備註/See Remarks 7 (c)(iii)(a) ‧見備註/See Remarks 7 (c)(iv)(a) ‧見備註/See Remarks 7 (d)(i)(b) ‧見備註/See Remarks 7 (d)(ii)(a) ‧見備註/See Remarks 7 (d)(iv)(a) ‧見備註/See Remarks 7 (d)(iii)(a) ‧見備註/See Remarks 7 (d)(vi)(a) ‧見備註/See Remarks 7 (d)(vii)(a),
2018-09-25,2018-10-03,,第27A座 Tower 27A,5,B,,7477200,,‧價單第1號 (B1)付款辦法 Payment Plan (B1) of Price List No.1 見備註/See Remarks 7 (c)(i)(b) ‧見備註/See Remarks 7 (c)(ii)(a) ‧見備註/See Remarks 7 (c)(iii)(a) ‧見備註/See Remarks 7 (c)(iv)(a) ‧見備註/See Remarks 7 (c)(v)(a) ‧見備註/See Remarks 7 (d)(ii)(a) ‧見備註/See Remarks 7 (d)(iv)(a) ‧見備註/See Remarks 7 (d)(iii)(a) ‧見備註/See Remarks 7 (d)(vii)(a),
2018-09-25,2018-10-03,,第27A座 Tower 27A,2,B,,7442700,,‧價單第1號 (B1)付款辦法 Payment Plan (B1) of Price List No.1 見備註/See Remarks 7 (c)(i)(b) ‧見備註/See Remarks 7 (c)(ii)(a) ‧見備註/See Remarks 7 (c)(iii)(a) ‧見備註/See Remarks 7 (c)(iv)(a) ‧見備註/See Remarks 7 (d)(ii)(a) ‧見備註/See Remarks 7 (d)(iv)(a) ‧見備註/See Remarks 7 (d)(iii)(a) ‧見備註/See Remarks 7 (d)(vi)(a) ‧見備註/See Remarks 7 (d)(vii)(a),
2018-09-25,2018-10-03,,第27A座 Tower 27A,8,C,,7618900,,‧價單第1號 (B1)付款辦法 Payment Plan (B1) of Price List No.1 見備註/See Remarks 7 (c)(i)(b) ‧見備註/See Remarks 7 (c)(ii)(a) ‧見備註/See Remarks 7 (c)(iii)(a) ‧見備註/See Remarks 7 (c)(iv)(a) ‧見備註/See Remarks 7 (d)(ii)(a) ‧見備註/See Remarks 7 (d)(iv)(a) ‧見備註/See Remarks 7 (d)(iii)(a) ‧見備註/See Remarks 7 (d)(vi)(a) ‧見備註/See Remarks 7 (d)(vii)(a),
2018-09-25,2018-10-03,,第27A座 Tower 27A,2,F,,4605800,,‧價單第1號 (B1)付款辦法 Payment Plan (B1) of Price List No.1 見備註/See Remarks 7 (c)(i)(b) ‧見備註/See Remarks 7 (c)(ii)(a) ‧見備註/See Remarks 7 (c)(iii)(a) ‧見備註/See Remarks 7 (c)(iv)(a) ‧見備註/See Remarks 7 (d)(ii)(a) ‧見備註/See Remarks 7 (d)(iv)(a) ‧見備註/See Remarks 7 (d)(iii)(a) ‧見備註/See Remarks 7 (d)(vii)(a),
2018-09-25,2018-10-03,,第27B座 Tower 27B,11,B,,11330800,,‧價單第1號 (A1)付款辦法 Payment Plan (A1) of Price List No.1 見備註/See Remarks 7 (c)(i)(a) ‧見備註/See Remarks 7 (c)(ii)(a) ‧見備註/See Remarks 7 (c)(iv)(a) ‧見備註/See Remarks 7 (c)(v)(a) ‧見備註/See Remarks 7 (d)(iv)(a) ‧見備註/See Remarks 7 (d)(iii)(a) ‧見備註/See Remarks 7 (d)(vii)(a) ‧見備註/See Remarks 7 (d)(viii)(a),
2018-09-25,2018-10-03,,第27B座 Tower 27B,10,B,,11307200,,‧價單第1號 (A1)付款辦法 Payment Plan (A1) of Price List No.1 見備註/See Remarks 7 (c)(i)(a) ‧見備註/See Remarks 7 (c)(ii)(a) ‧見備註/See Remarks 7 (c)(iv)(a) ‧見備註/See Remarks 7 (d)(iv)(a) ‧見備註/See Remarks 7 (d)(iii)(a) ‧見備註/See Remarks 7 (d)(vi)(a) ‧見備註/See Remarks 7 (d)(vii)(a) ‧見備註/See Remarks 7 (d)(viii)(a),
2018-09-25,2018-10-03,,第27B座 Tower 27B,9,B,,11474100,,‧價單第1號 (B1)付款辦法 Payment Plan (B1) of Price List No.1 見備註/See Remarks 7 (c)(i)(b) ‧見備註/See Remarks 7 (c)(ii)(a) ‧見備註/See Remarks 7 (c)(iii)(a) ‧見備註/See Remarks 7 (c)(iv)(a) ‧見備註/See Remarks 7 (d)(ii)(a) ‧見備註/See Remarks 7 (d)(iv)(a) ‧見備註/See Remarks 7 (d)(iii)(a) ‧見備註/See Remarks 7 (d)(vi)(a) ‧見備註/See Remarks 7 (d)(vii)(a) ‧見備註/See Remarks 7 (d)(viii)(a),
2018-09-25,2018-10-03,,第27B座 Tower 27B,8,B,,11474100,,‧價單第1號 (B1)付款辦法 Payment Plan (B1) of Price List No.1 見備註/See Remarks 7 (c)(i)(b) ‧見備註/See Remarks 7 (c)(ii)(a) ‧見備註/See Remarks 7 (c)(iii)(a) ‧見備註/See Remarks 7 (c)(iv)(a) ‧見備註/See Remarks 7 (d)(ii)(a) ‧見備註/See Remarks 7 (d)(iv)(a) ‧見備註/See Remarks 7 (d)(iii)(a) ‧見備註/See Remarks 7 (d)(vi)(a) ‧見備註/See Remarks 7 (d)(vii)(a) ‧見備註/See Remarks 7 (d)(viii)(a),
2018-09-25,2018-10-03,,第27B座 Tower 27B,3,C,,7557300,,‧價單第1號 (B1)付款辦法 Payment Plan (B1) of Price List No.1 見備註/See Remarks 7 (c)(i)(b) ‧見備註/See Remarks 7 (c)(ii)(a) ‧見備註/See Remarks 7 (c)(iii)(a) ‧見備註/See Remarks 7 (c)(iv)(a) ‧見備註/See Remarks 7 (d)(ii)(a) ‧見備註/See Remarks 7 (d)(iv)(a) ‧見備註/See Remarks 7 (d)(iii)(a) ‧見備註/See Remarks 7 (d)(vi)(a) ‧見備註/See Remarks 7 (d)(vii)(a),
2018-09-25,2018-10-03,,第27B座 Tower 27B,12,D,,8095900,,‧價單第1號 (B1)付款辦法 Payment Plan (B1) of Price List No.1 見備註/See Remarks 7 (c)(i)(b) ‧見備註/See Remarks 7 (c)(ii)(a) ‧見備註/See Remarks 7 (c)(iii)(a) ‧見備註/See Remarks 7 (c)(iv)(a) ‧見備註/See Remarks 7 (d)(ii)(a) ‧見備註/See Remarks 7 (d)(iv)(a) ‧見備註/See Remarks 7 (d)(iii)(a) ‧見備註/See Remarks 7 (d)(vi)(a) ‧見備註/See Remarks 7 (d)(vii)(a),
2018-09-25,2018-10-03,,第27B座 Tower 27B,11,D,,8039500,,‧價單第1號 (B1)付款辦法 Payment Plan (B1) of Price List No.1 見備註/See Remarks 7 (c)(i)(b) ‧見備註/See Remarks 7 (c)(ii)(a) ‧見備註/See Remarks 7 (c)(iii)(a) ‧見備註/See Remarks 7 (c)(iv)(a) ‧見備註/See Remarks 7 (d)(ii)(a) ‧見備註/See Remarks 7 (d)(iv)(a) ‧見備註/See Remarks 7 (d)(iii)(a) ‧見備註/See Remarks 7 (d)(vi)(a) ‧見備註/See Remarks 7 (d)(vii)(a),
2018-09-25,2018-10-03,,第27B座 Tower 27B,10,D,,8450800,,‧價單第1號 (B1)付款辦法 Payment Plan (B1) of Price List No.1 見備註/See Remarks 7 (c)(i)(b) ‧見備註/See Remarks 7 (c)(iii)(a) ‧見備註/See Remarks 7 (c)(iv)(a) ‧見備註/See Remarks 7 (d)(i)(a) ‧見備註/See Remarks 7 (d)(ii)(a) ‧見備註/See Remarks 7 (d)(iv)(a) ‧見備註/See Remarks 7 (d)(iii)(a) ‧見備註/See Remarks 7 (d)(vi)(a) ‧見備註/See Remarks 7 (d)(vii)(a),
2018-09-25,2018-10-03,,第27B座 Tower 27B,9,D,,7928400,"在03-01-2019，基於法例第35(2)(b)條所容許的原因 ，售價調整為$7,789,300。 On 03-01-2019, the price adjusted to $7,789,300 due to the reason allowed under section 35(2)(b) of the Ordinance.",‧價單第1號 (B1)付款辦法 Payment Plan (B1) of Price List No.1 見備註/See Remarks 7 (c)(i)(b) ‧見備註/See Remarks 7 (c)(ii)(a) ‧見備註/See Remarks 7 (c)(iii)(a) ‧見備註/See Remarks 7 (c)(iv)(a) ‧見備註/See Remarks 7 (d)(ii)(a) ‧見備註/See Remarks 7 (d)(iv)(a) ‧見備註/See Remarks 7 (d)(iii)(a) ‧見備註/See Remarks 7 (d)(vi)(a) ‧見備註/See Remarks 7 (d)(vii)(a) ‧價單第1號 (A1)付款辦法 Payment Plan (A1) of Price List No.1 見備註/See Remarks 7 (c)(i)(a) ‧見備註/See Remarks 7 (c)(ii)(a) ‧見備註/See Remarks 7 (c)(iv)(a) ‧見備註/See Remarks 7 (d)(iv)(a) ‧見備註/See Remarks 7 (d)(iii)(a) ‧見備註/See Remarks 7 (d)(vi)(a) ‧見備註/See Remarks 7 (d)(vii)(a) ‧(在03-01-2019修訂) (revised on 03-01-2019),
2018-09-25,2018-10-03,,第27B座 Tower 27B,8,D,,7928400,,‧價單第1號 (B1)付款辦法 Payment Plan (B1) of Price List No.1 見備註/See Remarks 7 (c)(i)(b) ‧見備註/See Remarks 7 (c)(ii)(a) ‧見備註/See Remarks 7 (c)(iii)(a) ‧見備註/See Remarks 7 (c)(iv)(a) ‧見備註/See Remarks 7 (d)(ii)(a) ‧見備註/See Remarks 7 (d)(iv)(a) ‧見備註/See Remarks 7 (d)(iii)(a) ‧見備註/See Remarks 7 (d)(vi)(a) ‧見備註/See Remarks 7 (d)(vii)(a),
2018-09-25,2018-10-03,2019-03-06,第27B座 Tower 27B,7,D,,8333200,,‧價單第1號 (C1)付款辦法 Payment Plan (C1) of Price List No.1 見備註/See Remarks 7 (c)(i)(c) ‧見備註/See Remarks 7 (c)(iii)(a) ‧見備註/See Remarks 7 (c)(iv)(a) ‧見備註/See Remarks 7 (d)(i)(b) ‧見備註/See Remarks 7 (d)(ii)(a) ‧見備註/See Remarks 7 (d)(iv)(a) ‧見備註/See Remarks 7 (d)(iii)(a) ‧見備註/See Remarks 7 (d)(vi)(a) ‧見備註/See Remarks 7 (d)(vii)(a),
2018-09-25,2018-10-03,,第27B座 Tower 27B,6,D,,7808100,,‧價單第1號 (B1)付款辦法 Payment Plan (B1) of Price List No.1 見備註/See Remarks 7 (c)(i)(b) ‧見備註/See Remarks 7 (c)(ii)(a) ‧見備註/See Remarks 7 (c)(iii)(a) ‧見備註/See Remarks 7 (c)(iv)(a) ‧見備註/See Remarks 7 (c)(v)(a) ‧見備註/See Remarks 7 (d)(ii)(a) ‧見備註/See Remarks 7 (d)(iv)(a) ‧見備註/See Remarks 7 (d)(iii)(a) ‧見備註/See Remarks 7 (d)(vii)(a),
2018-09-25,2018-10-03,,第27B座 Tower 27B,5,D,,7764200,,‧價單第1號 (B1)付款辦法 Payment Plan (B1) of Price List No.1 見備註/See Remarks 7 (c)(i)(b) ‧見備註/See Remarks 7 (c)(ii)(a) ‧見備註/See Remarks 7 (c)(iii)(a) ‧見備註/See Remarks 7 (c)(iv)(a) ‧見備註/See Remarks 7 (d)(ii)(a) ‧見備註/See Remarks 7 (d)(iv)(a) ‧見備註/See Remarks 7 (d)(iii)(a) ‧見備註/See Remarks 7 (d)(vi)(a) ‧見備註/See Remarks 7 (d)(vii)(a),
2018-09-25,,,第27B座 Tower 27B,3,D,,7710300,,‧價單第1號 (B1)付款辦法 Payment Plan (B1) of Price List No.1 見備註/See Remarks 7 (c)(i)(b) ‧見備註/See Remarks 7 (c)(ii)(a) ‧見備註/See Remarks 7 (c)(iii)(a) ‧見備註/See Remarks 7 (c)(iv)(a) ‧見備註/See Remarks 7 (d)(ii)(a) ‧見備註/See Remarks 7 (d)(iv)(a) ‧見備註/See Remarks 7 (d)(iii)(a) ‧見備註/See Remarks 7 (d)(vi)(a) ‧見備註/See Remarks 7 (d)(vii)(a),
2018-09-25,2018-10-03,,第27B座 Tower 27B,2,D,,7656500,,‧價單第1號 (B1)付款辦法 Payment Plan (B1) of Price List No.1 見備註/See Remarks 7 (c)(i)(b) ‧見備註/See Remarks 7 (c)(ii)(a) ‧見備註/See Remarks 7 (c)(iii)(a) ‧見備註/See Remarks 7 (c)(iv)(a) ‧見備註/See Remarks 7 (d)(ii)(a) ‧見備註/See Remarks 7 (d)(iv)(a) ‧見備註/See Remarks 7 (d)(iii)(a) ‧見備註/See Remarks 7 (d)(vi)(a) ‧見備註/See Remarks 7 (d)(vii)(a),
2018-09-25,2018-10-03,,第27B座 Tower 27B,12,E,,4622500,,‧價單第1號 (A1)付款辦法 Payment Plan (A1) of Price List No.1 見備註/See Remarks 7 (c)(i)(a) ‧見備註/See Remarks 7 (c)(ii)(a) ‧見備註/See Remarks 7 (c)(iv)(a) ‧見備註/See Remarks 7 (d)(iv)(a) ‧見備註/See Remarks 7 (d)(iii)(a) ‧見備註/See Remarks 7 (d)(vii)(a),
2018-09-25,2018-10-03,,第27B座 Tower 27B,11,E,,4691300,,‧價單第1號 (B1)付款辦法 Payment Plan (B1) of Price List No.1 見備註/See Remarks 7 (c)(i)(b) ‧見備註/See Remarks 7 (c)(ii)(a) ‧見備註/See Remarks 7 (c)(iii)(a) ‧見備註/See Remarks 7 (c)(iv)(a) ‧見備註/See Remarks 7 (d)(ii)(a) ‧見備註/See Remarks 7 (d)(iv)(a) ‧見備註/See Remarks 7 (d)(iii)(a) ‧見備註/See Remarks 7 (d)(vii)(a),
2018-09-25,2018-10-03,,第27B座 Tower 27B,10,E,,4676800,,‧價單第1號 (B1)付款辦法 Payment Plan (B1) of Price List No.1 見備註/See Remarks 7 (c)(i)(b) ‧見備註/See Remarks 7 (c)(ii)(a) ‧見備註/See Remarks 7 (c)(iii)(a) ‧見備註/See Remarks 7 (c)(iv)(a) ‧見備註/See Remarks 7 (d)(ii)(a) ‧見備註/See Remarks 7 (d)(iv)(a) ‧見備註/See Remarks 7 (d)(iii)(a) ‧見備註/See Remarks 7 (d)(vii)(a),
2018-09-25,2018-10-03,,第27B座 Tower 27B,9,E,,4581300,,‧價單第1號 (A1)付款辦法 Payment Plan (A1) of Price List No.1 見備註/See Remarks 7 (c)(i)(a) ‧見備註/See Remarks 7 (c)(ii)(a) ‧見備註/See Remarks 7 (c)(iv)(a) ‧見備註/See Remarks 7 (d)(iv)(a) ‧見備註/See Remarks 7 (d)(iii)(a) ‧見備註/See Remarks 7 (d)(vii)(a),
2018-09-25,2018-10-03,,第27B座 Tower 27B,8,E,,4663100,,‧價單第1號 (B1)付款辦法 Payment Plan (B1) of Price List No.1 見備註/See Remarks 7 (c)(i)(b) ‧見備註/See Remarks 7 (c)(ii)(a) ‧見備註/See Remarks 7 (c)(iii)(a) ‧見備註/See Remarks 7 (c)(iv)(a) ‧見備註/See Remarks 7 (d)(ii)(a) ‧見備註/See Remarks 7 (d)(iv)(a) ‧見備註/See Remarks 7 (d)(iii)(a) ‧見備註/See Remarks 7 (d)(vii)(a),
2018-09-27,2018-10-05,,第25B座 Tower 25B,6,D,,8560000,,招標文件支付辦法(TA1) Payment Plan (TA1) of Tender Document ‧見備註/See Remarks 7 (d)(iii)(a) ‧見備註/See Remarks 7 (d)(vi)(a) ‧見備註/See Remarks 7 (d)(vii)(a) ‧見備註/See Remarks 7 (e)(i) ‧見備註/See Remarks 7 (d)(v)(a) 招標文件支付辦法(TA1) Payment Plan (TA1) of Tender Document ‧見備註/See Remarks 7.1 (d)(iii)(a) ‧見備註/See Remarks 7.1 (d)(vi)(a) ‧見備註/See Remarks 7.1 (d)(vii)(a) ‧見備註/See Remarks 7.1 (e)(i) ‧見備註/See Remarks 7.1 (d)(v)(a) ‧(在23-09-2019修訂) (revised on 23-09-2019),
2018-09-27,2018-10-05,,第27B座 Tower 27B,7,E,,4567000,,‧價單第1號 (A1)付款辦法 Payment Plan (A1) of Price List No.1 見備註/See Remarks 7 (c)(i)(a) ‧見備註/See Remarks 7 (c)(ii)(a) ‧見備註/See Remarks 7 (c)(iv)(a) ‧見備註/See Remarks 7 (d)(iv)(a) ‧見備註/See Remarks 7 (d)(iii)(a) ‧見備註/See Remarks 7 (d)(vii)(a),
2018-09-28,2018-10-08,,第25B座 Tower 25B,11,C,,7681900,,招標文件支付辦法(TB1) Payment Plan (TB1) of Tender Document ‧見備註/See Remarks 7 (d)(ii)(a) ‧見備註/See Remarks 7 (d)(iii)(a) ‧見備註/See Remarks 7 (d)(vi)(a) ‧見備註/See Remarks 7 (d)(vii)(a) ‧見備註/See Remarks 7 (e)(ii) ‧見備註/See Remarks 7 (d)(v)(a),
2018-09-28,2018-10-08,,第27A座 Tower 27A,3,B,,7334000,,‧價單第1號 (A1)付款辦法 Payment Plan (A1) of Price List No.1 見備註/See Remarks 7 (c)(i)(a) ‧見備註/See Remarks 7 (c)(ii)(a) ‧見備註/See Remarks 7 (c)(iv)(a) ‧見備註/See Remarks 7 (d)(iv)(a) ‧見備註/See Remarks 7 (d)(iii)(a) ‧見備註/See Remarks 7 (d)(vi)(a) ‧見備註/See Remarks 7 (d)(vii)(a),
2018-09-30,2018-10-08,,第28座 Tower 28,11,C,,7830000,,招標文件支付辦法(TB1) Payment Plan (TB1) of Tender Document ‧見備註/See Remarks 7 (d)(ii)(a) ‧見備註/See Remarks 7 (d)(iii)(a) ‧見備註/See Remarks 7 (d)(vi)(a) ‧見備註/See Remarks 7 (d)(vii)(a) ‧見備註/See Remarks 7 (e)(ii) ‧見備註/See Remarks 7 (d)(v)(a) 招標文件支付辦法(TB1) Payment Plan (TB1) of Tender Document ‧見備註/See Remarks 7.1 (d)(ii)(a) ‧見備註/See Remarks 7.1 (d)(iii)(a) ‧見備註/See Remarks 7.1 (d)(vi)(a) ‧見備註/See Remarks 7.1 (d)(vii)(a) ‧見備註/See Remarks 7.1 (e)(ii) ‧見備註/See Remarks 7.1 (d)(v)(a) ‧(在23-09-2019修訂) (revised on 23-09-2019),
2018-10-01,2018-10-08,,第28座 Tower 28,8,C,,7612500,,招標文件支付辦法(TA1) Payment Plan (TA1) of Tender Document ‧見備註/See Remarks 7 (d)(iii)(a) ‧見備註/See Remarks 7 (d)(vi)(a) ‧見備註/See Remarks 7 (d)(vii)(a) ‧見備註/See Remarks 7 (e)(i) ‧見備註/See Remarks 7 (d)(v)(a),
2018-10-01,2018-10-08,,第27A座 Tower 27A,7,C,,7596600,,‧價單第1號 (B1)付款辦法 Payment Plan (B1) of Price List No.1 見備註/See Remarks 7 (c)(i)(b) ‧見備註/See Remarks 7 (c)(ii)(a) ‧見備註/See Remarks 7 (c)(iii)(a) ‧見備註/See Remarks 7 (c)(iv)(a) ‧見備註/See Remarks 7 (d)(ii)(a) ‧見備註/See Remarks 7 (d)(iv)(a) ‧見備註/See Remarks 7 (d)(iii)(a) ‧見備註/See Remarks 7 (d)(vi)(a) ‧見備註/See Remarks 7 (d)(vii)(a),
2018-10-01,2018-10-08,,第27A座 Tower 27A,6,C,,7573500,,‧價單第1號 (B1)付款辦法 Payment Plan (B1) of Price List No.1 見備註/See Remarks 7 (c)(i)(b) ‧見備註/See Remarks 7 (c)(ii)(a) ‧見備註/See Remarks 7 (c)(iii)(a) ‧見備註/See Remarks 7 (c)(iv)(a) ‧見備註/See Remarks 7 (d)(ii)(a) ‧見備註/See Remarks 7 (d)(iv)(a) ‧見備註/See Remarks 7 (d)(iii)(a) ‧見備註/See Remarks 7 (d)(vi)(a) ‧見備註/See Remarks 7 (d)(vii)(a),
2018-10-04,2018-10-11,,第25B座 Tower 25B,1,B,,8084000,,招標文件支付辦法(TB1) Payment Plan (TB1) of Tender Document ‧見備註/See Remarks 7 (d)(ii)(a) ‧見備註/See Remarks 7 (d)(iii)(a) ‧見備註/See Remarks 7 (d)(vi)(a) ‧見備註/See Remarks 7 (d)(vii)(a) ‧見備註/See Remarks 7 (e)(ii) ‧見備註/See Remarks 7 (d)(v)(a) 招標文件支付辦法(TB1) Payment Plan (TB1) of Tender Document ‧見備註/See Remarks 7.1 (d)(ii)(a) ‧見備註/See Remarks 7.1 (d)(iii)(a) ‧見備註/See Remarks 7.1 (d)(vi)(a) ‧見備註/See Remarks 7.1 (d)(vii)(a) ‧見備註/See Remarks 7.1 (e)(ii) ‧見備註/See Remarks 7.1 (d)(v)(a) ‧(在23-09-2019修訂) (revised on 23-09-2019),
2018-10-06,2018-10-12,,第25B座 Tower 25B,6,C,,9123400,,招標文件支付辦法(TB1) Payment Plan (TB1) of Tender Document ‧見備註/See Remarks 7 (d)(ii)(b) ‧見備註/See Remarks 7 (d)(iii)(a) ‧見備註/See Remarks 7 (d)(vi)(a) ‧見備註/See Remarks 7 (d)(vii)(a) ‧見備註/See Remarks 7 (e)(ii) ‧見備註/See Remarks 7 (d)(i)(e) ‧見備註/See Remarks 7 (d)(v)(a) 招標文件支付辦法(TB1) Payment Plan (TB1) of Tender Document ‧見備註/See Remarks 7.1 (d)(ii)(b) ‧見備註/See Remarks 7.1 (d)(iii)(a) ‧見備註/See Remarks 7.1 (d)(vi)(a) ‧見備註/See Remarks 7.1 (d)(vii)(a) ‧見備註/See Remarks 7.1 (e)(ii) ‧見備註/See Remarks 7.1 (d)(i)(e) ‧見備註/See Remarks 7.1 (d)(v)(a) ‧(在23-09-2019修訂) (revised on 23-09-2019),
2018-10-07,2018-10-12,2020-07-03,第25A座 Tower 25A,12,C,,9430000,,招標文件支付辦法(TB1) Payment Plan (TB1) of Tender Document ‧見備註/See Remarks 7 (d)(ii)(a) ‧見備註/See Remarks 7 (d)(iii)(a) ‧見備註/See Remarks 7 (d)(vi)(a) ‧見備註/See Remarks 7 (d)(vii)(a) ‧見備註/See Remarks 7 (e)(ii) ‧見備註/See Remarks 7 (d)(v)(a) 招標文件支付辦法(TB1) Payment Plan (TB1) of Tender Document ‧見備註/See Remarks 7.1 (d)(ii)(a) ‧見備註/See Remarks 7.1 (d)(iii)(a) ‧見備註/See Remarks 7.1 (d)(vi)(a) ‧見備註/See Remarks 7.1 (d)(vii)(a) ‧見備註/See Remarks 7.1 (e)(ii) ‧見備註/See Remarks 7.1 (d)(v)(a) ‧(在23-09-2019修訂) (revised on 23-09-2019),
2018-10-10,2018-10-18,,第27B座 Tower 27B,11,A,,12494900,,招標文件支付辦法(TB1) Payment Plan (TB1) of Tender Document ‧見備註/See Remarks 7 (d)(ii)(a) ‧見備註/See Remarks 7 (d)(iii)(a) ‧見備註/See Remarks 7 (d)(vi)(a) ‧見備註/See Remarks 7 (d)(vii)(a) ‧見備註/See Remarks 7 (d)(viii)(a) ‧見備註/See Remarks 7 (e)(ii) ‧見備註/See Remarks 7 (d)(v)(a),
2018-10-23,2018-10-30,,第27B座 Tower 27B,3,D,,7802700,,‧價單第1A號 (A1)付款辦法 Payment Plan (A1) of Price List No.1A 見備註/See Remarks 7 (c)(i)(a) ‧見備註/See Remarks 7 (c)(ii)(a) ‧見備註/See Remarks 7 (c)(iv)(a) ‧見備註/See Remarks 7 (d)(iv)(a) ‧見備註/See Remarks 7 (d)(iii)(a) ‧見備註/See Remarks 7 (d)(vi)(a) ‧見備註/See Remarks 7 (d)(vii)(a),
2018-10-25,2018-11-01,,第28座 Tower 28,12,C,,7845600,,招標文件支付辦法(TB1) Payment Plan (TB1) of Tender Document ‧見備註/See Remarks 7 (d)(ii)(a) ‧見備註/See Remarks 7 (d)(iii)(a) ‧見備註/See Remarks 7 (d)(vi)(a) ‧見備註/See Remarks 7 (d)(vii)(a) ‧見備註/See Remarks 7 (e)(ii) ‧見備註/See Remarks 7 (d)(v)(a) 招標文件支付辦法(TB1) Payment Plan (TB1) of Tender Document ‧見備註/See Remarks 7.1 (d)(ii)(a) ‧見備註/See Remarks 7.1 (d)(iii)(a) ‧見備註/See Remarks 7.1 (d)(vi)(a) ‧見備註/See Remarks 7.1 (d)(vii)(a) ‧見備註/See Remarks 7.1 (e)(ii) ‧見備註/See Remarks 7.1 (d)(v)(a) ‧(在23-09-2019修訂) (revised on 23-09-2019),
2018-11-05,2018-11-12,,第27B座 Tower 27B,8,A,,12306000,,招標文件支付辦法(TB1) Payment Plan (TB1) of Tender Document ‧見備註/See Remarks 7 (d)(ii)(a) ‧見備註/See Remarks 7 (d)(iii)(a) ‧見備註/See Remarks 7 (d)(vi)(a) ‧見備註/See Remarks 7 (d)(vii)(a) ‧見備註/See Remarks 7 (d)(viii)(a) ‧見備註/See Remarks 7 (e)(ii) ‧見備註/See Remarks 7 (d)(v)(a),
2018-11-20,2018-11-27,,第28座 Tower 28,G&UG,B,,33799000,,招標文件支付辦法(TB1) Payment Plan (TB1) of Tender Document ‧見備註/See Remarks 7 (d)(ii)(a) ‧見備註/See Remarks 7 (d)(iii)(a) ‧見備註/See Remarks 7 (d)(vii)(a) ‧見備註/See Remarks 7 (d)(viii)(a) ‧見備註/See Remarks 7 (e)(ii) ‧見備註/See Remarks 7 (d)(v)(a) 招標文件支付辦法(TB1) Payment Plan (TB1) of Tender Document ‧見備註/See Remarks 7.1 (d)(ii)(a) ‧見備註/See Remarks 7.1 (d)(iii)(a) ‧見備註/See Remarks 7.1 (d)(vii)(a) ‧見備註/See Remarks 7.1 (d)(viii)(a) ‧見備註/See Remarks 7.1 (e)(ii) ‧見備註/See Remarks 7.1 (d)(v)(a) ‧(在23-09-2019修訂) (revised on 23-09-2019),
2018-12-05,2018-12-12,,第27B座 Tower 27B,9,A,,12257840,,招標文件支付辦法(TA1) Payment Plan (TA1) of Tender Document ‧見備註/See Remarks 7 (d)(iii)(a) ‧見備註/See Remarks 7 (d)(vi)(a) ‧見備註/See Remarks 7 (d)(vii)(a) ‧見備註/See Remarks 7 (d)(viii)(a) ‧見備註/See Remarks 7 (e)(i) ‧見備註/See Remarks 7 (d)(v)(a) 招標文件支付辦法(TA1) Payment Plan (TA1) of Tender Document ‧見備註/See Remarks 7.1 (d)(iii)(a) ‧見備註/See Remarks 7.1 (d)(vi)(a) ‧見備註/See Remarks 7.1 (d)(vii)(a) ‧見備註/See Remarks 7.1 (d)(viii)(a) ‧見備註/See Remarks 7.1 (e)(i) ‧見備註/See Remarks 7.1 (d)(v)(a) ‧(在23-09-2019修訂) (revised on 23-09-2019),
2018-12-17,2018-12-24,,第25A座 Tower 25A,7,C,,9351300,,招標文件支付辦法(TB1) Payment Plan (TB1) of Tender Document ‧見備註/See Remarks 7 (d)(ii)(a) ‧見備註/See Remarks 7 (d)(iii)(a) ‧見備註/See Remarks 7 (d)(vi)(a) ‧見備註/See Remarks 7 (d)(vii)(a) ‧見備註/See Remarks 7 (e)(ii) ‧見備註/See Remarks 7 (d)(v)(a) 招標文件支付辦法(TB1) Payment Plan (TB1) of Tender Document ‧見備註/See Remarks 7.1 (d)(ii)(a) ‧見備註/See Remarks 7.1 (d)(iii)(a) ‧見備註/See Remarks 7.1 (d)(vi)(a) ‧見備註/See Remarks 7.1 (d)(vii)(a) ‧見備註/See Remarks 7.1 (e)(ii) ‧見備註/See Remarks 7.1 (d)(v)(a) ‧(在23-09-2019修訂) (revised on 23-09-2019),
2018-12-31,2019-01-08,,第25A座 Tower 25A,8,C,,9851000,,招標文件支付辦法(TB1) Payment Plan (TB1) of Tender Document ‧見備註/See Remarks 7 (d)(ii)(a) ‧見備註/See Remarks 7 (d)(iii)(a) ‧見備註/See Remarks 7 (d)(vi)(a) ‧見備註/See Remarks 7 (d)(vii)(a) ‧見備註/See Remarks 7 (e)(ii) ‧見備註/See Remarks 7 (d)(i)(f) ‧見備註/See Remarks 7 (d)(v)(a) 招標文件支付辦法(TB1) Payment Plan (TB1) of Tender Document ‧見備註/See Remarks 7.1 (d)(ii)(a) ‧見備註/See Remarks 7.1 (d)(iii)(a) ‧見備註/See Remarks 7.1 (d)(vi)(a) ‧見備註/See Remarks 7.1 (d)(vii)(a) ‧見備註/See Remarks 7.1 (e)(ii) ‧見備註/See Remarks 7.1 (d)(i)(f) ‧見備註/See Remarks 7.1 (d)(v)(a) ‧(在23-09-2019修訂) (revised on 23-09-2019),
2019-01-02,2019-01-09,,第25A座 Tower 25A,15,C,,9420220,,招標文件支付辦法(TA1) Payment Plan (TA1) of Tender Document ‧見備註/See Remarks 7 (d)(iii)(a) ‧見備註/See Remarks 7 (d)(vi)(a) ‧見備註/See Remarks 7 (d)(vii)(a) ‧見備註/See Remarks 7 (e)(i) ‧見備註/See Remarks 7 (d)(v)(a),
2019-01-08,2019-01-15,,第25B座 Tower 25B,9,C,,7570000,,招標文件支付辦法(TB1) Payment Plan (TB1) of Tender Document ‧見備註/See Remarks 7 (d)(ii)(a) ‧見備註/See Remarks 7 (d)(iii)(a) ‧見備註/See Remarks 7 (d)(vi)(a) ‧見備註/See Remarks 7 (d)(vii)(a) ‧見備註/See Remarks 7 (e)(ii) ‧見備註/See Remarks 7 (d)(v)(a) 招標文件支付辦法(TB1) Payment Plan (TB1) of Tender Document ‧見備註/See Remarks 7.1 (d)(ii)(a) ‧見備註/See Remarks 7.1 (d)(iii)(a) ‧見備註/See Remarks 7.1 (d)(vi)(a) ‧見備註/See Remarks 7.1 (d)(vii)(a) ‧見備註/See Remarks 7.1 (e)(ii) ‧見備註/See Remarks 7.1 (d)(v)(a) ‧(在23-09-2019修訂) (revised on 23-09-2019),
2019-01-08,2019-01-15,,第25B座 Tower 25B,9,D,,8743000,,招標文件支付辦法(TB1) Payment Plan (TB1) of Tender Document ‧見備註/See Remarks 7 (d)(ii)(a) ‧見備註/See Remarks 7 (d)(iii)(a) ‧見備註/See Remarks 7 (d)(vi)(a) ‧見備註/See Remarks 7 (d)(vii)(a) ‧見備註/See Remarks 7 (e)(ii) ‧見備註/See Remarks 7 (d)(v)(a) 招標文件支付辦法(TB1) Payment Plan (TB1) of Tender Document ‧見備註/See Remarks 7.1 (d)(ii)(a) ‧見備註/See Remarks 7.1 (d)(iii)(a) ‧見備註/See Remarks 7.1 (d)(vi)(a) ‧見備註/See Remarks 7.1 (d)(vii)(a) ‧見備註/See Remarks 7.1 (e)(ii) ‧見備註/See Remarks 7.1 (d)(v)(a) ‧(在23-09-2019修訂) (revised on 23-09-2019),
2019-01-15,2019-01-22,,第25A座 Tower 25A,9,C,,9294000,,招標文件支付辦法(TA1) Payment Plan (TA1) of Tender Document ‧見備註/See Remarks 7 (d)(iii)(a) ‧見備註/See Remarks 7 (d)(vi)(a) ‧見備註/See Remarks 7 (d)(vii)(a) ‧見備註/See Remarks 7 (e)(i) ‧見備註/See Remarks 7 (d)(v)(a) 招標文件支付辦法(TA1) Payment Plan (TA1) of Tender Document ‧見備註/See Remarks 7.1 (d)(iii)(a) ‧見備註/See Remarks 7.1 (d)(vi)(a) ‧見備註/See Remarks 7.1 (d)(vii)(a) ‧見備註/See Remarks 7.1 (e)(i) ‧見備註/See Remarks 7.1 (d)(v)(a) ‧(在23-09-2019修訂) (revised on 23-09-2019),
2019-01-22,2019-01-29,,第27B座 Tower 27B,10,A,,12265300,,招標文件支付辦法(TA1) Payment Plan (TA1) of Tender Document ‧見備註/See Remarks 7 (d)(iii)(a) ‧見備註/See Remarks 7 (d)(vi)(a) ‧見備註/See Remarks 7 (d)(vii)(a) ‧見備註/See Remarks 7 (d)(viii)(a) ‧見備註/See Remarks 7 (e)(i) ‧見備註/See Remarks 7 (d)(v)(a) 招標文件支付辦法(TA1) Payment Plan (TA1) of Tender Document ‧見備註/See Remarks 7.1 (d)(iii)(a) ‧見備註/See Remarks 7.1 (d)(vi)(a) ‧見備註/See Remarks 7.1 (d)(vii)(a) ‧見備註/See Remarks 7.1 (d)(viii)(a) ‧見備註/See Remarks 7.1 (e)(i) ‧見備註/See Remarks 7.1 (d)(v)(a) ‧(在23-09-2019修訂) (revised on 23-09-2019),
2019-02-18,2019-02-25,,第25A座 Tower 25A,1,C,,10242100,,招標文件支付辦法(TB1) Payment Plan (TB1) of Tender Document ‧見備註/See Remarks 7 (d)(ii)(a) ‧見備註/See Remarks 7 (d)(iii)(a) ‧見備註/See Remarks 7 (d)(vi)(a) ‧見備註/See Remarks 7 (d)(vii)(a) ‧見備註/See Remarks 7 (e)(ii) ‧見備註/See Remarks 7 (d)(i)(g) ‧見備註/See Remarks 7 (d)(v)(a),
2019-02-20,2019-02-27,,第27B座 Tower 27B,12,B,,11374400,,‧價單第1B號 (A2)付款辦法 Payment Plan (A2) of Price List No.1B 見備註/See Remarks 7 (c)(i)(a) ‧見備註/See Remarks 7 (c)(ii)(a) ‧見備註/See Remarks 7 (c)(iv)(a) ‧見備註/See Remarks 7 (d)(iv)(a) ‧見備註/See Remarks 7 (d)(iii)(a) ‧見備註/See Remarks 7 (d)(vi)(a) ‧見備註/See Remarks 7 (d)(vii)(a) ‧見備註/See Remarks 7 (d)(viii)(a),
2019-02-26,2019-03-05,,第27B座 Tower 27B,5,E,,4540200,,‧價單第1B號 (A2)付款辦法 Payment Plan (A2) of Price List No.1B 見備註/See Remarks 7 (c)(i)(a) ‧見備註/See Remarks 7 (c)(ii)(a) ‧見備註/See Remarks 7 (c)(iv)(a) ‧見備註/See Remarks 7 (d)(iv)(a) ‧見備註/See Remarks 7 (d)(iii)(a) ‧見備註/See Remarks 7 (d)(vii)(a),
2019-03-05,2019-03-12,,第27A座 Tower 27A,9,D,,7833900,,‧價單第1C號 (A3)付款辦法 Payment Plan (A3) of Price List No.1C 見備註/See Remarks 7 (c)(i)(a) ‧見備註/See Remarks 7 (c)(ii)(a) ‧見備註/See Remarks 7 (c)(iv)(a) ‧見備註/See Remarks 7 (c)(v)(a) ‧見備註/See Remarks 7 (d)(iv)(a) ‧見備註/See Remarks 7 (d)(iii)(a) ‧見備註/See Remarks 7 (d)(vii)(a),
2019-03-09,2019-03-15,,第27A座 Tower 27A,8,F,,4949400,,‧價單第1C號 (B3)付款辦法 Payment Plan (B3) of Price List No.1C 見備註/See Remarks 7 (c)(i)(b) ‧見備註/See Remarks 7 (c)(iii)(a) ‧見備註/See Remarks 7 (c)(iv)(a) ‧見備註/See Remarks 7 (d)(i)(a) ‧見備註/See Remarks 7 (d)(ii)(a) ‧見備註/See Remarks 7 (d)(iv)(a) ‧見備註/See Remarks 7 (d)(iii)(a) ‧見備註/See Remarks 7 (d)(vii)(a),
2019-03-10,2019-03-15,,第27A座 Tower 27A,7,F,,4579600,,‧價單第1C號 (A3)付款辦法 Payment Plan (A3) of Price List No.1C 見備註/See Remarks 7 (c)(i)(a) ‧見備註/See Remarks 7 (c)(ii)(a) ‧見備註/See Remarks 7 (c)(iv)(a) ‧見備註/See Remarks 7 (d)(iv)(a) ‧見備註/See Remarks 7 (d)(iii)(a) ‧見備註/See Remarks 7 (d)(vii)(a),
2019-03-10,2019-03-15,,第27A座 Tower 27A,6,F,,4566200,,‧價單第1C號 (A3)付款辦法 Payment Plan (A3) of Price List No.1C 見備註/See Remarks 7 (c)(i)(a) ‧見備註/See Remarks 7 (c)(ii)(a) ‧見備註/See Remarks 7 (c)(iv)(a) ‧見備註/See Remarks 7 (d)(iv)(a) ‧見備註/See Remarks 7 (d)(iii)(a) ‧見備註/See Remarks 7 (d)(vii)(a),
2019-03-14,2019-03-21,,第25B座 Tower 25B,5,C,,7510000,,招標文件支付辦法(TB1) Payment Plan (TB1) of Tender Document ‧見備註/See Remarks 7 (d)(ii)(a) ‧見備註/See Remarks 7 (d)(iii)(a) ‧見備註/See Remarks 7 (d)(vi)(a) ‧見備註/See Remarks 7 (d)(vii)(a) ‧見備註/See Remarks 7 (e)(ii) ‧見備註/See Remarks 7 (d)(v)(a) 招標文件支付辦法(TB1) Payment Plan (TB1) of Tender Document ‧見備註/See Remarks 7.1 (d)(ii)(a) ‧見備註/See Remarks 7.1 (d)(iii)(a) ‧見備註/See Remarks 7.1 (d)(vi)(a) ‧見備註/See Remarks 7.1 (d)(vii)(a) ‧見備註/See Remarks 7.1 (e)(ii) ‧見備註/See Remarks 7.1 (d)(v)(a) ‧(在23-09-2019修訂) (revised on 23-09-2019),
2019-03-17,2019-03-22,,第27A座 Tower 27A,1,A,,8957200,,招標文件支付辦法(TA1) Payment Plan (TA1) of Tender Document ‧見備註/See Remarks 7 (d)(iii)(a) ‧見備註/See Remarks 7 (d)(vi)(a) ‧見備註/See Remarks 7 (d)(vii)(a) ‧見備註/See Remarks 7 (e)(i) ‧見備註/See Remarks 7 (d)(v)(a) 招標文件支付辦法(TA1) Payment Plan (TA1) of Tender Document ‧見備註/See Remarks 7.1 (d)(iii)(a) ‧見備註/See Remarks 7.1 (d)(vi)(a) ‧見備註/See Remarks 7.1 (d)(vii)(a) ‧見備註/See Remarks 7.1 (e)(i) ‧見備註/See Remarks 7.1 (d)(v)(a) ‧(在23-09-2019修訂) (revised on 23-09-2019),
2019-03-18,2019-03-25,,第25B座 Tower 25B,8,C,,7456200,,招標文件支付辦法(TA1) Payment Plan (TA1) of Tender Document ‧見備註/See Remarks 7 (d)(iii)(a) ‧見備註/See Remarks 7 (d)(vi)(a) ‧見備註/See Remarks 7 (d)(vii)(a) ‧見備註/See Remarks 7 (e)(i) ‧見備註/See Remarks 7 (d)(v)(a) 招標文件支付辦法(TA1) Payment Plan (TA1) of Tender Document ‧見備註/See Remarks 7.1 (d)(iii)(a) ‧見備註/See Remarks 7.1 (d)(vi)(a) ‧見備註/See Remarks 7.1 (d)(vii)(a) ‧見備註/See Remarks 7.1 (e)(i) ‧見備註/See Remarks 7.1 (d)(v)(a) ‧(在23-09-2019修訂) (revised on 23-09-2019),
2019-03-24,2019-03-29,,第27A座 Tower 27A,5,D,,7681800,,‧價單第1C號 (A3)付款辦法 Payment Plan (A3) of Price List No.1C 見備註/See Remarks 7 (c)(i)(a) ‧見備註/See Remarks 7 (c)(ii)(a) ‧見備註/See Remarks 7 (c)(iv)(a) ‧見備註/See Remarks 7 (d)(iv)(a) ‧見備註/See Remarks 7 (d)(iii)(a) ‧見備註/See Remarks 7 (d)(vi)(a) ‧見備註/See Remarks 7 (d)(vii)(a),
2019-03-24,2019-03-29,,第27A座 Tower 27A,3,D,,7618000,,‧價單第1C號 (A3)付款辦法 Payment Plan (A3) of Price List No.1C 見備註/See Remarks 7 (c)(i)(a) ‧見備註/See Remarks 7 (c)(ii)(a) ‧見備註/See Remarks 7 (c)(iv)(a) ‧見備註/See Remarks 7 (c)(v)(a) ‧見備註/See Remarks 7 (d)(iv)(a) ‧見備註/See Remarks 7 (d)(iii)(a) ‧見備註/See Remarks 7 (d)(vii)(a),
2019-03-25,2019-04-01,,第27B座 Tower 27B,6,E,,4553600,,‧價單第1C號 (A3)付款辦法 Payment Plan (A3) of Price List No.1C 見備註/See Remarks 7 (c)(i)(a) ‧見備註/See Remarks 7 (c)(ii)(a) ‧見備註/See Remarks 7 (c)(iv)(a) ‧見備註/See Remarks 7 (d)(iv)(a) ‧見備註/See Remarks 7 (d)(iii)(a) ‧見備註/See Remarks 7 (d)(vii)(a),
2019-03-30,2019-04-08,,第27A座 Tower 27A,8,D,,7983900,,‧價單第1C號 (B3)付款辦法 Payment Plan (B3) of Price List No.1C 見備註/See Remarks 7 (c)(i)(b) ‧見備註/See Remarks 7 (c)(ii)(a) ‧見備註/See Remarks 7 (c)(iii)(a) ‧見備註/See Remarks 7 (c)(iv)(a) ‧見備註/See Remarks 7 (d)(ii)(a) ‧見備註/See Remarks 7 (d)(iv)(a) ‧見備註/See Remarks 7 (d)(iii)(a) ‧見備註/See Remarks 7 (d)(vi)(a) ‧見備註/See Remarks 7 (d)(vii)(a),
2019-03-30,2019-04-08,,第27B座 Tower 27B,3,E,,4526700,,‧價單第1C號 (A3)付款辦法 Payment Plan (A3) of Price List No.1C 見備註/See Remarks 7 (c)(i)(a) ‧見備註/See Remarks 7 (c)(ii)(a) ‧見備註/See Remarks 7 (c)(iv)(a) ‧見備註/See Remarks 7 (d)(iv)(a) ‧見備註/See Remarks 7 (d)(iii)(a) ‧見備註/See Remarks 7 (d)(vii)(a),
2019-03-31,2019-04-08,2021-01-06,第25B座 Tower 25B,15,C,,7553000,,招標文件支付辦法(TA1) Payment Plan (TA1) of Tender Document ‧見備註/See Remarks 7 (d)(iii)(a) ‧見備註/See Remarks 7 (d)(vi)(a) ‧見備註/See Remarks 7 (d)(vii)(a) ‧見備註/See Remarks 7 (e)(i) ‧見備註/See Remarks 7 (d)(v)(a) 招標文件支付辦法(TA1) Payment Plan (TA1) of Tender Document ‧見備註/See Remarks 7.1 (d)(iii)(a) ‧見備註/See Remarks 7.1 (d)(vi)(a) ‧見備註/See Remarks 7.1 (d)(vii)(a) ‧見備註/See Remarks 7.1 (e)(i) ‧見備註/See Remarks 7.1 (d)(v)(a) ‧(在23-09-2019修訂) (revised on 23-09-2019),
2019-03-31,2019-04-08,,第25B座 Tower 25B,1,C,,8228500,,招標文件支付辦法(TB1) Payment Plan (TB1) of Tender Document ‧見備註/See Remarks 7 (d)(ii)(a) ‧見備註/See Remarks 7 (d)(iii)(a) ‧見備註/See Remarks 7 (d)(vi)(a) ‧見備註/See Remarks 7 (d)(vii)(a) ‧見備註/See Remarks 7 (e)(ii) ‧見備註/See Remarks 7 (d)(v)(a),
2019-03-31,2019-04-08,2021-01-06,第25B座 Tower 25B,15,D,,8669000,,招標文件支付辦法(TA1) Payment Plan (TA1) of Tender Document ‧見備註/See Remarks 7 (d)(iii)(a) ‧見備註/See Remarks 7 (d)(vi)(a) ‧見備註/See Remarks 7 (d)(vii)(a) ‧見備註/See Remarks 7 (e)(i) ‧見備註/See Remarks 7 (d)(v)(a) 招標文件支付辦法(TA1) Payment Plan (TA1) of Tender Document ‧見備註/See Remarks 7.1 (d)(iii)(a) ‧見備註/See Remarks 7.1 (d)(vi)(a) ‧見備註/See Remarks 7.1 (d)(vii)(a) ‧見備註/See Remarks 7.1 (e)(i) ‧見備註/See Remarks 7.1 (d)(v)(a) ‧(在23-09-2019修訂) (revised on 23-09-2019),
2019-03-31,2019-04-08,,第27B座 Tower 27B,6,A,,12170500,,招標文件支付辦法(TA1) Payment Plan (TA1) of Tender Document ‧見備註/See Remarks 7 (d)(iii)(a) ‧見備註/See Remarks 7 (d)(vi)(a) ‧見備註/See Remarks 7 (d)(vii)(a) ‧見備註/See Remarks 7 (d)(viii)(a) ‧見備註/See Remarks 7 (e)(i) ‧見備註/See Remarks 7 (d)(v)(a) 招標文件支付辦法(TA1) Payment Plan (TA1) of Tender Document ‧見備註/See Remarks 7.1 (d)(iii)(a) ‧見備註/See Remarks 7.1 (d)(vi)(a) ‧見備註/See Remarks 7.1 (d)(vii)(a) ‧見備註/See Remarks 7.1 (d)(viii)(a) ‧見備註/See Remarks 7.1 (e)(i) ‧見備註/See Remarks 7.1 (d)(v)(a) ‧(在23-09-2019修訂) (revised on 23-09-2019),
2019-03-31,2019-04-08,,第27B座 Tower 27B,1,A,,12587400,,招標文件支付辦法(TA1) Payment Plan (TA1) of Tender Document ‧見備註/See Remarks 7 (d)(iii)(a) ‧見備註/See Remarks 7 (d)(vi)(a) ‧見備註/See Remarks 7 (d)(vii)(a) ‧見備註/See Remarks 7 (d)(viii)(a) ‧見備註/See Remarks 7 (e)(i) ‧見備註/See Remarks 7 (d)(v)(a) 招標文件支付辦法(TA1) Payment Plan (TA1) of Tender Document ‧見備註/See Remarks 7.1 (d)(iii)(a) ‧見備註/See Remarks 7.1 (d)(vi)(a) ‧見備註/See Remarks 7.1 (d)(vii)(a) ‧見備註/See Remarks 7.1 (d)(viii)(a) ‧見備註/See Remarks 7.1 (e)(i) ‧見備註/See Remarks 7.1 (d)(v)(a) ‧(在23-09-2019修訂) (revised on 23-09-2019),
2019-04-01,2019-04-09,,第25A座 Tower 25A,11,C,,9266160,,招標文件支付辦法(TA1) Payment Plan (TA1) of Tender Document ‧見備註/See Remarks 7 (d)(iii)(a) ‧見備註/See Remarks 7 (d)(vi)(a) ‧見備註/See Remarks 7 (d)(vii)(a) ‧見備註/See Remarks 7 (e)(i) ‧見備註/See Remarks 7 (d)(v)(a) 招標文件支付辦法(TA1) Payment Plan (TA1) of Tender Document ‧見備註/See Remarks 7.1 (d)(iii)(a) ‧見備註/See Remarks 7.1 (d)(vi)(a) ‧見備註/See Remarks 7.1 (d)(vii)(a) ‧見備註/See Remarks 7.1 (e)(i) ‧見備註/See Remarks 7.1 (d)(v)(a) ‧(在23-09-2019修訂) (revised on 23-09-2019),
2019-04-01,2019-04-09,,第27B座 Tower 27B,9,C,,7514600,,‧價單第1C號 (A3)付款辦法 Payment Plan (A3) of Price List No.1C 見備註/See Remarks 7 (c)(i)(a) ‧見備註/See Remarks 7 (c)(ii)(a) ‧見備註/See Remarks 7 (c)(iv)(a) ‧見備註/See Remarks 7 (d)(iv)(a) ‧見備註/See Remarks 7 (d)(iii)(a) ‧見備註/See Remarks 7 (d)(vi)(a) ‧見備註/See Remarks 7 (d)(vii)(a),
2019-04-02,2019-04-10,,第27A座 Tower 27A,5,C,,7418800,,‧價單第1C號 (A3)付款辦法 Payment Plan (A3) of Price List No.1C 見備註/See Remarks 7 (c)(i)(a) ‧見備註/See Remarks 7 (c)(ii)(a) ‧見備註/See Remarks 7 (c)(iv)(a) ‧見備註/See Remarks 7 (d)(iv)(a) ‧見備註/See Remarks 7 (d)(iii)(a) ‧見備註/See Remarks 7 (d)(vi)(a) ‧見備註/See Remarks 7 (d)(vii)(a),
2019-04-02,2019-04-10,2020-05-07,第27A座 Tower 27A,12,D,,8152400,,‧價單第1C號 (B3)付款辦法 Payment Plan (B3) of Price List No.1C 見備註/See Remarks 7 (c)(i)(b) ‧見備註/See Remarks 7 (c)(ii)(a) ‧見備註/See Remarks 7 (c)(iii)(a) ‧見備註/See Remarks 7 (c)(iv)(a) ‧見備註/See Remarks 7 (d)(ii)(a) ‧見備註/See Remarks 7 (d)(iv)(a) ‧見備註/See Remarks 7 (d)(iii)(a) ‧見備註/See Remarks 7 (d)(vi)(a) ‧見備註/See Remarks 7 (d)(vii)(a),
2019-04-02,2019-04-10,,第27A座 Tower 27A,5,F,,4552800,,‧價單第1C號 (A3)付款辦法 Payment Plan (A3) of Price List No.1C 見備註/See Remarks 7 (c)(i)(a) ‧見備註/See Remarks 7 (c)(ii)(a) ‧見備註/See Remarks 7 (c)(iv)(a) ‧見備註/See Remarks 7 (d)(iv)(a) ‧見備註/See Remarks 7 (d)(iii)(a) ‧見備註/See Remarks 7 (d)(vii)(a),
2019-04-03,2019-04-11,,第27A座 Tower 27A,6,B,,7500300,,‧價單第1C號 (B3)付款辦法 Payment Plan (B3) of Price List No.1C 見備註/See Remarks 7 (c)(i)(b) ‧見備註/See Remarks 7 (c)(ii)(a) ‧見備註/See Remarks 7 (c)(iii)(a) ‧見備註/See Remarks 7 (c)(iv)(a) ‧見備註/See Remarks 7 (c)(v)(a) ‧見備註/See Remarks 7 (d)(ii)(a) ‧見備註/See Remarks 7 (d)(iv)(a) ‧見備註/See Remarks 7 (d)(iii)(a) ‧見備註/See Remarks 7 (d)(vii)(a),
2019-04-03,2019-04-11,,第27A座 Tower 27A,3,F,,4539300,,‧價單第1C號 (A3)付款辦法 Payment Plan (A3) of Price List No.1C 見備註/See Remarks 7 (c)(i)(a) ‧見備註/See Remarks 7 (c)(ii)(a) ‧見備註/See Remarks 7 (c)(iv)(a) ‧見備註/See Remarks 7 (d)(iv)(a) ‧見備註/See Remarks 7 (d)(iii)(a) ‧見備註/See Remarks 7 (d)(vii)(a),
2019-04-04,2019-04-12,,第25A座 Tower 25A,16,C,,9350480,,招標文件支付辦法(TA1) Payment Plan (TA1) of Tender Document ‧見備註/See Remarks 7 (d)(iii)(a) ‧見備註/See Remarks 7 (d)(vi)(a) ‧見備註/See Remarks 7 (d)(vii)(a) ‧見備註/See Remarks 7 (e)(i) ‧見備註/See Remarks 7 (d)(v)(a) 招標文件支付辦法(TA1) Payment Plan (TA1) of Tender Document ‧見備註/See Remarks 7.1 (d)(iii)(a) ‧見備註/See Remarks 7.1 (d)(vi)(a) ‧見備註/See Remarks 7.1 (d)(vii)(a) ‧見備註/See Remarks 7.1 (e)(i) ‧見備註/See Remarks 7.1 (d)(v)(a) ‧(在23-09-2019修訂) (revised on 23-09-2019),
2019-04-04,2019-04-12,,第27A座 Tower 27A,9,B,,7422200,,‧價單第1C號 (A3)付款辦法 Payment Plan (A3) of Price List No.1C 見備註/See Remarks 7 (c)(i)(a) ‧見備註/See Remarks 7 (c)(ii)(a) ‧見備註/See Remarks 7 (c)(iv)(a) ‧見備註/See Remarks 7 (d)(iv)(a) ‧見備註/See Remarks 7 (d)(iii)(a) ‧見備註/See Remarks 7 (d)(vi)(a) ‧見備註/See Remarks 7 (d)(vii)(a),
2019-04-05,2019-04-12,,第27A座 Tower 27A,7,D,,7789300,,‧價單第1C號 (A3)付款辦法 Payment Plan (A3) of Price List No.1C 見備註/See Remarks 7 (c)(i)(a) ‧見備註/See Remarks 7 (c)(ii)(a) ‧見備註/See Remarks 7 (c)(iv)(a) ‧見備註/See Remarks 7 (d)(iv)(a) ‧見備註/See Remarks 7 (d)(iii)(a) ‧見備註/See Remarks 7 (d)(vi)(a) ‧見備註/See Remarks 7 (d)(vii)(a),
2019-04-07,2019-04-12,,第27A座 Tower 27A,5,A,,8542000,,招標文件支付辦法(TA1) Payment Plan (TA1) of Tender Document ‧見備註/See Remarks 7 (d)(iii)(a) ‧見備註/See Remarks 7 (d)(vi)(a) ‧見備註/See Remarks 7 (d)(vii)(a) ‧見備註/See Remarks 7 (e)(i) ‧見備註/See Remarks 7 (d)(v)(a) 招標文件支付辦法(TA1) Payment Plan (TA1) of Tender Document ‧見備註/See Remarks 7.1 (d)(iii)(a) ‧見備註/See Remarks 7.1 (d)(vi)(a) ‧見備註/See Remarks 7.1 (d)(vii)(a) ‧見備註/See Remarks 7.1 (e)(i) ‧見備註/See Remarks 7.1 (d)(v)(a) ‧(在23-09-2019修訂) (revised on 23-09-2019),
2019-04-07,2019-04-12,,第27B座 Tower 27B,2,E,,4513300,,‧價單第1C號 (A3)付款辦法 Payment Plan (A3) of Price List No.1C 見備註/See Remarks 7 (c)(i)(a) ‧見備註/See Remarks 7 (c)(ii)(a) ‧見備註/See Remarks 7 (c)(iv)(a) ‧見備註/See Remarks 7 (d)(iv)(a) ‧見備註/See Remarks 7 (d)(iii)(a) ‧見備註/See Remarks 7 (d)(vii)(a),
2019-04-09,2019-04-16,,第27A座 Tower 27A,3,A,,9305520,,招標文件支付辦法(TB1) Payment Plan (TB1) of Tender Document ‧見備註/See Remarks 7 (d)(ii)(b) ‧見備註/See Remarks 7 (d)(iii)(a) ‧見備註/See Remarks 7 (d)(vi)(a) ‧見備註/See Remarks 7 (d)(vii)(a) ‧見備註/See Remarks 7 (e)(ii) ‧見備註/See Remarks 7 (d)(v)(a) 招標文件支付辦法(TB1) Payment Plan (TB1) of Tender Document ‧見備註/See Remarks 7.1 (d)(ii)(b) ‧見備註/See Remarks 7.1 (d)(iii)(a) ‧見備註/See Remarks 7.1 (d)(vi)(a) ‧見備註/See Remarks 7.1 (d)(vii)(a) ‧見備註/See Remarks 7.1 (e)(ii) ‧見備註/See Remarks 7.1 (d)(v)(a) ‧(在23-09-2019修訂) (revised on 23-09-2019),
2019-04-14,2019-04-23,,第27A座 Tower 27A,6,D,,7873600,,‧價單第1C號 (B3)付款辦法 Payment Plan (B3) of Price List No.1C ‧見備註/See Remarks 7.1 (c)(i)(b) ‧見備註/See Remarks 7.1 (c)(ii)(a) ‧見備註/See Remarks 7.1 (c)(iii)(a) ‧見備註/See Remarks 7.1 (c)(iv)(a) ‧見備註/See Remarks 7.1 (d)(ii)(a) ‧見備註/See Remarks 7.1 (d)(iv)(a) ‧見備註/See Remarks 7.1 (d)(iii)(a) ‧見備註/See Remarks 7.1 (d)(vi)(a) ‧見備註/See Remarks 7.1 (d)(vii)(a),
2019-04-14,2019-04-23,,第27B座 Tower 27B,6,B,,11205600,,‧價單第1C號 (A3)付款辦法 Payment Plan (A3) of Price List No.1C ‧見備註/See Remarks 7.1 (c)(i)(a) ‧見備註/See Remarks 7.1 (c)(ii)(a) ‧見備註/See Remarks 7.1 (c)(iv)(a) ‧見備註/See Remarks 7.1 (d)(iv)(a) ‧見備註/See Remarks 7.1 (d)(iii)(a) ‧見備註/See Remarks 7.1 (d)(vi)(a) ‧見備註/See Remarks 7.1 (d)(vii)(a) ‧見備註/See Remarks 7.1 (d)(viii)(a),
2019-04-14,2019-04-23,,第27B座 Tower 27B,5,C,,7580400,,‧價單第1C號 (B3)付款辦法 Payment Plan (B3) of Price List No.1C ‧見備註/See Remarks 7.1 (c)(i)(b) ‧見備註/See Remarks 7.1 (c)(ii)(a) ‧見備註/See Remarks 7.1 (c)(iii)(a) ‧見備註/See Remarks 7.1 (c)(iv)(a) ‧見備註/See Remarks 7.1 (d)(ii)(a) ‧見備註/See Remarks 7.1 (d)(iv)(a) ‧見備註/See Remarks 7.1 (d)(iii)(a) ‧見備註/See Remarks 7.1 (d)(vi)(a) ‧見備註/See Remarks 7.1 (d)(vii)(a),(cid:214)
2019-04-15,2019-04-24,,第25B座 Tower 25B,3,C,,7482000,,招標文件支付辦法(TB1) Payment Plan (TB1) of Tender Document ‧見備註/See Remarks 7.1 (d)(ii)(a) ‧見備註/See Remarks 7.1 (d)(iii)(a) ‧見備註/See Remarks 7.1 (d)(vi)(a) ‧見備註/See Remarks 7.1 (d)(vii)(a) ‧見備註/See Remarks 7.1 (e)(ii) ‧見備註/See Remarks 7.1 (d)(v)(a),
2019-04-15,2019-04-24,,第25B座 Tower 25B,7,D,,8623000,,招標文件支付辦法(TA1) Payment Plan (TA1) of Tender Document ‧見備註/See Remarks 7.1 (d)(iii)(a) ‧見備註/See Remarks 7.1 (d)(vi)(a) ‧見備註/See Remarks 7.1 (d)(vii)(a) ‧見備註/See Remarks 7.1 (e)(i) ‧見備註/See Remarks 7.1 (d)(v)(a),
2019-04-16,2019-04-25,,第27A座 Tower 27A,8,B,,7422200,,‧價單第1C號 (A3)付款辦法 Payment Plan (A3) of Price List No.1C ‧見備註/See Remarks 7.1 (c)(i)(a) ‧見備註/See Remarks 7.1 (c)(ii)(a) ‧見備註/See Remarks 7.1 (c)(iv)(a) ‧見備註/See Remarks 7.1 (d)(iv)(a) ‧見備註/See Remarks 7.1 (d)(iii)(a) ‧見備註/See Remarks 7.1 (d)(vi)(a) ‧見備註/See Remarks 7.1 (d)(vii)(a),
2019-04-16,2019-04-25,,第27B座 Tower 27B,2,A,,12276990,,招標文件支付辦法(TB1) Payment Plan (TB1) of Tender Document ‧見備註/See Remarks 7.1 (d)(ii)(a) ‧見備註/See Remarks 7.1 (d)(iii)(a) ‧見備註/See Remarks 7.1 (d)(vi)(a) ‧見備註/See Remarks 7.1 (d)(vii)(a) ‧見備註/See Remarks 7.1 (d)(viii)(a) ‧見備註/See Remarks 7.1 (e)(ii) ‧見備註/See Remarks 7.1 (d)(v)(a),
2019-04-17,2019-04-26,,第28座 Tower 28,1,C,,8127630,,招標文件支付辦法(TB1) Payment Plan (TB1) of Tender Document ‧見備註/See Remarks 7.1 (d)(ii)(a) ‧見備註/See Remarks 7.1 (d)(iii)(a) ‧見備註/See Remarks 7.1 (d)(vi)(a) ‧見備註/See Remarks 7.1 (d)(vii)(a) ‧見備註/See Remarks 7.1 (e)(ii) ‧見備註/See Remarks 7.1 (d)(v)(a),
2019-04-17,2019-04-26,,第25A座 Tower 25A,15,B,,10975800,,招標文件支付辦法(TA1) Payment Plan (TA1) of Tender Document ‧見備註/See Remarks 7.1 (d)(iii)(a) ‧見備註/See Remarks 7.1 (d)(vi)(a) ‧見備註/See Remarks 7.1 (d)(vii)(a) ‧見備註/See Remarks 7.1 (d)(viii)(a) ‧見備註/See Remarks 7.1 (e)(i) ‧見備註/See Remarks 7.1 (d)(v)(a),
2019-04-17,2019-04-26,,第25B座 Tower 25B,8,A,,8930000,,招標文件支付辦法(TB1) Payment Plan (TB1) of Tender Document ‧見備註/See Remarks 7.1 (d)(ii)(a) ‧見備註/See Remarks 7.1 (d)(iii)(a) ‧見備註/See Remarks 7.1 (d)(vi)(a) ‧見備註/See Remarks 7.1 (d)(vii)(a) ‧見備註/See Remarks 7.1 (e)(ii) ‧見備註/See Remarks 7.1 (d)(v)(a),
2019-04-17,2019-04-26,,第27A座 Tower 27A,11,D,,7953900,,‧價單第1C號 (A3)付款辦法 Payment Plan (A3) of Price List No.1C ‧見備註/See Remarks 7.1 (c)(i)(a) ‧見備註/See Remarks 7.1 (c)(ii)(a) ‧見備註/See Remarks 7.1 (c)(iv)(a) ‧見備註/See Remarks 7.1 (d)(iv)(a) ‧見備註/See Remarks 7.1 (d)(iii)(a) ‧見備註/See Remarks 7.1 (d)(vi)(a) ‧見備註/See Remarks 7.1 (d)(vii)(a),
2019-04-19,2019-04-29,,第28座 Tower 28,10,C,,7771900,,‧價單第2號 (B3)付款辦法 Payment Plan (B3) of Price List No.2 ‧見備註/See Remarks 7.1 (c)(i)(b) ‧見備註/See Remarks 7.1 (c)(ii)(a) ‧見備註/See Remarks 7.1 (c)(iii)(a) ‧見備註/See Remarks 7.1 (c)(iv)(a) ‧見備註/See Remarks 7.1 (d)(ii)(a) ‧見備註/See Remarks 7.1 (d)(iv)(a) ‧見備註/See Remarks 7.1 (d)(iii)(a) ‧見備註/See Remarks 7.1 (d)(vi)(a) ‧見備註/See Remarks 7.1 (d)(vii)(a),
2019-04-19,2019-04-29,,第28座 Tower 28,12,E,,4705000,,‧價單第2號 (B3)付款辦法 Payment Plan (B3) of Price List No.2 ‧見備註/See Remarks 7.1 (c)(i)(b) ‧見備註/See Remarks 7.1 (c)(ii)(a) ‧見備註/See Remarks 7.1 (c)(iii)(a) ‧見備註/See Remarks 7.1 (c)(iv)(a) ‧見備註/See Remarks 7.1 (d)(ii)(a) ‧見備註/See Remarks 7.1 (d)(iv)(a) ‧見備註/See Remarks 7.1 (d)(iii)(a) ‧見備註/See Remarks 7.1 (d)(vii)(a),
2019-04-19,2019-04-29,,第28座 Tower 28,10,E,,4594800,,‧價單第2號 (A3)付款辦法 Payment Plan (A3) of Price List No.2 ‧見備註/See Remarks 7.1 (c)(i)(a) ‧見備註/See Remarks 7.1 (c)(ii)(a) ‧見備註/See Remarks 7.1 (c)(iv)(a) ‧見備註/See Remarks 7.1 (d)(iv)(a) ‧見備註/See Remarks 7.1 (d)(iii)(a) ‧見備註/See Remarks 7.1 (d)(vii)(a),
2019-04-19,2019-04-29,,第28座 Tower 28,6,E,,4553600,,‧價單第2號 (A3)付款辦法 Payment Plan (A3) of Price List No.2 ‧見備註/See Remarks 7.1 (c)(i)(a) ‧見備註/See Remarks 7.1 (c)(ii)(a) ‧見備註/See Remarks 7.1 (c)(iv)(a) ‧見備註/See Remarks 7.1 (d)(iv)(a) ‧見備註/See Remarks 7.1 (d)(iii)(a) ‧見備註/See Remarks 7.1 (d)(vii)(a),
2019-04-19,2019-04-29,,第25B座 Tower 25B,8,B,,7440700,,‧價單第2號 (A3)付款辦法 Payment Plan (A3) of Price List No.2 ‧見備註/See Remarks 7.1 (c)(i)(a) ‧見備註/See Remarks 7.1 (c)(ii)(a) ‧見備註/See Remarks 7.1 (c)(iv)(a) ‧見備註/See Remarks 7.1 (d)(iv)(a) ‧見備註/See Remarks 7.1 (d)(iii)(a) ‧見備註/See Remarks 7.1 (d)(vi)(a) ‧見備註/See Remarks 7.1 (d)(vii)(a),
2019-04-19,2019-04-29,,第25B座 Tower 25B,6,B,,7396200,,‧價單第2號 (A3)付款辦法 Payment Plan (A3) of Price List No.2 ‧見備註/See Remarks 7.1 (c)(i)(a) ‧見備註/See Remarks 7.1 (c)(ii)(a) ‧見備註/See Remarks 7.1 (c)(iv)(a) ‧見備註/See Remarks 7.1 (d)(iv)(a) ‧見備註/See Remarks 7.1 (d)(iii)(a) ‧見備註/See Remarks 7.1 (d)(vi)(a) ‧見備註/See Remarks 7.1 (d)(vii)(a),
2019-04-20,2019-04-29,,第28座 Tower 28,11,E,,4609000,,‧價單第2號 (A3)付款辦法 Payment Plan (A3) of Price List No.2 ‧見備註/See Remarks 7.1 (c)(i)(a) ‧見備註/See Remarks 7.1 (c)(ii)(a) ‧見備註/See Remarks 7.1 (c)(iv)(a) ‧見備註/See Remarks 7.1 (d)(iv)(a) ‧見備註/See Remarks 7.1 (d)(iii)(a) ‧見備註/See Remarks 7.1 (d)(vii)(a),
2019-04-20,2019-04-29,,第28座 Tower 28,8,E,,4581300,,‧價單第2號 (A3)付款辦法 Payment Plan (A3) of Price List No.2 ‧見備註/See Remarks 7.1 (c)(i)(a) ‧見備註/See Remarks 7.1 (c)(ii)(a) ‧見備註/See Remarks 7.1 (c)(iv)(a) ‧見備註/See Remarks 7.1 (d)(iv)(a) ‧見備註/See Remarks 7.1 (d)(iii)(a) ‧見備註/See Remarks 7.1 (d)(vii)(a),
2019-04-20,2019-04-29,,第27A座 Tower 27A,11,C,,7530600,,‧價單第1C號 (A3)付款辦法 Payment Plan (A3) of Price List No.1C ‧見備註/See Remarks 7.1 (c)(i)(a) ‧見備註/See Remarks 7.1 (c)(ii)(a) ‧見備註/See Remarks 7.1 (c)(iv)(a) ‧見備註/See Remarks 7.1 (d)(iv)(a) ‧見備註/See Remarks 7.1 (d)(iii)(a) ‧見備註/See Remarks 7.1 (d)(vi)(a) ‧見備註/See Remarks 7.1 (d)(vii)(a),
2019-04-20,2019-04-29,,第27A座 Tower 27A,9,C,,7618900,"在31-05-2019，基於法例第35(2)(b)條所容許的原因 ，售價調整為$7,485,200。 On 31-05-2019, the price adjusted to $7,485,200 due to the reason allowed under section 35(2)(b) of the Ordinance.",‧價單第1C號 (B3)付款辦法 Payment Plan (B3) of Price List No.1C ‧見備註/See Remarks 7.1 (c)(i)(b) ‧見備註/See Remarks 7.1 (c)(ii)(a) ‧見備註/See Remarks 7.1 (c)(iii)(a) ‧見備註/See Remarks 7.1 (c)(iv)(a) ‧見備註/See Remarks 7.1 (d)(ii)(a) ‧見備註/See Remarks 7.1 (d)(iv)(a) ‧見備註/See Remarks 7.1 (d)(iii)(a) ‧見備註/See Remarks 7.1 (d)(vi)(a) ‧見備註/See Remarks 7.1 (d)(vii)(a),
2019-04-21,,,第27B座 Tower 27B,7,A,,12406900,,‧價單第2號 (B3)付款辦法 Payment Plan (B3) of Price List No.2 ‧見備註/See Remarks 7.1 (c)(i)(b) ‧見備註/See Remarks 7.1 (c)(ii)(a) ‧見備註/See Remarks 7.1 (c)(iii)(a) ‧見備註/See Remarks 7.1 (c)(iv)(a) ‧見備註/See Remarks 7.1 (d)(ii)(a) ‧見備註/See Remarks 7.1 (d)(iv)(a) ‧見備註/See Remarks 7.1 (d)(iii)(a) ‧見備註/See Remarks 7.1 (d)(vi)(a) ‧見備註/See Remarks 7.1 (d)(vii)(a) ‧見備註/See Remarks 7.1 (d)(viii)(a),
2019-04-23,2019-04-30,,第27B座 Tower 27B,7,D,,7872800,,‧價單第1C號 (B3)付款辦法 Payment Plan (B3) of Price List No.1C ‧見備註/See Remarks 7.1 (c)(i)(b) ‧見備註/See Remarks 7.1 (c)(ii)(a) ‧見備註/See Remarks 7.1 (c)(iii)(a) ‧見備註/See Remarks 7.1 (c)(iv)(a) ‧見備註/See Remarks 7.1 (d)(ii)(a) ‧見備註/See Remarks 7.1 (d)(iv)(a) ‧見備註/See Remarks 7.1 (d)(iii)(a) ‧見備註/See Remarks 7.1 (d)(vi)(a) ‧見備註/See Remarks 7.1 (d)(vii)(a),
2019-04-25,2019-05-03,,第28座 Tower 28,9,E,,4581300,,‧價單第2號 (A3)付款辦法 Payment Plan (A3) of Price List No.2 ‧見備註/See Remarks 7.1 (c)(i)(a) ‧見備註/See Remarks 7.1 (c)(ii)(a) ‧見備註/See Remarks 7.1 (c)(iv)(a) ‧見備註/See Remarks 7.1 (d)(iv)(a) ‧見備註/See Remarks 7.1 (d)(iii)(a) ‧見備註/See Remarks 7.1 (d)(vii)(a),
2019-04-26,2019-05-06,,第27A座 Tower 27A,11,F,,4621600,,‧價單第1C號 (A3)付款辦法 Payment Plan (A3) of Price List No.1C ‧見備註/See Remarks 7.1 (c)(i)(a) ‧見備註/See Remarks 7.1 (c)(ii)(a) ‧見備註/See Remarks 7.1 (c)(iv)(a) ‧見備註/See Remarks 7.1 (d)(iv)(a) ‧見備註/See Remarks 7.1 (d)(iii)(a) ‧見備註/See Remarks 7.1 (d)(vii)(a),
2019-04-27,2019-05-06,,第28座 Tower 28,11,D,,9296200,,‧價單第2號 (A3)付款辦法 Payment Plan (A3) of Price List No.2 ‧見備註/See Remarks 7.1 (c)(i)(a) ‧見備註/See Remarks 7.1 (c)(ii)(a) ‧見備註/See Remarks 7.1 (c)(iv)(a) ‧見備註/See Remarks 7.1 (d)(iv)(a) ‧見備註/See Remarks 7.1 (d)(iii)(a) ‧見備註/See Remarks 7.1 (d)(vi)(a) ‧見備註/See Remarks 7.1 (d)(vii)(a),
2019-04-27,2019-05-06,,第28座 Tower 28,7,E,,4567000,,‧價單第2號 (A3)付款辦法 Payment Plan (A3) of Price List No.2 ‧見備註/See Remarks 7.1 (c)(i)(a) ‧見備註/See Remarks 7.1 (c)(ii)(a) ‧見備註/See Remarks 7.1 (c)(iv)(a) ‧見備註/See Remarks 7.1 (d)(iv)(a) ‧見備註/See Remarks 7.1 (d)(iii)(a) ‧見備註/See Remarks 7.1 (d)(vii)(a),
2019-04-27,2019-05-06,,第25B座 Tower 25B,17,C,,7563400,,‧價單第2號 (A3)付款辦法 Payment Plan (A3) of Price List No.2 ‧見備註/See Remarks 7.1 (c)(i)(a) ‧見備註/See Remarks 7.1 (c)(ii)(a) ‧見備註/See Remarks 7.1 (c)(iv)(a) ‧見備註/See Remarks 7.1 (c)(v)(a) ‧見備註/See Remarks 7.1 (d)(iv)(a) ‧見備註/See Remarks 7.1 (d)(iii)(a) ‧見備註/See Remarks 7.1 (d)(vii)(a),
2019-04-27,2019-05-06,,第27A座 Tower 27A,12,A,,8677200,,‧價單第2號 (A3)付款辦法 Payment Plan (A3) of Price List No.2 ‧見備註/See Remarks 7.1 (c)(i)(a) ‧見備註/See Remarks 7.1 (c)(ii)(a) ‧見備註/See Remarks 7.1 (c)(iv)(a) ‧見備註/See Remarks 7.1 (d)(iv)(a) ‧見備註/See Remarks 7.1 (d)(iii)(a) ‧見備註/See Remarks 7.1 (d)(vi)(a) ‧見備註/See Remarks 7.1 (d)(vii)(a),
2019-04-28,2019-05-06,,第28座 Tower 28,9,C,,7748800,,‧價單第2號 (B3)付款辦法 Payment Plan (B3) of Price List No.2 ‧見備註/See Remarks 7.1 (c)(i)(b) ‧見備註/See Remarks 7.1 (c)(ii)(a) ‧見備註/See Remarks 7.1 (c)(iii)(a) ‧見備註/See Remarks 7.1 (c)(iv)(a) ‧見備註/See Remarks 7.1 (d)(ii)(a) ‧見備註/See Remarks 7.1 (d)(iv)(a) ‧見備註/See Remarks 7.1 (d)(iii)(a) ‧見備註/See Remarks 7.1 (d)(vi)(a) ‧見備註/See Remarks 7.1 (d)(vii)(a),
2019-04-28,2019-05-06,,第28座 Tower 28,5,E,,4540200,,‧價單第2號 (A3)付款辦法 Payment Plan (A3) of Price List No.2 ‧見備註/See Remarks 7.1 (c)(i)(a) ‧見備註/See Remarks 7.1 (c)(ii)(a) ‧見備註/See Remarks 7.1 (c)(iv)(a) ‧見備註/See Remarks 7.1 (d)(iv)(a) ‧見備註/See Remarks 7.1 (d)(iii)(a) ‧見備註/See Remarks 7.1 (d)(vii)(a),
2019-04-28,2019-05-06,,第27A座 Tower 27A,1,B,,7881300,,‧價單第1C號 (B3)付款辦法 Payment Plan (B3) of Price List No.1C ‧見備註/See Remarks 7.1 (c)(i)(b) ‧見備註/See Remarks 7.1 (c)(ii)(a) ‧見備註/See Remarks 7.1 (c)(iii)(a) ‧見備註/See Remarks 7.1 (c)(iv)(a) ‧見備註/See Remarks 7.1 (d)(ii)(a) ‧見備註/See Remarks 7.1 (d)(iv)(a) ‧見備註/See Remarks 7.1 (d)(iii)(a) ‧見備註/See Remarks 7.1 (d)(vi)(a) ‧見備註/See Remarks 7.1 (d)(vii)(a),
2019-04-30,2019-05-08,,第28座 Tower 28,3,E,,4526700,,‧價單第2號 (A3)付款辦法 Payment Plan (A3) of Price List No.2 ‧見備註/See Remarks 7.1 (c)(i)(a) ‧見備註/See Remarks 7.1 (c)(ii)(a) ‧見備註/See Remarks 7.1 (c)(iv)(a) ‧見備註/See Remarks 7.1 (d)(iv)(a) ‧見備註/See Remarks 7.1 (d)(iii)(a) ‧見備註/See Remarks 7.1 (d)(vii)(a),
2019-05-01,2019-05-08,,第28座 Tower 28,2,E,,4513300,,‧價單第2A號 (A4)付款辦法 Payment Plan (A4) of Price List No.2A ‧見備註/See Remarks 7.1 (c)(i)(a) ‧見備註/See Remarks 7.1 (c)(ii)(a) ‧見備註/See Remarks 7.1 (c)(iv)(a) ‧見備註/See Remarks 7.1 (d)(iv)(a) ‧見備註/See Remarks 7.1 (d)(iii)(a) ‧見備註/See Remarks 7.1 (d)(vii)(a),
2019-05-01,2019-05-08,,第25B座 Tower 25B,2,C,,7328100,,‧價單第2A號 (A4)付款辦法 Payment Plan (A4) of Price List No.2A ‧見備註/See Remarks 7.1 (c)(i)(a) ‧見備註/See Remarks 7.1 (c)(ii)(a) ‧見備註/See Remarks 7.1 (c)(iv)(a) ‧見備註/See Remarks 7.1 (d)(iv)(a) ‧見備註/See Remarks 7.1 (d)(iii)(a) ‧見備註/See Remarks 7.1 (d)(vi)(a) ‧見備註/See Remarks 7.1 (d)(vii)(a),
2019-05-01,2019-05-08,,第27A座 Tower 27A,2,D,,7575100,,‧價單第1D號 (A4)付款辦法 Payment Plan (A4) of Price List No.1D ‧見備註/See Remarks 7.1 (c)(i)(a) ‧見備註/See Remarks 7.1 (c)(ii)(a) ‧見備註/See Remarks 7.1 (c)(iv)(a) ‧見備註/See Remarks 7.1 (d)(iv)(a) ‧見備註/See Remarks 7.1 (d)(iii)(a) ‧見備註/See Remarks 7.1 (d)(vi)(a) ‧見備註/See Remarks 7.1 (d)(vii)(a),
2019-05-01,2019-05-08,,第27A座 Tower 27A,12,F,,4635100,,‧價單第1D號 (A4)付款辦法 Payment Plan (A4) of Price List No.1D ‧見備註/See Remarks 7.1 (c)(i)(a) ‧見備註/See Remarks 7.1 (c)(ii)(a) ‧見備註/See Remarks 7.1 (c)(iv)(a) ‧見備註/See Remarks 7.1 (d)(iv)(a) ‧見備註/See Remarks 7.1 (d)(iii)(a) ‧見備註/See Remarks 7.1 (d)(vii)(a),
2019-05-01,2019-05-08,,第27A座 Tower 27A,10,F,,4607400,,‧價單第1D號 (A4)付款辦法 Payment Plan (A4) of Price List No.1D ‧見備註/See Remarks 7.1 (c)(i)(a) ‧見備註/See Remarks 7.1 (c)(ii)(a) ‧見備註/See Remarks 7.1 (c)(iv)(a) ‧見備註/See Remarks 7.1 (d)(iv)(a) ‧見備註/See Remarks 7.1 (d)(iii)(a) ‧見備註/See Remarks 7.1 (d)(vii)(a),
2019-05-01,2019-05-08,,第27B座 Tower 27B,1,E,,4873600,,‧價單第1D號 (A4)付款辦法 Payment Plan (A4) of Price List No.1D ‧見備註/See Remarks 7.1 (c)(i)(a) ‧見備註/See Remarks 7.1 (c)(ii)(a) ‧見備註/See Remarks 7.1 (c)(iv)(a) ‧見備註/See Remarks 7.1 (d)(iv)(a) ‧見備註/See Remarks 7.1 (d)(iii)(a) ‧見備註/See Remarks 7.1 (d)(vii)(a),
2019-05-02,2019-05-09,2019-10-31,第27A座 Tower 27A,7,B,,7973000,"在18-06-2019，基於法例第35(2)(b)條所容許的原因 ，售價調整為$7,400,400。 On 18-06-2019, the price adjusted to $7,400,400 due to the reason allowed under section 35(2)(b) of the Ordinance.",‧價單第1D號 (B4)付款辦法 Payment Plan (B4) of Price List No.1D ‧見備註/See Remarks 7.1 (c)(i)(b) ‧見備註/See Remarks 7.1 (c)(iii)(a) ‧見備註/See Remarks 7.1 (c)(iv)(a) ‧見備註/See Remarks 7.1 (d)(i)(a) ‧見備註/See Remarks 7.1 (d)(ii)(a) ‧見備註/See Remarks 7.1 (d)(iv)(a) ‧見備註/See Remarks 7.1 (d)(iii)(a) ‧見備註/See Remarks 7.1 (d)(vi)(a) ‧見備註/See Remarks 7.1 (d)(vii)(a) ‧價單第1D號 (A4)付款辦法 Payment Plan (A4) of Price List No.1D ‧見備註/See Remarks 7.1 (c)(i)(a) ‧見備註/See Remarks 7.1 (c)(ii)(a) ‧見備註/See Remarks 7.1 (c)(iv)(a) ‧見備註/See Remarks 7.1 (d)(iv)(a) ‧見備註/See Remarks 7.1 (d)(iii)(a) ‧見備註/See Remarks 7.1 (d)(vi)(a) ‧見備註/See Remarks 7.1 (d)(vii)(a) ‧(在18-06-2019修訂) (revised on 18-06-2019),
2019-05-02,2019-05-09,,第27A座 Tower 27A,10,D,,7898500,,‧價單第1D號 (A4)付款辦法 Payment Plan (A4) of Price List No.1D ‧見備註/See Remarks 7.1 (c)(i)(a) ‧見備註/See Remarks 7.1 (c)(ii)(a) ‧見備註/See Remarks 7.1 (c)(iv)(a) ‧見備註/See Remarks 7.1 (d)(iv)(a) ‧見備註/See Remarks 7.1 (d)(iii)(a) ‧見備註/See Remarks 7.1 (d)(vi)(a) ‧見備註/See Remarks 7.1 (d)(vii)(a),
2019-05-04,2019-05-10,,第27A座 Tower 27A,11,A,,8651100,,‧價單第2A號 (A4)付款辦法 Payment Plan (A4) of Price List No.2A ‧見備註/See Remarks 7.1 (c)(i)(a) ‧見備註/See Remarks 7.1 (c)(ii)(a) ‧見備註/See Remarks 7.1 (c)(iv)(a) ‧見備註/See Remarks 7.1 (d)(iv)(a) ‧見備註/See Remarks 7.1 (d)(iii)(a) ‧見備註/See Remarks 7.1 (d)(vi)(a) ‧見備註/See Remarks 7.1 (d)(vii)(a),
2019-05-04,,,第27A座 Tower 27A,1,F,,4877800,,‧價單第1D號 (A4)付款辦法 Payment Plan (A4) of Price List No.1D ‧見備註/See Remarks 7.1 (c)(i)(a) ‧見備註/See Remarks 7.1 (c)(ii)(a) ‧見備註/See Remarks 7.1 (c)(iv)(a) ‧見備註/See Remarks 7.1 (d)(iv)(a) ‧見備註/See Remarks 7.1 (d)(iii)(a) ‧見備註/See Remarks 7.1 (d)(vii)(a),
2019-05-04,2019-05-10,,第27B座 Tower 27B,12,A,,12326200,,‧價單第2A號 (A4)付款辦法 Payment Plan (A4) of Price List No.2A ‧見備註/See Remarks 7.1 (c)(i)(a) ‧見備註/See Remarks 7.1 (c)(ii)(a) ‧見備註/See Remarks 7.1 (c)(iv)(a) ‧見備註/See Remarks 7.1 (c)(v)(a) ‧見備註/See Remarks 7.1 (d)(iv)(a) ‧見備註/See Remarks 7.1 (d)(iii)(a) ‧見備註/See Remarks 7.1 (d)(vii)(a) ‧見備註/See Remarks 7.1 (d)(viii)(a),
2019-05-05,2019-05-10,,第28座 Tower 28,1,E,,4800600,,‧價單第2A號 (A4)付款辦法 Payment Plan (A4) of Price List No.2A ‧見備註/See Remarks 7.1 (c)(i)(a) ‧見備註/See Remarks 7.1 (c)(ii)(a) ‧見備註/See Remarks 7.1 (c)(iv)(a) ‧見備註/See Remarks 7.1 (d)(iv)(a) ‧見備註/See Remarks 7.1 (d)(iii)(a) ‧見備註/See Remarks 7.1 (d)(vii)(a),
2019-05-05,2019-05-10,,第25B座 Tower 25B,17,B,,7575100,,‧價單第2A號 (A4)付款辦法 Payment Plan (A4) of Price List No.2A ‧見備註/See Remarks 7.1 (c)(i)(a) ‧見備註/See Remarks 7.1 (c)(ii)(a) ‧見備註/See Remarks 7.1 (c)(iv)(a) ‧見備註/See Remarks 7.1 (d)(iv)(a) ‧見備註/See Remarks 7.1 (d)(iii)(a) ‧見備註/See Remarks 7.1 (d)(vi)(a) ‧見備註/See Remarks 7.1 (d)(vii)(a),
2019-05-05,2019-05-10,,第27A座 Tower 27A,10,B,,7444900,,‧價單第1D號 (A4)付款辦法 Payment Plan (A4) of Price List No.1D ‧見備註/See Remarks 7.1 (c)(i)(a) ‧見備註/See Remarks 7.1 (c)(ii)(a) ‧見備註/See Remarks 7.1 (c)(iv)(a) ‧見備註/See Remarks 7.1 (d)(iv)(a) ‧見備註/See Remarks 7.1 (d)(iii)(a) ‧見備註/See Remarks 7.1 (d)(vi)(a) ‧見備註/See Remarks 7.1 (d)(vii)(a),
2019-05-05,2019-05-10,,第27A座 Tower 27A,10,C,,7497900,,‧價單第1D號 (A4)付款辦法 Payment Plan (A4) of Price List No.1D ‧見備註/See Remarks 7.1 (c)(i)(a) ‧見備註/See Remarks 7.1 (c)(ii)(a) ‧見備註/See Remarks 7.1 (c)(iv)(a) ‧見備註/See Remarks 7.1 (c)(v)(a) ‧見備註/See Remarks 7.1 (d)(iv)(a) ‧見備註/See Remarks 7.1 (d)(iii)(a) ‧見備註/See Remarks 7.1 (d)(vii)(a),
2019-05-05,2019-05-10,,第27A座 Tower 27A,9,F,,4593900,,‧價單第1D號 (A4)付款辦法 Payment Plan (A4) of Price List No.1D ‧見備註/See Remarks 7.1 (c)(i)(a) ‧見備註/See Remarks 7.1 (c)(ii)(a) ‧見備註/See Remarks 7.1 (c)(iv)(a) ‧見備註/See Remarks 7.1 (d)(iv)(a) ‧見備註/See Remarks 7.1 (d)(iii)(a) ‧見備註/See Remarks 7.1 (d)(vii)(a),
2019-05-08,2019-05-16,,第27B座 Tower 27B,7,A,,12179200,,‧價單第2A號 (A4)付款辦法 Payment Plan (A4) of Price List No.2A ‧見備註/See Remarks 7.1 (c)(i)(a) ‧見備註/See Remarks 7.1 (c)(ii)(a) ‧見備註/See Remarks 7.1 (c)(iv)(a) ‧見備註/See Remarks 7.1 (c)(v)(a) ‧見備註/See Remarks 7.1 (d)(iv)(a) ‧見備註/See Remarks 7.1 (d)(iii)(a) ‧見備註/See Remarks 7.1 (d)(vii)(a) ‧見備註/See Remarks 7.1 (d)(viii)(a),
2019-05-12,2019-05-20,,第28座 Tower 28,10,D,,9268500,,‧價單第2A號 (A4)付款辦法 Payment Plan (A4) of Price List No.2A ‧見備註/See Remarks 7.1 (c)(i)(a) ‧見備註/See Remarks 7.1 (c)(ii)(a) ‧見備註/See Remarks 7.1 (c)(iv)(a) ‧見備註/See Remarks 7.1 (d)(iv)(a) ‧見備註/See Remarks 7.1 (d)(iii)(a) ‧見備註/See Remarks 7.1 (d)(vi)(a) ‧見備註/See Remarks 7.1 (d)(vii)(a),
2019-05-13,2019-05-20,,第27A座 Tower 27A,12,B,,7489400,,‧價單第1D號 (A4)付款辦法 Payment Plan (A4) of Price List No.1D ‧見備註/See Remarks 7.1 (c)(i)(a) ‧見備註/See Remarks 7.1 (c)(ii)(a) ‧見備註/See Remarks 7.1 (c)(iv)(a) ‧見備註/See Remarks 7.1 (d)(iv)(a) ‧見備註/See Remarks 7.1 (d)(iii)(a) ‧見備註/See Remarks 7.1 (d)(vi)(a) ‧見備註/See Remarks 7.1 (d)(vii)(a),
2019-05-13,2019-05-20,,第27A座 Tower 27A,11,B,,7600000,,‧價單第1D號 (B4)付款辦法 Payment Plan (B4) of Price List No.1D ‧見備註/See Remarks 7.1 (c)(i)(b) ‧見備註/See Remarks 7.1 (c)(ii)(a) ‧見備註/See Remarks 7.1 (c)(iii)(a) ‧見備註/See Remarks 7.1 (c)(iv)(a) ‧見備註/See Remarks 7.1 (d)(ii)(a) ‧見備註/See Remarks 7.1 (d)(iv)(a) ‧見備註/See Remarks 7.1 (d)(iii)(a) ‧見備註/See Remarks 7.1 (d)(vi)(a) ‧見備註/See Remarks 7.1 (d)(vii)(a),
2019-05-13,2019-05-20,,第27B座 Tower 27B,8,C,,7514600,,‧價單第1D號 (A4)付款辦法 Payment Plan (A4) of Price List No.1D ‧見備註/See Remarks 7.1 (c)(i)(a) ‧見備註/See Remarks 7.1 (c)(ii)(a) ‧見備註/See Remarks 7.1 (c)(iv)(a) ‧見備註/See Remarks 7.1 (d)(iv)(a) ‧見備註/See Remarks 7.1 (d)(iii)(a) ‧見備註/See Remarks 7.1 (d)(vi)(a) ‧見備註/See Remarks 7.1 (d)(vii)(a),
2019-05-17,2019-05-24,,第27A座 Tower 27A,1,F,,4877800,,‧價單第1D號 (A4)付款辦法 Payment Plan (A4) of Price List No.1D ‧見備註/See Remarks 7.1 (c)(i)(a) ‧見備註/See Remarks 7.1 (c)(ii)(a) ‧見備註/See Remarks 7.1 (c)(iv)(a) ‧見備註/See Remarks 7.1 (d)(iv)(a) ‧見備註/See Remarks 7.1 (d)(iii)(a) ‧見備註/See Remarks 7.1 (d)(vii)(a),
2019-05-18,2019-05-24,,第28座 Tower 28,15,A,,26000500,,‧價單第3號 (A5)付款辦法 Payment Plan (A5) of Price List No.3 ‧見備註/See Remarks 7.1 (c)(i)(a) ‧見備註/See Remarks 7.1 (c)(ii)(a) ‧見備註/See Remarks 7.1 (c)(iv)(a) ‧見備註/See Remarks 7.1 (d)(ii)(f) ‧見備註/See Remarks 7.1 (d)(iv)(b) ‧見備註/See Remarks 7.1 (d)(iii)(b) ‧見備註/See Remarks 7.1 (d)(vii)(a) ‧見備註/See Remarks 7.1 (d)(viii)(a) ‧見備註/See Remarks 7.1 (d)(ix)(a),
2019-05-18,2019-05-24,2020-05-07,第28座 Tower 28,12,A,,16017900,,‧價單第3號 (A5)付款辦法 Payment Plan (A5) of Price List No.3 ‧見備註/See Remarks 7.1 (c)(i)(a) ‧見備註/See Remarks 7.1 (c)(ii)(a) ‧見備註/See Remarks 7.1 (c)(iv)(a) ‧見備註/See Remarks 7.1 (d)(ii)(f) ‧見備註/See Remarks 7.1 (d)(iv)(b) ‧見備註/See Remarks 7.1 (d)(iii)(b) ‧見備註/See Remarks 7.1 (d)(vii)(a) ‧見備註/See Remarks 7.1 (d)(viii)(a) ‧見備註/See Remarks 7.1 (d)(ix)(a),
2019-05-18,2019-05-24,,第28座 Tower 28,9,A,,15923000,,‧價單第3號 (A5)付款辦法 Payment Plan (A5) of Price List No.3 ‧見備註/See Remarks 7.1 (c)(i)(a) ‧見備註/See Remarks 7.1 (c)(ii)(a) ‧見備註/See Remarks 7.1 (c)(iv)(a) ‧見備註/See Remarks 7.1 (d)(ii)(f) ‧見備註/See Remarks 7.1 (d)(iv)(b) ‧見備註/See Remarks 7.1 (d)(iii)(b) ‧見備註/See Remarks 7.1 (d)(vii)(a) ‧見備註/See Remarks 7.1 (d)(viii)(a) ‧見備註/See Remarks 7.1 (d)(ix)(a),
2019-05-18,2019-05-24,,第28座 Tower 28,5,A,,15828100,,‧價單第3號 (A5)付款辦法 Payment Plan (A5) of Price List No.3 ‧見備註/See Remarks 7.1 (c)(i)(a) ‧見備註/See Remarks 7.1 (c)(ii)(a) ‧見備註/See Remarks 7.1 (c)(iv)(a) ‧見備註/See Remarks 7.1 (d)(ii)(f) ‧見備註/See Remarks 7.1 (d)(iv)(b) ‧見備註/See Remarks 7.1 (d)(iii)(b) ‧見備註/See Remarks 7.1 (d)(vii)(a) ‧見備註/See Remarks 7.1 (d)(viii)(a) ‧見備註/See Remarks 7.1 (d)(ix)(a),
2019-05-18,2019-05-24,,第28座 Tower 28,15,B,,18580800,,‧價單第3號 (A5)付款辦法 Payment Plan (A5) of Price List No.3 ‧見備註/See Remarks 7.1 (c)(i)(a) ‧見備註/See Remarks 7.1 (c)(ii)(a) ‧見備註/See Remarks 7.1 (c)(iv)(a) ‧見備註/See Remarks 7.1 (d)(ii)(f) ‧見備註/See Remarks 7.1 (d)(iv)(b) ‧見備註/See Remarks 7.1 (d)(iii)(b) ‧見備註/See Remarks 7.1 (d)(vii)(a) ‧見備註/See Remarks 7.1 (d)(viii)(a) ‧見備註/See Remarks 7.1 (d)(ix)(a),
2019-05-18,2019-05-24,,第23A座 Tower 23A,12,B,,7541500,,‧價單第3號 (A5)付款辦法 Payment Plan (A5) of Price List No.3 ‧見備註/See Remarks 7.1 (c)(i)(a) ‧見備註/See Remarks 7.1 (c)(ii)(a) ‧見備註/See Remarks 7.1 (c)(iv)(a) ‧見備註/See Remarks 7.1 (d)(ii)(f) ‧見備註/See Remarks 7.1 (d)(iv)(b) ‧見備註/See Remarks 7.1 (d)(iii)(b) ‧見備註/See Remarks 7.1 (d)(vi)(a) ‧見備註/See Remarks 7.1 (d)(vii)(a) ‧見備註/See Remarks 7.1 (d)(ix)(a),
2019-05-18,2019-05-24,,第23A座 Tower 23A,18,C,,7601100,,‧價單第3號 (A5)付款辦法 Payment Plan (A5) of Price List No.3 ‧見備註/See Remarks 7.1 (c)(i)(a) ‧見備註/See Remarks 7.1 (c)(ii)(a) ‧見備註/See Remarks 7.1 (c)(iv)(a) ‧見備註/See Remarks 7.1 (d)(ii)(f) ‧見備註/See Remarks 7.1 (d)(iv)(b) ‧見備註/See Remarks 7.1 (d)(iii)(b) ‧見備註/See Remarks 7.1 (d)(vi)(a) ‧見備註/See Remarks 7.1 (d)(vii)(a) ‧見備註/See Remarks 7.1 (d)(ix)(a),
2019-05-18,2019-05-24,,第23A座 Tower 23A,15,C,,7560000,,‧價單第3號 (A5)付款辦法 Payment Plan (A5) of Price List No.3 ‧見備註/See Remarks 7.1 (c)(i)(a) ‧見備註/See Remarks 7.1 (c)(ii)(a) ‧見備註/See Remarks 7.1 (c)(iv)(a) ‧見備註/See Remarks 7.1 (d)(ii)(f) ‧見備註/See Remarks 7.1 (d)(iv)(b) ‧見備註/See Remarks 7.1 (d)(iii)(b) ‧見備註/See Remarks 7.1 (d)(vi)(a) ‧見備註/See Remarks 7.1 (d)(vii)(a) ‧見備註/See Remarks 7.1 (d)(ix)(a),
2019-05-18,2019-05-24,,第23A座 Tower 23A,11,C,,7533100,,‧價單第3號 (A5)付款辦法 Payment Plan (A5) of Price List No.3 ‧見備註/See Remarks 7.1 (c)(i)(a) ‧見備註/See Remarks 7.1 (c)(ii)(a) ‧見備註/See Remarks 7.1 (c)(iv)(a) ‧見備註/See Remarks 7.1 (d)(ii)(f) ‧見備註/See Remarks 7.1 (d)(iv)(b) ‧見備註/See Remarks 7.1 (d)(iii)(b) ‧見備註/See Remarks 7.1 (d)(vi)(a) ‧見備註/See Remarks 7.1 (d)(vii)(a) ‧見備註/See Remarks 7.1 (d)(ix)(a),
2019-05-18,2019-05-24,,第23A座 Tower 23A,8,C,,7506200,,‧價單第3號 (A5)付款辦法 Payment Plan (A5) of Price List No.3 ‧見備註/See Remarks 7.1 (c)(i)(a) ‧見備註/See Remarks 7.1 (c)(ii)(a) ‧見備註/See Remarks 7.1 (c)(iv)(a) ‧見備註/See Remarks 7.1 (d)(ii)(f) ‧見備註/See Remarks 7.1 (d)(iv)(b) ‧見備註/See Remarks 7.1 (d)(iii)(b) ‧見備註/See Remarks 7.1 (d)(vi)(a) ‧見備註/See Remarks 7.1 (d)(vii)(a) ‧見備註/See Remarks 7.1 (d)(ix)(a),
2019-05-18,2019-05-24,,第23A座 Tower 23A,1,D,,8450400,,‧價單第3號 (A5)付款辦法 Payment Plan (A5) of Price List No.3 ‧見備註/See Remarks 7.1 (c)(i)(a) ‧見備註/See Remarks 7.1 (c)(ii)(a) ‧見備註/See Remarks 7.1 (c)(iv)(a) ‧見備註/See Remarks 7.1 (d)(ii)(f) ‧見備註/See Remarks 7.1 (d)(iv)(b) ‧見備註/See Remarks 7.1 (d)(iii)(b) ‧見備註/See Remarks 7.1 (d)(vi)(a) ‧見備註/See Remarks 7.1 (d)(vii)(a) ‧見備註/See Remarks 7.1 (d)(ix)(a),
2019-05-18,2019-05-24,,第23B座 Tower 23B,10,A,,10896400,,‧價單第3號 (A5)付款辦法 Payment Plan (A5) of Price List No.3 ‧見備註/See Remarks 7.1 (c)(i)(a) ‧見備註/See Remarks 7.1 (c)(ii)(a) ‧見備註/See Remarks 7.1 (c)(iv)(a) ‧見備註/See Remarks 7.1 (d)(ii)(f) ‧見備註/See Remarks 7.1 (d)(iv)(b) ‧見備註/See Remarks 7.1 (d)(iii)(b) ‧見備註/See Remarks 7.1 (d)(vi)(a) ‧見備註/See Remarks 7.1 (d)(vii)(a) ‧見備註/See Remarks 7.1 (d)(viii)(a) ‧見備註/See Remarks 7.1 (d)(ix)(a),
2019-05-18,2019-05-24,,第23B座 Tower 23B,18,B,,11035000,,‧價單第3號 (A5)付款辦法 Payment Plan (A5) of Price List No.3 ‧見備註/See Remarks 7.1 (c)(i)(a) ‧見備註/See Remarks 7.1 (c)(ii)(a) ‧見備註/See Remarks 7.1 (c)(iv)(a) ‧見備註/See Remarks 7.1 (d)(ii)(f) ‧見備註/See Remarks 7.1 (d)(iv)(b) ‧見備註/See Remarks 7.1 (d)(iii)(b) ‧見備註/See Remarks 7.1 (d)(vi)(a) ‧見備註/See Remarks 7.1 (d)(vii)(a) ‧見備註/See Remarks 7.1 (d)(viii)(a) ‧見備註/See Remarks 7.1 (d)(ix)(a),
2019-05-18,2019-05-24,,第23B座 Tower 23B,16,C,,9303000,,‧價單第3號 (A5)付款辦法 Payment Plan (A5) of Price List No.3 ‧見備註/See Remarks 7.1 (c)(i)(a) ‧見備註/See Remarks 7.1 (c)(ii)(a) ‧見備註/See Remarks 7.1 (c)(iv)(a) ‧見備註/See Remarks 7.1 (d)(ii)(f) ‧見備註/See Remarks 7.1 (d)(iv)(b) ‧見備註/See Remarks 7.1 (d)(iii)(b) ‧見備註/See Remarks 7.1 (d)(vi)(a) ‧見備註/See Remarks 7.1 (d)(vii)(a) ‧見備註/See Remarks 7.1 (d)(ix)(a),
2019-05-18,2019-05-24,,第23B座 Tower 23B,15,C,,9289500,,‧價單第3號 (A5)付款辦法 Payment Plan (A5) of Price List No.3 ‧見備註/See Remarks 7.1 (c)(i)(a) ‧見備註/See Remarks 7.1 (c)(ii)(a) ‧見備註/See Remarks 7.1 (c)(iv)(a) ‧見備註/See Remarks 7.1 (d)(ii)(f) ‧見備註/See Remarks 7.1 (d)(iv)(b) ‧見備註/See Remarks 7.1 (d)(iii)(b) ‧見備註/See Remarks 7.1 (d)(vi)(a) ‧見備註/See Remarks 7.1 (d)(vii)(a) ‧見備註/See Remarks 7.1 (d)(ix)(a),
2019-05-18,2019-05-24,,第23B座 Tower 23B,12,C,,9276900,,‧價單第3號 (A5)付款辦法 Payment Plan (A5) of Price List No.3 ‧見備註/See Remarks 7.1 (c)(i)(a) ‧見備註/See Remarks 7.1 (c)(ii)(a) ‧見備註/See Remarks 7.1 (c)(iv)(a) ‧見備註/See Remarks 7.1 (d)(ii)(f) ‧見備註/See Remarks 7.1 (d)(iv)(b) ‧見備註/See Remarks 7.1 (d)(iii)(b) ‧見備註/See Remarks 7.1 (d)(vi)(a) ‧見備註/See Remarks 7.1 (d)(vii)(a) ‧見備註/See Remarks 7.1 (d)(ix)(a),
2019-05-18,2019-05-24,,第23B座 Tower 23B,12,D,,9306300,,‧價單第3號 (A5)付款辦法 Payment Plan (A5) of Price List No.3 ‧見備註/See Remarks 7.1 (c)(i)(a) ‧見備註/See Remarks 7.1 (c)(ii)(a) ‧見備註/See Remarks 7.1 (c)(iv)(a) ‧見備註/See Remarks 7.1 (d)(ii)(f) ‧見備註/See Remarks 7.1 (d)(iv)(b) ‧見備註/See Remarks 7.1 (d)(iii)(b) ‧見備註/See Remarks 7.1 (d)(vi)(a) ‧見備註/See Remarks 7.1 (d)(vii)(a) ‧見備註/See Remarks 7.1 (d)(ix)(a),
2019-05-18,2019-05-24,,第23B座 Tower 23B,9,D,,9267700,,‧價單第3號 (A5)付款辦法 Payment Plan (A5) of Price List No.3 ‧見備註/See Remarks 7.1 (c)(i)(a) ‧見備註/See Remarks 7.1 (c)(ii)(a) ‧見備註/See Remarks 7.1 (c)(iv)(a) ‧見備註/See Remarks 7.1 (d)(ii)(f) ‧見備註/See Remarks 7.1 (d)(iv)(b) ‧見備註/See Remarks 7.1 (d)(iii)(b) ‧見備註/See Remarks 7.1 (d)(vi)(a) ‧見備註/See Remarks 7.1 (d)(vii)(a) ‧見備註/See Remarks 7.1 (d)(ix)(a),
2019-05-18,2019-05-24,,第23B座 Tower 23B,8,D,,9267700,,‧價單第3號 (A5)付款辦法 Payment Plan (A5) of Price List No.3 ‧見備註/See Remarks 7.1 (c)(i)(a) ‧見備註/See Remarks 7.1 (c)(ii)(a) ‧見備註/See Remarks 7.1 (c)(iv)(a) ‧見備註/See Remarks 7.1 (d)(ii)(f) ‧見備註/See Remarks 7.1 (d)(iv)(b) ‧見備註/See Remarks 7.1 (d)(iii)(b) ‧見備註/See Remarks 7.1 (d)(vi)(a) ‧見備註/See Remarks 7.1 (d)(vii)(a) ‧見備註/See Remarks 7.1 (d)(ix)(a),
2019-05-18,2019-05-24,,第23B座 Tower 23B,1,D,,10202600,,‧價單第3號 (A5)付款辦法 Payment Plan (A5) of Price List No.3 ‧見備註/See Remarks 7.1 (c)(i)(a) ‧見備註/See Remarks 7.1 (c)(ii)(a) ‧見備註/See Remarks 7.1 (c)(iv)(a) ‧見備註/See Remarks 7.1 (d)(ii)(f) ‧見備註/See Remarks 7.1 (d)(iv)(b) ‧見備註/See Remarks 7.1 (d)(iii)(b) ‧見備註/See Remarks 7.1 (d)(vi)(a) ‧見備註/See Remarks 7.1 (d)(vii)(a) ‧見備註/See Remarks 7.1 (d)(ix)(a),
2019-05-19,2019-05-24,,第28座 Tower 28,11,A,,15986800,,‧價單第3號 (A5)付款辦法 Payment Plan (A5) of Price List No.3 ‧見備註/See Remarks 7.1 (c)(i)(a) ‧見備註/See Remarks 7.1 (c)(ii)(a) ‧見備註/See Remarks 7.1 (c)(iv)(a) ‧見備註/See Remarks 7.1 (d)(ii)(f) ‧見備註/See Remarks 7.1 (d)(iv)(b) ‧見備註/See Remarks 7.1 (d)(iii)(b) ‧見備註/See Remarks 7.1 (d)(vii)(a) ‧見備註/See Remarks 7.1 (d)(viii)(a) ‧見備註/See Remarks 7.1 (d)(ix)(a),
2019-05-19,2019-05-24,,第28座 Tower 28,1,A,,16259000,,‧價單第3號 (A5)付款辦法 Payment Plan (A5) of Price List No.3 ‧見備註/See Remarks 7.1 (c)(i)(a) ‧見備註/See Remarks 7.1 (c)(ii)(a) ‧見備註/See Remarks 7.1 (c)(iv)(a) ‧見備註/See Remarks 7.1 (d)(ii)(f) ‧見備註/See Remarks 7.1 (d)(iv)(b) ‧見備註/See Remarks 7.1 (d)(iii)(b) ‧見備註/See Remarks 7.1 (d)(vii)(a) ‧見備註/See Remarks 7.1 (d)(viii)(a) ‧見備註/See Remarks 7.1 (d)(ix)(a),
2019-05-19,2019-05-24,,第23A座 Tower 23A,17,C,,7587700,,‧價單第3號 (A5)付款辦法 Payment Plan (A5) of Price List No.3 ‧見備註/See Remarks 7.1 (c)(i)(a) ‧見備註/See Remarks 7.1 (c)(ii)(a) ‧見備註/See Remarks 7.1 (c)(iv)(a) ‧見備註/See Remarks 7.1 (d)(ii)(f) ‧見備註/See Remarks 7.1 (d)(iv)(b) ‧見備註/See Remarks 7.1 (d)(iii)(b) ‧見備註/See Remarks 7.1 (d)(vi)(a) ‧見備註/See Remarks 7.1 (d)(vii)(a) ‧見備註/See Remarks 7.1 (d)(ix)(a),
2019-05-19,2019-05-24,,第23A座 Tower 23A,16,C,,7573400,,‧價單第3號 (A5)付款辦法 Payment Plan (A5) of Price List No.3 ‧見備註/See Remarks 7.1 (c)(i)(a) ‧見備註/See Remarks 7.1 (c)(ii)(a) ‧見備註/See Remarks 7.1 (c)(iv)(a) ‧見備註/See Remarks 7.1 (d)(ii)(f) ‧見備註/See Remarks 7.1 (d)(iv)(b) ‧見備註/See Remarks 7.1 (d)(iii)(b) ‧見備註/See Remarks 7.1 (d)(vi)(a) ‧見備註/See Remarks 7.1 (d)(vii)(a) ‧見備註/See Remarks 7.1 (d)(ix)(a),
2019-05-20,2019-05-27,,第28座 Tower 28,8,B,,14071600,,‧價單第3號 (A5)付款辦法 Payment Plan (A5) of Price List No.3 ‧見備註/See Remarks 7.1 (c)(i)(a) ‧見備註/See Remarks 7.1 (c)(ii)(a) ‧見備註/See Remarks 7.1 (c)(iv)(a) ‧見備註/See Remarks 7.1 (d)(ii)(f) ‧見備註/See Remarks 7.1 (d)(iv)(b) ‧見備註/See Remarks 7.1 (d)(iii)(b) ‧見備註/See Remarks 7.1 (d)(vi)(a) ‧見備註/See Remarks 7.1 (d)(vii)(a) ‧見備註/See Remarks 7.1 (d)(viii)(a) ‧見備註/See Remarks 7.1 (d)(ix)(a),
2019-05-21,2019-05-28,,第23A座 Tower 23A,12,C,,7671300,,‧價單第3號 (B5)付款辦法 Payment Plan (B5) of Price List No.3 ‧見備註/See Remarks 7.1 (c)(i)(b) ‧見備註/See Remarks 7.1 (c)(ii)(a) ‧見備註/See Remarks 7.1 (c)(iii)(a) ‧見備註/See Remarks 7.1 (c)(iv)(a) ‧見備註/See Remarks 7.1 (c)(v)(a) ‧見備註/See Remarks 7.1 (d)(ii)(d) ‧見備註/See Remarks 7.1 (d)(iv)(b) ‧見備註/See Remarks 7.1 (d)(iii)(b) ‧見備註/See Remarks 7.1 (d)(vii)(a) ‧見備註/See Remarks 7.1 (d)(ix)(a),
2019-05-22,2019-05-29,,第23A座 Tower 23A,9,C,,7506200,,‧價單第3號 (A5)付款辦法 Payment Plan (A5) of Price List No.3 ‧見備註/See Remarks 7.1 (c)(i)(a) ‧見備註/See Remarks 7.1 (c)(ii)(a) ‧見備註/See Remarks 7.1 (c)(iv)(a) ‧見備註/See Remarks 7.1 (d)(ii)(f) ‧見備註/See Remarks 7.1 (d)(iv)(b) ‧見備註/See Remarks 7.1 (d)(iii)(b) ‧見備註/See Remarks 7.1 (d)(vi)(a) ‧見備註/See Remarks 7.1 (d)(vii)(a) ‧見備註/See Remarks 7.1 (d)(ix)(a),
2019-05-24,2019-05-31,,第23A座 Tower 23A,10,C,,7519600,,‧價單第3號 (A5)付款辦法 Payment Plan (A5) of Price List No.3 ‧見備註/See Remarks 7.1 (c)(i)(a) ‧見備註/See Remarks 7.1 (c)(ii)(a) ‧見備註/See Remarks 7.1 (c)(iv)(a) ‧見備註/See Remarks 7.1 (d)(ii)(f) ‧見備註/See Remarks 7.1 (d)(iv)(b) ‧見備註/See Remarks 7.1 (d)(iii)(b) ‧見備註/See Remarks 7.1 (d)(vi)(a) ‧見備註/See Remarks 7.1 (d)(vii)(a) ‧見備註/See Remarks 7.1 (d)(ix)(a),
2019-05-25,2019-05-31,,第23A座 Tower 23A,6,C,,7479300,,‧價單第3號 (A5)付款辦法 Payment Plan (A5) of Price List No.3 ‧見備註/See Remarks 7.1 (c)(i)(a) ‧見備註/See Remarks 7.1 (c)(ii)(a) ‧見備註/See Remarks 7.1 (c)(iv)(a) ‧見備註/See Remarks 7.1 (d)(ii)(f) ‧見備註/See Remarks 7.1 (d)(iv)(b) ‧見備註/See Remarks 7.1 (d)(iii)(b) ‧見備註/See Remarks 7.1 (d)(vi)(a) ‧見備註/See Remarks 7.1 (d)(vii)(a) ‧見備註/See Remarks 7.1 (d)(ix)(a),
2019-05-26,2019-05-31,,第28座 Tower 28,10,A,,15954900,,‧價單第3號 (A5)付款辦法 Payment Plan (A5) of Price List No.3 ‧見備註/See Remarks 7.1 (c)(i)(a) ‧見備註/See Remarks 7.1 (c)(ii)(a) ‧見備註/See Remarks 7.1 (c)(iv)(a) ‧見備註/See Remarks 7.1 (d)(ii)(f) ‧見備註/See Remarks 7.1 (d)(iv)(b) ‧見備註/See Remarks 7.1 (d)(iii)(b) ‧見備註/See Remarks 7.1 (d)(vii)(a) ‧見備註/See Remarks 7.1 (d)(viii)(a) ‧見備註/See Remarks 7.1 (d)(ix)(a),
2019-05-26,2019-05-31,,第28座 Tower 28,6,A,,15859200,,‧價單第3號 (A5)付款辦法 Payment Plan (A5) of Price List No.3 ‧見備註/See Remarks 7.1 (c)(i)(a) ‧見備註/See Remarks 7.1 (c)(ii)(a) ‧見備註/See Remarks 7.1 (c)(iv)(a) ‧見備註/See Remarks 7.1 (d)(ii)(f) ‧見備註/See Remarks 7.1 (d)(iv)(b) ‧見備註/See Remarks 7.1 (d)(iii)(b) ‧見備註/See Remarks 7.1 (d)(vii)(a) ‧見備註/See Remarks 7.1 (d)(viii)(a) ‧見備註/See Remarks 7.1 (d)(ix)(a),
2019-05-26,2019-05-31,,第23A座 Tower 23A,7,C,,7492800,,‧價單第3號 (A5)付款辦法 Payment Plan (A5) of Price List No.3 ‧見備註/See Remarks 7.1 (c)(i)(a) ‧見備註/See Remarks 7.1 (c)(ii)(a) ‧見備註/See Remarks 7.1 (c)(iv)(a) ‧見備註/See Remarks 7.1 (d)(ii)(f) ‧見備註/See Remarks 7.1 (d)(iv)(b) ‧見備註/See Remarks 7.1 (d)(iii)(b) ‧見備註/See Remarks 7.1 (d)(vi)(a) ‧見備註/See Remarks 7.1 (d)(vii)(a) ‧見備註/See Remarks 7.1 (d)(ix)(a),
2019-05-26,2019-05-31,,第23A座 Tower 23A,16,D,,7554900,,‧價單第3號 (A5)付款辦法 Payment Plan (A5) of Price List No.3 ‧見備註/See Remarks 7.1 (c)(i)(a) ‧見備註/See Remarks 7.1 (c)(ii)(a) ‧見備註/See Remarks 7.1 (c)(iv)(a) ‧見備註/See Remarks 7.1 (d)(ii)(f) ‧見備註/See Remarks 7.1 (d)(iv)(b) ‧見備註/See Remarks 7.1 (d)(iii)(b) ‧見備註/See Remarks 7.1 (d)(vi)(a) ‧見備註/See Remarks 7.1 (d)(vii)(a) ‧見備註/See Remarks 7.1 (d)(ix)(a),
2019-05-26,2019-05-31,,第23A座 Tower 23A,8,D,,7502000,,‧價單第3號 (A5)付款辦法 Payment Plan (A5) of Price List No.3 ‧見備註/See Remarks 7.1 (c)(i)(a) ‧見備註/See Remarks 7.1 (c)(ii)(a) ‧見備註/See Remarks 7.1 (c)(iv)(a) ‧見備註/See Remarks 7.1 (d)(ii)(f) ‧見備註/See Remarks 7.1 (d)(iv)(b) ‧見備註/See Remarks 7.1 (d)(iii)(b) ‧見備註/See Remarks 7.1 (d)(vi)(a) ‧見備註/See Remarks 7.1 (d)(vii)(a) ‧見備註/See Remarks 7.1 (d)(ix)(a),
2019-05-26,2019-05-31,,第23B座 Tower 23B,16,A,,11153400,,‧價單第3號 (B5)付款辦法 Payment Plan (B5) of Price List No.3 ‧見備註/See Remarks 7.1 (c)(i)(b) ‧見備註/See Remarks 7.1 (c)(ii)(a) ‧見備註/See Remarks 7.1 (c)(iii)(a) ‧見備註/See Remarks 7.1 (c)(iv)(a) ‧見備註/See Remarks 7.1 (d)(ii)(d) ‧見備註/See Remarks 7.1 (d)(iv)(b) ‧見備註/See Remarks 7.1 (d)(iii)(b) ‧見備註/See Remarks 7.1 (d)(vi)(a) ‧見備註/See Remarks 7.1 (d)(vii)(a) ‧見備註/See Remarks 7.1 (d)(viii)(a) ‧見備註/See Remarks 7.1 (d)(ix)(a),
2019-05-26,2019-05-31,,第23B座 Tower 23B,1,A,,11605400,,‧價單第3號 (A5)付款辦法 Payment Plan (A5) of Price List No.3 ‧見備註/See Remarks 7.1 (c)(i)(a) ‧見備註/See Remarks 7.1 (c)(ii)(a) ‧見備註/See Remarks 7.1 (c)(iv)(a) ‧見備註/See Remarks 7.1 (d)(ii)(f) ‧見備註/See Remarks 7.1 (d)(iv)(b) ‧見備註/See Remarks 7.1 (d)(iii)(b) ‧見備註/See Remarks 7.1 (d)(vi)(a) ‧見備註/See Remarks 7.1 (d)(vii)(a) ‧見備註/See Remarks 7.1 (d)(viii)(a) ‧見備註/See Remarks 7.1 (d)(ix)(a),
2019-05-26,2019-05-31,,第23B座 Tower 23B,10,C,,9250900,,‧價單第3號 (A5)付款辦法 Payment Plan (A5) of Price List No.3 ‧見備註/See Remarks 7.1 (c)(i)(a) ‧見備註/See Remarks 7.1 (c)(ii)(a) ‧見備註/See Remarks 7.1 (c)(iv)(a) ‧見備註/See Remarks 7.1 (d)(ii)(f) ‧見備註/See Remarks 7.1 (d)(iv)(b) ‧見備註/See Remarks 7.1 (d)(iii)(b) ‧見備註/See Remarks 7.1 (d)(vi)(a) ‧見備註/See Remarks 7.1 (d)(vii)(a) ‧見備註/See Remarks 7.1 (d)(ix)(a),
2019-05-26,2019-05-31,,第23B座 Tower 23B,6,D,,9241600,,‧價單第3號 (A5)付款辦法 Payment Plan (A5) of Price List No.3 ‧見備註/See Remarks 7.1 (c)(i)(a) ‧見備註/See Remarks 7.1 (c)(ii)(a) ‧見備註/See Remarks 7.1 (c)(iv)(a) ‧見備註/See Remarks 7.1 (d)(ii)(f) ‧見備註/See Remarks 7.1 (d)(iv)(b) ‧見備註/See Remarks 7.1 (d)(iii)(b) ‧見備註/See Remarks 7.1 (d)(vi)(a) ‧見備註/See Remarks 7.1 (d)(vii)(a) ‧見備註/See Remarks 7.1 (d)(ix)(a),
2019-05-27,2019-06-03,,第28座 Tower 28,8,A,,15923000,,‧價單第3號 (A5)付款辦法 Payment Plan (A5) of Price List No.3 ‧見備註/See Remarks 7.1 (c)(i)(a) ‧見備註/See Remarks 7.1 (c)(ii)(a) ‧見備註/See Remarks 7.1 (c)(iv)(a) ‧見備註/See Remarks 7.1 (d)(ii)(f) ‧見備註/See Remarks 7.1 (d)(iv)(b) ‧見備註/See Remarks 7.1 (d)(iii)(b) ‧見備註/See Remarks 7.1 (d)(vii)(a) ‧見備註/See Remarks 7.1 (d)(viii)(a) ‧見備註/See Remarks 7.1 (d)(ix)(a),
2019-05-27,2019-06-03,2020-03-20,第28座 Tower 28,7,A,,15891100,,‧價單第3號 (A5)付款辦法 Payment Plan (A5) of Price List No.3 ‧見備註/See Remarks 7.1 (c)(i)(a) ‧見備註/See Remarks 7.1 (c)(ii)(a) ‧見備註/See Remarks 7.1 (c)(iv)(a) ‧見備註/See Remarks 7.1 (d)(ii)(f) ‧見備註/See Remarks 7.1 (d)(iv)(b) ‧見備註/See Remarks 7.1 (d)(iii)(b) ‧見備註/See Remarks 7.1 (d)(vii)(a) ‧見備註/See Remarks 7.1 (d)(viii)(a) ‧見備註/See Remarks 7.1 (d)(ix)(a),
2019-05-27,2019-06-03,2020-05-07,第28座 Tower 28,7,B,,14294700,,‧價單第3號 (B5)付款辦法 Payment Plan (B5) of Price List No.3 ‧見備註/See Remarks 7.1 (c)(i)(b) ‧見備註/See Remarks 7.1 (c)(ii)(a) ‧見備註/See Remarks 7.1 (c)(iii)(a) ‧見備註/See Remarks 7.1 (c)(iv)(a) ‧見備註/See Remarks 7.1 (d)(ii)(d) ‧見備註/See Remarks 7.1 (d)(iv)(b) ‧見備註/See Remarks 7.1 (d)(iii)(b) ‧見備註/See Remarks 7.1 (d)(vi)(a) ‧見備註/See Remarks 7.1 (d)(vii)(a) ‧見備註/See Remarks 7.1 (d)(viii)(a) ‧見備註/See Remarks 7.1 (d)(ix)(a),
2019-05-27,2019-06-03,,第23A座 Tower 23A,12,D,,7533900,,‧價單第3號 (A5)付款辦法 Payment Plan (A5) of Price List No.3 ‧見備註/See Remarks 7.1 (c)(i)(a) ‧見備註/See Remarks 7.1 (c)(ii)(a) ‧見備註/See Remarks 7.1 (c)(iv)(a) ‧見備註/See Remarks 7.1 (d)(ii)(f) ‧見備註/See Remarks 7.1 (d)(iv)(b) ‧見備註/See Remarks 7.1 (d)(iii)(b) ‧見備註/See Remarks 7.1 (d)(vi)(a) ‧見備註/See Remarks 7.1 (d)(vii)(a) ‧見備註/See Remarks 7.1 (d)(ix)(a),
2019-05-27,2019-06-03,,第23B座 Tower 23B,7,D,,9244200,,‧價單第3號 (A5)付款辦法 Payment Plan (A5) of Price List No.3 ‧見備註/See Remarks 7.1 (c)(i)(a) ‧見備註/See Remarks 7.1 (c)(ii)(a) ‧見備註/See Remarks 7.1 (c)(iv)(a) ‧見備註/See Remarks 7.1 (c)(v)(a) ‧見備註/See Remarks 7.1 (d)(ii)(f) ‧見備註/See Remarks 7.1 (d)(iv)(b) ‧見備註/See Remarks 7.1 (d)(iii)(b) ‧見備註/See Remarks 7.1 (d)(vii)(a) ‧見備註/See Remarks 7.1 (d)(ix)(a),
2019-05-28,2019-06-04,,第28座 Tower 28,1,B,,14379900,,‧價單第3號 (A5)付款辦法 Payment Plan (A5) of Price List No.3 ‧見備註/See Remarks 7.1 (c)(i)(a) ‧見備註/See Remarks 7.1 (c)(ii)(a) ‧見備註/See Remarks 7.1 (c)(iv)(a) ‧見備註/See Remarks 7.1 (d)(ii)(f) ‧見備註/See Remarks 7.1 (d)(iv)(b) ‧見備註/See Remarks 7.1 (d)(iii)(b) ‧見備註/See Remarks 7.1 (d)(vi)(a) ‧見備註/See Remarks 7.1 (d)(vii)(a) ‧見備註/See Remarks 7.1 (d)(viii)(a) ‧見備註/See Remarks 7.1 (d)(ix)(a),
2019-05-29,2019-06-05,,第23A座 Tower 23A,1,B,,8211600,,‧價單第3號 (B5)付款辦法 Payment Plan (B5) of Price List No.3 ‧見備註/See Remarks 7.1 (c)(i)(b) ‧見備註/See Remarks 7.1 (c)(ii)(a) ‧見備註/See Remarks 7.1 (c)(iii)(a) ‧見備註/See Remarks 7.1 (c)(iv)(a) ‧見備註/See Remarks 7.1 (c)(v)(a) ‧見備註/See Remarks 7.1 (d)(ii)(d) ‧見備註/See Remarks 7.1 (d)(iv)(b) ‧見備註/See Remarks 7.1 (d)(iii)(b) ‧見備註/See Remarks 7.1 (d)(vii)(a) ‧見備註/See Remarks 7.1 (d)(ix)(a),
2019-05-30,2019-06-06,,第23A座 Tower 23A,15,D,,7534800,,‧價單第3號 (A5)付款辦法 Payment Plan (A5) of Price List No.3 ‧見備註/See Remarks 7.1 (c)(i)(a) ‧見備註/See Remarks 7.1 (c)(ii)(a) ‧見備註/See Remarks 7.1 (c)(iv)(a) ‧見備註/See Remarks 7.1 (c)(v)(a) ‧見備註/See Remarks 7.1 (d)(ii)(f) ‧見備註/See Remarks 7.1 (d)(iv)(b) ‧見備註/See Remarks 7.1 (d)(iii)(b) ‧見備註/See Remarks 7.1 (d)(vii)(a) ‧見備註/See Remarks 7.1 (d)(ix)(a),
2019-05-30,2019-06-06,,第23B座 Tower 23B,10,D,,9280300,,‧價單第3號 (A5)付款辦法 Payment Plan (A5) of Price List No.3 ‧見備註/See Remarks 7.1 (c)(i)(a) ‧見備註/See Remarks 7.1 (c)(ii)(a) ‧見備註/See Remarks 7.1 (c)(iv)(a) ‧見備註/See Remarks 7.1 (d)(ii)(f) ‧見備註/See Remarks 7.1 (d)(iv)(b) ‧見備註/See Remarks 7.1 (d)(iii)(b) ‧見備註/See Remarks 7.1 (d)(vi)(a) ‧見備註/See Remarks 7.1 (d)(vii)(a) ‧見備註/See Remarks 7.1 (d)(ix)(a),
2019-05-31,2019-06-10,,第23B座 Tower 23B,1,B,,11281200,,‧價單第3號 (A5)付款辦法 Payment Plan (A5) of Price List No.3 ‧見備註/See Remarks 7.1 (c)(i)(a) ‧見備註/See Remarks 7.1 (c)(ii)(a) ‧見備註/See Remarks 7.1 (c)(iv)(a) ‧見備註/See Remarks 7.1 (d)(ii)(f) ‧見備註/See Remarks 7.1 (d)(iv)(b) ‧見備註/See Remarks 7.1 (d)(iii)(b) ‧見備註/See Remarks 7.1 (d)(vi)(a) ‧見備註/See Remarks 7.1 (d)(vii)(a) ‧見備註/See Remarks 7.1 (d)(viii)(a) ‧見備註/See Remarks 7.1 (d)(ix)(a),
2019-05-31,2019-06-10,,第23B座 Tower 23B,16,D,,9332400,,‧價單第3號 (A5)付款辦法 Payment Plan (A5) of Price List No.3 ‧見備註/See Remarks 7.1 (c)(i)(a) ‧見備註/See Remarks 7.1 (c)(ii)(a) ‧見備註/See Remarks 7.1 (c)(iv)(a) ‧見備註/See Remarks 7.1 (d)(ii)(f) ‧見備註/See Remarks 7.1 (d)(iv)(b) ‧見備註/See Remarks 7.1 (d)(iii)(b) ‧見備註/See Remarks 7.1 (d)(vi)(a) ‧見備註/See Remarks 7.1 (d)(vii)(a) ‧見備註/See Remarks 7.1 (d)(ix)(a),
2019-05-31,2019-06-10,,第23B座 Tower 23B,11,D,,9292900,,‧價單第3號 (A5)付款辦法 Payment Plan (A5) of Price List No.3 ‧見備註/See Remarks 7.1 (c)(i)(a) ‧見備註/See Remarks 7.1 (c)(ii)(a) ‧見備註/See Remarks 7.1 (c)(iv)(a) ‧見備註/See Remarks 7.1 (d)(ii)(f) ‧見備註/See Remarks 7.1 (d)(iv)(b) ‧見備註/See Remarks 7.1 (d)(iii)(b) ‧見備註/See Remarks 7.1 (d)(vi)(a) ‧見備註/See Remarks 7.1 (d)(vii)(a) ‧見備註/See Remarks 7.1 (d)(ix)(a),
2019-06-01,2019-06-10,,第28座 Tower 28,3,A,,15796200,,‧價單第3號 (A5)付款辦法 Payment Plan (A5) of Price List No.3 ‧見備註/See Remarks 7.1 (c)(i)(a) ‧見備註/See Remarks 7.1 (c)(ii)(a) ‧見備註/See Remarks 7.1 (c)(iv)(a) ‧見備註/See Remarks 7.1 (d)(ii)(f) ‧見備註/See Remarks 7.1 (d)(iv)(b) ‧見備註/See Remarks 7.1 (d)(iii)(b) ‧見備註/See Remarks 7.1 (d)(vii)(a) ‧見備註/See Remarks 7.1 (d)(viii)(a) ‧見備註/See Remarks 7.1 (d)(ix)(a),
2019-06-01,2019-06-10,,第23A座 Tower 23A,17,D,,7565800,,‧價單第3號 (A5)付款辦法 Payment Plan (A5) of Price List No.3 ‧見備註/See Remarks 7.1 (c)(i)(a) ‧見備註/See Remarks 7.1 (c)(ii)(a) ‧見備註/See Remarks 7.1 (c)(iv)(a) ‧見備註/See Remarks 7.1 (d)(ii)(f) ‧見備註/See Remarks 7.1 (d)(iv)(b) ‧見備註/See Remarks 7.1 (d)(iii)(b) ‧見備註/See Remarks 7.1 (d)(vi)(a) ‧見備註/See Remarks 7.1 (d)(vii)(a) ‧見備註/See Remarks 7.1 (d)(ix)(a),
2019-06-01,2019-06-10,,第23A座 Tower 23A,11,D,,7523000,,‧價單第3號 (A5)付款辦法 Payment Plan (A5) of Price List No.3 ‧見備註/See Remarks 7.1 (c)(i)(a) ‧見備註/See Remarks 7.1 (c)(ii)(a) ‧見備註/See Remarks 7.1 (c)(iv)(a) ‧見備註/See Remarks 7.1 (d)(ii)(f) ‧見備註/See Remarks 7.1 (d)(iv)(b) ‧見備註/See Remarks 7.1 (d)(iii)(b) ‧見備註/See Remarks 7.1 (d)(vi)(a) ‧見備註/See Remarks 7.1 (d)(vii)(a) ‧見備註/See Remarks 7.1 (d)(ix)(a),
2019-06-01,2019-06-10,,第23B座 Tower 23B,17,D,,9345000,,‧價單第3號 (A5)付款辦法 Payment Plan (A5) of Price List No.3 ‧見備註/See Remarks 7.1 (c)(i)(a) ‧見備註/See Remarks 7.1 (c)(ii)(a) ‧見備註/See Remarks 7.1 (c)(iv)(a) ‧見備註/See Remarks 7.1 (d)(ii)(f) ‧見備註/See Remarks 7.1 (d)(iv)(b) ‧見備註/See Remarks 7.1 (d)(iii)(b) ‧見備註/See Remarks 7.1 (d)(vi)(a) ‧見備註/See Remarks 7.1 (d)(vii)(a) ‧見備註/See Remarks 7.1 (d)(ix)(a),
2019-06-01,2019-06-10,,第23B座 Tower 23B,15,D,,9318900,,‧價單第3號 (A5)付款辦法 Payment Plan (A5) of Price List No.3 ‧見備註/See Remarks 7.1 (c)(i)(a) ‧見備註/See Remarks 7.1 (c)(ii)(a) ‧見備註/See Remarks 7.1 (c)(iv)(a) ‧見備註/See Remarks 7.1 (d)(ii)(f) ‧見備註/See Remarks 7.1 (d)(iv)(b) ‧見備註/See Remarks 7.1 (d)(iii)(b) ‧見備註/See Remarks 7.1 (d)(vi)(a) ‧見備註/See Remarks 7.1 (d)(vii)(a) ‧見備註/See Remarks 7.1 (d)(ix)(a),
2019-06-02,2019-06-10,,第23A座 Tower 23A,1,A,,8043000,,‧價單第3號 (A5)付款辦法 Payment Plan (A5) of Price List No.3 ‧見備註/See Remarks 7.1 (c)(i)(a) ‧見備註/See Remarks 7.1 (c)(ii)(a) ‧見備註/See Remarks 7.1 (c)(iv)(a) ‧見備註/See Remarks 7.1 (d)(ii)(f) ‧見備註/See Remarks 7.1 (d)(iv)(b) ‧見備註/See Remarks 7.1 (d)(iii)(b) ‧見備註/See Remarks 7.1 (d)(vi)(a) ‧見備註/See Remarks 7.1 (d)(vii)(a) ‧見備註/See Remarks 7.1 (d)(ix)(a),
2019-06-02,2019-06-10,,第23A座 Tower 23A,5,C,,7465900,,‧價單第3號 (A5)付款辦法 Payment Plan (A5) of Price List No.3 ‧見備註/See Remarks 7.1 (c)(i)(a) ‧見備註/See Remarks 7.1 (c)(ii)(a) ‧見備註/See Remarks 7.1 (c)(iv)(a) ‧見備註/See Remarks 7.1 (d)(ii)(f) ‧見備註/See Remarks 7.1 (d)(iv)(b) ‧見備註/See Remarks 7.1 (d)(iii)(b) ‧見備註/See Remarks 7.1 (d)(vi)(a) ‧見備註/See Remarks 7.1 (d)(vii)(a) ‧見備註/See Remarks 7.1 (d)(ix)(a),
2019-06-02,2019-06-10,,第23A座 Tower 23A,18,D,,7575900,,‧價單第3號 (A5)付款辦法 Payment Plan (A5) of Price List No.3 ‧見備註/See Remarks 7.1 (c)(i)(a) ‧見備註/See Remarks 7.1 (c)(ii)(a) ‧見備註/See Remarks 7.1 (c)(iv)(a) ‧見備註/See Remarks 7.1 (d)(ii)(f) ‧見備註/See Remarks 7.1 (d)(iv)(b) ‧見備註/See Remarks 7.1 (d)(iii)(b) ‧見備註/See Remarks 7.1 (d)(vi)(a) ‧見備註/See Remarks 7.1 (d)(vii)(a) ‧見備註/See Remarks 7.1 (d)(ix)(a),
2019-06-02,2019-06-10,,第23A座 Tower 23A,9,D,,7502000,,‧價單第3號 (A5)付款辦法 Payment Plan (A5) of Price List No.3 ‧見備註/See Remarks 7.1 (c)(i)(a) ‧見備註/See Remarks 7.1 (c)(ii)(a) ‧見備註/See Remarks 7.1 (c)(iv)(a) ‧見備註/See Remarks 7.1 (d)(ii)(f) ‧見備註/See Remarks 7.1 (d)(iv)(b) ‧見備註/See Remarks 7.1 (d)(iii)(b) ‧見備註/See Remarks 7.1 (d)(vi)(a) ‧見備註/See Remarks 7.1 (d)(vii)(a) ‧見備註/See Remarks 7.1 (d)(ix)(a),
2019-06-02,2019-06-10,,第23B座 Tower 23B,17,C,,9315600,,‧價單第3號 (A5)付款辦法 Payment Plan (A5) of Price List No.3 ‧見備註/See Remarks 7.1 (c)(i)(a) ‧見備註/See Remarks 7.1 (c)(ii)(a) ‧見備註/See Remarks 7.1 (c)(iv)(a) ‧見備註/See Remarks 7.1 (d)(ii)(f) ‧見備註/See Remarks 7.1 (d)(iv)(b) ‧見備註/See Remarks 7.1 (d)(iii)(b) ‧見備註/See Remarks 7.1 (d)(vi)(a) ‧見備註/See Remarks 7.1 (d)(vii)(a) ‧見備註/See Remarks 7.1 (d)(ix)(a),
2019-06-03,2019-06-11,,第23A座 Tower 23A,10,D,,7512900,,‧價單第3號 (A5)付款辦法 Payment Plan (A5) of Price List No.3 ‧見備註/See Remarks 7.1 (c)(i)(a) ‧見備註/See Remarks 7.1 (c)(ii)(a) ‧見備註/See Remarks 7.1 (c)(iv)(a) ‧見備註/See Remarks 7.1 (d)(ii)(f) ‧見備註/See Remarks 7.1 (d)(iv)(b) ‧見備註/See Remarks 7.1 (d)(iii)(b) ‧見備註/See Remarks 7.1 (d)(vi)(a) ‧見備註/See Remarks 7.1 (d)(vii)(a) ‧見備註/See Remarks 7.1 (d)(ix)(a),
2019-06-03,2019-06-11,,第23B座 Tower 23B,11,C,,9263500,,‧價單第3號 (A5)付款辦法 Payment Plan (A5) of Price List No.3 ‧見備註/See Remarks 7.1 (c)(i)(a) ‧見備註/See Remarks 7.1 (c)(ii)(a) ‧見備註/See Remarks 7.1 (c)(iv)(a) ‧見備註/See Remarks 7.1 (d)(ii)(f) ‧見備註/See Remarks 7.1 (d)(iv)(b) ‧見備註/See Remarks 7.1 (d)(iii)(b) ‧見備註/See Remarks 7.1 (d)(vi)(a) ‧見備註/See Remarks 7.1 (d)(vii)(a) ‧見備註/See Remarks 7.1 (d)(ix)(a),
2019-06-03,2019-06-11,,第23B座 Tower 23B,18,D,,9358400,,‧價單第3號 (A5)付款辦法 Payment Plan (A5) of Price List No.3 ‧見備註/See Remarks 7.1 (c)(i)(a) ‧見備註/See Remarks 7.1 (c)(ii)(a) ‧見備註/See Remarks 7.1 (c)(iv)(a) ‧見備註/See Remarks 7.1 (d)(ii)(f) ‧見備註/See Remarks 7.1 (d)(iv)(b) ‧見備註/See Remarks 7.1 (d)(iii)(b) ‧見備註/See Remarks 7.1 (d)(vi)(a) ‧見備註/See Remarks 7.1 (d)(vii)(a) ‧見備註/See Remarks 7.1 (d)(ix)(a),
2019-06-04,2019-06-12,,第23A座 Tower 23A,6,D,,7614600,,‧價單第3號 (B5)付款辦法 Payment Plan (B5) of Price List No.3 ‧見備註/See Remarks 7.1 (c)(i)(b) ‧見備註/See Remarks 7.1 (c)(ii)(a) ‧見備註/See Remarks 7.1 (c)(iii)(a) ‧見備註/See Remarks 7.1 (c)(iv)(a) ‧見備註/See Remarks 7.1 (d)(ii)(d) ‧見備註/See Remarks 7.1 (d)(iv)(b) ‧見備註/See Remarks 7.1 (d)(iii)(b) ‧見備註/See Remarks 7.1 (d)(vi)(a) ‧見備註/See Remarks 7.1 (d)(vii)(a) ‧見備註/See Remarks 7.1 (d)(ix)(a),
2019-06-04,2019-06-12,,第23B座 Tower 23B,18,C,,9319000,,‧價單第3號 (A5)付款辦法 Payment Plan (A5) of Price List No.3 ‧見備註/See Remarks 7.1 (c)(i)(a) ‧見備註/See Remarks 7.1 (c)(ii)(a) ‧見備註/See Remarks 7.1 (c)(iv)(a) ‧見備註/See Remarks 7.1 (c)(v)(a) ‧見備註/See Remarks 7.1 (d)(ii)(f) ‧見備註/See Remarks 7.1 (d)(iv)(b) ‧見備註/See Remarks 7.1 (d)(iii)(b) ‧見備註/See Remarks 7.1 (d)(vii)(a) ‧見備註/See Remarks 7.1 (d)(ix)(a),
2019-06-04,2019-06-12,,第23B座 Tower 23B,9,C,,9238300,,‧價單第3號 (A5)付款辦法 Payment Plan (A5) of Price List No.3 ‧見備註/See Remarks 7.1 (c)(i)(a) ‧見備註/See Remarks 7.1 (c)(ii)(a) ‧見備註/See Remarks 7.1 (c)(iv)(a) ‧見備註/See Remarks 7.1 (d)(ii)(f) ‧見備註/See Remarks 7.1 (d)(iv)(b) ‧見備註/See Remarks 7.1 (d)(iii)(b) ‧見備註/See Remarks 7.1 (d)(vi)(a) ‧見備註/See Remarks 7.1 (d)(vii)(a) ‧見備註/See Remarks 7.1 (d)(ix)(a),
2019-06-05,2019-06-13,,第23B座 Tower 23B,8,C,,9238300,,‧價單第3號 (A5)付款辦法 Payment Plan (A5) of Price List No.3 ‧見備註/See Remarks 7.1 (c)(i)(a) ‧見備註/See Remarks 7.1 (c)(ii)(a) ‧見備註/See Remarks 7.1 (c)(iv)(a) ‧見備註/See Remarks 7.1 (d)(ii)(f) ‧見備註/See Remarks 7.1 (d)(iv)(b) ‧見備註/See Remarks 7.1 (d)(iii)(b) ‧見備註/See Remarks 7.1 (d)(vi)(a) ‧見備註/See Remarks 7.1 (d)(vii)(a) ‧見備註/See Remarks 7.1 (d)(ix)(a),
2019-06-05,2019-06-13,,第23B座 Tower 23B,1,C,,9923700,,‧價單第3號 (A5)付款辦法 Payment Plan (A5) of Price List No.3 ‧見備註/See Remarks 7.1 (c)(i)(a) ‧見備註/See Remarks 7.1 (c)(ii)(a) ‧見備註/See Remarks 7.1 (c)(iv)(a) ‧見備註/See Remarks 7.1 (d)(ii)(f) ‧見備註/See Remarks 7.1 (d)(iv)(b) ‧見備註/See Remarks 7.1 (d)(iii)(b) ‧見備註/See Remarks 7.1 (d)(vi)(a) ‧見備註/See Remarks 7.1 (d)(vii)(a) ‧見備註/See Remarks 7.1 (d)(ix)(a),
2019-06-05,2019-06-13,,第23B座 Tower 23B,5,D,,9228200,,‧價單第3號 (A5)付款辦法 Payment Plan (A5) of Price List No.3 ‧見備註/See Remarks 7.1 (c)(i)(a) ‧見備註/See Remarks 7.1 (c)(ii)(a) ‧見備註/See Remarks 7.1 (c)(iv)(a) ‧見備註/See Remarks 7.1 (d)(ii)(f) ‧見備註/See Remarks 7.1 (d)(iv)(b) ‧見備註/See Remarks 7.1 (d)(iii)(b) ‧見備註/See Remarks 7.1 (d)(vi)(a) ‧見備註/See Remarks 7.1 (d)(vii)(a) ‧見備註/See Remarks 7.1 (d)(ix)(a),
2019-06-06,2019-06-14,,第28座 Tower 28,10,B,,14100200,,‧價單第3號 (A5)付款辦法 Payment Plan (A5) of Price List No.3 ‧見備註/See Remarks 7.1 (c)(i)(a) ‧見備註/See Remarks 7.1 (c)(ii)(a) ‧見備註/See Remarks 7.1 (c)(iv)(a) ‧見備註/See Remarks 7.1 (d)(ii)(f) ‧見備註/See Remarks 7.1 (d)(iv)(b) ‧見備註/See Remarks 7.1 (d)(iii)(b) ‧見備註/See Remarks 7.1 (d)(vi)(a) ‧見備註/See Remarks 7.1 (d)(vii)(a) ‧見備註/See Remarks 7.1 (d)(viii)(a) ‧見備註/See Remarks 7.1 (d)(ix)(a),
2019-06-06,2019-06-14,,第23A座 Tower 23A,11,B,,8292600,,‧價單第3號 (B5)付款辦法 Payment Plan (B5) of Price List No.3 ‧見備註/See Remarks 7.1 (c)(i)(b) ‧見備註/See Remarks 7.1 (c)(ii)(a) ‧見備註/See Remarks 7.1 (c)(iv)(a) ‧見備註/See Remarks 7.1 (d)(ii)(e) ‧見備註/See Remarks 7.1 (d)(iv)(b) ‧見備註/See Remarks 7.1 (d)(iii)(b) ‧見備註/See Remarks 7.1 (d)(vi)(a) ‧見備註/See Remarks 7.1 (d)(vii)(a) ‧見備註/See Remarks 7.1 (d)(ix)(a),
2019-06-06,2019-06-14,,第23A座 Tower 23A,7,D,,7491900,,‧價單第3號 (A5)付款辦法 Payment Plan (A5) of Price List No.3 ‧見備註/See Remarks 7.1 (c)(i)(a) ‧見備註/See Remarks 7.1 (c)(ii)(a) ‧見備註/See Remarks 7.1 (c)(iv)(a) ‧見備註/See Remarks 7.1 (d)(ii)(f) ‧見備註/See Remarks 7.1 (d)(iv)(b) ‧見備註/See Remarks 7.1 (d)(iii)(b) ‧見備註/See Remarks 7.1 (d)(vi)(a) ‧見備註/See Remarks 7.1 (d)(vii)(a) ‧見備註/See Remarks 7.1 (d)(ix)(a),
2019-06-07,2019-06-14,,第23A座 Tower 23A,5,D,,7470900,,‧價單第3號 (A5)付款辦法 Payment Plan (A5) of Price List No.3 ‧見備註/See Remarks 7.1 (c)(i)(a) ‧見備註/See Remarks 7.1 (c)(ii)(a) ‧見備註/See Remarks 7.1 (c)(iv)(a) ‧見備註/See Remarks 7.1 (d)(ii)(f) ‧見備註/See Remarks 7.1 (d)(iv)(b) ‧見備註/See Remarks 7.1 (d)(iii)(b) ‧見備註/See Remarks 7.1 (d)(vi)(a) ‧見備註/See Remarks 7.1 (d)(vii)(a) ‧見備註/See Remarks 7.1 (d)(ix)(a),
2019-06-07,2019-06-14,,第23B座 Tower 23B,7,C,,9225700,,‧價單第3號 (A5)付款辦法 Payment Plan (A5) of Price List No.3 ‧見備註/See Remarks 7.1 (c)(i)(a) ‧見備註/See Remarks 7.1 (c)(ii)(a) ‧見備註/See Remarks 7.1 (c)(iv)(a) ‧見備註/See Remarks 7.1 (d)(ii)(f) ‧見備註/See Remarks 7.1 (d)(iv)(b) ‧見備註/See Remarks 7.1 (d)(iii)(b) ‧見備註/See Remarks 7.1 (d)(vi)(a) ‧見備註/See Remarks 7.1 (d)(vii)(a) ‧見備註/See Remarks 7.1 (d)(ix)(a),
2019-06-07,2019-06-14,,第23B座 Tower 23B,6,C,,9212200,,‧價單第3號 (A5)付款辦法 Payment Plan (A5) of Price List No.3 ‧見備註/See Remarks 7.1 (c)(i)(a) ‧見備註/See Remarks 7.1 (c)(ii)(a) ‧見備註/See Remarks 7.1 (c)(iv)(a) ‧見備註/See Remarks 7.1 (d)(ii)(f) ‧見備註/See Remarks 7.1 (d)(iv)(b) ‧見備註/See Remarks 7.1 (d)(iii)(b) ‧見備註/See Remarks 7.1 (d)(vi)(a) ‧見備註/See Remarks 7.1 (d)(vii)(a) ‧見備註/See Remarks 7.1 (d)(ix)(a),
2019-06-07,2019-06-14,,第23B座 Tower 23B,3,D,,9215600,,‧價單第3號 (A5)付款辦法 Payment Plan (A5) of Price List No.3 ‧見備註/See Remarks 7.1 (c)(i)(a) ‧見備註/See Remarks 7.1 (c)(ii)(a) ‧見備註/See Remarks 7.1 (c)(iv)(a) ‧見備註/See Remarks 7.1 (d)(ii)(f) ‧見備註/See Remarks 7.1 (d)(iv)(b) ‧見備註/See Remarks 7.1 (d)(iii)(b) ‧見備註/See Remarks 7.1 (d)(vi)(a) ‧見備註/See Remarks 7.1 (d)(vii)(a) ‧見備註/See Remarks 7.1 (d)(ix)(a),
2019-06-08,2019-06-14,,第23A座 Tower 23A,1,C,,8199200,,‧價單第3號 (A5)付款辦法 Payment Plan (A5) of Price List No.3 ‧見備註/See Remarks 7.1 (c)(i)(a) ‧見備註/See Remarks 7.1 (c)(ii)(a) ‧見備註/See Remarks 7.1 (c)(iv)(a) ‧見備註/See Remarks 7.1 (d)(ii)(f) ‧見備註/See Remarks 7.1 (d)(iv)(b) ‧見備註/See Remarks 7.1 (d)(iii)(b) ‧見備註/See Remarks 7.1 (d)(vi)(a) ‧見備註/See Remarks 7.1 (d)(vii)(a) ‧見備註/See Remarks 7.1 (d)(ix)(a),
2019-06-08,2019-06-14,,第23B座 Tower 23B,5,C,,9199600,,‧價單第3號 (A5)付款辦法 Payment Plan (A5) of Price List No.3 ‧見備註/See Remarks 7.1 (c)(i)(a) ‧見備註/See Remarks 7.1 (c)(ii)(a) ‧見備註/See Remarks 7.1 (c)(iv)(a) ‧見備註/See Remarks 7.1 (d)(ii)(f) ‧見備註/See Remarks 7.1 (d)(iv)(b) ‧見備註/See Remarks 7.1 (d)(iii)(b) ‧見備註/See Remarks 7.1 (d)(vi)(a) ‧見備註/See Remarks 7.1 (d)(vii)(a) ‧見備註/See Remarks 7.1 (d)(ix)(a),
2019-06-08,2019-06-14,,第23B座 Tower 23B,3,C,,9186200,,‧價單第3號 (A5)付款辦法 Payment Plan (A5) of Price List No.3 ‧見備註/See Remarks 7.1 (c)(i)(a) ‧見備註/See Remarks 7.1 (c)(ii)(a) ‧見備註/See Remarks 7.1 (c)(iv)(a) ‧見備註/See Remarks 7.1 (d)(ii)(f) ‧見備註/See Remarks 7.1 (d)(iv)(b) ‧見備註/See Remarks 7.1 (d)(iii)(b) ‧見備註/See Remarks 7.1 (d)(vi)(a) ‧見備註/See Remarks 7.1 (d)(vii)(a) ‧見備註/See Remarks 7.1 (d)(ix)(a),
2019-06-09,2019-06-14,,第23A座 Tower 23A,18,B,,7583500,,‧價單第3號 (A5)付款辦法 Payment Plan (A5) of Price List No.3 ‧見備註/See Remarks 7.1 (c)(i)(a) ‧見備註/See Remarks 7.1 (c)(ii)(a) ‧見備註/See Remarks 7.1 (c)(iv)(a) ‧見備註/See Remarks 7.1 (d)(ii)(f) ‧見備註/See Remarks 7.1 (d)(iv)(b) ‧見備註/See Remarks 7.1 (d)(iii)(b) ‧見備註/See Remarks 7.1 (d)(vi)(a) ‧見備註/See Remarks 7.1 (d)(vii)(a) ‧見備註/See Remarks 7.1 (d)(ix)(a),
2019-06-09,2019-06-14,,第23A座 Tower 23A,17,B,,7573400,,‧價單第3號 (A5)付款辦法 Payment Plan (A5) of Price List No.3 ‧見備註/See Remarks 7.1 (c)(i)(a) ‧見備註/See Remarks 7.1 (c)(ii)(a) ‧見備註/See Remarks 7.1 (c)(iv)(a) ‧見備註/See Remarks 7.1 (d)(ii)(f) ‧見備註/See Remarks 7.1 (d)(iv)(b) ‧見備註/See Remarks 7.1 (d)(iii)(b) ‧見備註/See Remarks 7.1 (d)(vi)(a) ‧見備註/See Remarks 7.1 (d)(vii)(a) ‧見備註/See Remarks 7.1 (d)(ix)(a),
2019-06-09,2019-06-14,,第23A座 Tower 23A,3,C,,7452400,,‧價單第3號 (A5)付款辦法 Payment Plan (A5) of Price List No.3 ‧見備註/See Remarks 7.1 (c)(i)(a) ‧見備註/See Remarks 7.1 (c)(ii)(a) ‧見備註/See Remarks 7.1 (c)(iv)(a) ‧見備註/See Remarks 7.1 (d)(ii)(f) ‧見備註/See Remarks 7.1 (d)(iv)(b) ‧見備註/See Remarks 7.1 (d)(iii)(b) ‧見備註/See Remarks 7.1 (d)(vi)(a) ‧見備註/See Remarks 7.1 (d)(vii)(a) ‧見備註/See Remarks 7.1 (d)(ix)(a),
2019-06-09,2019-06-14,,第23B座 Tower 23B,16,B,,11004000,,‧價單第3號 (A5)付款辦法 Payment Plan (A5) of Price List No.3 ‧見備註/See Remarks 7.1 (c)(i)(a) ‧見備註/See Remarks 7.1 (c)(ii)(a) ‧見備註/See Remarks 7.1 (c)(iv)(a) ‧見備註/See Remarks 7.1 (d)(ii)(f) ‧見備註/See Remarks 7.1 (d)(iv)(b) ‧見備註/See Remarks 7.1 (d)(iii)(b) ‧見備註/See Remarks 7.1 (d)(vi)(a) ‧見備註/See Remarks 7.1 (d)(vii)(a) ‧見備註/See Remarks 7.1 (d)(viii)(a) ‧見備註/See Remarks 7.1 (d)(ix)(a),
2019-06-10,2019-06-17,,第23A座 Tower 23A,16,B,,7562500,,‧價單第3號 (A5)付款辦法 Payment Plan (A5) of Price List No.3 ‧見備註/See Remarks 7.1 (c)(i)(a) ‧見備註/See Remarks 7.1 (c)(ii)(a) ‧見備註/See Remarks 7.1 (c)(iv)(a) ‧見備註/See Remarks 7.1 (d)(ii)(f) ‧見備註/See Remarks 7.1 (d)(iv)(b) ‧見備註/See Remarks 7.1 (d)(iii)(b) ‧見備註/See Remarks 7.1 (d)(vi)(a) ‧見備註/See Remarks 7.1 (d)(vii)(a) ‧見備註/See Remarks 7.1 (d)(ix)(a),
2019-06-10,2019-06-17,,第23A座 Tower 23A,2,C,,7439000,,‧價單第3號 (A5)付款辦法 Payment Plan (A5) of Price List No.3 ‧見備註/See Remarks 7.1 (c)(i)(a) ‧見備註/See Remarks 7.1 (c)(ii)(a) ‧見備註/See Remarks 7.1 (c)(iv)(a) ‧見備註/See Remarks 7.1 (d)(ii)(f) ‧見備註/See Remarks 7.1 (d)(iv)(b) ‧見備註/See Remarks 7.1 (d)(iii)(b) ‧見備註/See Remarks 7.1 (d)(vi)(a) ‧見備註/See Remarks 7.1 (d)(vii)(a) ‧見備註/See Remarks 7.1 (d)(ix)(a),
2019-06-10,2019-06-17,,第23B座 Tower 23B,17,B,,11009100,,‧價單第3號 (A5)付款辦法 Payment Plan (A5) of Price List No.3 ‧見備註/See Remarks 7.1 (c)(i)(a) ‧見備註/See Remarks 7.1 (c)(ii)(a) ‧見備註/See Remarks 7.1 (c)(iv)(a) ‧見備註/See Remarks 7.1 (c)(v)(a) ‧見備註/See Remarks 7.1(d)(ii)(f) ‧見備註/See Remarks 7.1 (d)(iv)(b) ‧見備註/See Remarks 7.1 (d)(vii)(a) ‧見備註/See Remarks 7.1 (d)(viii)(a),
2019-06-11,2019-06-18,,第23B座 Tower 23B,2,D,,9203000,,‧價單第3號 (A5)付款辦法 Payment Plan (A5) of Price List No.3 ‧見備註/See Remarks 7.1 (c)(i)(a) ‧見備註/See Remarks 7.1 (c)(ii)(a) ‧見備註/See Remarks 7.1 (c)(iv)(a) ‧見備註/See Remarks 7.1 (d)(ii)(f) ‧見備註/See Remarks 7.1 (d)(iv)(b) ‧見備註/See Remarks 7.1 (d)(iii)(b) ‧見備註/See Remarks 7.1 (d)(vi)(a) ‧見備註/See Remarks 7.1 (d)(vii)(a) ‧見備註/See Remarks 7.1 (d)(ix)(a),
2019-06-12,2019-06-19,,第28座 Tower 28,5,B,,15403100,,‧價單第3號 (B5)付款辦法 Payment Plan (B5) of Price List No.3 ‧見備註/See Remarks 7.1 (c)(i)(b) ‧見備註/See Remarks 7.1 (c)(ii)(a) ‧見備註/See Remarks 7.1 (c)(iv)(a) ‧見備註/See Remarks 7.1 (d)(ii)(e) ‧見備註/See Remarks 7.1 (d)(iv)(b) ‧見備註/See Remarks 7.1 (d)(iii)(b) ‧見備註/See Remarks 7.1 (d)(vi)(a) ‧見備註/See Remarks 7.1 (d)(vii)(a) ‧見備註/See Remarks 7.1 (d)(viii)(a) ‧見備註/See Remarks 7.1 (d)(ix)(a),
2019-06-12,2019-06-19,,第23A座 Tower 23A,3,D,,7460800,,‧價單第3號 (A5)付款辦法 Payment Plan (A5) of Price List No.3 ‧見備註/See Remarks 7.1 (c)(i)(a) ‧見備註/See Remarks 7.1 (c)(ii)(a) ‧見備註/See Remarks 7.1 (c)(iv)(a) ‧見備註/See Remarks 7.1 (d)(ii)(f) ‧見備註/See Remarks 7.1 (d)(iv)(b) ‧見備註/See Remarks 7.1 (d)(iii)(b) ‧見備註/See Remarks 7.1 (d)(vi)(a) ‧見備註/See Remarks 7.1 (d)(vii)(a) ‧見備註/See Remarks 7.1 (d)(ix)(a),
2019-06-15,2019-06-21,,第23A座 Tower 23A,9,A,,7494400,,‧價單第3號 (A5)付款辦法 Payment Plan (A5) of Price List No.3 ‧見備註/See Remarks 7.1 (c)(i)(a) ‧見備註/See Remarks 7.1 (c)(ii)(a) ‧見備註/See Remarks 7.1 (c)(iv)(a) ‧見備註/See Remarks 7.1 (d)(ii)(f) ‧見備註/See Remarks 7.1 (d)(iv)(b) ‧見備註/See Remarks 7.1 (d)(iii)(b) ‧見備註/See Remarks 7.1 (d)(vi)(a) ‧見備註/See Remarks 7.1 (d)(vii)(a) ‧見備註/See Remarks 7.1 (d)(ix)(a),
2019-06-16,2019-06-21,,第23A座 Tower 23A,17,A,,7558300,,‧價單第3號 (A5)付款辦法 Payment Plan (A5) of Price List No.3 ‧見備註/See Remarks 7.1 (c)(i)(a) ‧見備註/See Remarks 7.1 (c)(ii)(a) ‧見備註/See Remarks 7.1 (c)(iv)(a) ‧見備註/See Remarks 7.1 (d)(ii)(f) ‧見備註/See Remarks 7.1 (d)(iv)(b) ‧見備註/See Remarks 7.1 (d)(iii)(b) ‧見備註/See Remarks 7.1 (d)(vi)(a) ‧見備註/See Remarks 7.1 (d)(vii)(a) ‧見備註/See Remarks 7.1 (d)(ix)(a),
2019-06-16,2019-06-21,,第23A座 Tower 23A,15,B,,7551600,,‧價單第3號 (A5)付款辦法 Payment Plan (A5) of Price List No.3 ‧見備註/See Remarks 7.1 (c)(i)(a) ‧見備註/See Remarks 7.1 (c)(ii)(a) ‧見備註/See Remarks 7.1 (c)(iv)(a) ‧見備註/See Remarks 7.1 (d)(ii)(f) ‧見備註/See Remarks 7.1 (d)(iv)(b) ‧見備註/See Remarks 7.1 (d)(iii)(b) ‧見備註/See Remarks 7.1 (d)(vi)(a) ‧見備註/See Remarks 7.1 (d)(vii)(a) ‧見備註/See Remarks 7.1 (d)(ix)(a),
2019-06-20,2019-06-27,,第23B座 Tower 23B,12,B,,10972900,,‧價單第3號 (A5)付款辦法 Payment Plan (A5) of Price List No.3 ‧見備註/See Remarks 7.1 (c)(i)(a) ‧見備註/See Remarks 7.1 (c)(ii)(a) ‧見備註/See Remarks 7.1 (c)(iv)(a) ‧見備註/See Remarks 7.1 (d)(ii)(f) ‧見備註/See Remarks 7.1 (d)(iv)(b) ‧見備註/See Remarks 7.1 (d)(iii)(b) ‧見備註/See Remarks 7.1 (d)(vi)(a) ‧見備註/See Remarks 7.1 (d)(vii)(a) ‧見備註/See Remarks 7.1 (d)(viii)(a) ‧見備註/See Remarks 7.1 (d)(ix)(a),
2019-06-21,2019-06-28,,第28座 Tower 28,2,A,,15764200,,‧價單第3號 (A5)付款辦法 Payment Plan (A5) of Price List No.3 ‧見備註/See Remarks 7.1 (c)(i)(a) ‧見備註/See Remarks 7.1 (c)(ii)(a) ‧見備註/See Remarks 7.1 (c)(iv)(a) ‧見備註/See Remarks 7.1 (d)(ii)(f) ‧見備註/See Remarks 7.1 (d)(iv)(b) ‧見備註/See Remarks 7.1 (d)(iii)(b) ‧見備註/See Remarks 7.1 (d)(vii)(a) ‧見備註/See Remarks 7.1 (d)(viii)(a) ‧見備註/See Remarks 7.1 (d)(ix)(a),
2019-06-22,2019-06-28,,第28座 Tower 28,12,B,,14155600,,‧價單第3號 (A5)付款辦法 Payment Plan (A5) of Price List No.3 ‧見備註/See Remarks 7.1 (c)(i)(a) ‧見備註/See Remarks 7.1 (c)(ii)(a) ‧見備註/See Remarks 7.1 (c)(iv)(a) ‧見備註/See Remarks 7.1 (d)(ii)(f) ‧見備註/See Remarks 7.1 (d)(iv)(b) ‧見備註/See Remarks 7.1 (d)(iii)(b) ‧見備註/See Remarks 7.1 (d)(vi)(a) ‧見備註/See Remarks 7.1 (d)(vii)(a) ‧見備註/See Remarks 7.1 (d)(viii)(a) ‧見備註/See Remarks 7.1 (d)(ix)(a),
2019-06-23,2019-06-28,,第23A座 Tower 23A,18,A,,7568400,,‧價單第3號 (A5)付款辦法 Payment Plan (A5) of Price List No.3 ‧見備註/See Remarks 7.1 (c)(i)(a) ‧見備註/See Remarks 7.1 (c)(ii)(a) ‧見備註/See Remarks 7.1 (c)(iv)(a) ‧見備註/See Remarks 7.1 (d)(ii)(f) ‧見備註/See Remarks 7.1 (d)(iv)(b) ‧見備註/See Remarks 7.1 (d)(iii)(b) ‧見備註/See Remarks 7.1 (d)(vi)(a) ‧見備註/See Remarks 7.1 (d)(vii)(a) ‧見備註/See Remarks 7.1 (d)(ix)(a),
2019-06-24,2019-07-02,,第23A座 Tower 23A,2,D,,7449900,,‧價單第3號 (A5)付款辦法 Payment Plan (A5) of Price List No.3 ‧見備註/See Remarks 7.1 (c)(i)(a) ‧見備註/See Remarks 7.1 (c)(ii)(a) ‧見備註/See Remarks 7.1 (c)(iv)(a) ‧見備註/See Remarks 7.1 (d)(ii)(f) ‧見備註/See Remarks 7.1 (d)(iv)(b) ‧見備註/See Remarks 7.1 (d)(iii)(b) ‧見備註/See Remarks 7.1 (d)(vi)(a) ‧見備註/See Remarks 7.1 (d)(vii)(a) ‧見備註/See Remarks 7.1 (d)(ix)(a),
2019-06-24,2019-07-02,,第23B座 Tower 23B,2,C,,9173600,,‧價單第3號 (A5)付款辦法 Payment Plan (A5) of Price List No.3 ‧見備註/See Remarks 7.1 (c)(i)(a) ‧見備註/See Remarks 7.1 (c)(ii)(a) ‧見備註/See Remarks 7.1 (c)(iv)(a) ‧見備註/See Remarks 7.1 (d)(ii)(f) ‧見備註/See Remarks 7.1 (d)(iv)(b) ‧見備註/See Remarks 7.1 (d)(iii)(b) ‧見備註/See Remarks 7.1 (d)(vi)(a) ‧見備註/See Remarks 7.1 (d)(vii)(a) ‧見備註/See Remarks 7.1 (d)(ix)(a),
2019-06-26,2019-07-04,,第23A座 Tower 23A,15,A,,7671000,,‧價單第3號 (B5)付款辦法 Payment Plan (B5) of Price List No.3 ‧見備註/See Remarks 7.1 (c)(i)(b) ‧見備註/See Remarks 7.1 (c)(ii)(a) ‧見備註/See Remarks 7.1 (c)(iii)(a) ‧見備註/See Remarks 7.1 (c)(iv)(a) ‧見備註/See Remarks 7.1 (d)(ii)(d) ‧見備註/See Remarks 7.1 (d)(iv)(b) ‧見備註/See Remarks 7.1 (d)(iii)(b) ‧見備註/See Remarks 7.1 (d)(vi)(a) ‧見備註/See Remarks 7.1 (d)(vii)(a) ‧見備註/See Remarks 7.1 (d)(ix)(a),
2019-06-29,2019-07-08,,第28座 Tower 28,3,B,,15362500,,‧價單第3號 (B5)付款辦法 Payment Plan (B5) of Price List No.3 ‧見備註/See Remarks 7.1 (c)(i)(b) ‧見備註/See Remarks 7.1 (c)(ii)(a) ‧見備註/See Remarks 7.1 (c)(iv)(a) ‧見備註/See Remarks 7.1 (c)(v)(a) ‧見備註/See Remarks 7.1 (d)(ii)(e) ‧見備註/See Remarks 7.1 (d)(iv)(b) ‧見備註/See Remarks 7.1 (d)(iii)(b) ‧見備註/See Remarks 7.1 (d)(vii)(a) ‧見備註/See Remarks 7.1 (d)(viii)(a) ‧見備註/See Remarks 7.1 (d)(ix)(a),
2019-06-29,2019-07-08,,第23A座 Tower 23A,16,A,,7547400,,‧價單第3號 (A5)付款辦法 Payment Plan (A5) of Price List No.3 ‧見備註/See Remarks 7.1 (c)(i)(a) ‧見備註/See Remarks 7.1 (c)(ii)(a) ‧見備註/See Remarks 7.1 (c)(iv)(a) ‧見備註/See Remarks 7.1 (d)(ii)(f) ‧見備註/See Remarks 7.1 (d)(iv)(b) ‧見備註/See Remarks 7.1 (d)(iii)(b) ‧見備註/See Remarks 7.1 (d)(vi)(a) ‧見備註/See Remarks 7.1 (d)(vii)(a) ‧見備註/See Remarks 7.1 (d)(ix)(a),
2019-06-29,2019-07-08,,第23A座 Tower 23A,12,A,,7526400,,‧價單第3號 (A5)付款辦法 Payment Plan (A5) of Price List No.3 ‧見備註/See Remarks 7.1 (c)(i)(a) ‧見備註/See Remarks 7.1 (c)(ii)(a) ‧見備註/See Remarks 7.1 (c)(iv)(a) ‧見備註/See Remarks 7.1 (d)(ii)(f) ‧見備註/See Remarks 7.1 (d)(iv)(b) ‧見備註/See Remarks 7.1 (d)(iii)(b) ‧見備註/See Remarks 7.1 (d)(vi)(a) ‧見備註/See Remarks 7.1 (d)(vii)(a) ‧見備註/See Remarks 7.1 (d)(ix)(a),
2019-06-29,2019-07-08,,第23A座 Tower 23A,10,B,,7520500,,‧價單第3號 (A5)付款辦法 Payment Plan (A5) of Price List No.3 ‧見備註/See Remarks 7.1 (c)(i)(a) ‧見備註/See Remarks 7.1 (c)(ii)(a) ‧見備註/See Remarks 7.1 (c)(iv)(a) ‧見備註/See Remarks 7.1 (d)(ii)(f) ‧見備註/See Remarks 7.1 (d)(iv)(b) ‧見備註/See Remarks 7.1 (d)(iii)(b) ‧見備註/See Remarks 7.1 (d)(vi)(a) ‧見備註/See Remarks 7.1 (d)(vii)(a) ‧見備註/See Remarks 7.1 (d)(ix)(a),
2019-06-29,2019-07-08,,第23A座 Tower 23A,9,B,,7499600,,‧價單第3號 (A5)付款辦法 Payment Plan (A5) of Price List No.3 ‧見備註/See Remarks 7.1 (c)(i)(a) ‧見備註/See Remarks 7.1 (c)(ii)(a) ‧見備註/See Remarks 7.1 (c)(iv)(a) ‧見備註/See Remarks 7.1 (c)(v)(a) ‧見備註/See Remarks 7.1 (d)(ii)(f) ‧見備註/See Remarks 7.1 (d)(iv)(b) ‧見備註/See Remarks 7.1 (d)(iii)(b) ‧見備註/See Remarks 7.1 (d)(vii)(a) ‧見備註/See Remarks 7.1 (d)(ix)(a),
2019-06-30,2019-07-08,,第23A座 Tower 23A,11,A,,7515400,,‧價單第3號 (A5)付款辦法 Payment Plan (A5) of Price List No.3 ‧見備註/See Remarks 7.1 (c)(i)(a) ‧見備註/See Remarks 7.1 (c)(ii)(a) ‧見備註/See Remarks 7.1 (c)(iv)(a) ‧見備註/See Remarks 7.1 (d)(ii)(f) ‧見備註/See Remarks 7.1 (d)(iv)(b) ‧見備註/See Remarks 7.1 (d)(iii)(b) ‧見備註/See Remarks 7.1 (d)(vi)(a) ‧見備註/See Remarks 7.1 (d)(vii)(a) ‧見備註/See Remarks 7.1 (d)(ix)(a),
2019-07-09,2019-07-16,,第23A座 Tower 23A,10,A,,7505400,,‧價單第3號 (A5)付款辦法 Payment Plan (A5) of Price List No.3 ‧見備註/See Remarks 7.1 (c)(i)(a) ‧見備註/See Remarks 7.1 (c)(ii)(a) ‧見備註/See Remarks 7.1 (c)(iv)(a) ‧見備註/See Remarks 7.1 (d)(ii)(f) ‧見備註/See Remarks 7.1 (d)(iv)(b) ‧見備註/See Remarks 7.1 (d)(iii)(b) ‧見備註/See Remarks 7.1 (d)(vi)(a) ‧見備註/See Remarks 7.1 (d)(vii)(a) ‧見備註/See Remarks 7.1 (d)(ix)(a),
2019-07-14,2019-07-19,,第23A座 Tower 23A,8,A,,7494400,,‧價單第3號 (A5)付款辦法 Payment Plan (A5) of Price List No.3 ‧見備註/See Remarks 7.1 (c)(i)(a) ‧見備註/See Remarks 7.1 (c)(ii)(a) ‧見備註/See Remarks 7.1 (c)(iv)(a) ‧見備註/See Remarks 7.1 (d)(ii)(f) ‧見備註/See Remarks 7.1 (d)(iv)(b) ‧見備註/See Remarks 7.1 (d)(iii)(b) ‧見備註/See Remarks 7.1 (d)(vi)(a) ‧見備註/See Remarks 7.1 (d)(vii)(a) ‧見備註/See Remarks 7.1 (d)(ix)(a),
2019-07-18,2019-07-25,,第23A座 Tower 23A,6,A,,7473400,,‧價單第3號 (A5)付款辦法 Payment Plan (A5) of Price List No.3 ‧見備註/See Remarks 7.1 (c)(i)(a) ‧見備註/See Remarks 7.1 (c)(ii)(a) ‧見備註/See Remarks 7.1 (c)(iv)(a) ‧見備註/See Remarks 7.1 (d)(ii)(f) ‧見備註/See Remarks 7.1 (d)(iv)(b) ‧見備註/See Remarks 7.1 (d)(iii)(b) ‧見備註/See Remarks 7.1 (d)(vi)(a) ‧見備註/See Remarks 7.1 (d)(vii)(a) ‧見備註/See Remarks 7.1 (d)(ix)(a),
2019-07-20,2019-07-26,,第23A座 Tower 23A,6,B,,7488600,,‧價單第3號 (A5)付款辦法 Payment Plan (A5) of Price List No.3 ‧見備註/See Remarks 7.1 (c)(i)(a) ‧見備註/See Remarks 7.1 (c)(ii)(a) ‧見備註/See Remarks 7.1 (c)(iv)(a) ‧見備註/See Remarks 7.1 (d)(ii)(f) ‧見備註/See Remarks 7.1 (d)(iv)(b) ‧見備註/See Remarks 7.1 (d)(iii)(b) ‧見備註/See Remarks 7.1 (d)(vi)(a) ‧見備註/See Remarks 7.1 (d)(vii)(a) ‧見備註/See Remarks 7.1 (d)(ix)(a),
2019-07-21,2019-07-26,,第23A座 Tower 23A,7,A,,7484400,,‧價單第3號 (A5)付款辦法 Payment Plan (A5) of Price List No.3 ‧見備註/See Remarks 7.1 (c)(i)(a) ‧見備註/See Remarks 7.1 (c)(ii)(a) ‧見備註/See Remarks 7.1 (c)(iv)(a) ‧見備註/See Remarks 7.1 (d)(ii)(f) ‧見備註/See Remarks 7.1 (d)(iv)(b) ‧見備註/See Remarks 7.1 (d)(iii)(b) ‧見備註/See Remarks 7.1 (d)(vi)(a) ‧見備註/See Remarks 7.1 (d)(vii)(a) ‧見備註/See Remarks 7.1 (d)(ix)(a),
2019-07-21,2019-07-26,,第23A座 Tower 23A,5,A,,7463400,,‧價單第3號 (A5)付款辦法 Payment Plan (A5) of Price List No.3 ‧見備註/See Remarks 7.1 (c)(i)(a) ‧見備註/See Remarks 7.1 (c)(ii)(a) ‧見備註/See Remarks 7.1 (c)(iv)(a) ‧見備註/See Remarks 7.1 (d)(ii)(f) ‧見備註/See Remarks 7.1 (d)(iv)(b) ‧見備註/See Remarks 7.1 (d)(iii)(b) ‧見備註/See Remarks 7.1 (d)(vi)(a) ‧見備註/See Remarks 7.1 (d)(vii)(a) ‧見備註/See Remarks 7.1 (d)(ix)(a),
2019-07-21,2019-07-26,,第23A座 Tower 23A,8,B,,7509600,,‧價單第3號 (A5)付款辦法 Payment Plan (A5) of Price List No.3 ‧見備註/See Remarks 7.1 (c)(i)(a) ‧見備註/See Remarks 7.1 (c)(ii)(a) ‧見備註/See Remarks 7.1 (c)(iv)(a) ‧見備註/See Remarks 7.1 (d)(ii)(f) ‧見備註/See Remarks 7.1 (d)(iv)(b) ‧見備註/See Remarks 7.1 (d)(iii)(b) ‧見備註/See Remarks 7.1 (d)(vi)(a) ‧見備註/See Remarks 7.1 (d)(vii)(a) ‧見備註/See Remarks 7.1 (d)(ix)(a),
2019-07-21,2019-07-26,,第23A座 Tower 23A,7,B,,7489500,,‧價單第3號 (A5)付款辦法 Payment Plan (A5) of Price List No.3 ‧見備註/See Remarks 7.1 (c)(i)(a) ‧見備註/See Remarks 7.1 (c)(ii)(a) ‧見備註/See Remarks 7.1 (c)(iv)(a) ‧見備註/See Remarks 7.1 (c)(v)(a) ‧見備註/See Remarks 7.1 (d)(ii)(f) ‧見備註/See Remarks 7.1 (d)(iv)(b) ‧見備註/See Remarks 7.1 (d)(iii)(b) ‧見備註/See Remarks 7.1 (d)(vii)(a) ‧見備註/See Remarks 7.1 (d)(ix)(a),
2019-07-22,2019-07-29,,第23A座 Tower 23A,5,B,,7478500,,‧價單第3號 (A5)付款辦法 Payment Plan (A5) of Price List No.3 ‧見備註/See Remarks 7.1 (c)(i)(a) ‧見備註/See Remarks 7.1 (c)(ii)(a) ‧見備註/See Remarks 7.1 (c)(iv)(a) ‧見備註/See Remarks 7.1 (d)(ii)(f) ‧見備註/See Remarks 7.1 (d)(iv)(b) ‧見備註/See Remarks 7.1 (d)(iii)(b) ‧見備註/See Remarks 7.1 (d)(vi)(a) ‧見備註/See Remarks 7.1 (d)(vii)(a) ‧見備註/See Remarks 7.1 (d)(ix)(a),
2019-07-23,2019-07-30,,第23A座 Tower 23A,3,A,,7453300,,‧價單第3號 (A5)付款辦法 Payment Plan (A5) of Price List No.3 ‧見備註/See Remarks 7.1 (c)(i)(a) ‧見備註/See Remarks 7.1 (c)(ii)(a) ‧見備註/See Remarks 7.1 (c)(iv)(a) ‧見備註/See Remarks 7.1 (d)(ii)(f) ‧見備註/See Remarks 7.1 (d)(iv)(b) ‧見備註/See Remarks 7.1 (d)(iii)(b) ‧見備註/See Remarks 7.1 (d)(vi)(a) ‧見備註/See Remarks 7.1 (d)(vii)(a) ‧見備註/See Remarks 7.1 (d)(ix)(a),
2019-07-23,2019-07-30,,第23A座 Tower 23A,3,B,,7468400,,‧價單第3號 (A5)付款辦法 Payment Plan (A5) of Price List No.3 ‧見備註/See Remarks 7.1 (c)(i)(a) ‧見備註/See Remarks 7.1 (c)(ii)(a) ‧見備註/See Remarks 7.1 (c)(iv)(a) ‧見備註/See Remarks 7.1 (d)(ii)(f) ‧見備註/See Remarks 7.1 (d)(iv)(b) ‧見備註/See Remarks 7.1 (d)(iii)(b) ‧見備註/See Remarks 7.1 (d)(vi)(a) ‧見備註/See Remarks 7.1 (d)(vii)(a) ‧見備註/See Remarks 7.1 (d)(ix)(a),
2019-07-27,2019-08-02,,第26座 Tower 26,8,B,,8880400,,‧價單第4號 (A6)付款辦法 Payment Plan (A6) of Price List No.4 ‧見備註/See Remarks 7.1 (c)(i)(a) ‧見備註/See Remarks 7.1 (c)(ii)(a) ‧見備註/See Remarks 7.1 (c)(iv)(a) ‧見備註/See Remarks 7.1 (d)(ii)(f) ‧見備註/See Remarks 7.1 (d)(iv)(b) ‧見備註/See Remarks 7.1 (d)(iii)(c) ‧見備註/See Remarks 7.1 (d)(vi)(a) ‧見備註/See Remarks 7.1 (d)(vii)(a) ‧見備註/See Remarks 7.1 (d)(ix)(a),
2019-07-27,2019-08-02,,第26座 Tower 26,17,D,,8549500,,‧價單第1E號 (A6)付款辦法 Payment Plan (A6) of Price List No.1E ‧見備註/See Remarks 7.1 (c)(i)(a) ‧見備註/See Remarks 7.1 (c)(ii)(a) ‧見備註/See Remarks 7.1 (c)(iv)(a) ‧見備註/See Remarks 7.1 (d)(ii)(f) ‧見備註/See Remarks 7.1 (d)(iv)(b) ‧見備註/See Remarks 7.1 (d)(iii)(c) ‧見備註/See Remarks 7.1 (d)(vi)(a) ‧見備註/See Remarks 7.1 (d)(vii)(a) ‧見備註/See Remarks 7.1 (d)(ix)(a),
2019-07-27,2019-08-02,,第26座 Tower 26,17,E,,5113000,,‧價單第1E號 (A6)付款辦法 Payment Plan (A6) of Price List No.1E ‧見備註/See Remarks 7.1 (c)(i)(a) ‧見備註/See Remarks 7.1 (c)(ii)(a) ‧見備註/See Remarks 7.1 (c)(iv)(a) ‧見備註/See Remarks 7.1 (d)(ii)(f) ‧見備註/See Remarks 7.1 (d)(iv)(b) ‧見備註/See Remarks 7.1 (d)(iii)(c) ‧見備註/See Remarks 7.1 (d)(vii)(a) ‧見備註/See Remarks 7.1 (d)(ix)(a),
2019-07-27,2019-08-02,,第26座 Tower 26,1,E,,5448200,,‧價單第1E號 (A6)付款辦法 Payment Plan (A6) of Price List No.1E ‧見備註/See Remarks 7.1 (c)(i)(a) ‧見備註/See Remarks 7.1 (c)(ii)(a) ‧見備註/See Remarks 7.1 (c)(iv)(a) ‧見備註/See Remarks 7.1 (d)(ii)(f) ‧見備註/See Remarks 7.1 (d)(iv)(b) ‧見備註/See Remarks 7.1 (d)(iii)(c) ‧見備註/See Remarks 7.1 (d)(vii)(a) ‧見備註/See Remarks 7.1 (d)(ix)(a),
2019-07-27,2019-08-02,,第25A座 Tower 25A,1,A,,12308000,,‧價單第4號 (B6)付款辦法 Payment Plan (B6) of Price List No.4 ‧見備註/See Remarks 7.1 (c)(i)(b) ‧見備註/See Remarks 7.1 (c)(iii)(a) ‧見備註/See Remarks 7.1 (c)(iv)(a) ‧見備註/See Remarks 7.1 (d)(i)(a) ‧見備註/See Remarks 7.1 (d)(ii)(d) ‧見備註/See Remarks 7.1 (d)(iv)(b) ‧見備註/See Remarks 7.1 (d)(iii)(c) ‧見備註/See Remarks 7.1 (d)(vi)(a) ‧見備註/See Remarks 7.1 (d)(vii)(a) ‧見備註/See Remarks 7.1 (d)(viii)(a) ‧見備註/See Remarks 7.1 (d)(ix)(a),
2019-07-27,2019-08-02,,第25A座 Tower 25A,10,D,,9494500,,‧價單第4號 (A6)付款辦法 Payment Plan (A6) of Price List No.4 ‧見備註/See Remarks 7.1 (c)(i)(a) ‧見備註/See Remarks 7.1 (c)(ii)(a) ‧見備註/See Remarks 7.1 (c)(iv)(a) ‧見備註/See Remarks 7.1 (d)(ii)(f) ‧見備註/See Remarks 7.1 (d)(iv)(b) ‧見備註/See Remarks 7.1 (d)(iii)(c) ‧見備註/See Remarks 7.1 (d)(vi)(a) ‧見備註/See Remarks 7.1 (d)(vii)(a) ‧見備註/See Remarks 7.1 (d)(ix)(a),
2019-07-27,2019-08-02,,第25B座 Tower 25B,10,B,,7612000,,‧價單第2B號 (A6)付款辦法 Payment Plan (A6) of Price List No.2B ‧見備註/See Remarks 7.1 (c)(i)(a) ‧見備註/See Remarks 7.1 (c)(ii)(a) ‧見備註/See Remarks 7.1 (c)(iv)(a) ‧見備註/See Remarks 7.1 (d)(ii)(f) ‧見備註/See Remarks 7.1 (d)(iv)(b) ‧見備註/See Remarks 7.1 (d)(iii)(c) ‧見備註/See Remarks 7.1 (d)(vi)(a) ‧見備註/See Remarks 7.1 (d)(vii)(a) ‧見備註/See Remarks 7.1 (d)(ix)(a),
2019-07-28,2019-08-02,,第25A座 Tower 25A,15,D,,9534000,,‧價單第4號 (A6)付款辦法 Payment Plan (A6) of Price List No.4 ‧見備註/See Remarks 7.1 (c)(i)(a) ‧見備註/See Remarks 7.1 (c)(ii)(a) ‧見備註/See Remarks 7.1 (c)(iv)(a) ‧見備註/See Remarks 7.1 (d)(ii)(f) ‧見備註/See Remarks 7.1 (d)(iv)(b) ‧見備註/See Remarks 7.1 (d)(iii)(c) ‧見備註/See Remarks 7.1 (d)(vi)(a) ‧見備註/See Remarks 7.1 (d)(vii)(a) ‧見備註/See Remarks 7.1 (d)(ix)(a),
2019-07-29,,,第28座 Tower 28,G&UG,A,,39794000,,招標文件支付辦法(TA1) Payment Plan (TA1) of Tender Document ‧見備註/See Remarks 7.1 (d)(iii)(a) ‧見備註/See Remarks 7.1 (d)(vii)(a) ‧見備註/See Remarks 7.1 (d)(viii)(a) ‧見備註/See Remarks 7.1 (e)(i) ‧見備註/See Remarks 7.1 (d)(v)(a),
2019-08-08,2019-08-15,,第25B座 Tower 25B,7,B,,7565800,,‧價單第2B號 (A6)付款辦法 Payment Plan (A6) of Price List No.2B ‧見備註/See Remarks 7.1 (c)(i)(a) ‧見備註/See Remarks 7.1 (c)(ii)(a) ‧見備註/See Remarks 7.1 (c)(iv)(a) ‧見備註/See Remarks 7.1 (d)(ii)(f) ‧見備註/See Remarks 7.1 (d)(iv)(b) ‧見備註/See Remarks 7.1 (d)(iii)(c) ‧見備註/See Remarks 7.1 (d)(vi)(a) ‧見備註/See Remarks 7.1 (d)(vii)(a) ‧見備註/See Remarks 7.1 (d)(ix)(a),
2019-10-29,2019-11-05,,第26座 Tower 26,17,B,,8971200,,‧價單第4A號 (E1)付款辦法 Payment Plan (E1) of Price List No.4A ‧見備註/See Remarks 7.1 (c)(i)(e) ‧見備註/See Remarks 7.1 (c)(ii)(a) ‧見備註/See Remarks 7.1 (c)(iii)(a) ‧見備註/See Remarks 7.1 (c)(iv)(a) ‧見備註/See Remarks 7.1 (d)(ii)(g) ‧見備註/See Remarks 7.1 (d)(iii)(d) ‧見備註/See Remarks 7.1 (d)(vi)(a) ‧見備註/See Remarks 7.1 (d)(vii)(a) ‧見備註/See Remarks 7.1 (d)(ix)(b) ‧見備註/See Remarks 7.1 (d)(x)(a) ‧見備註/See Remarks 7.1 (d)(xi)(a) ‧見備註/See Remarks 7.1 (d)(xii)(a) ‧見備註/See Remarks 7.1 (d)(xiii)(a) ‧見備註/See Remarks 7.1 (d)(xiv)(a),
2019-10-29,2019-11-05,,第26座 Tower 26,16,B,,8956900,,‧價單第4A號 (E1)付款辦法 Payment Plan (E1) of Price List No.4A ‧見備註/See Remarks 7.1 (c)(i)(e) ‧見備註/See Remarks 7.1 (c)(ii)(a) ‧見備註/See Remarks 7.1 (c)(iii)(a) ‧見備註/See Remarks 7.1 (c)(iv)(a) ‧見備註/See Remarks 7.1 (d)(ii)(g) ‧見備註/See Remarks 7.1 (d)(iii)(d) ‧見備註/See Remarks 7.1 (d)(vi)(a) ‧見備註/See Remarks 7.1 (d)(vii)(a) ‧見備註/See Remarks 7.1 (d)(ix)(b) ‧見備註/See Remarks 7.1 (d)(x)(a) ‧見備註/See Remarks 7.1 (d)(xi)(a) ‧見備註/See Remarks 7.1 (d)(xii)(a) ‧見備註/See Remarks 7.1 (d)(xiii)(a) ‧見備註/See Remarks 7.1 (d)(xiv)(a),
2019-10-29,2019-11-05,,第26座 Tower 26,15,B,,8940900,,‧價單第4A號 (E1)付款辦法 Payment Plan (E1) of Price List No.4A ‧見備註/See Remarks 7.1 (c)(i)(e) ‧見備註/See Remarks 7.1 (c)(ii)(a) ‧見備註/See Remarks 7.1 (c)(iii)(a) ‧見備註/See Remarks 7.1 (c)(iv)(a) ‧見備註/See Remarks 7.1 (d)(ii)(g) ‧見備註/See Remarks 7.1 (d)(iii)(d) ‧見備註/See Remarks 7.1 (d)(vi)(a) ‧見備註/See Remarks 7.1 (d)(vii)(a) ‧見備註/See Remarks 7.1 (d)(ix)(b) ‧見備註/See Remarks 7.1 (d)(x)(a) ‧見備註/See Remarks 7.1 (d)(xi)(a) ‧見備註/See Remarks 7.1 (d)(xii)(a) ‧見備註/See Remarks 7.1 (d)(xiii)(a) ‧見備註/See Remarks 7.1 (d)(xiv)(a),
2019-10-29,2019-11-05,,第26座 Tower 26,12,B,,8925800,,‧價單第4A號 (E1)付款辦法 Payment Plan (E1) of Price List No.4A ‧見備註/See Remarks 7.1 (c)(i)(e) ‧見備註/See Remarks 7.1 (c)(ii)(a) ‧見備註/See Remarks 7.1 (c)(iii)(a) ‧見備註/See Remarks 7.1 (c)(iv)(a) ‧見備註/See Remarks 7.1 (d)(ii)(g) ‧見備註/See Remarks 7.1 (d)(iii)(d) ‧見備註/See Remarks 7.1 (d)(vi)(a) ‧見備註/See Remarks 7.1 (d)(vii)(a) ‧見備註/See Remarks 7.1 (d)(ix)(b) ‧見備註/See Remarks 7.1 (d)(x)(a) ‧見備註/See Remarks 7.1 (d)(xi)(a) ‧見備註/See Remarks 7.1 (d)(xii)(a) ‧見備註/See Remarks 7.1 (d)(xiii)(a) ‧見備註/See Remarks 7.1 (d)(xiv)(a),
2019-10-29,2019-11-05,,第26座 Tower 26,11,B,,8910700,,‧價單第4A號 (E1)付款辦法 Payment Plan (E1) of Price List No.4A ‧見備註/See Remarks 7.1 (c)(i)(e) ‧見備註/See Remarks 7.1 (c)(ii)(a) ‧見備註/See Remarks 7.1 (c)(iii)(a) ‧見備註/See Remarks 7.1 (c)(iv)(a) ‧見備註/See Remarks 7.1 (d)(ii)(g) ‧見備註/See Remarks 7.1 (d)(iii)(d) ‧見備註/See Remarks 7.1 (d)(vi)(a) ‧見備註/See Remarks 7.1 (d)(vii)(a) ‧見備註/See Remarks 7.1 (d)(ix)(b) ‧見備註/See Remarks 7.1 (d)(x)(a) ‧見備註/See Remarks 7.1 (d)(xi)(a) ‧見備註/See Remarks 7.1 (d)(xii)(a) ‧見備註/See Remarks 7.1 (d)(xiii)(a) ‧見備註/See Remarks 7.1 (d)(xiv)(a),
2019-10-29,2019-11-05,,第26座 Tower 26,10,B,,8895600,,‧價單第4A號 (E1)付款辦法 Payment Plan (E1) of Price List No.4A ‧見備註/See Remarks 7.1 (c)(i)(e) ‧見備註/See Remarks 7.1 (c)(ii)(a) ‧見備註/See Remarks 7.1 (c)(iii)(a) ‧見備註/See Remarks 7.1 (c)(iv)(a) ‧見備註/See Remarks 7.1 (d)(ii)(g) ‧見備註/See Remarks 7.1 (d)(iii)(d) ‧見備註/See Remarks 7.1 (d)(vi)(a) ‧見備註/See Remarks 7.1 (d)(vii)(a) ‧見備註/See Remarks 7.1 (d)(ix)(b) ‧見備註/See Remarks 7.1 (d)(x)(a) ‧見備註/See Remarks 7.1 (d)(xi)(a) ‧見備註/See Remarks 7.1 (d)(xii)(a) ‧見備註/See Remarks 7.1 (d)(xiii)(a) ‧見備註/See Remarks 7.1 (d)(xiv)(a),
2019-10-29,2019-11-05,,第26座 Tower 26,9,B,,8880400,,‧價單第4A號 (E1)付款辦法 Payment Plan (E1) of Price List No.4A ‧見備註/See Remarks 7.1 (c)(i)(e) ‧見備註/See Remarks 7.1 (c)(ii)(a) ‧見備註/See Remarks 7.1 (c)(iii)(a) ‧見備註/See Remarks 7.1 (c)(iv)(a) ‧見備註/See Remarks 7.1 (d)(ii)(g) ‧見備註/See Remarks 7.1 (d)(iii)(d) ‧見備註/See Remarks 7.1 (d)(vi)(a) ‧見備註/See Remarks 7.1 (d)(vii)(a) ‧見備註/See Remarks 7.1 (d)(ix)(b) ‧見備註/See Remarks 7.1 (d)(x)(a) ‧見備註/See Remarks 7.1 (d)(xi)(a) ‧見備註/See Remarks 7.1 (d)(xii)(a) ‧見備註/See Remarks 7.1 (d)(xiii)(a) ‧見備註/See Remarks 7.1 (d)(xiv)(a),
2019-10-29,2019-11-05,,第26座 Tower 26,7,B,,8871200,,‧價單第4A號 (E1)付款辦法 Payment Plan (E1) of Price List No.4A ‧見備註/See Remarks 7.1 (c)(i)(e) ‧見備註/See Remarks 7.1 (c)(ii)(a) ‧見備註/See Remarks 7.1 (c)(iii)(a) ‧見備註/See Remarks 7.1 (c)(iv)(a) ‧見備註/See Remarks 7.1 (d)(ii)(g) ‧見備註/See Remarks 7.1 (d)(iii)(d) ‧見備註/See Remarks 7.1 (d)(vi)(a) ‧見備註/See Remarks 7.1 (d)(vii)(a) ‧見備註/See Remarks 7.1 (d)(ix)(b) ‧見備註/See Remarks 7.1 (d)(x)(a) ‧見備註/See Remarks 7.1 (d)(xi)(a) ‧見備註/See Remarks 7.1 (d)(xii)(a) ‧見備註/See Remarks 7.1 (d)(xiii)(a) ‧見備註/See Remarks 7.1 (d)(xiv)(a),
2019-10-29,2019-11-05,,第26座 Tower 26,6,B,,8861100,,‧價單第4A號 (E1)付款辦法 Payment Plan (E1) of Price List No.4A ‧見備註/See Remarks 7.1 (c)(i)(e) ‧見備註/See Remarks 7.1 (c)(ii)(a) ‧見備註/See Remarks 7.1 (c)(iii)(a) ‧見備註/See Remarks 7.1 (c)(iv)(a) ‧見備註/See Remarks 7.1 (d)(ii)(g) ‧見備註/See Remarks 7.1 (d)(iii)(d) ‧見備註/See Remarks 7.1 (d)(vi)(a) ‧見備註/See Remarks 7.1 (d)(vii)(a) ‧見備註/See Remarks 7.1 (d)(ix)(b) ‧見備註/See Remarks 7.1 (d)(x)(a) ‧見備註/See Remarks 7.1 (d)(xi)(a) ‧見備註/See Remarks 7.1 (d)(xii)(a) ‧見備註/See Remarks 7.1 (d)(xiii)(a) ‧見備註/See Remarks 7.1 (d)(xiv)(a),
2019-10-29,2019-11-05,,第26座 Tower 26,5,B,,8851900,,‧價單第4A號 (E1)付款辦法 Payment Plan (E1) of Price List No.4A ‧見備註/See Remarks 7.1 (c)(i)(e) ‧見備註/See Remarks 7.1 (c)(ii)(a) ‧見備註/See Remarks 7.1 (c)(iii)(a) ‧見備註/See Remarks 7.1 (c)(iv)(a) ‧見備註/See Remarks 7.1 (d)(ii)(g) ‧見備註/See Remarks 7.1 (d)(iii)(d) ‧見備註/See Remarks 7.1 (d)(vi)(a) ‧見備註/See Remarks 7.1 (d)(vii)(a) ‧見備註/See Remarks 7.1 (d)(ix)(b) ‧見備註/See Remarks 7.1 (d)(x)(a) ‧見備註/See Remarks 7.1 (d)(xi)(a) ‧見備註/See Remarks 7.1 (d)(xii)(a) ‧見備註/See Remarks 7.1 (d)(xiii)(a) ‧見備註/See Remarks 7.1 (d)(xiv)(a),
2019-10-29,2019-11-05,,第26座 Tower 26,3,B,,8841800,,‧價單第4A號 (E1)付款辦法 Payment Plan (E1) of Price List No.4A ‧見備註/See Remarks 7.1 (c)(i)(e) ‧見備註/See Remarks 7.1 (c)(ii)(a) ‧見備註/See Remarks 7.1 (c)(iii)(a) ‧見備註/See Remarks 7.1 (c)(iv)(a) ‧見備註/See Remarks 7.1 (d)(ii)(g) ‧見備註/See Remarks 7.1 (d)(iii)(d) ‧見備註/See Remarks 7.1 (d)(vi)(a) ‧見備註/See Remarks 7.1 (d)(vii)(a) ‧見備註/See Remarks 7.1 (d)(ix)(b) ‧見備註/See Remarks 7.1 (d)(x)(a) ‧見備註/See Remarks 7.1 (d)(xi)(a) ‧見備註/See Remarks 7.1 (d)(xii)(a) ‧見備註/See Remarks 7.1 (d)(xiii)(a) ‧見備註/See Remarks 7.1 (d)(xiv)(a),
2019-10-29,2019-11-05,,第26座 Tower 26,1,B,,9284500,,‧價單第4A號 (E1)付款辦法 Payment Plan (E1) of Price List No.4A ‧見備註/See Remarks 7.1 (c)(i)(e) ‧見備註/See Remarks 7.1 (c)(ii)(a) ‧見備註/See Remarks 7.1 (c)(iii)(a) ‧見備註/See Remarks 7.1 (c)(iv)(a) ‧見備註/See Remarks 7.1 (d)(ii)(g) ‧見備註/See Remarks 7.1 (d)(iii)(d) ‧見備註/See Remarks 7.1 (d)(vi)(a) ‧見備註/See Remarks 7.1 (d)(vii)(a) ‧見備註/See Remarks 7.1 (d)(ix)(b) ‧見備註/See Remarks 7.1 (d)(x)(a) ‧見備註/See Remarks 7.1 (d)(xi)(a) ‧見備註/See Remarks 7.1 (d)(xii)(a) ‧見備註/See Remarks 7.1 (d)(xiii)(a) ‧見備註/See Remarks 7.1 (d)(xiv)(a),
2019-10-29,2019-11-05,,第26座 Tower 26,17,C,,8696500,,‧價單第1F號 (E1)付款辦法 Payment Plan (E1) of Price List No.1F ‧見備註/See Remarks 7.1 (c)(i)(e) ‧見備註/See Remarks 7.1 (c)(ii)(a) ‧見備註/See Remarks 7.1 (c)(iii)(a) ‧見備註/See Remarks 7.1 (c)(iv)(a) ‧見備註/See Remarks 7.1 (d)(ii)(g) ‧見備註/See Remarks 7.1 (d)(iii)(d) ‧見備註/See Remarks 7.1 (d)(vi)(a) ‧見備註/See Remarks 7.1 (d)(vii)(a) ‧見備註/See Remarks 7.1 (d)(ix)(b) ‧見備註/See Remarks 7.1 (d)(x)(a) ‧見備註/See Remarks 7.1 (d)(xi)(a) ‧見備註/See Remarks 7.1 (d)(xii)(a) ‧見備註/See Remarks 7.1 (d)(xiii)(a) ‧見備註/See Remarks 7.1 (d)(xiv)(a),
2019-10-29,2019-11-05,,第26座 Tower 26,16,E,,5108000,,‧價單第1F號 (E1)付款辦法 Payment Plan (E1) of Price List No.1F ‧見備註/See Remarks 7.1 (c)(i)(e) ‧見備註/See Remarks 7.1 (c)(ii)(a) ‧見備註/See Remarks 7.1 (c)(iii)(a) ‧見備註/See Remarks 7.1 (c)(iv)(a) ‧見備註/See Remarks 7.1 (d)(ii)(g) ‧見備註/See Remarks 7.1 (d)(iii)(d) ‧見備註/See Remarks 7.1 (d)(vii)(a) ‧見備註/See Remarks 7.1 (d)(ix)(b) ‧見備註/See Remarks 7.1 (d)(x)(a) ‧見備註/See Remarks 7.1 (d)(xi)(a) ‧見備註/See Remarks 7.1 (d)(xii)(a) ‧見備註/See Remarks 7.1 (d)(xiv)(a),
2019-10-29,2019-11-05,,第28座 Tower 28,11,B,,14127900,,‧價單第3B號 (E1)付款辦法 Payment Plan (E1) of Price List No.3B ‧見備註/See Remarks 7.1 (c)(i)(e) ‧見備註/See Remarks 7.1 (c)(ii)(a) ‧見備註/See Remarks 7.1 (c)(iii)(a) ‧見備註/See Remarks 7.1 (c)(iv)(a) ‧見備註/See Remarks 7.1 (d)(ii)(g) ‧見備註/See Remarks 7.1 (d)(iii)(d) ‧見備註/See Remarks 7.1 (d)(vi)(a) ‧見備註/See Remarks 7.1 (d)(vii)(a) ‧見備註/See Remarks 7.1 (d)(viii)(b) ‧見備註/See Remarks 7.1 (d)(ix)(b) ‧見備註/See Remarks 7.1 (d)(x)(a) ‧見備註/See Remarks 7.1 (d)(xi)(a) ‧見備註/See Remarks 7.1 (d)(xii)(a) ‧見備註/See Remarks 7.1 (d)(xiii)(a) ‧見備註/See Remarks 7.1 (d)(xiv)(a),
2019-10-29,2019-11-05,,第28座 Tower 28,9,B,,14071600,,‧價單第3B號 (E1)付款辦法 Payment Plan (E1) of Price List No.3B ‧見備註/See Remarks 7.1 (c)(i)(e) ‧見備註/See Remarks 7.1 (c)(ii)(a) ‧見備註/See Remarks 7.1 (c)(iii)(a) ‧見備註/See Remarks 7.1 (c)(iv)(a) ‧見備註/See Remarks 7.1 (d)(ii)(g) ‧見備註/See Remarks 7.1 (d)(iii)(d) ‧見備註/See Remarks 7.1 (d)(vi)(a) ‧見備註/See Remarks 7.1 (d)(vii)(a) ‧見備註/See Remarks 7.1 (d)(viii)(b) ‧見備註/See Remarks 7.1 (d)(ix)(b) ‧見備註/See Remarks 7.1 (d)(x)(a) ‧見備註/See Remarks 7.1 (d)(xi)(a) ‧見備註/See Remarks 7.1 (d)(xii)(a) ‧見備註/See Remarks 7.1 (d)(xiii)(a) ‧見備註/See Remarks 7.1 (d)(xiv)(a),
2019-10-29,2019-11-05,,第28座 Tower 28,6,B,,14015400,,‧價單第3B號 (E1)付款辦法 Payment Plan (E1) of Price List No.3B ‧見備註/See Remarks 7.1 (c)(i)(e) ‧見備註/See Remarks 7.1 (c)(ii)(a) ‧見備註/See Remarks 7.1 (c)(iii)(a) ‧見備註/See Remarks 7.1 (c)(iv)(a) ‧見備註/See Remarks 7.1 (d)(ii)(g) ‧見備註/See Remarks 7.1 (d)(iii)(d) ‧見備註/See Remarks 7.1 (d)(vi)(a) ‧見備註/See Remarks 7.1 (d)(vii)(a) ‧見備註/See Remarks 7.1 (d)(viii)(b) ‧見備註/See Remarks 7.1 (d)(ix)(b) ‧見備註/See Remarks 7.1 (d)(x)(a) ‧見備註/See Remarks 7.1 (d)(xi)(a) ‧見備註/See Remarks 7.1 (d)(xii)(a) ‧見備註/See Remarks 7.1 (d)(xiii)(a) ‧見備註/See Remarks 7.1 (d)(xiv)(a),
2019-10-29,2019-11-05,,第28座 Tower 28,2,B,,13931400,,‧價單第3B號 (E1)付款辦法 Payment Plan (E1) of Price List No.3B ‧見備註/See Remarks 7.1 (c)(i)(e) ‧見備註/See Remarks 7.1 (c)(ii)(a) ‧見備註/See Remarks 7.1 (c)(iii)(a) ‧見備註/See Remarks 7.1 (c)(iv)(a) ‧見備註/See Remarks 7.1 (d)(ii)(g) ‧見備註/See Remarks 7.1 (d)(iii)(d) ‧見備註/See Remarks 7.1 (d)(vi)(a) ‧見備註/See Remarks 7.1 (d)(vii)(a) ‧見備註/See Remarks 7.1 (d)(viii)(b) ‧見備註/See Remarks 7.1 (d)(ix)(b) ‧見備註/See Remarks 7.1 (d)(x)(a) ‧見備註/See Remarks 7.1 (d)(xi)(a) ‧見備註/See Remarks 7.1 (d)(xii)(a) ‧見備註/See Remarks 7.1 (d)(xiii)(a) ‧見備註/See Remarks 7.1 (d)(xiv)(a),
2019-10-29,2019-11-05,,第25A座 Tower 25A,18,B,,19992800,,‧價單第4A號 (E1)付款辦法 Payment Plan (E1) of Price List No.4A ‧見備註/See Remarks 7.1 (c)(i)(e) ‧見備註/See Remarks 7.1 (c)(ii)(a) ‧見備註/See Remarks 7.1 (c)(iii)(a) ‧見備註/See Remarks 7.1 (c)(iv)(a) ‧見備註/See Remarks 7.1 (d)(ii)(g) ‧見備註/See Remarks 7.1 (d)(iii)(d) ‧見備註/See Remarks 7.1 (d)(vii)(a) ‧見備註/See Remarks 7.1 (d)(viii)(b) ‧見備註/See Remarks 7.1 (d)(ix)(b) ‧見備註/See Remarks 7.1 (d)(x)(a) ‧見備註/See Remarks 7.1 (d)(xi)(a) ‧見備註/See Remarks 7.1 (d)(xii)(a) ‧見備註/See Remarks 7.1 (d)(xiii)(a) ‧見備註/See Remarks 7.1 (d)(xiv)(a),
2019-10-29,2019-11-05,,第25A座 Tower 25A,17,B,,11035000,,‧價單第2C號 (E1)付款辦法 Payment Plan (E1) of Price List No.2C ‧見備註/See Remarks 7.1 (c)(i)(e) ‧見備註/See Remarks 7.1 (c)(ii)(a) ‧見備註/See Remarks 7.1 (c)(iii)(a) ‧見備註/See Remarks 7.1 (c)(iv)(a) ‧見備註/See Remarks 7.1 (d)(ii)(g) ‧見備註/See Remarks 7.1 (d)(iii)(d) ‧見備註/See Remarks 7.1 (d)(vi)(a) ‧見備註/See Remarks 7.1 (d)(vii)(a) ‧見備註/See Remarks 7.1 (d)(viii)(b) ‧見備註/See Remarks 7.1 (d)(ix)(b) ‧見備註/See Remarks 7.1 (d)(x)(a) ‧見備註/See Remarks 7.1 (d)(xi)(a) ‧見備註/See Remarks 7.1 (d)(xii)(a) ‧見備註/See Remarks 7.1 (d)(xiii)(a) ‧見備註/See Remarks 7.1 (d)(xiv)(a),
2019-10-29,2019-11-05,,第25A座 Tower 25A,16,B,,11019100,,‧價單第2C號 (E1)付款辦法 Payment Plan (E1) of Price List No.2C ‧見備註/See Remarks 7.1 (c)(i)(e) ‧見備註/See Remarks 7.1 (c)(ii)(a) ‧見備註/See Remarks 7.1 (c)(iii)(a) ‧見備註/See Remarks 7.1 (c)(iv)(a) ‧見備註/See Remarks 7.1 (d)(ii)(g) ‧見備註/See Remarks 7.1 (d)(iii)(d) ‧見備註/See Remarks 7.1 (d)(vi)(a) ‧見備註/See Remarks 7.1 (d)(vii)(a) ‧見備註/See Remarks 7.1 (d)(viii)(b) ‧見備註/See Remarks 7.1 (d)(ix)(b) ‧見備註/See Remarks 7.1 (d)(x)(a) ‧見備註/See Remarks 7.1 (d)(xi)(a) ‧見備註/See Remarks 7.1 (d)(xii)(a) ‧見備註/See Remarks 7.1 (d)(xiii)(a) ‧見備註/See Remarks 7.1 (d)(xiv)(a),
2019-10-29,2019-11-05,,第25A座 Tower 25A,12,B,,10988800,,‧價單第2C號 (E1)付款辦法 Payment Plan (E1) of Price List No.2C ‧見備註/See Remarks 7.1 (c)(i)(e) ‧見備註/See Remarks 7.1 (c)(ii)(a) ‧見備註/See Remarks 7.1 (c)(iii)(a) ‧見備註/See Remarks 7.1 (c)(iv)(a) ‧見備註/See Remarks 7.1 (d)(ii)(g) ‧見備註/See Remarks 7.1 (d)(iii)(d) ‧見備註/See Remarks 7.1 (d)(vi)(a) ‧見備註/See Remarks 7.1 (d)(vii)(a) ‧見備註/See Remarks 7.1 (d)(viii)(b) ‧見備註/See Remarks 7.1 (d)(ix)(b) ‧見備註/See Remarks 7.1 (d)(x)(a) ‧見備註/See Remarks 7.1 (d)(xi)(a) ‧見備註/See Remarks 7.1 (d)(xii)(a) ‧見備註/See Remarks 7.1 (d)(xiii)(a) ‧見備註/See Remarks 7.1 (d)(xiv)(a),
2019-10-29,2019-11-05,,第25A座 Tower 25A,5,B,,10866200,,‧價單第2C號 (E1)付款辦法 Payment Plan (E1) of Price List No.2C ‧見備註/See Remarks 7.1 (c)(i)(e) ‧見備註/See Remarks 7.1 (c)(ii)(a) ‧見備註/See Remarks 7.1 (c)(iii)(a) ‧見備註/See Remarks 7.1 (c)(iv)(a) ‧見備註/See Remarks 7.1 (d)(ii)(g) ‧見備註/See Remarks 7.1 (d)(iii)(d) ‧見備註/See Remarks 7.1 (d)(vi)(a) ‧見備註/See Remarks 7.1 (d)(vii)(a) ‧見備註/See Remarks 7.1 (d)(viii)(b) ‧見備註/See Remarks 7.1 (d)(ix)(b) ‧見備註/See Remarks 7.1 (d)(x)(a) ‧見備註/See Remarks 7.1 (d)(xi)(a) ‧見備註/See Remarks 7.1 (d)(xii)(a) ‧見備註/See Remarks 7.1 (d)(xiii)(a) ‧見備註/See Remarks 7.1 (d)(xiv)(a),
2019-10-29,2019-11-05,,第25A座 Tower 25A,1,B,,11466000,,‧價單第2C號 (E1)付款辦法 Payment Plan (E1) of Price List No.2C ‧見備註/See Remarks 7.1 (c)(i)(e) ‧見備註/See Remarks 7.1 (c)(ii)(a) ‧見備註/See Remarks 7.1 (c)(iii)(a) ‧見備註/See Remarks 7.1 (c)(iv)(a) ‧見備註/See Remarks 7.1 (d)(ii)(g) ‧見備註/See Remarks 7.1 (d)(iii)(d) ‧見備註/See Remarks 7.1 (d)(vi)(a) ‧見備註/See Remarks 7.1 (d)(vii)(a) ‧見備註/See Remarks 7.1 (d)(viii)(b) ‧見備註/See Remarks 7.1 (d)(ix)(b) ‧見備註/See Remarks 7.1 (d)(x)(a) ‧見備註/See Remarks 7.1 (d)(xi)(a) ‧見備註/See Remarks 7.1 (d)(xii)(a) ‧見備註/See Remarks 7.1 (d)(xiii)(a) ‧見備註/See Remarks 7.1 (d)(xiv)(a),
2019-10-30,2019-11-06,,第26座 Tower 26,2,B,,8831700,,‧價單第4A號 (E1)付款辦法 Payment Plan (E1) of Price List No.4A ‧見備註/See Remarks 7.1 (c)(i)(e) ‧見備註/See Remarks 7.1 (c)(ii)(a) ‧見備註/See Remarks 7.1 (c)(iii)(a) ‧見備註/See Remarks 7.1 (c)(iv)(a) ‧見備註/See Remarks 7.1 (d)(ii)(g) ‧見備註/See Remarks 7.1 (d)(iii)(d) ‧見備註/See Remarks 7.1 (d)(vi)(a) ‧見備註/See Remarks 7.1 (d)(vii)(a) ‧見備註/See Remarks 7.1 (d)(ix)(b) ‧見備註/See Remarks 7.1 (d)(x)(a) ‧見備註/See Remarks 7.1 (d)(xi)(a) ‧見備註/See Remarks 7.1 (d)(xii)(a) ‧見備註/See Remarks 7.1 (d)(xiii)(a) ‧見備註/See Remarks 7.1 (d)(xiv)(a),
2019-10-30,2019-11-06,,第23A座 Tower 23A,2,B,,7901400,,‧價單第3B號 (E1)付款辦法 Payment Plan (E1) of Price List No.3B ‧見備註/See Remarks 7.1 (c)(i)(e) ‧見備註/See Remarks 7.1 (c)(iii)(a) ‧見備註/See Remarks 7.1 (c)(iv)(a) ‧見備註/See Remarks 7.1 (d)(i)(a) ‧見備註/See Remarks 7.1 (d)(ii)(g) ‧見備註/See Remarks 7.1 (d)(iii)(d) ‧見備註/See Remarks 7.1 (d)(vi)(a) ‧見備註/See Remarks 7.1 (d)(vii)(a) ‧見備註/See Remarks 7.1 (d)(ix)(b) ‧見備註/See Remarks 7.1 (d)(x)(a) ‧見備註/See Remarks 7.1 (d)(xi)(a) ‧見備註/See Remarks 7.1 (d)(xii)(a) ‧見備註/See Remarks 7.1 (d)(xiv)(a),
2019-10-31,2019-11-07,,第26座 Tower 26,16,C,,8676400,,‧價單第1F號 (E1)付款辦法 Payment Plan (E1) of Price List No.1F ‧見備註/See Remarks 7.1 (c)(i)(e) ‧見備註/See Remarks 7.1 (c)(ii)(a) ‧見備註/See Remarks 7.1 (c)(iii)(a) ‧見備註/See Remarks 7.1 (c)(iv)(a) ‧見備註/See Remarks 7.1 (c)(v)(a) ‧見備註/See Remarks 7.1 (d)(ii)(g) ‧見備註/See Remarks 7.1 (d)(iii)(d) ‧見備註/See Remarks 7.1 (d)(vii)(a) ‧見備註/See Remarks 7.1 (d)(ix)(b) ‧見備註/See Remarks 7.1 (d)(x)(a) ‧見備註/See Remarks 7.1 (d)(xi)(a) ‧見備註/See Remarks 7.1 (d)(xii)(a) ‧見備註/See Remarks 7.1 (d)(xiii)(a) ‧見備註/See Remarks 7.1 (d)(xiv)(a),
2019-11-01,2019-11-08,,第26座 Tower 26,15,C,,8677200,,‧價單第1F號 (E1)付款辦法 Payment Plan (E1) of Price List No.1F ‧見備註/See Remarks 7.1 (c)(i)(e) ‧見備註/See Remarks 7.1 (c)(ii)(a) ‧見備註/See Remarks 7.1 (c)(iii)(a) ‧見備註/See Remarks 7.1 (c)(iv)(a) ‧見備註/See Remarks 7.1 (d)(ii)(g) ‧見備註/See Remarks 7.1 (d)(iii)(d) ‧見備註/See Remarks 7.1 (d)(vi)(a) ‧見備註/See Remarks 7.1 (d)(vii)(a) ‧見備註/See Remarks 7.1 (d)(ix)(b) ‧見備註/See Remarks 7.1 (d)(x)(a) ‧見備註/See Remarks 7.1 (d)(xi)(a) ‧見備註/See Remarks 7.1 (d)(xii)(a) ‧見備註/See Remarks 7.1 (d)(xiii)(a) ‧見備註/See Remarks 7.1 (d)(xiv)(a),
2019-11-02,2019-11-08,,第25A座 Tower 25A,16,D,,9547400,,‧價單第4A號 (E1)付款辦法 Payment Plan (E1) of Price List No.4A ‧見備註/See Remarks 7.1 (c)(i)(e) ‧見備註/See Remarks 7.1 (c)(ii)(a) ‧見備註/See Remarks 7.1 (c)(iii)(a) ‧見備註/See Remarks 7.1 (c)(iv)(a) ‧見備註/See Remarks 7.1 (d)(ii)(g) ‧見備註/See Remarks 7.1 (d)(iii)(d) ‧見備註/See Remarks 7.1 (d)(vi)(a) ‧見備註/See Remarks 7.1 (d)(vii)(a) ‧見備註/See Remarks 7.1 (d)(ix)(b) ‧見備註/See Remarks 7.1 (d)(x)(a) ‧見備註/See Remarks 7.1 (d)(xi)(a) ‧見備註/See Remarks 7.1 (d)(xii)(a) ‧見備註/See Remarks 7.1 (d)(xiii)(a) ‧見備註/See Remarks 7.1 (d)(xiv)(a),
2019-11-02,2019-11-08,,第25A座 Tower 25A,8,D,,9481900,,‧價單第4A號 (E1)付款辦法 Payment Plan (E1) of Price List No.4A ‧見備註/See Remarks 7.1 (c)(i)(e) ‧見備註/See Remarks 7.1 (c)(ii)(a) ‧見備註/See Remarks 7.1 (c)(iii)(a) ‧見備註/See Remarks 7.1 (c)(iv)(a) ‧見備註/See Remarks 7.1 (d)(ii)(g) ‧見備註/See Remarks 7.1 (d)(iii)(d) ‧見備註/See Remarks 7.1 (d)(vi)(a) ‧見備註/See Remarks 7.1 (d)(vii)(a) ‧見備註/See Remarks 7.1 (d)(ix)(b) ‧見備註/See Remarks 7.1 (d)(x)(a) ‧見備註/See Remarks 7.1 (d)(xi)(a) ‧見備註/See Remarks 7.1 (d)(xii)(a) ‧見備註/See Remarks 7.1 (d)(xiii)(a) ‧見備註/See Remarks 7.1 (d)(xiv)(a),
2019-11-02,2019-11-08,,第25B座 Tower 25B,15,A,,8965400,,‧價單第4A號 (E1)付款辦法 Payment Plan (E1) of Price List No.4A ‧見備註/See Remarks 7.1 (c)(i)(e) ‧見備註/See Remarks 7.1 (c)(ii)(a) ‧見備註/See Remarks 7.1 (c)(iii)(a) ‧見備註/See Remarks 7.1 (c)(iv)(a) ‧見備註/See Remarks 7.1 (c)(v)(a) ‧見備註/See Remarks 7.1 (d)(ii)(g) ‧見備註/See Remarks 7.1 (d)(iii)(d) ‧見備註/See Remarks 7.1 (d)(vii)(a) ‧見備註/See Remarks 7.1 (d)(ix)(b) ‧見備註/See Remarks 7.1 (d)(x)(a) ‧見備註/See Remarks 7.1 (d)(xi)(a) ‧見備註/See Remarks 7.1 (d)(xii)(a) ‧見備註/See Remarks 7.1 (d)(xiii)(a) ‧見備註/See Remarks 7.1 (d)(xiv)(a),
2019-11-02,2019-11-08,,第25B座 Tower 25B,6,A,,8916600,,‧價單第4A號 (E1)付款辦法 Payment Plan (E1) of Price List No.4A ‧見備註/See Remarks 7.1 (c)(i)(e) ‧見備註/See Remarks 7.1 (c)(ii)(a) ‧見備註/See Remarks 7.1 (c)(iii)(a) ‧見備註/See Remarks 7.1 (c)(iv)(a) ‧見備註/See Remarks 7.1 (d)(ii)(g) ‧見備註/See Remarks 7.1 (d)(iii)(d) ‧見備註/See Remarks 7.1 (d)(vi)(a) ‧見備註/See Remarks 7.1 (d)(vii)(a) ‧見備註/See Remarks 7.1 (d)(ix)(b) ‧見備註/See Remarks 7.1 (d)(x)(a) ‧見備註/See Remarks 7.1 (d)(xi)(a) ‧見備註/See Remarks 7.1 (d)(xii)(a) ‧見備註/See Remarks 7.1 (d)(xiii)(a) ‧見備註/See Remarks 7.1 (d)(xiv)(a),
2019-11-02,2019-11-08,,第27B座 Tower 27B,5,A,,12843600,,‧價單第2D號 (E1)付款辦法 Payment Plan (E1) of Price List No.2D ‧見備註/See Remarks 7.1 (c)(i)(e) ‧見備註/See Remarks 7.1 (c)(ii)(a) ‧見備註/See Remarks 7.1 (c)(iii)(a) ‧見備註/See Remarks 7.1 (c)(iv)(a) ‧見備註/See Remarks 7.1 (d)(ii)(g) ‧見備註/See Remarks 7.1 (d)(iii)(d) ‧見備註/See Remarks 7.1 (d)(vi)(a) ‧見備註/See Remarks 7.1 (d)(vii)(a) ‧見備註/See Remarks 7.1 (d)(viii)(b) ‧見備註/See Remarks 7.1 (d)(ix)(b) ‧見備註/See Remarks 7.1 (d)(x)(a) ‧見備註/See Remarks 7.1 (d)(xi)(a) ‧見備註/See Remarks 7.1 (d)(xii)(a) ‧見備註/See Remarks 7.1 (d)(xiii)(a) ‧見備註/See Remarks 7.1 (d)(xiv)(a),
2019-11-02,2019-11-08,,第27B座 Tower 27B,3,A,,12804900,,‧價單第2D號 (E1)付款辦法 Payment Plan (E1) of Price List No.2D ‧見備註/See Remarks 7.1 (c)(i)(e) ‧見備註/See Remarks 7.1 (c)(ii)(a) ‧見備註/See Remarks 7.1 (c)(iii)(a) ‧見備註/See Remarks 7.1 (c)(iv)(a) ‧見備註/See Remarks 7.1 (d)(ii)(g) ‧見備註/See Remarks 7.1 (d)(iii)(d) ‧見備註/See Remarks 7.1 (d)(vi)(a) ‧見備註/See Remarks 7.1 (d)(vii)(a) ‧見備註/See Remarks 7.1 (d)(viii)(b) ‧見備註/See Remarks 7.1 (d)(ix)(b) ‧見備註/See Remarks 7.1 (d)(x)(a) ‧見備註/See Remarks 7.1 (d)(xi)(a) ‧見備註/See Remarks 7.1 (d)(xii)(a) ‧見備註/See Remarks 7.1 (d)(xiii)(a) ‧見備註/See Remarks 7.1 (d)(xiv)(a),
2019-11-02,2019-11-08,,第27B座 Tower 27B,3,B,,11250100,,‧價單第1G號 (E1)付款辦法 Payment Plan (E1) of Price List No.1G ‧見備註/See Remarks 7.1 (c)(i)(e) ‧見備註/See Remarks 7.1 (c)(ii)(a) ‧見備註/See Remarks 7.1 (c)(iii)(a) ‧見備註/See Remarks 7.1 (c)(iv)(a) ‧見備註/See Remarks 7.1 (d)(ii)(g) ‧見備註/See Remarks 7.1 (d)(iii)(d) ‧見備註/See Remarks 7.1 (d)(vi)(a) ‧見備註/See Remarks 7.1 (d)(vii)(a) ‧見備註/See Remarks 7.1 (d)(viii)(b) ‧見備註/See Remarks 7.1 (d)(ix)(b) ‧見備註/See Remarks 7.1 (d)(x)(a) ‧見備註/See Remarks 7.1 (d)(xi)(a) ‧見備註/See Remarks 7.1 (d)(xii)(a) ‧見備註/See Remarks 7.1 (d)(xiii)(a) ‧見備註/See Remarks 7.1 (d)(xiv)(a),
2019-11-02,2019-11-08,,第27B座 Tower 27B,1,B,,11717100,,‧價單第1G號 (E1)付款辦法 Payment Plan (E1) of Price List No.1G ‧見備註/See Remarks 7.1 (c)(i)(e) ‧見備註/See Remarks 7.1 (c)(ii)(a) ‧見備註/See Remarks 7.1 (c)(iii)(a) ‧見備註/See Remarks 7.1 (c)(iv)(a) ‧見備註/See Remarks 7.1 (d)(ii)(g) ‧見備註/See Remarks 7.1 (d)(iii)(d) ‧見備註/See Remarks 7.1 (d)(vi)(a) ‧見備註/See Remarks 7.1 (d)(vii)(a) ‧見備註/See Remarks 7.1 (d)(viii)(b) ‧見備註/See Remarks 7.1 (d)(ix)(b) ‧見備註/See Remarks 7.1 (d)(x)(a) ‧見備註/See Remarks 7.1 (d)(xi)(a) ‧見備註/See Remarks 7.1 (d)(xii)(a) ‧見備註/See Remarks 7.1 (d)(xiii)(a) ‧見備註/See Remarks 7.1 (d)(xiv)(a),
2019-11-03,2019-11-08,,第25A座 Tower 25A,11,B,,10962900,,‧價單第2D號 (E1)付款辦法 Payment Plan (E1) of Price List No.2D ‧見備註/See Remarks 7.1 (c)(i)(e) ‧見備註/See Remarks 7.1 (c)(ii)(a) ‧見備註/See Remarks 7.1 (c)(iii)(a) ‧見備註/See Remarks 7.1 (c)(iv)(a) ‧見備註/See Remarks 7.1 (c)(v)(a) ‧見備註/See Remarks 7.1 (d)(ii)(g) ‧見備註/See Remarks 7.1 (d)(iii)(d) ‧見備註/See Remarks 7.1 (d)(vii)(a) ‧見備註/See Remarks 7.1 (d)(viii)(b) ‧見備註/See Remarks 7.1 (d)(ix)(b) ‧見備註/See Remarks 7.1 (d)(x)(a) ‧見備註/See Remarks 7.1 (d)(xi)(a) ‧見備註/See Remarks 7.1 (d)(xii)(a) ‧見備註/See Remarks 7.1 (d)(xiii)(a) ‧見備註/See Remarks 7.1 (d)(xiv)(a),
2019-11-03,2019-11-08,,第25A座 Tower 25A,10,B,,10953600,,‧價單第2D號 (E1)付款辦法 Payment Plan (E1) of Price List No.2D ‧見備註/See Remarks 7.1 (c)(i)(e) ‧見備註/See Remarks 7.1 (c)(ii)(a) ‧見備註/See Remarks 7.1 (c)(iii)(a) ‧見備註/See Remarks 7.1 (c)(iv)(a) ‧見備註/See Remarks 7.1 (d)(ii)(g) ‧見備註/See Remarks 7.1 (d)(iii)(d) ‧見備註/See Remarks 7.1 (d)(vi)(a) ‧見備註/See Remarks 7.1 (d)(vii)(a) ‧見備註/See Remarks 7.1 (d)(viii)(b) ‧見備註/See Remarks 7.1 (d)(ix)(b) ‧見備註/See Remarks 7.1 (d)(x)(a) ‧見備註/See Remarks 7.1 (d)(xi)(a) ‧見備註/See Remarks 7.1 (d)(xii)(a) ‧見備註/See Remarks 7.1 (d)(xiii)(a) ‧見備註/See Remarks 7.1 (d)(xiv)(a),
2019-11-03,2019-11-08,,第25A座 Tower 25A,17,D,,9560800,,‧價單第4A號 (E1)付款辦法 Payment Plan (E1) of Price List No.4A ‧見備註/See Remarks 7.1 (c)(i)(e) ‧見備註/See Remarks 7.1 (c)(ii)(a) ‧見備註/See Remarks 7.1 (c)(iii)(a) ‧見備註/See Remarks 7.1 (c)(iv)(a) ‧見備註/See Remarks 7.1 (d)(ii)(g) ‧見備註/See Remarks 7.1 (d)(iii)(d) ‧見備註/See Remarks 7.1 (d)(vi)(a) ‧見備註/See Remarks 7.1 (d)(vii)(a) ‧見備註/See Remarks 7.1 (d)(ix)(b) ‧見備註/See Remarks 7.1 (d)(x)(a) ‧見備註/See Remarks 7.1 (d)(xi)(a) ‧見備註/See Remarks 7.1 (d)(xii)(a) ‧見備註/See Remarks 7.1 (d)(xiii)(a) ‧見備註/See Remarks 7.1 (d)(xiv)(a),
2019-11-03,2019-11-08,,第25A座 Tower 25A,9,D,,9481900,,‧價單第4A號 (E1)付款辦法 Payment Plan (E1) of Price List No.4A ‧見備註/See Remarks 7.1 (c)(i)(e) ‧見備註/See Remarks 7.1 (c)(ii)(a) ‧見備註/See Remarks 7.1 (c)(iii)(a) ‧見備註/See Remarks 7.1 (c)(iv)(a) ‧見備註/See Remarks 7.1 (d)(ii)(g) ‧見備註/See Remarks 7.1 (d)(iii)(d) ‧見備註/See Remarks 7.1 (d)(vi)(a) ‧見備註/See Remarks 7.1 (d)(vii)(a) ‧見備註/See Remarks 7.1 (d)(ix)(b) ‧見備註/See Remarks 7.1 (d)(x)(a) ‧見備註/See Remarks 7.1 (d)(xi)(a) ‧見備註/See Remarks 7.1 (d)(xii)(a) ‧見備註/See Remarks 7.1 (d)(xiii)(a) ‧見備註/See Remarks 7.1 (d)(xiv)(a),
2019-11-03,,,第27B座 Tower 27B,7,B,,11351700,,‧價單第1G號 (E1)付款辦法 Payment Plan (E1) of Price List No.1G ‧見備註/See Remarks 7.1 (c)(i)(e) ‧見備註/See Remarks 7.1 (c)(ii)(a) ‧見備註/See Remarks 7.1 (c)(iii)(a) ‧見備註/See Remarks 7.1 (c)(iv)(a) ‧見備註/See Remarks 7.1 (d)(ii)(g) ‧見備註/See Remarks 7.1 (d)(iii)(d) ‧見備註/See Remarks 7.1 (d)(vi)(a) ‧見備註/See Remarks 7.1 (d)(vii)(a) ‧見備註/See Remarks 7.1 (d)(viii)(b) ‧見備註/See Remarks 7.1 (d)(ix)(b) ‧見備註/See Remarks 7.1 (d)(x)(a) ‧見備註/See Remarks 7.1 (d)(xi)(a) ‧見備註/See Remarks 7.1 (d)(xii)(a) ‧見備註/See Remarks 7.1 (d)(xiii)(a) ‧見備註/See Remarks 7.1 (d)(xiv)(a),
2019-11-03,2019-11-08,,第27B座 Tower 27B,5,B,,11283700,,‧價單第1G號 (E1)付款辦法 Payment Plan (E1) of Price List No.1G ‧見備註/See Remarks 7.1 (c)(i)(e) ‧見備註/See Remarks 7.1 (c)(ii)(a) ‧見備註/See Remarks 7.1 (c)(iii)(a) ‧見備註/See Remarks 7.1 (c)(iv)(a) ‧見備註/See Remarks 7.1 (d)(ii)(g) ‧見備註/See Remarks 7.1 (d)(iii)(d) ‧見備註/See Remarks 7.1 (d)(vi)(a) ‧見備註/See Remarks 7.1 (d)(vii)(a) ‧見備註/See Remarks 7.1 (d)(viii)(b) ‧見備註/See Remarks 7.1 (d)(ix)(b) ‧見備註/See Remarks 7.1 (d)(x)(a) ‧見備註/See Remarks 7.1 (d)(xi)(a) ‧見備註/See Remarks 7.1 (d)(xii)(a) ‧見備註/See Remarks 7.1 (d)(xiii)(a) ‧見備註/See Remarks 7.1 (d)(xiv)(a),
2019-11-04,2019-11-11,,第25A座 Tower 25A,9,B,,10920000,,‧價單第2D號 (E1)付款辦法 Payment Plan (E1) of Price List No.2D ‧見備註/See Remarks 7.1 (c)(i)(e) ‧見備註/See Remarks 7.1 (c)(ii)(a) ‧見備註/See Remarks 7.1 (c)(iii)(a) ‧見備註/See Remarks 7.1 (c)(iv)(a) ‧見備註/See Remarks 7.1 (d)(ii)(g) ‧見備註/See Remarks 7.1 (d)(iii)(d) ‧見備註/See Remarks 7.1 (d)(vi)(a) ‧見備註/See Remarks 7.1 (d)(vii)(a) ‧見備註/See Remarks 7.1 (d)(viii)(b) ‧見備註/See Remarks 7.1 (d)(ix)(b) ‧見備註/See Remarks 7.1 (d)(x)(a) ‧見備註/See Remarks 7.1 (d)(xi)(a) ‧見備註/See Remarks 7.1 (d)(xii)(a) ‧見備註/See Remarks 7.1 (d)(xiii)(a) ‧見備註/See Remarks 7.1 (d)(xiv)(a),
2019-11-04,2019-11-11,,第27B座 Tower 27B,2,B,,11217300,,‧價單第1G號 (E1)付款辦法 Payment Plan (E1) of Price List No.1G ‧見備註/See Remarks 7.1 (c)(i)(e) ‧見備註/See Remarks 7.1 (c)(ii)(a) ‧見備註/See Remarks 7.1 (c)(iii)(a) ‧見備註/See Remarks 7.1 (c)(iv)(a) ‧見備註/See Remarks 7.1 (d)(ii)(g) ‧見備註/See Remarks 7.1 (d)(iii)(d) ‧見備註/See Remarks 7.1 (d)(vi)(a) ‧見備註/See Remarks 7.1 (d)(vii)(a) ‧見備註/See Remarks 7.1 (d)(viii)(b) ‧見備註/See Remarks 7.1 (d)(ix)(b) ‧見備註/See Remarks 7.1 (d)(x)(a) ‧見備註/See Remarks 7.1 (d)(xi)(a) ‧見備註/See Remarks 7.1 (d)(xii)(a) ‧見備註/See Remarks 7.1 (d)(xiii)(a) ‧見備註/See Remarks 7.1 (d)(xiv)(a),
2019-11-05,2019-11-12,,第25A座 Tower 25A,12,D,,9520500,,‧價單第4A號 (E1)付款辦法 Payment Plan (E1) of Price List No.4A ‧見備註/See Remarks 7.1 (c)(i)(e) ‧見備註/See Remarks 7.1 (c)(ii)(a) ‧見備註/See Remarks 7.1 (c)(iii)(a) ‧見備註/See Remarks 7.1 (c)(iv)(a) ‧見備註/See Remarks 7.1 (d)(ii)(g) ‧見備註/See Remarks 7.1 (d)(iii)(d) ‧見備註/See Remarks 7.1 (d)(vi)(a) ‧見備註/See Remarks 7.1 (d)(vii)(a) ‧見備註/See Remarks 7.1 (d)(ix)(b) ‧見備註/See Remarks 7.1 (d)(x)(a) ‧見備註/See Remarks 7.1 (d)(xi)(a) ‧見備註/See Remarks 7.1 (d)(xii)(a) ‧見備註/See Remarks 7.1 (d)(xiii)(a) ‧見備註/See Remarks 7.1 (d)(xiv)(a),
2019-11-06,2019-11-13,,第25A座 Tower 25A,18,A,,20595900,,‧價單第4A號 (E1)付款辦法 Payment Plan (E1) of Price List No.4A ‧見備註/See Remarks 7.1 (c)(i)(e) ‧見備註/See Remarks 7.1 (c)(ii)(a) ‧見備註/See Remarks 7.1 (c)(iii)(a) ‧見備註/See Remarks 7.1 (c)(iv)(a) ‧見備註/See Remarks 7.1 (d)(ii)(g) ‧見備註/See Remarks 7.1 (d)(iii)(d) ‧見備註/See Remarks 7.1 (d)(vii)(a) ‧見備註/See Remarks 7.1 (d)(viii)(b) ‧見備註/See Remarks 7.1 (d)(ix)(b) ‧見備註/See Remarks 7.1 (d)(x)(a) ‧見備註/See Remarks 7.1 (d)(xi)(a) ‧見備註/See Remarks 7.1 (d)(xii)(a) ‧見備註/See Remarks 7.1 (d)(xiii)(a) ‧見備註/See Remarks 7.1 (d)(xiv)(a),
2019-11-06,2019-11-13,,第25A座 Tower 25A,8,B,,10920000,,‧價單第2D號 (E1)付款辦法 Payment Plan (E1) of Price List No.2D ‧見備註/See Remarks 7.1 (c)(i)(e) ‧見備註/See Remarks 7.1 (c)(ii)(a) ‧見備註/See Remarks 7.1 (c)(iii)(a) ‧見備註/See Remarks 7.1 (c)(iv)(a) ‧見備註/See Remarks 7.1 (d)(ii)(g) ‧見備註/See Remarks 7.1 (d)(iii)(d) ‧見備註/See Remarks 7.1 (d)(vi)(a) ‧見備註/See Remarks 7.1 (d)(vii)(a) ‧見備註/See Remarks 7.1 (d)(viii)(b) ‧見備註/See Remarks 7.1 (d)(ix)(b) ‧見備註/See Remarks 7.1 (d)(x)(a) ‧見備註/See Remarks 7.1 (d)(xi)(a) ‧見備註/See Remarks 7.1 (d)(xii)(a) ‧見備註/See Remarks 7.1 (d)(xiii)(a) ‧見備註/See Remarks 7.1 (d)(xiv)(a),
2019-11-07,2019-11-14,,第25A座 Tower 25A,6,D,,9455000,,‧價單第4A號 (E1)付款辦法 Payment Plan (E1) of Price List No.4A ‧見備註/See Remarks 7.1 (c)(i)(e) ‧見備註/See Remarks 7.1 (c)(ii)(a) ‧見備註/See Remarks 7.1 (c)(iii)(a) ‧見備註/See Remarks 7.1 (c)(iv)(a) ‧見備註/See Remarks 7.1 (d)(ii)(g) ‧見備註/See Remarks 7.1 (d)(iii)(d) ‧見備註/See Remarks 7.1 (d)(vi)(a) ‧見備註/See Remarks 7.1 (d)(vii)(a) ‧見備註/See Remarks 7.1 (d)(ix)(b) ‧見備註/See Remarks 7.1 (d)(x)(a) ‧見備註/See Remarks 7.1 (d)(xi)(a) ‧見備註/See Remarks 7.1 (d)(xii)(a) ‧見備註/See Remarks 7.1 (d)(xiii)(a) ‧見備註/See Remarks 7.1 (d)(xiv)(a),
2019-11-09,2019-11-15,,第25A座 Tower 25A,7,B,,10896400,,‧價單第2D號 (E1)付款辦法 Payment Plan (E1) of Price List No.2D ‧見備註/See Remarks 7.1 (c)(i)(e) ‧見備註/See Remarks 7.1 (c)(ii)(a) ‧見備註/See Remarks 7.1 (c)(iii)(a) ‧見備註/See Remarks 7.1 (c)(iv)(a) ‧見備註/See Remarks 7.1 (d)(ii)(g) ‧見備註/See Remarks 7.1 (d)(iii)(d) ‧見備註/See Remarks 7.1 (d)(vi)(a) ‧見備註/See Remarks 7.1 (d)(vii)(a) ‧見備註/See Remarks 7.1 (d)(viii)(b) ‧見備註/See Remarks 7.1 (d)(ix)(b) ‧見備註/See Remarks 7.1 (d)(x)(a) ‧見備註/See Remarks 7.1 (d)(xi)(a) ‧見備註/See Remarks 7.1 (d)(xii)(a) ‧見備註/See Remarks 7.1 (d)(xiii)(a) ‧見備註/See Remarks 7.1 (d)(xiv)(a),
2019-11-09,2019-11-15,,第25A座 Tower 25A,6,B,,10881300,,‧價單第2D號 (E1)付款辦法 Payment Plan (E1) of Price List No.2D ‧見備註/See Remarks 7.1 (c)(i)(e) ‧見備註/See Remarks 7.1 (c)(ii)(a) ‧見備註/See Remarks 7.1 (c)(iii)(a) ‧見備註/See Remarks 7.1 (c)(iv)(a) ‧見備註/See Remarks 7.1 (d)(ii)(g) ‧見備註/See Remarks 7.1 (d)(iii)(d) ‧見備註/See Remarks 7.1 (d)(vi)(a) ‧見備註/See Remarks 7.1 (d)(vii)(a) ‧見備註/See Remarks 7.1 (d)(viii)(b) ‧見備註/See Remarks 7.1 (d)(ix)(b) ‧見備註/See Remarks 7.1 (d)(x)(a) ‧見備註/See Remarks 7.1 (d)(xi)(a) ‧見備註/See Remarks 7.1 (d)(xii)(a) ‧見備註/See Remarks 7.1 (d)(xiii)(a) ‧見備註/See Remarks 7.1 (d)(xiv)(a),
2019-11-09,2019-11-15,,第25A座 Tower 25A,11,D,,9507100,,‧價單第4A號 (E1)付款辦法 Payment Plan (E1) of Price List No.4A ‧見備註/See Remarks 7.1 (c)(i)(e) ‧見備註/See Remarks 7.1 (c)(ii)(a) ‧見備註/See Remarks 7.1 (c)(iii)(a) ‧見備註/See Remarks 7.1 (c)(iv)(a) ‧見備註/See Remarks 7.1 (d)(ii)(g) ‧見備註/See Remarks 7.1 (d)(iii)(d) ‧見備註/See Remarks 7.1 (d)(vi)(a) ‧見備註/See Remarks 7.1 (d)(vii)(a) ‧見備註/See Remarks 7.1 (d)(ix)(b) ‧見備註/See Remarks 7.1 (d)(x)(a) ‧見備註/See Remarks 7.1 (d)(xi)(a) ‧見備註/See Remarks 7.1 (d)(xii)(a) ‧見備註/See Remarks 7.1 (d)(xiii)(a) ‧見備註/See Remarks 7.1 (d)(xiv)(a),
2019-11-09,2019-11-15,,第25A座 Tower 25A,7,D,,9468400,,‧價單第4A號 (E1)付款辦法 Payment Plan (E1) of Price List No.4A ‧見備註/See Remarks 7.1 (c)(i)(e) ‧見備註/See Remarks 7.1 (c)(ii)(a) ‧見備註/See Remarks 7.1 (c)(iii)(a) ‧見備註/See Remarks 7.1 (c)(iv)(a) ‧見備註/See Remarks 7.1 (d)(ii)(g) ‧見備註/See Remarks 7.1 (d)(iii)(d) ‧見備註/See Remarks 7.1 (d)(vi)(a) ‧見備註/See Remarks 7.1 (d)(vii)(a) ‧見備註/See Remarks 7.1 (d)(ix)(b) ‧見備註/See Remarks 7.1 (d)(x)(a) ‧見備註/See Remarks 7.1 (d)(xi)(a) ‧見備註/See Remarks 7.1 (d)(xii)(a) ‧見備註/See Remarks 7.1 (d)(xiii)(a) ‧見備註/See Remarks 7.1 (d)(xiv)(a),
2019-11-09,2019-11-15,,第25A座 Tower 25A,5,D,,9442400,,‧價單第4A號 (E1)付款辦法 Payment Plan (E1) of Price List No.4A ‧見備註/See Remarks 7.1 (c)(i)(e) ‧見備註/See Remarks 7.1 (c)(ii)(a) ‧見備註/See Remarks 7.1 (c)(iii)(a) ‧見備註/See Remarks 7.1 (c)(iv)(a) ‧見備註/See Remarks 7.1 (d)(ii)(g) ‧見備註/See Remarks 7.1 (d)(iii)(d) ‧見備註/See Remarks 7.1 (d)(vi)(a) ‧見備註/See Remarks 7.1 (d)(vii)(a) ‧見備註/See Remarks 7.1 (d)(ix)(b) ‧見備註/See Remarks 7.1 (d)(x)(a) ‧見備註/See Remarks 7.1 (d)(xi)(a) ‧見備註/See Remarks 7.1 (d)(xii)(a) ‧見備註/See Remarks 7.1 (d)(xiii)(a) ‧見備註/See Remarks 7.1 (d)(xiv)(a),
2019-11-09,2019-11-15,,第25B座 Tower 25B,12,A,,8966100,,‧價單第4A號 (E1)付款辦法 Payment Plan (E1) of Price List No.4A ‧見備註/See Remarks 7.1 (c)(i)(e) ‧見備註/See Remarks 7.1 (c)(ii)(a) ‧見備註/See Remarks 7.1 (c)(iii)(a) ‧見備註/See Remarks 7.1 (c)(iv)(a) ‧見備註/See Remarks 7.1 (d)(ii)(g) ‧見備註/See Remarks 7.1 (d)(iii)(d) ‧見備註/See Remarks 7.1 (d)(vi)(a) ‧見備註/See Remarks 7.1 (d)(vii)(a) ‧見備註/See Remarks 7.1 (d)(ix)(b) ‧見備註/See Remarks 7.1 (d)(x)(a) ‧見備註/See Remarks 7.1 (d)(xi)(a) ‧見備註/See Remarks 7.1 (d)(xii)(a) ‧見備註/See Remarks 7.1 (d)(xiii)(a) ‧見備註/See Remarks 7.1 (d)(xiv)(a),
2019-11-09,2019-11-15,,第25B座 Tower 25B,1,A,,9334900,,‧價單第4A號 (E1)付款辦法 Payment Plan (E1) of Price List No.4A ‧見備註/See Remarks 7.1 (c)(i)(e) ‧見備註/See Remarks 7.1 (c)(ii)(a) ‧見備註/See Remarks 7.1 (c)(iii)(a) ‧見備註/See Remarks 7.1 (c)(iv)(a) ‧見備註/See Remarks 7.1 (d)(ii)(g) ‧見備註/See Remarks 7.1 (d)(iii)(d) ‧見備註/See Remarks 7.1 (d)(vi)(a) ‧見備註/See Remarks 7.1 (d)(vii)(a) ‧見備註/See Remarks 7.1 (d)(ix)(b) ‧見備註/See Remarks 7.1 (d)(x)(a) ‧見備註/See Remarks 7.1 (d)(xi)(a) ‧見備註/See Remarks 7.1 (d)(xii)(a) ‧見備註/See Remarks 7.1 (d)(xiii)(a) ‧見備註/See Remarks 7.1 (d)(xiv)(a),
2019-11-10,2019-11-15,,第26座 Tower 26,15,E,,5102100,,‧價單第1H號 (E1)付款辦法 Payment Plan (E1) of Price List No.1H ‧見備註/See Remarks 7.1 (c)(i)(e) ‧見備註/See Remarks 7.1 (c)(ii)(a) ‧見備註/See Remarks 7.1 (c)(iii)(a) ‧見備註/See Remarks 7.1 (c)(iv)(a) ‧見備註/See Remarks 7.1 (d)(ii)(g) ‧見備註/See Remarks 7.1 (d)(iii)(d) ‧見備註/See Remarks 7.1 (d)(vii)(a) ‧見備註/See Remarks 7.1 (d)(ix)(b) ‧見備註/See Remarks 7.1 (d)(x)(a) ‧見備註/See Remarks 7.1 (d)(xi)(a) ‧見備註/See Remarks 7.1 (d)(xii)(a) ‧見備註/See Remarks 7.1 (d)(xiv)(a),
2019-11-10,2019-11-15,,第25A座 Tower 25A,3,D,,9428100,,‧價單第4A號 (E1)付款辦法 Payment Plan (E1) of Price List No.4A ‧見備註/See Remarks 7.1 (c)(i)(e) ‧見備註/See Remarks 7.1 (c)(ii)(a) ‧見備註/See Remarks 7.1 (c)(iii)(a) ‧見備註/See Remarks 7.1 (c)(iv)(a) ‧見備註/See Remarks 7.1 (d)(ii)(g) ‧見備註/See Remarks 7.1 (d)(iii)(d) ‧見備註/See Remarks 7.1 (d)(vi)(a) ‧見備註/See Remarks 7.1 (d)(vii)(a) ‧見備註/See Remarks 7.1 (d)(ix)(b) ‧見備註/See Remarks 7.1 (d)(x)(a) ‧見備註/See Remarks 7.1 (d)(xi)(a) ‧見備註/See Remarks 7.1 (d)(xii)(a) ‧見備註/See Remarks 7.1 (d)(xiii)(a) ‧見備註/See Remarks 7.1 (d)(xiv)(a),
2019-11-10,2019-11-15,,第25B座 Tower 25B,7,A,,8926600,,‧價單第4A號 (E1)付款辦法 Payment Plan (E1) of Price List No.4A ‧見備註/See Remarks 7.1 (c)(i)(e) ‧見備註/See Remarks 7.1 (c)(ii)(a) ‧見備註/See Remarks 7.1 (c)(iii)(a) ‧見備註/See Remarks 7.1 (c)(iv)(a) ‧見備註/See Remarks 7.1 (d)(ii)(g) ‧見備註/See Remarks 7.1 (d)(iii)(d) ‧見備註/See Remarks 7.1 (d)(vi)(a) ‧見備註/See Remarks 7.1 (d)(vii)(a) ‧見備註/See Remarks 7.1 (d)(ix)(b) ‧見備註/See Remarks 7.1 (d)(x)(a) ‧見備註/See Remarks 7.1 (d)(xi)(a) ‧見備註/See Remarks 7.1 (d)(xii)(a) ‧見備註/See Remarks 7.1 (d)(xiii)(a) ‧見備註/See Remarks 7.1 (d)(xiv)(a),
2019-11-10,2019-11-15,,第25B座 Tower 25B,2,A,,9416200,,‧價單第4A號 (E1)付款辦法 Payment Plan (E1) of Price List No.4A ‧見備註/See Remarks 7.1 (c)(i)(e) ‧見備註/See Remarks 7.1 (c)(iii)(a) ‧見備註/See Remarks 7.1 (c)(iv)(a) ‧見備註/See Remarks 7.1 (d)(i)(a) ‧見備註/See Remarks 7.1 (d)(ii)(g) ‧見備註/See Remarks 7.1 (d)(iii)(d) ‧見備註/See Remarks 7.1 (d)(vi)(a) ‧見備註/See Remarks 7.1 (d)(vii)(a) ‧見備註/See Remarks 7.1 (d)(ix)(b) ‧見備註/See Remarks 7.1 (d)(x)(a) ‧見備註/See Remarks 7.1 (d)(xi)(a) ‧見備註/See Remarks 7.1 (d)(xii)(a) ‧見備註/See Remarks 7.1 (d)(xiii)(a) ‧見備註/See Remarks 7.1 (d)(xiv)(a),
2019-11-10,2019-11-15,,第25B座 Tower 25B,5,B,,7508700,,‧價單第2E號 (E1)付款辦法 Payment Plan (E1) of Price List No.2E ‧見備註/See Remarks 7.1 (c)(i)(e) ‧見備註/See Remarks 7.1 (c)(ii)(a) ‧見備註/See Remarks 7.1 (c)(iii)(a) ‧見備註/See Remarks 7.1 (c)(iv)(a) ‧見備註/See Remarks 7.1 (d)(ii)(g) ‧見備註/See Remarks 7.1 (d)(iii)(d) ‧見備註/See Remarks 7.1 (d)(vi)(a) ‧見備註/See Remarks 7.1 (d)(vii)(a) ‧見備註/See Remarks 7.1 (d)(ix)(b) ‧見備註/See Remarks 7.1 (d)(x)(a) ‧見備註/See Remarks 7.1 (d)(xi)(a) ‧見備註/See Remarks 7.1 (d)(xii)(a) ‧見備註/See Remarks 7.1 (d)(xiv)(a),
2019-11-11,2019-11-18,,第27A座 Tower 27A,7,B,,7755700,,‧價單第1H號 (E1)付款辦法 Payment Plan (E1) of Price List No.1H ‧見備註/See Remarks 7.1 (c)(i)(e) ‧見備註/See Remarks 7.1 (c)(ii)(a) ‧見備註/See Remarks 7.1 (c)(iii)(a) ‧見備註/See Remarks 7.1 (c)(iv)(a) ‧見備註/See Remarks 7.1 (d)(ii)(g) ‧見備註/See Remarks 7.1 (d)(iii)(d) ‧見備註/See Remarks 7.1 (d)(vi)(a) ‧見備註/See Remarks 7.1 (d)(vii)(a) ‧見備註/See Remarks 7.1 (d)(ix)(b) ‧見備註/See Remarks 7.1 (d)(x)(a) ‧見備註/See Remarks 7.1 (d)(xi)(a) ‧見備註/See Remarks 7.1 (d)(xii)(a) ‧見備註/See Remarks 7.1 (d)(xiv)(a),
2019-11-12,2019-11-19,,第25A座 Tower 25A,2,D,,9415500,,‧價單第4A號 (E1)付款辦法 Payment Plan (E1) of Price List No.4A ‧見備註/See Remarks 7.1 (c)(i)(e) ‧見備註/See Remarks 7.1 (c)(ii)(a) ‧見備註/See Remarks 7.1 (c)(iii)(a) ‧見備註/See Remarks 7.1 (c)(iv)(a) ‧見備註/See Remarks 7.1 (d)(ii)(g) ‧見備註/See Remarks 7.1 (d)(iii)(d) ‧見備註/See Remarks 7.1 (d)(vi)(a) ‧見備註/See Remarks 7.1 (d)(vii)(a) ‧見備註/See Remarks 7.1 (d)(ix)(b) ‧見備註/See Remarks 7.1 (d)(x)(a) ‧見備註/See Remarks 7.1 (d)(xi)(a) ‧見備註/See Remarks 7.1 (d)(xii)(a) ‧見備註/See Remarks 7.1 (d)(xiii)(a) ‧見備註/See Remarks 7.1 (d)(xiv)(a),
2019-11-12,2019-11-19,,第25B座 Tower 25B,18,A,,17391300,,‧價單第4A號 (E1)付款辦法 Payment Plan (E1) of Price List No.4A ‧見備註/See Remarks 7.1 (c)(i)(e) ‧見備註/See Remarks 7.1 (c)(ii)(a) ‧見備註/See Remarks 7.1 (c)(iii)(a) ‧見備註/See Remarks 7.1 (c)(iv)(a) ‧見備註/See Remarks 7.1 (d)(ii)(g) ‧見備註/See Remarks 7.1 (d)(iii)(d) ‧見備註/See Remarks 7.1 (d)(vii)(a) ‧見備註/See Remarks 7.1 (d)(viii)(b) ‧見備註/See Remarks 7.1 (d)(ix)(b) ‧見備註/See Remarks 7.1 (d)(x)(a) ‧見備註/See Remarks 7.1 (d)(xi)(a) ‧見備註/See Remarks 7.1 (d)(xii)(a) ‧見備註/See Remarks 7.1 (d)(xiii)(a) ‧見備註/See Remarks 7.1 (d)(xiv)(a),
2019-11-12,2019-11-19,,第27B座 Tower 27B,7,B,,11351700,,‧價單第1H號 (E1)付款辦法 Payment Plan (E1) of Price List No.1H ‧見備註/See Remarks 7.1 (c)(i)(e) ‧見備註/See Remarks 7.1 (c)(ii)(a) ‧見備註/See Remarks 7.1 (c)(iii)(a) ‧見備註/See Remarks 7.1 (c)(iv)(a) ‧見備註/See Remarks 7.1 (d)(ii)(g) ‧見備註/See Remarks 7.1 (d)(iii)(d) ‧見備註/See Remarks 7.1 (d)(vi)(a) ‧見備註/See Remarks 7.1 (d)(vii)(a) ‧見備註/See Remarks 7.1 (d)(viii)(b) ‧見備註/See Remarks 7.1 (d)(ix)(b) ‧見備註/See Remarks 7.1 (d)(x)(a) ‧見備註/See Remarks 7.1 (d)(xi)(a) ‧見備註/See Remarks 7.1 (d)(xii)(a) ‧見備註/See Remarks 7.1 (d)(xiii)(a) ‧見備註/See Remarks 7.1 (d)(xiv)(a),
2019-11-13,,,第26座 Tower 26,8,C,,8639400,,‧價單第1H號 (E1)付款辦法 Payment Plan (E1) of Price List No.1H ‧見備註/See Remarks 7.1 (c)(i)(e) ‧見備註/See Remarks 7.1 (c)(ii)(a) ‧見備註/See Remarks 7.1 (c)(iii)(a) ‧見備註/See Remarks 7.1 (c)(iv)(a) ‧見備註/See Remarks 7.1 (d)(ii)(g) ‧見備註/See Remarks 7.1 (d)(iii)(d) ‧見備註/See Remarks 7.1 (d)(vi)(a) ‧見備註/See Remarks 7.1 (d)(vii)(a) ‧見備註/See Remarks 7.1 (d)(ix)(b) ‧見備註/See Remarks 7.1 (d)(x)(a) ‧見備註/See Remarks 7.1 (d)(xi)(a) ‧見備註/See Remarks 7.1 (d)(xii)(a) ‧見備註/See Remarks 7.1 (d)(xiii)(a) ‧見備註/See Remarks 7.1 (d)(xiv)(a),
2019-11-16,2019-11-22,,第26座 Tower 26,9,C,,8639400,,‧價單第1H號 (E1)付款辦法 Payment Plan (E1) of Price List No.1H ‧見備註/See Remarks 7.1 (c)(i)(e) ‧見備註/See Remarks 7.1 (c)(ii)(a) ‧見備註/See Remarks 7.1 (c)(iii)(a) ‧見備註/See Remarks 7.1 (c)(iv)(a) ‧見備註/See Remarks 7.1 (d)(ii)(g) ‧見備註/See Remarks 7.1 (d)(iii)(d) ‧見備註/See Remarks 7.1 (d)(vi)(a) ‧見備註/See Remarks 7.1 (d)(vii)(a) ‧見備註/See Remarks 7.1 (d)(ix)(b) ‧見備註/See Remarks 7.1 (d)(x)(a) ‧見備註/See Remarks 7.1 (d)(xi)(a) ‧見備註/See Remarks 7.1 (d)(xii)(a) ‧見備註/See Remarks 7.1 (d)(xiii)(a) ‧見備註/See Remarks 7.1 (d)(xiv)(a),
2019-11-16,2019-11-22,,第25A座 Tower 25A,17,A,,10930900,,‧價單第4A號 (E1)付款辦法 Payment Plan (E1) of Price List No.4A ‧見備註/See Remarks 7.1 (c)(i)(e) ‧見備註/See Remarks 7.1 (c)(ii)(a) ‧見備註/See Remarks 7.1 (c)(iii)(a) ‧見備註/See Remarks 7.1 (c)(iv)(a) ‧見備註/See Remarks 7.1 (d)(ii)(g) ‧見備註/See Remarks 7.1 (d)(iii)(d) ‧見備註/See Remarks 7.1 (d)(vi)(a) ‧見備註/See Remarks 7.1 (d)(vii)(a) ‧見備註/See Remarks 7.1 (d)(viii)(b) ‧見備註/See Remarks 7.1 (d)(ix)(b) ‧見備註/See Remarks 7.1 (d)(x)(a) ‧見備註/See Remarks 7.1 (d)(xi)(a) ‧見備註/See Remarks 7.1 (d)(xii)(a) ‧見備註/See Remarks 7.1 (d)(xiii)(a) ‧見備註/See Remarks 7.1 (d)(xiv)(a),
2019-11-17,2019-11-22,,第26座 Tower 26,12,C,,8667900,,‧價單第1H號 (E1)付款辦法 Payment Plan (E1) of Price List No.1H ‧見備註/See Remarks 7.1 (c)(i)(e) ‧見備註/See Remarks 7.1 (c)(ii)(a) ‧見備註/See Remarks 7.1 (c)(iii)(a) ‧見備註/See Remarks 7.1 (c)(iv)(a) ‧見備註/See Remarks 7.1 (d)(ii)(g) ‧見備註/See Remarks 7.1 (d)(iii)(d) ‧見備註/See Remarks 7.1 (d)(vi)(a) ‧見備註/See Remarks 7.1 (d)(vii)(a) ‧見備註/See Remarks 7.1 (d)(ix)(b) ‧見備註/See Remarks 7.1 (d)(x)(a) ‧見備註/See Remarks 7.1 (d)(xi)(a) ‧見備註/See Remarks 7.1 (d)(xii)(a) ‧見備註/See Remarks 7.1 (d)(xiii)(a) ‧見備註/See Remarks 7.1 (d)(xiv)(a),
2019-11-17,2019-11-22,,第25A座 Tower 25A,16,A,,10915800,,‧價單第4A號 (E1)付款辦法 Payment Plan (E1) of Price List No.4A ‧見備註/See Remarks 7.1 (c)(i)(e) ‧見備註/See Remarks 7.1 (c)(ii)(a) ‧見備註/See Remarks 7.1 (c)(iii)(a) ‧見備註/See Remarks 7.1 (c)(iv)(a) ‧見備註/See Remarks 7.1 (d)(ii)(g) ‧見備註/See Remarks 7.1 (d)(iii)(d) ‧見備註/See Remarks 7.1 (d)(vi)(a) ‧見備註/See Remarks 7.1 (d)(vii)(a) ‧見備註/See Remarks 7.1 (d)(viii)(b) ‧見備註/See Remarks 7.1 (d)(ix)(b) ‧見備註/See Remarks 7.1 (d)(x)(a) ‧見備註/See Remarks 7.1 (d)(xi)(a) ‧見備註/See Remarks 7.1 (d)(xii)(a) ‧見備註/See Remarks 7.1 (d)(xiii)(a) ‧見備註/See Remarks 7.1 (d)(xiv)(a),
2019-11-17,2019-11-22,,第25A座 Tower 25A,15,A,,10900600,,‧價單第4A號 (E1)付款辦法 Payment Plan (E1) of Price List No.4A ‧見備註/See Remarks 7.1 (c)(i)(e) ‧見備註/See Remarks 7.1 (c)(ii)(a) ‧見備註/See Remarks 7.1 (c)(iii)(a) ‧見備註/See Remarks 7.1 (c)(iv)(a) ‧見備註/See Remarks 7.1 (d)(ii)(g) ‧見備註/See Remarks 7.1 (d)(iii)(d) ‧見備註/See Remarks 7.1 (d)(vi)(a) ‧見備註/See Remarks 7.1 (d)(vii)(a) ‧見備註/See Remarks 7.1 (d)(viii)(b) ‧見備註/See Remarks 7.1 (d)(ix)(b) ‧見備註/See Remarks 7.1 (d)(x)(a) ‧見備註/See Remarks 7.1 (d)(xi)(a) ‧見備註/See Remarks 7.1 (d)(xii)(a) ‧見備註/See Remarks 7.1 (d)(xiii)(a) ‧見備註/See Remarks 7.1 (d)(xiv)(a),
2019-11-17,,,第25A座 Tower 25A,11,A,,10870400,,‧價單第4A號 (E1)付款辦法 Payment Plan (E1) of Price List No.4A ‧見備註/See Remarks 7.1 (c)(i)(e) ‧見備註/See Remarks 7.1 (c)(ii)(a) ‧見備註/See Remarks 7.1 (c)(iii)(a) ‧見備註/See Remarks 7.1 (c)(iv)(a) ‧見備註/See Remarks 7.1 (d)(ii)(g) ‧見備註/See Remarks 7.1 (d)(iii)(d) ‧見備註/See Remarks 7.1 (d)(vi)(a) ‧見備註/See Remarks 7.1 (d)(vii)(a) ‧見備註/See Remarks 7.1 (d)(viii)(b) ‧見備註/See Remarks 7.1 (d)(ix)(b) ‧見備註/See Remarks 7.1 (d)(x)(a) ‧見備註/See Remarks 7.1 (d)(xi)(a) ‧見備註/See Remarks 7.1 (d)(xii)(a) ‧見備註/See Remarks 7.1 (d)(xiii)(a) ‧見備註/See Remarks 7.1 (d)(xiv)(a),
2019-11-18,2019-11-25,,第25A座 Tower 25A,12,A,,10884700,,‧價單第4A號 (E1)付款辦法 Payment Plan (E1) of Price List No.4A ‧見備註/See Remarks 7.1 (c)(i)(e) ‧見備註/See Remarks 7.1 (c)(ii)(a) ‧見備註/See Remarks 7.1 (c)(iii)(a) ‧見備註/See Remarks 7.1 (c)(iv)(a) ‧見備註/See Remarks 7.1 (d)(ii)(g) ‧見備註/See Remarks 7.1 (d)(iii)(d) ‧見備註/See Remarks 7.1 (d)(vi)(a) ‧見備註/See Remarks 7.1 (d)(vii)(a) ‧見備註/See Remarks 7.1 (d)(viii)(b) ‧見備註/See Remarks 7.1 (d)(ix)(b) ‧見備註/See Remarks 7.1 (d)(x)(a) ‧見備註/See Remarks 7.1 (d)(xi)(a) ‧見備註/See Remarks 7.1 (d)(xii)(a) ‧見備註/See Remarks 7.1 (d)(xiii)(a) ‧見備註/See Remarks 7.1 (d)(xiv)(a),
2019-11-18,2019-11-25,,第25A座 Tower 25A,9,A,,10839300,,‧價單第4A號 (E1)付款辦法 Payment Plan (E1) of Price List No.4A ‧見備註/See Remarks 7.1 (c)(i)(e) ‧見備註/See Remarks 7.1 (c)(ii)(a) ‧見備註/See Remarks 7.1 (c)(iii)(a) ‧見備註/See Remarks 7.1 (c)(iv)(a) ‧見備註/See Remarks 7.1 (d)(ii)(g) ‧見備註/See Remarks 7.1 (d)(iii)(d) ‧見備註/See Remarks 7.1 (d)(vi)(a) ‧見備註/See Remarks 7.1 (d)(vii)(a) ‧見備註/See Remarks 7.1 (d)(viii)(b) ‧見備註/See Remarks 7.1 (d)(ix)(b) ‧見備註/See Remarks 7.1 (d)(x)(a) ‧見備註/See Remarks 7.1 (d)(xi)(a) ‧見備註/See Remarks 7.1 (d)(xii)(a) ‧見備註/See Remarks 7.1 (d)(xiii)(a) ‧見備註/See Remarks 7.1 (d)(xiv)(a),
2019-11-19,,,第26座 Tower 26,1,C,,9460000,,‧價單第1H號 (E1)付款辦法 Payment Plan (E1) of Price List No.1H ‧見備註/See Remarks 7.1 (c)(i)(e) ‧見備註/See Remarks 7.1 (c)(ii)(a) ‧見備註/See Remarks 7.1 (c)(iii)(a) ‧見備註/See Remarks 7.1 (c)(iv)(a) ‧見備註/See Remarks 7.1 (d)(ii)(g) ‧見備註/See Remarks 7.1 (d)(iii)(d) ‧見備註/See Remarks 7.1 (d)(vi)(a) ‧見備註/See Remarks 7.1 (d)(vii)(a) ‧見備註/See Remarks 7.1 (d)(ix)(b) ‧見備註/See Remarks 7.1 (d)(x)(a) ‧見備註/See Remarks 7.1 (d)(xi)(a) ‧見備註/See Remarks 7.1 (d)(xii)(a) ‧見備註/See Remarks 7.1 (d)(xiii)(a) ‧見備註/See Remarks 7.1 (d)(xiv)(a),
2019-11-21,2019-11-28,,第27B座 Tower 27B,G&UG,A,,36082400,,招標文件支付辦法(TE1) Payment Plan (TE1) of Tender Document ‧見備註/See Remarks 7.1 (d)(ii)(g) ‧見備註/See Remarks 7.1 (d)(iii)(d) ‧見備註/See Remarks 7.1 (d)(vii)(a) ‧見備註/See Remarks 7.1 (d)(viii)(b) ‧見備註/See Remarks 7.1 (e)(iii) ‧見備註/See Remarks 7.1 (d)(ix)(b) ‧見備註/See Remarks 7.1 (d)(x)(b) ‧見備註/See Remarks 7.1 (d)(xi)(a) ‧見備註/See Remarks 7.1 (d)(xii)(a) ‧見備註/See Remarks 7.1 (d)(xiii)(a) ‧見備註/See Remarks 7.1 (d)(xiv)(a),
2019-11-22,2019-11-29,,第25A座 Tower 25A,10,A,,10854400,,‧價單第4B號 (E1)付款辦法 Payment Plan (E1) of Price List No.4B ‧見備註/See Remarks 7.1 (c)(i)(e) ‧見備註/See Remarks 7.1 (c)(ii)(a) ‧見備註/See Remarks 7.1 (c)(iii)(a) ‧見備註/See Remarks 7.1 (c)(iv)(a) ‧見備註/See Remarks 7.1 (d)(ii)(g) ‧見備註/See Remarks 7.1 (d)(iii)(d) ‧見備註/See Remarks 7.1 (d)(vi)(a) ‧見備註/See Remarks 7.1 (d)(vii)(a) ‧見備註/See Remarks 7.1 (d)(viii)(b) ‧見備註/See Remarks 7.1 (d)(ix)(b) ‧見備註/See Remarks 7.1 (d)(x)(a) ‧見備註/See Remarks 7.1 (d)(xi)(a) ‧見備註/See Remarks 7.1 (d)(xii)(a) ‧見備註/See Remarks 7.1 (d)(xiii)(a) ‧見備註/See Remarks 7.1 (d)(xiv)(a),
2019-11-22,2019-11-29,,第25A座 Tower 25A,8,A,,10839300,,‧價單第4B號 (E1)付款辦法 Payment Plan (E1) of Price List No.4B ‧見備註/See Remarks 7.1 (c)(i)(e) ‧見備註/See Remarks 7.1 (c)(ii)(a) ‧見備註/See Remarks 7.1 (c)(iii)(a) ‧見備註/See Remarks 7.1 (c)(iv)(a) ‧見備註/See Remarks 7.1 (d)(ii)(g) ‧見備註/See Remarks 7.1 (d)(iii)(d) ‧見備註/See Remarks 7.1 (d)(vi)(a) ‧見備註/See Remarks 7.1 (d)(vii)(a) ‧見備註/See Remarks 7.1 (d)(viii)(b) ‧見備註/See Remarks 7.1 (d)(ix)(b) ‧見備註/See Remarks 7.1 (d)(x)(a) ‧見備註/See Remarks 7.1 (d)(xi)(a) ‧見備註/See Remarks 7.1 (d)(xii)(a) ‧見備註/See Remarks 7.1 (d)(xiii)(a) ‧見備註/See Remarks 7.1 (d)(xiv)(a),
2019-11-22,2019-11-29,,第25A座 Tower 25A,10,C,,9787700,,‧價單第4B號 (E1)付款辦法 Payment Plan (E1) of Price List No.4B ‧見備註/See Remarks 7.1 (c)(i)(e) ‧見備註/See Remarks 7.1 (c)(ii)(a) ‧見備註/See Remarks 7.1 (c)(iii)(a) ‧見備註/See Remarks 7.1 (c)(iv)(a) ‧見備註/See Remarks 7.1 (c)(v)(a) ‧見備註/See Remarks 7.1 (d)(ii)(g) ‧見備註/See Remarks 7.1 (d)(iii)(d) ‧見備註/See Remarks 7.1 (d)(vii)(a) ‧見備註/See Remarks 7.1 (d)(ix)(b) ‧見備註/See Remarks 7.1 (d)(x)(a) ‧見備註/See Remarks 7.1 (d)(xi)(a) ‧見備註/See Remarks 7.1 (d)(xii)(a) ‧見備註/See Remarks 7.1 (d)(xiii)(a) ‧見備註/See Remarks 7.1 (d)(xiv)(a),
2019-11-22,2019-11-29,,第25B座 Tower 25B,11,A,,8946000,,‧價單第4B號 (E1)付款辦法 Payment Plan (E1) of Price List No.4B ‧見備註/See Remarks 7.1 (c)(i)(e) ‧見備註/See Remarks 7.1 (c)(ii)(a) ‧見備註/See Remarks 7.1 (c)(iii)(a) ‧見備註/See Remarks 7.1 (c)(iv)(a) ‧見備註/See Remarks 7.1 (c)(v)(a) ‧見備註/See Remarks 7.1 (d)(ii)(g) ‧見備註/See Remarks 7.1 (d)(iii)(d) ‧見備註/See Remarks 7.1 (d)(vii)(a) ‧見備註/See Remarks 7.1 (d)(ix)(b) ‧見備註/See Remarks 7.1 (d)(x)(a) ‧見備註/See Remarks 7.1 (d)(xi)(a) ‧見備註/See Remarks 7.1 (d)(xii)(a) ‧見備註/See Remarks 7.1 (d)(xiii)(a) ‧見備註/See Remarks 7.1 (d)(xiv)(a),
2019-11-23,2019-11-29,,第26座 Tower 26,12,E,,5096200,,‧價單第1H號 (E1)付款辦法 Payment Plan (E1) of Price List No.1H ‧見備註/See Remarks 7.1 (c)(i)(e) ‧見備註/See Remarks 7.1 (c)(ii)(a) ‧見備註/See Remarks 7.1 (c)(iii)(a) ‧見備註/See Remarks 7.1 (c)(iv)(a) ‧見備註/See Remarks 7.1 (d)(ii)(g) ‧見備註/See Remarks 7.1 (d)(iii)(d) ‧見備註/See Remarks 7.1 (d)(vii)(a) ‧見備註/See Remarks 7.1 (d)(ix)(b) ‧見備註/See Remarks 7.1 (d)(x)(a) ‧見備註/See Remarks 7.1 (d)(xi)(a) ‧見備註/See Remarks 7.1 (d)(xii)(a) ‧見備註/See Remarks 7.1 (d)(xiv)(a),
2019-11-23,2019-11-29,,第25A座 Tower 25A,1,D,,10138800,,‧價單第4B號 (E1)付款辦法 Payment Plan (E1) of Price List No.4B ‧見備註/See Remarks 7.1 (c)(i)(e) ‧見備註/See Remarks 7.1 (c)(ii)(a) ‧見備註/See Remarks 7.1 (c)(iii)(a) ‧見備註/See Remarks 7.1 (c)(iv)(a) ‧見備註/See Remarks 7.1 (d)(ii)(g) ‧見備註/See Remarks 7.1 (d)(iii)(d) ‧見備註/See Remarks 7.1 (d)(vi)(a) ‧見備註/See Remarks 7.1 (d)(vii)(a) ‧見備註/See Remarks 7.1 (d)(ix)(b) ‧見備註/See Remarks 7.1 (d)(x)(a) ‧見備註/See Remarks 7.1 (d)(xi)(a) ‧見備註/See Remarks 7.1 (d)(xii)(a) ‧見備註/See Remarks 7.1 (d)(xiii)(a) ‧見備註/See Remarks 7.1 (d)(xiv)(a),
2019-11-23,2019-11-29,,第25B座 Tower 25B,16,A,,8985400,,‧價單第4B號 (E1)付款辦法 Payment Plan (E1) of Price List No.4B ‧見備註/See Remarks 7.1 (c)(i)(e) ‧見備註/See Remarks 7.1 (c)(ii)(a) ‧見備註/See Remarks 7.1 (c)(iii)(a) ‧見備註/See Remarks 7.1 (c)(iv)(a) ‧見備註/See Remarks 7.1 (d)(ii)(g) ‧見備註/See Remarks 7.1 (d)(iii)(d) ‧見備註/See Remarks 7.1 (d)(vi)(a) ‧見備註/See Remarks 7.1 (d)(vii)(a) ‧見備註/See Remarks 7.1 (d)(ix)(b) ‧見備註/See Remarks 7.1 (d)(x)(a) ‧見備註/See Remarks 7.1 (d)(xi)(a) ‧見備註/See Remarks 7.1 (d)(xii)(a) ‧見備註/See Remarks 7.1 (d)(xiii)(a) ‧見備註/See Remarks 7.1 (d)(xiv)(a),
2019-11-23,2019-11-29,,第25B座 Tower 25B,3,B,,7485200,,‧價單第2E號 (E1)付款辦法 Payment Plan (E1) of Price List No.2E ‧見備註/See Remarks 7.1 (c)(i)(e) ‧見備註/See Remarks 7.1 (c)(ii)(a) ‧見備註/See Remarks 7.1 (c)(iii)(a) ‧見備註/See Remarks 7.1 (c)(iv)(a) ‧見備註/See Remarks 7.1 (d)(ii)(g) ‧見備註/See Remarks 7.1 (d)(iii)(d) ‧見備註/See Remarks 7.1 (d)(vi)(a) ‧見備註/See Remarks 7.1 (d)(vii)(a) ‧見備註/See Remarks 7.1 (d)(ix)(b) ‧見備註/See Remarks 7.1 (d)(x)(a) ‧見備註/See Remarks 7.1 (d)(xi)(a) ‧見備註/See Remarks 7.1 (d)(xii)(a) ‧見備註/See Remarks 7.1 (d)(xiv)(a),
2019-11-24,2019-11-29,,第25A座 Tower 25A,17,C,,9865800,,‧價單第4B號 (E1)付款辦法 Payment Plan (E1) of Price List No.4B ‧見備註/See Remarks 7.1 (c)(i)(e) ‧見備註/See Remarks 7.1 (c)(ii)(a) ‧見備註/See Remarks 7.1 (c)(iii)(a) ‧見備註/See Remarks 7.1 (c)(iv)(a) ‧見備註/See Remarks 7.1 (d)(ii)(g) ‧見備註/See Remarks 7.1 (d)(iii)(d) ‧見備註/See Remarks 7.1 (d)(vi)(a) ‧見備註/See Remarks 7.1 (d)(vii)(a) ‧見備註/See Remarks 7.1 (d)(ix)(b) ‧見備註/See Remarks 7.1 (d)(x)(a) ‧見備註/See Remarks 7.1 (d)(xi)(a) ‧見備註/See Remarks 7.1 (d)(xii)(a) ‧見備註/See Remarks 7.1 (d)(xiii)(a) ‧見備註/See Remarks 7.1 (d)(xiv)(a),
2019-11-26,2019-12-03,,第25A座 Tower 25A,11,A,,10870400,,‧價單第4B號 (E1)付款辦法 Payment Plan (E1) of Price List No.4B ‧見備註/See Remarks 7.1 (c)(i)(e) ‧見備註/See Remarks 7.1 (c)(ii)(a) ‧見備註/See Remarks 7.1 (c)(iii)(a) ‧見備註/See Remarks 7.1 (c)(iv)(a) ‧見備註/See Remarks 7.1 (d)(ii)(g) ‧見備註/See Remarks 7.1 (d)(iii)(d) ‧見備註/See Remarks 7.1 (d)(vi)(a) ‧見備註/See Remarks 7.1 (d)(vii)(a) ‧見備註/See Remarks 7.1 (d)(viii)(b) ‧見備註/See Remarks 7.1 (d)(ix)(b) ‧見備註/See Remarks 7.1 (d)(x)(a) ‧見備註/See Remarks 7.1 (d)(xi)(a) ‧見備註/See Remarks 7.1 (d)(xii)(a) ‧見備註/See Remarks 7.1 (d)(xiii)(a) ‧見備註/See Remarks 7.1 (d)(xiv)(a),
2019-11-27,2019-12-04,,第25A座 Tower 25A,3,C,,9776700,,‧價單第4B號 (E1)付款辦法 Payment Plan (E1) of Price List No.4B ‧見備註/See Remarks 7.1 (c)(i)(e) ‧見備註/See Remarks 7.1 (c)(ii)(a) ‧見備註/See Remarks 7.1 (c)(iii)(a) ‧見備註/See Remarks 7.1 (c)(iv)(a) ‧見備註/See Remarks 7.1 (d)(ii)(g) ‧見備註/See Remarks 7.1 (d)(iii)(d) ‧見備註/See Remarks 7.1 (d)(vi)(a) ‧見備註/See Remarks 7.1 (d)(vii)(a) ‧見備註/See Remarks 7.1 (d)(ix)(b) ‧見備註/See Remarks 7.1 (d)(x)(a) ‧見備註/See Remarks 7.1 (d)(xi)(a) ‧見備註/See Remarks 7.1 (d)(xii)(a) ‧見備註/See Remarks 7.1 (d)(xiii)(a) ‧見備註/See Remarks 7.1 (d)(xiv)(a),
2019-11-28,2019-12-05,2022-05-20,第25A座 Tower 25A,7,A,,10824200,,‧價單第4B號 (E1)付款辦法 Payment Plan (E1) of Price List No.4B ‧見備註/See Remarks 7.1 (c)(i)(e) ‧見備註/See Remarks 7.1 (c)(ii)(a) ‧見備註/See Remarks 7.1 (c)(iii)(a) ‧見備註/See Remarks 7.1 (c)(iv)(a) ‧見備註/See Remarks 7.1 (d)(ii)(g) ‧見備註/See Remarks 7.1 (d)(iii)(d) ‧見備註/See Remarks 7.1 (d)(vi)(a) ‧見備註/See Remarks 7.1 (d)(vii)(a) ‧見備註/See Remarks 7.1 (d)(viii)(b) ‧見備註/See Remarks 7.1 (d)(ix)(b) ‧見備註/See Remarks 7.1 (d)(x)(a) ‧見備註/See Remarks 7.1 (d)(xi)(a) ‧見備註/See Remarks 7.1 (d)(xii)(a) ‧見備註/See Remarks 7.1 (d)(xiii)(a) ‧見備註/See Remarks 7.1 (d)(xiv)(a),
2019-11-28,2019-12-05,,第25A座 Tower 25A,5,A,,10794000,,‧價單第4B號 (E1)付款辦法 Payment Plan (E1) of Price List No.4B ‧見備註/See Remarks 7.1 (c)(i)(e) ‧見備註/See Remarks 7.1 (c)(ii)(a) ‧見備註/See Remarks 7.1 (c)(iii)(a) ‧見備註/See Remarks 7.1 (c)(iv)(a) ‧見備註/See Remarks 7.1 (d)(ii)(g) ‧見備註/See Remarks 7.1 (d)(iii)(d) ‧見備註/See Remarks 7.1 (d)(vi)(a) ‧見備註/See Remarks 7.1 (d)(vii)(a) ‧見備註/See Remarks 7.1 (d)(viii)(b) ‧見備註/See Remarks 7.1 (d)(ix)(b) ‧見備註/See Remarks 7.1 (d)(x)(a) ‧見備註/See Remarks 7.1 (d)(xi)(a) ‧見備註/See Remarks 7.1 (d)(xii)(a) ‧見備註/See Remarks 7.1 (d)(xiii)(a) ‧見備註/See Remarks 7.1 (d)(xiv)(a),
2019-11-28,2019-12-05,,第25B座 Tower 25B,17,A,,8985500,,‧價單第4B號 (E1)付款辦法 Payment Plan (E1) of Price List No.4B ‧見備註/See Remarks 7.1 (c)(i)(e) ‧見備註/See Remarks 7.1 (c)(ii)(a) ‧見備註/See Remarks 7.1 (c)(iii)(a) ‧見備註/See Remarks 7.1 (c)(iv)(a) ‧見備註/See Remarks 7.1 (c)(v)(a) ‧見備註/See Remarks 7.1 (d)(ii)(g) ‧見備註/See Remarks 7.1 (d)(iii)(d) ‧見備註/See Remarks 7.1 (d)(vii)(a) ‧見備註/See Remarks 7.1 (d)(ix)(b) ‧見備註/See Remarks 7.1 (d)(x)(a) ‧見備註/See Remarks 7.1 (d)(xi)(a) ‧見備註/See Remarks 7.1 (d)(xii)(a) ‧見備註/See Remarks 7.1 (d)(xiii)(a) ‧見備註/See Remarks 7.1 (d)(xiv)(a),
2019-11-28,2019-12-05,,第27B座 Tower 27B,15,A,,23200000,,招標文件支付辦法(TE1) Payment Plan (TE1) of Tender Document ‧見備註/See Remarks 7.1 (d)(ii)(g) ‧見備註/See Remarks 7.1 (d)(iii)(d) ‧見備註/See Remarks 7.1 (d)(vii)(a) ‧見備註/See Remarks 7.1 (d)(viii)(b) ‧見備註/See Remarks 7.1 (e)(iii) ‧見備註/See Remarks 7.1 (d)(ix)(b) ‧見備註/See Remarks 7.1 (d)(x)(b) ‧見備註/See Remarks 7.1 (d)(xi)(a) ‧見備註/See Remarks 7.1 (d)(xii)(a) ‧見備註/See Remarks 7.1 (d)(xiii)(a) ‧見備註/See Remarks 7.1 (d)(xiv)(a),
2019-11-29,2019-12-06,,第25A座 Tower 25A,6,A,,10809100,,‧價單第4B號 (E1)付款辦法 Payment Plan (E1) of Price List No.4B ‧見備註/See Remarks 7.1 (c)(i)(e) ‧見備註/See Remarks 7.1 (c)(ii)(a) ‧見備註/See Remarks 7.1 (c)(iii)(a) ‧見備註/See Remarks 7.1 (c)(iv)(a) ‧見備註/See Remarks 7.1 (d)(ii)(g) ‧見備註/See Remarks 7.1 (d)(iii)(d) ‧見備註/See Remarks 7.1 (d)(vi)(a) ‧見備註/See Remarks 7.1 (d)(vii)(a) ‧見備註/See Remarks 7.1 (d)(viii)(b) ‧見備註/See Remarks 7.1 (d)(ix)(b) ‧見備註/See Remarks 7.1 (d)(x)(a) ‧見備註/See Remarks 7.1 (d)(xi)(a) ‧見備註/See Remarks 7.1 (d)(xii)(a) ‧見備註/See Remarks 7.1 (d)(xiii)(a) ‧見備註/See Remarks 7.1 (d)(xiv)(a),
2019-11-29,2019-12-06,,第25B座 Tower 25B,18,B,,17247700,,‧價單第4B號 (E1)付款辦法 Payment Plan (E1) of Price List No.4B ‧見備註/See Remarks 7.1 (c)(i)(e) ‧見備註/See Remarks 7.1 (c)(ii)(a) ‧見備註/See Remarks 7.1 (c)(iii)(a) ‧見備註/See Remarks 7.1 (c)(iv)(a) ‧見備註/See Remarks 7.1 (d)(ii)(g) ‧見備註/See Remarks 7.1 (d)(iii)(d) ‧見備註/See Remarks 7.1 (d)(vii)(a) ‧見備註/See Remarks 7.1 (d)(viii)(b) ‧見備註/See Remarks 7.1 (d)(ix)(b) ‧見備註/See Remarks 7.1 (d)(x)(a) ‧見備註/See Remarks 7.1 (d)(xi)(a) ‧見備註/See Remarks 7.1 (d)(xii)(a) ‧見備註/See Remarks 7.1 (d)(xiii)(a) ‧見備註/See Remarks 7.1 (d)(xiv)(a),
2019-11-29,2019-12-06,,第25B座 Tower 25B,15,B,,7758200,,‧價單第2E號 (E1)付款辦法 Payment Plan (E1) of Price List No.2E ‧見備註/See Remarks 7.1 (c)(i)(e) ‧見備註/See Remarks 7.1 (c)(ii)(a) ‧見備註/See Remarks 7.1 (c)(iii)(a) ‧見備註/See Remarks 7.1 (c)(iv)(a) ‧見備註/See Remarks 7.1 (d)(ii)(g) ‧見備註/See Remarks 7.1 (d)(iii)(d) ‧見備註/See Remarks 7.1 (d)(vi)(a) ‧見備註/See Remarks 7.1 (d)(vii)(a) ‧見備註/See Remarks 7.1 (d)(ix)(b) ‧見備註/See Remarks 7.1 (d)(x)(a) ‧見備註/See Remarks 7.1 (d)(xi)(a) ‧見備註/See Remarks 7.1 (d)(xii)(a) ‧見備註/See Remarks 7.1 (d)(xiv)(a),
2019-11-30,2019-12-06,,第25B座 Tower 25B,10,A,,8946000,,‧價單第4B號 (E1)付款辦法 Payment Plan (E1) of Price List No.4B ‧見備註/See Remarks 7.1 (c)(i)(e) ‧見備註/See Remarks 7.1 (c)(ii)(a) ‧見備註/See Remarks 7.1 (c)(iii)(a) ‧見備註/See Remarks 7.1 (c)(iv)(a) ‧見備註/See Remarks 7.1 (d)(ii)(g) ‧見備註/See Remarks 7.1 (d)(iii)(d) ‧見備註/See Remarks 7.1 (d)(vi)(a) ‧見備註/See Remarks 7.1 (d)(vii)(a) ‧見備註/See Remarks 7.1 (d)(ix)(b) ‧見備註/See Remarks 7.1 (d)(x)(a) ‧見備註/See Remarks 7.1 (d)(xi)(a) ‧見備註/See Remarks 7.1 (d)(xii)(a) ‧見備註/See Remarks 7.1 (d)(xiii)(a) ‧見備註/See Remarks 7.1 (d)(xiv)(a),
2019-12-01,2019-12-06,,第26座 Tower 26,16,D,,8540200,,‧價單第1H號 (E1)付款辦法 Payment Plan (E1) of Price List No.1H ‧見備註/See Remarks 7.1 (c)(i)(e) ‧見備註/See Remarks 7.1 (c)(ii)(a) ‧見備註/See Remarks 7.1 (c)(iii)(a) ‧見備註/See Remarks 7.1 (c)(iv)(a) ‧見備註/See Remarks 7.1 (d)(ii)(g) ‧見備註/See Remarks 7.1 (d)(iii)(d) ‧見備註/See Remarks 7.1 (d)(vi)(a) ‧見備註/See Remarks 7.1 (d)(vii)(a) ‧見備註/See Remarks 7.1 (d)(ix)(b) ‧見備註/See Remarks 7.1 (d)(x)(a) ‧見備註/See Remarks 7.1 (d)(xi)(a) ‧見備註/See Remarks 7.1 (d)(xii)(a) ‧見備註/See Remarks 7.1 (d)(xiv)(a),
2019-12-01,2019-12-06,,第25A座 Tower 25A,3,A,,10778800,,‧價單第4B號 (E1)付款辦法 Payment Plan (E1) of Price List No.4B ‧見備註/See Remarks 7.1 (c)(i)(e) ‧見備註/See Remarks 7.1 (c)(ii)(a) ‧見備註/See Remarks 7.1 (c)(iii)(a) ‧見備註/See Remarks 7.1 (c)(iv)(a) ‧見備註/See Remarks 7.1 (d)(ii)(g) ‧見備註/See Remarks 7.1 (d)(iii)(d) ‧見備註/See Remarks 7.1 (d)(vi)(a) ‧見備註/See Remarks 7.1 (d)(vii)(a) ‧見備註/See Remarks 7.1 (d)(viii)(b) ‧見備註/See Remarks 7.1 (d)(ix)(b) ‧見備註/See Remarks 7.1 (d)(x)(a) ‧見備註/See Remarks 7.1 (d)(xi)(a) ‧見備註/See Remarks 7.1 (d)(xii)(a) ‧見備註/See Remarks 7.1 (d)(xiii)(a) ‧見備註/See Remarks 7.1 (d)(xiv)(a),
2019-12-03,2019-12-10,,第26座 Tower 26,10,C,,8648600,,‧價單第1H號 (E1)付款辦法 Payment Plan (E1) of Price List No.1H ‧見備註/See Remarks 7.1 (c)(i)(e) ‧見備註/See Remarks 7.1 (c)(ii)(a) ‧見備註/See Remarks 7.1 (c)(iii)(a) ‧見備註/See Remarks 7.1 (c)(iv)(a) ‧見備註/See Remarks 7.1 (d)(ii)(g) ‧見備註/See Remarks 7.1 (d)(iii)(d) ‧見備註/See Remarks 7.1 (d)(vi)(a) ‧見備註/See Remarks 7.1 (d)(vii)(a) ‧見備註/See Remarks 7.1 (d)(ix)(b) ‧見備註/See Remarks 7.1 (d)(x)(a) ‧見備註/See Remarks 7.1 (d)(xi)(a) ‧見備註/See Remarks 7.1 (d)(xii)(a) ‧見備註/See Remarks 7.1 (d)(xiii)(a) ‧見備註/See Remarks 7.1 (d)(xiv)(a),
2019-12-03,2019-12-10,,第25A座 Tower 25A,3,B,,10841100,,‧價單第2E號 (E1)付款辦法 Payment Plan (E1) of Price List No.2E ‧見備註/See Remarks 7.1 (c)(i)(e) ‧見備註/See Remarks 7.1 (c)(ii)(a) ‧見備註/See Remarks 7.1 (c)(iii)(a) ‧見備註/See Remarks 7.1 (c)(iv)(a) ‧見備註/See Remarks 7.1 (c)(v)(a) ‧見備註/See Remarks 7.1 (d)(ii)(g) ‧見備註/See Remarks 7.1 (d)(iii)(d) ‧見備註/See Remarks 7.1 (d)(vii)(a) ‧見備註/See Remarks 7.1 (d)(viii)(b) ‧見備註/See Remarks 7.1 (d)(ix)(b) ‧見備註/See Remarks 7.1 (d)(x)(a) ‧見備註/See Remarks 7.1 (d)(xi)(a) ‧見備註/See Remarks 7.1 (d)(xii)(a) ‧見備註/See Remarks 7.1 (d)(xiii)(a) ‧見備註/See Remarks 7.1 (d)(xiv)(a),
2019-12-03,2019-12-10,,第25B座 Tower 25B,9,A,,8935900,,‧價單第4B號 (E1)付款辦法 Payment Plan (E1) of Price List No.4B ‧見備註/See Remarks 7.1 (c)(i)(e) ‧見備註/See Remarks 7.1 (c)(ii)(a) ‧見備註/See Remarks 7.1 (c)(iii)(a) ‧見備註/See Remarks 7.1 (c)(iv)(a) ‧見備註/See Remarks 7.1 (d)(ii)(g) ‧見備註/See Remarks 7.1 (d)(iii)(d) ‧見備註/See Remarks 7.1 (d)(vi)(a) ‧見備註/See Remarks 7.1 (d)(vii)(a) ‧見備註/See Remarks 7.1 (d)(ix)(b) ‧見備註/See Remarks 7.1 (d)(x)(a) ‧見備註/See Remarks 7.1 (d)(xi)(a) ‧見備註/See Remarks 7.1 (d)(xii)(a) ‧見備註/See Remarks 7.1 (d)(xiii)(a) ‧見備註/See Remarks 7.1 (d)(xiv)(a),
2019-12-03,2019-12-10,,第25B座 Tower 25B,5,A,,8906500,,‧價單第4B號 (E1)付款辦法 Payment Plan (E1) of Price List No.4B ‧見備註/See Remarks 7.1 (c)(i)(e) ‧見備註/See Remarks 7.1 (c)(ii)(a) ‧見備註/See Remarks 7.1 (c)(iii)(a) ‧見備註/See Remarks 7.1 (c)(iv)(a) ‧見備註/See Remarks 7.1 (d)(ii)(g) ‧見備註/See Remarks 7.1 (d)(iii)(d) ‧見備註/See Remarks 7.1 (d)(vi)(a) ‧見備註/See Remarks 7.1 (d)(vii)(a) ‧見備註/See Remarks 7.1 (d)(ix)(b) ‧見備註/See Remarks 7.1 (d)(x)(a) ‧見備註/See Remarks 7.1 (d)(xi)(a) ‧見備註/See Remarks 7.1 (d)(xii)(a) ‧見備註/See Remarks 7.1 (d)(xiii)(a) ‧見備註/See Remarks 7.1 (d)(xiv)(a),
2019-12-05,2019-12-12,2020-09-23,第26座 Tower 26,8,C,,8639400,,‧價單第1H號 (E1)付款辦法 Payment Plan (E1) of Price List No.1H ‧見備註/See Remarks 7.1 (c)(i)(e) ‧見備註/See Remarks 7.1 (c)(ii)(a) ‧見備註/See Remarks 7.1 (c)(iii)(a) ‧見備註/See Remarks 7.1 (c)(iv)(a) ‧見備註/See Remarks 7.1 (d)(ii)(g) ‧見備註/See Remarks 7.1 (d)(iii)(d) ‧見備註/See Remarks 7.1 (d)(vi)(a) ‧見備註/See Remarks 7.1 (d)(vii)(a) ‧見備註/See Remarks 7.1 (d)(ix)(b) ‧見備註/See Remarks 7.1 (d)(x)(a) ‧見備註/See Remarks 7.1 (d)(xi)(a) ‧見備註/See Remarks 7.1 (d)(xii)(a) ‧見備註/See Remarks 7.1 (d)(xiii)(a) ‧見備註/See Remarks 7.1 (d)(xiv)(a),
2019-12-06,2019-12-13,,第25A座 Tower 25A,2,C,,9763300,,‧價單第4B號 (E1)付款辦法 Payment Plan (E1) of Price List No.4B ‧見備註/See Remarks 7.1 (c)(i)(e) ‧見備註/See Remarks 7.1 (c)(ii)(a) ‧見備註/See Remarks 7.1 (c)(iii)(a) ‧見備註/See Remarks 7.1 (c)(iv)(a) ‧見備註/See Remarks 7.1 (d)(ii)(g) ‧見備註/See Remarks 7.1 (d)(iii)(d) ‧見備註/See Remarks 7.1 (d)(vi)(a) ‧見備註/See Remarks 7.1 (d)(vii)(a) ‧見備註/See Remarks 7.1 (d)(ix)(b) ‧見備註/See Remarks 7.1 (d)(x)(a) ‧見備註/See Remarks 7.1 (d)(xi)(a) ‧見備註/See Remarks 7.1 (d)(xii)(a) ‧見備註/See Remarks 7.1 (d)(xiii)(a) ‧見備註/See Remarks 7.1 (d)(xiv)(a),
2019-12-07,2019-12-13,,第26座 Tower 26,11,C,,8657800,,‧價單第1H號 (E1)付款辦法 Payment Plan (E1) of Price List No.1H ‧見備註/See Remarks 7.1 (c)(i)(e) ‧見備註/See Remarks 7.1 (c)(ii)(a) ‧見備註/See Remarks 7.1 (c)(iii)(a) ‧見備註/See Remarks 7.1 (c)(iv)(a) ‧見備註/See Remarks 7.1 (d)(ii)(g) ‧見備註/See Remarks 7.1 (d)(iii)(d) ‧見備註/See Remarks 7.1 (d)(vi)(a) ‧見備註/See Remarks 7.1 (d)(vii)(a) ‧見備註/See Remarks 7.1 (d)(ix)(b) ‧見備註/See Remarks 7.1 (d)(x)(a) ‧見備註/See Remarks 7.1 (d)(xi)(a) ‧見備註/See Remarks 7.1 (d)(xii)(a) ‧見備註/See Remarks 7.1 (d)(xiii)(a) ‧見備註/See Remarks 7.1 (d)(xiv)(a),
2019-12-07,2019-12-13,,第23B座 Tower 23B,18,A,,11154300,,‧價單第3C號 (E1)付款辦法 Payment Plan (E1) of Price List No.3C ‧見備註/See Remarks 7.1 (c)(i)(e) ‧見備註/See Remarks 7.1 (c)(ii)(a) ‧見備註/See Remarks 7.1 (c)(iii)(a) ‧見備註/See Remarks 7.1 (c)(iv)(a) ‧見備註/See Remarks 7.1 (d)(ii)(g) ‧見備註/See Remarks 7.1 (d)(iii)(d) ‧見備註/See Remarks 7.1 (d)(vi)(a) ‧見備註/See Remarks 7.1 (d)(vii)(a) ‧見備註/See Remarks 7.1 (d)(viii)(b) ‧見備註/See Remarks 7.1 (d)(ix)(b) ‧見備註/See Remarks 7.1 (d)(x)(a) ‧見備註/See Remarks 7.1 (d)(xi)(a) ‧見備註/See Remarks 7.1 (d)(xii)(a) ‧見備註/See Remarks 7.1 (d)(xiii)(a) ‧見備註/See Remarks 7.1 (d)(xiv)(a),
2019-12-07,2019-12-13,,第25B座 Tower 25B,3,A,,8897200,,‧價單第4B號 (E1)付款辦法 Payment Plan (E1) of Price List No.4B ‧見備註/See Remarks 7.1 (c)(i)(e) ‧見備註/See Remarks 7.1 (c)(ii)(a) ‧見備註/See Remarks 7.1 (c)(iii)(a) ‧見備註/See Remarks 7.1 (c)(iv)(a) ‧見備註/See Remarks 7.1 (d)(ii)(g) ‧見備註/See Remarks 7.1 (d)(iii)(d) ‧見備註/See Remarks 7.1 (d)(vi)(a) ‧見備註/See Remarks 7.1 (d)(vii)(a) ‧見備註/See Remarks 7.1 (d)(ix)(b) ‧見備註/See Remarks 7.1 (d)(x)(a) ‧見備註/See Remarks 7.1 (d)(xi)(a) ‧見備註/See Remarks 7.1 (d)(xii)(a) ‧見備註/See Remarks 7.1 (d)(xiii)(a) ‧見備註/See Remarks 7.1 (d)(xiv)(a),
2019-12-08,2019-12-13,,第26座 Tower 26,11,E,,5091200,,‧價單第1H號 (E1)付款辦法 Payment Plan (E1) of Price List No.1H ‧見備註/See Remarks 7.1 (c)(i)(e) ‧見備註/See Remarks 7.1 (c)(ii)(a) ‧見備註/See Remarks 7.1 (c)(iii)(a) ‧見備註/See Remarks 7.1 (c)(iv)(a) ‧見備註/See Remarks 7.1 (d)(ii)(g) ‧見備註/See Remarks 7.1 (d)(iii)(d) ‧見備註/See Remarks 7.1 (d)(vii)(a) ‧見備註/See Remarks 7.1 (d)(ix)(b) ‧見備註/See Remarks 7.1 (d)(x)(a) ‧見備註/See Remarks 7.1 (d)(xi)(a) ‧見備註/See Remarks 7.1 (d)(xii)(a) ‧見備註/See Remarks 7.1 (d)(xiv)(a),
2019-12-09,2019-12-16,,第25B座 Tower 25B,12,B,,7734700,,‧價單第2E號 (E1)付款辦法 Payment Plan (E1) of Price List No.2E ‧見備註/See Remarks 7.1 (c)(i)(e) ‧見備註/See Remarks 7.1 (c)(ii)(a) ‧見備註/See Remarks 7.1 (c)(iii)(a) ‧見備註/See Remarks 7.1 (c)(iv)(a) ‧見備註/See Remarks 7.1 (d)(ii)(g) ‧見備註/See Remarks 7.1 (d)(iii)(d) ‧見備註/See Remarks 7.1 (d)(vi)(a) ‧見備註/See Remarks 7.1 (d)(vii)(a) ‧見備註/See Remarks 7.1 (d)(ix)(b) ‧見備註/See Remarks 7.1 (d)(x)(a) ‧見備註/See Remarks 7.1 (d)(xi)(a) ‧見備註/See Remarks 7.1 (d)(xii)(a) ‧見備註/See Remarks 7.1 (d)(xiv)(a),
2019-12-10,2019-12-17,,第26座 Tower 26,10,E,,5085300,,‧價單第1H號 (E1)付款辦法 Payment Plan (E1) of Price List No.1H ‧見備註/See Remarks 7.1 (c)(i)(e) ‧見備註/See Remarks 7.1 (c)(ii)(a) ‧見備註/See Remarks 7.1 (c)(iii)(a) ‧見備註/See Remarks 7.1 (c)(iv)(a) ‧見備註/See Remarks 7.1 (d)(ii)(g) ‧見備註/See Remarks 7.1 (d)(iii)(d) ‧見備註/See Remarks 7.1 (d)(vii)(a) ‧見備註/See Remarks 7.1 (d)(ix)(b) ‧見備註/See Remarks 7.1 (d)(x)(a) ‧見備註/See Remarks 7.1 (d)(xi)(a) ‧見備註/See Remarks 7.1 (d)(xii)(a) ‧見備註/See Remarks 7.1 (d)(xiv)(a),
2019-12-13,2019-12-20,,第26座 Tower 26,7,C,,8629300,,‧價單第1H號 (E1)付款辦法 Payment Plan (E1) of Price List No.1H ‧見備註/See Remarks 7.1 (c)(i)(e) ‧見備註/See Remarks 7.1 (c)(ii)(a) ‧見備註/See Remarks 7.1 (c)(iii)(a) ‧見備註/See Remarks 7.1 (c)(iv)(a) ‧見備註/See Remarks 7.1 (d)(ii)(g) ‧見備註/See Remarks 7.1 (d)(iii)(d) ‧見備註/See Remarks 7.1 (d)(vi)(a) ‧見備註/See Remarks 7.1 (d)(vii)(a) ‧見備註/See Remarks 7.1 (d)(ix)(b) ‧見備註/See Remarks 7.1 (d)(x)(a) ‧見備註/See Remarks 7.1 (d)(xi)(a) ‧見備註/See Remarks 7.1 (d)(xii)(a) ‧見備註/See Remarks 7.1 (d)(xiii)(a) ‧見備註/See Remarks 7.1 (d)(xiv)(a),
2019-12-13,2019-12-20,,第26座 Tower 26,6,C,,8610000,,‧價單第1H號 (E1)付款辦法 Payment Plan (E1) of Price List No.1H ‧見備註/See Remarks 7.1 (c)(i)(e) ‧見備註/See Remarks 7.1 (c)(ii)(a) ‧見備註/See Remarks 7.1 (c)(iii)(a) ‧見備註/See Remarks 7.1 (c)(iv)(a) ‧見備註/See Remarks 7.1 (c)(v)(a) ‧見備註/See Remarks 7.1 (d)(ii)(g) ‧見備註/See Remarks 7.1 (d)(iii)(d) ‧見備註/See Remarks 7.1 (d)(vii)(a) ‧見備註/See Remarks 7.1 (d)(ix)(b) ‧見備註/See Remarks 7.1 (d)(x)(a) ‧見備註/See Remarks 7.1 (d)(xi)(a) ‧見備註/See Remarks 7.1 (d)(xii)(a) ‧見備註/See Remarks 7.1 (d)(xiii)(a) ‧見備註/See Remarks 7.1 (d)(xiv)(a),
2019-12-14,2019-12-20,,第25B座 Tower 25B,16,B,,7780900,,‧價單第2E號 (E1)付款辦法 Payment Plan (E1) of Price List No.2E ‧見備註/See Remarks 7.1 (c)(i)(e) ‧見備註/See Remarks 7.1 (c)(ii)(a) ‧見備註/See Remarks 7.1 (c)(iii)(a) ‧見備註/See Remarks 7.1 (c)(iv)(a) ‧見備註/See Remarks 7.1 (d)(ii)(g) ‧見備註/See Remarks 7.1 (d)(iii)(d) ‧見備註/See Remarks 7.1 (d)(vi)(a) ‧見備註/See Remarks 7.1 (d)(vii)(a) ‧見備註/See Remarks 7.1 (d)(ix)(b) ‧見備註/See Remarks 7.1 (d)(x)(a) ‧見備註/See Remarks 7.1 (d)(xi)(a) ‧見備註/See Remarks 7.1 (d)(xii)(a) ‧見備註/See Remarks 7.1 (d)(xiv)(a),
2019-12-14,2019-12-20,,第25B座 Tower 25B,2,B,,7461700,,‧價單第2E號 (E1)付款辦法 Payment Plan (E1) of Price List No.2E ‧見備註/See Remarks 7.1 (c)(i)(e) ‧見備註/See Remarks 7.1 (c)(ii)(a) ‧見備註/See Remarks 7.1 (c)(iii)(a) ‧見備註/See Remarks 7.1 (c)(iv)(a) ‧見備註/See Remarks 7.1 (d)(ii)(g) ‧見備註/See Remarks 7.1 (d)(iii)(d) ‧見備註/See Remarks 7.1 (d)(vi)(a) ‧見備註/See Remarks 7.1 (d)(vii)(a) ‧見備註/See Remarks 7.1 (d)(ix)(b) ‧見備註/See Remarks 7.1 (d)(x)(a) ‧見備註/See Remarks 7.1 (d)(xi)(a) ‧見備註/See Remarks 7.1 (d)(xii)(a) ‧見備註/See Remarks 7.1 (d)(xiv)(a),
2019-12-15,2019-12-20,,第26座 Tower 26,5,C,,8610800,,‧價單第1H號 (E1)付款辦法 Payment Plan (E1) of Price List No.1H ‧見備註/See Remarks 7.1 (c)(i)(e) ‧見備註/See Remarks 7.1 (c)(ii)(a) ‧見備註/See Remarks 7.1 (c)(iii)(a) ‧見備註/See Remarks 7.1 (c)(iv)(a) ‧見備註/See Remarks 7.1 (d)(ii)(g) ‧見備註/See Remarks 7.1 (d)(iii)(d) ‧見備註/See Remarks 7.1 (d)(vi)(a) ‧見備註/See Remarks 7.1 (d)(vii)(a) ‧見備註/See Remarks 7.1 (d)(ix)(b) ‧見備註/See Remarks 7.1 (d)(x)(a) ‧見備註/See Remarks 7.1 (d)(xi)(a) ‧見備註/See Remarks 7.1 (d)(xii)(a) ‧見備註/See Remarks 7.1 (d)(xiii)(a) ‧見備註/See Remarks 7.1 (d)(xiv)(a),
2019-12-15,2019-12-20,,第26座 Tower 26,1,C,,9460000,,‧價單第1H號 (E1)付款辦法 Payment Plan (E1) of Price List No.1H ‧見備註/See Remarks 7.1 (c)(i)(e) ‧見備註/See Remarks 7.1 (c)(ii)(a) ‧見備註/See Remarks 7.1 (c)(iii)(a) ‧見備註/See Remarks 7.1 (c)(iv)(a) ‧見備註/See Remarks 7.1 (d)(ii)(g) ‧見備註/See Remarks 7.1 (d)(iii)(d) ‧見備註/See Remarks 7.1 (d)(vi)(a) ‧見備註/See Remarks 7.1 (d)(vii)(a) ‧見備註/See Remarks 7.1 (d)(ix)(b) ‧見備註/See Remarks 7.1 (d)(x)(a) ‧見備註/See Remarks 7.1 (d)(xi)(a) ‧見備註/See Remarks 7.1 (d)(xii)(a) ‧見備註/See Remarks 7.1 (d)(xiii)(a) ‧見備註/See Remarks 7.1 (d)(xiv)(a),
2019-12-15,2019-12-20,,第25B座 Tower 25B,11,B,,7711200,,‧價單第2E號 (E1)付款辦法 Payment Plan (E1) of Price List No.2E ‧見備註/See Remarks 7.1 (c)(i)(e) ‧見備註/See Remarks 7.1 (c)(ii)(a) ‧見備註/See Remarks 7.1 (c)(iii)(a) ‧見備註/See Remarks 7.1 (c)(iv)(a) ‧見備註/See Remarks 7.1 (d)(ii)(g) ‧見備註/See Remarks 7.1 (d)(iii)(d) ‧見備註/See Remarks 7.1 (d)(vi)(a) ‧見備註/See Remarks 7.1 (d)(vii)(a) ‧見備註/See Remarks 7.1 (d)(ix)(b) ‧見備註/See Remarks 7.1 (d)(x)(a) ‧見備註/See Remarks 7.1 (d)(xi)(a) ‧見備註/See Remarks 7.1 (d)(xii)(a) ‧見備註/See Remarks 7.1 (d)(xiv)(a),
2019-12-16,2019-12-23,,第23B座 Tower 23B,8,A,,11644700,,‧價單第3C號 (E1)付款辦法 Payment Plan (E1) of Price List No.3C ‧見備註/See Remarks 7.1 (c)(i)(e) ‧見備註/See Remarks 7.1 (c)(iii)(a) ‧見備註/See Remarks 7.1 (c)(iv)(a) ‧見備註/See Remarks 7.1 (d)(i)(a) ‧見備註/See Remarks 7.1 (d)(ii)(g) ‧見備註/See Remarks 7.1 (d)(iii)(d) ‧見備註/See Remarks 7.1 (d)(vi)(a) ‧見備註/See Remarks 7.1 (d)(vii)(a) ‧見備註/See Remarks 7.1 (d)(viii)(b) ‧見備註/See Remarks 7.1 (d)(ix)(b) ‧見備註/See Remarks 7.1 (d)(x)(a) ‧見備註/See Remarks 7.1 (d)(xi)(a) ‧見備註/See Remarks 7.1 (d)(xii)(a) ‧見備註/See Remarks 7.1 (d)(xiii)(a) ‧見備註/See Remarks 7.1 (d)(xiv)(a),
2019-12-19,2019-12-30,,第26座 Tower 26,3,C,,8590700,,‧價單第1H號 (E1)付款辦法 Payment Plan (E1) of Price List No.1H ‧見備註/See Remarks 7.1 (c)(i)(e) ‧見備註/See Remarks 7.1 (c)(ii)(a) ‧見備註/See Remarks 7.1 (c)(iii)(a) ‧見備註/See Remarks 7.1 (c)(iv)(a) ‧見備註/See Remarks 7.1 (c)(v)(a) ‧見備註/See Remarks 7.1 (d)(ii)(g) ‧見備註/See Remarks 7.1 (d)(iii)(d) ‧見備註/See Remarks 7.1 (d)(vii)(a) ‧見備註/See Remarks 7.1 (d)(ix)(b) ‧見備註/See Remarks 7.1 (d)(x)(a) ‧見備註/See Remarks 7.1 (d)(xi)(a) ‧見備註/See Remarks 7.1 (d)(xii)(a) ‧見備註/See Remarks 7.1 (d)(xiii)(a) ‧見備註/See Remarks 7.1 (d)(xiv)(a),
2019-12-20,2019-12-31,,第26座 Tower 26,2,C,,8591500,,‧價單第1H號 (E1)付款辦法 Payment Plan (E1) of Price List No.1H ‧見備註/See Remarks 7.1 (c)(i)(e) ‧見備註/See Remarks 7.1 (c)(ii)(a) ‧見備註/See Remarks 7.1 (c)(iii)(a) ‧見備註/See Remarks 7.1 (c)(iv)(a) ‧見備註/See Remarks 7.1 (d)(ii)(g) ‧見備註/See Remarks 7.1 (d)(iii)(d) ‧見備註/See Remarks 7.1 (d)(vi)(a) ‧見備註/See Remarks 7.1 (d)(vii)(a) ‧見備註/See Remarks 7.1 (d)(ix)(b) ‧見備註/See Remarks 7.1 (d)(x)(a) ‧見備註/See Remarks 7.1 (d)(xi)(a) ‧見備註/See Remarks 7.1 (d)(xii)(a) ‧見備註/See Remarks 7.1 (d)(xiii)(a) ‧見備註/See Remarks 7.1 (d)(xiv)(a),
2019-12-22,2019-12-31,,第25B座 Tower 25B,17,D,,9229900,,‧價單第4C號 (E1)付款辦法 Payment Plan (E1) of Price List No.4C ‧見備註/See Remarks 7.1 (c)(i)(e) ‧見備註/See Remarks 7.1 (c)(ii)(a) ‧見備註/See Remarks 7.1 (c)(iii)(a) ‧見備註/See Remarks 7.1 (c)(iv)(a) ‧見備註/See Remarks 7.1 (d)(ii)(g) ‧見備註/See Remarks 7.1 (d)(iii)(d) ‧見備註/See Remarks 7.1 (d)(vi)(a) ‧見備註/See Remarks 7.1 (d)(vii)(a) ‧見備註/See Remarks 7.1 (d)(ix)(b) ‧見備註/See Remarks 7.1 (d)(x)(a) ‧見備註/See Remarks 7.1 (d)(xi)(a) ‧見備註/See Remarks 7.1 (d)(xii)(a) ‧見備註/See Remarks 7.1 (d)(xiii)(a) ‧見備註/See Remarks 7.1 (d)(xiv)(a),
2019-12-22,2019-12-31,,第25B座 Tower 25B,16,D,,9209000,,‧價單第4C號 (E1)付款辦法 Payment Plan (E1) of Price List No.4C ‧見備註/See Remarks 7.1 (c)(i)(e) ‧見備註/See Remarks 7.1 (c)(ii)(a) ‧見備註/See Remarks 7.1 (c)(iii)(a) ‧見備註/See Remarks 7.1 (c)(iv)(a) ‧見備註/See Remarks 7.1 (c)(v)(a) ‧見備註/See Remarks 7.1 (d)(ii)(g) ‧見備註/See Remarks 7.1 (d)(iii)(d) ‧見備註/See Remarks 7.1 (d)(vii)(a) ‧見備註/See Remarks 7.1 (d)(ix)(b) ‧見備註/See Remarks 7.1 (d)(x)(a) ‧見備註/See Remarks 7.1 (d)(xi)(a) ‧見備註/See Remarks 7.1 (d)(xii)(a) ‧見備註/See Remarks 7.1 (d)(xiii)(a) ‧見備註/See Remarks 7.1 (d)(xiv)(a),
2019-12-22,2019-12-31,,第25B座 Tower 25B,5,D,,9130800,,‧價單第4C號 (E1)付款辦法 Payment Plan (E1) of Price List No.4C ‧見備註/See Remarks 7.1 (c)(i)(e) ‧見備註/See Remarks 7.1 (c)(ii)(a) ‧見備註/See Remarks 7.1 (c)(iii)(a) ‧見備註/See Remarks 7.1 (c)(iv)(a) ‧見備註/See Remarks 7.1 (d)(ii)(g) ‧見備註/See Remarks 7.1 (d)(iii)(d) ‧見備註/See Remarks 7.1 (d)(vi)(a) ‧見備註/See Remarks 7.1 (d)(vii)(a) ‧見備註/See Remarks 7.1 (d)(ix)(b) ‧見備註/See Remarks 7.1 (d)(x)(a) ‧見備註/See Remarks 7.1 (d)(xi)(a) ‧見備註/See Remarks 7.1 (d)(xii)(a) ‧見備註/See Remarks 7.1 (d)(xiii)(a) ‧見備註/See Remarks 7.1 (d)(xiv)(a),
2019-12-23,2020-01-02,,第26座 Tower 26,18,B,,17818200,,招標文件支付辦法(TE1) Payment Plan (TE1) of Tender Document ‧見備註/See Remarks 7.1 (d)(ii)(g) ‧見備註/See Remarks 7.1 (d)(iii)(d) ‧見備註/See Remarks 7.1 (d)(vii)(a) ‧見備註/See Remarks 7.1 (d)(viii)(b) ‧見備註/See Remarks 7.1 (e)(iii) ‧見備註/See Remarks 7.1 (d)(ix)(b) ‧見備註/See Remarks 7.1 (d)(x)(b) ‧見備註/See Remarks 7.1 (d)(xi)(a) ‧見備註/See Remarks 7.1 (d)(xii)(a) ‧見備註/See Remarks 7.1 (d)(xiii)(a) ‧見備註/See Remarks 7.1 (d)(xiv)(a),
2019-12-28,2020-01-06,,第25B座 Tower 25B,12,D,,9186300,,‧價單第4C號 (E1)付款辦法 Payment Plan (E1) of Price List No.4C ‧見備註/See Remarks 7.1 (c)(i)(e) ‧見備註/See Remarks 7.1 (c)(ii)(a) ‧見備註/See Remarks 7.1 (c)(iii)(a) ‧見備註/See Remarks 7.1 (c)(iv)(a) ‧見備註/See Remarks 7.1 (c)(v)(a) ‧見備註/See Remarks 7.1 (d)(ii)(g) ‧見備註/See Remarks 7.1 (d)(iii)(d) ‧見備註/See Remarks 7.1 (d)(vii)(a) ‧見備註/See Remarks 7.1 (d)(ix)(b) ‧見備註/See Remarks 7.1 (d)(x)(a) ‧見備註/See Remarks 7.1 (d)(xi)(a) ‧見備註/See Remarks 7.1 (d)(xii)(a) ‧見備註/See Remarks 7.1 (d)(xiii)(a) ‧見備註/See Remarks 7.1 (d)(xiv)(a),
2019-12-28,2020-01-06,,第25B座 Tower 25B,8,D,,9154400,,‧價單第4C號 (E1)付款辦法 Payment Plan (E1) of Price List No.4C ‧見備註/See Remarks 7.1 (c)(i)(e) ‧見備註/See Remarks 7.1 (c)(ii)(a) ‧見備註/See Remarks 7.1 (c)(iii)(a) ‧見備註/See Remarks 7.1 (c)(iv)(a) ‧見備註/See Remarks 7.1 (c)(v)(a) ‧見備註/See Remarks 7.1 (d)(ii)(g) ‧見備註/See Remarks 7.1 (d)(iii)(d) ‧見備註/See Remarks 7.1 (d)(vii)(a) ‧見備註/See Remarks 7.1 (d)(ix)(b) ‧見備註/See Remarks 7.1 (d)(x)(a) ‧見備註/See Remarks 7.1 (d)(xi)(a) ‧見備註/See Remarks 7.1 (d)(xii)(a) ‧見備註/See Remarks 7.1 (d)(xiii)(a) ‧見備註/See Remarks 7.1 (d)(xiv)(a),
2019-12-29,2020-01-06,,第23B座 Tower 23B,17,A,,11137500,,‧價單第3C號 (E1)付款辦法 Payment Plan (E1) of Price List No.3C ‧見備註/See Remarks 7.1 (c)(i)(e) ‧見備註/See Remarks 7.1 (c)(ii)(a) ‧見備註/See Remarks 7.1 (c)(iii)(a) ‧見備註/See Remarks 7.1 (c)(iv)(a) ‧見備註/See Remarks 7.1 (d)(ii)(g) ‧見備註/See Remarks 7.1 (d)(iii)(d) ‧見備註/See Remarks 7.1 (d)(vi)(a) ‧見備註/See Remarks 7.1 (d)(vii)(a) ‧見備註/See Remarks 7.1 (d)(viii)(b) ‧見備註/See Remarks 7.1 (d)(ix)(b) ‧見備註/See Remarks 7.1 (d)(x)(a) ‧見備註/See Remarks 7.1 (d)(xi)(a) ‧見備註/See Remarks 7.1 (d)(xii)(a) ‧見備註/See Remarks 7.1 (d)(xiii)(a) ‧見備註/See Remarks 7.1 (d)(xiv)(a),
2019-12-29,2020-01-06,,第25B座 Tower 25B,11,D,,9185400,,‧價單第4C號 (E1)付款辦法 Payment Plan (E1) of Price List No.4C ‧見備註/See Remarks 7.1 (c)(i)(e) ‧見備註/See Remarks 7.1 (c)(ii)(a) ‧見備註/See Remarks 7.1 (c)(iii)(a) ‧見備註/See Remarks 7.1 (c)(iv)(a) ‧見備註/See Remarks 7.1 (d)(ii)(g) ‧見備註/See Remarks 7.1 (d)(iii)(d) ‧見備註/See Remarks 7.1 (d)(vi)(a) ‧見備註/See Remarks 7.1 (d)(vii)(a) ‧見備註/See Remarks 7.1 (d)(ix)(b) ‧見備註/See Remarks 7.1 (d)(x)(a) ‧見備註/See Remarks 7.1 (d)(xi)(a) ‧見備註/See Remarks 7.1 (d)(xii)(a) ‧見備註/See Remarks 7.1 (d)(xiii)(a) ‧見備註/See Remarks 7.1 (d)(xiv)(a),
2020-01-01,2020-01-08,,第23A座 Tower 23A,2,A,,7442400,,‧價單第3D號 (E2)付款辦法 Payment Plan (E2) of Price List No.3D ‧見備註/See Remarks 7.1 (c)(i)(e) ‧見備註/See Remarks 7.1 (c)(ii)(a) ‧見備註/See Remarks 7.1 (c)(iii)(a) ‧見備註/See Remarks 7.1 (c)(iv)(a) ‧見備註/See Remarks 7.1 (d)(ii)(g) ‧見備註/See Remarks 7.1 (d)(iii)(d) ‧見備註/See Remarks 7.1 (d)(vi)(a) ‧見備註/See Remarks 7.1 (d)(vii)(a) ‧見備註/See Remarks 7.1 (d)(ix)(b) ‧見備註/See Remarks 7.1 (d)(x)(a) ‧見備註/See Remarks 7.1 (d)(xi)(a) ‧見備註/See Remarks 7.1 (d)(xii)(b) ‧見備註/See Remarks 7.1 (d)(xiv)(a),
2020-01-01,2020-01-08,,第25B座 Tower 25B,10,D,,9164400,,‧價單第4D號 (E2)付款辦法 Payment Plan (E2) of Price List No.4D ‧見備註/See Remarks 7.1 (c)(i)(e) ‧見備註/See Remarks 7.1 (c)(ii)(a) ‧見備註/See Remarks 7.1 (c)(iii)(a) ‧見備註/See Remarks 7.1 (c)(iv)(a) ‧見備註/See Remarks 7.1 (c)(v)(a) ‧見備註/See Remarks 7.1 (d)(ii)(g) ‧見備註/See Remarks 7.1 (d)(iii)(d) ‧見備註/See Remarks 7.1 (d)(vii)(a) ‧見備註/See Remarks 7.1 (d)(ix)(b) ‧見備註/See Remarks 7.1 (d)(x)(a) ‧見備註/See Remarks 7.1 (d)(xi)(a) ‧見備註/See Remarks 7.1 (d)(xii)(b) ‧見備註/See Remarks 7.1 (d)(xiii)(a) ‧見備註/See Remarks 7.1 (d)(xiv)(a),
2020-01-02,2020-01-09,,第23B座 Tower 23B,19,B,,20298600,,招標文件支付辦法(TE1) Payment Plan (TE1) of Tender Document ‧見備註/See Remarks 7.1 (d)(ii)(g) ‧見備註/See Remarks 7.1 (d)(iii)(d) ‧見備註/See Remarks 7.1 (d)(vii)(a) ‧見備註/See Remarks 7.1 (d)(viii)(b) ‧見備註/See Remarks 7.1 (e)(iii) ‧見備註/See Remarks 7.1 (d)(ix)(b) ‧見備註/See Remarks 7.1 (d)(x)(b) ‧見備註/See Remarks 7.1 (d)(xi)(a) ‧見備註/See Remarks 7.1 (d)(xii)(a) ‧見備註/See Remarks 7.1 (d)(xiii)(a) ‧見備註/See Remarks 7.1 (d)(xiv)(a),
2020-01-05,2020-01-10,,第25B座 Tower 25B,3,D,,9119800,,‧價單第4D號 (E2)付款辦法 Payment Plan (E2) of Price List No.4D ‧見備註/See Remarks 7.1 (c)(i)(e) ‧見備註/See Remarks 7.1 (c)(ii)(a) ‧見備註/See Remarks 7.1 (c)(iii)(a) ‧見備註/See Remarks 7.1 (c)(iv)(a) ‧見備註/See Remarks 7.1 (d)(ii)(g) ‧見備註/See Remarks 7.1 (d)(iii)(d) ‧見備註/See Remarks 7.1 (d)(vi)(a) ‧見備註/See Remarks 7.1 (d)(vii)(a) ‧見備註/See Remarks 7.1 (d)(ix)(b) ‧見備註/See Remarks 7.1 (d)(x)(a) ‧見備註/See Remarks 7.1 (d)(xi)(a) ‧見備註/See Remarks 7.1 (d)(xii)(b) ‧見備註/See Remarks 7.1 (d)(xiii)(a) ‧見備註/See Remarks 7.1 (d)(xiv)(a),
2020-01-07,2020-01-14,,第23B座 Tower 23B,19,A,,20588400,,招標文件支付辦法(TE1) Payment Plan (TE1) of Tender Document ‧見備註/See Remarks 7.1 (d)(ii)(g) ‧見備註/See Remarks 7.1 (d)(iii)(d) ‧見備註/See Remarks 7.1 (d)(vii)(a) ‧見備註/See Remarks 7.1 (d)(viii)(b) ‧見備註/See Remarks 7.1 (e)(iii) ‧見備註/See Remarks 7.1 (d)(ix)(b) ‧見備註/See Remarks 7.1 (d)(x)(b) ‧見備註/See Remarks 7.1 (d)(xi)(a) ‧見備註/See Remarks 7.1 (d)(xii)(a) ‧見備註/See Remarks 7.1 (d)(xiii)(a) ‧見備註/See Remarks 7.1 (d)(xiv)(a),
2020-01-07,2020-01-14,,第25B座 Tower 25B,2,D,,9108900,,‧價單第4D號 (E2)付款辦法 Payment Plan (E2) of Price List No.4D ‧見備註/See Remarks 7.1 (c)(i)(e) ‧見備註/See Remarks 7.1 (c)(ii)(a) ‧見備註/See Remarks 7.1 (c)(iii)(a) ‧見備註/See Remarks 7.1 (c)(iv)(a) ‧見備註/See Remarks 7.1 (d)(ii)(g) ‧見備註/See Remarks 7.1 (d)(iii)(d) ‧見備註/See Remarks 7.1 (d)(vi)(a) ‧見備註/See Remarks 7.1 (d)(vii)(a) ‧見備註/See Remarks 7.1 (d)(ix)(b) ‧見備註/See Remarks 7.1 (d)(x)(a) ‧見備註/See Remarks 7.1 (d)(xi)(a) ‧見備註/See Remarks 7.1 (d)(xii)(b) ‧見備註/See Remarks 7.1 (d)(xiii)(a) ‧見備註/See Remarks 7.1 (d)(xiv)(a),
2020-01-11,2020-01-17,,第23B座 Tower 23B,12,A,,11091300,,‧價單第3D號 (E2)付款辦法 Payment Plan (E2) of Price List No.3D ‧見備註/See Remarks 7.1 (c)(i)(e) ‧見備註/See Remarks 7.1 (c)(ii)(a) ‧見備註/See Remarks 7.1 (c)(iii)(a) ‧見備註/See Remarks 7.1 (c)(iv)(a) ‧見備註/See Remarks 7.1 (d)(ii)(g) ‧見備註/See Remarks 7.1 (d)(iii)(d) ‧見備註/See Remarks 7.1 (d)(vi)(a) ‧見備註/See Remarks 7.1 (d)(vii)(a) ‧見備註/See Remarks 7.1 (d)(viii)(b) ‧見備註/See Remarks 7.1 (d)(ix)(b) ‧見備註/See Remarks 7.1 (d)(x)(a) ‧見備註/See Remarks 7.1 (d)(xi)(a) ‧見備註/See Remarks 7.1 (d)(xii)(b) ‧見備註/See Remarks 7.1 (d)(xiii)(a) ‧見備註/See Remarks 7.1 (d)(xiv)(a),
2020-01-11,2020-01-17,,第23B座 Tower 23B,9,A,,10990500,,‧價單第3D號 (E2)付款辦法 Payment Plan (E2) of Price List No.3D ‧見備註/See Remarks 7.1 (c)(i)(e) ‧見備註/See Remarks 7.1 (c)(ii)(a) ‧見備註/See Remarks 7.1 (c)(iii)(a) ‧見備註/See Remarks 7.1 (c)(iv)(a) ‧見備註/See Remarks 7.1 (d)(ii)(g) ‧見備註/See Remarks 7.1 (d)(iii)(d) ‧見備註/See Remarks 7.1 (d)(vi)(a) ‧見備註/See Remarks 7.1 (d)(vii)(a) ‧見備註/See Remarks 7.1 (d)(viii)(b) ‧見備註/See Remarks 7.1 (d)(ix)(b) ‧見備註/See Remarks 7.1 (d)(x)(a) ‧見備註/See Remarks 7.1 (d)(xi)(a) ‧見備註/See Remarks 7.1 (d)(xii)(b) ‧見備註/See Remarks 7.1 (d)(xiii)(a) ‧見備註/See Remarks 7.1 (d)(xiv)(a),
2020-01-11,2020-01-17,,第27A座 Tower 27A,7,A,,9407100,,‧價單第2G號 (E2)付款辦法 Payment Plan (E2) of Price List No.2G ‧見備註/See Remarks 7.1 (c)(i)(e) ‧見備註/See Remarks 7.1 (c)(ii)(a) ‧見備註/See Remarks 7.1 (c)(iii)(a) ‧見備註/See Remarks 7.1 (c)(iv)(a) ‧見備註/See Remarks 7.1 (d)(ii)(g) ‧見備註/See Remarks 7.1 (d)(iii)(d) ‧見備註/See Remarks 7.1 (d)(vi)(a) ‧見備註/See Remarks 7.1 (d)(vii)(a) ‧見備註/See Remarks 7.1 (d)(ix)(b) ‧見備註/See Remarks 7.1 (d)(x)(a) ‧見備註/See Remarks 7.1 (d)(xi)(a) ‧見備註/See Remarks 7.1 (d)(xii)(b) ‧見備註/See Remarks 7.1 (d)(xiii)(a) ‧見備註/See Remarks 7.1 (d)(xiv)(a),
2020-01-11,2020-01-17,,第27A座 Tower 27A,6,A,,9375300,,‧價單第2G號 (E2)付款辦法 Payment Plan (E2) of Price List No.2G ‧見備註/See Remarks 7.1 (c)(i)(e) ‧見備註/See Remarks 7.1 (c)(ii)(a) ‧見備註/See Remarks 7.1 (c)(iii)(a) ‧見備註/See Remarks 7.1 (c)(iv)(a) ‧見備註/See Remarks 7.1 (c)(v)(a) ‧見備註/See Remarks 7.1 (d)(ii)(g) ‧見備註/See Remarks 7.1 (d)(iii)(d) ‧見備註/See Remarks 7.1 (d)(vii)(a) ‧見備註/See Remarks 7.1 (d)(ix)(b) ‧見備註/See Remarks 7.1 (d)(x)(a) ‧見備註/See Remarks 7.1 (d)(xi)(a) ‧見備註/See Remarks 7.1 (d)(xii)(b) ‧見備註/See Remarks 7.1 (d)(xiii)(a) ‧見備註/See Remarks 7.1 (d)(xiv)(a),
2020-01-12,2020-01-17,,第23B座 Tower 23B,11,A,,11076200,,‧價單第3D號 (E2)付款辦法 Payment Plan (E2) of Price List No.3D ‧見備註/See Remarks 7.1 (c)(i)(e) ‧見備註/See Remarks 7.1 (c)(ii)(a) ‧見備註/See Remarks 7.1 (c)(iii)(a) ‧見備註/See Remarks 7.1 (c)(iv)(a) ‧見備註/See Remarks 7.1 (d)(ii)(g) ‧見備註/See Remarks 7.1 (d)(iii)(d) ‧見備註/See Remarks 7.1 (d)(vi)(a) ‧見備註/See Remarks 7.1 (d)(vii)(a) ‧見備註/See Remarks 7.1 (d)(viii)(b) ‧見備註/See Remarks 7.1 (d)(ix)(b) ‧見備註/See Remarks 7.1 (d)(x)(a) ‧見備註/See Remarks 7.1 (d)(xi)(a) ‧見備註/See Remarks 7.1 (d)(xii)(b) ‧見備註/See Remarks 7.1 (d)(xiii)(a) ‧見備註/See Remarks 7.1 (d)(xiv)(a),
2020-01-12,2020-01-17,,第27A座 Tower 27A,10,A,,9484400,,‧價單第2G號 (E2)付款辦法 Payment Plan (E2) of Price List No.2G ‧見備註/See Remarks 7.1 (c)(i)(e) ‧見備註/See Remarks 7.1 (c)(ii)(a) ‧見備註/See Remarks 7.1 (c)(iii)(a) ‧見備註/See Remarks 7.1 (c)(iv)(a) ‧見備註/See Remarks 7.1 (d)(ii)(g) ‧見備註/See Remarks 7.1 (d)(iii)(d) ‧見備註/See Remarks 7.1 (d)(vi)(a) ‧見備註/See Remarks 7.1 (d)(vii)(a) ‧見備註/See Remarks 7.1 (d)(ix)(b) ‧見備註/See Remarks 7.1 (d)(x)(a) ‧見備註/See Remarks 7.1 (d)(xi)(a) ‧見備註/See Remarks 7.1 (d)(xii)(b) ‧見備註/See Remarks 7.1 (d)(xiii)(a) ‧見備註/See Remarks 7.1 (d)(xiv)(a),
2020-01-16,2020-01-23,,第23B座 Tower 23B,15,A,,11107300,,‧價單第3D號 (E2)付款辦法 Payment Plan (E2) of Price List No.3D ‧見備註/See Remarks 7.1 (c)(i)(e) ‧見備註/See Remarks 7.1 (c)(ii)(a) ‧見備註/See Remarks 7.1 (c)(iii)(a) ‧見備註/See Remarks 7.1 (c)(iv)(a) ‧見備註/See Remarks 7.1 (d)(ii)(g) ‧見備註/See Remarks 7.1 (d)(iii)(d) ‧見備註/See Remarks 7.1 (d)(vi)(a) ‧見備註/See Remarks 7.1 (d)(vii)(a) ‧見備註/See Remarks 7.1 (d)(viii)(b) ‧見備註/See Remarks 7.1 (d)(ix)(b) ‧見備註/See Remarks 7.1 (d)(x)(a) ‧見備註/See Remarks 7.1 (d)(xi)(a) ‧見備註/See Remarks 7.1 (d)(xii)(b) ‧見備註/See Remarks 7.1 (d)(xiii)(a) ‧見備註/See Remarks 7.1 (d)(xiv)(a),
2020-01-17,2020-01-24,,第27A座 Tower 27A,9,A,,9448300,,‧價單第2G號 (E2)付款辦法 Payment Plan (E2) of Price List No.2G ‧見備註/See Remarks 7.1 (c)(i)(e) ‧見備註/See Remarks 7.1 (c)(ii)(a) ‧見備註/See Remarks 7.1 (c)(iii)(a) ‧見備註/See Remarks 7.1 (c)(iv)(a) ‧見備註/See Remarks 7.1 (d)(ii)(g) ‧見備註/See Remarks 7.1 (d)(iii)(d) ‧見備註/See Remarks 7.1 (d)(vi)(a) ‧見備註/See Remarks 7.1 (d)(vii)(a) ‧見備註/See Remarks 7.1 (d)(ix)(b) ‧見備註/See Remarks 7.1 (d)(x)(a) ‧見備註/See Remarks 7.1 (d)(xi)(a) ‧見備註/See Remarks 7.1 (d)(xii)(b) ‧見備註/See Remarks 7.1 (d)(xiii)(a) ‧見備註/See Remarks 7.1 (d)(xiv)(a),
2020-01-19,2020-01-24,,第23B座 Tower 23B,7,A,,10975400,,‧價單第3D號 (E2)付款辦法 Payment Plan (E2) of Price List No.3D ‧見備註/See Remarks 7.1 (c)(i)(e) ‧見備註/See Remarks 7.1 (c)(ii)(a) ‧見備註/See Remarks 7.1 (c)(iii)(a) ‧見備註/See Remarks 7.1 (c)(iv)(a) ‧見備註/See Remarks 7.1 (d)(ii)(g) ‧見備註/See Remarks 7.1 (d)(iii)(d) ‧見備註/See Remarks 7.1 (d)(vi)(a) ‧見備註/See Remarks 7.1 (d)(vii)(a) ‧見備註/See Remarks 7.1 (d)(viii)(b) ‧見備註/See Remarks 7.1 (d)(ix)(b) ‧見備註/See Remarks 7.1 (d)(x)(a) ‧見備註/See Remarks 7.1 (d)(xi)(a) ‧見備註/See Remarks 7.1 (d)(xii)(b) ‧見備註/See Remarks 7.1 (d)(xiii)(a) ‧見備註/See Remarks 7.1 (d)(xiv)(a),
2020-01-19,2020-01-24,,第27A座 Tower 27A,12,C,,7988400,,‧價單第1K號 (E2)付款辦法 Payment Plan (E2) of Price List No.1K ‧見備註/See Remarks 7.1 (c)(i)(e) ‧見備註/See Remarks 7.1 (c)(ii)(a) ‧見備註/See Remarks 7.1 (c)(iii)(a) ‧見備註/See Remarks 7.1 (c)(iv)(a) ‧見備註/See Remarks 7.1 (d)(ii)(g) ‧見備註/See Remarks 7.1 (d)(iii)(d) ‧見備註/See Remarks 7.1 (d)(vi)(a) ‧見備註/See Remarks 7.1 (d)(vii)(a) ‧見備註/See Remarks 7.1 (d)(ix)(b) ‧見備註/See Remarks 7.1 (d)(x)(a) ‧見備註/See Remarks 7.1 (d)(xi)(a) ‧見備註/See Remarks 7.1 (d)(xii)(b) ‧見備註/See Remarks 7.1 (d)(xiv)(a),
2020-01-20,2020-01-29,,第27A座 Tower 27A,8,A,,9435700,,‧價單第2G號 (E2)付款辦法 Payment Plan (E2) of Price List No.2G ‧見備註/See Remarks 7.1 (c)(i)(e) ‧見備註/See Remarks 7.1 (c)(ii)(a) ‧見備註/See Remarks 7.1 (c)(iii)(a) ‧見備註/See Remarks 7.1 (c)(iv)(a) ‧見備註/See Remarks 7.1 (d)(ii)(g) ‧見備註/See Remarks 7.1 (d)(iii)(d) ‧見備註/See Remarks 7.1 (d)(vi)(a) ‧見備註/See Remarks 7.1 (d)(vii)(a) ‧見備註/See Remarks 7.1 (d)(ix)(b) ‧見備註/See Remarks 7.1 (d)(x)(a) ‧見備註/See Remarks 7.1 (d)(xi)(a) ‧見備註/See Remarks 7.1 (d)(xii)(b) ‧見備註/See Remarks 7.1 (d)(xiii)(a) ‧見備註/See Remarks 7.1 (d)(xiv)(a),
2020-01-28,2020-02-04,,第26座 Tower 26,15,D,,8531000,,‧價單第1L號 (E2)付款辦法 Payment Plan (E2) of Price List No.1L ‧見備註/See Remarks 7.1 (c)(i)(e) ‧見備註/See Remarks 7.1 (c)(ii)(a) ‧見備註/See Remarks 7.1 (c)(iii)(a) ‧見備註/See Remarks 7.1 (c)(iv)(a) ‧見備註/See Remarks 7.1 (d)(ii)(g) ‧見備註/See Remarks 7.1 (d)(iii)(d) ‧見備註/See Remarks 7.1 (d)(vi)(a) ‧見備註/See Remarks 7.1 (d)(vii)(a) ‧見備註/See Remarks 7.1 (d)(ix)(b) ‧見備註/See Remarks 7.1 (d)(x)(a) ‧見備註/See Remarks 7.1 (d)(xi)(a) ‧見備註/See Remarks 7.1 (d)(xii)(b) ‧見備註/See Remarks 7.1 (d)(xiv)(a),
2020-02-22,2020-02-28,,第26座 Tower 26,11,D,,8511700,,‧價單第1M號 (E3)付款辦法 Payment Plan (E3) of Price List No.1M ‧見備註/See Remarks 7.1 (c)(i)(e) ‧見備註/See Remarks 7.1 (c)(ii)(a) ‧見備註/See Remarks 7.1 (c)(iii)(a) ‧見備註/See Remarks 7.1 (c)(iv)(a) ‧見備註/See Remarks 7.1 (d)(ii)(g) ‧見備註/See Remarks 7.1 (d)(iii)(d) ‧見備註/See Remarks 7.1 (d)(vi)(a) ‧見備註/See Remarks 7.1 (d)(vii)(a) ‧見備註/See Remarks 7.1 (d)(ix)(b) ‧見備註/See Remarks 7.1 (d)(x)(a) ‧見備註/See Remarks 7.1 (d)(xi)(a) ‧見備註/See Remarks 7.1 (d)(xii)(c) ‧見備註/See Remarks 7.1 (d)(xiii)(a) ‧見備註/See Remarks 7.1 (d)(xiv)(a),
2020-02-22,2020-02-28,,第27A座 Tower 27A,1,D,,9411300,,‧價單第1M號 (E3)付款辦法 Payment Plan (E3) of Price List No.1M ‧見備註/See Remarks 7.1 (c)(i)(e) ‧見備註/See Remarks 7.1 (c)(ii)(a) ‧見備註/See Remarks 7.1 (c)(iii)(a) ‧見備註/See Remarks 7.1 (c)(iv)(a) ‧見備註/See Remarks 7.1 (d)(ii)(g) ‧見備註/See Remarks 7.1 (d)(iii)(d) ‧見備註/See Remarks 7.1 (d)(vi)(a) ‧見備註/See Remarks 7.1 (d)(vii)(a) ‧見備註/See Remarks 7.1 (d)(ix)(b) ‧見備註/See Remarks 7.1 (d)(x)(a) ‧見備註/See Remarks 7.1 (d)(xi)(a) ‧見備註/See Remarks 7.1 (d)(xii)(c) ‧見備註/See Remarks 7.1 (d)(xiii)(a) ‧見備註/See Remarks 7.1 (d)(xiv)(a),
2020-02-22,2020-02-28,,第27B座 Tower 27B,1,D,,9422200,,‧價單第1M號 (E3)付款辦法 Payment Plan (E3) of Price List No.1M ‧見備註/See Remarks 7.1 (c)(i)(e) ‧見備註/See Remarks 7.1 (c)(ii)(a) ‧見備註/See Remarks 7.1 (c)(iii)(a) ‧見備註/See Remarks 7.1 (c)(iv)(a) ‧見備註/See Remarks 7.1 (d)(ii)(g) ‧見備註/See Remarks 7.1 (d)(iii)(d) ‧見備註/See Remarks 7.1 (d)(vi)(a) ‧見備註/See Remarks 7.1 (d)(vii)(a) ‧見備註/See Remarks 7.1 (d)(ix)(b) ‧見備註/See Remarks 7.1 (d)(x)(a) ‧見備註/See Remarks 7.1 (d)(xi)(a) ‧見備註/See Remarks 7.1 (d)(xii)(c) ‧見備註/See Remarks 7.1 (d)(xiii)(a) ‧見備註/See Remarks 7.1 (d)(xiv)(a),
2020-02-23,2020-02-28,,第25A座 Tower 25A,2,B,,10836000,,‧價單第2I號 (E3)付款辦法 Payment Plan (E3) of Price List No.2I ‧見備註/See Remarks 7.1 (c)(i)(e) ‧見備註/See Remarks 7.1 (c)(ii)(a) ‧見備註/See Remarks 7.1 (c)(iii)(a) ‧見備註/See Remarks 7.1 (c)(iv)(a) ‧見備註/See Remarks 7.1 (d)(ii)(g) ‧見備註/See Remarks 7.1 (d)(iii)(d) ‧見備註/See Remarks 7.1 (d)(vi)(a) ‧見備註/See Remarks 7.1 (d)(vii)(a) ‧見備註/See Remarks 7.1 (d)(viii)(b) ‧見備註/See Remarks 7.1 (d)(ix)(b) ‧見備註/See Remarks 7.1 (d)(x)(a) ‧見備註/See Remarks 7.1 (d)(xi)(a) ‧見備註/See Remarks 7.1 (d)(xii)(c) ‧見備註/See Remarks 7.1 (d)(xiii)(a) ‧見備註/See Remarks 7.1 (d)(xiv)(a),
2020-02-27,2020-03-05,,第23B座 Tower 23B,15,B,,11187100,,‧價單第3F號 (E3)付款辦法 Payment Plan (E3) of Price List No.3F ‧見備註/See Remarks 7.1 (c)(i)(e) ‧見備註/See Remarks 7.1 (c)(ii)(a) ‧見備註/See Remarks 7.1 (c)(iii)(a) ‧見備註/See Remarks 7.1 (c)(iv)(a) ‧見備註/See Remarks 7.1 (d)(ii)(g) ‧見備註/See Remarks 7.1 (d)(iii)(d) ‧見備註/See Remarks 7.1 (d)(vi)(a) ‧見備註/See Remarks 7.1 (d)(vii)(a) ‧見備註/See Remarks 7.1 (d)(viii)(b) ‧見備註/See Remarks 7.1 (d)(ix)(b) ‧見備註/See Remarks 7.1 (d)(x)(a) ‧見備註/See Remarks 7.1 (d)(xi)(a) ‧見備註/See Remarks 7.1 (d)(xii)(c) ‧見備註/See Remarks 7.1 (d)(xiii)(a) ‧見備註/See Remarks 7.1 (d)(xiv)(a),
2020-02-27,2020-03-05,,第27A座 Tower 27A,3,C,,7957300,,‧價單第1M號 (E3)付款辦法 Payment Plan (E3) of Price List No.1M ‧見備註/See Remarks 7.1 (c)(i)(e) ‧見備註/See Remarks 7.1 (c)(ii)(a) ‧見備註/See Remarks 7.1 (c)(iii)(a) ‧見備註/See Remarks 7.1 (c)(iv)(a) ‧見備註/See Remarks 7.1 (d)(ii)(g) ‧見備註/See Remarks 7.1 (d)(iii)(d) ‧見備註/See Remarks 7.1 (d)(vi)(a) ‧見備註/See Remarks 7.1 (d)(vii)(a) ‧見備註/See Remarks 7.1 (d)(ix)(b) ‧見備註/See Remarks 7.1 (d)(x)(a) ‧見備註/See Remarks 7.1 (d)(xi)(a) ‧見備註/See Remarks 7.1 (d)(xii)(c) ‧見備註/See Remarks 7.1 (d)(xiv)(a),
2020-02-28,2020-03-06,,第26座 Tower 26,12,D,,8521800,,‧價單第1M號 (E3)付款辦法 Payment Plan (E3) of Price List No.1M ‧見備註/See Remarks 7.1 (c)(i)(e) ‧見備註/See Remarks 7.1 (c)(ii)(a) ‧見備註/See Remarks 7.1 (c)(iii)(a) ‧見備註/See Remarks 7.1 (c)(iv)(a) ‧見備註/See Remarks 7.1 (d)(ii)(g) ‧見備註/See Remarks 7.1 (d)(iii)(d) ‧見備註/See Remarks 7.1 (d)(vi)(a) ‧見備註/See Remarks 7.1 (d)(vii)(a) ‧見備註/See Remarks 7.1 (d)(ix)(b) ‧見備註/See Remarks 7.1 (d)(x)(a) ‧見備註/See Remarks 7.1 (d)(xi)(a) ‧見備註/See Remarks 7.1 (d)(xii)(c) ‧見備註/See Remarks 7.1 (d)(xiii)(a) ‧見備註/See Remarks 7.1 (d)(xiv)(a),
2020-02-28,2020-03-06,,第27B座 Tower 27B,G&UG,B,,31997600,,招標文件支付辦法(TE1) Payment Plan (TE1) of Tender Document ‧見備註/See Remarks 7.1 (d)(ii)(g) ‧見備註/See Remarks 7.1 (d)(iii)(d) ‧見備註/See Remarks 7.1 (d)(vii)(a) ‧見備註/See Remarks 7.1 (d)(viii)(b) ‧見備註/See Remarks 7.1 (e)(iii) ‧見備註/See Remarks 7.1 (d)(ix)(b) ‧見備註/See Remarks 7.1 (d)(x)(b) ‧見備註/See Remarks 7.1 (d)(xi)(a) ‧見備註/See Remarks 7.1 (d)(xii)(a) ‧見備註/See Remarks 7.1 (d)(xiii)(a) ‧見備註/See Remarks 7.1 (d)(xiv)(a),
2020-02-29,2020-03-06,,第26座 Tower 26,8,E,,5079400,,‧價單第1M號 (E3)付款辦法 Payment Plan (E3) of Price List No.1M ‧見備註/See Remarks 7.1 (c)(i)(e) ‧見備註/See Remarks 7.1 (c)(ii)(a) ‧見備註/See Remarks 7.1 (c)(iii)(a) ‧見備註/See Remarks 7.1 (c)(iv)(a) ‧見備註/See Remarks 7.1 (d)(ii)(g) ‧見備註/See Remarks 7.1 (d)(iii)(d) ‧見備註/See Remarks 7.1 (d)(vii)(a) ‧見備註/See Remarks 7.1 (d)(ix)(b) ‧見備註/See Remarks 7.1 (d)(x)(a) ‧見備註/See Remarks 7.1 (d)(xi)(a) ‧見備註/See Remarks 7.1 (d)(xii)(c) ‧見備註/See Remarks 7.1 (d)(xiv)(a),
2020-03-03,2020-03-10,,第26座 Tower 26,10,D,,8502400,,‧價單第1M號 (E3)付款辦法 Payment Plan (E3) of Price List No.1M ‧見備註/See Remarks 7.1 (c)(i)(e) ‧見備註/See Remarks 7.1 (c)(ii)(a) ‧見備註/See Remarks 7.1 (c)(iii)(a) ‧見備註/See Remarks 7.1 (c)(iv)(a) ‧見備註/See Remarks 7.1 (d)(ii)(g) ‧見備註/See Remarks 7.1 (d)(iii)(d) ‧見備註/See Remarks 7.1 (d)(vi)(a) ‧見備註/See Remarks 7.1 (d)(vii)(a) ‧見備註/See Remarks 7.1 (d)(ix)(b) ‧見備註/See Remarks 7.1 (d)(x)(a) ‧見備註/See Remarks 7.1 (d)(xi)(a) ‧見備註/See Remarks 7.1 (d)(xii)(c) ‧見備註/See Remarks 7.1 (d)(xiii)(a) ‧見備註/See Remarks 7.1 (d)(xiv)(a),
2020-03-03,2020-03-10,,第27B座 Tower 27B,6,C,,8001000,,‧價單第1M號 (E3)付款辦法 Payment Plan (E3) of Price List No.1M ‧見備註/See Remarks 7.1 (c)(i)(e) ‧見備註/See Remarks 7.1 (c)(ii)(a) ‧見備註/See Remarks 7.1 (c)(iii)(a) ‧見備註/See Remarks 7.1 (c)(iv)(a) ‧見備註/See Remarks 7.1 (d)(ii)(g) ‧見備註/See Remarks 7.1 (d)(iii)(d) ‧見備註/See Remarks 7.1 (d)(vi)(a) ‧見備註/See Remarks 7.1 (d)(vii)(a) ‧見備註/See Remarks 7.1 (d)(ix)(b) ‧見備註/See Remarks 7.1 (d)(x)(a) ‧見備註/See Remarks 7.1 (d)(xi)(a) ‧見備註/See Remarks 7.1 (d)(xii)(c) ‧見備註/See Remarks 7.1 (d)(xiv)(a),
2020-03-04,2020-03-11,,第26座 Tower 26,9,D,,8493200,,‧價單第1M號 (E3)付款辦法 Payment Plan (E3) of Price List No.1M ‧見備註/See Remarks 7.1 (c)(i)(e) ‧見備註/See Remarks 7.1 (c)(ii)(a) ‧見備註/See Remarks 7.1 (c)(iii)(a) ‧見備註/See Remarks 7.1 (c)(iv)(a) ‧見備註/See Remarks 7.1 (d)(ii)(g) ‧見備註/See Remarks 7.1 (d)(iii)(d) ‧見備註/See Remarks 7.1 (d)(vi)(a) ‧見備註/See Remarks 7.1 (d)(vii)(a) ‧見備註/See Remarks 7.1 (d)(ix)(b) ‧見備註/See Remarks 7.1 (d)(x)(a) ‧見備註/See Remarks 7.1 (d)(xi)(a) ‧見備註/See Remarks 7.1 (d)(xii)(c) ‧見備註/See Remarks 7.1 (d)(xiii)(a) ‧見備註/See Remarks 7.1 (d)(xiv)(a),
2020-03-04,2020-03-11,,第27A座 Tower 27A,2,C,,7951400,,‧價單第1M號 (E3)付款辦法 Payment Plan (E3) of Price List No.1M ‧見備註/See Remarks 7.1 (c)(i)(e) ‧見備註/See Remarks 7.1 (c)(ii)(a) ‧見備註/See Remarks 7.1 (c)(iii)(a) ‧見備註/See Remarks 7.1 (c)(iv)(a) ‧見備註/See Remarks 7.1 (d)(ii)(g) ‧見備註/See Remarks 7.1 (d)(iii)(d) ‧見備註/See Remarks 7.1 (d)(vi)(a) ‧見備註/See Remarks 7.1 (d)(vii)(a) ‧見備註/See Remarks 7.1 (d)(ix)(b) ‧見備註/See Remarks 7.1 (d)(x)(a) ‧見備註/See Remarks 7.1 (d)(xi)(a) ‧見備註/See Remarks 7.1 (d)(xii)(c) ‧見備註/See Remarks 7.1 (d)(xiv)(a),
2020-03-05,2020-03-12,,第26座 Tower 26,8,D,,8493200,,‧價單第1M號 (E3)付款辦法 Payment Plan (E3) of Price List No.1M ‧見備註/See Remarks 7.1 (c)(i)(e) ‧見備註/See Remarks 7.1 (c)(ii)(a) ‧見備註/See Remarks 7.1 (c)(iii)(a) ‧見備註/See Remarks 7.1 (c)(iv)(a) ‧見備註/See Remarks 7.1 (d)(ii)(g) ‧見備註/See Remarks 7.1 (d)(iii)(d) ‧見備註/See Remarks 7.1 (d)(vi)(a) ‧見備註/See Remarks 7.1 (d)(vii)(a) ‧見備註/See Remarks 7.1 (d)(ix)(b) ‧見備註/See Remarks 7.1 (d)(x)(a) ‧見備註/See Remarks 7.1 (d)(xi)(a) ‧見備註/See Remarks 7.1 (d)(xii)(c) ‧見備註/See Remarks 7.1 (d)(xiii)(a) ‧見備註/See Remarks 7.1 (d)(xiv)(a),
2020-03-07,2020-03-13,,第26座 Tower 26,2,E,,5051700,,‧價單第1M號 (E3)付款辦法 Payment Plan (E3) of Price List No.1M ‧見備註/See Remarks 7.1 (c)(i)(e) ‧見備註/See Remarks 7.1 (c)(ii)(a) ‧見備註/See Remarks 7.1 (c)(iii)(a) ‧見備註/See Remarks 7.1 (c)(iv)(a) ‧見備註/See Remarks 7.1 (d)(ii)(g) ‧見備註/See Remarks 7.1 (d)(iii)(d) ‧見備註/See Remarks 7.1 (d)(vii)(a) ‧見備註/See Remarks 7.1 (d)(ix)(b) ‧見備註/See Remarks 7.1 (d)(x)(a) ‧見備註/See Remarks 7.1 (d)(xi)(a) ‧見備註/See Remarks 7.1 (d)(xii)(c) ‧見備註/See Remarks 7.1 (d)(xiv)(a),
2020-03-07,2020-03-13,,第27A座 Tower 27A,2,A,,9304600,,‧價單第2I號 (E3)付款辦法 Payment Plan (E3) of Price List No.2I ‧見備註/See Remarks 7.1 (c)(i)(e) ‧見備註/See Remarks 7.1 (c)(ii)(a) ‧見備註/See Remarks 7.1 (c)(iii)(a) ‧見備註/See Remarks 7.1 (c)(iv)(a) ‧見備註/See Remarks 7.1 (d)(ii)(g) ‧見備註/See Remarks 7.1 (d)(iii)(d) ‧見備註/See Remarks 7.1 (d)(vi)(a) ‧見備註/See Remarks 7.1 (d)(vii)(a) ‧見備註/See Remarks 7.1 (d)(ix)(b) ‧見備註/See Remarks 7.1 (d)(x)(a) ‧見備註/See Remarks 7.1 (d)(xi)(a) ‧見備註/See Remarks 7.1 (d)(xii)(c) ‧見備註/See Remarks 7.1 (d)(xiii)(a) ‧見備註/See Remarks 7.1 (d)(xiv)(a),
2020-03-10,2020-03-17,,第23B座 Tower 23B,6,A,,10960300,,‧價單第3F號 (E3)付款辦法 Payment Plan (E3) of Price List No.3F ‧見備註/See Remarks 7.1 (c)(i)(e) ‧見備註/See Remarks 7.1 (c)(ii)(a) ‧見備註/See Remarks 7.1 (c)(iii)(a) ‧見備註/See Remarks 7.1 (c)(iv)(a) ‧見備註/See Remarks 7.1 (d)(ii)(g) ‧見備註/See Remarks 7.1 (d)(iii)(d) ‧見備註/See Remarks 7.1 (d)(vi)(a) ‧見備註/See Remarks 7.1 (d)(vii)(a) ‧見備註/See Remarks 7.1 (d)(viii)(b) ‧見備註/See Remarks 7.1 (d)(ix)(b) ‧見備註/See Remarks 7.1 (d)(x)(a) ‧見備註/See Remarks 7.1 (d)(xi)(a) ‧見備註/See Remarks 7.1 (d)(xii)(c) ‧見備註/See Remarks 7.1 (d)(xiii)(a) ‧見備註/See Remarks 7.1 (d)(xiv)(a),
2020-03-14,2020-03-20,,第26座 Tower 26,7,D,,8484000,,‧價單第1M號 (E3)付款辦法 Payment Plan (E3) of Price List No.1M ‧見備註/See Remarks 7.1 (c)(i)(e) ‧見備註/See Remarks 7.1 (c)(ii)(a) ‧見備註/See Remarks 7.1 (c)(iii)(a) ‧見備註/See Remarks 7.1 (c)(iv)(a) ‧見備註/See Remarks 7.1 (d)(ii)(g) ‧見備註/See Remarks 7.1 (d)(iii)(d) ‧見備註/See Remarks 7.1 (d)(vi)(a) ‧見備註/See Remarks 7.1 (d)(vii)(a) ‧見備註/See Remarks 7.1 (d)(ix)(b) ‧見備註/See Remarks 7.1 (d)(x)(a) ‧見備註/See Remarks 7.1 (d)(xi)(a) ‧見備註/See Remarks 7.1 (d)(xii)(c) ‧見備註/See Remarks 7.1 (d)(xiii)(a) ‧見備註/See Remarks 7.1 (d)(xiv)(a),
2020-03-14,2020-03-20,,第27B座 Tower 27B,2,C,,7982500,,‧價單第1M號 (E3)付款辦法 Payment Plan (E3) of Price List No.1M ‧見備註/See Remarks 7.1 (c)(i)(e) ‧見備註/See Remarks 7.1 (c)(ii)(a) ‧見備註/See Remarks 7.1 (c)(iii)(a) ‧見備註/See Remarks 7.1 (c)(iv)(a) ‧見備註/See Remarks 7.1 (d)(ii)(g) ‧見備註/See Remarks 7.1 (d)(iii)(d) ‧見備註/See Remarks 7.1 (d)(vi)(a) ‧見備註/See Remarks 7.1 (d)(vii)(a) ‧見備註/See Remarks 7.1 (d)(ix)(b) ‧見備註/See Remarks 7.1 (d)(x)(a) ‧見備註/See Remarks 7.1 (d)(xi)(a) ‧見備註/See Remarks 7.1 (d)(xii)(c) ‧見備註/See Remarks 7.1 (d)(xiv)(a),
2020-03-15,2020-03-20,,第27B座 Tower 27B,12,C,,8019400,,‧價單第1M號 (E3)付款辦法 Payment Plan (E3) of Price List No.1M ‧見備註/See Remarks 7.1 (c)(i)(e) ‧見備註/See Remarks 7.1 (c)(ii)(a) ‧見備註/See Remarks 7.1 (c)(iii)(a) ‧見備註/See Remarks 7.1 (c)(iv)(a) ‧見備註/See Remarks 7.1 (d)(ii)(g) ‧見備註/See Remarks 7.1 (d)(iii)(d) ‧見備註/See Remarks 7.1 (d)(vi)(a) ‧見備註/See Remarks 7.1 (d)(vii)(a) ‧見備註/See Remarks 7.1 (d)(ix)(b) ‧見備註/See Remarks 7.1 (d)(x)(a) ‧見備註/See Remarks 7.1 (d)(xi)(a) ‧見備註/See Remarks 7.1 (d)(xii)(c) ‧見備註/See Remarks 7.1 (d)(xiv)(a),
2020-03-20,2020-03-27,,第26座 Tower 26,6,D,,8464700,,‧價單第1M號 (E3)付款辦法 Payment Plan (E3) of Price List No.1M ‧見備註/See Remarks 7.1 (c)(i)(e) ‧見備註/See Remarks 7.1 (c)(ii)(a) ‧見備註/See Remarks 7.1 (c)(iii)(a) ‧見備註/See Remarks 7.1 (c)(iv)(a) ‧見備註/See Remarks 7.1 (c)(v)(a) ‧見備註/See Remarks 7.1 (d)(ii)(g) ‧見備註/See Remarks 7.1 (d)(iii)(d) ‧見備註/See Remarks 7.1 (d)(vii)(a) ‧見備註/See Remarks 7.1 (d)(ix)(b) ‧見備註/See Remarks 7.1 (d)(x)(a) ‧見備註/See Remarks 7.1 (d)(xi)(a) ‧見備註/See Remarks 7.1 (d)(xii)(c) ‧見備註/See Remarks 7.1 (d)(xiii)(a) ‧見備註/See Remarks 7.1 (d)(xiv)(a),
2020-03-26,2020-04-02,,第23B座 Tower 23B,5,A,,10944300,,‧價單第3F號 (E3)付款辦法 Payment Plan (E3) of Price List No.3F ‧見備註/See Remarks 7.1 (c)(i)(e) ‧見備註/See Remarks 7.1 (c)(ii)(a) ‧見備註/See Remarks 7.1 (c)(iii)(a) ‧見備註/See Remarks 7.1 (c)(iv)(a) ‧見備註/See Remarks 7.1 (d)(ii)(g) ‧見備註/See Remarks 7.1 (d)(iii)(d) ‧見備註/See Remarks 7.1 (d)(vi)(a) ‧見備註/See Remarks 7.1 (d)(vii)(a) ‧見備註/See Remarks 7.1 (d)(viii)(b) ‧見備註/See Remarks 7.1 (d)(ix)(b) ‧見備註/See Remarks 7.1 (d)(x)(a) ‧見備註/See Remarks 7.1 (d)(xi)(a) ‧見備註/See Remarks 7.1 (d)(xii)(c) ‧見備註/See Remarks 7.1 (d)(xiii)(a) ‧見備註/See Remarks 7.1 (d)(xiv)(a),
2020-03-28,2020-04-03,,第26座 Tower 26,9,E,,5079400,,‧價單第1M號 (E3)付款辦法 Payment Plan (E3) of Price List No.1M ‧見備註/See Remarks 7.1 (c)(i)(e) ‧見備註/See Remarks 7.1 (c)(ii)(a) ‧見備註/See Remarks 7.1 (c)(iii)(a) ‧見備註/See Remarks 7.1 (c)(iv)(a) ‧見備註/See Remarks 7.1 (d)(ii)(g) ‧見備註/See Remarks 7.1 (d)(iii)(d) ‧見備註/See Remarks 7.1 (d)(vii)(a) ‧見備註/See Remarks 7.1 (d)(ix)(b) ‧見備註/See Remarks 7.1 (d)(x)(a) ‧見備註/See Remarks 7.1 (d)(xi)(a) ‧見備註/See Remarks 7.1 (d)(xii)(c) ‧見備註/See Remarks 7.1 (d)(xiv)(a),
2020-03-28,2020-04-03,,第28座 Tower 28,7,A,,16987300,,‧價單第3G號 (E3)付款辦法 Payment Plan (E3) of Price List No.3G ‧見備註/See Remarks 7.1 (c)(i)(e) ‧見備註/See Remarks 7.1 (c)(ii)(a) ‧見備註/See Remarks 7.1 (c)(iii)(a) ‧見備註/See Remarks 7.1 (c)(iv)(a) ‧見備註/See Remarks 7.1 (d)(ii)(g) ‧見備註/See Remarks 7.1 (d)(iii)(d) ‧見備註/See Remarks 7.1 (d)(vii)(a) ‧見備註/See Remarks 7.1 (d)(viii)(b) ‧見備註/See Remarks 7.1 (d)(ix)(b) ‧見備註/See Remarks 7.1 (d)(x)(a) ‧見備註/See Remarks 7.1 (d)(xi)(a) ‧見備註/See Remarks 7.1 (d)(xii)(c) ‧見備註/See Remarks 7.1 (d)(xiii)(a) ‧見備註/See Remarks 7.1 (d)(xiv)(a),
2020-03-28,2020-04-03,,第23B座 Tower 23B,11,B,,11146000,,‧價單第3G號 (E3)付款辦法 Payment Plan (E3) of Price List No.3G ‧見備註/See Remarks 7.1 (c)(i)(e) ‧見備註/See Remarks 7.1 (c)(ii)(a) ‧見備註/See Remarks 7.1 (c)(iii)(a) ‧見備註/See Remarks 7.1 (c)(iv)(a) ‧見備註/See Remarks 7.1 (c)(v)(a) ‧見備註/See Remarks 7.1 (d)(ii)(g) ‧見備註/See Remarks 7.1 (d)(iii)(d) ‧見備註/See Remarks 7.1 (d)(vii)(a) ‧見備註/See Remarks 7.1 (d)(viii)(b) ‧見備註/See Remarks 7.1 (d)(ix)(b) ‧見備註/See Remarks 7.1 (d)(x)(a) ‧見備註/See Remarks 7.1 (d)(xi)(a) ‧見備註/See Remarks 7.1 (d)(xii)(c) ‧見備註/See Remarks 7.1 (d)(xiii)(a) ‧見備註/See Remarks 7.1 (d)(xiv)(a),
2020-03-29,2020-04-03,,第26座 Tower 26,5,D,,8465500,,‧價單第1M號 (E3)付款辦法 Payment Plan (E3) of Price List No.1M ‧見備註/See Remarks 7.1 (c)(i)(e) ‧見備註/See Remarks 7.1 (c)(ii)(a) ‧見備註/See Remarks 7.1 (c)(iii)(a) ‧見備註/See Remarks 7.1 (c)(iv)(a) ‧見備註/See Remarks 7.1 (d)(ii)(g) ‧見備註/See Remarks 7.1 (d)(iii)(d) ‧見備註/See Remarks 7.1 (d)(vi)(a) ‧見備註/See Remarks 7.1 (d)(vii)(a) ‧見備註/See Remarks 7.1 (d)(ix)(b) ‧見備註/See Remarks 7.1 (d)(x)(a) ‧見備註/See Remarks 7.1 (d)(xi)(a) ‧見備註/See Remarks 7.1 (d)(xii)(c) ‧見備註/See Remarks 7.1 (d)(xiii)(a) ‧見備註/See Remarks 7.1 (d)(xiv)(a),
2020-03-29,2020-04-03,,第27B座 Tower 27B,11,C,,8014400,,‧價單第1M號 (E3)付款辦法 Payment Plan (E3) of Price List No.1M ‧見備註/See Remarks 7.1 (c)(i)(e) ‧見備註/See Remarks 7.1 (c)(ii)(a) ‧見備註/See Remarks 7.1 (c)(iii)(a) ‧見備註/See Remarks 7.1 (c)(iv)(a) ‧見備註/See Remarks 7.1 (d)(ii)(g) ‧見備註/See Remarks 7.1 (d)(iii)(d) ‧見備註/See Remarks 7.1 (d)(vi)(a) ‧見備註/See Remarks 7.1 (d)(vii)(a) ‧見備註/See Remarks 7.1 (d)(ix)(b) ‧見備註/See Remarks 7.1 (d)(x)(a) ‧見備註/See Remarks 7.1 (d)(xi)(a) ‧見備註/See Remarks 7.1 (d)(xii)(c) ‧見備註/See Remarks 7.1 (d)(xiv)(a),
2020-04-12,2020-04-20,,第26座 Tower 26,3,D,,8456200,,‧價單第1M號 (E3)付款辦法 Payment Plan (E3) of Price List No.1M ‧見備註/See Remarks 7.1 (c)(i)(e) ‧見備註/See Remarks 7.1 (c)(ii)(a) ‧見備註/See Remarks 7.1 (c)(iii)(a) ‧見備註/See Remarks 7.1 (c)(iv)(a) ‧見備註/See Remarks 7.1 (d)(ii)(g) ‧見備註/See Remarks 7.1 (d)(iii)(d) ‧見備註/See Remarks 7.1 (d)(vi)(a) ‧見備註/See Remarks 7.1 (d)(vii)(a) ‧見備註/See Remarks 7.1 (d)(ix)(b) ‧見備註/See Remarks 7.1 (d)(x)(a) ‧見備註/See Remarks 7.1 (d)(xi)(a) ‧見備註/See Remarks 7.1 (d)(xii)(c) ‧見備註/See Remarks 7.1 (d)(xiii)(a) ‧見備註/See Remarks 7.1 (d)(xiv)(a),
2020-04-14,2020-04-21,,第27B座 Tower 27B,10,C,,8008500,,‧價單第1M號 (E3)付款辦法 Payment Plan (E3) of Price List No.1M ‧見備註/See Remarks 7.1 (c)(i)(e) ‧見備註/See Remarks 7.1 (c)(ii)(a) ‧見備註/See Remarks 7.1 (c)(iii)(a) ‧見備註/See Remarks 7.1 (c)(iv)(a) ‧見備註/See Remarks 7.1 (d)(ii)(g) ‧見備註/See Remarks 7.1 (d)(iii)(d) ‧見備註/See Remarks 7.1 (d)(vi)(a) ‧見備註/See Remarks 7.1 (d)(vii)(a) ‧見備註/See Remarks 7.1 (d)(ix)(b) ‧見備註/See Remarks 7.1 (d)(x)(a) ‧見備註/See Remarks 7.1 (d)(xi)(a) ‧見備註/See Remarks 7.1 (d)(xii)(c) ‧見備註/See Remarks 7.1 (d)(xiv)(a),
2020-04-15,2020-04-22,,第26座 Tower 26,1,D,,9245000,,‧價單第1M號 (E3)付款辦法 Payment Plan (E3) of Price List No.1M ‧見備註/See Remarks 7.1 (c)(i)(e) ‧見備註/See Remarks 7.1 (c)(ii)(a) ‧見備註/See Remarks 7.1 (c)(iii)(a) ‧見備註/See Remarks 7.1 (c)(iv)(a) ‧見備註/See Remarks 7.1 (d)(ii)(g) ‧見備註/See Remarks 7.1 (d)(iii)(d) ‧見備註/See Remarks 7.1 (d)(vi)(a) ‧見備註/See Remarks 7.1 (d)(vii)(a) ‧見備註/See Remarks 7.1 (d)(ix)(b) ‧見備註/See Remarks 7.1 (d)(x)(a) ‧見備註/See Remarks 7.1 (d)(xi)(a) ‧見備註/See Remarks 7.1 (d)(xii)(c) ‧見備註/See Remarks 7.1 (d)(xiii)(a) ‧見備註/See Remarks 7.1 (d)(xiv)(a),
2020-04-15,2020-04-22,,第23A座 Tower 23A,19,B,,18331600,,招標文件支付辦法(TE1) Payment Plan (TE1) of Tender Document ‧見備註/See Remarks 7.1 (d)(ii)(g) ‧見備註/See Remarks 7.1 (d)(iii)(d) ‧見備註/See Remarks 7.1 (d)(vii)(a) ‧見備註/See Remarks 7.1 (d)(viii)(b) ‧見備註/See Remarks 7.1 (e)(iii) ‧見備註/See Remarks 7.1 (d)(ix)(b) ‧見備註/See Remarks 7.1 (d)(x)(b) ‧見備註/See Remarks 7.1 (d)(xi)(a) ‧見備註/See Remarks 7.1 (d)(xii)(a) ‧見備註/See Remarks 7.1 (d)(xiii)(a) ‧見備註/See Remarks 7.1 (d)(xiv)(a),
2020-04-20,2020-04-27,,第27B座 Tower 27B,7,C,,8006000,,‧價單第1M號 (E3)付款辦法 Payment Plan (E3) of Price List No.1M ‧見備註/See Remarks 7.1 (c)(i)(e) ‧見備註/See Remarks 7.1 (c)(ii)(a) ‧見備註/See Remarks 7.1 (c)(iii)(a) ‧見備註/See Remarks 7.1 (c)(iv)(a) ‧見備註/See Remarks 7.1 (d)(ii)(g) ‧見備註/See Remarks 7.1 (d)(iii)(d) ‧見備註/See Remarks 7.1 (d)(vi)(a) ‧見備註/See Remarks 7.1 (d)(vii)(a) ‧見備註/See Remarks 7.1 (d)(ix)(b) ‧見備註/See Remarks 7.1 (d)(x)(a) ‧見備註/See Remarks 7.1 (d)(xi)(a) ‧見備註/See Remarks 7.1 (d)(xii)(c) ‧見備註/See Remarks 7.1 (d)(xiv)(a),
2020-04-26,2020-05-05,,第26座 Tower 26,2,D,,8447000,,‧價單第1M號 (E3)付款辦法 Payment Plan (E3) of Price List No.1M ‧見備註/See Remarks 7.1 (c)(i)(e) ‧見備註/See Remarks 7.1 (c)(ii)(a) ‧見備註/See Remarks 7.1 (c)(iii)(a) ‧見備註/See Remarks 7.1 (c)(iv)(a) ‧見備註/See Remarks 7.1 (d)(ii)(g) ‧見備註/See Remarks 7.1 (d)(iii)(d) ‧見備註/See Remarks 7.1 (d)(vi)(a) ‧見備註/See Remarks 7.1 (d)(vii)(a) ‧見備註/See Remarks 7.1 (d)(ix)(b) ‧見備註/See Remarks 7.1 (d)(x)(a) ‧見備註/See Remarks 7.1 (d)(xi)(a) ‧見備註/See Remarks 7.1 (d)(xii)(c) ‧見備註/See Remarks 7.1 (d)(xiii)(a) ‧見備註/See Remarks 7.1 (d)(xiv)(a),
2020-04-27,2020-05-06,,第23B座 Tower 23B,10,B,,11139200,,‧價單第3G號 (E3)付款辦法 Payment Plan (E3) of Price List No.3G ‧見備註/See Remarks 7.1 (c)(i)(e) ‧見備註/See Remarks 7.1 (c)(ii)(a) ‧見備註/See Remarks 7.1 (c)(iii)(a) ‧見備註/See Remarks 7.1 (c)(iv)(a) ‧見備註/See Remarks 7.1 (d)(ii)(g) ‧見備註/See Remarks 7.1 (d)(iii)(d) ‧見備註/See Remarks 7.1 (d)(vi)(a) ‧見備註/See Remarks 7.1 (d)(vii)(a) ‧見備註/See Remarks 7.1 (d)(viii)(b) ‧見備註/See Remarks 7.1 (d)(ix)(b) ‧見備註/See Remarks 7.1 (d)(x)(a) ‧見備註/See Remarks 7.1 (d)(xi)(a) ‧見備註/See Remarks 7.1 (d)(xii)(c) ‧見備註/See Remarks 7.1 (d)(xiii)(a) ‧見備註/See Remarks 7.1 (d)(xiv)(a),
2020-04-28,2020-05-07,,第26座 Tower 26,18,A,,19904800,,招標文件支付辦法(TE1) Payment Plan (TE1) of Tender Document ‧見備註/See Remarks 7.1 (d)(ii)(g) ‧見備註/See Remarks 7.1 (d)(iii)(d) ‧見備註/See Remarks 7.1 (d)(vii)(a) ‧見備註/See Remarks 7.1 (d)(viii)(b) ‧見備註/See Remarks 7.1 (e)(iii) ‧見備註/See Remarks 7.1 (d)(ix)(b) ‧見備註/See Remarks 7.1 (d)(x)(b) ‧見備註/See Remarks 7.1 (d)(xi)(a) ‧見備註/See Remarks 7.1 (d)(xii)(a) ‧見備註/See Remarks 7.1 (d)(xiii)(a) ‧見備註/See Remarks 7.1 (d)(xiv)(a),
2020-04-28,2020-05-07,,第23B座 Tower 23B,9,B,,11125800,,‧價單第3G號 (E3)付款辦法 Payment Plan (E3) of Price List No.3G ‧見備註/See Remarks 7.1 (c)(i)(e) ‧見備註/See Remarks 7.1 (c)(ii)(a) ‧見備註/See Remarks 7.1 (c)(iii)(a) ‧見備註/See Remarks 7.1 (c)(iv)(a) ‧見備註/See Remarks 7.1 (d)(ii)(g) ‧見備註/See Remarks 7.1 (d)(iii)(d) ‧見備註/See Remarks 7.1 (d)(vi)(a) ‧見備註/See Remarks 7.1 (d)(vii)(a) ‧見備註/See Remarks 7.1 (d)(viii)(b) ‧見備註/See Remarks 7.1 (d)(ix)(b) ‧見備註/See Remarks 7.1 (d)(x)(a) ‧見備註/See Remarks 7.1 (d)(xi)(a) ‧見備註/See Remarks 7.1 (d)(xii)(c) ‧見備註/See Remarks 7.1 (d)(xiii)(a) ‧見備註/See Remarks 7.1 (d)(xiv)(a),
2020-04-28,2020-05-07,,第23B座 Tower 23B,8,B,,11125800,,‧價單第3G號 (E3)付款辦法 Payment Plan (E3) of Price List No.3G ‧見備註/See Remarks 7.1 (c)(i)(e) ‧見備註/See Remarks 7.1 (c)(ii)(a) ‧見備註/See Remarks 7.1 (c)(iii)(a) ‧見備註/See Remarks 7.1 (c)(iv)(a) ‧見備註/See Remarks 7.1 (d)(ii)(g) ‧見備註/See Remarks 7.1 (d)(iii)(d) ‧見備註/See Remarks 7.1 (d)(vi)(a) ‧見備註/See Remarks 7.1 (d)(vii)(a) ‧見備註/See Remarks 7.1 (d)(viii)(b) ‧見備註/See Remarks 7.1 (d)(ix)(b) ‧見備註/See Remarks 7.1 (d)(x)(a) ‧見備註/See Remarks 7.1 (d)(xi)(a) ‧見備註/See Remarks 7.1 (d)(xii)(c) ‧見備註/See Remarks 7.1 (d)(xiii)(a) ‧見備註/See Remarks 7.1 (d)(xiv)(a),
2020-04-28,2020-05-07,,第23B座 Tower 23B,6,B,,11093000,,‧價單第3G號 (E3)付款辦法 Payment Plan (E3) of Price List No.3G ‧見備註/See Remarks 7.1 (c)(i)(e) ‧見備註/See Remarks 7.1 (c)(ii)(a) ‧見備註/See Remarks 7.1 (c)(iii)(a) ‧見備註/See Remarks 7.1 (c)(iv)(a) ‧見備註/See Remarks 7.1 (d)(ii)(g) ‧見備註/See Remarks 7.1 (d)(iii)(d) ‧見備註/See Remarks 7.1 (d)(vi)(a) ‧見備註/See Remarks 7.1 (d)(vii)(a) ‧見備註/See Remarks 7.1 (d)(viii)(b) ‧見備註/See Remarks 7.1 (d)(ix)(b) ‧見備註/See Remarks 7.1 (d)(x)(a) ‧見備註/See Remarks 7.1 (d)(xi)(a) ‧見備註/See Remarks 7.1 (d)(xii)(c) ‧見備註/See Remarks 7.1 (d)(xiii)(a) ‧見備註/See Remarks 7.1 (d)(xiv)(a),
2020-04-29,2020-05-08,,第23B座 Tower 23B,7,B,,11770200,,‧價單第3G號 (E3)付款辦法 Payment Plan (E3) of Price List No.3G ‧見備註/See Remarks 7.1 (c)(i)(e) ‧見備註/See Remarks 7.1 (c)(iii)(a) ‧見備註/See Remarks 7.1 (c)(iv)(a) ‧見備註/See Remarks 7.1 (d)(i)(a) ‧見備註/See Remarks 7.1 (d)(ii)(g) ‧見備註/See Remarks 7.1 (d)(iii)(d) ‧見備註/See Remarks 7.1 (d)(vi)(a) ‧見備註/See Remarks 7.1 (d)(vii)(a) ‧見備註/See Remarks 7.1 (d)(viii)(b) ‧見備註/See Remarks 7.1 (d)(ix)(b) ‧見備註/See Remarks 7.1 (d)(x)(a) ‧見備註/See Remarks 7.1 (d)(xi)(a) ‧見備註/See Remarks 7.1 (d)(xii)(c) ‧見備註/See Remarks 7.1 (d)(xiii)(a) ‧見備註/See Remarks 7.1 (d)(xiv)(a),
2020-04-30,2020-05-08,,第23B座 Tower 23B,5,B,,11078700,,‧價單第3G號 (E3)付款辦法 Payment Plan (E3) of Price List No.3G ‧見備註/See Remarks 7.1 (c)(i)(e) ‧見備註/See Remarks 7.1 (c)(ii)(a) ‧見備註/See Remarks 7.1 (c)(iii)(a) ‧見備註/See Remarks 7.1 (c)(iv)(a) ‧見備註/See Remarks 7.1 (d)(ii)(g) ‧見備註/See Remarks 7.1 (d)(iii)(d) ‧見備註/See Remarks 7.1 (d)(vi)(a) ‧見備註/See Remarks 7.1 (d)(vii)(a) ‧見備註/See Remarks 7.1 (d)(viii)(b) ‧見備註/See Remarks 7.1 (d)(ix)(b) ‧見備註/See Remarks 7.1 (d)(x)(a) ‧見備註/See Remarks 7.1 (d)(xi)(a) ‧見備註/See Remarks 7.1 (d)(xii)(c) ‧見備註/See Remarks 7.1 (d)(xiii)(a) ‧見備註/See Remarks 7.1 (d)(xiv)(a),
2020-04-30,2020-05-08,,第25A座 Tower 25A,2,A,,10763700,,‧價單第4E號 (E3)付款辦法 Payment Plan (E3) of Price List No.4E ‧見備註/See Remarks 7.1 (c)(i)(e) ‧見備註/See Remarks 7.1 (c)(ii)(a) ‧見備註/See Remarks 7.1 (c)(iii)(a) ‧見備註/See Remarks 7.1 (c)(iv)(a) ‧見備註/See Remarks 7.1 (d)(ii)(g) ‧見備註/See Remarks 7.1 (d)(iii)(d) ‧見備註/See Remarks 7.1 (d)(vi)(a) ‧見備註/See Remarks 7.1 (d)(vii)(a) ‧見備註/See Remarks 7.1 (d)(viii)(b) ‧見備註/See Remarks 7.1 (d)(ix)(b) ‧見備註/See Remarks 7.1 (d)(x)(a) ‧見備註/See Remarks 7.1 (d)(xi)(a) ‧見備註/See Remarks 7.1 (d)(xii)(c) ‧見備註/See Remarks 7.1 (d)(xiii)(a) ‧見備註/See Remarks 7.1 (d)(xiv)(a),
2020-05-01,2020-05-08,,第28座 Tower 28,7,C,,8692300,,‧價單第2K號 (E3)付款辦法 Payment Plan (E3) of Price List No.2K ‧見備註/See Remarks 7.1 (c)(i)(e) ‧見備註/See Remarks 7.1 (c)(ii)(a) ‧見備註/See Remarks 7.1 (c)(iii)(a) ‧見備註/See Remarks 7.1 (c)(iv)(a) ‧見備註/See Remarks 7.1 (d)(ii)(g) ‧見備註/See Remarks 7.1 (d)(iii)(d) ‧見備註/See Remarks 7.1 (d)(vi)(a) ‧見備註/See Remarks 7.1 (d)(vii)(a) ‧見備註/See Remarks 7.1 (d)(ix)(b) ‧見備註/See Remarks 7.1 (d)(x)(a) ‧見備註/See Remarks 7.1 (d)(xi)(a) ‧見備註/See Remarks 7.1 (d)(xii)(c) ‧見備註/See Remarks 7.1 (d)(xiv)(a),
2020-05-01,2020-05-08,,第28座 Tower 28,12,D,,10676400,,‧價單第2K號 (E3)付款辦法 Payment Plan (E3) of Price List No.2K ‧見備註/See Remarks 7.1 (c)(i)(e) ‧見備註/See Remarks 7.1 (c)(ii)(a) ‧見備註/See Remarks 7.1 (c)(iii)(a) ‧見備註/See Remarks 7.1 (c)(iv)(a) ‧見備註/See Remarks 7.1 (d)(ii)(g) ‧見備註/See Remarks 7.1 (d)(iii)(d) ‧見備註/See Remarks 7.1 (d)(vi)(a) ‧見備註/See Remarks 7.1 (d)(vii)(a) ‧見備註/See Remarks 7.1 (d)(ix)(b) ‧見備註/See Remarks 7.1 (d)(x)(a) ‧見備註/See Remarks 7.1 (d)(xi)(a) ‧見備註/See Remarks 7.1 (d)(xii)(c) ‧見備註/See Remarks 7.1 (d)(xiii)(a) ‧見備註/See Remarks 7.1 (d)(xiv)(a),
2020-05-03,2020-05-08,,第26座 Tower 26,17,A,,11493700,,‧價單第1M號 (E3)付款辦法 Payment Plan (E3) of Price List No.1M ‧見備註/See Remarks 7.1 (c)(i)(e) ‧見備註/See Remarks 7.1 (c)(ii)(a) ‧見備註/See Remarks 7.1 (c)(iii)(a) ‧見備註/See Remarks 7.1 (c)(iv)(a) ‧見備註/See Remarks 7.1 (d)(ii)(g) ‧見備註/See Remarks 7.1 (d)(iii)(d) ‧見備註/See Remarks 7.1 (d)(vi)(a) ‧見備註/See Remarks 7.1 (d)(vii)(a) ‧見備註/See Remarks 7.1 (d)(viii)(b) ‧見備註/See Remarks 7.1 (d)(ix)(b) ‧見備註/See Remarks 7.1 (d)(x)(a) ‧見備註/See Remarks 7.1 (d)(xi)(a) ‧見備註/See Remarks 7.1 (d)(xii)(c) ‧見備註/See Remarks 7.1 (d)(xiii)(a) ‧見備註/See Remarks 7.1 (d)(xiv)(a),
2020-05-03,2020-05-08,,第26座 Tower 26,16,A,,11459200,,‧價單第1M號 (E3)付款辦法 Payment Plan (E3) of Price List No.1M ‧見備註/See Remarks 7.1 (c)(i)(e) ‧見備註/See Remarks 7.1 (c)(ii)(a) ‧見備註/See Remarks 7.1 (c)(iii)(a) ‧見備註/See Remarks 7.1 (c)(iv)(a) ‧見備註/See Remarks 7.1 (d)(ii)(g) ‧見備註/See Remarks 7.1 (d)(iii)(d) ‧見備註/See Remarks 7.1 (d)(vi)(a) ‧見備註/See Remarks 7.1 (d)(vii)(a) ‧見備註/See Remarks 7.1 (d)(viii)(b) ‧見備註/See Remarks 7.1 (d)(ix)(b) ‧見備註/See Remarks 7.1 (d)(x)(a) ‧見備註/See Remarks 7.1 (d)(xi)(a) ‧見備註/See Remarks 7.1 (d)(xii)(c) ‧見備註/See Remarks 7.1 (d)(xiii)(a) ‧見備註/See Remarks 7.1 (d)(xiv)(a),
2020-05-03,2020-05-08,,第26座 Tower 26,15,A,,11414800,,‧價單第1M號 (E3)付款辦法 Payment Plan (E3) of Price List No.1M ‧見備註/See Remarks 7.1 (c)(i)(e) ‧見備註/See Remarks 7.1 (c)(ii)(a) ‧見備註/See Remarks 7.1 (c)(iii)(a) ‧見備註/See Remarks 7.1 (c)(iv)(a) ‧見備註/See Remarks 7.1 (c)(v)(a) ‧見備註/See Remarks 7.1 (d)(ii)(g) ‧見備註/See Remarks 7.1 (d)(iii)(d) ‧見備註/See Remarks 7.1 (d)(vii)(a) ‧見備註/See Remarks 7.1 (d)(viii)(b) ‧見備註/See Remarks 7.1 (d)(ix)(b) ‧見備註/See Remarks 7.1 (d)(x)(a) ‧見備註/See Remarks 7.1 (d)(xi)(a) ‧見備註/See Remarks 7.1 (d)(xii)(c) ‧見備註/See Remarks 7.1 (d)(xiii)(a) ‧見備註/See Remarks 7.1 (d)(xiv)(a),
2020-05-03,2020-05-08,,第26座 Tower 26,12,A,,11390400,,‧價單第1M號 (E3)付款辦法 Payment Plan (E3) of Price List No.1M ‧見備註/See Remarks 7.1 (c)(i)(e) ‧見備註/See Remarks 7.1 (c)(ii)(a) ‧見備註/See Remarks 7.1 (c)(iii)(a) ‧見備註/See Remarks 7.1 (c)(iv)(a) ‧見備註/See Remarks 7.1 (d)(ii)(g) ‧見備註/See Remarks 7.1 (d)(iii)(d) ‧見備註/See Remarks 7.1 (d)(vi)(a) ‧見備註/See Remarks 7.1 (d)(vii)(a) ‧見備註/See Remarks 7.1 (d)(viii)(b) ‧見備註/See Remarks 7.1 (d)(ix)(b) ‧見備註/See Remarks 7.1 (d)(x)(a) ‧見備註/See Remarks 7.1 (d)(xi)(a) ‧見備註/See Remarks 7.1 (d)(xii)(c) ‧見備註/See Remarks 7.1 (d)(xiii)(a) ‧見備註/See Remarks 7.1 (d)(xiv)(a),
2020-05-03,2020-05-08,,第26座 Tower 26,11,A,,11356800,,‧價單第1M號 (E3)付款辦法 Payment Plan (E3) of Price List No.1M ‧見備註/See Remarks 7.1 (c)(i)(e) ‧見備註/See Remarks 7.1 (c)(ii)(a) ‧見備註/See Remarks 7.1 (c)(iii)(a) ‧見備註/See Remarks 7.1 (c)(iv)(a) ‧見備註/See Remarks 7.1 (d)(ii)(g) ‧見備註/See Remarks 7.1 (d)(iii)(d) ‧見備註/See Remarks 7.1 (d)(vi)(a) ‧見備註/See Remarks 7.1 (d)(vii)(a) ‧見備註/See Remarks 7.1 (d)(viii)(b) ‧見備註/See Remarks 7.1 (d)(ix)(b) ‧見備註/See Remarks 7.1 (d)(x)(a) ‧見備註/See Remarks 7.1 (d)(xi)(a) ‧見備註/See Remarks 7.1 (d)(xii)(c) ‧見備註/See Remarks 7.1 (d)(xiii)(a) ‧見備註/See Remarks 7.1 (d)(xiv)(a),
2020-05-05,2020-05-12,,第28座 Tower 28,6,C,,8656200,,‧價單第2K號 (E3)付款辦法 Payment Plan (E3) of Price List No.2K ‧見備註/See Remarks 7.1 (c)(i)(e) ‧見備註/See Remarks 7.1 (c)(ii)(a) ‧見備註/See Remarks 7.1 (c)(iii)(a) ‧見備註/See Remarks 7.1 (c)(iv)(a) ‧見備註/See Remarks 7.1 (c)(v)(a) ‧見備註/See Remarks 7.1 (d)(ii)(g) ‧見備註/See Remarks 7.1 (d)(iii)(d) ‧見備註/See Remarks 7.1 (d)(vii)(a) ‧見備註/See Remarks 7.1 (d)(ix)(b) ‧見備註/See Remarks 7.1 (d)(x)(a) ‧見備註/See Remarks 7.1 (d)(xi)(a) ‧見備註/See Remarks 7.1 (d)(xii)(c) ‧見備註/See Remarks 7.1 (d)(xiv)(a),
2020-05-07,2020-05-14,,第28座 Tower 28,8,D,,10580600,,‧價單第2K號 (E3)付款辦法 Payment Plan (E3) of Price List No.2K ‧見備註/See Remarks 7.1 (c)(i)(e) ‧見備註/See Remarks 7.1 (c)(ii)(a) ‧見備註/See Remarks 7.1 (c)(iii)(a) ‧見備註/See Remarks 7.1 (c)(iv)(a) ‧見備註/See Remarks 7.1 (d)(ii)(g) ‧見備註/See Remarks 7.1 (d)(iii)(d) ‧見備註/See Remarks 7.1 (d)(vi)(a) ‧見備註/See Remarks 7.1 (d)(vii)(a) ‧見備註/See Remarks 7.1 (d)(ix)(b) ‧見備註/See Remarks 7.1 (d)(x)(a) ‧見備註/See Remarks 7.1 (d)(xi)(a) ‧見備註/See Remarks 7.1 (d)(xii)(c) ‧見備註/See Remarks 7.1 (d)(xiii)(a) ‧見備註/See Remarks 7.1 (d)(xiv)(a),
2020-05-08,2020-05-15,,第26座 Tower 26,8,A,,11402100,,‧價單第1N號 (E3)付款辦法 Payment Plan (E3) of Price List No.1N ‧見備註/See Remarks 7.1 (c)(i)(e) ‧見備註/See Remarks 7.1 (c)(ii)(a) ‧見備註/See Remarks 7.1 (c)(iii)(a) ‧見備註/See Remarks 7.1 (c)(iv)(a) ‧見備註/See Remarks 7.1 (d)(ii)(g) ‧見備註/See Remarks 7.1 (d)(iii)(d) ‧見備註/See Remarks 7.1 (d)(vi)(a) ‧見備註/See Remarks 7.1 (d)(vii)(a) ‧見備註/See Remarks 7.1 (d)(viii)(b) ‧見備註/See Remarks 7.1 (d)(ix)(b) ‧見備註/See Remarks 7.1 (d)(x)(a) ‧見備註/See Remarks 7.1 (d)(xi)(a) ‧見備註/See Remarks 7.1 (d)(xii)(c) ‧見備註/See Remarks 7.1 (d)(xiii)(a) ‧見備註/See Remarks 7.1 (d)(xiv)(a),
2020-05-08,2020-05-15,,第28座 Tower 28,3,D,,10453800,,‧價單第2K號 (E3)付款辦法 Payment Plan (E3) of Price List No.2K ‧見備註/See Remarks 7.1 (c)(i)(e) ‧見備註/See Remarks 7.1 (c)(ii)(a) ‧見備註/See Remarks 7.1 (c)(iii)(a) ‧見備註/See Remarks 7.1 (c)(iv)(a) ‧見備註/See Remarks 7.1 (d)(ii)(g) ‧見備註/See Remarks 7.1 (d)(iii)(d) ‧見備註/See Remarks 7.1 (d)(vi)(a) ‧見備註/See Remarks 7.1 (d)(vii)(a) ‧見備註/See Remarks 7.1 (d)(ix)(b) ‧見備註/See Remarks 7.1 (d)(x)(a) ‧見備註/See Remarks 7.1 (d)(xi)(a) ‧見備註/See Remarks 7.1 (d)(xii)(c) ‧見備註/See Remarks 7.1 (d)(xiii)(a) ‧見備註/See Remarks 7.1 (d)(xiv)(a),
2020-05-09,2020-05-15,,第26座 Tower 26,10,A,,11435700,,‧價單第1N號 (E3)付款辦法 Payment Plan (E3) of Price List No.1N ‧見備註/See Remarks 7.1 (c)(i)(e) ‧見備註/See Remarks 7.1 (c)(ii)(a) ‧見備註/See Remarks 7.1 (c)(iii)(a) ‧見備註/See Remarks 7.1 (c)(iv)(a) ‧見備註/See Remarks 7.1 (d)(ii)(g) ‧見備註/See Remarks 7.1 (d)(iii)(d) ‧見備註/See Remarks 7.1 (d)(vi)(a) ‧見備註/See Remarks 7.1 (d)(vii)(a) ‧見備註/See Remarks 7.1 (d)(viii)(b) ‧見備註/See Remarks 7.1 (d)(ix)(b) ‧見備註/See Remarks 7.1 (d)(x)(a) ‧見備註/See Remarks 7.1 (d)(xi)(a) ‧見備註/See Remarks 7.1 (d)(xii)(c) ‧見備註/See Remarks 7.1 (d)(xiii)(a) ‧見備註/See Remarks 7.1 (d)(xiv)(a),
2020-05-09,2020-05-15,,第28座 Tower 28,5,C,,8639400,,‧價單第2K號 (E3)付款辦法 Payment Plan (E3) of Price List No.2K ‧見備註/See Remarks 7.1 (c)(i)(e) ‧見備註/See Remarks 7.1 (c)(ii)(a) ‧見備註/See Remarks 7.1 (c)(iii)(a) ‧見備註/See Remarks 7.1 (c)(iv)(a) ‧見備註/See Remarks 7.1 (d)(ii)(g) ‧見備註/See Remarks 7.1 (d)(iii)(d) ‧見備註/See Remarks 7.1 (d)(vi)(a) ‧見備註/See Remarks 7.1 (d)(vii)(a) ‧見備註/See Remarks 7.1 (d)(ix)(b) ‧見備註/See Remarks 7.1 (d)(x)(a) ‧見備註/See Remarks 7.1 (d)(xi)(a) ‧見備註/See Remarks 7.1 (d)(xii)(c) ‧見備註/See Remarks 7.1 (d)(xiv)(a),
2020-05-09,2020-05-15,,第27B座 Tower 27B,1,C,,9096300,,‧價單第1N號 (E3)付款辦法 Payment Plan (E3) of Price List No.1N ‧見備註/See Remarks 7.1 (c)(i)(e) ‧見備註/See Remarks 7.1 (c)(ii)(a) ‧見備註/See Remarks 7.1 (c)(iii)(a) ‧見備註/See Remarks 7.1 (c)(iv)(a) ‧見備註/See Remarks 7.1 (d)(ii)(g) ‧見備註/See Remarks 7.1 (d)(iii)(d) ‧見備註/See Remarks 7.1 (d)(vi)(a) ‧見備註/See Remarks 7.1 (d)(vii)(a) ‧見備註/See Remarks 7.1 (d)(ix)(b) ‧見備註/See Remarks 7.1 (d)(x)(a) ‧見備註/See Remarks 7.1 (d)(xi)(a) ‧見備註/See Remarks 7.1 (d)(xii)(c) ‧見備註/See Remarks 7.1 (d)(xiv)(a),
2020-05-10,2020-05-15,,第26座 Tower 26,9,A,,11402100,,‧價單第1N號 (E3)付款辦法 Payment Plan (E3) of Price List No.1N ‧見備註/See Remarks 7.1 (c)(i)(e) ‧見備註/See Remarks 7.1 (c)(ii)(a) ‧見備註/See Remarks 7.1 (c)(iii)(a) ‧見備註/See Remarks 7.1 (c)(iv)(a) ‧見備註/See Remarks 7.1 (d)(ii)(g) ‧見備註/See Remarks 7.1 (d)(iii)(d) ‧見備註/See Remarks 7.1 (d)(vi)(a) ‧見備註/See Remarks 7.1 (d)(vii)(a) ‧見備註/See Remarks 7.1 (d)(viii)(b) ‧見備註/See Remarks 7.1 (d)(ix)(b) ‧見備註/See Remarks 7.1 (d)(x)(a) ‧見備註/See Remarks 7.1 (d)(xi)(a) ‧見備註/See Remarks 7.1 (d)(xii)(c) ‧見備註/See Remarks 7.1 (d)(xiii)(a) ‧見備註/See Remarks 7.1 (d)(xiv)(a),
2020-05-10,2020-05-15,,第26座 Tower 26,1,A,,11862400,,‧價單第1N號 (E3)付款辦法 Payment Plan (E3) of Price List No.1N ‧見備註/See Remarks 7.1 (c)(i)(e) ‧見備註/See Remarks 7.1 (c)(ii)(a) ‧見備註/See Remarks 7.1 (c)(iii)(a) ‧見備註/See Remarks 7.1 (c)(iv)(a) ‧見備註/See Remarks 7.1 (d)(ii)(g) ‧見備註/See Remarks 7.1 (d)(iii)(d) ‧見備註/See Remarks 7.1 (d)(vi)(a) ‧見備註/See Remarks 7.1 (d)(vii)(a) ‧見備註/See Remarks 7.1 (d)(viii)(b) ‧見備註/See Remarks 7.1 (d)(ix)(b) ‧見備註/See Remarks 7.1 (d)(x)(a) ‧見備註/See Remarks 7.1 (d)(xi)(a) ‧見備註/See Remarks 7.1 (d)(xii)(c) ‧見備註/See Remarks 7.1 (d)(xiii)(a) ‧見備註/See Remarks 7.1 (d)(xiv)(a),
2020-05-10,2020-05-15,,第28座 Tower 28,2,D,,10423500,,‧價單第2K號 (E3)付款辦法 Payment Plan (E3) of Price List No.2K ‧見備註/See Remarks 7.1 (c)(i)(e) ‧見備註/See Remarks 7.1 (c)(ii)(a) ‧見備註/See Remarks 7.1 (c)(iii)(a) ‧見備註/See Remarks 7.1 (c)(iv)(a) ‧見備註/See Remarks 7.1 (d)(ii)(g) ‧見備註/See Remarks 7.1 (d)(iii)(d) ‧見備註/See Remarks 7.1 (d)(vi)(a) ‧見備註/See Remarks 7.1 (d)(vii)(a) ‧見備註/See Remarks 7.1 (d)(ix)(b) ‧見備註/See Remarks 7.1 (d)(x)(a) ‧見備註/See Remarks 7.1 (d)(xi)(a) ‧見備註/See Remarks 7.1 (d)(xii)(c) ‧見備註/See Remarks 7.1 (d)(xiii)(a) ‧見備註/See Remarks 7.1 (d)(xiv)(a),
2020-05-10,2020-05-15,,第23B座 Tower 23B,3,B,,11062800,,‧價單第3G號 (E3)付款辦法 Payment Plan (E3) of Price List No.3G ‧見備註/See Remarks 7.1 (c)(i)(e) ‧見備註/See Remarks 7.1 (c)(ii)(a) ‧見備註/See Remarks 7.1 (c)(iii)(a) ‧見備註/See Remarks 7.1 (c)(iv)(a) ‧見備註/See Remarks 7.1 (d)(ii)(g) ‧見備註/See Remarks 7.1 (d)(iii)(d) ‧見備註/See Remarks 7.1 (d)(vi)(a) ‧見備註/See Remarks 7.1 (d)(vii)(a) ‧見備註/See Remarks 7.1 (d)(viii)(b) ‧見備註/See Remarks 7.1 (d)(ix)(b) ‧見備註/See Remarks 7.1 (d)(x)(a) ‧見備註/See Remarks 7.1 (d)(xi)(a) ‧見備註/See Remarks 7.1 (d)(xii)(c) ‧見備註/See Remarks 7.1 (d)(xiii)(a) ‧見備註/See Remarks 7.1 (d)(xiv)(a),
2020-05-12,2020-05-19,,第26座 Tower 26,7,A,,11367700,,‧價單第1O號 (E3)付款辦法 Payment Plan (E3) of Price List No.1O ‧見備註/See Remarks 7.1 (c)(i)(e) ‧見備註/See Remarks 7.1 (c)(ii)(a) ‧見備註/See Remarks 7.1 (c)(iii)(a) ‧見備註/See Remarks 7.1 (c)(iv)(a) ‧見備註/See Remarks 7.1 (d)(ii)(g) ‧見備註/See Remarks 7.1 (d)(iii)(d) ‧見備註/See Remarks 7.1 (d)(vi)(a) ‧見備註/See Remarks 7.1 (d)(vii)(a) ‧見備註/See Remarks 7.1 (d)(viii)(b) ‧見備註/See Remarks 7.1 (d)(ix)(b) ‧見備註/See Remarks 7.1 (d)(x)(a) ‧見備註/See Remarks 7.1 (d)(xi)(a) ‧見備註/See Remarks 7.1 (d)(xii)(c) ‧見備註/See Remarks 7.1 (d)(xiii)(a) ‧見備註/See Remarks 7.1 (d)(xiv)(a),
2020-05-14,2020-05-21,,第26座 Tower 26,6,A,,11334100,,‧價單第1O號 (E3)付款辦法 Payment Plan (E3) of Price List No.1O ‧見備註/See Remarks 7.1 (c)(i)(e) ‧見備註/See Remarks 7.1 (c)(ii)(a) ‧見備註/See Remarks 7.1 (c)(iii)(a) ‧見備註/See Remarks 7.1 (c)(iv)(a) ‧見備註/See Remarks 7.1 (d)(ii)(g) ‧見備註/See Remarks 7.1 (d)(iii)(d) ‧見備註/See Remarks 7.1 (d)(vi)(a) ‧見備註/See Remarks 7.1 (d)(vii)(a) ‧見備註/See Remarks 7.1 (d)(viii)(b) ‧見備註/See Remarks 7.1 (d)(ix)(b) ‧見備註/See Remarks 7.1 (d)(x)(a) ‧見備註/See Remarks 7.1 (d)(xi)(a) ‧見備註/See Remarks 7.1 (d)(xii)(c) ‧見備註/See Remarks 7.1 (d)(xiii)(a) ‧見備註/See Remarks 7.1 (d)(xiv)(a),
2020-05-14,2020-05-21,,第26座 Tower 26,5,A,,11973100,,‧價單第1O號 (E3)付款辦法 Payment Plan (E3) of Price List No.1O ‧見備註/See Remarks 7.1 (c)(i)(e) ‧見備註/See Remarks 7.1 (c)(iii)(a) ‧見備註/See Remarks 7.1 (c)(iv)(a) ‧見備註/See Remarks 7.1 (d)(i)(a) ‧見備註/See Remarks 7.1 (d)(ii)(g) ‧見備註/See Remarks 7.1 (d)(iii)(d) ‧見備註/See Remarks 7.1 (d)(vi)(a) ‧見備註/See Remarks 7.1 (d)(vii)(a) ‧見備註/See Remarks 7.1 (d)(viii)(b) ‧見備註/See Remarks 7.1 (d)(ix)(b) ‧見備註/See Remarks 7.1 (d)(x)(a) ‧見備註/See Remarks 7.1 (d)(xi)(a) ‧見備註/See Remarks 7.1 (d)(xii)(c) ‧見備註/See Remarks 7.1 (d)(xiii)(a) ‧見備註/See Remarks 7.1 (d)(xiv)(a),
2020-05-14,2020-05-21,,第26座 Tower 26,3,A,,11266000,,‧價單第1O號 (E3)付款辦法 Payment Plan (E3) of Price List No.1O ‧見備註/See Remarks 7.1 (c)(i)(e) ‧見備註/See Remarks 7.1 (c)(ii)(a) ‧見備註/See Remarks 7.1 (c)(iii)(a) ‧見備註/See Remarks 7.1 (c)(iv)(a) ‧見備註/See Remarks 7.1 (d)(ii)(g) ‧見備註/See Remarks 7.1 (d)(iii)(d) ‧見備註/See Remarks 7.1 (d)(vi)(a) ‧見備註/See Remarks 7.1 (d)(vii)(a) ‧見備註/See Remarks 7.1 (d)(viii)(b) ‧見備註/See Remarks 7.1 (d)(ix)(b) ‧見備註/See Remarks 7.1 (d)(x)(a) ‧見備註/See Remarks 7.1 (d)(xi)(a) ‧見備註/See Remarks 7.1 (d)(xii)(c) ‧見備註/See Remarks 7.1 (d)(xiii)(a) ‧見備註/See Remarks 7.1 (d)(xiv)(a),
2020-05-15,2020-05-22,,第23B座 Tower 23B,3,A,,10929200,,‧價單第3I號 (E3)付款辦法 Payment Plan (E3) of Price List No.3I ‧見備註/See Remarks 7.1 (c)(i)(e) ‧見備註/See Remarks 7.1 (c)(ii)(a) ‧見備註/See Remarks 7.1 (c)(iii)(a) ‧見備註/See Remarks 7.1 (c)(iv)(a) ‧見備註/See Remarks 7.1 (d)(ii)(g) ‧見備註/See Remarks 7.1 (d)(iii)(d) ‧見備註/See Remarks 7.1 (d)(vi)(a) ‧見備註/See Remarks 7.1 (d)(vii)(a) ‧見備註/See Remarks 7.1 (d)(viii)(b) ‧見備註/See Remarks 7.1 (d)(ix)(b) ‧見備註/See Remarks 7.1 (d)(x)(a) ‧見備註/See Remarks 7.1 (d)(xi)(a) ‧見備註/See Remarks 7.1 (d)(xii)(c) ‧見備註/See Remarks 7.1 (d)(xiii)(a) ‧見備註/See Remarks 7.1 (d)(xiv)(a),
2020-05-15,2020-05-22,,第23B座 Tower 23B,2,A,,10914100,,‧價單第3I號 (E3)付款辦法 Payment Plan (E3) of Price List No.3I ‧見備註/See Remarks 7.1 (c)(i)(e) ‧見備註/See Remarks 7.1 (c)(ii)(a) ‧見備註/See Remarks 7.1 (c)(iii)(a) ‧見備註/See Remarks 7.1 (c)(iv)(a) ‧見備註/See Remarks 7.1 (d)(ii)(g) ‧見備註/See Remarks 7.1 (d)(iii)(d) ‧見備註/See Remarks 7.1 (d)(vi)(a) ‧見備註/See Remarks 7.1 (d)(vii)(a) ‧見備註/See Remarks 7.1 (d)(viii)(b) ‧見備註/See Remarks 7.1 (d)(ix)(b) ‧見備註/See Remarks 7.1 (d)(x)(a) ‧見備註/See Remarks 7.1 (d)(xi)(a) ‧見備註/See Remarks 7.1 (d)(xii)(c) ‧見備註/See Remarks 7.1 (d)(xiii)(a) ‧見備註/See Remarks 7.1 (d)(xiv)(a),
2020-05-15,2020-05-22,,第27A座 Tower 27A,12,D,,9085400,,‧價單第1P號 (E3)付款辦法 Payment Plan (E3) of Price List No.1P ‧見備註/See Remarks 7.1 (c)(i)(e) ‧見備註/See Remarks 7.1 (c)(ii)(a) ‧見備註/See Remarks 7.1 (c)(iii)(a) ‧見備註/See Remarks 7.1 (c)(iv)(a) ‧見備註/See Remarks 7.1 (d)(ii)(g) ‧見備註/See Remarks 7.1 (d)(iii)(d) ‧見備註/See Remarks 7.1 (d)(vi)(a) ‧見備註/See Remarks 7.1 (d)(vii)(a) ‧見備註/See Remarks 7.1 (d)(ix)(b) ‧見備註/See Remarks 7.1 (d)(x)(a) ‧見備註/See Remarks 7.1 (d)(xi)(a) ‧見備註/See Remarks 7.1 (d)(xii)(c) ‧見備註/See Remarks 7.1 (d)(xiii)(a) ‧見備註/See Remarks 7.1 (d)(xiv)(a),
2020-05-16,2020-05-22,,第26座 Tower 26,2,A,,11232400,,‧價單第1P號 (E3)付款辦法 Payment Plan (E3) of Price List No.1P ‧見備註/See Remarks 7.1 (c)(i)(e) ‧見備註/See Remarks 7.1 (c)(ii)(a) ‧見備註/See Remarks 7.1 (c)(iii)(a) ‧見備註/See Remarks 7.1 (c)(iv)(a) ‧見備註/See Remarks 7.1 (d)(ii)(g) ‧見備註/See Remarks 7.1 (d)(iii)(d) ‧見備註/See Remarks 7.1 (d)(vi)(a) ‧見備註/See Remarks 7.1 (d)(vii)(a) ‧見備註/See Remarks 7.1 (d)(viii)(b) ‧見備註/See Remarks 7.1 (d)(ix)(b) ‧見備註/See Remarks 7.1 (d)(x)(a) ‧見備註/See Remarks 7.1 (d)(xi)(a) ‧見備註/See Remarks 7.1 (d)(xii)(c) ‧見備註/See Remarks 7.1 (d)(xiii)(a) ‧見備註/See Remarks 7.1 (d)(xiv)(a),
2020-05-17,2020-05-22,,第28座 Tower 28,12,A,,18254000,,‧價單第3I號 (E3)付款辦法 Payment Plan (E3) of Price List No.3I ‧見備註/See Remarks 7.1 (c)(i)(e) ‧見備註/See Remarks 7.1 (c)(ii)(a) ‧見備註/See Remarks 7.1 (c)(iii)(a) ‧見備註/See Remarks 7.1 (c)(iv)(a) ‧見備註/See Remarks 7.1 (d)(ii)(g) ‧見備註/See Remarks 7.1 (d)(iii)(d) ‧見備註/See Remarks 7.1 (d)(vii)(a) ‧見備註/See Remarks 7.1 (d)(viii)(b) ‧見備註/See Remarks 7.1 (d)(ix)(b) ‧見備註/See Remarks 7.1 (d)(x)(a) ‧見備註/See Remarks 7.1 (d)(xi)(a) ‧見備註/See Remarks 7.1 (d)(xii)(c) ‧見備註/See Remarks 7.1 (d)(xiii)(a) ‧見備註/See Remarks 7.1 (d)(xiv)(a),
2020-05-17,2020-05-22,,第28座 Tower 28,3,C,,8614200,,‧價單第2L號 (E3)付款辦法 Payment Plan (E3) of Price List No.2L ‧見備註/See Remarks 7.1 (c)(i)(e) ‧見備註/See Remarks 7.1 (c)(ii)(a) ‧見備註/See Remarks 7.1 (c)(iii)(a) ‧見備註/See Remarks 7.1 (c)(iv)(a) ‧見備註/See Remarks 7.1 (d)(ii)(g) ‧見備註/See Remarks 7.1 (d)(iii)(d) ‧見備註/See Remarks 7.1 (d)(vi)(a) ‧見備註/See Remarks 7.1 (d)(vii)(a) ‧見備註/See Remarks 7.1 (d)(ix)(b) ‧見備註/See Remarks 7.1 (d)(x)(a) ‧見備註/See Remarks 7.1 (d)(xi)(a) ‧見備註/See Remarks 7.1 (d)(xii)(c) ‧見備註/See Remarks 7.1 (d)(xiv)(a),
2020-05-17,2020-05-22,,第28座 Tower 28,1,D,,10933400,,‧價單第2L號 (E3)付款辦法 Payment Plan (E3) of Price List No.2L ‧見備註/See Remarks 7.1 (c)(i)(e) ‧見備註/See Remarks 7.1 (c)(ii)(a) ‧見備註/See Remarks 7.1 (c)(iii)(a) ‧見備註/See Remarks 7.1 (c)(iv)(a) ‧見備註/See Remarks 7.1 (d)(ii)(g) ‧見備註/See Remarks 7.1 (d)(iii)(d) ‧見備註/See Remarks 7.1 (d)(vi)(a) ‧見備註/See Remarks 7.1 (d)(vii)(a) ‧見備註/See Remarks 7.1 (d)(ix)(b) ‧見備註/See Remarks 7.1 (d)(x)(a) ‧見備註/See Remarks 7.1 (d)(xi)(a) ‧見備註/See Remarks 7.1 (d)(xii)(c) ‧見備註/See Remarks 7.1 (d)(xiii)(a) ‧見備註/See Remarks 7.1 (d)(xiv)(a),
2020-05-17,2020-05-22,,第23B座 Tower 23B,2,B,,11047600,,‧價單第3I號 (E3)付款辦法 Payment Plan (E3) of Price List No.3I ‧見備註/See Remarks 7.1 (c)(i)(e) ‧見備註/See Remarks 7.1 (c)(ii)(a) ‧見備註/See Remarks 7.1 (c)(iii)(a) ‧見備註/See Remarks 7.1 (c)(iv)(a) ‧見備註/See Remarks 7.1 (d)(ii)(g) ‧見備註/See Remarks 7.1 (d)(iii)(d) ‧見備註/See Remarks 7.1 (d)(vi)(a) ‧見備註/See Remarks 7.1 (d)(vii)(a) ‧見備註/See Remarks 7.1 (d)(viii)(b) ‧見備註/See Remarks 7.1 (d)(ix)(b) ‧見備註/See Remarks 7.1 (d)(x)(a) ‧見備註/See Remarks 7.1 (d)(xi)(a) ‧見備註/See Remarks 7.1 (d)(xii)(c) ‧見備註/See Remarks 7.1 (d)(xiii)(a) ‧見備註/See Remarks 7.1 (d)(xiv)(a),
2020-05-17,2020-05-22,,第27A座 Tower 27A,1,C,,9010600,,‧價單第1P號 (E3)付款辦法 Payment Plan (E3) of Price List No.1P ‧見備註/See Remarks 7.1 (c)(i)(e) ‧見備註/See Remarks 7.1 (c)(ii)(a) ‧見備註/See Remarks 7.1 (c)(iii)(a) ‧見備註/See Remarks 7.1 (c)(iv)(a) ‧見備註/See Remarks 7.1 (d)(ii)(g) ‧見備註/See Remarks 7.1 (d)(iii)(d) ‧見備註/See Remarks 7.1 (d)(vi)(a) ‧見備註/See Remarks 7.1 (d)(vii)(a) ‧見備註/See Remarks 7.1 (d)(ix)(b) ‧見備註/See Remarks 7.1 (d)(x)(a) ‧見備註/See Remarks 7.1 (d)(xi)(a) ‧見備註/See Remarks 7.1 (d)(xii)(c) ‧見備註/See Remarks 7.1 (d)(xiv)(a),
2020-05-18,2020-05-25,,第28座 Tower 28,7,B,,16004500,,‧價單第3I號 (E3)付款辦法 Payment Plan (E3) of Price List No.3I ‧見備註/See Remarks 7.1 (c)(i)(e) ‧見備註/See Remarks 7.1 (c)(ii)(a) ‧見備註/See Remarks 7.1 (c)(iii)(a) ‧見備註/See Remarks 7.1 (c)(iv)(a) ‧見備註/See Remarks 7.1 (d)(ii)(g) ‧見備註/See Remarks 7.1 (d)(iii)(d) ‧見備註/See Remarks 7.1 (d)(vi)(a) ‧見備註/See Remarks 7.1 (d)(vii)(a) ‧見備註/See Remarks 7.1 (d)(viii)(b) ‧見備註/See Remarks 7.1 (d)(ix)(b) ‧見備註/See Remarks 7.1 (d)(x)(a) ‧見備註/See Remarks 7.1 (d)(xi)(a) ‧見備註/See Remarks 7.1 (d)(xii)(c) ‧見備註/See Remarks 7.1 (d)(xiii)(a) ‧見備註/See Remarks 7.1 (d)(xiv)(a),
2020-05-18,2020-05-25,,第28座 Tower 28,9,D,,10687300,,‧價單第2L號 (E3)付款辦法 Payment Plan (E3) of Price List No.2L ‧見備註/See Remarks 7.1 (c)(i)(e) ‧見備註/See Remarks 7.1 (c)(ii)(a) ‧見備註/See Remarks 7.1 (c)(iii)(a) ‧見備註/See Remarks 7.1 (c)(iv)(a) ‧見備註/See Remarks 7.1 (d)(ii)(g) ‧見備註/See Remarks 7.1 (d)(iii)(d) ‧見備註/See Remarks 7.1 (d)(vi)(a) ‧見備註/See Remarks 7.1 (d)(vii)(a) ‧見備註/See Remarks 7.1 (d)(ix)(b) ‧見備註/See Remarks 7.1 (d)(x)(a) ‧見備註/See Remarks 7.1 (d)(xi)(a) ‧見備註/See Remarks 7.1 (d)(xii)(c) ‧見備註/See Remarks 7.1 (d)(xiii)(a) ‧見備註/See Remarks 7.1 (d)(xiv)(a),
2020-05-20,2020-05-27,,第28座 Tower 28,6,D,,10624300,,‧價單第2L號 (E3)付款辦法 Payment Plan (E3) of Price List No.2L ‧見備註/See Remarks 7.1 (c)(i)(e) ‧見備註/See Remarks 7.1 (c)(ii)(a) ‧見備註/See Remarks 7.1 (c)(iii)(a) ‧見備註/See Remarks 7.1 (c)(iv)(a) ‧見備註/See Remarks 7.1 (d)(ii)(g) ‧見備註/See Remarks 7.1 (d)(iii)(d) ‧見備註/See Remarks 7.1 (d)(vi)(a) ‧見備註/See Remarks 7.1 (d)(vii)(a) ‧見備註/See Remarks 7.1 (d)(ix)(b) ‧見備註/See Remarks 7.1 (d)(x)(a) ‧見備註/See Remarks 7.1 (d)(xi)(a) ‧見備註/See Remarks 7.1 (d)(xii)(c) ‧見備註/See Remarks 7.1 (d)(xiii)(a) ‧見備註/See Remarks 7.1 (d)(xiv)(a),
2020-05-23,2020-05-29,,第26座 Tower 26,7,E,,5074400,,‧價單第1P號 (E3)付款辦法 Payment Plan (E3) of Price List No.1P ‧見備註/See Remarks 7.1 (c)(i)(e) ‧見備註/See Remarks 7.1 (c)(ii)(a) ‧見備註/See Remarks 7.1 (c)(iii)(a) ‧見備註/See Remarks 7.1 (c)(iv)(a) ‧見備註/See Remarks 7.1 (d)(ii)(g) ‧見備註/See Remarks 7.1 (d)(iii)(d) ‧見備註/See Remarks 7.1 (d)(vii)(a) ‧見備註/See Remarks 7.1 (d)(ix)(b) ‧見備註/See Remarks 7.1 (d)(x)(a) ‧見備註/See Remarks 7.1 (d)(xi)(a) ‧見備註/See Remarks 7.1 (d)(xii)(c) ‧見備註/See Remarks 7.1 (d)(xiv)(a),
2020-05-26,2020-06-02,,第28座 Tower 28,7,D,,10646200,,‧價單第2L號 (E3)付款辦法 Payment Plan (E3) of Price List No.2L ‧見備註/See Remarks 7.1 (c)(i)(e) ‧見備註/See Remarks 7.1 (c)(ii)(a) ‧見備註/See Remarks 7.1 (c)(iii)(a) ‧見備註/See Remarks 7.1 (c)(iv)(a) ‧見備註/See Remarks 7.1 (c)(v)(a) ‧見備註/See Remarks 7.1 (d)(ii)(g) ‧見備註/See Remarks 7.1 (d)(iii)(d) ‧見備註/See Remarks 7.1 (d)(vii)(a) ‧見備註/See Remarks 7.1 (d)(ix)(b) ‧見備註/See Remarks 7.1 (d)(x)(a) ‧見備註/See Remarks 7.1 (d)(xi)(a) ‧見備註/See Remarks 7.1 (d)(xii)(c) ‧見備註/See Remarks 7.1 (d)(xiii)(a) ‧見備註/See Remarks 7.1 (d)(xiv)(a),
2020-05-31,2020-06-05,,第26座 Tower 26,6,E,,5068500,,‧價單第1P號 (E3)付款辦法 Payment Plan (E3) of Price List No.1P ‧見備註/See Remarks 7.1 (c)(i)(e) ‧見備註/See Remarks 7.1 (c)(ii)(a) ‧見備註/See Remarks 7.1 (c)(iii)(a) ‧見備註/See Remarks 7.1 (c)(iv)(a) ‧見備註/See Remarks 7.1 (d)(ii)(g) ‧見備註/See Remarks 7.1 (d)(iii)(d) ‧見備註/See Remarks 7.1 (d)(vii)(a) ‧見備註/See Remarks 7.1 (d)(ix)(b) ‧見備註/See Remarks 7.1 (d)(x)(a) ‧見備註/See Remarks 7.1 (d)(xi)(a) ‧見備註/See Remarks 7.1 (d)(xii)(c) ‧見備註/See Remarks 7.1 (d)(xiv)(a),
2020-05-31,2020-06-05,,第28座 Tower 28,5,D,,10590700,,‧價單第2L號 (E3)付款辦法 Payment Plan (E3) of Price List No.2L ‧見備註/See Remarks 7.1 (c)(i)(e) ‧見備註/See Remarks 7.1 (c)(ii)(a) ‧見備註/See Remarks 7.1 (c)(iii)(a) ‧見備註/See Remarks 7.1 (c)(iv)(a) ‧見備註/See Remarks 7.1 (d)(ii)(g) ‧見備註/See Remarks 7.1 (d)(iii)(d) ‧見備註/See Remarks 7.1 (d)(vi)(a) ‧見備註/See Remarks 7.1 (d)(vii)(a) ‧見備註/See Remarks 7.1 (d)(ix)(b) ‧見備註/See Remarks 7.1 (d)(x)(a) ‧見備註/See Remarks 7.1 (d)(xi)(a) ‧見備註/See Remarks 7.1 (d)(xii)(c) ‧見備註/See Remarks 7.1 (d)(xiii)(a) ‧見備註/See Remarks 7.1 (d)(xiv)(a),
2020-06-13,2020-06-19,,第27B座 Tower 27B,15,B,,21000000,,招標文件支付辦法(TE1) Payment Plan (TE1) of Tender Document ‧見備註/See Remarks 7.1 (d)(ii)(g) ‧見備註/See Remarks 7.1 (d)(iii)(d) ‧見備註/See Remarks 7.1 (d)(vii)(a) ‧見備註/See Remarks 7.1 (d)(viii)(b) ‧見備註/See Remarks 7.1 (e)(iii) ‧見備註/See Remarks 7.1 (d)(ix)(b) ‧見備註/See Remarks 7.1 (d)(x)(b) ‧見備註/See Remarks 7.1 (d)(xi)(a) ‧見備註/See Remarks 7.1 (d)(xii)(a) ‧見備註/See Remarks 7.1 (d)(xiii)(a) ‧見備註/See Remarks 7.1 (d)(xiv)(a),
2020-06-23,2020-07-02,,第26座 Tower 26,5,E,,5062600,,‧價單第1Q號 (F1)付款辦法 Payment Plan (F1) of Price List No.1Q ‧見備註/See Remarks 7.1 (c)(i)(e) ‧見備註/See Remarks 7.1 (c)(ii)(a) ‧見備註/See Remarks 7.1 (c)(iii)(a) ‧見備註/See Remarks 7.1 (c)(iv)(a) ‧見備註/See Remarks 7.1(d)(ii)(i) ‧見備註/See Remarks 7.1 (d)(iii)(e) ‧見備註/See Remarks 7.1 (d)(vii)(a) ‧見備註/See Remarks 7.1 (d)(ix)(b) ‧見備註/See Remarks 7.1 (d)(x)(a) ‧見備註/See Remarks 7.1 (d)(xi)(b) ‧見備註/See Remarks 7.1 (d)(xii)(d),
2020-06-25,2020-07-03,,第28座 Tower 28,2,C,,8588100,,‧價單第2M號 (F1)付款辦法 Payment Plan (F1) of Price List No.2M ‧見備註/See Remarks 7.1 (c)(i)(e) ‧見備註/See Remarks 7.1 (c)(ii)(a) ‧見備註/See Remarks 7.1 (c)(iii)(a) ‧見備註/See Remarks 7.1 (c)(iv)(a) ‧見備註/See Remarks 7.1(d)(ii)(i) ‧見備註/See Remarks 7.1 (d)(iii)(e) ‧見備註/See Remarks 7.1 (d)(vi)(a) ‧見備註/See Remarks 7.1 (d)(vii)(a) ‧見備註/See Remarks 7.1 (d)(ix)(b) ‧見備註/See Remarks 7.1 (d)(x)(a) ‧見備註/See Remarks 7.1 (d)(xi)(b) ‧見備註/See Remarks 7.1 (d)(xii)(d),
2020-07-13,2020-07-20,,第26座 Tower 26,3,E,,5057600,,‧價單第1Q號 (F1)付款辦法 Payment Plan (F1) of Price List No.1Q ‧見備註/See Remarks 7.1 (c)(i)(e) ‧見備註/See Remarks 7.1 (c)(ii)(a) ‧見備註/See Remarks 7.1 (c)(iii)(a) ‧見備註/See Remarks 7.1 (c)(iv)(a) ‧見備註/See Remarks 7.1(d)(ii)(i) ‧見備註/See Remarks 7.1 (d)(iii)(e) ‧見備註/See Remarks 7.1 (d)(vii)(a) ‧見備註/See Remarks 7.1 (d)(ix)(b) ‧見備註/See Remarks 7.1 (d)(x)(a) ‧見備註/See Remarks 7.1 (d)(xi)(b) ‧見備註/See Remarks 7.1 (d)(xii)(d),
2020-08-24,2020-08-31,,第27A座 Tower 27A,15,A,,21682000,,招標文件支付辦法(TF1) Payment Plan (TF1) of Tender Document ‧見備註/See Remarks 7.1(d)(ii)(i) ‧見備註/See Remarks 7.1 (d)(iii)(e) ‧見備註/See Remarks 7.1 (d)(vii)(a) ‧見備註/See Remarks 7.1 (d)(viii)(b) ‧見備註/See Remarks 7.1 (e)(iv) ‧見備註/See Remarks 7.1 (d)(ix)(b) ‧見備註/See Remarks 7.1 (d)(x)(b) ‧見備註/See Remarks 7.1 (d)(xi)(b) ‧見備註/See Remarks 7.1 (d)(xii)(d) ‧見備註/See Remarks 7.1 (d)(xiii)(b) ‧見備註/See Remarks 7.1 (d)(xv)(a),
2021-03-19,2021-03-26,,第26座 Tower 26,8,C,,9145000,,‧價單第1R號 (F1)付款辦法 Payment Plan (F1) of Price List No.1R ‧見備註/See Remarks 7.1 (c)(i)(e) ‧見備註/See Remarks 7.1 (c)(ii)(a) ‧見備註/See Remarks 7.1 (c)(iii)(a) ‧見備註/See Remarks 7.1 (c)(iv)(a) ‧見備註/See Remarks 7.1(d)(ii)(i) ‧見備註/See Remarks 7.1 (d)(iii)(e) ‧見備註/See Remarks 7.1 (d)(vi)(a) ‧見備註/See Remarks 7.1 (d)(vii)(a) ‧見備註/See Remarks 7.1 (d)(ix)(b) ‧見備註/See Remarks 7.1 (d)(x)(a) ‧見備註/See Remarks 7.1 (d)(xi)(b) ‧見備註/See Remarks 7.1 (d)(xii)(d) ‧見備註/See Remarks 7.1 (d)(xiii)(b) ‧見備註/See Remarks 7.1 (d)(xv)(a),
2021-04-04,2021-04-13,,第25B座 Tower 25B,15,D,,11270900,,‧價單第5號 (G1)付款辦法 Payment Plan (G1) of Price List No.5 ‧見備註/See Remarks 7.1 (c)(i)(e) ‧見備註/See Remarks 7.1 (c)(iii)(a) ‧見備註/See Remarks 7.1 (c)(iv)(a) ‧見備註/See Remarks 7.1 (d)(i)(a) ‧見備註/See Remarks 7.1(d)(ii)(i) ‧見備註/See Remarks 7.1 (d)(iii)(f) ‧見備註/See Remarks 7.1 (d)(vi)(a) ‧見備註/See Remarks 7.1 (d)(vii)(a) ‧見備註/See Remarks 7.1 (d)(ix)(b) ‧見備註/See Remarks 7.1 (d)(x)(a) ‧見備註/See Remarks 7.1 (d)(xi)(b) ‧見備註/See Remarks 7.1 (d)(xii)(d) ‧見備註/See Remarks 7.1 (d)(xiii)(c),
2021-04-04,2021-04-13,,第27A座 Tower 27A,7,E,,5166000,,‧價單第5號 (G1)付款辦法 Payment Plan (G1) of Price List No.5 ‧見備註/See Remarks 7.1 (c)(i)(e) ‧見備註/See Remarks 7.1 (c)(ii)(a) ‧見備註/See Remarks 7.1 (c)(iii)(a) ‧見備註/See Remarks 7.1 (c)(iv)(a) ‧見備註/See Remarks 7.1(d)(ii)(i) ‧見備註/See Remarks 7.1 (d)(iii)(f) ‧見備註/See Remarks 7.1 (d)(vii)(a) ‧見備註/See Remarks 7.1 (d)(ix)(b) ‧見備註/See Remarks 7.1 (d)(x)(a) ‧見備註/See Remarks 7.1 (d)(xi)(b) ‧見備註/See Remarks 7.1 (d)(xii)(d),
2021-04-04,2021-04-13,,第27A座 Tower 27A,5,E,,5113000,,‧價單第5號 (G1)付款辦法 Payment Plan (G1) of Price List No.5 ‧見備註/See Remarks 7.1 (c)(i)(e) ‧見備註/See Remarks 7.1 (c)(ii)(a) ‧見備註/See Remarks 7.1 (c)(iii)(a) ‧見備註/See Remarks 7.1 (c)(iv)(a) ‧見備註/See Remarks 7.1(d)(ii)(i) ‧見備註/See Remarks 7.1 (d)(iii)(f) ‧見備註/See Remarks 7.1 (d)(vii)(a) ‧見備註/See Remarks 7.1 (d)(ix)(b) ‧見備註/See Remarks 7.1 (d)(x)(a) ‧見備註/See Remarks 7.1 (d)(xi)(b) ‧見備註/See Remarks 7.1 (d)(xii)(d),
2021-04-04,2021-04-13,,第27A座 Tower 27A,2,E,,5061000,,‧價單第5號 (G1)付款辦法 Payment Plan (G1) of Price List No.5 ‧見備註/See Remarks 7.1 (c)(i)(e) ‧見備註/See Remarks 7.1 (c)(ii)(a) ‧見備註/See Remarks 7.1 (c)(iii)(a) ‧見備註/See Remarks 7.1 (c)(iv)(a) ‧見備註/See Remarks 7.1(d)(ii)(i) ‧見備註/See Remarks 7.1 (d)(iii)(f) ‧見備註/See Remarks 7.1 (d)(vii)(a) ‧見備註/See Remarks 7.1 (d)(ix)(b) ‧見備註/See Remarks 7.1 (d)(x)(a) ‧見備註/See Remarks 7.1 (d)(xi)(b) ‧見備註/See Remarks 7.1 (d)(xii)(d),
2021-05-02,2021-05-07,,第25B座 Tower 25B,15,C,,9123200,,‧價單第5A號 (G1)付款辦法 Payment Plan (G1) of Price List No.5A ‧見備註/See Remarks 7.1 (c)(i)(e) ‧見備註/See Remarks 7.1 (c)(ii)(a) ‧見備註/See Remarks 7.1 (c)(iii)(a) ‧見備註/See Remarks 7.1 (c)(iv)(a) ‧見備註/See Remarks 7.1(d)(ii)(i) ‧見備註/See Remarks 7.1 (d)(iii)(f) ‧見備註/See Remarks 7.1 (d)(vi)(a) ‧見備註/See Remarks 7.1 (d)(vii)(a) ‧見備註/See Remarks 7.1 (d)(ix)(b) ‧見備註/See Remarks 7.1 (d)(x)(a) ‧見備註/See Remarks 7.1 (d)(xi)(b) ‧見備註/See Remarks 7.1 (d)(xii)(d),
2021-05-06,2021-05-13,,第27A座 Tower 27A,9,E,,5259200,,‧價單第5A號 (G1)付款辦法 Payment Plan (G1) of Price List No.5A ‧見備註/See Remarks 7.1 (c)(i)(e) ‧見備註/See Remarks 7.1 (c)(ii)(a) ‧見備註/See Remarks 7.1 (c)(iii)(a) ‧見備註/See Remarks 7.1 (c)(iv)(a) ‧見備註/See Remarks 7.1(d)(ii)(i) ‧見備註/See Remarks 7.1 (d)(iii)(f) ‧見備註/See Remarks 7.1 (d)(vii)(a) ‧見備註/See Remarks 7.1 (d)(ix)(b) ‧見備註/See Remarks 7.1 (d)(x)(a) ‧見備註/See Remarks 7.1 (d)(xi)(b) ‧見備註/See Remarks 7.1 (d)(xii)(d),
2021-05-09,2021-05-14,,第20座 Tower 20,7,C,,12689000,,‧價單第5A號 (G1)付款辦法 Payment Plan (G1) of Price List No.5A ‧見備註/See Remarks 7.1 (c)(i)(e) ‧見備註/See Remarks 7.1 (c)(ii)(a) ‧見備註/See Remarks 7.1 (c)(iii)(a) ‧見備註/See Remarks 7.1 (c)(iv)(a) ‧見備註/See Remarks 7.1(d)(ii)(i) ‧見備註/See Remarks 7.1 (d)(iii)(f) ‧見備註/See Remarks 7.1 (d)(vi)(a) ‧見備註/See Remarks 7.1 (d)(vii)(a) ‧見備註/See Remarks 7.1 (d)(viii)(b) ‧見備註/See Remarks 7.1 (d)(ix)(b) ‧見備註/See Remarks 7.1 (d)(x)(a) ‧見備註/See Remarks 7.1 (d)(xi)(b) ‧見備註/See Remarks 7.1 (d)(xii)(d) ‧見備註/See Remarks 7.1 (d)(xiii)(c),
2021-05-16,2021-05-24,,第27A座 Tower 27A,11,E,,5313800,,‧價單第5A號 (G1)付款辦法 Payment Plan (G1) of Price List No.5A ‧見備註/See Remarks 7.1 (c)(i)(e) ‧見備註/See Remarks 7.1 (c)(ii)(a) ‧見備註/See Remarks 7.1 (c)(iii)(a) ‧見備註/See Remarks 7.1 (c)(iv)(a) ‧見備註/See Remarks 7.1(d)(ii)(i) ‧見備註/See Remarks 7.1 (d)(iii)(f) ‧見備註/See Remarks 7.1 (d)(vii)(a) ‧見備註/See Remarks 7.1 (d)(ix)(b) ‧見備註/See Remarks 7.1 (d)(x)(a) ‧見備註/See Remarks 7.1 (d)(xi)(b) ‧見備註/See Remarks 7.1 (d)(xii)(d),
2021-05-16,2021-05-24,,第27A座 Tower 27A,3,E,,5168500,,‧價單第5A號 (G1)付款辦法 Payment Plan (G1) of Price List No.5A ‧見備註/See Remarks 7.1 (c)(i)(e) ‧見備註/See Remarks 7.1 (c)(ii)(a) ‧見備註/See Remarks 7.1 (c)(iii)(a) ‧見備註/See Remarks 7.1 (c)(iv)(a) ‧見備註/See Remarks 7.1(d)(ii)(i) ‧見備註/See Remarks 7.1 (d)(iii)(f) ‧見備註/See Remarks 7.1 (d)(vii)(a) ‧見備註/See Remarks 7.1 (d)(ix)(b) ‧見備註/See Remarks 7.1 (d)(x)(a) ‧見備註/See Remarks 7.1 (d)(xi)(b) ‧見備註/See Remarks 7.1 (d)(xii)(d),
2021-05-20,2021-05-27,,第25A座 Tower 25A,12,C,,11752400,,‧價單第5A號 (G1)付款辦法 Payment Plan (G1) of Price List No.5A ‧見備註/See Remarks 7.1 (c)(i)(e) ‧見備註/See Remarks 7.1 (c)(ii)(a) ‧見備註/See Remarks 7.1 (c)(iii)(a) ‧見備註/See Remarks 7.1 (c)(iv)(a) ‧見備註/See Remarks 7.1(d)(ii)(i) ‧見備註/See Remarks 7.1 (d)(iii)(f) ‧見備註/See Remarks 7.1 (d)(vi)(a) ‧見備註/See Remarks 7.1 (d)(vii)(a) ‧見備註/See Remarks 7.1 (d)(ix)(b) ‧見備註/See Remarks 7.1 (d)(x)(a) ‧見備註/See Remarks 7.1 (d)(xi)(b) ‧見備註/See Remarks 7.1 (d)(xii)(d) ‧見備註/See Remarks 7.1 (d)(xiii)(c),
2021-05-22,2021-05-28,,第27A座 Tower 27A,1,E,,5376800,,‧價單第5B號 (G1)付款辦法 Payment Plan (G1) of Price List No.5B ‧見備註/See Remarks 7.1 (c)(i)(e) ‧見備註/See Remarks 7.1 (c)(ii)(a) ‧見備註/See Remarks 7.1 (c)(iii)(a) ‧見備註/See Remarks 7.1 (c)(iv)(a) ‧見備註/See Remarks 7.1(d)(ii)(i) ‧見備註/See Remarks 7.1 (d)(iii)(f) ‧見備註/See Remarks 7.1 (d)(vii)(a) ‧見備註/See Remarks 7.1 (d)(ix)(b) ‧見備註/See Remarks 7.1 (d)(x)(a) ‧見備註/See Remarks 7.1 (d)(xi)(b) ‧見備註/See Remarks 7.1 (d)(xii)(d),
2021-05-24,2021-05-31,,第20座 Tower 20,16,B,,21596700,,招標文件支付辦法(TF1) Payment Plan (TF1) of Tender Document ‧見備註/See Remarks 7.1(d)(ii)(i) ‧見備註/See Remarks 7.1 (d)(iii)(e) ‧見備註/See Remarks 7.1 (d)(vii)(a) ‧見備註/See Remarks 7.1 (d)(viii)(b) ‧見備註/See Remarks 7.1 (e)(iv) ‧見備註/See Remarks 7.1 (d)(ix)(b) ‧見備註/See Remarks 7.1 (d)(x)(b) ‧見備註/See Remarks 7.1 (d)(xi)(b) ‧見備註/See Remarks 7.1 (d)(xii)(d) ‧見備註/See Remarks 7.1 (d)(xiii)(b) ‧見備註/See Remarks 7.1 (d)(xv)(a),
2021-05-30,2021-06-04,,第20座 Tower 20,8,C,,12820000,,‧價單第5B號 (G1)付款辦法 Payment Plan (G1) of Price List No.5B ‧見備註/See Remarks 7.1 (c)(i)(e) ‧見備註/See Remarks 7.1 (c)(ii)(a) ‧見備註/See Remarks 7.1 (c)(iii)(a) ‧見備註/See Remarks 7.1 (c)(iv)(a) ‧見備註/See Remarks 7.1(d)(ii)(i) ‧見備註/See Remarks 7.1 (d)(iii)(f) ‧見備註/See Remarks 7.1 (d)(vi)(a) ‧見備註/See Remarks 7.1 (d)(vii)(a) ‧見備註/See Remarks 7.1 (d)(viii)(b) ‧見備註/See Remarks 7.1 (d)(ix)(b) ‧見備註/See Remarks 7.1 (d)(x)(a) ‧見備註/See Remarks 7.1 (d)(xi)(b) ‧見備註/See Remarks 7.1 (d)(xii)(d) ‧見備註/See Remarks 7.1 (d)(xiii)(c),
2021-06-05,2021-06-11,,第20座 Tower 20,7,D,,13230800,,‧價單第5B號 (G1)付款辦法 Payment Plan (G1) of Price List No.5B ‧見備註/See Remarks 7.1 (c)(i)(e) ‧見備註/See Remarks 7.1 (c)(ii)(a) ‧見備註/See Remarks 7.1 (c)(iii)(a) ‧見備註/See Remarks 7.1 (c)(iv)(a) ‧見備註/See Remarks 7.1(d)(ii)(i) ‧見備註/See Remarks 7.1 (d)(iii)(f) ‧見備註/See Remarks 7.1 (d)(vi)(a) ‧見備註/See Remarks 7.1 (d)(vii)(a) ‧見備註/See Remarks 7.1 (d)(viii)(b) ‧見備註/See Remarks 7.1 (d)(ix)(b) ‧見備註/See Remarks 7.1 (d)(x)(a) ‧見備註/See Remarks 7.1 (d)(xi)(b) ‧見備註/See Remarks 7.1 (d)(xii)(d) ‧見備註/See Remarks 7.1 (d)(xiii)(c),
2021-06-07,2021-06-15,,第27A座 Tower 27A,8,E,,5338200,,‧價單第5B號 (G1)付款辦法 Payment Plan (G1) of Price List No.5B ‧見備註/See Remarks 7.1 (c)(i)(e) ‧見備註/See Remarks 7.1 (c)(ii)(a) ‧見備註/See Remarks 7.1 (c)(iii)(a) ‧見備註/See Remarks 7.1 (c)(iv)(a) ‧見備註/See Remarks 7.1(d)(ii)(i) ‧見備註/See Remarks 7.1 (d)(iii)(f) ‧見備註/See Remarks 7.1 (d)(vii)(a) ‧見備註/See Remarks 7.1 (d)(ix)(b) ‧見備註/See Remarks 7.1 (d)(x)(a) ‧見備註/See Remarks 7.1 (d)(xi)(b) ‧見備註/See Remarks 7.1 (d)(xii)(d),
2021-06-11,2021-06-21,,第20座 Tower 20,11,C,,12951900,,‧價單第5C號 (G1)付款辦法 Payment Plan (G1) of Price List No.5C ‧見備註/See Remarks 7.1 (c)(i)(e) ‧見備註/See Remarks 7.1 (c)(ii)(a) ‧見備註/See Remarks 7.1 (c)(iii)(a) ‧見備註/See Remarks 7.1 (c)(iv)(a) ‧見備註/See Remarks 7.1(d)(ii)(i) ‧見備註/See Remarks 7.1 (d)(iii)(f) ‧見備註/See Remarks 7.1 (d)(vi)(a) ‧見備註/See Remarks 7.1 (d)(vii)(a) ‧見備註/See Remarks 7.1 (d)(viii)(b) ‧見備註/See Remarks 7.1 (d)(ix)(b) ‧見備註/See Remarks 7.1 (d)(x)(a) ‧見備註/See Remarks 7.1 (d)(xi)(b) ‧見備註/See Remarks 7.1 (d)(xii)(d) ‧見備註/See Remarks 7.1 (d)(xiii)(c),
2021-06-15,2021-06-22,,第20座 Tower 20,12,B,,16480800,,‧價單第5C號 (G1)付款辦法 Payment Plan (G1) of Price List No.5C ‧見備註/See Remarks 7.1 (c)(i)(e) ‧見備註/See Remarks 7.1 (c)(ii)(a) ‧見備註/See Remarks 7.1 (c)(iii)(a) ‧見備註/See Remarks 7.1 (c)(iv)(a) ‧見備註/See Remarks 7.1(d)(ii)(i) ‧見備註/See Remarks 7.1 (d)(iii)(f) ‧見備註/See Remarks 7.1 (d)(vi)(a) ‧見備註/See Remarks 7.1 (d)(vii)(a) ‧見備註/See Remarks 7.1 (d)(viii)(b) ‧見備註/See Remarks 7.1 (d)(ix)(b) ‧見備註/See Remarks 7.1 (d)(x)(a) ‧見備註/See Remarks 7.1 (d)(xi)(b) ‧見備註/See Remarks 7.1 (d)(xii)(d) ‧見備註/See Remarks 7.1 (d)(xiii)(c),
2021-06-15,2021-06-22,,第20座 Tower 20,12,D,,13575200,,‧價單第5C號 (G1)付款辦法 Payment Plan (G1) of Price List No.5C ‧見備註/See Remarks 7.1 (c)(i)(e) ‧見備註/See Remarks 7.1 (c)(ii)(a) ‧見備註/See Remarks 7.1 (c)(iii)(a) ‧見備註/See Remarks 7.1 (c)(iv)(a) ‧見備註/See Remarks 7.1(d)(ii)(i) ‧見備註/See Remarks 7.1 (d)(iii)(f) ‧見備註/See Remarks 7.1 (d)(vi)(a) ‧見備註/See Remarks 7.1 (d)(vii)(a) ‧見備註/See Remarks 7.1 (d)(viii)(b) ‧見備註/See Remarks 7.1 (d)(ix)(b) ‧見備註/See Remarks 7.1 (d)(x)(a) ‧見備註/See Remarks 7.1 (d)(xi)(b) ‧見備註/See Remarks 7.1 (d)(xii)(d) ‧見備註/See Remarks 7.1 (d)(xiii)(c),
2021-06-20,2021-06-25,,第20座 Tower 20,8,D,,13367700,,‧價單第5C號 (G1)付款辦法 Payment Plan (G1) of Price List No.5C ‧見備註/See Remarks 7.1 (c)(i)(e) ‧見備註/See Remarks 7.1 (c)(ii)(a) ‧見備註/See Remarks 7.1 (c)(iii)(a) ‧見備註/See Remarks 7.1 (c)(iv)(a) ‧見備註/See Remarks 7.1(d)(ii)(i) ‧見備註/See Remarks 7.1 (d)(iii)(f) ‧見備註/See Remarks 7.1 (d)(vi)(a) ‧見備註/See Remarks 7.1 (d)(vii)(a) ‧見備註/See Remarks 7.1 (d)(viii)(b) ‧見備註/See Remarks 7.1 (d)(ix)(b) ‧見備註/See Remarks 7.1 (d)(x)(a) ‧見備註/See Remarks 7.1 (d)(xi)(b) ‧見備註/See Remarks 7.1 (d)(xii)(d) ‧見備註/See Remarks 7.1 (d)(xiii)(c),
2021-06-23,2021-06-30,,第27A座 Tower 27A,10,E,,5472600,,‧價單第5C號 (G1)付款辦法 Payment Plan (G1) of Price List No.5C ‧見備註/See Remarks 7.1 (c)(i)(e) ‧見備註/See Remarks 7.1 (c)(ii)(a) ‧見備註/See Remarks 7.1 (c)(iii)(a) ‧見備註/See Remarks 7.1 (c)(iv)(a) ‧見備註/See Remarks 7.1(d)(ii)(i) ‧見備註/See Remarks 7.1 (d)(iii)(f) ‧見備註/See Remarks 7.1 (d)(vii)(a) ‧見備註/See Remarks 7.1 (d)(ix)(b) ‧見備註/See Remarks 7.1 (d)(x)(a) ‧見備註/See Remarks 7.1 (d)(xi)(b) ‧見備註/See Remarks 7.1 (d)(xii)(d),
2021-06-24,2021-07-02,,第20座 Tower 20,12,C,,13019100,,‧價單第5C號 (G1)付款辦法 Payment Plan (G1) of Price List No.5C ‧見備註/See Remarks 7.1 (c)(i)(e) ‧見備註/See Remarks 7.1 (c)(ii)(a) ‧見備註/See Remarks 7.1 (c)(iii)(a) ‧見備註/See Remarks 7.1 (c)(iv)(a) ‧見備註/See Remarks 7.1(d)(ii)(i) ‧見備註/See Remarks 7.1 (d)(iii)(f) ‧見備註/See Remarks 7.1 (d)(vi)(a) ‧見備註/See Remarks 7.1 (d)(vii)(a) ‧見備註/See Remarks 7.1 (d)(viii)(b) ‧見備註/See Remarks 7.1 (d)(ix)(b) ‧見備註/See Remarks 7.1 (d)(x)(a) ‧見備註/See Remarks 7.1 (d)(xi)(b) ‧見備註/See Remarks 7.1 (d)(xii)(d) ‧見備註/See Remarks 7.1 (d)(xiii)(c),
2021-06-28,2021-07-06,,第20座 Tower 20,3,C,,12494100,,‧價單第5C號 (G1)付款辦法 Payment Plan (G1) of Price List No.5C ‧見備註/See Remarks 7.1 (c)(i)(e) ‧見備註/See Remarks 7.1 (c)(ii)(a) ‧見備註/See Remarks 7.1 (c)(iii)(a) ‧見備註/See Remarks 7.1 (c)(iv)(a) ‧見備註/See Remarks 7.1(d)(ii)(i) ‧見備註/See Remarks 7.1 (d)(iii)(f) ‧見備註/See Remarks 7.1 (d)(vi)(a) ‧見備註/See Remarks 7.1 (d)(vii)(a) ‧見備註/See Remarks 7.1 (d)(viii)(b) ‧見備註/See Remarks 7.1 (d)(ix)(b) ‧見備註/See Remarks 7.1 (d)(x)(a) ‧見備註/See Remarks 7.1 (d)(xi)(b) ‧見備註/See Remarks 7.1 (d)(xii)(d) ‧見備註/See Remarks 7.1 (d)(xiii)(c),
2021-06-28,2021-07-06,,第20座 Tower 20,3,D,,13027500,,‧價單第5C號 (G1)付款辦法 Payment Plan (G1) of Price List No.5C ‧見備註/See Remarks 7.1 (c)(i)(e) ‧見備註/See Remarks 7.1 (c)(ii)(a) ‧見備註/See Remarks 7.1 (c)(iii)(a) ‧見備註/See Remarks 7.1 (c)(iv)(a) ‧見備註/See Remarks 7.1(d)(ii)(i) ‧見備註/See Remarks 7.1 (d)(iii)(f) ‧見備註/See Remarks 7.1 (d)(vi)(a) ‧見備註/See Remarks 7.1 (d)(vii)(a) ‧見備註/See Remarks 7.1 (d)(viii)(b) ‧見備註/See Remarks 7.1 (d)(ix)(b) ‧見備註/See Remarks 7.1 (d)(x)(a) ‧見備註/See Remarks 7.1 (d)(xi)(b) ‧見備註/See Remarks 7.1 (d)(xii)(d) ‧見備註/See Remarks 7.1 (d)(xiii)(c),
2021-07-03,2021-07-09,,第20座 Tower 20,5,C,,12684800,,‧價單第5D號 (G1)付款辦法 Payment Plan (G1) of Price List No.5D ‧見備註/See Remarks 7.1 (c)(i)(e) ‧見備註/See Remarks 7.1 (c)(ii)(a) ‧見備註/See Remarks 7.1 (c)(iii)(a) ‧見備註/See Remarks 7.1 (c)(iv)(a) ‧見備註/See Remarks 7.1(d)(ii)(i) ‧見備註/See Remarks 7.1 (d)(iii)(f) ‧見備註/See Remarks 7.1 (d)(vi)(a) ‧見備註/See Remarks 7.1 (d)(vii)(a) ‧見備註/See Remarks 7.1 (d)(viii)(b) ‧見備註/See Remarks 7.1 (d)(ix)(b) ‧見備註/See Remarks 7.1 (d)(x)(a) ‧見備註/See Remarks 7.1 (d)(xi)(b) ‧見備註/See Remarks 7.1 (d)(xii)(d) ‧見備註/See Remarks 7.1 (d)(xiii)(c),
2021-07-03,2021-07-09,,第20座 Tower 20,5,D,,13215800,,‧價單第5D號 (G1)付款辦法 Payment Plan (G1) of Price List No.5D ‧見備註/See Remarks 7.1 (c)(i)(e) ‧見備註/See Remarks 7.1 (c)(ii)(a) ‧見備註/See Remarks 7.1 (c)(iii)(a) ‧見備註/See Remarks 7.1 (c)(iv)(a) ‧見備註/See Remarks 7.1 (c)(v)(a) ‧見備註/See Remarks 7.1(d)(ii)(i) ‧見備註/See Remarks 7.1 (d)(iii)(f) ‧見備註/See Remarks 7.1 (d)(vii)(a) ‧見備註/See Remarks 7.1 (d)(viii)(b) ‧見備註/See Remarks 7.1 (d)(ix)(b) ‧見備註/See Remarks 7.1 (d)(x)(a) ‧見備註/See Remarks 7.1 (d)(xi)(b) ‧見備註/See Remarks 7.1 (d)(xii)(d) ‧見備註/See Remarks 7.1 (d)(xiii)(c),
2021-07-09,2021-07-16,,第20座 Tower 20,2,D,,13080500,,‧價單第5E號 (G1)付款辦法 Payment Plan (G1) of Price List No.5E ‧見備註/See Remarks 7.1 (c)(i)(e) ‧見備註/See Remarks 7.1 (c)(ii)(a) ‧見備註/See Remarks 7.1 (c)(iii)(a) ‧見備註/See Remarks 7.1 (c)(iv)(a) ‧見備註/See Remarks 7.1 (c)(v)(a) ‧見備註/See Remarks 7.1(d)(ii)(i) ‧見備註/See Remarks 7.1 (d)(iii)(f) ‧見備註/See Remarks 7.1 (d)(vii)(a) ‧見備註/See Remarks 7.1 (d)(viii)(b) ‧見備註/See Remarks 7.1 (d)(ix)(b) ‧見備註/See Remarks 7.1 (d)(x)(a) ‧見備註/See Remarks 7.1 (d)(xi)(b) ‧見備註/See Remarks 7.1 (d)(xii)(d) ‧見備註/See Remarks 7.1 (d)(xiii)(c),
2021-07-13,2021-07-20,,第20座 Tower 20,1,C,,12816700,,‧價單第5F號 (G1)付款辦法 Payment Plan (G1) of Price List No.5F ‧見備註/See Remarks 7.1 (c)(i)(e) ‧見備註/See Remarks 7.1 (c)(ii)(a) ‧見備註/See Remarks 7.1 (c)(iii)(a) ‧見備註/See Remarks 7.1 (c)(iv)(a) ‧見備註/See Remarks 7.1(d)(ii)(i) ‧見備註/See Remarks 7.1 (d)(iii)(f) ‧見備註/See Remarks 7.1 (d)(vi)(a) ‧見備註/See Remarks 7.1 (d)(vii)(a) ‧見備註/See Remarks 7.1 (d)(viii)(b) ‧見備註/See Remarks 7.1 (d)(ix)(b) ‧見備註/See Remarks 7.1 (d)(x)(a) ‧見備註/See Remarks 7.1 (d)(xi)(b) ‧見備註/See Remarks 7.1 (d)(xii)(d) ‧見備註/See Remarks 7.1 (d)(xiii)(c),
2021-07-13,2021-07-20,,第20座 Tower 20,6,D,,13294600,,‧價單第5F號 (G1)付款辦法 Payment Plan (G1) of Price List No.5F ‧見備註/See Remarks 7.1 (c)(i)(e) ‧見備註/See Remarks 7.1 (c)(ii)(a) ‧見備註/See Remarks 7.1 (c)(iii)(a) ‧見備註/See Remarks 7.1 (c)(iv)(a) ‧見備註/See Remarks 7.1(d)(ii)(i) ‧見備註/See Remarks 7.1 (d)(iii)(f) ‧見備註/See Remarks 7.1 (d)(vi)(a) ‧見備註/See Remarks 7.1 (d)(vii)(a) ‧見備註/See Remarks 7.1 (d)(viii)(b) ‧見備註/See Remarks 7.1 (d)(ix)(b) ‧見備註/See Remarks 7.1 (d)(x)(a) ‧見備註/See Remarks 7.1 (d)(xi)(b) ‧見備註/See Remarks 7.1 (d)(xii)(d) ‧見備註/See Remarks 7.1 (d)(xiii)(c),
2021-07-13,2021-07-20,,第20座 Tower 20,1,D,,13351800,,‧價單第5F號 (G1)付款辦法 Payment Plan (G1) of Price List No.5F ‧見備註/See Remarks 7.1 (c)(i)(e) ‧見備註/See Remarks 7.1 (c)(ii)(a) ‧見備註/See Remarks 7.1 (c)(iii)(a) ‧見備註/See Remarks 7.1 (c)(iv)(a) ‧見備註/See Remarks 7.1 (c)(v)(a) ‧見備註/See Remarks 7.1(d)(ii)(i) ‧見備註/See Remarks 7.1 (d)(iii)(f) ‧見備註/See Remarks 7.1 (d)(vii)(a) ‧見備註/See Remarks 7.1 (d)(viii)(b) ‧見備註/See Remarks 7.1 (d)(ix)(b) ‧見備註/See Remarks 7.1 (d)(x)(a) ‧見備註/See Remarks 7.1 (d)(xi)(b) ‧見備註/See Remarks 7.1 (d)(xii)(d) ‧見備註/See Remarks 7.1 (d)(xiii)(c),
2021-07-14,2021-07-21,,第20座 Tower 20,11,D,,13505500,,‧價單第5F號 (G1)付款辦法 Payment Plan (G1) of Price List No.5F ‧見備註/See Remarks 7.1 (c)(i)(e) ‧見備註/See Remarks 7.1 (c)(ii)(a) ‧見備註/See Remarks 7.1 (c)(iii)(a) ‧見備註/See Remarks 7.1 (c)(iv)(a) ‧見備註/See Remarks 7.1(d)(ii)(i) ‧見備註/See Remarks 7.1 (d)(iii)(f) ‧見備註/See Remarks 7.1 (d)(vi)(a) ‧見備註/See Remarks 7.1 (d)(vii)(a) ‧見備註/See Remarks 7.1 (d)(viii)(b) ‧見備註/See Remarks 7.1 (d)(ix)(b) ‧見備註/See Remarks 7.1 (d)(x)(a) ‧見備註/See Remarks 7.1 (d)(xi)(b) ‧見備註/See Remarks 7.1 (d)(xii)(d) ‧見備註/See Remarks 7.1 (d)(xiii)(c),
2021-07-18,2021-07-23,,第20座 Tower 20,2,C,,12553800,,‧價單第5F號 (G1)付款辦法 Payment Plan (G1) of Price List No.5F ‧見備註/See Remarks 7.1 (c)(i)(e) ‧見備註/See Remarks 7.1 (c)(ii)(a) ‧見備註/See Remarks 7.1 (c)(iii)(a) ‧見備註/See Remarks 7.1 (c)(iv)(a) ‧見備註/See Remarks 7.1(d)(ii)(i) ‧見備註/See Remarks 7.1 (d)(iii)(f) ‧見備註/See Remarks 7.1 (d)(vi)(a) ‧見備註/See Remarks 7.1 (d)(vii)(a) ‧見備註/See Remarks 7.1 (d)(viii)(b) ‧見備註/See Remarks 7.1 (d)(ix)(b) ‧見備註/See Remarks 7.1 (d)(x)(a) ‧見備註/See Remarks 7.1 (d)(xi)(b) ‧見備註/See Remarks 7.1 (d)(xii)(d) ‧見備註/See Remarks 7.1 (d)(xiii)(c),
2021-07-20,2021-07-27,,第20座 Tower 20,9,D,,13568500,,‧價單第5G號 (G1)付款辦法 Payment Plan (G1) of Price List No.5G ‧見備註/See Remarks 7.1 (c)(i)(e) ‧見備註/See Remarks 7.1 (c)(ii)(a) ‧見備註/See Remarks 7.1 (c)(iii)(a) ‧見備註/See Remarks 7.1 (c)(iv)(a) ‧見備註/See Remarks 7.1(d)(ii)(i) ‧見備註/See Remarks 7.1 (d)(iii)(f) ‧見備註/See Remarks 7.1 (d)(vi)(a) ‧見備註/See Remarks 7.1 (d)(vii)(a) ‧見備註/See Remarks 7.1 (d)(viii)(b) ‧見備註/See Remarks 7.1 (d)(ix)(b) ‧見備註/See Remarks 7.1 (d)(x)(a) ‧見備註/See Remarks 7.1 (d)(xi)(b) ‧見備註/See Remarks 7.1 (d)(xii)(d) ‧見備註/See Remarks 7.1 (d)(xiii)(c),
2021-07-21,2021-07-28,,第20座 Tower 20,11,B,,16396800,,‧價單第5G號 (G1)付款辦法 Payment Plan (G1) of Price List No.5G ‧見備註/See Remarks 7.1 (c)(i)(e) ‧見備註/See Remarks 7.1 (c)(ii)(a) ‧見備註/See Remarks 7.1 (c)(iii)(a) ‧見備註/See Remarks 7.1 (c)(iv)(a) ‧見備註/See Remarks 7.1(d)(ii)(i) ‧見備註/See Remarks 7.1 (d)(iii)(f) ‧見備註/See Remarks 7.1 (d)(vi)(a) ‧見備註/See Remarks 7.1 (d)(vii)(a) ‧見備註/See Remarks 7.1 (d)(viii)(b) ‧見備註/See Remarks 7.1 (d)(ix)(b) ‧見備註/See Remarks 7.1 (d)(x)(a) ‧見備註/See Remarks 7.1 (d)(xi)(b) ‧見備註/See Remarks 7.1 (d)(xii)(d) ‧見備註/See Remarks 7.1 (d)(xiii)(c),
2021-07-22,2021-07-29,,第27A座 Tower 27A,6,E,,5515400,,‧價單第5G號 (G1)付款辦法 Payment Plan (G1) of Price List No.5G ‧見備註/See Remarks 7.1 (c)(i)(e) ‧見備註/See Remarks 7.1 (c)(ii)(a) ‧見備註/See Remarks 7.1 (c)(iii)(a) ‧見備註/See Remarks 7.1 (c)(iv)(a) ‧見備註/See Remarks 7.1(d)(ii)(i) ‧見備註/See Remarks 7.1 (d)(iii)(f) ‧見備註/See Remarks 7.1 (d)(vii)(a) ‧見備註/See Remarks 7.1 (d)(ix)(b) ‧見備註/See Remarks 7.1 (d)(x)(a) ‧見備註/See Remarks 7.1 (d)(xi)(b) ‧見備註/See Remarks 7.1 (d)(xii)(d),
2021-08-04,2021-08-11,,第20座 Tower 20,9,C,,13012400,,‧價單第5G號 (G1)付款辦法 Payment Plan (G1) of Price List No.5G ‧見備註/See Remarks 7.1 (c)(i)(e) ‧見備註/See Remarks 7.1 (c)(ii)(a) ‧見備註/See Remarks 7.1 (c)(iii)(a) ‧見備註/See Remarks 7.1 (c)(iv)(a) ‧見備註/See Remarks 7.1(d)(ii)(i) ‧見備註/See Remarks 7.1 (d)(iii)(f) ‧見備註/See Remarks 7.1 (d)(vi)(a) ‧見備註/See Remarks 7.1 (d)(vii)(a) ‧見備註/See Remarks 7.1 (d)(viii)(b) ‧見備註/See Remarks 7.1 (d)(ix)(b) ‧見備註/See Remarks 7.1 (d)(x)(a) ‧見備註/See Remarks 7.1 (d)(xi)(b) ‧見備註/See Remarks 7.1 (d)(xii)(d) ‧見備註/See Remarks 7.1 (d)(xiii)(c),
2021-08-16,2021-08-23,,第20座 Tower 20,6,C,,12941800,,‧價單第5H號 (G1)付款辦法 Payment Plan (G1) of Price List No.5H ‧見備註/See Remarks 7.1 (c)(i)(e) ‧見備註/See Remarks 7.1 (c)(ii)(a) ‧見備註/See Remarks 7.1 (c)(iii)(a) ‧見備註/See Remarks 7.1 (c)(iv)(a) ‧見備註/See Remarks 7.1(d)(ii)(i) ‧見備註/See Remarks 7.1 (d)(iii)(f) ‧見備註/See Remarks 7.1 (d)(vi)(a) ‧見備註/See Remarks 7.1 (d)(vii)(a) ‧見備註/See Remarks 7.1 (d)(viii)(b) ‧見備註/See Remarks 7.1 (d)(ix)(b) ‧見備註/See Remarks 7.1 (d)(x)(a) ‧見備註/See Remarks 7.1 (d)(xi)(b) ‧見備註/See Remarks 7.1 (d)(xii)(d) ‧見備註/See Remarks 7.1 (d)(xiii)(c),
2021-08-16,2021-08-23,,第20座 Tower 20,15,D,,14048200,,‧價單第5H號 (G1)付款辦法 Payment Plan (G1) of Price List No.5H ‧見備註/See Remarks 7.1 (c)(i)(e) ‧見備註/See Remarks 7.1 (c)(ii)(a) ‧見備註/See Remarks 7.1 (c)(iii)(a) ‧見備註/See Remarks 7.1 (c)(iv)(a) ‧見備註/See Remarks 7.1 (c)(v)(a) ‧見備註/See Remarks 7.1(d)(ii)(i) ‧見備註/See Remarks 7.1 (d)(iii)(f) ‧見備註/See Remarks 7.1 (d)(vii)(a) ‧見備註/See Remarks 7.1 (d)(viii)(b) ‧見備註/See Remarks 7.1 (d)(ix)(b) ‧見備註/See Remarks 7.1 (d)(x)(a) ‧見備註/See Remarks 7.1 (d)(xi)(b) ‧見備註/See Remarks 7.1 (d)(xii)(d) ‧見備註/See Remarks 7.1 (d)(xiii)(c),
2021-08-22,2021-08-27,,第20座 Tower 20,15,C,,13482000,,‧價單第5H號 (G1)付款辦法 Payment Plan (G1) of Price List No.5H ‧見備註/See Remarks 7.1 (c)(i)(e) ‧見備註/See Remarks 7.1 (c)(ii)(a) ‧見備註/See Remarks 7.1 (c)(iii)(a) ‧見備註/See Remarks 7.1 (c)(iv)(a) ‧見備註/See Remarks 7.1(d)(ii)(i) ‧見備註/See Remarks 7.1 (d)(iii)(f) ‧見備註/See Remarks 7.1 (d)(vi)(a) ‧見備註/See Remarks 7.1 (d)(vii)(a) ‧見備註/See Remarks 7.1 (d)(viii)(b) ‧見備註/See Remarks 7.1 (d)(ix)(b) ‧見備註/See Remarks 7.1 (d)(x)(a) ‧見備註/See Remarks 7.1 (d)(xi)(b) ‧見備註/See Remarks 7.1 (d)(xii)(d) ‧見備註/See Remarks 7.1 (d)(xiii)(c),
2021-08-23,2021-08-30,,第20座 Tower 20,16,A,,29840000,,招標文件支付辦法(TF1) Payment Plan (TF1) of Tender Document ‧見備註/See Remarks 7.1(d)(ii)(i) ‧見備註/See Remarks 7.1 (d)(iii)(e) ‧見備註/See Remarks 7.1 (d)(vii)(a) ‧見備註/See Remarks 7.1 (d)(viii)(b) ‧見備註/See Remarks 7.1 (e)(iv) ‧見備註/See Remarks 7.1 (d)(ix)(b) ‧見備註/See Remarks 7.1 (d)(x)(b) ‧見備註/See Remarks 7.1 (d)(xi)(b) ‧見備註/See Remarks 7.1 (d)(xii)(d) ‧見備註/See Remarks 7.1 (d)(xiii)(b) ‧見備註/See Remarks 7.1 (d)(xv)(a),
2021-08-27,2021-09-03,,第20座 Tower 20,7,B,,16062400,,‧價單第5H號 (G1)付款辦法 Payment Plan (G1) of Price List No.5H ‧見備註/See Remarks 7.1 (c)(i)(e) ‧見備註/See Remarks 7.1 (c)(ii)(a) ‧見備註/See Remarks 7.1 (c)(iii)(a) ‧見備註/See Remarks 7.1 (c)(iv)(a) ‧見備註/See Remarks 7.1(d)(ii)(i) ‧見備註/See Remarks 7.1 (d)(iii)(f) ‧見備註/See Remarks 7.1 (d)(vi)(a) ‧見備註/See Remarks 7.1 (d)(vii)(a) ‧見備註/See Remarks 7.1 (d)(viii)(b) ‧見備註/See Remarks 7.1 (d)(ix)(b) ‧見備註/See Remarks 7.1 (d)(x)(a) ‧見備註/See Remarks 7.1 (d)(xi)(b) ‧見備註/See Remarks 7.1 (d)(xii)(d) ‧見備註/See Remarks 7.1 (d)(xiii)(c),
2021-08-30,2021-09-06,,第23A座 Tower 23A,19,A,,19480000,,招標文件支付辦法(TF1) Payment Plan (TF1) of Tender Document ‧見備註/See Remarks 7.1(d)(ii)(i) ‧見備註/See Remarks 7.1 (d)(iii)(e) ‧見備註/See Remarks 7.1 (d)(vii)(a) ‧見備註/See Remarks 7.1 (d)(viii)(b) ‧見備註/See Remarks 7.1 (e)(iv) ‧見備註/See Remarks 7.1 (d)(ix)(b) ‧見備註/See Remarks 7.1 (d)(x)(b) ‧見備註/See Remarks 7.1 (d)(xi)(b) ‧見備註/See Remarks 7.1 (d)(xii)(d) ‧見備註/See Remarks 7.1 (d)(xiii)(b) ‧見備註/See Remarks 7.1 (d)(xv)(a),
2021-09-03,2021-09-10,,第20座 Tower 20,3,B,,15816300,,‧價單第5H號 (G1)付款辦法 Payment Plan (G1) of Price List No.5H ‧見備註/See Remarks 7.1 (c)(i)(e) ‧見備註/See Remarks 7.1 (c)(ii)(a) ‧見備註/See Remarks 7.1 (c)(iii)(a) ‧見備註/See Remarks 7.1 (c)(iv)(a) ‧見備註/See Remarks 7.1(d)(ii)(i) ‧見備註/See Remarks 7.1 (d)(iii)(f) ‧見備註/See Remarks 7.1 (d)(vi)(a) ‧見備註/See Remarks 7.1 (d)(vii)(a) ‧見備註/See Remarks 7.1 (d)(viii)(b) ‧見備註/See Remarks 7.1 (d)(ix)(b) ‧見備註/See Remarks 7.1 (d)(x)(a) ‧見備註/See Remarks 7.1 (d)(xi)(b) ‧見備註/See Remarks 7.1 (d)(xii)(d) ‧見備註/See Remarks 7.1 (d)(xiii)(c),
2021-09-10,2021-09-17,,第20座 Tower 20,10,C,,13742400,,‧價單第5I號 (G1)付款辦法 Payment Plan (G1) of Price List No.5I ‧見備註/See Remarks 7.1 (c)(i)(e) ‧見備註/See Remarks 7.1 (c)(ii)(a) ‧見備註/See Remarks 7.1 (c)(iii)(a) ‧見備註/See Remarks 7.1 (c)(iv)(a) ‧見備註/See Remarks 7.1(d)(ii)(i) ‧見備註/See Remarks 7.1 (d)(iii)(f) ‧見備註/See Remarks 7.1 (d)(vi)(a) ‧見備註/See Remarks 7.1 (d)(vii)(a) ‧見備註/See Remarks 7.1 (d)(viii)(b) ‧見備註/See Remarks 7.1 (d)(ix)(b) ‧見備註/See Remarks 7.1 (d)(x)(a) ‧見備註/See Remarks 7.1 (d)(xi)(b) ‧見備註/See Remarks 7.1 (d)(xii)(d) ‧見備註/See Remarks 7.1 (d)(xiii)(c),
2021-09-10,2021-09-17,,第20座 Tower 20,10,D,,14317800,,‧價單第5I號 (G1)付款辦法 Payment Plan (G1) of Price List No.5I ‧見備註/See Remarks 7.1 (c)(i)(e) ‧見備註/See Remarks 7.1 (c)(ii)(a) ‧見備註/See Remarks 7.1 (c)(iii)(a) ‧見備註/See Remarks 7.1 (c)(iv)(a) ‧見備註/See Remarks 7.1 (c)(v)(a) ‧見備註/See Remarks 7.1(d)(ii)(i) ‧見備註/See Remarks 7.1 (d)(iii)(f) ‧見備註/See Remarks 7.1 (d)(vii)(a) ‧見備註/See Remarks 7.1 (d)(viii)(b) ‧見備註/See Remarks 7.1 (d)(ix)(b) ‧見備註/See Remarks 7.1 (d)(x)(a) ‧見備註/See Remarks 7.1 (d)(xi)(b) ‧見備註/See Remarks 7.1 (d)(xii)(d) ‧見備註/See Remarks 7.1 (d)(xiii)(c),
2021-09-26,2021-10-04,,第20座 Tower 20,12,A,,21024300,,‧價單第5I號 (G1)付款辦法 Payment Plan (G1) of Price List No.5I ‧見備註/See Remarks 7.1 (c)(i)(e) ‧見備註/See Remarks 7.1 (c)(ii)(a) ‧見備註/See Remarks 7.1 (c)(iii)(a) ‧見備註/See Remarks 7.1 (c)(iv)(a) ‧見備註/See Remarks 7.1(d)(ii)(i) ‧見備註/See Remarks 7.1 (d)(iii)(f) ‧見備註/See Remarks 7.1 (d)(vii)(a) ‧見備註/See Remarks 7.1 (d)(viii)(b) ‧見備註/See Remarks 7.1 (d)(ix)(b) ‧見備註/See Remarks 7.1 (d)(x)(a) ‧見備註/See Remarks 7.1 (d)(xi)(b) ‧見備註/See Remarks 7.1 (d)(xii)(d) ‧見備註/See Remarks 7.1 (d)(xiii)(c),
2022-01-02,2022-01-07,,第20座 Tower 20,7,A,,20498500,,‧價單第5I號 (G1)付款辦法 Payment Plan (G1) of Price List No.5I ‧見備註/See Remarks 7.1 (c)(i)(e) ‧見備註/See Remarks 7.1 (c)(ii)(a) ‧見備註/See Remarks 7.1 (c)(iii)(a) ‧見備註/See Remarks 7.1 (c)(iv)(a) ‧見備註/See Remarks 7.1(d)(ii)(i) ‧見備註/See Remarks 7.1 (d)(iii)(f) ‧見備註/See Remarks 7.1 (d)(vii)(a) ‧見備註/See Remarks 7.1 (d)(viii)(b) ‧見備註/See Remarks 7.1 (d)(ix)(b) ‧見備註/See Remarks 7.1 (d)(x)(a) ‧見備註/See Remarks 7.1 (d)(xi)(b) ‧見備註/See Remarks 7.1 (d)(xii)(d) ‧見備註/See Remarks 7.1 (d)(xiii)(c),
2022-01-23,2022-01-28,,第20座 Tower 20,10,A,,21329200,,‧價單第5J號 (G1)付款辦法 Payment Plan (G1) of Price List No.5J ‧見備註/See Remarks 7.1 (c)(i)(e) ‧見備註/See Remarks 7.1 (c)(ii)(a) ‧見備註/See Remarks 7.1 (c)(iii)(a) ‧見備註/See Remarks 7.1 (c)(iv)(a) ‧見備註/See Remarks 7.1(d)(ii)(i) ‧見備註/See Remarks 7.1 (d)(iii)(f) ‧見備註/See Remarks 7.1 (d)(vii)(a) ‧見備註/See Remarks 7.1 (d)(viii)(b) ‧見備註/See Remarks 7.1 (d)(ix)(b) ‧見備註/See Remarks 7.1 (d)(x)(a) ‧見備註/See Remarks 7.1 (d)(xi)(b) ‧見備註/See Remarks 7.1 (d)(xii)(d) ‧見備註/See Remarks 7.1 (d)(xiii)(c),
2022-05-04,2022-05-12,,第20座 Tower 20,10,B,,16711000,,‧價單第5J號 (G1)付款辦法 Payment Plan (G1) of Price List No.5J ‧見備註/See Remarks 7.1 (c)(i)(e) ‧見備註/See Remarks 7.1 (c)(ii)(a) ‧見備註/See Remarks 7.1 (c)(iii)(a) ‧見備註/See Remarks 7.1 (c)(iv)(a) ‧見備註/See Remarks 7.1 (c)(v)(a) ‧見備註/See Remarks 7.1(d)(ii)(i) ‧見備註/See Remarks 7.1 (d)(iii)(f) ‧見備註/See Remarks 7.1 (d)(vii)(a) ‧見備註/See Remarks 7.1 (d)(viii)(b) ‧見備註/See Remarks 7.1 (d)(ix)(b) ‧見備註/See Remarks 7.1 (d)(x)(a) ‧見備註/See Remarks 7.1 (d)(xi)(b) ‧見備註/See Remarks 7.1 (d)(xii)(d) ‧見備註/See Remarks 7.1 (d)(xiii)(c),
2022-06-16,2022-06-23,,第20座 Tower 20,15,B,,17235100,,‧價單第5K號 (G1)付款辦法 Payment Plan (G1) of Price List No.5K ‧見備註/See Remarks 7.1 (c)(i)(e) ‧見備註/See Remarks 7.1 (c)(ii)(a) ‧見備註/See Remarks 7.1 (c)(iii)(a) ‧見備註/See Remarks 7.1 (c)(iv)(a) ‧見備註/See Remarks 7.1(d)(ii)(i) ‧見備註/See Remarks 7.1 (d)(iii)(f) ‧見備註/See Remarks 7.1 (d)(vi)(a) ‧見備註/See Remarks 7.1 (d)(vii)(a) ‧見備註/See Remarks 7.1 (d)(viii)(b) ‧見備註/See Remarks 7.1 (d)(ix)(b) ‧見備註/See Remarks 7.1 (d)(x)(a) ‧見備註/See Remarks 7.1 (d)(xi)(b) ‧見備註/See Remarks 7.1 (d)(xii)(d) ‧見備註/See Remarks 7.1 (d)(xiii)(c),
2024-01-20,2024-01-26,,第21B座 Tower 21B,12,B,,6634600,,‧價單第6號 (J1)付款辦法 Payment Plan (J1) of Price List No.6 ‧見備註/See Remarks 7.1 (c)(i)(g) ‧見備註/See Remarks 7.1 (c)(ii)(a) ‧見備註/See Remarks 7.1 (c)(iv)(a) ‧見備註/See Remarks 7.1 (c)(vi)(a) ‧見備註/See Remarks 7.1 (d)(i)(j) ‧見備註/See Remarks 7.1 (d)(ii)(j) ‧見備註/See Remarks 7.1 (d)(iii)(g) ‧見備註/See Remarks 7.1 (d)(vi)(b) ‧見備註/See Remarks 7.1 (d)(vii)(a) ‧見備註/See Remarks 7.1 (d)(ix)(c) ‧見備註/See Remarks 7.1 (d)(xvi)(a) ‧見備註/See Remarks 7.1 (d)(xvii)(a),
2024-01-20,2024-01-26,,第21B座 Tower 21B,7,C,,6593700,,‧價單第6號 (J1)付款辦法 Payment Plan (J1) of Price List No.6 ‧見備註/See Remarks 7.1 (c)(i)(g) ‧見備註/See Remarks 7.1 (c)(ii)(a) ‧見備註/See Remarks 7.1 (c)(iv)(a) ‧見備註/See Remarks 7.1 (c)(vi)(a) ‧見備註/See Remarks 7.1 (d)(i)(j) ‧見備註/See Remarks 7.1 (d)(ii)(j) ‧見備註/See Remarks 7.1 (d)(iii)(g) ‧見備註/See Remarks 7.1 (d)(vi)(b) ‧見備註/See Remarks 7.1 (d)(vii)(a) ‧見備註/See Remarks 7.1 (d)(ix)(c) ‧見備註/See Remarks 7.1 (d)(xvi)(a) ‧見備註/See Remarks 7.1 (d)(xvii)(a),
2024-01-21,2024-01-26,,第21B座 Tower 21B,2,C,,6515400,,‧價單第6號 (J1)付款辦法 Payment Plan (J1) of Price List No.6 ‧見備註/See Remarks 7.1 (c)(i)(g) ‧見備註/See Remarks 7.1 (c)(ii)(a) ‧見備註/See Remarks 7.1 (c)(iv)(a) ‧見備註/See Remarks 7.1 (c)(vi)(a) ‧見備註/See Remarks 7.1 (d)(i)(j) ‧見備註/See Remarks 7.1 (d)(ii)(j) ‧見備註/See Remarks 7.1 (d)(iii)(g) ‧見備註/See Remarks 7.1 (d)(vi)(b) ‧見備註/See Remarks 7.1 (d)(vii)(a) ‧見備註/See Remarks 7.1 (d)(ix)(c) ‧見備註/See Remarks 7.1 (d)(xvi)(a) ‧見備註/See Remarks 7.1 (d)(xvii)(a),
2024-01-26,2024-02-02,,第21B座 Tower 21B,15,B,,6654600,,‧價單第6號 (J1)付款辦法 Payment Plan (J1) of Price List No.6 ‧見備註/See Remarks 7.1 (c)(i)(g) ‧見備註/See Remarks 7.1 (c)(ii)(a) ‧見備註/See Remarks 7.1 (c)(iv)(a) ‧見備註/See Remarks 7.1 (c)(vi)(a) ‧見備註/See Remarks 7.1 (d)(i)(j) ‧見備註/See Remarks 7.1 (d)(ii)(j) ‧見備註/See Remarks 7.1 (d)(iii)(g) ‧見備註/See Remarks 7.1 (d)(vi)(b) ‧見備註/See Remarks 7.1 (d)(vii)(a) ‧見備註/See Remarks 7.1 (d)(ix)(c) ‧見備註/See Remarks 7.1 (d)(xvi)(a) ‧見備註/See Remarks 7.1 (d)(xvii)(a),
2024-01-26,2024-02-02,,第21B座 Tower 21B,1,D,,8099200,,‧價單第6號 (J1)付款辦法 Payment Plan (J1) of Price List No.6 ‧見備註/See Remarks 7.1 (c)(i)(g) ‧見備註/See Remarks 7.1 (c)(ii)(a) ‧見備註/See Remarks 7.1 (c)(iv)(a) ‧見備註/See Remarks 7.1 (c)(v)(b) ‧見備註/See Remarks 7.1 (c)(vi)(a) ‧見備註/See Remarks 7.1 (d)(i)(j) ‧見備註/See Remarks 7.1 (d)(ii)(j) ‧見備註/See Remarks 7.1 (d)(iii)(g) ‧見備註/See Remarks 7.1 (d)(vii)(a) ‧見備註/See Remarks 7.1 (d)(ix)(c) ‧見備註/See Remarks 7.1 (d)(xvi)(a) ‧見備註/See Remarks 7.1 (d)(xvii)(a),
2024-02-03,2024-02-09,,第21B座 Tower 21B,11,B,,6614600,,‧價單第6號 (J1)付款辦法 Payment Plan (J1) of Price List No.6 ‧見備註/See Remarks 7.1 (c)(i)(g) ‧見備註/See Remarks 7.1 (c)(ii)(a) ‧見備註/See Remarks 7.1 (c)(iv)(a) ‧見備註/See Remarks 7.1 (c)(vi)(a) ‧見備註/See Remarks 7.1 (d)(i)(j) ‧見備註/See Remarks 7.1 (d)(ii)(j) ‧見備註/See Remarks 7.1 (d)(iii)(g) ‧見備註/See Remarks 7.1 (d)(vi)(b) ‧見備註/See Remarks 7.1 (d)(vii)(a) ‧見備註/See Remarks 7.1 (d)(ix)(c) ‧見備註/See Remarks 7.1 (d)(xvi)(a) ‧見備註/See Remarks 7.1 (d)(xvii)(a),
2024-02-06,2024-02-15,,第21B座 Tower 21B,1,C,,6671600,,‧價單第6號 (J1)付款辦法 Payment Plan (J1) of Price List No.6 ‧見備註/See Remarks 7.1 (c)(i)(g) ‧見備註/See Remarks 7.1 (c)(ii)(a) ‧見備註/See Remarks 7.1 (c)(iv)(a) ‧見備註/See Remarks 7.1 (c)(v)(b) ‧見備註/See Remarks 7.1 (c)(vi)(a) ‧見備註/See Remarks 7.1 (d)(i)(j) ‧見備註/See Remarks 7.1 (d)(ii)(j) ‧見備註/See Remarks 7.1 (d)(iii)(g) ‧見備註/See Remarks 7.1 (d)(vii)(a) ‧見備註/See Remarks 7.1 (d)(ix)(c) ‧見備註/See Remarks 7.1 (d)(xvi)(a) ‧見備註/See Remarks 7.1 (d)(xvii)(a),
2024-02-14,2024-02-21,,第21B座 Tower 21B,12,C,,6672900,,‧價單第6號 (J1)付款辦法 Payment Plan (J1) of Price List No.6 ‧見備註/See Remarks 7.1 (c)(i)(g) ‧見備註/See Remarks 7.1 (c)(ii)(a) ‧見備註/See Remarks 7.1 (c)(iv)(a) ‧見備註/See Remarks 7.1 (c)(vi)(a) ‧見備註/See Remarks 7.1 (d)(i)(j) ‧見備註/See Remarks 7.1 (d)(ii)(j) ‧見備註/See Remarks 7.1 (d)(iii)(g) ‧見備註/See Remarks 7.1 (d)(vi)(b) ‧見備註/See Remarks 7.1 (d)(vii)(a) ‧見備註/See Remarks 7.1 (d)(ix)(c) ‧見備註/See Remarks 7.1 (d)(xvi)(a) ‧見備註/See Remarks 7.1 (d)(xvii)(a),
2024-03-01,2024-03-08,,第21B座 Tower 21B,6,C,,6791300,,‧價單第6號 (H1)付款辦法 Payment Plan (H1) of Price List No.6 ‧見備註/See Remarks 7.1 (c)(i)(f) ‧見備註/See Remarks 7.1 (c)(ii)(a) ‧見備註/See Remarks 7.1 (c)(iv)(a) ‧見備註/See Remarks 7.1 (c)(v)(b) ‧見備註/See Remarks 7.1 (c)(vi)(a) ‧見備註/See Remarks 7.1 (d)(i)(j) ‧見備註/See Remarks 7.1 (d)(ii)(j) ‧見備註/See Remarks 7.1 (d)(iii)(g) ‧見備註/See Remarks 7.1 (d)(vii)(a) ‧見備註/See Remarks 7.1 (d)(ix)(c) ‧見備註/See Remarks 7.1 (d)(x)(c) ‧見備註/See Remarks 7.1 (d)(xvi)(a) ‧見備註/See Remarks 7.1 (d)(xvii)(a),
2024-03-03,2024-03-08,,第21B座 Tower 21B,12,A,,7764700,,‧價單第6號 (J1)付款辦法 Payment Plan (J1) of Price List No.6 ‧見備註/See Remarks 7.1 (c)(i)(g) ‧見備註/See Remarks 7.1 (c)(ii)(a) ‧見備註/See Remarks 7.1 (c)(iv)(a) ‧見備註/See Remarks 7.1 (c)(vi)(a) ‧見備註/See Remarks 7.1 (d)(i)(j) ‧見備註/See Remarks 7.1 (d)(ii)(j) ‧見備註/See Remarks 7.1 (d)(iii)(g) ‧見備註/See Remarks 7.1 (d)(vi)(b) ‧見備註/See Remarks 7.1 (d)(vii)(a) ‧見備註/See Remarks 7.1 (d)(ix)(c) ‧見備註/See Remarks 7.1 (d)(xvi)(a) ‧見備註/See Remarks 7.1 (d)(xvii)(a),
2024-03-03,2024-03-08,,第21B座 Tower 21B,9,C,,6613700,,‧價單第6號 (J1)付款辦法 Payment Plan (J1) of Price List No.6 ‧見備註/See Remarks 7.1 (c)(i)(g) ‧見備註/See Remarks 7.1 (c)(ii)(a) ‧見備註/See Remarks 7.1 (c)(iv)(a) ‧見備註/See Remarks 7.1 (c)(vi)(a) ‧見備註/See Remarks 7.1 (d)(i)(j) ‧見備註/See Remarks 7.1 (d)(ii)(j) ‧見備註/See Remarks 7.1 (d)(iii)(g) ‧見備註/See Remarks 7.1 (d)(vi)(b) ‧見備註/See Remarks 7.1 (d)(vii)(a) ‧見備註/See Remarks 7.1 (d)(ix)(c) ‧見備註/See Remarks 7.1 (d)(xvi)(a) ‧見備註/See Remarks 7.1 (d)(xvii)(a),
2024-03-08,2024-03-15,,第21B座 Tower 21B,3,C,,6524500,,‧價單第6號 (J1)付款辦法 Payment Plan (J1) of Price List No.6 ‧見備註/See Remarks 7.1 (c)(i)(g) ‧見備註/See Remarks 7.1 (c)(ii)(a) ‧見備註/See Remarks 7.1 (c)(iv)(a) ‧見備註/See Remarks 7.1 (c)(v)(b) ‧見備註/See Remarks 7.1 (c)(vi)(a) ‧見備註/See Remarks 7.1 (d)(i)(j) ‧見備註/See Remarks 7.1 (d)(ii)(j) ‧見備註/See Remarks 7.1 (d)(iii)(g) ‧見備註/See Remarks 7.1 (d)(vii)(a) ‧見備註/See Remarks 7.1 (d)(ix)(c) ‧見備註/See Remarks 7.1 (d)(xvi)(a) ‧見備註/See Remarks 7.1 (d)(xvii)(a),
2024-03-18,2024-03-25,,第21B座 Tower 21B,15,C,,6924600,,‧價單第6A號 (H2)付款辦法 Payment Plan (H2) of Price List No.6A ‧見備註/See Remarks 7.1 (c)(i)(j) ‧見備註/See Remarks 7.1 (c)(ii)(a) ‧見備註/See Remarks 7.1 (c)(iv)(a) ‧見備註/See Remarks 7.1 (c)(vi)(a) ‧見備註/See Remarks 7.1 (d)(i)(l) ‧見備註/See Remarks 7.1 (d)(ii)(l) ‧見備註/See Remarks 7.1 (d)(iii)(g) ‧見備註/See Remarks 7.1 (d)(vi)(b) ‧見備註/See Remarks 7.1 (d)(vii)(a) ‧見備註/See Remarks 7.1 (d)(x)(d) ‧見備註/See Remarks 7.1 (d)(xvi)(a) ‧見備註/See Remarks 7.1 (d)(xvii)(a) ‧見備註/See Remarks 7.1 (d)(xviii)(a),
2024-03-19,2024-03-26,,第21B座 Tower 21B,7,D,,8017100,,‧價單第6A號 (H2)付款辦法 Payment Plan (H2) of Price List No.6A ‧見備註/See Remarks 7.1 (c)(i)(j) ‧見備註/See Remarks 7.1 (c)(ii)(a) ‧見備註/See Remarks 7.1 (c)(iv)(a) ‧見備註/See Remarks 7.1 (c)(v)(b) ‧見備註/See Remarks 7.1 (c)(vi)(a) ‧見備註/See Remarks 7.1 (d)(i)(l) ‧見備註/See Remarks 7.1 (d)(ii)(l) ‧見備註/See Remarks 7.1 (d)(iii)(g) ‧見備註/See Remarks 7.1 (d)(vii)(a) ‧見備註/See Remarks 7.1 (d)(x)(d) ‧見備註/See Remarks 7.1 (d)(xvi)(a) ‧見備註/See Remarks 7.1 (d)(xvii)(a) ‧見備註/See Remarks 7.1 (d)(xviii)(a),
2024-03-20,2024-03-27,,第21A座 Tower 21A,9,C,,8619300,,‧價單第6A號 (H2)付款辦法 Payment Plan (H2) of Price List No.6A ‧見備註/See Remarks 7.1 (c)(i)(j) ‧見備註/See Remarks 7.1 (c)(ii)(a) ‧見備註/See Remarks 7.1 (c)(iv)(a) ‧見備註/See Remarks 7.1 (c)(vi)(a) ‧見備註/See Remarks 7.1 (d)(i)(l) ‧見備註/See Remarks 7.1 (d)(ii)(l) ‧見備註/See Remarks 7.1 (d)(iii)(g) ‧見備註/See Remarks 7.1 (d)(vi)(b) ‧見備註/See Remarks 7.1 (d)(vii)(a) ‧見備註/See Remarks 7.1 (d)(x)(d) ‧見備註/See Remarks 7.1 (d)(xvi)(a) ‧見備註/See Remarks 7.1 (d)(xvii)(a) ‧見備註/See Remarks 7.1 (d)(xviii)(a),
2024-03-22,2024-04-02,,第21A座 Tower 21A,9,D,,8660700,,‧價單第6A號 (H2)付款辦法 Payment Plan (H2) of Price List No.6A ‧見備註/See Remarks 7.1 (c)(i)(j) ‧見備註/See Remarks 7.1 (c)(ii)(a) ‧見備註/See Remarks 7.1 (c)(iv)(a) ‧見備註/See Remarks 7.1 (c)(vi)(a) ‧見備註/See Remarks 7.1 (d)(i)(l) ‧見備註/See Remarks 7.1 (d)(ii)(l) ‧見備註/See Remarks 7.1 (d)(iii)(g) ‧見備註/See Remarks 7.1 (d)(vi)(b) ‧見備註/See Remarks 7.1 (d)(vii)(a) ‧見備註/See Remarks 7.1 (d)(x)(d) ‧見備註/See Remarks 7.1 (d)(xvi)(a) ‧見備註/See Remarks 7.1 (d)(xvii)(a) ‧見備註/See Remarks 7.1 (d)(xviii)(a),
2024-03-22,2024-04-02,,第21B座 Tower 21B,9,B,,6792200,,‧價單第6A號 (H2)付款辦法 Payment Plan (H2) of Price List No.6A ‧見備註/See Remarks 7.1 (c)(i)(j) ‧見備註/See Remarks 7.1 (c)(ii)(a) ‧見備註/See Remarks 7.1 (c)(iv)(a) ‧見備註/See Remarks 7.1 (c)(v)(b) ‧見備註/See Remarks 7.1 (c)(vi)(a) ‧見備註/See Remarks 7.1 (d)(i)(l) ‧見備註/See Remarks 7.1 (d)(ii)(l) ‧見備註/See Remarks 7.1 (d)(iii)(g) ‧見備註/See Remarks 7.1 (d)(vii)(a) ‧見備註/See Remarks 7.1 (d)(x)(d) ‧見備註/See Remarks 7.1 (d)(xvi)(a) ‧見備註/See Remarks 7.1 (d)(xvii)(a) ‧見備註/See Remarks 7.1 (d)(xviii)(a),
2024-03-24,2024-04-02,,第21A座 Tower 21A,12,D,,8739000,,‧價單第6A號 (H2)付款辦法 Payment Plan (H2) of Price List No.6A ‧見備註/See Remarks 7.1 (c)(i)(j) ‧見備註/See Remarks 7.1 (c)(ii)(a) ‧見備註/See Remarks 7.1 (c)(iv)(a) ‧見備註/See Remarks 7.1 (c)(vi)(a) ‧見備註/See Remarks 7.1 (d)(i)(l) ‧見備註/See Remarks 7.1 (d)(ii)(l) ‧見備註/See Remarks 7.1 (d)(iii)(g) ‧見備註/See Remarks 7.1 (d)(vi)(b) ‧見備註/See Remarks 7.1 (d)(vii)(a) ‧見備註/See Remarks 7.1 (d)(x)(d) ‧見備註/See Remarks 7.1 (d)(xvi)(a) ‧見備註/See Remarks 7.1 (d)(xvii)(a) ‧見備註/See Remarks 7.1 (d)(xviii)(a),
2024-03-29,2024-04-09,,第21A座 Tower 21A,1,D,,8686800,,‧價單第6A號 (H2)付款辦法 Payment Plan (H2) of Price List No.6A ‧見備註/See Remarks 7.1 (c)(i)(j) ‧見備註/See Remarks 7.1 (c)(ii)(a) ‧見備註/See Remarks 7.1 (c)(iv)(a) ‧見備註/See Remarks 7.1 (c)(vi)(a) ‧見備註/See Remarks 7.1 (d)(i)(l) ‧見備註/See Remarks 7.1 (d)(ii)(l) ‧見備註/See Remarks 7.1 (d)(iii)(g) ‧見備註/See Remarks 7.1 (d)(vi)(b) ‧見備註/See Remarks 7.1 (d)(vii)(a) ‧見備註/See Remarks 7.1 (d)(x)(d) ‧見備註/See Remarks 7.1 (d)(xvi)(a) ‧見備註/See Remarks 7.1 (d)(xvii)(a) ‧見備註/See Remarks 7.1 (d)(xviii)(a),
2024-03-29,2024-04-09,,第21B座 Tower 21B,11,C,,6882300,,‧價單第6A號 (H2)付款辦法 Payment Plan (H2) of Price List No.6A ‧見備註/See Remarks 7.1 (c)(i)(j) ‧見備註/See Remarks 7.1 (c)(ii)(a) ‧見備註/See Remarks 7.1 (c)(iv)(a) ‧見備註/See Remarks 7.1 (c)(vi)(a) ‧見備註/See Remarks 7.1 (d)(i)(l) ‧見備註/See Remarks 7.1 (d)(ii)(l) ‧見備註/See Remarks 7.1 (d)(iii)(g) ‧見備註/See Remarks 7.1 (d)(vi)(b) ‧見備註/See Remarks 7.1 (d)(vii)(a) ‧見備註/See Remarks 7.1 (d)(x)(d) ‧見備註/See Remarks 7.1 (d)(xvi)(a) ‧見備註/See Remarks 7.1 (d)(xvii)(a) ‧見備註/See Remarks 7.1 (d)(xviii)(a),
2024-03-29,2024-04-09,,第21B座 Tower 21B,5,C,,6770600,,‧價單第6A號 (H2)付款辦法 Payment Plan (H2) of Price List No.6A ‧見備註/See Remarks 7.1 (c)(i)(j) ‧見備註/See Remarks 7.1 (c)(ii)(a) ‧見備註/See Remarks 7.1 (c)(iv)(a) ‧見備註/See Remarks 7.1 (c)(v)(b) ‧見備註/See Remarks 7.1 (c)(vi)(a) ‧見備註/See Remarks 7.1 (d)(i)(l) ‧見備註/See Remarks 7.1 (d)(ii)(l) ‧見備註/See Remarks 7.1 (d)(iii)(g) ‧見備註/See Remarks 7.1 (d)(vii)(a) ‧見備註/See Remarks 7.1 (d)(x)(d) ‧見備註/See Remarks 7.1 (d)(xvi)(a) ‧見備註/See Remarks 7.1 (d)(xvii)(a) ‧見備註/See Remarks 7.1 (d)(xviii)(a),
2024-03-30,2024-04-09,,第21B座 Tower 21B,6,B,,6761700,,‧價單第6A號 (H2)付款辦法 Payment Plan (H2) of Price List No.6A ‧見備註/See Remarks 7.1 (c)(i)(j) ‧見備註/See Remarks 7.1 (c)(ii)(a) ‧見備註/See Remarks 7.1 (c)(iv)(a) ‧見備註/See Remarks 7.1 (c)(vi)(a) ‧見備註/See Remarks 7.1 (d)(i)(l) ‧見備註/See Remarks 7.1 (d)(ii)(l) ‧見備註/See Remarks 7.1 (d)(iii)(g) ‧見備註/See Remarks 7.1 (d)(vi)(b) ‧見備註/See Remarks 7.1 (d)(vii)(a) ‧見備註/See Remarks 7.1 (d)(x)(d) ‧見備註/See Remarks 7.1 (d)(xvi)(a) ‧見備註/See Remarks 7.1 (d)(xvii)(a) ‧見備註/See Remarks 7.1 (d)(xviii)(a),
2024-03-30,2024-04-09,,第21B座 Tower 21B,1,B,,6830100,,‧價單第6A號 (H2)付款辦法 Payment Plan (H2) of Price List No.6A ‧見備註/See Remarks 7.1 (c)(i)(j) ‧見備註/See Remarks 7.1 (c)(ii)(a) ‧見備註/See Remarks 7.1 (c)(iv)(a) ‧見備註/See Remarks 7.1 (c)(vi)(a) ‧見備註/See Remarks 7.1 (d)(i)(l) ‧見備註/See Remarks 7.1 (d)(ii)(l) ‧見備註/See Remarks 7.1 (d)(iii)(g) ‧見備註/See Remarks 7.1 (d)(vi)(b) ‧見備註/See Remarks 7.1 (d)(vii)(a) ‧見備註/See Remarks 7.1 (d)(x)(d) ‧見備註/See Remarks 7.1 (d)(xvi)(a) ‧見備註/See Remarks 7.1 (d)(xvii)(a) ‧見備註/See Remarks 7.1 (d)(xviii)(a),
2024-04-04,2024-04-11,,第21A座 Tower 21A,1,C,,8608500,,‧價單第6A號 (H2)付款辦法 Payment Plan (H2) of Price List No.6A ‧見備註/See Remarks 7.1 (c)(i)(j) ‧見備註/See Remarks 7.1 (c)(ii)(a) ‧見備註/See Remarks 7.1 (c)(iv)(a) ‧見備註/See Remarks 7.1 (c)(vi)(a) ‧見備註/See Remarks 7.1 (d)(i)(l) ‧見備註/See Remarks 7.1 (d)(ii)(l) ‧見備註/See Remarks 7.1 (d)(iii)(g) ‧見備註/See Remarks 7.1 (d)(vi)(b) ‧見備註/See Remarks 7.1 (d)(vii)(a) ‧見備註/See Remarks 7.1 (d)(x)(d) ‧見備註/See Remarks 7.1 (d)(xvi)(a) ‧見備註/See Remarks 7.1 (d)(xvii)(a) ‧見備註/See Remarks 7.1 (d)(xviii)(a),
2024-04-06,2024-04-12,,第21B座 Tower 21B,10,B,,6822900,,‧價單第6B號 (H2)付款辦法 Payment Plan (H2) of Price List No.6B ‧見備註/See Remarks 7.1 (c)(i)(j) ‧見備註/See Remarks 7.1 (c)(ii)(a) ‧見備註/See Remarks 7.1 (c)(iv)(a) ‧見備註/See Remarks 7.1 (c)(vi)(a) ‧見備註/See Remarks 7.1 (d)(i)(l) ‧見備註/See Remarks 7.1 (d)(ii)(l) ‧見備註/See Remarks 7.1 (d)(iii)(g) ‧見備註/See Remarks 7.1 (d)(vi)(b) ‧見備註/See Remarks 7.1 (d)(vii)(a) ‧見備註/See Remarks 7.1 (d)(x)(d) ‧見備註/See Remarks 7.1 (d)(xvi)(a) ‧見備註/See Remarks 7.1 (d)(xvii)(a) ‧見備註/See Remarks 7.1 (d)(xviii)(a),
2024-04-06,2024-04-12,,第21B座 Tower 21B,8,C,,6841800,,‧價單第6B號 (H2)付款辦法 Payment Plan (H2) of Price List No.6B ‧見備註/See Remarks 7.1 (c)(i)(j) ‧見備註/See Remarks 7.1 (c)(ii)(a) ‧見備註/See Remarks 7.1 (c)(iv)(a) ‧見備註/See Remarks 7.1 (c)(vi)(a) ‧見備註/See Remarks 7.1 (d)(i)(l) ‧見備註/See Remarks 7.1 (d)(ii)(l) ‧見備註/See Remarks 7.1 (d)(iii)(g) ‧見備註/See Remarks 7.1 (d)(vi)(b) ‧見備註/See Remarks 7.1 (d)(vii)(a) ‧見備註/See Remarks 7.1 (d)(x)(d) ‧見備註/See Remarks 7.1 (d)(xvi)(a) ‧見備註/See Remarks 7.1 (d)(xvii)(a) ‧見備註/See Remarks 7.1 (d)(xviii)(a),
2024-04-08,2024-04-15,,第21A座 Tower 21A,12,C,,8697600,,‧價單第6B號 (H2)付款辦法 Payment Plan (H2) of Price List No.6B ‧見備註/See Remarks 7.1 (c)(i)(j) ‧見備註/See Remarks 7.1 (c)(ii)(a) ‧見備註/See Remarks 7.1 (c)(iv)(a) ‧見備註/See Remarks 7.1 (c)(vi)(a) ‧見備註/See Remarks 7.1 (d)(i)(l) ‧見備註/See Remarks 7.1 (d)(ii)(l) ‧見備註/See Remarks 7.1 (d)(iii)(g) ‧見備註/See Remarks 7.1 (d)(vi)(b) ‧見備註/See Remarks 7.1 (d)(vii)(a) ‧見備註/See Remarks 7.1 (d)(x)(d) ‧見備註/See Remarks 7.1 (d)(xvi)(a) ‧見備註/See Remarks 7.1 (d)(xvii)(a) ‧見備註/See Remarks 7.1 (d)(xviii)(a),
2024-04-08,2024-04-15,,第21A座 Tower 21A,11,D,,8702900,,‧價單第6B號 (H2)付款辦法 Payment Plan (H2) of Price List No.6B ‧見備註/See Remarks 7.1 (c)(i)(j) ‧見備註/See Remarks 7.1 (c)(ii)(a) ‧見備註/See Remarks 7.1 (c)(iv)(a) ‧見備註/See Remarks 7.1 (c)(v)(b) ‧見備註/See Remarks 7.1 (c)(vi)(a) ‧見備註/See Remarks 7.1 (d)(i)(l) ‧見備註/See Remarks 7.1 (d)(ii)(l) ‧見備註/See Remarks 7.1 (d)(iii)(g) ‧見備註/See Remarks 7.1 (d)(vii)(a) ‧見備註/See Remarks 7.1 (d)(x)(d) ‧見備註/See Remarks 7.1 (d)(xvi)(a) ‧見備註/See Remarks 7.1 (d)(xvii)(a) ‧見備註/See Remarks 7.1 (d)(xviii)(a),
2024-04-08,2024-04-15,,第21B座 Tower 21B,7,B,,6781500,,‧價單第6B號 (H2)付款辦法 Payment Plan (H2) of Price List No.6B ‧見備註/See Remarks 7.1 (c)(i)(j) ‧見備註/See Remarks 7.1 (c)(ii)(a) ‧見備註/See Remarks 7.1 (c)(iv)(a) ‧見備註/See Remarks 7.1 (c)(vi)(a) ‧見備註/See Remarks 7.1 (d)(i)(l) ‧見備註/See Remarks 7.1 (d)(ii)(l) ‧見備註/See Remarks 7.1 (d)(iii)(g) ‧見備註/See Remarks 7.1 (d)(vi)(b) ‧見備註/See Remarks 7.1 (d)(vii)(a) ‧見備註/See Remarks 7.1 (d)(x)(d) ‧見備註/See Remarks 7.1 (d)(xvi)(a) ‧見備註/See Remarks 7.1 (d)(xvii)(a) ‧見備註/See Remarks 7.1 (d)(xviii)(a),
2024-04-08,2024-04-15,,第21B座 Tower 21B,10,C,,7267500,,‧價單第6B號 (H2)付款辦法 Payment Plan (H2) of Price List No.6B ‧見備註/See Remarks 7.1 (c)(i)(j) ‧見備註/See Remarks 7.1 (c)(ii)(a) ‧見備註/See Remarks 7.1 (c)(iv)(a) ‧見備註/See Remarks 7.1 (c)(vi)(a) ‧見備註/See Remarks 7.1 (d)(i)(l) ‧見備註/See Remarks 7.1 (d)(ii)(l) ‧見備註/See Remarks 7.1 (d)(iii)(g) ‧見備註/See Remarks 7.1 (d)(vi)(b) ‧見備註/See Remarks 7.1 (d)(vii)(a) ‧見備註/See Remarks 7.1 (d)(x)(d) ‧見備註/See Remarks 7.1 (d)(xvi)(a) ‧見備註/See Remarks 7.1 (d)(xvii)(a) ‧見備註/See Remarks 7.1 (d)(xviii)(a),
2024-04-09,2024-04-16,,第21A座 Tower 21A,7,C,,8584100,,‧價單第6B號 (H2)付款辦法 Payment Plan (H2) of Price List No.6B ‧見備註/See Remarks 7.1 (c)(i)(j) ‧見備註/See Remarks 7.1 (c)(ii)(a) ‧見備註/See Remarks 7.1 (c)(iv)(a) ‧見備註/See Remarks 7.1 (c)(v)(b) ‧見備註/See Remarks 7.1 (c)(vi)(a) ‧見備註/See Remarks 7.1 (d)(i)(l) ‧見備註/See Remarks 7.1 (d)(ii)(l) ‧見備註/See Remarks 7.1 (d)(iii)(g) ‧見備註/See Remarks 7.1 (d)(vii)(a) ‧見備註/See Remarks 7.1 (d)(x)(d) ‧見備註/See Remarks 7.1 (d)(xvi)(a) ‧見備註/See Remarks 7.1 (d)(xvii)(a) ‧見備註/See Remarks 7.1 (d)(xviii)(a),
2024-04-12,2024-04-19,,第21A座 Tower 21A,11,C,,8671500,,‧價單第6B號 (H2)付款辦法 Payment Plan (H2) of Price List No.6B ‧見備註/See Remarks 7.1 (c)(i)(j) ‧見備註/See Remarks 7.1 (c)(ii)(a) ‧見備註/See Remarks 7.1 (c)(iv)(a) ‧見備註/See Remarks 7.1 (c)(vi)(a) ‧見備註/See Remarks 7.1 (d)(i)(l) ‧見備註/See Remarks 7.1 (d)(ii)(l) ‧見備註/See Remarks 7.1 (d)(iii)(g) ‧見備註/See Remarks 7.1 (d)(vi)(b) ‧見備註/See Remarks 7.1 (d)(vii)(a) ‧見備註/See Remarks 7.1 (d)(x)(d) ‧見備註/See Remarks 7.1 (d)(xvi)(a) ‧見備註/See Remarks 7.1 (d)(xvii)(a) ‧見備註/See Remarks 7.1 (d)(xviii)(a),
2024-04-12,2024-04-19,,第21B座 Tower 21B,1,A,,7988400,,‧價單第6B號 (H2)付款辦法 Payment Plan (H2) of Price List No.6B ‧見備註/See Remarks 7.1 (c)(i)(j) ‧見備註/See Remarks 7.1 (c)(ii)(a) ‧見備註/See Remarks 7.1 (c)(iv)(a) ‧見備註/See Remarks 7.1 (c)(vi)(a) ‧見備註/See Remarks 7.1 (d)(i)(l) ‧見備註/See Remarks 7.1 (d)(ii)(l) ‧見備註/See Remarks 7.1 (d)(iii)(g) ‧見備註/See Remarks 7.1 (d)(vi)(b) ‧見備註/See Remarks 7.1 (d)(vii)(a) ‧見備註/See Remarks 7.1 (d)(x)(d) ‧見備註/See Remarks 7.1 (d)(xvi)(a) ‧見備註/See Remarks 7.1 (d)(xvii)(a) ‧見備註/See Remarks 7.1 (d)(xviii)(a),
2024-04-15,2024-04-22,,第21A座 Tower 21A,15,C,,8713700,,‧價單第6B號 (H2)付款辦法 Payment Plan (H2) of Price List No.6B ‧見備註/See Remarks 7.1 (c)(i)(j) ‧見備註/See Remarks 7.1 (c)(ii)(a) ‧見備註/See Remarks 7.1 (c)(iv)(a) ‧見備註/See Remarks 7.1 (c)(v)(b) ‧見備註/See Remarks 7.1 (c)(vi)(a) ‧見備註/See Remarks 7.1 (d)(i)(l) ‧見備註/See Remarks 7.1 (d)(ii)(l) ‧見備註/See Remarks 7.1 (d)(iii)(g) ‧見備註/See Remarks 7.1 (d)(vii)(a) ‧見備註/See Remarks 7.1 (d)(x)(d) ‧見備註/See Remarks 7.1 (d)(xvi)(a) ‧見備註/See Remarks 7.1 (d)(xvii)(a) ‧見備註/See Remarks 7.1 (d)(xviii)(a),
2024-05-11,2024-05-20,,第21A座 Tower 21A,5,D,,8583300,,‧價單第6B號 (H2)付款辦法 Payment Plan (H2) of Price List No.6B ‧見備註/See Remarks 7.1 (c)(i)(j) ‧見備註/See Remarks 7.1 (c)(ii)(a) ‧見備註/See Remarks 7.1 (c)(iv)(a) ‧見備註/See Remarks 7.1 (c)(vi)(a) ‧見備註/See Remarks 7.1 (d)(i)(l) ‧見備註/See Remarks 7.1 (d)(ii)(l) ‧見備註/See Remarks 7.1 (d)(iii)(g) ‧見備註/See Remarks 7.1 (d)(vi)(b) ‧見備註/See Remarks 7.1 (d)(vii)(a) ‧見備註/See Remarks 7.1 (d)(x)(d) ‧見備註/See Remarks 7.1 (d)(xvi)(a) ‧見備註/See Remarks 7.1 (d)(xvii)(a) ‧見備註/See Remarks 7.1 (d)(xviii)(a),
2024-05-11,2024-05-20,,第21B座 Tower 21B,5,B,,6741000,,‧價單第6B號 (H2)付款辦法 Payment Plan (H2) of Price List No.6B ‧見備註/See Remarks 7.1 (c)(i)(j) ‧見備註/See Remarks 7.1 (c)(ii)(a) ‧見備註/See Remarks 7.1 (c)(iv)(a) ‧見備註/See Remarks 7.1 (c)(vi)(a) ‧見備註/See Remarks 7.1 (d)(i)(l) ‧見備註/See Remarks 7.1 (d)(ii)(l) ‧見備註/See Remarks 7.1 (d)(iii)(g) ‧見備註/See Remarks 7.1 (d)(vi)(b) ‧見備註/See Remarks 7.1 (d)(vii)(a) ‧見備註/See Remarks 7.1 (d)(x)(d) ‧見備註/See Remarks 7.1 (d)(xvi)(a) ‧見備註/See Remarks 7.1 (d)(xvii)(a) ‧見備註/See Remarks 7.1 (d)(xviii)(a),
2024-06-15,2024-06-21,,第21A座 Tower 21A,5,C,,8532800,,‧價單第6B號 (H2)付款辦法 Payment Plan (H2) of Price List No.6B ‧見備註/See Remarks 7.1 (c)(i)(j) ‧見備註/See Remarks 7.1 (c)(ii)(a) ‧見備註/See Remarks 7.1 (c)(iv)(a) ‧見備註/See Remarks 7.1 (c)(v)(b) ‧見備註/See Remarks 7.1 (c)(vi)(a) ‧見備註/See Remarks 7.1 (d)(i)(l) ‧見備註/See Remarks 7.1 (d)(ii)(l) ‧見備註/See Remarks 7.1 (d)(iii)(g) ‧見備註/See Remarks 7.1 (d)(vii)(a) ‧見備註/See Remarks 7.1 (d)(x)(d) ‧見備註/See Remarks 7.1 (d)(xvi)(a) ‧見備註/See Remarks 7.1 (d)(xvii)(a) ‧見備註/See Remarks 7.1 (d)(xviii)(a),
2024-06-17,2024-06-24,,第21A座 Tower 21A,7,D,,8635500,,‧價單第6B號 (H2)付款辦法 Payment Plan (H2) of Price List No.6B ‧見備註/See Remarks 7.1 (c)(i)(j) ‧見備註/See Remarks 7.1 (c)(ii)(a) ‧見備註/See Remarks 7.1 (c)(iv)(a) ‧見備註/See Remarks 7.1 (c)(vi)(a) ‧見備註/See Remarks 7.1 (d)(i)(l) ‧見備註/See Remarks 7.1 (d)(ii)(l) ‧見備註/See Remarks 7.1 (d)(iii)(g) ‧見備註/See Remarks 7.1 (d)(vi)(b) ‧見備註/See Remarks 7.1 (d)(vii)(a) ‧見備註/See Remarks 7.1 (d)(x)(d) ‧見備註/See Remarks 7.1 (d)(xvi)(a) ‧見備註/See Remarks 7.1 (d)(xvii)(a) ‧見備註/See Remarks 7.1 (d)(xviii)(a),
2024-07-05,2024-07-12,,第22座 Tower 22,8,A,,12216500,,招標文件支付辦法(TF3) Payment Plan (TF3) of Tender Document ‧見備註/See Remarks 7.1 (d)(ii)(n) ‧見備註/See Remarks 7.1 (d)(vii)(a) ‧見備註/See Remarks 7.1 (d)(viii)(c) ‧見備註/See Remarks 7.1 (e)(v) ‧見備註/See Remarks 7.1 (d)(v)(b) ‧見備註/See Remarks 7.1 (d)(x)(e) ‧見備註/See Remarks 7.1 (d)(xi)(c) ‧見備註/See Remarks 7.1 (d)(xx)(a),
2024-07-20,2024-07-26,,第21B座 Tower 21B,8,B,,6792200,,‧價單第6B號 (H2)付款辦法 Payment Plan (H2) of Price List No.6B ‧見備註/See Remarks 7.1 (c)(i)(j) ‧見備註/See Remarks 7.1 (c)(ii)(a) ‧見備註/See Remarks 7.1 (c)(iv)(a) ‧見備註/See Remarks 7.1 (c)(v)(b) ‧見備註/See Remarks 7.1 (c)(vi)(a) ‧見備註/See Remarks 7.1 (d)(i)(l) ‧見備註/See Remarks 7.1 (d)(ii)(l) ‧見備註/See Remarks 7.1 (d)(iii)(g) ‧見備註/See Remarks 7.1 (d)(vii)(a) ‧見備註/See Remarks 7.1 (d)(x)(d) ‧見備註/See Remarks 7.1 (d)(xvi)(a) ‧見備註/See Remarks 7.1 (d)(xvii)(a) ‧見備註/See Remarks 7.1 (d)(xviii)(a),
2024-07-21,2024-07-26,2025-07-10,第21B座 Tower 21B,3,B,,6711200,,‧價單第6B號 (H2)付款辦法 Payment Plan (H2) of Price List No.6B ‧見備註/See Remarks 7.1 (c)(i)(j) ‧見備註/See Remarks 7.1 (c)(ii)(a) ‧見備註/See Remarks 7.1 (c)(iv)(a) ‧見備註/See Remarks 7.1 (c)(v)(b) ‧見備註/See Remarks 7.1 (c)(vi)(a) ‧見備註/See Remarks 7.1 (d)(i)(l) ‧見備註/See Remarks 7.1 (d)(ii)(l) ‧見備註/See Remarks 7.1 (d)(iii)(g) ‧見備註/See Remarks 7.1 (d)(vii)(a) ‧見備註/See Remarks 7.1 (d)(x)(d) ‧見備註/See Remarks 7.1 (d)(xvi)(a) ‧見備註/See Remarks 7.1 (d)(xvii)(a) ‧見備註/See Remarks 7.1 (d)(xviii)(a),
2024-09-21,2024-09-27,,第21A座 Tower 21A,10,B,,8289700,,招標文件支付辦法(TF3) Payment Plan (TF3) of Tender Document ‧見備註/See Remarks 7.1 (d)(ii)(n) ‧見備註/See Remarks 7.1 (d)(vii)(a) ‧見備註/See Remarks 7.1 (d)(viii)(c) ‧見備註/See Remarks 7.1 (e)(v) ‧見備註/See Remarks 7.1 (d)(v)(b) ‧見備註/See Remarks 7.1 (d)(x)(e) ‧見備註/See Remarks 7.1 (d)(xi)(c) ‧見備註/See Remarks 7.1 (d)(xx)(a),
2024-09-29,2024-10-07,,第22座 Tower 22,9,A,,12228130,,招標文件支付辦法(TF3) Payment Plan (TF3) of Tender Document ‧見備註/See Remarks 7.1 (d)(ii)(n) ‧見備註/See Remarks 7.1 (d)(vii)(a) ‧見備註/See Remarks 7.1 (d)(viii)(c) ‧見備註/See Remarks 7.1 (e)(v) ‧見備註/See Remarks 7.1 (d)(v)(b) ‧見備註/See Remarks 7.1 (d)(x)(e) ‧見備註/See Remarks 7.1 (d)(xi)(c) ‧見備註/See Remarks 7.1 (d)(xx)(a),
2024-09-30,2024-10-08,,第21A座 Tower 21A,9,B,,8180000,,招標文件支付辦法(TF3) Payment Plan (TF3) of Tender Document ‧見備註/See Remarks 7.1 (d)(ii)(n) ‧見備註/See Remarks 7.1 (d)(vi)(d) ‧見備註/See Remarks 7.1 (d)(vii)(a) ‧見備註/See Remarks 7.1 (d)(viii)(c) ‧見備註/See Remarks 7.1 (e)(v) ‧見備註/See Remarks 7.1 (d)(v)(b) ‧見備註/See Remarks 7.1 (d)(x)(e) ‧見備註/See Remarks 7.1 (d)(xi)(c) ‧見備註/See Remarks 7.1 (d)(xx)(a),
2024-10-02,2024-10-09,,第21A座 Tower 21A,12,A,,9780000,,招標文件支付辦法(TF3) Payment Plan (TF3) of Tender Document ‧見備註/See Remarks 7.1 (d)(ii)(n) ‧見備註/See Remarks 7.1 (d)(vii)(a) ‧見備註/See Remarks 7.1 (d)(viii)(c) ‧見備註/See Remarks 7.1 (e)(v) ‧見備註/See Remarks 7.1 (d)(v)(b) ‧見備註/See Remarks 7.1 (d)(x)(e) ‧見備註/See Remarks 7.1 (d)(xi)(c) ‧見備註/See Remarks 7.1 (d)(xx)(a),
2024-10-28,2024-11-04,,第22座 Tower 22,8,B,,10600000,,招標文件支付辦法(TF3) Payment Plan (TF3) of Tender Document ‧見備註/See Remarks 7.1 (d)(ii)(n) ‧見備註/See Remarks 7.1 (d)(vii)(a) ‧見備註/See Remarks 7.1 (d)(viii)(c) ‧見備註/See Remarks 7.1 (e)(v) ‧見備註/See Remarks 7.1 (d)(v)(b) ‧見備註/See Remarks 7.1 (d)(x)(e) ‧見備註/See Remarks 7.1 (d)(xi)(c) ‧見備註/See Remarks 7.1 (d)(xx)(a),
2024-10-28,2024-11-04,,第21A座 Tower 21A,9,A,,9434800,,招標文件支付辦法(TF3) Payment Plan (TF3) of Tender Document ‧見備註/See Remarks 7.1 (d)(ii)(n) ‧見備註/See Remarks 7.1 (d)(vii)(a) ‧見備註/See Remarks 7.1 (d)(viii)(c) ‧見備註/See Remarks 7.1 (e)(v) ‧見備註/See Remarks 7.1 (d)(v)(b) ‧見備註/See Remarks 7.1 (d)(x)(e) ‧見備註/See Remarks 7.1 (d)(xi)(c) ‧見備註/See Remarks 7.1 (d)(xx)(a),
2024-10-28,2024-11-04,,第21A座 Tower 21A,12,B,,8504800,,招標文件支付辦法(TF3) Payment Plan (TF3) of Tender Document ‧見備註/See Remarks 7.1 (d)(ii)(n) ‧見備註/See Remarks 7.1 (d)(vi)(d) ‧見備註/See Remarks 7.1 (d)(vii)(a) ‧見備註/See Remarks 7.1 (d)(viii)(c) ‧見備註/See Remarks 7.1 (e)(v) ‧見備註/See Remarks 7.1 (d)(v)(b) ‧見備註/See Remarks 7.1 (d)(x)(e) ‧見備註/See Remarks 7.1 (d)(xi)(c) ‧見備註/See Remarks 7.1 (d)(xx)(a),
2024-10-29,2024-11-05,,第21B座 Tower 21B,2,B,,6701400,,‧價單第6D號 (H2)付款辦法 Payment Plan (H2) of Price List No.6D ‧見備註/See Remarks 7.1 (c)(i)(j) ‧見備註/See Remarks 7.1 (c)(ii)(a) ‧見備註/See Remarks 7.1 (c)(iv)(a) ‧見備註/See Remarks 7.1 (c)(vi)(a) ‧見備註/See Remarks 7.1 (d)(i)(l) ‧見備註/See Remarks 7.1 (d)(ii)(l) ‧見備註/See Remarks 7.1 (d)(iii)(g) ‧見備註/See Remarks 7.1 (d)(vi)(e) ‧見備註/See Remarks 7.1 (d)(vii)(a) ‧見備註/See Remarks 7.1 (d)(x)(d) ‧見備註/See Remarks 7.1 (d)(xvi)(a) ‧見備註/See Remarks 7.1 (d)(xvii)(a) ‧見備註/See Remarks 7.1 (d)(xviii)(a),
2024-11-05,2024-11-12,,第22座 Tower 22,9,B,,10915000,,招標文件支付辦法(TF3) Payment Plan (TF3) of Tender Document ‧見備註/See Remarks 7.1 (d)(ii)(n) ‧見備註/See Remarks 7.1 (d)(vii)(a) ‧見備註/See Remarks 7.1 (d)(viii)(c) ‧見備註/See Remarks 7.1 (e)(v) ‧見備註/See Remarks 7.1 (d)(v)(b) ‧見備註/See Remarks 7.1 (d)(x)(e) ‧見備註/See Remarks 7.1 (d)(xi)(c) ‧見備註/See Remarks 7.1 (d)(xx)(a),
2024-11-05,2024-11-12,,第21A座 Tower 21A,7,B,,8328800,,招標文件支付辦法(TF3) Payment Plan (TF3) of Tender Document ‧見備註/See Remarks 7.1 (d)(ii)(n) ‧見備註/See Remarks 7.1 (d)(vi)(d) ‧見備註/See Remarks 7.1 (d)(vii)(a) ‧見備註/See Remarks 7.1 (d)(viii)(c) ‧見備註/See Remarks 7.1 (e)(v) ‧見備註/See Remarks 7.1 (d)(v)(b) ‧見備註/See Remarks 7.1 (d)(x)(e) ‧見備註/See Remarks 7.1 (d)(xi)(c) ‧見備註/See Remarks 7.1 (d)(xx)(a),
2024-11-16,2024-11-22,,第22座 Tower 22,10,A,,12239730,,招標文件支付辦法(TF3) Payment Plan (TF3) of Tender Document ‧見備註/See Remarks 7.1 (d)(ii)(n) ‧見備註/See Remarks 7.1 (d)(vii)(a) ‧見備註/See Remarks 7.1 (d)(viii)(c) ‧見備註/See Remarks 7.1 (e)(v) ‧見備註/See Remarks 7.1 (d)(v)(b) ‧見備註/See Remarks 7.1 (d)(x)(e) ‧見備註/See Remarks 7.1 (d)(xi)(c) ‧見備註/See Remarks 7.1 (d)(xx)(a),
2025-01-09,2025-01-16,,第21B座 Tower 21B,6,A,,7902800,,‧價單第6D號 (H2)付款辦法 Payment Plan (H2) of Price List No.6D ‧見備註/See Remarks 7.1 (c)(i)(j) ‧見備註/See Remarks 7.1 (c)(ii)(a) ‧見備註/See Remarks 7.1 (c)(iv)(a) ‧見備註/See Remarks 7.1 (c)(v)(b) ‧見備註/See Remarks 7.1 (c)(vi)(a) ‧見備註/See Remarks 7.1 (d)(i)(l) ‧見備註/See Remarks 7.1 (d)(ii)(l) ‧見備註/See Remarks 7.1 (d)(iii)(g) ‧見備註/See Remarks 7.1 (d)(vii)(a) ‧見備註/See Remarks 7.1 (d)(x)(d) ‧見備註/See Remarks 7.1 (d)(xvi)(a) ‧見備註/See Remarks 7.1 (d)(xvii)(a) ‧見備註/See Remarks 7.1 (d)(xviii)(a),
2025-02-03,2025-02-10,,第22座 Tower 22,11,A,,12280000,,招標文件支付辦法(TF3) Payment Plan (TF3) of Tender Document ‧見備註/See Remarks 7.1 (d)(ii)(n) ‧見備註/See Remarks 7.1 (d)(vii)(a) ‧見備註/See Remarks 7.1 (d)(viii)(c) ‧見備註/See Remarks 7.1 (e)(v) ‧見備註/See Remarks 7.1 (d)(v)(b) ‧見備註/See Remarks 7.1 (d)(x)(e) ‧見備註/See Remarks 7.1 (d)(xi)(c) ‧見備註/See Remarks 7.1 (d)(xx)(a),
2025-03-22,2025-03-28,,第21A座 Tower 21A,15,D,,8756000,,‧價單第6D號 (H2)付款辦法 Payment Plan (H2) of Price List No.6D ‧見備註/See Remarks 7.1 (c)(i)(j) ‧見備註/See Remarks 7.1 (c)(ii)(a) ‧見備註/See Remarks 7.1 (c)(iv)(a) ‧見備註/See Remarks 7.1 (c)(v)(b) ‧見備註/See Remarks 7.1 (c)(vi)(a) ‧見備註/See Remarks 7.1 (d)(i)(l) ‧見備註/See Remarks 7.1 (d)(ii)(l) ‧見備註/See Remarks 7.1 (d)(iii)(g) ‧見備註/See Remarks 7.1 (d)(vii)(a) ‧見備註/See Remarks 7.1 (d)(x)(d) ‧見備註/See Remarks 7.1 (d)(xvi)(a) ‧見備註/See Remarks 7.1 (d)(xvii)(a) ‧見備註/See Remarks 7.1 (d)(xviii)(a),
2025-04-07,2025-04-14,,第21A座 Tower 21A,11,B,,8472400,,招標文件支付辦法(TF3) Payment Plan (TF3) of Tender Document ‧見備註/See Remarks 7.1 (d)(ii)(n) ‧見備註/See Remarks 7.1 (d)(vi)(d) ‧見備註/See Remarks 7.1 (d)(vii)(a) ‧見備註/See Remarks 7.1 (d)(viii)(c) ‧見備註/See Remarks 7.1 (e)(v) ‧見備註/See Remarks 7.1 (d)(v)(b) ‧見備註/See Remarks 7.1 (d)(x)(e) ‧見備註/See Remarks 7.1 (d)(xi)(c) ‧見備註/See Remarks 7.1 (d)(xx)(a),
2025-04-11,2025-04-22,,第21A座 Tower 21A,8,B,,8257000,,招標文件支付辦法(TF3) Payment Plan (TF3) of Tender Document ‧見備註/See Remarks 7.1 (d)(ii)(n) ‧見備註/See Remarks 7.1 (d)(vi)(d) ‧見備註/See Remarks 7.1 (d)(vii)(a) ‧見備註/See Remarks 7.1 (d)(viii)(c) ‧見備註/See Remarks 7.1 (e)(v) ‧見備註/See Remarks 7.1 (d)(v)(b) ‧見備註/See Remarks 7.1 (d)(x)(e) ‧見備註/See Remarks 7.1 (d)(xi)(c) ‧見備註/See Remarks 7.1 (d)(xx)(a),
2025-05-17,2025-05-23,,第21A座 Tower 21A,15,A,,9862400,,招標文件支付辦法(TF3) Payment Plan (TF3) of Tender Document ‧見備註/See Remarks 7.1 (d)(ii)(n) ‧見備註/See Remarks 7.1 (d)(vi)(e) ‧見備註/See Remarks 7.1 (d)(vii)(a) ‧見備註/See Remarks 7.1 (d)(viii)(c) ‧見備註/See Remarks 7.1 (e)(v) ‧見備註/See Remarks 7.1 (d)(v)(b) ‧見備註/See Remarks 7.1 (d)(x)(e) ‧見備註/See Remarks 7.1 (d)(xi)(c) ‧見備註/See Remarks 7.1 (d)(xx)(a),
2025-05-17,2025-05-23,,第21A座 Tower 21A,1,A,,9545000,,招標文件支付辦法(TF3) Payment Plan (TF3) of Tender Document ‧見備註/See Remarks 7.1 (d)(ii)(n) ‧見備註/See Remarks 7.1 (d)(vii)(a) ‧見備註/See Remarks 7.1 (d)(viii)(c) ‧見備註/See Remarks 7.1 (e)(v) ‧見備註/See Remarks 7.1 (d)(v)(b) ‧見備註/See Remarks 7.1 (d)(x)(e) ‧見備註/See Remarks 7.1 (d)(xi)(c) ‧見備註/See Remarks 7.1 (d)(xx)(a),
2025-05-31,2025-06-06,,第21A座 Tower 21A,6,D,,8599400,,‧價單第6D號 (H2)付款辦法 Payment Plan (H2) of Price List No.6D ‧見備註/See Remarks 7.1 (c)(i)(j) ‧見備註/See Remarks 7.1 (c)(ii)(a) ‧見備註/See Remarks 7.1 (c)(iv)(a) ‧見備註/See Remarks 7.1 (c)(v)(b) ‧見備註/See Remarks 7.1 (c)(vi)(a) ‧見備註/See Remarks 7.1 (d)(i)(l) ‧見備註/See Remarks 7.1 (d)(ii)(l) ‧見備註/See Remarks 7.1 (d)(iii)(g) ‧見備註/See Remarks 7.1 (d)(vii)(a) ‧見備註/See Remarks 7.1 (d)(x)(d) ‧見備註/See Remarks 7.1 (d)(xvi)(a) ‧見備註/See Remarks 7.1 (d)(xvii)(a) ‧見備註/See Remarks 7.1 (d)(xviii)(a),
2025-06-16,2025-06-23,,第20座 Tower 20,9,A,,14875000,,招標文件支付辦法(TF3) Payment Plan (TF3) of Tender Document ‧見備註/See Remarks 7.1 (d)(ii)(n) ‧見備註/See Remarks 7.1 (d)(vii)(a) ‧見備註/See Remarks 7.1 (d)(viii)(c) ‧見備註/See Remarks 7.1 (e)(v) ‧見備註/See Remarks 7.1 (d)(v)(b) ‧見備註/See Remarks 7.1 (d)(x)(e) ‧見備註/See Remarks 7.1 (d)(xi)(c) ‧見備註/See Remarks 7.1 (d)(xx)(a),
2025-06-28,2025-07-07,,第21A座 Tower 21A,15,B,,9341180,,招標文件支付辦法(TF3) Payment Plan (TF3) of Tender Document ‧見備註/See Remarks 7.1 (d)(ii)(n) ‧見備註/See Remarks 7.1 (d)(vii)(a) ‧見備註/See Remarks 7.1 (d)(viii)(c) ‧見備註/See Remarks 7.1 (e)(v) ‧見備註/See Remarks 7.1 (d)(v)(b) ‧見備註/See Remarks 7.1 (d)(x)(e) ‧見備註/See Remarks 7.1 (d)(xi)(c) ‧見備註/See Remarks 7.1 (d)(xx)(a),
2025-07-04,2025-07-11,,第21A座 Tower 21A,6,B,,8616000,,招標文件支付辦法(TF3) Payment Plan (TF3) of Tender Document ‧見備註/See Remarks 7.1 (d)(ii)(n) ‧見備註/See Remarks 7.1 (d)(vi)(e) ‧見備註/See Remarks 7.1 (d)(vii)(a) ‧見備註/See Remarks 7.1 (d)(viii)(c) ‧見備註/See Remarks 7.1 (e)(v) ‧見備註/See Remarks 7.1 (d)(v)(b) ‧見備註/See Remarks 7.1 (d)(x)(e) ‧見備註/See Remarks 7.1 (d)(xi)(c) ‧見備註/See Remarks 7.1 (d)(xx)(a),
2025-07-09,2025-07-16,,第22座 Tower 22,18,B,,11007500,,招標文件支付辦法(TF3) Payment Plan (TF3) of Tender Document ‧見備註/See Remarks 7.1 (d)(ii)(n) ‧見備註/See Remarks 7.1 (d)(vii)(a) ‧見備註/See Remarks 7.1 (d)(viii)(c) ‧見備註/See Remarks 7.1 (e)(v) ‧見備註/See Remarks 7.1 (d)(v)(b) ‧見備註/See Remarks 7.1 (d)(x)(e) ‧見備註/See Remarks 7.1 (d)(xi)(c) ‧見備註/See Remarks 7.1 (d)(xx)(a),
2025-07-14,2025-07-21,,第21B座 Tower 21B,6,D,,8002800,,‧價單第6D號 (H2)付款辦法 Payment Plan (H2) of Price List No.6D ‧見備註/See Remarks 7.1 (c)(i)(j) ‧見備註/See Remarks 7.1 (c)(ii)(a) ‧見備註/See Remarks 7.1 (c)(iv)(a) ‧見備註/See Remarks 7.1 (c)(vi)(a) ‧見備註/See Remarks 7.1 (d)(i)(l) ‧見備註/See Remarks 7.1 (d)(ii)(l) ‧見備註/See Remarks 7.1 (d)(iii)(g) ‧見備註/See Remarks 7.1 (d)(vi)(e) ‧見備註/See Remarks 7.1 (d)(vii)(a) ‧見備註/See Remarks 7.1 (d)(x)(d) ‧見備註/See Remarks 7.1 (d)(xvi)(a) ‧見備註/See Remarks 7.1 (d)(xvii)(a) ‧見備註/See Remarks 7.1 (d)(xviii)(a),
2025-08-09,2025-08-15,,第21A座 Tower 21A,8,A,,9393600,,招標文件支付辦法(TF3) Payment Plan (TF3) of Tender Document ‧見備註/See Remarks 7.1 (d)(ii)(n) ‧見備註/See Remarks 7.1 (d)(vi)(e) ‧見備註/See Remarks 7.1 (d)(vii)(a) ‧見備註/See Remarks 7.1 (d)(viii)(c) ‧見備註/See Remarks 7.1 (e)(v) ‧見備註/See Remarks 7.1 (d)(v)(b) ‧見備註/See Remarks 7.1 (d)(x)(e) ‧見備註/See Remarks 7.1 (d)(xi)(c) ‧見備註/See Remarks 7.1 (d)(xx)(a),
2025-08-18,2025-08-25,,第21A座 Tower 21A,7,A,,9319500,,招標文件支付辦法(TF3) Payment Plan (TF3) of Tender Document ‧見備註/See Remarks 7.1 (d)(ii)(n) ‧見備註/See Remarks 7.1 (d)(vi)(e) ‧見備註/See Remarks 7.1 (d)(vii)(a) ‧見備註/See Remarks 7.1 (d)(viii)(c) ‧見備註/See Remarks 7.1 (e)(v) ‧見備註/See Remarks 7.1 (d)(v)(b) ‧見備註/See Remarks 7.1 (d)(x)(e) ‧見備註/See Remarks 7.1 (d)(xi)(c) ‧見備註/See Remarks 7.1 (d)(xx)(a),
2025-08-19,2025-08-26,,第21A座 Tower 21A,5,B,,8580100,,招標文件支付辦法(TF3) Payment Plan (TF3) of Tender Document ‧見備註/See Remarks 7.1 (d)(ii)(n) ‧見備註/See Remarks 7.1 (d)(vi)(e) ‧見備註/See Remarks 7.1 (d)(vii)(a) ‧見備註/See Remarks 7.1 (d)(viii)(c) ‧見備註/See Remarks 7.1 (e)(v) ‧見備註/See Remarks 7.1 (d)(v)(b) ‧見備註/See Remarks 7.1 (d)(x)(e) ‧見備註/See Remarks 7.1 (d)(xi)(c) ‧見備註/See Remarks 7.1 (d)(xx)(a),
2025-08-20,2025-08-27,,第21A座 Tower 21A,1,B,,8688000,,招標文件支付辦法(TF3) Payment Plan (TF3) of Tender Document ‧見備註/See Remarks 7.1 (d)(ii)(n) ‧見備註/See Remarks 7.1 (d)(vi)(e) ‧見備註/See Remarks 7.1 (d)(vii)(a) ‧見備註/See Remarks 7.1 (d)(viii)(c) ‧見備註/See Remarks 7.1 (e)(v) ‧見備註/See Remarks 7.1 (d)(v)(b) ‧見備註/See Remarks 7.1 (d)(x)(e) ‧見備註/See Remarks 7.1 (d)(xi)(c) ‧見備註/See Remarks 7.1 (d)(xx)(a),
2025-09-06,2025-09-15,,第21A座 Tower 21A,3,D,,8140800,,招標文件支付辦法(TF3) Payment Plan (TF3) of Tender Document ‧見備註/See Remarks 7.1 (d)(ii)(n) ‧見備註/See Remarks 7.1 (d)(vii)(a) ‧見備註/See Remarks 7.1 (e)(v) ‧見備註/See Remarks 7.1 (d)(v)(b) ‧見備註/See Remarks 7.1 (d)(x)(e) ‧見備註/See Remarks 7.1 (d)(xi)(c) ‧見備註/See Remarks 7.1 (d)(xx)(a),
2025-09-06,2025-09-15,,第21B座 Tower 21B,9,D,,6870000,,招標文件支付辦法(TF3) Payment Plan (TF3) of Tender Document ‧見備註/See Remarks 7.1 (d)(ii)(n) ‧見備註/See Remarks 7.1 (d)(vii)(a) ‧見備註/See Remarks 7.1 (e)(v) ‧見備註/See Remarks 7.1 (d)(v)(b) ‧見備註/See Remarks 7.1 (d)(x)(e) ‧見備註/See Remarks 7.1 (d)(xi)(c) ‧見備註/See Remarks 7.1 (d)(xx)(a),
2025-09-11,2025-09-18,,第21A座 Tower 21A,6,A,,9327680,,招標文件支付辦法(TF3) Payment Plan (TF3) of Tender Document ‧見備註/See Remarks 7.1 (d)(ii)(n) ‧見備註/See Remarks 7.1 (d)(vi)(e) ‧見備註/See Remarks 7.1 (d)(vii)(a) ‧見備註/See Remarks 7.1 (d)(viii)(c) ‧見備註/See Remarks 7.1 (e)(v) ‧見備註/See Remarks 7.1 (d)(v)(b) ‧見備註/See Remarks 7.1 (d)(x)(e) ‧見備註/See Remarks 7.1 (d)(xi)(c) ‧見備註/See Remarks 7.1 (d)(xx)(a),
2025-09-17,2025-09-26,,第21B座 Tower 21B,11,A,,6830000,,招標文件支付辦法(TF3) Payment Plan (TF3) of Tender Document ‧見備註/See Remarks 7.1 (d)(ii)(n) ‧見備註/See Remarks 7.1 (d)(vii)(a) ‧見備註/See Remarks 7.1 (e)(v) ‧見備註/See Remarks 7.1 (d)(v)(b) ‧見備註/See Remarks 7.1 (d)(x)(e) ‧見備註/See Remarks 7.1 (d)(xi)(c) ‧見備註/See Remarks 7.1 (d)(xx)(a),
2025-09-22,2025-10-02,,第21B座 Tower 21B,9,A,,6880000,,招標文件支付辦法(TF3) Payment Plan (TF3) of Tender Document ‧見備註/See Remarks 7.1 (d)(ii)(n) ‧見備註/See Remarks 7.1 (d)(vi)(e) ‧見備註/See Remarks 7.1 (d)(vii)(a) ‧見備註/See Remarks 7.1 (e)(v) ‧見備註/See Remarks 7.1 (d)(v)(b) ‧見備註/See Remarks 7.1 (d)(x)(e) ‧見備註/See Remarks 7.1 (d)(xi)(c) ‧見備註/See Remarks 7.1 (d)(xx)(a),
2025-09-22,2025-10-02,,第21B座 Tower 21B,3,B,,6087500,,招標文件支付辦法(TF3) Payment Plan (TF3) of Tender Document ‧見備註/See Remarks 7.1 (d)(ii)(n) ‧見備註/See Remarks 7.1 (d)(vi)(e) ‧見備註/See Remarks 7.1 (d)(vii)(a) ‧見備註/See Remarks 7.1 (e)(v) ‧見備註/See Remarks 7.1 (d)(v)(b) ‧見備註/See Remarks 7.1 (d)(x)(e) ‧見備註/See Remarks 7.1 (d)(xi)(c) ‧見備註/See Remarks 7.1 (d)(xx)(a),
2025-09-22,2025-09-29,,第21B座 Tower 21B,8,D,,6783000,,招標文件支付辦法(TF3) Payment Plan (TF3) of Tender Document ‧見備註/See Remarks 7.1 (d)(ii)(n) ‧見備註/See Remarks 7.1 (d)(vi)(e) ‧見備註/See Remarks 7.1 (d)(vii)(a) ‧見備註/See Remarks 7.1 (e)(v) ‧見備註/See Remarks 7.1 (d)(v)(b) ‧見備註/See Remarks 7.1 (d)(x)(e) ‧見備註/See Remarks 7.1 (d)(xi)(c) ‧見備註/See Remarks 7.1 (d)(xx)(a),
2025-10-02,2025-10-10,,第21A座 Tower 21A,5,A,,9335920,,招標文件支付辦法(TF3) Payment Plan (TF3) of Tender Document ‧見備註/See Remarks 7.1 (d)(ii)(n) ‧見備註/See Remarks 7.1 (d)(vi)(e) ‧見備註/See Remarks 7.1 (d)(vii)(a) ‧見備註/See Remarks 7.1 (d)(viii)(c) ‧見備註/See Remarks 7.1 (e)(v) ‧見備註/See Remarks 7.1 (d)(v)(b) ‧見備註/See Remarks 7.1 (d)(x)(e) ‧見備註/See Remarks 7.1 (d)(xi)(c) ‧見備註/See Remarks 7.1 (d)(xx)(a),
2025-10-04,2025-10-13,,第21A座 Tower 21A,8,C,,7975800,,招標文件支付辦法(TF3) Payment Plan (TF3) of Tender Document ‧見備註/See Remarks 7.1 (d)(ii)(n) ‧見備註/See Remarks 7.1 (d)(vi)(e) ‧見備註/See Remarks 7.1 (d)(vii)(a) ‧見備註/See Remarks 7.1 (e)(v) ‧見備註/See Remarks 7.1 (d)(v)(b) ‧見備註/See Remarks 7.1 (d)(x)(e) ‧見備註/See Remarks 7.1 (d)(xi)(c) ‧見備註/See Remarks 7.1 (d)(xx)(a),
2025-10-06,2025-10-14,,第21A座 Tower 21A,11,A,,9713200,,招標文件支付辦法(TF3) Payment Plan (TF3) of Tender Document ‧見備註/See Remarks 7.1 (d)(ii)(n) ‧見備註/See Remarks 7.1 (d)(vii)(a) ‧見備註/See Remarks 7.1 (d)(viii)(c) ‧見備註/See Remarks 7.1 (e)(v) ‧見備註/See Remarks 7.1 (d)(v)(b) ‧見備註/See Remarks 7.1 (d)(x)(e) ‧見備註/See Remarks 7.1 (d)(xi)(c) ‧見備註/See Remarks 7.1 (d)(xx)(a),
2025-10-06,2025-10-14,,第21B座 Tower 21B,11,D,,6868000,,招標文件支付辦法(TF3) Payment Plan (TF3) of Tender Document ‧見備註/See Remarks 7.1 (d)(ii)(n) ‧見備註/See Remarks 7.1 (d)(vii)(a) ‧見備註/See Remarks 7.1 (e)(v) ‧見備註/See Remarks 7.1 (d)(v)(b) ‧見備註/See Remarks 7.1 (d)(x)(e) ‧見備註/See Remarks 7.1 (d)(xi)(c) ‧見備註/See Remarks 7.1 (d)(xx)(a),
2025-10-09,2025-10-16,,第21B座 Tower 21B,5,D,,6750000,,招標文件支付辦法(TF3) Payment Plan (TF3) of Tender Document ‧見備註/See Remarks 7.1 (d)(ii)(n) ‧見備註/See Remarks 7.1 (d)(vii)(a) ‧見備註/See Remarks 7.1 (e)(v) ‧見備註/See Remarks 7.1 (d)(v)(b) ‧見備註/See Remarks 7.1 (d)(x)(e) ‧見備註/See Remarks 7.1 (d)(xi)(c) ‧見備註/See Remarks 7.1 (d)(xx)(a),
2025-10-20,2025-10-27,,第21B座 Tower 21B,12,D,,6886880,,招標文件支付辦法(TF3) Payment Plan (TF3) of Tender Document ‧見備註/See Remarks 7.1 (d)(ii)(n) ‧見備註/See Remarks 7.1 (d)(vi)(e) ‧見備註/See Remarks 7.1 (d)(vii)(a) ‧見備註/See Remarks 7.1 (e)(v) ‧見備註/See Remarks 7.1 (d)(v)(b) ‧見備註/See Remarks 7.1 (d)(x)(e) ‧見備註/See Remarks 7.1 (d)(xi)(c) ‧見備註/See Remarks 7.1 (d)(xx)(a),
2025-10-21,2025-10-28,,第21B座 Tower 21B,10,D,,7024160,,招標文件支付辦法(TF3) Payment Plan (TF3) of Tender Document ‧見備註/See Remarks 7.1 (d)(ii)(n) ‧見備註/See Remarks 7.1 (d)(vii)(a) ‧見備註/See Remarks 7.1 (e)(v) ‧見備註/See Remarks 7.1 (d)(v)(b) ‧見備註/See Remarks 7.1 (d)(x)(e) ‧見備註/See Remarks 7.1 (d)(xi)(c) ‧見備註/See Remarks 7.1 (d)(xx)(a),
2025-10-23,2025-10-31,,第21A座 Tower 21A,6,C,,7982000,,招標文件支付辦法(TF3) Payment Plan (TF3) of Tender Document ‧見備註/See Remarks 7.1 (d)(ii)(n) ‧見備註/See Remarks 7.1 (d)(vi)(e) ‧見備註/See Remarks 7.1 (d)(vii)(a) ‧見備註/See Remarks 7.1 (e)(v) ‧見備註/See Remarks 7.1 (d)(v)(b) ‧見備註/See Remarks 7.1 (d)(x)(e) ‧見備註/See Remarks 7.1 (d)(xi)(c) ‧見備註/See Remarks 7.1 (d)(xx)(a),
2025-10-27,2025-11-04,,第21B座 Tower 21B,3,D,,6738160,,招標文件支付辦法(TF3) Payment Plan (TF3) of Tender Document ‧見備註/See Remarks 7.1 (d)(ii)(n) ‧見備註/See Remarks 7.1 (d)(vi)(e) ‧見備註/See Remarks 7.1 (d)(vii)(a) ‧見備註/See Remarks 7.1 (e)(v) ‧見備註/See Remarks 7.1 (d)(v)(b) ‧見備註/See Remarks 7.1 (d)(x)(e) ‧見備註/See Remarks 7.1 (d)(xi)(c) ‧見備註/See Remarks 7.1 (d)(xx)(a),
2025-11-04,2025-11-11,,第21A座 Tower 21A,8,D,,8458800,,招標文件支付辦法(TF3) Payment Plan (TF3) of Tender Document ‧見備註/See Remarks 7.1 (d)(ii)(n) ‧見備註/See Remarks 7.1 (d)(vi)(e) ‧見備註/See Remarks 7.1 (d)(vii)(a) ‧見備註/See Remarks 7.1 (e)(v) ‧見備註/See Remarks 7.1 (d)(v)(b) ‧見備註/See Remarks 7.1 (d)(x)(e) ‧見備註/See Remarks 7.1 (d)(xi)(c) ‧見備註/See Remarks 7.1 (d)(xx)(a),
2025-11-06,2025-11-13,,第22座 Tower 22,12,A,,12350000,,招標文件支付辦法(TF3) Payment Plan (TF3) of Tender Document ‧見備註/See Remarks 7.1 (d)(ii)(n) ‧見備註/See Remarks 7.1 (d)(vii)(a) ‧見備註/See Remarks 7.1 (d)(viii)(c) ‧見備註/See Remarks 7.1 (e)(v) ‧見備註/See Remarks 7.1 (d)(v)(b) ‧見備註/See Remarks 7.1 (d)(x)(e) ‧見備註/See Remarks 7.1 (d)(xi)(c) ‧見備註/See Remarks 7.1 (d)(xx)(a),
2025-11-06,2025-11-13,,第21B座 Tower 21B,2,D,,6700000,,招標文件支付辦法(TF3) Payment Plan (TF3) of Tender Document ‧見備註/See Remarks 7.1 (d)(ii)(n) ‧見備註/See Remarks 7.1 (d)(vi)(e) ‧見備註/See Remarks 7.1 (d)(vii)(a) ‧見備註/See Remarks 7.1 (e)(v) ‧見備註/See Remarks 7.1 (d)(v)(b) ‧見備註/See Remarks 7.1 (d)(x)(e) ‧見備註/See Remarks 7.1 (d)(xi)(c) ‧見備註/See Remarks 7.1 (d)(xx)(a),
2025-11-10,2025-11-17,,第21A座 Tower 21A,3,B,,8530000,,招標文件支付辦法(TF3) Payment Plan (TF3) of Tender Document ‧見備註/See Remarks 7.1 (d)(ii)(n) ‧見備註/See Remarks 7.1 (d)(vi)(e) ‧見備註/See Remarks 7.1 (d)(vii)(a) ‧見備註/See Remarks 7.1 (d)(viii)(c) ‧見備註/See Remarks 7.1 (e)(v) ‧見備註/See Remarks 7.1 (d)(v)(b) ‧見備註/See Remarks 7.1 (d)(x)(e) ‧見備註/See Remarks 7.1 (d)(xi)(c) ‧見備註/See Remarks 7.1 (d)(xx)(a),
2025-11-10,2025-11-17,,第21B座 Tower 21B,15,D,,7047040,,招標文件支付辦法(TF3) Payment Plan (TF3) of Tender Document ‧見備註/See Remarks 7.1 (d)(ii)(n) ‧見備註/See Remarks 7.1 (d)(vi)(e) ‧見備註/See Remarks 7.1 (d)(vii)(a) ‧見備註/See Remarks 7.1 (e)(v) ‧見備註/See Remarks 7.1 (d)(v)(b) ‧見備註/See Remarks 7.1 (d)(x)(e) ‧見備註/See Remarks 7.1 (d)(xi)(c) ‧見備註/See Remarks 7.1 (d)(xx)(a),
2025-11-17,2025-11-24,,第21B座 Tower 21B,7,A,,6910000,,招標文件支付辦法(TF3) Payment Plan (TF3) of Tender Document ‧見備註/See Remarks 7.1 (d)(ii)(n) ‧見備註/See Remarks 7.1 (d)(vi)(e) ‧見備註/See Remarks 7.1 (d)(vii)(a) ‧見備註/See Remarks 7.1 (e)(v) ‧見備註/See Remarks 7.1 (d)(v)(b) ‧見備註/See Remarks 7.1 (d)(x)(e) ‧見備註/See Remarks 7.1 (d)(xi)(c) ‧見備註/See Remarks 7.1 (d)(xx)(a),
2025-11-19,2025-11-26,,第21A座 Tower 21A,2,B,,8530000,,招標文件支付辦法(TF3) Payment Plan (TF3) of Tender Document ‧見備註/See Remarks 7.1 (d)(ii)(n) ‧見備註/See Remarks 7.1 (d)(vii)(a) ‧見備註/See Remarks 7.1 (d)(viii)(c) ‧見備註/See Remarks 7.1 (e)(v) ‧見備註/See Remarks 7.1 (d)(v)(b) ‧見備註/See Remarks 7.1 (d)(x)(e) ‧見備註/See Remarks 7.1 (d)(xi)(c) ‧見備註/See Remarks 7.1 (d)(xx)(a),
2025-12-01,2025-12-08,,第21B座 Tower 21B,15,A,,7436000,,招標文件支付辦法(TF3) Payment Plan (TF3) of Tender Document ‧見備註/See Remarks 7.1 (d)(ii)(n) ‧見備註/See Remarks 7.1 (d)(vii)(a) ‧見備註/See Remarks 7.1 (e)(v) ‧見備註/See Remarks 7.1 (d)(v)(b) ‧見備註/See Remarks 7.1 (d)(x)(e) ‧見備註/See Remarks 7.1 (d)(xi)(c) ‧見備註/See Remarks 7.1 (d)(xx)(a),
2025-12-09,2025-12-16,,第21A座 Tower 21A,3,A,,10464800,,招標文件支付辦法(TF3) Payment Plan (TF3) of Tender Document ‧見備註/See Remarks 7.1 (d)(ii)(n) ‧見備註/See Remarks 7.1 (d)(vi)(e) ‧見備註/See Remarks 7.1 (d)(vii)(a) ‧見備註/See Remarks 7.1 (d)(viii)(c) ‧見備註/See Remarks 7.1 (e)(v) ‧見備註/See Remarks 7.1 (d)(v)(b) ‧見備註/See Remarks 7.1 (d)(x)(e) ‧見備註/See Remarks 7.1 (d)(xi)(c) ‧見備註/See Remarks 7.1 (d)(xx)(a),
2025-12-15,2025-12-22,,第20座 Tower 20,6,B,,12162000,,招標文件支付辦法(TF3) Payment Plan (TF3) of Tender Document ‧見備註/See Remarks 7.1 (d)(ii)(n) ‧見備註/See Remarks 7.1 (d)(vii)(a) ‧見備註/See Remarks 7.1 (d)(viii)(c) ‧見備註/See Remarks 7.1 (e)(v) ‧見備註/See Remarks 7.1 (d)(v)(b) ‧見備註/See Remarks 7.1 (d)(x)(e) ‧見備註/See Remarks 7.1 (d)(xi)(c) ‧見備註/See Remarks 7.1 (d)(xx)(a),
2026-01-29,2026-02-05,,第21A座 Tower 21A,10,C,,8292300,,招標文件支付辦法(TF3) Payment Plan (TF3) of Tender Document ‧見備註/See Remarks 7.1 (d)(ii)(n) ‧見備註/See Remarks 7.1 (d)(vi)(e) ‧見備註/See Remarks 7.1 (d)(vii)(a) ‧見備註/See Remarks 7.1 (e)(v) ‧見備註/See Remarks 7.1 (d)(v)(b) ‧見備註/See Remarks 7.1 (d)(x)(e) ‧見備註/See Remarks 7.1 (d)(xi)(c) ‧見備註/See Remarks 7.1 (d)(xx)(a),
2026-02-02,2026-02-09,,第22座 Tower 22,1,D,,9313000,,招標文件支付辦法(TF3) Payment Plan (TF3) of Tender Document ‧見備註/See Remarks 7.1 (d)(ii)(n) ‧見備註/See Remarks 7.1 (d)(vi)(e) ‧見備註/See Remarks 7.1 (d)(vii)(a) ‧見備註/See Remarks 7.1 (d)(viii)(c) ‧見備註/See Remarks 7.1 (e)(v) ‧見備註/See Remarks 7.1 (d)(v)(b) ‧見備註/See Remarks 7.1 (d)(x)(e) ‧見備註/See Remarks 7.1 (d)(xi)(c) ‧見備註/See Remarks 7.1 (d)(xx)(a),
2026-02-02,2026-02-09,,第21A座 Tower 21A,3,C,,8292300,,招標文件支付辦法(TF3) Payment Plan (TF3) of Tender Document ‧見備註/See Remarks 7.1 (d)(ii)(n) ‧見備註/See Remarks 7.1 (d)(vi)(e) ‧見備註/See Remarks 7.1 (d)(vii)(a) ‧見備註/See Remarks 7.1 (e)(v) ‧見備註/See Remarks 7.1 (d)(v)(b) ‧見備註/See Remarks 7.1 (d)(x)(e) ‧見備註/See Remarks 7.1 (d)(xi)(c) ‧見備註/See Remarks 7.1 (d)(xx)(a),
2026-02-07,2026-02-13,,第21B座 Tower 21B,3,A,,7538960,,招標文件支付辦法(TF3) Payment Plan (TF3) of Tender Document ‧見備註/See Remarks 7.1 (d)(ii)(n) ‧見備註/See Remarks 7.1 (d)(vi)(e) ‧見備註/See Remarks 7.1 (d)(vii)(a) ‧見備註/See Remarks 7.1 (e)(v) ‧見備註/See Remarks 7.1 (d)(v)(b) ‧見備註/See Remarks 7.1 (d)(x)(e) ‧見備註/See Remarks 7.1 (d)(xi)(c) ‧見備註/See Remarks 7.1 (d)(xx)(a),
2026-02-09,2026-02-16,,第21A座 Tower 21A,2,D,,8395200,,招標文件支付辦法(TF3) Payment Plan (TF3) of Tender Document ‧見備註/See Remarks 7.1 (d)(ii)(n) ‧見備註/See Remarks 7.1 (d)(vi)(e) ‧見備註/See Remarks 7.1 (d)(vii)(a) ‧見備註/See Remarks 7.1 (e)(v) ‧見備註/See Remarks 7.1 (d)(v)(b) ‧見備註/See Remarks 7.1 (d)(x)(e) ‧見備註/See Remarks 7.1 (d)(xi)(c) ‧見備註/See Remarks 7.1 (d)(xx)(a),
2026-02-13,2026-02-25,,第22座 Tower 22,11,D,,9705400,,招標文件支付辦法(TF3) Payment Plan (TF3) of Tender Document ‧見備註/See Remarks 7.1 (d)(ii)(n) ‧見備註/See Remarks 7.1 (d)(vii)(a) ‧見備註/See Remarks 7.1 (d)(viii)(c) ‧見備註/See Remarks 7.1 (e)(v) ‧見備註/See Remarks 7.1 (d)(v)(b) ‧見備註/See Remarks 7.1 (d)(x)(e) ‧見備註/See Remarks 7.1 (d)(xi)(c) ‧見備註/See Remarks 7.1 (d)(xx)(a),
2026-02-14,2026-02-25,,第21A座 Tower 21A,10,D,,8598720,,招標文件支付辦法(TF3) Payment Plan (TF3) of Tender Document ‧見備註/See Remarks 7.1 (d)(ii)(n) ‧見備註/See Remarks 7.1 (d)(vii)(a) ‧見備註/See Remarks 7.1 (e)(v) ‧見備註/See Remarks 7.1 (d)(v)(b) ‧見備註/See Remarks 7.1 (d)(x)(e) ‧見備註/See Remarks 7.1 (d)(xi)(c) ‧見備註/See Remarks 7.1 (d)(xx)(a),
2026-02-25,2026-03-04,,第20座 Tower 20,1,B,,12392400,,招標文件支付辦法(TF3) Payment Plan (TF3) of Tender Document ‧見備註/See Remarks 7.1 (d)(ii)(n) ‧見備註/See Remarks 7.1 (d)(vii)(a) ‧見備註/See Remarks 7.1 (d)(viii)(c) ‧見備註/See Remarks 7.1 (e)(v) ‧見備註/See Remarks 7.1 (d)(v)(b) ‧見備註/See Remarks 7.1 (d)(x)(e) ‧見備註/See Remarks 7.1 (d)(xi)(c) ‧見備註/See Remarks 7.1 (d)(xx)(a),
2026-02-25,2026-03-04,,第21A座 Tower 21A,10,A,,11165200,,招標文件支付辦法(TF3) Payment Plan (TF3) of Tender Document ‧見備註/See Remarks 7.1 (d)(ii)(n) ‧見備註/See Remarks 7.1 (d)(vii)(a) ‧見備註/See Remarks 7.1 (d)(viii)(c) ‧見備註/See Remarks 7.1 (e)(v) ‧見備註/See Remarks 7.1 (d)(v)(b) ‧見備註/See Remarks 7.1 (d)(x)(e) ‧見備註/See Remarks 7.1 (d)(xi)(c) ‧見備註/See Remarks 7.1 (d)(xx)(a),
2026-03-04,2026-03-11,,第22座 Tower 22,6,A,,14202000,,招標文件支付辦法(TF3) Payment Plan (TF3) of Tender Document ‧見備註/See Remarks 7.1 (d)(ii)(n) ‧見備註/See Remarks 7.1 (d)(vii)(a) ‧見備註/See Remarks 7.1 (d)(viii)(c) ‧見備註/See Remarks 7.1 (e)(v) ‧見備註/See Remarks 7.1 (d)(v)(b) ‧見備註/See Remarks 7.1 (d)(x)(e) ‧見備註/See Remarks 7.1 (d)(xi)(c) ‧見備註/See Remarks 7.1 (d)(xx)(a),
2026-03-23,2026-03-30,,第21A座 Tower 21A,2,C,,8608800,,招標文件支付辦法(TF3) Payment Plan (TF3) of Tender Document ‧見備註/See Remarks 7.1 (d)(ii)(n) ‧見備註/See Remarks 7.1 (d)(vi)(e) ‧見備註/See Remarks 7.1 (d)(vii)(a) ‧見備註/See Remarks 7.1 (e)(v) ‧見備註/See Remarks 7.1 (d)(v)(b) ‧見備註/See Remarks 7.1 (d)(x)(e) ‧見備註/See Remarks 7.1 (d)(xi)(c) ‧見備註/See Remarks 7.1 (d)(xx)(a),
2026-03-25,2026-04-01,,第22座 Tower 22,10,D,,9923500,,招標文件支付辦法(TF3) Payment Plan (TF3) of Tender Document ‧見備註/See Remarks 7.1 (d)(ii)(n) ‧見備註/See Remarks 7.1 (d)(vi)(e) ‧見備註/See Remarks 7.1 (d)(vii)(a) ‧見備註/See Remarks 7.1 (d)(viii)(c) ‧見備註/See Remarks 7.1 (e)(v) ‧見備註/See Remarks 7.1 (d)(v)(b) ‧見備註/See Remarks 7.1 (d)(x)(e) ‧見備註/See Remarks 7.1 (d)(xi)(c) ‧見備註/See Remarks 7.1 (d)(xx)(a),
2026-04-03,2026-04-14,,第20座 Tower 20,8,B,,13141200,,招標文件支付辦法(TF3) Payment Plan (TF3) of Tender Document ‧見備註/See Remarks 7.1 (d)(ii)(n) ‧見備註/See Remarks 7.1 (d)(vii)(a) ‧見備註/See Remarks 7.1 (d)(viii)(c) ‧見備註/See Remarks 7.1 (e)(v) ‧見備註/See Remarks 7.1 (d)(v)(b) ‧見備註/See Remarks 7.1 (d)(x)(e) ‧見備註/See Remarks 7.1 (d)(xi)(c) ‧見備註/See Remarks 7.1 (d)(xx)(a),
2026-04-08,2026-04-15,,第21B座 Tower 21B,10,A,,8176600,,招標文件支付辦法(TF3) Payment Plan (TF3) of Tender Document ‧見備註/See Remarks 7.1 (d)(ii)(n) ‧見備註/See Remarks 7.1 (d)(vi)(e) ‧見備註/See Remarks 7.1 (d)(vii)(a) ‧見備註/See Remarks 7.1 (e)(v) ‧見備註/See Remarks 7.1 (d)(v)(b) ‧見備註/See Remarks 7.1 (d)(x)(e) ‧見備註/See Remarks 7.1 (d)(xi)(c) ‧見備註/See Remarks 7.1 (d)(xx)(a),
2026-04-13,2026-04-20,,第22座 Tower 22,17,A,,15000700,,招標文件支付辦法(TF3) Payment Plan (TF3) of Tender Document ‧見備註/See Remarks 7.1 (d)(ii)(n) ‧見備註/See Remarks 7.1 (d)(vii)(a) ‧見備註/See Remarks 7.1 (d)(viii)(c) ‧見備註/See Remarks 7.1 (e)(v) ‧見備註/See Remarks 7.1 (d)(v)(b) ‧見備註/See Remarks 7.1 (d)(x)(e) ‧見備註/See Remarks 7.1 (d)(xi)(c) ‧見備註/See Remarks 7.1 (d)(xx)(a),
2026-04-21,2026-04-28,,第20座 Tower 20,5,A,,16800000,,招標文件支付辦法(TF3) Payment Plan (TF3) of Tender Document ‧見備註/See Remarks 7.1 (d)(ii)(n) ‧見備註/See Remarks 7.1 (d)(vii)(a) ‧見備註/See Remarks 7.1 (d)(viii)(c) ‧見備註/See Remarks 7.1 (e)(v) ‧見備註/See Remarks 7.1 (d)(v)(b) ‧見備註/See Remarks 7.1 (d)(x)(e) ‧見備註/See Remarks 7.1 (d)(xi)(c) ‧見備註/See Remarks 7.1 (d)(xx)(a),
2026-05-05,2026-05-12,,第21B座 Tower 21B,8,A,,8179600,,招標文件支付辦法(TF3) Payment Plan (TF3) of Tender Document ‧見備註/See Remarks 7.1 (d)(ii)(n) ‧見備註/See Remarks 7.1 (d)(vi)(e) ‧見備註/See Remarks 7.1 (d)(vii)(a) ‧見備註/See Remarks 7.1 (e)(v) ‧見備註/See Remarks 7.1 (d)(v)(b) ‧見備註/See Remarks 7.1 (d)(x)(e) ‧見備註/See Remarks 7.1 (d)(xi)(c) ‧見備註/See Remarks 7.1 (d)(xx)(a),
2026-06-08,2026-06-15,,第22座 Tower 22,16,B,,13412500,,招標文件支付辦法(TF3) Payment Plan (TF3) of Tender Document ‧見備註/See Remarks 7.1 (d)(ii)(n) ‧見備註/See Remarks 7.1 (d)(vii)(a) ‧見備註/See Remarks 7.1 (d)(viii)(c) ‧見備註/See Remarks 7.1 (e)(v) ‧見備註/See Remarks 7.1 (d)(v)(b) ‧見備註/See Remarks 7.1 (d)(x)(e) ‧見備註/See Remarks 7.1 (d)(xi)(c) ‧見備註/See Remarks 7.1 (d)(xx)(a),
2026-06-09,2026-06-16,,第22座 Tower 22,16,A,,15210500,,招標文件支付辦法(TF3) Payment Plan (TF3) of Tender Document ‧見備註/See Remarks 7.1 (d)(ii)(n) ‧見備註/See Remarks 7.1 (d)(vii)(a) ‧見備註/See Remarks 7.1 (d)(viii)(c) ‧見備註/See Remarks 7.1 (e)(v) ‧見備註/See Remarks 7.1 (d)(v)(b) ‧見備註/See Remarks 7.1 (d)(x)(e) ‧見備註/See Remarks 7.1 (d)(xi)(c) ‧見備註/See Remarks 7.1 (d)(xx)(a),
2026-07-14,2026-07-21,,第21A座 Tower 21A,2,A,,12220000,,招標文件支付辦法(TF3) Payment Plan (TF3) of Tender Document ‧見備註/See Remarks 7.1 (d)(ii)(n) ‧見備註/See Remarks 7.1 (d)(vi)(e) ‧見備註/See Remarks 7.1 (d)(vii)(a) ‧見備註/See Remarks 7.1 (d)(viii)(c) ‧見備註/See Remarks 7.1 (e)(v) ‧見備註/See Remarks 7.1 (d)(v)(b) ‧見備註/See Remarks 7.1 (d)(x)(e) ‧見備註/See Remarks 7.1 (d)(xi)(c) ‧見備註/See Remarks 7.1 (d)(xx)(a),
2026-07-15,2026-07-22,,第21B座 Tower 21B,5,A,,8525088,,招標文件支付辦法(TF3) Payment Plan (TF3) of Tender Document ‧見備註/See Remarks 7.1 (d)(ii)(n) ‧見備註/See Remarks 7.1 (d)(vi)(e) ‧見備註/See Remarks 7.1 (d)(vii)(a) ‧見備註/See Remarks 7.1 (e)(v) ‧見備註/See Remarks 7.1 (d)(v)(b) ‧見備註/See Remarks 7.1 (d)(x)(e) ‧見備註/See Remarks 7.1 (d)(xi)(c) ‧見備註/See Remarks 7.1 (d)(xx)(a),
2026-08-29,2026-09-04,,第22座 Tower 22,16,D,,10905800,,招標文件支付辦法(TF3) Payment Plan (TF3) of Tender Document ‧見備註/See Remarks 7.1 (d)(ii)(n) ‧見備註/See Remarks 7.1 (d)(vii)(a) ‧見備註/See Remarks 7.1 (d)(viii)(c) ‧見備註/See Remarks 7.1 (e)(v) ‧見備註/See Remarks 7.1 (d)(v)(b) ‧見備註/See Remarks 7.1 (d)(x)(e) ‧見備註/See Remarks 7.1 (d)(xi)(c) ‧見備註/See Remarks 7.1 (d)(xx)(a),
