pasp,asp,terminated,block,floor,unit,carpark,price,revision,terms,related
2019-04-27,2019-05-06,,TOWER 1 第 1 座,2/F,B,,9936000,,價單第1A號 / Price List No. 1A • 105 天一按付款計劃 (I) (照售價減 6%) 105-day First Mortgage Loan Payment Plan (I) (6% discount on the Price),
2019-04-27,2019-05-06,,TOWER 1 第 1 座,3/F,B,,9861000,,價單第1A號 / Price List No. 1A • 105 天即供優惠付款計劃 (照售價減 7.5%) 105-day Cash Payment Plan (7.5% discount on the Price),
2019-04-27,2019-05-06,,TOWER 2 第 2 座,2/F,B,,11953000,,價單第1A號 / Price List No. 1A • 建築期付款計劃 (照售價減 4.5%) Stage Payment Plan (4.5% discount on the Price),
2019-04-27,2019-05-06,,TOWER 2 第 2 座,3/F,B,,12065000,,價單第1A號 / Price List No. 1A • 建築期付款計劃 (照售價減 4.5%) Stage Payment Plan (4.5% discount on the Price),
2019-04-27,2019-05-06,,TOWER 5 第 5 座,1/F,A,,8254000,,價單第1A號 / Price List No. 1A • 105 天一按付款計劃 (I) (照售價減 6%) 105-day First Mortgage Loan Payment Plan (I) (6% discount on the Price),
2019-04-27,2019-05-06,,TOWER 5 第 5 座,1/F,B,,3631000,,價單第1A號 / Price List No. 1A • 105 天即供優惠付款計劃 (照售價減 7.5%) 105-day Cash Payment Plan (7.5% discount on the Price),
2019-04-27,2019-05-06,,TOWER 5 第 5 座,1/F,C,,3718000,,價單第1A號 / Price List No. 1A • 建築期付款計劃 (照售價減 4.5%) Stage Payment Plan (4.5% discount on the Price),
2019-04-27,2019-05-06,,TOWER 5 第 5 座,1/F,F,,8171000,,價單第1A號 / Price List No. 1A • 105 天一按付款計劃 (I) (照售價減 6%) 105-day First Mortgage Loan Payment Plan (I) (6% discount on the Price),
2019-04-27,2019-05-06,,TOWER 5 第 5 座,1/F,G,,8302000,,價單第1A號 / Price List No. 1A • 105 天即供優惠付款計劃 (照售價減 7.5%) 105-day Cash Payment Plan (7.5% discount on the Price),
2019-04-27,2019-05-06,,TOWER 5 第 5 座,2/F,A,,8460000,,價單第1A號 / Price List No. 1A • 建築期付款計劃 (照售價減 4.5%) Stage Payment Plan (4.5% discount on the Price),
2019-04-27,2019-05-06,,TOWER 5 第 5 座,2/F,B,,3660000,,價單第1A號 / Price List No. 1A • 105 天即供優惠付款計劃 (照售價減 7.5%) 105-day Cash Payment Plan (7.5% discount on the Price),
2019-04-27,2019-05-06,,TOWER 5 第 5 座,2/F,C,,3630000,,價單第1A號 / Price List No. 1A • 105 天即供優惠付款計劃 (照售價減 7.5%) 105-day Cash Payment Plan (7.5% discount on the Price),
2019-04-27,2019-05-06,,TOWER 5 第 5 座,2/F,F,,8243000,,價單第1A號 / Price List No. 1A • 105 天一按付款計劃 (I) (照售價減 6%) 105-day First Mortgage Loan Payment Plan (I) (6% discount on the Price),
2019-04-27,2019-05-06,,TOWER 5 第 5 座,2/F,G,,8647000,,價單第1A號 / Price List No. 1A • 建築期付款計劃 (照售價減 4.5%) Stage Payment Plan (4.5% discount on the Price),
2019-04-27,2019-05-06,,TOWER 5 第 5 座,3/F,A,,8267000,,價單第1A號 / Price List No. 1A • 105 天即供優惠付款計劃 (照售價減 7.5%) 105-day Cash Payment Plan (7.5% discount on the Price),
2019-04-27,2019-05-06,,TOWER 5 第 5 座,3/F,B,,3690000,,價單第1A號 / Price List No. 1A • 105 天即供優惠付款計劃 (照售價減 7.5%) 105-day Cash Payment Plan (7.5% discount on the Price),
2019-04-27,2019-05-06,,TOWER 5 第 5 座,3/F,C,,3659000,,價單第1A號 / Price List No. 1A • 105 天即供優惠付款計劃 (照售價減 7.5%) 105-day Cash Payment Plan (7.5% discount on the Price),
2019-04-27,2019-05-06,,TOWER 5 第 5 座,3/F,E,,14279000,,價單第1A號 / Price List No. 1A • 建築期付款計劃 (照售價減 4.5%) Stage Payment Plan (4.5% discount on the Price) • 認購一個住客停車位的權利 Option to Purchase of one Residential Parking Space,
2019-04-27,2019-05-06,,TOWER 5 第 5 座,3/F,F,,8182000,,價單第1A號 / Price List No. 1A • 105 天即供優惠付款計劃 (照售價減 7.5%) 105-day Cash Payment Plan (7.5% discount on the Price),
2019-04-27,2019-05-06,,TOWER 5 第 5 座,3/F,G,,8447000,,價單第1A號 / Price List No. 1A • 105 天即供優惠付款計劃 (照售價減 7.5%) 105-day Cash Payment Plan (7.5% discount on the Price),
2019-04-27,2019-05-06,,TOWER 5 第 5 座,5/F,A,,8474000,,價單第1A號 / Price List No. 1A • 105 天一按付款計劃 (I) (照售價減 6%) 105-day First Mortgage Loan Payment Plan (I) (6% discount on the Price),
2019-04-27,2019-05-06,,TOWER 5 第 5 座,5/F,B,,3719000,,價單第1A號 / Price List No. 1A • 105 天即供優惠付款計劃 (照售價減 7.5%) 105-day Cash Payment Plan (7.5% discount on the Price),
2019-04-27,2019-05-06,,TOWER 5 第 5 座,5/F,C,,3809000,,價單第1A號 / Price List No. 1A • 建築期付款計劃 (照售價減 4.5%) Stage Payment Plan (4.5% discount on the Price),
2019-04-27,2019-05-06,,TOWER 5 第 5 座,5/F,E,,13954000,,價單第1A號 / Price List No. 1A • 105 天即供優惠付款計劃 (照售價減 7.5%) 105-day Cash Payment Plan (7.5% discount on the Price) • 認購一個住客停車位的權利 Option to Purchase of one Residential Parking Space,
2019-04-27,2019-05-06,,TOWER 5 第 5 座,5/F,F,,8386000,,價單第1A號 / Price List No. 1A • 105 天一按付款計劃 (I) (照售價減 6%) 105-day First Mortgage Loan Payment Plan (I) (6% discount on the Price),
2019-04-27,2019-05-06,,TOWER 5 第 5 座,5/F,G,,8520000,,價單第1A號 / Price List No. 1A • 105 天即供優惠付款計劃 (照售價減 7.5%) 105-day Cash Payment Plan (7.5% discount on the Price),
2019-04-27,2019-05-06,,TOWER 5 第 5 座,6/F,A,,8684000,,價單第1A號 / Price List No. 1A • 建築期付款計劃 (照售價減 4.5%) Stage Payment Plan (4.5% discount on the Price),
2019-04-27,2019-05-06,,TOWER 5 第 5 座,6/F,B,,3870000,,價單第1A號 / Price List No. 1A • 建築期付款計劃 (照售價減 4.5%) Stage Payment Plan (4.5% discount on the Price),
2019-04-27,2019-05-06,,TOWER 5 第 5 座,6/F,C,,3838000,,價單第1A號 / Price List No. 1A • 建築期付款計劃 (照售價減 4.5%) Stage Payment Plan (4.5% discount on the Price),
2019-04-27,2019-05-06,,TOWER 5 第 5 座,6/F,E,,14077000,,價單第1A號 / Price List No. 1A • 105 天即供優惠付款計劃 (照售價減 7.5%) 105-day Cash Payment Plan (7.5% discount on the Price) • 認購一個住客停車位的權利 Option to Purchase of one Residential Parking Space,
2019-04-27,2019-05-06,,TOWER 5 第 5 座,6/F,F,,8322000,,價單第1A號 / Price List No. 1A • 105 天即供優惠付款計劃 (照售價減 7.5%) 105-day Cash Payment Plan (7.5% discount on the Price),
2019-04-27,2019-05-06,,TOWER 5 第 5 座,6/F,G,,8593000,,價單第1A號 / Price List No. 1A • 105 天即供優惠付款計劃 (照售價減 7.5%) 105-day Cash Payment Plan (7.5% discount on the Price),
2019-04-27,2019-05-06,,TOWER 5 第 5 座,7/F,A,,8483000,,價單第1A號 / Price List No. 1A • 105 天即供優惠付款計劃 (照售價減 7.5%) 105-day Cash Payment Plan (7.5% discount on the Price),
2019-04-27,2019-05-06,,TOWER 5 第 5 座,7/F,B,,3900000,,價單第1A號 / Price List No. 1A • 建築期付款計劃 (照售價減 4.5%) Stage Payment Plan (4.5% discount on the Price),
2019-04-27,2019-05-06,,TOWER 5 第 5 座,7/F,C,,3869000,,價單第1A號 / Price List No. 1A • 建築期付款計劃 (照售價減 4.5%) Stage Payment Plan (4.5% discount on the Price),
2019-04-27,2019-05-06,,TOWER 5 第 5 座,7/F,E,,14659000,,價單第1A號 / Price List No. 1A • 建築期付款計劃 (照售價減 4.5%) Stage Payment Plan (4.5% discount on the Price) • 認購一個住客停車位的權利 Option to Purchase of one Residential Parking Space,
2019-04-27,2019-05-06,,TOWER 5 第 5 座,7/F,F,,8665000,,價單第1A號 / Price List No. 1A • 建築期付款計劃 (照售價減 4.5%) Stage Payment Plan (4.5% discount on the Price),
2019-04-27,2019-05-06,,TOWER 5 第 5 座,7/F,G,,8665000,,價單第1A號 / Price List No. 1A • 105 天即供優惠付款計劃 (照售價減 7.5%) 105-day Cash Payment Plan (7.5% discount on the Price),
2019-04-27,2019-05-06,,TOWER 6 第 6 座,1/F,B,,3598000,,價單第1A號 / Price List No. 1A • 105 天即供優惠付款計劃 (照售價減 7.5%) 105-day Cash Payment Plan (7.5% discount on the Price),
2019-04-27,2019-05-06,,TOWER 6 第 6 座,1/F,C,,3598000,,價單第1A號 / Price List No. 1A • 105 天即供優惠付款計劃 (照售價減 7.5%) 105-day Cash Payment Plan (7.5% discount on the Price),
2019-04-27,2019-05-06,,TOWER 6 第 6 座,1/F,E,,14207000,,價單第1A號 / Price List No. 1A • 建築期付款計劃 (照售價減 4.5%) Stage Payment Plan (4.5% discount on the Price) • 認購一個住客停車位的權利 Option to Purchase of one Residential Parking Space,
2019-04-27,2019-05-06,,TOWER 6 第 6 座,1/F,F,,8116000,,價單第1A號 / Price List No. 1A • 105 天一按付款計劃 (I) (照售價減 6%) 105-day First Mortgage Loan Payment Plan (I) (6% discount on the Price),
2019-04-27,2019-05-06,,TOWER 6 第 6 座,2/F,B,,3747000,,價單第1A號 / Price List No. 1A • 建築期付款計劃 (照售價減 4.5%) Stage Payment Plan (4.5% discount on the Price),
2019-04-27,2019-05-06,,TOWER 6 第 6 座,2/F,C,,3747000,,價單第1A號 / Price List No. 1A • 建築期付款計劃 (照售價減 4.5%) Stage Payment Plan (4.5% discount on the Price),
2019-04-27,2019-05-06,,TOWER 6 第 6 座,2/F,E,,14110000,,價單第1A號 / Price List No. 1A • 105 天一按付款計劃 (I) (照售價減 6%) 105-day First Mortgage Loan Payment Plan (I) (6% discount on the Price) • 認購一個住客停車位的權利 Option to Purchase of one Residential Parking Space,
2019-04-27,2019-05-06,2020-12-04,TOWER 6 第 6 座,2/F,F,,8317000,,價單第1A號 / Price List No. 1A • 建築期付款計劃 (照售價減 4.5%) Stage Payment Plan (4.5% discount on the Price),
2019-04-27,2019-05-06,,TOWER 6 第 6 座,2/F,G,,13708000,,價單第1A號 / Price List No. 1A • 105 天即供優惠付款計劃 (照售價減 7.5%) 105-day Cash Payment Plan (7.5% discount on the Price) • 認購一個住客停車位的權利 Option to Purchase of one Residential Parking Space,
2019-04-27,2019-05-06,,TOWER 6 第 6 座,3/F,B,,3778000,,價單第1A號 / Price List No. 1A • 建築期付款計劃 (照售價減 4.5%) Stage Payment Plan (4.5% discount on the Price),
2019-04-27,2019-05-06,,TOWER 6 第 6 座,3/F,C,,3659000,,價單第1A號 / Price List No. 1A • 105 天即供優惠付款計劃 (照售價減 7.5%) 105-day Cash Payment Plan (7.5% discount on the Price),
2019-04-27,2019-05-06,,TOWER 6 第 6 座,3/F,E,,14465000,,價單第1A號 / Price List No. 1A • 建築期付款計劃 (照售價減 4.5%) Stage Payment Plan (4.5% discount on the Price) • 認購一個住客停車位的權利 Option to Purchase of one Residential Parking Space,
2019-04-27,2019-05-06,,TOWER 6 第 6 座,3/F,F,,8258000,,價單第1A號 / Price List No. 1A • 105 天一按付款計劃 (I) (照售價減 6%) 105-day First Mortgage Loan Payment Plan (I) (6% discount on the Price),
2019-04-27,2019-05-06,,TOWER 6 第 6 座,3/F,G,,14279000,,價單第1A號 / Price List No. 1A • 建築期付款計劃 (照售價減 4.5%) Stage Payment Plan (4.5% discount on the Price) • 認購一個住客停車位的權利 Option to Purchase of one Residential Parking Space,
2019-04-27,2019-05-06,,TOWER 6 第 6 座,5/F,B,,3689000,,價單第1A號 / Price List No. 1A • 105 天即供優惠付款計劃 (照售價減 7.5%) 105-day Cash Payment Plan (7.5% discount on the Price),
2019-04-27,2019-05-06,,TOWER 6 第 6 座,5/F,C,,3809000,,價單第1A號 / Price List No. 1A • 建築期付款計劃 (照售價減 4.5%) Stage Payment Plan (4.5% discount on the Price),
2019-04-27,2019-05-06,,TOWER 6 第 6 座,5/F,E,,14136000,,價單第1A號 / Price List No. 1A • 105 天即供優惠付款計劃 (照售價減 7.5%) 105-day Cash Payment Plan (7.5% discount on the Price) • 認購一個住客停車位的權利 Option to Purchase of one Residential Parking Space,
2019-04-27,2019-05-06,,TOWER 6 第 6 座,5/F,F,,8328000,,價單第1A號 / Price List No. 1A • 105 天一按付款計劃 (I) (照售價減 6%) 105-day First Mortgage Loan Payment Plan (I) (6% discount on the Price),
2019-04-27,2019-05-06,,TOWER 6 第 6 座,5/F,G,,14180000,,價單第1A號 / Price List No. 1A • 105 天一按付款計劃 (I) (照售價減 6%) 105-day First Mortgage Loan Payment Plan (I) (6% discount on the Price) • 認購一個住客停車位的權利 Option to Purchase of one Residential Parking Space,
2019-04-27,2019-05-06,,TOWER 6 第 6 座,6/F,B,,3718000,,價單第1A號 / Price List No. 1A • 105 天即供優惠付款計劃 (照售價減 7.5%) 105-day Cash Payment Plan (7.5% discount on the Price),
2019-04-27,2019-05-06,,TOWER 6 第 6 座,6/F,C,,3718000,,價單第1A號 / Price List No. 1A • 105 天即供優惠付款計劃 (照售價減 7.5%) 105-day Cash Payment Plan (7.5% discount on the Price),
2019-04-27,2019-05-06,,TOWER 6 第 6 座,6/F,E,,14261000,,價單第1A號 / Price List No. 1A • 105 天即供優惠付款計劃 (照售價減 7.5%) 105-day Cash Payment Plan (7.5% discount on the Price) • 認購一個住客停車位的權利 Option to Purchase of one Residential Parking Space,
2019-04-27,2019-05-06,,TOWER 6 第 6 座,6/F,F,,8266000,,價單第1A號 / Price List No. 1A • 105 天即供優惠付款計劃 (照售價減 7.5%) 105-day Cash Payment Plan (7.5% discount on the Price),
2019-04-27,2019-05-06,,TOWER 6 第 6 座,6/F,G,,14077000,,價單第1A號 / Price List No. 1A • 105 天即供優惠付款計劃 (照售價減 7.5%) 105-day Cash Payment Plan (7.5% discount on the Price) • 認購一個住客停車位的權利 Option to Purchase of one Residential Parking Space,
2019-04-27,2019-05-06,,TOWER 6 第 6 座,7/F,B,,3747000,,價單第1A號 / Price List No. 1A • 105 天即供優惠付款計劃 (照售價減 7.5%) 105-day Cash Payment Plan (7.5% discount on the Price),
2019-04-27,2019-05-06,,TOWER 6 第 6 座,7/F,C,,3747000,,價單第1A號 / Price List No. 1A • 105 天即供優惠付款計劃 (照售價減 7.5%) 105-day Cash Payment Plan (7.5% discount on the Price),
2019-04-27,2019-05-06,,TOWER 6 第 6 座,7/F,D,,14612000,,價單第1A號 / Price List No. 1A • 建築期付款計劃 (照售價減 4.5%) Stage Payment Plan (4.5% discount on the Price) • 認購一個住客停車位的權利 Option to Purchase of one Residential Parking Space,
2019-04-27,2019-05-06,,TOWER 6 第 6 座,7/F,E,,14387000,,價單第1A號 / Price List No. 1A • 105 天即供優惠付款計劃 (照售價減 7.5%) 105-day Cash Payment Plan (7.5% discount on the Price) • 認購一個住客停車位的權利 Option to Purchase of one Residential Parking Space,
2019-04-27,2019-05-06,,TOWER 6 第 6 座,7/F,F,,8335000,,價單第1A號 / Price List No. 1A • 105 天即供優惠付款計劃 (照售價減 7.5%) 105-day Cash Payment Plan (7.5% discount on the Price),
2019-04-27,2019-05-06,,TOWER 6 第 6 座,7/F,G,,14429000,,價單第1A號 / Price List No. 1A • 105 天一按付款計劃 (I) (照售價減 6%) 105-day First Mortgage Loan Payment Plan (I) (6% discount on the Price) • 認購一個住客停車位的權利 Option to Purchase of one Residential Parking Space,
2019-04-27,2019-05-06,,TOWER 7 第 7 座,1/F,B,,3598000,,價單第1A號 / Price List No. 1A • 105 天即供優惠付款計劃 (照售價減 7.5%) 105-day Cash Payment Plan (7.5% discount on the Price),
2019-04-27,2019-05-06,,TOWER 7 第 7 座,1/F,C,,3598000,,價單第1A號 / Price List No. 1A • 105 天即供優惠付款計劃 (照售價減 7.5%) 105-day Cash Payment Plan (7.5% discount on the Price),
2019-04-27,2019-05-06,,TOWER 7 第 7 座,1/F,F,,8013000,,價單第1A號 / Price List No. 1A • 105 天即供優惠付款計劃 (照售價減 7.5%) 105-day Cash Payment Plan (7.5% discount on the Price),
2019-04-27,2019-05-06,,TOWER 7 第 7 座,1/F,G,,13731000,,價單第1A號 / Price List No. 1A • 105 天即供優惠付款計劃 (照售價減 7.5%) 105-day Cash Payment Plan (7.5% discount on the Price) • 認購一個住客停車位的權利 Option to Purchase of one Residential Parking Space,
2019-04-27,2019-05-06,,TOWER 7 第 7 座,2/F,B,,3747000,,價單第1A號 / Price List No. 1A • 建築期付款計劃 (照售價減 4.5%) Stage Payment Plan (4.5% discount on the Price),
2019-04-27,2019-05-06,,TOWER 7 第 7 座,2/F,C,,3747000,,價單第1A號 / Price List No. 1A • 建築期付款計劃 (照售價減 4.5%) Stage Payment Plan (4.5% discount on the Price),
2019-04-27,2019-05-06,,TOWER 7 第 7 座,2/F,F,,8084000,,價單第1A號 / Price List No. 1A • 105 天即供優惠付款計劃 (照售價減 7.5%) 105-day Cash Payment Plan (7.5% discount on the Price),
2019-04-27,2019-05-06,,TOWER 7 第 7 座,2/F,G,,14080000,,價單第1A號 / Price List No. 1A • 105 天一按付款計劃 (I) (照售價減 6%) 105-day First Mortgage Loan Payment Plan (I) (6% discount on the Price) • 認購一個住客停車位的權利 Option to Purchase of one Residential Parking Space,
2019-04-27,2019-05-06,,TOWER 7 第 7 座,3/F,B,,3778000,,價單第1A號 / Price List No. 1A • 建築期付款計劃 (照售價減 4.5%) Stage Payment Plan (4.5% discount on the Price),
2019-04-27,2019-05-06,,TOWER 7 第 7 座,3/F,C,,3778000,,價單第1A號 / Price List No. 1A • 建築期付款計劃 (照售價減 4.5%) Stage Payment Plan (4.5% discount on the Price),
2019-04-27,2019-05-06,2021-02-23,TOWER 7 第 7 座,3/F,E,,14852000,,價單第1A號 / Price List No. 1A • 建築期付款計劃 (照售價減 4.5%) Stage Payment Plan (4.5% discount on the Price) • 認購一個住客停車位的權利 Option to Purchase of one Residential Parking Space,
2019-04-27,2019-05-06,,TOWER 7 第 7 座,3/F,F,,8286000,,價單第1A號 / Price List No. 1A • 105 天一按付款計劃 (I) (照售價減 6%) 105-day First Mortgage Loan Payment Plan (I) (6% discount on the Price),
2019-04-27,2019-05-06,,TOWER 7 第 7 座,3/F,G,,13980000,,價單第1A號 / Price List No. 1A • 105 天即供優惠付款計劃 (照售價減 7.5%) 105-day Cash Payment Plan (7.5% discount on the Price) • 認購一個住客停車位的權利 Option to Purchase of one Residential Parking Space,
2019-04-27,2019-05-06,,TOWER 7 第 7 座,5/F,B,,3809000,,價單第1A號 / Price List No. 1A • 建築期付款計劃 (照售價減 4.5%) Stage Payment Plan (4.5% discount on the Price),
2019-04-27,2019-05-06,,TOWER 7 第 7 座,5/F,C,,3809000,,價單第1A號 / Price List No. 1A • 建築期付款計劃 (照售價減 4.5%) Stage Payment Plan (4.5% discount on the Price),
2019-04-27,2019-05-06,,TOWER 7 第 7 座,5/F,E,,14513000,,價單第1A號 / Price List No. 1A • 105 天即供優惠付款計劃 (照售價減 7.5%) 105-day Cash Payment Plan (7.5% discount on the Price) • 認購一個住客停車位的權利 Option to Purchase of one Residential Parking Space,
2019-04-27,2019-05-06,,TOWER 7 第 7 座,5/F,F,,8224000,,價單第1A號 / Price List No. 1A • 105 天即供優惠付款計劃 (照售價減 7.5%) 105-day Cash Payment Plan (7.5% discount on the Price),
2019-04-27,2019-05-06,,TOWER 7 第 7 座,5/F,G,,14332000,,價單第1A號 / Price List No. 1A • 105 天一按付款計劃 (I) (照售價減 6%) 105-day First Mortgage Loan Payment Plan (I) (6% discount on the Price) • 認購一個住客停車位的權利 Option to Purchase of one Residential Parking Space,
2019-04-27,2019-05-06,,TOWER 7 第 7 座,6/F,B,,3838000,,價單第1A號 / Price List No. 1A • 建築期付款計劃 (照售價減 4.5%) Stage Payment Plan (4.5% discount on the Price),
2019-04-27,2019-05-06,,TOWER 7 第 7 座,6/F,C,,3838000,,價單第1A號 / Price List No. 1A • 建築期付款計劃 (照售價減 4.5%) Stage Payment Plan (4.5% discount on the Price),
2019-04-27,2019-05-06,,TOWER 7 第 7 座,6/F,E,,15116000,,價單第1A號 / Price List No. 1A • 建築期付款計劃 (照售價減 4.5%) Stage Payment Plan (4.5% discount on the Price) • 認購一個住客停車位的權利 Option to Purchase of one Residential Parking Space,
2019-04-27,2019-05-06,,TOWER 7 第 7 座,6/F,F,,8429000,,價單第1A號 / Price List No. 1A • 105 天一按付款計劃 (I) (照售價減 6%) 105-day First Mortgage Loan Payment Plan (I) (6% discount on the Price),
2019-04-27,2019-05-06,,TOWER 7 第 7 座,6/F,G,,14227000,,價單第1A號 / Price List No. 1A • 105 天即供優惠付款計劃 (照售價減 7.5%) 105-day Cash Payment Plan (7.5% discount on the Price) • 認購一個住客停車位的權利 Option to Purchase of one Residential Parking Space,
2019-04-27,2019-05-06,,TOWER 7 第 7 座,7/F,B,,3747000,,價單第1A號 / Price List No. 1A • 105 天即供優惠付款計劃 (照售價減 7.5%) 105-day Cash Payment Plan (7.5% discount on the Price),
2019-04-27,2019-05-06,,TOWER 7 第 7 座,7/F,C,,3869000,,價單第1A號 / Price List No. 1A • 建築期付款計劃 (照售價減 4.5%) Stage Payment Plan (4.5% discount on the Price),
2019-04-27,2019-05-06,,TOWER 7 第 7 座,7/F,E,,14769000,,價單第1A號 / Price List No. 1A • 105 天即供優惠付款計劃 (照售價減 7.5%) 105-day Cash Payment Plan (7.5% discount on the Price) • 認購一個住客停車位的權利 Option to Purchase of one Residential Parking Space,
2019-04-27,2019-05-06,,TOWER 7 第 7 座,7/F,F,,8364000,,價單第1A號 / Price List No. 1A • 105 天即供優惠付款計劃 (照售價減 7.5%) 105-day Cash Payment Plan (7.5% discount on the Price),
2019-04-27,2019-05-06,,TOWER 7 第 7 座,7/F,G,,14818000,,價單第1A號 / Price List No. 1A • 建築期付款計劃 (照售價減 4.5%) Stage Payment Plan (4.5% discount on the Price) • 認購一個住客停車位的權利 Option to Purchase of one Residential Parking Space,
2019-04-27,2019-05-06,,TOWER 9 第 9 座,1/F,B,,8828000,,價單第1A號 / Price List No. 1A • 建築期付款計劃 (照售價減 4.5%) Stage Payment Plan (4.5% discount on the Price),
2019-04-27,2019-05-06,,TOWER 9 第 9 座,1/F,C,,8634000,,價單第1A號 / Price List No. 1A • 105 天一按付款計劃 (I) (照售價減 6%) 105-day First Mortgage Loan Payment Plan (I) (6% discount on the Price),
2019-04-27,2019-05-06,,TOWER 9 第 9 座,1/F,F,,8385000,,價單第1A號 / Price List No. 1A • 105 天即供優惠付款計劃 (照售價減 7.5%) 105-day Cash Payment Plan (7.5% discount on the Price),
2019-04-27,2019-05-06,,TOWER 9 第 9 座,1/F,G,,8043000,,價單第1A號 / Price List No. 1A • 105 天即供優惠付款計劃 (照售價減 7.5%) 105-day Cash Payment Plan (7.5% discount on the Price),
2019-04-27,2019-05-06,,TOWER 9 第 9 座,1/F,H,,8440000,,價單第1A號 / Price List No. 1A • 105 天即供優惠付款計劃 (照售價減 7.5%) 105-day Cash Payment Plan (7.5% discount on the Price),
2019-04-27,2019-05-06,,TOWER 9 第 9 座,1/F,J,,14101000,,價單第1A號 / Price List No. 1A • 建築期付款計劃 (照售價減 4.5%) Stage Payment Plan (4.5% discount on the Price) • 認購一個住客停車位的權利 Option to Purchase of one Residential Parking Space,
2019-04-27,2019-05-06,,TOWER 9 第 9 座,2/F,B,,8626000,,價單第1A號 / Price List No. 1A • 105 天即供優惠付款計劃 (照售價減 7.5%) 105-day Cash Payment Plan (7.5% discount on the Price),
2019-04-27,2019-05-06,,TOWER 9 第 9 座,2/F,C,,8570000,,價單第1A號 / Price List No. 1A • 105 天即供優惠付款計劃 (照售價減 7.5%) 105-day Cash Payment Plan (7.5% discount on the Price),
2019-04-27,2019-05-06,,TOWER 9 第 9 座,2/F,E,,14228000,,價單第1A號 / Price List No. 1A • 建築期付款計劃 (照售價減 4.5%) Stage Payment Plan (4.5% discount on the Price) • 認購一個住客停車位的權利 Option to Purchase of one Residential Parking Space,
2019-04-27,2019-05-06,,TOWER 9 第 9 座,2/F,F,,8733000,,價單第1A號 / Price List No. 1A • 建築期付款計劃 (照售價減 4.5%) Stage Payment Plan (4.5% discount on the Price),
2019-04-27,2019-05-06,,TOWER 9 第 9 座,2/F,G,,8378000,,價單第1A號 / Price List No. 1A • 建築期付款計劃 (照售價減 4.5%) Stage Payment Plan (4.5% discount on the Price),
2019-04-27,2019-05-06,,TOWER 9 第 9 座,2/F,H,,8514000,,價單第1A號 / Price List No. 1A • 105 天即供優惠付款計劃 (照售價減 7.5%) 105-day Cash Payment Plan (7.5% discount on the Price),
2019-04-27,2019-05-06,,TOWER 9 第 9 座,2/F,J,,14004000,,價單第1A號 / Price List No. 1A • 105 天一按付款計劃 (I) (照售價減 6%) 105-day First Mortgage Loan Payment Plan (I) (6% discount on the Price) • 認購一個住客停車位的權利 Option to Purchase of one Residential Parking Space,
2019-04-27,2019-05-06,,TOWER 9 第 9 座,3/F,B,,8841000,,價單第1A號 / Price List No. 1A • 105 天一按付款計劃 (I) (照售價減 6%) 105-day First Mortgage Loan Payment Plan (I) (6% discount on the Price),
2019-04-27,2019-05-06,,TOWER 9 第 9 座,3/F,C,,8784000,,價單第1A號 / Price List No. 1A • 105 天一按付款計劃 (I) (照售價減 6%) 105-day First Mortgage Loan Payment Plan (I) (6% discount on the Price),
2019-04-27,2019-05-06,,TOWER 9 第 9 座,3/F,E,,14224000,,價單第1A號 / Price List No. 1A • 105 天一按付款計劃 (I) (照售價減 6%) 105-day First Mortgage Loan Payment Plan (I) (6% discount on the Price) • 認購一個住客停車位的權利 Option to Purchase of one Residential Parking Space,
2019-04-27,2019-05-06,,TOWER 9 第 9 座,3/F,F,,8588000,,價單第1A號 / Price List No. 1A • 105 天即供優惠付款計劃 (照售價減 7.5%) 105-day Cash Payment Plan (7.5% discount on the Price),
2019-04-27,2019-05-06,,TOWER 9 第 9 座,3/F,G,,8452000,,價單第1A號 / Price List No. 1A • 建築期付款計劃 (照售價減 4.5%) Stage Payment Plan (4.5% discount on the Price),
2019-04-27,2019-05-06,,TOWER 9 第 9 座,3/F,H,,8644000,,價單第1A號 / Price List No. 1A • 105 天即供優惠付款計劃 (照售價減 7.5%) 105-day Cash Payment Plan (7.5% discount on the Price),
2019-04-27,2019-05-06,,TOWER 9 第 9 座,3/F,J,,14354000,,價單第1A號 / Price List No. 1A • 建築期付款計劃 (照售價減 4.5%) Stage Payment Plan (4.5% discount on the Price) • 認購一個住客停車位的權利 Option to Purchase of one Residential Parking Space,
2019-04-27,2019-05-06,,TOWER 9 第 9 座,5/F,A,,14267000,,價單第1A號 / Price List No. 1A • 建築期付款計劃 (照售價減 4.5%) Stage Payment Plan (4.5% discount on the Price) • 認購一個住客停車位的權利 Option to Purchase of one Residential Parking Space,
2019-04-27,2019-05-06,,TOWER 9 第 9 座,5/F,B,,8917000,,價單第1A號 / Price List No. 1A • 105 天一按付款計劃 (I) (照售價減 6%) 105-day First Mortgage Loan Payment Plan (I) (6% discount on the Price),
2019-04-27,2019-05-06,,TOWER 9 第 9 座,5/F,C,,8860000,,價單第1A號 / Price List No. 1A • 105 天一按付款計劃 (I) (照售價減 6%) 105-day First Mortgage Loan Payment Plan (I) (6% discount on the Price),
2019-04-27,2019-05-06,,TOWER 9 第 9 座,5/F,D,,13819000,,價單第1A號 / Price List No. 1A • 105 天即供優惠付款計劃 (照售價減 7.5%) 105-day Cash Payment Plan (7.5% discount on the Price) • 認購一個住客停車位的權利 Option to Purchase of one Residential Parking Space,
2019-04-27,2019-05-06,,TOWER 9 第 9 座,5/F,E,,14578000,,價單第1A號 / Price List No. 1A • 建築期付款計劃 (照售價減 4.5%) Stage Payment Plan (4.5% discount on the Price) • 認購一個住客停車位的權利 Option to Purchase of one Residential Parking Space,
2019-04-27,2019-05-06,,TOWER 9 第 9 座,5/F,F,,8943000,,價單第1A號 / Price List No. 1A • 建築期付款計劃 (照售價減 4.5%) Stage Payment Plan (4.5% discount on the Price),
2019-04-27,2019-05-06,,TOWER 9 第 9 座,5/F,G,,8258000,,價單第1A號 / Price List No. 1A • 105 天即供優惠付款計劃 (照售價減 7.5%) 105-day Cash Payment Plan (7.5% discount on the Price),
2019-04-27,2019-05-06,,TOWER 9 第 9 座,5/F,H,,8718000,,價單第1A號 / Price List No. 1A • 105 天即供優惠付款計劃 (照售價減 7.5%) 105-day Cash Payment Plan (7.5% discount on the Price),
2019-04-27,2019-05-06,,TOWER 9 第 9 座,5/F,J,,14481000,,價單第1A號 / Price List No. 1A • 建築期付款計劃 (照售價減 4.5%) Stage Payment Plan (4.5% discount on the Price) • 認購一個住客停車位的權利 Option to Purchase of one Residential Parking Space,
2019-04-27,2019-05-06,,TOWER 10 第 10 座,1/F,A,,8118000,,價單第1A號 / Price List No. 1A • 105 天即供優惠付款計劃 (照售價減 7.5%) 105-day Cash Payment Plan (7.5% discount on the Price),
2019-04-27,2019-05-06,,TOWER 10 第 10 座,1/F,B,,10135000,,價單第1A號 / Price List No. 1A • 建築期付款計劃 (照售價減 4.5%) Stage Payment Plan (4.5% discount on the Price),
2019-04-27,2019-05-06,,TOWER 10 第 10 座,1/F,C,,5674000,,價單第1A號 / Price List No. 1A • 105 天即供優惠付款計劃 (照售價減 7.5%) 105-day Cash Payment Plan (7.5% discount on the Price),
2019-04-27,2019-05-06,,TOWER 10 第 10 座,1/F,D,,5703000,,價單第1A號 / Price List No. 1A • 105 天即供優惠付款計劃 (照售價減 7.5%) 105-day Cash Payment Plan (7.5% discount on the Price),
2019-04-27,2019-05-06,2020-12-09,TOWER 10 第 10 座,1/F,E,,5961000,,價單第1A號 / Price List No. 1A • 建築期付款計劃 (照售價減 4.5%) Stage Payment Plan (4.5% discount on the Price),
2019-04-27,2019-05-06,,TOWER 10 第 10 座,1/F,F,,5774000,,價單第1A號 / Price List No. 1A • 105 天即供優惠付款計劃 (照售價減 7.5%) 105-day Cash Payment Plan (7.5% discount on the Price),
2019-04-27,2019-05-06,,TOWER 10 第 10 座,1/F,G,,5774000,,價單第1A號 / Price List No. 1A • 105 天即供優惠付款計劃 (照售價減 7.5%) 105-day Cash Payment Plan (7.5% discount on the Price),
2019-04-27,2019-05-06,,TOWER 10 第 10 座,1/F,H,,5703000,,價單第1A號 / Price List No. 1A • 105 天即供優惠付款計劃 (照售價減 7.5%) 105-day Cash Payment Plan (7.5% discount on the Price),
2019-04-27,2019-05-06,,TOWER 10 第 10 座,1/F,K,,10978000,,價單第1A號 / Price List No. 1A • 105 天一按付款計劃 (I) (照售價減 6%) 105-day First Mortgage Loan Payment Plan (I) (6% discount on the Price),
2019-04-27,2019-05-06,,TOWER 10 第 10 座,1/F,L,,4533000,,價單第1A號 / Price List No. 1A • 105 天即供優惠付款計劃 (照售價減 7.5%) 105-day Cash Payment Plan (7.5% discount on the Price),
2019-04-27,2019-05-06,,TOWER 10 第 10 座,1/F,M,,4742000,,價單第1A號 / Price List No. 1A • 建築期付款計劃 (照售價減 4.5%) Stage Payment Plan (4.5% discount on the Price),
2019-04-27,2019-05-06,,TOWER 10 第 10 座,1/F,N,,4593000,,價單第1A號 / Price List No. 1A • 105 天即供優惠付款計劃 (照售價減 7.5%) 105-day Cash Payment Plan (7.5% discount on the Price),
2019-04-27,2019-05-06,,TOWER 10 第 10 座,1/F,P,,4581000,,價單第1A號 / Price List No. 1A • 105 天即供優惠付款計劃 (照售價減 7.5%) 105-day Cash Payment Plan (7.5% discount on the Price),
2019-04-27,2019-05-06,,TOWER 10 第 10 座,2/F,A,,9986000,,價單第1A號 / Price List No. 1A • 105 天即供優惠付款計劃 (照售價減 7.5%) 105-day Cash Payment Plan (7.5% discount on the Price),
2019-04-27,2019-05-06,,TOWER 10 第 10 座,2/F,B,,9904000,,價單第1A號 / Price List No. 1A • 105 天即供優惠付款計劃 (照售價減 7.5%) 105-day Cash Payment Plan (7.5% discount on the Price),
2019-04-27,2019-05-06,,TOWER 10 第 10 座,2/F,C,,5722000,,價單第1A號 / Price List No. 1A • 105 天即供優惠付款計劃 (照售價減 7.5%) 105-day Cash Payment Plan (7.5% discount on the Price),
2019-04-27,2019-05-06,,TOWER 10 第 10 座,2/F,D,,5751000,,價單第1A號 / Price List No. 1A • 105 天即供優惠付款計劃 (照售價減 7.5%) 105-day Cash Payment Plan (7.5% discount on the Price),
2019-04-27,2019-05-06,,TOWER 10 第 10 座,2/F,E,,5823000,,價單第1A號 / Price List No. 1A • 105 天即供優惠付款計劃 (照售價減 7.5%) 105-day Cash Payment Plan (7.5% discount on the Price),
2019-04-27,2019-05-06,,TOWER 10 第 10 座,2/F,F,,5823000,,價單第1A號 / Price List No. 1A • 105 天即供優惠付款計劃 (照售價減 7.5%) 105-day Cash Payment Plan (7.5% discount on the Price),
2019-04-27,2019-05-06,,TOWER 10 第 10 座,2/F,G,,5823000,,價單第1A號 / Price List No. 1A • 105 天即供優惠付款計劃 (照售價減 7.5%) 105-day Cash Payment Plan (7.5% discount on the Price),
2019-04-27,2019-05-06,,TOWER 10 第 10 座,2/F,H,,5937000,,價單第1A號 / Price List No. 1A • 建築期付款計劃 (照售價減 4.5%) Stage Payment Plan (4.5% discount on the Price),
2019-04-27,2019-05-06,,TOWER 10 第 10 座,2/F,J,,11193000,,價單第1A號 / Price List No. 1A • 105 天一按付款計劃 (I) (照售價減 6%) 105-day First Mortgage Loan Payment Plan (I) (6% discount on the Price),
2019-04-27,2019-05-06,,TOWER 10 第 10 座,2/F,K,,10898000,,價單第1A號 / Price List No. 1A • 105 天即供優惠付款計劃 (照售價減 7.5%) 105-day Cash Payment Plan (7.5% discount on the Price),
2019-04-27,2019-05-06,,TOWER 10 第 10 座,2/F,L,,4718000,,價單第1A號 / Price List No. 1A • 建築期付款計劃 (照售價減 4.5%) Stage Payment Plan (4.5% discount on the Price),
2019-04-27,2019-05-06,,TOWER 10 第 10 座,2/F,M,,4630000,,價單第1A號 / Price List No. 1A • 105 天即供優惠付款計劃 (照售價減 7.5%) 105-day Cash Payment Plan (7.5% discount on the Price),
2019-04-27,2019-05-06,,TOWER 10 第 10 座,2/F,N,,4630000,,價單第1A號 / Price List No. 1A • 105 天即供優惠付款計劃 (照售價減 7.5%) 105-day Cash Payment Plan (7.5% discount on the Price),
2019-04-27,2019-05-06,,TOWER 10 第 10 座,2/F,P,,4618000,,價單第1A號 / Price List No. 1A • 105 天即供優惠付款計劃 (照售價減 7.5%) 105-day Cash Payment Plan (7.5% discount on the Price),
2019-04-27,2019-05-06,,TOWER 10 第 10 座,3/F,A,,10073000,,價單第1A號 / Price List No. 1A • 105 天即供優惠付款計劃 (照售價減 7.5%) 105-day Cash Payment Plan (7.5% discount on the Price),
2019-04-27,2019-05-06,,TOWER 10 第 10 座,3/F,B,,10153000,,價單第1A號 / Price List No. 1A • 105 天一按付款計劃 (I) (照售價減 6%) 105-day First Mortgage Loan Payment Plan (I) (6% discount on the Price),
2019-04-27,2019-05-06,,TOWER 10 第 10 座,3/F,C,,5956000,,價單第1A號 / Price List No. 1A • 建築期付款計劃 (照售價減 4.5%) Stage Payment Plan (4.5% discount on the Price),
2019-04-27,2019-05-06,,TOWER 10 第 10 座,3/F,D,,5987000,,價單第1A號 / Price List No. 1A • 建築期付款計劃 (照售價減 4.5%) Stage Payment Plan (4.5% discount on the Price),
2019-04-27,2019-05-06,,TOWER 10 第 10 座,3/F,E,,5871000,,價單第1A號 / Price List No. 1A • 105 天即供優惠付款計劃 (照售價減 7.5%) 105-day Cash Payment Plan (7.5% discount on the Price),
2019-04-27,2019-05-06,,TOWER 10 第 10 座,3/F,F,,5871000,,價單第1A號 / Price List No. 1A • 105 天即供優惠付款計劃 (照售價減 7.5%) 105-day Cash Payment Plan (7.5% discount on the Price),
2019-04-27,2019-05-06,,TOWER 10 第 10 座,3/F,G,,5871000,,價單第1A號 / Price List No. 1A • 105 天即供優惠付款計劃 (照售價減 7.5%) 105-day Cash Payment Plan (7.5% discount on the Price),
2019-04-27,2019-05-06,,TOWER 10 第 10 座,3/F,H,,5799000,,價單第1A號 / Price List No. 1A • 105 天即供優惠付款計劃 (照售價減 7.5%) 105-day Cash Payment Plan (7.5% discount on the Price),
2019-04-27,2019-05-06,,TOWER 10 第 10 座,3/F,J,,11471000,,價單第1A號 / Price List No. 1A • 建築期付款計劃 (照售價減 4.5%) Stage Payment Plan (4.5% discount on the Price),
2019-04-27,2019-05-06,,TOWER 10 第 10 座,3/F,K,,10994000,,價單第1A號 / Price List No. 1A • 105 天即供優惠付款計劃 (照售價減 7.5%) 105-day Cash Payment Plan (7.5% discount on the Price),
2019-04-27,2019-05-06,2020-08-18,TOWER 10 第 10 座,3/F,L,,4756000,,價單第1A號 / Price List No. 1A • 建築期付款計劃 (照售價減 4.5%) Stage Payment Plan (4.5% discount on the Price),
2019-04-27,2019-05-06,,TOWER 10 第 10 座,3/F,M,,4667000,,價單第1A號 / Price List No. 1A • 105 天即供優惠付款計劃 (照售價減 7.5%) 105-day Cash Payment Plan (7.5% discount on the Price),
2019-04-27,2019-05-06,,TOWER 10 第 10 座,3/F,N,,4667000,,價單第1A號 / Price List No. 1A • 105 天即供優惠付款計劃 (照售價減 7.5%) 105-day Cash Payment Plan (7.5% discount on the Price),
2019-04-27,2019-05-06,,TOWER 10 第 10 座,3/F,P,,4656000,,價單第1A號 / Price List No. 1A • 105 天即供優惠付款計劃 (照售價減 7.5%) 105-day Cash Payment Plan (7.5% discount on the Price),
2019-04-27,2019-05-06,,TOWER 10 第 10 座,5/F,A,,10161000,,價單第1A號 / Price List No. 1A • 105 天一按付款計劃 (II) (照售價減 7.5%) 105-day First Mortgage Loan Payment Plan (II) (7.5% discount on the Price),
2019-04-27,2019-05-06,,TOWER 10 第 10 座,5/F,B,,10240000,,價單第1A號 / Price List No. 1A • 105 天一按付款計劃 (I) (照售價減 6%) 105-day First Mortgage Loan Payment Plan (I) (6% discount on the Price),
2019-04-27,2019-05-06,,TOWER 10 第 10 座,5/F,C,,5816000,,價單第1A號 / Price List No. 1A • 105 天即供優惠付款計劃 (照售價減 7.5%) 105-day Cash Payment Plan (7.5% discount on the Price),
2019-04-27,2019-05-06,,TOWER 10 第 10 座,5/F,D,,6036000,,價單第1A號 / Price List No. 1A • 建築期付款計劃 (照售價減 4.5%) Stage Payment Plan (4.5% discount on the Price),
2019-04-27,2019-05-06,,TOWER 10 第 10 座,5/F,E,,5920000,,價單第1A號 / Price List No. 1A • 105 天即供優惠付款計劃 (照售價減 7.5%) 105-day Cash Payment Plan (7.5% discount on the Price),
2019-04-27,2019-05-06,,TOWER 10 第 10 座,5/F,F,,5920000,,價單第1A號 / Price List No. 1A • 105 天即供優惠付款計劃 (照售價減 7.5%) 105-day Cash Payment Plan (7.5% discount on the Price),
2019-04-27,2019-05-06,,TOWER 10 第 10 座,5/F,G,,5920000,,價單第1A號 / Price List No. 1A • 105 天即供優惠付款計劃 (照售價減 7.5%) 105-day Cash Payment Plan (7.5% discount on the Price),
2019-04-27,2019-05-06,,TOWER 10 第 10 座,5/F,H,,5846000,,價單第1A號 / Price List No. 1A • 105 天即供優惠付款計劃 (照售價減 7.5%) 105-day Cash Payment Plan (7.5% discount on the Price),
2019-04-27,2019-05-06,,TOWER 10 第 10 座,5/F,J,,11209000,,價單第1A號 / Price List No. 1A • 105 天即供優惠付款計劃 (照售價減 7.5%) 105-day Cash Payment Plan (7.5% discount on the Price),
2019-04-27,2019-05-06,,TOWER 10 第 10 座,5/F,K,,11090000,,價單第1A號 / Price List No. 1A • 105 天即供優惠付款計劃 (照售價減 7.5%) 105-day Cash Payment Plan (7.5% discount on the Price),
2019-04-27,2019-05-06,,TOWER 10 第 10 座,5/F,L,,4793000,,價單第1A號 / Price List No. 1A • 建築期付款計劃 (照售價減 4.5%) Stage Payment Plan (4.5% discount on the Price),
2019-04-27,2019-05-06,,TOWER 10 第 10 座,5/F,M,,4704000,,價單第1A號 / Price List No. 1A • 105 天即供優惠付款計劃 (照售價減 7.5%) 105-day Cash Payment Plan (7.5% discount on the Price),
2019-04-27,2019-05-06,,TOWER 10 第 10 座,5/F,N,,4704000,,價單第1A號 / Price List No. 1A • 105 天即供優惠付款計劃 (照售價減 7.5%) 105-day Cash Payment Plan (7.5% discount on the Price),
2019-04-27,2019-05-06,,TOWER 10 第 10 座,5/F,P,,4693000,,價單第1A號 / Price List No. 1A • 105 天即供優惠付款計劃 (照售價減 7.5%) 105-day Cash Payment Plan (7.5% discount on the Price),
2019-04-27,2019-05-06,,TOWER 11 第 11 座,1/F,A,,7462000,,價單第1A號 / Price List No. 1A • 105 天即供優惠付款計劃 (照售價減 7.5%) 105-day Cash Payment Plan (7.5% discount on the Price),
2019-04-27,2019-05-06,,TOWER 11 第 11 座,1/F,B,,3772000,,價單第1A號 / Price List No. 1A • 105 天即供優惠付款計劃 (照售價減 7.5%) 105-day Cash Payment Plan (7.5% discount on the Price),
2019-04-27,2019-05-06,,TOWER 11 第 11 座,1/F,C,,3743000,,價單第1A號 / Price List No. 1A • 105 天即供優惠付款計劃 (照售價減 7.5%) 105-day Cash Payment Plan (7.5% discount on the Price),
2019-04-27,2019-05-06,,TOWER 11 第 11 座,1/F,F,,8117000,,價單第1A號 / Price List No. 1A • 105 天一按付款計劃 (I) (照售價減 6%) 105-day First Mortgage Loan Payment Plan (I) (6% discount on the Price),
2019-04-27,2019-05-06,,TOWER 11 第 11 座,1/F,G,,7530000,,價單第1A號 / Price List No. 1A • 105 天即供優惠付款計劃 (照售價減 7.5%) 105-day Cash Payment Plan (7.5% discount on the Price),
2019-04-27,2019-05-06,,TOWER 11 第 11 座,2/F,A,,7528000,,價單第1A號 / Price List No. 1A • 105 天即供優惠付款計劃 (照售價減 7.5%) 105-day Cash Payment Plan (7.5% discount on the Price),
2019-04-27,2019-05-06,,TOWER 11 第 11 座,2/F,B,,3803000,,價單第1A號 / Price List No. 1A • 105 天即供優惠付款計劃 (照售價減 7.5%) 105-day Cash Payment Plan (7.5% discount on the Price),
2019-04-27,2019-05-06,,TOWER 11 第 11 座,2/F,C,,3773000,,價單第1A號 / Price List No. 1A • 105 天即供優惠付款計劃 (照售價減 7.5%) 105-day Cash Payment Plan (7.5% discount on the Price),
2019-04-27,2019-05-06,,TOWER 11 第 11 座,2/F,F,,8319000,,價單第1A號 / Price List No. 1A • 建築期付款計劃 (照售價減 4.5%) Stage Payment Plan (4.5% discount on the Price),
2019-04-27,2019-05-06,,TOWER 11 第 11 座,2/F,G,,7596000,,價單第1A號 / Price List No. 1A • 105 天即供優惠付款計劃 (照售價減 7.5%) 105-day Cash Payment Plan (7.5% discount on the Price),
2019-04-27,2019-05-06,,TOWER 11 第 11 座,3/F,A,,7594000,,價單第1A號 / Price List No. 1A • 105 天即供優惠付款計劃 (照售價減 7.5%) 105-day Cash Payment Plan (7.5% discount on the Price),
2019-04-27,2019-05-06,,TOWER 11 第 11 座,3/F,B,,3833000,,價單第1A號 / Price List No. 1A • 105 天即供優惠付款計劃 (照售價減 7.5%) 105-day Cash Payment Plan (7.5% discount on the Price),
2019-04-27,2019-05-06,,TOWER 11 第 11 座,3/F,F,,8128000,,價單第1A號 / Price List No. 1A • 105 天即供優惠付款計劃 (照售價減 7.5%) 105-day Cash Payment Plan (7.5% discount on the Price),
2019-04-27,2019-05-06,,TOWER 11 第 11 座,3/F,G,,7787000,,價單第1A號 / Price List No. 1A • 105 天一按付款計劃 (I) (照售價減 6%) 105-day First Mortgage Loan Payment Plan (I) (6% discount on the Price),
2019-04-27,2019-05-06,,TOWER 11 第 11 座,5/F,C,,3833000,,價單第1A號 / Price List No. 1A • 105 天即供優惠付款計劃 (照售價減 7.5%) 105-day Cash Payment Plan (7.5% discount on the Price),
2019-04-27,2019-05-06,,TOWER 12 第 12 座,1/F,B,,3743000,,價單第1A號 / Price List No. 1A • 105 天即供優惠付款計劃 (照售價減 7.5%) 105-day Cash Payment Plan (7.5% discount on the Price),
2019-04-27,2019-05-06,,TOWER 12 第 12 座,1/F,C,,3743000,,價單第1A號 / Price List No. 1A • 105 天即供優惠付款計劃 (照售價減 7.5%) 105-day Cash Payment Plan (7.5% discount on the Price),
2019-04-27,2019-05-06,,TOWER 12 第 12 座,1/F,F,,7933000,,價單第1A號 / Price List No. 1A • 105 天即供優惠付款計劃 (照售價減 7.5%) 105-day Cash Payment Plan (7.5% discount on the Price),
2019-04-27,2019-05-06,,TOWER 12 第 12 座,2/F,B,,3773000,,價單第1A號 / Price List No. 1A • 105 天即供優惠付款計劃 (照售價減 7.5%) 105-day Cash Payment Plan (7.5% discount on the Price),
2019-04-27,2019-05-06,,TOWER 12 第 12 座,2/F,C,,3895000,,價單第1A號 / Price List No. 1A • 建築期付款計劃 (照售價減 4.5%) Stage Payment Plan (4.5% discount on the Price),
2019-04-27,2019-05-06,,TOWER 12 第 12 座,2/F,F,,8002000,,價單第1A號 / Price List No. 1A • 105 天即供優惠付款計劃 (照售價減 7.5%) 105-day Cash Payment Plan (7.5% discount on the Price),
2019-04-27,2019-05-06,,TOWER 12 第 12 座,3/F,B,,3803000,,價單第1A號 / Price List No. 1A • 105 天即供優惠付款計劃 (照售價減 7.5%) 105-day Cash Payment Plan (7.5% discount on the Price),
2019-04-27,2019-05-06,,TOWER 12 第 12 座,3/F,C,,3803000,,價單第1A號 / Price List No. 1A • 105 天即供優惠付款計劃 (照售價減 7.5%) 105-day Cash Payment Plan (7.5% discount on the Price),
2019-04-27,2019-05-06,,TOWER 12 第 12 座,3/F,F,,8203000,,價單第1A號 / Price List No. 1A • 105 天一按付款計劃 (I) (照售價減 6%) 105-day First Mortgage Loan Payment Plan (I) (6% discount on the Price),
2019-04-27,2019-05-06,,TOWER 13 第 13 座,1/F,B,,3743000,,價單第1A號 / Price List No. 1A • 105 天即供優惠付款計劃 (照售價減 7.5%) 105-day Cash Payment Plan (7.5% discount on the Price),
2019-04-27,2019-05-06,,TOWER 13 第 13 座,1/F,C,,3879000,,價單第1A號 / Price List No. 1A • 建築期付款計劃 (照售價減 4.5%) Stage Payment Plan (4.5% discount on the Price),
2019-04-27,2019-05-06,,TOWER 13 第 13 座,1/F,D,,8630000,,價單第1A號 / Price List No. 1A • 105 天一按付款計劃 (I) (照售價減 6%) 105-day First Mortgage Loan Payment Plan (I) (6% discount on the Price),
2019-04-27,2019-05-06,,TOWER 13 第 13 座,1/F,E,,8852000,"在12-03-2020，基於法例 第35(2)(b) 條所容許的原 因， 售價更改為 $8,574,000。On 12-03- 2020,the price adjusted to $8,574,000 due to the reason allowed under section 35(2)(b) of the Ordinance.","價單第1A號 / Price List No. 1A • 建築期付款計劃 (照售價減 4.5%) Stage Payment Plan (4.5% discount on the Price) 在12-03-2020，支付條款更改為On 12-03-2020,the terms of payment adjusted to 價單第1A號 / Price List No. 1A • 105 天即供優惠付款計劃 (照售價減 7.5%)(見備註 / See Remark 7(a)(ii)) 105- day Cash Payment Plan (7.5% discount on the Price)(見備註 / See Remark 7(a)(ii))",
2019-04-27,2019-05-06,,TOWER 13 第 13 座,1/F,F,,8436000,,價單第1A號 / Price List No. 1A • 105 天一按付款計劃 (I) (照售價減 6%) 105-day First Mortgage Loan Payment Plan (I) (6% discount on the Price),
2019-04-27,2019-05-06,,TOWER 13 第 13 座,2/F,B,,3895000,,價單第1A號 / Price List No. 1A • 建築期付款計劃 (照售價減 4.5%) Stage Payment Plan (4.5% discount on the Price),
2019-04-27,2019-05-06,,TOWER 13 第 13 座,2/F,C,,3788000,,價單第1A號 / Price List No. 1A • 105 天即供優惠付款計劃 (照售價減 7.5%) 105-day Cash Payment Plan (7.5% discount on the Price),
2019-04-27,2019-05-06,,TOWER 13 第 13 座,2/F,D,,8706000,,價單第1A號 / Price List No. 1A • 105 天一按付款計劃 (I) (照售價減 6%) 105-day First Mortgage Loan Payment Plan (I) (6% discount on the Price),
2019-04-27,2019-05-06,,TOWER 13 第 13 座,2/F,E,,8650000,,價單第1A號 / Price List No. 1A • 105 天即供優惠付款計劃 (照售價減 7.5%) 105-day Cash Payment Plan (7.5% discount on the Price),
2019-04-27,2019-05-06,,TOWER 13 第 13 座,2/F,F,,8570000,,價單第1A號 / Price List No. 1A • 建築期付款計劃 (照售價減 4.5%) Stage Payment Plan (4.5% discount on the Price),
2019-04-27,2019-05-06,2020-09-08,TOWER 13 第 13 座,3/F,B,,3926000,,價單第1A號 / Price List No. 1A • 建築期付款計劃 (照售價減 4.5%) Stage Payment Plan (4.5% discount on the Price),
2019-04-27,2019-05-06,,TOWER 13 第 13 座,3/F,C,,3818000,,價單第1A號 / Price List No. 1A • 105 天即供優惠付款計劃 (照售價減 7.5%) 105-day Cash Payment Plan (7.5% discount on the Price),
2019-04-27,2019-05-06,,TOWER 13 第 13 座,3/F,D,,8641000,,價單第1A號 / Price List No. 1A • 105 天即供優惠付款計劃 (照售價減 7.5%) 105-day Cash Payment Plan (7.5% discount on the Price),
2019-04-27,2019-05-06,,TOWER 13 第 13 座,3/F,E,,8867000,,價單第1A號 / Price List No. 1A • 105 天一按付款計劃 (I) (照售價減 6%) 105-day First Mortgage Loan Payment Plan (I) (6% discount on the Price),
2019-04-27,2019-05-06,,TOWER 13 第 13 座,3/F,F,,8447000,,價單第1A號 / Price List No. 1A • 105 天即供優惠付款計劃 (照售價減 7.5%) 105-day Cash Payment Plan (7.5% discount on the Price),
2019-04-28,,,TOWER 7 第 7 座,2/F,E,,14258000,,價單第1A號 / Price List No. 1A • 105 天即供優惠付款計劃 (照售價減 7.5%) 105-day Cash Payment Plan (7.5% discount on the Price) • 認購一個住客停車位的權利 Option to Purchase of one Residential Parking Space,
2019-04-28,2019-05-06,,TOWER 12 第 12 座,3/F,A,,13874000,,價單第1A號 / Price List No. 1A • 105 天即供優惠付款計劃 (照售價減 7.5%) 105-day Cash Payment Plan (7.5% discount on the Price) • 認購一個住客停車位的權利 Option to Purchase of one Residential Parking Space,
2019-04-29,2019-05-07,,TOWER 7 第 7 座,7/F,D,,14504000,,價單第1A號 / Price List No. 1A • 105 天即供優惠付款計劃 (照售價減 7.5%) 105-day Cash Payment Plan (7.5% discount on the Price) • 認購一個住客停車位的權利 Option to Purchase of one Residential Parking Space,
2019-04-30,2019-05-08,,TOWER 7 第 7 座,1/F,E,,14588000,,價單第1A號 / Price List No. 1A • 建築期付款計劃 (照售價減 4.5%) Stage Payment Plan (4.5% discount on the Price) • 認購一個住客停車位的權利 Option to Purchase of one Residential Parking Space,
2019-05-01,2019-05-08,,TOWER 6 第 6 座,1/F,A,,12854000,,價單第1A號 / Price List No. 1A • 105 天一按付款計劃 (I) (照售價減 6%) 105-day First Mortgage Loan Payment Plan (I) (6% discount on the Price) • 認購一個住客停車位的權利 Option to Purchase of one Residential Parking Space,
2019-05-01,2019-05-08,,TOWER 6 第 6 座,5/F,A,,13987000,,價單第1A號 / Price List No. 1A • 105 天一按付款計劃 (I) (照售價減 6%) 105-day First Mortgage Loan Payment Plan (I) (6% discount on the Price) • 認購一個住客停車位的權利 Option to Purchase of one Residential Parking Space,
2019-05-01,2019-05-08,,TOWER 7 第 7 座,3/F,D,,14351000,,價單第1A號 / Price List No. 1A • 105 天一按付款計劃 (I) (照售價減 6%) 105-day First Mortgage Loan Payment Plan (I) (6% discount on the Price) • 認購一個住客停車位的權利 Option to Purchase of one Residential Parking Space,
2019-05-03,2019-05-10,,TOWER 9 第 9 座,3/F,A,,13696000,,價單第1A號 (B)付款方法 / Payment Plan (B) of the Price List No. 1A • 105 天即供優惠付款計劃 (照售價減 7.5%)(見備註 / See Remark 7(a)(ii)) 105-day Cash Payment Plan (7.5% discount on the Price)(見備註 / See Remark 7(a)(ii)) • 認購一個住客停車位的權利 Option to Purchase of one Residential Parking Space,
2019-05-04,2019-05-10,,TOWER 2 第 2 座,6/F,B,,12476000,,價單第2號 (A)付款方法 / Payment Plan (A) of the Price List No. 2 • 建築期付款計劃 (照售價減 4.5%)(見備註 / See Remark 7(a)(i)) Stage Payment Plan (4.5% discount on the Price)(見備註 / See Remark 7(a)(i)),
2019-05-04,2019-05-10,,TOWER 2 第 2 座,7/F,B,,12184000,,價單第2號 (B)付款方法 / Payment Plan (B) of the Price List No. 2 • 105 天即供優惠付款計劃 (照售價減 7.5%)(見備註 / See Remark 7(a)(ii)) 105-day Cash Payment Plan (7.5% discount on the Price)(見備註 / See Remark 7(a)(ii)),
2019-05-04,2019-05-10,,TOWER 2 第 2 座,8/F,B,,12491000,,價單第2號 (C)付款方法 / Payment Plan (C) of the Price List No. 2 • 105 天一按付款計劃 (I) (照售價減 6%)(見備註 / See Remark 7(a)(iii)) 105-day First Mortgage Loan Payment Plan (I) (6% discount on the Price)(見備註 / See Remark 7(a)(iii)),
2019-05-04,2019-05-10,,TOWER 2 第 2 座,9/F,B,,12786000,,價單第2號 (A)付款方法 / Payment Plan (A) of the Price List No. 2 • 建築期付款計劃 (照售價減 4.5%)(見備註 / See Remark 7(a)(i)) Stage Payment Plan (4.5% discount on the Price)(見備註 / See Remark 7(a)(i)),
2019-05-04,2019-05-10,,TOWER 2 第 2 座,10/F,B,,12686000,,價單第2號 (C)付款方法 / Payment Plan (C) of the Price List No. 2 • 105 天一按付款計劃 (I) (照售價減 6%)(見備註 / See Remark 7(a)(iii)) 105-day First Mortgage Loan Payment Plan (I) (6% discount on the Price)(見備註 / See Remark 7(a)(iii)),
2019-05-04,2019-05-10,,TOWER 5 第 5 座,G/F,A,,11163000,,價單第2號 (A)付款方法 / Payment Plan (A) of the Price List No. 2 • 建築期付款計劃 (照售價減 4.5%)(見備註 / See Remark 7(a)(i)) Stage Payment Plan (4.5% discount on the Price)(見備註 / See Remark 7(a)(i)),
2019-05-04,2019-05-10,,TOWER 5 第 5 座,G/F,E,,16881000,,價單第2號 (A)付款方法 / Payment Plan (A) of the Price List No. 2 • 建築期付款計劃 (照售價減 4.5%)(見備註 / See Remark 7(a)(i)) Stage Payment Plan (4.5% discount on the Price)(見備註 / See Remark 7(a)(i)) • 認購一個住客停車位的權利 Option to Purchase of one Residential Parking Space,
2019-05-04,2019-05-10,,TOWER 5 第 5 座,G/F,F,,7806000,,價單第2號 (B)付款方法 / Payment Plan (B) of the Price List No. 2 • 105 天即供優惠付款計劃 (照售價減 7.5%)(見備註 / See Remark 7(a)(ii)) 105-day Cash Payment Plan (7.5% discount on the Price)(見備註 / See Remark 7(a)(ii)),
2019-05-04,2019-05-10,,TOWER 5 第 5 座,8/F,A,,9009000,,價單第2號 (A)付款方法 / Payment Plan (A) of the Price List No. 2 • 建築期付款計劃 (照售價減 4.5%)(見備註 / See Remark 7(a)(i)) Stage Payment Plan (4.5% discount on the Price)(見備註 / See Remark 7(a)(i)),
2019-05-04,2019-05-10,,TOWER 5 第 5 座,8/F,B,,4039000,,價單第2號 (A)付款方法 / Payment Plan (A) of the Price List No. 2 • 建築期付款計劃 (照售價減 4.5%)(見備註 / See Remark 7(a)(i)) Stage Payment Plan (4.5% discount on the Price)(見備註 / See Remark 7(a)(i)),
2019-05-04,2019-05-10,,TOWER 5 第 5 座,8/F,C,,4005000,,價單第2號 (A)付款方法 / Payment Plan (A) of the Price List No. 2 • 建築期付款計劃 (照售價減 4.5%)(見備註 / See Remark 7(a)(i)) Stage Payment Plan (4.5% discount on the Price)(見備註 / See Remark 7(a)(i)),
2019-05-04,2019-05-10,,TOWER 5 第 5 座,8/F,F,,8771000,,價單第2號 (C)付款方法 / Payment Plan (C) of the Price List No. 2 • 105 天一按付款計劃 (I) (照售價減 6%)(見備註 / See Remark 7(a)(iii)) 105-day First Mortgage Loan Payment Plan (I) (6% discount on the Price)(見備註 / See Remark 7(a)(iii)),
2019-05-04,2019-05-10,,TOWER 5 第 5 座,8/F,G,,9056000,,價單第2號 (C)付款方法 / Payment Plan (C) of the Price List No. 2 • 105 天一按付款計劃 (I) (照售價減 6%)(見備註 / See Remark 7(a)(iii)) 105-day First Mortgage Loan Payment Plan (I) (6% discount on the Price)(見備註 / See Remark 7(a)(iii)),
2019-05-04,2019-05-10,,TOWER 5 第 5 座,9/F,B,,4066000,,價單第2號 (A)付款方法 / Payment Plan (A) of the Price List No. 2 • 建築期付款計劃 (照售價減 4.5%)(見備註 / See Remark 7(a)(i)) Stage Payment Plan (4.5% discount on the Price)(見備註 / See Remark 7(a)(i)),
2019-05-04,2019-05-10,,TOWER 5 第 5 座,9/F,C,,3906000,,價單第2號 (B)付款方法 / Payment Plan (B) of the Price List No. 2 • 105 天即供優惠付款計劃 (照售價減 7.5%)(見備註 / See Remark 7(a)(ii)) 105-day Cash Payment Plan (7.5% discount on the Price)(見備註 / See Remark 7(a)(ii)),
2019-05-04,2019-05-10,,TOWER 5 第 5 座,9/F,F,,8696000,,價單第2號 (B)付款方法 / Payment Plan (B) of the Price List No. 2 • 105 天即供優惠付款計劃 (照售價減 7.5%)(見備註 / See Remark 7(a)(ii)) 105-day Cash Payment Plan (7.5% discount on the Price)(見備註 / See Remark 7(a)(ii)),
2019-05-04,2019-05-10,,TOWER 5 第 5 座,9/F,G,,9124000,,價單第2號 (C)付款方法 / Payment Plan (C) of the Price List No. 2 • 105 天一按付款計劃 (I) (照售價減 6%)(見備註 / See Remark 7(a)(iii)) 105-day First Mortgage Loan Payment Plan (I) (6% discount on the Price)(見備註 / See Remark 7(a)(iii)),
2019-05-04,2019-05-10,,TOWER 5 第 5 座,10/F,A,,9009000,,價單第2號 (C)付款方法 / Payment Plan (C) of the Price List No. 2 • 105 天一按付款計劃 (I) (照售價減 6%)(見備註 / See Remark 7(a)(iii)) 105-day First Mortgage Loan Payment Plan (I) (6% discount on the Price)(見備註 / See Remark 7(a)(iii)),
2019-05-04,2019-05-10,,TOWER 5 第 5 座,10/F,B,,3968000,,價單第2號 (B)付款方法 / Payment Plan (B) of the Price List No. 2 • 105 天即供優惠付款計劃 (照售價減 7.5%)(見備註 / See Remark 7(a)(ii)) 105-day Cash Payment Plan (7.5% discount on the Price)(見備註 / See Remark 7(a)(ii)),
2019-05-04,2019-05-10,,TOWER 5 第 5 座,10/F,C,,4064000,,價單第2號 (A)付款方法 / Payment Plan (A) of the Price List No. 2 • 建築期付款計劃 (照售價減 4.5%)(見備註 / See Remark 7(a)(i)) Stage Payment Plan (4.5% discount on the Price)(見備註 / See Remark 7(a)(i)),
2019-05-04,2019-05-10,,TOWER 5 第 5 座,10/F,F,,8766000,,價單第2號 (B)付款方法 / Payment Plan (B) of the Price List No. 2 • 105 天即供優惠付款計劃 (照售價減 7.5%)(見備註 / See Remark 7(a)(ii)) 105-day Cash Payment Plan (7.5% discount on the Price)(見備註 / See Remark 7(a)(ii)),
2019-05-04,2019-05-10,,TOWER 5 第 5 座,10/F,G,,9345000,,價單第2號 (A)付款方法 / Payment Plan (A) of the Price List No. 2 • 建築期付款計劃 (照售價減 4.5%)(見備註 / See Remark 7(a)(i)) Stage Payment Plan (4.5% discount on the Price)(見備註 / See Remark 7(a)(i)),
2019-05-04,2019-05-10,,TOWER 5 第 5 座,11/F,B,,3998000,,價單第2號 (B)付款方法 / Payment Plan (B) of the Price List No. 2 • 105 天即供優惠付款計劃 (照售價減 7.5%)(見備註 / See Remark 7(a)(ii)) 105-day Cash Payment Plan (7.5% discount on the Price)(見備註 / See Remark 7(a)(ii)),
2019-05-04,2019-05-10,,TOWER 5 第 5 座,11/F,C,,3965000,,價單第2號 (B)付款方法 / Payment Plan (B) of the Price List No. 2 • 105 天即供優惠付款計劃 (照售價減 7.5%)(見備註 / See Remark 7(a)(ii)) 105-day Cash Payment Plan (7.5% discount on the Price)(見備註 / See Remark 7(a)(ii)),
2019-05-04,2019-05-10,,TOWER 5 第 5 座,11/F,F,,8837000,,價單第2號 (B)付款方法 / Payment Plan (B) of the Price List No. 2 • 105 天即供優惠付款計劃 (照售價減 7.5%)(見備註 / See Remark 7(a)(ii)) 105-day Cash Payment Plan (7.5% discount on the Price)(見備註 / See Remark 7(a)(ii)),
2019-05-04,2019-05-10,,TOWER 5 第 5 座,11/F,G,,9419000,,價單第2號 (A)付款方法 / Payment Plan (A) of the Price List No. 2 • 建築期付款計劃 (照售價減 4.5%)(見備註 / See Remark 7(a)(i)) Stage Payment Plan (4.5% discount on the Price)(見備註 / See Remark 7(a)(i)),
2019-05-04,2019-05-10,,TOWER 5 第 5 座,12/F,B,,4158000,,價單第2號 (A)付款方法 / Payment Plan (A) of the Price List No. 2 • 建築期付款計劃 (照售價減 4.5%)(見備註 / See Remark 7(a)(i)) Stage Payment Plan (4.5% discount on the Price)(見備註 / See Remark 7(a)(i)),
2019-05-04,2019-05-10,,TOWER 5 第 5 座,12/F,C,,3994000,,價單第2號 (B)付款方法 / Payment Plan (B) of the Price List No. 2 • 105 天即供優惠付款計劃 (照售價減 7.5%)(見備註 / See Remark 7(a)(ii)) 105-day Cash Payment Plan (7.5% discount on the Price)(見備註 / See Remark 7(a)(ii)),
2019-05-04,2019-05-10,,TOWER 5 第 5 座,12/F,F,,8907000,,價單第2號 (B)付款方法 / Payment Plan (B) of the Price List No. 2 • 105 天即供優惠付款計劃 (照售價減 7.5%)(見備註 / See Remark 7(a)(ii)) 105-day Cash Payment Plan (7.5% discount on the Price)(見備註 / See Remark 7(a)(ii)),
2019-05-04,2019-05-10,,TOWER 5 第 5 座,12/F,G,,9196000,,價單第2號 (B)付款方法 / Payment Plan (B) of the Price List No. 2 • 105 天即供優惠付款計劃 (照售價減 7.5%)(見備註 / See Remark 7(a)(ii)) 105-day Cash Payment Plan (7.5% discount on the Price)(見備註 / See Remark 7(a)(ii)),
2019-05-04,2019-05-10,,TOWER 6 第 6 座,G/F,D,,17594000,,價單第2號 (B)付款方法 / Payment Plan (B) of the Price List No. 2 • 105 天即供優惠付款計劃 (照售價減 7.5%)(見備註 / See Remark 7(a)(ii)) 105-day Cash Payment Plan (7.5% discount on the Price)(見備註 / See Remark 7(a)(ii)) • 認購一個住客停車位的權利 Option to Purchase of one Residential Parking Space,
2019-05-04,2019-05-10,2019-12-13,TOWER 6 第 6 座,G/F,F,,8121000,,價單第2號 (A)付款方法 / Payment Plan (A) of the Price List No. 2 • 建築期付款計劃 (照售價減 4.5%)(見備註 / See Remark 7(a)(i)) Stage Payment Plan (4.5% discount on the Price)(見備註 / See Remark 7(a)(i)),
2019-05-04,2019-05-10,,TOWER 6 第 6 座,G/F,G,,17021000,,價單第2號 (A)付款方法 / Payment Plan (A) of the Price List No. 2 • 建築期付款計劃 (照售價減 4.5%)(見備註 / See Remark 7(a)(i)) Stage Payment Plan (4.5% discount on the Price)(見備註 / See Remark 7(a)(i)) • 認購一個住客停車位的權利 Option to Purchase of one Residential Parking Space,
2019-05-04,2019-05-10,,TOWER 6 第 6 座,8/F,B,,4005000,,價單第2號 (A)付款方法 / Payment Plan (A) of the Price List No. 2 • 建築期付款計劃 (照售價減 4.5%)(見備註 / See Remark 7(a)(i)) Stage Payment Plan (4.5% discount on the Price)(見備註 / See Remark 7(a)(i)),
2019-05-04,2019-05-10,,TOWER 6 第 6 座,8/F,C,,4005000,,價單第2號 (A)付款方法 / Payment Plan (A) of the Price List No. 2 • 建築期付款計劃 (照售價減 4.5%)(見備註 / See Remark 7(a)(i)) Stage Payment Plan (4.5% discount on the Price)(見備註 / See Remark 7(a)(i)),
2019-05-04,2019-05-10,,TOWER 6 第 6 座,8/F,E,,14665000,,價單第2號 (B)付款方法 / Payment Plan (B) of the Price List No. 2 • 105 天即供優惠付款計劃 (照售價減 7.5%)(見備註 / See Remark 7(a)(ii)) 105-day Cash Payment Plan (7.5% discount on the Price)(見備註 / See Remark 7(a)(ii)) • 認購一個住客停車位的權利 Option to Purchase of one Residential Parking Space,
2019-05-04,2019-05-10,,TOWER 6 第 6 座,8/F,F,,8572000,,價單第2號 (B)付款方法 / Payment Plan (B) of the Price List No. 2 • 105 天即供優惠付款計劃 (照售價減 7.5%)(見備註 / See Remark 7(a)(ii)) 105-day Cash Payment Plan (7.5% discount on the Price)(見備註 / See Remark 7(a)(ii)),
2019-05-04,2019-05-10,,TOWER 6 第 6 座,9/F,B,,4033000,,價單第2號 (A)付款方法 / Payment Plan (A) of the Price List No. 2 • 建築期付款計劃 (照售價減 4.5%)(見備註 / See Remark 7(a)(i)) Stage Payment Plan (4.5% discount on the Price)(見備註 / See Remark 7(a)(i)),
2019-05-04,2019-05-10,,TOWER 6 第 6 座,9/F,C,,4033000,"在09-07-2019，基於法例 第35(2)(b) 條所容許的原 因， 售價更改為 $3,906,000。On 09-07- 2019, the price adjusted to$3,906,000 due to the reason allowed under section 35(2)(b) of the Ordinance.","價單第2號 (A)付款方法 / Payment Plan (A) of the Price List No. 2 • 建築期付款計劃 (照售價減 4.5%)(見備註 / See Remark 7(a)(i)) Stage Payment Plan (4.5% discount on the Price)(見備註 / See Remark 7(a)(i)) 在09-07-2019，支付條款更改為 On 09-07-2019,the terms of payment adjusted to 價單第2號 (B)付款方法 / Payment Plan (B) of the Price List No. 2 • 105 天即供優惠付款計劃 (照售價減 7.5%)(見備註 / See Remark 7(a)(ii)) 105- day Cash Payment Plan (7.5% discount on the Price)(見備註 / See Remark 7(a)(ii))",
2019-05-04,2019-05-10,,TOWER 6 第 6 座,9/F,E,,14781000,,價單第2號 (B)付款方法 / Payment Plan (B) of the Price List No. 2 • 105 天即供優惠付款計劃 (照售價減 7.5%)(見備註 / See Remark 7(a)(ii)) 105-day Cash Payment Plan (7.5% discount on the Price)(見備註 / See Remark 7(a)(ii)) • 認購一個住客停車位的權利 Option to Purchase of one Residential Parking Space,
2019-05-04,2019-05-10,,TOWER 6 第 6 座,9/F,F,,8917000,,價單第2號 (A)付款方法 / Payment Plan (A) of the Price List No. 2 • 建築期付款計劃 (照售價減 4.5%)(見備註 / See Remark 7(a)(i)) Stage Payment Plan (4.5% discount on the Price)(見備註 / See Remark 7(a)(i)),
2019-05-04,2019-05-10,,TOWER 6 第 6 座,10/F,B,,3936000,,價單第2號 (B)付款方法 / Payment Plan (B) of the Price List No. 2 • 105 天即供優惠付款計劃 (照售價減 7.5%)(見備註 / See Remark 7(a)(ii)) 105-day Cash Payment Plan (7.5% discount on the Price)(見備註 / See Remark 7(a)(ii)),
2019-05-04,2019-05-10,,TOWER 6 第 6 座,10/F,C,,4064000,,價單第2號 (A)付款方法 / Payment Plan (A) of the Price List No. 2 • 建築期付款計劃 (照售價減 4.5%)(見備註 / See Remark 7(a)(i)) Stage Payment Plan (4.5% discount on the Price)(見備註 / See Remark 7(a)(i)),
2019-05-04,2019-05-10,,TOWER 6 第 6 座,10/F,E,,15390000,,價單第2號 (A)付款方法 / Payment Plan (A) of the Price List No. 2 • 建築期付款計劃 (照售價減 4.5%)(見備註 / See Remark 7(a)(i)) Stage Payment Plan (4.5% discount on the Price)(見備註 / See Remark 7(a)(i)) • 認購一個住客停車位的權利 Option to Purchase of one Residential Parking Space,
2019-05-04,2019-05-10,,TOWER 6 第 6 座,10/F,F,,8706000,,價單第2號 (B)付款方法 / Payment Plan (B) of the Price List No. 2 • 105 天即供優惠付款計劃 (照售價減 7.5%)(見備註 / See Remark 7(a)(ii)) 105-day Cash Payment Plan (7.5% discount on the Price)(見備註 / See Remark 7(a)(ii)),
2019-05-04,2019-05-10,,TOWER 6 第 6 座,11/F,C,,3965000,,價單第2號 (B)付款方法 / Payment Plan (B) of the Price List No. 2 • 105 天即供優惠付款計劃 (照售價減 7.5%)(見備註 / See Remark 7(a)(ii)) 105-day Cash Payment Plan (7.5% discount on the Price)(見備註 / See Remark 7(a)(ii)),
2019-05-04,2019-05-10,,TOWER 6 第 6 座,11/F,F,,8919000,,價單第2號 (C)付款方法 / Payment Plan (C) of the Price List No. 2 • 105 天一按付款計劃 (I) (照售價減 6%)(見備註 / See Remark 7(a)(iii)) 105-day First Mortgage Loan Payment Plan (I) (6% discount on the Price)(見備註 / See Remark 7(a)(iii)),
2019-05-04,2019-05-10,,TOWER 6 第 6 座,12/F,B,,4059000,,價單第2號 (C)付款方法 / Payment Plan (C) of the Price List No. 2 • 105 天一按付款計劃 (I) (照售價減 6%)(見備註 / See Remark 7(a)(iii)) 105-day First Mortgage Loan Payment Plan (I) (6% discount on the Price)(見備註 / See Remark 7(a)(iii)),
2019-05-04,2019-05-10,,TOWER 6 第 6 座,12/F,C,,4124000,,價單第2號 (A)付款方法 / Payment Plan (A) of the Price List No. 2 • 建築期付款計劃 (照售價減 4.5%)(見備註 / See Remark 7(a)(i)) Stage Payment Plan (4.5% discount on the Price)(見備註 / See Remark 7(a)(i)),
2019-05-04,2019-05-10,,TOWER 6 第 6 座,12/F,F,,8989000,,價單第2號 (C)付款方法 / Payment Plan (C) of the Price List No. 2 • 105 天一按付款計劃 (I) (照售價減 6%)(見備註 / See Remark 7(a)(iii)) 105-day First Mortgage Loan Payment Plan (I) (6% discount on the Price)(見備註 / See Remark 7(a)(iii)),
2019-05-04,2019-05-10,,TOWER 7 第 7 座,8/F,B,,4005000,,價單第2號 (A)付款方法 / Payment Plan (A) of the Price List No. 2 • 建築期付款計劃 (照售價減 4.5%)(見備註 / See Remark 7(a)(i)) Stage Payment Plan (4.5% discount on the Price)(見備註 / See Remark 7(a)(i)),
2019-05-04,2019-05-10,,TOWER 7 第 7 座,8/F,C,,4005000,,價單第2號 (A)付款方法 / Payment Plan (A) of the Price List No. 2 • 建築期付款計劃 (照售價減 4.5%)(見備註 / See Remark 7(a)(i)) Stage Payment Plan (4.5% discount on the Price)(見備註 / See Remark 7(a)(i)),
2019-05-04,2019-05-10,,TOWER 7 第 7 座,8/F,F,,8881000,,價單第2號 (A)付款方法 / Payment Plan (A) of the Price List No. 2 • 建築期付款計劃 (照售價減 4.5%)(見備註 / See Remark 7(a)(i)) Stage Payment Plan (4.5% discount on the Price)(見備註 / See Remark 7(a)(i)),
2019-05-04,2019-05-10,2020-09-02,TOWER 7 第 7 座,8/F,G,,15103000,,價單第2號 (A)付款方法 / Payment Plan (A) of the Price List No. 2 • 建築期付款計劃 (照售價減 4.5%)(見備註 / See Remark 7(a)(i)) Stage Payment Plan (4.5% discount on the Price)(見備註 / See Remark 7(a)(i)) • 認購一個住客停車位的權利 Option to Purchase of one Residential Parking Space,
2019-05-04,2019-05-10,,TOWER 7 第 7 座,9/F,B,,3906000,,價單第2號 (B)付款方法 / Payment Plan (B) of the Price List No. 2 • 105 天即供優惠付款計劃 (照售價減 7.5%)(見備註 / See Remark 7(a)(ii)) 105-day Cash Payment Plan (7.5% discount on the Price)(見備註 / See Remark 7(a)(ii)),
2019-05-04,2019-05-10,,TOWER 7 第 7 座,9/F,C,,4033000,,價單第2號 (A)付款方法 / Payment Plan (A) of the Price List No. 2 • 建築期付款計劃 (照售價減 4.5%)(見備註 / See Remark 7(a)(i)) Stage Payment Plan (4.5% discount on the Price)(見備註 / See Remark 7(a)(i)),
2019-05-04,2019-05-10,,TOWER 7 第 7 座,9/F,F,,8666000,,價單第2號 (B)付款方法 / Payment Plan (B) of the Price List No. 2 • 105 天即供優惠付款計劃 (照售價減 7.5%)(見備註 / See Remark 7(a)(ii)) 105-day Cash Payment Plan (7.5% discount on the Price)(見備註 / See Remark 7(a)(ii)),
2019-05-04,2019-05-10,,TOWER 7 第 7 座,9/F,G,,15222000,"在14-06-2019，基於法例 第35(2)(b) 條所容許的原 因， 售價更改為 $14,744,000。On 14-06- 2019, the price adjusted to $14,744,000 due to the reason allowed under section 35(2)(b) of the Ordinance.","價單第2號 (A)付款方法 / Payment Plan (A) of the Price List No. 2 • 建築期付款計劃 (照售價減 4.5%)(見備註 / See Remark 7(a)(i)) Stage Payment Plan (4.5% discount on the Price)(見備註 / See Remark 7(a)(i)) • 認購一個住客停車位的權利 Option to Purchase of one Residential Parking Space 在14-06-2019，支付條款更改為 On14-06-2019,the terms of payment adjusted to 價單第2號 (B)付款方法 / Payment Plan (B) of the Price List No. 2 • 105 天即供優惠付款計劃 (照售價減 7.5%)(見備註 / See Remark 7(a)(ii)) 105- day Cash Payment Plan (7.5% discount on the Price)(見備註 / See Remark 7(a)(ii)) • 認購一個住客停車位的權利 Option to Purchase of one Residential Parking",
2019-05-04,2019-05-10,,TOWER 7 第 7 座,10/F,B,,4064000,,價單第2號 (A)付款方法 / Payment Plan (A) of the Price List No. 2 • 建築期付款計劃 (照售價減 4.5%)(見備註 / See Remark 7(a)(i)) Stage Payment Plan (4.5% discount on the Price)(見備註 / See Remark 7(a)(i)),
2019-05-04,2019-05-10,,TOWER 7 第 7 座,10/F,C,,4064000,,價單第2號 (A)付款方法 / Payment Plan (A) of the Price List No. 2 • 建築期付款計劃 (照售價減 4.5%)(見備註 / See Remark 7(a)(i)) Stage Payment Plan (4.5% discount on the Price)(見備註 / See Remark 7(a)(i)),
2019-05-04,2019-05-10,,TOWER 7 第 7 座,10/F,F,,8878000,,價單第2號 (C)付款方法 / Payment Plan (C) of the Price List No. 2 • 105 天一按付款計劃 (I) (照售價減 6%)(見備註 / See Remark 7(a)(iii)) 105-day First Mortgage Loan Payment Plan (I) (6% discount on the Price)(見備註 / See Remark 7(a)(iii)),
2019-05-04,2019-05-10,,TOWER 7 第 7 座,10/F,G,,14868000,,價單第2號 (B)付款方法 / Payment Plan (B) of the Price List No. 2 • 105 天即供優惠付款計劃 (照售價減 7.5%)(見備註 / See Remark 7(a)(ii)) 105-day Cash Payment Plan (7.5% discount on the Price)(見備註 / See Remark 7(a)(ii)) • 認購一個住客停車位的權利 Option to Purchase of one Residential Parking Space,
2019-05-04,2019-05-10,,TOWER 7 第 7 座,11/F,B,,4094000,,價單第2號 (A)付款方法 / Payment Plan (A) of the Price List No. 2 • 建築期付款計劃 (照售價減 4.5%)(見備註 / See Remark 7(a)(i)) Stage Payment Plan (4.5% discount on the Price)(見備註 / See Remark 7(a)(i)),
2019-05-04,2019-05-10,,TOWER 7 第 7 座,11/F,C,,4094000,,價單第2號 (A)付款方法 / Payment Plan (A) of the Price List No. 2 • 建築期付款計劃 (照售價減 4.5%)(見備註 / See Remark 7(a)(i)) Stage Payment Plan (4.5% discount on the Price)(見備註 / See Remark 7(a)(i)),
2019-05-04,2019-05-10,,TOWER 7 第 7 座,11/F,F,,9092000,,價單第2號 (A)付款方法 / Payment Plan (A) of the Price List No. 2 • 建築期付款計劃 (照售價減 4.5%)(見備註 / See Remark 7(a)(i)) Stage Payment Plan (4.5% discount on the Price)(見備註 / See Remark 7(a)(i)),
2019-05-04,2019-05-10,,TOWER 7 第 7 座,12/F,B,,4124000,,價單第2號 (A)付款方法 / Payment Plan (A) of the Price List No. 2 • 建築期付款計劃 (照售價減 4.5%)(見備註 / See Remark 7(a)(i)) Stage Payment Plan (4.5% discount on the Price)(見備註 / See Remark 7(a)(i)),
2019-05-04,2019-05-10,,TOWER 7 第 7 座,12/F,C,,3994000,,價單第2號 (B)付款方法 / Payment Plan (B) of the Price List No. 2 • 105 天即供優惠付款計劃 (照售價減 7.5%)(見備註 / See Remark 7(a)(ii)) 105-day Cash Payment Plan (7.5% discount on the Price)(見備註 / See Remark 7(a)(ii)),
2019-05-04,2019-05-10,,TOWER 7 第 7 座,12/F,F,,8876000,,價單第2號 (B)付款方法 / Payment Plan (B) of the Price List No. 2 • 105 天即供優惠付款計劃 (照售價減 7.5%)(見備註 / See Remark 7(a)(ii)) 105-day Cash Payment Plan (7.5% discount on the Price)(見備註 / See Remark 7(a)(ii)),
2019-05-04,2019-05-10,,TOWER 7 第 7 座,12/F,G,,15116000,,價單第2號 (B)付款方法 / Payment Plan (B) of the Price List No. 2 • 105 天即供優惠付款計劃 (照售價減 7.5%)(見備註 / See Remark 7(a)(ii)) 105-day Cash Payment Plan (7.5% discount on the Price)(見備註 / See Remark 7(a)(ii)) • 認購一個住客停車位的權利 Option to Purchase of one Residential Parking Space,
2019-05-04,2019-05-10,,TOWER 8 第 8 座,1/F,D,,4328000,,價單第2號 (A)付款方法 / Payment Plan (A) of the Price List No. 2 • 建築期付款計劃 (照售價減 4.5%)(見備註 / See Remark 7(a)(i)) Stage Payment Plan (4.5% discount on the Price)(見備註 / See Remark 7(a)(i)),
2019-05-04,2019-05-10,,TOWER 8 第 8 座,1/F,E,,4192000,,價單第2號 (B)付款方法 / Payment Plan (B) of the Price List No. 2 • 105 天即供優惠付款計劃 (照售價減 7.5%)(見備註 / See Remark 7(a)(ii)) 105-day Cash Payment Plan (7.5% discount on the Price)(見備註 / See Remark 7(a)(ii)),
2019-05-04,2019-05-10,,TOWER 8 第 8 座,2/F,D,,4362000,,價單第2號 (A)付款方法 / Payment Plan (A) of the Price List No. 2 • 建築期付款計劃 (照售價減 4.5%)(見備註 / See Remark 7(a)(i)) Stage Payment Plan (4.5% discount on the Price)(見備註 / See Remark 7(a)(i)),
2019-05-04,2019-05-10,,TOWER 8 第 8 座,2/F,E,,4225000,,價單第2號 (B)付款方法 / Payment Plan (B) of the Price List No. 2 • 105 天即供優惠付款計劃 (照售價減 7.5%)(見備註 / See Remark 7(a)(ii)) 105-day Cash Payment Plan (7.5% discount on the Price)(見備註 / See Remark 7(a)(ii)),
2019-05-04,2019-05-10,,TOWER 8 第 8 座,3/F,D,,4259000,,價單第2號 (B)付款方法 / Payment Plan (B) of the Price List No. 2 • 105 天即供優惠付款計劃 (照售價減 7.5%)(見備註 / See Remark 7(a)(ii)) 105-day Cash Payment Plan (7.5% discount on the Price)(見備註 / See Remark 7(a)(ii)),
2019-05-04,2019-05-10,,TOWER 8 第 8 座,3/F,E,,4259000,,價單第2號 (B)付款方法 / Payment Plan (B) of the Price List No. 2 • 105 天即供優惠付款計劃 (照售價減 7.5%)(見備註 / See Remark 7(a)(ii)) 105-day Cash Payment Plan (7.5% discount on the Price)(見備註 / See Remark 7(a)(ii)),
2019-05-04,2019-05-10,,TOWER 8 第 8 座,5/F,D,,4431000,,價單第2號 (A)付款方法 / Payment Plan (A) of the Price List No. 2 • 建築期付款計劃 (照售價減 4.5%)(見備註 / See Remark 7(a)(i)) Stage Payment Plan (4.5% discount on the Price)(見備註 / See Remark 7(a)(i)),
2019-05-04,2019-05-10,,TOWER 8 第 8 座,5/F,E,,4292000,,價單第2號 (B)付款方法 / Payment Plan (B) of the Price List No. 2 • 105 天即供優惠付款計劃 (照售價減 7.5%)(見備註 / See Remark 7(a)(ii)) 105-day Cash Payment Plan (7.5% discount on the Price)(見備註 / See Remark 7(a)(ii)),
2019-05-04,2019-05-10,,TOWER 8 第 8 座,6/F,D,,4465000,,價單第2號 (A)付款方法 / Payment Plan (A) of the Price List No. 2 • 建築期付款計劃 (照售價減 4.5%)(見備註 / See Remark 7(a)(i)) Stage Payment Plan (4.5% discount on the Price)(見備註 / See Remark 7(a)(i)),
2019-05-04,2019-05-10,,TOWER 8 第 8 座,6/F,E,,4465000,,價單第2號 (A)付款方法 / Payment Plan (A) of the Price List No. 2 • 建築期付款計劃 (照售價減 4.5%)(見備註 / See Remark 7(a)(i)) Stage Payment Plan (4.5% discount on the Price)(見備註 / See Remark 7(a)(i)),
2019-05-04,2019-05-10,,TOWER 8 第 8 座,7/F,D,,4499000,,價單第2號 (A)付款方法 / Payment Plan (A) of the Price List No. 2 • 建築期付款計劃 (照售價減 4.5%)(見備註 / See Remark 7(a)(i)) Stage Payment Plan (4.5% discount on the Price)(見備註 / See Remark 7(a)(i)),
2019-05-04,2019-05-10,,TOWER 8 第 8 座,7/F,E,,4499000,,價單第2號 (A)付款方法 / Payment Plan (A) of the Price List No. 2 • 建築期付款計劃 (照售價減 4.5%)(見備註 / See Remark 7(a)(i)) Stage Payment Plan (4.5% discount on the Price)(見備註 / See Remark 7(a)(i)),
2019-05-04,2019-05-10,,TOWER 8 第 8 座,8/F,D,,4394000,,價單第2號 (B)付款方法 / Payment Plan (B) of the Price List No. 2 • 105 天即供優惠付款計劃 (照售價減 7.5%)(見備註 / See Remark 7(a)(ii)) 105-day Cash Payment Plan (7.5% discount on the Price)(見備註 / See Remark 7(a)(ii)),
2019-05-04,2019-05-10,,TOWER 8 第 8 座,8/F,E,,4394000,,價單第2號 (B)付款方法 / Payment Plan (B) of the Price List No. 2 • 105 天即供優惠付款計劃 (照售價減 7.5%)(見備註 / See Remark 7(a)(ii)) 105-day Cash Payment Plan (7.5% discount on the Price)(見備註 / See Remark 7(a)(ii)),
2019-05-04,2019-05-10,,TOWER 8 第 8 座,9/F,D,,4568000,,價單第2號 (A)付款方法 / Payment Plan (A) of the Price List No. 2 • 建築期付款計劃 (照售價減 4.5%)(見備註 / See Remark 7(a)(i)) Stage Payment Plan (4.5% discount on the Price)(見備註 / See Remark 7(a)(i)),
2019-05-04,2019-05-10,,TOWER 8 第 8 座,9/F,E,,4424000,,價單第2號 (B)付款方法 / Payment Plan (B) of the Price List No. 2 • 105 天即供優惠付款計劃 (照售價減 7.5%)(見備註 / See Remark 7(a)(ii)) 105-day Cash Payment Plan (7.5% discount on the Price)(見備註 / See Remark 7(a)(ii)),
2019-05-04,2019-05-10,,TOWER 8 第 8 座,10/F,D,,4458000,,價單第2號 (B)付款方法 / Payment Plan (B) of the Price List No. 2 • 105 天即供優惠付款計劃 (照售價減 7.5%)(見備註 / See Remark 7(a)(ii)) 105-day Cash Payment Plan (7.5% discount on the Price)(見備註 / See Remark 7(a)(ii)),
2019-05-04,2019-05-10,,TOWER 8 第 8 座,10/F,E,,4458000,,價單第2號 (B)付款方法 / Payment Plan (B) of the Price List No. 2 • 105 天即供優惠付款計劃 (照售價減 7.5%)(見備註 / See Remark 7(a)(ii)) 105-day Cash Payment Plan (7.5% discount on the Price)(見備註 / See Remark 7(a)(ii)),
2019-05-04,2019-05-10,,TOWER 9 第 9 座,6/F,B,,9314000,,價單第2號 (A)付款方法 / Payment Plan (A) of the Price List No. 2 • 建築期付款計劃 (照售價減 4.5%)(見備註 / See Remark 7(a)(i)) Stage Payment Plan (4.5% discount on the Price)(見備註 / See Remark 7(a)(i)),
2019-05-04,2019-05-10,,TOWER 9 第 9 座,6/F,C,,8963000,,價單第2號 (B)付款方法 / Payment Plan (B) of the Price List No. 2 • 105 天即供優惠付款計劃 (照售價減 7.5%)(見備註 / See Remark 7(a)(ii)) 105-day Cash Payment Plan (7.5% discount on the Price)(見備註 / See Remark 7(a)(ii)),
2019-05-04,2019-05-10,,TOWER 9 第 9 座,6/F,F,,8932000,,價單第2號 (B)付款方法 / Payment Plan (B) of the Price List No. 2 • 105 天即供優惠付款計劃 (照售價減 7.5%)(見備註 / See Remark 7(a)(ii)) 105-day Cash Payment Plan (7.5% discount on the Price)(見備註 / See Remark 7(a)(ii)),
2019-05-04,2019-05-10,,TOWER 9 第 9 座,6/F,G,,8634000,,價單第2號 (C)付款方法 / Payment Plan (C) of the Price List No. 2 • 105 天一按付款計劃 (I) (照售價減 6%)(見備註 / See Remark 7(a)(iii)) 105-day First Mortgage Loan Payment Plan (I) (6% discount on the Price)(見備註 / See Remark 7(a)(iii)),
2019-05-04,2019-05-10,,TOWER 9 第 9 座,6/F,H,,9137000,,價單第2號 (C)付款方法 / Payment Plan (C) of the Price List No. 2 • 105 天一按付款計劃 (I) (照售價減 6%)(見備註 / See Remark 7(a)(iii)) 105-day First Mortgage Loan Payment Plan (I) (6% discount on the Price)(見備註 / See Remark 7(a)(iii)),
2019-05-04,2019-05-10,,TOWER 9 第 9 座,7/F,C,,9184000,,價單第2號 (C)付款方法 / Payment Plan (C) of the Price List No. 2 • 105 天一按付款計劃 (I) (照售價減 6%)(見備註 / See Remark 7(a)(iii)) 105-day First Mortgage Loan Payment Plan (I) (6% discount on the Price)(見備註 / See Remark 7(a)(iii)),
2019-05-04,2019-05-10,,TOWER 9 第 9 座,7/F,E,,14506000,,價單第2號 (B)付款方法 / Payment Plan (B) of the Price List No. 2 • 105 天即供優惠付款計劃 (照售價減 7.5%)(見備註 / See Remark 7(a)(ii)) 105-day Cash Payment Plan (7.5% discount on the Price)(見備註 / See Remark 7(a)(ii)) • 認購一個住客停車位的權利 Option to Purchase of one Residential Parking Space,
2019-05-04,2019-05-10,,TOWER 9 第 9 座,7/F,F,,9006000,,價單第2號 (B)付款方法 / Payment Plan (B) of the Price List No. 2 • 105 天即供優惠付款計劃 (照售價減 7.5%)(見備註 / See Remark 7(a)(ii)) 105-day Cash Payment Plan (7.5% discount on the Price)(見備註 / See Remark 7(a)(ii)),
2019-05-04,2019-05-10,,TOWER 9 第 9 座,7/F,G,,8846000,,價單第2號 (A)付款方法 / Payment Plan (A) of the Price List No. 2 • 建築期付款計劃 (照售價減 4.5%)(見備註 / See Remark 7(a)(i)) Stage Payment Plan (4.5% discount on the Price)(見備註 / See Remark 7(a)(i)),
2019-05-04,2019-05-10,,TOWER 9 第 9 座,8/F,B,,9176000,,價單第2號 (B)付款方法 / Payment Plan (B) of the Price List No. 2 • 105 天即供優惠付款計劃 (照售價減 7.5%)(見備註 / See Remark 7(a)(ii)) 105-day Cash Payment Plan (7.5% discount on the Price)(見備註 / See Remark 7(a)(ii)),
2019-05-04,2019-05-10,,TOWER 9 第 9 座,8/F,C,,9442000,,價單第2號 (A)付款方法 / Payment Plan (A) of the Price List No. 2 • 建築期付款計劃 (照售價減 4.5%)(見備註 / See Remark 7(a)(i)) Stage Payment Plan (4.5% discount on the Price)(見備註 / See Remark 7(a)(i)),
2019-05-04,2019-05-10,,TOWER 9 第 9 座,8/F,E,,14876000,,價單第2號 (C)付款方法 / Payment Plan (C) of the Price List No. 2 • 105 天一按付款計劃 (I) (照售價減 6%)(見備註 / See Remark 7(a)(iii)) 105-day First Mortgage Loan Payment Plan (I) (6% discount on the Price)(見備註 / See Remark 7(a)(iii)) • 認購一個住客停車位的權利 Option to Purchase of one Residential Parking Space,
2019-05-04,2019-05-10,,TOWER 9 第 9 座,8/F,F,,9084000,,價單第2號 (B)付款方法 / Payment Plan (B) of the Price List No. 2 • 105 天即供優惠付款計劃 (照售價減 7.5%)(見備註 / See Remark 7(a)(ii)) 105-day Cash Payment Plan (7.5% discount on the Price)(見備註 / See Remark 7(a)(ii)),
2019-05-04,2019-05-10,,TOWER 9 第 9 座,8/F,G,,8786000,,價單第2號 (C)付款方法 / Payment Plan (C) of the Price List No. 2 • 105 天一按付款計劃 (I) (照售價減 6%)(見備註 / See Remark 7(a)(iii)) 105-day First Mortgage Loan Payment Plan (I) (6% discount on the Price)(見備註 / See Remark 7(a)(iii)),
2019-05-04,2019-05-10,,TOWER 9 第 9 座,8/F,H,,9292000,,價單第2號 (C)付款方法 / Payment Plan (C) of the Price List No. 2 • 105 天一按付款計劃 (I) (照售價減 6%)(見備註 / See Remark 7(a)(iii)) 105-day First Mortgage Loan Payment Plan (I) (6% discount on the Price)(見備註 / See Remark 7(a)(iii)),
2019-05-04,2019-05-10,,TOWER 9 第 9 座,8/F,J,,14685000,,價單第2號 (B)付款方法 / Payment Plan (B) of the Price List No. 2 • 105 天即供優惠付款計劃 (照售價減 7.5%)(見備註 / See Remark 7(a)(ii)) 105-day Cash Payment Plan (7.5% discount on the Price)(見備註 / See Remark 7(a)(ii)) • 認購一個住客停車位的權利 Option to Purchase of one Residential Parking Space,
2019-05-04,2019-05-10,,TOWER 9 第 9 座,9/F,B,,9244000,,價單第2號 (B)付款方法 / Payment Plan (B) of the Price List No. 2 • 105 天即供優惠付款計劃 (照售價減 7.5%)(見備註 / See Remark 7(a)(ii)) 105-day Cash Payment Plan (7.5% discount on the Price)(見備註 / See Remark 7(a)(ii)),
2019-05-04,2019-05-10,,TOWER 9 第 9 座,9/F,C,,9270000,,價單第2號 (B)付款方法 / Payment Plan (B) of the Price List No. 2 • 105 天即供優惠付款計劃 (照售價減 7.5%)(見備註 / See Remark 7(a)(ii)) 105-day Cash Payment Plan (7.5% discount on the Price)(見備註 / See Remark 7(a)(ii)),
2019-05-04,2019-05-10,,TOWER 9 第 9 座,9/F,F,,9449000,,價單第2號 (A)付款方法 / Payment Plan (A) of the Price List No. 2 • 建築期付款計劃 (照售價減 4.5%)(見備註 / See Remark 7(a)(i)) Stage Payment Plan (4.5% discount on the Price)(見備註 / See Remark 7(a)(i)),
2019-05-04,2019-05-10,,TOWER 9 第 9 座,9/F,G,,8713000,,價單第2號 (B)付款方法 / Payment Plan (B) of the Price List No. 2 • 105 天即供優惠付款計劃 (照售價減 7.5%)(見備註 / See Remark 7(a)(ii)) 105-day Cash Payment Plan (7.5% discount on the Price)(見備註 / See Remark 7(a)(ii)),
2019-05-04,2019-05-10,,TOWER 9 第 9 座,9/F,H,,9511000,,價單第2號 (A)付款方法 / Payment Plan (A) of the Price List No. 2 • 建築期付款計劃 (照售價減 4.5%)(見備註 / See Remark 7(a)(i)) Stage Payment Plan (4.5% discount on the Price)(見備註 / See Remark 7(a)(i)),
2019-05-04,2019-05-10,,TOWER 9 第 9 座,9/F,J,,15278000,,價單第2號 (A)付款方法 / Payment Plan (A) of the Price List No. 2 • 建築期付款計劃 (照售價減 4.5%)(見備註 / See Remark 7(a)(i)) Stage Payment Plan (4.5% discount on the Price)(見備註 / See Remark 7(a)(i)) • 認購一個住客停車位的權利 Option to Purchase of one Residential Parking Space,
2019-05-04,2019-05-10,,TOWER 9 第 9 座,10/F,B,,9319000,,價單第2號 (B)付款方法 / Payment Plan (B) of the Price List No. 2 • 105 天即供優惠付款計劃 (照售價減 7.5%)(見備註 / See Remark 7(a)(ii)) 105-day Cash Payment Plan (7.5% discount on the Price)(見備註 / See Remark 7(a)(ii)),
2019-05-04,2019-05-10,,TOWER 9 第 9 座,10/F,F,,9226000,,價單第2號 (D)付款方法 / Payment Plan (D) of the Price List No. 2 • 105 天一按付款計劃 (II) (照售價減 7.5%)(見備註 / See Remark 7(a)(iv)) 105-day First Mortgage Loan Payment Plan (II) (7.5% discount on the Price)(見備註 / See Remark 7(a)(iv)),
2019-05-04,2019-05-10,,TOWER 9 第 9 座,10/F,G,,9069000,"在06-08-2019，基於法例 第35(2)(b) 條所容許的原 因， 售價更改為 $8,784,000。On 06-08- 2019, the price adjusted to$8,784,000 due to the reason allowed under section 35(2)(b) of the Ordinance.","價單第2號 (A)付款方法 / Payment Plan (A) of the Price List No. 2 • 建築期付款計劃 (照售價減 4.5%)(見備註 / See Remark 7(a)(i)) Stage Payment Plan (4.5% discount on the Price)(見備註 / See Remark 7(a)(i)) 在06-08-2019，支付條款更改為 On06-08-2019,the terms of payment adjusted to 價單第2號 (B)付款方法 / Payment Plan (B) of the Price List No. 2 • 105 天即供優惠付款計劃 (照售價減 7.5%)(見備註 / See Remark 7(a)(ii)) 105- day Cash Payment Plan (7.5% discount on the Price)(見備註 / See Remark 7(a)(ii))",
2019-05-04,2019-05-10,,TOWER 9 第 9 座,10/F,H,,9437000,,價單第2號 (C)付款方法 / Payment Plan (C) of the Price List No. 2 • 105 天一按付款計劃 (I) (照售價減 6%)(見備註 / See Remark 7(a)(iii)) 105-day First Mortgage Loan Payment Plan (I) (6% discount on the Price)(見備註 / See Remark 7(a)(iii)),
2019-05-04,2019-05-10,,TOWER 9 第 9 座,11/F,B,,9394000,,價單第2號 (B)付款方法 / Payment Plan (B) of the Price List No. 2 • 105 天即供優惠付款計劃 (照售價減 7.5%)(見備註 / See Remark 7(a)(ii)) 105-day Cash Payment Plan (7.5% discount on the Price)(見備註 / See Remark 7(a)(ii)),
2019-05-04,2019-05-10,,TOWER 9 第 9 座,11/F,C,,9753000,,價單第2號 (A)付款方法 / Payment Plan (A) of the Price List No. 2 • 建築期付款計劃 (照售價減 4.5%)(見備註 / See Remark 7(a)(i)) Stage Payment Plan (4.5% discount on the Price)(見備註 / See Remark 7(a)(i)),
2019-05-04,2019-05-10,,TOWER 9 第 9 座,11/F,E,,15482000,,價單第2號 (A)付款方法 / Payment Plan (A) of the Price List No. 2 • 建築期付款計劃 (照售價減 4.5%)(見備註 / See Remark 7(a)(i)) Stage Payment Plan (4.5% discount on the Price)(見備註 / See Remark 7(a)(i)) • 認購一個住客停車位的權利 Option to Purchase of one Residential Parking Space,
2019-05-04,2019-05-10,,TOWER 9 第 9 座,11/F,F,,9299000,,價單第2號 (B)付款方法 / Payment Plan (B) of the Price List No. 2 • 105 天即供優惠付款計劃 (照售價減 7.5%)(見備註 / See Remark 7(a)(ii)) 105-day Cash Payment Plan (7.5% discount on the Price)(見備註 / See Remark 7(a)(ii)),
2019-05-04,2019-05-10,,TOWER 9 第 9 座,11/F,H,,9360000,,價單第2號 (B)付款方法 / Payment Plan (B) of the Price List No. 2 • 105 天即供優惠付款計劃 (照售價減 7.5%)(見備註 / See Remark 7(a)(ii)) 105-day Cash Payment Plan (7.5% discount on the Price)(見備註 / See Remark 7(a)(ii)),
2019-05-04,2019-05-10,,TOWER 10 第 10 座,6/F,A,,10754000,,價單第2號 (A)付款方法 / Payment Plan (A) of the Price List No. 2 • 建築期付款計劃 (照售價減 4.5%)(見備註 / See Remark 7(a)(i)) Stage Payment Plan (4.5% discount on the Price)(見備註 / See Remark 7(a)(i)),
2019-05-04,2019-05-10,,TOWER 10 第 10 座,6/F,C,,5993000,,價單第2號 (B)付款方法 / Payment Plan (B) of the Price List No. 2 • 105 天即供優惠付款計劃 (照售價減 7.5%)(見備註 / See Remark 7(a)(ii)) 105-day Cash Payment Plan (7.5% discount on the Price)(見備註 / See Remark 7(a)(ii)),
2019-05-04,2019-05-10,,TOWER 10 第 10 座,6/F,D,,6120000,"在02-08-2019，基於法例 第35(2)(b) 條所容許的原 因， 售價更改為 $6,218,000。On 02-08- 2019, the price adjusted to$6,218,000 due to the reason allowed under section 35(2)(b) of the Ordinance.","價單第2號 (C)付款方法 / Payment Plan (C) of the Price List No. 2 • 105 天一按付款計劃 (I) (照售價減 6%)(見備註 / See Remark 7(a)(iii)) 105- day First Mortgage Loan Payment Plan (I) (6% discount on the Price)(見備註 / See Remark 7(a)(iii)) 在02-08-2019，支付條款更改為 On 02-08-2019,the terms of payment adjusted to 價單第2號 (A)付款方法 / Payment Plan (A) of the Price List No. 2 • 建築期付款計劃 (照售價減 4.5%)(見備註 / See Remark 7(a)(i)) Stage Payment Plan (4.5% discount on the Price)(見備註 / See Remark 7(a)(i))",
2019-05-04,2019-05-10,,TOWER 10 第 10 座,6/F,E,,6099000,,價單第2號 (B)付款方法 / Payment Plan (B) of the Price List No. 2 • 105 天即供優惠付款計劃 (照售價減 7.5%)(見備註 / See Remark 7(a)(ii)) 105-day Cash Payment Plan (7.5% discount on the Price)(見備註 / See Remark 7(a)(ii)),
2019-05-04,2019-05-10,,TOWER 10 第 10 座,6/F,F,,6197000,"在29-05-2019，基於法例 第35(2)(b) 條所容許的原 因， 售價更改為 $6,099,000。On 29-05- 2019, the price adjusted to $6,099,000 due to the reason allowed under section 35(2)(b) of the Ordinance.","價單第2號 (C)付款方法 / Payment Plan (C) of the Price List No. 2 • 105 天一按付款計劃 (I) (照售價減 6%)(見備註 / See Remark 7(a)(iii)) 105- day First Mortgage Loan Payment Plan (I) (6% discount on the Price)(見備註 / See Remark 7(a)(iii)) 在29-05-2019，支付條款更改為 On 29-05-2019,the terms of payment adjusted to 價單第2號 (B)付款方法 / Payment Plan (B) of the Price List No. 2 • 105 天即供優惠付款計劃 (照售價減 7.5%)(見備註 / See Remark 7(a)(ii)) 105- day Cash Payment Plan (7.5% discount on the Price)(見備註 / See Remark 7(a)(ii))",
2019-05-04,2019-05-10,,TOWER 10 第 10 座,6/F,G,,6296000,,價單第2號 (A)付款方法 / Payment Plan (A) of the Price List No. 2 • 建築期付款計劃 (照售價減 4.5%)(見備註 / See Remark 7(a)(i)) Stage Payment Plan (4.5% discount on the Price)(見備註 / See Remark 7(a)(i)),
2019-05-04,2019-05-10,,TOWER 10 第 10 座,6/F,H,,6120000,,價單第2號 (C)付款方法 / Payment Plan (C) of the Price List No. 2 • 105 天一按付款計劃 (I) (照售價減 6%)(見備註 / See Remark 7(a)(iii)) 105-day First Mortgage Loan Payment Plan (I) (6% discount on the Price)(見備註 / See Remark 7(a)(iii)),
2019-05-04,2019-05-10,,TOWER 10 第 10 座,6/F,K,,11738000,,價單第2號 (A)付款方法 / Payment Plan (A) of the Price List No. 2 • 建築期付款計劃 (照售價減 4.5%)(見備註 / See Remark 7(a)(i)) Stage Payment Plan (4.5% discount on the Price)(見備註 / See Remark 7(a)(i)),
2019-05-04,2019-05-10,2020-09-08,TOWER 10 第 10 座,6/F,L,,4961000,,價單第2號 (A)付款方法 / Payment Plan (A) of the Price List No. 2 • 建築期付款計劃 (照售價減 4.5%)(見備註 / See Remark 7(a)(i)) Stage Payment Plan (4.5% discount on the Price)(見備註 / See Remark 7(a)(i)),
2019-05-04,2019-05-10,,TOWER 10 第 10 座,6/F,M,,4869000,,價單第2號 (B)付款方法 / Payment Plan (B) of the Price List No. 2 • 105 天即供優惠付款計劃 (照售價減 7.5%)(見備註 / See Remark 7(a)(ii)) 105-day Cash Payment Plan (7.5% discount on the Price)(見備註 / See Remark 7(a)(ii)),
2019-05-04,2019-05-10,,TOWER 10 第 10 座,6/F,N,,5027000,,價單第2號 (A)付款方法 / Payment Plan (A) of the Price List No. 2 • 建築期付款計劃 (照售價減 4.5%)(見備註 / See Remark 7(a)(i)) Stage Payment Plan (4.5% discount on the Price)(見備註 / See Remark 7(a)(i)),
2019-05-04,2019-05-10,,TOWER 10 第 10 座,6/F,P,,4861000,,價單第2號 (B)付款方法 / Payment Plan (B) of the Price List No. 2 • 105 天即供優惠付款計劃 (照售價減 7.5%)(見備註 / See Remark 7(a)(ii)) 105-day Cash Payment Plan (7.5% discount on the Price)(見備註 / See Remark 7(a)(ii)),
2019-05-04,2019-05-10,,TOWER 10 第 10 座,7/F,C,,6138000,"在31-05-2019，基於法例 第35(2)(b) 條所容許的原 因， 售價更改為 $6,040,000。On 31-05- 2019,the price adjusted to $6,040,000 due to the reason allowed under section 35(2)(b) of the Ordinance.","價單第2號 (C)付款方法 / Payment Plan (C) of the Price List No. 2 • 105 天一按付款計劃 (I) (照售價減 6%)(見備註 / See Remark 7(a)(iii)) 105- day First Mortgage Loan Payment Plan (I) (6% discount on the Price)(見備註 / See Remark 7(a)(iii)) 在30-05-2019，支付條款更改為 On 30-05-2019,the terms of payment adjusted to 價單第2號號 (B)付款方法 / Payment Plan (B) of the Price List No.2 • 105 天即供優惠付款計劃 (照售價減7.5%)(見備註 / See Remark 7(a)(ii)) 105- day Cash Payment Plan (7.5% discount on the Price)(見備註 / See Remark 7(a)(ii))",
2019-05-04,2019-05-10,,TOWER 10 第 10 座,7/F,D,,6268000,,價單第2號 (A)付款方法 / Payment Plan (A) of the Price List No. 2 • 建築期付款計劃 (照售價減 4.5%)(見備註 / See Remark 7(a)(i)) Stage Payment Plan (4.5% discount on the Price)(見備註 / See Remark 7(a)(i)),
2019-05-04,2019-05-10,,TOWER 10 第 10 座,7/F,E,,6246000,,價單第2號 (C)付款方法 / Payment Plan (C) of the Price List No. 2 • 105 天一按付款計劃 (I) (照售價減 6%)(見備註 / See Remark 7(a)(iii)) 105-day First Mortgage Loan Payment Plan (I) (6% discount on the Price)(見備註 / See Remark 7(a)(iii)),
2019-05-04,2019-05-10,,TOWER 10 第 10 座,7/F,F,,6147000,,價單第2號 (B)付款方法 / Payment Plan (B) of the Price List No. 2 • 105 天即供優惠付款計劃 (照售價減 7.5%)(見備註 / See Remark 7(a)(ii)) 105-day Cash Payment Plan (7.5% discount on the Price)(見備註 / See Remark 7(a)(ii)),
2019-05-04,2019-05-10,,TOWER 10 第 10 座,7/F,G,,6246000,,價單第2號 (C)付款方法 / Payment Plan (C) of the Price List No. 2 • 105 天一按付款計劃 (I) (照售價減 6%)(見備註 / See Remark 7(a)(iii)) 105-day First Mortgage Loan Payment Plan (I) (6% discount on the Price)(見備註 / See Remark 7(a)(iii)),
2019-05-04,2019-05-10,,TOWER 10 第 10 座,7/F,H,,6169000,,價單第2號 (C)付款方法 / Payment Plan (C) of the Price List No. 2 • 105 天一按付款計劃 (I) (照售價減 6%)(見備註 / See Remark 7(a)(iii)) 105-day First Mortgage Loan Payment Plan (I) (6% discount on the Price)(見備註 / See Remark 7(a)(iii)),
2019-05-04,2019-05-10,,TOWER 10 第 10 座,7/F,L,,4842000,,價單第2號 (B)付款方法 / Payment Plan (B) of the Price List No. 2 • 105 天即供優惠付款計劃 (照售價減 7.5%)(見備註 / See Remark 7(a)(ii)) 105-day Cash Payment Plan (7.5% discount on the Price)(見備註 / See Remark 7(a)(ii)),
2019-05-04,2019-05-10,,TOWER 10 第 10 座,7/F,M,,4906000,,價單第2號 (B)付款方法 / Payment Plan (B) of the Price List No. 2 • 105 天即供優惠付款計劃 (照售價減 7.5%)(見備註 / See Remark 7(a)(ii)) 105-day Cash Payment Plan (7.5% discount on the Price)(見備註 / See Remark 7(a)(ii)),
2019-05-04,2019-05-10,,TOWER 10 第 10 座,7/F,N,,5065000,,價單第2號 (A)付款方法 / Payment Plan (A) of the Price List No. 2 • 建築期付款計劃 (照售價減 4.5%)(見備註 / See Remark 7(a)(i)) Stage Payment Plan (4.5% discount on the Price)(見備註 / See Remark 7(a)(i)),
2019-05-04,2019-05-10,,TOWER 10 第 10 座,7/F,P,,4899000,,價單第2號 (B)付款方法 / Payment Plan (B) of the Price List No. 2 • 105 天即供優惠付款計劃 (照售價減 7.5%)(見備註 / See Remark 7(a)(ii)) 105-day Cash Payment Plan (7.5% discount on the Price)(見備註 / See Remark 7(a)(ii)),
2019-05-04,2019-05-10,,TOWER 10 第 10 座,8/F,A,,10599000,,價單第2號 (B)付款方法 / Payment Plan (B) of the Price List No. 2 • 105 天即供優惠付款計劃 (照售價減 7.5%)(見備註 / See Remark 7(a)(ii)) 105-day Cash Payment Plan (7.5% discount on the Price)(見備註 / See Remark 7(a)(ii)),
2019-05-04,2019-05-10,,TOWER 10 第 10 座,8/F,B,,10511000,,價單第2號 (B)付款方法 / Payment Plan (B) of the Price List No. 2 • 105 天即供優惠付款計劃 (照售價減 7.5%)(見備註 / See Remark 7(a)(ii)) 105-day Cash Payment Plan (7.5% discount on the Price)(見備註 / See Remark 7(a)(ii)),
2019-05-04,2019-05-10,,TOWER 10 第 10 座,8/F,C,,6289000,,價單第2號 (A)付款方法 / Payment Plan (A) of the Price List No. 2 • 建築期付款計劃 (照售價減 4.5%)(見備註 / See Remark 7(a)(i)) Stage Payment Plan (4.5% discount on the Price)(見備註 / See Remark 7(a)(i)),
2019-05-04,2019-05-10,,TOWER 10 第 10 座,8/F,D,,6321000,,價單第2號 (A)付款方法 / Payment Plan (A) of the Price List No. 2 • 建築期付款計劃 (照售價減 4.5%)(見備註 / See Remark 7(a)(i)) Stage Payment Plan (4.5% discount on the Price)(見備註 / See Remark 7(a)(i)),
2019-05-04,2019-05-10,,TOWER 10 第 10 座,8/F,E,,6199000,,價單第2號 (B)付款方法 / Payment Plan (B) of the Price List No. 2 • 105 天即供優惠付款計劃 (照售價減 7.5%)(見備註 / See Remark 7(a)(ii)) 105-day Cash Payment Plan (7.5% discount on the Price)(見備註 / See Remark 7(a)(ii)),
2019-05-04,2019-05-10,,TOWER 10 第 10 座,8/F,F,,6199000,,價單第2號 (B)付款方法 / Payment Plan (B) of the Price List No. 2 • 105 天即供優惠付款計劃 (照售價減 7.5%)(見備註 / See Remark 7(a)(ii)) 105-day Cash Payment Plan (7.5% discount on the Price)(見備註 / See Remark 7(a)(ii)),
2019-05-04,2019-05-10,,TOWER 10 第 10 座,8/F,G,,6199000,,價單第2號 (B)付款方法 / Payment Plan (B) of the Price List No. 2 • 105 天即供優惠付款計劃 (照售價減 7.5%)(見備註 / See Remark 7(a)(ii)) 105-day Cash Payment Plan (7.5% discount on the Price)(見備註 / See Remark 7(a)(ii)),
2019-05-04,2019-05-10,,TOWER 10 第 10 座,8/F,H,,6222000,,價單第2號 (C)付款方法 / Payment Plan (C) of the Price List No. 2 • 105 天一按付款計劃 (I) (照售價減 6%)(見備註 / See Remark 7(a)(iii)) 105-day First Mortgage Loan Payment Plan (I) (6% discount on the Price)(見備註 / See Remark 7(a)(iii)),
2019-05-04,2019-05-10,,TOWER 10 第 10 座,8/F,K,,11942000,"在18-06-2019，基於法例 第35(2)(b) 條所容許的原 因， 售價更改為 $11,567,000。On18-06- 2019, the price adjusted to $11,567,000 due to the reason allowed under section 35(2)(b) of the Ordinance.","價單第2號 (A)付款方法 / Payment Plan (A) of the Price List No. 2 • 建築期付款計劃 (照售價減 4.5%)(見備註 / See Remark 7(a)(i)) Stage Payment Plan (4.5% discount on the Price)(見備註 / See Remark 7(a)(i)) 在18-06-2019，支付條款更改為 On18-06-2019,the terms of payment adjusted to 價單第2號 (B)付款方法 / Payment Plan (B) of the Price List No. 2 • 105 天即供優惠付款計劃 (照售價減 7.5%)(見備註 / See Remark 7(a)(ii)) 105- day Cash Payment Plan (7.5% discount on the Price)(見備註 / See Remark 7(a)(ii))",
2019-05-04,2019-05-10,,TOWER 10 第 10 座,8/F,L,,5040000,,價單第2號 (A)付款方法 / Payment Plan (A) of the Price List No. 2 • 建築期付款計劃 (照售價減 4.5%)(見備註 / See Remark 7(a)(i)) Stage Payment Plan (4.5% discount on the Price)(見備註 / See Remark 7(a)(i)),
2019-05-04,2019-05-10,,TOWER 10 第 10 座,8/F,M,,5106000,,價單第2號 (A)付款方法 / Payment Plan (A) of the Price List No. 2 • 建築期付款計劃 (照售價減 4.5%)(見備註 / See Remark 7(a)(i)) Stage Payment Plan (4.5% discount on the Price)(見備註 / See Remark 7(a)(i)),
2019-05-04,2019-05-10,,TOWER 10 第 10 座,8/F,N,,4946000,,價單第2號 (B)付款方法 / Payment Plan (B) of the Price List No. 2 • 105 天即供優惠付款計劃 (照售價減 7.5%)(見備註 / See Remark 7(a)(ii)) 105-day Cash Payment Plan (7.5% discount on the Price)(見備註 / See Remark 7(a)(ii)),
2019-05-04,2019-05-10,,TOWER 10 第 10 座,8/F,P,,4940000,,價單第2號 (B)付款方法 / Payment Plan (B) of the Price List No. 2 • 105 天即供優惠付款計劃 (照售價減 7.5%)(見備註 / See Remark 7(a)(ii)) 105-day Cash Payment Plan (7.5% discount on the Price)(見備註 / See Remark 7(a)(ii)),
2019-05-04,2019-05-10,,TOWER 10 第 10 座,9/F,C,,6136000,,價單第2號 (B)付款方法 / Payment Plan (B) of the Price List No. 2 • 105 天即供優惠付款計劃 (照售價減 7.5%)(見備註 / See Remark 7(a)(ii)) 105-day Cash Payment Plan (7.5% discount on the Price)(見備註 / See Remark 7(a)(ii)),
2019-05-04,2019-05-10,,TOWER 10 第 10 座,9/F,D,,6167000,,價單第2號 (B)付款方法 / Payment Plan (B) of the Price List No. 2 • 105 天即供優惠付款計劃 (照售價減 7.5%)(見備註 / See Remark 7(a)(ii)) 105-day Cash Payment Plan (7.5% discount on the Price)(見備註 / See Remark 7(a)(ii)),
2019-05-04,2019-05-10,,TOWER 10 第 10 座,9/F,E,,6345000,,價單第2號 (C)付款方法 / Payment Plan (C) of the Price List No. 2 • 105 天一按付款計劃 (I) (照售價減 6%)(見備註 / See Remark 7(a)(iii)) 105-day First Mortgage Loan Payment Plan (I) (6% discount on the Price)(見備註 / See Remark 7(a)(iii)),
2019-05-04,2019-05-10,,TOWER 10 第 10 座,9/F,F,,6244000,,價單第2號 (B)付款方法 / Payment Plan (B) of the Price List No. 2 • 105 天即供優惠付款計劃 (照售價減 7.5%)(見備註 / See Remark 7(a)(ii)) 105-day Cash Payment Plan (7.5% discount on the Price)(見備註 / See Remark 7(a)(ii)),
2019-05-04,2019-05-10,,TOWER 10 第 10 座,9/F,G,,6446000,,價單第2號 (A)付款方法 / Payment Plan (A) of the Price List No. 2 • 建築期付款計劃 (照售價減 4.5%)(見備註 / See Remark 7(a)(i)) Stage Payment Plan (4.5% discount on the Price)(見備註 / See Remark 7(a)(i)),
2019-05-04,2019-05-10,,TOWER 10 第 10 座,9/F,H,,6267000,,價單第2號 (C)付款方法 / Payment Plan (C) of the Price List No. 2 • 105 天一按付款計劃 (I) (照售價減 6%)(見備註 / See Remark 7(a)(iii)) 105-day First Mortgage Loan Payment Plan (I) (6% discount on the Price)(見備註 / See Remark 7(a)(iii)),
2019-05-04,2019-05-10,,TOWER 10 第 10 座,9/F,K,,11656000,,價單第2號 (B)付款方法 / Payment Plan (B) of the Price List No. 2 • 105 天即供優惠付款計劃 (照售價減 7.5%)(見備註 / See Remark 7(a)(ii)) 105-day Cash Payment Plan (7.5% discount on the Price)(見備註 / See Remark 7(a)(ii)),
2019-05-04,2019-05-10,,TOWER 10 第 10 座,9/F,L,,5075000,,價單第2號 (A)付款方法 / Payment Plan (A) of the Price List No. 2 • 建築期付款計劃 (照售價減 4.5%)(見備註 / See Remark 7(a)(i)) Stage Payment Plan (4.5% discount on the Price)(見備註 / See Remark 7(a)(i)),
2019-05-04,2019-05-10,,TOWER 10 第 10 座,9/F,M,,4980000,,價單第2號 (B)付款方法 / Payment Plan (B) of the Price List No. 2 • 105 天即供優惠付款計劃 (照售價減 7.5%)(見備註 / See Remark 7(a)(ii)) 105-day Cash Payment Plan (7.5% discount on the Price)(見備註 / See Remark 7(a)(ii)),
2019-05-04,2019-05-10,,TOWER 10 第 10 座,9/F,N,,4980000,,價單第2號 (B)付款方法 / Payment Plan (B) of the Price List No. 2 • 105 天即供優惠付款計劃 (照售價減 7.5%)(見備註 / See Remark 7(a)(ii)) 105-day Cash Payment Plan (7.5% discount on the Price)(見備註 / See Remark 7(a)(ii)),
2019-05-04,2019-05-10,,TOWER 10 第 10 座,9/F,P,,4974000,,價單第2號 (B)付款方法 / Payment Plan (B) of the Price List No. 2 • 105 天即供優惠付款計劃 (照售價減 7.5%)(見備註 / See Remark 7(a)(ii)) 105-day Cash Payment Plan (7.5% discount on the Price)(見備註 / See Remark 7(a)(ii)),
2019-05-04,2019-05-10,,TOWER 10 第 10 座,10/F,C,,6183000,,價單第2號 (B)付款方法 / Payment Plan (B) of the Price List No. 2 • 105 天即供優惠付款計劃 (照售價減 7.5%)(見備註 / See Remark 7(a)(ii)) 105-day Cash Payment Plan (7.5% discount on the Price)(見備註 / See Remark 7(a)(ii)),
2019-05-04,2019-05-10,,TOWER 10 第 10 座,10/F,D,,6315000,,價單第2號 (C)付款方法 / Payment Plan (C) of the Price List No. 2 • 105 天一按付款計劃 (I) (照售價減 6%)(見備註 / See Remark 7(a)(iii)) 105-day First Mortgage Loan Payment Plan (I) (6% discount on the Price)(見備註 / See Remark 7(a)(iii)),
2019-05-04,2019-05-10,,TOWER 10 第 10 座,10/F,E,,6293000,,價單第2號 (B)付款方法 / Payment Plan (B) of the Price List No. 2 • 105 天即供優惠付款計劃 (照售價減 7.5%)(見備註 / See Remark 7(a)(ii)) 105-day Cash Payment Plan (7.5% discount on the Price)(見備註 / See Remark 7(a)(ii)),
2019-05-04,2019-05-10,,TOWER 10 第 10 座,10/F,F,,6395000,,價單第2號 (C)付款方法 / Payment Plan (C) of the Price List No. 2 • 105 天一按付款計劃 (I) (照售價減 6%)(見備註 / See Remark 7(a)(iii)) 105-day First Mortgage Loan Payment Plan (I) (6% discount on the Price)(見備註 / See Remark 7(a)(iii)),
2019-05-04,2019-05-10,,TOWER 10 第 10 座,10/F,G,,6293000,,價單第2號 (B)付款方法 / Payment Plan (B) of the Price List No. 2 • 105 天即供優惠付款計劃 (照售價減 7.5%)(見備註 / See Remark 7(a)(ii)) 105-day Cash Payment Plan (7.5% discount on the Price)(見備註 / See Remark 7(a)(ii)),
2019-05-04,2019-05-10,,TOWER 10 第 10 座,10/F,H,,6214000,,價單第2號 (B)付款方法 / Payment Plan (B) of the Price List No. 2 • 105 天即供優惠付款計劃 (照售價減 7.5%)(見備註 / See Remark 7(a)(ii)) 105-day Cash Payment Plan (7.5% discount on the Price)(見備註 / See Remark 7(a)(ii)),
2019-05-04,2019-05-10,,TOWER 10 第 10 座,10/F,J,,11883000,,價單第2號 (B)付款方法 / Payment Plan (B) of the Price List No. 2 • 105 天即供優惠付款計劃 (照售價減 7.5%)(見備註 / See Remark 7(a)(ii)) 105-day Cash Payment Plan (7.5% discount on the Price)(見備註 / See Remark 7(a)(ii)),
2019-05-04,2019-05-10,,TOWER 10 第 10 座,10/F,K,,11751000,,價單第2號 (B)付款方法 / Payment Plan (B) of the Price List No. 2 • 105 天即供優惠付款計劃 (照售價減 7.5%)(見備註 / See Remark 7(a)(ii)) 105-day Cash Payment Plan (7.5% discount on the Price)(見備註 / See Remark 7(a)(ii)),
2019-05-04,2019-05-10,,TOWER 10 第 10 座,10/F,L,,4952000,,價單第2號 (B)付款方法 / Payment Plan (B) of the Price List No. 2 • 105 天即供優惠付款計劃 (照售價減 7.5%)(見備註 / See Remark 7(a)(ii)) 105-day Cash Payment Plan (7.5% discount on the Price)(見備註 / See Remark 7(a)(ii)),
2019-05-04,2019-05-10,,TOWER 10 第 10 座,10/F,M,,5017000,,價單第2號 (B)付款方法 / Payment Plan (B) of the Price List No. 2 • 105 天即供優惠付款計劃 (照售價減 7.5%)(見備註 / See Remark 7(a)(ii)) 105-day Cash Payment Plan (7.5% discount on the Price)(見備註 / See Remark 7(a)(ii)),
2019-05-04,2019-05-10,,TOWER 10 第 10 座,10/F,N,,5017000,,價單第2號 (B)付款方法 / Payment Plan (B) of the Price List No. 2 • 105 天即供優惠付款計劃 (照售價減 7.5%)(見備註 / See Remark 7(a)(ii)) 105-day Cash Payment Plan (7.5% discount on the Price)(見備註 / See Remark 7(a)(ii)),
2019-05-04,2019-05-10,,TOWER 10 第 10 座,10/F,P,,5012000,,價單第2號 (B)付款方法 / Payment Plan (B) of the Price List No. 2 • 105 天即供優惠付款計劃 (照售價減 7.5%)(見備註 / See Remark 7(a)(ii)) 105-day Cash Payment Plan (7.5% discount on the Price)(見備註 / See Remark 7(a)(ii)),
2019-05-04,2019-05-10,,TOWER 10 第 10 座,11/F,C,,6231000,,價單第2號 (B)付款方法 / Payment Plan (B) of the Price List No. 2 • 105 天即供優惠付款計劃 (照售價減 7.5%)(見備註 / See Remark 7(a)(ii)) 105-day Cash Payment Plan (7.5% discount on the Price)(見備註 / See Remark 7(a)(ii)),
2019-05-04,2019-05-10,,TOWER 10 第 10 座,11/F,D,,6262000,,價單第2號 (B)付款方法 / Payment Plan (B) of the Price List No. 2 • 105 天即供優惠付款計劃 (照售價減 7.5%)(見備註 / See Remark 7(a)(ii)) 105-day Cash Payment Plan (7.5% discount on the Price)(見備註 / See Remark 7(a)(ii)),
2019-05-04,2019-05-10,,TOWER 10 第 10 座,11/F,E,,6547000,"在22-08-2019，基於法例 第35(2)(b) 條所容許的原 因， 售價更改為 $6,341,000。On22-08- 2019,the price adjusted to$6,341,000 due to the reason allowed under section 35(2)(b) of the Ordinance.","價單第2號 (A)付款方法 / Payment Plan (A) of the Price List No. 2 • 建築期付款計劃 (照售價減 4.5%)(見備註 / See Remark 7(a)(i)) Stage Payment Plan (4.5% discount on the Price)(見備註 / See Remark 7(a)(i)) 在22-08-2019，支付條款更改為On 22-08-2019,the terms of payment adjusted to 價單第2號 (B)付款方法 / Payment Plan (B) of the Price List No. 2 • 105 天即供優惠付款計劃 (照售價減 7.5%)(見備註 / See Remark 7(a)(ii)) 105- day Cash Payment Plan (7.5% discount on the Price)(見備註 / See Remark 7(a)(ii))",
2019-05-04,2019-05-10,,TOWER 10 第 10 座,11/F,F,,6547000,,價單第2號 (A)付款方法 / Payment Plan (A) of the Price List No. 2 • 建築期付款計劃 (照售價減 4.5%)(見備註 / See Remark 7(a)(i)) Stage Payment Plan (4.5% discount on the Price)(見備註 / See Remark 7(a)(i)),
2019-05-04,2019-05-10,,TOWER 10 第 10 座,11/F,G,,6444000,,價單第2號 (C)付款方法 / Payment Plan (C) of the Price List No. 2 • 105 天一按付款計劃 (I) (照售價減 6%)(見備註 / See Remark 7(a)(iii)) 105-day First Mortgage Loan Payment Plan (I) (6% discount on the Price)(見備註 / See Remark 7(a)(iii)),
2019-05-04,2019-05-10,,TOWER 10 第 10 座,11/F,H,,6465000,,價單第2號 (A)付款方法 / Payment Plan (A) of the Price List No. 2 • 建築期付款計劃 (照售價減 4.5%)(見備註 / See Remark 7(a)(i)) Stage Payment Plan (4.5% discount on the Price)(見備註 / See Remark 7(a)(i)),
2019-05-04,2019-05-10,,TOWER 10 第 10 座,11/F,L,,5150000,,價單第2號 (A)付款方法 / Payment Plan (A) of the Price List No. 2 • 建築期付款計劃 (照售價減 4.5%)(見備註 / See Remark 7(a)(i)) Stage Payment Plan (4.5% discount on the Price)(見備註 / See Remark 7(a)(i)),
2019-05-04,2019-05-10,,TOWER 10 第 10 座,11/F,M,,5218000,,價單第2號 (A)付款方法 / Payment Plan (A) of the Price List No. 2 • 建築期付款計劃 (照售價減 4.5%)(見備註 / See Remark 7(a)(i)) Stage Payment Plan (4.5% discount on the Price)(見備註 / See Remark 7(a)(i)),
2019-05-04,2019-05-10,,TOWER 10 第 10 座,11/F,N,,5218000,,價單第2號 (A)付款方法 / Payment Plan (A) of the Price List No. 2 • 建築期付款計劃 (照售價減 4.5%)(見備註 / See Remark 7(a)(i)) Stage Payment Plan (4.5% discount on the Price)(見備註 / See Remark 7(a)(i)),
2019-05-04,2019-05-10,,TOWER 10 第 10 座,11/F,P,,5050000,,價單第2號 (B)付款方法 / Payment Plan (B) of the Price List No. 2 • 105 天即供優惠付款計劃 (照售價減 7.5%)(見備註 / See Remark 7(a)(ii)) 105-day Cash Payment Plan (7.5% discount on the Price)(見備註 / See Remark 7(a)(ii)),
2019-05-04,2019-05-10,,TOWER 10 第 10 座,12/F,C,,6278000,,價單第2號 (B)付款方法 / Payment Plan (B) of the Price List No. 2 • 105 天即供優惠付款計劃 (照售價減 7.5%)(見備註 / See Remark 7(a)(ii)) 105-day Cash Payment Plan (7.5% discount on the Price)(見備註 / See Remark 7(a)(ii)),
2019-05-04,2019-05-10,,TOWER 10 第 10 座,12/F,D,,6413000,,價單第2號 (C)付款方法 / Payment Plan (C) of the Price List No. 2 • 105 天一按付款計劃 (I) (照售價減 6%)(見備註 / See Remark 7(a)(iii)) 105-day First Mortgage Loan Payment Plan (I) (6% discount on the Price)(見備註 / See Remark 7(a)(iii)),
2019-05-04,2019-05-10,,TOWER 10 第 10 座,12/F,E,,6493000,,價單第2號 (C)付款方法 / Payment Plan (C) of the Price List No. 2 • 105 天一按付款計劃 (I) (照售價減 6%)(見備註 / See Remark 7(a)(iii)) 105-day First Mortgage Loan Payment Plan (I) (6% discount on the Price)(見備註 / See Remark 7(a)(iii)),
2019-05-04,2019-05-10,,TOWER 10 第 10 座,12/F,F,,6389000,,價單第2號 (B)付款方法 / Payment Plan (B) of the Price List No. 2 • 105 天即供優惠付款計劃 (照售價減 7.5%)(見備註 / See Remark 7(a)(ii)) 105-day Cash Payment Plan (7.5% discount on the Price)(見備註 / See Remark 7(a)(ii)),
2019-05-04,2019-05-10,,TOWER 10 第 10 座,12/F,G,,6389000,,價單第2號 (B)付款方法 / Payment Plan (B) of the Price List No. 2 • 105 天即供優惠付款計劃 (照售價減 7.5%)(見備註 / See Remark 7(a)(ii)) 105-day Cash Payment Plan (7.5% discount on the Price)(見備註 / See Remark 7(a)(ii)),
2019-05-04,2019-05-10,,TOWER 10 第 10 座,12/F,H,,6413000,,價單第2號 (C)付款方法 / Payment Plan (C) of the Price List No. 2 • 105 天一按付款計劃 (I) (照售價減 6%)(見備註 / See Remark 7(a)(iii)) 105-day First Mortgage Loan Payment Plan (I) (6% discount on the Price)(見備註 / See Remark 7(a)(iii)),
2019-05-04,2019-05-10,,TOWER 10 第 10 座,12/F,L,,5025000,,價單第2號 (B)付款方法 / Payment Plan (B) of the Price List No. 2 • 105 天即供優惠付款計劃 (照售價減 7.5%)(見備註 / See Remark 7(a)(ii)) 105-day Cash Payment Plan (7.5% discount on the Price)(見備註 / See Remark 7(a)(ii)),
2019-05-04,2019-05-10,,TOWER 10 第 10 座,12/F,M,,5256000,,價單第2號 (A)付款方法 / Payment Plan (A) of the Price List No. 2 • 建築期付款計劃 (照售價減 4.5%)(見備註 / See Remark 7(a)(i)) Stage Payment Plan (4.5% discount on the Price)(見備註 / See Remark 7(a)(i)),
2019-05-04,2019-05-10,,TOWER 10 第 10 座,12/F,N,,5091000,,價單第2號 (B)付款方法 / Payment Plan (B) of the Price List No. 2 • 105 天即供優惠付款計劃 (照售價減 7.5%)(見備註 / See Remark 7(a)(ii)) 105-day Cash Payment Plan (7.5% discount on the Price)(見備註 / See Remark 7(a)(ii)),
2019-05-04,2019-05-10,,TOWER 10 第 10 座,12/F,P,,5087000,,價單第2號 (B)付款方法 / Payment Plan (B) of the Price List No. 2 • 105 天即供優惠付款計劃 (照售價減 7.5%)(見備註 / See Remark 7(a)(ii)) 105-day Cash Payment Plan (7.5% discount on the Price)(見備註 / See Remark 7(a)(ii)),
2019-05-04,2019-05-10,,TOWER 11 第 11 座,5/F,B,,3969000,,價單第2號 (B)付款方法 / Payment Plan (B) of the Price List No. 2 • 105 天即供優惠付款計劃 (照售價減 7.5%)(見備註 / See Remark 7(a)(ii)) 105-day Cash Payment Plan (7.5% discount on the Price)(見備註 / See Remark 7(a)(ii)),
2019-05-04,2019-05-10,,TOWER 11 第 11 座,5/F,G,,7884000,"在09-08-2019，基於法例 第35(2)(b) 條所容許的原 因， 售價更改為 $8,012,000。On 09-08- 2019,the price adjusted to $8,012,000 due to the reason allowed under section 35(2)(b) of the Ordinance.","價單第2號 (B)付款方法 / Payment Plan (B) of the Price List No. 2 • 105 天即供優惠付款計劃 (照售價減 7.5%)(見備註 / See Remark 7(a)(ii)) 105- day Cash Payment Plan (7.5% discount on the Price)(見備註 / See Remark 7(a)(ii)) 在09-08-2019，支付條款更改為 On 09-08-2019,the terms of payment adjusted to 價單第2號 (C)付款方法 / Payment Plan (C) of the Price List No. 2 • 105 天一按付款計劃 (I) (照售價減 6%)(見備註 / See Remark 7(a)(iii)) 105- day First Mortgage Loan Payment Plan (I) (6% discount on the Price)(見備註 / See Remark 7(a)(iii))",
2019-05-04,2019-05-10,,TOWER 11 第 11 座,6/F,B,,4000000,,價單第2號 (B)付款方法 / Payment Plan (B) of the Price List No. 2 • 105 天即供優惠付款計劃 (照售價減 7.5%)(見備註 / See Remark 7(a)(ii)) 105-day Cash Payment Plan (7.5% discount on the Price)(見備註 / See Remark 7(a)(ii)),
2019-05-04,2019-05-10,,TOWER 11 第 11 座,6/F,C,,4097000,,價單第2號 (A)付款方法 / Payment Plan (A) of the Price List No. 2 • 建築期付款計劃 (照售價減 4.5%)(見備註 / See Remark 7(a)(i)) Stage Payment Plan (4.5% discount on the Price)(見備註 / See Remark 7(a)(i)),
2019-05-04,2019-05-10,,TOWER 11 第 11 座,6/F,F,,8567000,,價單第2號 (C)付款方法 / Payment Plan (C) of the Price List No. 2 • 105 天一按付款計劃 (I) (照售價減 6%)(見備註 / See Remark 7(a)(iii)) 105-day First Mortgage Loan Payment Plan (I) (6% discount on the Price)(見備註 / See Remark 7(a)(iii)),
2019-05-04,2019-05-10,,TOWER 11 第 11 座,6/F,G,,8080000,,價單第2號 (C)付款方法 / Payment Plan (C) of the Price List No. 2 • 105 天一按付款計劃 (I) (照售價減 6%)(見備註 / See Remark 7(a)(iii)) 105-day First Mortgage Loan Payment Plan (I) (6% discount on the Price)(見備註 / See Remark 7(a)(iii)),
2019-05-04,2019-05-10,,TOWER 11 第 11 座,7/F,B,,4161000,,價單第2號 (A)付款方法 / Payment Plan (A) of the Price List No. 2 • 建築期付款計劃 (照售價減 4.5%)(見備註 / See Remark 7(a)(i)) Stage Payment Plan (4.5% discount on the Price)(見備註 / See Remark 7(a)(i)),
2019-05-04,2019-05-10,,TOWER 11 第 11 座,7/F,C,,3998000,,價單第2號 (B)付款方法 / Payment Plan (B) of the Price List No. 2 • 105 天即供優惠付款計劃 (照售價減 7.5%)(見備註 / See Remark 7(a)(ii)) 105-day Cash Payment Plan (7.5% discount on the Price)(見備註 / See Remark 7(a)(ii)),
2019-05-04,2019-05-10,,TOWER 11 第 11 座,7/F,F,,8776000,,價單第2號 (A)付款方法 / Payment Plan (A) of the Price List No. 2 • 建築期付款計劃 (照售價減 4.5%)(見備註 / See Remark 7(a)(i)) Stage Payment Plan (4.5% discount on the Price)(見備註 / See Remark 7(a)(i)),
2019-05-04,2019-05-10,,TOWER 11 第 11 座,7/F,G,,8148000,,價單第2號 (C)付款方法 / Payment Plan (C) of the Price List No. 2 • 105 天一按付款計劃 (I) (照售價減 6%)(見備註 / See Remark 7(a)(iii)) 105-day First Mortgage Loan Payment Plan (I) (6% discount on the Price)(見備註 / See Remark 7(a)(iii)),
2019-05-04,2019-05-10,,TOWER 11 第 11 座,8/F,B,,4063000,,價單第2號 (B)付款方法 / Payment Plan (B) of the Price List No. 2 • 105 天即供優惠付款計劃 (照售價減 7.5%)(見備註 / See Remark 7(a)(ii)) 105-day Cash Payment Plan (7.5% discount on the Price)(見備註 / See Remark 7(a)(ii)),
2019-05-04,2019-05-10,,TOWER 11 第 11 座,8/F,C,,4030000,,價單第2號 (B)付款方法 / Payment Plan (B) of the Price List No. 2 • 105 天即供優惠付款計劃 (照售價減 7.5%)(見備註 / See Remark 7(a)(ii)) 105-day Cash Payment Plan (7.5% discount on the Price)(見備註 / See Remark 7(a)(ii)),
2019-05-04,2019-05-10,,TOWER 11 第 11 座,8/F,F,,8716000,,價單第2號 (C)付款方法 / Payment Plan (C) of the Price List No. 2 • 105 天一按付款計劃 (I) (照售價減 6%)(見備註 / See Remark 7(a)(iii)) 105-day First Mortgage Loan Payment Plan (I) (6% discount on the Price)(見備註 / See Remark 7(a)(iii)),
2019-05-04,2019-05-10,,TOWER 11 第 11 座,8/F,G,,8221000,"在18-07-2019，基於法例 第35(2)(b) 條所容許的原 因， 售價更改為 $8,090,000。On18-07- 2019, the price adjusted to$8,090,000 due to the reason allowed under section 35(2)(b) of the Ordinance.","價單第2號 (C)付款方法 / Payment Plan (C) of the Price List No. 2 • 105 天一按付款計劃 (I) (照售價減 6%)(見備註 / See Remark 7(a)(iii)) 105- day First Mortgage Loan Payment Plan (I) (6% discount on the Price)(見備註 / See Remark 7(a)(iii)) 在18-07-2019，支付條款更改為 On 18-07-2019,the terms of payment adjusted to 價單第2號 (B)付款方法 / Payment Plan (B) of the Price List No. 2 • 105 天即供優惠付款計劃 (照售價減5%)(見備註 / See Remark 7(a)(ii)) 105-day Cash Payment Plan (7.5% discount on the Price)(見備註 / See Remark 7(a)(ii))",
2019-05-04,2019-05-10,,TOWER 11 第 11 座,9/F,B,,4090000,,價單第2號 (B)付款方法 / Payment Plan (B) of the Price List No. 2 • 105 天即供優惠付款計劃 (照售價減 7.5%)(見備註 / See Remark 7(a)(ii)) 105-day Cash Payment Plan (7.5% discount on the Price)(見備註 / See Remark 7(a)(ii)),
2019-05-04,2019-05-10,,TOWER 11 第 11 座,9/F,C,,4190000,,價單第2號 (A)付款方法 / Payment Plan (A) of the Price List No. 2 • 建築期付款計劃 (照售價減 4.5%)(見備註 / See Remark 7(a)(i)) Stage Payment Plan (4.5% discount on the Price)(見備註 / See Remark 7(a)(i)),
2019-05-04,2019-05-10,,TOWER 11 第 11 座,9/F,F,,8781000,,價單第2號 (C)付款方法 / Payment Plan (C) of the Price List No. 2 • 105 天一按付款計劃 (I) (照售價減 6%)(見備註 / See Remark 7(a)(iii)) 105-day First Mortgage Loan Payment Plan (I) (6% discount on the Price)(見備註 / See Remark 7(a)(iii)),
2019-05-04,2019-05-10,,TOWER 11 第 11 座,9/F,G,,8152000,,價單第2號 (B)付款方法 / Payment Plan (B) of the Price List No. 2 • 105 天即供優惠付款計劃 (照售價減 7.5%)(見備註 / See Remark 7(a)(ii)) 105-day Cash Payment Plan (7.5% discount on the Price)(見備註 / See Remark 7(a)(ii)),
2019-05-04,2019-05-10,,TOWER 11 第 11 座,10/F,B,,4121000,,價單第2號 (B)付款方法 / Payment Plan (B) of the Price List No. 2 • 105 天即供優惠付款計劃 (照售價減 7.5%)(見備註 / See Remark 7(a)(ii)) 105-day Cash Payment Plan (7.5% discount on the Price)(見備註 / See Remark 7(a)(ii)),
2019-05-04,2019-05-10,,TOWER 11 第 11 座,10/F,C,,4089000,,價單第2號 (B)付款方法 / Payment Plan (B) of the Price List No. 2 • 105 天即供優惠付款計劃 (照售價減 7.5%)(見備註 / See Remark 7(a)(ii)) 105-day Cash Payment Plan (7.5% discount on the Price)(見備註 / See Remark 7(a)(ii)),
2019-05-04,2019-05-10,,TOWER 11 第 11 座,10/F,F,,8854000,,價單第2號 (C)付款方法 / Payment Plan (C) of the Price List No. 2 • 105 天一按付款計劃 (I) (照售價減 6%)(見備註 / See Remark 7(a)(iii)) 105-day First Mortgage Loan Payment Plan (I) (6% discount on the Price)(見備註 / See Remark 7(a)(iii)),
2019-05-04,2019-05-10,,TOWER 11 第 11 座,10/F,G,,8485000,,價單第2號 (A)付款方法 / Payment Plan (A) of the Price List No. 2 • 建築期付款計劃 (照售價減 4.5%)(見備註 / See Remark 7(a)(i)) Stage Payment Plan (4.5% discount on the Price)(見備註 / See Remark 7(a)(i)),
2019-05-04,2019-05-10,,TOWER 11 第 11 座,11/F,B,,4151000,,價單第2號 (B)付款方法 / Payment Plan (B) of the Price List No. 2 • 105 天即供優惠付款計劃 (照售價減 7.5%)(見備註 / See Remark 7(a)(ii)) 105-day Cash Payment Plan (7.5% discount on the Price)(見備註 / See Remark 7(a)(ii)),
2019-05-04,2019-05-10,,TOWER 11 第 11 座,11/F,C,,4253000,"在10-06-2019，基於法例 第35(2)(b) 條所容許的原 因， 售價更改為 $4,119,000。On 10-06- 2019,the price adjusted to $4,119,000 due to the reason allowed under section 35(2)(b) of the Ordinance.","價單第2號 (A)付款方法 / Payment Plan (A) of the Price List No. 2 • 建築期付款計劃 (照售價減 4.5%)(見備註 / See Remark 7(a)(i)) Stage Payment Plan (4.5% discount on the Price)(見備註 / See Remark 7(a)(i)) 在10-06-2019，支付條款更改為 On10-06-2019,the terms of payment adjusted to 價單第2號 (B)付款方法 / Payment Plan (B) of the Price List No. 2 • 105 天即供優惠付款計劃 (照售價減 7.5%)(見備註 / See Remark 7(a)(ii)) 105- day Cash Payment Plan (7.5% discount on the Price)(見備註 / See Remark 7(a)(ii))",
2019-05-04,2019-05-10,,TOWER 11 第 11 座,11/F,F,,8783000,,價單第2號 (B)付款方法 / Payment Plan (B) of the Price List No. 2 • 105 天即供優惠付款計劃 (照售價減 7.5%)(見備註 / See Remark 7(a)(ii)) 105-day Cash Payment Plan (7.5% discount on the Price)(見備註 / See Remark 7(a)(ii)),
2019-05-04,2019-05-10,,TOWER 11 第 11 座,11/F,G,,8285000,,價單第2號 (B)付款方法 / Payment Plan (B) of the Price List No. 2 • 105 天即供優惠付款計劃 (照售價減 7.5%)(見備註 / See Remark 7(a)(ii)) 105-day Cash Payment Plan (7.5% discount on the Price)(見備註 / See Remark 7(a)(ii)),
2019-05-04,2019-05-10,,TOWER 12 第 12 座,5/F,B,,4065000,,價單第2號 (A)付款方法 / Payment Plan (A) of the Price List No. 2 • 建築期付款計劃 (照售價減 4.5%)(見備註 / See Remark 7(a)(i)) Stage Payment Plan (4.5% discount on the Price)(見備註 / See Remark 7(a)(i)),
2019-05-04,2019-05-10,,TOWER 12 第 12 座,5/F,C,,4065000,,價單第2號 (A)付款方法 / Payment Plan (A) of the Price List No. 2 • 建築期付款計劃 (照售價減 4.5%)(見備註 / See Remark 7(a)(i)) Stage Payment Plan (4.5% discount on the Price)(見備註 / See Remark 7(a)(i)),
2019-05-04,2019-05-10,,TOWER 12 第 12 座,5/F,F,,8572000,,價單第2號 (A)付款方法 / Payment Plan (A) of the Price List No. 2 • 建築期付款計劃 (照售價減 4.5%)(見備註 / See Remark 7(a)(i)) Stage Payment Plan (4.5% discount on the Price)(見備註 / See Remark 7(a)(i)),
2019-05-04,2019-05-10,,TOWER 12 第 12 座,6/F,B,,3968000,,價單第2號 (B)付款方法 / Payment Plan (B) of the Price List No. 2 • 105 天即供優惠付款計劃 (照售價減 7.5%)(見備註 / See Remark 7(a)(ii)) 105-day Cash Payment Plan (7.5% discount on the Price)(見備註 / See Remark 7(a)(ii)),
2019-05-04,2019-05-10,,TOWER 12 第 12 座,6/F,C,,3968000,,價單第2號 (B)付款方法 / Payment Plan (B) of the Price List No. 2 • 105 天即供優惠付款計劃 (照售價減 7.5%)(見備註 / See Remark 7(a)(ii)) 105-day Cash Payment Plan (7.5% discount on the Price)(見備註 / See Remark 7(a)(ii)),
2019-05-04,2019-05-10,,TOWER 12 第 12 座,6/F,F,,8373000,,價單第2號 (B)付款方法 / Payment Plan (B) of the Price List No. 2 • 105 天即供優惠付款計劃 (照售價減 7.5%)(見備註 / See Remark 7(a)(ii)) 105-day Cash Payment Plan (7.5% discount on the Price)(見備註 / See Remark 7(a)(ii)),
2019-05-04,2019-05-10,,TOWER 12 第 12 座,7/F,B,,3998000,,價單第2號 (B)付款方法 / Payment Plan (B) of the Price List No. 2 • 105 天即供優惠付款計劃 (照售價減 7.5%)(見備註 / See Remark 7(a)(ii)) 105-day Cash Payment Plan (7.5% discount on the Price)(見備註 / See Remark 7(a)(ii)),
2019-05-04,2019-05-10,,TOWER 12 第 12 座,7/F,C,,3998000,,價單第2號 (B)付款方法 / Payment Plan (B) of the Price List No. 2 • 105 天即供優惠付款計劃 (照售價減 7.5%)(見備註 / See Remark 7(a)(ii)) 105-day Cash Payment Plan (7.5% discount on the Price)(見備註 / See Remark 7(a)(ii)),
2019-05-04,2019-05-10,,TOWER 12 第 12 座,7/F,F,,8580000,,價單第2號 (C)付款方法 / Payment Plan (C) of the Price List No. 2 • 105 天一按付款計劃 (I) (照售價減 6%)(見備註 / See Remark 7(a)(iii)) 105-day First Mortgage Loan Payment Plan (I) (6% discount on the Price)(見備註 / See Remark 7(a)(iii)),
2019-05-04,2019-05-10,,TOWER 12 第 12 座,8/F,B,,4030000,,價單第2號 (B)付款方法 / Payment Plan (B) of the Price List No. 2 • 105 天即供優惠付款計劃 (照售價減 7.5%)(見備註 / See Remark 7(a)(ii)) 105-day Cash Payment Plan (7.5% discount on the Price)(見備註 / See Remark 7(a)(ii)),
2019-05-04,2019-05-10,,TOWER 12 第 12 座,8/F,C,,4030000,,價單第2號 (B)付款方法 / Payment Plan (B) of the Price List No. 2 • 105 天即供優惠付款計劃 (照售價減 7.5%)(見備註 / See Remark 7(a)(ii)) 105-day Cash Payment Plan (7.5% discount on the Price)(見備註 / See Remark 7(a)(ii)),
2019-05-04,2019-05-10,,TOWER 12 第 12 座,9/F,B,,4058000,,價單第2號 (B)付款方法 / Payment Plan (B) of the Price List No. 2 • 105 天即供優惠付款計劃 (照售價減 7.5%)(見備註 / See Remark 7(a)(ii)) 105-day Cash Payment Plan (7.5% discount on the Price)(見備註 / See Remark 7(a)(ii)),
2019-05-04,2019-05-10,,TOWER 12 第 12 座,9/F,C,,4190000,,價單第2號 (A)付款方法 / Payment Plan (A) of the Price List No. 2 • 建築期付款計劃 (照售價減 4.5%)(見備註 / See Remark 7(a)(i)) Stage Payment Plan (4.5% discount on the Price)(見備註 / See Remark 7(a)(i)),
2019-05-04,2019-05-10,,TOWER 12 第 12 座,10/F,B,,4089000,,價單第2號 (B)付款方法 / Payment Plan (B) of the Price List No. 2 • 105 天即供優惠付款計劃 (照售價減 7.5%)(見備註 / See Remark 7(a)(ii)) 105-day Cash Payment Plan (7.5% discount on the Price)(見備註 / See Remark 7(a)(ii)),
2019-05-04,2019-05-10,,TOWER 12 第 12 座,10/F,C,,4089000,,價單第2號 (B)付款方法 / Payment Plan (B) of the Price List No. 2 • 105 天即供優惠付款計劃 (照售價減 7.5%)(見備註 / See Remark 7(a)(ii)) 105-day Cash Payment Plan (7.5% discount on the Price)(見備註 / See Remark 7(a)(ii)),
2019-05-04,2019-05-10,,TOWER 12 第 12 座,11/F,B,,4119000,,價單第2號 (B)付款方法 / Payment Plan (B) of the Price List No. 2 • 105 天即供優惠付款計劃 (照售價減 7.5%)(見備註 / See Remark 7(a)(ii)) 105-day Cash Payment Plan (7.5% discount on the Price)(見備註 / See Remark 7(a)(ii)),
2019-05-04,2019-05-10,,TOWER 12 第 12 座,11/F,C,,4253000,,價單第2號 (A)付款方法 / Payment Plan (A) of the Price List No. 2 • 建築期付款計劃 (照售價減 4.5%)(見備註 / See Remark 7(a)(i)) Stage Payment Plan (4.5% discount on the Price)(見備註 / See Remark 7(a)(i)),
2019-05-04,2019-05-10,,TOWER 13 第 13 座,5/F,B,,4065000,,價單第2號 (A)付款方法 / Payment Plan (A) of the Price List No. 2 • 建築期付款計劃 (照售價減 4.5%)(見備註 / See Remark 7(a)(i)) Stage Payment Plan (4.5% discount on the Price)(見備註 / See Remark 7(a)(i)),
2019-05-04,2019-05-10,,TOWER 13 第 13 座,5/F,C,,3953000,,價單第2號 (B)付款方法 / Payment Plan (B) of the Price List No. 2 • 105 天即供優惠付款計劃 (照售價減 7.5%)(見備註 / See Remark 7(a)(ii)) 105-day Cash Payment Plan (7.5% discount on the Price)(見備註 / See Remark 7(a)(ii)),
2019-05-04,2019-05-10,,TOWER 13 第 13 座,5/F,F,,8689000,,價單第2號 (B)付款方法 / Payment Plan (B) of the Price List No. 2 • 105 天即供優惠付款計劃 (照售價減 7.5%)(見備註 / See Remark 7(a)(ii)) 105-day Cash Payment Plan (7.5% discount on the Price)(見備註 / See Remark 7(a)(ii)),
2019-05-04,2019-05-10,,TOWER 13 第 13 座,6/F,B,,3968000,,價單第2號 (B)付款方法 / Payment Plan (B) of the Price List No. 2 • 105 天即供優惠付款計劃 (照售價減 7.5%)(見備註 / See Remark 7(a)(ii)) 105-day Cash Payment Plan (7.5% discount on the Price)(見備註 / See Remark 7(a)(ii)),
2019-05-04,2019-05-10,,TOWER 13 第 13 座,6/F,C,,3984000,,價單第2號 (B)付款方法 / Payment Plan (B) of the Price List No. 2 • 105 天即供優惠付款計劃 (照售價減 7.5%)(見備註 / See Remark 7(a)(ii)) 105-day Cash Payment Plan (7.5% discount on the Price)(見備註 / See Remark 7(a)(ii)),
2019-05-04,2019-05-10,,TOWER 13 第 13 座,6/F,F,,8763000,,價單第2號 (B)付款方法 / Payment Plan (B) of the Price List No. 2 • 105 天即供優惠付款計劃 (照售價減 7.5%)(見備註 / See Remark 7(a)(ii)) 105-day Cash Payment Plan (7.5% discount on the Price)(見備註 / See Remark 7(a)(ii)),
2019-05-04,2019-05-10,,TOWER 13 第 13 座,7/F,B,,3998000,,價單第2號 (B)付款方法 / Payment Plan (B) of the Price List No. 2 • 105 天即供優惠付款計劃 (照售價減 7.5%)(見備註 / See Remark 7(a)(ii)) 105-day Cash Payment Plan (7.5% discount on the Price)(見備註 / See Remark 7(a)(ii)),
2019-05-04,2019-05-10,,TOWER 13 第 13 座,7/F,C,,4014000,,價單第2號 (B)付款方法 / Payment Plan (B) of the Price List No. 2 • 105 天即供優惠付款計劃 (照售價減 7.5%)(見備註 / See Remark 7(a)(ii)) 105-day Cash Payment Plan (7.5% discount on the Price)(見備註 / See Remark 7(a)(ii)),
2019-05-04,2019-05-10,,TOWER 13 第 13 座,7/F,F,,8979000,,價單第2號 (C)付款方法 / Payment Plan (C) of the Price List No. 2 • 105 天一按付款計劃 (I) (照售價減 6%)(見備註 / See Remark 7(a)(iii)) 105-day First Mortgage Loan Payment Plan (I) (6% discount on the Price)(見備註 / See Remark 7(a)(iii)),
2019-05-04,2019-05-10,,TOWER 13 第 13 座,8/F,B,,4030000,,價單第2號 (B)付款方法 / Payment Plan (B) of the Price List No. 2 • 105 天即供優惠付款計劃 (照售價減 7.5%)(見備註 / See Remark 7(a)(ii)) 105-day Cash Payment Plan (7.5% discount on the Price)(見備註 / See Remark 7(a)(ii)),
2019-05-04,2019-05-10,,TOWER 13 第 13 座,8/F,C,,4178000,,價單第2號 (A)付款方法 / Payment Plan (A) of the Price List No. 2 • 建築期付款計劃 (照售價減 4.5%)(見備註 / See Remark 7(a)(i)) Stage Payment Plan (4.5% discount on the Price)(見備註 / See Remark 7(a)(i)),
2019-05-04,2019-05-10,,TOWER 13 第 13 座,8/F,D,,9415000,,價單第2號 (A)付款方法 / Payment Plan (A) of the Price List No. 2 • 建築期付款計劃 (照售價減 4.5%)(見備註 / See Remark 7(a)(i)) Stage Payment Plan (4.5% discount on the Price)(見備註 / See Remark 7(a)(i)),
2019-05-04,2019-05-10,,TOWER 13 第 13 座,8/F,F,,8914000,,價單第2號 (B)付款方法 / Payment Plan (B) of the Price List No. 2 • 105 天即供優惠付款計劃 (照售價減 7.5%)(見備註 / See Remark 7(a)(ii)) 105-day Cash Payment Plan (7.5% discount on the Price)(見備註 / See Remark 7(a)(ii)),
2019-05-04,2019-05-10,,TOWER 13 第 13 座,9/F,B,,4190000,,價單第2號 (A)付款方法 / Payment Plan (A) of the Price List No. 2 • 建築期付款計劃 (照售價減 4.5%)(見備註 / See Remark 7(a)(i)) Stage Payment Plan (4.5% discount on the Price)(見備註 / See Remark 7(a)(i)),
2019-05-04,2019-05-10,,TOWER 13 第 13 座,9/F,C,,4075000,,價單第2號 (B)付款方法 / Payment Plan (B) of the Price List No. 2 • 105 天即供優惠付款計劃 (照售價減 7.5%)(見備註 / See Remark 7(a)(ii)) 105-day Cash Payment Plan (7.5% discount on the Price)(見備註 / See Remark 7(a)(ii)),
2019-05-04,2019-05-10,,TOWER 13 第 13 座,9/F,F,,9098000,,價單第2號 (C)付款方法 / Payment Plan (C) of the Price List No. 2 • 105 天一按付款計劃 (I) (照售價減 6%)(見備註 / See Remark 7(a)(iii)) 105-day First Mortgage Loan Payment Plan (I) (6% discount on the Price)(見備註 / See Remark 7(a)(iii)),
2019-05-04,2019-05-10,,TOWER 13 第 13 座,10/F,B,,4221000,,價單第2號 (A)付款方法 / Payment Plan (A) of the Price List No. 2 • 建築期付款計劃 (照售價減 4.5%)(見備註 / See Remark 7(a)(i)) Stage Payment Plan (4.5% discount on the Price)(見備註 / See Remark 7(a)(i)),
2019-05-04,2019-05-10,,TOWER 13 第 13 座,10/F,C,,4105000,,價單第2號 (B)付款方法 / Payment Plan (B) of the Price List No. 2 • 105 天即供優惠付款計劃 (照售價減 7.5%)(見備註 / See Remark 7(a)(ii)) 105-day Cash Payment Plan (7.5% discount on the Price)(見備註 / See Remark 7(a)(ii)),
2019-05-04,2019-05-10,,TOWER 13 第 13 座,10/F,E,,9323000,,價單第2號 (B)付款方法 / Payment Plan (B) of the Price List No. 2 • 105 天即供優惠付款計劃 (照售價減 7.5%)(見備註 / See Remark 7(a)(ii)) 105-day Cash Payment Plan (7.5% discount on the Price)(見備註 / See Remark 7(a)(ii)),
2019-05-04,2019-05-10,,TOWER 13 第 13 座,10/F,F,,9026000,,價單第2號 (B)付款方法 / Payment Plan (B) of the Price List No. 2 • 105 天即供優惠付款計劃 (照售價減 7.5%)(見備註 / See Remark 7(a)(ii)) 105-day Cash Payment Plan (7.5% discount on the Price)(見備註 / See Remark 7(a)(ii)),
2019-05-04,2019-05-10,,TOWER 13 第 13 座,11/F,B,,4119000,,價單第2號 (B)付款方法 / Payment Plan (B) of the Price List No. 2 • 105 天即供優惠付款計劃 (照售價減 7.5%)(見備註 / See Remark 7(a)(ii)) 105-day Cash Payment Plan (7.5% discount on the Price)(見備註 / See Remark 7(a)(ii)),
2019-05-04,2019-05-10,,TOWER 13 第 13 座,11/F,C,,4269000,,價單第2號 (A)付款方法 / Payment Plan (A) of the Price List No. 2 • 建築期付款計劃 (照售價減 4.5%)(見備註 / See Remark 7(a)(i)) Stage Payment Plan (4.5% discount on the Price)(見備註 / See Remark 7(a)(i)),
2019-05-04,2019-05-10,,TOWER 13 第 13 座,11/F,F,,9247000,,價單第2號 (C)付款方法 / Payment Plan (C) of the Price List No. 2 • 105 天一按付款計劃 (I) (照售價減 6%)(見備註 / See Remark 7(a)(iii)) 105-day First Mortgage Loan Payment Plan (I) (6% discount on the Price)(見備註 / See Remark 7(a)(iii)),
2019-05-05,2019-05-10,,TOWER 2 第 2 座,5/F,B,,12373000,,價單第2號 (A)付款方法 / Payment Plan (A) of the Price List No. 2 • 建築期付款計劃 (照售價減 4.5%)(見備註 / See Remark 7(a)(i)) Stage Payment Plan (4.5% discount on the Price)(見備註 / See Remark 7(a)(i)),
2019-05-05,2019-05-10,,TOWER 5 第 5 座,9/F,A,,8936000,,價單第2號 (C)付款方法 / Payment Plan (C) of the Price List No. 2 • 105 天一按付款計劃 (I) (照售價減 6%)(見備註 / See Remark 7(a)(iii)) 105-day First Mortgage Loan Payment Plan (I) (6% discount on the Price)(見備註 / See Remark 7(a)(iii)),
2019-05-05,2019-05-10,,TOWER 5 第 5 座,11/F,A,,9227000,,價單第2號 (A)付款方法 / Payment Plan (A) of the Price List No. 2 • 建築期付款計劃 (照售價減 4.5%)(見備註 / See Remark 7(a)(i)) Stage Payment Plan (4.5% discount on the Price)(見備註 / See Remark 7(a)(i)),
2019-05-05,2019-05-10,,TOWER 6 第 6 座,3/F,A,,14083000,,價單第1A號 (A)付款方法 / Payment Plan (A) of the Price List No. 1A • 建築期付款計劃 (照售價減 4.5%)(見備註 / See Remark 7(a)(i)) Stage Payment Plan (4.5% discount on the Price)(見備註 / See Remark 7(a)(i)) • 認購一個住客停車位的權利 Option to Purchase of one Residential Parking Space,
2019-05-05,2019-05-10,,TOWER 6 第 6 座,11/F,E,,15519000,,價單第2號 (A)付款方法 / Payment Plan (A) of the Price List No. 2 • 建築期付款計劃 (照售價減 4.5%)(見備註 / See Remark 7(a)(i)) Stage Payment Plan (4.5% discount on the Price)(見備註 / See Remark 7(a)(i)) • 認購一個住客停車位的權利 Option to Purchase of one Residential Parking Space,
2019-05-05,2019-05-10,,TOWER 6 第 6 座,12/F,E,,15648000,,價單第2號 (A)付款方法 / Payment Plan (A) of the Price List No. 2 • 建築期付款計劃 (照售價減 4.5%)(見備註 / See Remark 7(a)(i)) Stage Payment Plan (4.5% discount on the Price)(見備註 / See Remark 7(a)(i)) • 認購一個住客停車位的權利 Option to Purchase of one Residential Parking Space,
2019-05-05,2019-05-10,,TOWER 7 第 7 座,11/F,G,,15236000,,價單第2號 (C)付款方法 / Payment Plan (C) of the Price List No. 2 • 105 天一按付款計劃 (I) (照售價減 6%)(見備註 / See Remark 7(a)(iii)) 105-day First Mortgage Loan Payment Plan (I) (6% discount on the Price)(見備註 / See Remark 7(a)(iii)) • 認購一個住客停車位的權利 Option to Purchase of one Residential Parking Space,
2019-05-05,2019-05-10,,TOWER 9 第 9 座,7/F,B,,9243000,,價單第2號 (C)付款方法 / Payment Plan (C) of the Price List No. 2 • 105 天一按付款計劃 (I) (照售價減 6%)(見備註 / See Remark 7(a)(iii)) 105-day First Mortgage Loan Payment Plan (I) (6% discount on the Price)(見備註 / See Remark 7(a)(iii)),
2019-05-05,2019-05-10,,TOWER 9 第 9 座,11/F,G,,8856000,,價單第2號 (B)付款方法 / Payment Plan (B) of the Price List No. 2 • 105 天即供優惠付款計劃 (照售價減 7.5%)(見備註 / See Remark 7(a)(ii)) 105-day Cash Payment Plan (7.5% discount on the Price)(見備註 / See Remark 7(a)(ii)),
2019-05-05,2019-05-10,,TOWER 11 第 11 座,5/F,F,,8360000,,價單第2號 (B)付款方法 / Payment Plan (B) of the Price List No. 2 • 105 天即供優惠付款計劃 (照售價減 7.5%)(見備註 / See Remark 7(a)(ii)) 105-day Cash Payment Plan (7.5% discount on the Price)(見備註 / See Remark 7(a)(ii)),
2019-05-05,2019-05-10,,TOWER 13 第 13 座,5/F,E,,8975000,,價單第2號 (B)付款方法 / Payment Plan (B) of the Price List No. 2 • 105 天即供優惠付款計劃 (照售價減 7.5%)(見備註 / See Remark 7(a)(ii)) 105-day Cash Payment Plan (7.5% discount on the Price)(見備註 / See Remark 7(a)(ii)),
2019-05-06,2019-05-14,,TOWER 7 第 7 座,9/F,E,,15664000,,價單第2號 (A)付款方法 / Payment Plan (A) of the Price List No. 2 • 建築期付款計劃 (照售價減 4.5%)(見備註 / See Remark 7(a)(i)) Stage Payment Plan (4.5% discount on the Price)(見備註 / See Remark 7(a)(i)) • 認購一個住客停車位的權利 Option to Purchase of one Residential Parking Space,
2019-05-06,2019-05-14,,TOWER 9 第 9 座,10/F,E,,15115000,,價單第2號 (C)付款方法 / Payment Plan (C) of the Price List No. 2 • 105 天一按付款計劃 (I) (照售價減 6%)(見備註 / See Remark 7(a)(iii)) 105-day First Mortgage Loan Payment Plan (I) (6% discount on the Price)(見備註 / See Remark 7(a)(iii)) • 認購一個住客停車位的權利 Option to Purchase of one Residential Parking Space,
2019-05-06,2019-05-14,,TOWER 13 第 13 座,5/F,D,,8889000,,價單第2號 (B)付款方法 / Payment Plan (B) of the Price List No. 2 • 105 天即供優惠付款計劃 (照售價減 7.5%)(見備註 / See Remark 7(a)(ii)) 105-day Cash Payment Plan (7.5% discount on the Price)(見備註 / See Remark 7(a)(ii)),
2019-05-06,2019-05-14,,TOWER 13 第 13 座,6/F,E,,9050000,,價單第2號 (B)付款方法 / Payment Plan (B) of the Price List No. 2 • 105 天即供優惠付款計劃 (照售價減 7.5%)(見備註 / See Remark 7(a)(ii)) 105-day Cash Payment Plan (7.5% discount on the Price)(見備註 / See Remark 7(a)(ii)),
2019-05-07,2019-05-15,,TOWER 9 第 9 座,10/F,C,,9677000,,價單第2號 (A)付款方法 / Payment Plan (A) of the Price List No. 2 • 建築期付款計劃 (照售價減 4.5%)(見備註 / See Remark 7(a)(i)) Stage Payment Plan (4.5% discount on the Price)(見備註 / See Remark 7(a)(i)),
2019-05-07,2019-05-15,,TOWER 10 第 10 座,10/F,A,,11115000,,價單第2號 (A)付款方法 / Payment Plan (A) of the Price List No. 2 • 建築期付款計劃 (照售價減 4.5%)(見備註 / See Remark 7(a)(i)) Stage Payment Plan (4.5% discount on the Price)(見備註 / See Remark 7(a)(i)),
2019-05-08,2019-05-16,,TOWER 1 第 1 座,10/F,B,,10496000,,價單第2號 (B)付款方法 / Payment Plan (B) of the Price List No. 2 • 105 天即供優惠付款計劃 (照售價減 7.5%)(見備註 / See Remark 7(a)(ii)) 105-day Cash Payment Plan (7.5% discount on the Price)(見備註 / See Remark 7(a)(ii)),
2019-05-08,2019-05-16,,TOWER 6 第 6 座,8/F,G,,14473000,,價單第2號 (B)付款方法 / Payment Plan (B) of the Price List No. 2 • 105 天即供優惠付款計劃 (照售價減 7.5%)(見備註 / See Remark 7(a)(ii)) 105-day Cash Payment Plan (7.5% discount on the Price)(見備註 / See Remark 7(a)(ii)) • 認購一個住客停車位的權利 Option to Purchase of one Residential Parking Space,
2019-05-08,2019-05-16,,TOWER 10 第 10 座,6/F,B,,10665000,,價單第2號 (A)付款方法 / Payment Plan (A) of the Price List No. 2 • 建築期付款計劃 (照售價減 4.5%)(見備註 / See Remark 7(a)(i)) Stage Payment Plan (4.5% discount on the Price)(見備註 / See Remark 7(a)(i)),
2019-05-08,2019-05-16,,TOWER 10 第 10 座,11/F,K,,11846000,,價單第2號 (B)付款方法 / Payment Plan (B) of the Price List No. 2 • 105 天即供優惠付款計劃 (照售價減 7.5%)(見備註 / See Remark 7(a)(ii)) 105-day Cash Payment Plan (7.5% discount on the Price)(見備註 / See Remark 7(a)(ii)),
2019-05-08,2019-05-16,,TOWER 10 第 10 座,12/F,K,,11943000,,價單第2號 (B)付款方法 / Payment Plan (B) of the Price List No. 2 • 105 天即供優惠付款計劃 (照售價減 7.5%)(見備註 / See Remark 7(a)(ii)) 105-day Cash Payment Plan (7.5% discount on the Price)(見備註 / See Remark 7(a)(ii)),
2019-05-08,2019-05-16,,TOWER 13 第 13 座,9/F,D,,9456000,,價單第2號 (A)付款方法 / Payment Plan (A) of the Price List No. 2 • 建築期付款計劃 (照售價減 4.5%)(見備註 / See Remark 7(a)(i)) Stage Payment Plan (4.5% discount on the Price)(見備註 / See Remark 7(a)(i)),
2019-05-10,2019-05-20,,TOWER 6 第 6 座,3/F,D,,13778000,,價單第1A號 (B)付款方法 / Payment Plan (B) of the Price List No. 1A • 105 天即供優惠付款計劃 (照售價減 7.5%)(見備註 / See Remark 7(a)(ii)) 105-day Cash Payment Plan (7.5% discount on the Price)(見備註 / See Remark 7(a)(ii)) • 認購一個住客停車位的權利 Option to Purchase of one Residential Parking Space,
2019-05-10,2019-05-20,,TOWER 10 第 10 座,7/F,B,,10755000,,價單第2號 (A)付款方法 / Payment Plan (A) of the Price List No. 2 • 建築期付款計劃 (照售價減 4.5%)(見備註 / See Remark 7(a)(i)) Stage Payment Plan (4.5% discount on the Price)(見備註 / See Remark 7(a)(i)),
2019-05-10,2019-05-20,,TOWER 13 第 13 座,10/F,D,,9234000,,價單第2號 (B)付款方法 / Payment Plan (B) of the Price List No. 2 • 105 天即供優惠付款計劃 (照售價減 7.5%)(見備註 / See Remark 7(a)(ii)) 105-day Cash Payment Plan (7.5% discount on the Price)(見備註 / See Remark 7(a)(ii)),
2019-05-12,2019-05-20,,TOWER 6 第 6 座,G/F,E,,18390000,,價單第2號 (B)付款方法 / Payment Plan (B) of the Price List No. 2 • 105 天即供優惠付款計劃 (照售價減 7.5%)(見備註 / See Remark 7(a)(ii)) 105-day Cash Payment Plan (7.5% discount on the Price)(見備註 / See Remark 7(a)(ii)) • 認購一個住客停車位的權利 Option to Purchase of one Residential Parking Space,
2019-05-12,2019-05-20,,TOWER 10 第 10 座,9/F,B,,10762000,"在25-06-2019，基於法例 第35(2)(b) 條所容許的原 因， 售價更改為 $10,590,000。On 25-06- 2019, the price adjusted to $10,590,000 due to the reason allowed under section 35(2)(b) of the Ordinance.","價單第2號 (C)付款方法 / Payment Plan (C) of the Price List No. 2 • 105 天一按付款計劃 (I) (照售價減 6%)(見備註 / See Remark 7(a)(iii)) 105- day First Mortgage Loan Payment Plan (I) (6% discount on the Price)(見備註 / See Remark 7(a)(iii)) 在25-06-2019，支付條款更改為 On25-06-2019,the terms of payment adjusted to 價單第2號 (B)付款方法 / Payment Plan (B) of the Price List No. 2 • 105 天即供優惠付款計劃 (照售價減 7.5%)(見備註 / See Remark 7(a)(ii)) 105- day Cash Payment Plan (7.5% discount on the Price)(見備註 / See Remark 7(a)(ii))",
2019-05-13,2019-05-20,2020-11-12,TOWER 2 第 2 座,11/F,D,,30009000,,價單第3A號 (A)付款方法 / Payment Plan (A) of the Price List No. 3A • 建築期付款計劃 (照售價減 4.5%)(見備註 / See Remark 7(a)(i)) Stage Payment Plan (4.5% discount on the Price)(見備註 / See Remark 7(a)(i)) • 認購兩個住客停車位的權利 Option to Purchase of two Residential Parking Spaces,
2019-05-13,2019-05-20,,TOWER 2 第 2 座,15/F,B,,13185000,,價單第3A號 (C)付款方法 / Payment Plan (C) of the Price List No. 3A • 105 天一按付款計劃 (I) (照售價減 6%)(見備註 / See Remark 7(a)(iii)) 105-day First Mortgage Loan Payment Plan (I) (6% discount on the Price)(見備註 / See Remark 7(a)(iii)),
2019-05-13,2019-05-20,,TOWER 2 第 2 座,16/F,B,,13499000,,價單第3A號 (A)付款方法 / Payment Plan (A) of the Price List No. 3A • 建築期付款計劃 (照售價減 4.5%)(見備註 / See Remark 7(a)(i)) Stage Payment Plan (4.5% discount on the Price)(見備註 / See Remark 7(a)(i)),
2019-05-13,2019-05-20,,TOWER 5 第 5 座,15/F,B,,4329000,,價單第3A號 (A)付款方法 / Payment Plan (A) of the Price List No. 3A • 建築期付款計劃 (照售價減 4.5%)(見備註 / See Remark 7(a)(i)) Stage Payment Plan (4.5% discount on the Price)(見備註 / See Remark 7(a)(i)),
2019-05-13,2019-05-20,,TOWER 5 第 5 座,15/F,C,,4294000,,價單第3A號 (A)付款方法 / Payment Plan (A) of the Price List No. 3A • 建築期付款計劃 (照售價減 4.5%)(見備註 / See Remark 7(a)(i)) Stage Payment Plan (4.5% discount on the Price)(見備註 / See Remark 7(a)(i)),
2019-05-13,2019-05-20,,TOWER 5 第 5 座,16/F,B,,4222000,,價單第3A號 (B)付款方法 / Payment Plan (B) of the Price List No. 3A • 105 天即供優惠付款計劃 (照售價減 7.5%)(見備註 / See Remark 7(a)(ii)) 105-day Cash Payment Plan (7.5% discount on the Price)(見備註 / See Remark 7(a)(ii)),
2019-05-13,2019-05-20,,TOWER 5 第 5 座,16/F,C,,4187000,,價單第3A號 (B)付款方法 / Payment Plan (B) of the Price List No. 3A • 105 天即供優惠付款計劃 (照售價減 7.5%)(見備註 / See Remark 7(a)(ii)) 105-day Cash Payment Plan (7.5% discount on the Price)(見備註 / See Remark 7(a)(ii)),
2019-05-13,2019-05-20,,TOWER 5 第 5 座,17/F,B,,4389000,,價單第3A號 (A)付款方法 / Payment Plan (A) of the Price List No. 3A • 建築期付款計劃 (照售價減 4.5%)(見備註 / See Remark 7(a)(i)) Stage Payment Plan (4.5% discount on the Price)(見備註 / See Remark 7(a)(i)),
2019-05-13,2019-05-20,,TOWER 5 第 5 座,17/F,C,,4217000,,價單第3A號 (B)付款方法 / Payment Plan (B) of the Price List No. 3A • 105 天即供優惠付款計劃 (照售價減 7.5%)(見備註 / See Remark 7(a)(ii)) 105-day Cash Payment Plan (7.5% discount on the Price)(見備註 / See Remark 7(a)(ii)),
2019-05-13,2019-05-20,,TOWER 5 第 5 座,18/F,B,,4304000,,價單第3A號 (B)付款方法 / Payment Plan (B) of the Price List No. 3A • 105 天即供優惠付款計劃 (照售價減 7.5%)(見備註 / See Remark 7(a)(ii)) 105-day Cash Payment Plan (7.5% discount on the Price)(見備註 / See Remark 7(a)(ii)),
2019-05-13,2019-05-20,,TOWER 5 第 5 座,18/F,C,,4246000,,價單第3A號 (B)付款方法 / Payment Plan (B) of the Price List No. 3A • 105 天即供優惠付款計劃 (照售價減 7.5%)(見備註 / See Remark 7(a)(ii)) 105-day Cash Payment Plan (7.5% discount on the Price)(見備註 / See Remark 7(a)(ii)),
2019-05-13,2019-05-20,,TOWER 5 第 5 座,19/F,B,,4311000,,價單第3A號 (B)付款方法 / Payment Plan (B) of the Price List No. 3A • 105 天即供優惠付款計劃 (照售價減 7.5%)(見備註 / See Remark 7(a)(ii)) 105-day Cash Payment Plan (7.5% discount on the Price)(見備註 / See Remark 7(a)(ii)),
2019-05-13,2019-05-20,,TOWER 5 第 5 座,19/F,C,,4275000,,價單第3A號 (B)付款方法 / Payment Plan (B) of the Price List No. 3A • 105 天即供優惠付款計劃 (照售價減 7.5%)(見備註 / See Remark 7(a)(ii)) 105-day Cash Payment Plan (7.5% discount on the Price)(見備註 / See Remark 7(a)(ii)),
2019-05-13,2019-05-20,,TOWER 6 第 6 座,16/F,B,,4187000,,價單第3A號 (B)付款方法 / Payment Plan (B) of the Price List No. 3A • 105 天即供優惠付款計劃 (照售價減 7.5%)(見備註 / See Remark 7(a)(ii)) 105-day Cash Payment Plan (7.5% discount on the Price)(見備註 / See Remark 7(a)(ii)),
2019-05-13,2019-05-20,,TOWER 6 第 6 座,16/F,C,,4187000,,價單第3A號 (B)付款方法 / Payment Plan (B) of the Price List No. 3A • 105 天即供優惠付款計劃 (照售價減 7.5%)(見備註 / See Remark 7(a)(ii)) 105-day Cash Payment Plan (7.5% discount on the Price)(見備註 / See Remark 7(a)(ii)),
2019-05-13,2019-05-20,,TOWER 6 第 6 座,17/F,B,,4217000,,價單第3A號 (B)付款方法 / Payment Plan (B) of the Price List No. 3A • 105 天即供優惠付款計劃 (照售價減 7.5%)(見備註 / See Remark 7(a)(ii)) 105-day Cash Payment Plan (7.5% discount on the Price)(見備註 / See Remark 7(a)(ii)),
2019-05-13,2019-05-20,,TOWER 6 第 6 座,17/F,C,,4354000,,價單第3A號 (A)付款方法 / Payment Plan (A) of the Price List No. 3A • 建築期付款計劃 (照售價減 4.5%)(見備註 / See Remark 7(a)(i)) Stage Payment Plan (4.5% discount on the Price)(見備註 / See Remark 7(a)(i)),
2019-05-13,2019-05-20,,TOWER 6 第 6 座,18/F,B,,4249000,,價單第3A號 (B)付款方法 / Payment Plan (B) of the Price List No. 3A • 105 天即供優惠付款計劃 (照售價減 7.5%)(見備註 / See Remark 7(a)(ii)) 105-day Cash Payment Plan (7.5% discount on the Price)(見備註 / See Remark 7(a)(ii)),
2019-05-13,2019-05-20,,TOWER 6 第 6 座,18/F,C,,4249000,,價單第3A號 (B)付款方法 / Payment Plan (B) of the Price List No. 3A • 105 天即供優惠付款計劃 (照售價減 7.5%)(見備註 / See Remark 7(a)(ii)) 105-day Cash Payment Plan (7.5% discount on the Price)(見備註 / See Remark 7(a)(ii)),
2019-05-13,,,TOWER 6 第 6 座,18/F,F,,9565000,,價單第3A號 (A)付款方法 / Payment Plan (A) of the Price List No. 3A • 建築期付款計劃 (照售價減 4.5%)(見備註 / See Remark 7(a)(i)) Stage Payment Plan (4.5% discount on the Price)(見備註 / See Remark 7(a)(i)),
2019-05-13,2019-05-20,,TOWER 6 第 6 座,19/F,B,,4275000,,價單第3A號 (B)付款方法 / Payment Plan (B) of the Price List No. 3A • 105 天即供優惠付款計劃 (照售價減 7.5%)(見備註 / See Remark 7(a)(ii)) 105-day Cash Payment Plan (7.5% discount on the Price)(見備註 / See Remark 7(a)(ii)),
2019-05-13,2019-05-20,,TOWER 6 第 6 座,19/F,C,,4275000,,價單第3A號 (B)付款方法 / Payment Plan (B) of the Price List No. 3A • 105 天即供優惠付款計劃 (照售價減 7.5%)(見備註 / See Remark 7(a)(ii)) 105-day Cash Payment Plan (7.5% discount on the Price)(見備註 / See Remark 7(a)(ii)),
2019-05-13,2019-05-20,,TOWER 7 第 7 座,15/F,B,,4294000,,價單第3A號 (A)付款方法 / Payment Plan (A) of the Price List No. 3A • 建築期付款計劃 (照售價減 4.5%)(見備註 / See Remark 7(a)(i)) Stage Payment Plan (4.5% discount on the Price)(見備註 / See Remark 7(a)(i)),
2019-05-13,2019-05-20,,TOWER 7 第 7 座,15/F,C,,4159000,,價單第3A號 (B)付款方法 / Payment Plan (B) of the Price List No. 3A • 105 天即供優惠付款計劃 (照售價減 7.5%)(見備註 / See Remark 7(a)(ii)) 105-day Cash Payment Plan (7.5% discount on the Price)(見備註 / See Remark 7(a)(ii)),
2019-05-13,2019-05-20,,TOWER 7 第 7 座,15/F,F,,9376000,,價單第3A號 (A)付款方法 / Payment Plan (A) of the Price List No. 3A • 建築期付款計劃 (照售價減 4.5%)(見備註 / See Remark 7(a)(i)) Stage Payment Plan (4.5% discount on the Price)(見備註 / See Remark 7(a)(i)),
2019-05-13,2019-05-20,,TOWER 7 第 7 座,16/F,B,,4187000,,價單第3A號 (B)付款方法 / Payment Plan (B) of the Price List No. 3A • 105 天即供優惠付款計劃 (照售價減 7.5%)(見備註 / See Remark 7(a)(ii)) 105-day Cash Payment Plan (7.5% discount on the Price)(見備註 / See Remark 7(a)(ii)),
2019-05-13,2019-05-20,,TOWER 7 第 7 座,16/F,C,,4187000,,價單第3A號 (B)付款方法 / Payment Plan (B) of the Price List No. 3A • 105 天即供優惠付款計劃 (照售價減 7.5%)(見備註 / See Remark 7(a)(ii)) 105-day Cash Payment Plan (7.5% discount on the Price)(見備註 / See Remark 7(a)(ii)),
2019-05-13,2019-05-20,,TOWER 7 第 7 座,16/F,F,,9449000,,價單第3A號 (A)付款方法 / Payment Plan (A) of the Price List No. 3A • 建築期付款計劃 (照售價減 4.5%)(見備註 / See Remark 7(a)(i)) Stage Payment Plan (4.5% discount on the Price)(見備註 / See Remark 7(a)(i)),
2019-05-13,2019-05-20,,TOWER 7 第 7 座,17/F,B,,4217000,,價單第3A號 (B)付款方法 / Payment Plan (B) of the Price List No. 3A • 105 天即供優惠付款計劃 (照售價減 7.5%)(見備註 / See Remark 7(a)(ii)) 105-day Cash Payment Plan (7.5% discount on the Price)(見備註 / See Remark 7(a)(ii)),
2019-05-13,2019-05-20,,TOWER 7 第 7 座,17/F,C,,4354000,,價單第3A號 (A)付款方法 / Payment Plan (A) of the Price List No. 3A • 建築期付款計劃 (照售價減 4.5%)(見備註 / See Remark 7(a)(i)) Stage Payment Plan (4.5% discount on the Price)(見備註 / See Remark 7(a)(i)),
2019-05-13,2019-05-20,,TOWER 7 第 7 座,18/F,B,,4386000,,價單第3A號 (A)付款方法 / Payment Plan (A) of the Price List No. 3A • 建築期付款計劃 (照售價減 4.5%)(見備註 / See Remark 7(a)(i)) Stage Payment Plan (4.5% discount on the Price)(見備註 / See Remark 7(a)(i)),
2019-05-13,2019-05-20,,TOWER 7 第 7 座,18/F,C,,4249000,,價單第3A號 (B)付款方法 / Payment Plan (B) of the Price List No. 3A • 105 天即供優惠付款計劃 (照售價減 7.5%)(見備註 / See Remark 7(a)(ii)) 105-day Cash Payment Plan (7.5% discount on the Price)(見備註 / See Remark 7(a)(ii)),
2019-05-13,2019-05-20,,TOWER 7 第 7 座,19/F,B,,4414000,,價單第3A號 (A)付款方法 / Payment Plan (A) of the Price List No. 3A • 建築期付款計劃 (照售價減 4.5%)(見備註 / See Remark 7(a)(i)) Stage Payment Plan (4.5% discount on the Price)(見備註 / See Remark 7(a)(i)),
2019-05-13,2019-05-20,,TOWER 7 第 7 座,19/F,C,,4414000,,價單第3A號 (A)付款方法 / Payment Plan (A) of the Price List No. 3A • 建築期付款計劃 (照售價減 4.5%)(見備註 / See Remark 7(a)(i)) Stage Payment Plan (4.5% discount on the Price)(見備註 / See Remark 7(a)(i)),
2019-05-13,2019-05-20,,TOWER 8 第 8 座,11/F,D,,4656000,,價單第3A號 (B)付款方法 / Payment Plan (B) of the Price List No. 3A • 105 天即供優惠付款計劃 (照售價減 7.5%)(見備註 / See Remark 7(a)(ii)) 105-day Cash Payment Plan (7.5% discount on the Price)(見備註 / See Remark 7(a)(ii)),
2019-05-13,2019-05-20,,TOWER 8 第 8 座,11/F,E,,4807000,,價單第3A號 (A)付款方法 / Payment Plan (A) of the Price List No. 3A • 建築期付款計劃 (照售價減 4.5%)(見備註 / See Remark 7(a)(i)) Stage Payment Plan (4.5% discount on the Price)(見備註 / See Remark 7(a)(i)),
2019-05-13,2019-05-20,,TOWER 8 第 8 座,12/F,D,,4766000,,價單第3A號 (C)付款方法 / Payment Plan (C) of the Price List No. 3A • 105 天一按付款計劃 (I) (照售價減 6%)(見備註 / See Remark 7(a)(iii)) 105-day First Mortgage Loan Payment Plan (I) (6% discount on the Price)(見備註 / See Remark 7(a)(iii)),
2019-05-13,2019-05-20,,TOWER 8 第 8 座,12/F,E,,4690000,,價單第3A號 (B)付款方法 / Payment Plan (B) of the Price List No. 3A • 105 天即供優惠付款計劃 (照售價減 7.5%)(見備註 / See Remark 7(a)(ii)) 105-day Cash Payment Plan (7.5% discount on the Price)(見備註 / See Remark 7(a)(ii)),
2019-05-13,2019-05-20,,TOWER 8 第 8 座,15/F,D,,4876000,,價單第3A號 (A)付款方法 / Payment Plan (A) of the Price List No. 3A • 建築期付款計劃 (照售價減 4.5%)(見備註 / See Remark 7(a)(i)) Stage Payment Plan (4.5% discount on the Price)(見備註 / See Remark 7(a)(i)),
2019-05-13,2019-05-20,,TOWER 8 第 8 座,15/F,E,,4876000,,價單第3A號 (A)付款方法 / Payment Plan (A) of the Price List No. 3A • 建築期付款計劃 (照售價減 4.5%)(見備註 / See Remark 7(a)(i)) Stage Payment Plan (4.5% discount on the Price)(見備註 / See Remark 7(a)(i)),
2019-05-13,2019-05-20,,TOWER 8 第 8 座,16/F,D,,4911000,,價單第3A號 (A)付款方法 / Payment Plan (A) of the Price List No. 3A • 建築期付款計劃 (照售價減 4.5%)(見備註 / See Remark 7(a)(i)) Stage Payment Plan (4.5% discount on the Price)(見備註 / See Remark 7(a)(i)),
2019-05-13,2019-05-20,,TOWER 8 第 8 座,16/F,E,,4756000,,價單第3A號 (B)付款方法 / Payment Plan (B) of the Price List No. 3A • 105 天即供優惠付款計劃 (照售價減 7.5%)(見備註 / See Remark 7(a)(ii)) 105-day Cash Payment Plan (7.5% discount on the Price)(見備註 / See Remark 7(a)(ii)),
2019-05-13,2019-05-20,,TOWER 8 第 8 座,17/F,D,,4945000,,價單第3A號 (A)付款方法 / Payment Plan (A) of the Price List No. 3A • 建築期付款計劃 (照售價減 4.5%)(見備註 / See Remark 7(a)(i)) Stage Payment Plan (4.5% discount on the Price)(見備註 / See Remark 7(a)(i)),
2019-05-13,2019-05-20,,TOWER 8 第 8 座,17/F,E,,4790000,,價單第3A號 (B)付款方法 / Payment Plan (B) of the Price List No. 3A • 105 天即供優惠付款計劃 (照售價減 7.5%)(見備註 / See Remark 7(a)(ii)) 105-day Cash Payment Plan (7.5% discount on the Price)(見備註 / See Remark 7(a)(ii)),
2019-05-13,2019-05-20,,TOWER 8 第 8 座,18/F,D,,4825000,,價單第3A號 (B)付款方法 / Payment Plan (B) of the Price List No. 3A • 105 天即供優惠付款計劃 (照售價減 7.5%)(見備註 / See Remark 7(a)(ii)) 105-day Cash Payment Plan (7.5% discount on the Price)(見備註 / See Remark 7(a)(ii)),
2019-05-13,2019-05-20,,TOWER 8 第 8 座,18/F,E,,4981000,,價單第3A號 (A)付款方法 / Payment Plan (A) of the Price List No. 3A • 建築期付款計劃 (照售價減 4.5%)(見備註 / See Remark 7(a)(i)) Stage Payment Plan (4.5% discount on the Price)(見備註 / See Remark 7(a)(i)),
2019-05-13,2019-05-20,,TOWER 8 第 8 座,19/F,D,,5014000,,價單第3A號 (A)付款方法 / Payment Plan (A) of the Price List No. 3A • 建築期付款計劃 (照售價減 4.5%)(見備註 / See Remark 7(a)(i)) Stage Payment Plan (4.5% discount on the Price)(見備註 / See Remark 7(a)(i)),
2019-05-13,2019-05-20,,TOWER 8 第 8 座,19/F,E,,5014000,,價單第3A號 (A)付款方法 / Payment Plan (A) of the Price List No. 3A • 建築期付款計劃 (照售價減 4.5%)(見備註 / See Remark 7(a)(i)) Stage Payment Plan (4.5% discount on the Price)(見備註 / See Remark 7(a)(i)),
2019-05-13,2019-05-20,,TOWER 8 第 8 座,20/F & R/F,D,,5562000,,價單第3A號 (A)付款方法 / Payment Plan (A) of the Price List No. 3A • 建築期付款計劃 (照售價減 4.5%)(見備註 / See Remark 7(a)(i)) Stage Payment Plan (4.5% discount on the Price)(見備註 / See Remark 7(a)(i)),
2019-05-13,2019-05-20,,TOWER 8 第 8 座,20/F & R/F,E,,5562000,,價單第3A號 (A)付款方法 / Payment Plan (A) of the Price List No. 3A • 建築期付款計劃 (照售價減 4.5%)(見備註 / See Remark 7(a)(i)) Stage Payment Plan (4.5% discount on the Price)(見備註 / See Remark 7(a)(i)),
2019-05-13,2019-05-20,,TOWER 9 第 9 座,6/F,J,,14431000,,價單第2號 (B)付款方法 / Payment Plan (B) of the Price List No. 2 • 105 天即供優惠付款計劃 (照售價減 7.5%)(見備註 / See Remark 7(a)(ii)) 105-day Cash Payment Plan (7.5% discount on the Price)(見備註 / See Remark 7(a)(ii)) • 認購一個住客停車位的權利 Option to Purchase of one Residential Parking Space,
2019-05-13,2019-05-20,,TOWER 9 第 9 座,12/F,F,,9514000,,價單第3A號 (B)付款方法 / Payment Plan (B) of the Price List No. 3A • 105 天即供優惠付款計劃 (照售價減 7.5%)(見備註 / See Remark 7(a)(ii)) 105-day Cash Payment Plan (7.5% discount on the Price)(見備註 / See Remark 7(a)(ii)),
2019-05-13,2019-05-20,,TOWER 9 第 9 座,12/F,G,,9066000,,價單第3A號 (B)付款方法 / Payment Plan (B) of the Price List No. 3A • 105 天即供優惠付款計劃 (照售價減 7.5%)(見備註 / See Remark 7(a)(ii)) 105-day Cash Payment Plan (7.5% discount on the Price)(見備註 / See Remark 7(a)(ii)),
2019-05-13,2019-05-20,,TOWER 9 第 9 座,15/F,H,,9963000,"在14-08-2019，基於法例 第35(2)(b) 條所容許的原 因， 售價更改為 $9,650,000。On 14-08- 2019,the price adjusted to $9,650,000 due to the reason allowed under section 35(2)(b) of the Ordinance.","價單第3A號 (A)付款方法 / Payment Plan (A) of the Price List No. 3A • 建築期付款計劃 (照售價減 4.5%)(見備註 / See Remark 7(a)(i)) Stage Payment Plan (4.5% discount on the Price)(見備註 / See Remark 7(a)(i)) 在14-08-2019，支付條款更改為On 14-08-2019,the terms of payment adjusted to • 價單第3A號 (B)付款方法 / Payment Plan (B) of the Price List No.3A 105 天即供優惠付款計劃 (照售價減5%)(見備註 / See Remark 7(a)(ii)) 105-day Cash Payment Plan (7.5% discount on the Price)(見備註 / See Remark 7(a)(ii))",
2019-05-13,2019-05-20,,TOWER 9 第 9 座,16/F,H,,10039000,,價單第3A號 (A)付款方法 / Payment Plan (A) of the Price List No. 3A • 建築期付款計劃 (照售價減 4.5%)(見備註 / See Remark 7(a)(i)) Stage Payment Plan (4.5% discount on the Price)(見備註 / See Remark 7(a)(i)),
2019-05-13,2019-05-20,,TOWER 9 第 9 座,17/F,H,,9956000,,價單第3A號 (C)付款方法 / Payment Plan (C) of the Price List No. 3A • 105 天一按付款計劃 (I) (照售價減 6%)(見備註 / See Remark 7(a)(iii)) 105-day First Mortgage Loan Payment Plan (I) (6% discount on the Price)(見備註 / See Remark 7(a)(iii)),
2019-05-13,2019-05-20,,TOWER 9 第 9 座,19/F,C,,10197000,,價單第3A號 (C)付款方法 / Payment Plan (C) of the Price List No. 3A • 105 天一按付款計劃 (I) (照售價減 6%)(見備註 / See Remark 7(a)(iii)) 105-day First Mortgage Loan Payment Plan (I) (6% discount on the Price)(見備註 / See Remark 7(a)(iii)),
2019-05-13,2019-05-20,2020-09-25,TOWER 10 第 10 座,15/F,C,,6739000,,價單第3A號 (A)付款方法 / Payment Plan (A) of the Price List No. 3A • 建築期付款計劃 (照售價減 4.5%)(見備註 / See Remark 7(a)(i)) Stage Payment Plan (4.5% discount on the Price)(見備註 / See Remark 7(a)(i)),
2019-05-13,2019-05-20,,TOWER 10 第 10 座,15/F,D,,6773000,"在03-06-2019，基於法例 第35(2)(b) 條所容許的原 因， 售價更改為 $6,666,000。On 03-06- 2019, the price adjusted to $6,666,000 due to the reason allowed under section 35(2)(b) of the Ordinance.","價單第3A號 (A)付款方法 / Payment Plan (A) of the Price List No. 3A • 建築期付款計劃 (照售價減 4.5%)(見備註 / See Remark 7(a)(i)) Stage Payment Plan (4.5% discount on the Price)(見備註 / See Remark 7(a)(i)) 在03-06-2019，支付條款更改為 On03-06-2019,the terms of payment adjusted to 價單第3A號 (C)付款方法 / Payment Plan (C) of the Price List No. 3A • 105 天一按付款計劃 (I) (照售價減 6%)(見備註 / See Remark 7(a)(iii)) 105- day First Mortgage Loan Payment Plan (I) (6% discount on the Price)(見備註 / See Remark 7(a)(iii))",
2019-05-13,2019-05-20,,TOWER 10 第 10 座,15/F,E,,6642000,,價單第3A號 (B)付款方法 / Payment Plan (B) of the Price List No. 3A • 105 天即供優惠付款計劃 (照售價減 7.5%)(見備註 / See Remark 7(a)(ii)) 105-day Cash Payment Plan (7.5% discount on the Price)(見備註 / See Remark 7(a)(ii)),
2019-05-13,2019-05-20,,TOWER 10 第 10 座,15/F,F,,6642000,,價單第3A號 (B)付款方法 / Payment Plan (B) of the Price List No. 3A • 105 天即供優惠付款計劃 (照售價減 7.5%)(見備註 / See Remark 7(a)(ii)) 105-day Cash Payment Plan (7.5% discount on the Price)(見備註 / See Remark 7(a)(ii)),
2019-05-13,2019-05-20,,TOWER 10 第 10 座,15/F,G,,6750000,,價單第3A號 (C)付款方法 / Payment Plan (C) of the Price List No. 3A • 105 天一按付款計劃 (I) (照售價減 6%)(見備註 / See Remark 7(a)(iii)) 105-day First Mortgage Loan Payment Plan (I) (6% discount on the Price)(見備註 / See Remark 7(a)(iii)),
2019-05-13,2019-05-20,,TOWER 10 第 10 座,15/F,H,,6560000,,價單第3A號 (B)付款方法 / Payment Plan (B) of the Price List No. 3A • 105 天即供優惠付款計劃 (照售價減 7.5%)(見備註 / See Remark 7(a)(ii)) 105-day Cash Payment Plan (7.5% discount on the Price)(見備註 / See Remark 7(a)(ii)),
2019-05-13,2019-05-20,,TOWER 10 第 10 座,15/F,L,,5230000,,價單第3A號 (B)付款方法 / Payment Plan (B) of the Price List No. 3A • 105 天即供優惠付款計劃 (照售價減 7.5%)(見備註 / See Remark 7(a)(ii)) 105-day Cash Payment Plan (7.5% discount on the Price)(見備註 / See Remark 7(a)(ii)),
2019-05-13,2019-05-20,,TOWER 10 第 10 座,15/F,M,,5299000,,價單第3A號 (B)付款方法 / Payment Plan (B) of the Price List No. 3A • 105 天即供優惠付款計劃 (照售價減 7.5%)(見備註 / See Remark 7(a)(ii)) 105-day Cash Payment Plan (7.5% discount on the Price)(見備註 / See Remark 7(a)(ii)),
2019-05-13,2019-05-20,,TOWER 10 第 10 座,15/F,N,,5471000,,價單第3A號 (A)付款方法 / Payment Plan (A) of the Price List No. 3A • 建築期付款計劃 (照售價減 4.5%)(見備註 / See Remark 7(a)(i)) Stage Payment Plan (4.5% discount on the Price)(見備註 / See Remark 7(a)(i)),
2019-05-13,2019-05-20,,TOWER 10 第 10 座,15/F,P,,5298000,,價單第3A號 (B)付款方法 / Payment Plan (B) of the Price List No. 3A • 105 天即供優惠付款計劃 (照售價減 7.5%)(見備註 / See Remark 7(a)(ii)) 105-day Cash Payment Plan (7.5% discount on the Price)(見備註 / See Remark 7(a)(ii)),
2019-05-13,2019-05-20,,TOWER 10 第 10 座,16/F,C,,6788000,"在30-05-2019，基於法例 第35(2)(b) 條所容許的原 因， 售價更改為 $6,575,000。On 30-05- 2019,the price adjusted to $6,575,000 due to the reason allowed under section 35(2)(b) of the Ordinance.","價單第3A號 (A)付款方法 / Payment Plan (A) of the Price List No. 3A • 建築期付款計劃 (照售價減4.5%)(見備註 / See Remark 7(a)(i)) Stage Payment Plan (4.5% discount on the Price)(見備註 / See Remark 7(a)(i)) 在30-05-2019，支付條款更改為 On 30-05-2019,the terms of payment adjusted to 價單第3A號 (B)付款方法 / Payment Plan (B) of the Price List No.3A • 105 天即供優惠付款計劃 (照售價減7.5%)(見備註 / See Remark 7(a)(ii)) 105- day Cash Payment Plan (7.5% discount on the Price)(見備註 / See Remark 7(a)(ii))",
2019-05-13,2019-05-20,,TOWER 10 第 10 座,16/F,D,,6608000,,價單第3A號 (B)付款方法 / Payment Plan (B) of the Price List No. 3A • 105 天即供優惠付款計劃 (照售價減 7.5%)(見備註 / See Remark 7(a)(ii)) 105-day Cash Payment Plan (7.5% discount on the Price)(見備註 / See Remark 7(a)(ii)),
2019-05-13,2019-05-20,,TOWER 10 第 10 座,16/F,E,,6800000,,價單第3A號 (C)付款方法 / Payment Plan (C) of the Price List No. 3A • 105 天一按付款計劃 (I) (照售價減 6%)(見備註 / See Remark 7(a)(iii)) 105-day First Mortgage Loan Payment Plan (I) (6% discount on the Price)(見備註 / See Remark 7(a)(iii)),
2019-05-13,2019-05-20,,TOWER 10 第 10 座,16/F,F,,6800000,,價單第3A號 (C)付款方法 / Payment Plan (C) of the Price List No. 3A • 105 天一按付款計劃 (I) (照售價減 6%)(見備註 / See Remark 7(a)(iii)) 105-day First Mortgage Loan Payment Plan (I) (6% discount on the Price)(見備註 / See Remark 7(a)(iii)),
2019-05-13,2019-05-20,,TOWER 10 第 10 座,16/F,G,,6908000,,價單第3A號 (A)付款方法 / Payment Plan (A) of the Price List No. 3A • 建築期付款計劃 (照售價減 4.5%)(見備註 / See Remark 7(a)(i)) Stage Payment Plan (4.5% discount on the Price)(見備註 / See Remark 7(a)(i)),
2019-05-13,2019-05-20,,TOWER 10 第 10 座,16/F,H,,6715000,,價單第3A號 (C)付款方法 / Payment Plan (C) of the Price List No. 3A • 105 天一按付款計劃 (I) (照售價減 6%)(見備註 / See Remark 7(a)(iii)) 105-day First Mortgage Loan Payment Plan (I) (6% discount on the Price)(見備註 / See Remark 7(a)(iii)),
2019-05-13,2019-05-20,,TOWER 10 第 10 座,16/F,K,,12391000,,價單第3A號 (B)付款方法 / Payment Plan (B) of the Price List No. 3A • 105 天即供優惠付款計劃 (照售價減 7.5%)(見備註 / See Remark 7(a)(ii)) 105-day Cash Payment Plan (7.5% discount on the Price)(見備註 / See Remark 7(a)(ii)),
2019-05-13,2019-05-20,,TOWER 10 第 10 座,16/F,L,,5267000,,價單第3A號 (B)付款方法 / Payment Plan (B) of the Price List No. 3A • 105 天即供優惠付款計劃 (照售價減 7.5%)(見備註 / See Remark 7(a)(ii)) 105-day Cash Payment Plan (7.5% discount on the Price)(見備註 / See Remark 7(a)(ii)),
2019-05-13,2019-05-20,,TOWER 10 第 10 座,16/F,M,,5336000,,價單第3A號 (B)付款方法 / Payment Plan (B) of the Price List No. 3A • 105 天即供優惠付款計劃 (照售價減 7.5%)(見備註 / See Remark 7(a)(ii)) 105-day Cash Payment Plan (7.5% discount on the Price)(見備註 / See Remark 7(a)(ii)),
2019-05-13,2019-05-20,,TOWER 10 第 10 座,16/F,N,,5336000,,價單第3A號 (B)付款方法 / Payment Plan (B) of the Price List No. 3A • 105 天即供優惠付款計劃 (照售價減 7.5%)(見備註 / See Remark 7(a)(ii)) 105-day Cash Payment Plan (7.5% discount on the Price)(見備註 / See Remark 7(a)(ii)),
2019-05-13,2019-05-20,,TOWER 10 第 10 座,16/F,P,,5336000,,價單第3A號 (B)付款方法 / Payment Plan (B) of the Price List No. 3A • 105 天即供優惠付款計劃 (照售價減 7.5%)(見備註 / See Remark 7(a)(ii)) 105-day Cash Payment Plan (7.5% discount on the Price)(見備註 / See Remark 7(a)(ii)),
2019-05-13,2019-05-20,,TOWER 10 第 10 座,17/F,C,,6623000,,價單第3A號 (B)付款方法 / Payment Plan (B) of the Price List No. 3A • 105 天即供優惠付款計劃 (照售價減 7.5%)(見備註 / See Remark 7(a)(ii)) 105-day Cash Payment Plan (7.5% discount on the Price)(見備註 / See Remark 7(a)(ii)),
2019-05-13,2019-05-20,,TOWER 10 第 10 座,17/F,D,,6764000,,價單第3A號 (C)付款方法 / Payment Plan (C) of the Price List No. 3A • 105 天一按付款計劃 (I) (照售價減 6%)(見備註 / See Remark 7(a)(iii)) 105-day First Mortgage Loan Payment Plan (I) (6% discount on the Price)(見備註 / See Remark 7(a)(iii)),
2019-05-13,2019-05-20,,TOWER 10 第 10 座,17/F,E,,6849000,,價單第3A號 (C)付款方法 / Payment Plan (C) of the Price List No. 3A • 105 天一按付款計劃 (I) (照售價減 6%)(見備註 / See Remark 7(a)(iii)) 105-day First Mortgage Loan Payment Plan (I) (6% discount on the Price)(見備註 / See Remark 7(a)(iii)),
2019-05-13,2019-05-20,,TOWER 10 第 10 座,17/F,F,,6958000,,價單第3A號 (A)付款方法 / Payment Plan (A) of the Price List No. 3A • 建築期付款計劃 (照售價減 4.5%)(見備註 / See Remark 7(a)(i)) Stage Payment Plan (4.5% discount on the Price)(見備註 / See Remark 7(a)(i)),
2019-05-13,2019-05-20,,TOWER 10 第 10 座,17/F,G,,6849000,,價單第3A號 (C)付款方法 / Payment Plan (C) of the Price List No. 3A • 105 天一按付款計劃 (I) (照售價減 6%)(見備註 / See Remark 7(a)(iii)) 105-day First Mortgage Loan Payment Plan (I) (6% discount on the Price)(見備註 / See Remark 7(a)(iii)),
2019-05-13,2019-05-20,,TOWER 10 第 10 座,17/F,H,,6656000,,價單第3A號 (B)付款方法 / Payment Plan (B) of the Price List No. 3A • 105 天即供優惠付款計劃 (照售價減 7.5%)(見備註 / See Remark 7(a)(ii)) 105-day Cash Payment Plan (7.5% discount on the Price)(見備註 / See Remark 7(a)(ii)),
2019-05-13,2019-05-20,,TOWER 10 第 10 座,17/F,L,,5303000,,價單第3A號 (B)付款方法 / Payment Plan (B) of the Price List No. 3A • 105 天即供優惠付款計劃 (照售價減 7.5%)(見備註 / See Remark 7(a)(ii)) 105-day Cash Payment Plan (7.5% discount on the Price)(見備註 / See Remark 7(a)(ii)),
2019-05-13,2019-05-20,,TOWER 10 第 10 座,17/F,M,,5373000,,價單第3A號 (B)付款方法 / Payment Plan (B) of the Price List No. 3A • 105 天即供優惠付款計劃 (照售價減 7.5%)(見備註 / See Remark 7(a)(ii)) 105-day Cash Payment Plan (7.5% discount on the Price)(見備註 / See Remark 7(a)(ii)),
2019-05-13,2019-05-20,,TOWER 10 第 10 座,17/F,N,,5548000,,價單第3A號 (A)付款方法 / Payment Plan (A) of the Price List No. 3A • 建築期付款計劃 (照售價減 4.5%)(見備註 / See Remark 7(a)(i)) Stage Payment Plan (4.5% discount on the Price)(見備註 / See Remark 7(a)(i)),
2019-05-13,2019-05-20,,TOWER 10 第 10 座,17/F,P,,5373000,,價單第3A號 (B)付款方法 / Payment Plan (B) of the Price List No. 3A • 105 天即供優惠付款計劃 (照售價減 7.5%)(見備註 / See Remark 7(a)(ii)) 105-day Cash Payment Plan (7.5% discount on the Price)(見備註 / See Remark 7(a)(ii)),
2019-05-13,2019-05-20,,TOWER 10 第 10 座,18/F,C,,6962000,,價單第3A號 (A)付款方法 / Payment Plan (A) of the Price List No. 3A • 建築期付款計劃 (照售價減 4.5%)(見備註 / See Remark 7(a)(i)) Stage Payment Plan (4.5% discount on the Price)(見備註 / See Remark 7(a)(i)),
2019-05-13,2019-05-20,,TOWER 10 第 10 座,18/F,D,,6777000,,價單第3A號 (B)付款方法 / Payment Plan (B) of the Price List No. 3A • 105 天即供優惠付款計劃 (照售價減 7.5%)(見備註 / See Remark 7(a)(ii)) 105-day Cash Payment Plan (7.5% discount on the Price)(見備註 / See Remark 7(a)(ii)),
2019-05-13,2019-05-20,,TOWER 10 第 10 座,18/F,E,,6863000,,價單第3A號 (B)付款方法 / Payment Plan (B) of the Price List No. 3A • 105 天即供優惠付款計劃 (照售價減 7.5%)(見備註 / See Remark 7(a)(ii)) 105-day Cash Payment Plan (7.5% discount on the Price)(見備註 / See Remark 7(a)(ii)),
2019-05-13,2019-05-20,,TOWER 10 第 10 座,18/F,F,,7085000,"在11-07-2019，基於法例 第35(2)(b) 條所容許的原 因， 售價更改為 $6,863,000。On 11-07- 2019, the price adjusted to$6,863,000 due to the reason allowed under section 35(2)(b) of the Ordinance.","價單第3A號 (A)付款方法 / Payment Plan (A) of the Price List No. 3A • 建築期付款計劃 (照售價減 4.5%)(見備註 / See Remark 7(a)(i)) Stage Payment Plan (4.5% discount on the Price)(見備註 / See Remark 7(a)(i)) 在11-07-2019，支付條款更改為 On11-07-2019,the terms of payment adjusted to • 價單第3A號 (B)付款方法 / Payment Plan (B) of the Price List No.3A 105 天即供優惠付款計劃 (照售價減5%)(見備註 / See Remark 7(a)(ii)) 105-day Cash Payment Plan (7.5% discount on the Price)(見備註 / See Remark 7(a)(ii))",
2019-05-13,2019-05-20,,TOWER 10 第 10 座,18/F,G,,6974000,,價單第3A號 (C)付款方法 / Payment Plan (C) of the Price List No. 3A • 105 天一按付款計劃 (I) (照售價減 6%)(見備註 / See Remark 7(a)(iii)) 105-day First Mortgage Loan Payment Plan (I) (6% discount on the Price)(見備註 / See Remark 7(a)(iii)),
2019-05-13,2019-05-20,,TOWER 10 第 10 座,18/F,H,,6777000,,價單第3A號 (B)付款方法 / Payment Plan (B) of the Price List No. 3A • 105 天即供優惠付款計劃 (照售價減 7.5%)(見備註 / See Remark 7(a)(ii)) 105-day Cash Payment Plan (7.5% discount on the Price)(見備註 / See Remark 7(a)(ii)),
2019-05-13,2019-05-20,,TOWER 10 第 10 座,18/F,L,,5542000,,價單第3A號 (A)付款方法 / Payment Plan (A) of the Price List No. 3A • 建築期付款計劃 (照售價減 4.5%)(見備註 / See Remark 7(a)(i)) Stage Payment Plan (4.5% discount on the Price)(見備註 / See Remark 7(a)(i)),
2019-05-13,2019-05-20,,TOWER 10 第 10 座,18/F,M,,5615000,,價單第3A號 (A)付款方法 / Payment Plan (A) of the Price List No. 3A • 建築期付款計劃 (照售價減 4.5%)(見備註 / See Remark 7(a)(i)) Stage Payment Plan (4.5% discount on the Price)(見備註 / See Remark 7(a)(i)),
2019-05-13,2019-05-20,,TOWER 10 第 10 座,18/F,N,,5439000,,價單第3A號 (B)付款方法 / Payment Plan (B) of the Price List No. 3A • 105 天即供優惠付款計劃 (照售價減 7.5%)(見備註 / See Remark 7(a)(ii)) 105-day Cash Payment Plan (7.5% discount on the Price)(見備註 / See Remark 7(a)(ii)),
2019-05-13,2019-05-20,,TOWER 10 第 10 座,18/F,P,,5440000,,價單第3A號 (B)付款方法 / Payment Plan (B) of the Price List No. 3A • 105 天即供優惠付款計劃 (照售價減 7.5%)(見備註 / See Remark 7(a)(ii)) 105-day Cash Payment Plan (7.5% discount on the Price)(見備註 / See Remark 7(a)(ii)),
2019-05-13,2019-05-20,,TOWER 10 第 10 座,19/F,C,,7012000,,價單第3A號 (A)付款方法 / Payment Plan (A) of the Price List No. 3A • 建築期付款計劃 (照售價減 4.5%)(見備註 / See Remark 7(a)(i)) Stage Payment Plan (4.5% discount on the Price)(見備註 / See Remark 7(a)(i)),
2019-05-13,2019-05-20,,TOWER 10 第 10 座,19/F,D,,7047000,,價單第3A號 (A)付款方法 / Payment Plan (A) of the Price List No. 3A • 建築期付款計劃 (照售價減 4.5%)(見備註 / See Remark 7(a)(i)) Stage Payment Plan (4.5% discount on the Price)(見備註 / See Remark 7(a)(i)),
2019-05-13,2019-05-20,,TOWER 10 第 10 座,19/F,E,,7024000,,價單第3A號 (C)付款方法 / Payment Plan (C) of the Price List No. 3A • 105 天一按付款計劃 (I) (照售價減 6%)(見備註 / See Remark 7(a)(iii)) 105-day First Mortgage Loan Payment Plan (I) (6% discount on the Price)(見備註 / See Remark 7(a)(iii)),
2019-05-13,2019-05-20,,TOWER 10 第 10 座,19/F,F,,6912000,,價單第3A號 (B)付款方法 / Payment Plan (B) of the Price List No. 3A • 105 天即供優惠付款計劃 (照售價減 7.5%)(見備註 / See Remark 7(a)(ii)) 105-day Cash Payment Plan (7.5% discount on the Price)(見備註 / See Remark 7(a)(ii)),
2019-05-13,2019-05-20,,TOWER 10 第 10 座,19/F,G,,7024000,,價單第3A號 (C)付款方法 / Payment Plan (C) of the Price List No. 3A • 105 天一按付款計劃 (I) (照售價減 6%)(見備註 / See Remark 7(a)(iii)) 105-day First Mortgage Loan Payment Plan (I) (6% discount on the Price)(見備註 / See Remark 7(a)(iii)),
2019-05-13,2019-05-20,,TOWER 10 第 10 座,19/F,H,,6936000,,價單第3A號 (C)付款方法 / Payment Plan (C) of the Price List No. 3A • 105 天一按付款計劃 (I) (照售價減 6%)(見備註 / See Remark 7(a)(iii)) 105-day First Mortgage Loan Payment Plan (I) (6% discount on the Price)(見備註 / See Remark 7(a)(iii)),
2019-05-13,2019-05-20,,TOWER 10 第 10 座,19/F,L,,5550000,,價單第3A號 (A)付款方法 / Payment Plan (A) of the Price List No. 3A • 建築期付款計劃 (照售價減 4.5%)(見備註 / See Remark 7(a)(i)) Stage Payment Plan (4.5% discount on the Price)(見備註 / See Remark 7(a)(i)),
2019-05-13,2019-05-20,,TOWER 10 第 10 座,19/F,M,,5624000,,價單第3A號 (A)付款方法 / Payment Plan (A) of the Price List No. 3A • 建築期付款計劃 (照售價減 4.5%)(見備註 / See Remark 7(a)(i)) Stage Payment Plan (4.5% discount on the Price)(見備註 / See Remark 7(a)(i)),
2019-05-13,2019-05-20,,TOWER 10 第 10 座,19/F,N,,5447000,,價單第3A號 (B)付款方法 / Payment Plan (B) of the Price List No. 3A • 105 天即供優惠付款計劃 (照售價減 7.5%)(見備註 / See Remark 7(a)(ii)) 105-day Cash Payment Plan (7.5% discount on the Price)(見備註 / See Remark 7(a)(ii)),
2019-05-13,2019-05-20,,TOWER 10 第 10 座,19/F,P,,5449000,,價單第3A號 (B)付款方法 / Payment Plan (B) of the Price List No. 3A • 105 天即供優惠付款計劃 (照售價減 7.5%)(見備註 / See Remark 7(a)(ii)) 105-day Cash Payment Plan (7.5% discount on the Price)(見備註 / See Remark 7(a)(ii)),
2019-05-13,2019-05-20,,TOWER 10 第 10 座,20/F & R/F,C,,7308000,,價單第3A號 (B)付款方法 / Payment Plan (B) of the Price List No. 3A • 105 天即供優惠付款計劃 (照售價減 7.5%)(見備註 / See Remark 7(a)(ii)) 105-day Cash Payment Plan (7.5% discount on the Price)(見備註 / See Remark 7(a)(ii)),
2019-05-13,2019-05-20,,TOWER 10 第 10 座,20/F & R/F,D,,7345000,,價單第3A號 (B)付款方法 / Payment Plan (B) of the Price List No. 3A • 105 天即供優惠付款計劃 (照售價減 7.5%)(見備註 / See Remark 7(a)(ii)) 105-day Cash Payment Plan (7.5% discount on the Price)(見備註 / See Remark 7(a)(ii)),
2019-05-13,2019-05-20,,TOWER 10 第 10 座,20/F & R/F,E,,7940000,,價單第3A號 (B)付款方法 / Payment Plan (B) of the Price List No. 3A • 105 天即供優惠付款計劃 (照售價減 7.5%)(見備註 / See Remark 7(a)(ii)) 105-day Cash Payment Plan (7.5% discount on the Price)(見備註 / See Remark 7(a)(ii)),
2019-05-13,2019-05-20,,TOWER 10 第 10 座,20/F & R/F,L,,6372000,,價單第3A號 (C)付款方法 / Payment Plan (C) of the Price List No. 3A • 105 天一按付款計劃 (I) (照售價減 6%)(見備註 / See Remark 7(a)(iii)) 105-day First Mortgage Loan Payment Plan (I) (6% discount on the Price)(見備註 / See Remark 7(a)(iii)),
2019-05-13,2019-05-20,,TOWER 10 第 10 座,20/F & R/F,M,,6382000,,價單第3A號 (B)付款方法 / Payment Plan (B) of the Price List No. 3A • 105 天即供優惠付款計劃 (照售價減 7.5%)(見備註 / See Remark 7(a)(ii)) 105-day Cash Payment Plan (7.5% discount on the Price)(見備註 / See Remark 7(a)(ii)),
2019-05-13,2019-05-20,,TOWER 10 第 10 座,20/F & R/F,N,,6485000,,價單第3A號 (C)付款方法 / Payment Plan (C) of the Price List No. 3A • 105 天一按付款計劃 (I) (照售價減 6%)(見備註 / See Remark 7(a)(iii)) 105-day First Mortgage Loan Payment Plan (I) (6% discount on the Price)(見備註 / See Remark 7(a)(iii)),
2019-05-13,2019-05-20,,TOWER 10 第 10 座,20/F & R/F,P,,6428000,,價單第3A號 (B)付款方法 / Payment Plan (B) of the Price List No. 3A • 105 天即供優惠付款計劃 (照售價減 7.5%)(見備註 / See Remark 7(a)(ii)) 105-day Cash Payment Plan (7.5% discount on the Price)(見備註 / See Remark 7(a)(ii)),
2019-05-13,2019-05-20,,TOWER 11 第 11 座,5/F,A,,8119000,,價單第3A號 (B)付款方法 / Payment Plan (B) of the Price List No. 3A • 105 天即供優惠付款計劃 (照售價減 7.5%)(見備註 / See Remark 7(a)(ii)) 105-day Cash Payment Plan (7.5% discount on the Price)(見備註 / See Remark 7(a)(ii)),
2019-05-13,2019-05-20,,TOWER 11 第 11 座,6/F,A,,8451000,,價單第3A號 (A)付款方法 / Payment Plan (A) of the Price List No. 3A • 建築期付款計劃 (照售價減 4.5%)(見備註 / See Remark 7(a)(i)) Stage Payment Plan (4.5% discount on the Price)(見備註 / See Remark 7(a)(i)),
2019-05-13,2019-05-20,,TOWER 11 第 11 座,7/F,A,,8386000,,價單第3A號 (C)付款方法 / Payment Plan (C) of the Price List No. 3A • 105 天一按付款計劃 (I) (照售價減 6%)(見備註 / See Remark 7(a)(iii)) 105-day First Mortgage Loan Payment Plan (I) (6% discount on the Price)(見備註 / See Remark 7(a)(iii)),
2019-05-13,2019-05-20,,TOWER 11 第 11 座,8/F,A,,8593000,,價單第3A號 (A)付款方法 / Payment Plan (A) of the Price List No. 3A • 建築期付款計劃 (照售價減 4.5%)(見備註 / See Remark 7(a)(i)) Stage Payment Plan (4.5% discount on the Price)(見備註 / See Remark 7(a)(i)),
2019-05-13,2019-05-20,,TOWER 11 第 11 座,9/F,A,,8520000,,價單第3A號 (C)付款方法 / Payment Plan (C) of the Price List No. 3A • 105 天一按付款計劃 (I) (照售價減 6%)(見備註 / See Remark 7(a)(iii)) 105-day First Mortgage Loan Payment Plan (I) (6% discount on the Price)(見備註 / See Remark 7(a)(iii)),
2019-05-13,2019-05-20,,TOWER 11 第 11 座,10/F,A,,8588000,,價單第3A號 (C)付款方法 / Payment Plan (C) of the Price List No. 3A • 105 天一按付款計劃 (I) (照售價減 6%)(見備註 / See Remark 7(a)(iii)) 105-day First Mortgage Loan Payment Plan (I) (6% discount on the Price)(見備註 / See Remark 7(a)(iii)),
2019-05-13,2019-05-20,,TOWER 11 第 11 座,12/F,B,,4323000,,價單第3A號 (B)付款方法 / Payment Plan (B) of the Price List No. 3A • 105 天即供優惠付款計劃 (照售價減 7.5%)(見備註 / See Remark 7(a)(ii)) 105-day Cash Payment Plan (7.5% discount on the Price)(見備註 / See Remark 7(a)(ii)),
2019-05-13,2019-05-20,,TOWER 11 第 11 座,12/F,C,,4288000,,價單第3A號 (B)付款方法 / Payment Plan (B) of the Price List No. 3A • 105 天即供優惠付款計劃 (照售價減 7.5%)(見備註 / See Remark 7(a)(ii)) 105-day Cash Payment Plan (7.5% discount on the Price)(見備註 / See Remark 7(a)(ii)),
2019-05-13,2019-05-20,,TOWER 11 第 11 座,15/F,B,,4353000,,價單第3A號 (B)付款方法 / Payment Plan (B) of the Price List No. 3A • 105 天即供優惠付款計劃 (照售價減 7.5%)(見備註 / See Remark 7(a)(ii)) 105-day Cash Payment Plan (7.5% discount on the Price)(見備註 / See Remark 7(a)(ii)),
2019-05-13,2019-05-20,,TOWER 11 第 11 座,15/F,C,,4319000,,價單第3A號 (B)付款方法 / Payment Plan (B) of the Price List No. 3A • 105 天即供優惠付款計劃 (照售價減 7.5%)(見備註 / See Remark 7(a)(ii)) 105-day Cash Payment Plan (7.5% discount on the Price)(見備註 / See Remark 7(a)(ii)),
2019-05-13,2019-05-20,,TOWER 11 第 11 座,16/F,A,,8935000,,價單第3A號 (C)付款方法 / Payment Plan (C) of the Price List No. 3A • 105 天一按付款計劃 (I) (照售價減 6%)(見備註 / See Remark 7(a)(iii)) 105-day First Mortgage Loan Payment Plan (I) (6% discount on the Price)(見備註 / See Remark 7(a)(iii)),
2019-05-13,2019-05-20,,TOWER 11 第 11 座,16/F,B,,4526000,,價單第3A號 (A)付款方法 / Payment Plan (A) of the Price List No. 3A • 建築期付款計劃 (照售價減 4.5%)(見備註 / See Remark 7(a)(i)) Stage Payment Plan (4.5% discount on the Price)(見備註 / See Remark 7(a)(i)),
2019-05-13,2019-05-20,,TOWER 11 第 11 座,16/F,C,,4489000,,價單第3A號 (A)付款方法 / Payment Plan (A) of the Price List No. 3A • 建築期付款計劃 (照售價減 4.5%)(見備註 / See Remark 7(a)(i)) Stage Payment Plan (4.5% discount on the Price)(見備註 / See Remark 7(a)(i)),
2019-05-13,2019-05-20,,TOWER 11 第 11 座,17/F,B,,4414000,,價單第3A號 (B)付款方法 / Payment Plan (B) of the Price List No. 3A • 105 天即供優惠付款計劃 (照售價減 7.5%)(見備註 / See Remark 7(a)(ii)) 105-day Cash Payment Plan (7.5% discount on the Price)(見備註 / See Remark 7(a)(ii)),
2019-05-13,2019-05-20,,TOWER 11 第 11 座,17/F,C,,4521000,,價單第3A號 (A)付款方法 / Payment Plan (A) of the Price List No. 3A • 建築期付款計劃 (照售價減 4.5%)(見備註 / See Remark 7(a)(i)) Stage Payment Plan (4.5% discount on the Price)(見備註 / See Remark 7(a)(i)),
2019-05-13,2019-05-20,,TOWER 11 第 11 座,18/F,B,,4591000,,價單第3A號 (A)付款方法 / Payment Plan (A) of the Price List No. 3A • 建築期付款計劃 (照售價減 4.5%)(見備註 / See Remark 7(a)(i)) Stage Payment Plan (4.5% discount on the Price)(見備註 / See Remark 7(a)(i)),
2019-05-13,2019-05-20,,TOWER 11 第 11 座,18/F,C,,4411000,,價單第3A號 (B)付款方法 / Payment Plan (B) of the Price List No. 3A • 105 天即供優惠付款計劃 (照售價減 7.5%)(見備註 / See Remark 7(a)(ii)) 105-day Cash Payment Plan (7.5% discount on the Price)(見備註 / See Remark 7(a)(ii)),
2019-05-13,2019-05-20,,TOWER 11 第 11 座,19/F,B,,4474000,,價單第3A號 (B)付款方法 / Payment Plan (B) of the Price List No. 3A • 105 天即供優惠付款計劃 (照售價減 7.5%)(見備註 / See Remark 7(a)(ii)) 105-day Cash Payment Plan (7.5% discount on the Price)(見備註 / See Remark 7(a)(ii)),
2019-05-13,2019-05-20,,TOWER 11 第 11 座,19/F,C,,4439000,,價單第3A號 (B)付款方法 / Payment Plan (B) of the Price List No. 3A • 105 天即供優惠付款計劃 (照售價減 7.5%)(見備註 / See Remark 7(a)(ii)) 105-day Cash Payment Plan (7.5% discount on the Price)(見備註 / See Remark 7(a)(ii)),
2019-05-13,2019-05-20,,TOWER 11 第 11 座,20/F & R/F,B,,5149000,,價單第3A號 (B)付款方法 / Payment Plan (B) of the Price List No. 3A • 105 天即供優惠付款計劃 (照售價減 7.5%)(見備註 / See Remark 7(a)(ii)) 105-day Cash Payment Plan (7.5% discount on the Price)(見備註 / See Remark 7(a)(ii)),
2019-05-13,2019-05-20,,TOWER 11 第 11 座,20/F & R/F,C,,5345000,,價單第3A號 (A)付款方法 / Payment Plan (A) of the Price List No. 3A • 建築期付款計劃 (照售價減 4.5%)(見備註 / See Remark 7(a)(i)) Stage Payment Plan (4.5% discount on the Price)(見備註 / See Remark 7(a)(i)),
2019-05-13,2019-05-20,,TOWER 12 第 12 座,12/F,B,,4288000,,價單第3A號 (B)付款方法 / Payment Plan (B) of the Price List No. 3A • 105 天即供優惠付款計劃 (照售價減 7.5%)(見備註 / See Remark 7(a)(ii)) 105-day Cash Payment Plan (7.5% discount on the Price)(見備註 / See Remark 7(a)(ii)),
2019-05-13,2019-05-20,,TOWER 12 第 12 座,12/F,C,,4427000,,價單第3A號 (A)付款方法 / Payment Plan (A) of the Price List No. 3A • 建築期付款計劃 (照售價減 4.5%)(見備註 / See Remark 7(a)(i)) Stage Payment Plan (4.5% discount on the Price)(見備註 / See Remark 7(a)(i)),
2019-05-13,2019-05-20,,TOWER 12 第 12 座,15/F,B,,4319000,,價單第3A號 (B)付款方法 / Payment Plan (B) of the Price List No. 3A • 105 天即供優惠付款計劃 (照售價減 7.5%)(見備註 / See Remark 7(a)(ii)) 105-day Cash Payment Plan (7.5% discount on the Price)(見備註 / See Remark 7(a)(ii)),
2019-05-13,2019-05-20,,TOWER 12 第 12 座,15/F,C,,4459000,,價單第3A號 (A)付款方法 / Payment Plan (A) of the Price List No. 3A • 建築期付款計劃 (照售價減 4.5%)(見備註 / See Remark 7(a)(i)) Stage Payment Plan (4.5% discount on the Price)(見備註 / See Remark 7(a)(i)),
2019-05-13,2019-05-20,,TOWER 12 第 12 座,16/F,B,,4348000,,價單第3A號 (B)付款方法 / Payment Plan (B) of the Price List No. 3A • 105 天即供優惠付款計劃 (照售價減 7.5%)(見備註 / See Remark 7(a)(ii)) 105-day Cash Payment Plan (7.5% discount on the Price)(見備註 / See Remark 7(a)(ii)),
2019-05-13,2019-05-20,,TOWER 12 第 12 座,16/F,C,,4489000,,價單第3A號 (A)付款方法 / Payment Plan (A) of the Price List No. 3A • 建築期付款計劃 (照售價減 4.5%)(見備註 / See Remark 7(a)(i)) Stage Payment Plan (4.5% discount on the Price)(見備註 / See Remark 7(a)(i)),
2019-05-13,2019-05-20,,TOWER 12 第 12 座,17/F,B,,4521000,,價單第3A號 (A)付款方法 / Payment Plan (A) of the Price List No. 3A • 建築期付款計劃 (照售價減 4.5%)(見備註 / See Remark 7(a)(i)) Stage Payment Plan (4.5% discount on the Price)(見備註 / See Remark 7(a)(i)),
2019-05-13,2019-05-20,,TOWER 12 第 12 座,17/F,C,,4379000,,價單第3A號 (B)付款方法 / Payment Plan (B) of the Price List No. 3A • 105 天即供優惠付款計劃 (照售價減 7.5%)(見備註 / See Remark 7(a)(ii)) 105-day Cash Payment Plan (7.5% discount on the Price)(見備註 / See Remark 7(a)(ii)),
2019-05-13,2019-05-20,,TOWER 12 第 12 座,18/F,B,,4411000,,價單第3A號 (B)付款方法 / Payment Plan (B) of the Price List No. 3A • 105 天即供優惠付款計劃 (照售價減 7.5%)(見備註 / See Remark 7(a)(ii)) 105-day Cash Payment Plan (7.5% discount on the Price)(見備註 / See Remark 7(a)(ii)),
2019-05-13,2019-05-20,,TOWER 12 第 12 座,18/F,C,,4554000,"在28-05-2019，基於法例 第35(2)(b) 條所容許的原 因， 售價更改為 $4,411,000。On 28-05- 2019,the price adjusted to $4,411,000 due to the reason allowed under section 35(2)(b) of the Ordinance.","價單第3A號 (A)付款方法 / Payment Plan (A) of the Price List No. 3A • 建築期付款計劃 (照售價減5%)(見備註 / See Remark 7(a)(i)) Stage Payment Plan (4.5% discount on the Price)(見備註 / See Remark 7(a)(i)) 在28-05-2019，支付條款更改為 On28-05-2019,the terms of payment adjusted to • 價單第3A號 (B)付款方法 / Payment Plan (B) of the Price List No.3A 105 天即供優惠付款計劃 (照售價減5%)(見備註 / See Remark 7(a)(ii)) 105-day Cash Payment Plan (7.5% discount on the Price)(見備註 / See Remark 7(a)(ii))",
2019-05-13,2019-05-20,,TOWER 12 第 12 座,19/F,B,,4439000,,價單第3A號 (B)付款方法 / Payment Plan (B) of the Price List No. 3A • 105 天即供優惠付款計劃 (照售價減 7.5%)(見備註 / See Remark 7(a)(ii)) 105-day Cash Payment Plan (7.5% discount on the Price)(見備註 / See Remark 7(a)(ii)),
2019-05-13,2019-05-20,,TOWER 12 第 12 座,19/F,C,,4439000,,價單第3A號 (B)付款方法 / Payment Plan (B) of the Price List No. 3A • 105 天即供優惠付款計劃 (照售價減 7.5%)(見備註 / See Remark 7(a)(ii)) 105-day Cash Payment Plan (7.5% discount on the Price)(見備註 / See Remark 7(a)(ii)),
2019-05-13,2019-05-20,2019-08-23,TOWER 12 第 12 座,20/F & R/F,B,,5269000,,價單第3A號 (A)付款方法 / Payment Plan (A) of the Price List No. 3A • 建築期付款計劃 (照售價減 4.5%)(見備註 / See Remark 7(a)(i)) Stage Payment Plan (4.5% discount on the Price)(見備註 / See Remark 7(a)(i)),
2019-05-13,2019-05-20,2019-08-07,TOWER 12 第 12 座,20/F & R/F,C,,5340000,,價單第3A號 (A)付款方法 / Payment Plan (A) of the Price List No. 3A • 建築期付款計劃 (照售價減 4.5%)(見備註 / See Remark 7(a)(i)) Stage Payment Plan (4.5% discount on the Price)(見備註 / See Remark 7(a)(i)),
2019-05-13,2019-05-20,,TOWER 13 第 13 座,12/F,B,,4288000,,價單第3A號 (B)付款方法 / Payment Plan (B) of the Price List No. 3A • 105 天即供優惠付款計劃 (照售價減 7.5%)(見備註 / See Remark 7(a)(ii)) 105-day Cash Payment Plan (7.5% discount on the Price)(見備註 / See Remark 7(a)(ii)),
2019-05-13,2019-05-20,,TOWER 13 第 13 座,12/F,C,,4305000,,價單第3A號 (B)付款方法 / Payment Plan (B) of the Price List No. 3A • 105 天即供優惠付款計劃 (照售價減 7.5%)(見備註 / See Remark 7(a)(ii)) 105-day Cash Payment Plan (7.5% discount on the Price)(見備註 / See Remark 7(a)(ii)),
2019-05-13,2019-05-20,,TOWER 13 第 13 座,15/F,B,,4459000,,價單第3A號 (A)付款方法 / Payment Plan (A) of the Price List No. 3A • 建築期付款計劃 (照售價減 4.5%)(見備註 / See Remark 7(a)(i)) Stage Payment Plan (4.5% discount on the Price)(見備註 / See Remark 7(a)(i)),
2019-05-13,2019-05-20,,TOWER 13 第 13 座,15/F,C,,4476000,,價單第3A號 (A)付款方法 / Payment Plan (A) of the Price List No. 3A • 建築期付款計劃 (照售價減 4.5%)(見備註 / See Remark 7(a)(i)) Stage Payment Plan (4.5% discount on the Price)(見備註 / See Remark 7(a)(i)),
2019-05-13,2019-05-20,,TOWER 13 第 13 座,16/F,B,,4348000,,價單第3A號 (B)付款方法 / Payment Plan (B) of the Price List No. 3A • 105 天即供優惠付款計劃 (照售價減 7.5%)(見備註 / See Remark 7(a)(ii)) 105-day Cash Payment Plan (7.5% discount on the Price)(見備註 / See Remark 7(a)(ii)),
2019-05-13,2019-05-20,,TOWER 13 第 13 座,16/F,C,,4366000,,價單第3A號 (B)付款方法 / Payment Plan (B) of the Price List No. 3A • 105 天即供優惠付款計劃 (照售價減 7.5%)(見備註 / See Remark 7(a)(ii)) 105-day Cash Payment Plan (7.5% discount on the Price)(見備註 / See Remark 7(a)(ii)),
2019-05-13,2019-05-20,,TOWER 13 第 13 座,17/F,B,,4379000,,價單第3A號 (B)付款方法 / Payment Plan (B) of the Price List No. 3A • 105 天即供優惠付款計劃 (照售價減 7.5%)(見備註 / See Remark 7(a)(ii)) 105-day Cash Payment Plan (7.5% discount on the Price)(見備註 / See Remark 7(a)(ii)),
2019-05-13,2019-05-20,,TOWER 13 第 13 座,17/F,C,,4397000,,價單第3A號 (B)付款方法 / Payment Plan (B) of the Price List No. 3A • 105 天即供優惠付款計劃 (照售價減 7.5%)(見備註 / See Remark 7(a)(ii)) 105-day Cash Payment Plan (7.5% discount on the Price)(見備註 / See Remark 7(a)(ii)),
2019-05-13,2019-05-20,,TOWER 13 第 13 座,18/F,B,,4554000,,價單第3A號 (A)付款方法 / Payment Plan (A) of the Price List No. 3A • 建築期付款計劃 (照售價減 4.5%)(見備註 / See Remark 7(a)(i)) Stage Payment Plan (4.5% discount on the Price)(見備註 / See Remark 7(a)(i)),
2019-05-13,2019-05-20,,TOWER 13 第 13 座,18/F,C,,4429000,,價單第3A號 (B)付款方法 / Payment Plan (B) of the Price List No. 3A • 105 天即供優惠付款計劃 (照售價減 7.5%)(見備註 / See Remark 7(a)(ii)) 105-day Cash Payment Plan (7.5% discount on the Price)(見備註 / See Remark 7(a)(ii)),
2019-05-13,2019-05-20,,TOWER 13 第 13 座,19/F,B,,4439000,,價單第3A號 (B)付款方法 / Payment Plan (B) of the Price List No. 3A • 105 天即供優惠付款計劃 (照售價減 7.5%)(見備註 / See Remark 7(a)(ii)) 105-day Cash Payment Plan (7.5% discount on the Price)(見備註 / See Remark 7(a)(ii)),
2019-05-13,2019-05-20,,TOWER 13 第 13 座,19/F,C,,4457000,,價單第3A號 (B)付款方法 / Payment Plan (B) of the Price List No. 3A • 105 天即供優惠付款計劃 (照售價減 7.5%)(見備註 / See Remark 7(a)(ii)) 105-day Cash Payment Plan (7.5% discount on the Price)(見備註 / See Remark 7(a)(ii)),
2019-05-13,2019-05-20,,TOWER 13 第 13 座,20/F & R/F,B,,5173000,,價單第3A號 (B)付款方法 / Payment Plan (B) of the Price List No. 3A • 105 天即供優惠付款計劃 (照售價減 7.5%)(見備註 / See Remark 7(a)(ii)) 105-day Cash Payment Plan (7.5% discount on the Price)(見備註 / See Remark 7(a)(ii)),
2019-05-13,2019-05-20,,TOWER 13 第 13 座,20/F & R/F,C,,5282000,,價單第3A號 (A)付款方法 / Payment Plan (A) of the Price List No. 3A • 建築期付款計劃 (照售價減 4.5%)(見備註 / See Remark 7(a)(i)) Stage Payment Plan (4.5% discount on the Price)(見備註 / See Remark 7(a)(i)),
2019-05-14,2019-05-21,,TOWER 9 第 9 座,15/F,F,,9742000,,價單第3A號 (C)付款方法 / Payment Plan (C) of the Price List No. 3A • 105 天一按付款計劃 (I) (照售價減 6%)(見備註 / See Remark 7(a)(iii)) 105-day First Mortgage Loan Payment Plan (I) (6% discount on the Price)(見備註 / See Remark 7(a)(iii)),
2019-05-14,2019-05-21,2020-09-15,TOWER 10 第 10 座,7/F,A,,10845000,,價單第2號 (A)付款方法 / Payment Plan (A) of the Price List No. 2 • 建築期付款計劃 (照售價減 4.5%)(見備註 / See Remark 7(a)(i)) Stage Payment Plan (4.5% discount on the Price)(見備註 / See Remark 7(a)(i)),
2019-05-17,2019-05-24,,TOWER 9 第 9 座,20/F & R/F,F,,11596000,,價單第3A號 (B)付款方法 / Payment Plan (B) of the Price List No. 3A • 105 天即供優惠付款計劃 (照售價減 7.5%)(見備註 / See Remark 7(a)(ii)) 105-day Cash Payment Plan (7.5% discount on the Price)(見備註 / See Remark 7(a)(ii)),
2019-05-18,2019-05-24,,TOWER 6 第 6 座,9/F,G,,15059000,,價單第2號 (A)付款方法 / Payment Plan (A) of the Price List No. 2 • 建築期付款計劃 (照售價減 4.5%)(見備註 / See Remark 7(a)(i)) Stage Payment Plan (4.5% discount on the Price)(見備註 / See Remark 7(a)(i)) • 認購一個住客停車位的權利 Option to Purchase of one Residential Parking Space,
2019-05-18,,,TOWER 7 第 7 座,6/F,D,,14843000,,價單第1A號 (A)付款方法 / Payment Plan (A) of the Price List No. 1A • 建築期付款計劃 (照售價減 4.5%)(見備註 / See Remark 7(a)(i)) Stage Payment Plan (4.5% discount on the Price)(見備註 / See Remark 7(a)(i)) • 認購一個住客停車位的權利 Option to Purchase of one Residential Parking Space,
2019-05-19,2019-05-24,,TOWER 5 第 5 座,G/F,D,,19443000,,價單第2號 (B)付款方法 / Payment Plan (B) of the Price List No. 2 • 105 天即供優惠付款計劃 (照售價減 7.5%)(見備註 / See Remark 7(a)(ii)) 105-day Cash Payment Plan (7.5% discount on the Price)(見備註 / See Remark 7(a)(ii)) • 認購一個住客停車位的權利 Option to Purchase of one Residential Parking Space,
2019-05-19,2019-05-24,,TOWER 5 第 5 座,15/F,G,,9713000,,價單第3A號 (A)付款方法 / Payment Plan (A) of the Price List No. 3A • 建築期付款計劃 (照售價減 4.5%)(見備註 / See Remark 7(a)(i)) Stage Payment Plan (4.5% discount on the Price)(見備註 / See Remark 7(a)(i)),
2019-05-19,2019-05-24,,TOWER 9 第 9 座,9/F,E,,14990000,,價單第2號 (C)付款方法 / Payment Plan (C) of the Price List No. 2 • 105 天一按付款計劃 (I) (照售價減 6%)(見備註 / See Remark 7(a)(iii)) 105-day First Mortgage Loan Payment Plan (I) (6% discount on the Price)(見備註 / See Remark 7(a)(iii)) • 認購一個住客停車位的權利 Option to Purchase of one Residential Parking Space,
2019-05-19,2019-05-24,,TOWER 10 第 10 座,16/F,A,,11284000,,價單第3A號 (B)付款方法 / Payment Plan (B) of the Price List No. 3A • 105 天即供優惠付款計劃 (照售價減 7.5%)(見備註 / See Remark 7(a)(ii)) 105-day Cash Payment Plan (7.5% discount on the Price)(見備註 / See Remark 7(a)(ii)),
2019-05-21,2019-05-28,,TOWER 6 第 6 座,10/F,G,,14709000,,價單第2號 (B)付款方法 / Payment Plan (B) of the Price List No. 2 • 105 天即供優惠付款計劃 (照售價減 7.5%)(見備註 / See Remark 7(a)(ii)) 105-day Cash Payment Plan (7.5% discount on the Price)(見備註 / See Remark 7(a)(ii)) • 認購一個住客停車位的權利 Option to Purchase of one Residential Parking Space,
2019-05-23,2019-05-30,,TOWER 3 第 3 座,8/F,A,,18504000,,價單第3A號 (B)付款方法 / Payment Plan (B) of the Price List No. 3A • 105 天即供優惠付款計劃 (照售價減 7.5%)(見備註 / See Remark 7(a)(ii)) 105-day Cash Payment Plan (7.5% discount on the Price)(見備註 / See Remark 7(a)(ii)) • 認購一個住客停車位的權利 Option to Purchase of one Residential Parking Space,
2019-05-25,2019-05-31,,TOWER 6 第 6 座,2/F,A,,13738000,,價單第1A號 (C)付款方法 / Payment Plan (C) of the Price List No. 1A • 105 天一按付款計劃 (I) (照售價減 6%)(見備註 / See Remark 7(a)(iii)) 105-day First Mortgage Loan Payment Plan (I) (6% discount on the Price)(見備註 / See Remark 7(a)(iii)) • 認購一個住客停車位的權利 Option to Purchase of one Residential Parking Space,
2019-05-25,2019-05-31,,TOWER 9 第 9 座,12/F,J,,15213000,,價單第3A號 (B)付款方法 / Payment Plan (B) of the Price List No. 3A • 105 天即供優惠付款計劃 (照售價減 7.5%)(見備註 / See Remark 7(a)(ii)) 105-day Cash Payment Plan (7.5% discount on the Price)(見備註 / See Remark 7(a)(ii)) • 認購一個住客停車位的權利 Option to Purchase of one Residential Parking Space,
2019-05-26,2019-05-31,2019-10-11,TOWER 6 第 6 座,15/F,F,,9197000,,價單第3A號 (C)付款方法 / Payment Plan (C) of the Price List No. 3A • 105 天一按付款計劃 (I) (照售價減 6%)(見備註 / See Remark 7(a)(iii)) 105-day First Mortgage Loan Payment Plan (I) (6% discount on the Price)(見備註 / See Remark 7(a)(iii)),
2019-05-26,,,TOWER 9 第 9 座,19/F,H,,10267000,,價單第3A號 (A)付款方法 / Payment Plan (A) of the Price List No. 3A • 建築期付款計劃 (照售價減 4.5%)(見備註 / See Remark 7(a)(i)) Stage Payment Plan (4.5% discount on the Price)(見備註 / See Remark 7(a)(i)),
2019-05-26,2019-05-31,,TOWER 9 第 9 座,20/F & R/F,H,,12034000,,價單第3A號 (C)付款方法 / Payment Plan (C) of the Price List No. 3A • 105 天一按付款計劃 (I) (照售價減 6%)(見備註 / See Remark 7(a)(iii)) 105-day First Mortgage Loan Payment Plan (I) (6% discount on the Price)(見備註 / See Remark 7(a)(iii)),
2019-05-26,2019-05-31,,TOWER 12 第 12 座,8/F,F,,8652000,,價單第3A號 (B)付款方法 / Payment Plan (B) of the Price List No. 3A • 105 天即供優惠付款計劃 (照售價減 7.5%)(見備註 / See Remark 7(a)(ii)) 105-day Cash Payment Plan (7.5% discount on the Price)(見備註 / See Remark 7(a)(ii)),
2019-05-27,2019-06-03,,TOWER 6 第 6 座,12/F,G,,15440000,,價單第2號 (A)付款方法 / Payment Plan (A) of the Price List No. 2 • 建築期付款計劃 (照售價減 4.5%)(見備註 / See Remark 7(a)(i)) Stage Payment Plan (4.5% discount on the Price)(見備註 / See Remark 7(a)(i)) • 認購一個住客停車位的權利 Option to Purchase of one Residential Parking Space,
2019-05-27,2019-06-03,,TOWER 6 第 6 座,16/F,F,,9121000,,價單第3A號 (B)付款方法 / Payment Plan (B) of the Price List No. 3A • 105 天即供優惠付款計劃 (照售價減 7.5%)(見備註 / See Remark 7(a)(ii)) 105-day Cash Payment Plan (7.5% discount on the Price)(見備註 / See Remark 7(a)(ii)),
2019-05-27,2019-06-03,,TOWER 9 第 9 座,7/F,J,,14553000,,價單第2號 (B)付款方法 / Payment Plan (B) of the Price List No. 2 • 105 天即供優惠付款計劃 (照售價減 7.5%)(見備註 / See Remark 7(a)(ii)) 105-day Cash Payment Plan (7.5% discount on the Price)(見備註 / See Remark 7(a)(ii)) • 認購一個住客停車位的權利 Option to Purchase of one Residential Parking Space,
2019-05-27,2019-06-03,,TOWER 9 第 9 座,12/F,E,,15556000,,價單第3A號 (C)付款方法 / Payment Plan (C) of the Price List No. 3A • 105 天一按付款計劃 (I) (照售價減 6%)(見備註 / See Remark 7(a)(iii)) 105-day First Mortgage Loan Payment Plan (I) (6% discount on the Price)(見備註 / See Remark 7(a)(iii)) • 認購一個住客停車位的權利 Option to Purchase of one Residential Parking Space,
2019-05-27,2019-06-03,,TOWER 9 第 9 座,19/F,F,,9880000,,價單第3A號 (B)付款方法 / Payment Plan (B) of the Price List No. 3A • 105 天即供優惠付款計劃 (照售價減 7.5%)(見備註 / See Remark 7(a)(ii)) 105-day Cash Payment Plan (7.5% discount on the Price)(見備註 / See Remark 7(a)(ii)),
2019-05-27,2019-06-03,,TOWER 10 第 10 座,7/F,K,,11650000,,價單第2號 (C)付款方法 / Payment Plan (C) of the Price List No. 2 • 105 天一按付款計劃 (I) (照售價減 6%)(見備註 / See Remark 7(a)(iii)) 105-day First Mortgage Loan Payment Plan (I) (6% discount on the Price)(見備註 / See Remark 7(a)(iii)),
2019-05-27,2019-06-03,,TOWER 12 第 12 座,9/F,F,,8859000,,價單第3A號 (C)付款方法 / Payment Plan (C) of the Price List No. 3A • 105 天一按付款計劃 (I) (照售價減 6%)(見備註 / See Remark 7(a)(iii)) 105-day First Mortgage Loan Payment Plan (I) (6% discount on the Price)(見備註 / See Remark 7(a)(iii)),
2019-05-28,2019-06-04,,TOWER 9 第 9 座,15/F,E,,15930000,,價單第3A號 (A)付款方法 / Payment Plan (A) of the Price List No. 3A • 建築期付款計劃 (照售價減 4.5%)(見備註 / See Remark 7(a)(i)) Stage Payment Plan (4.5% discount on the Price)(見備註 / See Remark 7(a)(i)) • 認購一個住客停車位的權利 Option to Purchase of one Residential Parking Space,
2019-05-29,2019-06-05,,TOWER 12 第 12 座,10/F,F,,8787000,,價單第3A號 (B)付款方法 / Payment Plan (B) of the Price List No. 3A • 105 天即供優惠付款計劃 (照售價減 7.5%)(見備註 / See Remark 7(a)(ii)) 105-day Cash Payment Plan (7.5% discount on the Price)(見備註 / See Remark 7(a)(ii)),
2019-05-30,2019-06-06,,TOWER 6 第 6 座,G/F,A,,16368000,,價單第2號 (A)付款方法 / Payment Plan (A) of the Price List No. 2 • 建築期付款計劃 (照售價減 4.5%)(見備註 / See Remark 7(a)(i)) Stage Payment Plan (4.5% discount on the Price)(見備註 / See Remark 7(a)(i)) • 認購一個住客停車位的權利 Option to Purchase of one Residential Parking Space,
2019-05-30,2019-06-06,,TOWER 6 第 6 座,11/F,G,,15073000,,價單第2號 (C)付款方法 / Payment Plan (C) of the Price List No. 2 • 105 天一按付款計劃 (I) (照售價減 6%)(見備註 / See Remark 7(a)(iii)) 105-day First Mortgage Loan Payment Plan (I) (6% discount on the Price)(見備註 / See Remark 7(a)(iii)) • 認購一個住客停車位的權利 Option to Purchase of one Residential Parking Space,
2019-05-30,2019-06-06,,TOWER 9 第 9 座,6/F,E,,14384000,,價單第2號 (B)付款方法 / Payment Plan (B) of the Price List No. 2 • 105 天即供優惠付款計劃 (照售價減 7.5%)(見備註 / See Remark 7(a)(ii)) 105-day Cash Payment Plan (7.5% discount on the Price)(見備註 / See Remark 7(a)(ii)) • 認購一個住客停車位的權利 Option to Purchase of one Residential Parking Space,
2019-05-30,2019-06-06,,TOWER 9 第 9 座,10/F,J,,14921000,,價單第2號 (B)付款方法 / Payment Plan (B) of the Price List No. 2 • 105 天即供優惠付款計劃 (照售價減 7.5%)(見備註 / See Remark 7(a)(ii)) 105-day Cash Payment Plan (7.5% discount on the Price)(見備註 / See Remark 7(a)(ii)) • 認購一個住客停車位的權利 Option to Purchase of one Residential Parking Space,
2019-05-30,2019-06-06,,TOWER 10 第 10 座,8/F,J,,12075000,,價單第2號 (A)付款方法 / Payment Plan (A) of the Price List No. 2 • 建築期付款計劃 (照售價減 4.5%)(見備註 / See Remark 7(a)(i)) Stage Payment Plan (4.5% discount on the Price)(見備註 / See Remark 7(a)(i)),
2019-05-31,2019-06-10,,TOWER 2 第 2 座,9/F,C,,14635000,,價單第2號 (B)付款方法 / Payment Plan (B) of the Price List No. 2 • 105 天即供優惠付款計劃 (照售價減 7.5%)(見備註 / See Remark 7(a)(ii)) 105-day Cash Payment Plan (7.5% discount on the Price)(見備註 / See Remark 7(a)(ii)),
2019-05-31,2019-06-10,,TOWER 9 第 9 座,15/F,J,,15336000,,價單第3A號 (B)付款方法 / Payment Plan (B) of the Price List No. 3A • 105 天即供優惠付款計劃 (照售價減 7.5%)(見備註 / See Remark 7(a)(ii)) 105-day Cash Payment Plan (7.5% discount on the Price)(見備註 / See Remark 7(a)(ii)) • 認購一個住客停車位的權利 Option to Purchase of one Residential Parking Space,
2019-05-31,2019-06-10,,TOWER 10 第 10 座,9/F,J,,12168000,,價單第2號 (A)付款方法 / Payment Plan (A) of the Price List No. 2 • 建築期付款計劃 (照售價減 4.5%)(見備註 / See Remark 7(a)(i)) Stage Payment Plan (4.5% discount on the Price)(見備註 / See Remark 7(a)(i)),
2019-05-31,2019-06-10,,TOWER 11 第 11 座,11/F,A,,8516000,,價單第3A號 (B)付款方法 / Payment Plan (B) of the Price List No. 3A • 105 天即供優惠付款計劃 (照售價減 7.5%)(見備註 / See Remark 7(a)(ii)) 105-day Cash Payment Plan (7.5% discount on the Price)(見備註 / See Remark 7(a)(ii)),
2019-06-01,,,TOWER 5 第 5 座,1/F,E,,14285000,,價單第1B號 (B) 付款方法 / Payment Plan (B) of the Price List No. 1B • 105 天即供優惠付款計劃 (照售價減 6%) (見備註 / See Remark 7(a)(ii)) 105-day Cash Payment Plan (6% discount on the Price) (見備註 / See Remark 7(a)(ii)) • 認購一個住客停車位的權利 Option to Purchase of one Residential Parking Space,
2019-06-02,2019-06-10,2020-08-20,TOWER 7 第 7 座,2/F,E,,15322000,,價單第1B號 (A) 付款方法 / Payment Plan (A) of the Price List No. 1B • 建築期付款計劃 (照售價減 3%) (見備註 / See Remark 7(a)(i)) Stage Payment Plan (3% discount on the Price) (見備註 / See Remark 7(a)(i)) • 認購一個住客停車位的權利 Option to Purchase of one Residential Parking Space,
2019-06-03,,,TOWER 5 第 5 座,1/F,D,,14176000,,價單第1B號 (B) 付款方法 / Payment Plan (B) of the Price List No. 1B • 105 天即供優惠付款計劃 (照售價減 6%) (見備註 / See Remark 7(a)(ii)) 105-day Cash Payment Plan (6% discount on the Price) (見備註 / See Remark 7(a)(ii)) • 認購一個住客停車位的權利 Option to Purchase of one Residential Parking Space,
2019-06-03,2019-06-11,,TOWER 9 第 9 座,11/F,J,,15924000,,價單第2A號 (A) 付款方法 / Payment Plan (A) of the Price List No. 2A • 建築期付款計劃 (照售價減 3%) (見備註 / See Remark 7(a)(i)) Stage Payment Plan (3% discount on the Price) (見備註 / See Remark 7(a)(i)) • 認購一個住客停車位的權利 Option to Purchase of one Residential Parking Space,
2019-06-04,2019-06-12,,TOWER 2 第 2 座,11/F,B,,13558000,,價單第3B號 (A) 付款方法 / Payment Plan (A) of the Price List No. 3B • 建築期付款計劃 (照售價減 3%) (見備註 / See Remark 7(a)(i)) Stage Payment Plan (3% discount on the Price) (見備註 / See Remark 7(a)(i)),
2019-06-09,2019-06-14,,TOWER 9 第 9 座,16/F,F,,9931000,,價單第3B號 (B) 付款方法 / Payment Plan (B) of the Price List No. 3B • 105 天即供優惠付款計劃 (照售價減 6%) (見備註 / See Remark 7(a)(ii)) 105-day Cash Payment Plan (6% discount on the Price) (見備註 / See Remark 7(a)(ii)),
2019-06-10,2019-06-17,,TOWER 10 第 10 座,20/F & R/F,F,,8315000,,價單第3B號 (B) 付款方法 / Payment Plan (B) of the Price List No. 3B • 105 天即供優惠付款計劃 (照售價減 6%) (見備註 / See Remark 7(a)(ii)) 105-day Cash Payment Plan (6% discount on the Price) (見備註 / See Remark 7(a)(ii)),
2019-06-11,2019-06-18,,TOWER 6 第 6 座,19/F,G,,16015000,,招標文件第4A號 支付辦法乙 / Payment Plan (B) of the Tender Document No. 4A ．105 天即供優惠付款計劃 105-day Cash Payment Plan (見備註/See Remark 7A(a)(ii)) ．認購一個住客停車位的權利 Option to Purchase of one Residential Parking Space,
2019-06-11,2019-06-18,,TOWER 7 第 7 座,G/F,D,,19136000,,招標文件第4A號 支付辦法甲 / Payment Plan (A) of the Tender Document No. 4A ．建築期付款計劃 Stage Payment Plan (見備註/See Remark 7A(a)(i)) ．認購一個住客停車位的權利 Option to Purchase of one Residential Parking Space,
2019-06-11,2019-06-18,,TOWER 7 第 7 座,16/F,G,,15808000,,招標文件第4A號 支付辦法乙 / Payment Plan (B) of the Tender Document No. 4A ．105 天即供優惠付款計劃 105-day Cash Payment Plan (見備註/See Remark 7A(a)(ii)) ．認購一個住客停車位的權利 Option to Purchase of one Residential Parking Space,
2019-06-11,2019-06-18,,TOWER 10 第 10 座,G/F,K,,13378000,,招標文件第4A號 支付辦法甲 / Payment Plan (A) of the Tender Document No. 4A ．建築期付款計劃 Stage Payment Plan (見備註/See Remark 7A(a)(i)),
2019-06-11,2019-06-18,,TOWER 10 第 10 座,G/F,L,,6488000,,招標文件第4A號 支付辦法甲 / Payment Plan (A) of the Tender Document No. 4A ．建築期付款計劃 Stage Payment Plan (見備註/See Remark 7A(a)(i)),
2019-06-11,2019-06-18,,TOWER 10 第 10 座,G/F,M,,5820000,,招標文件第4A號 支付辦法甲 / Payment Plan (A) of the Tender Document No. 4A ．建築期付款計劃 Stage Payment Plan (見備註/See Remark 7A(a)(i)) 招標文件第4A號 支付辦法乙 / Payment Plan (B) of the Tender Document No. 4A ．105 天即供優惠付款計劃 105-day Cash Payment Plan (見備註/See Remark 7A(a)(ii)),
2019-06-11,2019-06-18,,TOWER 10 第 10 座,G/F,P,,5255000,,招標文件第4A號 支付辦法乙 / Payment Plan (B) of the Tender Document No. 4A ．105 天即供優惠付款計劃 105-day Cash Payment Plan (見備註/See Remark 7A(a)(ii)),
2019-06-13,2019-06-20,,TOWER 10 第 10 座,G/F,G,,7122000,,招標文件第4A號 支付辦法乙 / Payment Plan (B) of the Tender Document No. 4A ．105 天即供優惠付款計劃 105-day Cash Payment Plan (見備註/See Remark 7A(a)(ii)),
2019-06-14,2019-06-21,,TOWER 10 第 10 座,G/F,N,,6000000,,招標文件第4A號 支付辦法甲 / Payment Plan (A) of the Tender Document No. 4A ．建築期付款計劃 Stage Payment Plan (見備註/See Remark 7A(a)(i)),
2019-06-16,2019-06-21,,TOWER 5 第 5 座,8/F,E,,15045000,,價單第2A號 (B) 付款方法 / Payment Plan (B) of the Price List No. 2A • 105 天即供優惠付款計劃 (照售價減 6%) (見備註 / See Remark 7(a)(ii)) 105-day Cash Payment Plan (6% discount on the Price) (見備註 / See Remark 7(a)(ii)) • 認購一個住客停車位的權利 Option to Purchase of one Residential Parking Space,
2019-06-18,2019-06-25,,TOWER 7 第 7 座,17/F,F,,9454000,,價單第3B號 (D )付款方法 / Payment Plan (D) of the Price List No. 3B • 105 天一按付款計劃 (II) (照售價減 6%) (見備註 / See Remark 7(a)(iv)) 105-day First Mortgage Loan Payment Plan (II) (6% discount on the Price) (見備註 / See Remark 7(a)(iv)),
2019-06-18,2019-06-25,,TOWER 9 第 9 座,15/F,A,,15814000,,價單第3B號 (C) 付款方法 / Payment Plan (C) of the Price List No. 3B • 105 天一按付款計劃 (I) (照售價減 4.5%) (見備註 / See Remark 7(a)(iii)) 105-day First Mortgage Loan Payment Plan (I) (4.5% discount on the Price) (見備註 / See Remark 7(a)(iii)) • 認購一個住客停車位的權利 Option to Purchase of one Residential Parking Space,
2019-06-29,,,TOWER 9 第 9 座,19/F,B,,10590000,"在07-08-2019，基於法例 第35(2)(b) 條所容許的原 因， 售價更改為 $10,263,000。On07-08- 2019, the price adjusted to$10,263,000 due to the reason allowed under section 35(2)(b) of the Ordinance.","價單第3B號 (A) 付款方法 / Payment Plan (A) of the Price List No. 3B • 建築期付款計劃 (照售價減 3%) (見備註 / See Remark 7(a)(i)) Stage Payment Plan (3% discount on the Price) (見備註 / See Remark 7(a)(i)) 在07-08-2019，支付條款更改為 On07-08-2019,the terms of payment adjusted to 價單第3B號 (B) 付款方法 / Payment Plan (B) of the Price List No. 3B • 105 天即供優惠付款計劃 (照售價減 6%) (見備註 / See Remark 7(a)(ii)) 105-day Cash Payment Plan (6% discount on the Price) (見備註 / See Remark 7(a)(ii))",
2019-07-01,2019-07-08,,TOWER 5 第 5 座,9/F,E,,15159000,,價單第2A號 (B) 付款方法 / Payment Plan (B) of the Price List No. 2A • 105 天即供優惠付款計劃 (照售價減 6%) (見備註 / See Remark 7(a)(ii)) 105-day Cash Payment Plan (6% discount on the Price) (見備註 / See Remark 7(a)(ii)) • 認購一個住客停車位的權利 Option to Purchase of one Residential Parking Space,
2019-07-03,2019-07-10,,TOWER 3 第 3 座,3/F,B,,9585000,,價單第3B號 (C) 付款方法 / Payment Plan (C) of the Price List No. 3B • 105 天一按付款計劃 (I) (照售價減 4.5%) (見備註 / See Remark 7(a)(iii)) 105-day First Mortgage Loan Payment Plan (I) (4.5% discount on the Price) (見備註 / See Remark 7(a)(iii)),
2019-07-04,2019-07-11,,TOWER 6 第 6 座,18/F,F,,9801000,,價單第3B號 (A) 付款方法 / Payment Plan (A) of the Price List No. 3B • 建築期付款計劃 (照售價減 3%) (見備註 / See Remark 7(a)(i)) Stage Payment Plan (3% discount on the Price) (見備註 / See Remark 7(a)(i)),
2019-07-06,2019-07-12,,TOWER 2 第 2 座,12/F,B,,13240000,,價單第3B號 (B) 付款方法 / Payment Plan (B) of the Price List No. 3B • 105 天即供優惠付款計劃 (照售價減 6%) (見備註 / See Remark 7(a)(ii)) 105-day Cash Payment Plan (6% discount on the Price) (見備註 / See Remark 7(a)(ii)),
2019-07-06,2019-07-12,,TOWER 10 第 10 座,6/F,J,,12099000,,價單第2A號 (B) 付款方法 / Payment Plan (B) of the Price List No. 2A • 105 天即供優惠付款計劃 (照售價減 6%) (見備註 / See Remark 7(a)(ii)) 105-day Cash Payment Plan (6% discount on the Price) (見備註 / See Remark 7(a)(ii)),
2019-07-08,2019-07-15,,TOWER 2 第 2 座,"17/F, 18/F & R/F (Duple x)",D,,54900000,,招標文件第4C號 支付辦法乙 / Payment Plan (B) of the Tender Document No. 4C ．105 天即供優惠付款計劃 105-day Cash Payment Plan (見備註/See Remark 7A(a)(ii)) ．認購兩個住客停車位的權利 Option to Purchase of two Residential Parking Spaces,
2019-07-08,2019-07-15,,TOWER 5 第 5 座,20/F & R/F,C,,5318000,,招標文件第4C號 支付辦法乙 / Payment Plan (B) of the Tender Document No. 4C ．105 天即供優惠付款計劃 105-day Cash Payment Plan (見備註/See Remark 7A(a)(ii)),
2019-07-08,2019-07-15,,TOWER 10 第 10 座,G/F,J,,11886000,,招標文件第4C號 支付辦法乙 / Payment Plan (B) of the Tender Document No. 4C ．105 天即供優惠付款計劃 105-day Cash Payment Plan (見備註/See Remark 7A(a)(ii)),
2019-07-09,2019-07-16,,TOWER 10 第 10 座,G/F,A,,12569460,,招標文件第4C號 支付辦法甲 / Payment Plan (A) of the Tender Document No. 4C ．建築期付款計劃 Stage Payment Plan (見備註/See Remark 7A(a)(i)),
2019-07-11,2019-07-18,,TOWER 9 第 9 座,17/F,F,,10006000,,價單第3B號 (B) 付款方法 / Payment Plan (B) of the Price List No. 3B • 105 天即供優惠付款計劃 (照售價減 6%) (見備註 / See Remark 7(a)(ii)) 105-day Cash Payment Plan (6% discount on the Price) (見備註 / See Remark 7(a)(ii)),
2019-07-19,2019-07-26,,TOWER 6 第 6 座,17/F,F,,9421000,,價單第3B號 (B) 付款方法 / Payment Plan (B) of the Price List No. 3B • 105 天即供優惠付款計劃 (照售價減 6%) (見備註 / See Remark 7(a)(ii)) 105-day Cash Payment Plan (6% discount on the Price) (見備註 / See Remark 7(a)(ii)),
2019-07-22,2019-07-29,,TOWER 6 第 6 座,19/F,F,,9563000,,價單第3B號 (B) 付款方法 / Payment Plan (B) of the Price List No. 3B • 105 天即供優惠付款計劃 (照售價減 6%) (見備註 / See Remark 7(a)(ii)) 105-day Cash Payment Plan (6% discount on the Price) (見備註 / See Remark 7(a)(ii)),
2019-07-24,2019-07-31,,TOWER 7 第 7 座,12/F,E,,16518000,,價單第2A號 (A) 付款方法 / Payment Plan (A) of the Price List No. 2A • 建築期付款計劃 (照售價減 3%) (見備註 / See Remark 7(a)(i)) Stage Payment Plan (3% discount on the Price) (見備註 / See Remark 7(a)(i)) • 認購一個住客停車位的權利 Option to Purchase of one Residential Parking Space,
2019-07-26,2019-08-05,,TOWER 6 第 6 座,6/F,D,,14840000,,價單第1B號 (C) 付款方法 / Payment Plan (C) of the Price List No. 1B • 105 天一按付款計劃 (I) (照售價減 4.5%) (見備註 / See Remark 7(a)(iii)) 105-day First Mortgage Loan Payment Plan (I) (4.5% discount on the Price) (見備註 / See Remark 7(a)(iii)) • 認購一個住客停車位的權利 Option to Purchase of one Residential Parking Space,
2019-07-26,2019-08-05,,TOWER 9 第 9 座,19/F,H,,10428000,,價單第3B號 (A) 付款方法 / Payment Plan (A) of the Price List No. 3B • 建築期付款計劃 (照售價減 3%) (見備註 / See Remark 7(a)(i)) Stage Payment Plan (3% discount on the Price) (見備註 / See Remark 7(a)(i)),
2019-07-27,2019-08-05,,TOWER 1 第 1 座,8/F,B,,10633000,,價單第2A號 (B) 付款方法 / Payment Plan (B) of the Price List No. 2A • 105 天即供優惠付款計劃 (照售價減 6%) (見備註 / See Remark 7(a)(ii)) 105-day Cash Payment Plan (6% discount on the Price) (見備註 / See Remark 7(a)(ii)),
2019-07-27,2019-08-05,,TOWER 1 第 1 座,9/F,B,,10712000,,價單第2A號 (B) 付款方法 / Payment Plan (B) of the Price List No. 2A • 105 天即供優惠付款計劃 (照售價減 6%) (見備註 / See Remark 7(a)(ii)) 105-day Cash Payment Plan (6% discount on the Price) (見備註 / See Remark 7(a)(ii)),
2019-07-27,2019-08-05,,TOWER 3 第 3 座,8/F,B,,9736000,,價單第3B號 (B) 付款方法 / Payment Plan (B) of the Price List No. 3B • 105 天即供優惠付款計劃 (照售價減 6%) (見備註 / See Remark 7(a)(ii)) 105-day Cash Payment Plan (6% discount on the Price) (見備註 / See Remark 7(a)(ii)),
2019-07-27,2019-08-05,,TOWER 9 第 9 座,6/F,A,,14693000,,價單第2A號 (B) 付款方法 / Payment Plan (B) of the Price List No. 2A • 105 天即供優惠付款計劃 (照售價減 6%) (見備註 / See Remark 7(a)(ii)) 105-day Cash Payment Plan (6% discount on the Price) (見備註 / See Remark 7(a)(ii)) • 認購一個住客停車位的權利 Option to Purchase of one Residential Parking Space,
2019-07-27,2019-08-05,,TOWER 10 第 10 座,15/F,K,,13047000,,價單第3B號 (A) 付款方法 / Payment Plan (A) of the Price List No. 3B • 建築期付款計劃 (照售價減 3%) (見備註 / See Remark 7(a)(i)) Stage Payment Plan (3% discount on the Price) (見備註 / See Remark 7(a)(i)),
2019-07-27,2019-08-05,,TOWER 12 第 12 座,12/F,F,,9181000,,價單第3B號 (B) 付款方法 / Payment Plan (B) of the Price List No. 3B • 105 天即供優惠付款計劃 (照售價減 6%) (見備註 / See Remark 7(a)(ii)) 105-day Cash Payment Plan (6% discount on the Price) (見備註 / See Remark 7(a)(ii)),
2019-07-28,2019-08-05,,TOWER 5 第 5 座,15/F,F,,9343000,"在30-10-2019，基於法例 第35(2)(b) 條所容許的原 因， 售價更改為 $9,641,000。On 30-10- 2019, the price adjusted to $9,641,000 due to the reason allowed under section 35(2)(b) of the Ordinance.","價單第3B號 (B) 付款方法 / Payment Plan (B) of the Price List No. 3B • 105 天即供優惠付款計劃 (照售價減 6%) (見備註 / See Remark 7(a)(ii)) 105- day Cash Payment Plan (6% discount on the Price) (見備註 / See Remark 7(a)(ii)) 在30-10-2019，支付條款更改為 On 30-10-2019,the terms of payment adjusted to 價單第3B號 (B) 付款方法 / Payment Plan (B) of the Price List No. 3B • 建築期付款計劃 (照售價減 3%) (見備註 / See Remark 7(a)(i)) Stage Payment Plan (3% discount on the Price) (見備註 / See Remark 7(a)(i))",
2019-07-31,2019-08-07,,TOWER 7 第 7 座,10/F,E,,15748000,,價單第2A號 (B) 付款方法 / Payment Plan (B) of the Price List No. 2A • 105 天即供優惠付款計劃 (照售價減 6%) (見備註 / See Remark 7(a)(ii)) 105-day Cash Payment Plan (6% discount on the Price) (見備註 / See Remark 7(a)(ii)) • 認購一個住客停車位的權利 Option to Purchase of one Residential Parking Space,
2019-08-01,2019-08-08,,TOWER 2 第 2 座,17/F,B,,13560000,,價單第3B號 (B) 付款方法 / Payment Plan (B) of the Price List No. 3B • 105 天即供優惠付款計劃 (照售價減 6%) (見備註 / See Remark 7(a)(ii)) 105-day Cash Payment Plan (6% discount on the Price) (見備註 / See Remark 7(a)(ii)),
2019-08-01,2019-08-08,,TOWER 5 第 5 座,12/F,E,,15534000,,價單第2A號 (B) 付款方法 / Payment Plan (B) of the Price List No. 2A • 105 天即供優惠付款計劃 (照售價減 6%) (見備註 / See Remark 7(a)(ii)) 105-day Cash Payment Plan (6% discount on the Price) (見備註 / See Remark 7(a)(ii)) • 認購一個住客停車位的權利 Option to Purchase of one Residential Parking Space,
2019-08-03,2019-08-09,,TOWER 5 第 5 座,10/F,E,,15284000,,價單第2A號 (B) 付款方法 / Payment Plan (B) of the Price List No. 2A • 105 天即供優惠付款計劃 (照售價減 6%) (見備註 / See Remark 7(a)(ii)) 105-day Cash Payment Plan (6% discount on the Price) (見備註 / See Remark 7(a)(ii)) • 認購一個住客停車位的權利 Option to Purchase of one Residential Parking Space,
2019-08-03,2019-08-09,,TOWER 9 第 9 座,18/F,F,,10461000,,價單第3B號 (A) 付款方法 / Payment Plan (A) of the Price List No. 3B • 建築期付款計劃 (照售價減 3%) (見備註 / See Remark 7(a)(i)) Stage Payment Plan (3% discount on the Price) (見備註 / See Remark 7(a)(i)),
2019-08-03,2019-08-09,,TOWER 10 第 10 座,1/F,J,,11448000,,價單第1B號 (A) 付款方法 / Payment Plan (A) of the Price List No. 1B • 建築期付款計劃 (照售價減 3%) (見備註 / See Remark 7(a)(i)) Stage Payment Plan (3% discount on the Price) (見備註 / See Remark 7(a)(i)),
2019-08-03,2019-08-09,,TOWER 10 第 10 座,10/F,B,,11300000,,價單第2A號 (C) 付款方法 / Payment Plan (C) of the Price List No. 2A • 105 天一按付款計劃 (I) (照售價減 4.5%) (見備註 / See Remark 7(a)(iii)) 105-day First Mortgage Loan Payment Plan (I) (4.5% discount on the Price) (見備註 / See Remark 7(a)(iii)),
2019-08-11,2019-08-16,,TOWER 10 第 10 座,11/F,J,,12593000,,價單第2A號 (B) 付款方法 / Payment Plan (B) of the Price List No. 2A • 105 天即供優惠付款計劃 (照售價減 6%) (見備註 / See Remark 7(a)(ii)) 105-day Cash Payment Plan (6% discount on the Price) (見備註 / See Remark 7(a)(ii)),
2019-08-12,2019-08-19,,TOWER 6 第 6 座,16/F,E,,15852160,,招標文件第4A號 支付辦法乙 / Payment Plan (B) of the Tender Document No. 4A ．105 天即供優惠付款計劃 105-day Cash Payment Plan (見備註/See Remark 7A(a)(ii)) ．認購一個住客停車位的權利 Option to Purchase of one Residential Parking Space,
2019-08-22,2019-08-29,,TOWER 5 第 5 座,16/F,G,,9720000,,價單第3B號 (B) 付款方法 / Payment Plan (B) of the Price List No. 3B • 105 天即供優惠付款計劃 (照售價減 6%) (見備註 / See Remark 7(a)(ii)) 105-day Cash Payment Plan (6% discount on the Price) (見備註 / See Remark 7(a)(ii)),
2019-08-24,2019-08-30,,TOWER 5 第 5 座,5/F,D,,14468000,,價單第1B號 (B) 付款方法 / Payment Plan (B) of the Price List No. 1B • 105 天即供優惠付款計劃 (照售價減 6%) (見備註 / See Remark 7(a)(ii)) 105-day Cash Payment Plan (6% discount on the Price) (見備註 / See Remark 7(a)(ii)) • 認購一個住客停車位的權利 Option to Purchase of one Residential Parking Space,
2019-08-24,2019-08-30,,TOWER 11 第 11 座,20/F & R/F,A,,10664000,,價單第3B號 (B) 付款方法 / Payment Plan (B) of the Price List No. 3B • 105 天即供優惠付款計劃 (照售價減 6%) (見備註 / See Remark 7(a)(ii)) 105-day Cash Payment Plan (6% discount on the Price) (見備註 / See Remark 7(a)(ii)),
2019-09-09,2019-09-16,,TOWER 12 第 12 座,20/F & R/F,B,,5186000,"在14-11-2019，基 於法例 第 35(2)(b)條所容許 的原因， 售價更改 為 $5,269,000。 On14-11-2019, the price adjusted to $5,269,000 due to the reason allowed under section 35(2)(b) of the Ordinance.","招標文件第4D號 支付辦法乙 / Payment Plan (B) of the Tender Document No. 4D ．105 天即供優惠付款計劃 105-day Cash Payment Plan (見備註/See Remark 7A(a)(ii)) 在14-11-2019，支付條款更改為 On 14-11-2019,the terms of payment adjusted to 招標文件第4D號 支付辦法丙 / Payment Plan (C) of the Tender Document No. 4D ．105 天一按付款計劃 (I) 105-day First Mortgage Loan Payment Plan (I) (見備註/See Remarks 7A(a)(iii), 7A(b)(i)a)",
2019-09-20,2019-09-27,,TOWER 10 第 10 座,G/F,F,,7121000,,招標文件第4D號 支付辦法乙 / Payment Plan (B) of the Tender Document No. 4D ．105 天即供優惠付款計劃 105-day Cash Payment Plan (見備註/See Remark 7A(a)(ii)),
2019-09-27,2019-10-08,,TOWER 5 第 5 座,20/F & R/F,B,,5366000,,招標文件第4D號 支付辦法乙 / Payment Plan (B) of the Tender Document No. 4D ．105 天即供優惠付款計劃 105-day Cash Payment Plan (見備註/See Remark 7A(a)(ii)),
2019-10-15,2019-10-22,,TOWER 5 第 5 座,3/F,D,,14343000,,價單第1B號 (B) 付款方法 / Payment Plan (B) of the Price List No. 1B • 105 天即供優惠付款計劃 (照售價減 6%) (見備註 / See Remark 7(a)(ii)) 105-day Cash Payment Plan (6% discount on the Price) (見備註 / See Remark 7(a)(ii)) • 認購一個住客停車位的權利 Option to Purchase of one Residential Parking Space,
2019-11-05,2019-11-12,,TOWER 10 第 10 座,7/F,J,,12587000,,價單第2B號 (A) 付款方法 / Payment Plan (A) of the Price List No. 2B • 建築期付款計劃 (照售價減 3%) (見備註 / See Remark 7(a)(i)) Stage Payment Plan (3% discount on the Price) (見備註 / See Remark 7(a)(i)),
2019-11-08,2019-11-15,,TOWER 7 第 7 座,18/F,F,,9530000,,價單第3C號 (B) 付款方法 / Payment Plan (B) of the Price List No. 3C • 105 天即供優惠付款計劃 (照售價減 6%) (見備註 / See Remark 7(a)(ii)) 105-day Cash Payment Plan (6% discount on the Price) (見備註 / See Remark 7(a)(ii)),
2019-12-09,2019-12-16,,TOWER 9 第 9 座,G/F,E,,16766000,,招標文件第5A號 支付辦法乙 / Payment Plan (B) of the Tender Document No.5A ．105 天即供優惠付款計劃 105-day Cash Payment Plan (見備註/See Remark 7A(a)(ii)) ．優先認購一個住客停車位權 Priority to Purchase of one Residential Parking Space,
2019-12-27,2020-01-06,,TOWER 7 第 7 座,15/F,E,,16652000,,招標文件第5號 支付辦法甲 / Payment Plan (A) of the Tender Document No.5 ．建築期付款計劃 Stage Payment Plan (見備註/See Remark 7A(a)(i)) ．優先認購一個住客停車位權 Priority to Purchase of one Residential Parking Space,
2020-03-02,2020-03-09,,TOWER 12 第 12 座,G/F,G,,19039000,,招標文件第5號 支付辦法乙 / Payment Plan (B) of the Tender Document No.5 ．105 天即供優惠付款計劃 105-day Cash Payment Plan (見備註/See Remark 7A(a)(ii)) ．優先認購一個住客停車位權 Priority to Purchase of one Residential Parking Space,
2020-04-04,2020-04-14,,TOWER 6 第 6 座,1/F,G,,14151000,,價單第1D號 (B) 付款方法 / Payment Plan (B) of the Price List No. 1D • 105 天即供優惠付款計劃 (照售價減 6%) (見備註 / See Remark 7(a)(ii)) 105-day Cash Payment Plan (6% discount on the Price) (見備註 / See Remark 7(a)(ii)) • 優先認購一個住客停車位權 Priority to Purchase of one Residential Parking Space,
2020-04-28,2020-05-07,,TOWER 7 第 7 座,8/F,E,,15488000,,招標文件第5號 支付辦法乙 / Payment Plan (B) of the Tender Document No. 5 ．105 天即供優惠付款計劃 105-day Cash Payment Plan (見備註/See Remark 7A(a)(ii)) ．優先認購一個住客停車位權 Priority to Purchase of one Residential Parking Space,
2020-04-28,2020-05-07,,TOWER 10 第 10 座,12/F,J,,12895000,,"價單第2D號 (C) 付款方法 / Payment Plan (C) of the Price List No. 2D • 105 天一按付款計劃 (I) (照售價減 4.5%) (見備註 7(a)(iii), 7(b)(i)a) 105-day First Mortgage Loan Payment Plan (I) (4.5% discount on the Price) (See Remarks 7(a)(iii), 7(b)(i)a)",
2020-04-30,2020-05-08,,TOWER 12 第 12 座,11/F,F,,9110000,,價單第3E號 (B) 付款方法 / Payment Plan (B) of the Price List No. 3E • 105 天即供優惠付款計劃 (照售價減 6%) (見備註 7(a)(ii)) 105- day Cash Payment Plan (6% discount on the Price) (See Remark 7(a)(ii)),
2020-05-01,2020-05-08,,TOWER 2 第 2 座,1/F,B,,12231000,,"價單第3E號 (C) 付款方法 / Payment Plan (C) of the Price List No. 3E • 105 天一按付款計劃 (I) (照售價減 4.5%) (見備註 7(a)(iii), 7(b)(i)a) 105-day First Mortgage Loan Payment Plan (I) (4.5% discount on the Price) (See Remark 7(a)(iii), 7(b)(i)a)",
2020-05-07,2020-05-14,,TOWER 9 第 9 座,18/F,C,,10238000,,價單第3E號 (B) 付款方法 / Payment Plan (B) of the Price List No. 3E • 105 天即供優惠付款計劃 (照售價減 6%) (見備註 7(a)(ii)) 105- day Cash Payment Plan (6% discount on the Price) (See Remark 7(a)(ii)),
2020-05-11,2020-05-18,,TOWER 6 第 6 座,20/F & R/F,B,,5220000,,招標文件第5C號 支付辦法乙 / Payment Plan (B) of the Tender Document No. 5C ．105 天即供優惠付款計劃 105-day Cash Payment Plan (見備註/See Remark 7A(a)(ii)),
2020-05-11,2020-05-18,,TOWER 7 第 7 座,20/F & R/F,B,,5220000,,招標文件第5C號 支付辦法乙 / Payment Plan (B) of the Tender Document No. 5C ．105 天即供優惠付款計劃 105-day Cash Payment Plan (見備註/See Remark 7A(a)(ii)),
2020-05-18,2020-05-25,,TOWER 6 第 6 座,20/F & R/F,C,,5510000,,招標文件第 5C 號 支付辦法甲 / Payment Plan (A) of the Tender Document No. 5C ．105 天付款計劃 105-day Payment Plan (見備註/See Remark 7A(a)(v)),
2020-05-18,2020-05-25,,TOWER 7 第 7 座,20/F & R/F,C,,5429888,,招標文件第 5C 號 支付辦法甲 / Payment Plan (A) of the Tender Document No. 5C ．105 天付款計劃 105-day Payment Plan (見備註/See Remark 7A(a)(v)),
2020-05-19,2020-05-26,,TOWER 7 第 7 座,2/F,D,,14812000,,"價單第1E號 付款方法 (F) / Payment Plan (F) of the Price List No. 1E • 105 天一按付款計劃 (I) (照售價減 4.5%) 105-day First Mortgage Loan Payment Plan (I) (4.5% discount on the Price) (見 備註/See Remarks 7(a)(vi), 7(b)(iii)) • 優先認購一個住客停車位權 Priority to Purchase of one Residential Parking Space",
2020-05-24,2020-05-29,,TOWER 1 第 1 座,6/F,B,,10622000,,"價單第2E號 付款方法 (F) / Payment Plan (F) of the Price List No. 2E • 105 天一按付款計劃 (I) (照售價減 4.5%) 105-day First Mortgage Loan Payment Plan (I) (4.5% discount on the Price) (見 備註/See Remarks 7(a)(vi), 7(b)(iii))",
2020-06-03,2020-06-10,,TOWER 11 第 11 座,12/F,G,,8958000,,價單第3F號 付款方法 (E) / Payment Plan (E) of the Price List No. 3F • 105 天付款計劃 (照售價減 6%) 105-day Payment Plan (6% discount on the Price) (見備註/See Remark 7(a)(v)),
2020-06-15,2020-06-22,,TOWER 7 第 7 座,17/F,G,,16189160,,"招標文件第 5 號 支付辦法乙 Payment Plan (B) of the Tender Document No. 5 ．105 天一按付款計劃 (I) 105-day First Mortgage Loan Payment Plan (I) (見備註/See Remarks 7A(a)(vi), 7A(b)(iii)) ．優先認購一個住客停車位權 Priority to Purchase of one Residential Parking Space",
2020-06-25,,,TOWER 2 第 2 座,11/F,A,,28170000,,價單第3F號 付款方法 (E) / Payment Plan (E) of the Price List No. 3F • 105 天付款計劃 (照售價減 6%) 105-day Payment Plan (6% discount on the Price) (見備註/See Remark 7(a)(v)) • 優先認購兩個住客停車位權 Priority to Purchase of two Residential Parking Spaces,
2020-06-26,2020-07-06,,TOWER 10 第 10 座,G/F,B,,13238300,,"招標文件第 6 號 支付辦法乙 Payment Plan (B) of the Tender Document No. 6 ．105 天一按付款計劃 (I) 105-day First Mortgage Loan Payment Plan (I) (見備註/See Remarks 7A(a)(vi), 7A(b)(iii))",
2020-06-26,2020-07-06,,TOWER 11 第 11 座,G/F,D,,20003000,,招標文件第 6 號 支付辦法甲 / Payment Plan (A) of the Tender Document No. 6 ．105 天付款計劃 105-day Payment Plan (見備註/See Remark 7A(a)(v)) ．優先認購一個住客停車位權 Priority to Purchase of one Residential Parking Space,
2020-06-26,2020-07-06,,TOWER 13 第 13 座,11/F,E,,9847000,,價單第2E號 付款方法 (E) / Payment Plan (E) of the Price List No. 2E • 105 天付款計劃 (照售價減 6%) 105-day Payment Plan (6% discount on the Price) (見備註/See Remark 7(a)(v)),
2020-06-28,2020-07-06,,TOWER 6 第 6 座,15/F,F,,9421000,,價單第3F號 付款方法 (E) / Payment Plan (E) of the Price List No. 3F • 105 天付款計劃 (照售價減 6%) 105-day Payment Plan (6% discount on the Price) (見備註/See Remark 7(a)(v)),
2020-07-01,2020-07-08,,TOWER 13 第 13 座,12/F,F,,9607000,,價單第3F號 付款方法 (E) / Payment Plan (E) of the Price List No. 3F • 105 天付款計劃 (照售價減 6%) 105-day Payment Plan (6% discount on the Price) (見備註/See Remark 7(a)(v)),
2020-07-02,2020-07-09,,TOWER 7 第 7 座,G/F,A,,16548700,,招標文件第 6 號 支付辦法甲 / Payment Plan (A) of the Tender Document No. 6 ．105 天付款計劃 105-day Payment Plan (見備註/See Remark 7A(a)(v)) ．優先認購一個住客停車位權 Priority to Purchase of one Residential Parking Space,
2020-07-11,2020-07-17,,TOWER 9 第 9 座,18/F,B,,10188000,,價單第3F號 付款方法 (E) / Payment Plan (E) of the Price List No. 3F • 105 天付款計劃 (照售價減 6%) 105-day Payment Plan (6% discount on the Price) (見備註/See Remark 7(a)(v)),
2020-07-12,2020-07-17,,TOWER 9 第 9 座,15/F,G,,9399000,,價單第3F號 付款方法 (E) / Payment Plan (E) of the Price List No. 3F • 105 天付款計劃 (照售價減 6%) 105-day Payment Plan (6% discount on the Price) (見備註/See Remark 7(a)(v)),
2020-07-13,2020-07-20,,TOWER 8 第 8 座,G/F,F,,16669000,,招標文件第 6.2 號 支付辦法甲 / Payment Plan (A) of the Tender Document No. 6.2 ．105 天付款計劃 105-day Payment Plan (見備註/See Remark 7A(a)(v)) ．優先認購一個住客停車位權 Priority to Purchase of one Residential Parking Space,
2020-07-14,2020-07-21,,TOWER 7 第 7 座,11/F,E,,15878000,,價單第2E號 付款方法 (E) / Payment Plan (E) of the Price List No. 2E • 105 天付款計劃 (照售價減 6%) 105-day Payment Plan (6% discount on the Price) (見備註/See Remark 7(a)(v)) • 優先認購一個住客停車位權 Priority to Purchase of one Residential Parking Space,
2020-07-16,2020-07-23,,TOWER 10 第 10 座,G/F,H,,7410000,,招標文件第 6 號 支付辦法甲 / Payment Plan (A) of the Tender Document No. 6 ．105 天付款計劃 105-day Payment Plan (見備註/See Remark 7A(a)(v)),
2020-07-22,2020-07-29,,TOWER 8 第 8 座,G/F,A,,17652000,,招標文件第 6.2 號 支付辦法甲 / Payment Plan (A) of the Tender Document No. 6.2 ．105 天付款計劃 105-day Payment Plan (見備註/See Remark 7A(a)(v)) ．優先認購一個住客停車位權 Priority to Purchase of one Residential Parking Space,
2020-07-23,2020-07-30,,TOWER 10 第 10 座,19/F,J,,13340000,,招標文件第 6 號 支付辦法甲 / Payment Plan (A) of the Tender Document No. 6 ．105 天付款計劃 105-day Payment Plan (見備註/See Remark 7A(a)(v)),
2020-07-24,2020-07-31,,TOWER 8 第 8 座,G/F,B,,18835000,,"招標文件第 6.3 號 支付辦法甲 / Payment Plan (A) of the Tender Document No. 6.3 ．105 天付款計劃 105-day Payment Plan (見備註/See Remark 7A(a)(v)) ．優先認購一個住客停車位權 Priority to Purchase of one Residential Parking Space 招標文件第 6.3 號 支付辦法乙 Payment Plan (B) of the Tender Document No. 6.3 ．105 天一按付款計劃 (I) 105-day First Mortgage Loan Payment Plan (I) (見備註/See Remarks 7A(a)(vi), 7A(b)(iii))",
2020-07-24,2020-07-31,,TOWER 10 第 10 座,20/F & R/F,J,,15746000,,招標文件第 6 號 支付辦法甲 / Payment Plan (A) of the Tender Document No. 6 ．105 天付款計劃 105-day Payment Plan (見備註/See Remark 7A(a)(v)),
2020-07-31,2020-08-07,,TOWER 3 第 3 座,18/F & R/F,A,,23490600,,招標文件第 6.4 號 支付辦法甲 / Payment Plan (A) of the Tender Document No. 6.4 ．105 天付款計劃 105-day Payment Plan (見備註/See Remark 7A(a)(v)) ．優先認購一個住客停車位權 Priority to Purchase of one Residential Parking Space,
2020-07-31,2020-08-07,,TOWER 9 第 9 座,G/F,A,,17963400,,招標文件第 6.4 號 支付辦法甲 / Payment Plan (A) of the Tender Document No. 6.4 ．105 天付款計劃 105-day Payment Plan (見備註/See Remark 7A(a)(v)) ．優先認購一個住客停車位權 Priority to Purchase of one Residential Parking Space,
2020-08-19,2020-08-26,,TOWER 9 第 9 座,8/F,A,,15191000,,"價單第2E號 付款方法 (F) / Payment Plan (F) of the Price List No. 2E • 105 天一按付款計劃 (I) (照售價減 4.5%) 105-day First Mortgage Loan Payment Plan (I) (4.5% discount on the Price) (見 備註/See Remarks 7(a)(vi), 7(b)(iii)) • 優先認購一個住客停車位權 Priority to Purchase of one Residential Parking Space",
2020-08-29,2020-09-04,,TOWER 10 第 10 座,11/F,B,,11210000,,價單第2E號 付款方法 (E) / Payment Plan (E) of the Price List No. 2E • 105 天付款計劃 (照售價減 6%) 105-day Payment Plan (6% discount on the Price) (見備註/See Remark 7(a)(v)),
2020-09-04,2020-09-11,,TOWER 9 第 9 座,G/F,D,,17963000,,招標文件第 6.5 號 支付辦法甲 / Payment Plan (A) of the Tender Document No. 6.5 ．105 天付款計劃 105-day Payment Plan (見備註/See Remark 7A(a)(v)) ．優先認購一個住客停車位權 Priority to Purchase of one Residential Parking Space,
2020-09-04,2020-09-11,,TOWER 10 第 10 座,G/F,E,,7614000,,招標文件第 6.5 號 支付辦法甲 / Payment Plan (A) of the Tender Document No. 6.5 ．105 天付款計劃 105-day Payment Plan (見備註/See Remark 7A(a)(v)),
2020-09-12,2020-09-18,,TOWER 9 第 9 座,12/F,C,,9820000,,價單第3G號 付款方法 (E) / Payment Plan (E) of the Price List No. 3G • 105 天付款計劃 (照售價減 6%) 105-day Payment Plan (6% discount on the Price) (見備註/See Remark 7(a)(v)),
2020-09-21,2020-09-28,,TOWER 13 第 13 座,G/F,F,,7974000,,招標文件第 6.6 號 支付辦法甲 / Payment Plan (A) of the Tender Document No. 6.6 ．105 天付款計劃 105-day Payment Plan (見備註/See Remark 7A(a)(v)),
2020-09-24,2020-10-05,,TOWER 13 第 13 座,8/F,E,,9652000,,價單第2F號 付款方法 (E) / Payment Plan (E) of the Price List No. 2F • 105 天付款計劃 (照售價減 6%) 105-day Payment Plan (6% discount on the Price) (見備註/See Remark 7(a)(v)),
2020-10-05,2020-10-12,,TOWER 3 第 3 座,7/F,B,,9660000,,價單第3G號 付款方法 (E) / Payment Plan (E) of the Price List No. 3G • 105 天付款計劃 (照售價減 6%) 105-day Payment Plan (6% discount on the Price) (見備註/See Remark 7(a)(v)),
2020-10-05,2020-10-12,,TOWER 9 第 9 座,12/F,B,,9768000,,價單第3G號 付款方法 (E) / Payment Plan (E) of the Price List No. 3G • 105 天付款計劃 (照售價減 6%) 105-day Payment Plan (6% discount on the Price) (見備註/See Remark 7(a)(v)),
2020-10-08,2020-10-15,,TOWER 9 第 9 座,18/F,G,,9674000,,價單第3G號 付款方法 (E) / Payment Plan (E) of the Price List No. 3G • 105 天付款計劃 (照售價減 6%) 105-day Payment Plan (6% discount on the Price) (見備註/See Remark 7(a)(v)),
2020-10-18,2020-10-23,,TOWER 9 第 9 座,16/F,C,,9972000,,價單第3G號 付款方法 (E) / Payment Plan (E) of the Price List No. 3G • 105 天付款計劃 (照售價減 6%) 105-day Payment Plan (6% discount on the Price) (見備註/See Remark 7(a)(v)),
2020-10-24,2020-11-02,,TOWER 1 第 1 座,7/F,B,,10541000,,價單第2F號 付款方法 (E) / Payment Plan (E) of the Price List No. 2F • 105 天付款計劃 (照售價減 6%) 105-day Payment Plan (6% discount on the Price) (見備註/See Remark 7(a)(v)),
2020-10-24,2020-11-02,,TOWER 10 第 10 座,20/F & R/F,H,,8111000,,價單第3G號 付款方法 (E) / Payment Plan (E) of the Price List No. 3G • 105 天付款計劃 (照售價減 6%) 105-day Payment Plan (6% discount on the Price) (見備註/See Remark 7(a)(v)),
2020-10-25,2020-11-02,,TOWER 7 第 7 座,2/F,A,,14221000,,價單第1F號 付款方法 (E) / Payment Plan (E) of the Price List No. 1F • 105 天付款計劃 (照售價減 6%) 105-day Payment Plan (6% discount on the Price) (見備註/See Remark 7(a)(v)) • 優先認購一個住客停車位權 Priority to Purchase of one Residential Parking Space,
2020-10-27,,,TOWER 1 第 1 座,5/F,B,,10370000,,價單第2F號 付款方法 (E) / Payment Plan (E) of the Price List No. 2F • 105 天付款計劃 (照售價減 6%) 105-day Payment Plan (6% discount on the Price) (見備註/See Remark 7(a)(v)),
2020-10-28,2020-11-04,,TOWER 7 第 7 座,15/F,G,,15682000,,招標文件第 6 號 支付辦法甲 / Payment Plan (A) of the Tender Document No. 6 ．105 天付款計劃 105-day Payment Plan (見備註/See Remark 7A(a)(v)) ．優先認購一個住客停車位權 Priority to Purchase of one Residential Parking Space,
2020-10-28,2020-11-04,,TOWER 9 第 9 座,15/F,C,,9895000,,價單第3G號 付款方法 (E) / Payment Plan (E) of the Price List No. 3G • 105 天付款計劃 (照售價減 6%) 105-day Payment Plan (6% discount on the Price) (見備註/See Remark 7(a)(v)),
2020-10-29,2020-11-05,,TOWER 7 第 7 座,8/F,G,,15300000,,招標文件第 6.6 號 支付辦法甲 / Payment Plan (A) of the Tender Document No. 6.6 ．105 天付款計劃 105-day Payment Plan (見備註/See Remark 7A(a)(v)) ．優先認購一個住客停車位權 Priority to Purchase of one Residential Parking Space,
2020-10-29,2020-11-05,,TOWER 9 第 9 座,17/F,C,,10047000,,價單第3G號 付款方法 (E) / Payment Plan (E) of the Price List No. 3G • 105 天付款計劃 (照售價減 6%) 105-day Payment Plan (6% discount on the Price) (見備註/See Remark 7(a)(v)),
2020-10-29,2020-11-05,,TOWER 10 第 10 座,15/F,B,,11386000,,價單第3G號 付款方法 (E) / Payment Plan (E) of the Price List No. 3G • 105 天付款計劃 (照售價減 6%) 105-day Payment Plan (6% discount on the Price) (見備註/See Remark 7(a)(v)),
2020-11-07,2020-11-13,,TOWER 1 第 1 座,12/F,B,,10628000,,價單第4號 付款方法 (H) / Payment Plan (H) of the Price List No. 4 • 105 天付款計劃 (照售價減 10%) 105-day Payment Plan (10% discount on the Price) (見備註/See Remark 7(a)(viii)),
2020-11-07,2020-11-13,,TOWER 2 第 2 座,15/F,C,,14924000,,價單第4號 付款方法 (H) / Payment Plan (H) of the Price List No. 4 • 105 天付款計劃 (照售價減 10%) 105-day Payment Plan (10% discount on the Price) (見備註/See Remark 7(a)(viii)),
2020-11-07,2020-11-13,,TOWER 3 第 3 座,2/F,B,,8961000,,"價單第3H號 付款方法 (J) / Payment Plan (J) of the Price List No. 3H • 「720天先住後付」 (照售價減 10%) 720-day Occupation Before Completion (10% discount on the Price) (見備註/See Remarks 7(a)(x), (c))",
2020-11-07,2020-11-13,,TOWER 3 第 3 座,5/F,B,,9105000,,價單第3H號 付款方法 (H) / Payment Plan (H) of the Price List No. 3H • 105 天付款計劃 (照售價減 10%) 105-day Payment Plan (10% discount on the Price) (見備註/See Remark 7(a)(viii)),
2020-11-07,2020-11-13,,TOWER 6 第 6 座,G/F,F,,7654000,,價單第2G號 付款方法 (H) / Payment Plan (H) of the Price List No. 2G • 105 天付款計劃 (照售價減 10%) 105-day Payment Plan (10% discount on the Price) (見備註/See Remark 7(a)(viii)),
2020-11-07,2020-11-13,,TOWER 6 第 6 座,15/F,B,,4374000,,"價單第4號 付款方法 (J) / Payment Plan (J) of the Price List No. 4 • 「720天先住後付」 (照售價減 10%) 720-day Occupation Before Completion (10% discount on the Price) (見備註/See Remarks 7(a)(x), (c))",
2020-11-07,2020-11-13,,TOWER 6 第 6 座,15/F,C,,4374000,,價單第4號 付款方法 (H) / Payment Plan (H) of the Price List No. 4 • 105 天付款計劃 (照售價減 10%) 105-day Payment Plan (10% discount on the Price) (見備註/See Remark 7(a)(viii)),
2020-11-07,2020-11-13,,TOWER 9 第 9 座,16/F,B,,9075000,,"價單第3H號 付款方法 (H) / Payment Plan (H) of the Price List No. 3H • 105 天付款計劃 (照售價減 10%) 105-day Payment Plan (10% discount on the Price) (見備註/See Remark 7(a)(viii)) • 僱員、親屬、朋友或商業夥伴折扣優惠 (照售價減 4%) Employees, Relatives, Friends or Business Partners Discount Offer (4% discount on the Price) (見備註/See Remark 7(f))",
2020-11-07,2020-11-13,,TOWER 10 第 10 座,3/F,L,,5045000,,價單第1G號 付款方法 (H) / Payment Plan (H) of the Price List No. 1G • 105 天付款計劃 (照售價減 10%) 105-day Payment Plan (10% discount on the Price) (見備註/See Remark 7(a)(viii)),
2020-11-07,2020-11-13,,TOWER 10 第 10 座,6/F,L,,5120000,,價單第2G號 付款方法 (H) / Payment Plan (H) of the Price List No. 2G • 105 天付款計劃 (照售價減 10%) 105-day Payment Plan (10% discount on the Price) (見備註/See Remark 7(a)(viii)),
2020-11-07,2020-11-13,,TOWER 10 第 10 座,15/F,C,,6859000,,價單第3H號 付款方法 (H) / Payment Plan (H) of the Price List No. 3H • 105 天付款計劃 (照售價減 10%) 105-day Payment Plan (10% discount on the Price) (見備註/See Remark 7(a)(viii)),
2020-11-07,2020-11-13,,TOWER 11 第 11 座,3/F,C,,4089000,,價單第4號 付款方法 (H) / Payment Plan (H) of the Price List No. 4 • 105 天付款計劃 (照售價減 10%) 105-day Payment Plan (10% discount on the Price) (見備註/See Remark 7(a)(viii)),
2020-11-07,2020-11-13,,TOWER 12 第 12 座,G/F,F,,7908000,"在22-08-2022，基 於法例 第 35(2)(b)條所容許 的原因， 售價更改 為 $8,084,000.00。 On 22-08-2022, the price adjusted to $8,084,000.00 due to the reason allowed under section 35(2)(b) of the Ordinance.","價單第4號 付款方法 (J) / Payment Plan (J) of the Price List No. 4 • 「720天先住後付」 (照售價減 10%) 720-day Occupation Before Completion (10% discount on the Price) (見備註/See Remarks 7(a)(x), (c)) 在22-08-2022，支付條款更改為 On 22-08-2022,the terms of payment adjusted to 價單第4號 付款方法 (K) / Payment Plan (K) of the Price List No. 4 • 「1080天先住後付」 (照售價減 8%) 1080-day Occupation Before Completion (8% discount on the Price) (見備註/See Remarks 7(a)(xi), 7(c))",
2020-11-07,2020-11-13,,TOWER 13 第 13 座,3/F,B,,3996000,,價單第1G號 付款方法 (H) / Payment Plan (H) of the Price List No. 1G • 105 天付款計劃 (照售價減 10%) 105-day Payment Plan (10% discount on the Price) (見備註/See Remark 7(a)(viii)),
2020-11-13,2020-11-20,,TOWER 2 第 2 座,16/F,D,,29256000,,招標文件第 7 號 支付辦法(H)/ Payment Plan (H) of the Tender Document No. 7 ．105 天付款計劃 105-day Payment Plan (見備註/See Remark 7A(a)(viii)),
2020-11-14,2020-11-20,,TOWER 9 第 9 座,17/F,G,,9139000,,價單第3H號 付款方法 (H) / Payment Plan (H) of the Price List No. 3H • 105 天付款計劃 (照售價減 10%) 105-day Payment Plan (10% discount on the Price) (見備註/See Remark 7(a)(viii)),
2020-11-18,2020-11-25,,TOWER 9 第 9 座,G/F,H,,10602000,,價單第4號 付款方法 (H) / Payment Plan (H) of the Price List No. 4 • 105 天付款計劃 (照售價減 10%) 105-day Payment Plan (10% discount on the Price) (見備註/See Remark 7(a)(viii)),
2020-11-21,2020-11-27,,TOWER 9 第 9 座,7/F,H,,8930000,,價單第4號 付款方法 (H) / Payment Plan (H) of the Price List No. 4 • 105 天付款計劃 (照售價減 10%) 105-day Payment Plan (10% discount on the Price) (見備註/See Remark 7(a)(viii)),
2020-11-21,2020-11-27,,TOWER 9 第 9 座,17/F,B,,9603000,,價單第3H號 付款方法 (H) / Payment Plan (H) of the Price List No. 3H • 105 天付款計劃 (照售價減 10%) 105-day Payment Plan (10% discount on the Price) (見備註/See Remark 7(a)(viii)),
2020-11-23,2020-11-30,,TOWER 7 第 7 座,G/F,G,,17704000,,"價單第4號 付款方法 (J) / Payment Plan (J) of the Price List No. 4 • 「720天先住後付」 (照售價減 10%) 720-day Occupation Before Completion (10% discount on the Price) (見備註/See Remarks 7(a)(x), 7(c))",
2020-11-24,2020-12-01,,TOWER 10 第 10 座,12/F,B,,10817000,,價單第2H號 付款方法 (H) / Payment Plan (H) of the Price List No. 2H • 105 天付款計劃 (照售價減 10%) 105-day Payment Plan (10% discount on the Price) (見備註/See Remark 7(a)(viii)),
2020-11-25,2020-12-02,,TOWER 10 第 10 座,20/F & R/F,G,,7961000,,價單第3H號 付款方法 (H) / Payment Plan (H) of the Price List No. 3H • 105 天付款計劃 (照售價減 10%) 105-day Payment Plan (10% discount on the Price) (見備註/See Remark 7(a)(viii)),
2020-11-28,2020-12-04,,TOWER 3 第 3 座,10/F,B,,9465000,,價單第4號 付款方法 (H) / Payment Plan (H) of the Price List No. 4 • 105 天付款計劃 (照售價減 10%) 105-day Payment Plan (10% discount on the Price) (見備註/See Remark 7(a)(viii)),
2020-11-28,2020-12-04,,TOWER 7 第 7 座,G/F,F,,8613000,,價單第4號 付款方法 (H) / Payment Plan (H) of the Price List No. 4 • 105 天付款計劃 (照售價減 10%) 105-day Payment Plan (10% discount on the Price) (見備註/See Remark 7(a)(viii)),
2020-11-28,2020-12-04,,TOWER 9 第 9 座,2/F,D,,13711000,,價單第1G號 付款方法 (H) / Payment Plan (H) of the Price List No. 1G • 105 天付款計劃 (照售價減 10%) 105-day Payment Plan (10% discount on the Price) (見備註/See Remark 7(a)(viii)),
2020-12-07,2020-12-14,,TOWER 9 第 9 座,19/F,A,,15563000,,價單第4號 付款方法 (H) / Payment Plan (H) of the Price List No. 4 • 105 天付款計劃 (照售價減 10%) 105-day Payment Plan (10% discount on the Price) (見備註/See Remark 7(a)(viii)),
2020-12-11,2020-12-18,,TOWER 3 第 3 座,1/F,B,,8737000,,價單第3H號 付款方法 (H) / Payment Plan (H) of the Price List No. 3H • 105 天付款計劃 (照售價減 10%) 105-day Payment Plan (10% discount on the Price) (見備註/See Remark 7(a)(viii)),
2020-12-14,2020-12-21,,TOWER 11 第 11 座,G/F,E,,17500000,,"招標文件第 7 號 支付辦法(J)/ Payment Plan (J) of the Tender Document No. 7 ．「720天先住後付」付款計劃 720-day Occupation Before Completion (見備註/See Remark 7A(a)(x), 7A(d))",
2020-12-15,2020-12-22,,TOWER 3 第 3 座,9/F,B,,9393000,,價單第4號 付款方法 (H) / Payment Plan (H) of the Price List No. 4 • 105 天付款計劃 (照售價減 10%) 105-day Payment Plan (10% discount on the Price) (見備註/See Remark 7(a)(viii)),
2020-12-16,2020-12-23,,TOWER 9 第 9 座,16/F,E,,15315000,,"價單第4號 付款方法 (J) / Payment Plan (J) of the Price List No. 4 • 「720天先住後付」 (照售價減 10%) 720-day Occupation Before Completion (10% discount on the Price) (見備註/See Remarks 7(a)(x), 7(c))",
2020-12-16,2020-12-23,,TOWER 10 第 10 座,9/F,A,,10652000,,"價單第2H號 付款方法 (J) / Payment Plan (J) of the Price List No. 2H • 「720天先住後付」 (照售價減 10%) 720-day Occupation Before Completion (10% discount on the Price) (見備註/See Remarks 7(a)(x), 7(c))",
2020-12-24,2021-01-04,,TOWER 9 第 9 座,16/F,G,,9068000,,價單第3I號 付款方法 (H) / Payment Plan (H) of the Price List No. 3I • 105 天付款計劃 (照售價減 10%) 105-day Payment Plan (10% discount on the Price) (見備註/See Remark 7(a)(viii)),
2020-12-25,2021-01-04,,TOWER 9 第 9 座,16/F,J,,15133000,,價單第4B號 付款方法 (H) / Payment Plan (H) of the Price List No. 4B • 105 天付款計劃 (照售價減 10%) 105-day Payment Plan (10% discount on the Price) (見備註/See Remark 7(a)(viii)),
2020-12-28,2021-01-05,,TOWER 3 第 3 座,15/F,B,,9680000,,價單第4B號 付款方法 (H) / Payment Plan (H) of the Price List No. 4B • 105 天付款計劃 (照售價減 10%) 105-day Payment Plan (10% discount on the Price) (見備註/See Remark 7(a)(viii)),
2020-12-28,2021-01-05,,TOWER 9 第 9 座,15/F,B,,9425000,,"價單第3I號 付款方法 (J) / Payment Plan (J) of the Price List No. 3I • 「720天先住後付」 (照售價減 10%) 720-day Occupation Before Completion (10% discount on the Price) (見備註/See Remarks 7(a)(x), 7(c))",
2020-12-30,2021-01-07,,TOWER 11 第 11 座,G/F,A,,9506000,,"價單第4B號 付款方法 (J) / Payment Plan (J) of the Price List No. 4B • 「720天先住後付」 (照售價減 10%) 720-day Occupation Before Completion (10% discount on the Price) (見備註/See Remarks 7(a)(x), 7(c))",
2020-12-30,2021-01-07,,TOWER 11 第 11 座,15/F,G,,8642000,,價單第3I號 付款方法 (H) / Payment Plan (H) of the Price List No. 3I • 105 天付款計劃 (照售價減 10%) 105-day Payment Plan (10% discount on the Price) (見備註/See Remark 7(a)(viii)),
2021-01-01,2021-01-08,,TOWER 1 第 1 座,1/F,B,,9828000,,"價單第4B號 付款方法 (J) / Payment Plan (J) of the Price List No. 4B • 「720天先住後付」 (照售價減 10%) 720-day Occupation Before Completion (10% discount on the Price) (見備註/See Remarks 7(a)(x), 7(c))",
2021-01-02,2021-01-08,,TOWER 3 第 3 座,12/F,B,,9608000,,"價單第4B號 付款方法 (J) / Payment Plan (J) of the Price List No. 4B • 「720天先住後付」 (照售價減 10%) 720-day Occupation Before Completion (10% discount on the Price) (見備註/See Remarks 7(a)(x), 7(c))",
2021-01-17,2021-01-22,,TOWER 1 第 1 座,5/F,A,,19674000,,價單第2I號 付款方法 (H) / Payment Plan (H) of the Price List No. 2I • 105 天付款計劃 (照售價減 10%) 105-day Payment Plan (10% discount on the Price) (見備註/See Remark 7(a)(viii)),
2021-01-17,2021-01-22,,TOWER 2 第 2 座,1/F,A,,27710000,,價單第3I號 付款方法 (H) / Payment Plan (H) of the Price List No. 3I • 105 天付款計劃 (照售價減 10%) 105-day Payment Plan (10% discount on the Price) (見備註/See Remark 7(a)(viii)),
2021-01-20,2021-01-27,,TOWER 9 第 9 座,20/F & R/F,G,,10737000,,價單第3I號 付款方法 (H) / Payment Plan (H) of the Price List No. 3I • 105 天付款計劃 (照售價減 10%) 105-day Payment Plan (10% discount on the Price) (見備註/See Remark 7(a)(viii)),
2021-01-24,,,TOWER 11 第 11 座,12/F,A,,8525000,,價單第3I號 付款方法 (H) / Payment Plan (H) of the Price List No. 3I • 105 天付款計劃 (照售價減 10%) 105-day Payment Plan (10% discount on the Price) (見備註/See Remark 7(a)(viii)),
2021-01-27,2021-02-03,,TOWER 1 第 1 座,5/F,B,,10055000,,價單第2I號 付款方法 (H) / Payment Plan (H) of the Price List No. 2I • 105 天付款計劃 (照售價減 10%) 105-day Payment Plan (10% discount on the Price) (見備註/See Remark 7(a)(viii)),
2021-01-28,2021-02-04,,TOWER 2 第 2 座,10/F,A,,26217000,,招標文件第 7.1 號 支付辦法(H)/ Payment Plan (H) of the Tender Document No. 7.1 ．105 天付款計劃 105-day Payment Plan (見備註/See Remark 7A(a)(viii)),
2021-01-28,2021-02-04,,TOWER 3 第 3 座,16/F,B,,9752000,,價單第4B號 付款方法 (H) / Payment Plan (H) of the Price List No. 4B • 105 天付款計劃 (照售價減 10%) 105-day Payment Plan (10% discount on the Price) (見備註/See Remark 7(a)(viii)),
2021-01-31,2021-02-05,,TOWER 9 第 9 座,19/F,D,,15563000,,價單第4B號 付款方法 (H) / Payment Plan (H) of the Price List No. 4B • 105 天付款計劃 (照售價減 10%) 105-day Payment Plan (10% discount on the Price) (見備註/See Remark 7(a)(viii)),
2021-02-01,2021-02-08,,TOWER 8 第 8 座,19/F,A,,16313000,,招標文件第 7.7 號 支付辦法(H)/ Payment Plan (H) of the Tender Document No. 7.7 ．105 天付款計劃 105-day Payment Plan (見備註/See Remark 7A(a1)(i)),
2021-02-01,2021-02-08,,TOWER 9 第 9 座,G/F,F,,10661000,,"招標文件第 7.7 號 支付辦法(H)/ Payment Plan (H) of the Tender Document No. 7.7 ．105 天付款計劃 105-day Payment Plan (見備註/See Remark 7A(a1)(i)) 在03-03-2021，支付條款更改為 On 03-03-2021,the terms of payment adjusted to 招標文件第 7.7 號 支付辦法(J)/ Payment Plan (J) of the Tender Document No. 7.7 ．「720天先住後付」付款計劃 720-day Occupation Before Completion (見備註/See Remark 7A(a1)(iii), 7A(d1))",
2021-02-01,2021-02-08,,TOWER 9 第 9 座,20/F & R/F,B,,11890000,,招標文件第 7.7 號 支付辦法(H)/ Payment Plan (H) of the Tender Document No. 7.7 ．105 天付款計劃 105-day Payment Plan (見備註/See Remark 7A(a1)(i)),
2021-02-01,2021-02-08,,TOWER 13 第 13 座,19/F,F,,9714000,,價單第3J號 付款方法 (H) / Payment Plan (H) of the Price List No. 3J • 105 天付款計劃 (照售價減 8.5%) 105-day Payment Plan (8.5% discount on the Price) (見備註/See Remark 7(a1)(i)),
2021-02-05,2021-02-16,,TOWER 1 第 1 座,3/F,A,,19710000,,"價單第1I號 付款方法 (H) / Payment Plan (H) of the Price List No. 1I • 105 天付款計劃 (照售價減 8.5%) 105-day Payment Plan (8.5% discount on the Price) (見備註/See Remark 7(a1)(i)) 在02-03-2021，支付條款更改為 On 02-03-2021,the terms of payment adjusted to 價單第1I號 付款方法 (J) / Payment Plan (J) of the Price List No. 1I • 「720天先住後付」 (照售價減 8.5%) 720-day Occupation Before Completion (8.5% discount on the Price) (見備註/See Remarks 7(a1)(iii), 7(c1))",
2021-02-05,2021-02-16,,TOWER 3 第 3 座,17/F,B,,9988000,,價單第4C號 付款方法 (H) / Payment Plan (H) of the Price List No. 4C • 105 天付款計劃 (照售價減 8.5%) 105-day Payment Plan (8.5% discount on the Price) (見備註/See Remark 7(a1)(i)),
2021-02-06,2021-02-16,,TOWER 11 第 11 座,16/F,G,,8852000,,價單第3J號 付款方法 (H) / Payment Plan (H) of the Price List No. 3J • 105 天付款計劃 (照售價減 8.5%) 105-day Payment Plan (8.5% discount on the Price) (見備註/See Remark 7(a1)(i)),
2021-02-08,2021-02-17,,TOWER 11 第 11 座,G/F,G,,11148000,,招標文件第 7.8 號 支付辦法(H)/ Payment Plan (H) of the Tender Document No. 7.8 ．105 天付款計劃 105-day Payment Plan (見備註/See Remark 7A(a1)(i)),
2021-02-22,2021-03-01,,TOWER 1 第 1 座,8/F,A,,20515000,,招標文件第 7.9 號 支付辦法(H)/ Payment Plan (H) of the Tender Document No. 7.9 ．105 天付款計劃 105-day Payment Plan (見備註/See Remark 7A(a1)(i)),
2021-02-22,2021-03-01,,TOWER 10 第 10 座,17/F,B,,11255000,,價單第4C號 付款方法 (H) / Payment Plan (H) of the Price List No. 4C • 105 天付款計劃 (照售價減 8.5%) 105-day Payment Plan (8.5% discount on the Price) (見備註/See Remark 7(a1)(i)),
2021-02-22,2021-03-01,,TOWER 10 第 10 座,20/F & R/F,B,,13525000,,"價單第4C號 付款方法 (H) / Payment Plan (H) of the Price List No. 4C • 105 天付款計劃 (照售價減 8.5%) 105-day Payment Plan (8.5% discount on the Price) (見備註/See Remark 7(a1)(i)) 在24-03-2021，支付條款更改為 On 24-03-2021,the terms of payment adjusted to 價單第4C號 付款方法 (J) / Payment Plan (J) of the Price List No. 4C • 「720天先住後付」 (照售價減 8.5%) 720-day Occupation Before Completion (8.5% discount on the Price) (見備註/See Remarks 7(a1)(iii), 7(c1))",
2021-02-22,2021-03-01,,TOWER 13 第 13 座,17/F,F,,9569000,,"價單第3J號 付款方法 (H) / Payment Plan (H) of the Price List No. 3J • 105 天付款計劃 (照售價減 8.5%) 105-day Payment Plan (8.5% discount on the Price) (見備註/See Remark 7(a1)(i)) 在24-03-2021，支付條款更改為 On 24-03-2021,the terms of payment adjusted to 價單第3J號 付款方法 (J) / Payment Plan (J) of the Price List No. 3J • 「720天先住後付」 (照售價減 8.5%) 720-day Occupation Before Completion (8.5% discount on the Price) (見備註/See Remarks 7(a1)(iii), 7(c1))",
2021-02-25,2021-03-04,,TOWER 10 第 10 座,18/F,K,,12665000,,價單第4C號 付款方法 (H) / Payment Plan (H) of the Price List No. 4C • 105 天付款計劃 (照售價減 8.5%) 105-day Payment Plan (8.5% discount on the Price) (見備註/See Remark 7(a1)(i)),
2021-02-26,2021-03-05,,TOWER 7 第 7 座,20/F & R/F,F,,11149000,,"價單第4C號 付款方法 (H) / Payment Plan (H) of the Price List No. 4C - 105 天付款計劃 (照售價減 8.5%) 105-day Payment Plan (8.5% discount on the Price) (見備註/See Remark 7(a1)(i)) 在26-03-2021，支付條款更改為 On 26-03-2021, the terms of payment adjusted to 價單第4C號 付款方法 (J) / Payment Plan (J) of the Price List No. 4C - 「720天先住後付」 (照售價減 8.5%) 720-day Occupation Before Completion (8.5%",
2021-02-27,2021-03-05,,TOWER 10 第 10 座,18/F,B,,11593000,,"價單第4C號 付款方法 (I) / Payment Plan (I) of the Price List No. 4C • 105 天一按付款計劃 (照售價減 7%) 105-day First Mortgage Loan Payment Plan (7% discount on the Price) (見備註/See Remarks 7(a1)(ii), 7(g)))",
2021-02-27,2021-03-05,,TOWER 10 第 10 座,19/F,A,,11522000,,價單第4C號 付款方法 (H) / Payment Plan (H) of the Price List No. 4C • 105 天付款計劃 (照售價減 8.5%) 105-day Payment Plan (8.5% discount on the Price) (見備註/See Remark 7(a1)(i)),
2021-02-28,2021-03-05,,TOWER 5 第 5 座,6/F,D,,14204000,,價單第1I號 付款方法 (H) / Payment Plan (H) of the Price List No. 1I • 105 天付款計劃 (照售價減 8.5%) 105-day Payment Plan (8.5% discount on the Price) (見備註/See Remark 7(a1)(i)),
2021-02-28,2021-03-05,,TOWER 11 第 11 座,17/F,G,,8919000,,價單第3J號 付款方法 (H) / Payment Plan (H) of the Price List No. 3J • 105 天付款計劃 (照售價減 8.5%) 105-day Payment Plan (8.5% discount on the Price) (見備註/See Remark 7(a1)(i)),
2021-03-21,2021-03-26,,TOWER 5 第 5 座,17/F,F,,9486000,,價單第3L號 付款方法 (H) / Payment Plan (H) of the Price List No. 3L • 105 天付款計劃 (照售價減 6%) 105-day Payment Plan (6% discount on the Price) (見備註/See Remark 7(a1)(i)),
2021-03-23,2021-03-30,,TOWER 8 第 8 座,18/F,A,,16820000,,招標文件第 7.12 號 支付辦法(H)/ Payment Plan (H) of the Tender Document No. 7.12 ．105 天付款計劃 105-day Payment Plan (見備註/See Remark 7A(a1)(i)),
2021-03-27,2021-04-07,,TOWER 13 第 13 座,12/F,D,,9829000,,價單第3L號 付款方法 (H) / Payment Plan (H) of the Price List No. 3L • 105 天付款計劃 (照售價減 6%) 105-day Payment Plan (6% discount on the Price) (見備註/See Remark 7(a1)(i)),
2021-03-29,2021-04-08,,TOWER 8 第 8 座,12/F,C,,15613000,,"招標文件第 7.12 號 支付辦法(H)/ Payment Plan (H) of the Tender Document No. 7.12 ．105 天付款計劃 105-day Payment Plan (見備註/See Remark 7A(a1)(i)) 在26-04-2021，支付條款更改為 On 26-04-2021, the terms of payment adjusted to 招標文件第 7.12 號 支付辦法(J)/ Payment Plan (J) of the Tender Document No. 7.12 ．「720天先住後付」付款計劃 720-day Occupation Before Completion (見備註/See Remark 7A(a1)(iii), 7A(d1))",
2021-04-17,2021-04-23,,TOWER 11 第 11 座,15/F,A,,8970000,,價單第3L號 付款方法 (H) / Payment Plan (H) of the Price List No. 3L • 105 天付款計劃 (照售價減 6%) 105-day Payment Plan (6% discount on the Price) (見備註/See Remark 7(a1)(i)),
2021-04-20,2021-04-27,,TOWER 9 第 9 座,G/F,C,,14213000,,"招標文件第 7.14 號 支付辦法(H)/ Payment Plan (H) of the Tender Document No. 7.14 ．105 天付款計劃 105-day Payment Plan (見備註/See Remark 7A(a1)(i)) 在17-05-2021，支付條款更改為 On 17-05-2021, the terms of payment adjusted to 招標文件第 7.14 號 支付辦法(J)/ Payment Plan (J) of the Tender Document No. 7.14 ．「720天先住後付」付款計劃 720-day Occupation Before Completion (見備註/See Remark 7A(a1)(iii), 7A(d1))",
2021-04-27,2021-05-04,,TOWER 13 第 13 座,6/F,D,,9402000,,價單第2L號 付款方法 (H) / Payment Plan (H) of the Price List No. 2L • 105 天付款計劃 (照售價減 6%) 105-day Payment Plan (6% discount on the Price) (見備註/See Remark 7(a1)(i)),
2021-04-29,2021-05-06,,TOWER 12 第 12 座,17/F,F,,9393000,,價單第3L號 付款方法 (H) / Payment Plan (H) of the Price List No. 3L • 105 天付款計劃 (照售價減 6%) 105-day Payment Plan (6% discount on the Price) (見備註/See Remark 7(a1)(i)),
2021-04-30,2021-05-07,,TOWER 12 第 12 座,18/F,F,,9519000,,價單第3L號 付款方法 (H) / Payment Plan (H) of the Price List No. 3L • 105 天付款計劃 (照售價減 6%) 105-day Payment Plan (6% discount on the Price) (見備註/See Remark 7(a1)(i)),
2021-05-02,2021-05-07,,TOWER 13 第 13 座,12/F,E,,9924000,,價單第3L號 付款方法 (H) / Payment Plan (H) of the Price List No. 3L • 105 天付款計劃 (照售價減 6%) 105-day Payment Plan (6% discount on the Price) (見備註/See Remark 7(a1)(i)),
2021-05-05,2021-05-12,,TOWER 12 第 12 座,19/F,F,,9535000,,價單第3L號 付款方法 (H) / Payment Plan (H) of the Price List No. 3L • 105 天付款計劃 (照售價減 6%) 105-day Payment Plan (6% discount on the Price) (見備註/See Remark 7(a1)(i)),
2021-05-10,2021-05-17,,TOWER 7 第 7 座,2/F,E,,14848000,,招標文件第 7.15 號 支付辦法(H)/ Payment Plan (H) of the Tender Document No. 7.15 ．105 天付款計劃 105-day Payment Plan (見備註/See Remark 7A(a1)(i)),
2021-05-15,2021-05-24,,TOWER 13 第 13 座,16/F,F,,9756000,,"價單第3L號 付款方法 (H) / Payment Plan (H) of the Price List No. 3L • 105 天付款計劃 (照售價減 6%) 105-day Payment Plan (6% discount on the Price) (見備註/See Remark 7(a1)(i)) 在09-06-2021，支付條款更改為 On 09-06-2021,the terms of payment adjusted to 價單第3L號 付款方法 (J) / Payment Plan (J) of the Price List No. 3L • 「720天先住後付」 (照售價減 6%) 720-day Occupation Before Completion (6% discount on the Price) (見備註/See Remarks 7(a1)(iii), 7(c1))",
2021-05-16,2021-05-24,,TOWER 5 第 5 座,12/F,A,,9380000,,價單第2L號 付款方法 (H) / Payment Plan (H) of the Price List No. 2L • 105 天付款計劃 (照售價減 6%) 105-day Payment Plan (6% discount on the Price) (見備註/See Remark 7(a1)(i)),
2021-05-16,2021-05-24,,TOWER 5 第 5 座,18/F,F,,9563000,,價單第3L號 付款方法 (H) / Payment Plan (H) of the Price List No. 3L • 105 天付款計劃 (照售價減 6%) 105-day Payment Plan (6% discount on the Price) (見備註/See Remark 7(a1)(i)),
2021-05-17,2021-05-25,,TOWER 12 第 12 座,G/F,E,,17343000,,招標文件第 7.15 號 支付辦法(H)/ Payment Plan (H) of the Tender Document No. 7.15 ．105 天付款計劃 105-day Payment Plan (見備註/See Remark 7A(a1)(i)),
2021-06-01,2021-06-08,,TOWER 9 第 9 座,G/F,J,,15454000,,招標文件第 7.16 號 支付辦法(H)/ Payment Plan (H) of the Tender Document No. 7.16 ．105 天付款計劃 105-day Payment Plan (見備註/See Remark 7A(a1)(i)),
2021-06-04,2021-06-11,,TOWER 13 第 13 座,18/F,F,,9961000,,價單第3L號 付款方法 (H) / Payment Plan (H) of the Price List No. 3L • 105 天付款計劃 (照售價減 6%) 105-day Payment Plan (6% discount on the Price) (見備註/See Remark 7(a1)(i)),
2021-06-09,2021-06-17,,TOWER 5 第 5 座,19/F,F,,9628000,,"價單第3L號 付款方法 (H) / Payment Plan (H) of the Price List No. 3L • 105 天付款計劃 (照售價減 6%) 105-day Payment Plan (6% discount on the Price) (見備註/See Remark 7(a1)(i)) 在08-07-2021，支付條款更改為 On 08-07-2021,the terms of payment adjusted to 價單第3L號 付款方法 (J) / Payment Plan (J) of the Price List No. 3L • 「720天先住後付」 (照售價減 6%) 720-day Occupation Before Completion (6% discount on the Price) (見備註/See Remarks 7(a1)(iii), 7(c1))",
2021-06-11,2021-06-21,,TOWER 13 第 13 座,G/F,G,,17249000,,"招標文件第 7.16 號 支付辦法(H)/ Payment Plan (H) of the Tender Document No. 7.16 ．105 天付款計劃 105-day Payment Plan (見備註/See Remark 7A(a1)(i)) 在09-07-2021，支付條款更改為 On 09-07-2021, the terms of payment adjusted to 招標文件第 7.16 號 支付辦法(J)/ Payment Plan (J) of the Tender Document No. 7.16 ．「720天先住後付」付款計劃 720-day Occupation Before Completion (見備註/See Remark 7A(a1)(iii), 7A(d1))",
2021-06-13,2021-06-21,,TOWER 5 第 5 座,19/F,G,,9941000,,"價單第3L號 付款方法 (H) / Payment Plan (H) of the Price List No. 3L • 105 天付款計劃 (照售價減 6%) 105-day Payment Plan (6% discount on the Price) (見備註/See Remark 7(a1)(i)) 在30-08-2021, 支付條款更改為 On 30-08-2021, the terms of payment adjusted to 價單第3L號 付款方法 (J) / Payment Plan (J) of the Price List No. 3L • 「720天先住後付」 (照售價減 6%) 720-day Occupation Before Completion (6% discount on the Price) (見備註/See Remarks 7(a1)(iii), 7(c1))",
2021-06-16,2021-06-23,,TOWER 5 第 5 座,15/F,A,,9454000,,價單第3L號 付款方法 (H) / Payment Plan (H) of the Price List No. 3L • 105 天付款計劃 (照售價減 6%) 105-day Payment Plan (6% discount on the Price) (見備註/See Remark 7(a1)(i)),
2021-06-18,2021-06-25,,TOWER 7 第 7 座,18/F,G,,16711000,,"價單第4E號 付款方法 (H) / Payment Plan (H) of the Price List No. 4E • 105 天付款計劃 (照售價減 6%) 105-day Payment Plan (6% discount on the Price) (見備註/See Remark 7(a1)(i)) 在16-07-2021，支付條款更改為 On 16-07-2021,the terms of payment adjusted to 價單第4E號 付款方法 (J) / Payment Plan (J) of the Price List No. 4E • 「720天先住後付」 (照售價減 6%) 720-day Occupation Before Completion (6% discount on the Price) (見備註/See Remarks 7(a1)(iii), 7(c1))",
2021-06-21,2021-06-28,,TOWER 9 第 9 座,18/F,H,,10896000,,價單第4E號 付款方法 (H) / Payment Plan (H) of the Price List No. 4E • 105 天付款計劃 (照售價減 6%) 105-day Payment Plan (6% discount on the Price) (見備註/See Remark 7(a1)(i)),
2021-06-21,2021-06-28,,TOWER 10 第 10 座,11/F,A,,11304000,,價單第2L號 付款方法 (H) / Payment Plan (H) of the Price List No. 2L • 105 天付款計劃 (照售價減 6%) 105-day Payment Plan (6% discount on the Price) (見備註/See Remark 7(a1)(i)),
2021-06-23,2021-06-30,,TOWER 5 第 5 座,18/F,G,,9874000,,"價單第3L號 付款方法 (H) / Payment Plan (H) of the Price List No. 3L • 105 天付款計劃 (照售價減 6%) 105-day Payment Plan (6% discount on the Price) (見備註/See Remark 7(a1)(i)) 在23-07-2021，支付條款更改為 On 23-07-2021,the terms of payment adjusted to 價單第3L號 付款方法 (J) / Payment Plan (J) of the Price List No.3L • 「720天先住後付」 (照售價減 6%) 720-day Occupation Before Completion (6% discount on the Price) (見備註/See Remarks 7(a1)(iii), 7(c1))",
2021-06-24,2021-07-02,,TOWER 11 第 11 座,16/F,F,,9634000,,價單第3L號 付款方法 (H) / Payment Plan (H) of the Price List No. 3L • 105 天付款計劃 (照售價減 6%) 105-day Payment Plan (6% discount on the Price) (見備註/See Remark 7(a1)(i)),
2021-07-02,2021-07-09,,TOWER 6 第 6 座,2/F,F,,9557000,,價單第1L號 付款方法 (H) / Payment Plan (H) of the Price List No. 1L • 105 天付款計劃 (照售價減 6%) 105-day Payment Plan (6% discount on the Price) (見備註/See Remark 7(a1)(i)),
2021-07-02,2021-07-09,,TOWER 10 第 10 座,1/F,E,,7198000,,價單第1L號 付款方法 (H) / Payment Plan (H) of the Price List No. 1L • 105 天付款計劃 (照售價減 6%) 105-day Payment Plan (6% discount on the Price) (見備註/See Remark 7(a1)(i)),
2021-07-05,2021-07-12,,TOWER 2 第 2 座,3/F,C,,14492000,,價單第1L號 付款方法 (H) / Payment Plan (H) of the Price List No. 1L • 105 天付款計劃 (照售價減 6%) 105-day Payment Plan (6% discount on the Price) (見備註/See Remark 7(a1)(i)),
2021-07-06,2021-07-13,,TOWER 3 第 3 座,18/F & R/F,B,,11707000,,招標文件第8 號 支付辦法(H)/ Payment Plan (H) of the Tender Document No. 8 ．105 天付款計劃 105-day Payment Plan (見備註/See Remark 7A(a1)(i)),
2021-07-07,2021-07-14,,TOWER 13 第 13 座,11/F,D,,9753000,,價單第2L號 付款方法 (H) / Payment Plan (H) of the Price List No. 2L • 105 天付款計劃 (照售價減 6%) 105-day Payment Plan (6% discount on the Price) (見備註/See Remark 7(a1)(i)),
2021-07-08,2021-07-15,,TOWER 1 第 1 座,15/F,B,,11365000,,"價單第4E號 付款方法 (I) / Payment Plan (I) of the Price List No. 4E • 105 天一按付款計劃 (照售價減 4.5%) 105-day First Mortgage Loan Payment Plan (4.5% discount on the Price) (見備註/See Remarks 7(a1)(ii), 7(g)))",
2021-07-08,2021-07-15,,TOWER 10 第 10 座,15/F,A,,11481000,,價單第3L號 付款方法 (H) / Payment Plan (H) of the Price List No. 3L • 105 天付款計劃 (照售價減 6%) 105-day Payment Plan (6% discount on the Price) (見備註/See Remark 7(a1)(i)),
2021-07-08,2021-07-15,,TOWER 11 第 11 座,18/F,A,,9224000,,價單第3L號 付款方法 (H) / Payment Plan (H) of the Price List No. 3L • 105 天付款計劃 (照售價減 6%) 105-day Payment Plan (6% discount on the Price) (見備註/See Remark 7(a1)(i)),
2021-07-10,2021-07-16,,TOWER 6 第 6 座,18/F,E,,16116000,,價單第4E號 付款方法 (H) / Payment Plan (H) of the Price List No. 4E • 105 天付款計劃 (照售價減 6%) 105-day Payment Plan (6% discount on the Price) (見備註/See Remark 7(a1)(i)),
2021-07-12,2021-07-19,,TOWER 11 第 11 座,15/F,F,,9563000,,價單第3L號 付款方法 (H) / Payment Plan (H) of the Price List No. 3L • 105 天付款計劃 (照售價減 6%) 105-day Payment Plan (6% discount on the Price) (見備註/See Remark 7(a1)(i)),
2021-07-20,2021-07-27,,TOWER 9 第 9 座,17/F,J,,16268000,,價單第4F號 付款方法 (H) / Payment Plan (H) of the Price List No. 4F • 105 天付款計劃 (照售價減 4%) 105-day Payment Plan (4% discount on the Price) (見備註/See Remark 7(a1)(i)),
2021-07-25,2021-07-30,,TOWER 11 第 11 座,17/F,F,,9912000,,"價單第3M號 付款方法 (H) / Payment Plan (H) of the Price List No. 3M 。105 天付款計劃 (照售價減 4%) 105-day Payment Plan (4% discount on the Price) (見備註/See Remark 7(a1)(i)) 在24-08-2021, 支付條款更改為 On 24-08-2021, the terms of payment adjusted to 價單第3M號 付款方法 (J) / Payment Plan (J) of the Price List No. 3M 。「720天先住後付」 (照售價減 4%) 720-day Occupation Before Completion (4% discount on the Price) (見備註/See Remarks 7(a1)(iii), 7(c1))",
2021-07-31,2021-08-06,,TOWER 5 第 5 座,16/F,A,,9730000,,價單第3M號 付款方法 (H) / Payment Plan (H) of the Price List No. 3M • 105 天付款計劃 (照售價減 4%) 105-day Payment Plan (4% discount on the Price) (見備註/See Remark 7(a1)(i)),
2021-08-01,2021-08-06,,TOWER 10 第 10 座,19/F,K,,13310000,,價單第4F號 付款方法 (H) / Payment Plan (H) of the Price List No. 4F • 105 天付款計劃 (照售價減 4%) 105-day Payment Plan (4% discount on the Price) (見備註/See Remark 7(a1)(i)),
2021-08-02,2021-08-09,,TOWER 13 第 13 座,19/F,E,,10691000,,"價單第3M號 付款方法 (I) / Payment Plan (I) of the Price List No. 3M • 105 天一按付款計劃 (照售價減 2.5%) 105-day First Mortgage Loan Payment Plan (2.5% discount on the Price) (見備註/See Remarks 7(a1)(ii), 7(g)))",
2021-08-12,2021-08-19,,TOWER 5 第 5 座,17/F,G,,10002000,,價單第3M號 付款方法 (H) / Payment Plan (H) of the Price List No. 3M • 105 天付款計劃 (照售價減 4%) 105-day Payment Plan (4% discount on the Price) (見備註/See Remark 7(a1)(i)),
2021-08-14,2021-08-20,,TOWER 13 第 13 座,15/F,E,,10212000,,價單第3M號 付款方法 (H) / Payment Plan (H) of the Price List No. 3M • 105 天付款計劃 (照售價減 4%) 105-day Payment Plan (4% discount on the Price) (見備註/See Remark 7(a1)(i)),
2021-08-14,2021-08-20,,TOWER 13 第 13 座,16/F,E,,10291000,,價單第3M號 付款方法 (H) / Payment Plan (H) of the Price List No. 3M • 105 天付款計劃 (照售價減 4%) 105-day Payment Plan (4% discount on the Price) (見備註/See Remark 7(a1)(i)),
2021-08-22,2021-08-27,,TOWER 10 第 10 座,15/F,J,,13064000,,價單第3M號 付款方法 (H) / Payment Plan (H) of the Price List No. 3M • 105 天付款計劃 (照售價減 4%) 105-day Payment Plan (4% discount on the Price) (見備註/See Remark 7(a1)(i)),
2021-08-23,2021-08-30,,TOWER 9 第 9 座,18/F,J,,16493000,,價單第4F號 付款方法 (H) / Payment Plan (H) of the Price List No. 4F • 105 天付款計劃 (照售價減 4%) 105-day Payment Plan (4% discount on the Price) (見備註/See Remark 7(a1)(i)),
2021-08-25,2021-09-01,,TOWER 10 第 10 座,12/F,A,,11634000,,價單第2M號 付款方法 (H) / Payment Plan (H) of the Price List No. 2M • 105 天付款計劃 (照售價減 4%) 105-day Payment Plan (4% discount on the Price) (見備註/See Remark 7(a1)(i)),
2021-08-28,2021-09-03,,TOWER 11 第 11 座,19/F,A,,9490000,,價單第3M號 付款方法 (H) / Payment Plan (H) of the Price List No. 3M • 105 天付款計劃 (照售價減 4%) 105-day Payment Plan (4% discount on the Price) (見備註/See Remark 7(a1)(i)),
2021-08-28,2021-09-03,,TOWER 11 第 11 座,20/F & R/F,F,,11681000,,"價單第3M號 付款方法 (H) / Payment Plan (H) of the Price List No. 3M • 105 天付款計劃 (照售價減 4%) 105-day Payment Plan (4% discount on the Price) (見備註/See Remark 7(a1)(i)) 在27-09-2021, 支付條款更改為 On 27-09-2021, the terms of payment adjusted to 價單第3M號 付款方法 (J) / Payment Plan (J) of the Price List No. 3M • 「720天先住後付」 (照售價減 4%) 720-day Occupation Before Completion (4% discount on the Price) (見備註/See Remarks 7(a1)(iii), 7(c1))",
2021-08-28,2021-09-03,,TOWER 12 第 12 座,20/F & R/F,F,,10877000,,"價單第3M號 付款方法 (H) / Payment Plan (H) of the Price List No. 3M • 105 天付款計劃 (照售價減 4%) 105-day Payment Plan (4% discount on the Price) (見備註/See Remark 7(a1)(i)) 在27-09-2021, 支付條款更改為 On 27-09-2021, the terms of payment adjusted to 價單第3M號 付款方法 (J) / Payment Plan (J) of the Price List No. 3M • 「720天先住後付」 (照售價減 4%) 720-day Occupation Before Completion (4% discount on the Price) (見備註/See Remarks 7(a1)(iii), 7(c1))",
2021-08-30,2021-09-06,,TOWER 5 第 5 座,18/F,A,,9885000,,價單第3M號 付款方法 (H) / Payment Plan (H) of the Price List No. 3M • 105 天付款計劃 (照售價減 4%) 105-day Payment Plan (4% discount on the Price) (見備註/See Remark 7(a1)(i)),
2021-09-12,2021-09-17,,TOWER 5 第 5 座,19/F,A,,9954000,,"價單第3M號 付款方法 (H) / Payment Plan (H) of the Price List No. 3M ．105 天付款計劃 (照售價減 4%) 105-day Payment Plan (4% discount on the Price) (見備 註/See Remark 7(a1)(i)) 在25-10-2021, 支付條款更改為 On 25-10-2021, the terms of payment adjusted to: 價單第3M號 付款方法 (J) / Payment Plan (J) of the Price List No. 3M ． 「720天先住後付」 (照售價減 4%) 720-day Occupation Before Completion (4% discount on the Price) (見備註/See Remarks 7(a1)(iii), 7(c1))",
2021-09-13,2021-09-20,,TOWER 5 第 5 座,17/F,A,,9804000,,價單第3M號 付款方法 (H) / Payment Plan (H) of the Price List No. 3M • 105 天付款計劃 (照售價減 4%) 105-day Payment Plan (4% discount on the Price) (見備註/See Remark 7(a1)(i)),
2021-09-27,2021-10-05,,TOWER 11 第 11 座,G/F,F,,8905000,,"價單第4F號 付款方法 (L) / Payment Plan (L) of the Price List No. 4F • 「現有租客置業易」付款計劃 (照售價減 8%) Sitting Tenant Acquisition Plan (8% discount on the Price) (見備註/See Remarks 7(a1)(v), 7(d), 7(h), 7(i)) • 現有租客租金回贈 港幣$534,300 / Sitting Tenant Rental Rebate HK$534,300 (見備註/See Remark 7(i))",
2021-10-07,2021-10-18,,TOWER 8 第 8 座,20/F & R/F,B,,20575000,,招標文件第8.2 號 支付辦法(H)/ Payment Plan (H) of the Tender Document No.8.2 ．105 天付款計劃 105-day Payment Plan (見備註/See Remark 7A(a1)(i)),
2021-10-10,2021-10-19,,TOWER 3 第 3 座,5/F,C,,17556000,,價單第4F號 付款方法 (H) / Payment Plan (H) of the Price List No. 4F • 105 天付款計劃 (照售價減 4%) 105-day Payment Plan (4% discount on the Price) (見備註/See Remark 7(a1)(i)),
2021-10-11,2021-10-20,,TOWER 9 第 9 座,19/F,E,,16718000,,"價單第4F號 付款方法 (H) / Payment Plan (H) of the Price List No. 4F • 105 天付款計劃 (照售價減 4%) 105-day Payment Plan (4% discount on the Price) (見備註/See Remark 7(a1)(i)) 在10-11-2021, 支付條款更改為 On 10-11-2021, the terms of payment adjusted to 價單第4F號 付款方法 (J) / Payment Plan (J) of the Price List No.4F • 「720天先住後付」 (照售價減 4%) 720-day Occupation Before Completion (4% discount on the Price) (見備註/See Remarks 7(a1)(iii), 7(c1))",
2021-10-14,2021-10-21,,TOWER 6 第 6 座,19/F,E,,16579000,,"價單第4F號 付款方法 (H) / Payment Plan (H) of the Price List No. 4F • 105 天付款計劃 (照售價減 4%) 105-day Payment Plan (4% discount on the Price) (見備註/See Remark 7(a1)(i)) 在08-11-2021, 支付條款更改為 On 08-11-2021, the terms of payment adjusted to 價單第4F號 付款方法 (J) / Payment Plan (J) of the Price List No.4F • 「720天先住後付」 (照售價減 4%) 720-day Occupation Before Completion (4% discount on the Price) (見備註/See Remarks 7(a1)(iii), 7(c1))",
2021-10-15,2021-10-22,,TOWER 13 第 13 座,G/F,E,,12219000,"在04-11-2021，基於法例 第 35(2)(b)條所容許 的 原因， 售價更改 為 $12,410,000。 On 04-11- 2021, the price adjusted to $12,410,000 due to the reason allowed under section 35(2)(b) of the Ordinance.","招標文件第8.3號 支付辦法(H)/ Payment Plan (H) of the Tender Document No.8.3 ．105 天付款計劃 105-day Payment Plan (見備註/See Remark 7A(a1)(i)) 在04-11-2021, 支付條款更改為 On 04-11-2021, the terms of payment adjusted to 招標文件第8.3號 支付辦法(I)/ Payment Plan (I) of the Tender Document No.8.3 ．105 天一按付款計劃 105-day First Mortgage Loan Payment Plan (見備註/See Remark 7A(a1)(ii), 7A(c))",
2021-10-21,2021-10-28,,TOWER 12 第 12 座,G/F,A,,16426000,,"招標文件第 8.3 號支付辦法(L3) / Payment Plan (L3) of Tender Document No. 8.3 ．「現有租客置業易 3」付款計劃 Sitting Tenant Acquisition Plan 3 (見備註/See Remarks 7A(a1)(vii), 7A(d), 7A(e)) ．現有租客租金回贈 港幣$1,149,820 / Sitting Tenant Rental Rebate HK$1,149,820 (見備註 /See Remark 7A(e))",
2021-10-23,2021-10-29,,TOWER 13 第 13 座,15/F,D,,10274000,,"價單第3M號 付款方法 (I) / Payment Plan (I) of the Price List No. 3M • 105 天一按付款計劃 (照售價減 2.5%) 105-day First Mortgage Loan Payment Plan (2.5% discount on the Price) (見備註/See Remarks 7(a1)(ii), 7(g)))",
2021-10-23,2021-10-29,,TOWER 13 第 13 座,16/F,D,,10193000,,價單第3M號 付款方法 (H) / Payment Plan (H) of the Price List No. 3M • 105 天付款計劃 (照售價減 4%) 105-day Payment Plan (4% discount on the Price) (見備註/See Remark 7(a1)(i)),
2021-10-24,2021-10-29,,TOWER 10 第 10 座,18/F,A,,12067000,,"價單第4F號 付款方法 (H) / Payment Plan (H) of the Price List No. 4F • 105 天付款計劃 (照售價減 4%) 105-day Payment Plan (4% discount on the Price) (見備註/See Remark 7(a1)(i)) 在23-11-2021, 支付條款更改為 On 23-11-2021, the terms of payment adjusted to 價單第4F號 付款方法 (J) / Payment Plan (J) of the Price List No.4F • 「720天先住後付」 (照售價減 4%) 720-day Occupation Before Completion (4% discount on the Price) (見備註/See Remarks 7(a1)(iii), 7(c1))",
2021-11-18,2021-11-25,,TOWER 8 第 8 座,6/F,F,,15710000,,"招標文件第8.3 號 支付辦法(H)/ Payment Plan (H) of the Tender Document No.8.3 ．105 天付款計劃 105-day Payment Plan (見備註/See Remark 7A(a1)(i)) 在09-12-2021，支付條款更改為 On 09-12-2021, the terms of payment adjusted to 招標文件第8.3 號 支付辦法(J)/ Payment Plan (J) of the Tender Document No.8.3 ．「720天先住後付」付款計劃 720-day Occupation Before Completion (見備註/See Remark 7A(a1)(iii), 7A(d1))",
2021-11-20,2021-11-26,,TOWER 13 第 13 座,15/F,F,,9476000,,"價單第3M號 付款方法 (L) / Payment Plan (L) of the Price List No. 3M • 「現有租客置業易」付款計劃 (照售價減 8%) Sitting Tenant Acquisition Plan (8% discount on the Price) (見備註/See Remarks 7(a1)(v), 7(d), 7(h), 7(i)) • 現有租客租金回贈 港幣$568,560 / Sitting Tenant Rental Rebate HK$568,560 (見備註/See Remark 7(i))",
2021-11-21,2021-11-26,,TOWER 13 第 13 座,18/F,D,,10570000,,"價單第3M號 付款方法 (I) / Payment Plan (I) of the Price List No. 3M • 105 天一按付款計劃 (照售價減 2.5%) 105-day First Mortgage Loan Payment Plan (2.5% discount on the Price) (見備註/See Remarks 7(a1)(ii), 7(g)))",
2021-11-27,2021-12-03,,TOWER 11 第 11 座,20/F & R/F,G,,10990000,,價單第3M號 付款方法 (H) / Payment Plan (H) of the Price List No. 3M • 105 天付款計劃 (照售價減 4%) 105-day Payment Plan (4% discount on the Price) (見備註/See Remark 7(a1)(i)),
2021-12-03,2021-12-10,,TOWER 13 第 13 座,17/F,E,,10370000,,價單第3M號 付款方法 (H) / Payment Plan (H) of the Price List No. 3M • 105 天付款計劃 (照售價減 4%) 105-day Payment Plan (4% discount on the Price) (見備註/See Remark 7(a1)(i)),
2021-12-07,2021-12-14,,TOWER 11 第 11 座,18/F,F,,10042000,,價單第3M號 付款方法 (H) / Payment Plan (H) of the Price List No. 3M • 105 天付款計劃 (照售價減 4%) 105-day Payment Plan (4% discount on the Price) (見備註/See Remark 7(a1)(i)),
2021-12-10,2021-12-17,,TOWER 13 第 13 座,17/F,D,,10270000,,價單第3M號 付款方法 (H) / Payment Plan (H) of the Price List No. 3M • 105 天付款計劃 (照售價減 4%) 105-day Payment Plan (4% discount on the Price) (見備註/See Remark 7(a1)(i)),
2021-12-11,2021-12-17,,TOWER 5 第 5 座,2/F,E,,14947000,,"價單第1M號 付款方法 (I) / Payment Plan (I) of the Price List No. 1M • 105 天一按付款計劃 (照售價減 2.5%) 105-day First Mortgage Loan Payment Plan (2.5% discount on the Price) (見備註/See Remarks 7(a1)(ii), 7(g)))",
2021-12-13,2021-12-20,,TOWER 10 第 10 座,7/F,A,,10581000,,"價單第2M號 付款方法 (L) / Payment Plan (L) of the Price List No. 2M • 「現有租客置業易」付款計劃 (照售價減 8%) Sitting Tenant Acquisition Plan (8% discount on the Price) (見備註/See Remarks 7(a1)(v), 7(d), 7(h), 7(i)) • 現有租客租金回贈 港幣$634,860 / Sitting Tenant Rental Rebate HK$634,860 (見備註/See Remark 7(i))",
2021-12-13,2021-12-20,,TOWER 13 第 13 座,18/F,E,,10508000,,"價單第3M號 付款方法 (H) / Payment Plan (H) of the Price List No. 3M • 105 天付款計劃 (照售價減 4%) 105-day Payment Plan (4% discount on the Price) (見備註/See Remark 7(a1)(i)) 在12-01-2022, 支付條款更改為 On 12-01-2022, the terms of payment adjusted to 價單第3M號 付款方法 (J) / Payment Plan (J) of the Price List No. 3M • 「720天先住後付」 (照售價減 4%) 720-day Occupation Before Completion (4% discount on the Price) (見備註/See Remarks 7(a1)(iii), 7(c1))",
2021-12-17,2021-12-24,,TOWER 9 第 9 座,20/F & R/F,A,,19761000,,招標文件第8.3 號 支付辦法(H)/ Payment Plan (H) of the Tender Document No.8.3 ．105 天付款計劃 105-day Payment Plan (見備註/See Remark 7A(a1)(i)),
2022-01-13,2022-01-20,,TOWER 13 第 13 座,G/F,D,,14614000,,"招標文件第9 號支付辦法(L2) / Payment Plan (L2) of Tender Document No.9 ．「現有租客置業易 2」付款計劃 Sitting Tenant Acquisition Plan 2 (見備註/See Remarks 7A(a1)(v), 7A(d), 7A(e)) ．現有租客租金回贈 港幣$876,840/ Sitting Tenant Rental Rebate HK$876,840 (見備註/See Remark 7A(e))",
2022-01-26,2022-02-07,,TOWER 8 第 8 座,15/F,F,,16639000,,招標文件第9 號 支付辦法(H)/ Payment Plan (H) of the Tender Document No.9 ．105 天付款計劃 105-day Payment Plan (見備註/See Remark 7A(a1)(i)),
2022-01-31,2022-02-10,,TOWER 1 第 1 座,2/F,A,,19539000,,"價單第1M號 付款方法 (L) / Payment Plan (L) of the Price List No. 1M • 「現有租客置業易」付款計劃 (照售價減 8%) Sitting Tenant Acquisition Plan (8% discount on the Price) (見備註/See Remarks 7(a1)(v), 7(d), 7(h), 7(i)) • 現有租客租金回贈 港幣$1,172,340.00/ Sitting Tenant Rental Rebate HK$1,172,340.00 (見備註/See Remark 7(i))",
2022-02-13,2022-02-18,,TOWER 13 第 13 座,20/F & R/F,F,,12053000,,"價單第3M號 付款方法 (H) / Payment Plan (H) of the Price List No. 3M • 105 天付款計劃 (照售價減 4%) 105-day Payment Plan (4% discount on the Price) (見備註/See Remark 7(a1)(i)) 在07-03-2022, 支付條款更改為 On 07-03-2022, the terms of payment adjusted to 價單第3M號 付款方法 (J) / Payment Plan (J) of the Price List No. 3M • 「720天先住後付」 (照售價減 4%) 720-day Occupation Before Completion (4% discount on the Price) (見備註/See Remarks 7(a1)(iii), 7(c1))",
2022-02-16,2022-02-23,,TOWER 5 第 5 座,20/F & R/F,F,,11884000,,招標文件第9 號 支付辦法(H)/ Payment Plan (H) of the Tender Document No.9 ．105 天付款計劃 105-day Payment Plan (見備註/See Remark 7A(a1)(i)),
2022-02-24,2022-03-03,,TOWER 6 第 6 座,15/F,G,,15432000,,"價單第4F號 付款方法 (L2) / Payment Plan (L2) of the Price List No. 4F • 「現有租客置業易 2」付款計劃 (照售價減 6.5%) Sitting Tenant Acquisition Plan 2 (6.5% discount on the Price) (見備註 /See Remarks 7(a1)(vii), 7(d), 7(h), 7(i)) • 現有租客租金回贈 港幣$1,062,905.42/ Sitting Tenant Rental Rebate HK$1,062,905.42(見備註/See Remark 7(i))",
2022-02-28,2022-03-07,,TOWER 9 第 9 座,19/F,G,,9640000,,"價單第3M號 付款方法 (L2) / Payment Plan (L2) of the Price List No. 3M • 「現有租客置業易 2」付款計劃 (照售價減 6.5%) Sitting Tenant Acquisition Plan 2 (6.5% discount on the Price) (見備註 /See Remarks 7(a1)(vii), 7(d), 7(h), 7(i)) • 現有租客租金回贈 港幣$673,479.45/ Sitting Tenant Rental Rebate HK$673,479.45(見備註/See Remark 7(i))",
2022-03-11,2022-03-18,,TOWER 6 第 6 座,20/F & R/F,F,,10932000,,"價單第4F號 付款方法 (L3) / Payment Plan (L3) of the Price List No. 4F • 「現有租客置業易 3」付款計劃 (照售價減 4%) Sitting Tenant Acquisition Plan 3 (4% discount on the Price) (見備註/See Remarks 7(a1)(ix), 7(d), 7(h), 7(i)) • 現有租客租金回贈 港幣$867,970.85/ Sitting Tenant Rental Rebate HK$867,970.85(見備註/See Remark 7(i))",
2022-03-17,2022-03-24,,TOWER 7 第 7 座,20/F & R/F,G,,19437000,,價單第4F號 付款方法 (H) / Payment Plan (H) of the Price List No. 4F • 105 天付款計劃 (照售價減 4%) 105-day Payment Plan (4% discount on the Price) (見備註/See Remark 7(a1)(i)),
2022-03-18,2022-03-25,,TOWER 9 第 9 座,20/F & R/F,C,,11940000,,"招標文件第 9 號支付辦法(L2) / Payment Plan (L2) of Tender Document No. 9 ．「現有租客置業易 2」付款計劃 Sitting Tenant Acquisition Plan 2 (見備註/See Remarks 7A(a1)(v), 7A(d), 7A(e)) ．現有租客租金回贈 港幣$853,791.78 / Sitting Tenant Rental Rebate HK$853,791.78 (見備 註/See Remark 7A(e))",
2022-03-20,2022-03-25,,TOWER 9 第 9 座,8/F,D,,15271000,,價單第2M號 付款方法 (H) / Payment Plan (H) of the Price List No. 2M • 105 天付款計劃 (照售價減 4%) 105-day Payment Plan (4% discount on the Price) (見備註/See Remark 7(a1)(i)),
2022-03-21,2022-03-28,,TOWER 12 第 12 座,16/F,F,,9273000,,"價單第3M號 付款方法 (L2) / Payment Plan (L2) of the Price List No. 3M • 「現有租客置業易 2」付款計劃 (照售價減 6.5%) Sitting Tenant Acquisition Plan 2 (6.5% discount on the Price) (見備註 /See Remarks 7(a1)(vii), 7(d), 7(h), 7(i)) • 現有租客租金回贈 港幣$687,472.27 / Sitting Tenant Rental Rebate HK$687,472.27 (見備註/See Remark 7(i))",
2022-03-25,2022-04-01,,TOWER 8 第 8 座,3/F,C,,14885000,,招標文件第9 號 支付辦法(H)/ Payment Plan (H) of the Tender Document No.9 ．105 天付款計劃 105-day Payment Plan (見備註/See Remark 7A(a1)(i)),
2022-03-25,2022-04-01,,TOWER 11 第 11 座,12/F,F,,9693000,,"價單第3M號 付款方法 (L3) / Payment Plan (L3) of the Price List No. 3M • 「現有租客置業易 3」付款計劃 (照售價減 4%) Sitting Tenant Acquisition Plan 3 (4% discount on the Price) (見備註/See Remarks 7(a1)(ix), 7(d), 7(h), 7(i)) • 現有租客租金回贈 港幣$767,738.71 / Sitting Tenant Rental Rebate HK$767,738.71 (見備註/See Remark 7(i))",
2022-03-31,2022-04-08,,TOWER 5 第 5 座,11/F,E,,15737000,,價單第2M號 付款方法 (H) / Payment Plan (H) of the Price List No. 2M • 105 天付款計劃 (照售價減 4%) 105-day Payment Plan (4% discount on the Price) (見備註/See Remark 7(a1)(i)),
2022-04-01,2022-04-11,,TOWER 3 第 3 座,11/F,B,,9748000,,"價單第4F號 付款方法 (L) / Payment Plan (L) of the Price List No. 4F • 「現有租客置業易」付款計劃 (照售價減 8%) Sitting Tenant Acquisition Plan (8% discount on the Price) (見備註/See Remarks 7(a1)(v), 7(d), 7(h), 7(i)) • 現有租客租金回贈 港幣$820,434.41/ Sitting Tenant Rental Rebate HK$820,434.41 (見備註/See Remark 7(i))",
2022-04-07,2022-04-14,,TOWER 5 第 5 座,20/F & R/F,A,,11964000,,招標文件第9 號 支付辦法(H)/ Payment Plan (H) of the Tender Document No.9 ．105 天付款計劃 105-day Payment Plan (見備註/See Remark 7A(a1)(i)),
2022-04-09,2022-04-19,,TOWER 5 第 5 座,G/F,G,,12744000,,"價單第2M號 付款方法 (L) / Payment Plan (L) of the Price List No. 2M • 「現有租客置業易」付款計劃 (照售價減 8%) Sitting Tenant Acquisition Plan (8% discount on the Price) (見備註/See Remarks 7(a1)(v), 7(d), 7(h), 7(i)) • 現有租客租金回贈 港幣$1,076,780.71/ Sitting Tenant Rental Rebate HK$1,076,780.71 (見備註/See Remark 7(i))",
2022-04-11,2022-04-20,,TOWER 9 第 9 座,3/F,D,,14138000,,"價單第1M號 付款方法 (L) / Payment Plan (L) of the Price List No. 1M • 「現有租客置業易」付款計劃 (照售價減 8%) Sitting Tenant Acquisition Plan (8% discount on the Price) (見備註/See Remarks 7(a1)(v), 7(d), 7(h), 7(i)) • 現有租客租金回贈 港幣$1,166,675.51/ Sitting Tenant Rental Rebate HK$1,166,675.51(見備註/See Remark 7(i))",
2022-04-14,2022-04-25,,TOWER 8 第 8 座,12/F,F,,15818000,,"招標文件第9 號支付辦法(L2) / Payment Plan (L2) of Tender Document No.9 ．「現有租客置業易 2」付款計劃 Sitting Tenant Acquisition Plan 2 (見備註/See Remarks 7A(a1)(v), 7A(d), 7A(e)) ．現有租客租金回贈 港幣$1,209,101.92 / Sitting Tenant Rental Rebate HK$1,209,101.92 (見備 註/See Remark 7A(e))",
2022-04-15,2022-04-25,,TOWER 6 第 6 座,17/F,G,,16100000,,價單第4F號 付款方法 (H) / Payment Plan (H) of the Price List No. 4F • 105 天付款計劃 (照售價減 4%) 105-day Payment Plan (4% discount on the Price) (見備註/See Remark 7(a1)(i)),
2022-04-20,2022-04-27,,TOWER 2 第 2 座,12/F,A,,29003000,"在19-02-2024，基於法例 第 35(2)(b)條所容許的原 因，售價更改為 $29,607,000。 On 19-02- 2024, the price adjusted to $29,607,000 due to the reason allowed under section 35(2)(b) of the Ordinance.","價單第4F號 付款方法 (H) / Payment Plan (H) of the Price List No. 4F • 105 天付款計劃 (照售價減 4%) 105-day Payment Plan (4% discount on the Price) (見備註/See Remark 7(a1)(i)) 在20-05-2022, 支付條款更改為 On 20-05-2022, the terms of payment adjusted to:價單第 4F號 付款方法 (J) / Payment Plan (J) of the Price List No. 4F • 「720天先住後付」 (照售價減 4%) 720-day OccupationBefore Completion (4% discount on the Price) (見備註/See Remarks7(a1)(iii), 7(c1)) 在19-02-2024，支付條款更改為 On 19-02-2024, the terms of payment adjusted to:價單第 4F號付款方法 (K) / Payment Plan (K) of the Price List No. 4F • 「1080天先住後付」 (照售價減 2%) 1080-day Occupation Before Completion (2% discount on the Price) (見備註/See Remarks 7(a1)(iv), 7(c1))",
2022-04-20,2022-04-27,,TOWER 9 第 9 座,7/F,D,,15133000,,"價單第2M號 付款方法 (L3) / Payment Plan (L3) of the Price List No. 2M • 「現有租客置業易 3」付款計劃 (照售價減 4%) Sitting Tenant Acquisition Plan 3 (4% discount on the Price) (見備註/See Remarks 7(a1)(ix), 7(d), 7(h), 7(i)) • 現有租客租金回贈 港幣$1,268,269.78/ Sitting Tenant Rental Rebate HK$1,268,269.78(見備註/See Remark 7(i))",
2022-04-29,2022-05-10,,TOWER 8 第 8 座,8/F,A,,16338000,,"招標文件第 9.1 號 支付辦法(H)/ Payment Plan (H) of the Tender Document No. 9.1 ．105 天付款計劃 105-day Payment Plan (見備註/See Remark 7A(a1)(i)) 在27-05-2022，支付條款更改為 On 27-05-2022, the terms of payment adjusted to 招標文件第9.1 號 支付辦法(J)/ Payment Plan (J) of the Tender Document No. 9.1 ．「1080天先住後付」付款計劃 1080-day Occupation Before Completion (見備註/See Remark 7A(a1)(iv), 7A(d1))",
2022-05-03,2022-05-11,,TOWER 10 第 10 座,19/F,B,,11676000,,"價單第4F號 付款方法 (L2) / Payment Plan (L2) of the Price List No. 4F • 「現有租客置業易 2」付款計劃 (照售價減 6.5%) Sitting Tenant Acquisition Plan 2 (6.5% discount on the Price) (見備註 /See Remarks 7(a1)(vii), 7(d), 7(h), 7(i)) • 現有租客租金回贈 港幣$928,961.75/ Sitting Tenant Rental Rebate HK$928,961.75(見備註/See Remark 7(i))",
2022-05-04,2022-05-12,,TOWER 7 第 7 座,16/F,E,,16614000,,價單第4F號 付款方法 (H) / Payment Plan (H) of the Price List No. 4F • 105 天付款計劃 (照售價減 4%) 105-day Payment Plan (4% discount on the Price) (見備註/See Remark 7(a1)(i)),
2022-05-05,2022-05-13,,TOWER 9 第 9 座,18/F,A,,16474000,,價單第4F號 付款方法 (H) / Payment Plan (H) of the Price List No. 4F • 105 天付款計劃 (照售價減 4%) 105-day Payment Plan (4% discount on the Price) (見備註/See Remark 7(a1)(i)),
2022-05-12,2022-05-19,,TOWER 10 第 10 座,G/F,C,,11234000,,"價單第4F號 付款方法 (L2) / Payment Plan (L2) of the Price List No. 4F • 「現有租客置業易 2」付款計劃 (照售價減 6.5%) Sitting Tenant Acquisition Plan 2 (6.5% discount on the Price) (見備註 /See Remarks 7(a1)(vii), 7(d), 7(h), 7(i)) • 現有租客租金回贈 港幣$925,189.15/ Sitting Tenant Rental Rebate HK$925,189.15(見備註/See Remark 7(i))",
2022-05-13,2022-05-20,,TOWER 9 第 9 座,16/F,D,,16023000,,價單第4F號 付款方法 (H) / Payment Plan (H) of the Price List No. 4F • 105 天付款計劃 (照售價減 4%) 105-day Payment Plan (4% discount on the Price) (見備註/See Remark 7(a1)(i)),
2022-05-24,2022-05-31,,TOWER 11 第 11 座,12/F,A,,8856000,,"價單第3M號 付款方法 (L2) / Payment Plan (L2) of the Price List No. 3M • 「現有租客置業易 2」付款計劃 (照售價減 6.5%) Sitting Tenant Acquisition Plan 2 (6.5% discount on the Price) (見備註 /See Remarks 7(a1)(vii), 7(d), 7(h), 7(i)) • 現有租客租金回贈 港幣$742,448.22/ Sitting Tenant Rental Rebate HK$742,448.22(見備註/See Remark 7(i))",
2022-06-05,2022-06-10,,TOWER 9 第 9 座,17/F,E,,16464000,,價單第4F號 付款方法 (H) / Payment Plan (H) of the Price List No. 4F • 105 天付款計劃 (照售價減 4%) 105-day Payment Plan (4% discount on the Price) (見備註/See Remark 7(a1)(i)),
2022-06-13,2022-06-20,,TOWER 8 第 8 座,17/F,A,,16929000,,招標文件第9.1號 支付辦法(H)/ Payment Plan (H) of the Tender Document No. 9.1 ．105 天付款計劃 105-day Payment Plan (見備註/See Remark 7A(a1)(i)),
2022-06-20,2022-06-27,,TOWER 10 第 10 座,16/F,B,,11230000,,"價單第3M號 付款方法 (L) / Payment Plan (L) of the Price List No. 3M • 「現有租客置業易」付款計劃 (照售價減 8%) Sitting Tenant Acquisition Plan (8% discount on the Price) (見備註/See Remarks 7(a1)(v), 7(d), 7(h), 7(i)) • 現有租客租金回贈 港幣$934,089.86/ Sitting Tenant Rental Rebate HK$934,089.86(見備註/See Remark 7(i))",
2022-06-27,2022-07-05,,TOWER 2 第 2 座,10/F,C,,15549000,,價單第2M號 付款方法 (H) / Payment Plan (H) of the Price List No. 2M • 105 天付款計劃 (照售價減 4%) 105-day Payment Plan (4% discount on the Price) (見備註/See Remark 7(a1)(i)),
2022-06-27,2022-07-05,,TOWER 9 第 9 座,1/F,E,,14330000,,"價單第1M號 付款方法 (L2) / Payment Plan (L2) of the Price List No. 1M • 「現有租客置業易 2」付款計劃 (照售價減 6.5%) Sitting Tenant Acquisition Plan 2 (6.5% discount on the Price) (見備註 /See Remarks 7(a1)(vii), 7(d), 7(h), 7(i)) • 現有租客租金回贈 港幣$1,208,431.23/ Sitting Tenant Rental Rebate HK$1,208,431.23(見備註/See Remark 7(i))",
2022-06-28,2022-07-06,,TOWER 8 第 8 座,11/F,F,,16374000,,招標文件第9.1 號 支付辦法(H)/ Payment Plan (H) of the Tender Document No.9.1 ．105 天付款計劃 105-day Payment Plan (見備註/See Remark 7A(a1)(i)),
2022-07-26,2022-08-02,,TOWER 9 第 9 座,1/F,D,,14498000,,價單第1M號 付款方法 (H) / Payment Plan (H) of the Price List No. 1M • 105 天付款計劃 (照售價減 4%) 105-day Payment Plan (4% discount on the Price) (見備註/See Remark 7(a1)(i)),
2022-11-02,2022-11-09,,TOWER 9 第 9 座,18/F,E,,17036000,,"價單第4F號 付款方法 (L4) / Payment Plan (L4) of the Price List No. 4F • 「現有租客置業易 4」付款計劃 (照售價減 2%) Sitting Tenant Acquisition Plan 4 (2% discount on the Price) (見備註/See Remarks 7(a1)(xii), 7(d), 7(h), 7(i)) • 現有租客租金回贈 港幣$1,411,420.93 / Sitting Tenant Rental Rebate HK$1,411,420.93 (見備註/See Remark 7(i))",
2022-12-18,2022-12-23,,TOWER 12 第 12 座,15/F,F,,9448000,,價單第3N號 付款方法 (H) / Payment Plan (H) of the Price List No. 3N • 105 天付款計劃 (照售價減 4%) 105-day Payment Plan (4% discount on the Price) (見備註/See Remark 7(a1)(i)),
2022-12-19,2022-12-28,,TOWER 8 第 8 座,5/F,A,,15593000,,招標文件第10 號 支付辦法(H)/ Payment Plan (H) of the Tender Document No.10 ．105 天付款計劃 105-day Payment Plan (見備註/See Remark 7A(a1)(i)),
2022-12-21,2022-12-30,,TOWER 5 第 5 座,15/F,E,,15993000,,價單第4G號 付款方法 (H) / Payment Plan (H) of the Price List No. 4G • 105 天付款計劃 (照售價減 4%) 105-day Payment Plan (4% discount on the Price) (見備註/See Remark 7(a1)(i)),
2022-12-21,2022-12-30,,TOWER 6 第 6 座,20/F & R/F,E,,19708000,,價單第4G號 付款方法 (H) / Payment Plan (H) of the Price List No. 4G • 105 天付款計劃 (照售價減 4%) 105-day Payment Plan (4% discount on the Price) (見備註/See Remark 7(a1)(i)),
2022-12-21,2022-12-30,,TOWER 6 第 6 座,20/F & R/F,G,,19530000,,"價單第4G號 付款方法 (I) / Payment Plan (I) of the Price List No. 4G • 105 天一按付款計劃 (照售價減 2.5%) 105-day First Mortgage Loan Payment Plan (2.5% discount on the Price) (見備註/See Remarks 7(a1)(ii), 7(g)))",
2022-12-21,2022-12-30,,TOWER 8 第 8 座,8/F,F,,15986000,,招標文件第 10 號 支付辦法(H)/ Payment Plan (H) of the Tender Document No. 10 ．105 天付款計劃 105-day Payment Plan (見備註/See Remark 7A(a1)(i)),
2023-01-03,2023-01-10,,TOWER 9 第 9 座,2/F,A,,14625000,,價單第1M號 付款方法 (H) / Payment Plan (H) of the Price List No. 1M • 105 天付款計劃 (照售價減 4%) 105-day Payment Plan (4% discount on the Price) (見備註/See Remark 7(a1)(i)),
2023-01-06,2023-01-13,,TOWER 7 第 7 座,3/F,A,,14652000,,價單第1M號 付款方法 (H) / Payment Plan (H) of the Price List No. 1M • 105 天付款計劃 (照售價減 4%) 105-day Payment Plan (4% discount on the Price) (見備註/See Remark 7(a1)(i)),
2023-01-09,2023-01-16,,TOWER 8 第 8 座,10/F,A,,16260000,,招標文件第 11 號 支付辦法(H)/ Payment Plan (H) of the Tender Document No. 11 ．105 天付款計劃 105-day Payment Plan (見備註/See Remark 7A(a1)(i)),
2023-01-10,2023-01-17,,TOWER 8 第 8 座,12/F,A,,16527000,,招標文件第 11 號 支付辦法(H)/ Payment Plan (H) of the Tender Document No. 11 ．105 天付款計劃 105-day Payment Plan (見備註/See Remark 7A(a1)(i)),
2023-01-18,2023-01-30,,TOWER 5 第 5 座,18/F,E,,16384000,,價單第3N號 付款方法 (H) / Payment Plan (H) of the Price List No. 3N • 105 天付款計劃 (照售價減 4%) 105-day Payment Plan (4% discount on the Price) (見備註/See Remark 7(a1)(i)),
2023-01-20,2023-02-01,,TOWER 2 第 2 座,15/F,A,,29780000,,"招標文件第11 號支付辦法(L4) / Payment Plan (L4) of Tender Document No.11 ．「現有租客置業易 4」付款計劃 Sitting Tenant Acquisition Plan 4 (見備註/See Remarks 7A(a1)(x), 7A(d), 7A(e)) • 現有租客租金回贈 港幣$2,929,862.47/ Sitting Tenant Rental Rebate HK$2,929,862.47 (見備註/See Remark 7(e))",
2023-01-27,2023-02-03,,TOWER 9 第 9 座,15/F,D,,15897000,,價單第3N號 付款方法 (H) / Payment Plan (H) of the Price List No. 3N • 105 天付款計劃 (照售價減 4%) 105-day Payment Plan (4% discount on the Price) (見備註/See Remark 7(a1)(i)),
2023-02-06,2023-02-13,,TOWER 8 第 8 座,19/F,F,,17169000,,"招標文件第11 號 支付辦法(H)/ Payment Plan (H) of the Tender Document No.11 ．105 天付款計劃 105-day Payment Plan (見備註/See Remark 7A(a1)(i)) 在08-03-2023，支付條款更改為 On 08-03-2023, the terms of payment adjusted to 招標文件第11 號 支付辦法(J)/ Payment Plan (J) of the Tender Document No.11 ．「720天先住後付」付款計劃 720-day Occupation Before Completion (見備註/See Remark 7A(a1)(iii), 7A(d1))",
2023-02-07,2023-02-14,,TOWER 2 第 2 座,16/F,C,,16042000,,價單第4G號 付款方法 (H) / Payment Plan (H) of the Price List No. 4G • 105 天付款計劃 (照售價減 4%) 105-day Payment Plan (4% discount on the Price) (見備註/See Remark 7(a1)(i)),
2023-02-07,2023-02-14,,TOWER 8 第 8 座,18/F,F,,17047000,,招標文件第11 號 支付辦法(H)/ Payment Plan (H) of the Tender Document No.11 ．105 天付款計劃 105-day Payment Plan (見備註/See Remark 7A(a1)(i)),
2023-02-09,2023-02-16,,TOWER 13 第 13 座,20/F & R/F,D,,12557000,,"價單第3N號 付款方法 (L4) / Payment Plan (L4) of the Price List No. 3N • 「現有租客置業易 4」付款計劃 (照售價減 2%) Sitting Tenant Acquisition Plan 4 (2% discount on the Price) (見備註/See Remarks 7(a1)(xii), 7(d), 7(h), 7(i)) • 現有租客租金回贈 港幣$1,148,707.48/ Sitting Tenant Rental Rebate HK$1,148,707.48 (見備註/See Remark 7(i))",
2023-02-12,2023-02-17,,TOWER 6 第 6 座,2/F,D,,14529000,,價單第1M號 付款方法 (H) / Payment Plan (H) of the Price List No. 1M • 105 天付款計劃 (照售價減 4%) 105-day Payment Plan (4% discount on the Price) (見備註/See Remark 7(a1)(i)),
2023-02-19,2023-02-24,,TOWER 3 第 3 座,9/F,A,,19593000,,價單第4G號 付款方法 (H) / Payment Plan (H) of the Price List No. 4G • 105 天付款計劃 (照售價減 4%) 105-day Payment Plan (4% discount on the Price) (見備註/See Remark 7(a1)(i)),
2023-02-19,2023-02-24,,TOWER 9 第 9 座,11/F,D,,15642000,,價單第2N號 付款方法 (H) / Payment Plan (H) of the Price List No. 2N • 105 天付款計劃 (照售價減 4%) 105-day Payment Plan (4% discount on the Price) (見備註/See Remark 7(a1)(i)),
2023-02-20,2023-02-27,,TOWER 8 第 8 座,7/F,F,,15842880,,招標文件第11 號 支付辦法(H)/ Payment Plan (H) of the Tender Document No.11 ．105 天付款計劃 105-day Payment Plan (見備註/See Remark 7A(a1)(i)),
2023-02-21,2023-02-28,,TOWER 6 第 6 座,8/F,D,,15177000,,價單第4G號 付款方法 (H) / Payment Plan (H) of the Price List No. 4G • 105 天付款計劃 (照售價減 4%) 105-day Payment Plan (4% discount on the Price) (見備註/See Remark 7(a1)(i)),
2023-02-22,2023-03-01,,TOWER 7 第 7 座,3/F,E,,15368640,,招標文件第11 號 支付辦法(H)/ Payment Plan (H) of the Tender Document No.11 ．105 天付款計劃 105-day Payment Plan (見備註/See Remark 7A(a1)(i)),
2023-02-24,2023-03-03,,TOWER 6 第 6 座,9/F,A,,15138000,,價單第4G號 付款方法 (H) / Payment Plan (H) of the Price List No. 4G • 105 天付款計劃 (照售價減 4%) 105-day Payment Plan (4% discount on the Price) (見備註/See Remark 7(a1)(i)),
2023-02-25,2023-03-03,,TOWER 10 第 10 座,20/F & R/F,A,,14412000,,價單第4G號 付款方法 (H) / Payment Plan (H) of the Price List No. 4G • 105 天付款計劃 (照售價減 4%) 105-day Payment Plan (4% discount on the Price) (見備註/See Remark 7(a1)(i)),
2023-02-26,2023-03-03,,TOWER 13 第 13 座,20/F & R/F,E,,12420000,,價單第3N號 付款方法 (H) / Payment Plan (H) of the Price List No. 3N • 105 天付款計劃 (照售價減 4%) 105-day Payment Plan (4% discount on the Price) (見備註/See Remark 7(a1)(i)),
2023-02-28,2023-03-07,,TOWER 8 第 8 座,2/F,F,,15313000,,招標文件第11 號 支付辦法(H)/ Payment Plan (H) of the Tender Document No.11 ．105 天付款計劃 105-day Payment Plan (見備註/See Remark 7A(a1)(i)),
2023-02-28,2023-03-07,,TOWER 8 第 8 座,10/F,F,,16241000,,招標文件第 11號 支付辦法(H)/ Payment Plan (H) of the Tender Document No.11 ．105 天付款計劃 105-day Payment Plan (見備註/See Remark 7A(a1)(i)),
2023-03-02,2023-03-09,,TOWER 8 第 8 座,9/F,A,,16127000,,招標文件第11 號 支付辦法(H)/ Payment Plan (H) of the Tender Document No.11 ．105 天付款計劃 105-day Payment Plan (見備註/See Remark 7A(a1)(i)),
2023-03-16,2023-03-23,,TOWER 5 第 5 座,1/F,D,,14478000,,價單第1M號 付款方法 (H) / Payment Plan (H) of the Price List No. 1M • 105 天付款計劃 (照售價減 4%) 105-day Payment Plan (4% discount on the Price) (見備註/See Remark 7(a1)(i)),
2023-04-10,2023-04-17,,TOWER 2 第 2 座,6/F,C,,15056000,,"價單第2O號 付款方法 (H) / Payment Plan (H) of the Price List No. 2O • 105 天付款計劃 (照售價減 4%) 105-day Payment Plan (4% discount on the Price) (見備註/See Remark 7(a1)(i)) 在26-04-2023, 支付條款更改為 On 26-04-2023, the terms of payment adjusted to: 價單第 2O號 付款方法 (J) / Payment Plan (J) of the Price List No.2O • 「720天先住後付」 (照售價減 4%) 720-day Occupation Before Completion (4% discount on the Price) (見備註/See Remarks7(a1)(iii), 7(c1))",
2023-04-11,2023-04-18,,TOWER 8 第 8 座,2/F,A,,15645000,,"招標文件第11 號支付辦法(L4) / Payment Plan (L4) of Tender Document No.11 ．「現有租客置業易 4」付款計劃 Sitting Tenant Acquisition Plan 4 (見備註/See Remarks 7A(a1)(x), 7A(d), 7A(e)) • 現有租客租金回贈 港幣$940,003.75/ Sitting Tenant Rental Rebate HK$940,003.75 (見備註/See Remark 7A(e))",
2023-04-12,2023-04-19,,TOWER 8 第 8 座,7/F,B,,15788000,,"招標文件第11 號 支付辦法(H)/ Payment Plan (H) of the Tender Document No.11 ．105 天付款計劃 105-day Payment Plan (見備註/See Remark 7A(a1)(i)) 在12-05-2023，支付條款更改為 On 12-05-2023, the terms of payment adjusted to招標文件第11 號 支付辦法(J)/ Payment Plan (J) of the Tender Document No.11 ．「720天先住後付」付款計劃 720-day Occupation Before Completion (見備註/See Remark 7A(a1)(iii), 7A(d1))",
2023-04-17,2023-04-24,,TOWER 12 第 12 座,7/F,D,,15099000,,招標文件第11 號 支付辦法(H)/ Payment Plan (H) of the Tender Document No.11 ．105 天付款計劃 105-day Payment Plan (見備註/See Remark 7A(a1)(i)),
2023-04-21,2023-04-28,,TOWER 8 第 8 座,11/F,A,,16394000,,招標文件第11.1 號 支付辦法(H)/ Payment Plan (H) of the Tender Document No.11.1 ．105 天付款計劃 105-day Payment Plan (見備註/See Remark 7A(a1)(i)),
2023-04-29,2023-05-08,,TOWER 2 第 2 座,8/F,D,,29754000,,價單第4H號 付款方法 (H) / Payment Plan (H) of the Price List No. 4H • 105 天付款計劃 (照售價減 4%) 105-day Payment Plan (4% discount on the Price) (見備註/See Remark 7(a1)(i)),
2023-05-23,2023-05-31,,TOWER 8 第 8 座,19/F,B,,16345500,,招標文件第11.2 號 支付辦法(H)/ Payment Plan (H) of the Tender Document No.11.2 ．105 天付款計劃 105-day Payment Plan (見備註/See Remark 7A(a1)(i)),
2023-06-30,2023-07-07,,TOWER 9 第 9 座,10/F,A,,15515000,,價單第2O號 付款方法 (H) / Payment Plan (H) of the Price List No. 2O • 105 天付款計劃 (照售價減 4%) 105-day Payment Plan (4% discount on the Price) (見備註/See Remark 7(a1)(i)),
2023-07-18,2023-07-25,,TOWER 7 第 7 座,17/F,E,,16746000,,價單第4H號 付款方法 (H) / Payment Plan (H) of the Price List No. 4H • 105 天付款計劃 (照售價減 4%) 105-day Payment Plan (4% discount on the Price) (見備註/See Remark 7(a1)(i)),
2023-08-29,2023-09-05,,TOWER 8 第 8 座,15/F,A,,16661000,,招標文件第11.3 號 支付辦法(H)/ Payment Plan (H) of the Tender Document No.11.3 ．105 天付款計劃 105-day Payment Plan (見備註/See Remark 7A(a1)(i)),
2023-09-12,2023-09-19,,TOWER 11 第 11 座,18/F,G,,9480000,,價單第3P號 付款方法 (H) / Payment Plan (H) of the Price List No. 3P • 105 天付款計劃 (照售價減 4%) 105-day Payment Plan (4% discount on the Price) (見備註/See Remark 7(a1)(i)),
2023-09-29,2023-10-09,,TOWER 6 第 6 座,6/F,A,,14766000,,價單第1O號 付款方法 (H) / Payment Plan (H) of the Price List No. 1O • 105 天付款計劃 (照售價減 4%) 105-day Payment Plan (4% discount on the Price) (見備註/See Remark 7(a1)(i)),
2023-10-26,2023-11-02,,TOWER 8 第 8 座,16/F,A,,17145000,,"招標文件第11.5 號支付辦法(L4) / Payment Plan (L4) of Tender Document No. 11.5 ．「現有租客置業易 4」付款計劃 Sitting Tenant Acquisition Plan 4 (見備註/See Remarks 7A(a1)(x), 7A(e), 7A(f)) ． 現有租客租金回贈 港幣$941,101.23/ Sitting Tenant Rental Rebate HK$941,101.23 (見備註/See Remark 7A(f))",
2023-10-31,2023-11-07,,TOWER 8 第 8 座,5/F,B,,15521000,,招標文件第 11.5 號 支付辦法(H)/ Payment Plan (H) of the Tender Document No. 11.5 ．105 天付款計劃 105-day Payment Plan (見備註/See Remark 7A(a1)(i)),
2023-11-09,2023-11-16,,TOWER 8 第 8 座,16/F,F,,16771000,,招標文件第 11.5 號 支付辦法(H)/ Payment Plan (H) of the Tender Document No. 11.5 ．105 天付款計劃 105-day Payment Plan (見備註/See Remark 7A(a1)(i)),
2024-01-09,2024-01-16,,TOWER 10 第 10 座,17/F,J,,12713000,,"價單第4號 付款方法 (M) / Payment Plan (M) of the Price List No. 4 • 「先租後買」付款計劃 (照售價減 8%) Lease with Option to Purchase Plan (8% discount on the Price) (見備註/See Remarks 7(a1)(vi), 7(e)(1), 7(h), 7(j)(1)) • 認購權 75%租金回贈 港幣$1,811,602.50/ Option to Purchase 75% Rental Rebate HK$1,811,602.50 (見備註/See Remark 7(j)(1))",
2024-01-18,2024-01-25,,TOWER 1 第 1 座,1/F,A,,21245000,,招標文件第 12 號 支付辦法(H)/ Payment Plan (H) of the Tender Document No.12 ．105 天付款計劃 105-day Payment Plan (見備註/See Remark 7A(a1)(i)),
2024-01-22,2024-01-29,,TOWER 10 第 10 座,17/F,A,,11907000,,價單第4J號 付款方法 (H) / Payment Plan (H) of the Price List No. 4J • 105 天付款計劃 (照售價減 4%) 105-day Payment Plan (4% discount on the Price) (見備註/See Remark 7(a1)(i)),
2024-01-29,2024-02-05,,TOWER 3 第 3 座,6/F,B,,9381000,,"價單第3H號 付款方法 (M) / Payment Plan (M) of the Price List No. 3H • 「先租後買」付款計劃 (照售價減 8%) Lease with Option to Purchase Plan (8% discount on the Price) (見備註/See Remarks 7(a1)(vi), 7(e)(1), 7(h), 7(j)(1)) • 認購權 75%租金回贈 港幣$1,359,860.54 港幣$1,377,161.56/ Option to Purchase 75% Rental Rebate HK$1,359,860.54 HK$1,377,161.56 (見備註/See Remark 7(j)(1))",
2024-01-30,2024-02-06,,TOWER 2 第 2 座,9/F,D,,30594000,,"價單第4H號 付款方法 (L4) / Payment Plan (L4) of the Price List No. 4H • 「現有租客置業易 4」付款計劃 (照售價減 2%) Sitting Tenant Acquisition Plan 4 (2% discount on the Price) (見備註/See Remarks 7(a1)(xii), 7(d), 7(h), 7(i)) • 現有租客租金回贈 港幣$1,492,084.43 / Sitting Tenant Rental Rebate HK$1,492,084.43 (見備註/See Remark 7(i))",
2024-02-28,2024-03-06,,TOWER 7 第 7 座,19/F,G,,17544000,,"價單第4G號 付款方法 (L4) / Payment Plan (L4) of the Price List No. 4G • 「現有租客置業易 4」付款計劃 (照售價減 2%) Sitting Tenant Acquisition Plan 4 (2% discount on the Price) (見備註/See Remarks 7(a1)(xii), 7(d), 7(h), 7(i)) • 現有租客租金回贈 港幣$1,600,530.49 / Sitting Tenant Rental Rebate HK$1,600,530.49 (見備註/See Remark 7(i))",
2024-03-08,2024-03-15,,TOWER 9 第 9 座,17/F,A,,16488000,,"價單第4H號 付款方法 (L4) / Payment Plan (L4) of the Price List No. 4H • 「現有租客置業易 4」付款計劃 (照售價減 2%) Sitting Tenant Acquisition Plan 4 (2% discount on the Price) (見備註/See Remarks 7(a1)(xii), 7(d), 7(h), 7(i)) • • 現有租客租金回贈 港幣$1,141,546.23 / Sitting Tenant Rental Rebate HK$$1,141,546.23 (見備註/See Remark 7(i))",
2024-03-13,2024-03-20,,TOWER 3 第 3 座,17/F,C,,18650000,,招標文件第 12 號 支付辦法(H)/ Payment Plan (H) of the Tender Document No. 12 ．105 天付款計劃 105-day Payment Plan (見備註/See Remark 7A(a1)(i)),
2024-03-15,2024-03-22,,TOWER 9 第 9 座,20/F & R/F,D,,19761000,,招標文件第 12 號 支付辦法(H)/ Payment Plan (H) of the Tender Document No. 12 ．105 天付款計劃 105-day Payment Plan (見備註/See Remark 7A(a1)(i)),
2024-03-18,2024-03-25,,TOWER 3 第 3 座,15/F,A,,20002000,,招標文件第 12.1 號 支付辦法(H)/ Payment Plan (H) of the Tender Document No. 12.1 ．105 天付款計劃 105-day Payment Plan (見備註/See Remark 7A(a1)(i)),
2024-03-18,2024-03-25,,TOWER 8 第 8 座,6/F,A,,16054000,,"招標文件第 12.1 號支付辦法(L4) / Payment Plan (L4) of Tender Document No. 12.1 ．「現有租客置業易 4」付款計劃 Sitting Tenant Acquisition Plan 4 (見備註/See Remarks 7A(a1)(x), 7A(e), 7A(f)) ． 現有租客租金回贈 港幣$1,176,120.44 / Sitting Tenant Rental Rebate HK$1,176,120.44 (見備註/See Remark 7A(f))",
2024-03-18,2024-03-25,,TOWER 9 第 9 座,9/F,D,,14747000,,"價單第2H號 付款方法 (M) / Payment Plan (M) of the Price List No. 2H • 「先租後買」付款計劃 (照售價減 8%) Lease with Option to Purchase Plan (8% discount on the Price) (見備註/See Remarks 7(a1)(vi), 7(e)(1), 7(h), 7(j)(1)) • 認購權 75%租金回贈 港幣$2,261,005.21/ Option to Purchase 75% Rental Rebate HK$2,261,005.21 (見備註/See Remark 7(j)(1))",
2024-03-26,2024-04-05,,TOWER 3 第 3 座,1/F,C,,20663000,,"價單第3J號 付款方法 (M2) / Payment Plan (M2) of the Price List No. 3J • 「先租後買 2」付款計劃 (照售價減 6.5%) Lease with Option to Purchase Plan 2 (6.5% discount on the Price) (見備註/See Remarks 7(a1)(viii), 7(e)(1), 7(h), 7(j)(1)) • 認購權 75%租金回贈 港幣$2,983,114.48/ Option to Purchase 75% Rental Rebate HK$2,983,114.48 (見備註/See Remark 7(j)(1))",
2024-03-27,2024-04-08,2024-07-15,TOWER 5 第 5 座,20/F & R/F,E,,19427000,,招標文件第 12.1 號 支付辦法(H)/ Payment Plan (H) of the Tender Document No. 12.1 ．105 天付款計劃 105-day Payment Plan (見備註/See Remark 7A(a1)(i)),
2024-04-02,2024-04-10,,TOWER 13 第 13 座,7/F,D,,9680000,,"價單第2L號 付款方法 (M3) / Payment Plan (M3) of the Price List No. 2L • 「先租後買 3」付款計劃 (照售價減 4%) Lease with Option to Purchase Plan 3 (4% discount on the Price) (見備註/See Remarks 7(a1)(x), 7(e)(1), 7(h), 7(j)(1)) • • 認購權 75%租金回贈 港幣$1,613,709.04/ Option to Purchase 75% Rental Rebate HK$1,613,709.04 (見備註/See Remark 7(j)(1))",
2024-04-08,2024-04-15,,TOWER 9 第 9 座,19/F,J,,16092000,,"價單第4C號 付款方法 (M2) / Payment Plan (M2) of the Price List No. 4C • 「先租後買 2」付款計劃 (照售價減 6.5%) Lease with Option to Purchase Plan 2 (6.5% discount on the Price) (見備註/See Remarks 7(a1)(viii), 7(e)(1), 7(h), 7(j)(1)) • 認購權 75%租金回贈 港幣$2,333,119.56/ Option to Purchase 75% Rental Rebate HK$2,333,119.56 (見備註/See Remark 7(j)(1))",
2024-04-15,2024-04-22,,TOWER 5 第 5 座,16/F,F,,9364000,,"價單第3J號 付款方法 (M2) / Payment Plan (M2) of the Price List No. 3J • 「先租後買 2」付款計劃 (照售價減 6.5%) Lease with Option to Purchase Plan 2 (6.5% discount on the Price) (見備註/See Remarks 7(a1)(viii), 7(e)(1), 7(h), 7(j)(1)) • 認購權 75%租金回贈 港幣$1,390,784.27/ Option to Purchase 75% Rental Rebate HK$1,390,784.27 (見備註/See Remark 7(j)(1))",
2024-04-15,2024-04-22,,TOWER 7 第 7 座,19/F,F,,9800000,,"價單第3K號 付款方法 (M3) / Payment Plan (M3) of the Price List No. 3K • 「先租後買 3」付款計劃 (照售價減 4%) Lease with Option to Purchase Plan 3 (4% discount on the Price) (見備註/See Remarks 7(a1)(x), 7(e)(1), 7(h), 7(j)(1)) • 認購權 75%租金回贈 港幣$1,667,543.84/ Option to Purchase 75% Rental Rebate HK$1,667,543.84 (見備註/See Remark 7(j)(1))",
2024-04-29,2024-05-07,,TOWER 11 第 11 座,19/F,F,,10115000,,價單第3Q號 付款方法 (H) / Payment Plan (H) of the Price List No. 3Q • 105 天付款計劃 (照售價減 4%) 105-day Payment Plan (4% discount on the Price) (見備註/See Remark 7(a1)(i)),
2024-05-03,2024-05-10,,TOWER 11 第 11 座,7/F,E,P475,15292000,,招標文件第 12.2 號 支付辦法(H)/ Payment Plan (H) of the Tender Document No. 12.2 ．105 天付款計劃 105-day Payment Plan (見備註/See Remark 7A(a1)(i)),
2024-05-13,2024-05-21,,TOWER 2 第 2 座,17/F,C,,16184000,,價單第4J號 付款方法 (H) / Payment Plan (H) of the Price List No. 4J • 105 天付款計劃 (照售價減 4%) 105-day Payment Plan (4% discount on the Price) (見備註/See Remark 7(a1)(i)),
2024-05-20,2024-05-27,,TOWER 11 第 11 座,2/F,D,P477,14762000,,招標文件第 12.2 號 支付辦法(H)/ Payment Plan (H) of the Tender Document No. 12.2 ．105 天付款計劃 105-day Payment Plan (見備註/See Remark 7A(a1)(i)),
2024-05-28,2024-06-04,,TOWER 11 第 11 座,6/F,E,P478,15163000,,招標文件第 12.2 號 支付辦法(H)/ Payment Plan (H) of the Tender Document No. 12.2 ．105 天付款計劃 105-day Payment Plan (見備註/See Remark 7A(a1)(i)),
2024-05-29,2024-06-05,,TOWER 12 第 12 座,G/F,D,,20525000,,招標文件第 12.2 號 支付辦法(H)/ Payment Plan (H) of the Tender Document No. 12.2 ．105 天付款計劃 105-day Payment Plan (見備註/See Remark 7A(a1)(i)),
2024-06-03,2024-06-11,,TOWER 2 第 2 座,11/F,C,,15264000,,"價單第3J號 付款方法 (M2) / Payment Plan (M2) of the Price List No. 3J • 「先租後買 2」付款計劃 (照售價減 6.5%) Lease with Option to Purchase Plan 2 (6.5% discount on the Price) (見備註/See Remarks 7(a1)(viii), 7(e)(1), 7(h), 7(j)(1)) • 認購權 75%租金回贈 港幣$2,342,484.78/ Option to Purchase 75% Rental Rebate HK$2,342,484.78 (見備註/See Remark 7(j)(1))",
2024-06-03,2024-06-11,,TOWER 8 第 8 座,9/F,F,,16444000,,招標文件第 12.2 號 支付辦法(H)/ Payment Plan (H) of the Tender Document No. 12.2 ．105 天付款計劃 105-day Payment Plan (見備註/See Remark 7A(a1)(i)),
2024-06-18,2024-06-25,,TOWER 10 第 10 座,16/F,J,,13164000,,"價單第3L號 付款方法 (P3) / Payment Plan (P3) of the Price List No. 3L • 「Y6 先租後買 3」付款計劃 (照售價減 4%) Y6 Lease with Option to Purchase Plan 3 (4% discount on the Price) (見備註/See Remarks 7(a1)(xi), 7(e)(2), 7(h), 7(j)(2), 7(k)(1)) • 認購權 75%租金回贈 港幣$2,247,527.59/ Option to Purchase 75% Rental Rebate HK$2,247,527.59 (見備註/See Remark 7(j)(2))",
2024-06-19,2024-06-26,,TOWER 10 第 10 座,20/F & R/F,K,,16089000,,"價單第4G號 付款方法 (L4) / Payment Plan (L4) of the Price List No. 4G • 「現有租客置業易 4」付款計劃 (照售價減 2%) Sitting Tenant Acquisition Plan 4 (2% discount on the Price) (見備註/See Remarks 7(a1)(xii), 7(d), 7(h), 7(i)) • 現有租客租金回贈 港幣$1,582,893.12 / Sitting Tenant Rental Rebate HK$1,582,893.12 (見備註/See Remark 7(i))",
2024-06-21,2024-06-28,,TOWER 7 第 7 座,G/F,E,,21680000,,招標文件第 12.3 號 支付辦法(H)/ Payment Plan (H) of the Tender Document No. 12.3 ．105 天付款計劃 105-day Payment Plan (見備註/See Remark 7A(a1)(i)),
2024-06-27,2024-07-05,,TOWER 13 第 13 座,7/F,E,,9366000,,"價單第2I號 付款方法 (M) / Payment Plan (M) of the Price List No. 2I • 「先租後買」付款計劃 (照售價減 8%) Lease with Option to Purchase Plan (8% discount on the Price) (見備註/See Remarks 7(a1)(vi), 7(e)(1), 7(h), 7(j)(1)) • 認購權 75%租金回贈 港幣$1,434,840.50/ Option to Purchase 75% Rental Rebate HK$1,434,840.50 (見備註/See Remark 7(j)(1))",
2024-07-04,2024-07-11,,TOWER 13 第 13 座,9/F,E,,9900000,,"價單第2L號 付款方法 (M3) / Payment Plan (M3) of the Price List No. 2L • 「先租後買 3」付款計劃 (照售價減 4%) Lease with Option to Purchase Plan 3 (4% discount on the Price) (見備註/See Remarks 7(a1)(x), 7(e)(1), 7(h), 7(j)(1)) • 認購權 75%租金回贈 港幣$1,674,276.64/ Option to Purchase 75% Rental Rebate HK$1,674,276.64 (見備註/See Remark 7(j)(1))",
2024-07-19,2024-07-26,,TOWER 10 第 10 座,17/F,K,,13112000,,"價單第4E號 付款方法 (M3) / Payment Plan (M3) of the Price List No. 4E • 「先租後買 3」付款計劃 (照售價減 4%) Lease with Option to Purchase Plan 3 (4% discount on the Price) (見備註/See Remarks 7(a1)(x), 7(e)(1), 7(h), 7(j)(1)) • 認購權 75%租金回贈 港幣$2,230,652.13/ Option to Purchase 75% Rental Rebate HK$2,230,652.13 (見備註/See Remark 7(j)(1))",
2024-08-06,2024-08-13,,TOWER 8 第 8 座,20/F & R/F,A,,20749000,,"招標文件第 12.3 號支付辦法(P3) / Payment Plan (P3) of Tender Document No. 12.3 ．「Y6 先租後買 3」付款計劃 Y6 Lease with Option to Purchase Plan 3 (見備註/See Remarks 7A(a1)(ix), 7A(e), 7A(g)(2), 7A(h)(1)) ． 認購權 75%租金回贈 港幣$3,450,018.66/ Option to Purchase 75% Rental Rebate HK$3,450,018.66 (見備註/See Remark 7A(g)(2))",
2024-08-19,2024-08-26,,TOWER 13 第 13 座,6/F,G,P455,14987000,,招標文件第 12.3 號 支付辦法(H)/ Payment Plan (H) of the Tender Document No. 12.3 ．105 天付款計劃 105-day Payment Plan (見備註/See Remark 7A(a1)(i)),
2024-08-29,2024-09-05,,TOWER 3 第 3 座,8/F,C,,17945000,,"價單第3L號 付款方法 (M3) / Payment Plan (M3) of the Price List No. 3L • 「先租後買 3」付款計劃 (照售價減 4%) Lease with Option to Purchase Plan 3 (4% discount on the Price) (見備註/See Remarks 7(a1)(x), 7(e)(1), 7(h), 7(j)(1)) • 認購權 75%租金回贈 港幣$3,207,301.03/ Option to Purchase 75% Rental Rebate HK$3,207,301.03 (見備註/See Remark 7(j)(1))",
2024-09-23,2024-09-30,,TOWER 8 第 8 座,7/F,A,,16191000,,招標文件第 12.3 號 支付辦法(H)/ Payment Plan (H) of the Tender Document No. 12.3 ．105 天付款計劃 105-day Payment Plan (見備註/See Remark 7A(a1)(i)),
2024-10-18,2024-10-25,,TOWER 11 第 11 座,19/F,G,,9549000,,"價單第3L號 付款方法 (M3) / Payment Plan (M3) of the Price List No. 3L • 「先租後買 3」付款計劃 (照售價減 4%) Lease with Option to Purchase Plan 3 (4% discount on the Price) (見備註/See Remarks 7(a1)(x), 7(e)(1), 7(h), 7(j)(1)) • 認購權 75%租金回贈 港幣$1,716,484.65/ Option to Purchase 75% Rental Rebate HK$1,716,484.65 (見備註/See Remark 7(j)(1))",
2024-11-01,2024-11-08,,TOWER 8 第 8 座,G/F,C,,16014000,,"招標文件第 12.3 號支付辦法(M4) / Payment Plan (M4) of Tender Document No. 12.3 ． 「先租後買 4」付款計劃 Lease with Option to Purchase Plan 4 (見備註/See Remarks 7A(a1)(xi), 7A(e), 7A(g)(1)) ． 認購權 75%租金回贈 港幣$2,670,026.54/ Option to Purchase 75% Rental Rebate HK$2,670,026.54 (見備註/See Remark 7A(g)(1))",
2024-11-04,2024-11-11,,TOWER 9 第 9 座,18/F,D,,16817000,,"價單第4F號 付款方法 (M4) / Payment Plan (M4) of the Price List No. 4F • 「先租後買 4」付款計劃 (照售價減 2%) Lease with Option to Purchase Plan 4 (2% discount on the Price) (見備註/See Remarks 7(a1)(xiii), 7(e)(1), 7(h), 7(j)(1)) • 認購權 75%租金回贈 港幣$2,768,185.05/ Option to Purchase 75% Rental Rebate HK$2,768,185.05 (見備註/See Remark 7(j)(1))",
2024-11-11,2024-11-18,,TOWER 9 第 9 座,6/F,D,,15318000,,"價單第2M號 付款方法 (M4) / Payment Plan (M4) of the Price List No. 2M • 「先租後買 4」付款計劃 (照售價減 2%) Lease with Option to Purchase Plan 4 (2% discount on the Price) (見備註/See Remarks 7(a1)(xiii), 7(e)(1), 7(h), 7(j)(1)) • 認購權 75%租金回贈 港幣$2,578,284.52/ Option to Purchase 75% Rental Rebate HK$2,578,284.52 (見備註/See Remark 7(j)(1))",
2024-11-15,2024-11-22,,TOWER 11 第 11 座,7/F,D,P470,15276000,,招標文件第 12.2 號 支付辦法(H)/ Payment Plan (H) of the Tender Document No. 12.2 105 天付款計劃 105-day Payment Plan (見備註/See Remark 7A(a1)(i)),
2024-11-22,2024-11-29,,TOWER 13 第 13 座,7/F,A,P459,15129000,,招標文件第 12.2 號 支付辦法(H)/ Payment Plan (H) of the Tender Document No. 12.2 ．105 天付款計劃 105-day Payment Plan (見備註/See Remark 7A(a1)(i)),
2024-11-25,2024-12-02,,TOWER 8 第 8 座,7/F,C,,15601000,,招標文件第 12.3 號 支付辦法(H)/ Payment Plan (H) of the Tender Document No. 12.3 ．105 天付款計劃 105-day Payment Plan (見備註/See Remark 7A(a1)(i)),
2024-12-02,2024-12-09,,TOWER 8 第 8 座,5/F,F,,15902000,,"招標文件第 12.3 號支付辦法(M4) / Payment Plan (M4) of Tender Document No. 12.3 ． 「先租後買 4」付款計劃 Lease with Option to Purchase Plan 4 (見備註/See Remarks 7A(a1)(xi), 7A(e), 7A(g)(1)) ． 認購權 75%租金回贈 港幣$2,732,881.70/ Option to Purchase 75% Rental Rebate HK$2,732,881.70 (見備註/See Remark 7A(g)(1))",
2025-01-03,2025-01-10,,TOWER 8 第 8 座,8/F,B,,15932000,,招標文件第 13 號 支付辦法(H)/ Payment Plan (H) of the Tender Document No. 13 ．105 天付款計劃 105-day Payment Plan (見備註/See Remark 7A(a1)(i)),
2025-01-14,2025-01-21,,TOWER 11 第 11 座,2/F,E,P471,14776000,,招標文件第 13 號 支付辦法(H)/ Payment Plan (H) of the Tender Document No. 13 ．105 天付款計劃 105-day Payment Plan (見備註/See Remark 7A(a1)(i)),
2025-01-24,2025-02-05,,TOWER 2 第 2 座,7/F,D,,29450000,,招標文件第 13 號 支付辦法(H)/ Payment Plan (H) of the Tender Document No. 13 ．105 天付款計劃 105-day Payment Plan (見備註/See Remark 7A(a1)(i)),
2025-02-06,2025-02-13,,TOWER 5 第 5 座,16/F,E,,16455000,,"價單第4F號 付款方法 (M4) / Payment Plan (M4) of the Price List No. 4F • 「先租後買 4」付款計劃 (照售價減 2%) Lease with Option to Purchase Plan 4 (2% discount on the Price) (見備註/See Remarks 7(a1)(xiii), 7(e)(1), 7(h), 7(j)(1)) • 認購權 75%租金回贈 港幣$2,925,762.64/ Option to Purchase 75% Rental Rebate HK$2,925,762.64 (見備註/See Remark 7(j)(1))",
2025-02-10,2025-02-17,,TOWER 10 第 10 座,18/F,J,,13804000,,"價單第4F號 付款方法 (P4) / Payment Plan (P4) of the Price List No. 4F • 「Y6 先租後買 4」付款計劃 (照售價減 2%) Y6 Lease with Option to Purchase Plan 4 (2% discount on the Price) (見備註/See Remarks 7(a1)(xiv), 7(e)(2), 7(h), 7(j)(2), 7(k)(1)) • 認購權 75%租金回贈 港幣$2,595,057.45/ Option to Purchase 75% Rental Rebate HK$2,595,057.45 (見備註/See Remark 7(j)(2))",
2025-02-21,2025-02-28,2026-05-05,TOWER 5 第 5 座,20/F & R/F,G,,12525000,,"招標文件第 13 號支付辦法(P4) / Payment Plan (P4) of Tender Document No. 13 ．「Y6 先租後買 4」付款計劃 Y6 Lease with Option to Purchase Plan 4 (見備註/See Remarks 7A(a1)(xii), 7A(e), 7A(g)(2), 7A(h)(1)) ． 認購權 75%租金回贈 港幣$2,138,429.28/ Option to Purchase 75% Rental Rebate HK$2,138,429.28 (見備註/See Remark 7A(g)(2))",
2025-03-08,2025-03-14,,TOWER 2 第 2 座,1/F,C,,14526000,,價單第3R號 付款方法 (H) / Payment Plan (H) of the Price List No. 3R • 105 天付款計劃 (照售價減 4%) 105-day Payment Plan (4% discount on the Price) (見備註/See Remark 7(a1)(i)),
2025-03-28,2025-04-07,,TOWER 9 第 9 座,10/F,D,,15838000,,"價單第2M號 付款方法 (P4) / Payment Plan (P4) of the Price List No. 2M • 「Y6 先租後買 4」付款計劃 (照售價減 2%) Y6 Lease with Option to Purchase Plan 4 (2% discount on the Price) (見備註/See Remarks 7(a1)(xiv), 7(e)(2), 7(h), 7(j)(2), 7(k)(1)) • 認購權 75%租金回贈 港幣$2,824,804.94/ Option to Purchase 75% Rental Rebate HK$2,824,804.94 (見備註/See Remark 7(j)(2))",
2025-04-29,2025-05-08,,TOWER 11 第 11 座,8/F,E,P466,15400000,,招標文件第 13.1 號 支付辦法(H)/ Payment Plan (H) of the Tender Document No. 13.1 ．105 天付款計劃 105-day Payment Plan (見備註/See Remark 7A(a1)(i)),
2025-04-30,2025-05-09,,TOWER 2 第 2 座,9/F,A,,30722000,,招標文件第 13.1 號 支付辦法(H)/ Payment Plan (H) of the Tender Document No. 13.1 ．105 天付款計劃 105-day Payment Plan (見備註/See Remark 7A(a1)(i)),
2025-05-28,2025-06-04,,TOWER 8 第 8 座,9/F,B,,16055000,,招標文件第 13.1 號 支付辦法(H)/ Payment Plan (H) of the Tender Document No. 13.1 ．105 天付款計劃 105-day Payment Plan (見備註/See Remark 7A(a1)(i)),
2025-06-10,2025-06-17,,TOWER 2 第 2 座,11/F,D,,30525000,,價單第3T號 付款方法 (H) / Payment Plan (H) of the Price List No. 3T • 105 天付款計劃 (照售價減 4%) 105-day Payment Plan (4% discount on the Price) (見備註/See Remark 7(a1)(i)),
2025-06-23,2025-06-30,,TOWER 11 第 11 座,5/F,E,,15034000,,招標文件第 13.1 號 支付辦法(H)/ Payment Plan (H) of the Tender Document No. 13.1 ．105 天付款計劃 105-day Payment Plan (見備註/See Remark 7A(a1)(i)),
2025-07-11,2025-07-18,,TOWER 11 第 11 座,6/F,D,P467,15148000,,招標文件第 13.1 號 支付辦法(H)/ Payment Plan (H) of the Tender Document No. 13.1 ．105 天付款計劃 105-day Payment Plan (見備註/See Remark 7A(a1)(i)),
2025-07-18,2025-07-25,,TOWER 8 第 8 座,3/F,A,,15782000,,"招標文件第 13.1 號支付辦法(M4) / Payment Plan (M4) of Tender Document No. 13.1 ． 「先租後買 4」付款計劃 Lease with Option to Purchase Plan 4 (見備註/See Remarks 7A(a1)(xi), 7A(e), 7A(g)(1)) ． 認購權 75%租金回贈 港幣$2,634,264.54/ Option to Purchase 75% Rental Rebate HK$2,634,264.54 (見備註/See Remark 7A(g)(1))",
2025-07-18,2025-07-25,,TOWER 8 第 8 座,6/F,C,,15465000,,"招標文件第 13.1 號支付辦法(M4) / Payment Plan (M4) of Tender Document No. 13.1 ． 「先租後買 4」付款計劃 Lease with Option to Purchase Plan 4 (見備註/See Remarks 7A(a1)(xi), 7A(e), 7A(g)(1)) ． 認購權 75%租金回贈 港幣$2,662,008.20/ Option to Purchase 75% Rental Rebate HK$2,662,008.20 (見備註/See Remark 7A(g)(1))",
2025-07-29,2025-08-06,,TOWER 5 第 5 座,19/F,E,,16502000,,價單第3T號 付款方法 (H) / Payment Plan (H) of the Price List No. 3T • 105 天付款計劃 (照售價減 4%) 105-day Payment Plan (4% discount on the Price) (見備註/See Remark 7(a1)(i)),
2025-08-01,2025-08-08,,TOWER 8 第 8 座,2/F,B,,15254000,,招標文件第 13.1 號 支付辦法(H)/ Payment Plan (H) of the Tender Document No. 13.1 ．105 天付款計劃 105-day Payment Plan (見備註/See Remark 7A(a1)(i)),
2025-08-01,2025-08-08,,TOWER 8 第 8 座,2/F,C,,14752000,,招標文件第 13.1 號 支付辦法(H)/ Payment Plan (H) of the Tender Document No. 13.1 ．105 天付款計劃 105-day Payment Plan (見備註/See Remark 7A(a1)(i)),
2025-09-01,2025-09-09,,TOWER 11 第 11 座,3/F,E,,14905000,,招標文件第 13.1 號 支付辦法(H)/ Payment Plan (H) of the Tender Document No. 13.1 ．105 天付款計劃 105-day Payment Plan (見備註/See Remark 7A(a1)(i)),
2025-09-16,2025-09-23,,TOWER 7 第 7 座,6/F,D,,15286000,,價單第1S號 付款方法 (H) / Payment Plan (H) of the Price List No. 1S • 105 天付款計劃 (照售價減 4%) 105-day Payment Plan (4% discount on the Price) (見備註/See Remark 7(a1)(i)),
2025-09-19,2025-09-26,,TOWER 12 第 12 座,12/F,G,,15829000,,招標文件第 13.1 號 支付辦法(H)/ Payment Plan (H) of the Tender Document No. 13.1 ．105 天付款計劃 105-day Payment Plan (見備註/See Remark 7A(a1)(i)),
2025-09-22,2025-09-29,,TOWER 9 第 9 座,11/F,A,,15642000,,價單第2T號 付款方法 (H) / Payment Plan (H) of the Price List No. 2T • 105 天付款計劃 (照售價減 4%) 105-day Payment Plan (4% discount on the Price) (見備註/See Remark 7(a1)(i)),
2025-09-26,2025-10-06,,TOWER 2 第 2 座,8/F,C,,15551000,,"價單第2T號 付款方法 (I) / Payment Plan (I) of the Price List No. 2T • 105 天一按付款計劃 (照售價減 2.5%) 105-day First Mortgage Loan Payment Plan (2.5% discount on the Price) (見備註 /See Remarks 7(a1)(ii), 7(g5)))",
2025-09-26,2025-10-06,,TOWER 9 第 9 座,7/F,A,,15133000,,價單第2T號 付款方法 (H) / Payment Plan (H) of the Price List No. 2T • 105 天付款計劃 (照售價減 4%) 105-day Payment Plan (4% discount on the Price) (見備註/See Remark 7(a1)(i)),
2025-10-31,2025-11-07,,TOWER 9 第 9 座,12/F,H,,10627000,,價單第4M號 付款方法 (H) / Payment Plan (H) of the Price List No. 4M • 105 天付款計劃 (照售價減 4%) 105-day Payment Plan (4% discount on the Price) (見備註/See Remark 7(a1)(i)),
2025-11-03,2025-11-10,,TOWER 8 第 8 座,3/F,B,,15708000,,"招標文件第 14 號支付辦法(L5) / Payment Plan (L5) of Tender Document No. 14 ．「現有租客置業易 5」付款計劃 Sitting Tenant Acquisition Plan 5 (見備註/See Remarks 7A(a1)(xv), 7A(e), 7A(f)) ． 現有租客租金回贈 港幣$1,638,796.27 / Sitting Tenant Rental Rebate HK$1,638,796.27 (見備註/See Remark 7A(f))",
2025-11-13,2025-11-20,,TOWER 13 第 13 座,19/F,D,,10426000,,價單第3U號 付款方法 (H) / Payment Plan (H) of the Price List No. 3U • 105 天付款計劃 (照售價減 4%) 105-day Payment Plan (4% discount on the Price) (見備註/See Remark 7(a1)(i)),
2025-11-18,2025-11-25,2026-04-09,TOWER 2 第 2 座,10/F,D,,30203000,,價單第4N號 付款方法 (H) / Payment Plan (H) of the Price List No. 4N • 105 天付款計劃 (照售價減 4%) 105-day Payment Plan (4% discount on the Price) (見備註/See Remark 7(a1)(i)),
2025-11-27,2025-12-04,,TOWER 9 第 9 座,G/F,B,,13709000,,招標文件第 14 號 支付辦法(H)/ Payment Plan (H) of the Tender Document No. 14 ．105 天付款計劃 105-day Payment Plan (見備註/See Remark 7A(a1)(i)),
2025-11-28,2025-12-05,,TOWER 13 第 13 座,G/F,A,,18835200,,招標文件第 14 號 支付辦法(H)/ Payment Plan (H) of the Tender Document No. 14 ．105 天付款計劃 105-day Payment Plan (見備註/See Remark 7A(a1)(i)),
2025-12-01,2025-12-08,,TOWER 8 第 8 座,3/F,F,,15767000,,招標文件第 14 號 支付辦法(H)/ Payment Plan (H) of the Tender Document No. 14 ．105 天付款計劃 105-day Payment Plan (見備註/See Remark 7A(a1)(i)),
2025-12-03,2025-12-10,,TOWER 13 第 13 座,3/F,G,P456,14732000,,招標文件第 14 號 支付辦法(H)/ Payment Plan (H) of the Tender Document No. 14 ．105 天付款計劃 105-day Payment Plan (見備註/See Remark 7A(a1)(i)),
2025-12-08,2025-12-15,,TOWER 13 第 13 座,7/F,G,,15114000,,招標文件第 14 號 支付辦法(H)/ Payment Plan (H) of the Tender Document No. 14 ．105 天付款計劃 105-day Payment Plan (見備註/See Remark 7A(a1)(i)),
2026-01-12,2026-01-19,,TOWER 13 第 13 座,6/F,A,P437,15001000,,招標文件第 14 號 支付辦法(H)/ Payment Plan (H) of the Tender Document No. 14 ．105 天付款計劃 105-day Payment Plan (見備註/See Remark 7A(a1)(i)),
2026-01-16,2026-01-23,,TOWER 13 第 13 座,5/F,A,P460,14874000,,招標文件第14 號 支付辦法(H)/ Payment Plan (H) of the Tender Document No.14 ．105 天付款計劃 105-day Payment Plan (見備註/See Remark 7A(a1)(i)),
2026-01-16,2026-01-23,,TOWER 13 第 13 座,5/F,G,,14859000,,招標文件第 14 號 支付辦法(H)/ Payment Plan (H) of the Tender Document No. 14 ．105 天付款計劃 105-day Payment Plan (見備註/See Remark 7A(a1)(i)),
2026-01-20,2026-01-27,,TOWER 2 第 2 座,7/F,C,,15180000,,價單第2U號 付款方法 (H) / Payment Plan (H) of the Price List No. 2U • 105 天付款計劃 (照售價減 4%) 105-day Payment Plan (4% discount on the Price) (見備註/See Remark 7(a1)(i)),
2026-01-26,2026-02-02,,TOWER 2 第 2 座,12/F,C,,15795000,,價單第4N號 付款方法 (H) / Payment Plan (H) of the Price List No. 4N • 105 天付款計劃 (照售價減 4%) 105-day Payment Plan (4% discount on the Price) (見備註/See Remark 7(a1)(i)),
2026-01-26,2026-02-02,,TOWER 8 第 8 座,5/F,C,,15017000,,招標文件第 14 號 支付辦法(H)/ Payment Plan (H) of the Tender Document No. 14 ．105 天付款計劃 105-day Payment Plan (見備註/See Remark 7A(a1)(i)),
2026-01-27,2026-02-03,,TOWER 3 第 3 座,7/F,A,,19286000,,價單第3U號 付款方法 (H) / Payment Plan (H) of the Price List No. 3U • 105 天付款計劃 (照售價減 4%) 105-day Payment Plan (4% discount on the Price) (見備註/See Remark 7(a1)(i)),
2026-01-29,,,TOWER 2 第 2 座,16/F,A,,31160000,,招標文件第 14 號 支付辦法(H)/ Payment Plan (H) of the Tender Document No. 14 ．105 天付款計劃 105-day Payment Plan (見備註/See Remark 7A(a1)(i)),
2026-02-04,2026-02-11,,TOWER 8 第 8 座,18/F,B,,17103000,,招標文件第 14 號 支付辦法(H)/ Payment Plan (H) of the Tender Document No. 14 ．105 天付款計劃 105-day Payment Plan (見備註/See Remark 7A(a1)(i)),
2026-02-09,2026-02-16,,TOWER 9 第 9 座,9/F,A,,15388000,,價單第2U號 付款方法 (H) / Payment Plan (H) of the Price List No. 2U • 105 天付款計劃 (照售價減 4%) 105-day Payment Plan (4% discount on the Price) (見備註/See Remark 7(a1)(i)),
2026-02-09,2026-02-16,,TOWER 11 第 11 座,1/F,E,P476,14647000,,招標文件第 14 號 支付辦法(H)/ Payment Plan (H) of the Tender Document No. 14 ．105 天付款計劃 105-day Payment Plan (見備註/See Remark 7A(a1)(i)),
2026-02-09,2026-02-16,,TOWER 13 第 13 座,2/F,G,P463,14604000,,招標文件第14號 支付辦法(H)/ Payment Plan (H) of the Tender Document No. 14 ．105 天付款計劃 105-day Payment Plan (見備註/See Remark 7A(a1)(i)),
2026-02-10,2026-02-20,,TOWER 7 第 7 座,5/F,A,,14781000,,價單第1T號 付款方法 (H) / Payment Plan (H) of the Price List No. 1T • 105 天付款計劃 (照售價減 4%) 105-day Payment Plan (4% discount on the Price) (見備註/See Remark 7(a1)(i)),
2026-02-11,2026-02-23,,TOWER 9 第 9 座,17/F,D,,16151000,,價單第4N號 付款方法 (H) / Payment Plan (H) of the Price List No. 4N • 105 天付款計劃 (照售價減 4%) 105-day Payment Plan (4% discount on the Price) (見備註/See Remark 7(a1)(i)),
2026-02-15,2026-02-25,,TOWER 12 第 12 座,2/F,A,,14768000,,價單第1T號 付款方法 (H) / Payment Plan (H) of the Price List No. 1T • 105 天付款計劃 (照售價減 4%) 105-day Payment Plan (4% discount on the Price) (見備註/See Remark 7(a1)(i)),
2026-02-23,2026-03-02,,TOWER 13 第 13 座,1/F,G,P438,14477000,,招標文件第14號 支付辦法(H)/ Payment Plan (H) of the Tender Document No. 14 ．105 天付款計劃 105-day Payment Plan (見備註/See Remark 7A(a1)(i)),
2026-03-02,2026-03-09,,TOWER 8 第 8 座,1/F,A,,15192000,,招標文件第 14 號 支付辦法(H)/ Payment Plan (H) of the Tender Document No. 14 ．105 天付款計劃 105-day Payment Plan (見備註/See Remark 7A(a1)(i)),
2026-03-03,2026-03-10,,TOWER 8 第 8 座,8/F,C,,15425000,,招標文件第 14 號 支付辦法(H)/ Payment Plan (H) of the Tender Document No. 14 ．105 天付款計劃 105-day Payment Plan (見備註/See Remark 7A(a1)(i)),
2026-03-04,2026-03-11,,TOWER 2 第 2 座,6/F,D,,29217000,,招標文件第 14 號 支付辦法(H)/ Payment Plan (H) of the Tender Document No. 14 ．105 天付款計劃 105-day Payment Plan (見備註/See Remark 7A(a1)(i)),
2026-03-09,2026-03-16,,TOWER 9 第 9 座,12/F,A,,15769000,,價單第3U號 付款方法 (H) / Payment Plan (H) of the Price List No. 3U • 105 天付款計劃 (照售價減 4%) 105-day Payment Plan (4% discount on the Price) (見備註/See Remark 7(a1)(i)),
2026-03-13,2026-03-20,,TOWER 11 第 11 座,8/F,D,,15416000,,招標文件第 14 號 支付辦法(H)/ Payment Plan (H) of the Tender Document No. 14 ．105 天付款計劃 105-day Payment Plan (見備註/See Remark 7A(a1)(i)),
2026-03-16,2026-03-23,,TOWER 6 第 6 座,19/F,A,,16159000,,價單第4N號 付款方法 (H) / Payment Plan (H) of the Price List No. 4N • 105 天付款計劃 (照售價減 4%) 105-day Payment Plan (4% discount on the Price) (見備註/See Remark 7(a1)(i)),
2026-03-16,2026-03-23,,TOWER 8 第 8 座,12/F,B,,16455000,,招標文件第 14 號 支付辦法(H)/ Payment Plan (H) of the Tender Document No. 14 ．105 天付款計劃 105-day Payment Plan (見備註/See Remark 7A(a1)(i)),
2026-03-18,2026-03-25,,TOWER 8 第 8 座,10/F,B,,16188000,,招標文件第 14 號 支付辦法(H)/ Payment Plan (H) of the Tender Document No. 14 ．105 天付款計劃 105-day Payment Plan (見備註/See Remark 7A(a1)(i)),
2026-03-19,2026-03-26,,TOWER 12 第 12 座,12/F,E,,15619000,,招標文件第 14 號 支付辦法(H)/ Payment Plan (H) of the Tender Document No. 14 ．105 天付款計劃 105-day Payment Plan (見備註/See Remark 7A(a1)(i)),
2026-03-23,2026-03-30,,TOWER 8 第 8 座,11/F,B,,16322000,,招標文件第 14 號 支付辦法(H)/ Payment Plan (H) of the Tender Document No. 14 ．105 天付款計劃 105-day Payment Plan (見備註/See Remark 7A(a1)(i)),
2026-03-24,2026-03-31,,TOWER 5 第 5 座,1/F,E,,14589000,,價單第1T號 付款方法 (H) / Payment Plan (H) of the Price List No. 1T • 105 天付款計劃 (照售價減 4%) 105-day Payment Plan (4% discount on the Price) (見備註/See Remark 7(a1)(i)),
2026-03-31,2026-04-10,,TOWER 13 第 13 座,2/F,A,P442,14619000,,招標文件第 14 號 支付辦法(H)/ Payment Plan (H) of the Tender Document No. 14 ．105 天付款計劃 105-day Payment Plan (見備註/See Remark 7A(a1)(i)),
2026-04-08,2026-04-15,,TOWER 11 第 11 座,5/F,D,P472,15019000,,招標文件第 14號 支付辦法(H)/ Payment Plan (H) of the Tender Document No.14 ．105 天付款計劃 105-day Payment Plan (見備註/See Remark 7A(a1)(i)),
2026-04-11,2026-04-17,,TOWER 1 第 1 座,17/F,B,,11599000,,價單第4N號 付款方法 (H) / Payment Plan (H) of the Price List No. 4N • 105 天付款計劃 (照售價減 4%) 105-day Payment Plan (4% discount on the Price) (見備註/See Remark 7(a1)(i)),
2026-04-14,2026-04-21,,TOWER 13 第 13 座,15/F,G,,15732000,,招標文件第 14 號 支付辦法(H)/ Payment Plan (H) of the Tender Document No. 14 ．105 天付款計劃 105-day Payment Plan (見備註/See Remark 7A(a1)(i)),
2026-04-15,2026-04-22,,TOWER 5 第 5 座,8/F,D,,15168000,,價單第2U號 付款方法 (H) / Payment Plan (H) of the Price List No. 2U • 105 天付款計劃 (照售價減 4%) 105-day Payment Plan (4% discount on the Price) (見備註/See Remark 7(a1)(i)),
2026-04-16,2026-04-23,,TOWER 7 第 7 座,18/F,E,,16889000,,價單第4N號 付款方法 (H) / Payment Plan (H) of the Price List No. 4N • 105 天付款計劃 (照售價減 4%) 105-day Payment Plan (4% discount on the Price) (見備註/See Remark 7(a1)(i)),
2026-04-16,2026-04-23,,TOWER 8 第 8 座,1/F,F,,15497000,,"招標文件第 14 號支付辦法(M4) / Payment Plan (M4) of Tender Document No. 14 ． 「先租後買 4」付款計劃 Lease with Option to Purchase Plan 4 (見備註/See Remarks 7A(a1)(xi), 7A(e), 7A(g)(1)) ． 認購權 75%租金回贈 港幣$2,630,910.53/ Option to Purchase 75% Rental Rebate HK$2,630,910.53 (見備註/See Remark 7A(g)(1))",
2026-04-16,2026-04-23,,TOWER 13 第 13 座,3/F,A,P453,14747000,,招標文件第 14 號 支付辦法(H)/ Payment Plan (H) of the Tender Document No. 14 ．105 天付款計劃 105-day Payment Plan (見備註/See Remark 7A(a1)(i)),
2026-04-17,2026-04-24,,TOWER 11 第 11 座,3/F,D,P468,14891000,,招標文件第 14 號 支付辦法(H)/ Payment Plan (H) of the Tender Document No. 14 ．105 天付款計劃 105-day Payment Plan (見備註/See Remark 7A(a1)(i)),
2026-04-19,2026-04-24,,TOWER 6 第 6 座,5/F,D,,14788000,,價單第1T號 付款方法 (H) / Payment Plan (H) of the Price List No. 1T • 105 天付款計劃 (照售價減 4%) 105-day Payment Plan (4% discount on the Price) (見備註/See Remark 7(a1)(i)),
2026-04-20,2026-04-27,,TOWER 5 第 5 座,7/F,D,,15031000,,價單第1T號 付款方法 (H) / Payment Plan (H) of the Price List No. 1T • 105 天付款計劃 (照售價減 4%) 105-day Payment Plan (4% discount on the Price) (見備註/See Remark 7(a1)(i)),
2026-04-21,2026-04-28,,TOWER 2 第 2 座,16/F,A,,31260000,,招標文件第 14 號 支付辦法(H)/ Payment Plan (H) of the Tender Document No. 14 ．105 天付款計劃 105-day Payment Plan (見備註/See Remark 7A(a1)(i)),
2026-04-21,2026-04-28,,TOWER 7 第 7 座,5/F,D,,15154000,,價單第1T號 付款方法 (H) / Payment Plan (H) of the Price List No. 1T • 105 天付款計劃 (照售價減 4%) 105-day Payment Plan (4% discount on the Price) (見備註/See Remark 7(a1)(i)),
2026-04-21,2026-04-28,,TOWER 8 第 8 座,9/F,C,,15548000,,招標文件第 14 號 支付辦法(H)/ Payment Plan (H) of the Tender Document No. 14 ．105 天付款計劃 105-day Payment Plan (見備註/See Remark 7A(a1)(i)),
2026-04-23,2026-04-30,,TOWER 6 第 6 座,7/F,A,,14893000,,價單第1T號 付款方法 (H) / Payment Plan (H) of the Price List No. 1T • 105 天付款計劃 (照售價減 4%) 105-day Payment Plan (4% discount on the Price) (見備註/See Remark 7(a1)(i)),
2026-04-23,2026-04-30,,TOWER 7 第 7 座,8/F,D,,15540000,,價單第4N號 付款方法 (H) / Payment Plan (H) of the Price List No. 4N • 105 天付款計劃 (照售價減 4%) 105-day Payment Plan (4% discount on the Price) (見備註/See Remark 7(a1)(i)),
2026-04-24,,,TOWER 9 第 9 座,1/F,A,,14498000,,價單第1T號 付款方法 (H) / Payment Plan (H) of the Price List No. 1T • 105 天付款計劃 (照售價減 4%) 105-day Payment Plan (4% discount on the Price) (見備註/See Remark 7(a1)(i)),
2026-04-27,2026-05-05,,TOWER 8 第 8 座,10/F,C,,15681000,,招標文件第 14 號 支付辦法(H)/ Payment Plan (H) of the Tender Document No. 14 ．105 天付款計劃 105-day Payment Plan (見備註/See Remark 7A(a1)(i)),
2026-04-27,2026-05-05,,TOWER 8 第 8 座,11/F,C,,15813000,,招標文件第 14 號 支付辦法(H)/ Payment Plan (H) of the Tender Document No. 14 ．105 天付款計劃 105-day Payment Plan (見備註/See Remark 7A(a1)(i)),
2026-04-29,2026-05-07,,TOWER 13 第 13 座,1/F,A,P457,14577000,,招標文件第 14 號 支付辦法(H)/ Payment Plan (H) of the Tender Document No. 14 ．105 天付款計劃 105-day Payment Plan (見備註/See Remark 7A(a1)(i)),
2026-05-03,2026-05-08,,TOWER 7 第 7 座,19/F,E,,17011000,,價單第4N號 付款方法 (H) / Payment Plan (H) of the Price List No. 4N • 105 天付款計劃 (照售價減 4%) 105-day Payment Plan (4% discount on the Price) (見備註/See Remark 7(a1)(i)),
2026-05-04,2026-05-11,,TOWER 7 第 7 座,1/F,D,,14758000,,價單第1T號 付款方法 (H) / Payment Plan (H) of the Price List No. 1T • 105 天付款計劃 (照售價減 4%) 105-day Payment Plan (4% discount on the Price) (見備註/See Remark 7(a1)(i)),
2026-05-04,2026-05-11,,TOWER 8 第 8 座,6/F,B,,15981000,,"招標文件第 14 號支付辦法(M4) / Payment Plan (M4) of Tender Document No. 14 ． 「先租後買 4」付款計劃 Lease with Option to Purchase Plan 4 (見備註/See Remarks 7A(a1)(xi), 7A(e), 7A(g)(1)) ． 認購權 75%租金回贈 港幣$2,660,641.08/ Option to Purchase 75% Rental Rebate HK$2,660,641.08(見備註/See Remark 7A(g)(1))",
2026-05-04,,,TOWER 11 第 11 座,1/F,D,P473,14718000,,招標文件第 14 號 支付辦法(H)/ Payment Plan (H) of the Tender Document No. 14 ．105 天付款計劃 105-day Payment Plan (見備註/See Remark 7A(a1)(i)),
2026-05-04,2026-05-11,,TOWER 11 第 11 座,10/F,E,,15773000,,"招標文件第 14 號 支付辦法(I)/ Payment Plan (I) of the Tender Document No. 14 ．105 天一按付款計劃 105-day First Mortgage Loan Payment Plan (見備註/See Remark 7A(a1)(ii), 7A(c6))",
2026-05-04,2026-05-11,,TOWER 12 第 12 座,15/F,G,,15960000,,招標文件第 14 號 支付辦法(H)/ Payment Plan (H) of the Tender Document No. 14 ．105 天付款計劃 105-day Payment Plan (見備註/See Remark 7A(a1)(i)),
2026-05-05,2026-05-12,,TOWER 5 第 5 座,2/F,D,,14521000,,價單第1T號 付款方法 (H) / Payment Plan (H) of the Price List No. 1T • 105 天付款計劃 (照售價減 4%) 105-day Payment Plan (4% discount on the Price) (見備註/See Remark 7(a1)(i)),
2026-05-07,2026-05-14,,TOWER 6 第 6 座,10/F,D,,15425000,,價單第4N號 付款方法 (H) / Payment Plan (H) of the Price List No. 4N • 105 天付款計劃 (照售價減 4%) 105-day Payment Plan (4% discount on the Price) (見備註/See Remark 7(a1)(i)),
2026-05-07,2026-05-14,,TOWER 7 第 7 座,6/F,A,,14911000,,價單第1T號 付款方法 (H) / Payment Plan (H) of the Price List No. 1T • 105 天付款計劃 (照售價減 4%) 105-day Payment Plan (4% discount on the Price) (見備註/See Remark 7(a1)(i)),
2026-05-08,2026-05-15,,TOWER 1 第 1 座,18/F & R/F,B,,13306000,,招標文件第 14.1 號 支付辦法(H)/ Payment Plan (H) of the Tender Document No. 14.1 ．105 天付款計劃 105-day Payment Plan (見備註/See Remark 7A(a1)(i)),
2026-05-08,2026-05-15,,TOWER 8 第 8 座,17/F,B,,16857000,,招標文件第 14.1 號 支付辦法(H)/ Payment Plan (H) of the Tender Document No. 14.1 ．105 天付款計劃 105-day Payment Plan (見備註/See Remark 7A(a1)(i)),
2026-05-08,2026-05-15,,TOWER 12 第 12 座,2/F,G,,14811000,,價單第1T號 付款方法 (H) / Payment Plan (H) of the Price List No. 1T • 105 天付款計劃 (照售價減 4%) 105-day Payment Plan (4% discount on the Price) (見備註/See Remark 7(a1)(i)),
2026-05-09,2026-05-15,,TOWER 3 第 3 座,1/F,A,,19688000,,價單第3U號 付款方法 (H) / Payment Plan (H) of the Price List No. 3U • 105 天付款計劃 (照售價減 4%) 105-day Payment Plan (4% discount on the Price) (見備註/See Remark 7(a1)(i)),
2026-05-09,2026-05-15,,TOWER 7 第 7 座,1/F,A,,14479000,,價單第1T號 付款方法 (H) / Payment Plan (H) of the Price List No. 1T • 105 天付款計劃 (照售價減 4%) 105-day Payment Plan (4% discount on the Price) (見備註/See Remark 7(a1)(i)),
2026-05-09,2026-05-15,,TOWER 9 第 9 座,1/F,A,,14498000,,價單第1T號 付款方法 (H) / Payment Plan (H) of the Price List No. 1T • 105 天付款計劃 (照售價減 4%) 105-day Payment Plan (4% discount on the Price) (見備註/See Remark 7(a1)(i)),
2026-05-11,2026-05-18,,TOWER 12 第 12 座,11/F,G,,15700000,,招標文件第 14.1 號 支付辦法(H)/ Payment Plan (H) of the Tender Document No. 14.1 ．105 天付款計劃 105-day Payment Plan (見備註/See Remark 7A(a1)(i)),
2026-05-13,2026-05-20,,TOWER 5 第 5 座,17/F,E,,16586000,,"價單第4G號 付款方法 (M4) / Payment Plan (M4) of the Price List No. 4G • 「先租後買 4」付款計劃 (照售價減 2%) Lease with Option to Purchase Plan 4 (2% discount on the Price) (見備註/See Remarks 7(a1)(xiii), 7(e)(1), 7(h), 7(j)(1)) • 認購權 75%租金回贈 港幣$2,961,082.09/ Option to Purchase 75% Rental Rebate HK$$2,961,082.09 (見備註/See Remark 7(j)(1))",
2026-05-13,2026-05-20,,TOWER 13 第 13 座,12/F,G,,15604000,,招標文件第 14.1 號 支付辦法(H)/ Payment Plan (H) of the Tender Document No. 14.1 ．105 天付款計劃 105-day Payment Plan (見備註/See Remark 7A(a1)(i)),
2026-05-14,2026-05-21,,TOWER 11 第 11 座,1/F,D,P473,14718000,,招標文件第 14.1 號 支付辦法(H)/ Payment Plan (H) of the Tender Document No. 14.1 ．105 天付款計劃 105-day Payment Plan (見備註/See Remark 7A(a1)(i)),
2026-05-15,2026-05-22,,TOWER 8 第 8 座,15/F,B,,16590000,,招標文件第 14.1 號 支付辦法(H)/ Payment Plan (H) of the Tender Document No. 14.1 ．105 天付款計劃 105-day Payment Plan (見備註/See Remark 7A(a1)(i)),
2026-05-26,2026-06-02,,TOWER 8 第 8 座,16/F,B,,16723000,,招標文件第 14.1 號 支付辦法(H)/ Payment Plan (H) of the Tender Document No. 14.1 ．105 天付款計劃 105-day Payment Plan (見備註/See Remark 7A(a1)(i)),
2026-05-29,2026-06-05,,TOWER 11 第 11 座,15/F,D,,15901000,,招標文件第 14.1 號 支付辦法(H)/ Payment Plan (H) of the Tender Document No. 14.1 ．105 天付款計劃 105-day Payment Plan (見備註/See Remark 7A(a1)(i)),
2026-06-02,2026-06-09,,TOWER 12 第 12 座,19/F,A,,16432000,,招標文件第 14.1 號 支付辦法(H)/ Payment Plan (H) of the Tender Document No. 14.1 ．105 天付款計劃 105-day Payment Plan (見備註/See Remark 7A(a1)(i)),
2026-06-02,2026-06-09,,TOWER 12 第 12 座,19/F,G,,16479000,,招標文件第 14.1 號 支付辦法(H)/ Payment Plan (H) of the Tender Document No. 14.1 ．105 天付款計劃 105-day Payment Plan (見備註/See Remark 7A(a1)(i)),
2026-06-05,2026-06-12,,TOWER 9 第 9 座,20/F & R/F,E,,20272000,,"招標文件第 14.1 號支付辦法(M4) / Payment Plan (M4) of Tender Document No. 14.1 ． 「先租後買 4」付款計劃 Lease with Option to Purchase Plan 4 (見備註/See Remarks 7A(a1)(xi), 7A(e), 7A(g)(1)) ． 認購權 75%租金回贈 港幣$3,586,160.87/ Option to Purchase 75% Rental Rebate HK$3,586,160.87(見備註/See Remark 7A(g)(1))",
2026-06-15,2026-06-23,,TOWER 2 第 2 座,12/F,D,,31490000,,"價單第4G號 付款方法 (M4) / Payment Plan (M4) of the Price List No. 4G • 「先租後買 4」付款計劃 (照售價減 2%) Lease with Option to Purchase Plan 4 (2% discount on the Price) (見備註/See Remarks 7(a1)(xiii), 7(e)(1), 7(h), 7(j)(1)) • 認購權 75%租金回贈 港幣$5,786,287.50/ Option to Purchase 75% Rental Rebate HK$5,786,287.50 (見備註/See Remark 7(j)(1))",
2026-06-15,2026-06-23,,TOWER 12 第 12 座,1/F,D,,13668000,,價單第1T號 付款方法 (H) / Payment Plan (H) of the Price List No. 1T • 105 天付款計劃 (照售價減 4%) 105-day Payment Plan (4% discount on the Price) (見備註/See Remark 7(a1)(i)),
2026-06-18,2026-06-26,,TOWER 12 第 12 座,10/F,G,,15570000,,招標文件第 14.1 號 支付辦法(H)/ Payment Plan (H) of the Tender Document No. 14.1 ．105 天付款計劃 105-day Payment Plan (見備註/See Remark 7A(a1)(i)),
2026-06-25,2026-07-03,,TOWER 13 第 13 座,19/F,A,,16258000,,招標文件第 14.1 號 支付辦法(H)/ Payment Plan (H) of the Tender Document No. 14.1 ．105 天付款計劃 105-day Payment Plan (見備註/See Remark 7A(a1)(i)),
2026-07-12,2026-07-17,,TOWER 3 第 3 座,6/F,C,,17704000,,價單第4N號 付款方法 (H) / Payment Plan (H) of the Price List No. 4N • 105 天付款計劃 (照售價減 4%) 105-day Payment Plan (4% discount on the Price) (見備註/See Remark 7(a1)(i)),
2026-07-12,2026-07-17,,TOWER 7 第 7 座,7/F,A,,15039000,,價單第1T號 付款方法 (H) / Payment Plan (H) of the Price List No. 1T • 105 天付款計劃 (照售價減 4%) 105-day Payment Plan (4% discount on the Price) (見備註/See Remark 7(a1)(i)),
2026-07-13,2026-07-20,,TOWER 2 第 2 座,8/F,A,,29862000,,招標文件第 14.1 號 支付辦法(H)/ Payment Plan (H) of the Tender Document No. 14.1 ．105 天付款計劃 105-day Payment Plan (見備註/See Remark 7A(a1)(i)),
2026-07-13,2026-07-20,,TOWER 7 第 7 座,8/F,A,,15158000,,價單第4N號 付款方法 (H) / Payment Plan (H) of the Price List No. 4N • 105 天付款計劃 (照售價減 4%) 105-day Payment Plan (4% discount on the Price) (見備註/See Remark 7(a1)(i)),
2026-07-13,2026-07-20,,TOWER 7 第 7 座,9/F,D,,15661000,,價單第4N號 付款方法 (H) / Payment Plan (H) of the Price List No. 4N • 105 天付款計劃 (照售價減 4%) 105-day Payment Plan (4% discount on the Price) (見備註/See Remark 7(a1)(i)),
2026-07-13,2026-07-20,,TOWER 9 第 9 座,20/F & R/F,J,,19663000,,招標文件第 14.1 號 支付辦法(H)/ Payment Plan (H) of the Tender Document No. 14.1 ．105 天付款計劃 105-day Payment Plan (見備註/See Remark 7A(a1)(i)),
2026-07-14,2026-07-21,,TOWER 2 第 2 座,3/F,D,,28339000,,價單第1T號 付款方法 (H) / Payment Plan (H) of the Price List No. 1T • 105 天付款計劃 (照售價減 4%) 105-day Payment Plan (4% discount on the Price) (見備註/See Remark 7(a1)(i)),
2026-07-14,2026-07-21,,TOWER 3 第 3 座,5/F,A,,18981000,,價單第4N號 付款方法 (H) / Payment Plan (H) of the Price List No. 4N • 105 天付款計劃 (照售價減 4%) 105-day Payment Plan (4% discount on the Price) (見備註/See Remark 7(a1)(i)),
2026-07-14,2026-07-21,,TOWER 3 第 3 座,9/F,C,,18141000,,招標文件第 14.1 號 支付辦法(H)/ Payment Plan (H) of the Tender Document No. 14.1 ．105 天付款計劃 105-day Payment Plan (見備註/See Remark 7A(a1)(i)),
2026-07-14,2026-07-21,,TOWER 11 第 11 座,19/F,E,,16432000,,招標文件第 14.1 號 支付辦法(H)/ Payment Plan (H) of the Tender Document No. 14.1 ．105 天付款計劃 105-day Payment Plan (見備註/See Remark 7A(a1)(i)),
2026-07-15,2026-07-22,,TOWER 2 第 2 座,15/F,D,,31080000,,招標文件第 14.1 號 支付辦法(H)/ Payment Plan (H) of the Tender Document No. 14.1 ．105 天付款計劃 105-day Payment Plan (見備註/See Remark 7A(a1)(i)),
2026-07-15,2026-07-22,,TOWER 6 第 6 座,9/F,D,,15296000,,價單第4N號 付款方法 (H) / Payment Plan (H) of the Price List No. 4N • 105 天付款計劃 (照售價減 4%) 105-day Payment Plan (4% discount on the Price) (見備註/See Remark 7(a1)(i)),
2026-07-15,2026-07-22,,TOWER 12 第 12 座,8/F,E,,15365000,,"招標文件第 14.1 號 支付辦法(I)/ Payment Plan (I) of the Tender Document No. 14.1 ．105 天一按付款計劃 105-day First Mortgage Loan Payment Plan (見備註/See Remark 7A(a1)(ii), 7A(c6))",
2026-07-15,2026-07-22,,TOWER 12 第 12 座,9/F,D,,15207000,,招標文件第 14.1 號 支付辦法(H)/ Payment Plan (H) of the Tender Document No. 14.1 ．105 天付款計劃 105-day Payment Plan (見備註/See Remark 7A(a1)(i)),
2026-07-21,2026-07-28,,TOWER 3 第 3 座,6/F,A,,19134000,,價單第4N號 付款方法 (H) / Payment Plan (H) of the Price List No. 4N • 105 天付款計劃 (照售價減 4%) 105-day Payment Plan (4% discount on the Price) (見備註/See Remark 7(a1)(i)),
2026-07-22,2026-07-29,,TOWER 3 第 3 座,11/F,A,,19898000,,招標文件第 14.1 號 支付辦法(H)/ Payment Plan (H) of the Tender Document No. 14.1 ．105 天付款計劃 105-day Payment Plan (見備註/See Remark 7A(a1)(i)),
2026-07-23,2026-07-30,,TOWER 3 第 3 座,10/F,A,,19745000,,招標文件第 14.1 號 支付辦法(H)/ Payment Plan (H) of the Tender Document No. 14.1 ．105 天付款計劃 105-day Payment Plan (見備註/See Remark 7A(a1)(i)),
2026-07-23,2026-07-30,,TOWER 6 第 6 座,8/F,A,,15021000,,價單第4N號 付款方法 (H) / Payment Plan (H) of the Price List No. 4N • 105 天付款計劃 (照售價減 4%) 105-day Payment Plan (4% discount on the Price) (見備註/See Remark 7(a1)(i)),
2026-07-23,2026-07-30,,TOWER 12 第 12 座,5/F,D,,14844000,,招標文件第 14.1 號 支付辦法(H)/ Payment Plan (H) of the Tender Document No. 14.1 ．105 天付款計劃 105-day Payment Plan (見備註/See Remark 7A(a1)(i)),
2026-07-23,2026-07-30,,TOWER 12 第 12 座,8/F,G,,15330000,,招標文件第 14.1 號 支付辦法(H)/ Payment Plan (H) of the Tender Document No. 14.1 ．105 天付款計劃 105-day Payment Plan (見備註/See Remark 7A(a1)(i)),
2026-07-24,2026-07-31,,TOWER 12 第 12 座,9/F,E,,15237000,,招標文件第 14.1 號 支付辦法(H)/ Payment Plan (H) of the Tender Document No. 14.1 ．105 天付款計劃 105-day Payment Plan (見備註/See Remark 7A(a1)(i)),
2026-07-31,2026-08-07,,TOWER 12 第 12 座,5/F,A,,15027000,,招標文件第 14.1 號 支付辦法(H)/ Payment Plan (H) of the Tender Document No. 14.1 ．105 天付款計劃 105-day Payment Plan (見備註/See Remark 7A(a1)(i)),
2026-08-02,2026-08-07,,TOWER 7 第 7 座,10/F,D,,15794000,,價單第4N號 付款方法 (H) / Payment Plan (H) of the Price List No. 4N • 105 天付款計劃 (照售價減 4%) 105-day Payment Plan (4% discount on the Price) (見備註/See Remark 7(a1)(i)),
2026-08-03,2026-08-10,,TOWER 8 第 8 座,1/F,C,,14620000,,招標文件第 14.1 號 支付辦法(H)/ Payment Plan (H) of the Tender Document No. 14.1 ．105 天付款計劃 105-day Payment Plan (見備註/See Remark 7A(a1)(i)),
2026-08-15,2026-08-21,,TOWER 3 第 3 座,2/F,C,,17234000,,價單第4N號 付款方法 (H) / Payment Plan (H) of the Price List No. 4N • 105 天付款計劃 (照售價減 4%) 105-day Payment Plan (4% discount on the Price) (見備註/See Remark 7(a1)(i)),
2026-08-20,2026-08-27,,TOWER 11 第 11 座,9/F,D,,15386000,,招標文件第 14.1 號 支付辦法(H)/ Payment Plan (H) of the Tender Document No. 14.1 ．105 天付款計劃 105-day Payment Plan (見備註/See Remark 7A(a1)(i)),
2026-08-24,2026-08-31,,TOWER 8 第 8 座,1/F,B,,15120000,,招標文件第 14.1 號 支付辦法(H)/ Payment Plan (H) of the Tender Document No. 14.1 ．105 天付款計劃 105-day Payment Plan (見備註/See Remark 7A(a1)(i)),
2026-08-24,2026-08-31,,TOWER 8 第 8 座,15/F,C,,16078000,,招標文件第 14.1 號 支付辦法(H)/ Payment Plan (H) of the Tender Document No. 14.1 ．105 天付款計劃 105-day Payment Plan (見備註/See Remark 7A(a1)(i)),
2026-08-26,2026-09-02,,TOWER 2 第 2 座,7/F,A,,29898000,,招標文件第 14.1 號 支付辦法(H)/ Payment Plan (H) of the Tender Document No. 14.1 ．105 天付款計劃 105-day Payment Plan (見備註/See Remark 7A(a1)(i)),
2026-09-04,2026-09-11,,TOWER 7 第 7 座,16/F,D,,16332000,,價單第4N號 付款方法 (H) / Payment Plan (H) of the Price List No. 4N • 105 天付款計劃 (照售價減 4%) 105-day Payment Plan (4% discount on the Price) (見備註/See Remark 7(a1)(i)),
2026-09-05,2026-09-11,,TOWER 6 第 6 座,10/F,A,,15266000,,價單第4N號 付款方法 (H) / Payment Plan (H) of the Price List No. 4N • 105 天付款計劃 (照售價減 4%) 105-day Payment Plan (4% discount on the Price) (見備註/See Remark 7(a1)(i)),
2026-09-06,2026-09-11,,TOWER 12 第 12 座,3/F,E,,14747000,,價單第1T號 付款方法 (H) / Payment Plan (H) of the Price List No. 1T • 105 天付款計劃 (照售價減 4%) 105-day Payment Plan (4% discount on the Price) (見備註/See Remark 7(a1)(i)),
2026-09-11,2026-09-18,,TOWER 9 第 9 座,16/F,A,,16357000,,"價單第4H號 付款方法 (M4) / Payment Plan (M4) of the Price List No. 4H • 「先租後買 4」付款計劃 (照售價減 2%) Lease with Option to Purchase Plan 4 (2% discount on the Price) (見備註/See Remarks 7(a1)(xiii), 7(e)(1), 7(h), 7(j)(1)) • 認購權 75%租金回贈 港幣$2,881,921.16/ Option to Purchase 75% Rental Rebate HK$2,881,921.16 (見備註/See Remark 7(j)(1))",
2026-09-11,2026-09-18,,TOWER 12 第 12 座,9/F,G,,15440000,,招標文件第 14.1 號 支付辦法(H)/ Payment Plan (H) of the Tender Document No. 14.1 ．105 天付款計劃 105-day Payment Plan (見備註/See Remark 7A(a1)(i)),
2026-09-14,,,TOWER 12 第 12 座,5/F,G,,15070000,,招標文件第 14.1 號 支付辦法(H)/ Payment Plan (H) of the Tender Document No. 14.1 ．105 天付款計劃 105-day Payment Plan (見備註/See Remark 7A(a1)(i)),
2026-09-15,,,TOWER 2 第 2 座,5/F,D,,28984000,,招標文件第 14.1 號 支付辦法(H)/ Payment Plan (H) of the Tender Document No. 14.1 ．105 天付款計劃 105-day Payment Plan (見備註/See Remark 7A(a1)(i)),
