pasp,asp,terminated,block,floor,unit,carpark,price,revision,terms,related
2019-11-01,2019-11-07,,1,8,B,,6996000,,價單第3號/Price List No.3 見備註7(c)(v)/See Remark 7(c)(v) 見備註7(d)/See Remark 7(d) 見備註7(e)/See Remark 7(e) 見備註7(f)/See Remark 7(f),
2019-11-01,2019-11-06,,1,9,B,,6671000,,價單第3號/Price List No.3 見備註7(c)(ii)/See Remark 7(c)(ii) 見備註7(d)/See Remark 7(d) 見備註7(e)/See Remark 7(e) 見備註7(f)/See Remark 7(f) 見備註7(g)/See Remark 7(g),
2019-11-01,2019-11-08,,1,10,B,,6555000,,價單第3號/Price List No.3 見備註7(c)(i)/See Remark 7(c)(i) 見備註7(d)/See Remark 7(d) 見備註7(e)/See Remark 7(e) 見備註7(f)/See Remark 7(f),
2019-11-01,2019-11-08,,1,11,B,,6588000,,價單第3號/Price List No.3 見備註7(c)(i)/See Remark 7(c)(i) 見備註7(d)/See Remark 7(d) 見備註7(e)/See Remark 7(e) 見備註7(f)/See Remark 7(f),
2019-11-01,2019-11-08,,1,12,B,,6788000,,價單第3號/Price List No.3 見備註7(c)(iii)/See Remark 7(c)(iii) 見備註7(d)/See Remark 7(d) 見備註7(e)/See Remark 7(e) 見備註7(f)/See Remark 7(f) 見備註7(g)/See Remark 7(g),
2019-11-01,2019-11-08,,1,15,B,,6653000,,價單第3號/Price List No.3 見備註7(c)(i)/See Remark 7(c)(i) 見備註7(d)/See Remark 7(d) 見備註7(e)/See Remark 7(e) 見備註7(f)/See Remark 7(f),
2019-11-01,2019-11-08,,1,16,B,,6687000,,價單第3號/Price List No.3 見備註7(c)(i)/See Remark 7(c)(i) 見備註7(d)/See Remark 7(d) 見備註7(e)/See Remark 7(e) 見備註7(f)/See Remark 7(f),
2019-11-01,2019-11-08,,1,17,B,,7316000,"在15/10/2020， 基於法例 35(2)(b)條所容 許的原因，售價 更改為 $6,891,000 On 15/10/2020, the price adjusted to $6,891,000 due to the reason allowed under section 35(2)(b) of the Ordinance","價單第3號/Price List No.3 見備註7(c)(v)/See Remark 7(c)(v) 見備註7(d)/See Remark 7(d) 見備註7(e)/See Remark 7(e) 見備註7(f)/See Remark 7(f) 在15/10/2020，支付條款更改為 On 15/10/2020, the terms of payment adjusted to 價單第3號/Price List No.3 見備註7(c)(iii)/See Remark 7(c)(iii) 見備註7(d)/See Remark 7(d) 見備註7(e)/See Remark 7(e) 見備註7(f)/See Remark 7(f)",
2019-11-01,2019-11-08,,1,18,B,,6788000,,價單第3號/Price List No.3 見備註7(c)(i)/See Remark 7(c)(i) 見備註7(d)/See Remark 7(d) 見備註7(e)/See Remark 7(e) 見備註7(f)/See Remark 7(f),
2019-11-01,2019-11-08,,1,19,B,,6788000,,價單第3號/Price List No.3 見備註7(c)(i)/See Remark 7(c)(i) 見備註7(d)/See Remark 7(d) 見備註7(e)/See Remark 7(e) 見備註7(f)/See Remark 7(f),
2019-11-01,2019-11-08,,1,20,B,,7426000,,價單第3號/Price List No.3 見備註7(c)(v)/See Remark 7(c)(v) 見備註7(d)/See Remark 7(d) 見備註7(e)/See Remark 7(e) 見備註7(f)/See Remark 7(f),
2019-11-01,2019-11-08,,1,21,B,,7575000,,價單第3號/Price List No.3 見備註7(c)(v)/See Remark 7(c)(v) 見備註7(d)/See Remark 7(d) 見備註7(e)/See Remark 7(e) 見備註7(f)/See Remark 7(f),
2019-11-01,2019-11-08,,1,22,B,,7613000,,價單第3號/Price List No.3 見備註7(c)(v)/See Remark 7(c)(v) 見備註7(d)/See Remark 7(d) 見備註7(e)/See Remark 7(e) 見備註7(f)/See Remark 7(f),
2019-11-01,2019-11-08,,1,23,B,,7028000,,價單第3號/Price List No.3 見備註7(c)(i)/See Remark 7(c)(i) 見備註7(d)/See Remark 7(d) 見備註7(e)/See Remark 7(e) 見備註7(f)/See Remark 7(f),
2019-11-01,2019-11-08,,1,25,B,,7168000,,價單第3號/Price List No.3 見備註7(c)(i)/See Remark 7(c)(i) 見備註7(d)/See Remark 7(d) 見備註7(e)/See Remark 7(e) 見備註7(f)/See Remark 7(f),
2019-11-01,2019-11-08,,1,27,B,,7240000,,價單第3號/Price List No.3 見備註7(c)(i)/See Remark 7(c)(i) 見備註7(d)/See Remark 7(d) 見備註7(e)/See Remark 7(e) 見備註7(f)/See Remark 7(f),
2019-11-01,2019-11-07,,1,12,C,,6554000,,價單第3號/Price List No.3 見備註7(c)(ii)/See Remark 7(c)(ii) 見備註7(d)/See Remark 7(d) 見備註7(e)/See Remark 7(e) 見備註7(f)/See Remark 7(f) 見備註7(g)/See Remark 7(g),
2019-11-01,2019-11-08,,1,15,C,,6507000,"在16/12/2019， 基於法例 35(2)(b)條所容 許的原因，售價 更改為 $6,346,000 On 16/12/2019, the price adjusted to $6,346,000 due to the reason allowed under section 35(2)(b) of the Ordinance","價單第3號/Price List No.3 見備註7(c)(iii)/See Remark 7(c)(iii) 見備註7(d)/See Remark 7(d) 見備註7(e)/See Remark 7(e) 見備註7(f)/See Remark 7(f) 在16/12/2019，支付條款更改為 On 16/12/2019, the terms of payment adjusted to 價單第3號/Price List No.3 見備註7(c)(i)/See Remark 7(c)(i) 見備註7(d)/See Remark 7(d) 見備註7(e)/See Remark 7(e) 見備註7(f)/See Remark 7(f)",
2019-11-01,2019-11-08,,1,16,C,,6943000,,價單第3號/Price List No.3 見備註7(c)(v)/See Remark 7(c)(v) 見備註7(d)/See Remark 7(d) 見備註7(e)/See Remark 7(e) 見備註7(f)/See Remark 7(f),
2019-11-01,2019-11-08,,1,17,C,,6978000,,價單第3號/Price List No.3 見備註7(c)(v)/See Remark 7(c)(v) 見備註7(d)/See Remark 7(d) 見備註7(e)/See Remark 7(e) 見備註7(f)/See Remark 7(f),
2019-11-01,2019-11-08,,1,18,C,,6638000,,價單第3號/Price List No.3 見備註7(c)(iii)/See Remark 7(c)(iii) 見備註7(d)/See Remark 7(d) 見備註7(e)/See Remark 7(e) 見備註7(f)/See Remark 7(f),
2019-11-01,2019-11-08,,1,19,C,,7048000,"在19/03/2020， 基於法例 35(2)(b)條所容 許的原因，售價 更改為 $6,638,000 On 19/03/2020, the price adjusted to $6,638,000 due to the reason allowed under section 35(2)(b) of the Ordinance","價單第3號/Price List No.3 見備註7(c)(v)/See Remark 7(c)(v) 見備註7(d)/See Remark 7(d) 見備註7(e)/See Remark 7(e) 見備註7(f)/See Remark 7(f) 在19/03/2020，支付條款更改為 On 19/03/2020, the terms of payment adjusted to 價單第3號/Price List No.3 見備註7(c)(iii)/See Remark 7(c)(iii) 見備註7(d)/See Remark 7(d) 見備註7(e)/See Remark 7(e) 見備註7(f)/See Remark 7(f)",
2019-11-01,2019-11-08,,1,20,C,,7083000,,價單第3號/Price List No.3 見備註7(c)(v)/See Remark 7(c)(v) 見備註7(d)/See Remark 7(d) 見備註7(e)/See Remark 7(e) 見備註7(f)/See Remark 7(f),
2019-11-01,2019-11-08,,1,21,C,,6636000,,價單第3號/Price List No.3 見備註7(c)(i)/See Remark 7(c)(i) 見備註7(d)/See Remark 7(d) 見備註7(e)/See Remark 7(e) 見備註7(f)/See Remark 7(f),
2019-11-01,2019-11-08,,1,22,C,,7260000,,價單第3號/Price List No.3 見備註7(c)(v)/See Remark 7(c)(v) 見備註7(d)/See Remark 7(d) 見備註7(e)/See Remark 7(e) 見備註7(f)/See Remark 7(f),
2019-11-01,2019-11-08,,1,23,C,,7297000,,價單第3號/Price List No.3 見備註7(c)(v)/See Remark 7(c)(v) 見備註7(d)/See Remark 7(d) 見備註7(e)/See Remark 7(e) 見備註7(f)/See Remark 7(f),
2019-11-01,2019-11-08,,1,25,C,,7442000,,價單第3號/Price List No.3 見備註7(c)(v)/See Remark 7(c)(v) 見備註7(d)/See Remark 7(d) 見備註7(e)/See Remark 7(e) 見備註7(f)/See Remark 7(f),
2019-11-01,2019-11-07,,1,26,C,,6871000,,價單第3號/Price List No.3 見備註7(c)(i)/See Remark 7(c)(i) 見備註7(d)/See Remark 7(d) 見備註7(e)/See Remark 7(e) 見備註7(f)/See Remark 7(f),
2019-11-01,2019-11-07,,1,27,C,,6905000,,價單第3號/Price List No.3 見備註7(c)(i)/See Remark 7(c)(i) 見備註7(d)/See Remark 7(d) 見備註7(e)/See Remark 7(e) 見備註7(f)/See Remark 7(f),
2019-11-01,2019-11-08,,1,28,C,,7592000,,價單第3號/Price List No.3 見備註7(c)(v)/See Remark 7(c)(v) 見備註7(d)/See Remark 7(d) 見備註7(e)/See Remark 7(e) 見備註7(f)/See Remark 7(f),
2019-11-01,2019-11-08,,1,2,D,,8267000,,價單第3號/Price List No.3 見備註7(c)(i)/See Remark 7(c)(i) 見備註7(d)/See Remark 7(d) 見備註7(e)/See Remark 7(e) 見備註7(f)/See Remark 7(f),
2019-11-01,2019-11-07,,1,3,D,,8624000,"在25/02/2020， 基於法例 35(2)(b)條所容 許的原因，售價 更改為 $8,834,000 On 25/02/2020, the price adjusted to $8,834,000 due to the reason allowed under section 35(2)(b) of the Ordinance","價單第3號/Price List No.3 見備註7(c)(ii)/See Remark 7(c)(ii) 見備註7(d)/See Remark 7(d) 見備註7(e)/See Remark 7(e) 見備註7(f)/See Remark 7(f) 見備註7(g)/See Remark 7(g) 在25/02/2020，支付條款更改為 On 25/02/2020, the terms of payment adjusted to 價單第3號/Price List No.3 見備註7(c)(iv)/See Remark 7(c)(iv) 見備註7(d)/See Remark 7(d) 見備註7(e)/See Remark 7(e) 見備註7(f)/See Remark 7(f) 見備註7(g)/See Remark 7(g)",
2019-11-01,2019-11-08,,1,5,D,,8350000,,價單第3號/Price List No.3 見備註7(c)(i)/See Remark 7(c)(i) 見備註7(d)/See Remark 7(d) 見備註7(e)/See Remark 7(e) 見備註7(f)/See Remark 7(f),
2019-11-01,2019-11-07,,1,6,D,,8711000,"在05/02/2020， 基於法例 35(2)(b)條所容 許的原因，售價 更改為 $8,392,000 On 05/02/2020, the price adjusted to $8,392,000 due to the reason allowed under section 35(2)(b) of the Ordinance","價單第3號/Price List No.3 見備註7(c)(ii)/See Remark 7(c)(ii) 見備註7(d)/See Remark 7(d) 見備註7(e)/See Remark 7(e) 見備註7(f)/See Remark 7(f) 見備註7(g)/See Remark 7(g) 在05/02/2020，支付條款更改為 On 05/02/2020, the terms of payment adjusted to 價單第3號/Price List No.3 見備註7(c)(i)/See Remark 7(c)(i) 見備註7(d)/See Remark 7(d) 見備註7(e)/See Remark 7(e) 見備註7(f)/See Remark 7(f)",
2019-11-01,2019-11-08,,1,7,D,,8434000,,價單第3號/Price List No.3 見備註7(c)(i)/See Remark 7(c)(i) 見備註7(d)/See Remark 7(d) 見備註7(e)/See Remark 7(e) 見備註7(f)/See Remark 7(f),
2019-11-01,2019-11-08,,1,8,D,,8519000,,價單第3號/Price List No.3 見備註7(c)(i)/See Remark 7(c)(i) 見備註7(d)/See Remark 7(d) 見備註7(e)/See Remark 7(e) 見備註7(f)/See Remark 7(f),
2019-11-01,2019-11-08,,1,9,D,,9058000,"在27/12/2019， 基於法例 35(2)(b)條所容 許的原因，售價 更改為 $8,842,000 On 27/12/2019, the price adjusted to $8,842,000 due to the reason allowed under section 35(2)(b) of the Ordinance","價單第3號/Price List No.3 見備註7(c)(iv)/See Remark 7(c)(iv) 見備註7(d)/See Remark 7(d) 見備註7(e)/See Remark 7(e) 見備註7(f)/See Remark 7(f) 見備註7(g)/See Remark 7(g) 在27/12/2019，支付條款更改為 On 27/12/2019, the terms of payment adjusted to 價單第3號/Price List No.3 見備註7(c)(ii)/See Remark 7(c)(ii) 見備註7(d)/See Remark 7(d) 見備註7(e)/See Remark 7(e) 見備註7(f)/See Remark 7(f) 見備註7(g)/See Remark 7(g)",
2019-11-01,2019-11-08,,1,10,D,,8688000,,價單第3號/Price List No.3 見備註7(c)(i)/See Remark 7(c)(i) 見備註7(d)/See Remark 7(d) 見備註7(e)/See Remark 7(e) 見備註7(f)/See Remark 7(f),
2019-11-01,2019-11-08,2022-06-14,1,11,D,,9506000,,價單第3號/Price List No.3 見備註7(c)(v)/See Remark 7(c)(v) 見備註7(d)/See Remark 7(d) 見備註7(e)/See Remark 7(e) 見備註7(f)/See Remark 7(f),
2019-11-01,2019-11-08,,1,9,E,,6824000,,價單第3號/Price List No.3 見備註7(c)(v)/See Remark 7(c)(v) 見備註7(d)/See Remark 7(d) 見備註7(e)/See Remark 7(e) 見備註7(f)/See Remark 7(f),
2019-11-01,2019-11-08,,1,10,E,,6858000,,價單第3號/Price List No.3 見備註7(c)(v)/See Remark 7(c)(v) 見備註7(d)/See Remark 7(d) 見備註7(e)/See Remark 7(e) 見備註7(f)/See Remark 7(f),
2019-11-01,2019-11-06,,1,11,E,,6892000,"在03/12/2019， 基於法例 35(2)(b)條所容 許的原因，售價 更改為 $6,331,000 On 03/12/2019, the price adjusted to $6,331,000 due to the reason allowed under section 35(2)(b) of the Ordinance","價單第3號/Price List No.3 見備註7(c)(v)/See Remark 7(c)(v) 見備註7(d)/See Remark 7(d) 見備註7(e)/See Remark 7(e) 見備註7(f)/See Remark 7(f) 在03/12/2019，支付條款更改為 On 03/12/2019, the terms of payment adjusted to 價單第3號/Price List No.3 見備註7(c)(i)/See Remark 7(c)(i) 見備註7(d)/See Remark 7(d) 見備註7(e)/See Remark 7(e) 見備註7(f)/See Remark 7(f)",
2019-11-01,2019-11-08,,1,12,E,,6524000,,價單第3號/Price List No.3 見備註7(c)(iii)/See Remark 7(c)(iii) 見備註7(d)/See Remark 7(d) 見備註7(e)/See Remark 7(e) 見備註7(f)/See Remark 7(f),
2019-11-01,2019-11-07,,1,15,E,,6996000,,價單第3號/Price List No.3 見備註7(c)(v)/See Remark 7(c)(v) 見備註7(d)/See Remark 7(d) 見備註7(e)/See Remark 7(e) 見備註7(f)/See Remark 7(f),
2019-11-01,2019-11-08,,1,16,E,,6459000,,價單第3號/Price List No.3 見備註7(c)(i)/See Remark 7(c)(i) 見備註7(d)/See Remark 7(d) 見備註7(e)/See Remark 7(e) 見備註7(f)/See Remark 7(f),
2019-11-01,2019-11-08,,1,17,E,,7066000,,價單第3號/Price List No.3 見備註7(c)(v)/See Remark 7(c)(v) 見備註7(d)/See Remark 7(d) 見備註7(e)/See Remark 7(e) 見備註7(f)/See Remark 7(f),
2019-11-01,2019-11-08,,1,18,E,,6556000,,價單第3號/Price List No.3 見備註7(c)(i)/See Remark 7(c)(i) 見備註7(d)/See Remark 7(d) 見備註7(e)/See Remark 7(e) 見備註7(f)/See Remark 7(f),
2019-11-01,2019-11-08,,1,19,E,,7137000,,價單第3號/Price List No.3 見備註7(c)(v)/See Remark 7(c)(v) 見備註7(d)/See Remark 7(d) 見備註7(e)/See Remark 7(e) 見備註7(f)/See Remark 7(f),
2019-11-01,2019-11-08,,1,20,E,,7172000,,價單第3號/Price List No.3 見備註7(c)(v)/See Remark 7(c)(v) 見備註7(d)/See Remark 7(d) 見備註7(e)/See Remark 7(e) 見備註7(f)/See Remark 7(f),
2019-11-01,2019-11-08,,1,2,F,,5119000,,價單第3號/Price List No.3 見備註7(c)(v)/See Remark 7(c)(v) 見備註7(d)/See Remark 7(d) 見備註7(e)/See Remark 7(e) 見備註7(f)/See Remark 7(f),
2019-11-01,2019-11-05,,1,3,F,,4726000,,價單第3號/Price List No.3 見備註7(c)(i)/See Remark 7(c)(i) 見備註7(d)/See Remark 7(d) 見備註7(e)/See Remark 7(e) 見備註7(f)/See Remark 7(f),
2019-11-01,2019-11-08,,1,5,F,,4870000,,價單第3號/Price List No.3 見備註7(c)(iii)/See Remark 7(c)(iii) 見備註7(d)/See Remark 7(d) 見備註7(e)/See Remark 7(e) 見備註7(f)/See Remark 7(f),
2019-11-01,2019-11-08,,1,6,F,,5196000,,價單第3號/Price List No.3 見備註7(c)(v)/See Remark 7(c)(v) 見備註7(d)/See Remark 7(d) 見備註7(e)/See Remark 7(e) 見備註7(f)/See Remark 7(f),
2019-11-01,2019-11-08,,1,7,F,,4918000,,價單第3號/Price List No.3 見備註7(c)(iii)/See Remark 7(c)(iii) 見備註7(d)/See Remark 7(d) 見備註7(e)/See Remark 7(e) 見備註7(f)/See Remark 7(f),
2019-11-01,2019-11-08,,1,8,F,,5274000,"在05/10/2020， 基於法例 35(2)(b)條所容 許的原因，售價 更改為 $4,968,000 On 05/10/2020, the price adjusted to $4,968,000 due to the reason allowed under section 35(2)(b) of the Ordinance","價單第3號/Price List No.3 見備註7(c)(v)/See Remark 7(c)(v) 見備註7(d)/See Remark 7(d) 見備註7(e)/See Remark 7(e) 見備註7(f)/See Remark 7(f) 在05/10/2020，支付條款更改為 On 05/10/2020, the terms of payment adjusted to 價單第3號/Price List No.3 見備註7(c)(iii)/See Remark 7(c)(iii) 見備註7(d)/See Remark 7(d) 見備註7(e)/See Remark 7(e) 見備註7(f)/See Remark 7(f)",
2019-11-01,2019-11-08,,1,9,F,,4968000,,價單第3號/Price List No.3 見備註7(c)(iii)/See Remark 7(c)(iii) 見備註7(d)/See Remark 7(d) 見備註7(e)/See Remark 7(e) 見備註7(f)/See Remark 7(f),
2019-11-01,2019-11-08,,1,10,F,,4869000,,價單第3號/Price List No.3 見備註7(c)(i)/See Remark 7(c)(i) 見備註7(d)/See Remark 7(d) 見備註7(e)/See Remark 7(e) 見備註7(f)/See Remark 7(f),
2019-11-01,2019-11-08,,1,11,F,,4893000,,價單第3號/Price List No.3 見備註7(c)(i)/See Remark 7(c)(i) 見備註7(d)/See Remark 7(d) 見備註7(e)/See Remark 7(e) 見備註7(f)/See Remark 7(f),
2019-11-01,2019-11-08,,1,12,F,,4918000,,價單第3號/Price List No.3 見備註7(c)(i)/See Remark 7(c)(i) 見備註7(d)/See Remark 7(d) 見備註7(e)/See Remark 7(e) 見備註7(f)/See Remark 7(f),
2019-11-01,2019-11-08,,1,15,F,,5408000,,價單第3號/Price List No.3 見備註7(c)(v)/See Remark 7(c)(v) 見備註7(d)/See Remark 7(d) 見備註7(e)/See Remark 7(e) 見備註7(f)/See Remark 7(f),
2019-11-01,2019-11-08,,1,16,F,,4992000,,價單第3號/Price List No.3 見備註7(c)(i)/See Remark 7(c)(i) 見備註7(d)/See Remark 7(d) 見備註7(e)/See Remark 7(e) 見備註7(f)/See Remark 7(f),
2019-11-01,2019-11-08,,1,17,F,,5017000,,價單第3號/Price List No.3 見備註7(c)(i)/See Remark 7(c)(i) 見備註7(d)/See Remark 7(d) 見備註7(e)/See Remark 7(e) 見備註7(f)/See Remark 7(f),
2019-11-01,2019-11-08,,1,18,F,,5067000,,價單第3號/Price List No.3 見備註7(c)(i)/See Remark 7(c)(i) 見備註7(d)/See Remark 7(d) 見備註7(e)/See Remark 7(e) 見備註7(f)/See Remark 7(f),
2019-11-01,2019-11-08,,1,19,F,,5195000,,價單第3號/Price List No.3 見備註7(c)(iii)/See Remark 7(c)(iii) 見備註7(d)/See Remark 7(d) 見備註7(e)/See Remark 7(e) 見備註7(f)/See Remark 7(f),
2019-11-01,2019-11-08,,1,20,F,,5092000,,價單第3號/Price List No.3 見備註7(c)(i)/See Remark 7(c)(i) 見備註7(d)/See Remark 7(d) 見備註7(e)/See Remark 7(e) 見備註7(f)/See Remark 7(f),
2019-11-01,2019-11-08,,1,2,G,,4890000,,價單第3號/Price List No.3 見備註7(c)(v)/See Remark 7(c)(v) 見備註7(d)/See Remark 7(d) 見備註7(e)/See Remark 7(e) 見備註7(f)/See Remark 7(f),
2019-11-01,2019-11-08,,1,3,G,,4914000,,價單第3號/Price List No.3 見備註7(c)(v)/See Remark 7(c)(v) 見備註7(d)/See Remark 7(d) 見備註7(e)/See Remark 7(e) 見備註7(f)/See Remark 7(f),
2019-11-01,2019-11-08,,1,5,G,,4939000,,價單第3號/Price List No.3 見備註7(c)(v)/See Remark 7(c)(v) 見備註7(d)/See Remark 7(d) 見備註7(e)/See Remark 7(e) 見備註7(f)/See Remark 7(f),
2019-11-01,2019-11-08,,1,6,G,,4964000,,價單第3號/Price List No.3 見備註7(c)(v)/See Remark 7(c)(v) 見備註7(d)/See Remark 7(d) 見備註7(e)/See Remark 7(e) 見備註7(f)/See Remark 7(f),
2019-11-01,2019-11-08,,1,7,G,,4583000,,價單第3號/Price List No.3 見備註7(c)(i)/See Remark 7(c)(i) 見備註7(d)/See Remark 7(d) 見備註7(e)/See Remark 7(e) 見備註7(f)/See Remark 7(f),
2019-11-01,,,1,8,G,,4629000,,價單第3號/Price List No.3 見備註7(c)(i)/See Remark 7(c)(i) 見備註7(d)/See Remark 7(d) 見備註7(e)/See Remark 7(e) 見備註7(f)/See Remark 7(f),
2019-11-01,2019-11-08,,1,9,G,,4629000,,價單第3號/Price List No.3 見備註7(c)(i)/See Remark 7(c)(i) 見備註7(d)/See Remark 7(d) 見備註7(e)/See Remark 7(e) 見備註7(f)/See Remark 7(f),
2019-11-01,2019-11-08,,1,10,G,,4769000,,價單第3號/Price List No.3 見備註7(c)(iii)/See Remark 7(c)(iii) 見備註7(d)/See Remark 7(d) 見備註7(e)/See Remark 7(e) 見備註7(f)/See Remark 7(f),
2019-11-01,2019-11-08,,1,11,G,,4793000,,價單第3號/Price List No.3 見備註7(c)(iii)/See Remark 7(c)(iii) 見備註7(d)/See Remark 7(d) 見備註7(e)/See Remark 7(e) 見備註7(f)/See Remark 7(f),
2019-11-01,2019-11-08,,1,12,G,,5114000,,價單第3號/Price List No.3 見備註7(c)(v)/See Remark 7(c)(v) 見備註7(d)/See Remark 7(d) 見備註7(e)/See Remark 7(e) 見備註7(f)/See Remark 7(f),
2019-11-01,2019-11-08,,1,15,G,,5165000,,價單第3號/Price List No.3 見備註7(c)(v)/See Remark 7(c)(v) 見備註7(d)/See Remark 7(d) 見備註7(e)/See Remark 7(e) 見備註7(f)/See Remark 7(f),
2019-11-01,2019-11-08,,1,16,G,,5191000,,價單第3號/Price List No.3 見備註7(c)(v)/See Remark 7(c)(v) 見備註7(d)/See Remark 7(d) 見備註7(e)/See Remark 7(e) 見備註7(f)/See Remark 7(f),
2019-11-01,2019-11-08,,1,17,G,,4793000,,價單第3號/Price List No.3 見備註7(c)(i)/See Remark 7(c)(i) 見備註7(d)/See Remark 7(d) 見備註7(e)/See Remark 7(e) 見備註7(f)/See Remark 7(f),
2019-11-01,2019-11-08,,1,18,G,,5269000,"在12/02/2020， 基於法例 35(2)(b)條所容 許的原因，售價 更改為 $4,963,000 On 12/02/2020, the price adjusted to $4,963,000 due to the reason allowed under section 35(2)(b) of the Ordinance","價單第3號/Price List No.3 見備註7(c)(v)/See Remark 7(c)(v) 見備註7(d)/See Remark 7(d) 見備註7(e)/See Remark 7(e) 見備註7(f)/See Remark 7(f) 在12/02/2020，支付條款更改為 On 12/02/2020, the terms of payment adjusted to 價單第3號/Price List No.3 見備註7(c)(iii)/See Remark 7(c)(iii) 見備註7(d)/See Remark 7(d) 見備註7(e)/See Remark 7(e) 見備註7(f)/See Remark 7(f)",
2019-11-01,2019-11-08,,1,19,G,,4840000,"在24/12/2019， 基於法例 35(2)(b)條所容 許的原因，售價 更改為 $4,963,000 On 24/12/2019, the price adjusted to $4,963,000 due to the reason allowed under section 35(2)(b) of the Ordinance","價單第3號/Price List No.3 見備註7(c)(i)/See Remark 7(c)(i) 見備註7(d)/See Remark 7(d) 見備註7(e)/See Remark 7(e) 見備註7(f)/See Remark 7(f) 在24/12/2019，支付條款更改為 On 24/12/2019, the terms of payment adjusted to 價單第3號/Price List No.3 見備註7(c)(iii)/See Remark 7(c)(iii) 見備註7(d)/See Remark 7(d) 見備註7(e)/See Remark 7(e) 見備註7(f)/See Remark 7(f)",
2019-11-01,2019-11-08,,1,20,G,,4988000,,價單第3號/Price List No.3 見備註7(c)(iii)/See Remark 7(c)(iii) 見備註7(d)/See Remark 7(d) 見備註7(e)/See Remark 7(e) 見備註7(f)/See Remark 7(f),
2019-11-01,2019-11-08,,1,21,G,,5348000,,價單第3號/Price List No.3 見備註7(c)(v)/See Remark 7(c)(v) 見備註7(d)/See Remark 7(d) 見備註7(e)/See Remark 7(e) 見備註7(f)/See Remark 7(f),
2019-11-01,2019-11-08,,1,22,G,,4938000,,價單第3號/Price List No.3 見備註7(c)(i)/See Remark 7(c)(i) 見備註7(d)/See Remark 7(d) 見備註7(e)/See Remark 7(e) 見備註7(f)/See Remark 7(f),
2019-11-01,2019-11-08,,1,23,G,,5088000,,價單第3號/Price List No.3 見備註7(c)(iii)/See Remark 7(c)(iii) 見備註7(d)/See Remark 7(d) 見備註7(e)/See Remark 7(e) 見備註7(f)/See Remark 7(f),
2019-11-01,2019-11-08,,1,25,G,,4987000,,價單第3號/Price List No.3 見備註7(c)(i)/See Remark 7(c)(i) 見備註7(d)/See Remark 7(d) 見備註7(e)/See Remark 7(e) 見備註7(f)/See Remark 7(f),
2019-11-01,2019-11-08,,2,2,B,,6496000,,價單第2號/Price List No.2 見備註7(c)(v)/See Remark 7(c)(v) 見備註7(d)/See Remark 7(d) 見備註7(e)/See Remark 7(e) 見備註7(f)/See Remark 7(f),
2019-11-01,2019-11-08,,2,3,B,,5918000,,價單第1A號/Price List No.1A 見備註7(c)(i)/See Remark 7(c)(i) 見備註7(d)/See Remark 7(d) 見備註7(e)/See Remark 7(e) 見備註7(f)/See Remark 7(f),
2019-11-01,2019-11-08,,2,5,B,,5948000,,價單第1A號/Price List No.1A 見備註7(c)(i)/See Remark 7(c)(i) 見備註7(d)/See Remark 7(d) 見備註7(e)/See Remark 7(e) 見備註7(f)/See Remark 7(f),
2019-11-01,2019-11-06,,2,6,B,,6507000,,價單第1A號/Price List No.1A 見備註7(c)(v)/See Remark 7(c)(v) 見備註7(d)/See Remark 7(d) 見備註7(e)/See Remark 7(e) 見備註7(f)/See Remark 7(f),
2019-11-01,2019-11-07,,2,7,B,,6319000,,價單第2號/Price List No.2 見備註7(c)(ii)/See Remark 7(c)(ii) 見備註7(d)/See Remark 7(d) 見備註7(e)/See Remark 7(e) 見備註7(f)/See Remark 7(f) 見備註7(g)/See Remark 7(g),
2019-11-01,2019-11-08,,2,8,B,,6538000,,價單第2號/Price List No.2 見備註7(c)(iv)/See Remark 7(c)(iv) 見備註7(d)/See Remark 7(d) 見備註7(e)/See Remark 7(e) 見備註7(f)/See Remark 7(f) 見備註7(g)/See Remark 7(g),
2019-11-01,2019-11-08,,2,9,B,,6605000,,價單第1A號/Price List No.1A 見備註7(c)(v)/See Remark 7(c)(v) 見備註7(d)/See Remark 7(d) 見備註7(e)/See Remark 7(e) 見備註7(f)/See Remark 7(f),
2019-11-01,2019-11-08,,2,10,B,,6189000,"在18/12/2019， 基於法例 35(2)(b)條所容 許的原因，售價 更改為 $6,737,000 On 18/12/2019, the price adjusted to $6,737,000 due to the reason allowed under section 35(2)(b) of the Ordinance","價單第1A號/Price List No.1A 見備註7(c)(i)/See Remark 7(c)(i) 見備註7(d)/See Remark 7(d) 見備註7(e)/See Remark 7(e) 見備註7(f)/See Remark 7(f) 在18/12/2019，支付條款更改為 On 18/12/2019, the terms of payment adjusted to 價單第1A號/Price List No.1A 見備註7(c)(v)/See Remark 7(c)(v) 見備註7(d)/See Remark 7(d) 見備註7(e)/See Remark 7(e) 見備註7(f)/See Remark 7(f)",
2019-11-01,2019-11-08,,2,11,B,,6220000,,價單第1A號/Price List No.1A 見備註7(c)(i)/See Remark 7(c)(i) 見備註7(d)/See Remark 7(d) 見備註7(e)/See Remark 7(e) 見備註7(f)/See Remark 7(f),
2019-11-01,2019-11-08,,2,12,B,,6895000,,價單第2號/Price List No.2 見備註7(c)(v)/See Remark 7(c)(v) 見備註7(d)/See Remark 7(d) 見備註7(e)/See Remark 7(e) 見備註7(f)/See Remark 7(f),
2019-11-01,2019-11-08,,2,15,B,,6366000,,價單第2號/Price List No.2 見備註7(c)(i)/See Remark 7(c)(i) 見備註7(d)/See Remark 7(d) 見備註7(e)/See Remark 7(e) 見備註7(f)/See Remark 7(f),
2019-11-01,2019-11-08,,2,16,B,,6713000,"在15/10/2020， 基於法例 35(2)(b)條所容 許的原因，售價 更改為 $6,474,000 On 15/10/2020, the price adjusted to $6,474,000 due to the reason allowed under section 35(2)(b) of the Ordinance","價單第1A號/Price List No.1A 見備註7(c)(iv)/See Remark 7(c)(iv) 見備註7(d)/See Remark 7(d) 見備註7(e)/See Remark 7(e) 見備註7(f)/See Remark 7(f) 見備註7(g)/See Remark 7(g) 在15/10/2020，支付條款更改為 On 15/10/2020, the terms of payment adjusted to 價單第1A號/Price List No.1A 見備註7(c)(iii)/See Remark 7(c)(iii) 見備註7(d)/See Remark 7(d) 見備註7(e)/See Remark 7(e) 見備註7(f)/See Remark 7(f)",
2019-11-01,2019-11-08,,2,17,B,,6908000,"在15/10/2020， 基於法例 35(2)(b)條所容 許的原因，售價 更改為 $6,747,000 On 15/10/2020, the price adjusted to $6,747,000 due to the reason allowed under section 35(2)(b) of the Ordinance","價單第1A號/Price List No.1A 見備註7(c)(v)/See Remark 7(c)(v) 見備註7(d)/See Remark 7(d) 見備註7(e)/See Remark 7(e) 見備註7(f)/See Remark 7(f) 在15/10/2020，支付條款更改為 On 15/10/2020, the terms of payment adjusted to 價單第1A號/Price List No.1A 見備註7(c)(iv)/See Remark 7(c)(iv) 見備註7(d)/See Remark 7(d) 見備註7(e)/See Remark 7(e) 見備註7(f)/See Remark 7(f) 見備註7(g)/See Remark 7(g)",
2019-11-01,2019-11-08,,2,18,B,,7069000,,價單第2號/Price List No.2 見備註7(c)(v)/See Remark 7(c)(v) 見備註7(d)/See Remark 7(d) 見備註7(e)/See Remark 7(e) 見備註7(f)/See Remark 7(f),
2019-11-01,2019-11-08,,2,19,B,,6652000,,價單第1A號/Price List No.1A 見備註7(c)(ii)/See Remark 7(c)(ii) 見備註7(d)/See Remark 7(d) 見備註7(e)/See Remark 7(e) 見備註7(f)/See Remark 7(f) 見備註7(g)/See Remark 7(g),
2019-11-01,2019-11-08,,2,20,B,,7104000,,價單第2號/Price List No.2 見備註7(c)(v)/See Remark 7(c)(v) 見備註7(d)/See Remark 7(d) 見備註7(e)/See Remark 7(e) 見備註7(f)/See Remark 7(f),
2019-11-01,2019-11-08,,2,21,B,,6819000,,價單第1A號/Price List No.1A 見備註7(c)(ii)/See Remark 7(c)(ii) 見備註7(d)/See Remark 7(d) 見備註7(e)/See Remark 7(e) 見備註7(f)/See Remark 7(f) 見備註7(g)/See Remark 7(g),
2019-11-01,2019-11-06,,2,22,B,,7020000,,價單第1A號/Price List No.1A 見備註7(c)(iv)/See Remark 7(c)(iv) 見備註7(d)/See Remark 7(d) 見備註7(e)/See Remark 7(e) 見備註7(f)/See Remark 7(f) 見備註7(g)/See Remark 7(g),
2019-11-01,2019-11-08,,2,23,B,,7223000,,價單第1A號/Price List No.1A 見備註7(c)(v)/See Remark 7(c)(v) 見備註7(d)/See Remark 7(d) 見備註7(e)/See Remark 7(e) 見備註7(f)/See Remark 7(f),
2019-11-01,,,2,25,B,,7394000,,價單第3號/Price List No.3 見備註7(c)(iv)/See Remark 7(c)(iv) 見備註7(d)/See Remark 7(d) 見備註7(e)/See Remark 7(e) 見備註7(f)/See Remark 7(f) 見備註7(g)/See Remark 7(g),
2019-11-01,2019-11-08,,2,26,B,,7608000,,價單第3號/Price List No.3 見備註7(c)(v)/See Remark 7(c)(v) 見備註7(d)/See Remark 7(d) 見備註7(e)/See Remark 7(e) 見備註7(f)/See Remark 7(f),
2019-11-01,2019-11-08,,2,27,B,,7646000,,價單第3號/Price List No.3 見備註7(c)(v)/See Remark 7(c)(v) 見備註7(d)/See Remark 7(d) 見備註7(e)/See Remark 7(e) 見備註7(f)/See Remark 7(f),
2019-11-01,2019-11-08,,2,28,B,,7274000,,價單第3號/Price List No.3 見備註7(c)(iii)/See Remark 7(c)(iii) 見備註7(d)/See Remark 7(d) 見備註7(e)/See Remark 7(e) 見備註7(f)/See Remark 7(f),
2019-11-01,2019-11-08,,2,29,B,,7094000,,價單第3號/Price List No.3 見備註7(c)(i)/See Remark 7(c)(i) 見備註7(d)/See Remark 7(d) 見備註7(e)/See Remark 7(e) 見備註7(f)/See Remark 7(f),
2019-11-01,2019-11-08,,2,30,B,,7309000,,價單第3號/Price List No.3 見備註7(c)(iii)/See Remark 7(c)(iii) 見備註7(d)/See Remark 7(d) 見備註7(e)/See Remark 7(e) 見備註7(f)/See Remark 7(f),
2019-11-01,2019-11-08,,2,2,C,,5785000,,價單第2號/Price List No.2 見備註7(c)(i)/See Remark 7(c)(i) 見備註7(d)/See Remark 7(d) 見備註7(e)/See Remark 7(e) 見備註7(f)/See Remark 7(f),
2019-11-01,2019-11-08,,2,3,C,,5738000,,價單第1A號/Price List No.1A 見備註7(c)(i)/See Remark 7(c)(i) 見備註7(d)/See Remark 7(d) 見備註7(e)/See Remark 7(e) 見備註7(f)/See Remark 7(f),
2019-11-01,2019-11-08,,2,5,C,,5766000,,價單第1A號/Price List No.1A 見備註7(c)(i)/See Remark 7(c)(i) 見備註7(d)/See Remark 7(d) 見備註7(e)/See Remark 7(e) 見備註7(f)/See Remark 7(f),
2019-11-01,2019-11-08,,2,6,C,,5942000,,價單第1A號/Price List No.1A 見備註7(c)(iii)/See Remark 7(c)(iii) 見備註7(d)/See Remark 7(d) 見備註7(e)/See Remark 7(e) 見備註7(f)/See Remark 7(f),
2019-11-01,2019-11-08,,2,7,C,,6425000,,價單第2號/Price List No.2 見備註7(c)(v)/See Remark 7(c)(v) 見備註7(d)/See Remark 7(d) 見備註7(e)/See Remark 7(e) 見備註7(f)/See Remark 7(f),
2019-11-01,2019-11-08,,2,8,C,,5961000,,價單第2號/Price List No.2 見備註7(c)(i)/See Remark 7(c)(i) 見備註7(d)/See Remark 7(d) 見備註7(e)/See Remark 7(e) 見備註7(f)/See Remark 7(f),
2019-11-01,2019-11-08,,2,9,C,,5882000,,價單第1A號/Price List No.1A 見備註7(c)(i)/See Remark 7(c)(i) 見備註7(d)/See Remark 7(d) 見備註7(e)/See Remark 7(e) 見備註7(f)/See Remark 7(f),
2019-11-01,2019-11-07,,2,10,C,,6000000,,價單第1A號/Price List No.1A 見備註7(c)(i)/See Remark 7(c)(i) 見備註7(d)/See Remark 7(d) 見備註7(e)/See Remark 7(e) 見備註7(f)/See Remark 7(f),
2019-11-01,2019-11-08,,2,11,C,,6564000,,價單第1A號/Price List No.1A 見備註7(c)(v)/See Remark 7(c)(v) 見備註7(d)/See Remark 7(d) 見備註7(e)/See Remark 7(e) 見備註7(f)/See Remark 7(f),
2019-11-01,2019-11-07,,2,12,C,,6374000,,價單第2號/Price List No.2 見備註7(c)(ii)/See Remark 7(c)(ii) 見備註7(d)/See Remark 7(d) 見備註7(e)/See Remark 7(e) 見備註7(f)/See Remark 7(f) 見備註7(g)/See Remark 7(g),
2019-11-01,2019-11-08,,2,15,C,,6718000,,價單第2號/Price List No.2 見備註7(c)(v)/See Remark 7(c)(v) 見備註7(d)/See Remark 7(d) 見備註7(e)/See Remark 7(e) 見備註7(f)/See Remark 7(f),
2019-11-01,2019-11-06,,2,16,C,,6276000,,價單第1A號/Price List No.1A 見備註7(c)(iii)/See Remark 7(c)(iii) 見備註7(d)/See Remark 7(d) 見備註7(e)/See Remark 7(e) 見備註7(f)/See Remark 7(f),
2019-11-01,2019-11-08,,2,17,C,,6152000,,價單第1A號/Price List No.1A 見備註7(c)(i)/See Remark 7(c)(i) 見備註7(d)/See Remark 7(d) 見備註7(e)/See Remark 7(e) 見備註7(f)/See Remark 7(f),
2019-11-01,2019-11-08,,2,18,C,,6296000,,價單第2號/Price List No.2 見備註7(c)(i)/See Remark 7(c)(i) 見備註7(d)/See Remark 7(d) 見備註7(e)/See Remark 7(e) 見備註7(f)/See Remark 7(f),
2019-11-01,2019-11-08,,2,19,C,,6371000,,價單第1A號/Price List No.1A 見備註7(c)(iii)/See Remark 7(c)(iii) 見備註7(d)/See Remark 7(d) 見備註7(e)/See Remark 7(e) 見備註7(f)/See Remark 7(f),
2019-11-01,2019-11-08,,2,20,C,,6888000,,價單第2號/Price List No.2 見備註7(c)(v)/See Remark 7(c)(v) 見備註7(d)/See Remark 7(d) 見備註7(e)/See Remark 7(e) 見備註7(f)/See Remark 7(f),
2019-11-01,2019-11-08,,2,21,C,,6369000,,價單第1A號/Price List No.1A 見備註7(c)(i)/See Remark 7(c)(i) 見備註7(d)/See Remark 7(d) 見備註7(e)/See Remark 7(e) 見備註7(f)/See Remark 7(f),
2019-11-01,2019-11-08,,2,22,C,,6401000,,價單第1A號/Price List No.1A 見備註7(c)(i)/See Remark 7(c)(i) 見備註7(d)/See Remark 7(d) 見備註7(e)/See Remark 7(e) 見備註7(f)/See Remark 7(f),
2019-11-01,2019-11-08,,2,23,C,,6433000,,價單第1A號/Price List No.1A 見備註7(c)(i)/See Remark 7(c)(i) 見備註7(d)/See Remark 7(d) 見備註7(e)/See Remark 7(e) 見備註7(f)/See Remark 7(f),
2019-11-01,2019-11-08,,2,25,C,,6998000,,價單第3號/Price List No.3 見備註7(c)(ii)/See Remark 7(c)(ii) 見備註7(d)/See Remark 7(d) 見備註7(e)/See Remark 7(e) 見備註7(f)/See Remark 7(f) 見備註7(g)/See Remark 7(g),
2019-11-01,2019-11-08,,2,26,C,,6776000,,價單第3號/Price List No.3 見備註7(c)(i)/See Remark 7(c)(i) 見備註7(d)/See Remark 7(d) 見備註7(e)/See Remark 7(e) 見備註7(f)/See Remark 7(f),
2019-11-01,2019-11-07,,2,27,C,,7068000,"在10/12/2019， 基於法例 35(2)(b)條所容 許的原因，售價 更改為 $6,810,000 On 10/12/2019, the price adjusted to $6,810,000 due to the reason allowed under section 35(2)(b) of the Ordinance","價單第3號/Price List No.3 見備註7(c)(ii)/See Remark 7(c)(ii) 見備註7(d)/See Remark 7(d) 見備註7(e)/See Remark 7(e) 見備註7(f)/See Remark 7(f) 見備註7(g)/See Remark 7(g) 在10/12/2019，支付條款更改為 On 10/12/2019, the terms of payment adjusted to 價單第3號/Price List No.3 見備註7(c)(i)/See Remark 7(c)(i) 見備註7(d)/See Remark 7(d) 見備註7(e)/See Remark 7(e) 見備註7(f)/See Remark 7(f)",
2019-11-01,2019-11-08,,2,28,C,,7487000,,價單第3號/Price List No.3 見備註7(c)(v)/See Remark 7(c)(v) 見備註7(d)/See Remark 7(d) 見備註7(e)/See Remark 7(e) 見備註7(f)/See Remark 7(f),
2019-11-01,2019-11-08,,2,29,C,,6878000,,價單第3號/Price List No.3 見備註7(c)(i)/See Remark 7(c)(i) 見備註7(d)/See Remark 7(d) 見備註7(e)/See Remark 7(e) 見備註7(f)/See Remark 7(f),
2019-11-01,2019-11-06,,2,30,C,,7175000,,價單第3號/Price List No.3 見備註7(c)(ii)/See Remark 7(c)(ii) 見備註7(d)/See Remark 7(d) 見備註7(e)/See Remark 7(e) 見備註7(f)/See Remark 7(f) 見備註7(g)/See Remark 7(g),
2019-11-01,2019-11-08,,2,2,D,,8058000,,價單第2號/Price List No.2 見備註7(c)(i)/See Remark 7(c)(i) 見備註7(d)/See Remark 7(d) 見備註7(e)/See Remark 7(e) 見備註7(f)/See Remark 7(f),
2019-11-01,2019-11-07,,2,3,D,,8295000,,價單第1A號/Price List No.1A 見備註7(c)(ii)/See Remark 7(c)(ii) 見備註7(d)/See Remark 7(d) 見備註7(e)/See Remark 7(e) 見備註7(f)/See Remark 7(f) 見備註7(g)/See Remark 7(g),
2019-11-01,2019-11-08,,2,5,D,,8744000,,價單第1A號/Price List No.1A 見備註7(c)(v)/See Remark 7(c)(v) 見備註7(d)/See Remark 7(d) 見備註7(e)/See Remark 7(e) 見備註7(f)/See Remark 7(f),
2019-11-01,2019-11-08,,2,6,D,,8378000,,價單第1A號/Price List No.1A 見備註7(c)(ii)/See Remark 7(c)(ii) 見備註7(d)/See Remark 7(d) 見備註7(e)/See Remark 7(e) 見備註7(f)/See Remark 7(f) 見備註7(g)/See Remark 7(g),
2019-11-01,2019-11-08,,2,7,D,,8948000,,價單第2號/Price List No.2 見備註7(c)(v)/See Remark 7(c)(v) 見備註7(d)/See Remark 7(d) 見備註7(e)/See Remark 7(e) 見備註7(f)/See Remark 7(f),
2019-11-01,2019-11-08,,2,8,D,,8512000,,價單第2號/Price List No.2 見備註7(c)(iii)/See Remark 7(c)(iii) 見備註7(d)/See Remark 7(d) 見備註7(e)/See Remark 7(e) 見備註7(f)/See Remark 7(f),
2019-11-01,2019-11-08,,2,9,D,,8919000,,價單第1A號/Price List No.1A 見備註7(c)(v)/See Remark 7(c)(v) 見備註7(d)/See Remark 7(d) 見備註7(e)/See Remark 7(e) 見備註7(f)/See Remark 7(f),
2019-11-01,2019-11-08,,2,10,D,,9098000,,價單第1A號/Price List No.1A 見備註7(c)(v)/See Remark 7(c)(v) 見備註7(d)/See Remark 7(d) 見備註7(e)/See Remark 7(e) 見備註7(f)/See Remark 7(f),
2019-11-01,2019-11-08,,2,11,D,,9143000,,價單第1A號/Price List No.1A 見備註7(c)(v)/See Remark 7(c)(v) 見備註7(d)/See Remark 7(d) 見備註7(e)/See Remark 7(e) 見備註7(f)/See Remark 7(f),
2019-11-01,2019-11-08,,2,12,D,,9095000,"在10/09/2020， 基於法例 35(2)(b)條所容 許的原因，售價 更改為 $9,311,000 On 10/09/2020, the price adjusted to $9,311,000 due to the reason allowed under section 35(2)(b) of the Ordinance","價單第2號/Price List No.2 見備註7(c)(iv)/See Remark 7(c)(iv) 見備註7(d)/See Remark 7(d) 見備註7(e)/See Remark 7(e) 見備註7(f)/See Remark 7(f) 見備註7(g)/See Remark 7(g) 在10/09/2020，支付條款更改為 On 10/09/2020, the terms of payment adjusted to 價單第2號/Price List No.2 見備註7(c)(v)/See Remark 7(c)(v) 見備註7(d)/See Remark 7(d) 見備註7(e)/See Remark 7(e) 見備註7(f)/See Remark 7(f)",
2019-11-01,2019-11-08,,2,15,D,,8596000,,價單第2號/Price List No.2 見備註7(c)(i)/See Remark 7(c)(i) 見備註7(d)/See Remark 7(d) 見備註7(e)/See Remark 7(e) 見備註7(f)/See Remark 7(f),
2019-11-01,2019-11-07,,2,16,D,,8849000,"在03/01/2020， 基於法例 35(2)(b)條所容 許的原因，售價 更改為 $8,526,000 On 03/01/2020, the price adjusted to $8,526,000 due to the reason allowed under section 35(2)(b) of the Ordinance","價單第1A號/Price List No.1A 見備註7(c)(ii)/See Remark 7(c)(ii) 見備註7(d)/See Remark 7(d) 見備註7(e)/See Remark 7(e) 見備註7(f)/See Remark 7(f) 見備註7(g)/See Remark 7(g) 在03/01/2020，支付條款更改為 On 03/01/2020, the terms of payment adjusted to 價單第1A號/Price List No.1A 見備註7(c)(i)/See Remark 7(c)(i) 見備註7(d)/See Remark 7(d) 見備註7(e)/See Remark 7(e) 見備註7(f)/See Remark 7(f)",
2019-11-01,2019-11-08,,2,17,D,,8894000,,價單第1A號/Price List No.1A 見備註7(c)(ii)/See Remark 7(c)(ii) 見備註7(d)/See Remark 7(d) 見備註7(e)/See Remark 7(e) 見備註7(f)/See Remark 7(f) 見備註7(g)/See Remark 7(g),
2019-11-01,2019-11-07,,2,18,D,,9546000,,價單第2號/Price List No.2 見備註7(c)(v)/See Remark 7(c)(v) 見備註7(d)/See Remark 7(d) 見備註7(e)/See Remark 7(e) 見備註7(f)/See Remark 7(f),
2019-11-01,2019-11-08,,2,19,D,,9420000,,價單第1A號/Price List No.1A 見備註7(c)(v)/See Remark 7(c)(v) 見備註7(d)/See Remark 7(d) 見備註7(e)/See Remark 7(e) 見備註7(f)/See Remark 7(f),
2019-11-01,2019-11-08,,2,20,D,,8813000,,價單第2號/Price List No.2 見備註7(c)(i)/See Remark 7(c)(i) 見備註7(d)/See Remark 7(d) 見備註7(e)/See Remark 7(e) 見備註7(f)/See Remark 7(f),
2019-11-01,2019-11-08,,2,21,D,,9657000,,價單第1A號/Price List No.1A 見備註7(c)(v)/See Remark 7(c)(v) 見備註7(d)/See Remark 7(d) 見備註7(e)/See Remark 7(e) 見備註7(f)/See Remark 7(f),
2019-11-01,2019-11-08,,2,22,D,,8915000,,價單第1A號/Price List No.1A 見備註7(c)(i)/See Remark 7(c)(i) 見備註7(d)/See Remark 7(d) 見備註7(e)/See Remark 7(e) 見備註7(f)/See Remark 7(f),
2019-11-01,2019-11-08,,2,23,D,,9754000,,價單第1A號/Price List No.1A 見備註7(c)(v)/See Remark 7(c)(v) 見備註7(d)/See Remark 7(d) 見備註7(e)/See Remark 7(e) 見備註7(f)/See Remark 7(f),
2019-11-01,2019-11-08,,2,3,E,,5687000,,價單第1A號/Price List No.1A 見備註7(c)(i)/See Remark 7(c)(i) 見備註7(d)/See Remark 7(d) 見備註7(e)/See Remark 7(e) 見備註7(f)/See Remark 7(f),
2019-11-01,2019-11-08,,2,5,E,,5860000,,價單第1A號/Price List No.1A 見備註7(c)(iii)/See Remark 7(c)(iii) 見備註7(d)/See Remark 7(d) 見備註7(e)/See Remark 7(e) 見備註7(f)/See Remark 7(f) 見備註7(g)/See Remark 7(g),
2019-11-01,2019-11-08,,2,6,E,,5962000,"在26/02/2020， 基於法例 35(2)(b)條所容 許的原因，售價 更改為 $5,744,000 On 26/02/2020, the price adjusted to $5,744,000 due to the reason allowed under section 35(2)(b) of the Ordinance","價單第1A號/Price List No.1A 見備註7(c)(ii)/See Remark 7(c)(ii) 見備註7(d)/See Remark 7(d) 見備註7(e)/See Remark 7(e) 見備註7(f)/See Remark 7(f) 見備註7(g)/See Remark 7(g) 在26/02/2020，支付條款更改為 On 26/02/2020, the terms of payment adjusted to 價單第1A號/Price List No.1A 見備註7(c)(i)/See Remark 7(c)(i) 見備註7(d)/See Remark 7(d) 見備註7(e)/See Remark 7(e) 見備註7(f)/See Remark 7(f)",
2019-11-01,2019-11-08,,2,7,E,,5998000,,價單第2號/Price List No.2 見備註7(c)(iii)/See Remark 7(c)(iii) 見備註7(d)/See Remark 7(d) 見備註7(e)/See Remark 7(e) 見備註7(f)/See Remark 7(f),
2019-11-01,2019-11-08,,2,8,E,,5908000,,價單第2號/Price List No.2 見備註7(c)(i)/See Remark 7(c)(i) 見備註7(d)/See Remark 7(d) 見備註7(e)/See Remark 7(e) 見備註7(f)/See Remark 7(f),
2019-11-01,2019-11-08,,2,9,E,,5978000,,價單第1A號/Price List No.1A 見備註7(c)(iii)/See Remark 7(c)(iii) 見備註7(d)/See Remark 7(d) 見備註7(e)/See Remark 7(e) 見備註7(f)/See Remark 7(f),
2019-11-01,2019-11-08,,2,10,E,,6379000,,價單第1A號/Price List No.1A 見備註7(c)(v)/See Remark 7(c)(v) 見備註7(d)/See Remark 7(d) 見備註7(e)/See Remark 7(e) 見備註7(f)/See Remark 7(f),
2019-11-01,2019-11-08,,2,11,E,,6410000,,價單第1A號/Price List No.1A 見備註7(c)(v)/See Remark 7(c)(v) 見備註7(d)/See Remark 7(d) 見備註7(e)/See Remark 7(e) 見備註7(f)/See Remark 7(f),
2019-11-01,2019-11-08,,2,12,E,,5997000,,價單第2號/Price List No.2 見備註7(c)(i)/See Remark 7(c)(i) 見備註7(d)/See Remark 7(d) 見備註7(e)/See Remark 7(e) 見備註7(f)/See Remark 7(f),
2019-11-01,2019-11-08,,2,15,E,,6561000,,價單第2號/Price List No.2 見備註7(c)(v)/See Remark 7(c)(v) 見備註7(d)/See Remark 7(d) 見備註7(e)/See Remark 7(e) 見備註7(f)/See Remark 7(f),
2019-11-01,2019-11-08,,2,16,E,,5978000,,價單第1A號/Price List No.1A 見備註7(c)(i)/See Remark 7(c)(i) 見備註7(d)/See Remark 7(d) 見備註7(e)/See Remark 7(e) 見備註7(f)/See Remark 7(f),
2019-11-01,2019-11-06,,2,17,E,,6159000,,價單第1A號/Price List No.1A 見備註7(c)(iii)/See Remark 7(c)(iii) 見備註7(d)/See Remark 7(d) 見備註7(e)/See Remark 7(e) 見備註7(f)/See Remark 7(f),
2019-11-01,2019-11-08,,2,18,E,,6693000,,價單第2號/Price List No.2 見備註7(c)(v)/See Remark 7(c)(v) 見備註7(d)/See Remark 7(d) 見備註7(e)/See Remark 7(e) 見備註7(f)/See Remark 7(f),
2019-11-01,2019-11-08,,2,19,E,,6605000,,價單第1A號/Price List No.1A 見備註7(c)(v)/See Remark 7(c)(v) 見備註7(d)/See Remark 7(d) 見備註7(e)/See Remark 7(e) 見備註7(f)/See Remark 7(f),
2019-11-01,2019-11-08,,2,20,E,,6414000,,價單第2號/Price List No.2 見備註7(c)(ii)/See Remark 7(c)(ii) 見備註7(d)/See Remark 7(d) 見備註7(e)/See Remark 7(e) 見備註7(f)/See Remark 7(f) 見備註7(g)/See Remark 7(g),
2019-11-01,2019-11-07,,2,21,E,,6705000,,價單第1A號/Price List No.1A 見備註7(c)(v)/See Remark 7(c)(v) 見備註7(d)/See Remark 7(d) 見備註7(e)/See Remark 7(e) 見備註7(f)/See Remark 7(f),
2019-11-01,2019-11-08,,2,22,E,,6425000,,價單第1A號/Price List No.1A 見備註7(c)(ii)/See Remark 7(c)(ii) 見備註7(d)/See Remark 7(d) 見備註7(e)/See Remark 7(e) 見備註7(f)/See Remark 7(f) 見備註7(g)/See Remark 7(g),
2019-11-01,2019-11-08,,2,23,E,,6378000,"在11/12/2019， 基於法例 35(2)(b)條所容 許的原因，售價 更改為 $6,220,000 On 11/12/2019, the price adjusted to $6,220,000 due to the reason allowed under section 35(2)(b) of the Ordinance","價單第1A號/Price List No.1A 見備註7(c)(iii)/See Remark 7(c)(iii) 見備註7(d)/See Remark 7(d) 見備註7(e)/See Remark 7(e) 見備註7(f)/See Remark 7(f) 在11/12/2019，支付條款更改為 On 11/12/2019, the terms of payment adjusted to 價單第1A號/Price List No.1A 見備註7(c)(i)/See Remark 7(c)(i) 見備註7(d)/See Remark 7(d) 見備註7(e)/See Remark 7(e) 見備註7(f)/See Remark 7(f)",
2019-11-01,2019-11-08,,2,25,E,,6410000,,價單第1A號/Price List No.1A 見備註7(c)(iii)/See Remark 7(c)(iii) 見備註7(d)/See Remark 7(d) 見備註7(e)/See Remark 7(e) 見備註7(f)/See Remark 7(f),
2019-11-01,2019-11-06,,2,26,E,,6283000,,價單第1A號/Price List No.1A 見備註7(c)(i)/See Remark 7(c)(i) 見備註7(d)/See Remark 7(d) 見備註7(e)/See Remark 7(e) 見備註7(f)/See Remark 7(f),
2019-11-01,2019-11-08,,2,27,E,,6874000,,價單第1A號/Price List No.1A 見備註7(c)(v)/See Remark 7(c)(v) 見備註7(d)/See Remark 7(d) 見備註7(e)/See Remark 7(e) 見備註7(f)/See Remark 7(f),
2019-11-01,2019-11-08,,2,28,E,,6721000,,價單第3號/Price List No.3 見備註7(c)(iii)/See Remark 7(c)(iii) 見備註7(d)/See Remark 7(d) 見備註7(e)/See Remark 7(e) 見備註7(f)/See Remark 7(f),
2019-11-01,2019-11-08,,2,29,E,,7135000,,價單第3號/Price List No.3 見備註7(c)(v)/See Remark 7(c)(v) 見備註7(d)/See Remark 7(d) 見備註7(e)/See Remark 7(e) 見備註7(f)/See Remark 7(f),
2019-11-01,2019-11-08,,2,30,E,,6587000,,價單第3號/Price List No.3 見備註7(c)(i)/See Remark 7(c)(i) 見備註7(d)/See Remark 7(d) 見備註7(e)/See Remark 7(e) 見備註7(f)/See Remark 7(f),
2019-11-01,2019-11-08,,2,6,F,,4546000,,價單第2號/Price List No.2 見備註7(c)(i)/See Remark 7(c)(i) 見備註7(d)/See Remark 7(d) 見備註7(e)/See Remark 7(e) 見備註7(f)/See Remark 7(f),
2019-11-01,2019-11-08,,2,7,F,,4569000,,價單第2號/Price List No.2 見備註7(c)(i)/See Remark 7(c)(i) 見備註7(d)/See Remark 7(d) 見備註7(e)/See Remark 7(e) 見備註7(f)/See Remark 7(f),
2019-11-01,2019-11-08,,2,8,F,,5022000,,價單第2號/Price List No.2 見備註7(c)(v)/See Remark 7(c)(v) 見備註7(d)/See Remark 7(d) 見備註7(e)/See Remark 7(e) 見備註7(f)/See Remark 7(f),
2019-11-01,2019-11-08,,2,9,F,,4956000,,價單第1A號/Price List No.1A 見備註7(c)(v)/See Remark 7(c)(v) 見備註7(d)/See Remark 7(d) 見備註7(e)/See Remark 7(e) 見備註7(f)/See Remark 7(f),
2019-11-01,2019-11-08,,2,10,F,,4576000,,價單第1A號/Price List No.1A 見備註7(c)(i)/See Remark 7(c)(i) 見備註7(d)/See Remark 7(d) 見備註7(e)/See Remark 7(e) 見備註7(f)/See Remark 7(f),
2019-11-01,2019-11-08,,2,11,F,,4599000,,價單第1A號/Price List No.1A 見備註7(c)(i)/See Remark 7(c)(i) 見備註7(d)/See Remark 7(d) 見備註7(e)/See Remark 7(e) 見備註7(f)/See Remark 7(f),
2019-11-01,2019-11-08,,2,12,F,,5031000,,價單第1A號/Price List No.1A 見備註7(c)(v)/See Remark 7(c)(v) 見備註7(d)/See Remark 7(d) 見備註7(e)/See Remark 7(e) 見備註7(f)/See Remark 7(f),
2019-11-01,2019-11-08,,2,15,F,,5057000,,價單第1A號/Price List No.1A 見備註7(c)(v)/See Remark 7(c)(v) 見備註7(d)/See Remark 7(d) 見備註7(e)/See Remark 7(e) 見備註7(f)/See Remark 7(f),
2019-11-01,2019-11-08,,2,16,F,,5082000,,價單第1A號/Price List No.1A 見備註7(c)(v)/See Remark 7(c)(v) 見備註7(d)/See Remark 7(d) 見備註7(e)/See Remark 7(e) 見備註7(f)/See Remark 7(f),
2019-11-01,2019-11-08,,2,17,F,,4692000,,價單第1A號/Price List No.1A 見備註7(c)(i)/See Remark 7(c)(i) 見備註7(d)/See Remark 7(d) 見備註7(e)/See Remark 7(e) 見備註7(f)/See Remark 7(f),
2019-11-01,2019-11-08,,2,18,F,,5158000,,價單第1A號/Price List No.1A 見備註7(c)(v)/See Remark 7(c)(v) 見備註7(d)/See Remark 7(d) 見備註7(e)/See Remark 7(e) 見備註7(f)/See Remark 7(f),
2019-11-01,2019-11-08,,2,19,F,,4738000,,價單第1A號/Price List No.1A 見備註7(c)(i)/See Remark 7(c)(i) 見備註7(d)/See Remark 7(d) 見備註7(e)/See Remark 7(e) 見備註7(f)/See Remark 7(f),
2019-11-01,2019-11-08,,2,20,F,,5184000,,價單第1A號/Price List No.1A 見備註7(c)(v)/See Remark 7(c)(v) 見備註7(d)/See Remark 7(d) 見備註7(e)/See Remark 7(e) 見備註7(f)/See Remark 7(f),
2019-11-01,2019-11-08,,2,21,F,,5236000,"在24/02/2020， 基於法例 35(2)(b)條所容 許的原因，售價 更改為 $4,931,000 On 24/02/2020, the price adjusted to $4,931,000 due to the reason allowed under section 35(2)(b) of the Ordinance","價單第1A號/Price List No.1A 見備註7(c)(v)/See Remark 7(c)(v) 見備註7(d)/See Remark 7(d) 見備註7(e)/See Remark 7(e) 見備註7(f)/See Remark 7(f) 在24/02/2020，支付條款更改為 On 24/02/2020, the terms of payment adjusted to 價單第1A號/Price List No.1A 見備註7(c)(iii)/See Remark 7(c)(iii) 見備註7(d)/See Remark 7(d) 見備註7(e)/See Remark 7(e) 見備註7(f)/See Remark 7(f)",
2019-11-01,2019-11-08,,2,22,F,,4834000,,價單第1A號/Price List No.1A 見備註7(c)(i)/See Remark 7(c)(i) 見備註7(d)/See Remark 7(d) 見備註7(e)/See Remark 7(e) 見備註7(f)/See Remark 7(f),
2019-11-01,2019-11-08,,2,23,F,,5359000,"在29/09/2020， 基於法例 35(2)(b)條所容 許的原因，售價 更改為 $5,047,000 On 29/09/2020, the price adjusted to $5,047,000 due to the reason allowed under section 35(2)(b) of the Ordinance","價單第2號/Price List No.2 見備註7(c)(v)/See Remark 7(c)(v) 見備註7(d)/See Remark 7(d) 見備註7(e)/See Remark 7(e) 見備註7(f)/See Remark 7(f) 在29/09/2020，支付條款更改為 On 29/09/2020, the terms of payment adjusted to 價單第2號/Price List No.2 見備註7(c)(iii)/See Remark 7(c)(iii) 見備註7(d)/See Remark 7(d) 見備註7(e)/See Remark 7(e) 見備註7(f)/See Remark 7(f)",
2019-11-01,,,2,25,F,,5385000,,價單第2號/Price List No.2 見備註7(c)(v)/See Remark 7(c)(v) 見備註7(d)/See Remark 7(d) 見備註7(e)/See Remark 7(e) 見備註7(f)/See Remark 7(f),
2019-11-01,2019-11-08,,2,26,F,,5413000,,價單第2號/Price List No.2 見備註7(c)(v)/See Remark 7(c)(v) 見備註7(d)/See Remark 7(d) 見備註7(e)/See Remark 7(e) 見備註7(f)/See Remark 7(f),
2019-11-01,2019-11-08,,2,27,F,,4997000,,價單第2號/Price List No.2 見備註7(c)(i)/See Remark 7(c)(i) 見備註7(d)/See Remark 7(d) 見備註7(e)/See Remark 7(e) 見備註7(f)/See Remark 7(f),
2019-11-01,2019-11-08,,2,28,F,,5174000,,價單第2號/Price List No.2 見備註7(c)(iii)/See Remark 7(c)(iii) 見備註7(d)/See Remark 7(d) 見備註7(e)/See Remark 7(e) 見備註7(f)/See Remark 7(f),
2019-11-01,2019-11-08,,2,29,F,,5123000,,價單第3號/Price List No.3 見備註7(c)(i)/See Remark 7(c)(i) 見備註7(d)/See Remark 7(d) 見備註7(e)/See Remark 7(e) 見備註7(f)/See Remark 7(f),
2019-11-01,2019-11-08,,2,30,F,,5148000,,價單第3號/Price List No.3 見備註7(c)(i)/See Remark 7(c)(i) 見備註7(d)/See Remark 7(d) 見備註7(e)/See Remark 7(e) 見備註7(f)/See Remark 7(f),
2019-11-01,2019-11-07,,2,2,G,,4321000,,價單第1A號/Price List No.1A 見備註7(c)(i)/See Remark 7(c)(i) 見備註7(d)/See Remark 7(d) 見備註7(e)/See Remark 7(e) 見備註7(f)/See Remark 7(f),
2019-11-01,2019-11-08,,2,3,G,,4344000,,價單第1A號/Price List No.1A 見備註7(c)(i)/See Remark 7(c)(i) 見備註7(d)/See Remark 7(d) 見備註7(e)/See Remark 7(e) 見備註7(f)/See Remark 7(f),
2019-11-01,2019-11-08,,2,5,G,,4366000,,價單第1A號/Price List No.1A 見備註7(c)(i)/See Remark 7(c)(i) 見備註7(d)/See Remark 7(d) 見備註7(e)/See Remark 7(e) 見備註7(f)/See Remark 7(f),
2019-11-01,2019-11-08,,2,6,G,,4388000,,價單第1A號/Price List No.1A 見備註7(c)(i)/See Remark 7(c)(i) 見備註7(d)/See Remark 7(d) 見備註7(e)/See Remark 7(e) 見備註7(f)/See Remark 7(f),
2019-11-01,2019-11-08,,2,7,G,,4801000,,價單第1A號/Price List No.1A 見備註7(c)(v)/See Remark 7(c)(v) 見備註7(d)/See Remark 7(d) 見備註7(e)/See Remark 7(e) 見備註7(f)/See Remark 7(f),
2019-11-01,2019-11-08,,2,8,G,,4567000,"在23/10/2020， 基於法例 35(2)(b)條所容 許的原因，售價 更改為 $4,849,000 On 23/10/2020, the price adjusted to $4,849,000 due to the reason allowed under section 35(2)(b) of the Ordinance","價單第1A號/Price List No.1A 見備註7(c)(iii)/See Remark 7(c)(iii) 見備註7(d)/See Remark 7(d) 見備註7(e)/See Remark 7(e) 見備註7(f)/See Remark 7(f) 在23/10/2020，支付條款更改為 On 23/10/2020, the terms of payment adjusted to 價單第1A號/Price List No.1A 見備註7(c)(v)/See Remark 7(c)(v) 見備註7(d)/See Remark 7(d) 見備註7(e)/See Remark 7(e) 見備註7(f)/See Remark 7(f)",
2019-11-01,2019-11-08,,2,9,G,,4454000,,價單第1A號/Price List No.1A 見備註7(c)(i)/See Remark 7(c)(i) 見備註7(d)/See Remark 7(d) 見備註7(e)/See Remark 7(e) 見備註7(f)/See Remark 7(f),
2019-11-01,2019-11-08,,2,10,G,,4476000,,價單第1A號/Price List No.1A 見備註7(c)(i)/See Remark 7(c)(i) 見備註7(d)/See Remark 7(d) 見備註7(e)/See Remark 7(e) 見備註7(f)/See Remark 7(f),
2019-11-01,2019-11-08,,2,11,G,,4897000,,價單第1A號/Price List No.1A 見備註7(c)(v)/See Remark 7(c)(v) 見備註7(d)/See Remark 7(d) 見備註7(e)/See Remark 7(e) 見備註7(f)/See Remark 7(f),
2019-11-01,2019-11-08,,2,12,G,,4521000,,價單第1A號/Price List No.1A 見備註7(c)(i)/See Remark 7(c)(i) 見備註7(d)/See Remark 7(d) 見備註7(e)/See Remark 7(e) 見備註7(f)/See Remark 7(f),
2019-11-01,2019-11-08,,2,15,G,,4544000,,價單第1A號/Price List No.1A 見備註7(c)(i)/See Remark 7(c)(i) 見備註7(d)/See Remark 7(d) 見備註7(e)/See Remark 7(e) 見備註7(f)/See Remark 7(f),
2019-11-01,2019-11-07,,2,16,G,,4971000,,價單第1A號/Price List No.1A 見備註7(c)(v)/See Remark 7(c)(v) 見備註7(d)/See Remark 7(d) 見備註7(e)/See Remark 7(e) 見備註7(f)/See Remark 7(f),
2019-11-01,2019-11-08,,2,17,G,,4589000,,價單第1A號/Price List No.1A 見備註7(c)(i)/See Remark 7(c)(i) 見備註7(d)/See Remark 7(d) 見備註7(e)/See Remark 7(e) 見備註7(f)/See Remark 7(f),
2019-11-01,2019-11-08,,2,18,G,,5046000,"在22/07/2020， 基於法例 35(2)(b)條所容 許的原因，售價 更改為 $4,752,000 On 22/07/2020, the price adjusted to $4,752,000 due to the reason allowed under section 35(2)(b) of the Ordinance","價單第1A號/Price List No.1A 見備註7(c)(v)/See Remark 7(c)(v) 見備註7(d)/See Remark 7(d) 見備註7(e)/See Remark 7(e) 見備註7(f)/See Remark 7(f) 在22/07/2020，支付條款更改為 On 22/07/2020, the terms of payment adjusted to 價單第1A號/Price List No.1A 見備註7(c)(iii)/See Remark 7(c)(iii) 見備註7(d)/See Remark 7(d) 見備註7(e)/See Remark 7(e) 見備註7(f)/See Remark 7(f)",
2019-11-01,2019-11-08,,2,19,G,,5046000,,價單第1A號/Price List No.1A 見備註7(c)(v)/See Remark 7(c)(v) 見備註7(d)/See Remark 7(d) 見備註7(e)/See Remark 7(e) 見備註7(f)/See Remark 7(f),
2019-11-01,2019-11-08,,2,20,G,,4777000,"在11/12/2019， 基於法例 35(2)(b)條所容 許的原因，售價 更改為 $4,659,000 On 11/12/2019, the price adjusted to $4,659,000 due to the reason allowed under section 35(2)(b) of the Ordinance","價單第1A號/Price List No.1A 見備註7(c)(iii)/See Remark 7(c)(iii) 見備註7(d)/See Remark 7(d) 見備註7(e)/See Remark 7(e) 見備註7(f)/See Remark 7(f) 在11/12/2019，支付條款更改為 On 11/12/2019, the terms of payment adjusted to 價單第1A號/Price List No.1A 見備註7(c)(i)/See Remark 7(c)(i) 見備註7(d)/See Remark 7(d) 見備註7(e)/See Remark 7(e) 見備註7(f)/See Remark 7(f)",
2019-11-01,2019-11-08,,2,21,G,,5122000,"在10/09/2020， 基於法例 35(2)(b)條所容 許的原因，售價 更改為 $4,824,000 On 10/09/2020, the price adjusted to $4,824,000 due to the reason allowed under section 35(2)(b) of the Ordinance","價單第1A號/Price List No.1A 見備註7(c)(v)/See Remark 7(c)(v) 見備註7(d)/See Remark 7(d) 見備註7(e)/See Remark 7(e) 見備註7(f)/See Remark 7(f) 在10/09/2020，支付條款更改為 On 10/09/2020, the terms of payment adjusted to 價單第1A號/Price List No.1A 見備註7(c)(iii)/See Remark 7(c)(iii) 見備註7(d)/See Remark 7(d) 見備註7(e)/See Remark 7(e) 見備註7(f)/See Remark 7(f)",
2019-11-01,2019-11-08,,2,22,G,,4728000,,價單第1A號/Price List No.1A 見備註7(c)(i)/See Remark 7(c)(i) 見備註7(d)/See Remark 7(d) 見備註7(e)/See Remark 7(e) 見備註7(f)/See Remark 7(f),
2019-11-01,2019-11-08,,2,23,G,,4816000,,價單第2號/Price List No.2 見備註7(c)(i)/See Remark 7(c)(i) 見備註7(d)/See Remark 7(d) 見備註7(e)/See Remark 7(e) 見備註7(f)/See Remark 7(f),
2019-11-01,2019-11-08,,2,25,G,,5268000,,價單第2號/Price List No.2 見備註7(c)(v)/See Remark 7(c)(v) 見備註7(d)/See Remark 7(d) 見備註7(e)/See Remark 7(e) 見備註7(f)/See Remark 7(f),
2019-11-01,2019-11-08,,2,26,G,,4864000,,價單第2號/Price List No.2 見備註7(c)(i)/See Remark 7(c)(i) 見備註7(d)/See Remark 7(d) 見備註7(e)/See Remark 7(e) 見備註7(f)/See Remark 7(f),
2019-11-01,2019-11-08,,2,27,G,,5321000,,價單第2號/Price List No.2 見備註7(c)(v)/See Remark 7(c)(v) 見備註7(d)/See Remark 7(d) 見備註7(e)/See Remark 7(e) 見備註7(f)/See Remark 7(f),
2019-11-01,2019-11-08,,2,28,G,,4937000,,價單第2號/Price List No.2 見備註7(c)(i)/See Remark 7(c)(i) 見備註7(d)/See Remark 7(d) 見備註7(e)/See Remark 7(e) 見備註7(f)/See Remark 7(f),
2019-11-01,2019-11-08,,2,30,G,,5164000,"在31/01/2020， 基於法例 35(2)(b)條所容 許的原因，售價 更改為 $5,483,000 On 31/01/2020, the price adjusted to $5,483,000 due to the reason allowed under section 35(2)(b) of the Ordinance","價單第3號/Price List No.3 見備註7(c)(iii)/See Remark 7(c)(iii) 見備註7(d)/See Remark 7(d) 見備註7(e)/See Remark 7(e) 見備註7(f)/See Remark 7(f) 在31/01/2020，支付條款更改為 On 31/01/2020, the terms of payment adjusted to 價單第3號/Price List No.3 見備註7(c)(v)/See Remark 7(c)(v) 見備註7(d)/See Remark 7(d) 見備註7(e)/See Remark 7(e) 見備註7(f)/See Remark 7(f)",
2019-11-01,2019-11-08,,2,3,H,,4441000,,價單第2號/Price List No.2 見備註7(c)(i)/See Remark 7(c)(i) 見備註7(d)/See Remark 7(d) 見備註7(e)/See Remark 7(e) 見備註7(f)/See Remark 7(f),
2019-11-01,2019-11-08,,2,5,H,,4859000,,價單第2號/Price List No.2 見備註7(c)(v)/See Remark 7(c)(v) 見備註7(d)/See Remark 7(d) 見備註7(e)/See Remark 7(e) 見備註7(f)/See Remark 7(f),
2019-11-01,2019-11-08,,2,6,H,,4486000,,價單第2號/Price List No.2 見備註7(c)(i)/See Remark 7(c)(i) 見備註7(d)/See Remark 7(d) 見備註7(e)/See Remark 7(e) 見備註7(f)/See Remark 7(f),
2019-11-01,2019-11-08,,2,7,H,,4508000,,價單第2號/Price List No.2 見備註7(c)(i)/See Remark 7(c)(i) 見備註7(d)/See Remark 7(d) 見備註7(e)/See Remark 7(e) 見備註7(f)/See Remark 7(f),
2019-11-01,2019-11-08,,2,8,H,,4668000,,價單第2號/Price List No.2 見備註7(c)(iii)/See Remark 7(c)(iii) 見備註7(d)/See Remark 7(d) 見備註7(e)/See Remark 7(e) 見備註7(f)/See Remark 7(f),
2019-11-01,2019-11-08,,2,9,H,,4493000,,價單第1A號/Price List No.1A 見備註7(c)(i)/See Remark 7(c)(i) 見備註7(d)/See Remark 7(d) 見備註7(e)/See Remark 7(e) 見備註7(f)/See Remark 7(f),
2019-11-01,2019-11-08,,2,10,H,,4916000,,價單第1A號/Price List No.1A 見備註7(c)(v)/See Remark 7(c)(v) 見備註7(d)/See Remark 7(d) 見備註7(e)/See Remark 7(e) 見備註7(f)/See Remark 7(f),
2019-11-01,2019-11-08,,2,11,H,,4940000,,價單第1A號/Price List No.1A 見備註7(c)(v)/See Remark 7(c)(v) 見備註7(d)/See Remark 7(d) 見備註7(e)/See Remark 7(e) 見備註7(f)/See Remark 7(f),
2019-11-01,2019-11-08,,2,12,H,,4965000,,價單第1A號/Price List No.1A 見備註7(c)(v)/See Remark 7(c)(v) 見備註7(d)/See Remark 7(d) 見備註7(e)/See Remark 7(e) 見備註7(f)/See Remark 7(f),
2019-11-01,2019-11-08,,2,15,H,,4990000,,價單第1A號/Price List No.1A 見備註7(c)(v)/See Remark 7(c)(v) 見備註7(d)/See Remark 7(d) 見備註7(e)/See Remark 7(e) 見備註7(f)/See Remark 7(f),
2019-11-01,2019-11-08,,2,16,H,,4606000,,價單第1A號/Price List No.1A 見備註7(c)(i)/See Remark 7(c)(i) 見備註7(d)/See Remark 7(d) 見備註7(e)/See Remark 7(e) 見備註7(f)/See Remark 7(f),
2019-11-01,2019-11-08,,2,17,H,,4629000,,價單第1A號/Price List No.1A 見備註7(c)(i)/See Remark 7(c)(i) 見備註7(d)/See Remark 7(d) 見備註7(e)/See Remark 7(e) 見備註7(f)/See Remark 7(f),
2019-11-01,2019-11-08,,2,18,H,,4676000,,價單第1A號/Price List No.1A 見備註7(c)(i)/See Remark 7(c)(i) 見備註7(d)/See Remark 7(d) 見備註7(e)/See Remark 7(e) 見備註7(f)/See Remark 7(f),
2019-11-01,2019-11-08,,2,19,H,,4794000,,價單第1A號/Price List No.1A 見備註7(c)(iii)/See Remark 7(c)(iii) 見備註7(d)/See Remark 7(d) 見備註7(e)/See Remark 7(e) 見備註7(f)/See Remark 7(f),
2019-11-01,2019-11-08,,2,20,H,,4699000,,價單第1A號/Price List No.1A 見備註7(c)(i)/See Remark 7(c)(i) 見備註7(d)/See Remark 7(d) 見備註7(e)/See Remark 7(e) 見備註7(f)/See Remark 7(f),
2019-11-01,2019-11-08,,2,21,H,,4866000,,價單第1A號/Price List No.1A 見備註7(c)(iii)/See Remark 7(c)(iii) 見備註7(d)/See Remark 7(d) 見備註7(e)/See Remark 7(e) 見備註7(f)/See Remark 7(f),
2019-11-01,2019-11-08,,2,22,H,,5193000,,價單第1A號/Price List No.1A 見備註7(c)(v)/See Remark 7(c)(v) 見備註7(d)/See Remark 7(d) 見備註7(e)/See Remark 7(e) 見備註7(f)/See Remark 7(f),
2019-11-01,2019-11-08,,2,23,H,,4858000,,價單第2號/Price List No.2 見備註7(c)(i)/See Remark 7(c)(i) 見備註7(d)/See Remark 7(d) 見備註7(e)/See Remark 7(e) 見備註7(f)/See Remark 7(f),
2019-11-01,2019-11-06,,2,25,H,,5006000,,價單第2號/Price List No.2 見備註7(c)(iii)/See Remark 7(c)(iii) 見備註7(d)/See Remark 7(d) 見備註7(e)/See Remark 7(e) 見備註7(f)/See Remark 7(f),
2019-11-01,2019-11-08,,2,26,H,,5341000,"在26/02/2020， 基於法例 35(2)(b)條所容 許的原因，售價 更改為 $5,031,000 On 26/02/2020, the price adjusted to $5,031,000 due to the reason allowed under section 35(2)(b) of the Ordinance","價單第2號/Price List No.2 見備註7(c)(v)/See Remark 7(c)(v) 見備註7(d)/See Remark 7(d) 見備註7(e)/See Remark 7(e) 見備註7(f)/See Remark 7(f) 在26/02/2020，支付條款更改為 On 26/02/2020, the terms of payment adjusted to 價單第2號/Price List No.2 見備註7(c)(iii)/See Remark 7(c)(iii) 見備註7(d)/See Remark 7(d) 見備註7(e)/See Remark 7(e) 見備註7(f)/See Remark 7(f)",
2019-11-01,2019-11-08,,2,27,H,,4931000,,價單第2號/Price List No.2 見備註7(c)(i)/See Remark 7(c)(i) 見備註7(d)/See Remark 7(d) 見備註7(e)/See Remark 7(e) 見備註7(f)/See Remark 7(f),
2019-11-01,2019-11-08,,2,28,H,,4980000,,價單第2號/Price List No.2 見備註7(c)(i)/See Remark 7(c)(i) 見備註7(d)/See Remark 7(d) 見備註7(e)/See Remark 7(e) 見備註7(f)/See Remark 7(f),
2019-11-01,2019-11-08,,2,29,H,,5183000,,價單第3號/Price List No.3 見備註7(c)(iii)/See Remark 7(c)(iii) 見備註7(d)/See Remark 7(d) 見備註7(e)/See Remark 7(e) 見備註7(f)/See Remark 7(f),
2019-11-01,2019-11-08,,2,30,H,,5080000,,價單第3號/Price List No.3 見備註7(c)(i)/See Remark 7(c)(i) 見備註7(d)/See Remark 7(d) 見備註7(e)/See Remark 7(e) 見備註7(f)/See Remark 7(f),
2019-11-01,2019-11-08,,1A,9,C,,8753000,,價單第3號/Price List No.3 見備註7(c)(iv)/See Remark 7(c)(iv) 見備註7(d)/See Remark 7(d) 見備註7(e)/See Remark 7(e) 見備註7(f)/See Remark 7(f) 見備註7(g)/See Remark 7(g),
2019-11-01,2019-11-08,,1A,10,C,,8588000,,價單第3號/Price List No.3 見備註7(c)(ii)/See Remark 7(c)(ii) 見備註7(d)/See Remark 7(d) 見備註7(e)/See Remark 7(e) 見備註7(f)/See Remark 7(f) 見備註7(g)/See Remark 7(g),
2019-11-01,2019-11-06,,1A,3,D,,4645000,,價單第3號/Price List No.3 見備註7(c)(i)/See Remark 7(c)(i) 見備註7(d)/See Remark 7(d) 見備註7(e)/See Remark 7(e) 見備註7(f)/See Remark 7(f),
2019-11-01,2019-11-08,,1A,6,D,,4692000,,價單第3號/Price List No.3 見備註7(c)(i)/See Remark 7(c)(i) 見備註7(d)/See Remark 7(d) 見備註7(e)/See Remark 7(e) 見備註7(f)/See Remark 7(f),
2019-11-01,2019-11-08,,1A,7,D,,5132000,"在12/12/2019， 基於法例 35(2)(b)條所容 許的原因，售價 更改為 $4,715,000 On 12/12/2019, the price adjusted to $4,715,000 due to the reason allowed under section 35(2)(b) of the Ordinance","價單第3號/Price List No.3 見備註7(c)(v)/See Remark 7(c)(v) 見備註7(d)/See Remark 7(d) 見備註7(e)/See Remark 7(e) 見備註7(f)/See Remark 7(f) 在12/12/2019，支付條款更改為 On 12/12/2019, the terms of payment adjusted to 價單第3號/Price List No.3 見備註7(c)(i)/See Remark 7(c)(i) 見備註7(d)/See Remark 7(d) 見備註7(e)/See Remark 7(e) 見備註7(f)/See Remark 7(f)",
2019-11-01,2019-11-08,,1A,8,D,,5184000,,價單第3號/Price List No.3 見備註7(c)(v)/See Remark 7(c)(v) 見備註7(d)/See Remark 7(d) 見備註7(e)/See Remark 7(e) 見備註7(f)/See Remark 7(f),
2019-11-01,2019-11-08,,1A,9,D,,4762000,,價單第3號/Price List No.3 見備註7(c)(i)/See Remark 7(c)(i) 見備註7(d)/See Remark 7(d) 見備註7(e)/See Remark 7(e) 見備註7(f)/See Remark 7(f),
2019-11-01,2019-11-08,,1A,10,D,,4786000,,價單第3號/Price List No.3 見備註7(c)(i)/See Remark 7(c)(i) 見備註7(d)/See Remark 7(d) 見備註7(e)/See Remark 7(e) 見備註7(f)/See Remark 7(f),
2019-11-01,2019-11-08,,1A,12,D,,4956000,,價單第3號/Price List No.3 見備註7(c)(iii)/See Remark 7(c)(iii) 見備註7(d)/See Remark 7(d) 見備註7(e)/See Remark 7(e) 見備註7(f)/See Remark 7(f),
2019-11-01,2019-11-08,,1A,15,D,,4882000,,價單第3號/Price List No.3 見備註7(c)(i)/See Remark 7(c)(i) 見備註7(d)/See Remark 7(d) 見備註7(e)/See Remark 7(e) 見備註7(f)/See Remark 7(f),
2019-11-01,2019-11-08,,1A,16,D,,4907000,,價單第3號/Price List No.3 見備註7(c)(i)/See Remark 7(c)(i) 見備註7(d)/See Remark 7(d) 見備註7(e)/See Remark 7(e) 見備註7(f)/See Remark 7(f),
2019-11-01,2019-11-07,,1A,17,D,,4931000,,價單第3號/Price List No.3 見備註7(c)(i)/See Remark 7(c)(i) 見備註7(d)/See Remark 7(d) 見備註7(e)/See Remark 7(e) 見備註7(f)/See Remark 7(f),
2019-11-01,2019-11-08,,1A,18,D,,4980000,,價單第3號/Price List No.3 見備註7(c)(i)/See Remark 7(c)(i) 見備註7(d)/See Remark 7(d) 見備註7(e)/See Remark 7(e) 見備註7(f)/See Remark 7(f),
2019-11-01,2019-11-08,,1A,19,D,,4980000,,價單第3號/Price List No.3 見備註7(c)(i)/See Remark 7(c)(i) 見備註7(d)/See Remark 7(d) 見備註7(e)/See Remark 7(e) 見備註7(f)/See Remark 7(f),
2019-11-01,2019-11-06,,1A,20,D,,5005000,,價單第3號/Price List No.3 見備註7(c)(i)/See Remark 7(c)(i) 見備註7(d)/See Remark 7(d) 見備註7(e)/See Remark 7(e) 見備註7(f)/See Remark 7(f),
2019-11-01,2019-11-08,,1A,7,F,,4583000,,價單第3號/Price List No.3 見備註7(c)(i)/See Remark 7(c)(i) 見備註7(d)/See Remark 7(d) 見備註7(e)/See Remark 7(e) 見備註7(f)/See Remark 7(f),
2019-11-01,2019-11-08,,1A,8,F,,4746000,,價單第3號/Price List No.3 見備註7(c)(iii)/See Remark 7(c)(iii) 見備註7(d)/See Remark 7(d) 見備註7(e)/See Remark 7(e) 見備註7(f)/See Remark 7(f),
2019-11-01,2019-11-08,,1A,9,F,,5039000,,價單第3號/Price List No.3 見備註7(c)(v)/See Remark 7(c)(v) 見備註7(d)/See Remark 7(d) 見備註7(e)/See Remark 7(e) 見備註7(f)/See Remark 7(f),
2019-11-01,2019-11-07,,1A,10,F,,4652000,,價單第3號/Price List No.3 見備註7(c)(i)/See Remark 7(c)(i) 見備註7(d)/See Remark 7(d) 見備註7(e)/See Remark 7(e) 見備註7(f)/See Remark 7(f),
2019-11-01,2019-11-08,,1A,11,F,,4793000,,價單第3號/Price List No.3 見備註7(c)(iii)/See Remark 7(c)(iii) 見備註7(d)/See Remark 7(d) 見備註7(e)/See Remark 7(e) 見備註7(f)/See Remark 7(f),
2019-11-01,2019-11-08,,1A,12,F,,4698000,,價單第3號/Price List No.3 見備註7(c)(i)/See Remark 7(c)(i) 見備註7(d)/See Remark 7(d) 見備註7(e)/See Remark 7(e) 見備註7(f)/See Remark 7(f),
2019-11-01,2019-11-08,,1A,15,F,,4745000,"在30/12/2019， 基於法例 35(2)(b)條所容 許的原因，售價 更改為 $5,165,000 On 30/12/2019, the price adjusted to $5,165,000 due to the reason allowed under section 35(2)(b) of the Ordinance","價單第3號/Price List No.3 見備註7(c)(i)/See Remark 7(c)(i) 見備註7(d)/See Remark 7(d) 見備註7(e)/See Remark 7(e) 見備註7(f)/See Remark 7(f) 在30/12/2019，支付條款更改為 On 30/12/2019, the terms of payment adjusted to 價單第3號/Price List No.3 見備註7(c)(v)/See Remark 7(c)(v) 見備註7(d)/See Remark 7(d) 見備註7(e)/See Remark 7(e) 見備註7(f)/See Remark 7(f)",
2019-11-01,2019-11-08,,1A,16,F,,5191000,,價單第3號/Price List No.3 見備註7(c)(v)/See Remark 7(c)(v) 見備註7(d)/See Remark 7(d) 見備註7(e)/See Remark 7(e) 見備註7(f)/See Remark 7(f),
2019-11-01,2019-11-08,,1A,18,F,,4840000,,價單第3號/Price List No.3 見備註7(c)(i)/See Remark 7(c)(i) 見備註7(d)/See Remark 7(d) 見備註7(e)/See Remark 7(e) 見備註7(f)/See Remark 7(f),
2019-11-01,2019-11-08,,1A,20,F,,4988000,,價單第3號/Price List No.3 見備註7(c)(iii)/See Remark 7(c)(iii) 見備註7(d)/See Remark 7(d) 見備註7(e)/See Remark 7(e) 見備註7(f)/See Remark 7(f),
2019-11-01,2019-11-08,,1A,21,F,,4913000,,價單第3號/Price List No.3 見備註7(c)(i)/See Remark 7(c)(i) 見備註7(d)/See Remark 7(d) 見備註7(e)/See Remark 7(e) 見備註7(f)/See Remark 7(f),
2019-11-01,2019-11-08,,1A,22,F,,4938000,,價單第3號/Price List No.3 見備註7(c)(i)/See Remark 7(c)(i) 見備註7(d)/See Remark 7(d) 見備註7(e)/See Remark 7(e) 見備註7(f)/See Remark 7(f),
2019-11-01,2019-11-08,,1A,23,F,,4963000,,價單第3號/Price List No.3 見備註7(c)(i)/See Remark 7(c)(i) 見備註7(d)/See Remark 7(d) 見備註7(e)/See Remark 7(e) 見備註7(f)/See Remark 7(f),
2019-11-01,2019-11-08,,1A,25,F,,4987000,,價單第3號/Price List No.3 見備註7(c)(i)/See Remark 7(c)(i) 見備註7(d)/See Remark 7(d) 見備註7(e)/See Remark 7(e) 見備註7(f)/See Remark 7(f),
2019-11-01,2019-11-08,,2A,2,B,,8314000,,價單第2號/Price List No.2 見備註7(c)(v)/See Remark 7(c)(v) 見備註7(d)/See Remark 7(d) 見備註7(e)/See Remark 7(e) 見備註7(f)/See Remark 7(f),
2019-11-01,2019-11-08,,2A,3,B,,7575000,,價單第1A號/Price List No.1A 見備註7(c)(i)/See Remark 7(c)(i) 見備註7(d)/See Remark 7(d) 見備註7(e)/See Remark 7(e) 見備註7(f)/See Remark 7(f),
2019-11-01,2019-11-08,,2A,5,B,,8287000,,價單第1A號/Price List No.1A 見備註7(c)(v)/See Remark 7(c)(v) 見備註7(d)/See Remark 7(d) 見備註7(e)/See Remark 7(e) 見備註7(f)/See Remark 7(f),
2019-11-01,2019-11-08,,2A,6,B,,7941000,,價單第1A號/Price List No.1A 見備註7(c)(ii)/See Remark 7(c)(ii) 見備註7(d)/See Remark 7(d) 見備註7(e)/See Remark 7(e) 見備註7(f)/See Remark 7(f) 見備註7(g)/See Remark 7(g),
2019-11-01,2019-11-08,,2A,7,B,,8481000,,價單第2號/Price List No.2 見備註7(c)(v)/See Remark 7(c)(v) 見備註7(d)/See Remark 7(d) 見備註7(e)/See Remark 7(e) 見備註7(f)/See Remark 7(f),
2019-11-01,2019-11-08,,2A,8,B,,7869000,,價單第2號/Price List No.2 見備註7(c)(i)/See Remark 7(c)(i) 見備註7(d)/See Remark 7(d) 見備註7(e)/See Remark 7(e) 見備註7(f)/See Remark 7(f),
2019-11-01,2019-11-08,,2A,9,B,,7962000,,價單第1A號/Price List No.1A 見備註7(c)(iii)/See Remark 7(c)(iii) 見備註7(d)/See Remark 7(d) 見備註7(e)/See Remark 7(e) 見備註7(f)/See Remark 7(f),
2019-11-01,2019-11-07,,2A,10,B,,7804000,,價單第1A號/Price List No.1A 見備註7(c)(i)/See Remark 7(c)(i) 見備註7(d)/See Remark 7(d) 見備註7(e)/See Remark 7(e) 見備註7(f)/See Remark 7(f),
2019-11-01,2019-11-08,,2A,11,B,,8538000,,價單第1A號/Price List No.1A 見備註7(c)(v)/See Remark 7(c)(v) 見備註7(d)/See Remark 7(d) 見備註7(e)/See Remark 7(e) 見備註7(f)/See Remark 7(f),
2019-11-01,2019-11-08,,2A,12,B,,8695000,,價單第2號/Price List No.2 見備註7(c)(v)/See Remark 7(c)(v) 見備註7(d)/See Remark 7(d) 見備註7(e)/See Remark 7(e) 見備註7(f)/See Remark 7(f),
2019-11-01,2019-11-06,,2A,15,B,,8739000,,價單第2號/Price List No.2 見備註7(c)(v)/See Remark 7(c)(v) 見備註7(d)/See Remark 7(d) 見備註7(e)/See Remark 7(e) 見備註7(f)/See Remark 7(f),
2019-11-01,2019-11-08,,2A,16,B,,8667000,,價單第1A號/Price List No.1A 見備註7(c)(v)/See Remark 7(c)(v) 見備註7(d)/See Remark 7(d) 見備註7(e)/See Remark 7(e) 見備註7(f)/See Remark 7(f),
2019-11-01,2019-11-08,,2A,17,B,,8711000,,價單第1A號/Price List No.1A 見備註7(c)(v)/See Remark 7(c)(v) 見備註7(d)/See Remark 7(d) 見備註7(e)/See Remark 7(e) 見備註7(f)/See Remark 7(f),
2019-11-01,2019-11-08,,2A,18,B,,8915000,,價單第2號/Price List No.2 見備註7(c)(v)/See Remark 7(c)(v) 見備註7(d)/See Remark 7(d) 見備註7(e)/See Remark 7(e) 見備註7(f)/See Remark 7(f),
2019-11-01,2019-11-08,,2A,19,B,,8798000,,價單第1A號/Price List No.1A 見備註7(c)(v)/See Remark 7(c)(v) 見備註7(d)/See Remark 7(d) 見備註7(e)/See Remark 7(e) 見備註7(f)/See Remark 7(f),
2019-11-01,2019-11-08,,2A,20,B,,8230000,,價單第2號/Price List No.2 見備註7(c)(i)/See Remark 7(c)(i) 見備註7(d)/See Remark 7(d) 見備註7(e)/See Remark 7(e) 見備註7(f)/See Remark 7(f),
2019-11-01,2019-11-08,,2A,21,B,,8930000,,價單第1A號/Price List No.1A 見備註7(c)(v)/See Remark 7(c)(v) 見備註7(d)/See Remark 7(d) 見備註7(e)/See Remark 7(e) 見備註7(f)/See Remark 7(f),
2019-11-01,2019-11-08,,2A,22,B,,8244000,,價單第1A號/Price List No.1A 見備註7(c)(i)/See Remark 7(c)(i) 見備註7(d)/See Remark 7(d) 見備註7(e)/See Remark 7(e) 見備註7(f)/See Remark 7(f),
2019-11-01,2019-11-08,,2A,23,B,,8495000,,價單第1A號/Price List No.1A 見備註7(c)(iii)/See Remark 7(c)(iii) 見備註7(d)/See Remark 7(d) 見備註7(e)/See Remark 7(e) 見備註7(f)/See Remark 7(f),
2019-11-01,2019-11-08,,2A,25,B,,8327000,,價單第1A號/Price List No.1A 見備註7(c)(i)/See Remark 7(c)(i) 見備註7(d)/See Remark 7(d) 見備註7(e)/See Remark 7(e) 見備註7(f)/See Remark 7(f),
2019-11-01,2019-11-08,,2A,26,B,,8368000,,價單第1A號/Price List No.1A 見備註7(c)(i)/See Remark 7(c)(i) 見備註7(d)/See Remark 7(d) 見備註7(e)/See Remark 7(e) 見備註7(f)/See Remark 7(f),
2019-11-01,2019-11-08,,2A,27,B,,9156000,,價單第1A號/Price List No.1A 見備註7(c)(v)/See Remark 7(c)(v) 見備註7(d)/See Remark 7(d) 見備註7(e)/See Remark 7(e) 見備註7(f)/See Remark 7(f),
2019-11-01,2019-11-08,,2A,6,C,,4899000,,價單第2號/Price List No.2 見備註7(c)(v)/See Remark 7(c)(v) 見備註7(d)/See Remark 7(d) 見備註7(e)/See Remark 7(e) 見備註7(f)/See Remark 7(f),
2019-11-01,2019-11-08,,2A,7,C,,4924000,"在24/04/2020， 基於法例 35(2)(b)條所容 許的原因，售價 更改為 $4,637,000 On 24/04/2020, the price adjusted to $4,637,000 due to the reason allowed under section 35(2)(b) of the Ordinance","價單第2號/Price List No.2 見備註7(c)(v)/See Remark 7(c)(v) 見備註7(d)/See Remark 7(d) 見備註7(e)/See Remark 7(e) 見備註7(f)/See Remark 7(f) 在24/04/2020，支付條款更改為 On 24/04/2020, the terms of payment adjusted to 價單第2號/Price List No.2 見備註7(c)(iii)/See Remark 7(c)(iii) 見備註7(d)/See Remark 7(d) 見備註7(e)/See Remark 7(e) 見備註7(f)/See Remark 7(f)",
2019-11-01,2019-11-08,,2A,8,C,,4973000,,價單第2號/Price List No.2 見備註7(c)(v)/See Remark 7(c)(v) 見備註7(d)/See Remark 7(d) 見備註7(e)/See Remark 7(e) 見備註7(f)/See Remark 7(f),
2019-11-01,2019-11-08,,2A,9,C,,4622000,,價單第1A號/Price List No.1A 見備註7(c)(iii)/See Remark 7(c)(iii) 見備註7(d)/See Remark 7(d) 見備註7(e)/See Remark 7(e) 見備註7(f)/See Remark 7(f),
2019-11-01,2019-11-08,,2A,10,C,,4932000,,價單第1A號/Price List No.1A 見備註7(c)(v)/See Remark 7(c)(v) 見備註7(d)/See Remark 7(d) 見備註7(e)/See Remark 7(e) 見備註7(f)/See Remark 7(f),
2019-11-01,2019-11-08,,2A,11,C,,4957000,,價單第1A號/Price List No.1A 見備註7(c)(v)/See Remark 7(c)(v) 見備註7(d)/See Remark 7(d) 見備註7(e)/See Remark 7(e) 見備註7(f)/See Remark 7(f),
2019-11-01,2019-11-08,,2A,12,C,,4576000,,價單第1A號/Price List No.1A 見備註7(c)(i)/See Remark 7(c)(i) 見備註7(d)/See Remark 7(d) 見備註7(e)/See Remark 7(e) 見備註7(f)/See Remark 7(f),
2019-11-01,2019-11-08,,2A,15,C,,4599000,,價單第1A號/Price List No.1A 見備註7(c)(i)/See Remark 7(c)(i) 見備註7(d)/See Remark 7(d) 見備註7(e)/See Remark 7(e) 見備註7(f)/See Remark 7(f),
2019-11-01,2019-11-08,,2A,16,C,,4622000,,價單第1A號/Price List No.1A 見備註7(c)(i)/See Remark 7(c)(i) 見備註7(d)/See Remark 7(d) 見備註7(e)/See Remark 7(e) 見備註7(f)/See Remark 7(f),
2019-11-01,2019-11-08,,2A,17,C,,5057000,"在15/10/2020， 基於法例 35(2)(b)條所容 許的原因，售價 更改為 $4,763,000 On 15/10/2020, the price adjusted to $4,763,000 due to the reason allowed under section 35(2)(b) of the Ordinance","價單第1A號/Price List No.1A 見備註7(c)(v)/See Remark 7(c)(v) 見備註7(d)/See Remark 7(d) 見備註7(e)/See Remark 7(e) 見備註7(f)/See Remark 7(f) 在15/10/2020，支付條款更改為 On 15/10/2020, the terms of payment adjusted to 價單第1A號/Price List No.1A 見備註7(c)(iii)/See Remark 7(c)(iii) 見備註7(d)/See Remark 7(d) 見備註7(e)/See Remark 7(e) 見備註7(f)/See Remark 7(f)",
2019-11-01,2019-11-07,,2A,18,C,,4692000,,價單第1A號/Price List No.1A 見備註7(c)(i)/See Remark 7(c)(i) 見備註7(d)/See Remark 7(d) 見備註7(e)/See Remark 7(e) 見備註7(f)/See Remark 7(f),
2019-11-01,2019-11-08,,2A,19,C,,4692000,,價單第1A號/Price List No.1A 見備註7(c)(i)/See Remark 7(c)(i) 見備註7(d)/See Remark 7(d) 見備註7(e)/See Remark 7(e) 見備註7(f)/See Remark 7(f),
2019-11-01,2019-11-07,,2A,20,C,,4715000,,價單第1A號/Price List No.1A 見備註7(c)(i)/See Remark 7(c)(i) 見備註7(d)/See Remark 7(d) 見備註7(e)/See Remark 7(e) 見備註7(f)/See Remark 7(f),
2019-11-01,2019-11-08,,2A,21,C,,5184000,"在14/07/2020， 基於法例 35(2)(b)條所容 許的原因，售價 更改為 $4,883,000 On 14/07/2020, the price adjusted to $4,883,000 due to the reason allowed under section 35(2)(b) of the Ordinance","價單第1A號/Price List No.1A 見備註7(c)(v)/See Remark 7(c)(v) 見備註7(d)/See Remark 7(d) 見備註7(e)/See Remark 7(e) 見備註7(f)/See Remark 7(f) 在14/07/2020，支付條款更改為 On 14/07/2020, the terms of payment adjusted to 價單第1A號/Price List No.1A 見備註7(c)(iii)/See Remark 7(c)(iii) 見備註7(d)/See Remark 7(d) 見備註7(e)/See Remark 7(e) 見備註7(f)/See Remark 7(f)",
2019-11-01,2019-11-08,,2A,22,C,,4786000,,價單第1A號/Price List No.1A 見備註7(c)(i)/See Remark 7(c)(i) 見備註7(d)/See Remark 7(d) 見備註7(e)/See Remark 7(e) 見備註7(f)/See Remark 7(f),
2019-11-01,2019-11-08,,2A,23,C,,4874000,,價單第2號/Price List No.2 見備註7(c)(i)/See Remark 7(c)(i) 見備註7(d)/See Remark 7(d) 見備註7(e)/See Remark 7(e) 見備註7(f)/See Remark 7(f),
2019-11-01,2019-11-08,,2A,25,C,,5022000,,價單第2號/Price List No.2 見備註7(c)(iii)/See Remark 7(c)(iii) 見備註7(d)/See Remark 7(d) 見備註7(e)/See Remark 7(e) 見備註7(f)/See Remark 7(f),
2019-11-01,2019-11-08,,2A,26,C,,4922000,,價單第2號/Price List No.2 見備註7(c)(i)/See Remark 7(c)(i) 見備註7(d)/See Remark 7(d) 見備註7(e)/See Remark 7(e) 見備註7(f)/See Remark 7(f),
2019-11-01,2019-11-07,,2A,27,C,,4948000,,價單第2號/Price List No.2 見備註7(c)(i)/See Remark 7(c)(i) 見備註7(d)/See Remark 7(d) 見備註7(e)/See Remark 7(e) 見備註7(f)/See Remark 7(f),
2019-11-01,2019-11-08,,2A,28,C,,4997000,,價單第2號/Price List No.2 見備註7(c)(i)/See Remark 7(c)(i) 見備註7(d)/See Remark 7(d) 見備註7(e)/See Remark 7(e) 見備註7(f)/See Remark 7(f),
2019-11-01,2019-11-07,,2A,2,D,,4706000,,價單第1A號/Price List No.1A 見備註7(c)(v)/See Remark 7(c)(v) 見備註7(d)/See Remark 7(d) 見備註7(e)/See Remark 7(e) 見備註7(f)/See Remark 7(f),
2019-11-01,2019-11-08,,2A,3,D,,4344000,,價單第1A號/Price List No.1A 見備註7(c)(i)/See Remark 7(c)(i) 見備註7(d)/See Remark 7(d) 見備註7(e)/See Remark 7(e) 見備註7(f)/See Remark 7(f),
2019-11-01,2019-11-08,,2A,5,D,,4753000,,價單第1A號/Price List No.1A 見備註7(c)(v)/See Remark 7(c)(v) 見備註7(d)/See Remark 7(d) 見備註7(e)/See Remark 7(e) 見備註7(f)/See Remark 7(f),
2019-11-01,2019-11-08,,2A,6,D,,4776000,,價單第1A號/Price List No.1A 見備註7(c)(v)/See Remark 7(c)(v) 見備註7(d)/See Remark 7(d) 見備註7(e)/See Remark 7(e) 見備註7(f)/See Remark 7(f),
2019-11-01,2019-11-08,,2A,7,D,,4410000,,價單第1A號/Price List No.1A 見備註7(c)(i)/See Remark 7(c)(i) 見備註7(d)/See Remark 7(d) 見備註7(e)/See Remark 7(e) 見備註7(f)/See Remark 7(f),
2019-11-01,2019-11-08,,2A,8,D,,4849000,,價單第1A號/Price List No.1A 見備註7(c)(v)/See Remark 7(c)(v) 見備註7(d)/See Remark 7(d) 見備註7(e)/See Remark 7(e) 見備註7(f)/See Remark 7(f),
2019-11-01,2019-11-08,,2A,9,D,,4849000,,價單第1A號/Price List No.1A 見備註7(c)(v)/See Remark 7(c)(v) 見備註7(d)/See Remark 7(d) 見備註7(e)/See Remark 7(e) 見備註7(f)/See Remark 7(f),
2019-11-01,2019-11-06,,2A,10,D,,4873000,,價單第1A號/Price List No.1A 見備註7(c)(v)/See Remark 7(c)(v) 見備註7(d)/See Remark 7(d) 見備註7(e)/See Remark 7(e) 見備註7(f)/See Remark 7(f),
2019-11-01,2019-11-08,,2A,11,D,,4498000,,價單第1A號/Price List No.1A 見備註7(c)(i)/See Remark 7(c)(i) 見備註7(d)/See Remark 7(d) 見備註7(e)/See Remark 7(e) 見備註7(f)/See Remark 7(f),
2019-11-01,2019-11-08,,2A,12,D,,4521000,,價單第1A號/Price List No.1A 見備註7(c)(i)/See Remark 7(c)(i) 見備註7(d)/See Remark 7(d) 見備註7(e)/See Remark 7(e) 見備註7(f)/See Remark 7(f),
2019-11-01,2019-11-08,,2A,15,D,,4659000,,價單第1A號/Price List No.1A 見備註7(c)(iii)/See Remark 7(c)(iii) 見備註7(d)/See Remark 7(d) 見備註7(e)/See Remark 7(e) 見備註7(f)/See Remark 7(f),
2019-11-01,2019-11-06,,2A,16,D,,4566000,,價單第1A號/Price List No.1A 見備註7(c)(i)/See Remark 7(c)(i) 見備註7(d)/See Remark 7(d) 見備註7(e)/See Remark 7(e) 見備註7(f)/See Remark 7(f),
2019-11-01,2019-11-08,,2A,17,D,,4996000,,價單第1A號/Price List No.1A 見備註7(c)(v)/See Remark 7(c)(v) 見備註7(d)/See Remark 7(d) 見備註7(e)/See Remark 7(e) 見備註7(f)/See Remark 7(f),
2019-11-01,2019-11-08,,2A,18,D,,5046000,,價單第1A號/Price List No.1A 見備註7(c)(v)/See Remark 7(c)(v) 見備註7(d)/See Remark 7(d) 見備註7(e)/See Remark 7(e) 見備註7(f)/See Remark 7(f),
2019-11-01,2019-11-08,,2A,19,D,,4635000,,價單第1A號/Price List No.1A 見備註7(c)(i)/See Remark 7(c)(i) 見備註7(d)/See Remark 7(d) 見備註7(e)/See Remark 7(e) 見備註7(f)/See Remark 7(f),
2019-11-01,2019-11-08,,2A,20,D,,4659000,,價單第1A號/Price List No.1A 見備註7(c)(i)/See Remark 7(c)(i) 見備註7(d)/See Remark 7(d) 見備註7(e)/See Remark 7(e) 見備註7(f)/See Remark 7(f),
2019-11-01,2019-11-08,,2A,21,D,,5122000,,價單第1A號/Price List No.1A 見備註7(c)(v)/See Remark 7(c)(v) 見備註7(d)/See Remark 7(d) 見備註7(e)/See Remark 7(e) 見備註7(f)/See Remark 7(f),
2019-11-01,2019-11-08,,2A,22,D,,4728000,,價單第1A號/Price List No.1A 見備註7(c)(i)/See Remark 7(c)(i) 見備註7(d)/See Remark 7(d) 見備註7(e)/See Remark 7(e) 見備註7(f)/See Remark 7(f),
2019-11-01,2019-11-08,,2A,23,D,,4938000,,價單第2號/Price List No.2 見備註7(c)(iii)/See Remark 7(c)(iii) 見備註7(d)/See Remark 7(d) 見備註7(e)/See Remark 7(e) 見備註7(f)/See Remark 7(f),
2019-11-01,2019-11-06,,2A,25,D,,4840000,,價單第2號/Price List No.2 見備註7(c)(i)/See Remark 7(c)(i) 見備註7(d)/See Remark 7(d) 見備註7(e)/See Remark 7(e) 見備註7(f)/See Remark 7(f),
2019-11-01,2019-11-08,,2A,26,D,,4864000,,價單第2號/Price List No.2 見備註7(c)(i)/See Remark 7(c)(i) 見備註7(d)/See Remark 7(d) 見備註7(e)/See Remark 7(e) 見備註7(f)/See Remark 7(f),
2019-11-01,2019-11-08,,2A,27,D,,4888000,,價單第2號/Price List No.2 見備註7(c)(i)/See Remark 7(c)(i) 見備註7(d)/See Remark 7(d) 見備註7(e)/See Remark 7(e) 見備註7(f)/See Remark 7(f),
2019-11-01,2019-11-07,,2A,28,D,,5374000,,價單第2號/Price List No.2 見備註7(c)(v)/See Remark 7(c)(v) 見備註7(d)/See Remark 7(d) 見備註7(e)/See Remark 7(e) 見備註7(f)/See Remark 7(f),
2019-11-01,2019-11-08,,2A,29,D,,5374000,"在08/04/2020， 基於法例 35(2)(b)條所容 許的原因，售價 更改為 $5,062,000 On 08/04/2020, the price adjusted to $5,062,000 due to the reason allowed under section 35(2)(b) of the Ordinance","價單第2號/Price List No.2 見備註7(c)(v)/See Remark 7(c)(v) 見備註7(d)/See Remark 7(d) 見備註7(e)/See Remark 7(e) 見備註7(f)/See Remark 7(f) 在08/04/2020，支付條款更改為 On 08/04/2020, the terms of payment adjusted to 價單第2號/Price List No.2 見備註7(c)(iii)/See Remark 7(c)(iii) 見備註7(d)/See Remark 7(d) 見備註7(e)/See Remark 7(e) 見備註7(f)/See Remark 7(f)",
2019-11-01,2019-11-08,,2A,3,E,,4729000,,價單第1A號/Price List No.1A 見備註7(c)(v)/See Remark 7(c)(v) 見備註7(d)/See Remark 7(d) 見備註7(e)/See Remark 7(e) 見備註7(f)/See Remark 7(f),
2019-11-01,2019-11-08,,2A,5,E,,4753000,,價單第1A號/Price List No.1A 見備註7(c)(v)/See Remark 7(c)(v) 見備註7(d)/See Remark 7(d) 見備註7(e)/See Remark 7(e) 見備註7(f)/See Remark 7(f),
2019-11-01,2019-11-08,,2A,6,E,,4776000,"在11/12/2019， 基於法例 35(2)(b)條所容 許的原因，售價 更改為 $4,388,000 On 11/12/2019, the price adjusted to $4,388,000 due to the reason allowed under section 35(2)(b) of the Ordinance","價單第1A號/Price List No.1A 見備註7(c)(v)/See Remark 7(c)(v) 見備註7(d)/See Remark 7(d) 見備註7(e)/See Remark 7(e) 見備註7(f)/See Remark 7(f) 在11/12/2019，支付條款更改為 On 11/12/2019, the terms of payment adjusted to 價單第1A號/Price List No.1A 見備註7(c)(i)/See Remark 7(c)(i) 見備註7(d)/See Remark 7(d) 見備註7(e)/See Remark 7(e) 見備註7(f)/See Remark 7(f)",
2019-11-01,2019-11-08,,2A,7,E,,4410000,,價單第1A號/Price List No.1A 見備註7(c)(i)/See Remark 7(c)(i) 見備註7(d)/See Remark 7(d) 見備註7(e)/See Remark 7(e) 見備註7(f)/See Remark 7(f),
2019-11-01,2019-11-08,,2A,8,E,,4849000,,價單第1A號/Price List No.1A 見備註7(c)(v)/See Remark 7(c)(v) 見備註7(d)/See Remark 7(d) 見備註7(e)/See Remark 7(e) 見備註7(f)/See Remark 7(f),
2019-11-01,2019-11-08,,2A,9,E,,4849000,,價單第1A號/Price List No.1A 見備註7(c)(v)/See Remark 7(c)(v) 見備註7(d)/See Remark 7(d) 見備註7(e)/See Remark 7(e) 見備註7(f)/See Remark 7(f),
2019-11-01,2019-11-07,,2A,10,E,,4476000,,價單第1A號/Price List No.1A 見備註7(c)(i)/See Remark 7(c)(i) 見備註7(d)/See Remark 7(d) 見備註7(e)/See Remark 7(e) 見備註7(f)/See Remark 7(f),
2019-11-01,2019-11-08,,2A,11,E,,4897000,,價單第1A號/Price List No.1A 見備註7(c)(v)/See Remark 7(c)(v) 見備註7(d)/See Remark 7(d) 見備註7(e)/See Remark 7(e) 見備註7(f)/See Remark 7(f),
2019-11-01,2019-11-08,,2A,12,E,,4521000,,價單第1A號/Price List No.1A 見備註7(c)(i)/See Remark 7(c)(i) 見備註7(d)/See Remark 7(d) 見備註7(e)/See Remark 7(e) 見備註7(f)/See Remark 7(f),
2019-11-01,2019-11-07,,2A,15,E,,4947000,"在03/12/2019， 基於法例 35(2)(b)條所容 許的原因，售價 更改為 $4,544,000 On 03/12/2019, the price adjusted to $4,544,000 due to the reason allowed under section 35(2)(b) of the Ordinance","價單第1A號/Price List No.1A 見備註7(c)(v)/See Remark 7(c)(v) 見備註7(d)/See Remark 7(d) 見備註7(e)/See Remark 7(e) 見備註7(f)/See Remark 7(f) 在03/12/2019，支付條款更改為 On 03/12/2019, the terms of payment adjusted to 價單第1A號/Price List No.1A 見備註7(c)(i)/See Remark 7(c)(i) 見備註7(d)/See Remark 7(d) 見備註7(e)/See Remark 7(e) 見備註7(f)/See Remark 7(f)",
2019-11-01,2019-11-08,,2A,16,E,,4566000,,價單第1A號/Price List No.1A 見備註7(c)(i)/See Remark 7(c)(i) 見備註7(d)/See Remark 7(d) 見備註7(e)/See Remark 7(e) 見備註7(f)/See Remark 7(f),
2019-11-01,2019-11-08,,2A,17,E,,4589000,,價單第1A號/Price List No.1A 見備註7(c)(i)/See Remark 7(c)(i) 見備註7(d)/See Remark 7(d) 見備註7(e)/See Remark 7(e) 見備註7(f)/See Remark 7(f),
2019-11-01,2019-11-08,,2A,18,E,,5046000,,價單第1A號/Price List No.1A 見備註7(c)(v)/See Remark 7(c)(v) 見備註7(d)/See Remark 7(d) 見備註7(e)/See Remark 7(e) 見備註7(f)/See Remark 7(f),
2019-11-01,2019-11-08,,2A,19,E,,4635000,,價單第1A號/Price List No.1A 見備註7(c)(i)/See Remark 7(c)(i) 見備註7(d)/See Remark 7(d) 見備註7(e)/See Remark 7(e) 見備註7(f)/See Remark 7(f),
2019-11-01,2019-11-08,,2A,20,E,,4659000,,價單第1A號/Price List No.1A 見備註7(c)(i)/See Remark 7(c)(i) 見備註7(d)/See Remark 7(d) 見備註7(e)/See Remark 7(e) 見備註7(f)/See Remark 7(f),
2019-11-01,2019-11-08,,2A,21,E,,4705000,,價單第1A號/Price List No.1A 見備註7(c)(i)/See Remark 7(c)(i) 見備註7(d)/See Remark 7(d) 見備註7(e)/See Remark 7(e) 見備註7(f)/See Remark 7(f),
2019-11-01,2019-11-06,,2A,22,E,,5147000,,價單第1A號/Price List No.1A 見備註7(c)(v)/See Remark 7(c)(v) 見備註7(d)/See Remark 7(d) 見備註7(e)/See Remark 7(e) 見備註7(f)/See Remark 7(f),
2019-11-01,2019-11-08,,2A,23,E,,5243000,,價單第2號/Price List No.2 見備註7(c)(v)/See Remark 7(c)(v) 見備註7(d)/See Remark 7(d) 見備註7(e)/See Remark 7(e) 見備註7(f)/See Remark 7(f),
2019-11-01,2019-11-08,,2A,25,E,,4840000,,價單第2號/Price List No.2 見備註7(c)(i)/See Remark 7(c)(i) 見備註7(d)/See Remark 7(d) 見備註7(e)/See Remark 7(e) 見備註7(f)/See Remark 7(f),
2019-11-01,2019-11-08,,2A,26,E,,4864000,,價單第2號/Price List No.2 見備註7(c)(i)/See Remark 7(c)(i) 見備註7(d)/See Remark 7(d) 見備註7(e)/See Remark 7(e) 見備註7(f)/See Remark 7(f),
2019-11-01,2019-11-08,,2A,27,E,,4888000,,價單第2號/Price List No.2 見備註7(c)(i)/See Remark 7(c)(i) 見備註7(d)/See Remark 7(d) 見備註7(e)/See Remark 7(e) 見備註7(f)/See Remark 7(f),
2019-11-01,2019-11-08,,2A,28,E,,5374000,,價單第2號/Price List No.2 見備註7(c)(v)/See Remark 7(c)(v) 見備註7(d)/See Remark 7(d) 見備註7(e)/See Remark 7(e) 見備註7(f)/See Remark 7(f),
2019-11-01,2019-11-07,,2A,29,E,,5374000,,價單第2號/Price List No.2 見備註7(c)(v)/See Remark 7(c)(v) 見備註7(d)/See Remark 7(d) 見備註7(e)/See Remark 7(e) 見備註7(f)/See Remark 7(f),
2019-11-01,2019-11-08,,2A,30,E,,5036000,,價單第3號/Price List No.3 見備註7(c)(i)/See Remark 7(c)(i) 見備註7(d)/See Remark 7(d) 見備註7(e)/See Remark 7(e) 見備註7(f)/See Remark 7(f),
2019-11-02,2019-11-08,,1,26,B,,7842000,,價單第3號/Price List No.3 見備註7(c)(v)/See Remark 7(c)(v) 見備註7(d)/See Remark 7(d) 見備註7(e)/See Remark 7(e) 見備註7(f)/See Remark 7(f),
2019-11-02,2019-11-08,,2,29,G,,4937000,,價單第2號/Price List No.2 見備註7(c)(i)/See Remark 7(c)(i) 見備註7(d)/See Remark 7(d) 見備註7(e)/See Remark 7(e) 見備註7(f)/See Remark 7(f),
2019-11-02,2019-11-08,,1A,2,D,,5031000,"在29/11/2019， 基於法例 35(2)(b)條所容 許的原因，售價 更改為 $4,622,000 On 29/11/2019, the price adjusted to $4,622,000 due to the reason allowed under section 35(2)(b) of the Ordinance","價單第3號/Price List No.3 見備註7(c)(v)/See Remark 7(c)(v) 見備註7(d)/See Remark 7(d) 見備註7(e)/See Remark 7(e) 見備註7(f)/See Remark 7(f) 在29/11/2019，支付條款更改為 On 29/11/2019, the terms of payment adjusted to 價單第3號/Price List No.3 見備註7(c)(i)/See Remark 7(c)(i) 見備註7(d)/See Remark 7(d) 見備註7(e)/See Remark 7(e) 見備註7(f)/See Remark 7(f)",
2019-11-02,2019-11-08,,1A,5,D,,5082000,,價單第3號/Price List No.3 見備註7(c)(v)/See Remark 7(c)(v) 見備註7(d)/See Remark 7(d) 見備註7(e)/See Remark 7(e) 見備註7(f)/See Remark 7(f),
2019-11-02,2019-11-07,,1A,11,D,,4810000,,價單第3號/Price List No.3 見備註7(c)(i)/See Remark 7(c)(i) 見備註7(d)/See Remark 7(d) 見備註7(e)/See Remark 7(e) 見備註7(f)/See Remark 7(f),
2019-11-02,2019-11-08,,1A,17,F,,4793000,,價單第3號/Price List No.3 見備註7(c)(i)/See Remark 7(c)(i) 見備註7(d)/See Remark 7(d) 見備註7(e)/See Remark 7(e) 見備註7(f)/See Remark 7(f),
2019-11-02,2019-11-06,,1A,19,F,,5269000,,價單第3號/Price List No.3 見備註7(c)(v)/See Remark 7(c)(v) 見備註7(d)/See Remark 7(d) 見備註7(e)/See Remark 7(e) 見備註7(f)/See Remark 7(f),
2019-11-02,2019-11-08,,2A,2,E,,4323000,,價單第1A號/Price List No.1A 見備註7(c)(i)/See Remark 7(c)(i) 見備註7(d)/See Remark 7(d) 見備註7(e)/See Remark 7(e) 見備註7(f)/See Remark 7(f),
2019-11-02,2019-11-08,,2A,6,A,,10796500,,招標文件支付辦法(A1) Payment Plan (A1) of Tender Document 見備註7(h)(i)/See Remark 7(h)(i),
2019-11-02,2019-11-08,,2A,8,A,,11835000,,招標文件支付辦法(C) Payment Plan (C) of Tender Document 見備註7(h)(v)/See Remark 7(h)(v),
2019-11-02,2019-11-08,,2A,29,A,,13932000,,招標文件支付辦法(C) Payment Plan (C) of Tender Document 見備註7(h)(v)/See Remark 7(h)(v),
2019-11-03,2019-11-08,,2A,7,A,,11795000,,招標文件支付辦法(C) Payment Plan (C) of Tender Document 見備註7(h)(v)/See Remark 7(h)(v),
2019-11-04,2019-11-08,,2A,25,A,,12306500,,招標文件支付辦法(A1) Payment Plan (A1) of Tender Document 見備註7(h)(i)/See Remark 7(h)(i),
2019-11-04,2019-11-11,,2A,9,A,,11676000,,招標文件支付辦法(B2) Payment Plan (B2) of Tender Document 見備註7(h)(iv)/See Remark 7(h)(iv) 見備註7(g)/See Remark 7(g),
2019-11-05,2019-11-11,,2A,23,A,,12463000,,招標文件支付辦法(B1) Payment Plan (B1) of Tender Document 見備註7(h)(iii)/See Remark 7(h)(iii),
2019-11-06,2019-11-13,,2A,17,A,,11589250,,招標文件支付辦法(A1) Payment Plan (A1) of Tender Document 見備註7(h)(i)/See Remark 7(h)(i),
2019-11-08,2019-11-15,,1,1,B,,6469000,,價單第5號/Price List No.5 見備註7(c)(i)/See Remark 7(c)(i) 見備註7(d)/See Remark 7(d) 見備註7(e)/See Remark 7(e) 見備註7(f)/See Remark 7(f),
2019-11-08,2019-11-15,,1,2,B,,6734000,,價單第5號/Price List No.5 見備註7(c)(iii)/See Remark 7(c)(iii) 見備註7(d)/See Remark 7(d) 見備註7(e)/See Remark 7(e) 見備註7(f)/See Remark 7(f),
2019-11-08,2019-11-15,,1,3,B,,7256000,,價單第4號/Price List No.4 見備註7(c)(v)/See Remark 7(c)(v) 見備註7(d)/See Remark 7(d) 見備註7(e)/See Remark 7(e) 見備註7(f)/See Remark 7(f),
2019-11-08,2019-11-15,,1,5,B,,7292000,"在11/12/2019， 基於法例 35(2)(b)條所容 許的原因，售價 更改為 $6,698,000 On 11/12/2019, the price adjusted to $6,698,000 due to the reason allowed under section 35(2)(b) of the Ordinance","價單第4號/Price List No.4 見備註7(c)(v)/See Remark 7(c)(v) 見備註7(d)/See Remark 7(d) 見備註7(e)/See Remark 7(e) 見備註7(f)/See Remark 7(f) 在11/12/2019，支付條款更改為 On 11/12/2019, the terms of payment adjusted to 價單第4號/Price List No.4 見備註7(c)(i)/See Remark 7(c)(i) 見備註7(d)/See Remark 7(d) 見備註7(e)/See Remark 7(e) 見備註7(f)/See Remark 7(f)",
2019-11-08,2019-11-15,,1,6,B,,6732000,,價單第4號/Price List No.4 見備註7(c)(i)/See Remark 7(c)(i) 見備註7(d)/See Remark 7(d) 見備註7(e)/See Remark 7(e) 見備註7(f)/See Remark 7(f),
2019-11-08,2019-11-15,,1,7,B,,6766000,,價單第4號/Price List No.4 見備註7(c)(i)/See Remark 7(c)(i) 見備註7(d)/See Remark 7(d) 見備註7(e)/See Remark 7(e) 見備註7(f)/See Remark 7(f),
2019-11-08,2019-11-15,,1,28,B,,7590000,"在27/12/2019， 基於法例 35(2)(b)條所容 許的原因，售價 更改為 $7,960,000 On 27/12/2019, the price adjusted to $7,960,000 due to the reason allowed under section 35(2)(b) of the Ordinance","價單第3號/Price List No.3 見備註7(c)(ii)/See Remark 7(c)(ii) 見備註7(d)/See Remark 7(d) 見備註7(e)/See Remark 7(e) 見備註7(f)/See Remark 7(f) 見備註7(g)/See Remark 7(g) 在27/12/2019，支付條款更改為 On 27/12/2019, the terms of payment adjusted to 價單第3號/Price List No.3 見備註7(c)(v)/See Remark 7(c)(v) 見備註7(d)/See Remark 7(d) 見備註7(e)/See Remark 7(e) 見備註7(f)/See Remark 7(f)",
2019-11-08,2019-11-15,,1,29,B,,7960000,,價單第3號/Price List No.3 見備註7(c)(v)/See Remark 7(c)(v) 見備註7(d)/See Remark 7(d) 見備註7(e)/See Remark 7(e) 見備註7(f)/See Remark 7(f),
2019-11-08,2019-11-15,,1,30,B,,7349000,,價單第3號/Price List No.3 見備註7(c)(i)/See Remark 7(c)(i) 見備註7(d)/See Remark 7(d) 見備註7(e)/See Remark 7(e) 見備註7(f)/See Remark 7(f),
2019-11-08,2019-11-15,,1,32,B,,7815000,,價單第5號/Price List No.5 見備註7(c)(i)/See Remark 7(c)(i) 見備註7(d)/See Remark 7(d) 見備註7(e)/See Remark 7(e) 見備註7(f)/See Remark 7(f),
2019-11-08,2019-11-15,,1,1,C,,6717000,,價單第5號/Price List No.5 見備註7(c)(v)/See Remark 7(c)(v) 見備註7(d)/See Remark 7(d) 見備註7(e)/See Remark 7(e) 見備註7(f)/See Remark 7(f),
2019-11-08,2019-11-15,,1,2,C,,6263000,,價單第5號/Price List No.5 見備註7(c)(i)/See Remark 7(c)(i) 見備註7(d)/See Remark 7(d) 見備註7(e)/See Remark 7(e) 見備註7(f)/See Remark 7(f),
2019-11-08,2019-11-15,,1,3,C,,6518000,"在11/12/2019， 基於法例 35(2)(b)條所容 許的原因，售價 更改為 $6,920,000 On 11/12/2019, the price adjusted to $6,920,000 due to the reason allowed under section 35(2)(b) of the Ordinance","價單第4號/Price List No.4 見備註7(c)(iii)/See Remark 7(c)(iii) 見備註7(d)/See Remark 7(d) 見備註7(e)/See Remark 7(e) 見備註7(f)/See Remark 7(f) 在11/12/2019，支付條款更改為 On 11/12/2019, the terms of payment adjusted to 價單第4號/Price List No.4 見備註7(c)(v)/See Remark 7(c)(v) 見備註7(d)/See Remark 7(d) 見備註7(e)/See Remark 7(e) 見備註7(f)/See Remark 7(f)",
2019-11-08,2019-11-15,,1,5,C,,6389000,"在07/01/2020， 基於法例 35(2)(b)條所容 許的原因，售價 更改為 $6,955,000 On 07/01/2020, the price adjusted to $6,955,000 due to the reason allowed under section 35(2)(b) of the Ordinance","價單第4號/Price List No.4 見備註7(c)(i)/See Remark 7(c)(i) 見備註7(d)/See Remark 7(d) 見備註7(e)/See Remark 7(e) 見備註7(f)/See Remark 7(f) 在07/01/2020，支付條款更改為 On 07/01/2020, the terms of payment adjusted to 價單第4號/Price List No.4 見備註7(c)(v)/See Remark 7(c)(v) 見備註7(d)/See Remark 7(d) 見備註7(e)/See Remark 7(e) 見備註7(f)/See Remark 7(f)",
2019-11-08,2019-11-15,,1,6,C,,6421000,,價單第4號/Price List No.4 見備註7(c)(i)/See Remark 7(c)(i) 見備註7(d)/See Remark 7(d) 見備註7(e)/See Remark 7(e) 見備註7(f)/See Remark 7(f),
2019-11-08,2019-11-15,,1,7,C,,6453000,,價單第4號/Price List No.4 見備註7(c)(i)/See Remark 7(c)(i) 見備註7(d)/See Remark 7(d) 見備註7(e)/See Remark 7(e) 見備註7(f)/See Remark 7(f),
2019-11-08,2019-11-15,,1,8,C,,7095000,"在12/12/2019， 基於法例 35(2)(b)條所容 許的原因，售價 更改為 $6,518,000 On 12/12/2019, the price adjusted to $6,518,000 due to the reason allowed under section 35(2)(b) of the Ordinance","價單第4號/Price List No.4 見備註7(c)(v)/See Remark 7(c)(v) 見備註7(d)/See Remark 7(d) 見備註7(e)/See Remark 7(e) 見備註7(f)/See Remark 7(f) 在12/12/2019，支付條款更改為 On 12/12/2019, the terms of payment adjusted to 價單第4號/Price List No.4 見備註7(c)(i)/See Remark 7(c)(i) 見備註7(d)/See Remark 7(d) 見備註7(e)/See Remark 7(e) 見備註7(f)/See Remark 7(f)",
2019-11-08,2019-11-15,,1,9,C,,6683000,,價單第4號/Price List No.4 見備註7(c)(iii)/See Remark 7(c)(iii) 見備註7(d)/See Remark 7(d) 見備註7(e)/See Remark 7(e) 見備註7(f)/See Remark 7(f),
2019-11-08,2019-11-14,,1,10,C,,6648000,,價單第4號/Price List No.4 見備註7(c)(i)/See Remark 7(c)(i) 見備註7(d)/See Remark 7(d) 見備註7(e)/See Remark 7(e) 見備註7(f)/See Remark 7(f),
2019-11-08,2019-11-15,,1,11,C,,7273000,,價單第4號/Price List No.4 見備註7(c)(v)/See Remark 7(c)(v) 見備註7(d)/See Remark 7(d) 見備註7(e)/See Remark 7(e) 見備註7(f)/See Remark 7(f),
2019-11-08,2019-11-15,2022-06-14,1,29,C,,7592000,,價單第3號/Price List No.3 見備註7(c)(v)/See Remark 7(c)(v) 見備註7(d)/See Remark 7(d) 見備註7(e)/See Remark 7(e) 見備註7(f)/See Remark 7(f),
2019-11-08,2019-11-15,,1,30,C,,7010000,,價單第3號/Price List No.3 見備註7(c)(i)/See Remark 7(c)(i) 見備註7(d)/See Remark 7(d) 見備註7(e)/See Remark 7(e) 見備註7(f)/See Remark 7(f),
2019-11-08,2019-11-15,,1,31,C,,7344000,,價單第5號/Price List No.5 見備註7(c)(i)/See Remark 7(c)(i) 見備註7(d)/See Remark 7(d) 見備註7(e)/See Remark 7(e) 見備註7(f)/See Remark 7(f),
2019-11-08,2019-11-15,,1,15,D,,9283000,,價單第4號/Price List No.4 見備註7(c)(i)/See Remark 7(c)(i) 見備註7(d)/See Remark 7(d) 見備註7(e)/See Remark 7(e) 見備註7(f)/See Remark 7(f),
2019-11-08,2019-11-15,,1,16,D,,9684000,,價單第4號/Price List No.4 見備註7(c)(ii)/See Remark 7(c)(ii) 見備註7(d)/See Remark 7(d) 見備註7(e)/See Remark 7(e) 見備註7(f)/See Remark 7(f) 見備註7(g)/See Remark 7(g),
2019-11-08,2019-11-15,,1,21,D,,9708000,,價單第4號/Price List No.4 見備註7(c)(i)/See Remark 7(c)(i) 見備註7(d)/See Remark 7(d) 見備註7(e)/See Remark 7(e) 見備註7(f)/See Remark 7(f),
2019-11-08,2019-11-15,,1,32,D,,10460000,,價單第4號/Price List No.4 見備註7(c)(i)/See Remark 7(c)(i) 見備註7(d)/See Remark 7(d) 見備註7(e)/See Remark 7(e) 見備註7(f)/See Remark 7(f),
2019-11-08,2019-11-15,,1,2,E,,6612000,,價單第5號/Price List No.5 見備註7(c)(iv)/See Remark 7(c)(iv) 見備註7(d)/See Remark 7(d) 見備註7(e)/See Remark 7(e) 見備註7(f)/See Remark 7(f) 見備註7(g)/See Remark 7(g),
2019-11-08,2019-11-14,,1,3,E,,7007000,,價單第4號/Price List No.4 見備註7(c)(v)/See Remark 7(c)(v) 見備註7(d)/See Remark 7(d) 見備註7(e)/See Remark 7(e) 見備註7(f)/See Remark 7(f),
2019-11-08,2019-11-15,,1,5,E,,6469000,,價單第4號/Price List No.4 見備註7(c)(i)/See Remark 7(c)(i) 見備註7(d)/See Remark 7(d) 見備註7(e)/See Remark 7(e) 見備註7(f)/See Remark 7(f),
2019-11-08,2019-11-15,,1,6,E,,7078000,,價單第4號/Price List No.4 見備註7(c)(v)/See Remark 7(c)(v) 見備註7(d)/See Remark 7(d) 見備註7(e)/See Remark 7(e) 見備註7(f)/See Remark 7(f),
2019-11-08,2019-11-14,,1,7,E,,7113000,,價單第4號/Price List No.4 見備註7(c)(v)/See Remark 7(c)(v) 見備註7(d)/See Remark 7(d) 見備註7(e)/See Remark 7(e) 見備註7(f)/See Remark 7(f),
2019-11-08,2019-11-14,,1,8,E,,6850000,"在06/12/2019， 基於法例 35(2)(b)條所容 許的原因，售價 更改為 $7,017,000 On 06/12/2019, the price adjusted to $7,017,000 due to the reason allowed under section 35(2)(b) of the Ordinance","價單第4號/Price List No.4 見備註7(c)(ii)/See Remark 7(c)(ii) 見備註7(d)/See Remark 7(d) 見備註7(e)/See Remark 7(e) 見備註7(f)/See Remark 7(f) 見備註7(g)/See Remark 7(g) 在06/12/2019，支付條款更改為 On 06/12/2019, the terms of payment adjusted to 價單第4號/Price List No.4 見備註7(c)(iv)/See Remark 7(c)(iv) 見備註7(d)/See Remark 7(d) 見備註7(e)/See Remark 7(e) 見備註7(f)/See Remark 7(f) 見備註7(g)/See Remark 7(g)",
2019-11-08,2019-11-15,,1,21,E,,6802000,,價單第4號/Price List No.4 見備註7(c)(i)/See Remark 7(c)(i) 見備註7(d)/See Remark 7(d) 見備註7(e)/See Remark 7(e) 見備註7(f)/See Remark 7(f),
2019-11-08,2019-11-15,,1,22,E,,7442000,,價單第4號/Price List No.4 見備註7(c)(v)/See Remark 7(c)(v) 見備註7(d)/See Remark 7(d) 見備註7(e)/See Remark 7(e) 見備註7(f)/See Remark 7(f),
2019-11-08,2019-11-15,,1,23,E,,6870000,,價單第4號/Price List No.4 見備註7(c)(i)/See Remark 7(c)(i) 見備註7(d)/See Remark 7(d) 見備註7(e)/See Remark 7(e) 見備註7(f)/See Remark 7(f),
2019-11-08,2019-11-15,,1,25,E,,7516000,,價單第4號/Price List No.4 見備註7(c)(v)/See Remark 7(c)(v) 見備註7(d)/See Remark 7(d) 見備註7(e)/See Remark 7(e) 見備註7(f)/See Remark 7(f),
2019-11-08,2019-11-15,,1,26,E,,7553000,,價單第4號/Price List No.4 見備註7(c)(v)/See Remark 7(c)(v) 見備註7(d)/See Remark 7(d) 見備註7(e)/See Remark 7(e) 見備註7(f)/See Remark 7(f),
2019-11-08,2019-11-15,,1,27,E,,6973000,,價單第4號/Price List No.4 見備註7(c)(i)/See Remark 7(c)(i) 見備註7(d)/See Remark 7(d) 見備註7(e)/See Remark 7(e) 見備註7(f)/See Remark 7(f),
2019-11-08,2019-11-15,,1,30,E,,7078000,,價單第4號/Price List No.4 見備註7(c)(i)/See Remark 7(c)(i) 見備註7(d)/See Remark 7(d) 見備註7(e)/See Remark 7(e) 見備註7(f)/See Remark 7(f),
2019-11-08,2019-11-15,,1,21,F,,5144000,,價單第3號/Price List No.3 見備註7(c)(i)/See Remark 7(c)(i) 見備註7(d)/See Remark 7(d) 見備註7(e)/See Remark 7(e) 見備註7(f)/See Remark 7(f),
2019-11-08,2019-11-15,,1,22,F,,5300000,,價單第3號/Price List No.3 見備註7(c)(iii)/See Remark 7(c)(iii) 見備註7(d)/See Remark 7(d) 見備註7(e)/See Remark 7(e) 見備註7(f)/See Remark 7(f),
2019-11-08,2019-11-13,,1,23,F,,5195000,,價單第3號/Price List No.3 見備註7(c)(i)/See Remark 7(c)(i) 見備註7(d)/See Remark 7(d) 見備註7(e)/See Remark 7(e) 見備註7(f)/See Remark 7(f),
2019-11-08,2019-11-15,,1,25,F,,5221000,,價單第3號/Price List No.3 見備註7(c)(i)/See Remark 7(c)(i) 見備註7(d)/See Remark 7(d) 見備註7(e)/See Remark 7(e) 見備註7(f)/See Remark 7(f),
2019-11-08,2019-11-15,,1,26,F,,5519000,,價單第4號/Price List No.4 見備註7(c)(iii)/See Remark 7(c)(iii) 見備註7(d)/See Remark 7(d) 見備註7(e)/See Remark 7(e) 見備註7(f)/See Remark 7(f),
2019-11-08,2019-11-15,,1,27,F,,5410000,,價單第4號/Price List No.4 見備註7(c)(i)/See Remark 7(c)(i) 見備註7(d)/See Remark 7(d) 見備註7(e)/See Remark 7(e) 見備註7(f)/See Remark 7(f),
2019-11-08,2019-11-15,,1,28,F,,5464000,,價單第4號/Price List No.4 見備註7(c)(i)/See Remark 7(c)(i) 見備註7(d)/See Remark 7(d) 見備註7(e)/See Remark 7(e) 見備註7(f)/See Remark 7(f),
2019-11-08,2019-11-15,,1,29,F,,5603000,,價單第4號/Price List No.4 見備註7(c)(iii)/See Remark 7(c)(iii) 見備註7(d)/See Remark 7(d) 見備註7(e)/See Remark 7(e) 見備註7(f)/See Remark 7(f),
2019-11-08,2019-11-15,,1,30,F,,5492000,,價單第4號/Price List No.4 見備註7(c)(i)/See Remark 7(c)(i) 見備註7(d)/See Remark 7(d) 見備註7(e)/See Remark 7(e) 見備註7(f)/See Remark 7(f),
2019-11-08,2019-11-15,,1,31,F,,5662000,,價單第5號/Price List No.5 見備註7(c)(i)/See Remark 7(c)(i) 見備註7(d)/See Remark 7(d) 見備註7(e)/See Remark 7(e) 見備註7(f)/See Remark 7(f),
2019-11-08,2019-11-14,,1,32,F,,5747000,,價單第5號/Price List No.5 見備註7(c)(i)/See Remark 7(c)(i) 見備註7(d)/See Remark 7(d) 見備註7(e)/See Remark 7(e) 見備註7(f)/See Remark 7(f),
2019-11-08,2019-11-15,,1,26,G,,5247000,,價單第4號/Price List No.4 見備註7(c)(i)/See Remark 7(c)(i) 見備註7(d)/See Remark 7(d) 見備註7(e)/See Remark 7(e) 見備註7(f)/See Remark 7(f),
2019-11-08,2019-11-15,,1,27,G,,5274000,,價單第4號/Price List No.4 見備註7(c)(i)/See Remark 7(c)(i) 見備註7(d)/See Remark 7(d) 見備註7(e)/See Remark 7(e) 見備註7(f)/See Remark 7(f),
2019-11-08,2019-11-15,,1,28,G,,5326000,,價單第4號/Price List No.4 見備註7(c)(i)/See Remark 7(c)(i) 見備註7(d)/See Remark 7(d) 見備註7(e)/See Remark 7(e) 見備註7(f)/See Remark 7(f),
2019-11-08,2019-11-15,,1,29,G,,5798000,,價單第4號/Price List No.4 見備註7(c)(v)/See Remark 7(c)(v) 見備註7(d)/See Remark 7(d) 見備註7(e)/See Remark 7(e) 見備註7(f)/See Remark 7(f),
2019-11-08,2019-11-15,,1,30,G,,5489000,,價單第4號/Price List No.4 見備註7(c)(iii)/See Remark 7(c)(iii) 見備註7(d)/See Remark 7(d) 見備註7(e)/See Remark 7(e) 見備註7(f)/See Remark 7(f),
2019-11-08,2019-11-15,,1,31,G,,5409000,,價單第5號/Price List No.5 見備註7(c)(i)/See Remark 7(c)(i) 見備註7(d)/See Remark 7(d) 見備註7(e)/See Remark 7(e) 見備註7(f)/See Remark 7(f),
2019-11-08,2019-11-15,,2,1,B,,6559000,,價單第5號/Price List No.5 見備註7(c)(ii)/See Remark 7(c)(ii) 見備註7(d)/See Remark 7(d) 見備註7(e)/See Remark 7(e) 見備註7(f)/See Remark 7(f) 見備註7(g)/See Remark 7(g),
2019-11-08,2019-11-15,,2,31,B,,8231000,,價單第5號/Price List No.5 見備註7(c)(v)/See Remark 7(c)(v) 見備註7(d)/See Remark 7(d) 見備註7(e)/See Remark 7(e) 見備註7(f)/See Remark 7(f),
2019-11-08,2019-11-15,,2,1,C,,6669000,,價單第5號/Price List No.5 見備註7(c)(v)/See Remark 7(c)(v) 見備註7(d)/See Remark 7(d) 見備註7(e)/See Remark 7(e) 見備註7(f)/See Remark 7(f),
2019-11-08,2019-11-15,,2,28,D,,10108000,,價單第4號/Price List No.4 見備註7(c)(i)/See Remark 7(c)(i) 見備註7(d)/See Remark 7(d) 見備註7(e)/See Remark 7(e) 見備註7(f)/See Remark 7(f),
2019-11-08,2019-11-15,,2,2,E,,6102000,,價單第5號/Price List No.5 見備註7(c)(i)/See Remark 7(c)(i) 見備註7(d)/See Remark 7(d) 見備註7(e)/See Remark 7(e) 見備註7(f)/See Remark 7(f),
2019-11-08,2019-11-15,,2,31,E,,6984000,,價單第5號/Price List No.5 見備註7(c)(i)/See Remark 7(c)(i) 見備註7(d)/See Remark 7(d) 見備註7(e)/See Remark 7(e) 見備註7(f)/See Remark 7(f),
2019-11-08,2019-11-15,,2,32,E,,7089000,,價單第5號/Price List No.5 見備註7(c)(i)/See Remark 7(c)(i) 見備註7(d)/See Remark 7(d) 見備註7(e)/See Remark 7(e) 見備註7(f)/See Remark 7(f),
2019-11-08,2019-11-15,,2,2,F,,5188000,,價單第5號/Price List No.5 見備註7(c)(v)/See Remark 7(c)(v) 見備註7(d)/See Remark 7(d) 見備註7(e)/See Remark 7(e) 見備註7(f)/See Remark 7(f),
2019-11-08,2019-11-15,,2,3,F,,5214000,,價單第4號/Price List No.4 見備註7(c)(v)/See Remark 7(c)(v) 見備註7(d)/See Remark 7(d) 見備註7(e)/See Remark 7(e) 見備註7(f)/See Remark 7(f),
2019-11-08,2019-11-15,,2,5,F,,4935000,,價單第4號/Price List No.4 見備註7(c)(iii)/See Remark 7(c)(iii) 見備註7(d)/See Remark 7(d) 見備註7(e)/See Remark 7(e) 見備註7(f)/See Remark 7(f),
2019-11-08,2019-11-15,,2,31,F,,5454000,,價單第5號/Price List No.5 見備註7(c)(i)/See Remark 7(c)(i) 見備註7(d)/See Remark 7(d) 見備註7(e)/See Remark 7(e) 見備註7(f)/See Remark 7(f),
2019-11-08,2019-11-14,,2,31,G,,5336000,,價單第5號/Price List No.5 見備註7(c)(i)/See Remark 7(c)(i) 見備註7(d)/See Remark 7(d) 見備註7(e)/See Remark 7(e) 見備註7(f)/See Remark 7(f),
2019-11-08,2019-11-15,,2,32,G,,5415000,,價單第5號/Price List No.5 見備註7(c)(i)/See Remark 7(c)(i) 見備註7(d)/See Remark 7(d) 見備註7(e)/See Remark 7(e) 見備註7(f)/See Remark 7(f),
2019-11-08,2019-11-15,,2,2,H,,4822000,,價單第5號/Price List No.5 見備註7(c)(iii)/See Remark 7(c)(iii) 見備註7(d)/See Remark 7(d) 見備註7(e)/See Remark 7(e) 見備註7(f)/See Remark 7(f),
2019-11-08,2019-11-15,,2,32,H,,5601000,,價單第5號/Price List No.5 見備註7(c)(iii)/See Remark 7(c)(iii) 見備註7(d)/See Remark 7(d) 見備註7(e)/See Remark 7(e) 見備註7(f)/See Remark 7(f),
2019-11-08,2019-11-13,,1A,2,A,,6804000,,價單第5號/Price List No.5 見備註7(c)(ii)/See Remark 7(c)(ii) 見備註7(d)/See Remark 7(d) 見備註7(e)/See Remark 7(e) 見備註7(f)/See Remark 7(f) 見備註7(g)/See Remark 7(g),
2019-11-08,2019-11-15,,1A,3,A,,6588000,,價單第5號/Price List No.5 見備註7(c)(i)/See Remark 7(c)(i) 見備註7(d)/See Remark 7(d) 見備註7(e)/See Remark 7(e) 見備註7(f)/See Remark 7(f),
2019-11-08,2019-11-15,,1A,5,A,,6620000,,價單第5號/Price List No.5 見備註7(c)(i)/See Remark 7(c)(i) 見備註7(d)/See Remark 7(d) 見備註7(e)/See Remark 7(e) 見備註7(f)/See Remark 7(f),
2019-11-08,2019-11-15,,1A,6,A,,6653000,,價單第5號/Price List No.5 見備註7(c)(i)/See Remark 7(c)(i) 見備註7(d)/See Remark 7(d) 見備註7(e)/See Remark 7(e) 見備註7(f)/See Remark 7(f),
2019-11-08,2019-11-15,,1A,7,A,,6687000,,價單第5號/Price List No.5 見備註7(c)(i)/See Remark 7(c)(i) 見備註7(d)/See Remark 7(d) 見備註7(e)/See Remark 7(e) 見備註7(f)/See Remark 7(f),
2019-11-08,2019-11-15,,1A,8,A,,6754000,,價單第5號/Price List No.5 見備註7(c)(i)/See Remark 7(c)(i) 見備註7(d)/See Remark 7(d) 見備註7(e)/See Remark 7(e) 見備註7(f)/See Remark 7(f),
2019-11-08,2019-11-15,,1A,9,A,,6821000,,價單第4號/Price List No.4 見備註7(c)(i)/See Remark 7(c)(i) 見備註7(d)/See Remark 7(d) 見備註7(e)/See Remark 7(e) 見備註7(f)/See Remark 7(f),
2019-11-08,2019-11-14,,1A,10,A,,7573000,,價單第4號/Price List No.4 見備註7(c)(v)/See Remark 7(c)(v) 見備註7(d)/See Remark 7(d) 見備註7(e)/See Remark 7(e) 見備註7(f)/See Remark 7(f),
2019-11-08,2019-11-14,,1A,11,A,,7257000,"在21/02/2020， 基於法例 35(2)(b)條所容 許的原因，售價 更改為 $6,992,000 On 21/02/2020, the price adjusted to $6,992,000 due to the reason allowed under section 35(2)(b) of the Ordinance","價單第4號/Price List No.4 見備註7(c)(ii)/See Remark 7(c)(ii) 見備註7(d)/See Remark 7(d) 見備註7(e)/See Remark 7(e) 見備註7(f)/See Remark 7(f) 見備註7(g)/See Remark 7(g) 在21/02/2020，支付條款更改為 On 21/02/2020, the terms of payment adjusted to 價單第4號/Price List No.4 見備註7(c)(i)/See Remark 7(c)(i) 見備註7(d)/See Remark 7(d) 見備註7(e)/See Remark 7(e) 見備註7(f)/See Remark 7(f)",
2019-11-08,2019-11-13,,1A,12,A,,7649000,"在04/12/2019， 基於法例 35(2)(b)條所容 許的原因，售價 更改為 $7,293,000 On 04/12/2019, the price adjusted to $7,293,000 due to the reason allowed under section 35(2)(b) of the Ordinance","價單第4號/Price List No.4 見備註7(c)(v)/See Remark 7(c)(v) 見備註7(d)/See Remark 7(d) 見備註7(e)/See Remark 7(e) 見備註7(f)/See Remark 7(f) 在04/12/2019，支付條款更改為 On 04/12/2019, the terms of payment adjusted to 價單第4號/Price List No.4 見備註7(c)(ii)/See Remark 7(c)(ii) 見備註7(d)/See Remark 7(d) 見備註7(e)/See Remark 7(e) 見備註7(f)/See Remark 7(f) 見備註7(g)/See Remark 7(g)",
2019-11-08,2019-11-15,,1A,15,A,,7688000,,價單第4號/Price List No.4 見備註7(c)(v)/See Remark 7(c)(v) 見備註7(d)/See Remark 7(d) 見備註7(e)/See Remark 7(e) 見備註7(f)/See Remark 7(f),
2019-11-08,2019-11-15,,1A,16,A,,7726000,,價單第4號/Price List No.4 見備註7(c)(v)/See Remark 7(c)(v) 見備註7(d)/See Remark 7(d) 見備註7(e)/See Remark 7(e) 見備註7(f)/See Remark 7(f),
2019-11-08,,,1A,17,A,,7133000,,價單第4號/Price List No.4 見備註7(c)(i)/See Remark 7(c)(i) 見備註7(d)/See Remark 7(d) 見備註7(e)/See Remark 7(e) 見備註7(f)/See Remark 7(f),
2019-11-08,2019-11-15,,1A,18,A,,7204000,,價單第5號/Price List No.5 見備註7(c)(i)/See Remark 7(c)(i) 見備註7(d)/See Remark 7(d) 見備註7(e)/See Remark 7(e) 見備註7(f)/See Remark 7(f),
2019-11-08,2019-11-15,,1A,19,A,,7204000,,價單第5號/Price List No.5 見備註7(c)(i)/See Remark 7(c)(i) 見備註7(d)/See Remark 7(d) 見備註7(e)/See Remark 7(e) 見備註7(f)/See Remark 7(f),
2019-11-08,2019-11-15,,1A,20,A,,7881000,,價單第5號/Price List No.5 見備註7(c)(v)/See Remark 7(c)(v) 見備註7(d)/See Remark 7(d) 見備註7(e)/See Remark 7(e) 見備註7(f)/See Remark 7(f),
2019-11-08,2019-11-15,,1A,21,A,,7385000,,價單第5號/Price List No.5 見備註7(c)(i)/See Remark 7(c)(i) 見備註7(d)/See Remark 7(d) 見備註7(e)/See Remark 7(e) 見備註7(f)/See Remark 7(f),
2019-11-08,2019-11-14,,1A,22,A,,7609000,,價單第5號/Price List No.5 見備註7(c)(iii)/See Remark 7(c)(iii) 見備註7(d)/See Remark 7(d) 見備註7(e)/See Remark 7(e) 見備註7(f)/See Remark 7(f),
2019-11-08,2019-11-15,,1A,3,B,,7154000,,價單第5號/Price List No.5 見備註7(c)(v)/See Remark 7(c)(v) 見備註7(d)/See Remark 7(d) 見備註7(e)/See Remark 7(e) 見備註7(f)/See Remark 7(f),
2019-11-08,2019-11-15,,1A,5,B,,6605000,,價單第5號/Price List No.5 見備註7(c)(i)/See Remark 7(c)(i) 見備註7(d)/See Remark 7(d) 見備註7(e)/See Remark 7(e) 見備註7(f)/See Remark 7(f),
2019-11-08,2019-11-15,,1A,6,B,,7227000,,價單第5號/Price List No.5 見備註7(c)(v)/See Remark 7(c)(v) 見備註7(d)/See Remark 7(d) 見備註7(e)/See Remark 7(e) 見備註7(f)/See Remark 7(f),
2019-11-08,2019-11-15,,1A,7,B,,6672000,,價單第5號/Price List No.5 見備註7(c)(i)/See Remark 7(c)(i) 見備註7(d)/See Remark 7(d) 見備註7(e)/See Remark 7(e) 見備註7(f)/See Remark 7(f),
2019-11-08,2019-11-15,,1A,8,B,,7335000,,價單第5號/Price List No.5 見備註7(c)(v)/See Remark 7(c)(v) 見備註7(d)/See Remark 7(d) 見備註7(e)/See Remark 7(e) 見備註7(f)/See Remark 7(f),
2019-11-08,2019-11-12,,1A,9,B,,7408000,,價單第4號/Price List No.4 見備註7(c)(v)/See Remark 7(c)(v) 見備註7(d)/See Remark 7(d) 見備註7(e)/See Remark 7(e) 見備註7(f)/See Remark 7(f),
2019-11-08,2019-11-15,,1A,10,B,,7556000,,價單第4號/Price List No.4 見備註7(c)(v)/See Remark 7(c)(v) 見備註7(d)/See Remark 7(d) 見備註7(e)/See Remark 7(e) 見備註7(f)/See Remark 7(f),
2019-11-08,2019-11-15,,1A,11,B,,7152000,,價單第4號/Price List No.4 見備註7(c)(iii)/See Remark 7(c)(iii) 見備註7(d)/See Remark 7(d) 見備註7(e)/See Remark 7(e) 見備註7(f)/See Remark 7(f),
2019-11-08,2019-11-15,,1A,12,B,,7632000,,價單第4號/Price List No.4 見備註7(c)(v)/See Remark 7(c)(v) 見備註7(d)/See Remark 7(d) 見備註7(e)/See Remark 7(e) 見備註7(f)/See Remark 7(f),
2019-11-08,2019-11-15,,1A,15,B,,7045000,,價單第4號/Price List No.4 見備註7(c)(i)/See Remark 7(c)(i) 見備註7(d)/See Remark 7(d) 見備註7(e)/See Remark 7(e) 見備註7(f)/See Remark 7(f),
2019-11-08,2019-11-15,,1A,16,B,,7081000,,價單第4號/Price List No.4 見備註7(c)(i)/See Remark 7(c)(i) 見備註7(d)/See Remark 7(d) 見備註7(e)/See Remark 7(e) 見備註7(f)/See Remark 7(f),
2019-11-08,2019-11-15,,1A,17,B,,7747000,,價單第4號/Price List No.4 見備註7(c)(v)/See Remark 7(c)(v) 見備註7(d)/See Remark 7(d) 見備註7(e)/See Remark 7(e) 見備註7(f)/See Remark 7(f),
2019-11-08,2019-11-15,,1A,18,B,,7187000,,價單第5號/Price List No.5 見備註7(c)(i)/See Remark 7(c)(i) 見備註7(d)/See Remark 7(d) 見備註7(e)/See Remark 7(e) 見備註7(f)/See Remark 7(f),
2019-11-08,2019-11-15,,1A,19,B,,7824000,,價單第5號/Price List No.5 見備註7(c)(v)/See Remark 7(c)(v) 見備註7(d)/See Remark 7(d) 見備註7(e)/See Remark 7(e) 見備註7(f)/See Remark 7(f),
2019-11-08,2019-11-14,,1A,20,B,,7680000,"在30/10/2020， 基於法例 35(2)(b)條所容 許的原因，售價 更改為 $7,863,000 On 30/10/2020, the price adjusted to $7,863,000 due to the reason allowed under section 35(2)(b) of the Ordinance","價單第5號/Price List No.5 見備註7(c)(iv)/See Remark 7(c)(iv) 見備註7(d)/See Remark 7(d) 見備註7(e)/See Remark 7(e) 見備註7(f)/See Remark 7(f) 見備註7(g)/See Remark 7(g) 在30/10/2020，支付條款更改為 On 30/10/2020, the terms of payment adjusted to 價單第5號/Price List No.5 見備註7(c)(v)/See Remark 7(c)(v) 見備註7(d)/See Remark 7(d) 見備註7(e)/See Remark 7(e) 見備註7(f)/See Remark 7(f)",
2019-11-08,2019-11-15,,1A,21,B,,7554000,,價單第5號/Price List No.5 見備註7(c)(iii)/See Remark 7(c)(iii) 見備註7(d)/See Remark 7(d) 見備註7(e)/See Remark 7(e) 見備註7(f)/See Remark 7(f),
2019-11-08,2019-11-15,,1A,22,B,,8061000,,價單第5號/Price List No.5 見備註7(c)(v)/See Remark 7(c)(v) 見備註7(d)/See Remark 7(d) 見備註7(e)/See Remark 7(e) 見備註7(f)/See Remark 7(f),
2019-11-08,2019-11-15,,1A,23,B,,7442000,,價單第5號/Price List No.5 見備註7(c)(i)/See Remark 7(c)(i) 見備註7(d)/See Remark 7(d) 見備註7(e)/See Remark 7(e) 見備註7(f)/See Remark 7(f),
2019-11-08,2019-11-15,,1A,25,B,,8142000,,價單第5號/Price List No.5 見備註7(c)(v)/See Remark 7(c)(v) 見備註7(d)/See Remark 7(d) 見備註7(e)/See Remark 7(e) 見備註7(f)/See Remark 7(f),
2019-11-08,2019-11-15,,1A,26,B,,7801000,,價單第4號/Price List No.4 見備註7(c)(ii)/See Remark 7(c)(ii) 見備註7(d)/See Remark 7(d) 見備註7(e)/See Remark 7(e) 見備註7(f)/See Remark 7(f) 見備註7(g)/See Remark 7(g),
2019-11-08,2019-11-14,,1A,30,B,,7592000,,價單第5號/Price List No.5 見備註7(c)(i)/See Remark 7(c)(i) 見備註7(d)/See Remark 7(d) 見備註7(e)/See Remark 7(e) 見備註7(f)/See Remark 7(f),
2019-11-08,2019-11-15,,1A,5,C,,8769000,,價單第4號/Price List No.4 見備註7(c)(ii)/See Remark 7(c)(ii) 見備註7(d)/See Remark 7(d) 見備註7(e)/See Remark 7(e) 見備註7(f)/See Remark 7(f) 見備註7(g)/See Remark 7(g),
2019-11-08,2019-11-15,,1A,6,C,,8706000,,價單第4號/Price List No.4 見備註7(c)(iii)/See Remark 7(c)(iii) 見備註7(d)/See Remark 7(d) 見備註7(e)/See Remark 7(e) 見備註7(f)/See Remark 7(f),
2019-11-08,2019-11-15,,1A,8,C,,8837000,"在27/10/2020， 基於法例 35(2)(b)條所容 許的原因，售價 更改為 $9,383,000 On 27/10/2020, the price adjusted to $9,383,000 due to the reason allowed under section 35(2)(b) of the Ordinance","價單第4號/Price List No.4 見備註7(c)(iii)/See Remark 7(c)(iii) 見備註7(d)/See Remark 7(d) 見備註7(e)/See Remark 7(e) 見備註7(f)/See Remark 7(f) 在27/10/2020，支付條款更改為 On 27/10/2020, the terms of payment adjusted to 價單第4號/Price List No.4 見備註7(c)(v)/See Remark 7(c)(v) 見備註7(d)/See Remark 7(d) 見備註7(e)/See Remark 7(e) 見備註7(f)/See Remark 7(f)",
2019-11-08,2019-11-15,,1A,11,C,,8705000,,價單第5號/Price List No.5 見備註7(c)(i)/See Remark 7(c)(i) 見備註7(d)/See Remark 7(d) 見備註7(e)/See Remark 7(e) 見備註7(f)/See Remark 7(f),
2019-11-08,2019-11-15,,1A,12,C,,9524000,,價單第5號/Price List No.5 見備註7(c)(v)/See Remark 7(c)(v) 見備註7(d)/See Remark 7(d) 見備註7(e)/See Remark 7(e) 見備註7(f)/See Remark 7(f),
2019-11-08,2019-11-15,,1A,18,C,,9014000,,價單第4號/Price List No.4 見備註7(c)(i)/See Remark 7(c)(i) 見備註7(d)/See Remark 7(d) 見備註7(e)/See Remark 7(e) 見備註7(f)/See Remark 7(f),
2019-11-08,2019-11-15,,1A,28,C,,9474000,,價單第5號/Price List No.5 見備註7(c)(i)/See Remark 7(c)(i) 見備註7(d)/See Remark 7(d) 見備註7(e)/See Remark 7(e) 見備註7(f)/See Remark 7(f),
2019-11-08,2019-11-15,,1A,21,D,,5055000,,價單第3號/Price List No.3 見備註7(c)(i)/See Remark 7(c)(i) 見備註7(d)/See Remark 7(d) 見備註7(e)/See Remark 7(e) 見備註7(f)/See Remark 7(f),
2019-11-08,2019-11-15,,1A,22,D,,5531000,,價單第3號/Price List No.3 見備註7(c)(v)/See Remark 7(c)(v) 見備註7(d)/See Remark 7(d) 見備註7(e)/See Remark 7(e) 見備註7(f)/See Remark 7(f),
2019-11-08,2019-11-15,,1A,23,D,,5106000,,價單第3號/Price List No.3 見備註7(c)(i)/See Remark 7(c)(i) 見備註7(d)/See Remark 7(d) 見備註7(e)/See Remark 7(e) 見備註7(f)/See Remark 7(f),
2019-11-08,2019-11-15,2022-06-14,1A,25,D,,5132000,,價單第3號/Price List No.3 見備註7(c)(i)/See Remark 7(c)(i) 見備註7(d)/See Remark 7(d) 見備註7(e)/See Remark 7(e) 見備註7(f)/See Remark 7(f),
2019-11-08,2019-11-15,,1A,26,D,,5291000,,價單第4號/Price List No.4 見備註7(c)(i)/See Remark 7(c)(i) 見備註7(d)/See Remark 7(d) 見備註7(e)/See Remark 7(e) 見備註7(f)/See Remark 7(f),
2019-11-08,2019-11-15,,1A,27,D,,5317000,,價單第4號/Price List No.4 見備註7(c)(i)/See Remark 7(c)(i) 見備註7(d)/See Remark 7(d) 見備註7(e)/See Remark 7(e) 見備註7(f)/See Remark 7(f),
2019-11-08,2019-11-15,,1A,28,D,,5371000,,價單第4號/Price List No.4 見備註7(c)(i)/See Remark 7(c)(i) 見備註7(d)/See Remark 7(d) 見備註7(e)/See Remark 7(e) 見備註7(f)/See Remark 7(f),
2019-11-08,2019-11-15,,1A,29,D,,5371000,,價單第4號/Price List No.4 見備註7(c)(i)/See Remark 7(c)(i) 見備註7(d)/See Remark 7(d) 見備註7(e)/See Remark 7(e) 見備註7(f)/See Remark 7(f),
2019-11-08,2019-11-14,,1A,30,D,,5398000,,價單第4號/Price List No.4 見備註7(c)(i)/See Remark 7(c)(i) 見備註7(d)/See Remark 7(d) 見備註7(e)/See Remark 7(e) 見備註7(f)/See Remark 7(f),
2019-11-08,2019-11-15,,1A,31,D,,5566000,,價單第5號/Price List No.5 見備註7(c)(i)/See Remark 7(c)(i) 見備註7(d)/See Remark 7(d) 見備註7(e)/See Remark 7(e) 見備註7(f)/See Remark 7(f),
2019-11-08,2019-11-15,,1A,32,D,,5649000,,價單第5號/Price List No.5 見備註7(c)(i)/See Remark 7(c)(i) 見備註7(d)/See Remark 7(d) 見備註7(e)/See Remark 7(e) 見備註7(f)/See Remark 7(f),
2019-11-08,2019-11-15,,1A,2,E,,4744000,,價單第5號/Price List No.5 見備註7(c)(i)/See Remark 7(c)(i) 見備註7(d)/See Remark 7(d) 見備註7(e)/See Remark 7(e) 見備註7(f)/See Remark 7(f),
2019-11-08,2019-11-15,,1A,3,E,,4768000,,價單第4號/Price List No.4 見備註7(c)(i)/See Remark 7(c)(i) 見備註7(d)/See Remark 7(d) 見備註7(e)/See Remark 7(e) 見備註7(f)/See Remark 7(f),
2019-11-08,2019-11-14,,1A,5,E,,4791000,,價單第4號/Price List No.4 見備註7(c)(i)/See Remark 7(c)(i) 見備註7(d)/See Remark 7(d) 見備註7(e)/See Remark 7(e) 見備註7(f)/See Remark 7(f),
2019-11-08,2019-11-15,,1A,6,E,,4815000,,價單第4號/Price List No.4 見備註7(c)(i)/See Remark 7(c)(i) 見備註7(d)/See Remark 7(d) 見備註7(e)/See Remark 7(e) 見備註7(f)/See Remark 7(f),
2019-11-08,2019-11-14,,1A,7,E,,4840000,,價單第4號/Price List No.4 見備註7(c)(i)/See Remark 7(c)(i) 見備註7(d)/See Remark 7(d) 見備註7(e)/See Remark 7(e) 見備註7(f)/See Remark 7(f),
2019-11-08,2019-11-15,,1A,8,E,,5011000,,價單第4號/Price List No.4 見備註7(c)(iii)/See Remark 7(c)(iii) 見備註7(d)/See Remark 7(d) 見備註7(e)/See Remark 7(e) 見備註7(f)/See Remark 7(f),
2019-11-08,2019-11-15,,1A,9,E,,4888000,,價單第4號/Price List No.4 見備註7(c)(i)/See Remark 7(c)(i) 見備註7(d)/See Remark 7(d) 見備註7(e)/See Remark 7(e) 見備註7(f)/See Remark 7(f),
2019-11-08,2019-11-15,,1A,10,E,,4912000,,價單第4號/Price List No.4 見備註7(c)(i)/See Remark 7(c)(i) 見備註7(d)/See Remark 7(d) 見備註7(e)/See Remark 7(e) 見備註7(f)/See Remark 7(f),
2019-11-08,2019-11-15,,1A,11,E,,4937000,,價單第4號/Price List No.4 見備註7(c)(i)/See Remark 7(c)(i) 見備註7(d)/See Remark 7(d) 見備註7(e)/See Remark 7(e) 見備註7(f)/See Remark 7(f),
2019-11-08,2019-11-15,,1A,12,E,,4961000,,價單第4號/Price List No.4 見備註7(c)(i)/See Remark 7(c)(i) 見備註7(d)/See Remark 7(d) 見備註7(e)/See Remark 7(e) 見備註7(f)/See Remark 7(f),
2019-11-08,2019-11-15,,1A,15,E,,5011000,,價單第4號/Price List No.4 見備註7(c)(i)/See Remark 7(c)(i) 見備註7(d)/See Remark 7(d) 見備註7(e)/See Remark 7(e) 見備註7(f)/See Remark 7(f),
2019-11-08,2019-11-15,,1A,16,E,,5483000,,價單第4號/Price List No.4 見備註7(c)(v)/See Remark 7(c)(v) 見備註7(d)/See Remark 7(d) 見備註7(e)/See Remark 7(e) 見備註7(f)/See Remark 7(f),
2019-11-08,2019-11-15,,1A,17,E,,5061000,,價單第4號/Price List No.4 見備註7(c)(i)/See Remark 7(c)(i) 見備註7(d)/See Remark 7(d) 見備註7(e)/See Remark 7(e) 見備註7(f)/See Remark 7(f),
2019-11-08,2019-11-15,,1A,18,E,,5565000,,價單第4號/Price List No.4 見備註7(c)(v)/See Remark 7(c)(v) 見備註7(d)/See Remark 7(d) 見備註7(e)/See Remark 7(e) 見備註7(f)/See Remark 7(f),
2019-11-08,2019-11-15,,1A,19,E,,5112000,,價單第4號/Price List No.4 見備註7(c)(i)/See Remark 7(c)(i) 見備註7(d)/See Remark 7(d) 見備註7(e)/See Remark 7(e) 見備註7(f)/See Remark 7(f),
2019-11-08,,,1A,20,E,,5137000,,價單第4號/Price List No.4 見備註7(c)(i)/See Remark 7(c)(i) 見備註7(d)/See Remark 7(d) 見備註7(e)/See Remark 7(e) 見備註7(f)/See Remark 7(f),
2019-11-08,2019-11-15,,1A,21,E,,5189000,,價單第5號/Price List No.5 見備註7(c)(i)/See Remark 7(c)(i) 見備註7(d)/See Remark 7(d) 見備註7(e)/See Remark 7(e) 見備註7(f)/See Remark 7(f),
2019-11-08,2019-11-15,,1A,22,E,,5215000,,價單第5號/Price List No.5 見備註7(c)(i)/See Remark 7(c)(i) 見備註7(d)/See Remark 7(d) 見備註7(e)/See Remark 7(e) 見備註7(f)/See Remark 7(f),
2019-11-08,2019-11-15,,1A,23,E,,5705000,,價單第5號/Price List No.5 見備註7(c)(v)/See Remark 7(c)(v) 見備註7(d)/See Remark 7(d) 見備註7(e)/See Remark 7(e) 見備註7(f)/See Remark 7(f),
2019-11-08,2019-11-15,,1A,25,E,,5267000,,價單第5號/Price List No.5 見備註7(c)(i)/See Remark 7(c)(i) 見備註7(d)/See Remark 7(d) 見備註7(e)/See Remark 7(e) 見備註7(f)/See Remark 7(f),
2019-11-08,2019-11-15,,1A,26,E,,5762000,"在06/01/2020， 基於法例 35(2)(b)條所容 許的原因，售價 更改為 $5,293,000 On 06/01/2020, the price adjusted to $5,293,000 due to the reason allowed under section 35(2)(b) of the Ordinance","價單第5號/Price List No.5 見備註7(c)(v)/See Remark 7(c)(v) 見備註7(d)/See Remark 7(d) 見備註7(e)/See Remark 7(e) 見備註7(f)/See Remark 7(f) 在06/01/2020，支付條款更改為 On 06/01/2020, the terms of payment adjusted to 價單第5號/Price List No.5 見備註7(c)(i)/See Remark 7(c)(i) 見備註7(d)/See Remark 7(d) 見備註7(e)/See Remark 7(e) 見備註7(f)/See Remark 7(f)",
2019-11-08,2019-11-15,,1A,27,E,,5791000,,價單第5號/Price List No.5 見備註7(c)(v)/See Remark 7(c)(v) 見備註7(d)/See Remark 7(d) 見備註7(e)/See Remark 7(e) 見備註7(f)/See Remark 7(f),
2019-11-08,2019-11-15,,1A,28,E,,5373000,,價單第5號/Price List No.5 見備註7(c)(i)/See Remark 7(c)(i) 見備註7(d)/See Remark 7(d) 見備註7(e)/See Remark 7(e) 見備註7(f)/See Remark 7(f),
2019-11-08,2019-11-15,,1A,29,E,,5373000,,價單第5號/Price List No.5 見備註7(c)(i)/See Remark 7(c)(i) 見備註7(d)/See Remark 7(d) 見備註7(e)/See Remark 7(e) 見備註7(f)/See Remark 7(f),
2019-11-08,2019-11-15,,1A,30,E,,5400000,,價單第5號/Price List No.5 見備註7(c)(i)/See Remark 7(c)(i) 見備註7(d)/See Remark 7(d) 見備註7(e)/See Remark 7(e) 見備註7(f)/See Remark 7(f),
2019-11-08,2019-11-15,,1A,31,E,,5456000,,價單第5號/Price List No.5 見備註7(c)(i)/See Remark 7(c)(i) 見備註7(d)/See Remark 7(d) 見備註7(e)/See Remark 7(e) 見備註7(f)/See Remark 7(f),
2019-11-08,2019-11-15,,1A,32,E,,6029000,,價單第5號/Price List No.5 見備註7(c)(v)/See Remark 7(c)(v) 見備註7(d)/See Remark 7(d) 見備註7(e)/See Remark 7(e) 見備註7(f)/See Remark 7(f),
2019-11-08,2019-11-15,,1A,2,F,,5120000,,價單第5號/Price List No.5 見備註7(c)(v)/See Remark 7(c)(v) 見備註7(d)/See Remark 7(d) 見備註7(e)/See Remark 7(e) 見備註7(f)/See Remark 7(f),
2019-11-08,2019-11-15,,1A,3,F,,4727000,,價單第5號/Price List No.5 見備註7(c)(i)/See Remark 7(c)(i) 見備註7(d)/See Remark 7(d) 見備註7(e)/See Remark 7(e) 見備註7(f)/See Remark 7(f),
2019-11-08,2019-11-15,,1A,5,F,,4750000,,價單第5號/Price List No.5 見備註7(c)(i)/See Remark 7(c)(i) 見備註7(d)/See Remark 7(d) 見備註7(e)/See Remark 7(e) 見備註7(f)/See Remark 7(f),
2019-11-08,2019-11-15,,1A,6,F,,4895000,,價單第5號/Price List No.5 見備註7(c)(iii)/See Remark 7(c)(iii) 見備註7(d)/See Remark 7(d) 見備註7(e)/See Remark 7(e) 見備註7(f)/See Remark 7(f),
2019-11-08,,,1A,26,F,,5247000,,價單第4號/Price List No.4 見備註7(c)(i)/See Remark 7(c)(i) 見備註7(d)/See Remark 7(d) 見備註7(e)/See Remark 7(e) 見備註7(f)/See Remark 7(f),
2019-11-08,2019-11-15,,1A,28,F,,5326000,,價單第4號/Price List No.4 見備註7(c)(i)/See Remark 7(c)(i) 見備註7(d)/See Remark 7(d) 見備註7(e)/See Remark 7(e) 見備註7(f)/See Remark 7(f),
2019-11-08,2019-11-15,,1A,29,F,,5326000,,價單第4號/Price List No.4 見備註7(c)(i)/See Remark 7(c)(i) 見備註7(d)/See Remark 7(d) 見備註7(e)/See Remark 7(e) 見備註7(f)/See Remark 7(f),
2019-11-08,2019-11-15,,1A,30,F,,5489000,,價單第4號/Price List No.4 見備註7(c)(iii)/See Remark 7(c)(iii) 見備註7(d)/See Remark 7(d) 見備註7(e)/See Remark 7(e) 見備註7(f)/See Remark 7(f),
2019-11-08,2019-11-15,,1A,2,G,,4703000,,價單第5號/Price List No.5 見備註7(c)(i)/See Remark 7(c)(i) 見備註7(d)/See Remark 7(d) 見備註7(e)/See Remark 7(e) 見備註7(f)/See Remark 7(f),
2019-11-08,2019-11-15,,1A,3,G,,5145000,,價單第4號/Price List No.4 見備註7(c)(v)/See Remark 7(c)(v) 見備註7(d)/See Remark 7(d) 見備註7(e)/See Remark 7(e) 見備註7(f)/See Remark 7(f),
2019-11-08,2019-11-14,,1A,5,G,,5171000,,價單第4號/Price List No.4 見備註7(c)(v)/See Remark 7(c)(v) 見備註7(d)/See Remark 7(d) 見備註7(e)/See Remark 7(e) 見備註7(f)/See Remark 7(f),
2019-11-08,2019-11-15,,1A,6,G,,5197000,,價單第4號/Price List No.4 見備註7(c)(v)/See Remark 7(c)(v) 見備註7(d)/See Remark 7(d) 見備註7(e)/See Remark 7(e) 見備註7(f)/See Remark 7(f),
2019-11-08,2019-11-15,,1A,7,G,,4798000,,價單第4號/Price List No.4 見備註7(c)(i)/See Remark 7(c)(i) 見備註7(d)/See Remark 7(d) 見備註7(e)/See Remark 7(e) 見備註7(f)/See Remark 7(f),
2019-11-08,2019-11-15,,1A,8,G,,5274000,,價單第4號/Price List No.4 見備註7(c)(v)/See Remark 7(c)(v) 見備註7(d)/See Remark 7(d) 見備註7(e)/See Remark 7(e) 見備註7(f)/See Remark 7(f),
2019-11-08,2019-11-15,,1A,9,G,,4968000,,價單第4號/Price List No.4 見備註7(c)(iii)/See Remark 7(c)(iii) 見備註7(d)/See Remark 7(d) 見備註7(e)/See Remark 7(e) 見備註7(f)/See Remark 7(f),
2019-11-08,2019-11-15,,1A,10,G,,4870000,,價單第4號/Price List No.4 見備註7(c)(i)/See Remark 7(c)(i) 見備註7(d)/See Remark 7(d) 見備註7(e)/See Remark 7(e) 見備註7(f)/See Remark 7(f),
2019-11-08,2019-11-15,,1A,11,G,,5018000,"在15/10/2020， 基於法例 35(2)(b)條所容 許的原因，售價 更改為 $5,328,000 On 15/10/2020, the price adjusted to $5,328,000 due to the reason allowed under section 35(2)(b) of the Ordinance","價單第4號/Price List No.4 見備註7(c)(iii)/See Remark 7(c)(iii) 見備註7(d)/See Remark 7(d) 見備註7(e)/See Remark 7(e) 見備註7(f)/See Remark 7(f) 在15/10/2020，支付條款更改為 On 15/10/2020, the terms of payment adjusted to 價單第4號/Price List No.4 見備註7(c)(v)/See Remark 7(c)(v) 見備註7(d)/See Remark 7(d) 見備註7(e)/See Remark 7(e) 見備註7(f)/See Remark 7(f)",
2019-11-08,2019-11-15,,1A,12,G,,4919000,,價單第4號/Price List No.4 見備註7(c)(i)/See Remark 7(c)(i) 見備註7(d)/See Remark 7(d) 見備註7(e)/See Remark 7(e) 見備註7(f)/See Remark 7(f),
2019-11-08,2019-11-15,,1A,15,G,,4968000,,價單第4號/Price List No.4 見備註7(c)(i)/See Remark 7(c)(i) 見備註7(d)/See Remark 7(d) 見備註7(e)/See Remark 7(e) 見備註7(f)/See Remark 7(f),
2019-11-08,2019-11-15,,1A,16,G,,4993000,,價單第4號/Price List No.4 見備註7(c)(i)/See Remark 7(c)(i) 見備註7(d)/See Remark 7(d) 見備註7(e)/See Remark 7(e) 見備註7(f)/See Remark 7(f),
2019-11-08,2019-11-15,,1A,17,G,,5017000,,價單第4號/Price List No.4 見備註7(c)(i)/See Remark 7(c)(i) 見備註7(d)/See Remark 7(d) 見備註7(e)/See Remark 7(e) 見備註7(f)/See Remark 7(f),
2019-11-08,2019-11-15,,1A,18,G,,5068000,,價單第4號/Price List No.4 見備註7(c)(i)/See Remark 7(c)(i) 見備註7(d)/See Remark 7(d) 見備註7(e)/See Remark 7(e) 見備註7(f)/See Remark 7(f),
2019-11-08,2019-11-15,,1A,19,G,,5068000,,價單第4號/Price List No.4 見備註7(c)(i)/See Remark 7(c)(i) 見備註7(d)/See Remark 7(d) 見備註7(e)/See Remark 7(e) 見備註7(f)/See Remark 7(f),
2019-11-08,2019-11-15,,1A,20,G,,5222000,,價單第5號/Price List No.5 見備註7(c)(iii)/See Remark 7(c)(iii) 見備註7(d)/See Remark 7(d) 見備註7(e)/See Remark 7(e) 見備註7(f)/See Remark 7(f),
2019-11-08,2019-11-15,,1A,21,G,,5144000,,價單第5號/Price List No.5 見備註7(c)(i)/See Remark 7(c)(i) 見備註7(d)/See Remark 7(d) 見備註7(e)/See Remark 7(e) 見備註7(f)/See Remark 7(f),
2019-11-08,2019-11-14,,1A,22,G,,5628000,,價單第5號/Price List No.5 見備註7(c)(v)/See Remark 7(c)(v) 見備註7(d)/See Remark 7(d) 見備註7(e)/See Remark 7(e) 見備註7(f)/See Remark 7(f),
2019-11-08,2019-11-15,,1A,23,G,,5196000,,價單第5號/Price List No.5 見備註7(c)(i)/See Remark 7(c)(i) 見備註7(d)/See Remark 7(d) 見備註7(e)/See Remark 7(e) 見備註7(f)/See Remark 7(f),
2019-11-08,2019-11-15,,1A,25,G,,5353000,,價單第5號/Price List No.5 見備註7(c)(iii)/See Remark 7(c)(iii) 見備註7(d)/See Remark 7(d) 見備註7(e)/See Remark 7(e) 見備註7(f)/See Remark 7(f),
2019-11-08,2019-11-15,,1A,26,G,,5247000,,價單第5號/Price List No.5 見備註7(c)(i)/See Remark 7(c)(i) 見備註7(d)/See Remark 7(d) 見備註7(e)/See Remark 7(e) 見備註7(f)/See Remark 7(f),
2019-11-08,2019-11-15,,1A,27,G,,5274000,,價單第5號/Price List No.5 見備註7(c)(i)/See Remark 7(c)(i) 見備註7(d)/See Remark 7(d) 見備註7(e)/See Remark 7(e) 見備註7(f)/See Remark 7(f),
2019-11-08,2019-11-15,,1A,28,G,,5326000,,價單第5號/Price List No.5 見備註7(c)(i)/See Remark 7(c)(i) 見備註7(d)/See Remark 7(d) 見備註7(e)/See Remark 7(e) 見備註7(f)/See Remark 7(f),
2019-11-08,2019-11-15,,1A,29,G,,5326000,,價單第5號/Price List No.5 見備註7(c)(i)/See Remark 7(c)(i) 見備註7(d)/See Remark 7(d) 見備註7(e)/See Remark 7(e) 見備註7(f)/See Remark 7(f),
2019-11-08,2019-11-15,,1A,30,G,,5827000,,價單第5號/Price List No.5 見備註7(c)(v)/See Remark 7(c)(v) 見備註7(d)/See Remark 7(d) 見備註7(e)/See Remark 7(e) 見備註7(f)/See Remark 7(f),
2019-11-08,2019-11-15,,1A,31,G,,5888000,,價單第5號/Price List No.5 見備註7(c)(v)/See Remark 7(c)(v) 見備註7(d)/See Remark 7(d) 見備註7(e)/See Remark 7(e) 見備註7(f)/See Remark 7(f),
2019-11-08,2019-11-15,,2A,28,B,,9972000,,價單第4號/Price List No.4 見備註7(c)(v)/See Remark 7(c)(v) 見備註7(d)/See Remark 7(d) 見備註7(e)/See Remark 7(e) 見備註7(f)/See Remark 7(f),
2019-11-08,2019-11-15,,2A,29,B,,9972000,,價單第4號/Price List No.4 見備註7(c)(v)/See Remark 7(c)(v) 見備註7(d)/See Remark 7(d) 見備註7(e)/See Remark 7(e) 見備註7(f)/See Remark 7(f),
2019-11-08,2019-11-15,,2A,2,C,,4719000,,價單第5號/Price List No.5 見備註7(c)(i)/See Remark 7(c)(i) 見備註7(d)/See Remark 7(d) 見備註7(e)/See Remark 7(e) 見備註7(f)/See Remark 7(f),
2019-11-08,2019-11-15,,2A,3,C,,5163000,,價單第4號/Price List No.4 見備註7(c)(v)/See Remark 7(c)(v) 見備註7(d)/See Remark 7(d) 見備註7(e)/See Remark 7(e) 見備註7(f)/See Remark 7(f),
2019-11-08,2019-11-15,,2A,5,C,,5188000,,價單第4號/Price List No.4 見備註7(c)(v)/See Remark 7(c)(v) 見備註7(d)/See Remark 7(d) 見備註7(e)/See Remark 7(e) 見備註7(f)/See Remark 7(f),
2019-11-08,2019-11-15,,2A,29,C,,5318000,,價單第4號/Price List No.4 見備註7(c)(i)/See Remark 7(c)(i) 見備註7(d)/See Remark 7(d) 見備註7(e)/See Remark 7(e) 見備註7(f)/See Remark 7(f),
2019-11-08,2019-11-15,,2A,30,C,,5344000,,價單第5號/Price List No.5 見備註7(c)(i)/See Remark 7(c)(i) 見備註7(d)/See Remark 7(d) 見備註7(e)/See Remark 7(e) 見備註7(f)/See Remark 7(f),
2019-11-08,2019-11-15,,2A,32,C,,5481000,,價單第5號/Price List No.5 見備註7(c)(i)/See Remark 7(c)(i) 見備註7(d)/See Remark 7(d) 見備註7(e)/See Remark 7(e) 見備註7(f)/See Remark 7(f),
2019-11-08,2019-11-15,,2A,33,C,,6056000,,價單第5號/Price List No.5 見備註7(c)(v)/See Remark 7(c)(v) 見備註7(d)/See Remark 7(d) 見備註7(e)/See Remark 7(e) 見備註7(f)/See Remark 7(f),
2019-11-08,2019-11-15,,2A,30,D,,5280000,,價單第4號/Price List No.4 見備註7(c)(i)/See Remark 7(c)(i) 見備註7(d)/See Remark 7(d) 見備註7(e)/See Remark 7(e) 見備註7(f)/See Remark 7(f),
2019-11-08,2019-11-15,,2A,32,D,,5415000,,價單第5號/Price List No.5 見備註7(c)(i)/See Remark 7(c)(i) 見備註7(d)/See Remark 7(d) 見備註7(e)/See Remark 7(e) 見備註7(f)/See Remark 7(f),
2019-11-08,2019-11-15,,2A,31,E,,5471000,,價單第5號/Price List No.5 見備註7(c)(iii)/See Remark 7(c)(iii) 見備註7(d)/See Remark 7(d) 見備註7(e)/See Remark 7(e) 見備註7(f)/See Remark 7(f),
2019-11-08,2019-11-15,,2A,32,E,,5415000,,價單第5號/Price List No.5 見備註7(c)(i)/See Remark 7(c)(i) 見備註7(d)/See Remark 7(d) 見備註7(e)/See Remark 7(e) 見備註7(f)/See Remark 7(f),
2019-11-09,2019-11-13,,1,28,E,,7668000,,價單第4號/Price List No.4 見備註7(c)(v)/See Remark 7(c)(v) 見備註7(d)/See Remark 7(d) 見備註7(e)/See Remark 7(e) 見備註7(f)/See Remark 7(f),
2019-11-09,,,1A,27,F,,5408000,,價單第4號/Price List No.4 見備註7(c)(iii)/See Remark 7(c)(iii) 見備註7(d)/See Remark 7(d) 見備註7(e)/See Remark 7(e) 見備註7(f)/See Remark 7(f),
2019-11-09,2019-11-15,,2A,31,D,,5336000,,價單第5號/Price List No.5 見備註7(c)(i)/See Remark 7(c)(i) 見備註7(d)/See Remark 7(d) 見備註7(e)/See Remark 7(e) 見備註7(f)/See Remark 7(f),
2019-11-09,2019-11-15,,1,29,E,,7222000,,價單第4號/Price List No.4 見備註7(c)(iii)/See Remark 7(c)(iii) 見備註7(d)/See Remark 7(d) 見備註7(e)/See Remark 7(e) 見備註7(f)/See Remark 7(f),
2019-11-10,2019-11-15,,1A,31,F,,5409000,,價單第5號/Price List No.5 見備註7(c)(i)/See Remark 7(c)(i) 見備註7(d)/See Remark 7(d) 見備註7(e)/See Remark 7(e) 見備註7(f)/See Remark 7(f),
2019-11-10,2019-11-15,,1A,32,G,,5630000,"在07/04/2020， 基於法例 35(2)(b)條所容 許的原因，售價 更改為 $5,977,000 On 07/04/2020, the price adjusted to $5,977,000 due to the reason allowed under section 35(2)(b) of the Ordinance","價單第5號/Price List No.5 見備註7(c)(iii)/See Remark 7(c)(iii) 見備註7(d)/See Remark 7(d) 見備註7(e)/See Remark 7(e) 見備註7(f)/See Remark 7(f) 在07/04/2020，支付條款更改為 On 07/04/2020, the terms of payment adjusted to 價單第5號/Price List No.5 見備註7(c)(v)/See Remark 7(c)(v) 見備註7(d)/See Remark 7(d) 見備註7(e)/See Remark 7(e) 見備註7(f)/See Remark 7(f)",
2019-11-19,2019-11-26,,1A,27,F,,5408000,,價單第4號/Price List No.4 見備註7(c)(iii)/See Remark 7(c)(iii) 見備註7(d)/See Remark 7(d) 見備註7(e)/See Remark 7(e) 見備註7(f)/See Remark 7(f),
2019-12-01,2019-12-06,,1,31,E,,7786000,,價單第5號/Price List No.5 見備註7(c)(v)/See Remark 7(c)(v) 見備註7(d)/See Remark 7(d) 見備註7(e)/See Remark 7(e) 見備註7(f)/See Remark 7(f),
2019-12-03,2019-12-10,,1A,20,E,,5346000,,價單第4A號/Price List No.4A 見備註7(c)(iii)/See Remark 7(c)(iii) 見備註7(d)/See Remark 7(d) 見備註7(e)/See Remark 7(e) 見備註7(f)/See Remark 7(f),
2019-12-03,2019-12-10,,2,25,F,,5095000,,價單第2A號/Price List No.2A 見備註7(c)(i)/See Remark 7(c)(i) 見備註7(d)/See Remark 7(d) 見備註7(e)/See Remark 7(e) 見備註7(f)/See Remark 7(f),
2019-12-03,2019-12-10,,2,25,B,,7721000,,價單第3A號/Price List No.3A 見備註7(c)(v)/See Remark 7(c)(v) 見備註7(d)/See Remark 7(d) 見備註7(e)/See Remark 7(e) 見備註7(f)/See Remark 7(f),
2019-12-03,2019-12-10,,1,8,G,,5225000,"在03/01/2020， 基於法例 35(2)(b)條所容 許的原因，售價 更改為 $4,800,000 On 03/01/2020, the price adjusted to $4,800,000 due to the reason allowed under section 35(2)(b) of the Ordinance","價單第3A號/Price List No.3A 見備註7(c)(v)/See Remark 7(c)(v) 見備註7(d)/See Remark 7(d) 見備註7(e)/See Remark 7(e) 見備註7(f)/See Remark 7(f) 在03/01/2020，支付條款更改為 On 03/01/2020, the terms of payment adjusted to 價單第3A號/Price List No.3A 見備註7(c)(i)/See Remark 7(c)(i) 見備註7(d)/See Remark 7(d) 見備註7(e)/See Remark 7(e) 見備註7(f)/See Remark 7(f)",
2019-12-03,2019-12-10,,1A,26,F,,5273000,,價單第4A號/Price List No.4A 見備註7(c)(i)/See Remark 7(c)(i) 見備註7(d)/See Remark 7(d) 見備註7(e)/See Remark 7(e) 見備註7(f)/See Remark 7(f),
2019-12-03,2019-12-10,,2A,1,B,,9504000,,招標文件支付辦法(B1) Payment Plan (B1) of Tender Document 見備註7(h)(iii)/See Remark 7(h)(iii),
2019-12-03,2019-12-10,,2,1,E,,7374000,,招標文件支付辦法(B2) Payment Plan (B2) of Tender Document 見備註7(h)(iv)/See Remark 7(h)(iv) 見備註7(g)/See Remark 7(g),
2019-12-03,2019-12-10,,2A,1,C,,5229000,,招標文件支付辦法(B1) Payment Plan (B1) of Tender Document 見備註7(h)(iii)/See Remark 7(h)(iii),
2019-12-03,2019-12-10,,1A,1,A,,7550000,,招標文件支付辦法(A1) Payment Plan (A1) of Tender Document 見備註7(h)(i)/See Remark 7(h)(i),
2019-12-03,2019-12-10,,2,32,A,,14060000,,招標文件支付辦法(A1) Payment Plan (A1) of Tender Document 見備註7(h)(i)/See Remark 7(h)(i) 見備註7(i)/See Remark 7(i),
2019-12-07,2019-12-13,,2A,1,D,,5410000,,招標文件支付辦法(B2) Payment Plan (B2) of Tender Document 見備註7(h)(iv)/See Remark 7(h)(iv) 見備註7(g)/See Remark 7(g),
2019-12-07,2019-12-13,,2,8,A,,13019000,,招標文件支付辦法(C) Payment Plan (C) of Tender Document 見備註7(h)(v)/See Remark 7(h)(v) 見備註7(i)/See Remark 7(i),
2019-12-09,2019-12-11,,1,8,A,,12786000,,招標文件支付辦法(B2) Payment Plan (B2) of Tender Document 見備註7(h)(iv)/See Remark 7(h)(iv) 見備註7(g)/See Remark 7(g) 見備註7(i)/See Remark 7(i),
2019-12-09,2019-12-16,,2A,1,E,,5552000,,招標文件支付辦法(C) Payment Plan (C) of Tender Document 見備註7(h)(v)/See Remark 7(h)(v),
2019-12-10,2019-12-17,,2,1,F,,5661000,,招標文件支付辦法(C) Payment Plan (C) of Tender Document 見備註7(h)(v)/See Remark 7(h)(v),
2019-12-10,2019-12-17,,2,1,H,,5600000,,招標文件支付辦法(C) Payment Plan (C) of Tender Document 見備註7(h)(v)/See Remark 7(h)(v),
2019-12-11,2019-12-18,,2,2,A,,12329000,,招標文件支付辦法(B2) Payment Plan (B2) of Tender Document 見備註7(h)(iv)/See Remark 7(h)(iv) 見備註7(g)/See Remark 7(g) 見備註7(i)/See Remark 7(i),
2019-12-12,2019-12-17,,2,7,A,,12630000,,招標文件支付辦法(B2) Payment Plan (B2) of Tender Document 見備註7(h)(iv)/See Remark 7(h)(iv) 見備註7(g)/See Remark 7(g) 見備註7(i)/See Remark 7(i),
2019-12-14,2019-12-20,,2,32,B,,8354000,"在15/10/2020， 基於法例 35(2)(b)條所容 許的原因，售價 更改為 $7,868,000 On 15/10/2020, the price adjusted to $7,868,000 due to the reason allowed under section 35(2)(b) of the Ordinance","價單第5號/Price List No.5 見備註7(c)(v)/See Remark 7(c)(v) 見備註7(d)/See Remark 7(d) 見備註7(e)/See Remark 7(e) 見備註7(f)/See Remark 7(f) 在15/10/2020，支付條款更改為 On 15/10/2020, the terms of payment adjusted to 價單第5號/Price List No.5 見備註7(c)(iii)/See Remark 7(c)(iii) 見備註7(d)/See Remark 7(d) 見備註7(e)/See Remark 7(e) 見備註7(f)/See Remark 7(f)",
2019-12-16,2019-12-23,,1A,1,C,,10202000,,招標文件支付辦法(B2) Payment Plan (B2) of Tender Document 見備註7(h)(iv)/See Remark 7(h)(iv) 見備註7(g)/See Remark 7(g),
2019-12-25,2020-01-03,,2,31,C,,7330000,,價單第5號/Price List No.5 見備註7(c)(i)/See Remark 7(c)(i) 見備註7(d)/See Remark 7(d) 見備註7(e)/See Remark 7(e) 見備註7(f)/See Remark 7(f),
2020-01-11,2020-01-17,,2,32,C,,7629000,,價單第5號/Price List No.5 見備註7(c)(iii)/See Remark 7(c)(iii) 見備註7(d)/See Remark 7(d) 見備註7(e)/See Remark 7(e) 見備註7(f)/See Remark 7(f),
2020-01-13,2020-01-20,,2,1,G,,5200000,,招標文件支付辦法(A1) Payment Plan (A1) of Tender Document 見備註7(h)(i)/See Remark 7(h)(i),
2020-01-13,2020-01-20,,1A,1,E,,5781000,,招標文件支付辦法(C) Payment Plan (C) of Tender Document 見備註7(h)(v)/See Remark 7(h)(v),
2020-01-17,2020-01-24,,1,1,E,,7810000,,招標文件支付辦法(C) Payment Plan (C) of Tender Document 見備註7(h)(v)/See Remark 7(h)(v),
2020-01-23,2020-02-03,,1,31,B,,8382000,,價單第5號/Price List No.5 見備註7(c)(v)/See Remark 7(c)(v) 見備註7(d)/See Remark 7(d) 見備註7(e)/See Remark 7(e) 見備註7(f)/See Remark 7(f),
2020-03-01,2020-03-06,,1,32,C,,7642000,,價單第5號/Price List No.5 見備註7(c)(iii)/See Remark 7(c)(iii) 見備註7(d)/See Remark 7(d) 見備註7(e)/See Remark 7(e) 見備註7(f)/See Remark 7(f),
2020-03-03,2020-03-10,,1A,1,D,,5349000,,招標文件支付辦法(A1) Payment Plan (A1) of Tender Document 見備註7(h)(i)/See Remark 7(h)(i),
2020-03-04,2020-03-11,,1,32,G,,5491000,,價單第5號/Price List No.5 見備註7(c)(i)/See Remark 7(c)(i) 見備註7(d)/See Remark 7(d) 見備註7(e)/See Remark 7(e) 見備註7(f)/See Remark 7(f),
2020-03-08,2020-03-13,,2A,31,C,,5400000,,價單第5號/Price List No.5 見備註7(c)(i)/See Remark 7(c)(i) 見備註7(d)/See Remark 7(d) 見備註7(e)/See Remark 7(e) 見備註7(f)/See Remark 7(f),
2020-03-16,2020-03-23,,1A,33,G,,5573000,,價單第5號/Price List No.5 見備註7(c)(i)/See Remark 7(c)(i) 見備註7(d)/See Remark 7(d) 見備註7(e)/See Remark 7(e) 見備註7(f)/See Remark 7(f),
2020-03-23,2020-03-30,,1A,31,B,,7920000,,價單第5號/Price List No.5 見備註7(c)(ii)/See Remark 7(c)(ii) 見備註7(d)/See Remark 7(d) 見備註7(e)/See Remark 7(e) 見備註7(f)/See Remark 7(f) 見備註7(g)/See Remark 7(g),
2020-03-25,2020-04-01,,2,31,H,,5382000,,價單第5號/Price List No.5 見備註7(c)(i)/See Remark 7(c)(i) 見備註7(d)/See Remark 7(d) 見備註7(e)/See Remark 7(e) 見備註7(f)/See Remark 7(f),
2020-04-01,2020-04-08,,1A,1,F,,5676000,,招標文件支付辦法(B2) Payment Plan (B2) of Tender Document 見備註7(h)(iv)/See Remark 7(h)(iv) 見備註7(g)/See Remark 7(g),
2020-04-02,2020-04-08,,1,1,G,,5338000,,招標文件支付辦法(A1) Payment Plan (A1) of Tender Document 見備註7(h)(i)/See Remark 7(h)(i),
2020-04-03,2020-04-14,,2A,33,E,,5984000,,價單第5號/Price List No.5 見備註7(c)(v)/See Remark 7(c)(v) 見備註7(d)/See Remark 7(d) 見備註7(e)/See Remark 7(e) 見備註7(f)/See Remark 7(f),
2020-04-03,2020-04-14,,1A,1,G,,5352000,,招標文件支付辦法(A1) Payment Plan (A1) of Tender Document 見備註7(h)(i)/See Remark 7(h)(i),
2020-04-04,2020-04-14,,1A,32,F,,5491000,,價單第5A號/Price List No.5A 見備註7(c)(i)/See Remark 7(c)(i) 見備註7(d)/See Remark 7(d) 見備註7(e)/See Remark 7(e) 見備註7(f)/See Remark 7(f),
2020-04-04,2020-04-14,,1,1,F,,5972000,,招標文件支付辦法(B2) Payment Plan (B2) of Tender Document 見備註7(h)(iv)/See Remark 7(h)(iv) 見備註7(g)/See Remark 7(g),
2020-04-07,2020-04-16,,1A,33,F,,5573000,,價單第5A號/Price List No.5A 見備註7(c)(i)/See Remark 7(c)(i) 見備註7(d)/See Remark 7(d) 見備註7(e)/See Remark 7(e) 見備註7(f)/See Remark 7(f),
2020-04-12,2020-04-20,,1,33,G,,5573000,,價單第5A號/Price List No.5A 見備註7(c)(i)/See Remark 7(c)(i) 見備註7(d)/See Remark 7(d) 見備註7(e)/See Remark 7(e) 見備註7(f)/See Remark 7(f),
2020-04-16,2020-04-23,,2A,33,D,,5984000,,價單第5A號/Price List No.5A 見備註7(c)(v)/See Remark 7(c)(v) 見備註7(d)/See Remark 7(d) 見備註7(e)/See Remark 7(e) 見備註7(f)/See Remark 7(f),
2020-04-26,2020-05-05,,2,32,F,,5536000,,價單第5A號/Price List No.5A 見備註7(c)(i)/See Remark 7(c)(i) 見備註7(d)/See Remark 7(d) 見備註7(e)/See Remark 7(e) 見備註7(f)/See Remark 7(f),
2020-04-27,2020-05-06,,2,33,H,,5545000,,價單第5A號/Price List No.5A 見備註7(c)(i)/See Remark 7(c)(i) 見備註7(d)/See Remark 7(d) 見備註7(e)/See Remark 7(e) 見備註7(f)/See Remark 7(f),
2020-04-29,2020-05-08,,1A,15,C,,9619000,,價單第5A號/Price List No.5A 見備註7(c)(viii)/See Remark 7(c)(viii) 見備註7(d)/See Remark 7(d) 見備註7(e)/See Remark 7(e) 見備註7(f)/See Remark 7(f),
2020-04-30,2020-05-08,,2,33,G,,5497000,,價單第5A號/Price List No.5A 見備註7(c)(i)/See Remark 7(c)(i) 見備註7(d)/See Remark 7(d) 見備註7(e)/See Remark 7(e) 見備註7(f)/See Remark 7(f),
2020-04-30,2020-05-08,,1A,33,E,,6119000,,價單第5A號/Price List No.5A 見備註7(c)(v)/See Remark 7(c)(v) 見備註7(d)/See Remark 7(d) 見備註7(e)/See Remark 7(e) 見備註7(f)/See Remark 7(f),
2020-04-30,2020-05-08,,2,33,F,,5619000,,價單第5A號/Price List No.5A 見備註7(c)(i)/See Remark 7(c)(i) 見備註7(d)/See Remark 7(d) 見備註7(e)/See Remark 7(e) 見備註7(f)/See Remark 7(f),
2020-05-01,2020-05-08,,1,33,F,,5833000,,價單第5B號/Price List No.5B 見備註7(c)(i)/See Remark 7(c)(i) 見備註7(d)/See Remark 7(d) 見備註7(e)/See Remark 7(e) 見備註7(f)/See Remark 7(f),
2020-05-01,2020-05-08,,1A,33,D,,5879000,,價單第5B號/Price List No.5B 見備註7(c)(iii)/See Remark 7(c)(iii) 見備註7(d)/See Remark 7(d) 見備註7(e)/See Remark 7(e) 見備註7(f)/See Remark 7(f),
2020-05-02,2020-05-08,,2,33,E,,7833000,,價單第5B號/Price List No.5B 見備註7(c)(viii)/See Remark 7(c)(viii) 見備註7(d)/See Remark 7(d) 見備註7(e)/See Remark 7(e) 見備註7(f)/See Remark 7(f),
2020-05-06,2020-05-13,,1A,17,A,,7204000,,價單第4C號/Price List No.4C 見備註7(c)(i)/See Remark 7(c)(i) 見備註7(d)/See Remark 7(d) 見備註7(e)/See Remark 7(e) 見備註7(f)/See Remark 7(f),
2020-05-10,2020-05-15,,1,32,A,,17000000,,招標文件支付辦法(B3) Payment Plan (B3) of Tender Document 見備註7(h)(vi)/See Remark 7(h)(vi) 見備註7(i)/See Remark 7(i),
2020-05-10,2020-05-15,,1,32,E,,7903000,"在01/02/2021， 基於法例 35(2)(b)條所容 許的原因，售價 更改為 $7,443,000 On 01/02/2021, the price adjusted to $7,443,000 due to the reason allowed under section 35(2)(b) of the Ordinance","價單第5B號/Price List No.5B 見備註7(c)(viii)/See Remark 7(c)(viii) 見備註7(d)/See Remark 7(d) 見備註7(e)/See Remark 7(e) 見備註7(f)/See Remark 7(f) 在01/02/2021，支付條款更改為 On 01/02/2021, the terms of payment adjusted to 價單第5B號/Price List No.5B 見備註7(c)(vi)/See Remark 7(c)(vi) 見備註7(d)/See Remark 7(d) 見備註7(e)/See Remark 7(e) 見備註7(f)/See Remark 7(f)",
2020-05-10,2020-05-15,,1A,21,C,,9960000,,價單第4C號/Price List No.4C 見備註7(c)(viii)/See Remark 7(c)(viii) 見備註7(d)/See Remark 7(d) 見備註7(e)/See Remark 7(e) 見備註7(f)/See Remark 7(f),
2020-05-17,2020-05-20,,1A,27,C,,9974000,,價單第5B號/Price List No.5B 見備註7(c)(vii)/See Remark 7(c)(vii) 見備註7(d)/See Remark 7(d) 見備註7(e)/See Remark 7(e) 見備註7(f)/See Remark 7(f) 見備註7(g)/See Remark 7(g),
2020-05-17,,,1,33,E,,7368000,,價單第5B號/Price List No.5B 見備註7(c)(i)/See Remark 7(c)(i) 見備註7(d)/See Remark 7(d) 見備註7(e)/See Remark 7(e) 見備註7(f)/See Remark 7(f),
2020-05-20,2020-05-27,,1A,29,B,,7554000,,價單第5B號/Price List No.5B 見備註7(c)(i)/See Remark 7(c)(i) 見備註7(d)/See Remark 7(d) 見備註7(e)/See Remark 7(e) 見備註7(f)/See Remark 7(f),
2020-05-23,2020-05-29,,1,20,D,,9879000,,價單第4C號/Price List No.4C 見備註7(c)(ii)/See Remark 7(c)(ii) 見備註7(d)/See Remark 7(d) 見備註7(e)/See Remark 7(e) 見備註7(f)/See Remark 7(f) 見備註7(g)/See Remark 7(g),
2020-05-23,2020-05-29,,1A,7,C,,8750000,,價單第4C號/Price List No.4C 見備註7(c)(vi)/See Remark 7(c)(vi) 見備註7(d)/See Remark 7(d) 見備註7(e)/See Remark 7(e) 見備註7(f)/See Remark 7(f),
2020-06-13,2020-06-19,,1A,27,B,,7745000,"在13/07/2020， 基於法例 35(2)(b)條所容 許的原因，售價 更改為 $7,554,000 On 13/07/2020, the price adjusted to $7,554,000 due to the reason allowed under section 35(2)(b) of the Ordinance","價單第4C號/Price List No.4C 見備註7(c)(vi)/See Remark 7(c)(vi) 見備註7(d)/See Remark 7(d) 見備註7(e)/See Remark 7(e) 見備註7(f)/See Remark 7(f) 在13/07/2020，支付條款更改為 On 13/07/2020, the terms of payment adjusted to 價單第4C號/Price List No.4C 見備註7(c)(i)/See Remark 7(c)(i) 見備註7(d)/See Remark 7(d) 見備註7(e)/See Remark 7(e) 見備註7(f)/See Remark 7(f)",
2020-06-27,2020-07-06,,1A,28,B,,7592000,,價單第5C號/Price List No.5C 見備註7(c)(i)/See Remark 7(c)(i) 見備註7(d)/See Remark 7(d) 見備註7(e)/See Remark 7(e) 見備註7(f)/See Remark 7(f),
2020-06-27,2020-07-06,,1A,23,A,,7647000,"在11/08/2020， 基於法例 35(2)(b)條所容 許的原因，售價 更改為 $7,458,000 On 11/08/2020, the price adjusted to $7,458,000 due to the reason allowed under section 35(2)(b) of the Ordinance","價單第5C號/Price List No.5C 見備註7(c)(vi)/See Remark 7(c)(vi) 見備註7(d)/See Remark 7(d) 見備註7(e)/See Remark 7(e) 見備註7(f)/See Remark 7(f) 在11/08/2020，支付條款更改為 On 11/08/2020, the terms of payment adjusted to 價單第5C號/Price List No.5C 見備註7(c)(i)/See Remark 7(c)(i) 見備註7(d)/See Remark 7(d) 見備註7(e)/See Remark 7(e) 見備註7(f)/See Remark 7(f)",
2020-06-28,2020-07-06,,1A,32,B,,7744000,"在05/10/2020， 基於法例 35(2)(b)條所容 許的原因，售價 更改為 $7,940,000 On 05/10/2020, the price adjusted to $7,940,000 due to the reason allowed under section 35(2)(b) of the Ordinance","價單第5C號/Price List No.5C 見備註7(c)(i)/See Remark 7(c)(i) 見備註7(d)/See Remark 7(d) 見備註7(e)/See Remark 7(e) 見備註7(f)/See Remark 7(f) 在05/10/2020，支付條款更改為 On 05/10/2020, the terms of payment adjusted to 價單第5C號/Price List No.5C 見備註7(c)(vi)/See Remark 7(c)(vi) 見備註7(d)/See Remark 7(d) 見備註7(e)/See Remark 7(e) 見備註7(f)/See Remark 7(f)",
2020-06-28,2020-07-06,,1A,28,A,,7609000,,價單第5C號/Price List No.5C 見備註7(c)(i)/See Remark 7(c)(i) 見備註7(d)/See Remark 7(d) 見備註7(e)/See Remark 7(e) 見備註7(f)/See Remark 7(f),
2020-07-04,2020-07-10,,2,31,A,,14582000,,招標文件支付辦法(B3) Payment Plan (B3) of Tender Document 見備註7(h)(vi)/See Remark 7(h)(vi) 見備註7(i)/See Remark 7(i),
2020-07-04,2020-07-09,,2A,5,A,,11158000,,招標文件支付辦法(A2) Payment Plan (A2) of Tender Document 見備註7(h)(ii)/See Remark 7(h)(ii) 見備註7(g)/See Remark 7(g),
2020-07-11,2020-07-17,,1A,25,A,,8161000,,價單第5C號/Price List No.5C 見備註7(c)(viii)/See Remark 7(c)(viii) 見備註7(d)/See Remark 7(d) 見備註7(e)/See Remark 7(e) 見備註7(f)/See Remark 7(f),
2020-07-11,2020-07-17,,2A,16,A,,11748000,,招標文件支付辦法(A1) Payment Plan (A1) of Tender Document 見備註7(h)(i)/See Remark 7(h)(i),
2020-07-11,2020-07-17,,2A,18,A,,12684000,,招標文件支付辦法(B4) Payment Plan (B4) of Tender Document 見備註7(h)(vii)/See Remark 7(h)(vii) 見備註7(g)/See Remark 7(g),
2020-08-10,2020-08-17,,2A,3,A,,10750000,,招標文件支付辦法(A1) Payment Plan (A1) of Tender Document 見備註7(h)(i)/See Remark 7(h)(i),
2020-08-30,2020-09-04,,1A,31,A,,7648000,,價單第5C號/Price List No.5C 見備註7(c)(i)/See Remark 7(c)(i) 見備註7(d)/See Remark 7(d) 見備註7(e)/See Remark 7(e) 見備註7(f)/See Remark 7(f),
2020-08-31,2020-09-07,,1A,32,A,,8450000,"在12/10/2020， 基於法例 35(2)(b)條所容 許的原因，售價 更改為 $8,057,000 On 12/10/2020, the price adjusted to $8,057,000 due to the reason allowed under section 35(2)(b) of the Ordinance","價單第5C號/Price List No.5C 見備註7(c)(viii)/See Remark 7(c)(viii) 見備註7(d)/See Remark 7(d) 見備註7(e)/See Remark 7(e) 見備註7(f)/See Remark 7(f) 在12/10/2020，支付條款更改為 On 12/10/2020, the terms of payment adjusted to 價單第5C號/Price List No.5C 見備註7(c)(ii)/See Remark 7(c)(ii) 見備註7(d)/See Remark 7(d) 見備註7(e)/See Remark 7(e) 見備註7(f)/See Remark 7(f) 見備註7(g)/See Remark 7(g)",
2020-09-12,2020-09-18,,1A,26,A,,7533000,,價單第4C號/Price List No.4C 見備註7(c)(i)/See Remark 7(c)(i) 見備註7(d)/See Remark 7(d) 見備註7(e)/See Remark 7(e) 見備註7(f)/See Remark 7(f),
2020-09-21,2020-09-28,2022-06-14,1A,30,A,,7610000,"在18/01/2021， 基於法例 35(2)(b)條所容 許的原因，售價 更改為 $8,284,000 On 18/01/2021, the price adjusted to $8,284,000 due to the reason allowed under section 35(2)(b) of the Ordinance","價單第5C號/Price List No.5C 見備註7(c)(i)/See Remark 7(c)(i) 見備註7(d)/See Remark 7(d) 見備註7(e)/See Remark 7(e) 見備註7(f)/See Remark 7(f) 在18/01/2021，支付條款更改為 On 18/01/2021, the terms of payment adjusted to 價單第5C號/Price List No.5C 見備註7(c)(viii)/See Remark 7(c)(viii) 見備註7(d)/See Remark 7(d) 見備註7(e)/See Remark 7(e) 見備註7(f)/See Remark 7(f)",
2020-09-22,2020-09-29,,1,33,E,,7998000,"在26/11/2020， 基於法例 35(2)(b)條所容 許的原因，售價 更改為 $8,492,000 On 26/11/2020, the price adjusted to $8,492,000 due to the reason allowed under section 35(2)(b) of the Ordinance","價單第5C號/Price List No.5C 見備註7(c)(vi)/See Remark 7(c)(vi) 見備註7(d)/See Remark 7(d) 見備註7(e)/See Remark 7(e) 見備註7(f)/See Remark 7(f) 在26/11/2020，支付條款更改為 On 26/11/2020, the terms of payment adjusted to 價單第5C號/Price List No.5C 見備註7(c)(viii)/See Remark 7(c)(viii) 見備註7(d)/See Remark 7(d) 見備註7(e)/See Remark 7(e) 見備註7(f)/See Remark 7(f)",
2020-09-27,2020-10-06,,1A,29,A,,8051000,,價單第5D號/Price List No.5D 見備註7(c)(xii)/See Remark 7(c)(xii) 見備註7(d)/See Remark 7(d) 見備註7(e)/See Remark 7(e) 見備註7(f)/See Remark 7(f),
2020-10-04,2020-10-09,,1,17,D,,9970000,,價單第4D號/Price List No.4D 見備註7(c)(xii)/See Remark 7(c)(xii) 見備註7(d)/See Remark 7(d) 見備註7(e)/See Remark 7(e) 見備註7(f)/See Remark 7(f),
2020-10-12,2020-10-19,2022-06-14,1A,3,C,,8406000,,價單第4E號/Price List No.4E 見備註7(c)(ix)/See Remark 7(c)(ix) 見備註7(d)/See Remark 7(d) 見備註7(e)/See Remark 7(e) 見備註7(f)/See Remark 7(f) 見備註7(k)/See Remark 7(k),
2020-10-21,2020-10-29,,2A,10,A,,11280000,,招標文件支付辦法(A3) Payment Plan (A3) of Tender Document 見備註7(h)(ix)/See Remark 7(h)(ix),
2020-11-08,2020-11-13,,1A,2,C,,8894000,,價單第5E號/Price List No.5E 見備註7(c)(xii)/See Remark 7(c)(xii) 見備註7(d)/See Remark 7(d) 見備註7(e)/See Remark 7(e) 見備註7(f)/See Remark 7(f),
2020-12-26,2021-01-04,,2A,30,B,,9789000,,價單第4F號/Price List No.4F 見備註7(c)(xii)/See Remark 7(c)(xii) 見備註7(d)/See Remark 7(d) 見備註7(e)/See Remark 7(e) 見備註7(f)/See Remark 7(f),
2021-02-21,2021-02-26,,2A,2,A,,11330000,,招標文件支付辦法(D1) Payment Plan (D1) of Tender Document 見備註7(h)(xii)/See Remark 7(h)(xii),
2021-02-27,2021-03-05,,1,19,D,,9710000,,價單第4F號/Price List No.4F 見備註7(c)(ix)/See Remark 7(c)(ix) 見備註7(d)/See Remark 7(d) 見備註7(e)/See Remark 7(e) 見備註7(f)/See Remark 7(f),
2021-02-28,2021-03-05,,1,12,D,,9471000,,價單第4F號/Price List No.4F 見備註7(c)(ix)/See Remark 7(c)(ix) 見備註7(d)/See Remark 7(d) 見備註7(e)/See Remark 7(e) 見備註7(f)/See Remark 7(f),
2021-02-28,2021-03-05,,1,18,D,,9710000,,價單第4F號/Price List No.4F 見備註7(c)(ix)/See Remark 7(c)(ix) 見備註7(d)/See Remark 7(d) 見備註7(e)/See Remark 7(e) 見備註7(f)/See Remark 7(f),
2021-02-28,2021-03-05,,1A,16,C,,9105000,,價單第5E號/Price List No.5E 見備註7(c)(ix)/See Remark 7(c)(ix) 見備註7(d)/See Remark 7(d) 見備註7(e)/See Remark 7(e) 見備註7(f)/See Remark 7(f),
2021-03-02,2021-03-08,,2A,1,A,,10880000,,招標文件支付辦法(A3) Payment Plan (A3) of Tender Document 見備註7(h)(ix)/See Remark 7(h)(ix),
2021-03-03,2021-03-10,,1A,17,C,,9151000,,價單第4F號/Price List No.4F 見備註7(c)(ix)/See Remark 7(c)(ix) 見備註7(d)/See Remark 7(d) 見備註7(e)/See Remark 7(e) 見備註7(f)/See Remark 7(f),
2021-03-05,2021-03-12,,1,28,D,,10461000,,價單第4F號/Price List No.4F 見備註7(c)(ix)/See Remark 7(c)(ix) 見備註7(d)/See Remark 7(d) 見備註7(e)/See Remark 7(e) 見備註7(f)/See Remark 7(f),
2021-03-07,2021-03-12,,2A,32,B,,9681000,,價單第5E號/Price List No.5E 見備註7(c)(ix)/See Remark 7(c)(ix) 見備註7(d)/See Remark 7(d) 見備註7(e)/See Remark 7(e) 見備註7(f)/See Remark 7(f),
2021-03-07,2021-03-12,,1A,27,A,,8540000,,價單第4F號/Price List No.4F 見備註7(c)(ix)/See Remark 7(c)(ix) 見備註7(d)/See Remark 7(d) 見備註7(e)/See Remark 7(e) 見備註7(f)/See Remark 7(f),
2021-03-08,2021-03-15,,1A,19,C,,9927000,,價單第4F號/Price List No.4F 見備註7(c)(xi)/See Remark 7(c)(xi) 見備註7(d)/See Remark 7(d) 見備註7(e)/See Remark 7(e) 見備註7(g)/See Remark 7(g) 見備註7(j)/See Remark 7(j) 見備註7(l)/See Remark 7(l),
2021-03-09,2021-03-16,,1,25,D,,10255000,,價單第4F號/Price List No.4F 見備註7(c)(ix)/See Remark 7(c)(ix) 見備註7(d)/See Remark 7(d) 見備註7(e)/See Remark 7(e) 見備註7(f)/See Remark 7(f),
2021-03-10,2021-03-17,,1A,20,C,,9288000,,價單第4F號/Price List No.4F 見備註7(c)(ix)/See Remark 7(c)(ix) 見備註7(d)/See Remark 7(d) 見備註7(e)/See Remark 7(e) 見備註7(f)/See Remark 7(f),
2021-03-12,2021-03-19,,1A,26,C,,9570000,,價單第5E號/Price List No.5E 見備註7(c)(ix)/See Remark 7(c)(ix) 見備註7(d)/See Remark 7(d) 見備註7(e)/See Remark 7(e) 見備註7(f)/See Remark 7(f),
2021-03-14,2021-03-19,,1A,23,C,,9475000,,價單第5E號/Price List No.5E 見備註7(c)(ix)/See Remark 7(c)(ix) 見備註7(d)/See Remark 7(d) 見備註7(e)/See Remark 7(e) 見備註7(f)/See Remark 7(f),
2021-03-14,2021-03-19,,2A,33,B,,9826000,,價單第5E號/Price List No.5E 見備註7(c)(ix)/See Remark 7(c)(ix) 見備註7(d)/See Remark 7(d) 見備註7(e)/See Remark 7(e) 見備註7(f)/See Remark 7(f),
2021-03-21,2021-03-26,,2A,31,B,,9538000,,價單第5E號/Price List No.5E 見備註7(c)(ix)/See Remark 7(c)(ix) 見備註7(d)/See Remark 7(d) 見備註7(e)/See Remark 7(e) 見備註7(f)/See Remark 7(f),
2021-03-25,2021-04-01,,1,30,D,,10513000,,價單第4F號/Price List No.4F 見備註7(c)(ix)/See Remark 7(c)(ix) 見備註7(d)/See Remark 7(d) 見備註7(e)/See Remark 7(e) 見備註7(f)/See Remark 7(f),
2021-03-27,2021-04-07,,1A,29,C,,9714000,,價單第5E號/Price List No.5E 見備註7(c)(ix)/See Remark 7(c)(ix) 見備註7(d)/See Remark 7(d) 見備註7(e)/See Remark 7(e) 見備註7(f)/See Remark 7(f),
2021-03-27,2021-04-07,,1A,31,C,,9864000,,價單第5E號/Price List No.5E 見備註7(c)(ix)/See Remark 7(c)(ix) 見備註7(d)/See Remark 7(d) 見備註7(e)/See Remark 7(e) 見備註7(f)/See Remark 7(f),
2021-03-28,2021-04-07,,2A,20,A,,12231000,,招標文件支付辦法(A3) Payment Plan (A3) of Tender Document 見備註7(h)(ix)/See Remark 7(h)(ix),
2021-03-30,2021-04-09,,1A,30,C,,9763000,,價單第5E號/Price List No.5E 見備註7(c)(ix)/See Remark 7(c)(ix) 見備註7(d)/See Remark 7(d) 見備註7(e)/See Remark 7(e) 見備註7(f)/See Remark 7(f),
2021-03-30,2021-04-09,,1A,25,C,,9522000,,價單第5E號/Price List No.5E 見備註7(c)(ix)/See Remark 7(c)(ix) 見備註7(d)/See Remark 7(d) 見備註7(e)/See Remark 7(e) 見備註7(f)/See Remark 7(f),
2021-04-02,2021-04-13,,1A,22,C,,9428000,,價單第5E號/Price List No.5E 見備註7(c)(ix)/See Remark 7(c)(ix) 見備註7(d)/See Remark 7(d) 見備註7(e)/See Remark 7(e) 見備註7(f)/See Remark 7(f),
2021-04-17,2021-04-23,,2A,22,A,,12400000,,招標文件支付辦法(A3) Payment Plan (A3) of Tender Document 見備註7(h)(ix)/See Remark 7(h)(ix),
2021-05-01,,,1A,32,C,,10012000,,價單第5E號/Price List No.5E 見備註7(c)(ix)/See Remark 7(c)(ix) 見備註7(d)/See Remark 7(d) 見備註7(e)/See Remark 7(e) 見備註7(f)/See Remark 7(f),
2021-05-29,2021-06-04,,1,31,A,,15333000,,招標文件支付辦法(D1) Payment Plan (D1) of Tender Document 見備註7(h)(xii)/See Remark 7(h)(xii) 見備註7(i)/See Remark 7(i),
2021-05-31,2021-06-07,,2,25,D,,10160000,,價單第4F號/Price List No.4F 見備註7(c)(ix)/See Remark 7(c)(ix) 見備註7(d)/See Remark 7(d) 見備註7(e)/See Remark 7(e) 見備註7(f)/See Remark 7(f),
2021-06-13,2021-06-21,,2,32,D,,10625000,,價單第4F號/Price List No.4F 見備註7(c)(ix)/See Remark 7(c)(ix) 見備註7(d)/See Remark 7(d) 見備註7(e)/See Remark 7(e) 見備註7(f)/See Remark 7(f),
2021-06-13,2021-06-21,,1,22,D,,10745000,,價單第4F號/Price List No.4F 見備註7(c)(xi)/See Remark 7(c)(xi) 見備註7(d)/See Remark 7(d) 見備註7(e)/See Remark 7(e) 見備註7(g)/See Remark 7(g) 見備註7(j)/See Remark 7(j) 見備註7(l)/See Remark 7(l),
2021-06-19,2021-06-25,,1,23,D,,10054000,,價單第4F號/Price List No.4F 見備註7(c)(ix)/See Remark 7(c)(ix) 見備註7(d)/See Remark 7(d) 見備註7(e)/See Remark 7(e) 見備註7(f)/See Remark 7(f),
2021-06-20,2021-06-25,,2,31,D,,10468000,,價單第4F號/Price List No.4F 見備註7(c)(ix)/See Remark 7(c)(ix) 見備註7(d)/See Remark 7(d) 見備註7(e)/See Remark 7(e) 見備註7(f)/See Remark 7(f),
2021-06-22,2021-06-29,,1,31,D,,10566000,,價單第4F號/Price List No.4F 見備註7(c)(ix)/See Remark 7(c)(ix) 見備註7(d)/See Remark 7(d) 見備註7(e)/See Remark 7(e) 見備註7(f)/See Remark 7(f),
2021-06-29,2021-07-07,,1,26,D,,10687000,,價單第4F號/Price List No.4F 見備註7(c)(x)/See Remark 7(c)(x) 見備註7(d)/See Remark 7(d) 見備註7(e)/See Remark 7(e) 見備註7(f)/See Remark 7(f) 見備註7(g)/See Remark 7(g),
2021-06-30,2021-07-08,,2A,11,A,,11703000,,招標文件支付辦法(A3) Payment Plan (A3) of Tender Document 見備註7(h)(ix)/See Remark 7(h)(ix),
2021-07-04,2021-07-09,,2,10,A,,13058000,,招標文件支付辦法(D1) Payment Plan (D1) of Tender Document 見備註7(h)(xii)/See Remark 7(h)(xii) 見備註7(i)/See Remark 7(i),
2021-07-15,2021-07-22,,2,30,A,,14225000,,招標文件支付辦法(A3) Payment Plan (A3) of Tender Document 見備註7(h)(ix)/See Remark 7(h)(ix) 見備註7(i)/See Remark 7(i),
2021-07-18,2021-07-23,,2,20,A,,13332000,,招標文件支付辦法(A3) Payment Plan (A3) of Tender Document 見備註7(h)(ix)/See Remark 7(h)(ix) 見備註7(i)/See Remark 7(i),
2021-07-23,2021-07-30,,2,28,A,,14080000,,招標文件支付辦法(A3) Payment Plan (A3) of Tender Document 見備註7(h)(ix)/See Remark 7(h)(ix) 見備註7(i)/See Remark 7(i),
2021-07-24,2021-07-30,,2A,12,A,,11854000,,招標文件支付辦法(A3) Payment Plan (A3) of Tender Document 見備註7(h)(ix)/See Remark 7(h)(ix),
2021-07-29,2021-08-05,,2,3,A,,12363000,,招標文件支付辦法(A3) Payment Plan (A3) of Tender Document 見備註7(h)(ix)/See Remark 7(h)(ix),
2021-07-31,2021-08-06,,2A,15,A,,12489000,,招標文件支付辦法(D1) Payment Plan (D1) of Tender Document 見備註7(h)(xii)/See Remark 7(h)(xii),
2021-08-07,2021-08-13,,2,5,A,,12565000,,招標文件支付辦法(A3) Payment Plan (A3) of Tender Document 見備註7(h)(ix)/See Remark 7(h)(ix),
2021-08-07,2021-08-13,,2A,19,A,,12496000,,招標文件支付辦法(A3) Payment Plan (A3) of Tender Document 見備註7(h)(ix)/See Remark 7(h)(ix),
2021-08-21,2021-08-27,,2,9,A,,12969000,,招標文件支付辦法(A3) Payment Plan (A3) of Tender Document 見備註7(h)(ix)/See Remark 7(h)(ix),
2021-08-25,2021-09-01,,2,21,A,,13918000,,招標文件支付辦法(A3) Payment Plan (A3) of Tender Document 見備註7(h)(ix)/See Remark 7(h)(ix) 見備註7(i)/See Remark 7(i),
2021-09-12,2021-09-17,,1A,32,C,,10012000,,價單第5E號/Price List No.5E 見備註7(c)(ix)/See Remark 7(c)(ix) 見備註7(d)/See Remark 7(d) 見備註7(e)/See Remark 7(e) 見備註7(f)/See Remark 7(f),
2021-10-14,2021-10-21,,2,26,D,,10211000,,價單第4F號/Price List No.4F 見備註7(c)(ix)/See Remark 7(c)(ix) 見備註7(d)/See Remark 7(d) 見備註7(e)/See Remark 7(e) 見備註7(f)/See Remark 7(f),
2021-10-26,2021-11-02,,1,27,D,,10357000,,價單第4F號/Price List No.4F 見備註7(c)(ix)/See Remark 7(c)(ix) 見備註7(d)/See Remark 7(d) 見備註7(e)/See Remark 7(e) 見備註7(f)/See Remark 7(f),
2021-11-05,2021-11-12,,1A,33,C,,10162000,,價單第5E號/Price List No.5E 見備註7(c)(ix)/See Remark 7(c)(ix) 見備註7(d)/See Remark 7(d) 見備註7(e)/See Remark 7(e) 見備註7(f)/See Remark 7(f),
2021-11-13,2021-11-19,,1,29,D,,10461000,,價單第4F號/Price List No.4F 見備註7(c)(ix)/See Remark 7(c)(ix) 見備註7(d)/See Remark 7(d) 見備註7(e)/See Remark 7(e) 見備註7(f)/See Remark 7(f),
2021-11-17,2021-11-24,,2,19,A,,13736000,,招標文件支付辦法(A3) Payment Plan (A3) of Tender Document 見備註7(h)(ix)/See Remark 7(h)(ix) 見備註7(i)/See Remark 7(i),
2021-11-22,2021-11-29,,2,11,A,,13332000,,招標文件支付辦法(A3) Payment Plan (A3) of Tender Document 見備註7(h)(ix)/See Remark 7(h)(ix) 見備註7(i)/See Remark 7(i),
2022-05-30,2022-06-07,,2,6,A,,13493600,,招標文件支付辦法(E1) Payment Plan (E1) of Tender Document 見備註7(h)(xiii)/See Remark 7(h)(xiii),
2022-06-22,2022-06-29,,1A,25,D,,6100000,,價單第3B號/Price List No.3B 見備註7(c)(xiii)/See Remark 7(c)(xiii) 見備註7(d)/See Remark 7(d) 見備註7(m)/See Remark 7(m),
2022-06-22,2022-06-29,,2,27,D,,11402000,,價單第4H號/Price List No.4H 見備註7(c)(xiv)/See Remark 7(c)(xiv) 見備註7(d)/See Remark 7(d) 見備註7(m)/See Remark 7(m) 見備註7(n)/See Remark 7(n) 見備註7(o)/See Remark 7(o),
2022-08-21,2022-08-26,,2,30,D,"No.61, B/F",13797000,,"價單第4H號/Price List No.4H 見備註7(c)(xiv)/See Remark 7(c)(xiv) 見備註7(d)/See Remark 7(d) 見備註7(m)/See Remark 7(m) 見備註7(n)/See Remark 7(n) 見備註7(o)/See Remark 7(o) 連同一個售價為港幣$2,150,000 的住宅停車位一併出售。sold together with a residential car parking space with the purchase price of HK$2,150,000.",
2022-08-25,2022-09-01,,2,29,D,,11516000,,價單第4H號/Price List No.4H 見備註7(c)(xiv)/See Remark 7(c)(xiv) 見備註7(d)/See Remark 7(d) 見備註7(m)/See Remark 7(m) 見備註7(n)/See Remark 7(n) 見備註7(o)/See Remark 7(o),
2022-11-09,2022-11-16,,2A,21,A,,13721200,,招標文件支付辦法(E1) Payment Plan (E1) of Tender Document 見備註7(h)(xiii)/See Remark 7(h)(xiii) 見備註7(i)/See Remark 7(i),
2023-02-27,2023-03-06,,1,29,C,,8700000,,價單第3C號/Price List No.3C 見備註7(c)(xiii)/See Remark 7(c)(xiii) 見備註7(d)/See Remark 7(d) 見備註7(m)/See Remark 7(m),
2023-06-09,2023-06-16,,1,11,D,,10000000,,價單第3C號/Price List No.3C 見備註7(c)(xiii)/See Remark 7(c)(xiii) 見備註7(d)/See Remark 7(d) 見備註7(m)/See Remark 7(m),
2023-08-27,2023-09-04,,1A,30,A,,8700000,,價單第5H號/Price List No.5H 見備註7(c)(xiii)/See Remark 7(c)(xiii) 見備註7(d)/See Remark 7(d) 見備註7(m)/See Remark 7(m),
2023-08-28,2023-09-04,,1A,3,C,,9760000,,價單第4I號/Price List No.4I 見備註7(c)(xiii)/See Remark 7(c)(xiii) 見備註7(d)/See Remark 7(d) 見備註7(m)/See Remark 7(m),
2023-10-22,2023-10-30,,2,15,A,,14700000,,招標文件支付辦法(E6) Payment Plan (E6) of Tender Document 見備註7(h)(xvii)/See Remark 7(h)(xvii) 見備註7(i)/See Remark 7(i) 見備註7(q)/See Remark 7(q) 見備註7(r)/See Remark 7(r),
2023-11-14,2023-11-21,,1,23,A,"No.23, B/F",15875000,,招標文件支付辦法(E5) Payment Plan (E5) of Tender Document 見備註7(h)(xvi)/See Remark 7(h)(xvi) 見備註7(r)/See Remark 7(r),
2023-12-02,2023-12-08,,2,12,A,,14500000,,招標文件支付辦法(E5) Payment Plan (E5) of Tender Document 見備註7(h)(xvi)/See Remark 7(h)(xvi) 見備註7(i)/See Remark 7(i) 見備註7(r)/See Remark 7(r),
2024-02-03,2024-02-09,,1,9,A,,14585000,,招標文件支付辦法(E5) Payment Plan (E5) of Tender Document 見備註7(h)(xvi)/See Remark 7(h)(xvi) 見備註7(i)/See Remark 7(i),
2024-02-25,2024-03-01,,1,22,A,,15805000,,招標文件支付辦法(E5) Payment Plan (E5) of Tender Document 見備註7(h)(xvi)/See Remark 7(h)(xvi) 見備註7(i)/See Remark 7(i) 見備註7(r)/See Remark 7(r),
2024-03-09,2024-03-15,,1,21,A,,15689000,,招標文件支付辦法(E5) Payment Plan (E5) of Tender Document 見備註7(h)(xvi)/See Remark 7(h)(xvi) 見備註7(i)/See Remark 7(i) 見備註7(r)/See Remark 7(r),
2024-03-19,2024-03-26,,2,16,A,,14942000,,招標文件支付辦法(E5) Payment Plan (E5) of Tender Document 見備註7(h)(xvi)/See Remark 7(h)(xvi) 見備註7(i)/See Remark 7(i) 見備註7(r)/See Remark 7(r),
2024-03-23,2024-04-02,,2,18,A,,15350000,,招標文件支付辦法(E5) Payment Plan (E5) of Tender Document 見備註7(h)(xvi)/See Remark 7(h)(xvi) 見備註7(i)/See Remark 7(i) 見備註7(r)/See Remark 7(r),
2024-03-24,2024-04-02,,1,1,D,,11300000,,招標文件支付辦法(E5) Payment Plan (E5) of Tender Document 見備註7(h)(xvi)/See Remark 7(h)(xvi) 見備註7(i)/See Remark 7(i) 見備註7(r)/See Remark 7(r),
2024-03-29,2024-04-09,,2,1,D,,11300000,,招標文件支付辦法(E5) Payment Plan (E5) of Tender Document 見備註7(h)(xvi)/See Remark 7(h)(xvi) 見備註7(i)/See Remark 7(i) 見備註7(r)/See Remark 7(r),
2024-04-01,2024-04-09,,1,3,A,,14261000,,招標文件支付辦法(E5) Payment Plan (E5) of Tender Document 見備註7(h)(xvi)/See Remark 7(h)(xvi) 見備註7(i)/See Remark 7(i) 見備註7(r)/See Remark 7(r),
2024-04-06,2024-04-12,,1,6,A,,14433000,,招標文件支付辦法(E5) Payment Plan (E5) of Tender Document 見備註7(h)(xvi)/See Remark 7(h)(xvi) 見備註7(r)/See Remark 7(r),
2024-04-07,2024-04-12,,1,15,A,,15000000,,招標文件支付辦法(E5) Payment Plan (E5) of Tender Document 見備註7(h)(xvi)/See Remark 7(h)(xvi) 見備註7(r)/See Remark 7(r),
2024-04-07,2024-04-12,,1,18,A,,15459000,,招標文件支付辦法(E5) Payment Plan (E5) of Tender Document 見備註7(h)(xvi)/See Remark 7(h)(xvi) 見備註7(r)/See Remark 7(r),
2024-04-07,2024-04-12,,2,17,A,,15080000,,招標文件支付辦法(E5) Payment Plan (E5) of Tender Document 見備註7(h)(xvi)/See Remark 7(h)(xvi) 見備註7(r)/See Remark 7(r),
2024-04-07,2024-04-12,,2,29,A,,16218000,,招標文件支付辦法(E5) Payment Plan (E5) of Tender Document 見備註7(h)(xvi)/See Remark 7(h)(xvi) 見備註7(r)/See Remark 7(r),
2024-04-12,2024-04-19,,1,16,A,,15114000,,招標文件支付辦法(E5) Payment Plan (E5) of Tender Document 見備註7(h)(xvi)/See Remark 7(h)(xvi) 見備註7(r)/See Remark 7(r),
2024-04-12,2024-04-19,,1,20,A,,15574000,,招標文件支付辦法(E5) Payment Plan (E5) of Tender Document 見備註7(h)(xvi)/See Remark 7(h)(xvi) 見備註7(r)/See Remark 7(r),
2024-04-16,2024-04-23,,1,19,A,,15459000,,招標文件支付辦法(E5) Payment Plan (E5) of Tender Document 見備註7(h)(xvi)/See Remark 7(h)(xvi) 見備註7(r)/See Remark 7(r),
2024-04-17,2024-04-24,,1,12,A,,14884000,,招標文件支付辦法(E5) Payment Plan (E5) of Tender Document 見備註7(h)(xvi)/See Remark 7(h)(xvi) 見備註7(r)/See Remark 7(r),
2024-04-20,2024-04-26,,2,22,A,,15600000,,招標文件支付辦法(E5) Payment Plan (E5) of Tender Document 見備註7(h)(xvi)/See Remark 7(h)(xvi) 見備註7(r)/See Remark 7(r),
2024-04-21,2024-04-26,,1,7,A,,14519000,,招標文件支付辦法(E5) Payment Plan (E5) of Tender Document 見備註7(h)(xvi)/See Remark 7(h)(xvi),
2024-04-24,2024-05-02,2024-10-09,2,23,A,,15738000,,招標文件支付辦法(E5) Payment Plan (E5) of Tender Document 見備註7(h)(xvi)/See Remark 7(h)(xvi) 見備註7(r)/See Remark 7(r),
2024-04-25,2024-05-03,,1,11,A,,14784000,,招標文件支付辦法(E5) Payment Plan (E5) of Tender Document 見備註7(h)(xvi)/See Remark 7(h)(xvi) 見備註7(r)/See Remark 7(r),
2024-04-25,2024-05-03,,1,17,A,,15229000,,招標文件支付辦法(E5) Payment Plan (E5) of Tender Document 見備註7(h)(xvi)/See Remark 7(h)(xvi) 見備註7(r)/See Remark 7(r),
2024-04-25,2024-05-03,,1,25,A,,16075000,,招標文件支付辦法(E7) Payment Plan (E7) of Tender Document 見備註7(h)(xviii)/See Remark 7(h)(xviii) 見備註7(r)/See Remark 7(r),
2024-04-25,2024-05-03,,2,25,A,,15876000,,招標文件支付辦法(E5) Payment Plan (E5) of Tender Document 見備註7(h)(xvi)/See Remark 7(h)(xvi) 見備註7(r)/See Remark 7(r),
2024-04-25,2024-05-03,,2,26,A,,16014000,,招標文件支付辦法(E5) Payment Plan (E5) of Tender Document 見備註7(h)(xvi)/See Remark 7(h)(xvi) 見備註7(r)/See Remark 7(r),
2024-04-25,2024-05-03,,2,27,A,,16152000,,招標文件支付辦法(E5) Payment Plan (E5) of Tender Document 見備註7(h)(xvi)/See Remark 7(h)(xvi) 見備註7(r)/See Remark 7(r),
2024-04-26,2024-05-06,,1,10,A,"No.12, B/F",14680000,,招標文件支付辦法(E5) Payment Plan (E5) of Tender Document 見備註7(h)(xvi)/See Remark 7(h)(xvi) 見備註7(r)/See Remark 7(r),
2024-04-28,2024-05-06,,1,26,A,"No. 10, B/F",16275000,,招標文件支付辦法(E5) Payment Plan (E5) of Tender Document 見備註7(h)(xvi)/See Remark 7(h)(xvi) 見備註7(r)/See Remark 7(r),
2024-04-28,2024-05-06,,1,27,A,,16475000,,招標文件支付辦法(E5) Payment Plan (E5) of Tender Document 見備註7(h)(xvi)/See Remark 7(h)(xvi),
2024-04-29,2024-05-07,,1,1,A,"No. 7, B/F",15153000,,招標文件支付辦法(E5) Payment Plan (E5) of Tender Document 見備註7(h)(xvi)/See Remark 7(h)(xvi) 見備註7(r)/See Remark 7(r),
2024-04-29,2024-05-07,,2A,30,A,"No. 60, B/F",15211000,,招標文件支付辦法(E5) Payment Plan (E5) of Tender Document 見備註7(h)(xvi)/See Remark 7(h)(xvi) 見備註7(r)/See Remark 7(r),
2024-05-01,2024-05-08,,2A,27,A,,15048000,,招標文件支付辦法(E5) Payment Plan (E5) of Tender Document 見備註7(h)(xvi)/See Remark 7(h)(xvi) 見備註7(r)/See Remark 7(r),
2024-05-04,2024-05-10,,1,5,A,"No. 19, B/F",14347000,,招標文件支付辦法(E5) Payment Plan (E5) of Tender Document 見備註7(h)(xvi)/See Remark 7(h)(xvi) 見備註7(r)/See Remark 7(r),
2024-05-05,2024-05-10,,2A,26,A,,14952000,,招標文件支付辦法(E5) Payment Plan (E5) of Tender Document 見備註7(h)(xvi)/See Remark 7(h)(xvi) 見備註7(r)/See Remark 7(r),
2024-05-15,2024-05-22,,1,29,A,"No. 9, B/F",16875000,,招標文件支付辦法(E5) Payment Plan (E5) of Tender Document 見備註7(h)(xvi)/See Remark 7(h)(xvi) 見備註7(r)/See Remark 7(r),
2024-06-02,2024-06-07,,1,2,A,"No. 56, B/F",14191000,,招標文件支付辦法(E5) Payment Plan (E5) of Tender Document 見備註7(h)(xvi)/See Remark 7(h)(xvi) 見備註7(r)/See Remark 7(r),
2024-06-18,2024-06-25,,2A,28,A,,15144000,,招標文件支付辦法(E5) Payment Plan (E5) of Tender Document 見備註7(h)(xvi)/See Remark 7(h)(xvi) 見備註7(r)/See Remark 7(r),
2024-06-18,2024-06-25,,2A,32,A,"No. 38, B/F",15461000,,招標文件支付辦法(E5) Payment Plan (E5) of Tender Document 見備註7(h)(xvi)/See Remark 7(h)(xvi) 見備註7(r)/See Remark 7(r),
2024-06-21,2024-06-28,,1,33&35,B,"No. 26, LG/F No. 27, LG/F",50050000,,"- 售價5%的臨時訂金須於簽署臨時買賣合約時支付； - 售價5%的加附訂金須於臨時合約日期後60日內支付； - 售價90%的售價餘款須於臨時合約日期後第360日(""成交日 期"")或之前支付。 - 5% of the Purchase Price being preliminary deposit shall be paid upon signing of the Preliminary Agreement for Sale and Purchase; - 5% of the Purchase Price being further deposit shall be paid within 60 days after signing of the Preliminary Agreement for Sale and Purchase; - 90% of the Purchase Price being the balance of the Purchase Price shall be paid on or before the 360th day (""Completion Date"") after signing of the Preliminary Agreement for Sale and Purchase. 見備註7(s)/See Remark 7(s)",
2024-06-23,2024-06-28,,1,28,A,,16875000,,招標文件支付辦法(E5) Payment Plan (E5) of Tender Document 見備註7(h)(xvi)/See Remark 7(h)(xvi),
2024-07-12,2024-07-19,,1,30,A,,17075000,,招標文件支付辦法(E5) Payment Plan (E5) of Tender Document 見備註7(h)(xvi)/See Remark 7(h)(xvi) 見備註7(r)/See Remark 7(r),
2024-08-05,2024-08-12,,2,1,A,,15006000,,招標文件支付辦法(E5) Payment Plan (E5) of Tender Document 見備註7(h)(xvi)/See Remark 7(h)(xvi),
2024-08-08,2024-08-15,,2A,31,A,"No. 39, B/F",15331000,,"- 售價5%的臨時訂金須於簽署臨時買賣合約時支付； - 售價5%的加附訂金須於臨時合約日期後48日內支付； - 售價90%的售價餘款須於臨時合約日期後第210日(""成交日 期"")或之前支付。 - 5% of the Purchase Price being preliminary deposit shall be paid upon signing of the Preliminary Agreement for Sale and Purchase; - 5% of the Purchase Price being further deposit shall be paid within 48 days after signing of the Preliminary Agreement for Sale and Purchase; - 90% of the Purchase Price being the balance of the Purchase Price shall be paid on or before the 210th day (""Completion Date"") after signing of the Preliminary Agreement for Sale and Purchase. 見備註7(t)/See Remark 7(t)",
2024-10-13,2024-10-18,,2,23,A,,15738000,,招標文件支付辦法(E5) Payment Plan (E5) of Tender Document 見備註7(h)(xvi)/See Remark 7(h)(xvi) 見備註7(r)/See Remark 7(r),
2025-01-27,2025-02-06,,2A,33&35,A,"No. 30, B/F",37457000,,招標文件支付辦法(F1) Payment Plan (F1) of Tender Document 見備註7(h)(xix)/See Remark 7(h)(xix) 見備註7(u)/See Remark 7(u) 見備註7(v)/See Remark 7(v) 見備註7(w)/See Remark 7(w),
2025-11-28,2025-12-05,,1A,33&35,A,"No. 2, LG/F",40926000,,招標文件支付辦法(G1) Payment Plan (G1) of Tender Document 見備註7(h)(xx)/See Remark 7(h)(xx) 見備註7(x)/See Remark 7(x) 見備註7(y)/See Remark 7(y) 見備註7(z)/See Remark 7(z) 見備註7(aa)/See Remark 7(aa) 見備註7(ab)/See Remark 7(ab),
2026-01-23,2026-01-30,,2,33&35,B,"No. 45, B/F No. 67, B/F",43600000,,售價的5%須於簽署臨時買賣合約時支付； 售價的5%須於臨時買賣合約日期後60日內支付； 售價的90%須於臨時買賣合約日期後第180日或之前支付。 5% of the Purchase Price shall be paid upon signing of the PASP; 5% of the Purchase Price shall be paid within 60 days after signing of the PASP; 90% of the Purchase Price shall be paid within 180 days after signing of the PASP. 見備註7(ac)/See Remark 7(ac),
2026-01-27,2026-02-03,,1,33&35,A,"No. 7, LG/F No. 8, LG/F",51552000,,售價的5%須於簽署臨時買賣合約時支付； 售價的5%須於臨時買賣合約日期後30日內支付； 售價的90%須於臨時買賣合約日期後第240日或之前支付。 5% of the Purchase Price shall be paid upon signing of the PASP; 5% of the Purchase Price shall be paid within 30 days after signing of the PASP; 90% of the Purchase Price shall be paid within 240 days after signing of the PASP. 見備註7(ad)/See Remark 7(ad) 見備註7(ae)/See Remark 7(ae),
2026-07-13,2026-07-20,,2,33&35,A,"No. 22, B/F No. 26, B/F",49200000,,售價的5%須於簽署臨時買賣合約時支付； 售價的5%須於臨時買賣合約日期後30日內支付； 售價的90%須於臨時買賣合約日期後第120日或之前支付。 5% of the Purchase Price shall be paid upon signing of the PASP; 5% of the Purchase Price shall be paid within 30 days after signing of the PASP; 90% of the Purchase Price shall be paid within 120 days after signing of the PASP. 見備註7(af)/See Remark 7(af) 見備註7(ag)/See Remark 7(ag) 見備註7(ah)/See Remark 7(ah) 見備註7(ai)/See Remark 7(ai),
