pasp,asp,terminated,block,floor,unit,carpark,price,revision,terms,related
2013-10-12,2013-10-24,,第20座 第2區 Tower 20 Zone 2,26,D,,17109500,,"‧價單第1號 (AA)付款辦法 Payment Method (AA) of Price List No.1 #見備註/See Remarks 7 靈活付款計劃 Flexible Payment Plan ‧包含「提前成交現金回贈」條款 ""Early Completion Cash Rebate"" is included ‧包含「過渡性貸款」條款 ""Transitional Loan"" is included ‧包含「特別現金回贈」條款""Special Cash Rebate"" is included ‧包含「備用第二按揭貸款」條款 ""Standby Second Mortgage Loan"" is included ‧「新地會」會員3%售價折扣優惠 3% discount from the Price for purchasers who are ""SHKP Club"" members ‧不選用「首24個月香港銀行同業拆息笫 二按揭貸款」，可獲2%售價折扣優惠 Not to apply ""First 24 Months HIBOR Based Second Mortgage Loan"", a 2% discount on the Price ‧#(在18-10-2019修訂)(revised on 18-10- 2019)",
2013-10-12,2013-10-24,,第20座 第2區 Tower 20 Zone 2,30,B,,32438700,,"‧價單第1號 (AA)付款辦法 Payment Method (AA) of Price List No.1 #見備註/See Remarks 7 靈活付款計劃 Flexible Payment Plan ‧包含「提前成交現金回贈」條款 ""Early Completion Cash Rebate"" is included ‧包含「過渡性貸款」條款 ""Transitional Loan"" is included ‧包含「特別現金回贈」條款""Special Cash Rebate"" is included ‧包含「備用第二按揭貸款」條款 ""Standby Second Mortgage Loan"" is included ‧「新地會」會員3%售價折扣優惠 3% discount from the Price for purchasers who are ""SHKP Club"" members ‧不選用「首24個月香港銀行同業拆息笫 二按揭貸款」，可獲2%售價折扣優惠 Not to apply ""First 24 Months HIBOR Based Second Mortgage Loan"", a 2% discount on the Price ‧#(在18-10-2019修訂)(revised on 18-10- 2019)",
2013-10-12,2013-10-24,,第20座 第2區 Tower 20 Zone 2,31,B,,32665750,,"‧價單第1號 (AA)付款辦法 Payment Method (AA) of Price List No.1 #見備註/See Remarks 7 靈活付款計劃 Flexible Payment Plan ‧包含「提前成交現金回贈」條款 ""Early Completion Cash Rebate"" is included ‧包含「過渡性貸款」條款 ""Transitional Loan"" is included ‧包含「特別現金回贈」條款""Special Cash Rebate"" is included ‧包含「備用第二按揭貸款」條款 ""Standby Second Mortgage Loan"" is included ‧「新地會」會員3%售價折扣優惠 3% discount from the Price for purchasers who are ""SHKP Club"" members ‧不選用「首24個月香港銀行同業拆息笫 二按揭貸款」，可獲2%售價折扣優惠 Not to apply ""First 24 Months HIBOR Based Second Mortgage Loan"", a 2% discount on the Price ‧#(在18-10-2019修訂)(revised on 18-10- 2019)",
2013-10-12,2013-10-24,,第20座 第2區 Tower 20 Zone 2,32,B,,32893750,,"‧價單第1號 (AA)付款辦法 Payment Method (AA) of Price List No.1 #見備註/See Remarks 7 靈活付款計劃 Flexible Payment Plan ‧包含「提前成交現金回贈」條款 ""Early Completion Cash Rebate"" is included ‧包含「過渡性貸款」條款 ""Transitional Loan"" is included ‧包含「特別現金回贈」條款""Special Cash Rebate"" is included ‧包含「備用第二按揭貸款」條款 ""Standby Second Mortgage Loan"" is included ‧「新地會」會員3%售價折扣優惠 3% discount from the Price for purchasers who are ""SHKP Club"" members ‧不選用「首24個月香港銀行同業拆息笫 二按揭貸款」，可獲2%售價折扣優惠 Not to apply ""First 24 Months HIBOR Based Second Mortgage Loan"", a 2% discount on the Price ‧#(在18-10-2019修訂)(revised on 18-10- 2019)",
2013-10-12,2013-10-24,,第20座 第2區 26 B Tower 20 Zone 2 第20座 第2區 26 C Tower 20 Zone 2,,,,48626700,,"‧價單第1號 (AA)付款辦法 Payment Method (AA) of Price List No.1 #見備註/See Remarks 7 靈活付款計劃 Flexible Payment Plan ‧包含「提前成交現金回贈」條款 ""Early Completion Cash Rebate"" is included ‧包含「過渡性貸款」條款 ""Transitional Loan"" is included ‧包含「特別現金回贈」條款""Special Cash Rebate"" is included ‧包含「備用第二按揭貸款」條款 ""Standby Second Mortgage Loan"" is included ‧「新地會」會員3%售價折扣優惠 3% discount from the Price for purchasers who are ""SHKP Club"" members ‧不選用「首24個月香港銀行同業拆息笫 二按揭貸款」，可獲2%售價折扣優惠 Not to apply ""First 24 Months HIBOR Based Second Mortgage Loan"", a 2% discount on the Price ‧#(在18-10-2019修訂)(revised on 18-10- 2019)",
2013-10-12,2013-10-24,,第20座 第2區 Tower 20 Zone 2,26,E,,17207350,,"‧價單第1號 (AA)付款辦法 Payment Method (AA) of Price List No.1 #見備註/See Remarks 7 靈活付款計劃 Flexible Payment Plan ‧包含「提前成交現金回贈」條款 ""Early Completion Cash Rebate"" is included ‧包含「過渡性貸款」條款 ""Transitional Loan"" is included ‧包含「特別現金回贈」條款""Special Cash Rebate"" is included ‧包含「備用第二按揭貸款」條款 ""Standby Second Mortgage Loan"" is included ‧「新地會」會員3%售價折扣優惠 3% discount from the Price for purchasers who are ""SHKP Club"" members ‧不選用「首24個月香港銀行同業拆息笫 二按揭貸款」，可獲2%售價折扣優惠 Not to apply ""First 24 Months HIBOR Based Second Mortgage Loan"", a 2% discount on the Price ‧#(在18-10-2019修訂)(revised on 18-10- 2019)",
2013-10-12,2013-10-24,,第20座 第2區 Tower 20 Zone 2,29,B,,32212600,,"‧價單第1號 (AA)付款辦法 Payment Method (AA) of Price List No.1 #見備註/See Remarks 7 靈活付款計劃 Flexible Payment Plan ‧包含「提前成交現金回贈」條款 ""Early Completion Cash Rebate"" is included ‧包含「過渡性貸款」條款 ""Transitional Loan"" is included ‧包含「特別現金回贈」條款""Special Cash Rebate"" is included ‧包含「備用第二按揭貸款」條款 ""Standby Second Mortgage Loan"" is included ‧「新地會」會員3%售價折扣優惠 3% discount from the Price for purchasers who are ""SHKP Club"" members ‧不選用「首24個月香港銀行同業拆息笫 二按揭貸款」，可獲2%售價折扣優惠 Not to apply ""First 24 Months HIBOR Based Second Mortgage Loan"", a 2% discount on the Price ‧#(在18-10-2019修訂)(revised on 18-10- 2019)",
2013-10-12,2013-10-24,,第20座 第2區 Tower 20 Zone 2,20,A,,23838350,,"‧價單第1號 (AA)付款辦法 Payment Method (AA) of Price List No.1 #見備註/See Remarks 7 靈活付款計劃 Flexible Payment Plan ‧包含「提前成交現金回贈」條款 ""Early Completion Cash Rebate"" is included ‧包含「過渡性貸款」條款 ""Transitional Loan"" is included ‧包含「特別現金回贈」條款""Special Cash Rebate"" is included ‧包含「備用第二按揭貸款」條款 ""Standby Second Mortgage Loan"" is included ‧「新地會」會員3%售價折扣優惠 3% discount from the Price for purchasers who are ""SHKP Club"" members ‧不選用「首24個月香港銀行同業拆息笫 二按揭貸款」，可獲2%售價折扣優惠 Not to apply ""First 24 Months HIBOR Based Second Mortgage Loan"", a 2% discount on the Price ‧#(在18-10-2019修訂)(revised on 18-10- 2019)",
2013-10-12,2013-10-24,,第20座 第2區 20 B Tower 20 Zone 2 第20座 第2區 26 A Tower 20 Zone 2 第20座 第2區 27 B Tower 20 Zone 2 第20座 第2區 20 C Tower 20 Zone 2 第20座 第2區 20 D Tower 20 Zone 2,,,,119925150,,"‧價單第1號 (AA)付款辦法 Payment Method (AA) of Price List No.1 #見備註/See Remarks 7 靈活付款計劃 Flexible Payment Plan ‧包含「提前成交現金回贈」條款 ""Early Completion Cash Rebate"" is included ‧包含「過渡性貸款」條款 ""Transitional Loan"" is included ‧包含「特別現金回贈」條款""Special Cash Rebate"" is included ‧包含「備用第二按揭貸款」條款 ""Standby Second Mortgage Loan"" is included ‧「新地會」會員3%售價折扣優惠 3% discount from the Price for purchasers who are ""SHKP Club"" members ‧不選用「首24個月香港銀行同業拆息笫 二按揭貸款」，可獲2%售價折扣優惠 Not to apply ""First 24 Months HIBOR Based Second Mortgage Loan"", a 2% discount on the Price ‧#(在18-10-2019修訂)(revised on 18-10- 2019)",
2013-10-12,2013-10-24,,第20座 第2區 Tower 20 Zone 2,30,A,,25387800,,"‧價單第1號 (AA)付款辦法 Payment Method (AA) of Price List No.1 #見備註/See Remarks 7 靈活付款計劃 Flexible Payment Plan ‧包含「提前成交現金回贈」條款 ""Early Completion Cash Rebate"" is included ‧包含「過渡性貸款」條款 ""Transitional Loan"" is included ‧包含「特別現金回贈」條款""Special Cash Rebate"" is included ‧包含「備用第二按揭貸款」條款 ""Standby Second Mortgage Loan"" is included ‧「新地會」會員3%售價折扣優惠 3% discount from the Price for purchasers who are ""SHKP Club"" members ‧不選用「首24個月香港銀行同業拆息笫 二按揭貸款」，可獲2%售價折扣優惠 Not to apply ""First 24 Months HIBOR Based Second Mortgage Loan"", a 2% discount on the Price ‧#(在18-10-2019修訂)(revised on 18-10- 2019)",
2013-10-12,2013-10-24,,第20座 第2區 Tower 20 Zone 2,25,C,,16959400,,"‧價單第1號 (AA)付款辦法 Payment Method (AA) of Price List No.1 #見備註/See Remarks 7 靈活付款計劃 Flexible Payment Plan ‧包含「提前成交現金回贈」條款 ""Early Completion Cash Rebate"" is included ‧包含「過渡性貸款」條款 ""Transitional Loan"" is included ‧包含「特別現金回贈」條款""Special Cash Rebate"" is included ‧包含「備用第二按揭貸款」條款 ""Standby Second Mortgage Loan"" is included ‧「新地會」會員3%售價折扣優惠 3% discount from the Price for purchasers who are ""SHKP Club"" members ‧不選用「首24個月香港銀行同業拆息笫 二按揭貸款」，可獲2%售價折扣優惠 Not to apply ""First 24 Months HIBOR Based Second Mortgage Loan"", a 2% discount on the Price ‧#(在18-10-2019修訂)(revised on 18-10- 2019)",
2013-10-12,2013-10-24,,第20座 第2區 Tower 20 Zone 2,29,D,,17470500,,"‧價單第1號 (AA)付款辦法 Payment Method (AA) of Price List No.1 #見備註/See Remarks 7 靈活付款計劃 Flexible Payment Plan ‧包含「提前成交現金回贈」條款 ""Early Completion Cash Rebate"" is included ‧包含「過渡性貸款」條款 ""Transitional Loan"" is included ‧包含「特別現金回贈」條款""Special Cash Rebate"" is included ‧包含「備用第二按揭貸款」條款 ""Standby Second Mortgage Loan"" is included ‧「新地會」會員3%售價折扣優惠 3% discount from the Price for purchasers who are ""SHKP Club"" members ‧不選用「首24個月香港銀行同業拆息笫 二按揭貸款」，可獲2%售價折扣優惠 Not to apply ""First 24 Months HIBOR Based Second Mortgage Loan"", a 2% discount on the Price ‧#(在18-10-2019修訂)(revised on 18-10- 2019)",
2013-10-12,2013-10-24,,第20座 第2區 Tower 20 Zone 2,31,A,,25565450,,"‧價單第1號 (AA)付款辦法 Payment Method (AA) of Price List No.1 #見備註/See Remarks 7 靈活付款計劃 Flexible Payment Plan ‧包含「提前成交現金回贈」條款 ""Early Completion Cash Rebate"" is included ‧包含「過渡性貸款」條款 ""Transitional Loan"" is included ‧包含「特別現金回贈」條款""Special Cash Rebate"" is included ‧包含「備用第二按揭貸款」條款 ""Standby Second Mortgage Loan"" is included ‧「新地會」會員3%售價折扣優惠 3% discount from the Price for purchasers who are ""SHKP Club"" members ‧不選用「首24個月香港銀行同業拆息笫 二按揭貸款」，可獲2%售價折扣優惠 Not to apply ""First 24 Months HIBOR Based Second Mortgage Loan"", a 2% discount on the Price ‧#(在18-10-2019修訂)(revised on 18-10- 2019)",
2013-10-12,2013-10-24,,第20座 第2區 Tower 20 Zone 2,32,A,,26287000,,"‧價單第1號 (AA)付款辦法 Payment Method (AA) of Price List No.1 #見備註/See Remarks 7 靈活付款計劃 Flexible Payment Plan ‧包含「提前成交現金回贈」條款 ""Early Completion Cash Rebate"" is included ‧包含「過渡性貸款」條款 ""Transitional Loan"" is included ‧包含「特別現金回贈」條款""Special Cash Rebate"" is included ‧包含「備用第二按揭貸款」條款 ""Standby Second Mortgage Loan"" is included ‧「新地會」會員3%售價折扣優惠 3% discount from the Price for purchasers who are ""SHKP Club"" members ‧選用「首24個月香港銀行同業拆息笫二 按揭貸款」Apply ""First 24 Months HIBOR Based Second Mortgage Loan"" ‧#(在18-10-2019修訂)(revised on 18-10- 2019)",
2013-10-12,2013-10-24,,第20座 第2區 Tower 20 Zone 2,25,B,,31326250,,"‧價單第1號 (AA)付款辦法 Payment Method (AA) of Price List No.1 #見備註/See Remarks 7 靈活付款計劃 Flexible Payment Plan ‧包含「提前成交現金回贈」條款 ""Early Completion Cash Rebate"" is included ‧包含「過渡性貸款」條款 ""Transitional Loan"" is included ‧包含「特別現金回贈」條款""Special Cash Rebate"" is included ‧包含「備用第二按揭貸款」條款 ""Standby Second Mortgage Loan"" is included ‧「新地會」會員3%售價折扣優惠 3% discount from the Price for purchasers who are ""SHKP Club"" members ‧不選用「首24個月香港銀行同業拆息笫 二按揭貸款」，可獲2%售價折扣優惠 Not to apply ""First 24 Months HIBOR Based Second Mortgage Loan"", a 2% discount on the Price ‧#(在18-10-2019修訂)(revised on 18-10- 2019)",
2013-10-12,2013-10-24,,第20座 第2區 Tower 20 Zone 2,31,C,,17684250,,"‧價單第1號 (AA)付款辦法 Payment Method (AA) of Price List No.1 #見備註/See Remarks 7 靈活付款計劃 Flexible Payment Plan ‧包含「提前成交現金回贈」條款 ""Early Completion Cash Rebate"" is included ‧包含「過渡性貸款」條款 ""Transitional Loan"" is included ‧包含「特別現金回贈」條款""Special Cash Rebate"" is included ‧包含「備用第二按揭貸款」條款 ""Standby Second Mortgage Loan"" is included ‧「新地會」會員3%售價折扣優惠 3% discount from the Price for purchasers who are ""SHKP Club"" members ‧不選用「首24個月香港銀行同業拆息笫 二按揭貸款」，可獲2%售價折扣優惠 Not to apply ""First 24 Months HIBOR Based Second Mortgage Loan"", a 2% discount on the Price ‧#(在18-10-2019修訂)(revised on 18-10- 2019)",
2013-10-12,2013-10-24,,第20座 第2區 29 A Tower 20 Zone 2 第20座 第2區 27 C Tower 20 Zone 2,,,,42409900,,"‧價單第1號 (AA)付款辦法 Payment Method (AA) of Price List No.1 #見備註/See Remarks 7 靈活付款計劃 Flexible Payment Plan ‧包含「提前成交現金回贈」條款 ""Early Completion Cash Rebate"" is included ‧包含「過渡性貸款」條款 ""Transitional Loan"" is included ‧包含「特別現金回贈」條款""Special Cash Rebate"" is included ‧包含「備用第二按揭貸款」條款 ""Standby Second Mortgage Loan"" is included ‧「新地會」會員3%售價折扣優惠 3% discount from the Price for purchasers who are ""SHKP Club"" members ‧不選用「首24個月香港銀行同業拆息笫 二按揭貸款」，可獲2%售價折扣優惠 Not to apply ""First 24 Months HIBOR Based Second Mortgage Loan"", a 2% discount on the Price ‧#(在18-10-2019修訂)(revised on 18-10- 2019)",
2013-10-12,2013-10-24,,第21座 第3區 Tower 21 Zone 3,77,A,,29606750,,"‧價單第1號 (AA)付款辦法 Payment Method (AA) of Price List No.1 #見備註/See Remarks 7 靈活付款計劃 Flexible Payment Plan ‧包含「提前成交現金回贈」條款 ""Early Completion Cash Rebate"" is included ‧包含「過渡性貸款」條款 ""Transitional Loan"" is included ‧包含「特別現金回贈」條款""Special Cash Rebate"" is included ‧包含「備用第二按揭貸款」條款 ""Standby Second Mortgage Loan"" is included ‧「新地會」會員3%售價折扣優惠 3% discount from the Price for purchasers who are ""SHKP Club"" members ‧不選用「首24個月香港銀行同業拆息笫 二按揭貸款」，可獲2%售價折扣優惠 Not to apply ""First 24 Months HIBOR Based Second Mortgage Loan"", a 2% discount on the Price ‧#(在18-10-2019修訂)(revised on 18-10- 2019)",
2013-10-12,2013-10-24,,第20座 第2區 Tower 20 Zone 2,29,C,,17439150,,"‧價單第1號 (AA)付款辦法 Payment Method (AA) of Price List No.1 #見備註/See Remarks 7 靈活付款計劃 Flexible Payment Plan ‧包含「提前成交現金回贈」條款 ""Early Completion Cash Rebate"" is included ‧包含「過渡性貸款」條款 ""Transitional Loan"" is included ‧包含「特別現金回贈」條款""Special Cash Rebate"" is included ‧包含「備用第二按揭貸款」條款 ""Standby Second Mortgage Loan"" is included ‧「新地會」會員3%售價折扣優惠 3% discount from the Price for purchasers who are ""SHKP Club"" members ‧不選用「首24個月香港銀行同業拆息笫 二按揭貸款」，可獲2%售價折扣優惠 Not to apply ""First 24 Months HIBOR Based Second Mortgage Loan"", a 2% discount on the Price ‧#(在18-10-2019修訂)(revised on 18-10- 2019)",
2013-10-12,2013-10-24,,第20座 第2區 Tower 20 Zone 2,31,E,,17817250,,"‧價單第1號 (AA)付款辦法 Payment Method (AA) of Price List No.1 #見備註/See Remarks 7 靈活付款計劃 Flexible Payment Plan ‧包含「提前成交現金回贈」條款 ""Early Completion Cash Rebate"" is included ‧包含「過渡性貸款」條款 ""Transitional Loan"" is included ‧包含「特別現金回贈」條款""Special Cash Rebate"" is included ‧包含「備用第二按揭貸款」條款 ""Standby Second Mortgage Loan"" is included ‧「新地會」會員3%售價折扣優惠 3% discount from the Price for purchasers who are ""SHKP Club"" members ‧不選用「首24個月香港銀行同業拆息笫 二按揭貸款」，可獲2%售價折扣優惠 Not to apply ""First 24 Months HIBOR Based Second Mortgage Loan"", a 2% discount on the Price ‧#(在18-10-2019修訂)(revised on 18-10- 2019)",
2013-10-12,2013-10-24,,第20座 第2區 20 E Tower 20 Zone 2 第20座 第2區 29 E Tower 20 Zone 2,,,,34183850,,"‧價單第1號 (AA)付款辦法 Payment Method (AA) of Price List No.1 #見備註/See Remarks 7 靈活付款計劃 Flexible Payment Plan ‧包含「提前成交現金回贈」條款 ""Early Completion Cash Rebate"" is included ‧包含「過渡性貸款」條款 ""Transitional Loan"" is included ‧包含「特別現金回贈」條款""Special Cash Rebate"" is included ‧包含「備用第二按揭貸款」條款 ""Standby Second Mortgage Loan"" is included ‧「新地會」會員3%售價折扣優惠 3% discount from the Price for purchasers who are ""SHKP Club"" members ‧不選用「首24個月香港銀行同業拆息笫 二按揭貸款」，可獲2%售價折扣優惠 Not to apply ""First 24 Months HIBOR Based Second Mortgage Loan"", a 2% discount on the Price ‧#(在18-10-2019修訂)(revised on 18-10- 2019)",
2013-10-12,2013-10-24,,第20座 第2區 Tower 20 Zone 2,27,A,,24863400,,"‧價單第1號 (AA)付款辦法 Payment Method (AA) of Price List No.1 #見備註/See Remarks 7 靈活付款計劃 Flexible Payment Plan ‧包含「提前成交現金回贈」條款 ""Early Completion Cash Rebate"" is included ‧包含「過渡性貸款」條款 ""Transitional Loan"" is included ‧包含「特別現金回贈」條款""Special Cash Rebate"" is included ‧包含「備用第二按揭貸款」條款 ""Standby Second Mortgage Loan"" is included ‧「新地會」會員3%售價折扣優惠 3% discount from the Price for purchasers who are ""SHKP Club"" members ‧不選用「首24個月香港銀行同業拆息笫 二按揭貸款」，可獲2%售價折扣優惠 Not to apply ""First 24 Months HIBOR Based Second Mortgage Loan"", a 2% discount on the Price ‧#(在18-10-2019修訂)(revised on 18-10- 2019)",
2013-10-12,2013-10-24,,第20座 第2區 Tower 20 Zone 2,31,D,,17715600,,"‧價單第1號 (AA)付款辦法 Payment Method (AA) of Price List No.1 #見備註/See Remarks 7 靈活付款計劃 Flexible Payment Plan ‧包含「提前成交現金回贈」條款 ""Early Completion Cash Rebate"" is included ‧包含「過渡性貸款」條款 ""Transitional Loan"" is included ‧包含「特別現金回贈」條款""Special Cash Rebate"" is included ‧包含「備用第二按揭貸款」條款 ""Standby Second Mortgage Loan"" is included ‧「新地會」會員3%售價折扣優惠 3% discount from the Price for purchasers who are ""SHKP Club"" members ‧不選用「首24個月香港銀行同業拆息笫 二按揭貸款」，可獲2%售價折扣優惠 Not to apply ""First 24 Months HIBOR Based Second Mortgage Loan"", a 2% discount on the Price ‧#(在18-10-2019修訂)(revised on 18-10- 2019)",
2013-10-12,2013-10-24,,第20座 第2區 Tower 20 Zone 2,30,C,,17560750,,"‧價單第1號 (AA)付款辦法 Payment Method (AA) of Price List No.1 #見備註/See Remarks 7 靈活付款計劃 Flexible Payment Plan ‧包含「提前成交現金回贈」條款 ""Early Completion Cash Rebate"" is included ‧包含「過渡性貸款」條款 ""Transitional Loan"" is included ‧包含「特別現金回贈」條款""Special Cash Rebate"" is included ‧包含「備用第二按揭貸款」條款 ""Standby Second Mortgage Loan"" is included ‧「新地會」會員3%售價折扣優惠 3% discount from the Price for purchasers who are ""SHKP Club"" members ‧不選用「首24個月香港銀行同業拆息笫 二按揭貸款」，可獲2%售價折扣優惠 Not to apply ""First 24 Months HIBOR Based Second Mortgage Loan"", a 2% discount on the Price ‧#(在18-10-2019修訂)(revised on 18-10- 2019)",
2013-10-12,2013-10-24,,第21座 第3區 73 A Tower 21 Zone 3 第21座 第3區 75 A Tower 21 Zone 3,,,,58262550,,"‧價單第1號 (AA)付款辦法 Payment Method (AA) of Price List No.1 #見備註/See Remarks 7 靈活付款計劃 Flexible Payment Plan ‧包含「提前成交現金回贈」條款 ""Early Completion Cash Rebate"" is included ‧包含「過渡性貸款」條款 ""Transitional Loan"" is included ‧包含「特別現金回贈」條款""Special Cash Rebate"" is included ‧包含「備用第二按揭貸款」條款 ""Standby Second Mortgage Loan"" is included ‧「新地會」會員3%售價折扣優惠 3% discount from the Price for purchasers who are ""SHKP Club"" members ‧不選用「首24個月香港銀行同業拆息笫 二按揭貸款」，可獲2%售價折扣優惠 Not to apply ""First 24 Months HIBOR Based Second Mortgage Loan"", a 2% discount on the Price ‧#(在18-10-2019修訂)(revised on 18-10- 2019)",
2013-10-12,2013-10-24,,第20座 第2區 Tower 20 Zone 2,32,C,,17807750,,"‧價單第1號 (AA)付款辦法 Payment Method (AA) of Price List No.1 #見備註/See Remarks 7 靈活付款計劃 Flexible Payment Plan ‧包含「提前成交現金回贈」條款 ""Early Completion Cash Rebate"" is included ‧包含「過渡性貸款」條款 ""Transitional Loan"" is included ‧包含「特別現金回贈」條款""Special Cash Rebate"" is included ‧包含「備用第二按揭貸款」條款 ""Standby Second Mortgage Loan"" is included ‧「新地會」會員3%售價折扣優惠 3% discount from the Price for purchasers who are ""SHKP Club"" members ‧不選用「首24個月香港銀行同業拆息笫 二按揭貸款」，可獲2%售價折扣優惠 Not to apply ""First 24 Months HIBOR Based Second Mortgage Loan"", a 2% discount on the Price ‧#(在18-10-2019修訂)(revised on 18-10- 2019)",
2013-10-12,2013-10-24,,第20座 第2區 Tower 20 Zone 2,25,E,,17086700,,"‧價單第1號 (AA)付款辦法 Payment Method (AA) of Price List No.1 #見備註/See Remarks 7 靈活付款計劃 Flexible Payment Plan ‧包含「提前成交現金回贈」條款 ""Early Completion Cash Rebate"" is included ‧包含「過渡性貸款」條款 ""Transitional Loan"" is included ‧包含「特別現金回贈」條款""Special Cash Rebate"" is included ‧包含「備用第二按揭貸款」條款 ""Standby Second Mortgage Loan"" is included ‧「新地會」會員3%售價折扣優惠 3% discount from the Price for purchasers who are ""SHKP Club"" members ‧不選用「首24個月香港銀行同業拆息笫 二按揭貸款」，可獲2%售價折扣優惠 Not to apply ""First 24 Months HIBOR Based Second Mortgage Loan"", a 2% discount on the Price ‧#(在18-10-2019修訂)(revised on 18-10- 2019)",
2013-10-12,2013-10-24,,第20座 第2區 Tower 20 Zone 2,30,E,,17692800,,"‧價單第1號 (AA)付款辦法 Payment Method (AA) of Price List No.1 #見備註/See Remarks 7 靈活付款計劃 Flexible Payment Plan ‧包含「提前成交現金回贈」條款 ""Early Completion Cash Rebate"" is included ‧包含「過渡性貸款」條款 ""Transitional Loan"" is included ‧包含「特別現金回贈」條款""Special Cash Rebate"" is included ‧包含「備用第二按揭貸款」條款 ""Standby Second Mortgage Loan"" is included ‧「新地會」會員3%售價折扣優惠 3% discount from the Price for purchasers who are ""SHKP Club"" members ‧不選用「首24個月香港銀行同業拆息笫 二按揭貸款」，可獲2%售價折扣優惠 Not to apply ""First 24 Months HIBOR Based Second Mortgage Loan"", a 2% discount on the Price ‧#(在18-10-2019修訂)(revised on 18-10- 2019)",
2013-10-12,2013-10-24,,第20座 第2區 Tower 20 Zone 2,27,E,,17691830,,"‧價單第1號 (AA)付款辦法 Payment Method (AA) of Price List No.1 #見備註/See Remarks 7 靈活付款計劃 Flexible Payment Plan ‧包含「提前成交現金回贈」條款 ""Early Completion Cash Rebate"" is included ‧包含「過渡性貸款」條款 ""Transitional Loan"" is included ‧包含「特別現金回贈」條款""Special Cash Rebate"" is included ‧包含「備用第二按揭貸款」條款 ""Standby Second Mortgage Loan"" is included ‧「新地會」會員3%售價折扣優惠 3% discount from the Price for purchasers who are ""SHKP Club"" members ‧選用「首24個月香港銀行同業拆息笫二 按揭貸款」Apply ""First 24 Months HIBOR Based Second Mortgage Loan"" ‧#(在18-10-2019修訂)(revised on 18-10- 2019)",
2013-10-12,2013-10-24,,第20座 第2區 Tower 20 Zone 2,25,D,,16989800,,"‧價單第1號 (AA)付款辦法 Payment Method (AA) of Price List No.1 #見備註/See Remarks 7 靈活付款計劃 Flexible Payment Plan ‧包含「提前成交現金回贈」條款 ""Early Completion Cash Rebate"" is included ‧包含「過渡性貸款」條款 ""Transitional Loan"" is included ‧包含「特別現金回贈」條款""Special Cash Rebate"" is included ‧包含「備用第二按揭貸款」條款 ""Standby Second Mortgage Loan"" is included ‧「新地會」會員3%售價折扣優惠 3% discount from the Price for purchasers who are ""SHKP Club"" members ‧不選用「首24個月香港銀行同業拆息笫 二按揭貸款」，可獲2%售價折扣優惠 Not to apply ""First 24 Months HIBOR Based Second Mortgage Loan"", a 2% discount on the Price ‧#(在18-10-2019修訂)(revised on 18-10- 2019)",
2013-10-12,2013-10-24,,第20座 第2區 Tower 20 Zone 2,25,A,,24517600,,"‧價單第1號 (AA)付款辦法 Payment Method (AA) of Price List No.1 #見備註/See Remarks 7 靈活付款計劃 Flexible Payment Plan ‧包含「提前成交現金回贈」條款 ""Early Completion Cash Rebate"" is included ‧包含「過渡性貸款」條款 ""Transitional Loan"" is included ‧包含「特別現金回贈」條款""Special Cash Rebate"" is included ‧包含「備用第二按揭貸款」條款 ""Standby Second Mortgage Loan"" is included ‧「新地會」會員3%售價折扣優惠 3% discount from the Price for purchasers who are ""SHKP Club"" members ‧不選用「首24個月香港銀行同業拆息笫 二按揭貸款」，可獲2%售價折扣優惠 Not to apply ""First 24 Months HIBOR Based Second Mortgage Loan"", a 2% discount on the Price ‧#(在18-10-2019修訂)(revised on 18-10- 2019)",
2013-10-12,2013-10-24,,第21座 第3區 Tower 21 Zone 3,70,A,,28478150,,"‧價單第1號 (AA)付款辦法 Payment Method (AA) of Price List No.1 #見備註/See Remarks 7 靈活付款計劃 Flexible Payment Plan ‧包含「提前成交現金回贈」條款 ""Early Completion Cash Rebate"" is included ‧包含「過渡性貸款」條款 ""Transitional Loan"" is included ‧包含「特別現金回贈」條款""Special Cash Rebate"" is included ‧包含「備用第二按揭貸款」條款 ""Standby Second Mortgage Loan"" is included ‧「新地會」會員3%售價折扣優惠 3% discount from the Price for purchasers who are ""SHKP Club"" members ‧不選用「首24個月香港銀行同業拆息笫 二按揭貸款」，可獲2%售價折扣優惠 Not to apply ""First 24 Months HIBOR Based Second Mortgage Loan"", a 2% discount on the Price ‧#(在18-10-2019修訂)(revised on 18-10- 2019)",
2013-10-12,2013-10-24,,第20座 第2區 Tower 20 Zone 2,32,E,,17941700,,"‧價單第1號 (AA)付款辦法 Payment Method (AA) of Price List No.1 #見備註/See Remarks 7 靈活付款計劃 Flexible Payment Plan ‧包含「提前成交現金回贈」條款 ""Early Completion Cash Rebate"" is included ‧包含「過渡性貸款」條款 ""Transitional Loan"" is included ‧包含「特別現金回贈」條款""Special Cash Rebate"" is included ‧包含「備用第二按揭貸款」條款 ""Standby Second Mortgage Loan"" is included ‧「新地會」會員3%售價折扣優惠 3% discount from the Price for purchasers who are ""SHKP Club"" members ‧不選用「首24個月香港銀行同業拆息笫 二按揭貸款」，可獲2%售價折扣優惠 Not to apply ""First 24 Months HIBOR Based Second Mortgage Loan"", a 2% discount on the Price ‧#(在18-10-2019修訂)(revised on 18-10- 2019)",
2013-10-12,2013-10-24,,第20座 第2區 Tower 20 Zone 2,30,D,,17593050,,"‧價單第1號 (AA)付款辦法 Payment Method (AA) of Price List No.1 #見備註/See Remarks 7 靈活付款計劃 Flexible Payment Plan ‧包含「提前成交現金回贈」條款 ""Early Completion Cash Rebate"" is included ‧包含「過渡性貸款」條款 ""Transitional Loan"" is included ‧包含「特別現金回贈」條款""Special Cash Rebate"" is included ‧包含「備用第二按揭貸款」條款 ""Standby Second Mortgage Loan"" is included ‧「新地會」會員3%售價折扣優惠 3% discount from the Price for purchasers who are ""SHKP Club"" members ‧不選用「首24個月香港銀行同業拆息笫 二按揭貸款」，可獲2%售價折扣優惠 Not to apply ""First 24 Months HIBOR Based Second Mortgage Loan"", a 2% discount on the Price ‧#(在18-10-2019修訂)(revised on 18-10- 2019)",
2013-10-12,2013-10-24,,第20座 第2區 Tower 20 Zone 2,27,D,,17229200,,"‧價單第1號 (AA)付款辦法 Payment Method (AA) of Price List No.1 #見備註/See Remarks 7 靈活付款計劃 Flexible Payment Plan ‧包含「提前成交現金回贈」條款 ""Early Completion Cash Rebate"" is included ‧包含「過渡性貸款」條款 ""Transitional Loan"" is included ‧包含「特別現金回贈」條款""Special Cash Rebate"" is included ‧包含「備用第二按揭貸款」條款 ""Standby Second Mortgage Loan"" is included ‧「新地會」會員3%售價折扣優惠 3% discount from the Price for purchasers who are ""SHKP Club"" members ‧不選用「首24個月香港銀行同業拆息笫 二按揭貸款」，可獲2%售價折扣優惠 Not to apply ""First 24 Months HIBOR Based Second Mortgage Loan"", a 2% discount on the Price ‧#(在18-10-2019修訂)(revised on 18-10- 2019)",
2013-10-12,2013-10-24,,第21座 第3區 Tower 21 Zone 3,76,A,,29415800,,"‧價單第1號 (AA)付款辦法 Payment Method (AA) of Price List No.1 #見備註/See Remarks 7 靈活付款計劃 Flexible Payment Plan ‧包含「提前成交現金回贈」條款 ""Early Completion Cash Rebate"" is included ‧包含「過渡性貸款」條款 ""Transitional Loan"" is included ‧包含「特別現金回贈」條款""Special Cash Rebate"" is included ‧包含「備用第二按揭貸款」條款 ""Standby Second Mortgage Loan"" is included ‧「新地會」會員3%售價折扣優惠 3% discount from the Price for purchasers who are ""SHKP Club"" members ‧不選用「首24個月香港銀行同業拆息笫 二按揭貸款」，可獲2%售價折扣優惠 Not to apply ""First 24 Months HIBOR Based Second Mortgage Loan"", a 2% discount on the Price ‧#(在18-10-2019修訂)(revised on 18-10- 2019)",
2013-10-12,2013-10-24,,第20座 第2區 Tower 20 Zone 2,32,D,,17840050,,"‧價單第1號 (AA)付款辦法 Payment Method (AA) of Price List No.1 #見備註/See Remarks 7 靈活付款計劃 Flexible Payment Plan ‧包含「提前成交現金回贈」條款 ""Early Completion Cash Rebate"" is included ‧包含「過渡性貸款」條款 ""Transitional Loan"" is included ‧包含「特別現金回贈」條款""Special Cash Rebate"" is included ‧包含「備用第二按揭貸款」條款 ""Standby Second Mortgage Loan"" is included ‧「新地會」會員3%售價折扣優惠 3% discount from the Price for purchasers who are ""SHKP Club"" members ‧不選用「首24個月香港銀行同業拆息笫 二按揭貸款」，可獲2%售價折扣優惠 Not to apply ""First 24 Months HIBOR Based Second Mortgage Loan"", a 2% discount on the Price ‧#(在18-10-2019修訂)(revised on 18-10- 2019)",
2013-10-12,2013-10-24,,第21座 第5區 Tower 21 Zone 5,57,C,,16215550,,"‧價單第1號 (AA)付款辦法 Payment Method (AA) of Price List No.1 #見備註/See Remarks 7 靈活付款計劃 Flexible Payment Plan ‧包含「提前成交現金回贈」條款 ""Early Completion Cash Rebate"" is included ‧包含「過渡性貸款」條款 ""Transitional Loan"" is included ‧包含「特別現金回贈」條款""Special Cash Rebate"" is included ‧包含「備用第二按揭貸款」條款 ""Standby Second Mortgage Loan"" is included ‧「新地會」會員3%售價折扣優惠 3% discount from the Price for purchasers who are ""SHKP Club"" members ‧不選用「首24個月香港銀行同業拆息笫 二按揭貸款」，可獲2%售價折扣優惠 Not to apply ""First 24 Months HIBOR Based Second Mortgage Loan"", a 2% discount on the Price ‧#(在18-10-2019修訂)(revised on 18-10- 2019)",
2013-10-12,2013-10-24,,第21座 第5區 Tower 21 Zone 5,57,J,,15130650,,"‧價單第1號 (AA)付款辦法 Payment Method (AA) of Price List No.1 #見備註/See Remarks 7 靈活付款計劃 Flexible Payment Plan ‧包含「提前成交現金回贈」條款 ""Early Completion Cash Rebate"" is included ‧包含「過渡性貸款」條款 ""Transitional Loan"" is included ‧包含「特別現金回贈」條款""Special Cash Rebate"" is included ‧包含「備用第二按揭貸款」條款 ""Standby Second Mortgage Loan"" is included ‧「新地會」會員3%售價折扣優惠 3% discount from the Price for purchasers who are ""SHKP Club"" members ‧不選用「首24個月香港銀行同業拆息笫 二按揭貸款」，可獲2%售價折扣優惠 Not to apply ""First 24 Months HIBOR Based Second Mortgage Loan"", a 2% discount on the Price ‧#(在18-10-2019修訂)(revised on 18-10- 2019)",
2013-10-12,2013-10-24,,第21座 第3區 Tower 21 Zone 3,72,A,,28849600,,"‧價單第1號 (AA)付款辦法 Payment Method (AA) of Price List No.1 #見備註/See Remarks 7 靈活付款計劃 Flexible Payment Plan ‧包含「提前成交現金回贈」條款 ""Early Completion Cash Rebate"" is included ‧包含「過渡性貸款」條款 ""Transitional Loan"" is included ‧包含「特別現金回贈」條款""Special Cash Rebate"" is included ‧包含「備用第二按揭貸款」條款 ""Standby Second Mortgage Loan"" is included ‧「新地會」會員3%售價折扣優惠 3% discount from the Price for purchasers who are ""SHKP Club"" members ‧不選用「首24個月香港銀行同業拆息笫 二按揭貸款」，可獲2%售價折扣優惠 Not to apply ""First 24 Months HIBOR Based Second Mortgage Loan"", a 2% discount on the Price ‧#(在18-10-2019修訂)(revised on 18-10- 2019)",
2013-10-12,2013-10-24,,第21座 第5區 Tower 21 Zone 5,55,J,,15025200,,"‧價單第1號 (AA)付款辦法 Payment Method (AA) of Price List No.1 #見備註/See Remarks 7 靈活付款計劃 Flexible Payment Plan ‧包含「提前成交現金回贈」條款 ""Early Completion Cash Rebate"" is included ‧包含「過渡性貸款」條款 ""Transitional Loan"" is included ‧包含「特別現金回贈」條款""Special Cash Rebate"" is included ‧包含「備用第二按揭貸款」條款 ""Standby Second Mortgage Loan"" is included ‧「新地會」會員3%售價折扣優惠 3% discount from the Price for purchasers who are ""SHKP Club"" members ‧不選用「首24個月香港銀行同業拆息笫 二按揭貸款」，可獲2%售價折扣優惠 Not to apply ""First 24 Months HIBOR Based Second Mortgage Loan"", a 2% discount on the Price ‧#(在18-10-2019修訂)(revised on 18-10- 2019)",
2013-10-12,2013-10-24,,第21座 第5區 Tower 21 Zone 5,55,C,,16167100,,"‧價單第1號 (AA)付款辦法 Payment Method (AA) of Price List No.1 #見備註/See Remarks 7 靈活付款計劃 Flexible Payment Plan ‧包含「提前成交現金回贈」條款 ""Early Completion Cash Rebate"" is included ‧包含「過渡性貸款」條款 ""Transitional Loan"" is included ‧包含「特別現金回贈」條款""Special Cash Rebate"" is included ‧包含「備用第二按揭貸款」條款 ""Standby Second Mortgage Loan"" is included ‧「新地會」會員3%售價折扣優惠 3% discount from the Price for purchasers who are ""SHKP Club"" members ‧不選用「首24個月香港銀行同業拆息笫 二按揭貸款」，可獲2%售價折扣優惠 Not to apply ""First 24 Months HIBOR Based Second Mortgage Loan"", a 2% discount on the Price ‧#(在18-10-2019修訂)(revised on 18-10- 2019)",
2013-10-12,2013-10-24,,第21座 第5區 Tower 21 Zone 5,56,J,,15078400,,"‧價單第1號 (AA)付款辦法 Payment Method (AA) of Price List No.1 #見備註/See Remarks 7 靈活付款計劃 Flexible Payment Plan ‧包含「提前成交現金回贈」條款 ""Early Completion Cash Rebate"" is included ‧包含「過渡性貸款」條款 ""Transitional Loan"" is included ‧包含「特別現金回贈」條款""Special Cash Rebate"" is included ‧包含「備用第二按揭貸款」條款 ""Standby Second Mortgage Loan"" is included ‧「新地會」會員3%售價折扣優惠 3% discount from the Price for purchasers who are ""SHKP Club"" members ‧不選用「首24個月香港銀行同業拆息笫 二按揭貸款」，可獲2%售價折扣優惠 Not to apply ""First 24 Months HIBOR Based Second Mortgage Loan"", a 2% discount on the Price ‧#(在18-10-2019修訂)(revised on 18-10- 2019)",
2013-10-12,2013-10-24,,第21座 第5區 Tower 21 Zone 5,55,H,,12603650,,"‧價單第1號 (AA)付款辦法 Payment Method (AA) of Price List No.1 #見備註/See Remarks 7 靈活付款計劃 Flexible Payment Plan ‧包含「提前成交現金回贈」條款 ""Early Completion Cash Rebate"" is included ‧包含「過渡性貸款」條款 ""Transitional Loan"" is included ‧包含「特別現金回贈」條款""Special Cash Rebate"" is included ‧包含「備用第二按揭貸款」條款 ""Standby Second Mortgage Loan"" is included ‧「新地會」會員3%售價折扣優惠 3% discount from the Price for purchasers who are ""SHKP Club"" members ‧不選用「首24個月香港銀行同業拆息笫 二按揭貸款」，可獲2%售價折扣優惠 Not to apply ""First 24 Months HIBOR Based Second Mortgage Loan"", a 2% discount on the Price ‧#(在18-10-2019修訂)(revised on 18-10- 2019)",
2013-10-12,2013-10-24,,第21座 第3區 Tower 21 Zone 3,71,A,,28662450,,"‧價單第1號 (AA)付款辦法 Payment Method (AA) of Price List No.1 #見備註/See Remarks 7 靈活付款計劃 Flexible Payment Plan ‧包含「提前成交現金回贈」條款 ""Early Completion Cash Rebate"" is included ‧包含「過渡性貸款」條款 ""Transitional Loan"" is included ‧包含「特別現金回贈」條款""Special Cash Rebate"" is included ‧包含「備用第二按揭貸款」條款 ""Standby Second Mortgage Loan"" is included ‧「新地會」會員3%售價折扣優惠 3% discount from the Price for purchasers who are ""SHKP Club"" members ‧不選用「首24個月香港銀行同業拆息笫 二按揭貸款」，可獲2%售價折扣優惠 Not to apply ""First 24 Months HIBOR Based Second Mortgage Loan"", a 2% discount on the Price ‧#(在18-10-2019修訂)(revised on 18-10- 2019)",
2013-10-12,2013-10-24,,第21座 第5區 Tower 21 Zone 5,56,C,,16191800,,"‧價單第1號 (AA)付款辦法 Payment Method (AA) of Price List No.1 #見備註/See Remarks 7 靈活付款計劃 Flexible Payment Plan ‧包含「提前成交現金回贈」條款 ""Early Completion Cash Rebate"" is included ‧包含「過渡性貸款」條款 ""Transitional Loan"" is included ‧包含「特別現金回贈」條款""Special Cash Rebate"" is included ‧包含「備用第二按揭貸款」條款 ""Standby Second Mortgage Loan"" is included ‧「新地會」會員3%售價折扣優惠 3% discount from the Price for purchasers who are ""SHKP Club"" members ‧不選用「首24個月香港銀行同業拆息笫 二按揭貸款」，可獲2%售價折扣優惠 Not to apply ""First 24 Months HIBOR Based Second Mortgage Loan"", a 2% discount on the Price ‧#(在18-10-2019修訂)(revised on 18-10- 2019)",
2013-10-12,2013-10-24,,第21座 第5區 Tower 21 Zone 5,57,H,,12692000,,"‧價單第1號 (AA)付款辦法 Payment Method (AA) of Price List No.1 #見備註/See Remarks 7 靈活付款計劃 Flexible Payment Plan ‧包含「提前成交現金回贈」條款 ""Early Completion Cash Rebate"" is included ‧包含「過渡性貸款」條款 ""Transitional Loan"" is included ‧包含「特別現金回贈」條款""Special Cash Rebate"" is included ‧包含「備用第二按揭貸款」條款 ""Standby Second Mortgage Loan"" is included ‧「新地會」會員3%售價折扣優惠 3% discount from the Price for purchasers who are ""SHKP Club"" members ‧不選用「首24個月香港銀行同業拆息笫 二按揭貸款」，可獲2%售價折扣優惠 Not to apply ""First 24 Months HIBOR Based Second Mortgage Loan"", a 2% discount on the Price ‧#(在18-10-2019修訂)(revised on 18-10- 2019)",
2013-10-12,2013-10-24,,第21座 第3區 Tower 21 Zone 3,69,A,,28293850,,"‧價單第1號 (AA)付款辦法 Payment Method (AA) of Price List No.1 #見備註/See Remarks 7 靈活付款計劃 Flexible Payment Plan ‧包含「提前成交現金回贈」條款 ""Early Completion Cash Rebate"" is included ‧包含「過渡性貸款」條款 ""Transitional Loan"" is included ‧包含「特別現金回贈」條款""Special Cash Rebate"" is included ‧包含「備用第二按揭貸款」條款 ""Standby Second Mortgage Loan"" is included ‧「新地會」會員3%售價折扣優惠 3% discount from the Price for purchasers who are ""SHKP Club"" members ‧不選用「首24個月香港銀行同業拆息笫 二按揭貸款」，可獲2%售價折扣優惠 Not to apply ""First 24 Months HIBOR Based Second Mortgage Loan"", a 2% discount on the Price ‧#(在18-10-2019修訂)(revised on 18-10- 2019)",
2013-10-12,2013-10-24,,第21座 第5區 Tower 21 Zone 5,57,K,,12409850,,"‧價單第1號 (AA)付款辦法 Payment Method (AA) of Price List No.1 #見備註/See Remarks 7 靈活付款計劃 Flexible Payment Plan ‧包含「提前成交現金回贈」條款 ""Early Completion Cash Rebate"" is included ‧包含「過渡性貸款」條款 ""Transitional Loan"" is included ‧包含「特別現金回贈」條款""Special Cash Rebate"" is included ‧包含「備用第二按揭貸款」條款 ""Standby Second Mortgage Loan"" is included ‧「新地會」會員3%售價折扣優惠 3% discount from the Price for purchasers who are ""SHKP Club"" members ‧不選用「首24個月香港銀行同業拆息笫 二按揭貸款」，可獲2%售價折扣優惠 Not to apply ""First 24 Months HIBOR Based Second Mortgage Loan"", a 2% discount on the Price ‧#(在18-10-2019修訂)(revised on 18-10- 2019)",
2013-10-12,2013-10-24,,第21座 第5區 Tower 21 Zone 5,56,H,,12648300,,"‧價單第1號 (AA)付款辦法 Payment Method (AA) of Price List No.1 #見備註/See Remarks 7 靈活付款計劃 Flexible Payment Plan ‧包含「提前成交現金回贈」條款 ""Early Completion Cash Rebate"" is included ‧包含「過渡性貸款」條款 ""Transitional Loan"" is included ‧包含「特別現金回贈」條款""Special Cash Rebate"" is included ‧包含「備用第二按揭貸款」條款 ""Standby Second Mortgage Loan"" is included ‧「新地會」會員3%售價折扣優惠 3% discount from the Price for purchasers who are ""SHKP Club"" members ‧不選用「首24個月香港銀行同業拆息笫 二按揭貸款」，可獲2%售價折扣優惠 Not to apply ""First 24 Months HIBOR Based Second Mortgage Loan"", a 2% discount on the Price ‧#(在18-10-2019修訂)(revised on 18-10- 2019)",
2013-10-12,2013-10-24,,第21座 第5區 Tower 21 Zone 5,56,K,,12366150,,"‧價單第1號 (AA)付款辦法 Payment Method (AA) of Price List No.1 #見備註/See Remarks 7 靈活付款計劃 Flexible Payment Plan ‧包含「提前成交現金回贈」條款 ""Early Completion Cash Rebate"" is included ‧包含「過渡性貸款」條款 ""Transitional Loan"" is included ‧包含「特別現金回贈」條款""Special Cash Rebate"" is included ‧包含「備用第二按揭貸款」條款 ""Standby Second Mortgage Loan"" is included ‧「新地會」會員3%售價折扣優惠 3% discount from the Price for purchasers who are ""SHKP Club"" members ‧不選用「首24個月香港銀行同業拆息笫 二按揭貸款」，可獲2%售價折扣優惠 Not to apply ""First 24 Months HIBOR Based Second Mortgage Loan"", a 2% discount on the Price ‧#(在18-10-2019修訂)(revised on 18-10- 2019)",
2013-10-12,2013-10-24,,第21座 第5區 Tower 21 Zone 5,55,K,,12323400,,"‧價單第1號 (AA)付款辦法 Payment Method (AA) of Price List No.1 #見備註/See Remarks 7 靈活付款計劃 Flexible Payment Plan ‧包含「提前成交現金回贈」條款 ""Early Completion Cash Rebate"" is included ‧包含「過渡性貸款」條款 ""Transitional Loan"" is included ‧包含「特別現金回贈」條款""Special Cash Rebate"" is included ‧包含「備用第二按揭貸款」條款 ""Standby Second Mortgage Loan"" is included ‧「新地會」會員3%售價折扣優惠 3% discount from the Price for purchasers who are ""SHKP Club"" members ‧不選用「首24個月香港銀行同業拆息笫 二按揭貸款」，可獲2%售價折扣優惠 Not to apply ""First 24 Months HIBOR Based Second Mortgage Loan"", a 2% discount on the Price ‧#(在18-10-2019修訂)(revised on 18-10- 2019)",
2013-10-16,2013-10-28,,第20座 第2區 Tower 20 Zone 2,28,B,,34950500,,"‧價單第1A號 (AA)付款辦法 Payment Method (AA) of Price List No.1A #見備註/See Remarks 7 靈活付款計劃 Flexible Payment Plan ‧包含「提前成交現金回贈」條款 ""Early Completion Cash Rebate"" is included ‧包含「過渡性貸款」條款 ""Transitional Loan"" is included ‧包含「特別現金回贈」條款""Special Cash Rebate"" is included ‧包含「備用第二按揭貸款」條款 ""Standby Second Mortgage Loan"" is included ‧「新地會」會員3%售價折扣優惠 3% discount from the Price for purchasers who are ""SHKP Club"" members ‧不選用「首24個月香港銀行同業拆息第 二按揭貸款」，可獲2%售價折扣優惠 Not to apply ""First 24 Months HIBOR Based Second Mortgage Loan"", a 2% discount on the Price ‧#(在18-10-2019修訂)(revised on 18-10- 2019)",
2013-10-16,2013-10-28,,第20座 第2區 Tower 20 Zone 2,28,D,,19042750,,"‧價單第1A號 (AA)付款辦法 Payment Method (AA) of Price List No.1A #見備註/See Remarks 7 靈活付款計劃 Flexible Payment Plan ‧包含「提前成交現金回贈」條款 ""Early Completion Cash Rebate"" is included ‧包含「過渡性貸款」條款 ""Transitional Loan"" is included ‧包含「特別現金回贈」條款""Special Cash Rebate"" is included ‧包含「備用第二按揭貸款」條款 ""Standby Second Mortgage Loan"" is included ‧「新地會」會員3%售價折扣優惠 3% discount from the Price for purchasers who are ""SHKP Club"" members ‧不選用「首24個月香港銀行同業拆息第 二按揭貸款」，可獲2%售價折扣優惠 Not to apply ""First 24 Months HIBOR Based Second Mortgage Loan"", a 2% discount on the Price ‧#(在18-10-2019修訂)(revised on 18-10- 2019)",
2013-10-16,2013-10-28,,第20座 第2區 Tower 20 Zone 2,28,A,,27355250,,"‧價單第1A號 (AA)付款辦法 Payment Method (AA) of Price List No.1A #見備註/See Remarks 7 靈活付款計劃 Flexible Payment Plan ‧包含「提前成交現金回贈」條款 ""Early Completion Cash Rebate"" is included ‧包含「過渡性貸款」條款 ""Transitional Loan"" is included ‧包含「特別現金回贈」條款""Special Cash Rebate"" is included ‧包含「備用第二按揭貸款」條款 ""Standby Second Mortgage Loan"" is included ‧「新地會」會員3%售價折扣優惠 3% discount from the Price for purchasers who are ""SHKP Club"" members ‧不選用「首24個月香港銀行同業拆息第 二按揭貸款」，可獲2%售價折扣優惠 Not to apply ""First 24 Months HIBOR Based Second Mortgage Loan"", a 2% discount on the Price ‧#(在18-10-2019修訂)(revised on 18-10- 2019)",
2013-10-16,2013-10-28,,第20座 第2區 Tower 20 Zone 2,33,B,,36105700,,"‧價單第1A號 (AA)付款辦法 Payment Method (AA) of Price List No.1A #見備註/See Remarks 7 靈活付款計劃 Flexible Payment Plan ‧包含「提前成交現金回贈」條款 ""Early Completion Cash Rebate"" is included ‧包含「過渡性貸款」條款 ""Transitional Loan"" is included ‧包含「特別現金回贈」條款""Special Cash Rebate"" is included ‧包含「備用第二按揭貸款」條款 ""Standby Second Mortgage Loan"" is included ‧「新地會」會員3%售價折扣優惠 3% discount from the Price for purchasers who are ""SHKP Club"" members ‧不選用「首24個月香港銀行同業拆息第 二按揭貸款」，可獲2%售價折扣優惠 Not to apply ""First 24 Months HIBOR Based Second Mortgage Loan"", a 2% discount on the Price ‧#(在18-10-2019修訂)(revised on 18-10- 2019)",
2013-10-16,2013-10-28,,第20座 第2區 Tower 20 Zone 2,28,E,,19063650,,"‧價單第1A號 (AA)付款辦法 Payment Method (AA) of Price List No.1A #見備註/See Remarks 7 靈活付款計劃 Flexible Payment Plan ‧包含「提前成交現金回贈」條款 ""Early Completion Cash Rebate"" is included ‧包含「過渡性貸款」條款 ""Transitional Loan"" is included ‧包含「特別現金回贈」條款""Special Cash Rebate"" is included ‧包含「備用第二按揭貸款」條款 ""Standby Second Mortgage Loan"" is included ‧「新地會」會員3%售價折扣優惠 3% discount from the Price for purchasers who are ""SHKP Club"" members ‧不選用「首24個月香港銀行同業拆息第 二按揭貸款」，可獲2%售價折扣優惠 Not to apply ""First 24 Months HIBOR Based Second Mortgage Loan"", a 2% discount on the Price ‧#(在18-10-2019修訂)(revised on 18-10- 2019)",
2013-10-16,2013-10-28,,第20座 第2區 Tower 20 Zone 2,33,E,,19693500,,"‧價單第1A號 (AA)付款辦法 Payment Method (AA) of Price List No.1A #見備註/See Remarks 7 靈活付款計劃 Flexible Payment Plan ‧包含「提前成交現金回贈」條款 ""Early Completion Cash Rebate"" is included ‧包含「過渡性貸款」條款 ""Transitional Loan"" is included ‧包含「特別現金回贈」條款""Special Cash Rebate"" is included ‧包含「備用第二按揭貸款」條款 ""Standby Second Mortgage Loan"" is included ‧「新地會」會員3%售價折扣優惠 3% discount from the Price for purchasers who are ""SHKP Club"" members ‧不選用「首24個月香港銀行同業拆息第 二按揭貸款」，可獲2%售價折扣優惠 Not to apply ""First 24 Months HIBOR Based Second Mortgage Loan"", a 2% discount on the Price ‧#(在18-10-2019修訂)(revised on 18-10- 2019)",
2013-10-16,2013-10-28,,第21座 第5區 Tower 21 Zone 5,59,C,,17909110,,"‧價單第1A號 (AA)付款辦法 Payment Method (AA) of Price List No.1A #見備註/See Remarks 7 靈活付款計劃 Flexible Payment Plan ‧包含「提前成交現金回贈」條款 ""Early Completion Cash Rebate"" is included ‧包含「過渡性貸款」條款 ""Transitional Loan"" is included ‧包含「特別現金回贈」條款""Special Cash Rebate"" is included ‧包含「備用第二按揭貸款」條款 ""Standby Second Mortgage Loan"" is included ‧「新地會」會員3%售價折扣優惠 3% discount from the Price for purchasers who are ""SHKP Club"" members ‧選用「首24個月香港銀行同業拆息第二 按揭貸款」 Apply ""First 24 Months HIBOR Based Second Mortgage Loan"" ‧#(在18-10-2019修訂)(revised on 18-10- 2019)",
2013-10-16,2013-10-28,,第20座 第2區 Tower 20 Zone 2,35,E,,19831250,,"‧價單第1A號 (AA)付款辦法 Payment Method (AA) of Price List No.1A #見備註/See Remarks 7 靈活付款計劃 Flexible Payment Plan ‧包含「提前成交現金回贈」條款 ""Early Completion Cash Rebate"" is included ‧包含「過渡性貸款」條款 ""Transitional Loan"" is included ‧包含「特別現金回贈」條款""Special Cash Rebate"" is included ‧包含「備用第二按揭貸款」條款 ""Standby Second Mortgage Loan"" is included ‧「新地會」會員3%售價折扣優惠 3% discount from the Price for purchasers who are ""SHKP Club"" members ‧不選用「首24個月香港銀行同業拆息第 二按揭貸款」，可獲2%售價折扣優惠 Not to apply ""First 24 Months HIBOR Based Second Mortgage Loan"", a 2% discount on the Price ‧#(在18-10-2019修訂)(revised on 18-10- 2019)",
2013-10-16,2013-10-28,,第21座 第3區 68 A Tower 21 Zone 3 第21座 第3區 78 A Tower 21 Zone 3,,,,64113600,,"‧價單第1A號 (AA)付款辦法 Payment Method (AA) of Price List No.1A #見備註/See Remarks 7 靈活付款計劃 Flexible Payment Plan ‧包含「提前成交現金回贈」條款 ""Early Completion Cash Rebate"" is included ‧包含「過渡性貸款」條款 ""Transitional Loan"" is included ‧包含「特別現金回贈」條款""Special Cash Rebate"" is included ‧包含「備用第二按揭貸款」條款 ""Standby Second Mortgage Loan"" is included ‧「新地會」會員3%售價折扣優惠 3% discount from the Price for purchasers who are ""SHKP Club"" members ‧不選用「首24個月香港銀行同業拆息第 二按揭貸款」，可獲2%售價折扣優惠 Not to apply ""First 24 Months HIBOR Based Second Mortgage Loan"", a 2% discount on the Price ‧#(在18-10-2019修訂)(revised on 18-10- 2019)",
2013-10-16,2013-10-28,,第20座 第2區 Tower 20 Zone 2,33,D,,19670700,,"‧價單第1A號 (AA)付款辦法 Payment Method (AA) of Price List No.1A #見備註/See Remarks 7 靈活付款計劃 Flexible Payment Plan ‧包含「提前成交現金回贈」條款 ""Early Completion Cash Rebate"" is included ‧包含「過渡性貸款」條款 ""Transitional Loan"" is included ‧包含「特別現金回贈」條款""Special Cash Rebate"" is included ‧包含「備用第二按揭貸款」條款 ""Standby Second Mortgage Loan"" is included ‧「新地會」會員3%售價折扣優惠 3% discount from the Price for purchasers who are ""SHKP Club"" members ‧不選用「首24個月香港銀行同業拆息第 二按揭貸款」，可獲2%售價折扣優惠 Not to apply ""First 24 Months HIBOR Based Second Mortgage Loan"", a 2% discount on the Price ‧#(在18-10-2019修訂)(revised on 18-10- 2019)",
2013-10-16,2013-10-28,,第20座 第2區 Tower 20 Zone 2,35,D,,19809400,,"‧價單第1A號 (AA)付款辦法 Payment Method (AA) of Price List No.1A #見備註/See Remarks 7 靈活付款計劃 Flexible Payment Plan ‧包含「提前成交現金回贈」條款 ""Early Completion Cash Rebate"" is included ‧包含「過渡性貸款」條款 ""Transitional Loan"" is included ‧包含「特別現金回贈」條款""Special Cash Rebate"" is included ‧包含「備用第二按揭貸款」條款 ""Standby Second Mortgage Loan"" is included ‧「新地會」會員3%售價折扣優惠 3% discount from the Price for purchasers who are ""SHKP Club"" members ‧不選用「首24個月香港銀行同業拆息第 二按揭貸款」，可獲2%售價折扣優惠 Not to apply ""First 24 Months HIBOR Based Second Mortgage Loan"", a 2% discount on the Price ‧#(在18-10-2019修訂)(revised on 18-10- 2019)",
2013-10-16,2013-10-28,,第20座 第2區 Tower 20 Zone 2,28,C,,19008550,,"‧價單第1A號 (AA)付款辦法 Payment Method (AA) of Price List No.1A #見備註/See Remarks 7 靈活付款計劃 Flexible Payment Plan ‧包含「提前成交現金回贈」條款 ""Early Completion Cash Rebate"" is included ‧包含「過渡性貸款」條款 ""Transitional Loan"" is included ‧包含「特別現金回贈」條款""Special Cash Rebate"" is included ‧包含「備用第二按揭貸款」條款 ""Standby Second Mortgage Loan"" is included ‧「新地會」會員3%售價折扣優惠 3% discount from the Price for purchasers who are ""SHKP Club"" members ‧不選用「首24個月香港銀行同業拆息第 二按揭貸款」，可獲2%售價折扣優惠 Not to apply ""First 24 Months HIBOR Based Second Mortgage Loan"", a 2% discount on the Price ‧#(在18-10-2019修訂)(revised on 18-10- 2019)",
2013-10-16,2013-10-28,,第20座 第2區 Tower 20 Zone 2,35,C,,19773300,,"‧價單第1A號 (AA)付款辦法 Payment Method (AA) of Price List No.1A #見備註/See Remarks 7 靈活付款計劃 Flexible Payment Plan ‧包含「提前成交現金回贈」條款 ""Early Completion Cash Rebate"" is included ‧包含「過渡性貸款」條款 ""Transitional Loan"" is included ‧包含「特別現金回贈」條款""Special Cash Rebate"" is included ‧包含「備用第二按揭貸款」條款 ""Standby Second Mortgage Loan"" is included ‧「新地會」會員3%售價折扣優惠 3% discount from the Price for purchasers who are ""SHKP Club"" members ‧不選用「首24個月香港銀行同業拆息第 二按揭貸款」，可獲2%售價折扣優惠 Not to apply ""First 24 Months HIBOR Based Second Mortgage Loan"", a 2% discount on the Price ‧#(在18-10-2019修訂)(revised on 18-10- 2019)",
2013-10-16,2013-10-28,,第20座 第2區 Tower 20 Zone 2,33,C,,19635550,,"‧價單第1A號 (AA)付款辦法 Payment Method (AA) of Price List No.1A #見備註/See Remarks 7 靈活付款計劃 Flexible Payment Plan ‧包含「提前成交現金回贈」條款 ""Early Completion Cash Rebate"" is included ‧包含「過渡性貸款」條款 ""Transitional Loan"" is included ‧包含「特別現金回贈」條款""Special Cash Rebate"" is included ‧包含「備用第二按揭貸款」條款 ""Standby Second Mortgage Loan"" is included ‧「新地會」會員3%售價折扣優惠 3% discount from the Price for purchasers who are ""SHKP Club"" members ‧不選用「首24個月香港銀行同業拆息第 二按揭貸款」，可獲2%售價折扣優惠 Not to apply ""First 24 Months HIBOR Based Second Mortgage Loan"", a 2% discount on the Price ‧#(在18-10-2019修訂)(revised on 18-10- 2019)",
2013-10-16,2013-10-28,,第21座 第3區 Tower 21 Zone 3,67,A,,30815150,,"‧價單第1A號 (AA)付款辦法 Payment Method (AA) of Price List No.1A #見備註/See Remarks 7 靈活付款計劃 Flexible Payment Plan ‧包含「提前成交現金回贈」條款 ""Early Completion Cash Rebate"" is included ‧包含「過渡性貸款」條款 ""Transitional Loan"" is included ‧包含「特別現金回贈」條款""Special Cash Rebate"" is included ‧包含「備用第二按揭貸款」條款 ""Standby Second Mortgage Loan"" is included ‧「新地會」會員3%售價折扣優惠 3% discount from the Price for purchasers who are ""SHKP Club"" members ‧不選用「首24個月香港銀行同業拆息第 二按揭貸款」，可獲2%售價折扣優惠 Not to apply ""First 24 Months HIBOR Based Second Mortgage Loan"", a 2% discount on the Price ‧#(在18-10-2019修訂)(revised on 18-10- 2019)",
2013-10-16,2013-10-28,,第21座 第5區 Tower 21 Zone 5,60,C,,17566450,,"‧價單第1A號 (AA)付款辦法 Payment Method (AA) of Price List No.1A #見備註/See Remarks 7 靈活付款計劃 Flexible Payment Plan ‧包含「提前成交現金回贈」條款 ""Early Completion Cash Rebate"" is included ‧包含「過渡性貸款」條款 ""Transitional Loan"" is included ‧包含「特別現金回贈」條款""Special Cash Rebate"" is included ‧包含「備用第二按揭貸款」條款 ""Standby Second Mortgage Loan"" is included ‧「新地會」會員3%售價折扣優惠 3% discount from the Price for purchasers who are ""SHKP Club"" members ‧不選用「首24個月香港銀行同業拆息第 二按揭貸款」，可獲2%售價折扣優惠 Not to apply ""First 24 Months HIBOR Based Second Mortgage Loan"", a 2% discount on the Price ‧#(在18-10-2019修訂)(revised on 18-10- 2019)",
2013-10-16,2013-10-28,,第20座 第2區 Tower 20 Zone 2,35,A,,28455350,,"‧價單第1A號 (AA)付款辦法 Payment Method (AA) of Price List No.1A #見備註/See Remarks 7 靈活付款計劃 Flexible Payment Plan ‧包含「提前成交現金回贈」條款 ""Early Completion Cash Rebate"" is included ‧包含「過渡性貸款」條款 ""Transitional Loan"" is included ‧包含「特別現金回贈」條款""Special Cash Rebate"" is included ‧包含「備用第二按揭貸款」條款 ""Standby Second Mortgage Loan"" is included ‧「新地會」會員3%售價折扣優惠 3% discount from the Price for purchasers who are ""SHKP Club"" members ‧不選用「首24個月香港銀行同業拆息第 二按揭貸款」，可獲2%售價折扣優惠 Not to apply ""First 24 Months HIBOR Based Second Mortgage Loan"", a 2% discount on the Price ‧#(在18-10-2019修訂)(revised on 18-10- 2019)",
2013-10-16,2013-10-28,,第20座 第2區 Tower 20 Zone 2,33,A,,28257750,,"‧價單第1A號 (AA)付款辦法 Payment Method (AA) of Price List No.1A #見備註/See Remarks 7 靈活付款計劃 Flexible Payment Plan ‧包含「提前成交現金回贈」條款 ""Early Completion Cash Rebate"" is included ‧包含「過渡性貸款」條款 ""Transitional Loan"" is included ‧包含「特別現金回贈」條款""Special Cash Rebate"" is included ‧包含「備用第二按揭貸款」條款 ""Standby Second Mortgage Loan"" is included ‧「新地會」會員3%售價折扣優惠 3% discount from the Price for purchasers who are ""SHKP Club"" members ‧不選用「首24個月香港銀行同業拆息第 二按揭貸款」，可獲2%售價折扣優惠 Not to apply ""First 24 Months HIBOR Based Second Mortgage Loan"", a 2% discount on the Price ‧#(在18-10-2019修訂)(revised on 18-10- 2019)",
2013-10-16,2013-10-28,,第20座 第2區 Tower 20 Zone 2,35,B,,36358400,,"‧價單第1A號 (AA)付款辦法 Payment Method (AA) of Price List No.1A #見備註/See Remarks 7 靈活付款計劃 Flexible Payment Plan ‧包含「提前成交現金回贈」條款 ""Early Completion Cash Rebate"" is included ‧包含「過渡性貸款」條款 ""Transitional Loan"" is included ‧包含「特別現金回贈」條款""Special Cash Rebate"" is included ‧包含「備用第二按揭貸款」條款 ""Standby Second Mortgage Loan"" is included ‧「新地會」會員3%售價折扣優惠 3% discount from the Price for purchasers who are ""SHKP Club"" members ‧不選用「首24個月香港銀行同業拆息第 二按揭貸款」，可獲2%售價折扣優惠 Not to apply ""First 24 Months HIBOR Based Second Mortgage Loan"", a 2% discount on the Price ‧#(在18-10-2019修訂)(revised on 18-10- 2019)",
2013-10-20,2013-10-30,,第20座 第2區 Tower 20 Zone 2,19,C,,18338800,,"‧價單第1B號 (AA)付款辦法 Payment Method (AA) of Price List No.1B #見備註/See Remarks 7 靈活付款計劃 Flexible Payment Plan ‧包含「提前成交現金回贈」條款 ""Early Completion Cash Rebate"" is included ‧包含「過渡性貸款」條款 ""Transitional Loan"" is included ‧包含「特別現金回贈」條款 ""Special Cash Rebate"" is included ‧包含「備用第二按揭貸款」條款 ""Standby Second Mortgage Loan"" is included ‧「新地會」會員3%售價折扣優惠 3% discount from the Price for purchasers who are ""SHKP Club"" members ‧不選用「首24個月香港銀行同業拆息第 二按揭貸款」，可獲2%售價折扣優惠 Not to apply ""First 24 Months HIBOR Based Second Mortgage Loan"", a 2% discount on the Price ‧#(在18-10-2019修訂)(revised on 18-10- 2019)",
2013-10-20,2013-10-30,,第20座 第2區 Tower 20 Zone 2,19,A,,26749150,,"‧價單第1B號 (AA)付款辦法 Payment Method (AA) of Price List No.1B #見備註/See Remarks 7 靈活付款計劃 Flexible Payment Plan ‧包含「提前成交現金回贈」條款 ""Early Completion Cash Rebate"" is included ‧包含「過渡性貸款」條款 ""Transitional Loan"" is included ‧包含「特別現金回贈」條款 ""Special Cash Rebate"" is included ‧包含「備用第二按揭貸款」條款 ""Standby Second Mortgage Loan"" is included ‧「新地會」會員3%售價折扣優惠 3% discount from the Price for purchasers who are ""SHKP Club"" members ‧不選用「首24個月香港銀行同業拆息第 二按揭貸款」，可獲2%售價折扣優惠 Not to apply ""First 24 Months HIBOR Based Second Mortgage Loan"", a 2% discount on the Price ‧#(在18-10-2019修訂)(revised on 18-10- 2019)",
2013-10-20,2013-10-30,,第20座 第2區 Tower 20 Zone 2,19,D,,18372050,,"‧價單第1B號 (AA)付款辦法 Payment Method (AA) of Price List No.1B #見備註/See Remarks 7 靈活付款計劃 Flexible Payment Plan ‧包含「提前成交現金回贈」條款 ""Early Completion Cash Rebate"" is included ‧包含「過渡性貸款」條款 ""Transitional Loan"" is included ‧包含「特別現金回贈」條款 ""Special Cash Rebate"" is included ‧包含「備用第二按揭貸款」條款 ""Standby Second Mortgage Loan"" is included ‧「新地會」會員3%售價折扣優惠 3% discount from the Price for purchasers who are ""SHKP Club"" members ‧不選用「首24個月香港銀行同業拆息第 二按揭貸款」，可獲2%售價折扣優惠 Not to apply ""First 24 Months HIBOR Based Second Mortgage Loan"", a 2% discount on the Price ‧#(在18-10-2019修訂)(revised on 18-10- 2019)",
2013-10-20,2013-10-30,,第20座 第2區 Tower 20 Zone 2,23,B,,35773200,,"‧價單第1B號 (AA)付款辦法 Payment Method (AA) of Price List No.1B #見備註/See Remarks 7 靈活付款計劃 Flexible Payment Plan ‧包含「提前成交現金回贈」條款 ""Early Completion Cash Rebate"" is included ‧包含「過渡性貸款」條款 ""Transitional Loan"" is included ‧包含「特別現金回贈」條款 ""Special Cash Rebate"" is included ‧包含「備用第二按揭貸款」條款 ""Standby Second Mortgage Loan"" is included ‧「新地會」會員3%售價折扣優惠 3% discount from the Price for purchasers who are ""SHKP Club"" members ‧不選用「首24個月香港銀行同業拆息第 二按揭貸款」，可獲2%售價折扣優惠 Not to apply ""First 24 Months HIBOR Based Second Mortgage Loan"", a 2% discount on the Price ‧#(在18-10-2019修訂)(revised on 18-10- 2019)",
2013-10-20,2013-10-30,,第20座 第2區 Tower 20 Zone 2,21,E,,18654200,,"‧價單第1B號 (AA)付款辦法 Payment Method (AA) of Price List No.1B #見備註/See Remarks 7 靈活付款計劃 Flexible Payment Plan ‧包含「提前成交現金回贈」條款 ""Early Completion Cash Rebate"" is included ‧包含「過渡性貸款」條款 ""Transitional Loan"" is included ‧包含「特別現金回贈」條款 ""Special Cash Rebate"" is included ‧包含「備用第二按揭貸款」條款 ""Standby Second Mortgage Loan"" is included ‧「新地會」會員3%售價折扣優惠 3% discount from the Price for purchasers who are ""SHKP Club"" members ‧不選用「首24個月香港銀行同業拆息第 二按揭貸款」，可獲2%售價折扣優惠 Not to apply ""First 24 Months HIBOR Based Second Mortgage Loan"", a 2% discount on the Price ‧#(在18-10-2019修訂)(revised on 18-10- 2019)",
2013-10-20,2013-10-30,,第20座 第2區 Tower 20 Zone 2,21,D,,18631400,,"‧價單第1B號 (AA)付款辦法 Payment Method (AA) of Price List No.1B #見備註/See Remarks 7 靈活付款計劃 Flexible Payment Plan ‧包含「提前成交現金回贈」條款 ""Early Completion Cash Rebate"" is included ‧包含「過渡性貸款」條款 ""Transitional Loan"" is included ‧包含「特別現金回贈」條款 ""Special Cash Rebate"" is included ‧包含「備用第二按揭貸款」條款 ""Standby Second Mortgage Loan"" is included ‧「新地會」會員3%售價折扣優惠 3% discount from the Price for purchasers who are ""SHKP Club"" members ‧不選用「首24個月香港銀行同業拆息第 二按揭貸款」，可獲2%售價折扣優惠 Not to apply ""First 24 Months HIBOR Based Second Mortgage Loan"", a 2% discount on the Price ‧#(在18-10-2019修訂)(revised on 18-10- 2019)",
2013-10-20,2013-10-30,,第21座 第3區 Tower 21 Zone 3,79,A,,34490700,,"‧價單第1B號 (AA)付款辦法 Payment Method (AA) of Price List No.1B #見備註/See Remarks 7 靈活付款計劃 Flexible Payment Plan ‧包含「提前成交現金回贈」條款 ""Early Completion Cash Rebate"" is included ‧包含「過渡性貸款」條款 ""Transitional Loan"" is included ‧包含「特別現金回贈」條款 ""Special Cash Rebate"" is included ‧包含「備用第二按揭貸款」條款 ""Standby Second Mortgage Loan"" is included ‧「新地會」會員3%售價折扣優惠 3% discount from the Price for purchasers who are ""SHKP Club"" members ‧不選用「首24個月香港銀行同業拆息第 二按揭貸款」，可獲2%售價折扣優惠 Not to apply ""First 24 Months HIBOR Based Second Mortgage Loan"", a 2% discount on the Price ‧#(在18-10-2019修訂)(revised on 18-10- 2019)",
2013-10-20,2013-10-30,,第20座 第2區 Tower 20 Zone 2,19,E,,18393900,,"‧價單第1B號 (AA)付款辦法 Payment Method (AA) of Price List No.1B #見備註/See Remarks 7 靈活付款計劃 Flexible Payment Plan ‧包含「提前成交現金回贈」條款 ""Early Completion Cash Rebate"" is included ‧包含「過渡性貸款」條款 ""Transitional Loan"" is included ‧包含「特別現金回贈」條款 ""Special Cash Rebate"" is included ‧包含「備用第二按揭貸款」條款 ""Standby Second Mortgage Loan"" is included ‧「新地會」會員3%售價折扣優惠 3% discount from the Price for purchasers who are ""SHKP Club"" members ‧不選用「首24個月香港銀行同業拆息第 二按揭貸款」，可獲2%售價折扣優惠 Not to apply ""First 24 Months HIBOR Based Second Mortgage Loan"", a 2% discount on the Price ‧#(在18-10-2019修訂)(revised on 18-10- 2019)",
2013-10-20,,,第21座 第3區 Tower 21 Zone 3,68,E,,32447250,,"‧價單第1B號 (AA)付款辦法 Payment Method (AA) of Price List No.1B #見備註/See Remarks 7 靈活付款計劃 Flexible Payment Plan ‧包含「提前成交現金回贈」條款 ""Early Completion Cash Rebate"" is included ‧包含「過渡性貸款」條款 ""Transitional Loan"" is included ‧包含「特別現金回贈」條款 ""Special Cash Rebate"" is included ‧包含「備用第二按揭貸款」條款 ""Standby Second Mortgage Loan"" is included ‧「新地會」會員3%售價折扣優惠 3% discount from the Price for purchasers who are ""SHKP Club"" members ‧不選用「首24個月香港銀行同業拆息第 二按揭貸款」，可獲2%售價折扣優惠 Not to apply ""First 24 Months HIBOR Based Second Mortgage Loan"", a 2% discount on the Price ‧#(在18-10-2019修訂)(revised on 18-10- 2019)",
2013-10-20,2013-10-30,,第20座 第2區 Tower 20 Zone 2,36,B,,37302700,,"‧價單第1B號 (AA)付款辦法 Payment Method (AA) of Price List No.1B #見備註/See Remarks 7 靈活付款計劃 Flexible Payment Plan ‧包含「提前成交現金回贈」條款 ""Early Completion Cash Rebate"" is included ‧包含「過渡性貸款」條款 ""Transitional Loan"" is included ‧包含「特別現金回贈」條款 ""Special Cash Rebate"" is included ‧包含「備用第二按揭貸款」條款 ""Standby Second Mortgage Loan"" is included ‧「新地會」會員3%售價折扣優惠 3% discount from the Price for purchasers who are ""SHKP Club"" members ‧不選用「首24個月香港銀行同業拆息第 二按揭貸款」，可獲2%售價折扣優惠 Not to apply ""First 24 Months HIBOR Based Second Mortgage Loan"", a 2% discount on the Price ‧#(在18-10-2019修訂)(revised on 18-10- 2019)",
2013-10-20,2013-10-30,,第20座 第2區 Tower 20 Zone 2,22,B,,35522400,,"‧價單第1B號 (AA)付款辦法 Payment Method (AA) of Price List No.1B #見備註/See Remarks 7 靈活付款計劃 Flexible Payment Plan ‧包含「提前成交現金回贈」條款 ""Early Completion Cash Rebate"" is included ‧包含「過渡性貸款」條款 ""Transitional Loan"" is included ‧包含「特別現金回贈」條款 ""Special Cash Rebate"" is included ‧包含「備用第二按揭貸款」條款 ""Standby Second Mortgage Loan"" is included ‧「新地會」會員3%售價折扣優惠 3% discount from the Price for purchasers who are ""SHKP Club"" members ‧不選用「首24個月香港銀行同業拆息第 二按揭貸款」，可獲2%售價折扣優惠 Not to apply ""First 24 Months HIBOR Based Second Mortgage Loan"", a 2% discount on the Price ‧#(在18-10-2019修訂)(revised on 18-10- 2019)",
2013-10-20,2013-10-30,,第20座 第2區 Tower 20 Zone 2,36,E,,20611200,,"‧價單第1B號 (AA)付款辦法 Payment Method (AA) of Price List No.1B #見備註/See Remarks 7 靈活付款計劃 Flexible Payment Plan ‧包含「提前成交現金回贈」條款 ""Early Completion Cash Rebate"" is included ‧包含「過渡性貸款」條款 ""Transitional Loan"" is included ‧包含「特別現金回贈」條款 ""Special Cash Rebate"" is included ‧包含「備用第二按揭貸款」條款 ""Standby Second Mortgage Loan"" is included ‧「新地會」會員3%售價折扣優惠 3% discount from the Price for purchasers who are ""SHKP Club"" members ‧不選用「首24個月香港銀行同業拆息第 二按揭貸款」，可獲2%售價折扣優惠 Not to apply ""First 24 Months HIBOR Based Second Mortgage Loan"", a 2% discount on the Price ‧#(在18-10-2019修訂)(revised on 18-10- 2019)",
2013-10-20,2013-10-30,,第21座 第3區 Tower 21 Zone 3,67,E,,32125200,,"‧價單第1B號 (AA)付款辦法 Payment Method (AA) of Price List No.1B #見備註/See Remarks 7 靈活付款計劃 Flexible Payment Plan ‧包含「提前成交現金回贈」條款 ""Early Completion Cash Rebate"" is included ‧包含「過渡性貸款」條款 ""Transitional Loan"" is included ‧包含「特別現金回贈」條款 ""Special Cash Rebate"" is included ‧包含「備用第二按揭貸款」條款 ""Standby Second Mortgage Loan"" is included ‧「新地會」會員3%售價折扣優惠 3% discount from the Price for purchasers who are ""SHKP Club"" members ‧不選用「首24個月香港銀行同業拆息第 二按揭貸款」，可獲2%售價折扣優惠 Not to apply ""First 24 Months HIBOR Based Second Mortgage Loan"", a 2% discount on the Price ‧#(在18-10-2019修訂)(revised on 18-10- 2019)",
2013-10-20,2013-10-30,,第20座 第2區 Tower 20 Zone 2,21,B,,35274450,,"‧價單第1B號 (AA)付款辦法 Payment Method (AA) of Price List No.1B #見備註/See Remarks 7 靈活付款計劃 Flexible Payment Plan ‧包含「提前成交現金回贈」條款 ""Early Completion Cash Rebate"" is included ‧包含「過渡性貸款」條款 ""Transitional Loan"" is included ‧包含「特別現金回贈」條款 ""Special Cash Rebate"" is included ‧包含「備用第二按揭貸款」條款 ""Standby Second Mortgage Loan"" is included ‧「新地會」會員3%售價折扣優惠 3% discount from the Price for purchasers who are ""SHKP Club"" members ‧不選用「首24個月香港銀行同業拆息第 二按揭貸款」，可獲2%售價折扣優惠 Not to apply ""First 24 Months HIBOR Based Second Mortgage Loan"", a 2% discount on the Price ‧#(在18-10-2019修訂)(revised on 18-10- 2019)",
2013-10-20,2013-10-30,,第20座 第2區 Tower 20 Zone 2,22,D,,18762500,,"‧價單第1B號 (AA)付款辦法 Payment Method (AA) of Price List No.1B #見備註/See Remarks 7 靈活付款計劃 Flexible Payment Plan ‧包含「提前成交現金回贈」條款 ""Early Completion Cash Rebate"" is included ‧包含「過渡性貸款」條款 ""Transitional Loan"" is included ‧包含「特別現金回贈」條款 ""Special Cash Rebate"" is included ‧包含「備用第二按揭貸款」條款 ""Standby Second Mortgage Loan"" is included ‧「新地會」會員3%售價折扣優惠 3% discount from the Price for purchasers who are ""SHKP Club"" members ‧不選用「首24個月香港銀行同業拆息第 二按揭貸款」，可獲2%售價折扣優惠 Not to apply ""First 24 Months HIBOR Based Second Mortgage Loan"", a 2% discount on the Price ‧#(在18-10-2019修訂)(revised on 18-10- 2019)",
2013-10-20,2013-10-30,,第21座 第3區 Tower 21 Zone 3,73,E,,33245250,,"‧價單第1B號 (AA)付款辦法 Payment Method (AA) of Price List No.1B #見備註/See Remarks 7 靈活付款計劃 Flexible Payment Plan ‧包含「提前成交現金回贈」條款 ""Early Completion Cash Rebate"" is included ‧包含「過渡性貸款」條款 ""Transitional Loan"" is included ‧包含「特別現金回贈」條款 ""Special Cash Rebate"" is included ‧包含「備用第二按揭貸款」條款 ""Standby Second Mortgage Loan"" is included ‧「新地會」會員3%售價折扣優惠 3% discount from the Price for purchasers who are ""SHKP Club"" members ‧不選用「首24個月香港銀行同業拆息第 二按揭貸款」，可獲2%售價折扣優惠 Not to apply ""First 24 Months HIBOR Based Second Mortgage Loan"", a 2% discount on the Price ‧#(在18-10-2019修訂)(revised on 18-10- 2019)",
2013-10-20,2013-10-30,,第20座 第2區 Tower 20 Zone 2,19,B,,34782350,,"‧價單第1B號 (AA)付款辦法 Payment Method (AA) of Price List No.1B #見備註/See Remarks 7 靈活付款計劃 Flexible Payment Plan ‧包含「提前成交現金回贈」條款 ""Early Completion Cash Rebate"" is included ‧包含「過渡性貸款」條款 ""Transitional Loan"" is included ‧包含「特別現金回贈」條款 ""Special Cash Rebate"" is included ‧包含「備用第二按揭貸款」條款 ""Standby Second Mortgage Loan"" is included ‧「新地會」會員3%售價折扣優惠 3% discount from the Price for purchasers who are ""SHKP Club"" members ‧不選用「首24個月香港銀行同業拆息第 二按揭貸款」，可獲2%售價折扣優惠 Not to apply ""First 24 Months HIBOR Based Second Mortgage Loan"", a 2% discount on the Price ‧#(在18-10-2019修訂)(revised on 18-10- 2019)",
2013-10-20,2013-10-30,,第20座 第2區 Tower 20 Zone 2,36,C,,20980130,,"‧價單第1B號 (AA)付款辦法 Payment Method (AA) of Price List No.1B #見備註/See Remarks 7 靈活付款計劃 Flexible Payment Plan ‧包含「提前成交現金回贈」條款 ""Early Completion Cash Rebate"" is included ‧包含「過渡性貸款」條款 ""Transitional Loan"" is included ‧包含「特別現金回贈」條款 ""Special Cash Rebate"" is included ‧包含「備用第二按揭貸款」條款 ""Standby Second Mortgage Loan"" is included ‧「新地會」會員3%售價折扣優惠 3% discount from the Price for purchasers who are ""SHKP Club"" members ‧選用「首24個月香港銀行同業拆息第二 按揭貸款」 Apply ""First 24 Months HIBOR Based Second Mortgage Loan"" ‧#(在18-10-2019修訂)(revised on 18-10- 2019)",
2013-10-20,2013-10-30,,第20座 第2區 Tower 20 Zone 2,22,A,,27318200,,"‧價單第1B號 (AA)付款辦法 Payment Method (AA) of Price List No.1B #見備註/See Remarks 7 靈活付款計劃 Flexible Payment Plan ‧包含「提前成交現金回贈」條款 ""Early Completion Cash Rebate"" is included ‧包含「過渡性貸款」條款 ""Transitional Loan"" is included ‧包含「特別現金回贈」條款 ""Special Cash Rebate"" is included ‧包含「備用第二按揭貸款」條款 ""Standby Second Mortgage Loan"" is included ‧「新地會」會員3%售價折扣優惠 3% discount from the Price for purchasers who are ""SHKP Club"" members ‧不選用「首24個月香港銀行同業拆息第 二按揭貸款」，可獲2%售價折扣優惠 Not to apply ""First 24 Months HIBOR Based Second Mortgage Loan"", a 2% discount on the Price ‧#(在18-10-2019修訂)(revised on 18-10- 2019)",
2013-10-20,2013-10-30,,第21座 第3區 Tower 21 Zone 3,70,E,,32658150,,"‧價單第1B號 (AA)付款辦法 Payment Method (AA) of Price List No.1B #見備註/See Remarks 7 靈活付款計劃 Flexible Payment Plan ‧包含「提前成交現金回贈」條款 ""Early Completion Cash Rebate"" is included ‧包含「過渡性貸款」條款 ""Transitional Loan"" is included ‧包含「特別現金回贈」條款 ""Special Cash Rebate"" is included ‧包含「備用第二按揭貸款」條款 ""Standby Second Mortgage Loan"" is included ‧「新地會」會員3%售價折扣優惠 3% discount from the Price for purchasers who are ""SHKP Club"" members ‧不選用「首24個月香港銀行同業拆息第 二按揭貸款」，可獲2%售價折扣優惠 Not to apply ""First 24 Months HIBOR Based Second Mortgage Loan"", a 2% discount on the Price ‧#(在18-10-2019修訂)(revised on 18-10- 2019)",
2013-10-20,2013-10-30,,第21座 第3區 Tower 21 Zone 3,80,A,,34938150,,"‧價單第1B號 (AA)付款辦法 Payment Method (AA) of Price List No.1B #見備註/See Remarks 7 靈活付款計劃 Flexible Payment Plan ‧包含「提前成交現金回贈」條款 ""Early Completion Cash Rebate"" is included ‧包含「過渡性貸款」條款 ""Transitional Loan"" is included ‧包含「特別現金回贈」條款 ""Special Cash Rebate"" is included ‧包含「備用第二按揭貸款」條款 ""Standby Second Mortgage Loan"" is included ‧「新地會」會員3%售價折扣優惠 3% discount from the Price for purchasers who are ""SHKP Club"" members ‧不選用「首24個月香港銀行同業拆息第 二按揭貸款」，可獲2%售價折扣優惠 Not to apply ""First 24 Months HIBOR Based Second Mortgage Loan"", a 2% discount on the Price ‧#(在18-10-2019修訂)(revised on 18-10- 2019)",
2013-10-20,2013-10-30,,第20座 第2區 Tower 20 Zone 2,23,C,,18861300,,"‧價單第1B號 (AA)付款辦法 Payment Method (AA) of Price List No.1B #見備註/See Remarks 7 靈活付款計劃 Flexible Payment Plan ‧包含「提前成交現金回贈」條款 ""Early Completion Cash Rebate"" is included ‧包含「過渡性貸款」條款 ""Transitional Loan"" is included ‧包含「特別現金回贈」條款 ""Special Cash Rebate"" is included ‧包含「備用第二按揭貸款」條款 ""Standby Second Mortgage Loan"" is included ‧「新地會」會員3%售價折扣優惠 3% discount from the Price for purchasers who are ""SHKP Club"" members ‧不選用「首24個月香港銀行同業拆息第 二按揭貸款」，可獲2%售價折扣優惠 Not to apply ""First 24 Months HIBOR Based Second Mortgage Loan"", a 2% discount on the Price ‧#(在18-10-2019修訂)(revised on 18-10- 2019)",
2013-10-20,2013-10-30,,第20座 第2區 21 C Tower 20 Zone 2 第20座 第2區 23 D Tower 20 Zone 2,,,,37492700,,"‧價單第1B號 (AA)付款辦法 Payment Method (AA) of Price List No.1B #見備註/See Remarks 7 靈活付款計劃 Flexible Payment Plan ‧包含「提前成交現金回贈」條款 ""Early Completion Cash Rebate"" is included ‧包含「過渡性貸款」條款 ""Transitional Loan"" is included ‧包含「特別現金回贈」條款 ""Special Cash Rebate"" is included ‧包含「備用第二按揭貸款」條款 ""Standby Second Mortgage Loan"" is included ‧「新地會」會員3%售價折扣優惠 3% discount from the Price for purchasers who are ""SHKP Club"" members ‧不選用「首24個月香港銀行同業拆息第 二按揭貸款」，可獲2%售價折扣優惠 Not to apply ""First 24 Months HIBOR Based Second Mortgage Loan"", a 2% discount on the Price ‧#(在18-10-2019修訂)(revised on 18-10- 2019)",
2013-10-20,2013-10-30,,第20座 第2區 Tower 20 Zone 2,22,C,,18729250,,"‧價單第1B號 (AA)付款辦法 Payment Method (AA) of Price List No.1B #見備註/See Remarks 7 靈活付款計劃 Flexible Payment Plan ‧包含「提前成交現金回贈」條款 ""Early Completion Cash Rebate"" is included ‧包含「過渡性貸款」條款 ""Transitional Loan"" is included ‧包含「特別現金回贈」條款 ""Special Cash Rebate"" is included ‧包含「備用第二按揭貸款」條款 ""Standby Second Mortgage Loan"" is included ‧「新地會」會員3%售價折扣優惠 3% discount from the Price for purchasers who are ""SHKP Club"" members ‧不選用「首24個月香港銀行同業拆息第 二按揭貸款」，可獲2%售價折扣優惠 Not to apply ""First 24 Months HIBOR Based Second Mortgage Loan"", a 2% discount on the Price ‧#(在18-10-2019修訂)(revised on 18-10- 2019)",
2013-10-20,2013-10-30,,第20座 第2區 Tower 20 Zone 2,36,A,,31107750,,"‧價單第1B號 (AA)付款辦法 Payment Method (AA) of Price List No.1B #見備註/See Remarks 7 靈活付款計劃 Flexible Payment Plan ‧包含「提前成交現金回贈」條款 ""Early Completion Cash Rebate"" is included ‧包含「過渡性貸款」條款 ""Transitional Loan"" is included ‧包含「特別現金回贈」條款 ""Special Cash Rebate"" is included ‧包含「備用第二按揭貸款」條款 ""Standby Second Mortgage Loan"" is included ‧「新地會」會員3%售價折扣優惠 3% discount from the Price for purchasers who are ""SHKP Club"" members ‧不選用「首24個月香港銀行同業拆息第 二按揭貸款」，可獲2%售價折扣優惠 Not to apply ""First 24 Months HIBOR Based Second Mortgage Loan"", a 2% discount on the Price ‧#(在18-10-2019修訂)(revised on 18-10- 2019)",
2013-10-20,2013-10-30,,第21座 第3區 Tower 21 Zone 3,75,E,,33461850,,"‧價單第1B號 (AA)付款辦法 Payment Method (AA) of Price List No.1B #見備註/See Remarks 7 靈活付款計劃 Flexible Payment Plan ‧包含「提前成交現金回贈」條款 ""Early Completion Cash Rebate"" is included ‧包含「過渡性貸款」條款 ""Transitional Loan"" is included ‧包含「特別現金回贈」條款 ""Special Cash Rebate"" is included ‧包含「備用第二按揭貸款」條款 ""Standby Second Mortgage Loan"" is included ‧「新地會」會員3%售價折扣優惠 3% discount from the Price for purchasers who are ""SHKP Club"" members ‧不選用「首24個月香港銀行同業拆息第 二按揭貸款」，可獲2%售價折扣優惠 Not to apply ""First 24 Months HIBOR Based Second Mortgage Loan"", a 2% discount on the Price ‧#(在18-10-2019修訂)(revised on 18-10- 2019)",
2013-10-20,2013-10-30,,第21座 第3區 Tower 21 Zone 3,72,E,,33780250,,"‧價單第1B號 (AA)付款辦法 Payment Method (AA) of Price List No.1B #見備註/See Remarks 7 靈活付款計劃 Flexible Payment Plan ‧包含「提前成交現金回贈」條款 ""Early Completion Cash Rebate"" is included ‧包含「過渡性貸款」條款 ""Transitional Loan"" is included ‧包含「特別現金回贈」條款 ""Special Cash Rebate"" is included ‧包含「備用第二按揭貸款」條款 ""Standby Second Mortgage Loan"" is included ‧「新地會」會員3%售價折扣優惠 3% discount from the Price for purchasers who are ""SHKP Club"" members ‧選用「首24個月香港銀行同業拆息第二 按揭貸款」 Apply ""First 24 Months HIBOR Based Second Mortgage Loan"" ‧#(在18-10-2019修訂)(revised on 18-10- 2019)",
2013-10-20,2013-10-30,,第21座 第3區 Tower 21 Zone 3,71,E,,33562000,,"‧價單第1B號 (AA)付款辦法 Payment Method (AA) of Price List No.1B #見備註/See Remarks 7 靈活付款計劃 Flexible Payment Plan ‧包含「提前成交現金回贈」條款 ""Early Completion Cash Rebate"" is included ‧包含「過渡性貸款」條款 ""Transitional Loan"" is included ‧包含「特別現金回贈」條款 ""Special Cash Rebate"" is included ‧包含「備用第二按揭貸款」條款 ""Standby Second Mortgage Loan"" is included ‧「新地會」會員3%售價折扣優惠 3% discount from the Price for purchasers who are ""SHKP Club"" members ‧選用「首24個月香港銀行同業拆息第二 按揭貸款」 Apply ""First 24 Months HIBOR Based Second Mortgage Loan"" ‧#(在18-10-2019修訂)(revised on 18-10- 2019)",
2013-10-20,2013-10-30,,第20座 第2區 Tower 20 Zone 2,22,E,,18786250,,"‧價單第1B號 (AA)付款辦法 Payment Method (AA) of Price List No.1B #見備註/See Remarks 7 靈活付款計劃 Flexible Payment Plan ‧包含「提前成交現金回贈」條款 ""Early Completion Cash Rebate"" is included ‧包含「過渡性貸款」條款 ""Transitional Loan"" is included ‧包含「特別現金回贈」條款 ""Special Cash Rebate"" is included ‧包含「備用第二按揭貸款」條款 ""Standby Second Mortgage Loan"" is included ‧「新地會」會員3%售價折扣優惠 3% discount from the Price for purchasers who are ""SHKP Club"" members ‧不選用「首24個月香港銀行同業拆息第 二按揭貸款」，可獲2%售價折扣優惠 Not to apply ""First 24 Months HIBOR Based Second Mortgage Loan"", a 2% discount on the Price ‧#(在18-10-2019修訂)(revised on 18-10- 2019)",
2013-10-20,2013-10-30,,第20座 第2區 Tower 20 Zone 2,36,D,,20585550,,"‧價單第1B號 (AA)付款辦法 Payment Method (AA) of Price List No.1B #見備註/See Remarks 7 靈活付款計劃 Flexible Payment Plan ‧包含「提前成交現金回贈」條款 ""Early Completion Cash Rebate"" is included ‧包含「過渡性貸款」條款 ""Transitional Loan"" is included ‧包含「特別現金回贈」條款 ""Special Cash Rebate"" is included ‧包含「備用第二按揭貸款」條款 ""Standby Second Mortgage Loan"" is included ‧「新地會」會員3%售價折扣優惠 3% discount from the Price for purchasers who are ""SHKP Club"" members ‧不選用「首24個月香港銀行同業拆息第 二按揭貸款」，可獲2%售價折扣優惠 Not to apply ""First 24 Months HIBOR Based Second Mortgage Loan"", a 2% discount on the Price ‧#(在18-10-2019修訂)(revised on 18-10- 2019)",
2013-10-20,2013-10-30,,第21座 第3區 Tower 21 Zone 3,69,E,,32447250,,"‧價單第1B號 (AA)付款辦法 Payment Method (AA) of Price List No.1B #見備註/See Remarks 7 靈活付款計劃 Flexible Payment Plan ‧包含「提前成交現金回贈」條款 ""Early Completion Cash Rebate"" is included ‧包含「過渡性貸款」條款 ""Transitional Loan"" is included ‧包含「特別現金回贈」條款 ""Special Cash Rebate"" is included ‧包含「備用第二按揭貸款」條款 ""Standby Second Mortgage Loan"" is included ‧「新地會」會員3%售價折扣優惠 3% discount from the Price for purchasers who are ""SHKP Club"" members ‧不選用「首24個月香港銀行同業拆息第 二按揭貸款」，可獲2%售價折扣優惠 Not to apply ""First 24 Months HIBOR Based Second Mortgage Loan"", a 2% discount on the Price ‧#(在18-10-2019修訂)(revised on 18-10- 2019)",
2013-10-20,2013-10-30,,第20座 第2區 Tower 20 Zone 2,23,E,,18918300,,"‧價單第1B號 (AA)付款辦法 Payment Method (AA) of Price List No.1B #見備註/See Remarks 7 靈活付款計劃 Flexible Payment Plan ‧包含「提前成交現金回贈」條款 ""Early Completion Cash Rebate"" is included ‧包含「過渡性貸款」條款 ""Transitional Loan"" is included ‧包含「特別現金回贈」條款 ""Special Cash Rebate"" is included ‧包含「備用第二按揭貸款」條款 ""Standby Second Mortgage Loan"" is included ‧「新地會」會員3%售價折扣優惠 3% discount from the Price for purchasers who are ""SHKP Club"" members ‧不選用「首24個月香港銀行同業拆息第 二按揭貸款」，可獲2%售價折扣優惠 Not to apply ""First 24 Months HIBOR Based Second Mortgage Loan"", a 2% discount on the Price ‧#(在18-10-2019修訂)(revised on 18-10- 2019)",
2013-10-20,2013-10-30,,第20座 第2區 Tower 20 Zone 2,23,A,,27512000,,"‧價單第1B號 (AA)付款辦法 Payment Method (AA) of Price List No.1B #見備註/See Remarks 7 靈活付款計劃 Flexible Payment Plan ‧包含「提前成交現金回贈」條款 ""Early Completion Cash Rebate"" is included ‧包含「過渡性貸款」條款 ""Transitional Loan"" is included ‧包含「特別現金回贈」條款 ""Special Cash Rebate"" is included ‧包含「備用第二按揭貸款」條款 ""Standby Second Mortgage Loan"" is included ‧「新地會」會員3%售價折扣優惠 3% discount from the Price for purchasers who are ""SHKP Club"" members ‧不選用「首24個月香港銀行同業拆息第 二按揭貸款」，可獲2%售價折扣優惠 Not to apply ""First 24 Months HIBOR Based Second Mortgage Loan"", a 2% discount on the Price ‧#(在18-10-2019修訂)(revised on 18-10- 2019)",
2013-10-20,2013-10-30,,第20座 第2區 Tower 20 Zone 2,21,A,,27127250,,"‧價單第1B號 (AA)付款辦法 Payment Method (AA) of Price List No.1B #見備註/See Remarks 7 靈活付款計劃 Flexible Payment Plan ‧包含「提前成交現金回贈」條款 ""Early Completion Cash Rebate"" is included ‧包含「過渡性貸款」條款 ""Transitional Loan"" is included ‧包含「特別現金回贈」條款 ""Special Cash Rebate"" is included ‧包含「備用第二按揭貸款」條款 ""Standby Second Mortgage Loan"" is included ‧「新地會」會員3%售價折扣優惠 3% discount from the Price for purchasers who are ""SHKP Club"" members ‧不選用「首24個月香港銀行同業拆息第 二按揭貸款」，可獲2%售價折扣優惠 Not to apply ""First 24 Months HIBOR Based Second Mortgage Loan"", a 2% discount on the Price ‧#(在18-10-2019修訂)(revised on 18-10- 2019)",
2013-10-25,2013-11-06,,第20座 第2區 Tower 20 Zone 2,12,C,,18961050,,"‧價單第1C號 (AA)付款辦法 Payment Method (AA) of Price List No.1C #見備註/See Remarks 7 靈活付款計劃 Flexible Payment Plan ‧包含「提前成交現金回贈」條款 ""Early Completion Cash Rebate"" is included ‧包含「過渡性貸款」條款 ""Transitional Loan"" is included ‧包含「特別現金回贈」條款 ""Special Cash Rebate"" is included ‧包含「備用第二按揭貸款」條款 ""Standby Second Mortgage Loan"" is included ‧「新地會」會員3%售價折扣優惠 3% discount from the Price for purchasers who are ""SHKP Club"" members ‧不選用「首24個月香港銀行同業拆息第 二按揭貸款」，可獲2%售價折扣優惠 Not to apply ""First 24 Months HIBOR Based Second Mortgage Loan"", a 2% discount on the Price ‧#(在18-10-2019修訂)(revised on 18-10- 2019)",
2013-10-25,2013-11-06,,第20座 第2區 Tower 20 Zone 2,17,E,,19166250,,"‧價單第1C號 (AA)付款辦法 Payment Method (AA) of Price List No.1C #見備註/See Remarks 7 靈活付款計劃 Flexible Payment Plan ‧包含「提前成交現金回贈」條款 ""Early Completion Cash Rebate"" is included ‧包含「過渡性貸款」條款 ""Transitional Loan"" is included ‧包含「特別現金回贈」條款 ""Special Cash Rebate"" is included ‧包含「備用第二按揭貸款」條款 ""Standby Second Mortgage Loan"" is included ‧「新地會」會員3%售價折扣優惠 3% discount from the Price for purchasers who are ""SHKP Club"" members ‧不選用「首24個月香港銀行同業拆息第 二按揭貸款」，可獲2%售價折扣優惠 Not to apply ""First 24 Months HIBOR Based Second Mortgage Loan"", a 2% discount on the Price ‧#(在18-10-2019修訂)(revised on 18-10- 2019)",
2013-10-25,2013-11-06,,第20座 第2區 Tower 20 Zone 2,12,D,,18958200,,"‧價單第1C號 (AA)付款辦法 Payment Method (AA) of Price List No.1C #見備註/See Remarks 7 靈活付款計劃 Flexible Payment Plan ‧包含「提前成交現金回贈」條款 ""Early Completion Cash Rebate"" is included ‧包含「過渡性貸款」條款 ""Transitional Loan"" is included ‧包含「特別現金回贈」條款 ""Special Cash Rebate"" is included ‧包含「備用第二按揭貸款」條款 ""Standby Second Mortgage Loan"" is included ‧「新地會」會員3%售價折扣優惠 3% discount from the Price for purchasers who are ""SHKP Club"" members ‧不選用「首24個月香港銀行同業拆息第 二按揭貸款」，可獲2%售價折扣優惠 Not to apply ""First 24 Months HIBOR Based Second Mortgage Loan"", a 2% discount on the Price ‧#(在18-10-2019修訂)(revised on 18-10- 2019)",
2013-10-25,2013-11-06,,第21座 第5區 Tower 21 Zone 5,38,C,,18964850,,"‧價單第1C號 (AA)付款辦法 Payment Method (AA) of Price List No.1C #見備註/See Remarks 7 靈活付款計劃 Flexible Payment Plan ‧包含「提前成交現金回贈」條款 ""Early Completion Cash Rebate"" is included ‧包含「過渡性貸款」條款 ""Transitional Loan"" is included ‧包含「特別現金回贈」條款 ""Special Cash Rebate"" is included ‧包含「備用第二按揭貸款」條款 ""Standby Second Mortgage Loan"" is included ‧「新地會」會員3%售價折扣優惠 3% discount from the Price for purchasers who are ""SHKP Club"" members ‧不選用「首24個月香港銀行同業拆息第 二按揭貸款」，可獲2%售價折扣優惠 Not to apply ""First 24 Months HIBOR Based Second Mortgage Loan"", a 2% discount on the Price ‧#(在18-10-2019修訂)(revised on 18-10- 2019)",
2013-10-25,2013-11-06,,第21座 第5區 Tower 21 Zone 5,52,J,,18192500,,"‧價單第1C號 (AA)付款辦法 Payment Method (AA) of Price List No.1C #見備註/See Remarks 7 靈活付款計劃 Flexible Payment Plan ‧包含「提前成交現金回贈」條款 ""Early Completion Cash Rebate"" is included ‧包含「過渡性貸款」條款 ""Transitional Loan"" is included ‧包含「特別現金回贈」條款 ""Special Cash Rebate"" is included ‧包含「備用第二按揭貸款」條款 ""Standby Second Mortgage Loan"" is included ‧「新地會」會員3%售價折扣優惠 3% discount from the Price for purchasers who are ""SHKP Club"" members ‧不選用「首24個月香港銀行同業拆息第 二按揭貸款」，可獲2%售價折扣優惠 Not to apply ""First 24 Months HIBOR Based Second Mortgage Loan"", a 2% discount on the Price ‧#(在18-10-2019修訂)(revised on 18-10- 2019)",
2013-10-25,2013-11-06,,第20座 第2區 Tower 20 Zone 2,18,E,,19301150,,"‧價單第1C號 (AA)付款辦法 Payment Method (AA) of Price List No.1C #見備註/See Remarks 7 靈活付款計劃 Flexible Payment Plan ‧包含「提前成交現金回贈」條款 ""Early Completion Cash Rebate"" is included ‧包含「過渡性貸款」條款 ""Transitional Loan"" is included ‧包含「特別現金回贈」條款 ""Special Cash Rebate"" is included ‧包含「備用第二按揭貸款」條款 ""Standby Second Mortgage Loan"" is included ‧「新地會」會員3%售價折扣優惠 3% discount from the Price for purchasers who are ""SHKP Club"" members ‧不選用「首24個月香港銀行同業拆息第 二按揭貸款」，可獲2%售價折扣優惠 Not to apply ""First 24 Months HIBOR Based Second Mortgage Loan"", a 2% discount on the Price ‧#(在18-10-2019修訂)(revised on 18-10- 2019)",
2013-10-25,2013-11-06,,第20座 第2區 Tower 20 Zone 2,17,B,,36340350,,"‧價單第1C號 (AA)付款辦法 Payment Method (AA) of Price List No.1C #見備註/See Remarks 7 靈活付款計劃 Flexible Payment Plan ‧包含「提前成交現金回贈」條款 ""Early Completion Cash Rebate"" is included ‧包含「過渡性貸款」條款 ""Transitional Loan"" is included ‧包含「特別現金回贈」條款 ""Special Cash Rebate"" is included ‧包含「備用第二按揭貸款」條款 ""Standby Second Mortgage Loan"" is included ‧「新地會」會員3%售價折扣優惠 3% discount from the Price for purchasers who are ""SHKP Club"" members ‧不選用「首24個月香港銀行同業拆息第 二按揭貸款」，可獲2%售價折扣優惠 Not to apply ""First 24 Months HIBOR Based Second Mortgage Loan"", a 2% discount on the Price ‧#(在18-10-2019修訂)(revised on 18-10- 2019)",
2013-10-25,2013-11-06,,第21座 第5區 59 J Tower 21 Zone 5 第21座 第5區 59 K Tower 21 Zone 5,,,,33165450,,"‧價單第1C號 (AA)付款辦法 Payment Method (AA) of Price List No.1C #見備註/See Remarks 7 靈活付款計劃 Flexible Payment Plan ‧包含「提前成交現金回贈」條款 ""Early Completion Cash Rebate"" is included ‧包含「過渡性貸款」條款 ""Transitional Loan"" is included ‧包含「特別現金回贈」條款 ""Special Cash Rebate"" is included ‧包含「備用第二按揭貸款」條款 ""Standby Second Mortgage Loan"" is included ‧「新地會」會員3%售價折扣優惠 3% discount from the Price for purchasers who are ""SHKP Club"" members ‧不選用「首24個月香港銀行同業拆息第 二按揭貸款」，可獲2%售價折扣優惠 Not to apply ""First 24 Months HIBOR Based Second Mortgage Loan"", a 2% discount on the Price ‧#(在18-10-2019修訂)(revised on 18-10- 2019)",
2013-10-25,2013-11-06,,第21座 第5區 Tower 21 Zone 5,52,H,,15260800,,"‧價單第1C號 (AA)付款辦法 Payment Method (AA) of Price List No.1C #見備註/See Remarks 7 靈活付款計劃 Flexible Payment Plan ‧包含「提前成交現金回贈」條款 ""Early Completion Cash Rebate"" is included ‧包含「過渡性貸款」條款 ""Transitional Loan"" is included ‧包含「特別現金回贈」條款 ""Special Cash Rebate"" is included ‧包含「備用第二按揭貸款」條款 ""Standby Second Mortgage Loan"" is included ‧「新地會」會員3%售價折扣優惠 3% discount from the Price for purchasers who are ""SHKP Club"" members ‧不選用「首24個月香港銀行同業拆息第 二按揭貸款」，可獲2%售價折扣優惠 Not to apply ""First 24 Months HIBOR Based Second Mortgage Loan"", a 2% discount on the Price ‧#(在18-10-2019修訂)(revised on 18-10- 2019)",
2013-10-25,2013-11-06,,第21座 第5區 Tower 21 Zone 5,52,K,,14920700,,"‧價單第1C號 (AA)付款辦法 Payment Method (AA) of Price List No.1C #見備註/See Remarks 7 靈活付款計劃 Flexible Payment Plan ‧包含「提前成交現金回贈」條款 ""Early Completion Cash Rebate"" is included ‧包含「過渡性貸款」條款 ""Transitional Loan"" is included ‧包含「特別現金回贈」條款 ""Special Cash Rebate"" is included ‧包含「備用第二按揭貸款」條款 ""Standby Second Mortgage Loan"" is included ‧「新地會」會員3%售價折扣優惠 3% discount from the Price for purchasers who are ""SHKP Club"" members ‧不選用「首24個月香港銀行同業拆息第 二按揭貸款」，可獲2%售價折扣優惠 Not to apply ""First 24 Months HIBOR Based Second Mortgage Loan"", a 2% discount on the Price ‧#(在18-10-2019修訂)(revised on 18-10- 2019)",
2013-10-25,2013-11-06,,第20座 第2區 Tower 20 Zone 2,18,B,,37367310,,"‧價單第1C號 (AA)付款辦法 Payment Method (AA) of Price List No.1C #見備註/See Remarks 7 靈活付款計劃 Flexible Payment Plan ‧包含「提前成交現金回贈」條款 ""Early Completion Cash Rebate"" is included ‧包含「過渡性貸款」條款 ""Transitional Loan"" is included ‧包含「特別現金回贈」條款 ""Special Cash Rebate"" is included ‧包含「備用第二按揭貸款」條款 ""Standby Second Mortgage Loan"" is included ‧「新地會」會員3%售價折扣優惠 3% discount from the Price for purchasers who are ""SHKP Club"" members ‧選用「首24個月香港銀行同業拆息第二 按揭貸款」 Apply ""First 24 Months HIBOR Based Second Mortgage Loan"" ‧#(在18-10-2019修訂)(revised on 18-10- 2019)",
2013-10-25,2013-11-06,,第20座 第2區 Tower 20 Zone 2,18,A,,28051600,,"‧價單第1C號 (AA)付款辦法 Payment Method (AA) of Price List No.1C #見備註/See Remarks 7 靈活付款計劃 Flexible Payment Plan ‧包含「提前成交現金回贈」條款 ""Early Completion Cash Rebate"" is included ‧包含「過渡性貸款」條款 ""Transitional Loan"" is included ‧包含「特別現金回贈」條款 ""Special Cash Rebate"" is included ‧包含「備用第二按揭貸款」條款 ""Standby Second Mortgage Loan"" is included ‧「新地會」會員3%售價折扣優惠 3% discount from the Price for purchasers who are ""SHKP Club"" members ‧不選用「首24個月香港銀行同業拆息第 二按揭貸款」，可獲2%售價折扣優惠 Not to apply ""First 24 Months HIBOR Based Second Mortgage Loan"", a 2% discount on the Price ‧#(在18-10-2019修訂)(revised on 18-10- 2019)",
2013-10-25,2013-11-06,,第20座 第2區 Tower 20 Zone 2,18,C,,19288800,,"‧價單第1C號 (AA)付款辦法 Payment Method (AA) of Price List No.1C #見備註/See Remarks 7 靈活付款計劃 Flexible Payment Plan ‧包含「提前成交現金回贈」條款 ""Early Completion Cash Rebate"" is included ‧包含「過渡性貸款」條款 ""Transitional Loan"" is included ‧包含「特別現金回贈」條款 ""Special Cash Rebate"" is included ‧包含「備用第二按揭貸款」條款 ""Standby Second Mortgage Loan"" is included ‧「新地會」會員3%售價折扣優惠 3% discount from the Price for purchasers who are ""SHKP Club"" members ‧不選用「首24個月香港銀行同業拆息第 二按揭貸款」，可獲2%售價折扣優惠 Not to apply ""First 24 Months HIBOR Based Second Mortgage Loan"", a 2% discount on the Price ‧#(在18-10-2019修訂)(revised on 18-10- 2019)",
2013-10-25,2013-11-06,,第20座 第2區 Tower 20 Zone 2,16,E,,19032300,,"‧價單第1C號 (AA)付款辦法 Payment Method (AA) of Price List No.1C #見備註/See Remarks 7 靈活付款計劃 Flexible Payment Plan ‧包含「提前成交現金回贈」條款 ""Early Completion Cash Rebate"" is included ‧包含「過渡性貸款」條款 ""Transitional Loan"" is included ‧包含「特別現金回贈」條款 ""Special Cash Rebate"" is included ‧包含「備用第二按揭貸款」條款 ""Standby Second Mortgage Loan"" is included ‧「新地會」會員3%售價折扣優惠 3% discount from the Price for purchasers who are ""SHKP Club"" members ‧不選用「首24個月香港銀行同業拆息第 二按揭貸款」，可獲2%售價折扣優惠 Not to apply ""First 24 Months HIBOR Based Second Mortgage Loan"", a 2% discount on the Price ‧#(在18-10-2019修訂)(revised on 18-10- 2019)",
2013-10-25,2013-11-06,,第20座 第2區 Tower 20 Zone 2,18,D,,19274550,,"‧價單第1C號 (AA)付款辦法 Payment Method (AA) of Price List No.1C #見備註/See Remarks 7 靈活付款計劃 Flexible Payment Plan ‧包含「提前成交現金回贈」條款 ""Early Completion Cash Rebate"" is included ‧包含「過渡性貸款」條款 ""Transitional Loan"" is included ‧包含「特別現金回贈」條款 ""Special Cash Rebate"" is included ‧包含「備用第二按揭貸款」條款 ""Standby Second Mortgage Loan"" is included ‧「新地會」會員3%售價折扣優惠 3% discount from the Price for purchasers who are ""SHKP Club"" members ‧不選用「首24個月香港銀行同業拆息第 二按揭貸款」，可獲2%售價折扣優惠 Not to apply ""First 24 Months HIBOR Based Second Mortgage Loan"", a 2% discount on the Price ‧#(在18-10-2019修訂)(revised on 18-10- 2019)",
2013-10-25,2013-11-06,,第20座 第2區 Tower 20 Zone 2,17,C,,19152950,,"‧價單第1C號 (AA)付款辦法 Payment Method (AA) of Price List No.1C #見備註/See Remarks 7 靈活付款計劃 Flexible Payment Plan ‧包含「提前成交現金回贈」條款 ""Early Completion Cash Rebate"" is included ‧包含「過渡性貸款」條款 ""Transitional Loan"" is included ‧包含「特別現金回贈」條款 ""Special Cash Rebate"" is included ‧包含「備用第二按揭貸款」條款 ""Standby Second Mortgage Loan"" is included ‧「新地會」會員3%售價折扣優惠 3% discount from the Price for purchasers who are ""SHKP Club"" members ‧不選用「首24個月香港銀行同業拆息第 二按揭貸款」，可獲2%售價折扣優惠 Not to apply ""First 24 Months HIBOR Based Second Mortgage Loan"", a 2% discount on the Price ‧#(在18-10-2019修訂)(revised on 18-10- 2019)",
2013-10-25,2013-11-06,,第20座 第2區 Tower 20 Zone 2,16,C,,19019000,,"‧價單第1C號 (AA)付款辦法 Payment Method (AA) of Price List No.1C #見備註/See Remarks 7 靈活付款計劃 Flexible Payment Plan ‧包含「提前成交現金回贈」條款 ""Early Completion Cash Rebate"" is included ‧包含「過渡性貸款」條款 ""Transitional Loan"" is included ‧包含「特別現金回贈」條款 ""Special Cash Rebate"" is included ‧包含「備用第二按揭貸款」條款 ""Standby Second Mortgage Loan"" is included ‧「新地會」會員3%售價折扣優惠 3% discount from the Price for purchasers who are ""SHKP Club"" members ‧不選用「首24個月香港銀行同業拆息第 二按揭貸款」，可獲2%售價折扣優惠 Not to apply ""First 24 Months HIBOR Based Second Mortgage Loan"", a 2% discount on the Price ‧#(在18-10-2019修訂)(revised on 18-10- 2019)",
2013-10-25,2013-11-06,,第20座 第2區 Tower 20 Zone 2,17,A,,25801600,,"‧價單第1C號 (AC)付款辦法 Payment Method (AC) of Price List No.1C #見備註/See Remarks 7 ‧9%售價折扣優惠 A 9% discount on the Price ‧包含「特別現金回贈」條款 ""Special Cash Rebate"" is included ‧包含「首12個月P-2.8%第二按揭貸款」 條款 ""First 12 Months P-2.8% Second Mortgage Loan"" is included ‧「新地會」會員3%售價折扣優惠 3% discount from the Price for purchasers who are ""SHKP Club"" members ‧#(在18-10-2019修訂)(revised on 18-10- 2019)",
2013-10-25,2013-11-06,,第21座 第5區 Tower 21 Zone 5,60,K,,14995750,,"‧價單第1C號 (AA)付款辦法 Payment Method (AA) of Price List No.1C #見備註/See Remarks 7 靈活付款計劃 Flexible Payment Plan ‧包含「提前成交現金回贈」條款 ""Early Completion Cash Rebate"" is included ‧包含「過渡性貸款」條款 ""Transitional Loan"" is included ‧包含「特別現金回贈」條款 ""Special Cash Rebate"" is included ‧包含「備用第二按揭貸款」條款 ""Standby Second Mortgage Loan"" is included ‧「新地會」會員3%售價折扣優惠 3% discount from the Price for purchasers who are ""SHKP Club"" members ‧不選用「首24個月香港銀行同業拆息第 二按揭貸款」，可獲2%售價折扣優惠 Not to apply ""First 24 Months HIBOR Based Second Mortgage Loan"", a 2% discount on the Price ‧#(在18-10-2019修訂)(revised on 18-10- 2019)",
2013-10-25,2013-11-06,,第20座 第2區 Tower 20 Zone 2,17,D,,19139650,,"‧價單第1C號 (AA)付款辦法 Payment Method (AA) of Price List No.1C #見備註/See Remarks 7 靈活付款計劃 Flexible Payment Plan ‧包含「提前成交現金回贈」條款 ""Early Completion Cash Rebate"" is included ‧包含「過渡性貸款」條款 ""Transitional Loan"" is included ‧包含「特別現金回贈」條款 ""Special Cash Rebate"" is included ‧包含「備用第二按揭貸款」條款 ""Standby Second Mortgage Loan"" is included ‧「新地會」會員3%售價折扣優惠 3% discount from the Price for purchasers who are ""SHKP Club"" members ‧不選用「首24個月香港銀行同業拆息第 二按揭貸款」，可獲2%售價折扣優惠 Not to apply ""First 24 Months HIBOR Based Second Mortgage Loan"", a 2% discount on the Price ‧#(在18-10-2019修訂)(revised on 18-10- 2019)",
2013-10-25,2013-11-06,,第20座 第2區 Tower 20 Zone 2,16,D,,19005700,,"‧價單第1C號 (AA)付款辦法 Payment Method (AA) of Price List No.1C #見備註/See Remarks 7 靈活付款計劃 Flexible Payment Plan ‧包含「提前成交現金回贈」條款 ""Early Completion Cash Rebate"" is included ‧包含「過渡性貸款」條款 ""Transitional Loan"" is included ‧包含「特別現金回贈」條款 ""Special Cash Rebate"" is included ‧包含「備用第二按揭貸款」條款 ""Standby Second Mortgage Loan"" is included ‧「新地會」會員3%售價折扣優惠 3% discount from the Price for purchasers who are ""SHKP Club"" members ‧不選用「首24個月香港銀行同業拆息第 二按揭貸款」，可獲2%售價折扣優惠 Not to apply ""First 24 Months HIBOR Based Second Mortgage Loan"", a 2% discount on the Price ‧#(在18-10-2019修訂)(revised on 18-10- 2019)",
2013-10-25,2013-11-06,,第20座 第2區 Tower 20 Zone 2,16,A,,27637400,,"‧價單第1C號 (AA)付款辦法 Payment Method (AA) of Price List No.1C #見備註/See Remarks 7 靈活付款計劃 Flexible Payment Plan ‧包含「提前成交現金回贈」條款 ""Early Completion Cash Rebate"" is included ‧包含「過渡性貸款」條款 ""Transitional Loan"" is included ‧包含「特別現金回贈」條款 ""Special Cash Rebate"" is included ‧包含「備用第二按揭貸款」條款 ""Standby Second Mortgage Loan"" is included ‧「新地會」會員3%售價折扣優惠 3% discount from the Price for purchasers who are ""SHKP Club"" members ‧不選用「首24個月香港銀行同業拆息第 二按揭貸款」，可獲2%售價折扣優惠 Not to apply ""First 24 Months HIBOR Based Second Mortgage Loan"", a 2% discount on the Price ‧#(在18-10-2019修訂)(revised on 18-10- 2019)",
2013-10-25,2013-11-06,,第20座 第2區 Tower 20 Zone 2,15,C,,18998100,,"‧價單第1C號 (AA)付款辦法 Payment Method (AA) of Price List No.1C #見備註/See Remarks 7 靈活付款計劃 Flexible Payment Plan ‧包含「提前成交現金回贈」條款 ""Early Completion Cash Rebate"" is included ‧包含「過渡性貸款」條款 ""Transitional Loan"" is included ‧包含「特別現金回贈」條款 ""Special Cash Rebate"" is included ‧包含「備用第二按揭貸款」條款 ""Standby Second Mortgage Loan"" is included ‧「新地會」會員3%售價折扣優惠 3% discount from the Price for purchasers who are ""SHKP Club"" members ‧不選用「首24個月香港銀行同業拆息第 二按揭貸款」，可獲2%售價折扣優惠 Not to apply ""First 24 Months HIBOR Based Second Mortgage Loan"", a 2% discount on the Price ‧#(在18-10-2019修訂)(revised on 18-10- 2019)",
2013-10-25,2013-11-06,,第20座 第2區 Tower 20 Zone 2,15,D,,19091200,,"‧價單第1C號 (AA)付款辦法 Payment Method (AA) of Price List No.1C #見備註/See Remarks 7 靈活付款計劃 Flexible Payment Plan ‧包含「提前成交現金回贈」條款 ""Early Completion Cash Rebate"" is included ‧包含「過渡性貸款」條款 ""Transitional Loan"" is included ‧包含「特別現金回贈」條款 ""Special Cash Rebate"" is included ‧包含「備用第二按揭貸款」條款 ""Standby Second Mortgage Loan"" is included ‧「新地會」會員3%售價折扣優惠 3% discount from the Price for purchasers who are ""SHKP Club"" members ‧不選用「首24個月香港銀行同業拆息第 二按揭貸款」，可獲2%售價折扣優惠 Not to apply ""First 24 Months HIBOR Based Second Mortgage Loan"", a 2% discount on the Price ‧#(在18-10-2019修訂)(revised on 18-10- 2019)",
2013-10-25,2013-11-06,,第20座 第2區 37 E Tower 20 Zone 2 第21座 第5區 60 H Tower 21 Zone 5,,,,37292250,,"‧價單第1C號 (AA)付款辦法 Payment Method (AA) of Price List No.1C #見備註/See Remarks 7 靈活付款計劃 Flexible Payment Plan ‧包含「提前成交現金回贈」條款 ""Early Completion Cash Rebate"" is included ‧包含「過渡性貸款」條款 ""Transitional Loan"" is included ‧包含「特別現金回贈」條款 ""Special Cash Rebate"" is included ‧包含「備用第二按揭貸款」條款 ""Standby Second Mortgage Loan"" is included ‧「新地會」會員3%售價折扣優惠 3% discount from the Price for purchasers who are ""SHKP Club"" members ‧不選用「首24個月香港銀行同業拆息第 二按揭貸款」，可獲2%售價折扣優惠 Not to apply ""First 24 Months HIBOR Based Second Mortgage Loan"", a 2% discount on the Price ‧#(在18-10-2019修訂)(revised on 18-10- 2019)",
2013-10-25,2013-11-06,,第20座 第2區 Tower 20 Zone 2,37,D,,21921250,,"‧價單第1C號 (AA)付款辦法 Payment Method (AA) of Price List No.1C #見備註/See Remarks 7 靈活付款計劃 Flexible Payment Plan ‧包含「提前成交現金回贈」條款 ""Early Completion Cash Rebate"" is included ‧包含「過渡性貸款」條款 ""Transitional Loan"" is included ‧包含「特別現金回贈」條款 ""Special Cash Rebate"" is included ‧包含「備用第二按揭貸款」條款 ""Standby Second Mortgage Loan"" is included ‧「新地會」會員3%售價折扣優惠 3% discount from the Price for purchasers who are ""SHKP Club"" members ‧不選用「首24個月香港銀行同業拆息第 二按揭貸款」，可獲2%售價折扣優惠 Not to apply ""First 24 Months HIBOR Based Second Mortgage Loan"", a 2% discount on the Price ‧#(在18-10-2019修訂)(revised on 18-10- 2019)",
2013-10-25,2013-11-06,,第20座 第2區 Tower 20 Zone 2,38,E,,22851300,,"‧價單第1C號 (AA)付款辦法 Payment Method (AA) of Price List No.1C #見備註/See Remarks 7 靈活付款計劃 Flexible Payment Plan ‧包含「提前成交現金回贈」條款 ""Early Completion Cash Rebate"" is included ‧包含「過渡性貸款」條款 ""Transitional Loan"" is included ‧包含「特別現金回贈」條款 ""Special Cash Rebate"" is included ‧包含「備用第二按揭貸款」條款 ""Standby Second Mortgage Loan"" is included ‧「新地會」會員3%售價折扣優惠 3% discount from the Price for purchasers who are ""SHKP Club"" members ‧不選用「首24個月香港銀行同業拆息第 二按揭貸款」，可獲2%售價折扣優惠 Not to apply ""First 24 Months HIBOR Based Second Mortgage Loan"", a 2% discount on the Price ‧#(在18-10-2019修訂)(revised on 18-10- 2019)",
2013-10-25,2013-11-06,,第21座 第3區 Tower 21 Zone 3,76,E,,35962250,,"‧價單第1C號 (AA)付款辦法 Payment Method (AA) of Price List No.1C #見備註/See Remarks 7 靈活付款計劃 Flexible Payment Plan ‧包含「提前成交現金回贈」條款 ""Early Completion Cash Rebate"" is included ‧包含「過渡性貸款」條款 ""Transitional Loan"" is included ‧包含「特別現金回贈」條款 ""Special Cash Rebate"" is included ‧包含「備用第二按揭貸款」條款 ""Standby Second Mortgage Loan"" is included ‧「新地會」會員3%售價折扣優惠 3% discount from the Price for purchasers who are ""SHKP Club"" members ‧不選用「首24個月香港銀行同業拆息第 二按揭貸款」，可獲2%售價折扣優惠 Not to apply ""First 24 Months HIBOR Based Second Mortgage Loan"", a 2% discount on the Price ‧#(在18-10-2019修訂)(revised on 18-10- 2019)",
2013-10-25,2013-11-06,,第21座 第5區 Tower 21 Zone 5,60,J,,18284650,,"‧價單第1C號 (AA)付款辦法 Payment Method (AA) of Price List No.1C #見備註/See Remarks 7 靈活付款計劃 Flexible Payment Plan ‧包含「提前成交現金回贈」條款 ""Early Completion Cash Rebate"" is included ‧包含「過渡性貸款」條款 ""Transitional Loan"" is included ‧包含「特別現金回贈」條款 ""Special Cash Rebate"" is included ‧包含「備用第二按揭貸款」條款 ""Standby Second Mortgage Loan"" is included ‧「新地會」會員3%售價折扣優惠 3% discount from the Price for purchasers who are ""SHKP Club"" members ‧不選用「首24個月香港銀行同業拆息第 二按揭貸款」，可獲2%售價折扣優惠 Not to apply ""First 24 Months HIBOR Based Second Mortgage Loan"", a 2% discount on the Price ‧#(在18-10-2019修訂)(revised on 18-10- 2019)",
2013-10-25,2013-11-06,,第21座 第5區 Tower 21 Zone 5,61,C,,19220400,,"‧價單第1C號 (AA)付款辦法 Payment Method (AA) of Price List No.1C #見備註/See Remarks 7 靈活付款計劃 Flexible Payment Plan ‧包含「提前成交現金回贈」條款 ""Early Completion Cash Rebate"" is included ‧包含「過渡性貸款」條款 ""Transitional Loan"" is included ‧包含「特別現金回贈」條款 ""Special Cash Rebate"" is included ‧包含「備用第二按揭貸款」條款 ""Standby Second Mortgage Loan"" is included ‧「新地會」會員3%售價折扣優惠 3% discount from the Price for purchasers who are ""SHKP Club"" members ‧不選用「首24個月香港銀行同業拆息第 二按揭貸款」，可獲2%售價折扣優惠 Not to apply ""First 24 Months HIBOR Based Second Mortgage Loan"", a 2% discount on the Price ‧#(在18-10-2019修訂)(revised on 18-10- 2019)",
2013-10-25,2013-11-06,,第21座 第5區 62 C Tower 21 Zone 5 第21座 第5區 63 C Tower 21 Zone 5,,,,39340290,,"‧價單第1C號 (AA)付款辦法 Payment Method (AA) of Price List No.1C #見備註/See Remarks 7 靈活付款計劃 Flexible Payment Plan ‧包含「提前成交現金回贈」條款 ""Early Completion Cash Rebate"" is included ‧包含「過渡性貸款」條款 ""Transitional Loan"" is included ‧包含「特別現金回贈」條款 ""Special Cash Rebate"" is included ‧包含「備用第二按揭貸款」條款 ""Standby Second Mortgage Loan"" is included ‧「新地會」會員3%售價折扣優惠 3% discount from the Price for purchasers who are ""SHKP Club"" members ‧選用「首24個月香港銀行同業拆息第二 按揭貸款」 Apply ""First 24 Months HIBOR Based Second Mortgage Loan"" ‧#(在18-10-2019修訂)(revised on 18-10- 2019)",
2013-10-25,2013-11-06,,第21座 第5區 Tower 21 Zone 5,51,C,,19049400,,"‧價單第1C號 (AA)付款辦法 Payment Method (AA) of Price List No.1C #見備註/See Remarks 7 靈活付款計劃 Flexible Payment Plan ‧包含「提前成交現金回贈」條款 ""Early Completion Cash Rebate"" is included ‧包含「過渡性貸款」條款 ""Transitional Loan"" is included ‧包含「特別現金回贈」條款 ""Special Cash Rebate"" is included ‧包含「備用第二按揭貸款」條款 ""Standby Second Mortgage Loan"" is included ‧「新地會」會員3%售價折扣優惠 3% discount from the Price for purchasers who are ""SHKP Club"" members ‧不選用「首24個月香港銀行同業拆息第 二按揭貸款」，可獲2%售價折扣優惠 Not to apply ""First 24 Months HIBOR Based Second Mortgage Loan"", a 2% discount on the Price ‧#(在18-10-2019修訂)(revised on 18-10- 2019)",
2013-10-25,2013-11-06,,第21座 第5區 Tower 21 Zone 5,50,C,,19046550,,"‧價單第1C號 (AA)付款辦法 Payment Method (AA) of Price List No.1C #見備註/See Remarks 7 靈活付款計劃 Flexible Payment Plan ‧包含「提前成交現金回贈」條款 ""Early Completion Cash Rebate"" is included ‧包含「過渡性貸款」條款 ""Transitional Loan"" is included ‧包含「特別現金回贈」條款 ""Special Cash Rebate"" is included ‧包含「備用第二按揭貸款」條款 ""Standby Second Mortgage Loan"" is included ‧「新地會」會員3%售價折扣優惠 3% discount from the Price for purchasers who are ""SHKP Club"" members ‧不選用「首24個月香港銀行同業拆息第 二按揭貸款」，可獲2%售價折扣優惠 Not to apply ""First 24 Months HIBOR Based Second Mortgage Loan"", a 2% discount on the Price ‧#(在18-10-2019修訂)(revised on 18-10- 2019)",
2013-10-25,2013-11-06,,第21座 第5區 Tower 21 Zone 5,59,H,,15283600,,"‧價單第1C號 (AA)付款辦法 Payment Method (AA) of Price List No.1C #見備註/See Remarks 7 靈活付款計劃 Flexible Payment Plan ‧包含「提前成交現金回贈」條款 ""Early Completion Cash Rebate"" is included ‧包含「過渡性貸款」條款 ""Transitional Loan"" is included ‧包含「特別現金回贈」條款 ""Special Cash Rebate"" is included ‧包含「備用第二按揭貸款」條款 ""Standby Second Mortgage Loan"" is included ‧「新地會」會員3%售價折扣優惠 3% discount from the Price for purchasers who are ""SHKP Club"" members ‧不選用「首24個月香港銀行同業拆息第 二按揭貸款」，可獲2%售價折扣優惠 Not to apply ""First 24 Months HIBOR Based Second Mortgage Loan"", a 2% discount on the Price ‧#(在18-10-2019修訂)(revised on 18-10- 2019)",
2013-10-25,2013-11-06,,第20座 第2區 15 B Tower 20 Zone 2 第20座 第2區 16 B Tower 20 Zone 2,,,,73170900,,"‧價單第1C號 (AA)付款辦法 Payment Method (AA) of Price List No.1C #見備註/See Remarks 7 靈活付款計劃 Flexible Payment Plan ‧包含「提前成交現金回贈」條款 ""Early Completion Cash Rebate"" is included ‧包含「過渡性貸款」條款 ""Transitional Loan"" is included ‧包含「特別現金回贈」條款 ""Special Cash Rebate"" is included ‧包含「備用第二按揭貸款」條款 ""Standby Second Mortgage Loan"" is included ‧「新地會」會員3%售價折扣優惠 3% discount from the Price for purchasers who are ""SHKP Club"" members ‧不選用「首24個月香港銀行同業拆息第 二按揭貸款」，可獲2%售價折扣優惠 Not to apply ""First 24 Months HIBOR Based Second Mortgage Loan"", a 2% discount on the Price ‧#(在18-10-2019修訂)(revised on 18-10- 2019)",
2013-10-26,2013-11-06,,第20座 第2區 Tower 20 Zone 2,37,C,,21882300,,"‧價單第1C號 (AA)付款辦法 Payment Method (AA) of Price List No.1C #見備註/See Remarks 7 靈活付款計劃 Flexible Payment Plan ‧包含「提前成交現金回贈」條款 ""Early Completion Cash Rebate"" is included ‧包含「過渡性貸款」條款 ""Transitional Loan"" is included ‧包含「特別現金回贈」條款 ""Special Cash Rebate"" is included ‧包含「備用第二按揭貸款」條款 ""Standby Second Mortgage Loan"" is included ‧「新地會」會員3%售價折扣優惠 3% discount from the Price for purchasers who are ""SHKP Club"" members ‧不選用「首24個月香港銀行同業拆息第 二按揭貸款」，可獲2%售價折扣優惠 Not to apply ""First 24 Months HIBOR Based Second Mortgage Loan"", a 2% discount on the Price ‧#(在18-10-2019修訂)(revised on 18-10- 2019)",
2013-11-02,2013-11-13,,第21座 第5區 Tower 21 Zone 5,38,E,,29204900,,"‧價單第1D號 (AA1)付款辦法 Payment Method (AA1) of Price List No.1D #見備註/See Remarks 7 靈活付款計劃 Flexible Payment Plan ‧包含「提前成交現金回贈」條款 ""Early Completion Cash Rebate"" is included ‧包含「過渡性貸款」條款 ""Transitional Loan"" is included ‧包含「特別現金回贈」條款 ""Special Cash Rebate"" is included ‧包含「備用第二按揭貸款」條款 ""Standby Second Mortgage Loan"" is included ‧「新地會」會員3%售價折扣優惠 3% discount from the Price for purchasers who are ""SHKP Club"" members ‧不選用「首24個月香港銀行同業拆息第 二按揭貸款」，可獲2%售價折扣優惠 Not to apply ""First 24 Months HIBOR Based Second Mortgage Loan"", a 2% discount on the Price ‧#(在18-10-2019修訂)(revised on 18-10- 2019)",
2013-11-02,2013-11-13,,第21座 第6區 Tower 21 Zone 6,19,C,,21067200,,"‧價單第1D號 (AA1)付款辦法 Payment Method (AA1) of Price List No.1D #見備註/See Remarks 7 靈活付款計劃 Flexible Payment Plan ‧包含「提前成交現金回贈」條款 ""Early Completion Cash Rebate"" is included ‧包含「過渡性貸款」條款 ""Transitional Loan"" is included ‧包含「特別現金回贈」條款 ""Special Cash Rebate"" is included ‧包含「備用第二按揭貸款」條款 ""Standby Second Mortgage Loan"" is included ‧「新地會」會員3%售價折扣優惠 3% discount from the Price for purchasers who are ""SHKP Club"" members ‧不選用「首24個月香港銀行同業拆息第 二按揭貸款」，可獲2%售價折扣優惠 Not to apply ""First 24 Months HIBOR Based Second Mortgage Loan"", a 2% discount on the Price ‧#(在18-10-2019修訂)(revised on 18-10- 2019)",
2013-11-02,2013-11-13,,第21座 第6區 Tower 21 Zone 6,18,C,,20885750,,"‧價單第1D號 (AA1)付款辦法 Payment Method (AA1) of Price List No.1D #見備註/See Remarks 7 靈活付款計劃 Flexible Payment Plan ‧包含「提前成交現金回贈」條款 ""Early Completion Cash Rebate"" is included ‧包含「過渡性貸款」條款 ""Transitional Loan"" is included ‧包含「特別現金回贈」條款 ""Special Cash Rebate"" is included ‧包含「備用第二按揭貸款」條款 ""Standby Second Mortgage Loan"" is included ‧「新地會」會員3%售價折扣優惠 3% discount from the Price for purchasers who are ""SHKP Club"" members ‧不選用「首24個月香港銀行同業拆息第 二按揭貸款」，可獲2%售價折扣優惠 Not to apply ""First 24 Months HIBOR Based Second Mortgage Loan"", a 2% discount on the Price ‧#(在18-10-2019修訂)(revised on 18-10- 2019)",
2013-11-02,2013-11-13,,第21座 第6區 Tower 21 Zone 6,17,C,,20488650,,"‧價單第1D號 (AA1)付款辦法 Payment Method (AA1) of Price List No.1D #見備註/See Remarks 7 靈活付款計劃 Flexible Payment Plan ‧包含「提前成交現金回贈」條款 ""Early Completion Cash Rebate"" is included ‧包含「過渡性貸款」條款 ""Transitional Loan"" is included ‧包含「特別現金回贈」條款 ""Special Cash Rebate"" is included ‧包含「備用第二按揭貸款」條款 ""Standby Second Mortgage Loan"" is included ‧「新地會」會員3%售價折扣優惠 3% discount from the Price for purchasers who are ""SHKP Club"" members ‧不選用「首24個月香港銀行同業拆息第 二按揭貸款」，可獲2%售價折扣優惠 Not to apply ""First 24 Months HIBOR Based Second Mortgage Loan"", a 2% discount on the Price ‧#(在18-10-2019修訂)(revised on 18-10- 2019)",
2013-11-02,2013-11-13,,第20座 第2區 Tower 20 Zone 2,38,B,,54968900,,"‧價單第1D號 (AA1)付款辦法 Payment Method (AA1) of Price List No.1D #見備註/See Remarks 7 靈活付款計劃 Flexible Payment Plan ‧包含「提前成交現金回贈」條款 ""Early Completion Cash Rebate"" is included ‧包含「過渡性貸款」條款 ""Transitional Loan"" is included ‧包含「特別現金回贈」條款 ""Special Cash Rebate"" is included ‧包含「備用第二按揭貸款」條款 ""Standby Second Mortgage Loan"" is included ‧「新地會」會員3%售價折扣優惠 3% discount from the Price for purchasers who are ""SHKP Club"" members ‧不選用「首24個月香港銀行同業拆息第 二按揭貸款」，可獲2%售價折扣優惠 Not to apply ""First 24 Months HIBOR Based Second Mortgage Loan"", a 2% discount on the Price ‧#(在18-10-2019修訂)(revised on 18-10- 2019)",
2013-11-02,2013-11-13,,第21座 第6區 Tower 21 Zone 6,16,C,,20274900,,"‧價單第1D號 (AA1)付款辦法 Payment Method (AA1) of Price List No.1D #見備註/See Remarks 7 靈活付款計劃 Flexible Payment Plan ‧包含「提前成交現金回贈」條款 ""Early Completion Cash Rebate"" is included ‧包含「過渡性貸款」條款 ""Transitional Loan"" is included ‧包含「特別現金回贈」條款 ""Special Cash Rebate"" is included ‧包含「備用第二按揭貸款」條款 ""Standby Second Mortgage Loan"" is included ‧「新地會」會員3%售價折扣優惠 3% discount from the Price for purchasers who are ""SHKP Club"" members ‧不選用「首24個月香港銀行同業拆息第 二按揭貸款」，可獲2%售價折扣優惠 Not to apply ""First 24 Months HIBOR Based Second Mortgage Loan"", a 2% discount on the Price ‧#(在18-10-2019修訂)(revised on 18-10- 2019)",
2013-11-02,2013-11-13,,第21座 第3區 Tower 21 Zone 3,77,E,,37057600,,"‧價單第1D號 (AA1)付款辦法 Payment Method (AA1) of Price List No.1D #見備註/See Remarks 7 靈活付款計劃 Flexible Payment Plan ‧包含「提前成交現金回贈」條款 ""Early Completion Cash Rebate"" is included ‧包含「過渡性貸款」條款 ""Transitional Loan"" is included ‧包含「特別現金回贈」條款 ""Special Cash Rebate"" is included ‧包含「備用第二按揭貸款」條款 ""Standby Second Mortgage Loan"" is included ‧「新地會」會員3%售價折扣優惠 3% discount from the Price for purchasers who are ""SHKP Club"" members ‧不選用「首24個月香港銀行同業拆息第 二按揭貸款」，可獲2%售價折扣優惠 Not to apply ""First 24 Months HIBOR Based Second Mortgage Loan"", a 2% discount on the Price ‧#(在18-10-2019修訂)(revised on 18-10- 2019)",
2013-11-02,2013-11-13,,第21座 第5區 Tower 21 Zone 5,62,J,,18872700,,"‧價單第1D號 (AA1)付款辦法 Payment Method (AA1) of Price List No.1D #見備註/See Remarks 7 靈活付款計劃 Flexible Payment Plan ‧包含「提前成交現金回贈」條款 ""Early Completion Cash Rebate"" is included ‧包含「過渡性貸款」條款 ""Transitional Loan"" is included ‧包含「特別現金回贈」條款 ""Special Cash Rebate"" is included ‧包含「備用第二按揭貸款」條款 ""Standby Second Mortgage Loan"" is included ‧「新地會」會員3%售價折扣優惠 3% discount from the Price for purchasers who are ""SHKP Club"" members ‧不選用「首24個月香港銀行同業拆息第 二按揭貸款」，可獲2%售價折扣優惠 Not to apply ""First 24 Months HIBOR Based Second Mortgage Loan"", a 2% discount on the Price ‧#(在18-10-2019修訂)(revised on 18-10- 2019)",
2013-11-02,2013-11-13,,第21座 第5區 Tower 21 Zone 5,61,J,,18807150,,"‧價單第1D號 (AA1)付款辦法 Payment Method (AA1) of Price List No.1D #見備註/See Remarks 7 靈活付款計劃 Flexible Payment Plan ‧包含「提前成交現金回贈」條款 ""Early Completion Cash Rebate"" is included ‧包含「過渡性貸款」條款 ""Transitional Loan"" is included ‧包含「特別現金回贈」條款 ""Special Cash Rebate"" is included ‧包含「備用第二按揭貸款」條款 ""Standby Second Mortgage Loan"" is included ‧「新地會」會員3%售價折扣優惠 3% discount from the Price for purchasers who are ""SHKP Club"" members ‧不選用「首24個月香港銀行同業拆息第 二按揭貸款」，可獲2%售價折扣優惠 Not to apply ""First 24 Months HIBOR Based Second Mortgage Loan"", a 2% discount on the Price ‧#(在18-10-2019修訂)(revised on 18-10- 2019)",
2013-11-02,2013-11-13,,第21座 第5區 Tower 21 Zone 5,51,J,,18501250,,"‧價單第1D號 (AA1)付款辦法 Payment Method (AA1) of Price List No.1D #見備註/See Remarks 7 靈活付款計劃 Flexible Payment Plan ‧包含「提前成交現金回贈」條款 ""Early Completion Cash Rebate"" is included ‧包含「過渡性貸款」條款 ""Transitional Loan"" is included ‧包含「特別現金回贈」條款 ""Special Cash Rebate"" is included ‧包含「備用第二按揭貸款」條款 ""Standby Second Mortgage Loan"" is included ‧「新地會」會員3%售價折扣優惠 3% discount from the Price for purchasers who are ""SHKP Club"" members ‧不選用「首24個月香港銀行同業拆息第 二按揭貸款」，可獲2%售價折扣優惠 Not to apply ""First 24 Months HIBOR Based Second Mortgage Loan"", a 2% discount on the Price ‧#(在18-10-2019修訂)(revised on 18-10- 2019)",
2013-11-02,2013-11-13,,第21座 第5區 Tower 21 Zone 5,62,K,,15479300,,"‧價單第1D號 (AA1)付款辦法 Payment Method (AA1) of Price List No.1D #見備註/See Remarks 7 靈活付款計劃 Flexible Payment Plan ‧包含「提前成交現金回贈」條款 ""Early Completion Cash Rebate"" is included ‧包含「過渡性貸款」條款 ""Transitional Loan"" is included ‧包含「特別現金回贈」條款 ""Special Cash Rebate"" is included ‧包含「備用第二按揭貸款」條款 ""Standby Second Mortgage Loan"" is included ‧「新地會」會員3%售價折扣優惠 3% discount from the Price for purchasers who are ""SHKP Club"" members ‧不選用「首24個月香港銀行同業拆息第 二按揭貸款」，可獲2%售價折扣優惠 Not to apply ""First 24 Months HIBOR Based Second Mortgage Loan"", a 2% discount on the Price ‧#(在18-10-2019修訂)(revised on 18-10- 2019)",
2013-11-02,2013-11-13,,第21座 第3區 Tower 21 Zone 3,78,E,,37539250,,"‧價單第1D號 (AA1)付款辦法 Payment Method (AA1) of Price List No.1D #見備註/See Remarks 7 靈活付款計劃 Flexible Payment Plan ‧包含「提前成交現金回贈」條款 ""Early Completion Cash Rebate"" is included ‧包含「過渡性貸款」條款 ""Transitional Loan"" is included ‧包含「特別現金回贈」條款 ""Special Cash Rebate"" is included ‧包含「備用第二按揭貸款」條款 ""Standby Second Mortgage Loan"" is included ‧「新地會」會員3%售價折扣優惠 3% discount from the Price for purchasers who are ""SHKP Club"" members ‧不選用「首24個月香港銀行同業拆息第 二按揭貸款」，可獲2%售價折扣優惠 Not to apply ""First 24 Months HIBOR Based Second Mortgage Loan"", a 2% discount on the Price ‧#(在18-10-2019修訂)(revised on 18-10- 2019)",
2013-11-02,2013-11-13,,第21座 第3區 Tower 21 Zone 3,68,E,,35472050,,"‧價單第1D號 (AA1)付款辦法 Payment Method (AA1) of Price List No.1D #見備註/See Remarks 7 靈活付款計劃 Flexible Payment Plan ‧包含「提前成交現金回贈」條款 ""Early Completion Cash Rebate"" is included ‧包含「過渡性貸款」條款 ""Transitional Loan"" is included ‧包含「特別現金回贈」條款 ""Special Cash Rebate"" is included ‧包含「備用第二按揭貸款」條款 ""Standby Second Mortgage Loan"" is included ‧「新地會」會員3%售價折扣優惠 3% discount from the Price for purchasers who are ""SHKP Club"" members ‧不選用「首24個月香港銀行同業拆息第 二按揭貸款」，可獲2%售價折扣優惠 Not to apply ""First 24 Months HIBOR Based Second Mortgage Loan"", a 2% discount on the Price ‧#(在18-10-2019修訂)(revised on 18-10- 2019)",
2013-11-02,2013-11-13,,第21座 第5區 Tower 21 Zone 5,51,H,,15520150,,"‧價單第1D號 (AA1)付款辦法 Payment Method (AA1) of Price List No.1D #見備註/See Remarks 7 靈活付款計劃 Flexible Payment Plan ‧包含「提前成交現金回贈」條款 ""Early Completion Cash Rebate"" is included ‧包含「過渡性貸款」條款 ""Transitional Loan"" is included ‧包含「特別現金回贈」條款 ""Special Cash Rebate"" is included ‧包含「備用第二按揭貸款」條款 ""Standby Second Mortgage Loan"" is included ‧「新地會」會員3%售價折扣優惠 3% discount from the Price for purchasers who are ""SHKP Club"" members ‧不選用「首24個月香港銀行同業拆息第 二按揭貸款」，可獲2%售價折扣優惠 Not to apply ""First 24 Months HIBOR Based Second Mortgage Loan"", a 2% discount on the Price ‧#(在18-10-2019修訂)(revised on 18-10- 2019)",
2013-11-02,2013-11-13,,第21座 第5區 Tower 21 Zone 5,50,H,,15466000,,"‧價單第1D號 (AA1)付款辦法 Payment Method (AA1) of Price List No.1D #見備註/See Remarks 7 靈活付款計劃 Flexible Payment Plan ‧包含「提前成交現金回贈」條款 ""Early Completion Cash Rebate"" is included ‧包含「過渡性貸款」條款 ""Transitional Loan"" is included ‧包含「特別現金回贈」條款 ""Special Cash Rebate"" is included ‧包含「備用第二按揭貸款」條款 ""Standby Second Mortgage Loan"" is included ‧「新地會」會員3%售價折扣優惠 3% discount from the Price for purchasers who are ""SHKP Club"" members ‧不選用「首24個月香港銀行同業拆息第 二按揭貸款」，可獲2%售價折扣優惠 Not to apply ""First 24 Months HIBOR Based Second Mortgage Loan"", a 2% discount on the Price ‧#(在18-10-2019修訂)(revised on 18-10- 2019)",
2013-11-02,2013-11-13,,第21座 第5區 Tower 21 Zone 5,63,J,,18939200,,"‧價單第1D號 (AA1)付款辦法 Payment Method (AA1) of Price List No.1D #見備註/See Remarks 7 靈活付款計劃 Flexible Payment Plan ‧包含「提前成交現金回贈」條款 ""Early Completion Cash Rebate"" is included ‧包含「過渡性貸款」條款 ""Transitional Loan"" is included ‧包含「特別現金回贈」條款 ""Special Cash Rebate"" is included ‧包含「備用第二按揭貸款」條款 ""Standby Second Mortgage Loan"" is included ‧「新地會」會員3%售價折扣優惠 3% discount from the Price for purchasers who are ""SHKP Club"" members ‧不選用「首24個月香港銀行同業拆息第 二按揭貸款」，可獲2%售價折扣優惠 Not to apply ""First 24 Months HIBOR Based Second Mortgage Loan"", a 2% discount on the Price ‧#(在18-10-2019修訂)(revised on 18-10- 2019)",
2013-11-02,2013-11-13,,第21座 第6區 Tower 21 Zone 6,12,C,,19511100,,"‧價單第1D號 (AA1)付款辦法 Payment Method (AA1) of Price List No.1D #見備註/See Remarks 7 靈活付款計劃 Flexible Payment Plan ‧包含「提前成交現金回贈」條款 ""Early Completion Cash Rebate"" is included ‧包含「過渡性貸款」條款 ""Transitional Loan"" is included ‧包含「特別現金回贈」條款 ""Special Cash Rebate"" is included ‧包含「備用第二按揭貸款」條款 ""Standby Second Mortgage Loan"" is included ‧「新地會」會員3%售價折扣優惠 3% discount from the Price for purchasers who are ""SHKP Club"" members ‧不選用「首24個月香港銀行同業拆息第 二按揭貸款」，可獲2%售價折扣優惠 Not to apply ""First 24 Months HIBOR Based Second Mortgage Loan"", a 2% discount on the Price ‧#(在18-10-2019修訂)(revised on 18-10- 2019)",
2013-11-02,2013-11-13,,第20座 第2區 Tower 20 Zone 2,37,B,8091,83926800,,"‧價單第1D號 (AA1)付款辦法 Payment Method (AA1) of Price List No.1D #見備註/See Remarks 7 靈活付款計劃 Flexible Payment Plan ‧包含「提前成交現金回贈」條款 ""Early Completion Cash Rebate"" is included ‧包含「過渡性貸款」條款 ""Transitional Loan"" is included ‧包含「特別現金回贈」條款 ""Special Cash Rebate"" is included ‧包含「備用第二按揭貸款」條款 ""Standby Second Mortgage Loan"" is included ‧「新地會」會員3%售價折扣優惠 3% discount from the Price for purchasers who are ""SHKP Club"" members ‧不選用「首24個月香港銀行同業拆息第 二按揭貸款」，可獲2%售價折扣優惠 Not to apply ""First 24 Months HIBOR Based Second Mortgage Loan"", a 2% discount on the Price ‧使用車位認購權 Exercise option to purchase carparking space ‧#(在18-10-2019修訂)(revised on 18-10- 2019)",
2013-11-02,2013-11-13,,第21座 第5區 Tower 21 Zone 5,50,K,,15122100,,"‧價單第1D號 (AA1)付款辦法 Payment Method (AA1) of Price List No.1D #見備註/See Remarks 7 靈活付款計劃 Flexible Payment Plan ‧包含「提前成交現金回贈」條款 ""Early Completion Cash Rebate"" is included ‧包含「過渡性貸款」條款 ""Transitional Loan"" is included ‧包含「特別現金回贈」條款 ""Special Cash Rebate"" is included ‧包含「備用第二按揭貸款」條款 ""Standby Second Mortgage Loan"" is included ‧「新地會」會員3%售價折扣優惠 3% discount from the Price for purchasers who are ""SHKP Club"" members ‧不選用「首24個月香港銀行同業拆息第 二按揭貸款」，可獲2%售價折扣優惠 Not to apply ""First 24 Months HIBOR Based Second Mortgage Loan"", a 2% discount on the Price ‧#(在18-10-2019修訂)(revised on 18-10- 2019)",
2013-11-02,2013-11-13,,第21座 第5區 Tower 21 Zone 5,50,J,,18824790,,"‧價單第1D號 (AA1)付款辦法 Payment Method (AA1) of Price List No.1D #見備註/See Remarks 7 靈活付款計劃 Flexible Payment Plan ‧包含「提前成交現金回贈」條款 ""Early Completion Cash Rebate"" is included ‧包含「過渡性貸款」條款 ""Transitional Loan"" is included ‧包含「特別現金回贈」條款 ""Special Cash Rebate"" is included ‧包含「備用第二按揭貸款」條款 ""Standby Second Mortgage Loan"" is included ‧「新地會」會員3%售價折扣優惠 3% discount from the Price for purchasers who are ""SHKP Club"" members ‧選用「首24個月香港銀行同業拆息第二 按揭貸款」 Apply ""First 24 Months HIBOR Based Second Mortgage Loan"" ‧#(在18-10-2019修訂)(revised on 18-10- 2019)",
2013-11-02,2013-11-13,,第21座 第5區 Tower 21 Zone 5,63,K,,15532500,,"‧價單第1D號 (AA1)付款辦法 Payment Method (AA1) of Price List No.1D #見備註/See Remarks 7 靈活付款計劃 Flexible Payment Plan ‧包含「提前成交現金回贈」條款 ""Early Completion Cash Rebate"" is included ‧包含「過渡性貸款」條款 ""Transitional Loan"" is included ‧包含「特別現金回贈」條款 ""Special Cash Rebate"" is included ‧包含「備用第二按揭貸款」條款 ""Standby Second Mortgage Loan"" is included ‧「新地會」會員3%售價折扣優惠 3% discount from the Price for purchasers who are ""SHKP Club"" members ‧不選用「首24個月香港銀行同業拆息第 二按揭貸款」，可獲2%售價折扣優惠 Not to apply ""First 24 Months HIBOR Based Second Mortgage Loan"", a 2% discount on the Price ‧#(在18-10-2019修訂)(revised on 18-10- 2019)",
2013-11-02,2013-11-13,,第21座 第6區 Tower 21 Zone 6,15,C,,19889200,,"‧價單第1D號 (AA1)付款辦法 Payment Method (AA1) of Price List No.1D #見備註/See Remarks 7 靈活付款計劃 Flexible Payment Plan ‧包含「提前成交現金回贈」條款 ""Early Completion Cash Rebate"" is included ‧包含「過渡性貸款」條款 ""Transitional Loan"" is included ‧包含「特別現金回贈」條款 ""Special Cash Rebate"" is included ‧包含「備用第二按揭貸款」條款 ""Standby Second Mortgage Loan"" is included ‧「新地會」會員3%售價折扣優惠 3% discount from the Price for purchasers who are ""SHKP Club"" members ‧不選用「首24個月香港銀行同業拆息第 二按揭貸款」，可獲2%售價折扣優惠 Not to apply ""First 24 Months HIBOR Based Second Mortgage Loan"", a 2% discount on the Price ‧#(在18-10-2019修訂)(revised on 18-10- 2019)",
2013-11-02,2013-11-13,,第21座 第5區 Tower 21 Zone 5,61,K,,15424200,,"‧價單第1D號 (AA1)付款辦法 Payment Method (AA1) of Price List No.1D #見備註/See Remarks 7 靈活付款計劃 Flexible Payment Plan ‧包含「提前成交現金回贈」條款 ""Early Completion Cash Rebate"" is included ‧包含「過渡性貸款」條款 ""Transitional Loan"" is included ‧包含「特別現金回贈」條款 ""Special Cash Rebate"" is included ‧包含「備用第二按揭貸款」條款 ""Standby Second Mortgage Loan"" is included ‧「新地會」會員3%售價折扣優惠 3% discount from the Price for purchasers who are ""SHKP Club"" members ‧不選用「首24個月香港銀行同業拆息第 二按揭貸款」，可獲2%售價折扣優惠 Not to apply ""First 24 Months HIBOR Based Second Mortgage Loan"", a 2% discount on the Price ‧#(在18-10-2019修訂)(revised on 18-10- 2019)",
2013-11-02,2013-11-13,,第21座 第5區 Tower 21 Zone 5,51,K,,15175300,,"‧價單第1D號 (AA1)付款辦法 Payment Method (AA1) of Price List No.1D #見備註/See Remarks 7 靈活付款計劃 Flexible Payment Plan ‧包含「提前成交現金回贈」條款 ""Early Completion Cash Rebate"" is included ‧包含「過渡性貸款」條款 ""Transitional Loan"" is included ‧包含「特別現金回贈」條款 ""Special Cash Rebate"" is included ‧包含「備用第二按揭貸款」條款 ""Standby Second Mortgage Loan"" is included ‧「新地會」會員3%售價折扣優惠 3% discount from the Price for purchasers who are ""SHKP Club"" members ‧不選用「首24個月香港銀行同業拆息第 二按揭貸款」，可獲2%售價折扣優惠 Not to apply ""First 24 Months HIBOR Based Second Mortgage Loan"", a 2% discount on the Price ‧#(在18-10-2019修訂)(revised on 18-10- 2019)",
2013-11-29,2013-12-11,,第20座 第2區 Tower 20 Zone 2,38,C,8135,68569100,,"‧價單第1E號 (AA2)付款辦法 Payment Method (AA2) of Price List No.1E #見備註/See Remarks 7 靈活付款計劃 Flexible Payment Plan ‧包含「提前成交現金回贈」條款 ""Early Completion Cash Rebate"" is included ‧包含「過渡性貸款」條款 ""Transitional Loan"" is included ‧包含「特別現金回贈」條款 ""Special Cash Rebate"" is included ‧包含「備用第二按揭貸款」條款 ""Standby Second Mortgage Loan"" is included ‧「新地會」會員3%售價折扣優惠 3% discount from the Price for purchasers who are ""SHKP Club"" members ‧不選用「首24個月香港銀行同業拆息第 二按揭貸款」，可獲2%售價折扣優惠 Not to apply ""First 24 Months HIBOR Based Second Mortgage Loan"", a 2% discount on the Price ‧使用車位認購權 Exercise option to purchase carparking space ‧#(在18-10-2019修訂)(revised on 18-10- 2019)",
2013-11-30,2013-12-11,,第21座 第3區 Tower 21 Zone 3,80,E,,39501000,,"‧價單第1E號 (AA2)付款辦法 Payment Method (AA2) of Price List No.1E #見備註/See Remarks 7 靈活付款計劃 Flexible Payment Plan ‧包含「提前成交現金回贈」條款 ""Early Completion Cash Rebate"" is included ‧包含「過渡性貸款」條款 ""Transitional Loan"" is included ‧包含「特別現金回贈」條款 ""Special Cash Rebate"" is included ‧包含「備用第二按揭貸款」條款 ""Standby Second Mortgage Loan"" is included ‧「新地會」會員3%售價折扣優惠 3% discount from the Price for purchasers who are ""SHKP Club"" members ‧不選用「首24個月香港銀行同業拆息第 二按揭貸款」，可獲2%售價折扣優惠 Not to apply ""First 24 Months HIBOR Based Second Mortgage Loan"", a 2% discount on the Price ‧#(在18-10-2019修訂)(revised on 18-10- 2019)",
2013-11-30,2013-12-11,,第21座 第3區 Tower 21 Zone 3,79,E,,38994650,,"‧價單第1E號 (AA2)付款辦法 Payment Method (AA2) of Price List No.1E #見備註/See Remarks 7 靈活付款計劃 Flexible Payment Plan ‧包含「提前成交現金回贈」條款 ""Early Completion Cash Rebate"" is included ‧包含「過渡性貸款」條款 ""Transitional Loan"" is included ‧包含「特別現金回贈」條款 ""Special Cash Rebate"" is included ‧包含「備用第二按揭貸款」條款 ""Standby Second Mortgage Loan"" is included ‧「新地會」會員3%售價折扣優惠 3% discount from the Price for purchasers who are ""SHKP Club"" members ‧不選用「首24個月香港銀行同業拆息第 二按揭貸款」，可獲2%售價折扣優惠 Not to apply ""First 24 Months HIBOR Based Second Mortgage Loan"", a 2% discount on the Price ‧#(在18-10-2019修訂)(revised on 18-10- 2019)",
2015-03-21,2015-04-01,,第20座 第1區 70 A Tower 20 Zone 1 第20座 第1區 70 B Tower 20 Zone 1,,,,103784400,,"‧價單第2號 (A2)付款辦法 Payment Method (A2) of Price List No.2 #見備註/See Remarks 7 188日付款計劃 188 Days Payment Plan ‧包含「付款計劃優惠」- 可獲5% 售價折扣優惠 ""Payment Plan Benefit""- A 5% discount on the Price is included ‧包含「新地會會員售價折扣優惠」- 可獲3% 售價折扣優惠 ""Price Discount Offer for SHKP Club Member""- A 3% discount on the Price is included ‧包含「家居設計及裝修折扣優惠」- 可獲2% 售價折扣優惠 ""Home Design and Decoration Discount Benefit""- A 2% discount on the Price is included ‧包含「印花稅優惠」條款 ""Stamp Duty Offer(s)"" is included ‧包含「首年P-3.88%備用第二按揭貸款」 條款 ""First Year P-3.88% Standby Second Mortgage Loan"" is included ‧包含「首3年保養優惠」條款 ""First 3 Years Maintenance Offer"" is included ‧包含「住戶停車位優惠」條款 ""Offer of Residential Car Parking Space(s)"" is included ‧#(在18-10-2019修訂)(revised on 18-10- 2019)",
2015-03-21,2015-04-01,,第20座 第1區 69 A Tower 20 Zone 1 第20座 第1區 69 B Tower 20 Zone 1,,,,108789200,,"‧價單第2號 (C2)付款辦法 Payment Method (C2) of Price List No.2 #見備註/See Remarks 7 買家印花稅靈活付款計劃 BSD Flexible Payment Plan ‧包含「新地會會員售價折扣優惠」- 可 獲3% 售價折扣優惠 ""Price Discount Offer for SHKP Club Member""- A 3% discount on the Price is included ‧包含「家居設計及裝修折扣優惠」- 可 獲2% 售價折扣優惠 ""Home Design and Decoration Discount Benefit""- A 2% discount on the Price is included ‧包含「印花稅優惠」條款 ""Stamp Duty Offer(s)"" is included ‧包含「首年P-3.88%備用第二按揭貸款」 條款 ""First Year P-3.88% Standby Second Mortgage Loan"" is included ‧包含「提前成交現金回贈」條款 ""Early Completion Cash Rebate"" is included ‧包含「首3年保養優惠」條款 ""First 3 Years Maintenance Offer"" is included ‧包含「住戶停車位優惠」條款 ""Offer of Residential Car Parking Space(s)"" is included ‧#(在18-10-2019修訂)(revised on 18-10- 2019)",
2015-03-21,2015-04-01,,第20座 第1區 68 A Tower 20 Zone 1 第20座 第1區 68 B Tower 20 Zone 1,,,,103063500,,"‧價單第2號 (A2)付款辦法 Payment Method (A2) of Price List No.2 #見備註/See Remarks 7 188日付款計劃 188 Days Payment Plan ‧包含「付款計劃優惠」- 可獲5% 售價折 扣優惠 ""Payment Plan Benefit""- A 5% discount on the Price is included ‧包含「新地會會員售價折扣優惠」- 可 獲3% 售價折扣優惠 ""Price Discount Offer for SHKP Club Member""- A 3% discount on the Price is included ‧包含「家居設計及裝修折扣優惠」- 可 獲2% 售價折扣優惠 ""Home Design and Decoration Discount Benefit""- A 2% discount on the Price is included ‧包含「印花稅優惠」條款 ""Stamp Duty Offer(s)"" is included ‧包含「首年P-3.88%備用第二按揭貸款」 條款 ""First Year P-3.88% Standby Second Mortgage Loan"" is included ‧包含「首3年保養優惠」條款 ""First 3 Years Maintenance Offer"" is included ‧包含「住戶停車位優惠」條款 ""Offer of Residential Car Parking Space(s)"" is included ‧#(在18-10-2019修訂)(revised on 18-10- 2019)",
2015-03-21,2015-04-01,,第20座 第1區 67 A Tower 20 Zone 1 第20座 第1區 67 B Tower 20 Zone 1,,,,107287300,,"‧價單第2號 (B2)付款辦法 Payment Method (B2) of Price List No.2 #見備註/See Remarks 7 540日靈活付款計劃 540 Days Flexible Payment Plan ‧包含「新地會會員售價折扣優惠」- 可 獲3% 售價折扣優惠 ""Price Discount Offer for SHKP Club Member""- A 3% discount on the Price is included ‧包含「家居設計及裝修折扣優惠」- 可 獲2% 售價折扣優惠 ""Home Design and Decoration Discount Benefit""- A 2% discount on the Price is included ‧包含「印花稅優惠」條款 ""Stamp Duty Offer(s)"" is included ‧包含「首年P-3.88%備用第二按揭貸款」 條款 ""First Year P-3.88% Standby Second Mortgage Loan"" is included ‧包含「提前成交現金回贈」條款 ""Early Completion Cash Rebate"" is included ‧包含「首3年保養優惠」條款 ""First 3 Years Maintenance Offer"" is included ‧包含「住戶停車位優惠」條款 ""Offer of Residential Car Parking Space(s)"" is included ‧#(在18-10-2019修訂)(revised on 18-10- 2019)",
2015-03-21,2015-04-01,,第20座 第1區 Tower 20 Zone 1,70,C,,67676100,"在30-07-2015，基於法例第35(2)(b)條所容許的原因 ，售價調整為$64,114,200。 On 30-07-2015, the price adjusted to $64,114,200 due to the reason allowed under section 35(2)(b) of the Ordinance.","‧價單第2號 (B2)付款辦法 Payment Method (B2) of Price List No.2 540日靈活付款計劃 540 Days Flexible Payment Plan ‧包含「新地會會員售價折扣優惠」- 可 獲3% 售價折扣優惠 ""Price Discount Offer for",
2015-03-21,2015-04-01,,第20座 第1區 Tower 20 Zone 1,68,C,,67206800,,"‧價單第2號 (B2)付款辦法 Payment Method (B2) of Price List No.2 #見備註/See Remarks 7 540日靈活付款計劃 540 Days Flexible Payment Plan ‧包含「新地會會員售價折扣優惠」- 可 獲3% 售價折扣優惠 ""Price Discount Offer for SHKP Club Member""- A 3% discount on the Price is included ‧包含「家居設計及裝修折扣優惠」- 可 獲2% 售價折扣優惠 ""Home Design and Decoration Discount Benefit""- A 2% discount on the Price is included ‧包含「印花稅優惠」條款 ""Stamp Duty Offer(s)"" is included ‧包含「首年P-3.88%備用第二按揭貸款」 條款 ""First Year P-3.88% Standby Second Mortgage Loan"" is included ‧包含「提前成交現金回贈」條款 ""Early Completion Cash Rebate"" is included ‧包含「首3年保養優惠」條款 ""First 3 Years Maintenance Offer"" is included ‧包含「住戶停車位優惠」條款 ""Offer of Residential Car Parking Space(s)"" is included ‧#(在18-10-2019修訂)(revised on 18-10- 2019)",
2015-03-21,2015-04-01,,第20座 第1區 Tower 20 Zone 1,70,D,,58246200,,"‧價單第2號 (A2)付款辦法 Payment Method (A2) of Price List No.2 #見備註/See Remarks 7 188日付款計劃 188 Days Payment Plan ‧包含「付款計劃優惠」- 可獲5% 售價折 扣優惠 ""Payment Plan Benefit""- A 5% discount on the Price is included ‧包含「新地會會員售價折扣優惠」- 可 獲3% 售價折扣優惠 ""Price Discount Offer for SHKP Club Member""- A 3% discount on the Price is included ‧包含「家居設計及裝修折扣優惠」- 可 獲2% 售價折扣優惠 ""Home Design and Decoration Discount Benefit""- A 2% discount on the Price is included ‧包含「印花稅優惠」條款 ""Stamp Duty Offer(s)"" is included ‧包含「首年P-3.88%備用第二按揭貸款」 條款 ""First Year P-3.88% Standby Second Mortgage Loan"" is included ‧包含「首3年保養優惠」條款 ""First 3 Years Maintenance Offer"" is included ‧包含「住戶停車位優惠」條款 ""Offer of Residential Car Parking Space(s)"" is included ‧#(在18-10-2019修訂)(revised on 18-10- 2019)",
2015-03-21,2015-04-01,,第20座 第1區 Tower 20 Zone 1,69,D,,61053600,,"‧價單第2號 (B2)付款辦法 Payment Method (B2) of Price List No.2 #見備註/See Remarks 7 540日靈活付款計劃 540 Days Flexible Payment Plan ‧包含「新地會會員售價折扣優惠」- 可 獲3% 售價折扣優惠 ""Price Discount Offer for SHKP Club Member""- A 3% discount on the Price is included ‧包含「家居設計及裝修折扣優惠」- 可 獲2% 售價折扣優惠 ""Home Design and Decoration Discount Benefit""- A 2% discount on the Price is included ‧包含「印花稅優惠」條款 ""Stamp Duty Offer(s)"" is included ‧包含「首年P-3.88%備用第二按揭貸款」 條款 ""First Year P-3.88% Standby Second Mortgage Loan"" is included ‧包含「提前成交現金回贈」條款 ""Early Completion Cash Rebate"" is included ‧包含「首3年保養優惠」條款 ""First 3 Years Maintenance Offer"" is included ‧包含「住戶停車位優惠」條款 ""Offer of Residential Car Parking Space(s)"" is included ‧#(在18-10-2019修訂)(revised on 18-10- 2019)",
2015-03-21,2015-04-01,,第20座 第1區 Tower 20 Zone 1,68,D,,61053600,,"‧價單第2號 (B2)付款辦法 Payment Method (B2) of Price List No.2 #見備註/See Remarks 7 540日靈活付款計劃 540 Days Flexible Payment Plan ‧包含「新地會會員售價折扣優惠」- 可 獲3% 售價折扣優惠 ""Price Discount Offer for SHKP Club Member""- A 3% discount on the Price is included ‧包含「家居設計及裝修折扣優惠」- 可 獲2% 售價折扣優惠 ""Home Design and Decoration Discount Benefit""- A 2% discount on the Price is included ‧包含「印花稅優惠」條款 ""Stamp Duty Offer(s)"" is included ‧包含「首年P-3.88%備用第二按揭貸款」 條款 ""First Year P-3.88% Standby Second Mortgage Loan"" is included ‧包含「提前成交現金回贈」條款 ""Early Completion Cash Rebate"" is included ‧包含「首3年保養優惠」條款 ""First 3 Years Maintenance Offer"" is included ‧#(在18-10-2019修訂)(revised on 18-10- 2019)",
2015-03-21,2015-04-01,,第20座 第1區 Tower 20 Zone 1,67,D,,57042000,,"‧價單第2號 (A2)付款辦法 Payment Method (A2) of Price List No.2 #見備註/See Remarks 7 188日付款計劃 188 Days Payment Plan ‧包含「付款計劃優惠」- 可獲5% 售價折 扣優惠 ""Payment Plan Benefit""- A 5% discount on the Price is included ‧包含「新地會會員售價折扣優惠」- 可 獲3% 售價折扣優惠 ""Price Discount Offer for SHKP Club Member""- A 3% discount on the Price is included ‧包含「家居設計及裝修折扣優惠」- 可 獲2% 售價折扣優惠 ""Home Design and Decoration Discount Benefit""- A 2% discount on the Price is included ‧包含「印花稅優惠」條款 ""Stamp Duty Offer(s)"" is included ‧包含「首年P-3.88%備用第二按揭貸款」 條款 ""First Year P-3.88% Standby Second Mortgage Loan"" is included ‧包含「首3年保養優惠」條款 ""First 3 Years Maintenance Offer"" is included ‧包含「住戶停車位優惠」條款 ""Offer of Residential Car Parking Space(s)"" is included ‧#(在18-10-2019修訂)(revised on 18-10- 2019)",
2015-03-29,2015-04-13,,第20座 第1區 73 A Tower 20 Zone 1 第20座 第1區 73 B Tower 20 Zone 1,,,,107453700,,"‧價單第2A號 (A2A)付款辦法 Payment Method (A2A) of Price List No.2A #見備註/See Remarks 7 188日付款計劃 188 Days Payment Plan ‧包含「付款計劃優惠」- 可獲5% 售價折 扣優惠 ""Payment Plan Benefit""- A 5% discount on the Price is included ‧包含「新地會會員售價折扣優惠」- 可 獲3% 售價折扣優惠 ""Price Discount Offer for SHKP Club Member""- A 3% discount on the Price is included ‧包含「家居設計及裝修折扣優惠」- 可 獲1% 售價折扣優惠 ""Home Design and Decoration Discount Benefit""- A 1% discount on the Price is included ‧包含「印花稅優惠」條款 ""Stamp Duty Offer(s)"" is included ‧包含「首年P-3.88%備用第二按揭貸款」 條款 ""First Year P-3.88% Standby Second Mortgage Loan"" is included ‧包含「首3年保養優惠」條款 ""First 3 Years Maintenance Offer"" is included ‧包含「住戶停車位優惠」條款 ""Offer of Residential Car Parking Space(s)"" is included ‧#(在18-10-2019修訂)(revised on 18-10- 2019)",
2015-04-09,2015-04-21,,第20座 第1區 Tower 20 Zone 1,71,D,,57350400,,"‧價單第2A號 (A2A)付款辦法 Payment Method (A2A) of Price List No.2A #見備註/See Remarks 7 188日付款計劃 188 Days Payment Plan ‧包含「付款計劃優惠」- 可獲5% 售價折 扣優惠 ""Payment Plan Benefit""- A 5% discount on the Price is included ‧包含「新地會會員售價折扣優惠」- 可 獲3% 售價折扣優惠 ""Price Discount Offer for SHKP Club Member""- A 3% discount on the Price is included ‧包含「家居設計及裝修折扣優惠」- 可 獲1% 售價折扣優惠 ""Home Design and Decoration Discount Benefit""- A 1% discount on the Price is included ‧包含「置業售價折扣」- 可獲3% 售價折 扣優惠 ""Home Purchase Price Discount""- A 3% discount on the Price is included ‧包含「首年P-3.88%備用第二按揭貸款」 條款 ""First Year P-3.88% Standby Second Mortgage Loan"" is included ‧包含「首3年保養優惠」條款 ""First 3 Years Maintenance Offer"" is included ‧包含「住戶停車位優惠」條款 ""Offer of Residential Car Parking Space(s)"" is included ‧#(在18-10-2019修訂)(revised on 18-10- 2019)",
2015-05-03,2015-05-13,,第20座 第1區 71 A Tower 20 Zone 1 第20座 第1區 71 B Tower 20 Zone 1,,,,111646000,,"‧價單第2A號 (C2A)付款辦法 Payment Method (C2A) of Price List No.2A #見備註/See Remarks 7 買家印花稅靈活付款計劃 BSD Flexible Payment Plan ‧包含「新地會會員售價折扣優惠」- 可 獲3% 售價折扣優惠 ""Price Discount Offer for SHKP Club Member""- A 3% discount on the Price is included ‧包含「家居設計及裝修折扣優惠」- 可 獲1% 售價折扣優惠 ""Home Design and Decoration Discount Benefit""- A 1% discount on the Price is included ‧包含「印花稅優惠」條款 ""Stamp Duty Offer(s)"" is included ‧包含「首年P-3.88%備用第二按揭貸款」 條款 ""First Year P-3.88% Standby Second Mortgage Loan"" is included ‧包含「提前成交現金回贈」條款 ""Early Completion Cash Rebate"" is included ‧包含「首3年保養優惠」條款 ""First 3 Years Maintenance Offer"" is included ‧包含「住戶停車位優惠」條款 ""Offer of Residential Car Parking Space(s)"" is included ‧#(在18-10-2019修訂)(revised on 18-10- 2019)",
2015-05-03,2015-05-13,,第20座 第1區 Tower 20 Zone 1,71,C,,68867500,,"‧價單第2A號 (C2A)付款辦法 Payment Method (C2A) of Price List No.2A #見備註/See Remarks 7 買家印花稅靈活付款計劃 BSD Flexible Payment Plan ‧包含「新地會會員售價折扣優惠」- 可 獲3% 售價折扣優惠 ""Price Discount Offer for SHKP Club Member""- A 3% discount on the Price is included ‧包含「家居設計及裝修折扣優惠」- 可 獲1% 售價折扣優惠 ""Home Design and Decoration Discount Benefit""- A 1% discount on the Price is included ‧包含「印花稅優惠」條款 ""Stamp Duty Offer(s)"" is included ‧包含「首年P-3.88%備用第二按揭貸款」 條款 ""First Year P-3.88% Standby Second Mortgage Loan"" is included ‧包含「提前成交現金回贈」條款 ""Early Completion Cash Rebate"" is included ‧包含「首3年保養優惠」條款 ""First 3 Years Maintenance Offer"" is included ‧包含「住戶停車位優惠」條款 ""Offer of Residential Car Parking Space(s)"" is included ‧#(在18-10-2019修訂)(revised on 18-10- 2019)",
2015-05-04,2015-05-14,,第20座 第1區 Tower 20 Zone 1,73,D,,60137300,,"‧價單第2A號 (A2A)付款辦法 Payment Method (A2A) of Price List No.2A #見備註/See Remarks 7 188日付款計劃 188 Days Payment Plan ‧包含「付款計劃優惠」- 可獲5% 售價折 扣優惠 ""Payment Plan Benefit""- A 5% discount on the Price is included ‧包含「新地會會員售價折扣優惠」- 可 獲3% 售價折扣優惠 ""Price Discount Offer for SHKP Club Member""- A 3% discount on the Price is included ‧包含「家居設計及裝修折扣優惠」- 可 獲1% 售價折扣優惠 ""Home Design and Decoration Discount Benefit""- A 1% discount on the Price is included ‧包含「印花稅優惠」條款 ""Stamp Duty Offer(s)"" is included ‧包含「首年P-3.88%備用第二按揭貸款」 條款 ""First Year P-3.88% Standby Second Mortgage Loan"" is included ‧包含「首3年保養優惠」條款 ""First 3 Years Maintenance Offer"" is included ‧包含「住戶停車位優惠」條款 ""Offer of Residential Car Parking Space(s)"" is included ‧#(在18-10-2019修訂)(revised on 18-10- 2019)",
2015-05-06,2015-05-18,,第20座 第1區 Tower 20 Zone 1,69,C,,64377000,,"‧價單第2A號 (A2A)付款辦法 Payment Method (A2A) of Price List No.2A #見備註/See Remarks 7 188日付款計劃 188 Days Payment Plan ‧包含「付款計劃優惠」- 可獲5% 售價折 扣優惠 ""Payment Plan Benefit""- A 5% discount on the Price is included ‧包含「新地會會員售價折扣優惠」- 可 獲3% 售價折扣優惠 ""Price Discount Offer for SHKP Club Member""- A 3% discount on the Price is included ‧包含「家居設計及裝修折扣優惠」- 可 獲1% 售價折扣優惠 ""Home Design and Decoration Discount Benefit""- A 1% discount on the Price is included ‧包含「印花稅優惠」條款 ""Stamp Duty Offer(s)"" is included ‧包含「首年P-3.88%備用第二按揭貸款」 條款 ""First Year P-3.88% Standby Second Mortgage Loan"" is included ‧包含「首3年保養優惠」條款 ""First 3 Years Maintenance Offer"" is included ‧包含「住戶停車位優惠」條款 ""Offer of Residential Car Parking Space(s)"" is included ‧#(在18-10-2019修訂)(revised on 18-10- 2019)",
2015-06-10,2015-06-22,,第20座 第1區 Tower 20 Zone 1,67,C,,63487900,,"‧價單第2B號 (A2A)付款辦法 Payment Method (A2A) of Price List No.2B #見備註/See Remarks 7 188日付款計劃 188 Days Payment Plan ‧包含「付款計劃優惠」- 可獲5% 售價折 扣優惠 ""Payment Plan Benefit""- A 5% discount on the Price is included ‧包含「新地會會員售價折扣優惠」- 可 獲3% 售價折扣優惠 ""Price Discount Offer for SHKP Club Member""- A 3% discount on the Price is included ‧包含「家居設計及裝修折扣優惠」- 可 獲1% 售價折扣優惠 ""Home Design and Decoration Discount Benefit""- A 1% discount on the Price is included ‧包含「印花稅優惠」條款 ""Stamp Duty Offer(s)"" is included ‧包含「首年P-3.88%備用第二按揭貸款」 條款 ""First Year P-3.88% Standby Second Mortgage Loan"" is included ‧包含「首3年保養優惠」條款 ""First 3 Years Maintenance Offer"" is included ‧包含「住戶停車位優惠」條款 ""Offer of Residential Car Parking Space(s)"" is included ‧#(在18-10-2019修訂)(revised on 18-10- 2019)",
2015-06-17,2015-06-29,,第20座 第1區 Tower 20 Zone 1,73,C,,69835200,,"‧價單第2B號 (B2A)付款辦法 Payment Method (B2A) of Price List No.2B #見備註/See Remarks 7 540日靈活付款計劃 540 Days Flexible Payment Plan ‧包含「新地會會員售價折扣優惠」- 可 獲3% 售價折扣優惠 ""Price Discount Offer for SHKP Club Member""- A 3% discount on the Price is included ‧包含「家居設計及裝修折扣優惠」- 可 獲1% 售價折扣優惠 ""Home Design and Decoration Discount Benefit""- A 1% discount on the Price is included ‧包含「印花稅優惠」條款 ""Stamp Duty Offer(s)"" is included ‧包含「首年P-3.88%備用第二按揭貸款」 條款 ""First Year P-3.88% Standby Second Mortgage Loan"" is included ‧包含「提前成交現金回贈」條款 ""Early Completion Cash Rebate"" is included ‧包含「首3年保養優惠」條款 ""First 3 Years Maintenance Offer"" is included ‧包含「住戶停車位優惠」條款 ""Offer of Residential Car Parking Space(s)"" is included ‧#(在18-10-2019修訂)(revised on 18-10- 2019)",
2015-11-30,2015-12-10,,第21座 第3區 Tower 21 Zone 3,75,B,,51132400,,"‧價單第2C號 (A2A)付款辦法 Payment Method (A2A) of Price List No.2C #見備註/See Remarks 7 188日付款計劃 188 Days Payment Plan ‧包含「付款計劃優惠」- 可獲5% 售價折 扣優惠 ""Payment Plan Benefit""- A 5% discount on the Price is included ‧包含「新地會會員售價折扣優惠」- 可 獲3% 售價折扣優惠 ""Price Discount Offer for SHKP Club Member""- A 3% discount on the Price is included ‧包含「家居設計及裝修折扣優惠」- 可 獲1% 售價折扣優惠 ""Home Design and Decoration Discount Benefit""- A 1% discount on the Price is included ‧包含「置業售價折扣」- 可獲3% 售價折 扣優惠 ""Home Purchase Price Discount""- A 3% discount on the Price is included ‧包含「首年P-3.88%備用第二按揭貸款」 條款 ""First Year P-3.88% Standby Second Mortgage Loan"" is included ‧包含「首3年保養優惠」條款 ""First 3 Years Maintenance Offer"" is included ‧#(在18-10-2019修訂)(revised on 18-10- 2019)",
2016-03-07,2016-03-17,,第20座 第1區 Tower 20 Zone 1,76,A,,74640000,,"‧價單第2D號 (A2D)付款辦法 Payment Method (A2D) of Price List No.2D #見備註/See Remarks 7 188日付款計劃 188 Days Payment Plan ‧包含「付款計劃優惠」- 可獲5% 售價折 扣優惠 ""Payment Plan Benefit""- A 5% discount on the Price is included ‧包含「新地會會員售價折扣優惠」- 可 獲3% 售價折扣優惠 ""Price Discount Offer for SHKP Club Member""- A 3% discount on the Price is included ‧包含「家居設計及裝修折扣優惠」- 可 獲1% 售價折扣優惠 ""Home Design and Decoration Discount Benefit""- A 1% discount on the Price is included ‧包含「印花稅優惠」條款 ""Stamp Duty Offer(s)"" is included ‧包含「備用按揭貸款」條款 ""Standby Mortgage Loan"" is included ‧包含「首3年保養優惠」條款 ""First 3 Years Maintenance Offer"" is included ‧包含「住戶停車位優惠」條款 ""Offer of Residential Car Parking Space(s)"" is included ‧#(在18-10-2019修訂)(revised on 18-10- 2019)",
2016-07-15,2016-07-27,,第21座 第3區 Tower 21 Zone 3,73,B,,52507900,,"‧價單第2D號 (A2D)付款辦法 Payment Method (A2D) of Price List No.2D #見備註/See Remarks 7 188日付款計劃 188 Days Payment Plan ‧包含「付款計劃優惠」- 可獲5% 售價折 扣優惠 ""Payment Plan Benefit""- A 5% discount on the Price is included ‧包含「新地會會員售價折扣優惠」- 可 獲3% 售價折扣優惠 ""Price Discount Offer for SHKP Club Member""- A 3% discount on the Price is included ‧包含「家居設計及裝修折扣優惠」- 可 獲1% 售價折扣優惠 ""Home Design and Decoration Discount Benefit""- A 1% discount on the Price is included ‧包含「印花稅優惠」條款 ""Stamp Duty Offer(s)"" is included ‧包含「備用按揭貸款」條款 ""Standby Mortgage Loan"" is included ‧包含「首3年保養優惠」條款 ""First 3 Years Maintenance Offer"" is included ‧#(在18-10-2019修訂)(revised on 18-10- 2019)",
2016-08-15,2016-08-25,,第20座 第1區 Tower 20 Zone 1,76,D,,60983600,,"‧價單第2D號 (A2D)付款辦法 Payment Method (A2D) of Price List No.2D #見備註/See Remarks 7 188日付款計劃 188 Days Payment Plan ‧包含「付款計劃優惠」- 可獲5% 售價折 扣優惠 ""Payment Plan Benefit""- A 5% discount on the Price is included ‧包含「新地會會員售價折扣優惠」- 可 獲3% 售價折扣優惠 ""Price Discount Offer for SHKP Club Member""- A 3% discount on the Price is included ‧包含「家居設計及裝修折扣優惠」- 可 獲1% 售價折扣優惠 ""Home Design and Decoration Discount Benefit""- A 1% discount on the Price is included ‧包含「印花稅優惠」條款 ""Stamp Duty Offer(s)"" is included ‧包含「備用按揭貸款」條款 ""Standby Mortgage Loan"" is included ‧包含「首3年保養優惠」條款 ""First 3 Years Maintenance Offer"" is included ‧包含「住戶停車位優惠」條款 ""Offer of Residential Car Parking Space(s)"" is included ‧#(在18-10-2019修訂)(revised on 18-10- 2019)",
2016-08-16,2016-08-26,,第21座 第3區 Tower 21 Zone 3,75,C,,78248100,,"‧價單第2D號 (A2D)付款辦法 Payment Method (A2D) of Price List No.2D #見備註/See Remarks 7 188日付款計劃 188 Days Payment Plan ‧包含「付款計劃優惠」- 可獲5% 售價折 扣優惠 ""Payment Plan Benefit""- A 5% discount on the Price is included ‧包含「新地會會員售價折扣優惠」- 可 獲3% 售價折扣優惠 ""Price Discount Offer for SHKP Club Member""- A 3% discount on the Price is included ‧包含「家居設計及裝修折扣優惠」- 可 獲1% 售價折扣優惠 ""Home Design and Decoration Discount Benefit""- A 1% discount on the Price is included ‧包含「印花稅優惠」條款 ""Stamp Duty Offer(s)"" is included ‧包含「備用按揭貸款」條款 ""Standby Mortgage Loan"" is included ‧包含「首3年保養優惠」條款 ""First 3 Years Maintenance Offer"" is included ‧包含「住戶停車位優惠」條款 ""Offer of Residential Car Parking Space(s)"" is included ‧#(在18-10-2019修訂)(revised on 18-10- 2019)",
2016-08-18,2016-08-30,,第21座 第3區 Tower 21 Zone 3,76,B,,53245900,,"‧價單第2D號 (A2D)付款辦法 Payment Method (A2D) of Price List No.2D #見備註/See Remarks 7 188日付款計劃 188 Days Payment Plan ‧包含「付款計劃優惠」- 可獲5% 售價折 扣優惠 ""Payment Plan Benefit""- A 5% discount on the Price is included ‧包含「新地會會員售價折扣優惠」- 可 獲3% 售價折扣優惠 ""Price Discount Offer for SHKP Club Member""- A 3% discount on the Price is included ‧包含「家居設計及裝修折扣優惠」- 可 獲1% 售價折扣優惠 ""Home Design and Decoration Discount Benefit""- A 1% discount on the Price is included ‧包含「印花稅優惠」條款 ""Stamp Duty Offer(s)"" is included ‧包含「備用按揭貸款」條款 ""Standby Mortgage Loan"" is included ‧包含「首3年保養優惠」條款 ""First 3 Years Maintenance Offer"" is included ‧#(在18-10-2019修訂)(revised on 18-10- 2019)",
2016-08-18,2016-08-30,,第21座 第3區 Tower 21 Zone 3,76,C,,83125400,,"‧價單第2D號 (B2D)付款辦法 Payment Method (B2D) of Price List No.2D #見備註/See Remarks 7 540日靈活付款計劃 540 Days Flexible Payment Plan ‧包含「新地會會員售價折扣優惠」- 可 獲3% 售價折扣優惠 ""Price Discount Offer for SHKP Club Member""- A 3% discount on the Price is included ‧包含「家居設計及裝修折扣優惠」- 可 獲1% 售價折扣優惠 ""Home Design and Decoration Discount Benefit""- A 1% discount on the Price is included ‧包含「印花稅優惠」條款 ""Stamp Duty Offer(s)"" is included ‧包含「備用按揭貸款」條款 ""Standby Mortgage Loan"" is included ‧包含「提前成交現金回贈」條款 ""Early Completion Cash Rebate"" is included ‧包含「首3年保養優惠」條款 ""First 3 Years Maintenance Offer"" is included ‧包含「住戶停車位優惠」條款 ""Offer of Residential Car Parking Space(s)"" is included ‧#(在18-10-2019修訂)(revised on 18-10- 2019)",
2016-08-21,2016-08-31,,第20座 第1區 Tower 20 Zone 1,76,C,,67127900,,"‧價單第2D號 (A2D)付款辦法 Payment Method (A2D) of Price List No.2D #見備註/See Remarks 7 188日付款計劃 188 Days Payment Plan ‧包含「付款計劃優惠」- 可獲5% 售價折 扣優惠 ""Payment Plan Benefit""- A 5% discount on the Price is included ‧包含「新地會會員售價折扣優惠」- 可 獲3% 售價折扣優惠 ""Price Discount Offer for SHKP Club Member""- A 3% discount on the Price is included ‧包含「家居設計及裝修折扣優惠」- 可 獲1% 售價折扣優惠 ""Home Design and Decoration Discount Benefit""- A 1% discount on the Price is included ‧包含「印花稅優惠」條款 ""Stamp Duty Offer(s)"" is included ‧包含「備用按揭貸款」條款 ""Standby Mortgage Loan"" is included ‧包含「首3年保養優惠」條款 ""First 3 Years Maintenance Offer"" is included ‧包含「住戶停車位優惠」條款 ""Offer of Residential Car Parking Space(s)"" is included ‧#(在18-10-2019修訂)(revised on 18-10- 2019)",
2016-09-21,2016-10-03,,第20座 第1區 Tower 20 Zone 1,78,D,,64138600,,"‧價單第2E號 (A2D)付款辦法 Payment Method (A2D) of Price List No.2E #見備註/See Remarks 7 188日付款計劃 188 Days Payment Plan ‧包含「付款計劃優惠」- 可獲5% 售價折 扣優惠 ""Payment Plan Benefit""- A 5% discount on the Price is included ‧包含「新地會會員售價折扣優惠」- 可 獲3% 售價折扣優惠 ""Price Discount Offer for SHKP Club Member""- A 3% discount on the Price is included ‧包含「家居設計及裝修折扣優惠」- 可 獲1% 售價折扣優惠 ""Home Design and Decoration Discount Benefit""- A 1% discount on the Price is included ‧包含「印花稅優惠」條款 ""Stamp Duty Offer(s)"" is included ‧包含「備用按揭貸款」條款 ""Standby Mortgage Loan"" is included ‧包含「首3年保養優惠」條款 ""First 3 Years Maintenance Offer"" is included ‧包含「住戶停車位優惠」條款 ""Offer of Residential Car Parking Space(s)"" is included ‧#(在18-10-2019修訂)(revised on 18-10- 2019)",
2016-09-26,2016-10-06,,第21座 第3區 Tower 21 Zone 3,77,C,,81728000,,"‧價單第2E號 (A2D)付款辦法 Payment Method (A2D) of Price List No.2E #見備註/See Remarks 7 188日付款計劃 188 Days Payment Plan ‧包含「付款計劃優惠」- 可獲5% 售價折 扣優惠 ""Payment Plan Benefit""- A 5% discount on the Price is included ‧包含「新地會會員售價折扣優惠」- 可 獲3% 售價折扣優惠 ""Price Discount Offer for SHKP Club Member""- A 3% discount on the Price is included ‧包含「家居設計及裝修折扣優惠」- 可 獲1% 售價折扣優惠 ""Home Design and Decoration Discount Benefit""- A 1% discount on the Price is included ‧包含「印花稅優惠」條款 ""Stamp Duty Offer(s)"" is included ‧包含「備用按揭貸款」條款 ""Standby Mortgage Loan"" is included ‧包含「首3年保養優惠」條款 ""First 3 Years Maintenance Offer"" is included ‧包含「住戶停車位優惠」條款 ""Offer of Residential Car Parking Space(s)"" is included ‧#(在18-10-2019修訂)(revised on 18-10- 2019)",
2016-10-11,2016-10-24,,第20座 第1區 Tower 20 Zone 1,78,A,,75913200,,"‧價單第2E號 (A2D)付款辦法 Payment Method (A2D) of Price List No.2E #見備註/See Remarks 7 188日付款計劃 188 Days Payment Plan ‧包含「付款計劃優惠」- 可獲5% 售價折 扣優惠 ""Payment Plan Benefit""- A 5% discount on the Price is included ‧包含「新地會會員售價折扣優惠」- 可 獲3% 售價折扣優惠 ""Price Discount Offer for SHKP Club Member""- A 3% discount on the Price is included ‧包含「家居設計及裝修折扣優惠」- 可 獲1% 售價折扣優惠 ""Home Design and Decoration Discount Benefit""- A 1% discount on the Price is included ‧包含「置業售價折扣」- 可獲3% 售價折 扣優惠 ""Home Purchase Price Discount""- A 3% discount on the Price is included ‧包含「備用按揭貸款」條款 ""Standby Mortgage Loan"" is included ‧包含「首3年保養優惠」條款 ""First 3 Years Maintenance Offer"" is included ‧包含「住戶停車位優惠」條款 ""Offer of Residential Car Parking Space(s)"" is included ‧#(在18-10-2019修訂)(revised on 18-10- 2019)",
2016-11-02,2016-11-14,,第20座 第1區 79 A Tower 20 Zone 1 第20座 第1區 79 B Tower 20 Zone 1,,,,116845400,,"‧價單第2F號 (A2D)付款辦法 Payment Method (A2D) of Price List No.2F #見備註/See Remarks 7 188日付款計劃 188 Days Payment Plan ‧包含「付款計劃優惠」- 可獲5% 售價折 扣優惠 ""Payment Plan Benefit""- A 5% discount on the Price is included ‧包含「新地會會員售價折扣優惠」- 可 獲3% 售價折扣優惠 ""Price Discount Offer for SHKP Club Member""- A 3% discount on the Price is included ‧包含「家居設計及裝修折扣優惠」- 可 獲1% 售價折扣優惠 ""Home Design and Decoration Discount Benefit""- A 1% discount on the Price is included ‧包含「置業售價折扣」- 可獲3% 售價折 扣優惠 ""Home Purchase Price Discount""- A 3% discount on the Price is included ‧包含「備用按揭貸款」條款 ""Standby Mortgage Loan"" is included ‧包含「首3年保養優惠」條款 ""First 3 Years Maintenance Offer"" is included ‧包含「住戶停車位優惠」條款 ""Offer of Residential Car Parking Space(s)"" is included ‧#(在18-10-2019修訂)(revised on 18-10- 2019)",
2016-11-02,2016-11-14,,第20座 第1區 Tower 20 Zone 1,78,C,,72153100,,"‧價單第2F號 (B2D)付款辦法 Payment Method (B2D) of Price List No.2F #見備註/See Remarks 7 540日靈活付款計劃 540 Days Flexible Payment Plan ‧包含「新地會會員售價折扣優惠」- 可 獲3% 售價折扣優惠 ""Price Discount Offer for SHKP Club Member""- A 3% discount on the Price is included ‧包含「家居設計及裝修折扣優惠」- 可 獲1% 售價折扣優惠 ""Home Design and Decoration Discount Benefit""- A 1% discount on the Price is included ‧包含「置業售價折扣」- 可獲3% 售價折 扣優惠 ""Home Purchase Price Discount""- A 3% discount on the Price is included ‧包含「備用按揭貸款」條款 ""Standby Mortgage Loan"" is included ‧包含「提前成交現金回贈」條款 ""Early Completion Cash Rebate"" is included ‧包含「首3年保養優惠」條款 ""First 3 Years Maintenance Offer"" is included ‧包含「住戶停車位優惠」條款 ""Offer of Residential Car Parking Space(s)"" is included ‧#(在18-10-2019修訂)(revised on 18-10- 2019)",
2016-11-02,2016-11-14,,第20座 第1區 Tower 20 Zone 1,79,D,,67251700,,"‧價單第2F號 (A2D)付款辦法 Payment Method (A2D) of Price List No.2F #見備註/See Remarks 7 188日付款計劃 188 Days Payment Plan ‧包含「付款計劃優惠」- 可獲5% 售價折 扣優惠 ""Payment Plan Benefit""- A 5% discount on the Price is included ‧包含「新地會會員售價折扣優惠」- 可 獲3% 售價折扣優惠 ""Price Discount Offer for SHKP Club Member""- A 3% discount on the Price is included ‧包含「家居設計及裝修折扣優惠」- 可 獲1% 售價折扣優惠 ""Home Design and Decoration Discount Benefit""- A 1% discount on the Price is included ‧包含「印花稅優惠」條款 ""Stamp Duty Offer(s)"" is included ‧包含「備用按揭貸款」條款 ""Standby Mortgage Loan"" is included ‧包含「首3年保養優惠」條款 ""First 3 Years Maintenance Offer"" is included ‧包含「住戶停車位優惠」條款 ""Offer of Residential Car Parking Space(s)"" is included ‧#(在18-10-2019修訂)(revised on 18-10- 2019)",
2017-01-20,2017-02-03,,第20座 第1區 Tower 20 Zone 1,79,C,,71587100,,"‧價單第2G號 (A2G)付款辦法 Payment Method (A2G) of Price List No.2G #見備註/See Remarks 7 188日付款計劃 188 Days Payment Plan ‧包含「付款計劃優惠」- 可獲5% 售價折 扣優惠 ""Payment Plan Benefit""- A 5% discount on the Price is included ‧包含「新地會會員售價折扣優惠」- 可 獲3% 售價折扣優惠 ""Price Discount Offer for SHKP Club Member""- A 3% discount on the Price is included ‧包含「家居設計及裝修折扣優惠」- 可 獲1% 售價折扣優惠 ""Home Design and Decoration Discount Benefit""- A 1% discount on the Price is included ‧包含「置業售價折扣」- 可獲3% 售價折 扣優惠 ""Home Purchase Price Discount""- A 3% discount on the Price is included ‧包含「備用按揭貸款」條款 ""Standby Mortgage Loan"" is included ‧包含「首3年保養優惠」條款 ""First 3 Years Maintenance Offer"" is included ‧包含「住戶停車位優惠」條款 ""Offer of Residential Car Parking Space(s)"" is included ‧#(在18-10-2019修訂)(revised on 18-10- 2019)",
2017-03-09,2017-03-21,,第21座 第3區 Tower 21 Zone 3,77,B,,53407200,,"‧價單第2H號 (A2G)付款辦法 Payment Method (A2G) of Price List No.2H #見備註/See Remarks 7 188日付款計劃 188 Days Payment Plan ‧包含「付款計劃優惠」- 可獲5% 售價折 扣優惠 ""Payment Plan Benefit""- A 5% discount on the Price is included ‧包含「新地會會員售價折扣優惠」- 可 獲3% 售價折扣優惠 ""Price Discount Offer for SHKP Club Member""- A 3% discount on the Price is included ‧包含「家居設計及裝修折扣優惠」- 可 獲1% 售價折扣優惠 ""Home Design and Decoration Discount Benefit""- A 1% discount on the Price is included ‧包含「置業售價折扣」- 可獲3% 售價折 扣優惠 ""Home Purchase Price Discount""- A 3% discount on the Price is included ‧包含「備用按揭貸款」條款 ""Standby Mortgage Loan"" is included ‧包含「首3年保養優惠」條款 ""First 3 Years Maintenance Offer"" is included ‧#(在18-10-2019修訂)(revised on 18-10- 2019)",
2017-03-16,2017-03-28,,第20座 第1區 80 A Tower 20 Zone 1 第20座 第1區 80 B Tower 20 Zone 1,,,,123967200,,"‧價單第2H號 (A2G)付款辦法 Payment Method (A2G) of Price List No.2H #見備註/See Remarks 7 188日付款計劃 188 Days Payment Plan ‧包含「付款計劃優惠」- 可獲5% 售價折 扣優惠 ""Payment Plan Benefit""- A 5% discount on the Price is included ‧包含「新地會會員售價折扣優惠」- 可 獲3% 售價折扣優惠 ""Price Discount Offer for SHKP Club Member""- A 3% discount on the Price is included ‧包含「家居設計及裝修折扣優惠」- 可 獲1% 售價折扣優惠 ""Home Design and Decoration Discount Benefit""- A 1% discount on the Price is included ‧包含「置業售價折扣」- 可獲3% 售價折 扣優惠 ""Home Purchase Price Discount""- A 3% discount on the Price is included ‧包含「備用按揭貸款」條款 ""Standby Mortgage Loan"" is included ‧包含「首3年保養優惠」條款 ""First 3 Years Maintenance Offer"" is included ‧包含「住戶停車位優惠」條款 ""Offer of Residential Car Parking Space(s)"" is included ‧#(在18-10-2019修訂)(revised on 18-10- 2019)",
2017-04-15,2017-04-27,,第20座 第1區 Tower 20 Zone 1,80,D,,70829400,,"‧價單第2H號 (A2G)付款辦法 Payment Method (A2G) of Price List No.2H #見備註/See Remarks 7 188日付款計劃 188 Days Payment Plan ‧包含「付款計劃優惠」- 可獲5% 售價折 扣優惠 ""Payment Plan Benefit""- A 5% discount on the Price is included ‧包含「新地會會員售價折扣優惠」- 可 獲3% 售價折扣優惠 ""Price Discount Offer for SHKP Club Member""- A 3% discount on the Price is included ‧包含「家居設計及裝修折扣優惠」- 可 獲1% 售價折扣優惠 ""Home Design and Decoration Discount Benefit""- A 1% discount on the Price is included ‧包含「置業售價折扣」- 可獲3% 售價折 扣優惠 ""Home Purchase Price Discount""- A 3% discount on the Price is included ‧包含「備用按揭貸款」條款 ""Standby Mortgage Loan"" is included ‧包含「首3年保養優惠」條款 ""First 3 Years Maintenance Offer"" is included ‧包含「住戶停車位優惠」條款 ""Offer of Residential Car Parking Space(s)"" is included ‧#(在18-10-2019修訂)(revised on 18-10- 2019)",
2017-05-15,2017-05-25,,第20座 第1區 Tower 20 Zone 1,81,A,,88804300,,"‧價單第2I號 (A2I)付款辦法 Payment Method (A2I) of Price List No.2I #見備註/See Remarks 7 188日付款計劃 188 Days Payment Plan ‧包含「付款計劃優惠」- 可獲5% 售價折 扣優惠 ""Payment Plan Benefit""- A 5% discount on the Price is included ‧包含「新地會會員售價折扣優惠」- 可 獲3% 售價折扣優惠 ""Price Discount Offer for SHKP Club Member""- A 3% discount on the Price is included ‧包含「家居設計及裝修折扣優惠」- 可 獲1% 售價折扣優惠 ""Home Design and Decoration Discount Benefit""- A 1% discount on the Price is included ‧包含「置業售價折扣」- 可獲3% 售價折 扣優惠 ""Home Purchase Price Discount""- A 3% discount on the Price is included ‧包含「備用按揭貸款」條款 ""Standby Mortgage Loan"" is included ‧包含「首3年保養優惠」條款 ""First 3 Years Maintenance Offer"" is included ‧包含「住戶停車位優惠」條款 ""Offer of Residential Car Parking Space(s)"" is included ‧#(在18-10-2019修訂)(revised on 18-10- 2019)",
2017-05-19,2017-06-01,,第20座 第1區 Tower 20 Zone 1,81,B,,41555300,,"‧價單第2I號 (A2I)付款辦法 Payment Method (A2I) of Price List No.2I #見備註/See Remarks 7 188日付款計劃 188 Days Payment Plan ‧包含「付款計劃優惠」- 可獲5% 售價折 扣優惠 ""Payment Plan Benefit""- A 5% discount on the Price is included ‧包含「新地會會員售價折扣優惠」- 可 獲3% 售價折扣優惠 ""Price Discount Offer for SHKP Club Member""- A 3% discount on the Price is included ‧包含「家居設計及裝修折扣優惠」- 可 獲1% 售價折扣優惠 ""Home Design and Decoration Discount Benefit""- A 1% discount on the Price is included ‧包含「置業售價折扣」- 可獲3% 售價折 扣優惠 ""Home Purchase Price Discount""- A 3% discount on the Price is included ‧包含「備用按揭貸款」條款 ""Standby Mortgage Loan"" is included ‧包含「首3年保養優惠」條款 ""First 3 Years Maintenance Offer"" is included ‧#(在18-10-2019修訂)(revised on 18-10- 2019)",
2017-07-11,2017-07-21,,第20座 第1區 Tower 20 Zone 1,80,C,,75951000,,"‧價單第2I號 (A2I)付款辦法 Payment Method (A2I) of Price List No.2I #見備註/See Remarks 7 188日付款計劃 188 Days Payment Plan ‧包含「付款計劃優惠」- 可獲5% 售價折 扣優惠 ""Payment Plan Benefit""- A 5% discount on the Price is included ‧包含「新地會會員售價折扣優惠」- 可 獲3% 售價折扣優惠 ""Price Discount Offer for SHKP Club Member""- A 3% discount on the Price is included ‧包含「家居設計及裝修折扣優惠」- 可 獲1% 售價折扣優惠 ""Home Design and Decoration Discount Benefit""- A 1% discount on the Price is included ‧包含「置業售價折扣」- 可獲3% 售價折 扣優惠 ""Home Purchase Price Discount""- A 3% discount on the Price is included ‧包含「備用按揭貸款」條款 ""Standby Mortgage Loan"" is included ‧包含「首3年保養優惠」條款 ""First 3 Years Maintenance Offer"" is included ‧包含「住戶停車位優惠」條款 ""Offer of Residential Car Parking Space(s)"" is included ‧#(在18-10-2019修訂)(revised on 18-10- 2019)",
2017-08-21,2017-09-01,,第20座 第1區 Tower 20 Zone 1,78,B,,35523800,,"‧價單第2I號 (A2I)付款辦法 Payment Method (A2I) of Price List No.2I #見備註/See Remarks 7 188日付款計劃 188 Days Payment Plan ‧包含「付款計劃優惠」- 可獲5% 售價折 扣優惠 ""Payment Plan Benefit""- A 5% discount on the Price is included ‧包含「新地會會員售價折扣優惠」- 可 獲3% 售價折扣優惠 ""Price Discount Offer for SHKP Club Member""- A 3% discount on the Price is included ‧包含「家居設計及裝修折扣優惠」- 可 獲1% 售價折扣優惠 ""Home Design and Decoration Discount Benefit""- A 1% discount on the Price is included ‧包含「置業售價折扣」- 可獲3% 售價折 扣優惠 ""Home Purchase Price Discount""- A 3% discount on the Price is included ‧包含「備用按揭貸款」條款 ""Standby Mortgage Loan"" is included ‧包含「首3年保養優惠」條款 ""First 3 Years Maintenance Offer"" is included ‧#(在18-10-2019修訂)(revised on 18-10- 2019)",
2017-09-16,2017-09-27,,第20座 第1區 Tower 20 Zone 1,81,C,,82587900,,"‧價單第2I號 (A2I)付款辦法 Payment Method (A2I) of Price List No.2I #見備註/See Remarks 7 188日付款計劃 188 Days Payment Plan ‧包含「付款計劃優惠」- 可獲5% 售價折 扣優惠 ""Payment Plan Benefit""- A 5% discount on the Price is included ‧包含「新地會會員售價折扣優惠」- 可 獲3% 售價折扣優惠 ""Price Discount Offer for SHKP Club Member""- A 3% discount on the Price is included ‧包含「家居設計及裝修折扣優惠」- 可 獲1% 售價折扣優惠 ""Home Design and Decoration Discount Benefit""- A 1% discount on the Price is included ‧包含「印花稅優惠」條款 ""Stamp Duty Offer(s)"" is included ‧包含「備用按揭貸款」條款 ""Standby Mortgage Loan"" is included ‧包含「首3年保養優惠」條款 ""First 3 Years Maintenance Offer"" is included ‧包含「住戶停車位優惠」條款 ""Offer of Residential Car Parking Space(s)"" is included ‧#(在18-10-2019修訂)(revised on 18-10- 2019)",
2017-09-24,2017-10-06,,第20座 第1區 Tower 20 Zone 1,76,B,,33776100,,"‧價單第2I號 (A2I)付款辦法 Payment Method (A2I) of Price List No.2I #見備註/See Remarks 7 188日付款計劃 188 Days Payment Plan ‧包含「付款計劃優惠」- 可獲5% 售價折 扣優惠 ""Payment Plan Benefit""- A 5% discount on the Price is included ‧包含「新地會會員售價折扣優惠」- 可 獲3% 售價折扣優惠 ""Price Discount Offer for SHKP Club Member""- A 3% discount on the Price is included ‧包含「家居設計及裝修折扣優惠」- 可 獲1% 售價折扣優惠 ""Home Design and Decoration Discount Benefit""- A 1% discount on the Price is included ‧包含「置業售價折扣」- 可獲3% 售價折 扣優惠 ""Home Purchase Price Discount""- A 3% discount on the Price is included ‧包含「備用按揭貸款」條款 ""Standby Mortgage Loan"" is included ‧包含「首3年保養優惠」條款 ""First 3 Years Maintenance Offer"" is included ‧#(在18-10-2019修訂)(revised on 18-10- 2019)",
2017-10-02,2017-10-13,,第20座 第1區 Tower 20 Zone 1,82,A,,94730200,,"‧價單第2J號 (A2I)付款辦法 Payment Method (A2I) of Price List No.2J #見備註/See Remarks 7 188日付款計劃 188 Days Payment Plan ‧包含「付款計劃優惠」- 可獲5% 售價折 扣優惠 ""Payment Plan Benefit""- A 5% discount on the Price is included ‧包含「新地會會員售價折扣優惠」- 可 獲3% 售價折扣優惠 ""Price Discount Offer for SHKP Club Member""- A 3% discount on the Price is included ‧包含「家居設計及裝修折扣優惠」- 可 獲1% 售價折扣優惠 ""Home Design and Decoration Discount Benefit""- A 1% discount on the Price is included ‧包含「置業售價折扣」- 可獲3% 售價折 扣優惠 ""Home Purchase Price Discount""- A 3% discount on the Price is included ‧包含「備用按揭貸款」條款 ""Standby Mortgage Loan"" is included ‧包含「首3年保養優惠」條款 ""First 3 Years Maintenance Offer"" is included ‧包含「住戶停車位優惠」條款 ""Offer of Residential Car Parking Space(s)"" is included ‧#(在18-10-2019修訂)(revised on 18-10- 2019)",
2017-11-15,2017-11-27,,第20座 第1區 Tower 20 Zone 1,81,D,,74399600,,"‧價單第2J號 (A2I)付款辦法 Payment Method (A2I) of Price List No.2J #見備註/See Remarks 7 188日付款計劃 188 Days Payment Plan ‧包含「付款計劃優惠」- 可獲5% 售價折 扣優惠 ""Payment Plan Benefit""- A 5% discount on the Price is included ‧包含「新地會會員售價折扣優惠」- 可 獲3% 售價折扣優惠 ""Price Discount Offer for SHKP Club Member""- A 3% discount on the Price is included ‧包含「家居設計及裝修折扣優惠」- 可 獲1% 售價折扣優惠 ""Home Design and Decoration Discount Benefit""- A 1% discount on the Price is included ‧包含「置業售價折扣」- 可獲3% 售價折 扣優惠 ""Home Purchase Price Discount""- A 3% discount on the Price is included ‧包含「備用按揭貸款」條款 ""Standby Mortgage Loan"" is included ‧包含「首3年保養優惠」條款 ""First 3 Years Maintenance Offer"" is included ‧包含「住戶停車位優惠」條款 ""Offer of Residential Car Parking Space(s)"" is included ‧#(在18-10-2019修訂)(revised on 18-10- 2019)",
2018-03-15,2018-03-27,,第20座 第1區 Tower 20 Zone 1,82,D,,79255400,,"‧價單第2J號 (A2I)付款辦法 Payment Method (A2I) of Price List No.2J #見備註/See Remarks 7 188日付款計劃 188 Days Payment Plan ‧包含「付款計劃優惠」- 可獲5% 售價折 扣優惠 ""Payment Plan Benefit""- A 5% discount on the Price is included ‧包含「新地會會員售價折扣優惠」- 可 獲3% 售價折扣優惠 ""Price Discount Offer for SHKP Club Member""- A 3% discount on the Price is included ‧包含「家居設計及裝修折扣優惠」- 可 獲1% 售價折扣優惠 ""Home Design and Decoration Discount Benefit""- A 1% discount on the Price is included ‧包含「置業售價折扣」- 可獲3% 售價折 扣優惠 ""Home Purchase Price Discount""- A 3% discount on the Price is included ‧包含「備用按揭貸款」條款 ""Standby Mortgage Loan"" is included ‧包含「首3年保養優惠」條款 ""First 3 Years Maintenance Offer"" is included ‧包含「住戶停車位優惠」條款 ""Offer of Residential Car Parking Space(s)"" is included ‧#(在18-10-2019修訂)(revised on 18-10- 2019)",
2018-03-30,2018-04-13,,第20座 第1區 Tower 20 Zone 1,82,C,,85195400,,"‧價單第2J號 (A2I)付款辦法 Payment Method (A2I) of Price List No.2J #見備註/See Remarks 7 188日付款計劃 188 Days Payment Plan ‧包含「付款計劃優惠」- 可獲5% 售價折 扣優惠 ""Payment Plan Benefit""- A 5% discount on the Price is included ‧包含「新地會會員售價折扣優惠」- 可 獲3% 售價折扣優惠 ""Price Discount Offer for SHKP Club Member""- A 3% discount on the Price is included ‧包含「家居設計及裝修折扣優惠」- 可 獲1% 售價折扣優惠 ""Home Design and Decoration Discount Benefit""- A 1% discount on the Price is included ‧包含「置業售價折扣」- 可獲3% 售價折 扣優惠 ""Home Purchase Price Discount""- A 3% discount on the Price is included ‧包含「備用按揭貸款」條款 ""Standby Mortgage Loan"" is included ‧包含「首3年保養優惠」條款 ""First 3 Years Maintenance Offer"" is included ‧包含「住戶停車位優惠」條款 ""Offer of Residential Car Parking Space(s)"" is included ‧#(在18-10-2019修訂)(revised on 18-10- 2019)",
2018-04-16,2018-04-26,,第20座 第1區 Tower 20 Zone 1,83,A,,100736200,,"‧價單第2K號 (A2K)付款辦法 Payment Method (A2K) of Price List No.2K #見備註/See Remarks 7 188日付款計劃 188 Days Payment Plan ‧包含「付款計劃優惠」- 可獲5% 售價折 扣優惠 ""Payment Plan Benefit""- A 5% discount on the Price is included ‧包含「新地會會員售價折扣優惠」- 可 獲3% 售價折扣優惠 ""Price Discount Offer for SHKP Club Member""- A 3% discount on the Price is included ‧包含「家居設計及裝修折扣優惠」- 可 獲1% 售價折扣優惠 ""Home Design and Decoration Discount Benefit""- A 1% discount on the Price is included ‧包含「置業售價折扣」- 可獲3% 售價折 扣優惠 ""Home Purchase Price Discount""- A 3% discount on the Price is included ‧包含「備用按揭貸款」條款 ""Standby Mortgage Loan"" is included ‧包含「首3年保養優惠」條款 ""First 3 Years Maintenance Offer"" is included ‧包含「住戶停車位優惠」條款 ""Offer of Residential Car Parking Space(s)"" is included ‧#(在18-10-2019修訂)(revised on 18-10- 2019)",
2018-04-16,2018-04-26,,第20座 第1區 Tower 20 Zone 1,83,C,,93684500,,"‧價單第2K號 (A2K)付款辦法 Payment Method (A2K) of Price List No.2K #見備註/See Remarks 7 188日付款計劃 188 Days Payment Plan ‧包含「付款計劃優惠」- 可獲5% 售價折 扣優惠 ""Payment Plan Benefit""- A 5% discount on the Price is included ‧包含「新地會會員售價折扣優惠」- 可 獲3% 售價折扣優惠 ""Price Discount Offer for SHKP Club Member""- A 3% discount on the Price is included ‧包含「家居設計及裝修折扣優惠」- 可 獲1% 售價折扣優惠 ""Home Design and Decoration Discount Benefit""- A 1% discount on the Price is included ‧包含「印花稅優惠」條款 ""Stamp Duty Offer(s)"" is included ‧包含「備用按揭貸款」條款 ""Standby Mortgage Loan"" is included ‧包含「首3年保養優惠」條款 ""First 3 Years Maintenance Offer"" is included ‧包含「住戶停車位優惠」條款 ""Offer of Residential Car Parking Space(s)"" is included ‧#(在18-10-2019修訂)(revised on 18-10- 2019)",
2018-04-16,2018-04-26,,第20座 第1區 Tower 20 Zone 1,83,D,,87043300,,"‧價單第2K號 (A2K)付款辦法 Payment Method (A2K) of Price List No.2K #見備註/See Remarks 7 188日付款計劃 188 Days Payment Plan ‧包含「付款計劃優惠」- 可獲5% 售價折 扣優惠 ""Payment Plan Benefit""- A 5% discount on the Price is included ‧包含「新地會會員售價折扣優惠」- 可 獲3% 售價折扣優惠 ""Price Discount Offer for SHKP Club Member""- A 3% discount on the Price is included ‧包含「家居設計及裝修折扣優惠」- 可 獲1% 售價折扣優惠 ""Home Design and Decoration Discount Benefit""- A 1% discount on the Price is included ‧包含「印花稅優惠」條款 ""Stamp Duty Offer(s)"" is included ‧包含「備用按揭貸款」條款 ""Standby Mortgage Loan"" is included ‧包含「首3年保養優惠」條款 ""First 3 Years Maintenance Offer"" is included ‧#(在18-10-2019修訂)(revised on 18-10- 2019)",
2018-05-07,2018-05-17,,第20座 第1區 Tower 20 Zone 1,85,A,,110662600,,"‧價單第2L號 (A2K)付款辦法 Payment Method (A2K) of Price List No.2L #見備註/See Remarks 7 188日付款計劃 188 Days Payment Plan ‧包含「付款計劃優惠」- 可獲5% 售價折 扣優惠 ""Payment Plan Benefit""- A 5% discount on the Price is included ‧包含「新地會會員售價折扣優惠」- 可 獲3% 售價折扣優惠 ""Price Discount Offer for SHKP Club Member""- A 3% discount on the Price is included ‧包含「家居設計及裝修折扣優惠」- 可 獲1% 售價折扣優惠 ""Home Design and Decoration Discount Benefit""- A 1% discount on the Price is included ‧包含「置業售價折扣」- 可獲3% 售價折 扣優惠 ""Home Purchase Price Discount""- A 3% discount on the Price is included ‧包含「備用按揭貸款」條款 ""Standby Mortgage Loan"" is included ‧包含「首3年保養優惠」條款 ""First 3 Years Maintenance Offer"" is included ‧包含「住戶停車位優惠」條款 ""Offer of Residential Car Parking Space(s)"" is included ‧#(在18-10-2019修訂)(revised on 18-10- 2019)",
2018-05-18,2018-05-31,,第20座 第1區 Tower 20 Zone 1,85,D,,92297000,,"‧價單第2L號 (A2K)付款辦法 Payment Method (A2K) of Price List No.2L #見備註/See Remarks 7 188日付款計劃 188 Days Payment Plan ‧包含「付款計劃優惠」- 可獲5% 售價折 扣優惠 ""Payment Plan Benefit""- A 5% discount on the Price is included ‧包含「新地會會員售價折扣優惠」- 可 獲3% 售價折扣優惠 ""Price Discount Offer for SHKP Club Member""- A 3% discount on the Price is included ‧包含「家居設計及裝修折扣優惠」- 可 獲1% 售價折扣優惠 ""Home Design and Decoration Discount Benefit""- A 1% discount on the Price is included ‧包含「置業售價折扣」- 可獲3% 售價折 扣優惠 ""Home Purchase Price Discount""- A 3% discount on the Price is included ‧包含「備用按揭貸款」條款 ""Standby Mortgage Loan"" is included ‧包含「首3年保養優惠」條款 ""First 3 Years Maintenance Offer"" is included ‧包含「住戶停車位優惠」條款 ""Offer of Residential Car Parking Space(s)"" is included ‧#(在18-10-2019修訂)(revised on 18-10- 2019)",
2018-05-31,2018-06-12,,第20座 第1區 Tower 20 Zone 1,85,C,,105180200,,"‧價單第2L號 (B2K)付款辦法 Payment Method (B2K) of Price List No.2L #見備註/See Remarks 7 540日靈活付款計劃 540 Days Flexible Payment Plan ‧包含「新地會會員售價折扣優惠」- 可 獲3% 售價折扣優惠 ""Price Discount Offer for SHKP Club Member""- A 3% discount on the Price is included ‧包含「家居設計及裝修折扣優惠」- 可 獲1% 售價折扣優惠 ""Home Design and Decoration Discount Benefit""- A 1% discount on the Price is included ‧包含「置業售價折扣」- 可獲3% 售價折 扣優惠 ""Home Purchase Price Discount""- A 3% discount on the Price is included ‧包含「備用按揭貸款」條款 ""Standby Mortgage Loan"" is included ‧包含「提前成交現金回贈」條款 ""Early Completion Cash Rebate"" is included ‧包含「首3年保養優惠」條款 ""First 3 Years Maintenance Offer"" is included ‧包含「住戶停車位優惠」條款 ""Offer of Residential Car Parking Space(s)"" is included ‧#(在18-10-2019修訂)(revised on 18-10- 2019)",
2018-07-30,2018-08-09,,第20座 第1區 Tower 20 Zone 1,82,B,,45838500,,"‧價單第2M號 (A2K)付款辦法 Payment Method (A2K) of Price List No.2M #見備註/See Remarks 7 188日付款計劃 188 Days Payment Plan ‧包含「付款計劃優惠」- 可獲5% 售價折 扣優惠 ""Payment Plan Benefit""- A 5% discount on the Price is included ‧包含「新地會會員售價折扣優惠」- 可 獲3% 售價折扣優惠 ""Price Discount Offer for SHKP Club Member""- A 3% discount on the Price is included ‧包含「家居設計及裝修折扣優惠」- 可 獲1% 售價折扣優惠 ""Home Design and Decoration Discount Benefit""- A 1% discount on the Price is included ‧包含「印花稅優惠」條款 ""Stamp Duty Offer(s)"" is included ‧包含「備用按揭貸款」條款 ""Standby Mortgage Loan"" is included ‧包含「首3年保養優惠」條款 ""First 3 Years Maintenance Offer"" is included ‧#(在18-10-2019修訂)(revised on 18-10- 2019)",
2018-07-30,2018-08-09,,第20座 第1區 Tower 20 Zone 1,72,C,,94662700,,"‧價單第2M號 (A2K)付款辦法 Payment Method (A2K) of Price List No.2M #見備註/See Remarks 7 188日付款計劃 188 Days Payment Plan ‧包含「付款計劃優惠」- 可獲5% 售價折 扣優惠 ""Payment Plan Benefit""- A 5% discount on the Price is included ‧包含「新地會會員售價折扣優惠」- 可 獲3% 售價折扣優惠 ""Price Discount Offer for SHKP Club Member""- A 3% discount on the Price is included ‧包含「家居設計及裝修折扣優惠」- 可 獲1% 售價折扣優惠 ""Home Design and Decoration Discount Benefit""- A 1% discount on the Price is included ‧包含「印花稅優惠」條款 ""Stamp Duty Offer(s)"" is included ‧包含「備用按揭貸款」條款 ""Standby Mortgage Loan"" is included ‧包含「首3年保養優惠」條款 ""First 3 Years Maintenance Offer"" is included ‧包含「住戶停車位優惠」條款 ""Offer of Residential Car Parking Space(s)"" is included ‧#(在18-10-2019修訂)(revised on 18-10- 2019)",
2018-08-22,2018-09-03,,第20座 第1區 Tower 20 Zone 1,83,B,,48745900,,"‧價單第2M號 (A2K)付款辦法 Payment Method (A2K) of Price List No.2M #見備註/See Remarks 7 188日付款計劃 188 Days Payment Plan ‧包含「付款計劃優惠」- 可獲5% 售價折 扣優惠 ""Payment Plan Benefit""- A 5% discount on the Price is included ‧包含「新地會會員售價折扣優惠」- 可 獲3% 售價折扣優惠 ""Price Discount Offer for SHKP Club Member""- A 3% discount on the Price is included ‧包含「家居設計及裝修折扣優惠」- 可 獲1% 售價折扣優惠 ""Home Design and Decoration Discount Benefit""- A 1% discount on the Price is included ‧包含「印花稅優惠」條款 ""Stamp Duty Offer(s)"" is included ‧包含「備用按揭貸款」條款 ""Standby Mortgage Loan"" is included ‧包含「首3年保養優惠」條款 ""First 3 Years Maintenance Offer"" is included ‧#(在18-10-2019修訂)(revised on 18-10- 2019)",
2018-09-04,2018-09-14,,第20座 第1區 Tower 20 Zone 1,72,A,,100547900,,"‧價單第2M號 (A2K)付款辦法 Payment Method (A2K) of Price List No.2M #見備註/See Remarks 7 188日付款計劃 188 Days Payment Plan ‧包含「付款計劃優惠」- 可獲5% 售價折 扣優惠 ""Payment Plan Benefit""- A 5% discount on the Price is included ‧包含「新地會會員售價折扣優惠」- 可 獲3% 售價折扣優惠 ""Price Discount Offer for SHKP Club Member""- A 3% discount on the Price is included ‧包含「家居設計及裝修折扣優惠」- 可 獲1% 售價折扣優惠 ""Home Design and Decoration Discount Benefit""- A 1% discount on the Price is included ‧包含「置業售價折扣」- 可獲3% 售價折 扣優惠 ""Home Purchase Price Discount""- A 3% discount on the Price is included ‧包含「備用按揭貸款」條款 ""Standby Mortgage Loan"" is included ‧包含「首3年保養優惠」條款 ""First 3 Years Maintenance Offer"" is included ‧包含「住戶停車位優惠」條款 ""Offer of Residential Car Parking Space(s)"" is included ‧#(在18-10-2019修訂)(revised on 18-10- 2019)",
2018-09-04,2018-09-14,,第20座 第1區 Tower 20 Zone 1,72,B,,47630800,,"‧價單第2M號 (A2K)付款辦法 Payment Method (A2K) of Price List No.2M #見備註/See Remarks 7 188日付款計劃 188 Days Payment Plan ‧包含「付款計劃優惠」- 可獲5% 售價折 扣優惠 ""Payment Plan Benefit""- A 5% discount on the Price is included ‧包含「新地會會員售價折扣優惠」- 可 獲3% 售價折扣優惠 ""Price Discount Offer for SHKP Club Member""- A 3% discount on the Price is included ‧包含「家居設計及裝修折扣優惠」- 可 獲1% 售價折扣優惠 ""Home Design and Decoration Discount Benefit""- A 1% discount on the Price is included ‧包含「置業售價折扣」- 可獲3% 售價折 扣優惠 ""Home Purchase Price Discount""- A 3% discount on the Price is included ‧包含「備用按揭貸款」條款 ""Standby Mortgage Loan"" is included ‧包含「首3年保養優惠」條款 ""First 3 Years Maintenance Offer"" is included ‧#(在18-10-2019修訂)(revised on 18-10- 2019)",
2018-09-17,2018-09-28,,第20座 第1區 Tower 20 Zone 1,77,A,,108985200,,"‧價單第2N號 (A2K)付款辦法 Payment Method (A2K) of Price List No.2N #見備註/See Remarks 7 188日付款計劃 188 Days Payment Plan ‧包含「付款計劃優惠」- 可獲5% 售價折 扣優惠 ""Payment Plan Benefit""- A 5% discount on the Price is included ‧包含「新地會會員售價折扣優惠」- 可 獲3% 售價折扣優惠 ""Price Discount Offer for SHKP Club Member""- A 3% discount on the Price is included ‧包含「家居設計及裝修折扣優惠」- 可 獲1% 售價折扣優惠 ""Home Design and Decoration Discount Benefit""- A 1% discount on the Price is included ‧包含「印花稅優惠」條款 ""Stamp Duty Offer(s)"" is included ‧包含「備用按揭貸款」條款 ""Standby Mortgage Loan"" is included ‧包含「首3年保養優惠」條款 ""First 3 Years Maintenance Offer"" is included ‧包含「住戶停車位優惠」條款 ""Offer of Residential Car Parking Space(s)"" is included ‧#(在18-10-2019修訂)(revised on 18-10- 2019)",
2018-09-17,2018-09-28,,第20座 第1區 Tower 20 Zone 1,77,B,,51000000,,"‧價單第2N號 (A2K)付款辦法 Payment Method (A2K) of Price List No.2N #見備註/See Remarks 7 188日付款計劃 188 Days Payment Plan ‧包含「付款計劃優惠」- 可獲5% 售價折 扣優惠 ""Payment Plan Benefit""- A 5% discount on the Price is included ‧包含「新地會會員售價折扣優惠」- 可 獲3% 售價折扣優惠 ""Price Discount Offer for SHKP Club Member""- A 3% discount on the Price is included ‧包含「家居設計及裝修折扣優惠」- 可 獲1% 售價折扣優惠 ""Home Design and Decoration Discount Benefit""- A 1% discount on the Price is included ‧包含「印花稅優惠」條款 ""Stamp Duty Offer(s)"" is included ‧包含「備用按揭貸款」條款 ""Standby Mortgage Loan"" is included ‧包含「首3年保養優惠」條款 ""First 3 Years Maintenance Offer"" is included ‧#(在18-10-2019修訂)(revised on 18-10- 2019)",
2018-09-17,2018-09-28,,第21座 第3區 Tower 21 Zone 3,78,C,,123339300,,"‧價單第2N號 (B2K)付款辦法 Payment Method (B2K) of Price List No.2N #見備註/See Remarks 7 540日靈活付款計劃 540 Days Flexible Payment Plan ‧包含「新地會會員售價折扣優惠」- 可 獲3% 售價折扣優惠 ""Price Discount Offer for SHKP Club Member""- A 3% discount on the Price is included ‧包含「家居設計及裝修折扣優惠」- 可 獲1% 售價折扣優惠 ""Home Design and Decoration Discount Benefit""- A 1% discount on the Price is included ‧包含「置業售價折扣」- 可獲3% 售價折 扣優惠 ""Home Purchase Price Discount""- A 3% discount on the Price is included ‧包含「備用按揭貸款」條款 ""Standby Mortgage Loan"" is included ‧包含「提前成交現金回贈」條款 ""Early Completion Cash Rebate"" is included ‧包含「首3年保養優惠」條款 ""First 3 Years Maintenance Offer"" is included ‧包含「住戶停車位優惠」條款 ""Offer of Residential Car Parking Space(s)"" is included ‧#(在18-10-2019修訂)(revised on 18-10- 2019)",
2018-11-28,2018-12-05,,第20座 第1區 Tower 20 Zone 1,75,A,,106605500,,"‧價單第2O號 (A2K)付款辦法 Payment Method (A2K) of Price List No.2O #見備註/See Remarks 7 188日付款計劃 188 Days Payment Plan ‧包含「付款計劃優惠」- 可獲5% 售價折 扣優惠 ""Payment Plan Benefit""- A 5% discount on the Price is included ‧包含「新地會會員售價折扣優惠」- 可 獲3% 售價折扣優惠 ""Price Discount Offer for SHKP Club Member""- A 3% discount on the Price is included ‧包含「家居設計及裝修折扣優惠」- 可 獲1% 售價折扣優惠 ""Home Design and Decoration Discount Benefit""- A 1% discount on the Price is included ‧包含「印花稅優惠」條款 ""Stamp Duty Offer(s)"" is included ‧包含「備用按揭貸款」條款 ""Standby Mortgage Loan"" is included ‧包含「首3年保養優惠」條款 ""First 3 Years Maintenance Offer"" is included ‧包含「住戶停車位優惠」條款 ""Offer of Residential Car Parking Space(s)"" is included ‧#(在18-10-2019修訂)(revised on 18-10- 2019)",
2021-06-09,2021-06-17,,第20座 第2區 Tower 20 Zone 2,12,A,8083,201000000,,360 日付款計劃 (TB2) 360 days Payment Plan (TB2) 見備註/See Remarks 7.1(a) 見備註/See Remarks 7.1(b)(ii) ‧見備註/See Remarks 7.1(c)(ii)(d) ‧見備註/See Remarks 7.1(d)(iii) ‧見備註/See Remarks 7.1(e)(ii) ‧見備註/See Remarks 7.1(f)(xi),
2021-07-14,2021-07-19,,第20座 第1區 Tower 20 Zone 1,85,B,,51783600,,‧價單第2Q號 (D1)付款辦法 Payment Method (D1) of Price List No.2Q 見備註/See Remarks 7.1(a) 見備註/See Remarks 7.1(b)(i) 見備註/See Remarks 7.1(c)(i)(a) ‧見備註/See Remarks 7.1(c)(i)(d) ‧見備註/See Remarks 7.1(c)(i)(e) ‧見備註/See Remarks 7.1(c)(i)(f) ‧見備註/See Remarks 7.1(e)(i),
2021-08-05,2021-08-09,,第20座 第1區 Tower 20 Zone 1,77,C,8017,100585600,,180 日付款計劃 (TA2) 180 days Payment Plan (TA2) 見備註/See Remarks 7.1(a) 見備註/See Remarks 7.1(b)(ii) ‧見備註/See Remarks 7.1(c)(ii)(c) ‧見備註/See Remarks 7.1(d)(iii) ‧見備註/See Remarks 7.1(e)(ii),
2021-09-09,2021-09-15,,第21座 第3區 Tower 21 Zone 3,79,C,8193,130730400,,360 日付款計劃 (TB2) 360 days Payment Plan (TB2) 見備註/See Remarks 7.1(a) 見備註/See Remarks 7.1(b)(ii) ‧見備註/See Remarks 7.1(c)(ii)(d) ‧見備註/See Remarks 7.1(d)(iii) ‧見備註/See Remarks 7.1(e)(ii) ‧見備註/See Remarks 7.1(f)(x),
2022-08-03,2022-08-09,,第20座 第1區 Tower 20 Zone 1,86,A,8062,121442000,,180 日付款計劃 (TA2) 180 days Payment Plan (TA2) 見備註/See Remarks 7.1(a) 見備註/See Remarks 7.1(b)(ii) ‧見備註/See Remarks 7.1(c)(ii)(c) ‧見備註/See Remarks 7.1(d)(iii) ‧見備註/See Remarks 7.1(e)(ii),
2022-12-23,2023-01-04,,第21座 第3區 Tower 21 Zone 3,79,D,,55000000,,180 日付款計劃 (TA2) 180 days Payment Plan (TA2) 見備註/See Remarks 7.1(a) 見備註/See Remarks 7.1(b)(ii) ‧見備註/See Remarks 7.1(c)(ii)(c) ‧見備註/See Remarks 7.1(d)(iii) ‧見備註/See Remarks 7.1(e)(ii),
2023-02-14,2023-02-21,,第20座 第1區 Tower 20 Zone 1,87,A,8195,131901200,,360 日付款計劃 (TB2) 360 days Payment Plan (TB2) 見備註/See Remarks 7.1(a) 見備註/See Remarks 7.1(b)(ii) ‧見備註/See Remarks 7.1(c)(ii)(d) ‧見備註/See Remarks 7.1(d)(iii) ‧見備註/See Remarks 7.1(e)(ii),
2023-03-10,2023-03-17,,第20座 第2區 Tower 20 Zone 2,12,B,8087,75205000,,180 日付款計劃 (TA2) 180 days Payment Plan (TA2) 見備註/See Remarks 7.1(a) 見備註/See Remarks 7.1(b)(ii) ‧見備註/See Remarks 7.1(c)(ii)(c) ‧見備註/See Remarks 7.1(d)(iii) ‧見備註/See Remarks 7.1(e)(ii),
2023-03-21,2023-03-24,,第20座 第1區 Tower 20 Zone 1,88,A,8186,141955913,,180 日付款計劃 (TA2) 180 days Payment Plan (TA2) 見備註/See Remarks 7.1(a) 見備註/See Remarks 7.1(b)(ii) ‧見備註/See Remarks 7.1(c)(ii)(c) ‧見備註/See Remarks 7.1(d)(iii) ‧見備註/See Remarks 7.1(e)(ii),
2023-04-28,2023-05-05,,第21座 第3區 Tower 21 Zone 3,80,D,,58800000,,180 日付款計劃 (TA2) 180 days Payment Plan (TA2) 見備註/See Remarks 7.1(a) 見備註/See Remarks 7.1(b)(ii) ‧見備註/See Remarks 7.1(c)(ii)(c) ‧見備註/See Remarks 7.1(d)(iii) ‧見備註/See Remarks 7.1(e)(ii),
2023-05-03,2023-05-09,,第20座 第1區 Tower 20 Zone 1,72,D,,84894400,,‧價單第2R號 (D1)付款辦法 Payment Method (D1) of Price List No.2R 見備註/See Remarks 7.1(a) 見備註/See Remarks 7.1(b)(i) 見備註/See Remarks 7.1(c)(i)(a) ‧見備註/See Remarks 7.1(c)(i)(d) ‧見備註/See Remarks 7.1(c)(i)(e) ‧見備註/See Remarks 7.1(c)(i)(f) ‧見備註/See Remarks 7.1(e)(i) ‧見備註/See Remarks 7.1(f)(iii),
2023-05-21,2023-05-29,,第20座 第1區 Tower 20 Zone 1,77,D,,87890800,,‧價單第2R號 (D1)付款辦法 Payment Method (D1) of Price List No.2R 見備註/See Remarks 7.1(a) 見備註/See Remarks 7.1(b)(i) 見備註/See Remarks 7.1(c)(i)(a) ‧見備註/See Remarks 7.1(c)(i)(d) ‧見備註/See Remarks 7.1(c)(i)(e) ‧見備註/See Remarks 7.1(c)(i)(f) ‧見備註/See Remarks 7.1(e)(i) ‧見備註/See Remarks 7.1(f)(iii),
2023-08-30,2023-09-06,,第21座 第3區 Tower 21 Zone 3,78,B,,60280000,,180 日付款計劃 (TA2) 180 days Payment Plan (TA2) 見備註/See Remarks 7.1(a) 見備註/See Remarks 7.1(b)(ii) ‧見備註/See Remarks 7.1(c)(ii)(c) ‧見備註/See Remarks 7.1(d)(iii) ‧見備註/See Remarks 7.1(e)(ii),
2023-11-21,2023-11-24,,第21座 第3區 Tower 21 Zone 3,81,B,8207,156888000,,180 日付款計劃 (TA3) 180 days Payment Plan (TA3) 見備註/See Remarks 7.1(a) 見備註/See Remarks 7.1(b)(ii) ‧見備註/See Remarks 7.1(c)(ii)(e) ‧見備註/See Remarks 7.1(d)(iii) ‧見備註/See Remarks 7.1(e)(ii) ‧見備註/See Remarks 7.1(f)(xii),
2023-11-28,2023-12-05,,第20座 第1區 Tower 20 Zone 1,75,C,,94534000,,‧價單第2S號 (E1)付款辦法 Payment Method (E1) of Price List No.2S 見備註/See Remarks 7.1(a) 見備註/See Remarks 7.1(b)(i) 見備註/See Remarks 7.1(c)(i)(b) ‧見備註/See Remarks 7.1(c)(i)(d) ‧見備註/See Remarks 7.1(c)(i)(e) ‧見備註/See Remarks 7.1(c)(i)(f) ‧見備註/See Remarks 7.1(d)(i) ‧見備註/See Remarks 7.1(e)(i) ‧見備註/See Remarks 7.1(f)(iii),
2024-03-01,2024-03-08,,第21座 第3區 Tower 21 Zone 3,80,B,,64118700,,360 日付款計劃 (TB4) 360 days Payment Plan (TB4) 見備註/See Remarks 7.1(a) 見備註/See Remarks 7.1(b)(ii) ‧見備註/See Remarks 7.1(c)(ii)(h) ‧見備註/See Remarks 7.1(d)(iii) ‧見備註/See Remarks 7.1(e)(ii),
2024-03-01,2024-03-08,,第21座 第3區 Tower 21 Zone 3,79,B,,62943400,,360 日付款計劃 (TB4) 360 days Payment Plan (TB4) 見備註/See Remarks 7.1(a) 見備註/See Remarks 7.1(b)(ii) ‧見備註/See Remarks 7.1(c)(ii)(h) ‧見備註/See Remarks 7.1(d)(iii) ‧見備註/See Remarks 7.1(e)(ii) ‧見備註/See Remarks 7.1(f)(xii),
2024-09-27,2024-10-07,,第21座 第1區 Tower 21 Zone 1,89,A,8203,137360000,,180 日付款計劃 (TA4) 180 days Payment Plan (TA4) 見備註/See Remarks 7.1(a) 見備註/See Remarks 7.1(b)(ii) ‧見備註/See Remarks 7.1(c)(ii)(g) ‧見備註/See Remarks 7.1(d)(iii) ‧見備註/See Remarks 7.1(e)(ii),
2025-01-23,2025-02-04,,第21座 第1區 Tower 21 Zone 1,90,A,8202,152813000,,180 日付款計劃 (TA4) 180 days Payment Plan (TA4) 見備註/See Remarks 7.1(a) 見備註/See Remarks 7.1(b)(ii) ‧見備註/See Remarks 7.1(c)(ii)(g) ‧見備註/See Remarks 7.1(d)(iii) ‧見備註/See Remarks 7.1(e)(ii),
2025-04-02,2025-04-09,,第20座 第1區 Tower 20 Zone 1,89,A,,149544166,,180 日付款計劃 (TA4) 180 days Payment Plan (TA4) 見備註/See Remarks 7.1(a) 見備註/See Remarks 7.1(b)(ii) ‧見備註/See Remarks 7.1(c)(ii)(g) ‧見備註/See Remarks 7.1(d)(iv) ‧見備註/See Remarks 7.1(e)(ii) ‧見備註/See Remarks 7.1(f)(xiii),
2025-07-30,2025-08-06,,第20座 第1區 Tower 20 Zone 1,91,C,8001,231968000,,180 日付款計劃 (TA4) 180 days Payment Plan (TA4) 見備註/See Remarks 7.1(a) 見備註/See Remarks 7.1(b)(ii) ‧見備註/See Remarks 7.1(c)(ii)(g) ‧見備註/See Remarks 7.1(d)(iv) ‧見備註/See Remarks 7.1(e)(ii) ‧見備註/See Remarks 7.1(f)(xiii),
