pasp,asp,terminated,block,floor,unit,carpark,price,revision,terms,related
2019-12-17,2019-12-24,,West Wing,16,D,,6060000,,價單1B號 Price list No. 1B (1) 「一口價」現金回贈優惠見備註7(viii) “Bottom Price” Cash Rebate Benefit see remark 7(viii) (2) 「提前付清樓價現金回贈」優惠見備註7(ix) “Early Settlement Cash Rebate”see remark 7(ix) (3) 「首3年保修」優惠見備註7(iii) “First 3 Years Warranty” Benefit see remark 7(iii) (4) 不使用按揭之折扣優惠見備註7(vi) Discount on Price for not to use the arrangements of mortgage see remark 7(vi) (5) 限時優惠見備註7(ii) Limited Time Purchase Discount see remark 7(ii) (6) 建築期付款辦法-照售價 Regular Payment– The Price,
2019-12-17,2019-12-24,,West Wing,8,J,,7099000,,價單1B號 Price list No. 1B (1) 「一口價」現金回贈優惠見備註7(viii) “Bottom Price” Cash Rebate Benefit see remark 7(viii) (2) 「提前付清樓價現金回贈」優惠見備註7(ix) “Early Settlement Cash Rebate”see remark 7(ix) (3) 「首3年保修」優惠見備註7(iii) “First 3 Years Warranty” Benefit see remark 7(iii) (4) 不使用按揭之折扣優惠見備註7(vi) Discount on Price for not to use the arrangements of mortgage see remark 7(vi) (5) 限時優惠見備註7(ii) Limited Time Purchase Discount see remark 7(ii) (6) 建築期付款辦法-照售價 Regular Payment– The Price,
2019-12-17,2019-12-24,,West Wing,16,J,,7271000,,價單1B號 Price list No. 1B (1) 「一口價」現金回贈優惠見備註7(viii) “Bottom Price” Cash Rebate Benefit see remark 7(viii) (2) 「提前付清樓價現金回贈」優惠見備註7(ix) “Early Settlement Cash Rebate”see remark 7(ix) (3) 「首3年保修」優惠見備註7(iii) “First 3 Years Warranty” Benefit see remark 7(iii) (4) 不使用按揭之折扣優惠見備註7(vi) Discount on Price for not to use the arrangements of mortgage see remark 7(vi) (5) 限時優惠見備註7(ii) Limited Time Purchase Discount see remark 7(ii) (6) 建築期付款辦法-照售價 價 單 R2eAgu號lar Payment– The Price,
2019-12-17,2019-12-24,,West Wing,15,G,,7936000,,Price list No. 2A (1) 「一口價」現金回贈優惠見備註7(viii) “Bottom Price” Cash Rebate Benefit see remark 7(viii) (2) 「提前付清樓價現金回贈」優惠見備註7(ix) “Early Settlement Cash Rebate”see remark 7(ix) (3) 「首3年保修」優惠見備註7(iii) “First 3 Years Warranty” Benefit see remark 7(iii) (4) 不使用按揭之折扣優惠見備註7(vi) Discount on Price for not to use the arrangements of mortgage see remark 7(vi) (5) 限時優惠見備註7(ii) Limited Time Purchase Discount see remark 7(ii) (6) 建築期付款辦法-照售價 Regular Payment– The Price,
2019-12-17,2019-12-23,2020-09-22,East Wing,15,G,,9730000,"在26-02- 2020，基於法例35(2)(b)條所容許 的原因，售價更改為$9,939,000 On 26-02-2020, the price adjusted to $9,939,000 due to the reason allowed under section 35(2)(b) of the Ordinance","價單1B號 Price list No. 1B (1) 「一口價」現金回贈優惠見備註7(viii) “Bottom Price” Cash Rebate Benefit see remark 7(viii) (2) 「首3年保修」優惠見備註7(iii) “First 3 Years Warranty” Benefit see remark 7(iii) (3) 90天現金優惠付款辦法-照售價減6% 90-Day Cash Payment Plan-6% discount on the Price (4) 限時優惠見備註7(ii) Limited Time Purchase Discount see remark 7(ii) (5) 「成交金額 90%@ 第一按揭」安排見備詮7(x) The arrangement of “First mortgage for 90% of Transaction Price@” see remark 7(x) 在26-02-2020，支付條款更改為 On 26-02-2020, the terms of payment adjusted to 價單1B號 Price list No. 1B (1) 「一口價」現金回贈優惠見備註7(viii) “Bottom Price” Cash Rebate Benefit see remark 7(viii) (2) 「首3年保修」優惠見備註7(iii) “First 3 Years Warranty” Benefit see remark 7(iii) (3) 180天現金優惠付款辦法-照售價減4% 180-Day Cash Payment Plan-4% discount on the Price (4) 限時優惠見備註7(ii) Limited Time Purchase Discount see remark 7(ii) (5) 「成交金額 80%@ 第一按揭」安排見備註7(iv) The arrangement of “First mortgage for 80% of Transaction Price” see remark 7(iv)",
2019-12-17,2019-12-24,,West Wing,10,C,,7354000,,價單1B號 Price list No. 1B (1) 「一口價」現金回贈優惠見備註7(viii) “Bottom Price” Cash Rebate Benefit see remark 7(viii) (2) 「提前付清樓價現金回贈」優惠見備註7(ix) “Early Settlement Cash Rebate”see remark 7(ix) (3) 「首3年保修」優惠見備註7(iii) “First 3 Years Warranty” Benefit see remark 7(iii) (4) 不使用按揭之折扣優惠見備註7(vi) Discount on Price for not to use the arrangements of mortgage see remark 7(vi) (5) 限時優惠見備註7(ii) Limited Time Purchase Discount see remark 7(ii) (6) 建築期付款辦法-照售價 Regular Payment– The Price,
2019-12-17,2019-12-24,,West Wing,15,J,,7233000,,價單1B號 Price list No. 1B (1) 「一口價」現金回贈優惠見備註7(viii) “Bottom Price” Cash Rebate Benefit see remark 7(viii) (2) 「提前付清樓價現金回贈」優惠見備註7(ix) “Early Settlement Cash Rebate”see remark 7(ix) (3) 「首3年保修」優惠見備註7(iii) “First 3 Years Warranty” Benefit see remark 7(iii) (4) 不使用按揭之折扣優惠見備註7(vi) Discount on Price for not to use the arrangements of mortgage see remark 7(vi) (5) 限時優惠見備註7(ii) Limited Time Purchase Discount see remark 7(ii) (6) 建築期付款辦法-照售價 Regular Payment– The Price,
2019-12-17,2019-12-24,,West Wing,10,G,,7315000,,價單2A號 Price list No. 2A (1) 「一口價」現金回贈優惠見備註7(viii) “Bottom Price” Cash Rebate Benefit see remark 7(viii) (2) 「首3年保修」優惠見備註7(iii) “First 3 Years Warranty” Benefit see remark 7(iii) (3) 90天現金優惠付款辦法-照售價減6% 90-Day Cash Payment Plan-6% discount on the Price (4) 不使用按揭之折扣優惠見備註7(vi) Discount on Price for not to use the arrangements of mortgage see remark 7(vi) (5) 限時優惠見備註7(ii) Limited Time Purchase Discount see remark 7(ii),
2019-12-17,2019-12-24,,West Wing,16,H,,7191000,,價單1B號 Price list No. 1B (1) 「一口價」現金回贈優惠見備註7(viii) “Bottom Price” Cash Rebate Benefit see remark 7(viii) (2) 「首3年保修」優惠見備註7(iii) “First 3 Years Warranty” Benefit see remark 7(iii) (3) 90天現金優惠付款辦法-照售價減6% 90-Day Cash Payment Plan-6% discount on the Price (4) 不使用按揭之折扣優惠見備註7(vi) Discount on Price for not to use the arrangements of mortgage see remark 7(vi) (5) 限時優惠見備註7(ii) Limited Time Purchase Discount see remark 7(ii),
2019-12-17,2019-12-24,,West Wing,10,J,,7121000,,價單1B號 Price list No. 1B (1) 「一口價」現金回贈優惠見備註7(viii) “Bottom Price” Cash Rebate Benefit see remark 7(viii) (2) 「提前付清樓價現金回贈」優惠見備註7(ix) “Early Settlement Cash Rebate”see remark 7(ix) (3) 「首3年保修」優惠見備註7(iii) “First 3 Years Warranty” Benefit see remark 7(iii) (4) 不使用按揭之折扣優惠見備註7(vi) Discount on Price for not to use the arrangements of mortgage see remark 7(vi) (5) 限時優惠見備註7(ii) Limited Time Purchase Discount see remark 7(ii) (6) 建築期付款辦法-照售價 Regular Payment– The Price,
2019-12-17,2019-12-24,,West Wing,9,J,,6797000,,價單1B號 Price list No. 1B (1) 「一口價」現金回贈優惠見備註7(viii) “Bottom Price” Cash Rebate Benefit see remark 7(viii) (2) 「首3年保修」優惠見備註7(iii) “First 3 Years Warranty” Benefit see remark 7(iii) (3) 90天現金優惠付款辦法-照售價減6% 90-Day Cash Payment Plan-6% discount on the Price (4) 限時優惠見備註7(ii) Limited Time Purchase Discount see remark 7(ii) (5) 「成交金額 30%@第二按揭」安排見備註7(v)及7(vii) The arrangements of “Second mortgage for 30% of Transaction Price”see remark 7(v)and 7(vii),
2019-12-17,2019-12-24,,West Wing,16,E,,9796000,,價單1B號 Price list No. 1B (1) 「一口價」現金回贈優惠見備註7(viii) “Bottom Price” Cash Rebate Benefit see remark 7(viii) (2) 「首3年保修」優惠見備註7(iii) “First 3 Years Warranty” Benefit see remark 7(iii) (3) 90天現金優惠付款辦法-照售價減6% 90-Day Cash Payment Plan-6% discount on the Price (4) 限時優惠見備註7(ii) Limited Time Purchase Discount see remark 7(ii) (5) 「成交金額 90%@ 第一按揭」安排見備詮7(x) The arrangement of “First mortgage for 90% of Transaction Price@” see remark 7(x),
2019-12-17,2019-12-24,,West Wing,16,F,,7675000,,價單1B號 Price list No. 1B (1) 「一口價」現金回贈優惠見備註7(viii) “Bottom Price” Cash Rebate Benefit see remark 7(viii) (2) 「首3年保修」優惠見備註7(iii) “First 3 Years Warranty” Benefit see remark 7(iii) (3) 90天現金優惠付款辦法-照售價減6% 90-Day Cash Payment Plan-6% discount on the Price (4) 不使用按揭之折扣優惠見備註7(vi) Discount on Price for not to use the arrangements of mortgage see remark 7(vi) (5) 限時優惠見備註7(ii) Limited Time Purchase Discount see remark 7(ii),
2019-12-17,2019-12-20,,West Wing,15,E,,9746000,,價單1B號 Price list No. 1B (1) 「一口價」現金回贈優惠見備註7(viii) “Bottom Price” Cash Rebate Benefit see remark 7(viii) (2) 「首3年保修」優惠見備註7(iii) “First 3 Years Warranty” Benefit see remark 7(iii) (3) 90天現金優惠付款辦法-照售價減6% 90-Day Cash Payment Plan-6% discount on the Price (4) 限時優惠見備註7(ii) Limited Time Purchase Discount see remark 7(ii) (5) 「成交金額 90%@ 第一按揭」安排見備詮7(x) The arrangement of “First mortgage for 90% of Transaction Price@” see remark 7(x),
2019-12-17,2019-12-24,,West Wing,10,D,,6252000,"在31-07- 2021，基於法例35(2)(b)條所容許 的原因，售價更改為$5,937,000 On 31-07-2021, the price adjusted to $5,937,000 due to the reason allowed under section 35(2)(b) of the Ordinance","價單1B號 Price list No. 1B (1) 「一口價」現金回贈優惠見備註7(viii) “Bottom Price” Cash Rebate Benefit see remark 7(viii) (2) 「提前付清樓價現金回贈」優惠見備註7(ix) “Early Settlement Cash Rebate”see remark 7(ix) (3) 「首3年保修」優惠見備註7(iii) “First 3 Years Warranty” Benefit see remark 7(iii) (4) 限時優惠見備註7(ii) Limited Time Purchase Discount see remark 7(ii) (5) 建築期付款辦法-照售價 Regular Payment– The Price (6) 「成交金額 80%@ 第一按揭」安排見備註7(iv) The arrangement of “First mortgage for 80% of Transaction Price” see remark 7(iv) 在31-07-2021，支付條款更改為 On 31-07-2021, the terms of payment adjusted to 價單1B號 Price list No. 1B (1) 「一口價」現金回贈優惠見備註7(viii) “Bottom Price” Cash Rebate Benefit see remark 7(viii) (2) 「提前付清樓價現金回贈」優惠見備註7(ix) “Early Settlement Cash Rebate”see remark 7(ix) (3) 「首3年保修」優惠見備註7(iii) “First 3 Years Warranty” Benefit see remark 7(iii) (4) 不使用按揭之折扣優惠見備註7(vi) Discount on Price for not to use the arrangements of mortgage see remark 7(vi) (5) 限時優惠見備註7(ii) Limited Time Purchase Discount see remark 7(ii) (6) 建築期付款辦法-照售價 Regular Payment– The Price",
2019-12-17,,,West Wing,8,D,,6233000,,價單1B號 Price list No. 1B (1) 「一口價」現金回贈優惠見備註7(viii) “Bottom Price” Cash Rebate Benefit see remark 7(viii) (2) 「提前付清樓價現金回贈」優惠見備註7(ix) “Early Settlement Cash Rebate”see remark 7(ix) (3) 「首3年保修」優惠見備註7(iii) “First 3 Years Warranty” Benefit see remark 7(iii) (4) 限時優惠見備註7(ii) Limited Time Purchase Discount see remark 7(ii) (5) 建築期付款辦法-照售價 Regular Payment– The Price (6) 「成交金額 80%@ 第一按揭」安排見備註7(iv) The arrangement of “First mortgage for 80% of Transaction Price” see remark 7(iv),
2019-12-25,2020-01-03,,West Wing,5,J,,7031000,"在27-05- 2020，基於法例35(2)(b)條所容許 的原因，售價更改為$6,392,000 On 27-05-2020, the price adjusted to $6,392,000 due to the reason allowed under section 35(2)(b) of the Ordinance","價單1B號 Price list No. 1B (1) 「一口價」現金回贈優惠見備註7(viii) “Bottom Price” Cash Rebate Benefit see remark 7(viii) (2) 「提前付清樓價現金回贈」優惠見備註7(ix) “Early Settlement Cash Rebate”see remark 7(ix) (3) 「首3年保修」優惠見備註7(iii) “First 3 Years Warranty” Benefit see remark 7(iii) (4) 限時優惠見備註7(ii) Limited Time Purchase Discount see remark 7(ii) (5) 建築期付款辦法-照售價 Regular Payment– The Price (6) 「成交金額 80%@ 第一按揭」安排見備註7(iv) The arrangement of “First mortgage for 80% of Transaction Price” see remark 7(iv) 在27-05-2020，支付條款更改為 On 27-05-2020, the terms of payment adjusted to 價單1B號 Price list No. 1B (1) 「一口價」現金回贈優惠見備註7(viii) “Bottom Price” Cash Rebate Benefit see remark 7(viii) (2) 「首3年保修」優惠見備註7(iii) “First 3 Years Warranty” Benefit see remark 7(iii) (3) 180天現金優惠付款辦法-照售價減4% 180-Day Cash Payment Plan-4% discount on the Price (4) 不使用按揭之折扣優惠見備註7(vi) Discount on Price for not to use the arrangements of mortgage see remark 7(vi) (5) 限時優惠見備註7(ii) Limited Time Purchase Discount see remark 7(ii)",
2020-01-22,2020-01-30,,West Wing,15,K,,7993000,,價單2A號 Price list No. 2A (1) 「一口價」現金回贈優惠見備註7(viii) “Bottom Price” Cash Rebate Benefit see remark 7(viii) (2) 「提前付清樓價現金回贈」優惠見備註7(ix) “Early Settlement Cash Rebate”see remark 7(ix) (3) 「首3年保修」優惠見備註7(iii) “First 3 Years Warranty” Benefit see remark 7(iii) (4) 不使用按揭之折扣優惠見備註7(vi) Discount on Price for not to use the arrangements of mortgage see remark 7(vi) (5) 限時優惠見備註7(ii) Limited Time Purchase Discount see remark 7(ii) (6) 建築期付款辦法-照售價 Regular Payment– The Price,
2020-03-14,2020-03-20,,West Wing,5,G,,7510000,,價單1C號 Price list No. 1C (1) 「提前付清樓價現金回贈」優惠見備註7(ix) “Early Settlement Cash Rebate”see remark 7(ix) (2) 「首3年保修」優惠見備註7(iii) “First 3 Years Warranty” Benefit see remark 7(iii) (3) 限時優惠見備註7(xi) Limited Time Discount see remark 7(xi) (4) 建築期付款辦法-照售價減3% Regular Payment– 3% discount on the Price (5) 「成交金額 90% 第一按揭」安排見備註7(xii) The arrangement of “First mortgage for 90% of Transaction Price”see remark (xii),
2020-03-14,2020-03-20,,West Wing,5,F,,7910000,,價單1C號 Price list No. 1C (1) 「首3年保修」優惠見備註7(iii) “First 3 Years Warranty” Benefit see remark 7(iii) (2) 90天現金優惠付款辦法-照售價減8% 90-Day Cash Payment Plan-8% discount on the Price (3) 限時優惠見備註7(xi) Limited Time Discount see remark 7(xi) (4) 「成交金額 30%第二按揭」安排見備註7(xiii)及7(xv) The arrangements of “Second mortgage for 30% of Transaction Price”see remark7(xiii)and7(xv),
2020-03-14,2020-03-20,,West Wing,5,H,,7139000,,價單1C號 Price list No. 1C (1) 「提前付清樓價現金回贈」優惠見備註7(ix) “Early Settlement Cash Rebate”see remark 7(ix) (2) 「首3年保修」優惠見備註7(iii) “First 3 Years Warranty” Benefit see remark 7(iii) (3) 限時優惠見備註7(xi) Limited Time Discount see remark 7(xi) (4) 建築期付款辦法-照售價減3% Regular Payment– 3% discount on the Price (5) 「成交金額 30%第二按揭」安排見備註7(xiii)及7(xv) The arrangements of “Second mortgage for 30% of Transaction Price”see remark7(xiii)and7(v),
2020-03-14,2020-03-20,,East Wing,10,G,,9890000,,價單1C號 Price list No. 1C (1) 「提前付清樓價現金回贈」優惠見備註7(ix) “Early Settlement Cash Rebate”see remark 7(ix) (2) 「首3年保修」優惠見備註7(iii) “First 3 Years Warranty” Benefit see remark 7(iii) (3) 限時優惠見備註7(xi) Limited Time Discount see remark 7(xi) (4) 建築期付款辦法-照售價減3% Regular Payment– 3% discount on the Price (5) 「成交金額 90% 第一按揭」安排見備註7(xii) The arrangement of “First mortgage for 90% of Transaction Price”see remark (xii),
2020-03-14,2020-03-20,,West Wing,7,J,,6830000,,價單1C號 Price list No. 1C (1) 「首3年保修」優惠見備註7(iii) “First 3 Years Warranty” Benefit see remark 7(iii) (2) 90天現金優惠付款辦法-照售價減8% 90-Day Cash Payment Plan-8% discount on the Price (3) 限時優惠見備註7(xi) Limited Time Discount see remark 7(xi) (4) 「成交金額 90% 第一按揭」安排見備註7(xii) The arrangement of “First mortgage for 90% of Transaction Price”see remark (xii),
2020-03-14,2020-03-20,2022-08-26,East Wing,12,G,,9993000,,價單1C號 Price list No. 1C (1) 「提前付清樓價現金回贈」優惠見備註7(ix) “Early Settlement Cash Rebate”see remark 7(ix) (2) 「首3年保修」優惠見備註7(iii) “First 3 Years Warranty” Benefit see remark 7(iii) (3) 限時優惠見備註7(xi) Limited Time Discount see remark 7(xi) (4) 建築期付款辦法-照售價減3% Regular Payment– 3% discount on the Price (5) 「成交金額 90% 第一按揭」安排見備註7(xii) The arrangement of “First mortgage for 90% of Transaction Price”see remark (xii),
2020-03-15,2020-03-20,,West Wing,6,J,,7182000,,價單1C號 Price list No. 1C (1) 「提前付清樓價現金回贈」優惠見備註7(ix) “Early Settlement Cash Rebate”see remark 7(ix) (2) 「首3年保修」優惠見備註7(iii) “First 3 Years Warranty” Benefit see remark 7(iii) (3) 限時優惠見備註7(xi) Limited Time Discount see remark 7(xi) (4) 建築期付款辦法-照售價減3% Regular Payment– 3% discount on the Price (5) 「成交金額 90% 第一按揭」安排見備註7(xii) The arrangement of “First mortgage for 90% of Transaction Price”see remark (xii),
2020-03-17,2020-03-24,,West Wing,9,D,,6044000,"在13-04- 2022，基於法例35(2)(b)條所容許 的原因，售價更改為$5,855,000 On 13-04-2022, the price adjusted to $5,855,000 due to the reason allowed under section 35(2)(b) of the Ordinance""","價單1C號 Price list No. 1C (1) 「提前付清樓價現金回贈」優惠見備註7(ix) “Early Settlement Cash Rebate”see remark 7(ix) (2) 「首3年保修」優惠見備註7(iii) “First 3 Years Warranty” Benefit see remark 7(iii) (3) 限時優惠見備註7(xi) Limited Time Discount see remark 7(xi) (4) 建築期付款辦法-照售價減3% Regular Payment– 3% discount on the Price (5) 「成交金額 90% 第一按揭」安排見備註7(xii) The arrangement of “First mortgage for 90% of Transaction Price”see remark (xii) 在13-4-2022，支付條款更改為 On 13-4-2022, the terms of payment adjusted to 價單1C號 Price list No. 1C (1) 「首3年保修」優惠見備註7(iii) “First 3 Years Warranty” Benefit see remark 7(iii) (2) 不使用按揭之折扣優惠見備註7(xiv) Discount on Price for not to use the arrangements of mortgage see remark 7(xiv) (3) 限時優惠見備註7(xi) Limited Time Discount see remark 7(xi) (4) 建築期付款辦法-照售價減3% Regular Payment– 3% discount on the Price",
2020-03-22,2020-03-27,,West Wing,12,J,,7348000,,價單1C號 Price list No. 1C (1) 「提前付清樓價現金回贈」優惠見備註7(ix) “Early Settlement Cash Rebate”see remark 7(ix) (2) 「首3年保修」優惠見備註7(iii) “First 3 Years Warranty” Benefit see remark 7(iii) (3) 限時優惠見備註7(xi) Limited Time Discount see remark 7(xi) (4) 建築期付款辦法-照售價減3% Regular Payment– 3% discount on the Price (5) 「成交金額 90% 第一按揭」安排見備註7(xii) The arrangement of “First mortgage for 90% of Transaction Price”see remark (xii),
2020-04-04,2020-04-08,2022-07-12,West Wing,11,D,,6094000,,價單1C號 Price list No. 1C (1) 「提前付清樓價現金回贈」優惠見備註7(ix) “Early Settlement Cash Rebate”see remark 7(ix) (2) 「首3年保修」優惠見備註7(iii) “First 3 Years Warranty” Benefit see remark 7(iii) (3) 限時優惠見備註7(xi) Limited Time Discount see remark 7(xi) (4) 建築期付款辦法-照售價減3% Regular Payment– 3% discount on the Price (5) 「成交金額 90% 第一按揭」安排見備註7(xii) The arrangement of “First mortgage for 90% of Transaction Price”see remark (xii),
2020-04-09,2020-04-20,,West Wing,5,D,,5472000,,價單1C號 Price list No. 1C (1) 「首3年保修」優惠見備註7(iii) “First 3 Years Warranty” Benefit see remark 7(iii) (2) 90天現金優惠付款辦法-照售價減8% 90-Day Cash Payment Plan-8% discount on the Price (3) 不使用按揭之折扣優惠見備註7(xiv) Discount on Price for not to use the arrangements of mortgage see remark 7(xiv) (4) 限時優惠見備註7(xi) Limited Time Discount see remark 7(xi),
2020-04-24,2020-05-04,,West Wing,11,J,,7311000,"在30-11- 2021，基於法例35(2)(b)條所容許 的原因，售價更改為$7,082,000 On 23-11-2021, the price adjusted to $7,082,000 due to the reason allowed under section 35(2)(b) of the Ordinance","價單1C號 Price list No. 1C (1) 「提前付清樓價現金回贈」優惠見備註7(ix) “Early Settlement Cash Rebate”see remark 7(ix) (2) 「首3年保修」優惠見備註7(iii) “First 3 Years Warranty” Benefit see remark 7(iii) (3) 限時優惠見備註7(xi) Limited Time Discount see remark 7(xi) (4) 建築期付款辦法-照售價減3% Regular Payment– 3% discount on the Price (5) 「成交金額 90% 第一按揭」安排見備註7(xii) The arrangement of “First mortgage for 90% of Transaction Price”see remark (xii) 在23-11-2021，支付條款更改為 On 23-11-2021, the terms of payment adjusted to 價單1C號 Price list No. 1C (1) 「提前付清樓價現金回贈」優惠見備註7(ix) “Early Settlement Cash Rebate”see remark 7(ix) (2) 「首3年保修」優惠見備註7(iii) “First 3 Years Warranty” Benefit see remark 7(iii) (3) 不使用按揭之折扣優惠見備註7(xiv) Discount on Price for not to use the arrangements of mortgage see remark 7(xiv) (4) 限時優惠見備註7(xi) Limited Time Discount see remark 7(xi) (5) 建築期付款辦法-照售價減3% Regular Payment– 3% discount on the Price",
2020-04-24,2020-05-05,,West Wing,8,C,,6863000,,價單1C號 Price list No. 1C (1) 「首3年保修」優惠見備註7(iii) “First 3 Years Warranty” Benefit see remark 7(iii) (2) 90天現金優惠付款辦法-照售價減8% 90-Day Cash Payment Plan-8% discount on the Price (3) 不使用按揭之折扣優惠見備註7(xiv) Discount on Price for not to use the arrangements of mortgage see remark 7(xiv) (4) 限時優惠見備註7(xi) Limited Time Discount see remark 7(xi),
2020-04-27,2020-05-06,,West Wing,11,E,,9958000,,價單1C號 Price list No. 1C (1) 「提前付清樓價現金回贈」優惠見備註7(ix) “Early Settlement Cash Rebate”see remark 7(ix) (2) 「首3年保修」優惠見備註7(iii) “First 3 Years Warranty” Benefit see remark 7(iii) (3) 限時優惠見備註7(xi) Limited Time Discount see remark 7(xi) (4) 建築期付款辦法-照售價減3% Regular Payment– 3% discount on the Price (5) 「成交金額 90% 第一按揭」安排見備註7(xii) The arrangement of “First mortgage for 90% of Transaction Price”see remark (xii),
2020-05-10,2020-05-15,,West Wing,10,K,,7535000,,價單2B號 Price list No. 2B (1) 「首3年保修」優惠見備註7(iii) “First 3 Years Warranty” Benefit see remark 7(iii) (2) 270天現金優惠付款辦法-照售價減6% 270-Day Cash Payment Plan-6% discount on the Price (3) 不使用按揭之折扣優惠見備註7(xiv) Discount on Price for not to use the arrangements of mortgage see remark 7(xiv) (4) 限時優惠見備註7(xi) Limited Time Discount see remark 7(xi),
2020-05-16,2020-05-22,,West Wing,7,K,,7714000,,價單2B號 Price list No. 2B (1) 「首3年保修」優惠見備註7(iii) “First 3 Years Warranty” Benefit see remark 7(iii) (2) 270天現金優惠付款辦法-照售價減6% 270-Day Cash Payment Plan-6% discount on the Price (3) 限時優惠見備註7(xi) Limited Time Discount see remark 7(xi) (4) 「成交金額 90% 第一按揭」安排見備註7(xii) The arrangement of “First mortgage for 90% of Transaction Price”see remark (xii),
2020-05-17,,,West Wing,6,K,,7690000,,價單2B號 Price list No. 2B (1) 「提前付清樓價現金回贈」優惠見備註7(ix) “Early Settlement Cash Rebate”see remark 7(ix) (2) 「首3年保修」優惠見備註7(iii) “First 3 Years Warranty” Benefit see remark 7(iii) (3) 不使用按揭之折扣優惠見備註7(xiv) Discount on Price for not to use the arrangements of mortgage see remark 7(xiv) (4) 限時優惠見備註7(xi) Limited Time Discount see remark 7(xi) (5) 建築期付款辦法-照售價減3% Regular Payment– 3% discount on the Price,
2020-05-21,2020-05-28,,West Wing,15,D,,5644000,,價單1C號 Price list No. 1C (1) 「首3年保修」優惠見備註7(iii) “First 3 Years Warranty” Benefit see remark 7(iii) (2) 90天現金優惠付款辦法-照售價減8% 90-Day Cash Payment Plan-8% discount on the Price (3) 不使用按揭之折扣優惠見備註7(xiv) Discount on Price for not to use the arrangements of mortgage see remark 7(xiv) (4) 限時優惠見備註7(xi) Limited Time Discount see remark 7(xi),
2020-05-24,2020-05-29,2022-08-26,West Wing,6,D,,5676000,"在28-05- 2020，基於法例35(2)(b)條所容許 的原因，售價更改為$5,801,000 On 28-05-2020, the price adjusted to $5,801,000 due to the reason allowed under section 35(2)(b) of the Ordinance","價單1C號 Price list No. 1C (1) 「首3年保修」優惠見備註7(iii) “First 3 Years Warranty” Benefit see remark 7(iii) (2) 90天現金優惠付款辦法-照售價減8% 90-Day Cash Payment Plan-8% discount on the Price (3) 限時優惠見備註7(xi) Limited Time Discount see remark 7(xi) (4) 「成交金額 90% 第一按揭」安排見備註7(xii) The arrangement of “First mortgage for 90% of Transaction Price”see remark (xii) 在28-05-2020，支付條款更改為 On 28-05-2020, the terms of payment adjusted to 價單1C號 Price list No. 1C (1) 「首3年保修」優惠見備註7(iii) “First 3 Years Warranty” Benefit see remark 7(iii) (2) 270天現金優惠付款辦法-照售價減6% 270-Day Cash Payment Plan-6% discount on the Price (3) 限時優惠見備註7(xi) Limited Time Discount see remark 7(xi) (4) 「成交金額 90% 第一按揭」安排見備註7(xii) The arrangement of “First mortgage for 90% of Transaction Price”see remark (xii)",
2020-05-30,2020-06-05,,West Wing,12,C,,7193000,,價單1C號 Price list No. 1C (1) 「首3年保修」優惠見備註7(iii) “First 3 Years Warranty” Benefit see remark 7(iii) (2) 90天現金優惠付款辦法-照售價減8% 90-Day Cash Payment Plan-8% discount on the Price (3) 限時優惠見備註7(xi) Limited Time Discount see remark 7(xi) (4) 「成交金額 90% 第一按揭」安排見備註7(xii) The arrangement of “First mortgage for 90% of Transaction Price”see remark (xii),
2020-05-31,2020-06-05,,West Wing,8,K,,7595000,,價單2B號 Price list No. 2B (1) 「首3年保修」優惠見備註7(iii) “First 3 Years Warranty” Benefit see remark 7(iii) (2) 90天現金優惠付款辦法-照售價減8% 90-Day Cash Payment Plan-8% discount on the Price (3) 限時優惠見備註7(xi) Limited Time Discount see remark 7(xi) (4) 「成交金額 90% 第一按揭」安排見備註7(xii) The arrangement of “First mortgage for 90% of Transaction Price”see remark (xii),
2020-05-31,2020-06-03,,West Wing,15,C,,7231000,,價單1C號 Price list No. 1C (1) 「首3年保修」優惠見備註7(iii) “First 3 Years Warranty” Benefit see remark 7(iii) (2) 90天現金優惠付款辦法-照售價減8% 90-Day Cash Payment Plan-8% discount on the Price (3) 限時優惠見備註7(xi) Limited Time Discount see remark 7(xi) (4) 「成交金額 90% 第一按揭」安排見備註7(xii) The arrangement of “First mortgage for 90% of Transaction Price”see remark (xii),
2020-06-01,2020-06-08,,West Wing,11,K,,7826000,,價單2B號 Price list No. 2B (1) 「提前付清樓價現金回贈」優惠見備註7(ix) “Early Settlement Cash Rebate”see remark 7(ix) (2) 「首3年保修」優惠見備註7(iii) “First 3 Years Warranty” Benefit see remark 7(iii) (3) 不使用按揭之折扣優惠見備註7(xiv) Discount on Price for not to use the arrangements of mortgage see remark 7(xiv) (4) 限時優惠見備註7(xi) Limited Time Discount see remark 7(xi) (5) 建築期付款辦法-照售價減3% Regular Payment– 3% discount on the Price,
2020-06-07,2020-06-12,,West Wing,11,C,,6999000,"在03-07- 2020，基於法例35(2)(b)條所容許 的原因，售價更改為$7,313,000 On 03-07-2020, the price adjusted to $7,313,000 due to the reason allowed under section 35(2)(b) of the Ordinance","價單1C號 Price list No. 1C (1) 「首3年保修」優惠見備註7(iii) “First 3 Years Warranty” Benefit see remark 7(iii) (2) 90天現金優惠付款辦法-照售價減8% 90-Day Cash Payment Plan-8% discount on the Price (3) 限時優惠見備註7(xi) Limited Time Discount see remark 7(xi) (4) 「成交金額 30%第二按揭」安排見備註7(xiii)及7(xv) The arrangements of “Second mortgage for 30% of Transaction Price”see remark7(xiii)and7(xv) 在03-07-2020，支付條款更改為 On 03-07-2020, the terms of payment adjusted to 價單1C號 Price list No. 1C (1) 「首3年保修」優惠見備註7(iii) “First 3 Years Warranty” Benefit see remark 7(iii) (2) 不使用按揭之折扣優惠見備註7(xiv) Discount on Price for not to use the arrangements of mortgage see remark 7(xiv) (3) 建築期付款辦法-照售價減3% Regular Payment– 3% discount on the Price (4) 限時優惠見備註7(xi) Limited Time Discount see remark 7(xi) (5) 「提前付清樓價現金回贈」優惠見備註7(ix) “Early Settlement Cash Rebate”see remark 7(ix)",
2020-06-07,2020-06-12,,West Wing,16,C,,7029000,,價單1C號 Price list No. 1C (1) 「首3年保修」優惠見備註7(iii) “First 3 Years Warranty” Benefit see remark 7(iii) (2) 90天現金優惠付款辦法-照售價減8% 90-Day Cash Payment Plan-8% discount on the Price (3) 不使用按揭之折扣優惠見備註7(xiv) Discount on Price for not to use the arrangements of mortgage see remark 7(xiv) (4) 限時優惠見備註7(xi) Limited Time Discount see remark 7(xi),
2020-06-15,2020-06-22,,East Wing,16,G,,9780000,,價單1C號 Price list No. 1C (1) 「提前付清樓價現金回贈」優惠見備註7(ix) “Early Settlement Cash Rebate”see remark 7(ix) (2) 「首3年保修」優惠見備註7(iii) “First 3 Years Warranty” Benefit see remark 7(iii) (3) 不使用按揭之折扣優惠見備註7(xiv) Discount on Price for not to use the arrangements of mortgage see remark 7(xiv) (4) 限時優惠見備註7(xi) Limited Time Discount see remark 7(xi) (5) 建築期付款辦法-照售價減3% Regular Payment– 3% discount on the Price,
2020-06-16,2020-06-23,,West Wing,8,D,,5729000,"在18-06- 2020，基於法例35(2)(b)條所容許 的原因，售價更改為$5,540,000 On 18-06-2020, the price adjusted to $5,540,000 due to the reason allowed under section 35(2)(b) of the Ordinance","價單1C號 Price list No. 1C (1) 「首3年保修」優惠見備註7(iii) “First 3 Years Warranty” Benefit see remark 7(iii) (2) 90天現金優惠付款辦法-照售價減8% 90-Day Cash Payment Plan-8% discount on the Price (3) 限時優惠見備註7(xi) Limited Time Discount see remark 7(xi) (4) 「成交金額 90% 第一按揭」安排見備註7(xii) The arrangement of “First mortgage for 90% of Transaction Price”see remark (xii) 在18-06-2020，支付條款更改為 On 18-06-2020, the terms of payment adjusted to 價單1C號 Price list No. 1C (1) 「首3年保修」優惠見備註7(iii) “First 3 Years Warranty” Benefit see remark 7(iii) (2) 90天現金優惠付款辦法-照售價減8% 90-Day Cash Payment Plan-8% discount on the Price (3) 不使用按揭之折扣優惠見備註7(xiv) Discount on Price for not to use the arrangements of mortgage see remark 7(xiv) (4) 限時優惠見備註7(xi) Limited Time Discount see remark 7(xi)",
2020-06-24,2020-07-03,,West Wing,9,C,,7097000,"在26-06- 2020，基於法例35(2)(b)條所容許 的原因，售價更改為$6,863,000 On 26-06-2020, the price adjusted to $6,863,000 due to the reason allowed under section 35(2)(b) of the Ordinance","價單1C號 Price list No. 1C (1) 「首3年保修」優惠見備註7(iii) “First 3 Years Warranty” Benefit see remark 7(iii) (2) 90天現金優惠付款辦法-照售價減8% 90-Day Cash Payment Plan-8% discount on the Price (3) 限時優惠見備註7(xi) Limited Time Discount see remark 7(xi) (4) 「成交金額 90% 第一按揭」安排見備註7(xii) The arrangement of “First mortgage for 90% of Transaction Price”see remark (xii) 在26-06-2020，支付條款更改為 On 26-06-2020, the terms of payment adjusted to 價單1C號 Price list No. 1C (1) 「首3年保修」優惠見備註7(iii) “First 3 Years Warranty” Benefit see remark 7(iii) (2) 90天現金優惠付款辦法-照售價減8% 90-Day Cash Payment Plan-8% discount on the Price (3) 不使用按揭之折扣優惠見備註7(xiv) Discount on Price for not to use the arrangements of mortgage see remark 7(xiv) (4) 限時優惠見備註7(xi) Limited Time Discount see remark 7(xi)",
2020-06-26,2020-07-06,,East Wing,11,G,,9113000,,價單1C號 Price list No. 1C (1) 「首3年保修」優惠見備註7(iii) “First 3 Years Warranty” Benefit see remark 7(iii) (2) 90天現金優惠付款辦法-照售價減8% 90-Day Cash Payment Plan-8% discount on the Price (3) 不使用按揭之折扣優惠見備註7(xiv) Discount on Price for not to use the arrangements of mortgage see remark 7(xiv) (4) 限時優惠見備註7(xi) Limited Time Discount see remark 7(xi),
2020-07-10,2020-07-17,2022-07-12,West Wing,6,K,,7442000,,價單2C號 Price list No. 2C (1) 「提前付清樓價現金回贈」優惠見備註7(xxi) “Early Settlement Cash Rebate”see remark 7(xxi) (2) 「首3年保修」優惠見備註7(iii) “First 3 Years Warranty” Benefit see remark 7(iii) (3) 限時優惠見備註7(xi) Limited Time Discount see remark 7(xi) (4) 建築期付款辦法-照售價減6% Regular Payment– 6% discount on the Price (5) 「成交金額 90%@ 第一按揭」安排見備詮7(xvii) The arrangement of “First mortgage for 90% of Transaction Price@” see remark 7(xvii) (6) 「成交金額 30%@第二按揭」安排見備註7(xviii) The arrangements of “Second mortgage for 30% of Transaction Price”see remark 7(xviii) (7) 睿峰『置尊』折扣優惠見備註7(xvi) Wellness Discount Benefit see remark 7(xvi) (8)「代繳從價印花稅(上限為成交金額3%)」優惠見備註7(xix) “Ad Valorem Stamp Duty (Maximum 3% of the Transaction Price)” Benefit see remark 7(xix),
2020-07-10,2020-07-16,,West Wing,6,G,,7389000,,價單2C號 Price list No. 2C (1) 「提前付清樓價現金回贈」優惠見備註7(xxi) “Early Settlement Cash Rebate”see remark 7(xxi) (2) 「首3年保修」優惠見備註7(iii) “First 3 Years Warranty” Benefit see remark 7(iii) (3) 限時優惠見備註7(xi) Limited Time Discount see remark 7(xi) (4) 建築期付款辦法-照售價減6% Regular Payment– 6% discount on the Price (5) 「成交金額 90%@ 第一按揭」安排見備詮7(xvii) The arrangement of “First mortgage for 90% of Transaction Price@” see remark 7(xvii) (6) 「成交金額 30%@第二按揭」安排見備註7(xviii) The arrangements of “Second mortgage for 30% of Transaction Price”see remark 7(xviii) (7) 睿峰『置尊』折扣優惠見備註7(xvi) Wellness Discount Benefit see remark 7(xvi) (8)「代繳從價印花稅(上限為成交金額3%)」優惠見備註7(xix) “Ad Valorem Stamp Duty (Maximum 3% of the Transaction Price)” Benefit see remark 7(xix),
2020-07-10,2020-07-16,,West Wing,7,D,,5631000,"在13-04- 2022，基於法例35(2)(b)條所容許 的原因，售價更改為$5,506,000 On 13-04-2022, the price adjusted to $5,506,000 due to the reason allowed under section 35(2)(b) of the Ordinance","價單1D號 Price list No. 1D (1) 「提前付清樓價現金回贈」優惠見備註7(xxi) “Early Settlement Cash Rebate”see remark 7(xxi) (2) 「首3年保修」優惠見備註7(iii) “First 3 Years Warranty” Benefit see remark 7(iii) (3) 限時優惠見備註7(xi) Limited Time Discount see remark 7(xi) (4) 建築期付款辦法-照售價減6% Regular Payment– 6% discount on the Price (5) 「成交金額 90%@ 第一按揭」安排見備詮7(xvii) The arrangement of “First mortgage for 90% of Transaction Price@” see remark 7(xvii) (6) 「成交金額 30%@第二按揭」安排見備註7(xviii) The arrangements of “Second mortgage for 30% of Transaction Price”see remark 7(xviii) (7) 睿峰『置尊』折扣優惠見備註7(xvi) Wellness Discount Benefit see remark 7(xvi) (8)「代繳從價印花稅(上限為成交金額3%)」優惠見備註7(xix) “Ad Valorem Stamp Duty (Maximum 3% of the Transaction Price)” Benefit see remark 7(xix) 在13-04-2022，支付條款更改為 On 13-04-2022, the terms of payment adjusted to 價單1D號 Price list No. 1D (1) 「首3年保修」優惠見備註7(iii) “First 3 Years Warranty” Benefit see remark 7(iii) (2) 限時優惠見備註7(xi) Limited Time Discount see remark 7(xi) (3) 90天現金優惠付款辦法-照售價減8% 90-Day Cash Payment Plan-8% discount on the Price (4) 「成交金額 90%@ 第一按揭」安排見備詮7(xvii) The arrangement of “First mortgage for 90% of Transaction Price@” see remark 7(xvii) (5) 「成交金額 30%@第二按揭」安排見備註7(xviii) The arrangements of “Second mortgage for 30% of Transaction Price”see remark 7(xviii) (6) 睿峰『置尊』折扣優惠見備註7(xvi) Wellness Discount Benefit see remark 7(xvi) (7)「代繳從價印花稅(上限為成交金額3%)」優惠見備註7(xix) “Ad Valorem Stamp Duty (Maximum 3% of the Transaction Price)” Benefit see remark 7(xix)",
2020-07-10,2020-07-16,,West Wing,12,D,,5615000,,價單1D號 Price list No. 1D (1) 「首3年保修」優惠見備註7(iii) “First 3 Years Warranty” Benefit see remark 7(iii) (2) 90天現金優惠付款辦法-照售價減8% 90-Day Cash Payment Plan-8% discount on the Price (3) 限時優惠見備註7(xi) Limited Time Discount see remark 7(xi) (4) 「成交金額 90%@ 第一按揭」安排見備詮7(xvii) The arrangement of “First mortgage for 90% of Transaction Price@” see remark 7(xvii) (5) 「成交金額 30%@第二按揭」安排見備註7(xviii) The arrangements of “Second mortgage for 30% of Transaction Price”see remark 7(xviii) (6) 睿峰『置尊』折扣優惠見備註7(xvi) Wellness Discount Benefit see remark 7(xvi) (7)「代繳從價印花稅(上限為成交金額3%)」優惠見備註7(xix) “Ad Valorem Stamp Duty (Maximum 3% of the Transaction Price)” Benefit see remark 7(xix),
2020-07-10,2020-07-15,,West Wing,17,D,,5862000,,價單1D號 Price list No. 1D (1) 「提前付清樓價現金回贈」優惠見備註7(xxi) “Early Settlement Cash Rebate”see remark 7(xxi) (2) 「首3年保修」優惠見備註7(iii) “First 3 Years Warranty” Benefit see remark 7(iii) (3) 限時優惠見備註7(xi) Limited Time Discount see remark 7(xi) (4) 建築期付款辦法-照售價減6% Regular Payment– 6% discount on the Price (5) 「成交金額 90%@ 第一按揭」安排見備詮7(xvii) The arrangement of “First mortgage for 90% of Transaction Price@” see remark 7(xvii) (6) 「成交金額 30%@第二按揭」安排見備註7(xviii) The arrangements of “Second mortgage for 30% of Transaction Price”see remark 7(xviii) (7) 睿峰『置尊』折扣優惠見備註7(xvi) Wellness Discount Benefit see remark 7(xvi) (8)「代繳從價印花稅(上限為成交金額3%)」優惠見備註7(xix) “Ad Valorem Stamp Duty (Maximum 3% of the Transaction Price)” Benefit see remark 7(xix),
2020-07-10,2020-07-17,,West Wing,16,G,,7638000,"在13-04- 2022，基於法例35(2)(b)條所容許 的原因，售價更改為$7,468,000 On 13-04-2022, the price adjusted to $7,468,000 due to the reason allowed under section 35(2)(b) of the Ordinance""","價單2C號 Price list No. 2C (1) 「提前付清樓價現金回贈」優惠見備註7(xxi) “Early Settlement Cash Rebate”see remark 7(xxi) (2) 「首3年保修」優惠見備註7(iii) “First 3 Years Warranty” Benefit see remark 7(iii) (3) 限時優惠見備註7(xi) Limited Time Discount see remark 7(xi) (4) 建築期付款辦法-照售價減6% Regular Payment– 6% discount on the Price (5) 「成交金額 90%@ 第一按揭」安排見備詮7(xvii) The arrangement of “First mortgage for 90% of Transaction Price@” see remark 7(xvii) (6) 「成交金額 30%@第二按揭」安排見備註7(xviii) The arrangements of “Second mortgage for 30% of Transaction Price”see remark 7(xviii) (7) 睿峰『置尊』折扣優惠見備註7(xvi) Wellness Discount Benefit see remark 7(xvi) (8)「代繳從價印花稅(上限為成交金額3%)」優惠見備註7(xix) “Ad Valorem Stamp Duty (Maximum 3% of the Transaction Price)” Benefit see remark 7(xix) 在13-04-2022，支付條款更改為 On 13-04-2022, the terms of payment adjusted to 價單2C號 Price list No. 2C (1) 「首3年保修」優惠見備註7(iii) “First 3 Years Warranty” Benefit see remark 7(iii) (2) 限時優惠見備註7(xi) Limited Time Discount see remark 7(xi) (3) 90天現金優惠付款辦法-照售價減8% 90-Day Cash Payment Plan-8% discount on the Price (4) 「成交金額 90%@ 第一按揭」安排見備詮7(xvii) The arrangement of “First mortgage for 90% of Transaction Price@” see remark 7(xvii) (5) 「成交金額 30%@第二按揭」安排見備註7(xviii) The arrangements of “Second mortgage for 30% of Transaction Price”see remark 7(xviii) (6) 睿峰『置尊』折扣優惠見備註7(xvi) Wellness Discount Benefit see remark 7(xvi)",
2020-07-10,2020-07-17,2022-08-26,West Wing,12,K,,7614000,,價單2C號 Price list No. 2C (1) 「提前付清樓價現金回贈」優惠見備註7(xxi) “Early Settlement Cash Rebate”see remark 7(xxi) (2) 「首3年保修」優惠見備註7(iii) “First 3 Years Warranty” Benefit see remark 7(iii) (3) 限時優惠見備註7(xi) Limited Time Discount see remark 7(xi) (4) 建築期付款辦法-照售價減6% Regular Payment– 6% discount on the Price (5) 「成交金額 90%@ 第一按揭」安排見備詮7(xvii) The arrangement of “First mortgage for 90% of Transaction Price@” see remark 7(xvii) (6) 「成交金額 30%@第二按揭」安排見備註7(xviii) The arrangements of “Second mortgage for 30% of Transaction Price”see remark 7(xviii) (7) 睿峰『置尊』折扣優惠見備註7(xvi) Wellness Discount Benefit see remark 7(xvi) (8)「代繳從價印花稅(上限為成交金額3%)」優惠見備註7(xix),
2020-07-10,2020-07-15,,West Wing,7,G,,7411000,"在12-05- 2022，基於法例35(2)(b)條所容許 的原因，售價更改為$7,246,000 On 12-05-2022, the price adjusted to $7,246,000 due to the reason allowed under section 35(2)(b) of the Ordinance","價單2C號 Price list No. 2C (1) 「首3年保修」優惠見備註7(iii) “First 3 Years Warranty” Benefit see remark 7(iii) (2) 限時優惠見備註7(xi) Limited Time Discount see remark 7(xi) (3) 建築期付款辦法-照售價減6% Regular Payment– 6% discount on the Price (4) 「成交金額 90%@ 第一按揭」安排見備詮7(xvii) The arrangement of “First mortgage for 90% of Transaction Price@” see remark 7(xvii) (5) 「成交金額 30%@第二按揭」安排見備註7(xviii) The arrangements of “Second mortgage for 30% of Transaction Price”see remark 7(xviii) (6) 睿峰『置尊』折扣優惠見備註7(xvi) Wellness Discount Benefit see remark 7(xvi) (7)「代繳從價印花稅(上限為成交金額3%)」優惠見備註7(xix) “Ad Valorem Stamp Duty (Maximum 3% of the Transaction Price)” Benefit see remark 7(xix) 在12-05-2022，支付條款更改為 On 12-05-2022, the terms of payment adjusted to 價單2C號 Price list No. 2C (1) 「首3年保修」優惠見備註7(iii) “First 3 Years Warranty” Benefit see remark 7(iii) (2) 限時優惠見備註7(xi) Limited Time Discount see remark 7(xi) (3) 90天現金優惠付款辦法-照售價減8% 90-Day Cash Payment Plan-8% discount on the Price (4) 「成交金額 90%@ 第一按揭」安排見備詮7(xvii) The arrangement of “First mortgage for 90% of Transaction Price@” see remark 7(xvii) (5) 「成交金額 30%@第二按揭」安排見備註7(xviii) The arrangements of “Second mortgage for 30% of Transaction Price”see remark 7(xviii) (6) 睿峰『置尊』折扣優惠見備註7(xvi) Wellness Discount Benefit see remark 7(xvi) (7)「代繳從價印花稅(上限為成交金額3%)」優惠見備註7(xix) “Ad Valorem Stamp Duty (Maximum 3% of the Transaction Price)” Benefit see remark 7(xix)",
2020-07-10,2020-07-16,,West Wing,17,C,,7452000,,Price list No. 1D (1) 「提前付清樓價現金回贈」優惠見備註7(xxi) “Early Settlement Cash Rebate”see remark 7(xxi) (2) 「首3年保修」優惠見備註7(iii) “First 3 Years Warranty” Benefit see remark 7(iii) (3) 限時優惠見備註7(xi) Limited Time Discount see remark 7(xi) (4) 建築期付款辦法-照售價減6% Regular Payment– 6% discount on the Price (5) 「成交金額 90%@ 第一按揭」安排見備詮7(xvii) The arrangement of “First mortgage for 90% of Transaction Price@” see remark 7(xvii) (6) 「成交金額 30%@第二按揭」安排見備註7(xviii) The arrangements of “Second mortgage for 30% of Transaction Price”see remark 7(xviii) (7) 睿峰『置尊』折扣優惠見備註7(xvi) Wellness Discount Benefit see remark 7(xvi) (8)「代繳從價印花稅(上限為成交金額3%)」優惠見備註7(xix) “價A單d1 VDa號lorem Stamp Duty (Maximum 3% of the Transaction Price)” Benefit see remark 7(xix),
2020-07-10,2020-07-17,2022-07-12,West Wing,5,C,,6931000,,Price list No. 1D (1) 「提前付清樓價現金回贈」優惠見備註7(xxi) “Early Settlement Cash Rebate”see remark 7(xxi) (2) 「首3年保修」優惠見備註7(iii) “First 3 Years Warranty” Benefit see remark 7(iii) (3) 限時優惠見備註7(xi) Limited Time Discount see remark 7(xi) (4) 建築期付款辦法-照售價減6% Regular Payment– 6% discount on the Price (5) 「成交金額 90%@ 第一按揭」安排見備詮7(xvii) The arrangement of “First mortgage for 90% of Transaction Price@” see remark 7(xvii) (6) 「成交金額 30%@第二按揭」安排見備註7(xviii) The arrangements of “Second mortgage for 30% of Transaction Price”see remark 7(xviii) (7) 睿峰『置尊』折扣優惠見備註7(xvi) Wellness Discount Benefit see remark 7(xvi) (8)「代繳從價印花稅(上限為成交金額3%)」優惠見備註7(xix) “Ad Valorem Stamp Duty (Maximum 3% of the Transaction Price)” Benefit see remark 7(xix),
2020-07-10,2020-07-16,,West Wing,12,G,,7559000,,價單2C號 Price list No. 2C (1) 「提前付清樓價現金回贈」優惠見備註7(xxi) “Early Settlement Cash Rebate”see remark 7(xxi) (2) 「首3年保修」優惠見備註7(iii) “First 3 Years Warranty” Benefit see remark 7(iii) (3) 限時優惠見備註7(xi) Limited Time Discount see remark 7(xi) (4) 建築期付款辦法-照售價減6% Regular Payment– 6% discount on the Price (5) 「成交金額 90%@ 第一按揭」安排見備詮7(xvii) The arrangement of “First mortgage for 90% of Transaction Price@” see remark 7(xvii) (6) 「成交金額 30%@第二按揭」安排見備註7(xviii) The arrangements of “Second mortgage for 30% of Transaction Price”see remark 7(xviii) (7) 睿峰『置尊』折扣優惠見備註7(xvi) Wellness Discount Benefit see remark 7(xvi) (8)「代繳從價印花稅(上限為成交金額3%)」優惠見備註7(xix) “Ad Valorem Stamp Duty (Maximum 3% of the Transaction Price)” Benefit see remark 7(xix),
2020-07-10,2020-07-17,,West Wing,16,K,,7693000,,Price list No. 2C (1) 「提前付清樓價現金回贈」優惠見備註7(xxi) “Early Settlement Cash Rebate”see remark 7(xxi) (2) 「首3年保修」優惠見備註7(iii) “First 3 Years Warranty” Benefit see remark 7(iii) (3) 限時優惠見備註7(xi) Limited Time Discount see remark 7(xi) (4) 建築期付款辦法-照售價減6% Regular Payment– 6% discount on the Price (5) 「成交金額 90%@ 第一按揭」安排見備詮7(xvii) The arrangement of “First mortgage for 90% of Transaction Price@” see remark 7(xvii) (6) 「成交金額 30%@第二按揭」安排見備註7(xviii) The arrangements of “Second mortgage for 30% of Transaction Price”see remark 7(xviii) (7) 睿峰『置尊』折扣優惠見備註7(xvi) Wellness Discount Benefit see remark 7(xvi) (8)「代繳從價印花稅(上限為成交金額3%)」優惠見備註7(xix) “Ad Valorem Stamp Duty (Maximum 3% of the Transaction Price)” Benefit see remark 7(xix),
2020-07-10,2020-07-16,2022-07-12,West Wing,6,C,,6954000,,價單1D號 Price list No. 1D (1) 「提前付清樓價現金回贈」優惠見備註7(xxi) “Early Settlement Cash Rebate”see remark 7(xxi) (2) 「首3年保修」優惠見備註7(iii) “First 3 Years Warranty” Benefit see remark 7(iii) (3) 限時優惠見備註7(xi) Limited Time Discount see remark 7(xi) (4) 建築期付款辦法-照售價減6% Regular Payment– 6% discount on the Price (5) 「成交金額 90%@ 第一按揭」安排見備詮7(xvii) The arrangement of “First mortgage for 90% of Transaction Price@” see remark 7(xvii) (6) 「成交金額 30%@第二按揭」安排見備註7(xviii) The arrangements of “Second mortgage for 30% of Transaction Price”see remark 7(xviii) (7) 睿峰『置尊』折扣優惠見備註7(xvi) Wellness Discount Benefit see remark 7(xvi) (8)「代繳從價印花稅(上限為成交金額3%)」優惠見備註7(xix) “Ad Valorem Stamp Duty (Maximum 3% of the Transaction Price)” Benefit see remark 7(xix) 價單2C號,
2020-07-10,2020-07-16,,West Wing,9,G,,7458000,,Price list No. 2C (1) 「提前付清樓價現金回贈」優惠見備註7(xxi) “Early Settlement Cash Rebate”see remark 7(xxi) (2) 「首3年保修」優惠見備註7(iii) “First 3 Years Warranty” Benefit see remark 7(iii) (3) 限時優惠見備註7(xi) Limited Time Discount see remark 7(xi) (4) 建築期付款辦法-照售價減6% Regular Payment– 6% discount on the Price (5) 「成交金額 90%@ 第一按揭」安排見備詮7(xvii) The arrangement of “First mortgage for 90% of Transaction Price@” see remark 7(xvii) (6) 「成交金額 30%@第二按揭」安排見備註7(xviii) The arrangements of “Second mortgage for 30% of Transaction Price”see remark 7(xviii) (7) 睿峰『置尊』折扣優惠見備註7(xvi) Wellness Discount Benefit see remark 7(xvi) (8)「代繳從價印花稅(上限為成交金額3%)」優惠見備註7(xix) “Ad Valorem Stamp Duty (Maximum 3% of the Transaction Price)” Benefit see remark 7(xix),
2020-07-10,2020-07-17,,West Wing,15,F,,7809000,,價單1D號 Price list No. 1D (1) 「提前付清樓價現金回贈」優惠見備註7(xxi) “Early Settlement Cash Rebate”see remark 7(xxi) (2) 「首3年保修」優惠見備註7(iii) “First 3 Years Warranty” Benefit see remark 7(iii) (3) 限時優惠見備註7(xi) Limited Time Discount see remark 7(xi) (4) 建築期付款辦法-照售價減6% Regular Payment– 6% discount on the Price (5) 「成交金額 90%@ 第一按揭」安排見備詮7(xvii) The arrangement of “First mortgage for 90% of Transaction Price@” see remark 7(xvii) (6) 「成交金額 30%@第二按揭」安排見備註7(xviii) The arrangements of “Second mortgage for 30% of Transaction Price”see remark 7(xviii) (7) 睿峰『置尊』折扣優惠見備註7(xvi) Wellness Discount Benefit see remark 7(xvi) (8)「代繳從價印花稅(上限為成交金額3%)」優惠見備註7(xix) “Ad Valorem Stamp Duty (Maximum 3% of the Transaction Price)” Benefit see remark 7(xix),
2020-07-10,2020-07-17,,West Wing,8,F,,7665000,,價單1D號 Price list No. 1D (1) 「提前付清樓價現金回贈」優惠見備註7(xxi) “Early Settlement Cash Rebate”see remark 7(xxi) (2) 「首3年保修」優惠見備註7(iii) “First 3 Years Warranty” Benefit see remark 7(iii) (3) 限時優惠見備註7(xi) Limited Time Discount see remark 7(xi) (4) 建築期付款辦法-照售價減6% Regular Payment– 6% discount on the Price (5) 「成交金額 90%@ 第一按揭」安排見備詮7(xvii) The arrangement of “First mortgage for 90% of Transaction Price@” see remark 7(xvii) (6) 「成交金額 30%@第二按揭」安排見備註7(xviii) The arrangements of “Second mortgage for 30% of Transaction Price”see remark 7(xviii) (7) 睿峰『置尊』折扣優惠見備註7(xvi) Wellness Discount Benefit see remark 7(xvi) (8)「代繳從價印花稅(上限為成交金額3%)」優惠見備註7(xix) “Ad Valorem Stamp Duty (Maximum 3% of the Transaction Price)” Benefit see remark 7(xix),
2020-07-10,2020-07-17,,West Wing,7,C,,6975000,,價單1D號 Price list No. 1D (1) 「提前付清樓價現金回贈」優惠見備註7(xxi) “Early Settlement Cash Rebate”see remark 7(xxi) (2) 「首3年保修」優惠見備註7(iii) “First 3 Years Warranty” Benefit see remark 7(iii) (3) 限時優惠見備註7(xi) Limited Time Discount see remark 7(xi) (4) 建築期付款辦法-照售價減6% Regular Payment– 6% discount on the Price (5) 「成交金額 90%@ 第一按揭」安排見備詮7(xvii) The arrangement of “First mortgage for 90% of Transaction Price@” see remark 7(xvii) (6) 「成交金額 30%@第二按揭」安排見備註7(xviii) The arrangements of “Second mortgage for 30% of Transaction Price”see remark 7(xviii) (7) 睿峰『置尊』折扣優惠見備註7(xvi) Wellness Discount Benefit see remark 7(xvi) (8)「代繳從價印花稅(上限為成交金額3%)」優惠見備註7(xix) “Ad Valorem Stamp Duty (Maximum 3% of the Transaction Price)” Benefit see remark 7(xix),
2020-07-10,2020-07-17,,West Wing,11,G,,7520000,"在17-05- 2022，基於法例35(2)(b)條所容許 的原因，售價更改為$7,353,000 On 17-05-2022, the price adjusted to $7,353,000 due to the reason allowed under section 35(2)(b) of the Ordinance","Price list No. 2C (1) 「提前付清樓價現金回贈」優惠見備註7(xxi) “Early Settlement Cash Rebate”see remark 7(xxi) (2) 「首3年保修」優惠見備註7(iii) “First 3 Years Warranty” Benefit see remark 7(iii) (3) 限時優惠見備註7(xi) Limited Time Discount see remark 7(xi) (4) 建築期付款辦法-照售價減6% Regular Payment– 6% discount on the Price (5) 「成交金額 90%@ 第一按揭」安排見備詮7(xvii) The arrangement of “First mortgage for 90% of Transaction Price@” see remark 7(xvii) (6) 「成交金額 30%@第二按揭」安排見備註7(xviii) The arrangements of “Second mortgage for 30% of Transaction Price”see remark 7(xviii) (7) 睿峰『置尊』折扣優惠見備註7(xvi) Wellness Discount Benefit see remark 7(xvi) (8)「代繳從價印花稅(上限為成交金額3%)」優惠見備註7(xix) “Ad Valorem Stamp Duty (Maximum 3% of the Transaction Price)” Benefit see remark 7(xix) 在17-05-2022，支付條款更改為 On 17-05-2022, the terms of payment adjusted to 價單2C號 Price list No. 2C (1) 首3年保修」優惠見備註7(iii) “First 3 Years Warranty” Benefit see remark 7(iii) (2) 限時優惠見備註7(xi) Limited Time Discount see remark 7(xi) (3) 90天現金優惠付款辦法-照售價減8% 90-Day Cash Payment Plan-8% discount on the Pricee (4) 「成交金額 90%@ 第一按揭」安排見備詮7(xvii) The arrangement of “First mortgage for 90% of Transaction Price@” see remark 7(xvii) (5) 「成交金額 30%@第二按揭」安排見備註7(xviii) The arrangements of “Second mortgage for 30% of Transaction Price”see remark 7(xviii) (6) 睿峰『置尊』折扣優惠見備註7(xvi) Wellness Discount Benefit see remark 7(xvi) (7)「代繳從價印花稅(上限為成交金額3%)」優惠見備註7(xix) “Ad Valorem Stamp Duty (Maximum 3% of the Transaction Price)” Benefit see remark 7(xix)",
2020-07-10,2020-07-16,,West Wing,6,F,,7594000,,價單1D號 Price list No. 1D (1) 「提前付清樓價現金回贈」優惠見備註7(xxi) “Early Settlement Cash Rebate”see remark 7(xxi) (2) 「首3年保修」優惠見備註7(iii) “First 3 Years Warranty” Benefit see remark 7(iii) (3) 限時優惠見備註7(xi) Limited Time Discount see remark 7(xi) (4) 建築期付款辦法-照售價減6% Regular Payment– 6% discount on the Price (5) 「成交金額 90%@ 第一按揭」安排見備詮7(xvii) The arrangement of “First mortgage for 90% of Transaction Price@” see remark 7(xvii) (6) 「成交金額 30%@第二按揭」安排見備註7(xviii) The arrangements of “Second mortgage for 30% of Transaction Price”see remark 7(xviii) (7) 睿峰『置尊』折扣優惠見備註7(xvi) Wellness Discount Benefit see remark 7(xvi) (8)「代繳從價印花稅(上限為成交金額3%)」優惠見備註7(xix),
2020-07-10,2020-07-17,2022-07-12,West Wing,8,G,,7458000,,價單2C號 Price list No. 2C (1) 「提前付清樓價現金回贈」優惠見備註7(xxi) “Early Settlement Cash Rebate”see remark 7(xxi) (2) 「首3年保修」優惠見備註7(iii) “First 3 Years Warranty” Benefit see remark 7(iii) (3) 限時優惠見備註7(xi) Limited Time Discount see remark 7(xi) (4) 建築期付款辦法-照售價減6% Regular Payment– 6% discount on the Price (5) 「成交金額 90%@ 第一按揭」安排見備詮7(xvii) The arrangement of “First mortgage for 90% of Transaction Price@” see remark 7(xvii) (6) 「成交金額 30%@第二按揭」安排見備註7(xviii) The arrangements of “Second mortgage for 30% of Transaction Price”see remark 7(xviii) (7) 睿峰『置尊』折扣優惠見備註7(xvi) Wellness Discount Benefit see remark 7(xvi) (8)「代繳從價印花稅(上限為成交金額3%)」優惠見備註7(xix) “Ad Valorem Stamp Duty (Maximum 3% of the Transaction Price)” Benefit see remark 7(xix),
2020-07-10,2020-07-17,2023-02-28,West Wing,9,F,,7495000,"在18-11- 2020，基於法例35(2)(b)條所容許 的原因，售價更改為$7,665,000 On 18-11-2020, the price adjusted to $7,665,000 due to the reason allowed under section 35(2)(b) of the Ordinance","價單1D號 Price list No. 1D (1) 「首3年保修」優惠見備註7(iii) “First 3 Years Warranty” Benefit see remark 7(iii) (2) 90天現金優惠付款辦法-照售價減8% 90-Day Cash Payment Plan-8% discount on the Price (3) 限時優惠見備註7(xi) Limited Time Discount see remark 7(xi) (4) 「成交金額 90%@ 第一按揭」安排見備詮7(xvii) The arrangement of “First mortgage for 90% of Transaction Price@” see remark 7(xvii) (5) 「成交金額 30%@第二按揭」安排見備註7(xviii) The arrangements of “Second mortgage for 30% of Transaction Price”see remark 7(xviii) (6) 睿峰『置尊』折扣優惠見備註7(xvi) Wellness Discount Benefit see remark 7(xvi) 在18-11-2020，支付條款更改為 On 18-11-2020, the terms of payment adjusted to 價單1D號 Price list No. 1D (1) 「提前付清樓價現金回贈」優惠見備註7(xxi) “Early Settlement Cash Rebate”see remark 7(xxi) (2) 「首3年保修」優惠見備註7(iii) “First 3 Years Warranty” Benefit see remark 7(iii) (3) 限時優惠見備註7(xi) Limited Time Discount see remark 7(xi) (4) 建築期付款辦法-照售價減6% Regular Payment– 6% discount on the Price (5) 「成交金額 90%@ 第一按揭」安排見備詮7(xvii) The arrangement of “First mortgage for 90% of Transaction Price@” see remark 7(xvii) (6) 「成交金額 30%@第二按揭」安排見備註7(xviii) The arrangements of “Second mortgage for 30% of Transaction Price”see remark 7(xviii) (7) 睿峰『置尊』折扣優惠見備註7(xvi)",
2020-07-10,2020-07-16,,West Wing,7,F,,7448000,,價單1D號 Price list No. 1D (1) 「首3年保修」優惠見備註7(iii) “First 3 Years Warranty” Benefit see remark 7(iii) (2) 90天現金優惠付款辦法-照售價減8% 90-Day Cash Payment Plan-8% discount on the Price (3) 限時優惠見備註7(xi) Limited Time Discount see remark 7(xi) (4) 「成交金額 90%@ 第一按揭」安排見備詮7(xvii) The arrangement of “First mortgage for 90% of Transaction Price@” see remark 7(xvii) (5) 「成交金額 30%@第二按揭」安排見備註7(xviii) The arrangements of “Second mortgage for 30% of Transaction Price”see remark 7(xviii) (6) 睿峰『置尊』折扣優惠見備註7(xvi) Wellness Discount Benefit see remark 7(xvi) (7)「代繳從價印花稅(上限為成交金額3%)」優惠見備註7(xix) “Ad Valorem Stamp Duty (Maximum 3% of the Transaction Price)” Benefit see remark 7(xix),
2020-07-10,2020-07-16,,West Wing,11,F,,7729000,,價單1D號 Price list No. 1D (1) 「提前付清樓價現金回贈」優惠見備註7(xxi) “Early Settlement Cash Rebate”see remark 7(xxi) (2) 「首3年保修」優惠見備註7(iii) “First 3 Years Warranty” Benefit see remark 7(iii) (3) 限時優惠見備註7(xi) Limited Time Discount see remark 7(xi) (4) 建築期付款辦法-照售價減6% Regular Payment– 6% discount on the Price (5) 「成交金額 90%@ 第一按揭」安排見備詮7(xvii) The arrangement of “First mortgage for 90% of Transaction Price@” see remark 7(xvii) (6) 「成交金額 30%@第二按揭」安排見備註7(xviii) The arrangements of “Second mortgage for 30% of Transaction Price”see remark 7(xviii) (7) 睿峰『置尊』折扣優惠見備註7(xvi) Wellness Discount Benefit see remark 7(xvi) (8)「代繳從價印花稅(上限為成交金額3%)」優惠見備註7(xix),
2020-07-10,2020-07-16,,West Wing,10,F,,7688000,,價單1D號 Price list No. 1D (1) 「提前付清樓價現金回贈」優惠見備註7(xxi) “Early Settlement Cash Rebate”see remark 7(xxi) (2) 「首3年保修」優惠見備註7(iii) “First 3 Years Warranty” Benefit see remark 7(iii) (3) 限時優惠見備註7(xi) Limited Time Discount see remark 7(xi) (4) 建築期付款辦法-照售價減6% Regular Payment– 6% discount on the Price (5) 「成交金額 90%@ 第一按揭」安排見備詮7(xvii) The arrangement of “First mortgage for 90% of Transaction Price@” see remark 7(xvii) (6) 「成交金額 30%@第二按揭」安排見備註7(xviii) The arrangements of “Second mortgage for 30% of Transaction Price”see remark 7(xviii) (7) 睿峰『置尊』折扣優惠見備註7(xvi) Wellness Discount Benefit see remark 7(xvi) (8)「代繳從價印花稅(上限為成交金額3%)」優惠見備註7(xix),
2020-07-10,2020-07-17,2022-07-12,West Wing,12,F,,7768000,,價單1D號 Price list No. 1D (1) 「提前付清樓價現金回贈」優惠見備註7(xxi) “Early Settlement Cash Rebate”see remark 7(xxi) (2) 「首3年保修」優惠見備註7(iii) “First 3 Years Warranty” Benefit see remark 7(iii) (3) 限時優惠見備註7(xi) Limited Time Discount see remark 7(xi) (4) 建築期付款辦法-照售價減6% Regular Payment– 6% discount on the Price (5) 「成交金額 90%@ 第一按揭」安排見備詮7(xvii) The arrangement of “First mortgage for 90% of Transaction Price@” see remark 7(xvii) (6) 「成交金額 30%@第二按揭」安排見備註7(xviii) The arrangements of “Second mortgage for 30% of Transaction Price”see remark 7(xviii) (7) 睿峰『置尊』折扣優惠見備註7(xvi) Wellness Discount Benefit see remark 7(xvi) (8)「代繳從價印花稅(上限為成交金額3%)」優惠見備註7(xix) “Ad Valorem Stamp Duty (Maximum 3% of the Transaction Price)” Benefit see remark 7(xix),
2020-07-10,2020-07-17,,West Wing,12,E,,9245000,,價單1D號 Price list No. 1D (1) 「提前付清樓價現金回贈」優惠見備註7(xxi) “Early Settlement Cash Rebate”see remark 7(xxi) (2) 「首3年保修」優惠見備註7(iii) “First 3 Years Warranty” Benefit see remark 7(iii) (3) 限時優惠見備註7(xi) Limited Time Discount see remark 7(xi) (4) 建築期付款辦法-照售價減6% Regular Payment– 6% discount on the Price (5) 上車置業大禮優惠見備註7(xx) Special Benefit of Purchase of Property see remark 7(xx) (6) 「成交金額 90%@ 第一按揭」安排見備詮7(xvii) The arrangement of “First mortgage for 90% of Transaction Price@” see remark 7(xvii) (7) 「成交金額 30%@第二按揭」安排見備註7(xviii) The arrangements of “Second mortgage for 30% of Transaction Price”see remark 7(xviii) (8) 睿峰『置尊』折扣優惠見備註7(xvi),
2020-07-10,2020-07-17,,West Wing,10,E,,9149000,,價單1D號 Price list No. 1D (1) 「提前付清樓價現金回贈」優惠見備註7(xxi) “Early Settlement Cash Rebate”see remark 7(xxi) (2) 「首3年保修」優惠見備註7(iii) “First 3 Years Warranty” Benefit see remark 7(iii) (3) 限時優惠見備註7(xi) Limited Time Discount see remark 7(xi) (4) 建築期付款辦法-照售價減6% Regular Payment– 6% discount on the Price (5) 上車置業大禮優惠見備註7(xx) Special Benefit of Purchase of Property see remark 7(xx) (6) 「成交金額 90%@ 第一按揭」安排見備詮7(xvii) The arrangement of “First mortgage for 90% of Transaction Price@” see remark 7(xvii) (7) 「成交金額 30%@第二按揭」安排見備註7(xviii) The arrangements of “Second mortgage for 30% of Transaction Price”see remark 7(xviii) (8) 睿峰『置尊』折扣優惠見備註7(xvi) Wellness Discount Benefit see remark 7(xvi) (9)「代繳從價印花稅(上限為成交金額3%)」優惠見備註7(xix),
2020-07-10,2020-07-17,,West Wing,9,E,,9121000,"在21-04- 2022，基於法例35(2)(b)條所容許 的原因，售價更改為$ 8,915,000 On 21-04-2022, the price adjusted to $ 8,915,000 due to the reason allowed under section 35(2)(b) of the Ordinance","價單1D號 Price list No. 1D (1) 「提前付清樓價現金回贈」優惠見備註7(xxi) “Early Settlement Cash Rebate”see remark 7(xxi) (2) 「首3年保修」優惠見備註7(iii) “First 3 Years Warranty” Benefit see remark 7(iii) (3) 限時優惠見備註7(xi) Limited Time Discount see remark 7(xi) (4) 建築期付款辦法-照售價減6% Regular Payment– 6% discount on the Price (5) 上車置業大禮優惠見備註7(xx) Special Benefit of Purchase of Property see remark 7(xx) (6) 「成交金額 90%@ 第一按揭」安排見備詮7(xvii) The arrangement of “First mortgage for 90% of Transaction Price@” see remark 7(xvii) (7) 「成交金額 30%@第二按揭」安排見備註7(xviii) The arrangements of “Second mortgage for 30% of Transaction Price”see remark 7(xviii) (8) 睿峰『置尊』折扣優惠見備註7(xvi) Wellness Discount Benefit see remark 7(xvi) (9)「代繳從價印花稅(上限為成交金額3%)」優惠見備註7(xix) “Ad Valorem Stamp Duty (Maximum 3% of the Transaction Price)” Benefit see remark 7(xix) 在14-04-2022，支付條款更改為 On 14-04-2022, the terms of payment adjusted to 價單1D號 Price list No. 1D (1) 「首3年保修」優惠見備註7(iii) “First 3 Years Warranty” Benefit see remark 7(iii) (2) 限時優惠見備註7(xi) Limited Time Discount see remark 7(xi) (3) 90天現金優惠付款辦法-照售價減8% 90-Day Cash Payment Plan-8% discount on the Price (4) 上車置業大禮優惠見備註7(xx) Special Benefit of Purchase of Property see remark 7(xx) (5) 「成交金額 90%@ 第一按揭」安排見備詮7(xvii) The arrangement of “First mortgage for 90% of Transaction Price@” see remark 7(xvii) (6) 「成交金額 30%@第二按揭」安排見備註7(xviii) The arrangements of “Second mortgage for 30% of Transaction Price”see remark 7(xviii) (7) 睿峰『置尊』折扣優惠見備註7(xvi)",
2020-07-10,2020-07-15,,West Wing,6,E,,9035000,,價單1D號 Price list No. 1D (1) 「提前付清樓價現金回贈」優惠見備註7(xxi) “Early Settlement Cash Rebate”see remark 7(xxi) (2) 「首3年保修」優惠見備註7(iii) “First 3 Years Warranty” Benefit see remark 7(iii) (3) 限時優惠見備註7(xi) Limited Time Discount see remark 7(xi) (4) 建築期付款辦法-照售價減6% Regular Payment– 6% discount on the Price (5) 上車置業大禮優惠見備註7(xx) Special Benefit of Purchase of Property see remark 7(xx) (6) 「成交金額 90%@ 第一按揭」安排見備詮7(xvii) The arrangement of “First mortgage for 90% of Transaction Price@” see remark 7(xvii) (7) 「成交金額 30%@第二按揭」安排見備註7(xviii) The arrangements of “Second mortgage for 30% of Transaction Price”see remark 7(xviii) (8) 睿峰『置尊』折扣優惠見備註7(xvi) Wellness Discount Benefit see remark 7(xvi) (9)「代繳從價印花稅(上限為成交金額3%)」優惠見備註7(xix) “Ad Valorem Stamp Duty (Maximum 3% of the Transaction Price)” Benefit see remark 7(xix),
2020-07-10,2020-07-17,,West Wing,8,E,,9121000,,價單1D號 Price list No. 1D (1) 「提前付清樓價現金回贈」優惠見備註7(xxi) “Early Settlement Cash Rebate”see remark 7(xxi) (2) 「首3年保修」優惠見備註7(iii) “First 3 Years Warranty” Benefit see remark 7(iii) (3) 限時優惠見備註7(xi) Limited Time Discount see remark 7(xi) (4) 建築期付款辦法-照售價減6% Regular Payment– 6% discount on the Price (5) 上車置業大禮優惠見備註7(xx) Special Benefit of Purchase of Property see remark 7(xx) (6) 「成交金額 90%@ 第一按揭」安排見備詮7(xvii) The arrangement of “First mortgage for 90% of Transaction Price@” see remark 7(xvii) (7) 「成交金額 30%@第二按揭」安排見備註7(xviii) The arrangements of “Second mortgage for 30% of Transaction Price”see remark 7(xviii) (8) 睿峰『置尊』折扣優惠見備註7(xvi) Wellness Discount Benefit see remark 7(xvi) (9)「代繳從價印花稅(上限為成交金額3%)」優惠見備註7(xix),
2020-07-10,2020-07-17,,East Wing,6,G,,9020000,,“價A單d1 VDa號lorem Stamp Duty (Maximum 3% of the Transaction Price)” Benefit see remark 7(xix) Price list No. 1D (1) 「提前付清樓價現金回贈」優惠見備註7(xxi) “Early Settlement Cash Rebate”see remark 7(xxi) (2) 「首3年保修」優惠見備註7(iii) “First 3 Years Warranty” Benefit see remark 7(iii) (3) 限時優惠見備註7(xi) Limited Time Discount see remark 7(xi) (4) 建築期付款辦法-照售價減6% Regular Payment– 6% discount on the Price (5) 上車置業大禮優惠見備註7(xx) Special Benefit of Purchase of Property see remark 7(xx) (6) 「成交金額 90%@ 第一按揭」安排見備詮7(xvii) The arrangement of “First mortgage for 90% of Transaction Price@” see remark 7(xvii) (7) 「成交金額 30%@第二按揭」安排見備註7(xviii) The arrangements of “Second mortgage for 30% of Transaction Price”see remark 7(xviii) (8) 睿峰『置尊』折扣優惠見備註7(xvi) Wellness Discount Benefit see remark 7(xvi) (9)「代繳從價印花稅(上限為成交金額3%)」優惠見備註7(xix),
2020-07-10,2020-07-16,,East Wing,7,G,,9049000,,價單1D號 Price list No. 1D (1) 「提前付清樓價現金回贈」優惠見備註7(xxi) “Early Settlement Cash Rebate”see remark 7(xxi) (2) 「首3年保修」優惠見備註7(iii) “First 3 Years Warranty” Benefit see remark 7(iii) (3) 限時優惠見備註7(xi) Limited Time Discount see remark 7(xi) (4) 建築期付款辦法-照售價減6% Regular Payment– 6% discount on the Price (5) 上車置業大禮優惠見備註7(xx) Special Benefit of Purchase of Property see remark 7(xx) (6) 「成交金額 90%@ 第一按揭」安排見備詮7(xvii) The arrangement of “First mortgage for 90% of Transaction Price@” see remark 7(xvii) (7) 「成交金額 30%@第二按揭」安排見備註7(xviii) The arrangements of “Second mortgage for 30% of Transaction Price”see remark 7(xviii) (8) 睿峰『置尊』折扣優惠見備註7(xvi) Wellness Discount Benefit see remark 7(xvi) (9)「代繳從價印花稅(上限為成交金額3%)」優惠見備註7(xix) “Ad Valorem Stamp Duty (Maximum 3% of the Transaction Price)” Benefit see remark 7(xix),
2020-07-10,2020-07-17,,East Wing,8,G,,9105000,,價單1D號 Price list No. 1D (1) 「提前付清樓價現金回贈」優惠見備註7(xxi) “Early Settlement Cash Rebate”see remark 7(xxi) (2) 「首3年保修」優惠見備註7(iii) “First 3 Years Warranty” Benefit see remark 7(iii) (3) 限時優惠見備註7(xi) Limited Time Discount see remark 7(xi) (4) 建築期付款辦法-照售價減6% Regular Payment– 6% discount on the Price (5) 上車置業大禮優惠見備註7(xx) Special Benefit of Purchase of Property see remark 7(xx) (6) 「成交金額 90%@ 第一按揭」安排見備詮7(xvii) The arrangement of “First mortgage for 90% of Transaction Price@” see remark 7(xvii) (7) 「成交金額 30%@第二按揭」安排見備註7(xviii) The arrangements of “Second mortgage for 30% of Transaction Price”see remark 7(xviii) (8) 睿峰『置尊』折扣優惠見備註7(xvi) Wellness Discount Benefit see remark 7(xvi) (9)「代繳從價印花稅(上限為成交金額3%)」優惠見備註7(xix) “Ad Valorem Stamp Duty (Maximum 3% of the Transaction Price)” Benefit see remark 7(xix),
2020-07-10,2020-07-15,,East Wing,9,G,,9105000,,價單1D號 Price list No. 1D (1) 「提前付清樓價現金回贈」優惠見備註7(xxi) “Early Settlement Cash Rebate”see remark 7(xxi) (2) 「首3年保修」優惠見備註7(iii) “First 3 Years Warranty” Benefit see remark 7(iii) (3) 限時優惠見備註7(xi) Limited Time Discount see remark 7(xi) (4) 建築期付款辦法-照售價減6% Regular Payment– 6% discount on the Price (5) 上車置業大禮優惠見備註7(xx) Special Benefit of Purchase of Property see remark 7(xx) (6) 「成交金額 90%@ 第一按揭」安排見備詮7(xvii) The arrangement of “First mortgage for 90% of Transaction Price@” see remark 7(xvii) (7) 「成交金額 30%@第二按揭」安排見備註7(xviii) The arrangements of “Second mortgage for 30% of Transaction Price”see remark 7(xviii) (8) 睿峰『置尊』折扣優惠見備註7(xvi) Wellness Discount Benefit see remark 7(xvi) (9)「代繳從價印花稅(上限為成交金額3%)」優惠見備註7(xix) “Ad Valorem Stamp Duty (Maximum 3% of the Transaction Price)” Benefit see remark 7(xix),
2020-07-10,2020-07-16,2022-08-26,East Wing,5,G,,8992000,,價單1D號 Price list No. 1D (1) 「提前付清樓價現金回贈」優惠見備註7(xxi) “Early Settlement Cash Rebate”see remark 7(xxi) (2) 「首3年保修」優惠見備註7(iii) “First 3 Years Warranty” Benefit see remark 7(iii) (3) 限時優惠見備註7(xi) Limited Time Discount see remark 7(xi) (4) 建築期付款辦法-照售價減6% Regular Payment– 6% discount on the Price (5) 上車置業大禮優惠見備註7(xx) Special Benefit of Purchase of Property see remark 7(xx) (6) 「成交金額 90%@ 第一按揭」安排見備詮7(xvii) The arrangement of “First mortgage for 90% of Transaction Price@” see remark 7(xvii) (7) 「成交金額 30%@第二按揭」安排見備註7(xviii) The arrangements of “Second mortgage for 30% of Transaction Price”see remark 7(xviii) (8) 睿峰『置尊』折扣優惠見備註7(xvi) Wellness Discount Benefit see remark 7(xvi) (9)「代繳從價印花稅(上限為成交金額3%)」優惠見備註7(xix) “Ad Valorem Stamp Duty (Maximum 3% of the Transaction Price)” Benefit see remark 7(xix),
2020-07-10,2020-07-17,,West Wing,5,E,,8439000,,價單1D號 Price list No. 1D (1) 「提前付清樓價現金回贈」優惠見備註7(xxi) “Early Settlement Cash Rebate”see remark 7(xxi) (2) 「首3年保修」優惠見備註7(iii) “First 3 Years Warranty” Benefit see remark 7(iii) (3) 限時優惠見備註7(xi) Limited Time Discount see remark 7(xi) (4) 建築期付款辦法-照售價減6% Regular Payment– 6% discount on the Price (5) 上車置業大禮優惠見備註7(xx) Special Benefit of Purchase of Property see remark 7(xx) (6) 「成交金額 90%@ 第一按揭」安排見備詮7(xvii) The arrangement of “First mortgage for 90% of Transaction Price@” see remark 7(xvii) (7) 「成交金額 30%@第二按揭」安排見備註7(xviii) The arrangements of “Second mortgage for 30% of Transaction Price”see remark 7(xviii) (8) 睿峰『置尊』折扣優惠見備註7(xvi) Wellness Discount Benefit see remark 7(xvi) (9)「代繳從價印花稅(上限為成交金額3%)」優惠見備註7(xix) “Ad Valorem Stamp Duty (Maximum 3% of the Transaction Price)” Benefit see remark 7(xix),
2020-07-10,2020-07-17,,West Wing,7,E,,8859000,,價單1D號 Price list No. 1D (1) 「首3年保修」優惠見備註7(iii) “First 3 Years Warranty” Benefit see remark 7(iii) (2) 90天現金優惠付款辦法-照售價減8% 90-Day Cash Payment Plan-8% discount on the Price (3) 限時優惠見備註7(xi) Limited Time Discount see remark 7(xi) (4) 上車置業大禮優惠見備註7(xx) Special Benefit of Purchase of Property see remark 7(xx) (5) 「成交金額 90%@ 第一按揭」安排見備詮7(xvii) The arrangement of “First mortgage for 90% of Transaction Price@” see remark 7(xvii) (6) 「成交金額 30%@第二按揭」安排見備註7(xviii) The arrangements of “Second mortgage for 30% of Transaction Price”see remark 7(xviii) (7) 睿峰『置尊』折扣優惠見備註7(xvi) Wellness Discount Benefit see remark 7(xvi) (8)「代繳從價印花稅(上限為成交金額3%)」優惠見備註7(xix) “Ad Valorem Stamp Duty (Maximum 3% of the Transaction Price)” Benefit see remark 7(xix),
2020-07-10,2020-07-17,,West Wing,18,F,,10187000,,價單2C號 Price list No. 2C (1) 「提前付清樓價現金回贈」優惠見備註7(xxi) “Early Settlement Cash Rebate”see remark 7(xxi) (2) 「首3年保修」優惠見備註7(iii) “First 3 Years Warranty” Benefit see remark 7(iii) (3) 限時優惠見備註7(xi) Limited Time Discount see remark 7(xi) (4) 建築期付款辦法-照售價減6% Regular Payment– 6% discount on the Price (5) 上車置業大禮優惠見備註7(xx) Special Benefit of Purchase of Property see remark 7(xx) (6) 「成交金額 90%@ 第一按揭」安排見備詮7(xvii) The arrangement of “First mortgage for 90% of Transaction Price@” see remark 7(xvii) (7) 「成交金額 30%@第二按揭」安排見備註7(xviii) The arrangements of “Second mortgage for 30% of Transaction Price”see remark 7(xviii) (8) 睿峰『置尊』折扣優惠見備註7(xvi) Wellness Discount Benefit see remark 7(xvi) (9)「代繳從價印花稅(上限為成交金額3%)」優惠見備註7(xix) “Ad Valorem Stamp Duty (Maximum 3% of the Transaction Price)” Benefit see remark 7(xix),
2020-07-10,2020-07-16,,West Wing,20,G,,10133000,,價單2C號 Price list No. 2C (1) 「提前付清樓價現金回贈」優惠見備註7(xxi) “Early Settlement Cash Rebate”see remark 7(xxi) (2) 「首3年保修」優惠見備註7(iii) “First 3 Years Warranty” Benefit see remark 7(iii) (3) 限時優惠見備註7(xi) Limited Time Discount see remark 7(xi) (4) 建築期付款辦法-照售價減6% Regular Payment– 6% discount on the Price (5) 上車置業大禮優惠見備註7(xx) Special Benefit of Purchase of Property see remark 7(xx) (6) 「成交金額 90%@ 第一按揭」安排見備詮7(xvii) The arrangement of “First mortgage for 90% of Transaction Price@” see remark 7(xvii) (7) 「成交金額 30%@第二按揭」安排見備註7(xviii) The arrangements of “Second mortgage for 30% of Transaction Price”see remark 7(xviii) (8) 睿峰『置尊』折扣優惠見備註7(xvi) Wellness Discount Benefit see remark 7(xvi) (9)「代繳從價印花稅(上限為成交金額3%)」優惠見備註7(xix) “Ad Valorem Stamp Duty (Maximum 3% of the Transaction Price)” Benefit see remark 7(xix),
2020-07-10,2020-07-16,,West Wing,18,G,,10080000,,價單2C號 Price list No. 2C (1) 「提前付清樓價現金回贈」優惠見備註7(xxi) “Early Settlement Cash Rebate”see remark 7(xxi) (2) 「首3年保修」優惠見備註7(iii) “First 3 Years Warranty” Benefit see remark 7(iii) (3) 限時優惠見備註7(xi) Limited Time Discount see remark 7(xi) (4) 建築期付款辦法-照售價減6% Regular Payment– 6% discount on the Price (5) 上車置業大禮優惠見備註7(xx) Special Benefit of Purchase of Property see remark 7(xx) (6) 「成交金額 90%@ 第一按揭」安排見備詮7(xvii) The arrangement of “First mortgage for 90% of Transaction Price@” see remark 7(xvii) (7) 「成交金額 30%@第二按揭」安排見備註7(xviii) The arrangements of “Second mortgage for 30% of Transaction Price”see remark 7(xviii) (8) 睿峰『置尊』折扣優惠見備註7(xvi) Wellness Discount Benefit see remark 7(xvi) (9)「代繳從價印花稅(上限為成交金額3%)」優惠見備註7(xix) “Ad Valorem Stamp Duty (Maximum 3% of the Transaction Price)” Benefit see remark 7(xix),
2020-07-10,2020-07-17,2022-07-12,West Wing,19,G,,10080000,,價單2C號 Price list No. 2C (1) 「提前付清樓價現金回贈」優惠見備註7(xxi) “Early Settlement Cash Rebate”see remark 7(xxi) (2) 「首3年保修」優惠見備註7(iii) “First 3 Years Warranty” Benefit see remark 7(iii) (3) 限時優惠見備註7(xi) Limited Time Discount see remark 7(xi) (4) 建築期付款辦法-照售價減6% Regular Payment– 6% discount on the Price (5) 上車置業大禮優惠見備註7(xx) Special Benefit of Purchase of Property see remark 7(xx) (6) 「成交金額 90%@ 第一按揭」安排見備詮7(xvii) The arrangement of “First mortgage for 90% of Transaction Price@” see remark 7(xvii) (7) 「成交金額 30%@第二按揭」安排見備註7(xviii) The arrangements of “Second mortgage for 30% of Transaction Price”see remark 7(xviii) (8) 睿峰『置尊』折扣優惠見備註7(xvi) Wellness Discount Benefit see remark 7(xvi) (9)「代繳從價印花稅(上限為成交金額3%)」優惠見備註7(xix) “Ad Valorem Stamp Duty (Maximum 3% of the Transaction Price)” Benefit see remark 7(xix),
2020-07-10,2020-07-17,,West Wing,17,E,,9966000,,價單2C號 Price list No. 2C (1) 「首3年保修」優惠見備註7(iii) “First 3 Years Warranty” Benefit see remark 7(iii) (2) 90天現金優惠付款辦法-照售價減8% 90-Day Cash Payment Plan-8% discount on the Price (3) 限時優惠見備註7(xi) Limited Time Discount see remark 7(xi) (4) 上車置業大禮優惠見備註7(xx) Special Benefit of Purchase of Property see remark 7(xx) (5) 「成交金額 90%@ 第一按揭」安排見備詮7(xvii) The arrangement of “First mortgage for 90% of Transaction Price@” see remark 7(xvii) (6) 「成交金額 30%@第二按揭」安排見備註7(xviii) The arrangements of “Second mortgage for 30% of Transaction Price”see remark 7(xviii) (7) 睿峰『置尊』折扣優惠見備註7(xvi) Wellness Discount Benefit see remark 7(xvi) (8)「代繳從價印花稅(上限為成交金額3%)」優惠見備註7(xix) “Ad Valorem Stamp Duty (Maximum 3% of the Transaction Price)” Benefit see remark 7(xix),
2020-07-10,2020-07-17,,West Wing,20,F,,10240000,,價單2C號 Price list No. 2C (1) 「提前付清樓價現金回贈」優惠見備註7(xxi) “Early Settlement Cash Rebate”see remark 7(xxi) (2) 「首3年保修」優惠見備註7(iii) “First 3 Years Warranty” Benefit see remark 7(iii) (3) 限時優惠見備註7(xi) Limited Time Discount see remark 7(xi) (4) 建築期付款辦法-照售價減6% Regular Payment– 6% discount on the Price (5) 上車置業大禮優惠見備註7(xx) Special Benefit of Purchase of Property see remark 7(xx) (6) 「成交金額 90%@ 第一按揭」安排見備詮7(xvii) The arrangement of “First mortgage for 90% of Transaction Price@” see remark 7(xvii) (7) 「成交金額 30%@第二按揭」安排見備註7(xviii) The arrangements of “Second mortgage for 30% of Transaction Price”see remark 7(xviii) (8) 睿峰『置尊』折扣優惠見備註7(xvi) Wellness Discount Benefit see remark 7(xvi) (9)「代繳從價印花稅(上限為成交金額3%)」優惠見備註7(xix) “Ad Valorem Stamp Duty (Maximum 3% of the Transaction Price)” Benefit see remark 7(xix),
2020-07-10,2020-07-16,,West Wing,17,G,,9975000,,"價單2C號 Price list No. 2C (1) 「提前付清樓價現金回贈」優惠見備註7(xxi) “Early Settlement Cash Rebate”see remark 7(xxi) (2) 「首3年保修」優惠見備註7(iii) “First 3 Years Warranty” Benefit see remark 7(iii) (3) 限時優惠見備註7(xi) Limited Time Discount see remark 7(xi) (4) 建築期付款辦法-照售價減6% Regular Payment– 6% discount on the Price (5) 上車置業大禮優惠見備註7(xx) Special Benefit of Purchase of Property see remark 7(xx) (6) 睿峰『置尊』折扣優惠見備註7(xvi) Wellness Discount Benefit see remark 7(xvi) (7)「代繳從價印花稅(上限為成交金額3%)」優惠見備註7(xix) “Ad Valorem Stamp Duty (Maximum 3% of the Transaction Price)” Benefit see remark 7(xix) (8) 「成交金額 90% 第一按掲」安排見備註7(xvii) The arrangement of ""First mortgage for 90% of Transaction Price""see remark 7(xvii) (9) 「成交金額 30%第二按掲」安排見備註7(xviii) The arrangements of ""Second mortgage for 30% of Transaction Price""see remark 7(xviii)",
2020-07-10,2020-07-17,2022-08-26,West Wing,19,E,,10304000,,價單2C號 Price list No. 2C (1) 「提前付清樓價現金回贈」優惠見備註7(xxi) “Early Settlement Cash Rebate”see remark 7(xxi) (2) 「首3年保修」優惠見備註7(iii) “First 3 Years Warranty” Benefit see remark 7(iii) (3) 限時優惠見備註7(xi) Limited Time Discount see remark 7(xi) (4) 建築期付款辦法-照售價減6% Regular Payment– 6% discount on the Price (5) 上車置業大禮優惠見備註7(xx) Special Benefit of Purchase of Property see remark 7(xx) (6) 「成交金額 90%@ 第一按揭」安排見備詮7(xvii) The arrangement of “First mortgage for 90% of Transaction Price@” see remark 7(xvii) (7) 「成交金額 30%@第二按揭」安排見備註7(xviii) The arrangements of “Second mortgage for 30% of Transaction Price”see remark 7(xviii) (8) 睿峰『置尊』折扣優惠見備註7(xvi) Wellness Discount Benefit see remark 7(xvi) (9)「代繳從價印花稅(上限為成交金額3%)」優惠見備註7(xix) “Ad Valorem Stamp Duty (Maximum 3% of the Transaction Price)” Benefit see remark 7(xix),
2020-07-10,2020-07-17,,West Wing,21,G,,10186000,,價單2C號 Price list No. 2C (1) 「提前付清樓價現金回贈」優惠見備註7(xxi) “Early Settlement Cash Rebate”see remark 7(xxi) (2) 「首3年保修」優惠見備註7(iii) “First 3 Years Warranty” Benefit see remark 7(iii) (3) 限時優惠見備註7(xi) Limited Time Discount see remark 7(xi) (4) 建築期付款辦法-照售價減6% Regular Payment– 6% discount on the Price (5) 上車置業大禮優惠見備註7(xx) Special Benefit of Purchase of Property see remark 7(xx) (6) 「成交金額 90%@ 第一按揭」安排見備詮7(xvii) The arrangement of “First mortgage for 90% of Transaction Price@” see remark 7(xvii) (7) 「成交金額 30%@第二按揭」安排見備註7(xviii) The arrangements of “Second mortgage for 30% of Transaction Price”see remark 7(xviii) (8) 睿峰『置尊』折扣優惠見備註7(xvi) Wellness Discount Benefit see remark 7(xvi) (9)「代繳從價印花稅(上限為成交金額3%)」優惠見備註7(xix) “Ad Valorem Stamp Duty (Maximum 3% of the Transaction Price)” Benefit see remark 7(xix),
2020-07-10,2020-07-17,,West Wing,19,F,,10187000,,價單2C號 Price list No. 2C (1) 「提前付清樓價現金回贈」優惠見備註7(xxi) “Early Settlement Cash Rebate”see remark 7(xxi) (2) 「首3年保修」優惠見備註7(iii) “First 3 Years Warranty” Benefit see remark 7(iii) (3) 限時優惠見備註7(xi) Limited Time Discount see remark 7(xi) (4) 建築期付款辦法-照售價減6% Regular Payment– 6% discount on the Price (5) 上車置業大禮優惠見備註7(xx) Special Benefit of Purchase of Property see remark 7(xx) (6) 「成交金額 90%@ 第一按揭」安排見備詮7(xvii) The arrangement of “First mortgage for 90% of Transaction Price@” see remark 7(xvii) (7) 「成交金額 30%@第二按揭」安排見備註7(xviii) The arrangements of “Second mortgage for 30% of Transaction Price”see remark 7(xviii) (8) 睿峰『置尊』折扣優惠見備註7(xvi) Wellness Discount Benefit see remark 7(xvi) (9)「代繳從價印花稅(上限為成交金額3%)」優惠見備註7(xix) “Ad Valorem Stamp Duty (Maximum 3% of the Transaction Price)” Benefit see remark 7(xix),
2020-07-10,2020-07-16,2022-07-12,West Wing,17,F,,10644000,,價單2C號 Price list No. 2C (1) 「提前付清樓價現金回贈」優惠見備註7(xxi) “Early Settlement Cash Rebate”see remark 7(xxi) (2) 「首3年保修」優惠見備註7(iii) “First 3 Years Warranty” Benefit see remark 7(iii) (3) 限時優惠見備註7(xi) Limited Time Discount see remark 7(xi) (4) 建築期付款辦法-照售價減6% Regular Payment– 6% discount on the Price (5) 上車置業大禮優惠見備註7(xx) Special Benefit of Purchase of Property see remark 7(xx) (6) 「成交金額 90%@ 第一按揭」安排見備詮7(xvii) The arrangement of “First mortgage for 90% of Transaction Price@” see remark 7(xvii) (7) 「成交金額 30%@第二按揭」安排見備註7(xviii) The arrangements of “Second mortgage for 30% of Transaction Price”see remark 7(xviii) (8) 睿峰『置尊』折扣優惠見備註7(xvi) Wellness Discount Benefit see remark 7(xvi) (9)「代繳從價印花稅(上限為成交金額3%)」優惠見備註7(xix),
2020-07-10,2020-07-17,2022-07-12,West Wing,22,E,,10468000,,“Ad Valorem Stamp Duty (Maximum 3% of the Transaction Price)” Benefit see remark 7(xix) 價單2C號 Price list No. 2C (1) 「提前付清樓價現金回贈」優惠見備註7(xxi) “Early Settlement Cash Rebate”see remark 7(xxi) (2) 「首3年保修」優惠見備註7(iii) “First 3 Years Warranty” Benefit see remark 7(iii) (3) 限時優惠見備註7(xi) Limited Time Discount see remark 7(xi) (4) 建築期付款辦法-照售價減6% Regular Payment– 6% discount on the Price (5) 上車置業大禮優惠見備註7(xx) Special Benefit of Purchase of Property see remark 7(xx) (6) 「成交金額 90%@ 第一按揭」安排見備詮7(xvii) The arrangement of “First mortgage for 90% of Transaction Price@” see remark 7(xvii) (7) 「成交金額 30%@第二按揭」安排見備註7(xviii) The arrangements of “Second mortgage for 30% of Transaction Price”see remark 7(xviii) (8) 睿峰『置尊』折扣優惠見備註7(xvi) Wellness Discount Benefit see remark 7(xvi) (9)「代繳從價印花稅(上限為成交金額3%)」優惠見備註7(xix) “Ad Valorem Stamp Duty (Maximum 3% of the Transaction Price)” Benefit see remark 7(xix),
2020-07-10,2020-07-17,2022-08-26,West Wing,21,E,,10413000,,價單2C號 Price list No. 2C (1) 「提前付清樓價現金回贈」優惠見備註7(xxi) “Early Settlement Cash Rebate”see remark 7(xxi) (2) 「首3年保修」優惠見備註7(iii) “First 3 Years Warranty” Benefit see remark 7(iii) (3) 限時優惠見備註7(xi) Limited Time Discount see remark 7(xi) (4) 建築期付款辦法-照售價減6% Regular Payment– 6% discount on the Price (5) 上車置業大禮優惠見備註7(xx) Special Benefit of Purchase of Property see remark 7(xx) (6) 「成交金額 90%@ 第一按揭」安排見備詮7(xvii) The arrangement of “First mortgage for 90% of Transaction Price@” see remark 7(xvii) (7) 「成交金額 30%@第二按揭」安排見備註7(xviii) The arrangements of “Second mortgage for 30% of Transaction Price”see remark 7(xviii) (8) 睿峰『置尊』折扣優惠見備註7(xvi) Wellness Discount Benefit see remark 7(xvi) (9)「代繳從價印花稅(上限為成交金額3%)」優惠見備註7(xix) “Ad Valorem Stamp Duty (Maximum 3% of the Transaction Price)” Benefit see remark 7(xix),
2020-07-10,2020-07-17,,West Wing,18,E,,10304000,,價單2C號 Price list No. 2C (1) 「提前付清樓價現金回贈」優惠見備註7(xxi) “Early Settlement Cash Rebate”see remark 7(xxi) (2) 「首3年保修」優惠見備註7(iii) “First 3 Years Warranty” Benefit see remark 7(iii) (3) 限時優惠見備註7(xi) Limited Time Discount see remark 7(xi) (4) 建築期付款辦法-照售價減6% Regular Payment– 6% discount on the Price (5) 上車置業大禮優惠見備註7(xx) Special Benefit of Purchase of Property see remark 7(xx) (6) 「成交金額 90%@ 第一按揭」安排見備詮7(xvii) The arrangement of “First mortgage for 90% of Transaction Price@” see remark 7(xvii) (7) 「成交金額 30%@第二按揭」安排見備註7(xviii) The arrangements of “Second mortgage for 30% of Transaction Price”see remark 7(xviii) (8) 睿峰『置尊』折扣優惠見備註7(xvi) Wellness Discount Benefit see remark 7(xvi) (9)「代繳從價印花稅(上限為成交金額3%)」優惠見備註7(xix) “Ad Valorem Stamp Duty (Maximum 3% of the Transaction Price)” Benefit see remark 7(xix),
2020-07-10,2020-07-17,2022-07-12,West Wing,21,F,,10294000,,價單2C號 Price list No. 2C (1) 「提前付清樓價現金回贈」優惠見備註7(xxi) “Early Settlement Cash Rebate”see remark 7(xxi) (2) 「首3年保修」優惠見備註7(iii) “First 3 Years Warranty” Benefit see remark 7(iii) (3) 限時優惠見備註7(xi) Limited Time Discount see remark 7(xi) (4) 建築期付款辦法-照售價減6% Regular Payment– 6% discount on the Price (5) 上車置業大禮優惠見備註7(xx) Special Benefit of Purchase of Property see remark 7(xx) (6) 「成交金額 90%@ 第一按揭」安排見備詮7(xvii) The arrangement of “First mortgage for 90% of Transaction Price@” see remark 7(xvii) (7) 「成交金額 30%@第二按揭」安排見備註7(xviii) The arrangements of “Second mortgage for 30% of Transaction Price”see remark 7(xviii) (8) 睿峰『置尊』折扣優惠見備註7(xvi) Wellness Discount Benefit see remark 7(xvi) (9)「代繳從價印花稅(上限為成交金額3%)」優惠見備註7(xix) “Ad Valorem Stamp Duty (Maximum 3% of the Transaction Price)” Benefit see remark 7(xix),
2020-07-10,2020-07-17,2022-08-26,West Wing,20,E,,10359000,,價單2C號 Price list No. 2C (1) 「提前付清樓價現金回贈」優惠見備註7(xxi) “Early Settlement Cash Rebate”see remark 7(xxi) (2) 「首3年保修」優惠見備註7(iii) “First 3 Years Warranty” Benefit see remark 7(iii) (3) 限時優惠見備註7(xi) Limited Time Discount see remark 7(xi) (4) 建築期付款辦法-照售價減6% Regular Payment– 6% discount on the Price (5) 上車置業大禮優惠見備註7(xx) Special Benefit of Purchase of Property see remark 7(xx) (6) 「成交金額 90%@ 第一按揭」安排見備詮7(xvii) The arrangement of “First mortgage for 90% of Transaction Price@” see remark 7(xvii) (7) 「成交金額 30%@第二按揭」安排見備註7(xviii) The arrangements of “Second mortgage for 30% of Transaction Price”see remark 7(xviii) (8) 睿峰『置尊』折扣優惠見備註7(xvi) Wellness Discount Benefit see remark 7(xvi) (9)「代繳從價印花稅(上限為成交金額3%)」優惠見備註7(xix) “Ad Valorem Stamp Duty (Maximum 3% of the Transaction Price)” Benefit see remark 7(xix),
2020-07-10,2020-07-16,,West Wing,22,F,,10348000,,價單2C號 Price list No. 2C (1) 「提前付清樓價現金回贈」優惠見備註7(xxi) “Early Settlement Cash Rebate”see remark 7(xxi) (2) 「首3年保修」優惠見備註7(iii) “First 3 Years Warranty” Benefit see remark 7(iii) (3) 限時優惠見備註7(xi) Limited Time Discount see remark 7(xi) (4) 建築期付款辦法-照售價減6% Regular Payment– 6% discount on the Price (5) 上車置業大禮優惠見備註7(xx) Special Benefit of Purchase of Property see remark 7(xx) (6) 「成交金額 90%@ 第一按揭」安排見備詮7(xvii) The arrangement of “First mortgage for 90% of Transaction Price@” see remark 7(xvii) (7) 「成交金額 30%@第二按揭」安排見備註7(xviii) The arrangements of “Second mortgage for 30% of Transaction Price”see remark 7(xviii) (8) 睿峰『置尊』折扣優惠見備註7(xvi) Wellness Discount Benefit see remark 7(xvi) (9)「代繳從價印花稅(上限為成交金額3%)」優惠見備註7(xix) “Ad Valorem Stamp Duty (Maximum 3% of the Transaction Price)” Benefit see remark 7(xix),
2020-07-17,2020-07-24,,West Wing,16,A,,10409000,,價單3號 Price list No. 3 (1) 「代繳從價印花稅(上限為成交金額3%)」優惠見備註7(xix) “Ad Valorem Stamp Duty (Maximum 3% of the Transaction Price)” Benefit see remark 7(xix) (2) 「提前付清樓價現金回贈」優惠見備註7(xxi) “Early Settlement Cash Rebate”see remark 7(xxi) (3) 「首3年保修」優惠見備註7(iii) “First 3 Years Warranty” Benefit see remark 7(iii) (4) 限時優惠見備註7(xi) Limited Time Discount see remark 7(xi) (5) 建築期付款辦法-照售價減6% Regular Payment– 6% discount on the Price (6) 「成交金額 90%@ 第一按揭」安排見備詮7(xvii) The arrangement of “First mortgage for 90% of Transaction Price@” see remark 7(xvii) (7) 「成交金額 30%@第二按揭」安排見備註7(xviii) The arrangements of “Second mortgage for 30% of Transaction Price”see remark 7(xviii) (8) 睿峰『置尊』折扣優惠見備註7(xvi),
2020-07-17,2020-07-24,,East Wing,16,F,,11605000,,價單3號 Price list No. 3 (1) 「代繳從價印花稅(上限為成交金額3%)」優惠見備註7(xix) “Ad Valorem Stamp Duty (Maximum 3% of the Transaction Price)” Benefit see remark 7(xix) (2) 「提前付清樓價現金回贈」優惠見備註7(xxi) “Early Settlement Cash Rebate”see remark 7(xxi) (3) 「首3年保修」優惠見備註7(iii) “First 3 Years Warranty” Benefit see remark 7(iii) (4) 限時優惠見備註7(xi) Limited Time Discount see remark 7(xi) (5) 建築期付款辦法-照售價減6% Regular Payment– 6% discount on the Price (6) 「成交金額 90%@ 第一按揭」安排見備詮7(xvii) The arrangement of “First mortgage for 90% of Transaction Price@” see remark 7(xvii) (7) 「成交金額 30%@第二按揭」安排見備註7(xviii) The arrangements of “Second mortgage for 30% of Transaction Price”see remark 7(xviii) (8) 睿峰『置尊』折扣優惠見備註7(xvi) Wellness Discount Benefit see remark 7(xvi),
2020-07-17,2020-07-24,,West Wing,18,H,,10248000,,價單2C號 Price list No. 2C (1) 「代繳從價印花稅(上限為成交金額3%)」優惠見備註7(xix) “Ad Valorem Stamp Duty (Maximum 3% of the Transaction Price)” Benefit see remark 7(xix) (2) 「提前付清樓價現金回贈」優惠見備註7(xxi) “Early Settlement Cash Rebate”see remark 7(xxi) (3) 「首3年保修」優惠見備註7(iii) “First 3 Years Warranty” Benefit see remark 7(iii) (4) 限時優惠見備註7(xi) Limited Time Discount see remark 7(xi) (5) 建築期付款辦法-照售價減6% Regular Payment– 6% discount on the Price (6) 上車置業大禮優惠見備註7(xx) Special Benefit of Purchase of Property see remark 7(xx) (7) 「成交金額 90%@ 第一按揭」安排見備詮7(xvii) The arrangement of “First mortgage for 90% of Transaction Price@” see remark 7(xvii) (8) 「成交金額 30%@第二按揭」安排見備註7(xviii) The arrangements of “Second mortgage for 30% of Transaction Price”see remark 7(xviii) (9) 睿峰『置尊』折扣優惠見備註7(xvi) Wellness Discount Benefit see remark 7(xvi),
2020-07-17,2020-07-24,,West Wing,15,A,,10358000,"在30-06- 2022，基於法例35(2)(b)條所容許 的原因，售價更改為$10,128,000 On 30-06-2022, the price adjusted to $10,128,000 due to the reason allowed under section 35(2)(b) of the Ordinance","價單3號 Price list No. 3 (1) 「代繳從價印花稅(上限為成交金額3%)」優惠見備註7(xix) “Ad Valorem Stamp Duty (Maximum 3% of the Transaction Price)” Benefit see remark 7(xix) (2) 「提前付清樓價現金回贈」優惠見備註7(xxi) “Early Settlement Cash Rebate”see remark 7(xxi) (3) 「首3年保修」優惠見備註7(iii) “First 3 Years Warranty” Benefit see remark 7(iii) (4) 限時優惠見備註7(xi) Limited Time Discount see remark 7(xi) (5) 建築期付款辦法-照售價減6% Regular Payment– 6% discount on the Price (6) 「成交金額 90%@ 第一按揭」安排見備詮7(xvii) The arrangement of “First mortgage for 90% of Transaction Price@” see remark 7(xvii) (7) 「成交金額 30%@第二按揭」安排見備註7(xviii) The arrangements of “Second mortgage for 30% of Transaction Price”see remark 7(xviii) (8) 睿峰『置尊』折扣優惠見備註7(xvi) Wellness Discount Benefit see remark 7(xvi) 30-06-2022，支付條款更改為 On 30-06-2022, the terms of payment adjusted to 價單3號 Price list No. 3 (1) 「代繳從價印花稅(上限為成交金額3%)」優惠見備註7(xix) “Ad Valorem Stamp Duty (Maximum 3% of the Transaction Price)” Benefit see remark 7(xix) (2) 「首3年保修」優惠見備註7(iii) “First 3 Years Warranty” Benefit see remark 7(iii) (3) 限時優惠見備註7(xi) Limited Time Discount see remark 7(xi) (4) 90天現金優惠付款辦法-照售價減8% 90-Day Cash Payment Plan-8% discount on the Price (5) 「成交金額 90%@ 第一按揭」安排見備詮7(xvii) The arrangement of “First mortgage for 90% of Transaction Price@” see remark 7(xvii) (6) 「成交金額 30%@第二按揭」安排見備註7(xviii) The arrangements of “Second mortgage for 30% of Transaction Price”see remark 7(xviii) (7) 睿峰『置尊』折扣優惠見備註7(xvi)",
2020-07-17,2020-07-23,,West Wing,21,D,,6051000,"在21-04- 2022，基於法例35(2)(b)條所容許 的原因，售價更改為$5,917,000 On 21-04-2022, the price adjusted to $5,917,000 due to the reason allowed under section 35(2)(b) of the Ordinance","價單2C號 Price list No. 2C (1) 「代繳從價印花稅(上限為成交金額3%)」優惠見備註7(xix) “Ad Valorem Stamp Duty (Maximum 3% of the Transaction Price)” Benefit see remark 7(xix) (2) 「提前付清樓價現金回贈」優惠見備註7(xxi) “Early Settlement Cash Rebate”see remark 7(xxi) (3) 「首3年保修」優惠見備註7(iii) “First 3 Years Warranty” Benefit see remark 7(iii) (4) 限時優惠見備註7(xi) Limited Time Discount see remark 7(xi) (5) 建築期付款辦法-照售價減6% Regular Payment– 6% discount on the Price (6) 「成交金額 90%@ 第一按揭」安排見備詮7(xvii) The arrangement of “First mortgage for 90% of Transaction Price@” see remark 7(xvii) (7) 「成交金額 30%@第二按揭」安排見備註7(xviii) The arrangements of “Second mortgage for 30% of Transaction Price”see remark 7(xviii) (8) 睿峰『置尊』折扣優惠見備註7(xvi) Wellness Discount Benefit see remark 7(xvi) 在21-04-2022，支付條款更改為 On 21-04-2022, the terms of payment adjusted to 價單2C號 Price list No. 2C (1) 「代繳從價印花稅(上限為成交金額3%)」優惠見備註7(xix) “Ad Valorem Stamp Duty (Maximum 3% of the Transaction Price)” Benefit see remark 7(xix) (2) 「首3年保修」優惠見備註7(iii) “First 3 Years Warranty” Benefit see remark 7(iii) (3) 限時優惠見備註7(xi) Limited Time Discount see remark 7(xi) (4) 90天現金優惠付款辦法-照售價減8% 90-Day Cash Payment Plan-8% discount on the Price (5) 「成交金額 90%@ 第一按揭」安排見備詮7(xvii) The arrangement of “First mortgage for 90% of Transaction Price@” see remark 7(xvii) (6) 「成交金額 30%@第二按揭」安排見備註7(xviii) The arrangements of “Second mortgage for 30% of Transaction Price”see remark 7(xviii)",
2020-07-17,2020-07-24,2022-07-12,East Wing,26,E,,12138000,,價單3號 Price list No. 3 (1) 「代繳從價印花稅(上限為成交金額3%)」優惠見備註7(xix) “Ad Valorem Stamp Duty (Maximum 3% of the Transaction Price)” Benefit see remark 7(xix) (2) 「提前付清樓價現金回贈」優惠見備註7(xxi) “Early Settlement Cash Rebate”see remark 7(xxi) (3) 「首3年保修」優惠見備註7(iii) “First 3 Years Warranty” Benefit see remark 7(iii) (4) 限時優惠見備註7(xi) Limited Time Discount see remark 7(xi) (5) 建築期付款辦法-照售價減6% Regular Payment– 6% discount on the Price (6) 「成交金額 90%@ 第一按揭」安排見備詮7(xvii) The arrangement of “First mortgage for 90% of Transaction Price@” see remark 7(xvii) (7) 「成交金額 30%@第二按揭」安排見備註7(xviii) The arrangements of “Second mortgage for 30% of Transaction Price”see remark 7(xviii) (8) 睿峰『置尊』折扣優惠見備註7(xvi) Wellness Discount Benefit see remark 7(xvi),
2020-07-17,2020-07-24,,West Wing,22,D,,6082000,,價單2C號 Price list No. 2C (1) 「代繳從價印花稅(上限為成交金額3%)」優惠見備註7(xix) “Ad Valorem Stamp Duty (Maximum 3% of the Transaction Price)” Benefit see remark 7(xix) (2) 「提前付清樓價現金回贈」優惠見備註7(xxi) “Early Settlement Cash Rebate”see remark 7(xxi) (3) 「首3年保修」優惠見備註7(iii) “First 3 Years Warranty” Benefit see remark 7(iii) (4) 限時優惠見備註7(xi) Limited Time Discount see remark 7(xi) (5) 建築期付款辦法-照售價減6% Regular Payment– 6% discount on the Price (6) 「成交金額 90%@ 第一按揭」安排見備詮7(xvii) The arrangement of “First mortgage for 90% of Transaction Price@” see remark 7(xvii) (7) 「成交金額 30%@第二按揭」安排見備註7(xviii) The arrangements of “Second mortgage for 30% of Transaction Price”see remark 7(xviii) (8) 睿峰『置尊』折扣優惠見備註7(xvi) Wellness Discount Benefit see remark 7(xvi),
2020-07-17,2020-07-24,,West Wing,28,G,,10540000,,價單3號 Price list No. 3 (1) 「代繳從價印花稅(上限為成交金額3%)」優惠見備註7(xix) “Ad Valorem Stamp Duty (Maximum 3% of the Transaction Price)” Benefit see remark 7(xix) (2) 「首3年保修」優惠見備註7(iii) “First 3 Years Warranty” Benefit see remark 7(iii) (3) 90天現金優惠付款辦法-照售價減8% 90-Day Cash Payment Plan-8% discount on the Price (4) 限時優惠見備註7(xi) Limited Time Discount see remark 7(xi) (5) 「成交金額 90%@ 第一按揭」安排見備詮7(xvii) The arrangement of “First mortgage for 90% of Transaction Price@” see remark 7(xvii) (6) 「成交金額 30%@第二按揭」安排見備註7(xviii) The arrangements of “Second mortgage for 30% of Transaction Price”see remark 7(xviii) (7) 睿峰『置尊』折扣優惠見備註7(xvi) Wellness Discount Benefit see remark 7(xvi),
2020-07-17,2020-07-24,,West Wing,6,A,,10082000,"在04-05- 2022，基於法例35(2)(b)條所容許 的原因，售價更改為$9,858,000 On 04-05-2022, the price adjusted to $9,858,000 due to the reason allowed under section 35(2)(b) of the Ordinance","價單3號 Price list No. 3 (1) 「代繳從價印花稅(上限為成交金額3%)」優惠見備註7(xix) “Ad Valorem Stamp Duty (Maximum 3% of the Transaction Price)” Benefit see remark 7(xix) (2) 「提前付清樓價現金回贈」優惠見備註7(xxi) “Early Settlement Cash Rebate”see remark 7(xxi) (3) 「首3年保修」優惠見備註7(iii) “First 3 Years Warranty” Benefit see remark 7(iii) (4) 限時優惠見備註7(xi) Limited Time Discount see remark 7(xi) (5) 建築期付款辦法-照售價減6% Regular Payment– 6% discount on the Price (6) 「成交金額 90%@ 第一按揭」安排見備詮7(xvii) The arrangement of “First mortgage for 90% of Transaction Price@” see remark 7(xvii) (7) 「成交金額 30%@第二按揭」安排見備註7(xviii) The arrangements of “Second mortgage for 30% of Transaction Price”see remark 7(xviii) (8) 睿峰『置尊』折扣優惠見備註7(xvi) Wellness Discount Benefit see remark 7(xvi) 在04-05-2022，支付條款更改為 On 04-05-2022, the terms of payment adjusted to 價單3號 Price list No. 3 (1) 「代繳從價印花稅(上限為成交金額3%)」優惠見備註7(xix) “Ad Valorem Stamp Duty (Maximum 3% of the Transaction Price)” Benefit see remark 7(xix) (2) 「首3年保修」優惠見備註7(iii) “First 3 Years Warranty” Benefit see remark 7(iii) (3) 限時優惠見備註7(xi) Limited Time Discount see remark 7(xi) (4) 90天現金優惠付款辦法-照售價減8% 90-Day Cash Payment Plan-8% discount on the Price (5) 「成交金額 90%@ 第一按揭」安排見備詮7(xvii) The arrangement of “First mortgage for 90% of Transaction Price@” see remark 7(xvii) (6) 「成交金額 30%@第二按揭」安排見備註7(xviii) The arrangements of “Second mortgage for 30% of Transaction Price”see remark 7(xviii) (7) 睿峰『置尊』折扣優惠見備註7(xvi)",
2020-07-17,2020-07-23,,West Wing,19,D,,5923000,,價單1D號 Price list No. 1D (1) 「代繳從價印花稅(上限為成交金額3%)」優惠見備註7(xix) “Ad Valorem Stamp Duty (Maximum 3% of the Transaction Price)” Benefit see remark 7(xix) (2) 「提前付清樓價現金回贈」優惠見備註7(xxi) “Early Settlement Cash Rebate”see remark 7(xxi) (3) 「首3年保修」優惠見備註7(iii) “First 3 Years Warranty” Benefit see remark 7(iii) (4) 限時優惠見備註7(xi) Limited Time Discount see remark 7(xi) (5) 建築期付款辦法-照售價減6% Regular Payment– 6% discount on the Price (6) 「成交金額 90%@ 第一按揭」安排見備詮7(xvii) The arrangement of “First mortgage for 90% of Transaction Price@” see remark 7(xvii) (7) 「成交金額 30%@第二按揭」安排見備註7(xviii) The arrangements of “Second mortgage for 30% of Transaction Price”see remark 7(xviii) (8) 睿峰『置尊』折扣優惠見備註7(xvi) Wellness Discount Benefit see remark 7(xvi),
2020-07-17,2020-07-24,,West Wing,20,D,,5954000,,價單1D號 Price list No. 1D (1) 「代繳從價印花稅(上限為成交金額3%)」優惠見備註7(xix) “Ad Valorem Stamp Duty (Maximum 3% of the Transaction Price)” Benefit see remark 7(xix) (2) 「提前付清樓價現金回贈」優惠見備註7(xxi) “Early Settlement Cash Rebate”see remark 7(xxi) (3) 「首3年保修」優惠見備註7(iii) “First 3 Years Warranty” Benefit see remark 7(iii) (4) 限時優惠見備註7(xi) Limited Time Discount see remark 7(xi) (5) 建築期付款辦法-照售價減6% Regular Payment– 6% discount on the Price (6) 「成交金額 90%@ 第一按揭」安排見備詮7(xvii) The arrangement of “First mortgage for 90% of Transaction Price@” see remark 7(xvii) (7) 「成交金額 30%@第二按揭」安排見備註7(xviii) The arrangements of “Second mortgage for 30% of Transaction Price”see remark 7(xviii) (8) 睿峰『置尊』折扣優惠見備註7(xvi) Wellness Discount Benefit see remark 7(xvi),
2020-07-17,2020-07-23,,West Wing,16,B,,7276000,,價單1D號 Price list No. 1D (1) 「代繳從價印花稅(上限為成交金額3%)」優惠見備註7(xix) “Ad Valorem Stamp Duty (Maximum 3% of the Transaction Price)” Benefit see remark 7(xix) (2) 「提前付清樓價現金回贈」優惠見備註7(xxi) “Early Settlement Cash Rebate”see remark 7(xxi) (3) 「首3年保修」優惠見備註7(iii) “First 3 Years Warranty” Benefit see remark 7(iii) (4) 限時優惠見備註7(xi) Limited Time Discount see remark 7(xi) (5) 建築期付款辦法-照售價減6% Regular Payment– 6% discount on the Price (6) 「成交金額 90%@ 第一按揭」安排見備詮7(xvii) The arrangement of “First mortgage for 90% of Transaction Price@” see remark 7(xvii) (7) 「成交金額 30%@第二按揭」安排見備註7(xviii) The arrangements of “Second mortgage for 30% of Transaction Price”see remark 7(xviii) (8) 睿峰『置尊』折扣優惠見備註7(xvi) Wellness Discount Benefit see remark 7(xvi),
2020-07-17,2020-07-22,,West Wing,10,H,,7203000,,價單1D號 Price list No. 1D (1) 「代繳從價印花稅(上限為成交金額3%)」優惠見備註7(xix) “Ad Valorem Stamp Duty (Maximum 3% of the Transaction Price)” Benefit see remark 7(xix) (2) 「提前付清樓價現金回贈」優惠見備註7(xxi) “Early Settlement Cash Rebate”see remark 7(xxi) (3) 「首3年保修」優惠見備註7(iii) “First 3 Years Warranty” Benefit see remark 7(iii) (4) 限時優惠見備註7(xi) Limited Time Discount see remark 7(xi) (5) 建築期付款辦法-照售價減6% Regular Payment– 6% discount on the Price (6) 「成交金額 90%@ 第一按揭」安排見備詮7(xvii) The arrangement of “First mortgage for 90% of Transaction Price@” see remark 7(xvii) (7) 「成交金額 30%@第二按揭」安排見備註7(xviii) The arrangements of “Second mortgage for 30% of Transaction Price”see remark 7(xviii) (8) 睿峰『置尊』折扣優惠見備註7(xvi) Wellness Discount Benefit see remark 7(xvi),
2020-07-17,2020-07-24,,West Wing,10,A,,10204000,,價單3號 Price list No. 3 (1) 「代繳從價印花稅(上限為成交金額3%)」優惠見備註7(xix) “Ad Valorem Stamp Duty (Maximum 3% of the Transaction Price)” Benefit see remark 7(xix) (2) 「提前付清樓價現金回贈」優惠見備註7(xxi) “Early Settlement Cash Rebate”see remark 7(xxi) (3) 「首3年保修」優惠見備註7(iii) “First 3 Years Warranty” Benefit see remark 7(iii) (4) 限時優惠見備註7(xi) Limited Time Discount see remark 7(xi) (5) 建築期付款辦法-照售價減6% Regular Payment– 6% discount on the Price (6) 「成交金額 90%@ 第一按揭」安排見備詮7(xvii) The arrangement of “First mortgage for 90% of Transaction Price@” see remark 7(xvii) (7) 「成交金額 30%@第二按揭」安排見備註7(xviii) The arrangements of “Second mortgage for 30% of Transaction Price”see remark 7(xviii) (8) 睿峰『置尊』折扣優惠見備註7(xvi) Wellness Discount Benefit see remark 7(xvi),
2020-07-17,2020-07-22,,East Wing,29,E,,12320000,,價單3號 Price list No. 3 (1) 「代繳從價印花稅(上限為成交金額3%)」優惠見備註7(xix) “Ad Valorem Stamp Duty (Maximum 3% of the Transaction Price)” Benefit see remark 7(xix) (2) 「提前付清樓價現金回贈」優惠見備註7(xxi) “Early Settlement Cash Rebate”see remark 7(xxi) (3) 「首3年保修」優惠見備註7(iii) “First 3 Years Warranty” Benefit see remark 7(iii) (4) 限時優惠見備註7(xi) Limited Time Discount see remark 7(xi) (5) 建築期付款辦法-照售價減6% Regular Payment– 6% discount on the Price (6) 「成交金額 90%@ 第一按揭」安排見備詮7(xvii) The arrangement of “First mortgage for 90% of Transaction Price@” see remark 7(xvii) (7) 「成交金額 30%@第二按揭」安排見備註7(xviii) The arrangements of “Second mortgage for 30% of Transaction Price”see remark 7(xviii) (8) 睿峰『置尊』折扣優惠見備註7(xvi) Wellness Discount Benefit see remark 7(xvi) 價單1D號,
2020-07-17,2020-07-24,,West Wing,6,B,,7038000,,Price list No. 1D (1) 「代繳從價印花稅(上限為成交金額3%)」優惠見備註7(xix) “Ad Valorem Stamp Duty (Maximum 3% of the Transaction Price)” Benefit see remark 7(xix) (2) 「提前付清樓價現金回贈」優惠見備註7(xxi) “Early Settlement Cash Rebate”see remark 7(xxi) (3) 「首3年保修」優惠見備註7(iii) “First 3 Years Warranty” Benefit see remark 7(iii) (4) 限時優惠見備註7(xi) Limited Time Discount see remark 7(xi) (5) 建築期付款辦法-照售價減6% Regular Payment– 6% discount on the Price (6) 「成交金額 90%@ 第一按揭」安排見備詮7(xvii) The arrangement of “First mortgage for 90% of Transaction Price@” see remark 7(xvii) (7) 「成交金額 30%@第二按揭」安排見備註7(xviii) The arrangements of “Second mortgage for 30% of Transaction Price”see remark 7(xviii) (8) 睿峰『置尊』折扣優惠見備註7(xvi) Wellness Discount Benefit see remark 7(xvi),
2020-07-17,2020-07-24,,West Wing,10,B,,7127000,,價單1D號 Price list No. 1D (1) 「代繳從價印花稅(上限為成交金額3%)」優惠見備註7(xix) “Ad Valorem Stamp Duty (Maximum 3% of the Transaction Price)” Benefit see remark 7(xix) (2) 「提前付清樓價現金回贈」優惠見備註7(xxi) “Early Settlement Cash Rebate”see remark 7(xxi) (3) 「首3年保修」優惠見備註7(iii) “First 3 Years Warranty” Benefit see remark 7(iii) (4) 限時優惠見備註7(xi) Limited Time Discount see remark 7(xi) (5) 建築期付款辦法-照售價減6% Regular Payment– 6% discount on the Price (6) 「成交金額 90%@ 第一按揭」安排見備詮7(xvii) The arrangement of “First mortgage for 90% of Transaction Price@” see remark 7(xvii) (7) 「成交金額 30%@第二按揭」安排見備註7(xviii) The arrangements of “Second mortgage for 30% of Transaction Price”see remark 7(xviii) (8) 睿峰『置尊』折扣優惠見備註7(xvi) Wellness Discount Benefit see remark 7(xvi),
2020-07-17,2020-07-24,2022-08-26,West Wing,9,B,,7104000,,價單1D號 Price list No. 1D (1) 「代繳從價印花稅(上限為成交金額3%)」優惠見備註7(xix) “Ad Valorem Stamp Duty (Maximum 3% of the Transaction Price)” Benefit see remark 7(xix) (2) 「提前付清樓價現金回贈」優惠見備註7(xxi) “Early Settlement Cash Rebate”see remark 7(xxi) (3) 「首3年保修」優惠見備註7(iii) “First 3 Years Warranty” Benefit see remark 7(iii) (4) 限時優惠見備註7(xi) Limited Time Discount see remark 7(xi) (5) 建築期付款辦法-照售價減6% Regular Payment– 6% discount on the Price (6) 「成交金額 90%@ 第一按揭」安排見備詮7(xvii) The arrangement of “First mortgage for 90% of Transaction Price@” see remark 7(xvii) (7) 「成交金額 30%@第二按揭」安排見備註7(xviii) The arrangements of “Second mortgage for 30% of Transaction Price”see remark 7(xviii) (8) 睿峰『置尊』折扣優惠見備註7(xvi),
2020-07-17,2020-07-24,,West Wing,7,B,,7060000,,價單1D號 Price list No. 1D (1) 「代繳從價印花稅(上限為成交金額3%)」優惠見備註7(xix) “Ad Valorem Stamp Duty (Maximum 3% of the Transaction Price)” Benefit see remark 7(xix) (2) 「提前付清樓價現金回贈」優惠見備註7(xxi) “Early Settlement Cash Rebate”see remark 7(xxi) (3) 「首3年保修」優惠見備註7(iii) “First 3 Years Warranty” Benefit see remark 7(iii) (4) 限時優惠見備註7(xi) Limited Time Discount see remark 7(xi) (5) 建築期付款辦法-照售價減6% Regular Payment– 6% discount on the Price (6) 「成交金額 90%@ 第一按揭」安排見備詮7(xvii) The arrangement of “First mortgage for 90% of Transaction Price@” see remark 7(xvii) (7) 「成交金額 30%@第二按揭」安排見備註7(xviii) The arrangements of “Second mortgage for 30% of Transaction Price”see remark 7(xviii) (8) 睿峰『置尊』折扣優惠見備註7(xvi) Wellness Discount Benefit see remark 7(xvi),
2020-07-17,2020-07-24,,West Wing,12,B,,7200000,,價單1D號 Price list No. 1D (1) 「代繳從價印花稅(上限為成交金額3%)」優惠見備註7(xix) “Ad Valorem Stamp Duty (Maximum 3% of the Transaction Price)” Benefit see remark 7(xix) (2) 「提前付清樓價現金回贈」優惠見備註7(xxi) “Early Settlement Cash Rebate”see remark 7(xxi) (3) 「首3年保修」優惠見備註7(iii) “First 3 Years Warranty” Benefit see remark 7(iii) (4) 限時優惠見備註7(xi) Limited Time Discount see remark 7(xi) (5) 建築期付款辦法-照售價減6% Regular Payment– 6% discount on the Price (6) 「成交金額 90%@ 第一按揭」安排見備詮7(xvii) The arrangement of “First mortgage for 90% of Transaction Price@” see remark 7(xvii) (7) 「成交金額 30%@第二按揭」安排見備註7(xviii) The arrangements of “Second mortgage for 30% of Transaction Price”see remark 7(xviii) (8) 睿峰『置尊』折扣優惠見備註7(xvi),
2020-07-17,2020-07-24,2022-07-12,West Wing,17,B,,7647000,,價單1D號 Price list No. 1D (1) 「代繳從價印花稅(上限為成交金額3%)」優惠見備註7(xix) “Ad Valorem Stamp Duty (Maximum 3% of the Transaction Price)” Benefit see remark 7(xix) (2) 「提前付清樓價現金回贈」優惠見備註7(xxi) “Early Settlement Cash Rebate”see remark 7(xxi) (3) 「首3年保修」優惠見備註7(iii) “First 3 Years Warranty” Benefit see remark 7(iii) (4) 限時優惠見備註7(xi) Limited Time Discount see remark 7(xi) (5) 建築期付款辦法-照售價減6% Regular Payment– 6% discount on the Price (6) 「成交金額 90%@ 第一按揭」安排見備詮7(xvii) The arrangement of “First mortgage for 90% of Transaction Price@” see remark 7(xvii) (7) 「成交金額 30%@第二按揭」安排見備註7(xviii) The arrangements of “Second mortgage for 30% of Transaction Price”see remark 7(xviii) (8) 睿峰『置尊』折扣優惠見備註7(xvi),
2020-07-17,2020-07-24,,West Wing,15,B,,7238000,,價單1D號 Price list No. 1D (1) 「代繳從價印花稅(上限為成交金額3%)」優惠見備註7(xix) “Ad Valorem Stamp Duty (Maximum 3% of the Transaction Price)” Benefit see remark 7(xix) (2) 「提前付清樓價現金回贈」優惠見備註7(xxi) “Early Settlement Cash Rebate”see remark 7(xxi) (3) 「首3年保修」優惠見備註7(iii) “First 3 Years Warranty” Benefit see remark 7(iii) (4) 限時優惠見備註7(xi) Limited Time Discount see remark 7(xi) (5) 建築期付款辦法-照售價減6% Regular Payment– 6% discount on the Price (6) 「成交金額 90%@ 第一按揭」安排見備詮7(xvii) The arrangement of “First mortgage for 90% of Transaction Price@” see remark 7(xvii) (7) 「成交金額 30%@第二按揭」安排見備註7(xviii) The arrangements of “Second mortgage for 30% of Transaction Price”see remark 7(xviii) (8) 睿峰『置尊』折扣優惠見備註7(xvi),
2020-07-17,2020-07-24,,West Wing,8,B,,7104000,,價單1D號 Price list No. 1D (1) 「代繳從價印花稅(上限為成交金額3%)」優惠見備註7(xix) “Ad Valorem Stamp Duty (Maximum 3% of the Transaction Price)” Benefit see remark 7(xix) (2) 「提前付清樓價現金回贈」優惠見備註7(xxi) “Early Settlement Cash Rebate”see remark 7(xxi) (3) 「首3年保修」優惠見備註7(iii) “First 3 Years Warranty” Benefit see remark 7(iii) (4) 限時優惠見備註7(xi) Limited Time Discount see remark 7(xi) (5) 建築期付款辦法-照售價減6% Regular Payment– 6% discount on the Price (6) 「成交金額 90%@ 第一按揭」安排見備詮7(xvii) The arrangement of “First mortgage for 90% of Transaction Price@” see remark 7(xvii) (7) 「成交金額 30%@第二按揭」安排見備註7(xviii) The arrangements of “Second mortgage for 30% of Transaction Price”see remark 7(xviii) (8) 睿峰『置尊』折扣優惠見備註7(xvi),
2020-07-17,2020-07-23,,East Wing,28,E,,12320000,,價單3號 Price list No. 3 (1) 「代繳從價印花稅(上限為成交金額3%)」優惠見備註7(xix) “Ad Valorem Stamp Duty (Maximum 3% of the Transaction Price)” Benefit see remark 7(xix) (2) 「提前付清樓價現金回贈」優惠見備註7(xxi) “Early Settlement Cash Rebate”see remark 7(xxi) (3) 「首3年保修」優惠見備註7(iii) “First 3 Years Warranty” Benefit see remark 7(iii) (4) 限時優惠見備註7(xi) Limited Time Discount see remark 7(xi) (5) 建築期付款辦法-照售價減6% Regular Payment– 6% discount on the Price (6) 「成交金額 90%@ 第一按揭」安排見備詮7(xvii) The arrangement of “First mortgage for 90% of Transaction Price@” see remark 7(xvii) (7) 「成交金額 30%@第二按揭」安排見備註7(xviii) The arrangements of “Second mortgage for 30% of Transaction Price”see remark 7(xviii) (8) 睿峰『置尊』折扣優惠見備註7(xvi) Wellness Discount Benefit see remark 7(xvi),
2020-07-17,2020-07-24,,West Wing,11,H,,7241000,,價單1D號 Price list No. 1D (1) 「代繳從價印花稅(上限為成交金額3%)」優惠見備註7(xix) “Ad Valorem Stamp Duty (Maximum 3% of the Transaction Price)” Benefit see remark 7(xix) (2) 「提前付清樓價現金回贈」優惠見備註7(xxi) “Early Settlement Cash Rebate”see remark 7(xxi) (3) 「首3年保修」優惠見備註7(iii) “First 3 Years Warranty” Benefit see remark 7(iii) (4) 限時優惠見備註7(xi) Limited Time Discount see remark 7(xi) (5) 建築期付款辦法-照售價減6% Regular Payment– 6% discount on the Price (6) 「成交金額 90%@ 第一按揭」安排見備詮7(xvii) The arrangement of “First mortgage for 90% of Transaction Price@” see remark 7(xvii) (7) 「成交金額 30%@第二按揭」安排見備註7(xviii) The arrangements of “Second mortgage for 30% of Transaction Price”see remark 7(xviii) (8) 睿峰『置尊』折扣優惠見備註7(xvi) Wellness Discount Benefit see remark 7(xvi),
2020-07-17,2020-07-24,,West Wing,18,D,,5923000,,價單1D號 Price list No. 1D (1) 「代繳從價印花稅(上限為成交金額3%)」優惠見備註7(xix) “Ad Valorem Stamp Duty (Maximum 3% of the Transaction Price)” Benefit see remark 7(xix) (2) 「提前付清樓價現金回贈」優惠見備註7(xxi) “Early Settlement Cash Rebate”see remark 7(xxi) (3) 「首3年保修」優惠見備註7(iii) “First 3 Years Warranty” Benefit see remark 7(iii) (4) 限時優惠見備註7(xi) Limited Time Discount see remark 7(xi) (5) 建築期付款辦法-照售價減6% Regular Payment– 6% discount on the Price (6) 「成交金額 90%@ 第一按揭」安排見備詮7(xvii) The arrangement of “First mortgage for 90% of Transaction Price@” see remark 7(xvii) (7) 「成交金額 30%@第二按揭」安排見備註7(xviii) The arrangements of “Second mortgage for 30% of Transaction Price”see remark 7(xviii) (8) 睿峰『置尊』折扣優惠見備註7(xvi) Wellness Discount Benefit see remark 7(xvi),
2020-07-17,2020-07-24,,West Wing,23,F,,10620000,,價單3號 Price list No. 3 (1) 「代繳從價印花稅(上限為成交金額3%)」優惠見備註7(xix) “Ad Valorem Stamp Duty (Maximum 3% of the Transaction Price)” Benefit see remark 7(xix) (2) 「提前付清樓價現金回贈」優惠見備註7(xxi) “Early Settlement Cash Rebate”see remark 7(xxi) (3) 「首3年保修」優惠見備註7(iii) “First 3 Years Warranty” Benefit see remark 7(iii) (4) 限時優惠見備註7(xi) Limited Time Discount see remark 7(xi) (5) 建築期付款辦法-照售價減6% Regular Payment– 6% discount on the Price (6) 「成交金額 90%@ 第一按揭」安排見備詮7(xvii) The arrangement of “First mortgage for 90% of Transaction Price@” see remark 7(xvii) (7) 「成交金額 30%@第二按揭」安排見備註7(xviii) The arrangements of “Second mortgage for 30% of Transaction Price”see remark 7(xviii) (8) 睿峰『置尊』折扣優惠見備註7(xvi),
2020-07-17,2020-07-24,,West Wing,11,B,,7004000,,Wellness Discount Benefit see remark 7(xvi) 價單1D號 Price list No. 1D (1) 「代繳從價印花稅(上限為成交金額3%)」優惠見備註7(xix) “Ad Valorem Stamp Duty (Maximum 3% of the Transaction Price)” Benefit see remark 7(xix) (2) 「首3年保修」優惠見備註7(iii) “First 3 Years Warranty” Benefit see remark 7(iii) (3) 90天現金優惠付款辦法-照售價減8% 90-Day Cash Payment Plan-8% discount on the Price (4) 限時優惠見備註7(xi) Limited Time Discount see remark 7(xi) (5) 「成交金額 90%@ 第一按揭」安排見備詮7(xvii) The arrangement of “First mortgage for 90% of Transaction Price@” see remark 7(xvii) (6) 「成交金額 30%@第二按揭」安排見備註7(xviii) The arrangements of “Second mortgage for 30% of Transaction Price”see remark 7(xviii) (7) 睿峰『置尊』折扣優惠見備註7(xvi) Wellness Discount Benefit see remark 7(xvi),
2020-07-17,2020-07-23,,East Wing,18,E,,11780000,,價單3號 Price list No. 3 (1) 「代繳從價印花稅(上限為成交金額3%)」優惠見備註7(xix) “Ad Valorem Stamp Duty (Maximum 3% of the Transaction Price)” Benefit see remark 7(xix) (2) 「提前付清樓價現金回贈」優惠見備註7(xxi) “Early Settlement Cash Rebate”see remark 7(xxi) (3) 「首3年保修」優惠見備註7(iii) “First 3 Years Warranty” Benefit see remark 7(iii) (4) 限時優惠見備註7(xi) Limited Time Discount see remark 7(xi) (5) 建築期付款辦法-照售價減6% Regular Payment– 6% discount on the Price (6) 「成交金額 90%@ 第一按揭」安排見備詮7(xvii) The arrangement of “First mortgage for 90% of Transaction Price@” see remark 7(xvii) (7) 「成交金額 30%@第二按揭」安排見備註7(xviii) The arrangements of “Second mortgage for 30% of Transaction Price”see remark 7(xviii) (8) 睿峰『置尊』折扣優惠見備註7(xvi) Wellness Discount Benefit see remark 7(xvi),
2020-07-17,2020-07-24,2022-08-26,West Wing,25,F,,10674000,,價單3號 Price list No. 3 (1) 「代繳從價印花稅(上限為成交金額3%)」優惠見備註7(xix) “Ad Valorem Stamp Duty (Maximum 3% of the Transaction Price)” Benefit see remark 7(xix) (2) 「提前付清樓價現金回贈」優惠見備註7(xxi) “Early Settlement Cash Rebate”see remark 7(xxi) (3) 「首3年保修」優惠見備註7(iii) “First 3 Years Warranty” Benefit see remark 7(iii) (4) 限時優惠見備註7(xi) Limited Time Discount see remark 7(xi) (5) 建築期付款辦法-照售價減6% Regular Payment– 6% discount on the Price (6) 「成交金額 90%@ 第一按揭」安排見備詮7(xvii) The arrangement of “First mortgage for 90% of Transaction Price@” see remark 7(xvii) (7) 「成交金額 30%@第二按揭」安排見備註7(xviii) The arrangements of “Second mortgage for 30% of Transaction Price”see remark 7(xviii) (8) 睿峰『置尊』折扣優惠見備註7(xvi) Wellness Discount Benefit see remark 7(xvi),
2020-07-17,2020-07-24,,West Wing,7,H,,7137000,"在04-05- 2022，基於法例35(2)(b)條所容許 的原因，售價更改為$6,978,000 On 04-05-2022, the price adjusted to $6,978,000 due to the reason allowed under section 35(2)(b) of the Ordinance","價單1D號 Price list No. 1D (1) 「代繳從價印花稅(上限為成交金額3%)」優惠見備註7(xix) “Ad Valorem Stamp Duty (Maximum 3% of the Transaction Price)” Benefit see remark 7(xix) (2) 「提前付清樓價現金回贈」優惠見備註7(xxi) “Early Settlement Cash Rebate”see remark 7(xxi) (3) 「首3年保修」優惠見備註7(iii) “First 3 Years Warranty” Benefit see remark 7(iii) (4) 限時優惠見備註7(xi) Limited Time Discount see remark 7(xi) (5) 建築期付款辦法-照售價減6% Regular Payment– 6% discount on the Price (6) 「成交金額 90%@ 第一按揭」安排見備詮7(xvii) The arrangement of “First mortgage for 90% of Transaction Price@” see remark 7(xvii) (7) 「成交金額 30%@第二按揭」安排見備註7(xviii) The arrangements of “Second mortgage for 30% of Transaction Price”see remark 7(xviii) (8) 睿峰『置尊』折扣優惠見備註7(xvi) Wellness Discount Benefit see remark 7(xvi) 在04-05-2022，支付條款更改為 On 04-05-2022, the terms of payment adjusted to 價單1D號 Price list No. 1D (1) 「代繳從價印花稅(上限為成交金額3%)」優惠見備註7(xix) “Ad Valorem Stamp Duty (Maximum 3% of the Transaction Price)” Benefit see remark 7(xix) (2) 「首3年保修」優惠見備註7(iii) “First 3 Years Warranty” Benefit see remark 7(iii) (3) 限時優惠見備註7(xi) Limited Time Discount see remark 7(xi) (4) 90天現金優惠付款辦法-照售價減8% 90-Day Cash Payment Plan-8% discount on the Price (5) 「成交金額 90%@ 第一按揭」安排見備詮7(xvii) The arrangement of “First mortgage for 90% of Transaction Price@” see remark 7(xvii) (6) 「成交金額 30%@第二按揭」安排見備註7(xviii) The arrangements of “Second mortgage for 30% of Transaction Price”see remark 7(xviii) (7) 睿峰『置尊』折扣優惠見備註7(xvi)",
2020-07-17,2020-07-24,,East Wing,20,E,,11838000,"在21-04- 2022，基於法例35(2)(b)條所容許 的原因，售價更改為$11,575,000 On 21-04-2022, the price adjusted to $11,575,000 due to the reason allowed under section 35(2)(b) of the Ordinance","價單3號 Price list No. 3 (1) 「代繳從價印花稅(上限為成交金額3%)」優惠見備註7(xix) “Ad Valorem Stamp Duty (Maximum 3% of the Transaction Price)” Benefit see remark 7(xix) (2) 「提前付清樓價現金回贈」優惠見備註7(xxi) “Early Settlement Cash Rebate”see remark 7(xxi) (3) 「首3年保修」優惠見備註7(iii) “First 3 Years Warranty” Benefit see remark 7(iii) (4) 限時優惠見備註7(xi) Limited Time Discount see remark 7(xi) (5) 建築期付款辦法-照售價減6% Regular Payment– 6% discount on the Price (6) 「成交金額 90%@ 第一按揭」安排見備詮7(xvii) The arrangement of “First mortgage for 90% of Transaction Price@” see remark 7(xvii) (7) 「成交金額 30%@第二按揭」安排見備註7(xviii) The arrangements of “Second mortgage for 30% of Transaction Price”see remark 7(xviii) (8) 睿峰『置尊』折扣優惠見備註7(xvi) Wellness Discount Benefit see remark 7(xvi) 在21-04-2022，支付條款更改為 On 21-04-2022, the terms of payment adjusted to 價單3號 Price list No. 3 (1) 「代繳從價印花稅(上限為成交金額3%)」優惠見備註7(xix) “Ad Valorem Stamp Duty (Maximum 3% of the Transaction Price)” Benefit see remark 7(xix) (2) 「首3年保修」優惠見備註7(iii) “First 3 Years Warranty” Benefit see remark 7(iii) (3) 限時優惠見備註7(xi) Limited Time Discount see remark 7(xi) (4) 90天現金優惠付款辦法-照售價減8% 90-Day Cash Payment Plan-8% discount on the Price (5) 「成交金額 90%@ 第一按揭」安排見備詮7(xvii) The arrangement of “First mortgage for 90% of Transaction Price@” see remark 7(xvii) (6) 「成交金額 30%@第二按揭」安排見備註7(xviii) The arrangements of “Second mortgage for 30% of Transaction Price”see remark 7(xviii) (7) 睿峰『置尊』折扣優惠見備註7(xvi) Wellness Discount Benefit see remark 7(xvi)",
2020-07-17,2020-07-24,2022-07-12,West Wing,9,H,,7181000,,價單1D號 Price list No. 1D (1) 「代繳從價印花稅(上限為成交金額3%)」優惠見備註7(xix) “Ad Valorem Stamp Duty (Maximum 3% of the Transaction Price)” Benefit see remark 7(xix) (2) 「提前付清樓價現金回贈」優惠見備註7(xxi) “Early Settlement Cash Rebate”see remark 7(xxi) (3) 「首3年保修」優惠見備註7(iii) “First 3 Years Warranty” Benefit see remark 7(iii) (4) 限時優惠見備註7(xi) Limited Time Discount see remark 7(xi) (5) 建築期付款辦法-照售價減6% Regular Payment– 6% discount on the Price (6) 「成交金額 90%@ 第一按揭」安排見備詮7(xvii) The arrangement of “First mortgage for 90% of Transaction Price@” see remark 7(xvii) (7) 「成交金額 30%@第二按揭」安排見備註7(xviii) The arrangements of “Second mortgage for 30% of Transaction Price”see remark 7(xviii) (8) 睿峰『置尊』折扣優惠見備註7(xvi),
2020-07-17,2020-07-24,,West Wing,18,A,,10566000,,價單3號 Price list No. 3 (1) 「代繳從價印花稅(上限為成交金額3%)」優惠見備註7(xix) “Ad Valorem Stamp Duty (Maximum 3% of the Transaction Price)” Benefit see remark 7(xix) (2) 「提前付清樓價現金回贈」優惠見備註7(xxi) “Early Settlement Cash Rebate”see remark 7(xxi) (3) 「首3年保修」優惠見備註7(iii) “First 3 Years Warranty” Benefit see remark 7(iii) (4) 限時優惠見備註7(xi) Limited Time Discount see remark 7(xi) (5) 建築期付款辦法-照售價減6% Regular Payment– 6% discount on the Price (6) 「成交金額 90%@ 第一按揭」安排見備詮7(xvii) The arrangement of “First mortgage for 90% of Transaction Price@” see remark 7(xvii) (7) 「成交金額 30%@第二按揭」安排見備註7(xviii) The arrangements of “Second mortgage for 30% of Transaction Price”see remark 7(xviii) (8) 睿峰『置尊』折扣優惠見備註7(xvi) Wellness Discount Benefit see remark 7(xvi),
2020-07-17,2020-07-24,,West Wing,19,A,,10566000,,價單3號 Price list No. 3 (1) 「代繳從價印花稅(上限為成交金額3%)」優惠見備註7(xix) “Ad Valorem Stamp Duty (Maximum 3% of the Transaction Price)” Benefit see remark 7(xix) (2) 「提前付清樓價現金回贈」優惠見備註7(xxi) “Early Settlement Cash Rebate”see remark 7(xxi) (3) 「首3年保修」優惠見備註7(iii) “First 3 Years Warranty” Benefit see remark 7(iii) (4) 限時優惠見備註7(xi) Limited Time Discount see remark 7(xi) (5) 建築期付款辦法-照售價減6% Regular Payment– 6% discount on the Price (6) 「成交金額 90%@ 第一按揭」安排見備詮7(xvii) The arrangement of “First mortgage for 90% of Transaction Price@” see remark 7(xvii) (7) 「成交金額 30%@第二按揭」安排見備註7(xviii) The arrangements of “Second mortgage for 30% of Transaction Price”see remark 7(xviii) (8) 睿峰『置尊』折扣優惠見備註7(xvi),
2020-07-17,2020-07-24,2022-07-12,West Wing,12,H,,7279000,,Wellness Discount Benefit see remark 7(xvi) 價單1D號 Price list No. 1D (1) 「代繳從價印花稅(上限為成交金額3%)」優惠見備註7(xix) “Ad Valorem Stamp Duty (Maximum 3% of the Transaction Price)” Benefit see remark 7(xix) (2) 「提前付清樓價現金回贈」優惠見備註7(xxi) “Early Settlement Cash Rebate”see remark 7(xxi) (3) 「首3年保修」優惠見備註7(iii) “First 3 Years Warranty” Benefit see remark 7(iii) (4) 限時優惠見備註7(xi) Limited Time Discount see remark 7(xi) (5) 建築期付款辦法-照售價減6% Regular Payment– 6% discount on the Price (6) 「成交金額 90%@ 第一按揭」安排見備詮7(xvii) The arrangement of “First mortgage for 90% of Transaction Price@” see remark 7(xvii) (7) 「成交金額 30%@第二按揭」安排見備註7(xviii) The arrangements of “Second mortgage for 30% of Transaction Price”see remark 7(xviii) (8) 睿峰『置尊』折扣優惠見備註7(xvi) Wellness Discount Benefit see remark 7(xvi),
2020-07-17,2020-07-24,,West Wing,15,H,,7317000,,價單1D號 Price list No. 1D (1) 「代繳從價印花稅(上限為成交金額3%)」優惠見備註7(xix) “Ad Valorem Stamp Duty (Maximum 3% of the Transaction Price)” Benefit see remark 7(xix) (2) 「提前付清樓價現金回贈」優惠見備註7(xxi) “Early Settlement Cash Rebate”see remark 7(xxi) (3) 「首3年保修」優惠見備註7(iii) “First 3 Years Warranty” Benefit see remark 7(iii) (4) 限時優惠見備註7(xi) Limited Time Discount see remark 7(xi) (5) 建築期付款辦法-照售價減6% Regular Payment– 6% discount on the Price (6) 「成交金額 90%@ 第一按揭」安排見備詮7(xvii) The arrangement of “First mortgage for 90% of Transaction Price@” see remark 7(xvii) (7) 「成交金額 30%@第二按揭」安排見備註7(xviii) The arrangements of “Second mortgage for 30% of Transaction Price”see remark 7(xviii) (8) 睿峰『置尊』折扣優惠見備註7(xvi) Wellness Discount Benefit see remark 7(xvi),
2020-07-17,2020-07-24,,West Wing,6,H,,7114000,"在13-04- 2022，基於法例35(2)(b)條所容許 的原因，售價更改為$6,956,000 On 13-04-2022, the price adjusted to $6,956,000 due to the reason allowed under section 35(2)(b) of the Ordinance","價單1D號 Price list No. 1D (1) 「代繳從價印花稅(上限為成交金額3%)」優惠見備註7(xix) “Ad Valorem Stamp Duty (Maximum 3% of the Transaction Price)” Benefit see remark 7(xix) (2) 「提前付清樓價現金回贈」優惠見備註7(xxi) “Early Settlement Cash Rebate”see remark 7(xxi) (3) 「首3年保修」優惠見備註7(iii) “First 3 Years Warranty” Benefit see remark 7(iii) (4) 限時優惠見備註7(xi) Limited Time Discount see remark 7(xi) (5) 建築期付款辦法-照售價減6% Regular Payment– 6% discount on the Price (6) 「成交金額 90%@ 第一按揭」安排見備詮7(xvii) The arrangement of “First mortgage for 90% of Transaction Price@” see remark 7(xvii) (7) 「成交金額 30%@第二按揭」安排見備註7(xviii) The arrangements of “Second mortgage for 30% of Transaction Price”see remark 7(xviii) (8) 睿峰『置尊』折扣優惠見備註7(xvi) Wellness Discount Benefit see remark 7(xvi) 在13-04-2022，支付條款更改為 On 13-04-2022, the terms of payment adjusted to 價單1D號 Price list No. 1D (1) 「代繳從價印花稅(上限為成交金額3%)」優惠見備註7(xix) “Ad Valorem Stamp Duty (Maximum 3% of the Transaction Price)” Benefit see remark 7(xix) (2) 「首3年保修」優惠見備註7(iii) “First 3 Years Warranty” Benefit see remark 7(iii) (3) 限時優惠見備註7(xi) Limited Time Discount see remark 7(xi) (4) 90天現金優惠付款辦法-照售價減8% 90-Day Cash Payment Plan-8% discount on the Price (5) 「成交金額 90%@ 第一按揭」安排見備詮7(xvii) The arrangement of “First mortgage for 90% of Transaction Price@” see remark 7(xvii) (6) 「成交金額 30%@第二按揭」安排見備註7(xviii) The arrangements of “Second mortgage for 30% of Transaction Price”see remark 7(xviii) (7) 睿峰『置尊』折扣優惠見備註7(xvi) Wellness Discount Benefit see remark 7(xvi)",
2020-07-17,2020-07-24,,East Wing,21,E,,11898000,,價單3號 Price list No. 3 (1) 「代繳從價印花稅(上限為成交金額3%)」優惠見備註7(xix) “Ad Valorem Stamp Duty (Maximum 3% of the Transaction Price)” Benefit see remark 7(xix) (2) 「提前付清樓價現金回贈」優惠見備註7(xxi) “Early Settlement Cash Rebate”see remark 7(xxi) (3) 「首3年保修」優惠見備註7(iii) “First 3 Years Warranty” Benefit see remark 7(iii) (4) 限時優惠見備註7(xi) Limited Time Discount see remark 7(xi) (5) 建築期付款辦法-照售價減6% Regular Payment– 6% discount on the Price (6) 「成交金額 90%@ 第一按揭」安排見備詮7(xvii) The arrangement of “First mortgage for 90% of Transaction Price@” see remark 7(xvii) (7) 「成交金額 30%@第二按揭」安排見備註7(xviii) The arrangements of “Second mortgage for 30% of Transaction Price”see remark 7(xviii) (8) 睿峰『置尊』折扣優惠見備註7(xvi),
2020-07-17,2020-07-24,,West Wing,8,H,,7181000,,價單1D號 Price list No. 1D (1) 「代繳從價印花稅(上限為成交金額3%)」優惠見備註7(xix) “Ad Valorem Stamp Duty (Maximum 3% of the Transaction Price)” Benefit see remark 7(xix) (2) 「提前付清樓價現金回贈」優惠見備註7(xxi) “Early Settlement Cash Rebate”see remark 7(xxi) (3) 「首3年保修」優惠見備註7(iii) “First 3 Years Warranty” Benefit see remark 7(iii) (4) 限時優惠見備註7(xi) Limited Time Discount see remark 7(xi) (5) 建築期付款辦法-照售價減6% Regular Payment– 6% discount on the Price (6) 「成交金額 90%@ 第一按揭」安排見備詮7(xvii) The arrangement of “First mortgage for 90% of Transaction Price@” see remark 7(xvii) (7) 「成交金額 30%@第二按揭」安排見備註7(xviii) The arrangements of “Second mortgage for 30% of Transaction Price”see remark 7(xviii) (8) 睿峰『置尊』折扣優惠見備註7(xvi) Wellness Discount Benefit see remark 7(xvi),
2020-07-17,2020-07-24,2022-08-26,East Wing,15,F,,11547000,,價單3號 Price list No. 3 (1) 「代繳從價印花稅(上限為成交金額3%)」優惠見備註7(xix) “Ad Valorem Stamp Duty (Maximum 3% of the Transaction Price)” Benefit see remark 7(xix) (2) 「提前付清樓價現金回贈」優惠見備註7(xxi) “Early Settlement Cash Rebate”see remark 7(xxi) (3) 「首3年保修」優惠見備註7(iii) “First 3 Years Warranty” Benefit see remark 7(iii) (4) 限時優惠見備註7(xi) Limited Time Discount see remark 7(xi) (5) 建築期付款辦法-照售價減6% Regular Payment– 6% discount on the Price (6) 「成交金額 90%@ 第一按揭」安排見備詮7(xvii) The arrangement of “First mortgage for 90% of Transaction Price@” see remark 7(xvii) (7) 「成交金額 30%@第二按揭」安排見備註7(xviii) The arrangements of “Second mortgage for 30% of Transaction Price”see remark 7(xviii) (8) 睿峰『置尊』折扣優惠見備註7(xvi) Wellness Discount Benefit see remark 7(xvi),
2020-07-21,2020-07-28,2022-08-26,West Wing,19,H,,10248000,,價單2C號 Price list No. 2C (1) 「代繳從價印花稅(上限為成交金額3%)」優惠見備註7(xix) “Ad Valorem Stamp Duty (Maximum 3% of the Transaction Price)” Benefit see remark 7(xix) (2) 「提前付清樓價現金回贈」優惠見備註7(xxi) “Early Settlement Cash Rebate”see remark 7(xxi) (3) 「首3年保修」優惠見備註7(iii) “First 3 Years Warranty” Benefit see remark 7(iii) (4) 限時優惠見備註7(xi) Limited Time Discount see remark 7(xi) (5) 建築期付款辦法-照售價減6% Regular Payment– 6% discount on the Price (6) 上車置業大禮優惠見備註7(xx) Special Benefit of Purchase of Property see remark 7(xx) (7) 「成交金額 90%@ 第一按揭」安排見備詮7(xvii) The arrangement of “First mortgage for 90% of Transaction Price@” see remark 7(xvii) (8) 「成交金額 30%@第二按揭」安排見備註7(xviii) The arrangements of “Second mortgage for 30% of Transaction Price”see remark 7(xviii) (9) 睿峰『置尊』折扣優惠見備註7(xvi) Wellness Discount Benefit see remark 7(xvi),
2020-07-21,2020-07-27,2022-07-12,West Wing,17,H,,10141000,,價單2C號 Price list No. 2C (1) 「代繳從價印花稅(上限為成交金額3%)」優惠見備註7(xix) “Ad Valorem Stamp Duty (Maximum 3% of the Transaction Price)” Benefit see remark 7(xix) (2) 「提前付清樓價現金回贈」優惠見備註7(xxi) “Early Settlement Cash Rebate”see remark 7(xxi) (3) 「首3年保修」優惠見備註7(iii) “First 3 Years Warranty” Benefit see remark 7(iii) (4) 限時優惠見備註7(xi) Limited Time Discount see remark 7(xi) (5) 建築期付款辦法-照售價減6% Regular Payment– 6% discount on the Price (6) 上車置業大禮優惠見備註7(xx) Special Benefit of Purchase of Property see remark 7(xx) (7) 「成交金額 90%@ 第一按揭」安排見備詮7(xvii) The arrangement of “First mortgage for 90% of Transaction Price@” see remark 7(xvii) (8) 「成交金額 30%@第二按揭」安排見備註7(xviii) The arrangements of “Second mortgage for 30% of Transaction Price”see remark 7(xviii) (9) 睿峰『置尊』折扣優惠見備註7(xvi) Wellness Discount Benefit see remark 7(xvi),
2020-07-22,2020-07-29,,East Wing,17,E,,11663000,,價單3號 Price list No. 3 (1) 「代繳從價印花稅(上限為成交金額3%)」優惠見備註7(xix) “Ad Valorem Stamp Duty (Maximum 3% of the Transaction Price)” Benefit see remark 7(xix) (2) 「提前付清樓價現金回贈」優惠見備註7(xxi) “Early Settlement Cash Rebate”see remark 7(xxi) (3) 「首3年保修」優惠見備註7(iii) “First 3 Years Warranty” Benefit see remark 7(iii) (4) 限時優惠見備註7(xi) Limited Time Discount see remark 7(xi) (5) 建築期付款辦法-照售價減6% Regular Payment– 6% discount on the Price (6) 「成交金額 90%@ 第一按揭」安排見備詮7(xvii) The arrangement of “First mortgage for 90% of Transaction Price@” see remark 7(xvii) (7) 「成交金額 30%@第二按揭」安排見備註7(xviii) The arrangements of “Second mortgage for 30% of Transaction Price”see remark 7(xviii) (8) 睿峰『置尊』折扣優惠見備註7(xvi) Wellness Discount Benefit see remark 7(xvi),
2020-07-25,,,East Wing,22,E,,11957000,,價單3號 Price list No. 3 (1) 「代繳從價印花稅(上限為成交金額3%)」優惠見備註7(xix) “Ad Valorem Stamp Duty (Maximum 3% of the Transaction Price)” Benefit see remark 7(xix) (2) 「提前付清樓價現金回贈」優惠見備註7(xxi) “Early Settlement Cash Rebate”see remark 7(xxi) (3) 「首3年保修」優惠見備註7(iii) “First 3 Years Warranty” Benefit see remark 7(iii) (4) 限時優惠見備註7(xi) Limited Time Discount see remark 7(xi) (5) 建築期付款辦法-照售價減6% Regular Payment– 6% discount on the Price (6) 「成交金額 90%@ 第一按揭」安排見備詮7(xvii) The arrangement of “First mortgage for 90% of Transaction Price@” see remark 7(xvii) (7) 「成交金額 30%@第二按揭」安排見備註7(xviii) The arrangements of “Second mortgage for 30% of Transaction Price”see remark 7(xviii) (8) 睿峰『置尊』折扣優惠見備註7(xvi) Wellness Discount Benefit see remark 7(xvi),
2020-07-27,,,West Wing,20,H,,10302000,,價單2C號 Price list No. 2C (1) 「代繳從價印花稅(上限為成交金額3%)」優惠見備註7(xix) “Ad Valorem Stamp Duty (Maximum 3% of the Transaction Price)” Benefit see remark 7(xix) (2) 「提前付清樓價現金回贈」優惠見備註7(xxi) “Early Settlement Cash Rebate”see remark 7(xxi) (3) 「首3年保修」優惠見備註7(iii) “First 3 Years Warranty” Benefit see remark 7(iii) (4) 限時優惠見備註7(xi) Limited Time Discount see remark 7(xi) (5) 建築期付款辦法-照售價減6% Regular Payment– 6% discount on the Price (6) 上車置業大禮優惠見備註7(xx) Special Benefit of Purchase of Property see remark 7(xx) (7) 「成交金額 90%@ 第一按揭」安排見備詮7(xvii) The arrangement of “First mortgage for 90% of Transaction Price@” see remark 7(xvii) (8) 「成交金額 30%@第二按揭」安排見備註7(xviii) The arrangements of “Second mortgage for 30% of Transaction Price”see remark 7(xviii) (9) 睿峰『置尊』折扣優惠見備註7(xvi),
2020-08-11,2020-08-18,,West Wing,20,A,,10619000,,價單3號 Price list No. 3 (1) 「代繳從價印花稅(上限為成交金額3%)」優惠見備註7(xix) “Ad Valorem Stamp Duty (Maximum 3% of the Transaction Price)” Benefit see remark 7(xix) (2) 「提前付清樓價現金回贈」優惠見備註7(xxi) “Early Settlement Cash Rebate”see remark 7(xxi) (3) 「首3年保修」優惠見備註7(iii) “First 3 Years Warranty” Benefit see remark 7(iii) (4) 限時優惠見備註7(xi) Limited Time Discount see remark 7(xi) (5) 建築期付款辦法-照售價減6% Regular Payment– 6% discount on the Price (6) 「成交金額 90%@ 第一按揭」安排見備詮7(xvii) The arrangement of “First mortgage for 90% of Transaction Price@” see remark 7(xvii) (7) 「成交金額 30%@第二按揭」安排見備註7(xviii) The arrangements of “Second mortgage for 30% of Transaction Price”see remark 7(xviii) (8) 睿峰『置尊』折扣優惠見備註7(xvi) Wellness Discount Benefit see remark 7(xvi),
2020-08-22,2020-08-28,,East Wing,16,A,,13845000,,價單4號 Price list No. 4 (1) 「代繳從價印花稅(上限為成交金額3%)」優惠見備註7(xix) “Ad Valorem Stamp Duty (Maximum 3% of the Transaction Price)” Benefit see remark 7(xix) (2) 「提前付清樓價現金回贈」優惠見備註7(xxi) “Early Settlement Cash Rebate”see remark 7(xxi) (3) 「首3年保修」優惠見備註7(iii) “First 3 Years Warranty” Benefit see remark 7(iii) (4) 限時優惠見備註7(xi) Limited Time Discount see remark 7(xi) (5) 建築期付款辦法-照售價減6% Regular Payment– 6% discount on the Price (6) 「成交金額 90% 第一按揭」安排見備註7(xxii) The arrangement of “First mortgage for 90% of Transaction Price”see remark (xxii) (7) 「成交金額 30%@第二按揭」安排見備註7(xxiii) The arrangements of “Second mortgage for 30% of Transaction Price”see remark 7(xxiii) (8) 睿峰『置尊』折扣優惠見備註7(xvi),
2020-08-22,2020-08-28,,East Wing,12,C,,6764000,"在22-04- 2022，基於法例35(2)(b)條所容許 的原因，售價更改為$6,614,000 On 22-04-2022, the price adjusted to $6,614,000 due to the reason allowed under section 35(2)(b) of the Ordinance","價單4號 Price list No. 4 (1) 「提前付清樓價現金回贈」優惠見備註7(xxi) “Early Settlement Cash Rebate”see remark 7(xxi) (2) 「首3年保修」優惠見備註7(iii) “First 3 Years Warranty” Benefit see remark 7(iii) (3) 限時優惠見備註7(xi) Limited Time Discount see remark 7(xi) (4) 建築期付款辦法-照售價減6% Regular Payment– 6% discount on the Price (5) 「成交金額 90% 第一按揭」安排見備註7(xxii) The arrangement of “First mortgage for 90% of Transaction Price”see remark (xxii) (6) 「成交金額 30%@第二按揭」安排見備註7(xxiii) The arrangements of “Second mortgage for 30% of Transaction Price”see remark 7(xxiii) (7) 睿峰『置尊』折扣優惠見備註7(xvi) Wellness Discount Benefit see remark 7(xvi) 在22-04-2022，支付條款更改為 On 22-04-2022, the terms of payment adjusted to 價單4號 Price list No. 4 (1) 「首3年保修」優惠見備註7(iii) “First 3 Years Warranty” Benefit see remark 7(iii) (2) 限時優惠見備註7(xi) Limited Time Discount see remark 7(xi) (3) 90天現金優惠付款辦法-照售價減8% 90-Day Cash Payment Plan-8% discount on the Price (4) 「成交金額 90% 第一按揭」安排見備註7(xxii) The arrangement of “First mortgage for 90% of Transaction Price”see remark (xxii) (5) 「成交金額 30%@第二按揭」安排見備註7(xxiii) The arrangements of “Second mortgage for 30% of Transaction Price”see remark 7(xxiii)",
2020-08-22,2020-08-27,,West Wing,18,B,,7889000,"在13-04- 2022，基於法例35(2)(b)條所容許 的原因，售價更改為$7,714,000 On 13-04-2022, the price adjusted to $7,714,000 due to the reason allowed under section 35(2)(b) of the Ordinance","價單4號 Price list No. 4 (1) 「提前付清樓價現金回贈」優惠見備註7(xxi) “Early Settlement Cash Rebate”see remark 7(xxi) (2) 「首3年保修」優惠見備註7(iii) “First 3 Years Warranty” Benefit see remark 7(iii) (3) 限時優惠見備註7(xi) Limited Time Discount see remark 7(xi) (4) 建築期付款辦法-照售價減6% Regular Payment– 6% discount on the Price (5) 「成交金額 90% 第一按揭」安排見備註7(xxii) The arrangement of “First mortgage for 90% of Transaction Price”see remark (xxii) (6) 「成交金額 30%@第二按揭」安排見備註7(xxiii) The arrangements of “Second mortgage for 30% of Transaction Price”see remark 7(xxiii) (7) 睿峰『置尊』折扣優惠見備註7(xvi) Wellness Discount Benefit see remark 7(xvi) 在13-04-2022，支付條款更改為 On 13-04-2022, the terms of payment adjusted to 價單4號 Price list No. 4 (1) 「首3年保修」優惠見備註7(iii) “First 3 Years Warranty” Benefit see remark 7(iii) (2) 限時優惠見備註7(xi) Limited Time Discount see remark 7(xi) (3) 90天現金優惠付款辦法-照售價減8% 90-Day Cash Payment Plan-8% discount on the Price (4) 「成交金額 90% 第一按揭」安排見備註7(xxii) The arrangement of “First mortgage for 90% of Transaction Price”see remark (xxii) (5) 「成交金額 30%@第二按揭」安排見備註7(xxiii) The arrangements of “Second mortgage for 30% of Transaction Price”see remark 7(xxiii)",
2020-08-22,2020-08-27,,East Wing,16,D,,5679000,"在22-04- 2022，基於法例35(2)(b)條所容許 的原因，售價更改為$5,552,000 On 22-04-2022, the price adjusted to $5,552,000 due to the reason allowed under section 35(2)(b) of the Ordinance","價單4號 Price list No. 4 (1) 「提前付清樓價現金回贈」優惠見備註7(xxi) “Early Settlement Cash Rebate”see remark 7(xxi) (2) 「首3年保修」優惠見備註7(iii) “First 3 Years Warranty” Benefit see remark 7(iii) (3) 限時優惠見備註7(xi) Limited Time Discount see remark 7(xi) (4) 建築期付款辦法-照售價減6% Regular Payment– 6% discount on the Price (5) 「成交金額 90% 第一按揭」安排見備註7(xxii) The arrangement of “First mortgage for 90% of Transaction Price”see remark (xxii) (6) 「成交金額 30%@第二按揭」安排見備註7(xxiii) The arrangements of “Second mortgage for 30% of Transaction Price”see remark 7(xxiii) (7) 睿峰『置尊』折扣優惠見備註7(xvi) Wellness Discount Benefit see remark 7(xvi) 在22-04-2022，支付條款更改為 On 22-04-2022, the terms of payment adjusted to 價單4號 Price list No. 4 (1) 「首3年保修」優惠見備註7(iii) “First 3 Years Warranty” Benefit see remark 7(iii) (2) 限時優惠見備註7(xi) Limited Time Discount see remark 7(xi) (3) 90天現金優惠付款辦法-照售價減8% 90-Day Cash Payment Plan-8% discount on the Price (4) 「成交金額 90% 第一按揭」安排見備註7(xxii) The arrangement of “First mortgage for 90% of Transaction Price”see remark (xxii) (5) 「成交金額 30%@第二按揭」安排見備註7(xxiii) The arrangements of “Second mortgage for 30% of Transaction Price”see remark 7(xxiii)",
2020-08-22,2020-08-28,,East Wing,11,C,,6580000,,價單4號 Price list No. 4 (1) 「首3年保修」優惠見備註7(iii) “First 3 Years Warranty” Benefit see remark 7(iii) (2) 90天現金優惠付款辦法-照售價減8% 90-Day Cash Payment Plan-8% discount on the Price (3) 限時優惠見備註7(xi) Limited Time Discount see remark 7(xi) (4) 「成交金額 90% 第一按揭」安排見備註7(xxii) The arrangement of “First mortgage for 90% of Transaction Price”see remark (xxii) (5) 「成交金額 30%@第二按揭」安排見備註7(xxiii) The arrangements of “Second mortgage for 30% of Transaction Price”see remark 7(xxiii) (6) 睿峰『置尊』折扣優惠見備註7(xvi) Wellness Discount Benefit see remark 7(xvi),
2020-08-22,2020-08-28,,East Wing,15,C,,6797000,,價單4號 Price list No. 4 (1) 「提前付清樓價現金回贈」優惠見備註7(xxi) “Early Settlement Cash Rebate”see remark 7(xxi) (2) 「首3年保修」優惠見備註7(iii) “First 3 Years Warranty” Benefit see remark 7(iii) (3) 限時優惠見備註7(xi) Limited Time Discount see remark 7(xi) (4) 建築期付款辦法-照售價減6% Regular Payment– 6% discount on the Price (5) 「成交金額 90% 第一按揭」安排見備註7(xxii) The arrangement of “First mortgage for 90% of Transaction Price”see remark (xxii) (6) 「成交金額 30%@第二按揭」安排見備註7(xxiii) The arrangements of “Second mortgage for 30% of Transaction Price”see remark 7(xxiii) (7) 睿峰『置尊』折扣優惠見備註7(xvi) Wellness Discount Benefit see remark 7(xvi),
2020-08-22,2020-08-28,,East Wing,16,B,,9933000,"在04-05- 2022，基於法例35(2)(b)條所容許 的原因，售價更改為$9,705,000 On 04-05-2022, the price adjusted to $9,705,000 due to the reason allowed under section 35(2)(b) of the Ordinance","價單4號 Price list No. 4 (1) 「提前付清樓價現金回贈」優惠見備註7(xxi) “Early Settlement Cash Rebate”see remark 7(xxi) (2) 「首3年保修」優惠見備註7(iii) “First 3 Years Warranty” Benefit see remark 7(iii) (3) 直減樓價3%優惠見備註7(xxiv) 3%Discount Benefit see remark 7(xxiv) (4) 限時優惠見備註7(xi) Limited Time Discount see remark 7(xi) (5) 建築期付款辦法-照售價減6% Regular Payment– 6% discount on the Price (6) 「成交金額 90% 第一按揭」安排見備註7(xxii) The arrangement of “First mortgage for 90% of Transaction Price”see remark (xxii) (7) 「成交金額 30%@第二按揭」安排見備註7(xxiii) The arrangements of “Second mortgage for 30% of Transaction Price”see remark 7(xxiii) (8) 睿峰『置尊』折扣優惠見備註7(xvi) Wellness Discount Benefit see remark 7(xvi) 在04-05-2022，支付條款更改為 On 04-05-2022, the terms of payment adjusted to 價單4號 Price list No. 4 (1) 「首3年保修」優惠見備註7(iii) “First 3 Years Warranty” Benefit see remark 7(iii) (2) 直減樓價3%優惠見備註7(xxiv) 3%Discount Benefit see remark 7(xxiv) (3) 限時優惠見備註7(xi) Limited Time Discount see remark 7(xi) (4) 90天現金優惠付款辦法-照售價減8% 90-Day Cash Payment Plan-8% discount on the Price (5) 「成交金額 90% 第一按揭」安排見備註7(xxii) The arrangement of “First mortgage for 90% of Transaction Price”see remark (xxii) (6) 「成交金額 30%@第二按揭」安排見備註7(xxiii) The arrangements of “Second mortgage for 30% of Transaction Price”see remark 7(xxiii) (7) 睿峰『置尊』折扣優惠見備註7(xvi)",
2020-08-22,2020-08-27,,East Wing,16,C,,6680000,,價單4號 Price list No. 4 (1) 「首3年保修」優惠見備註7(iii) “First 3 Years Warranty” Benefit see remark 7(iii) (2) 90天現金優惠付款辦法-照售價減8% 90-Day Cash Payment Plan-8% discount on the Price (3) 限時優惠見備註7(xi) Limited Time Discount see remark 7(xi) (4) 「成交金額 90% 第一按揭」安排見備註7(xxii) The arrangement of “First mortgage for 90% of Transaction Price”see remark (xxii) (5) 「成交金額 30%@第二按揭」安排見備註7(xxiii) The arrangements of “Second mortgage for 30% of Transaction Price”see remark 7(xxiii) (6) 睿峰『置尊』折扣優惠見備註7(xvi) Wellness Discount Benefit see remark 7(xvi),
2020-08-22,2020-08-27,,West Wing,20,H,,10302000,"在13-04- 2022，基於法例35(2)(b)條所容許 的原因，售價更改為$10,068,000 On 13-04-2022, the price adjusted to $10,068,000 due to the reason allowed under section 35(2)(b) of the Ordinance","價單2D號 Price list No. 2D (1) 「代繳從價印花稅(上限為成交金額3%)」優惠見備註7(xix) “Ad Valorem Stamp Duty (Maximum 3% of the Transaction Price)” Benefit see remark 7(xix) (2) 「提前付清樓價現金回贈」優惠見備註7(xxi) “Early Settlement Cash Rebate”see remark 7(xxi) (3) 「首3年保修」優惠見備註7(iii) “First 3 Years Warranty” Benefit see remark 7(iii) (4) 限時優惠見備註7(xi) Limited Time Discount see remark 7(xi) (5) 建築期付款辦法-照售價減6% Regular Payment– 6% discount on the Price (6) 上車置業大禮優惠見備註7(xx) Special Benefit of Purchase of Property see remark 7(xx) (7) 「成交金額 90%@ 第一按揭」安排見備詮7(xvii) The arrangement of “First mortgage for 90% of Transaction Price@” see remark 7(xvii) (8) 「成交金額 30%@第二按揭」安排見備註7(xviii) The arrangements of “Second mortgage for 30% of Transaction Price”see remark 7(xviii) (9) 睿峰『置尊』折扣優惠見備註7(xvi) Wellness Discount Benefit see remark 7(xvi) 在13-04-2022，支付條款更改為 On 13-04-2022, the terms of payment adjusted to 價單2D號 (1) 「代繳從價印花稅(上限為成交金額3%)」優惠見備註7(xix) “Ad Valorem Stamp Duty (Maximum 3% of the Transaction Price)” Benefit see remark 7(xix) (2) 「首3年保修」優惠見備註7(iii) “First 3 Years Warranty” Benefit see remark 7(iii) (3) 限時優惠見備註7(xi) Limited Time Discount see remark 7(xi) (4) 90天現金優惠付款辦法-照售價減8% 90-Day Cash Payment Plan-8% discount on the Price (5) 上車置業大禮優惠見備註7(xx) Special Benefit of Purchase of Property see remark 7(xx) (6) 「成交金額 90%@ 第一按揭」安排見備詮7(xvii) The arrangement of “First mortgage for 90% of Transaction Price@” see remark 7(xvii) (7) 「成交金額 30%@第二按揭」安排見備註7(xviii)",
2020-08-22,2020-08-28,,West Wing,5,A,,9804000,,價單4號 Price list No. 4 (1) 「代繳從價印花稅(上限為成交金額3%)」優惠見備註7(xix) “Ad Valorem Stamp Duty (Maximum 3% of the Transaction Price)” Benefit see remark 7(xix) (2) 「提前付清樓價現金回贈」優惠見備註7(xxi) “Early Settlement Cash Rebate”see remark 7(xxi) (3) 「首3年保修」優惠見備註7(iii) “First 3 Years Warranty” Benefit see remark 7(iii) (4) 限時優惠見備註7(xi) Limited Time Discount see remark 7(xi) (5) 建築期付款辦法-照售價減6% Regular Payment– 6% discount on the Price (6) 「成交金額 90% 第一按揭」安排見備註7(xxii) The arrangement of “First mortgage for 90% of Transaction Price”see remark (xxii) (7) 「成交金額 30%@第二按揭」安排見備註7(xxiii) The arrangements of “Second mortgage for 30% of Transaction Price”see remark 7(xxiii) (8) 睿峰『置尊』折扣優惠見備註7(xvi),
2020-08-22,2020-08-28,,East Wing,10,C,,6696000,,價單4號 Price list No. 4 (1) 「提前付清樓價現金回贈」優惠見備註7(xxi) “Early Settlement Cash Rebate”see remark 7(xxi) (2) 「首3年保修」優惠見備註7(iii) “First 3 Years Warranty” Benefit see remark 7(iii) (3) 限時優惠見備註7(xi) Limited Time Discount see remark 7(xi) (4) 建築期付款辦法-照售價減6% Regular Payment– 6% discount on the Price (5) 「成交金額 90% 第一按揭」安排見備註7(xxii) The arrangement of “First mortgage for 90% of Transaction Price”see remark (xxii) (6) 「成交金額 30%@第二按揭」安排見備註7(xxiii) The arrangements of “Second mortgage for 30% of Transaction Price”see remark 7(xxiii) (7) 睿峰『置尊』折扣優惠見備註7(xvi) Wellness Discount Benefit see remark 7(xvi),
2020-08-25,2020-08-31,2022-07-12,West Wing,23,D,,6074000,,"價單4號 Price list No. 4 (1) 「提前付清樓價現金回贈」優惠見備註7(xxi) “Early Settlement Cash Rebate”see remark 7(xxi) (2) 「首3年保修」優惠見備註7(iii) “First 3 Years Warranty” Benefit see remark 7(iii) (3) 限時優惠見備註7(xi) Limited Time Discount see remark 7(xi) (4) 建築期付款辦法-照售價減6% Regular Payment– 6% discount on the Price (5) 睿峰『置尊』折扣優惠見備註7(xvi) Wellness Discount Benefit see remark 7(xvi) (6) 「成交金額 90% 第一按掲」安排見備註7(xxii) The arrangement of ""First mortgage for 90% of Transaction Price""see remark 7(xxii) (7) 「成交金額 30%第二按掲」安排見備註7(xxiii) The arrangements of ""Second mortgage for 30% of Transaction Price""see remark 7(xxiii)",
2020-08-27,2020-09-02,,West Wing,17,A,,10461000,,價單3A號 Price list No. 3A (1) 「代繳從價印花稅(上限為成交金額3%)」優惠見備註7(xix) “Ad Valorem Stamp Duty (Maximum 3% of the Transaction Price)” Benefit see remark 7(xix) (2) 「提前付清樓價現金回贈」優惠見備註7(xxi) “Early Settlement Cash Rebate”see remark 7(xxi) (3) 「首3年保修」優惠見備註7(iii) “First 3 Years Warranty” Benefit see remark 7(iii) (4) 限時優惠見備註7(xi) Limited Time Discount see remark 7(xi) (5) 建築期付款辦法-照售價減6% Regular Payment– 6% discount on the Price (6) 「成交金額 90%@ 第一按揭」安排見備詮7(xvii) The arrangement of “First mortgage for 90% of Transaction Price@” see remark 7(xvii) (7) 「成交金額 30%@第二按揭」安排見備註7(xviii) The arrangements of “Second mortgage for 30% of Transaction Price”see remark 7(xviii) (8) 睿峰『置尊』折扣優惠見備註7(xvi) Wellness Discount Benefit see remark 7(xvi),
2020-08-29,2020-09-04,,East Wing,10,D,,5442000,,價單4號 Price list No. 4 (1) 「首3年保修」優惠見備註7(iii) “First 3 Years Warranty” Benefit see remark 7(iii) (2) 90天現金優惠付款辦法-照售價減8% 90-Day Cash Payment Plan-8% discount on the Price (3) 限時優惠見備註7(xi) Limited Time Discount see remark 7(xi) (4) 「成交金額 90% 第一按揭」安排見備註7(xxii) The arrangement of “First mortgage for 90% of Transaction Price”see remark (xxii) (5) 「成交金額 30%@第二按揭」安排見備註7(xxiii) The arrangements of “Second mortgage for 30% of Transaction Price”see remark 7(xxiii) (6) 睿峰『置尊』折扣優惠見備註7(xvi) Wellness Discount Benefit see remark 7(xvi),
2020-08-30,2020-09-03,,East Wing,11,D,,5594000,,價單4號 Price list No. 4 (1) 「提前付清樓價現金回贈」優惠見備註7(xxi) “Early Settlement Cash Rebate”see remark 7(xxi) (2) 「首3年保修」優惠見備註7(iii) “First 3 Years Warranty” Benefit see remark 7(iii) (3) 限時優惠見備註7(xi) Limited Time Discount see remark 7(xi) (4) 建築期付款辦法-照售價減6% Regular Payment– 6% discount on the Price (5) 「成交金額 90% 第一按揭」安排見備註7(xxii) The arrangement of “First mortgage for 90% of Transaction Price”see remark (xxii) (6) 「成交金額 30%@第二按揭」安排見備註7(xxiii) The arrangements of “Second mortgage for 30% of Transaction Price”see remark 7(xxiii) (7) 睿峰『置尊』折扣優惠見備註7(xvi),
2020-08-30,2020-09-04,,East Wing,19,E,,11387000,"在21-04- 2022，基於法例35(2)(b)條所容許 的原因，售價更改為$11,125,000 On 21-04-2022, the price adjusted to $11,125,000 due to the reason allowed under section 35(2)(b) of the Ordinance","Wellness Discount Benefit see remark 7(xvi) 價單3A號 Price list No. 3A (1) 「提前付清樓價現金回贈」優惠見備註7(xxi) “Early Settlement Cash Rebate”see remark 7(xxi) (2) 「首3年保修」優惠見備註7(iii) “First 3 Years Warranty” Benefit see remark 7(iii) (3) 直減樓價3%優惠見備註7(xxiv) 3%Discount Benefit see remark 7(xxiv) (4) 限時優惠見備註7(xi) Limited Time Discount see remark 7(xi) (5) 建築期付款辦法-照售價減6% Regular Payment– 6% discount on the Price (6) 「成交金額 90%@ 第一按揭」安排見備詮7(xvii) The arrangement of “First mortgage for 90% of Transaction Price@” see remark 7(xvii) (7) 「成交金額 30%@第二按揭」安排見備註7(xviii) The arrangements of “Second mortgage for 30% of Transaction Price”see remark 7(xviii) (8) 睿峰『置尊』折扣優惠見備註7(xvi) Wellness Discount Benefit see remark 7(xvi) 在21-04-2022，支付條款更改為 On 21-04-2022, the terms of payment adjusted to 價單3A號 Price list No. 3A (1) 「首3年保修」優惠見備註7(iii) “First 3 Years Warranty” Benefit see remark 7(iii) (2) 直減樓價3%優惠見備註7(xxiv) 3%Discount Benefit see remark 7(xxiv) (3) 限時優惠見備註7(xi) Limited Time Discount see remark 7(xi) (4) 90天現金優惠付款辦法-照售價減8% 90-Day Cash Payment Plan-8% discount on the Price (5) 「成交金額 90%@ 第一按揭」安排見備詮7(xvii) The arrangement of “First mortgage for 90% of Transaction Price@” see remark 7(xvii) (6) 「成交金額 30%@第二按揭」安排見備註7(xviii)",
2020-08-30,2020-09-04,2022-07-12,East Wing,12,D,,5622000,,價單4號 Price list No. 4 (1) 「提前付清樓價現金回贈」優惠見備註7(xxi) “Early Settlement Cash Rebate”see remark 7(xxi) (2) 「首3年保修」優惠見備註7(iii) “First 3 Years Warranty” Benefit see remark 7(iii) (3) 限時優惠見備註7(xi) Limited Time Discount see remark 7(xi) (4) 建築期付款辦法-照售價減6% Regular Payment– 6% discount on the Price (5) 「成交金額 90% 第一按揭」安排見備註7(xxii) The arrangement of “First mortgage for 90% of Transaction Price”see remark (xxii) (6) 「成交金額 30%@第二按揭」安排見備註7(xxiii) The arrangements of “Second mortgage for 30% of Transaction Price”see remark 7(xxiii) (7) 睿峰『置尊』折扣優惠見備註7(xvi) Wellness Discount Benefit see remark 7(xvi),
2020-08-30,2020-09-03,,East Wing,15,D,,5650000,,價單4號 Price list No. 4 (1) 「提前付清樓價現金回贈」優惠見備註7(xxi) “Early Settlement Cash Rebate”see remark 7(xxi) (2) 「首3年保修」優惠見備註7(iii) “First 3 Years Warranty” Benefit see remark 7(iii) (3) 限時優惠見備註7(xi) Limited Time Discount see remark 7(xi) (4) 建築期付款辦法-照售價減6% Regular Payment– 6% discount on the Price (5) 「成交金額 90% 第一按揭」安排見備註7(xxii) The arrangement of “First mortgage for 90% of Transaction Price”see remark (xxii) (6) 「成交金額 30%@第二按揭」安排見備註7(xxiii) The arrangements of “Second mortgage for 30% of Transaction Price”see remark 7(xxiii) (7) 睿峰『置尊』折扣優惠見備註7(xvi) Wellness Discount Benefit see remark 7(xvi),
2020-09-05,2020-09-11,,West Wing,7,A,,10113000,,價單3A號 Price list No. 3A (1) 「代繳從價印花稅(上限為成交金額3%)」優惠見備註7(xix) “Ad Valorem Stamp Duty (Maximum 3% of the Transaction Price)” Benefit see remark 7(xix) (2) 「提前付清樓價現金回贈」優惠見備註7(xxi) “Early Settlement Cash Rebate”see remark 7(xxi) (3) 「首3年保修」優惠見備註7(iii) “First 3 Years Warranty” Benefit see remark 7(iii) (4) 限時優惠見備註7(xi) Limited Time Discount see remark 7(xi) (5) 建築期付款辦法-照售價減6% Regular Payment– 6% discount on the Price (6) 「成交金額 90%@ 第一按揭」安排見備詮7(xvii) The arrangement of “First mortgage for 90% of Transaction Price@” see remark 7(xvii) (7) 「成交金額 30%@第二按揭」安排見備註7(xviii) The arrangements of “Second mortgage for 30% of Transaction Price”see remark 7(xviii) (8) 睿峰『置尊』折扣優惠見備註7(xvi) Wellness Discount Benefit see remark 7(xvi),
2020-09-08,2020-09-15,,West Wing,9,A,,9834000,"在12-05- 2022，基於法例35(2)(b)條所容許 的原因，售價更改為$9,608,000 On 12-05-2022, the price adjusted to $9,608,000 due to the reason allowed under section 35(2)(b) of the Ordinance","Price list No. 3A (1) 「提前付清樓價現金回贈」優惠見備註7(xxi) “Early Settlement Cash Rebate”see remark 7(xxi) (2) 「首3年保修」優惠見備註7(iii) “First 3 Years Warranty” Benefit see remark 7(iii) (3) 直減樓價3%優惠見備註7(xxiv) 3%Discount Benefit see remark 7(xxiv) (4) 限時優惠見備註7(xi) Limited Time Discount see remark 7(xi) (5) 建築期付款辦法-照售價減6% Regular Payment– 6% discount on the Price (6) 「成交金額 90%@ 第一按揭」安排見備詮7(xvii) The arrangement of “First mortgage for 90% of Transaction Price@” see remark 7(xvii) (7) 「成交金額 30%@第二按揭」安排見備註7(xviii) The arrangements of “Second mortgage for 30% of Transaction Price”see remark 7(xviii) (8) 睿峰『置尊』折扣優惠見備註7(xvi) Wellness Discount Benefit see remark 7(xvi) 在12-05-2022，支付條款更改為 On 12-05-2022, the terms of payment adjusted to 價單3A號 Price list No. 3A (1) 「首3年保修」優惠見備註7(iii) “First 3 Years Warranty” Benefit see remark 7(iii) (2) 直減樓價3%優惠見備註7(xxiv) 3%Discount Benefit see remark 7(xxiv) (3) 限時優惠見備註7(xi) Limited Time Discount see remark 7(xi) (4) 90天現金優惠付款辦法-照售價減8% 90-Day Cash Payment Plan-8% discount on the Price (5) 「成交金額 90%@ 第一按揭」安排見備詮7(xvii) The arrangement of “First mortgage for 90% of Transaction Price@” see remark 7(xvii) (6) 「成交金額 30%@第二按揭」安排見備註7(xviii) The arrangements of “Second mortgage for 30% of Transaction Price”see remark 7(xviii) (7) 睿峰『置尊』折扣優惠見備註7(xvi) Wellness Discount Benefit see remark 7(xvi)",
2020-09-18,2020-09-25,,West Wing,19,B,,7889000,,價單4號 Price list No. 4 (1) 「提前付清樓價現金回贈」優惠見備註7(xxi) “Early Settlement Cash Rebate”see remark 7(xxi) (2) 「首3年保修」優惠見備註7(iii) “First 3 Years Warranty” Benefit see remark 7(iii) (3) 限時優惠見備註7(xi) Limited Time Discount see remark 7(xi) (4) 建築期付款辦法-照售價減6% Regular Payment– 6% discount on the Price (5) 「成交金額 90% 第一按揭」安排見備註7(xxii) The arrangement of “First mortgage for 90% of Transaction Price”see remark (xxii) (6) 「成交金額 30%@第二按揭」安排見備註7(xxiii) The arrangements of “Second mortgage for 30% of Transaction Price”see remark 7(xxiii) (7) 睿峰『置尊』折扣優惠見備註7(xvi) Wellness Discount Benefit see remark 7(xvi),
2020-09-20,2020-09-25,,West Wing,25,D,,6104000,"在04-05- 2022，基於法例35(2)(b)條所容許 的原因，售價更改為$5,969,000 On 04-05-2022, the price adjusted to $5,969,000 due to the reason allowed under section 35(2)(b) of the Ordinance","價單4號 Price list No. 4 (1) 「提前付清樓價現金回贈」優惠見備註7(xxi) “Early Settlement Cash Rebate”see remark 7(xxi) (2) 「首3年保修」優惠見備註7(iii) “First 3 Years Warranty” Benefit see remark 7(iii) (3) 限時優惠見備註7(xi) Limited Time Discount see remark 7(xi) (4) 建築期付款辦法-照售價減6% Regular Payment– 6% discount on the Price (5) 「成交金額 90% 第一按揭」安排見備註7(xxii) The arrangement of “First mortgage for 90% of Transaction Price”see remark (xxii) (6) 「成交金額 30%@第二按揭」安排見備註7(xxiii) The arrangements of “Second mortgage for 30% of Transaction Price”see remark 7(xxiii) (7) 睿峰『置尊』折扣優惠見備註7(xvi) Wellness Discount Benefit see remark 7(xvi) 在04-05-2022，支付條款更改為 On 04-05-2022, the terms of payment adjusted to 價單4號 Price list No. 4 (1) 「首3年保修」優惠見備註7(iii) “First 3 Years Warranty” Benefit see remark 7(iii) (2) 限時優惠見備註7(xi) Limited Time Discount see remark 7(xi) (3) 90天現金優惠付款辦法-照售價減8% 90-Day Cash Payment Plan-8% discount on the Price (4) 「成交金額 90% 第一按揭」安排見備註7(xxii) The arrangement of “First mortgage for 90% of Transaction Price”see remark (xxii) (5) 「成交金額 30%@第二按揭」安排見備註7(xxiii)",
2020-09-27,2020-10-06,,West Wing,27,D,,6165000,"在04-05- 2022，基於法例35(2)(b)條所容許 的原因，售價更改為$6,028,000 On 04-05-2022, the price adjusted to $6,028,000 due to the reason allowed under section 35(2)(b) of the Ordinance","價單4號 Price list No. 4 (1) 「提前付清樓價現金回贈」優惠見備註7(xxi) “Early Settlement Cash Rebate”see remark 7(xxi) (2) 「首3年保修」優惠見備註7(iii) “First 3 Years Warranty” Benefit see remark 7(iii) (3) 限時優惠見備註7(xi) Limited Time Discount see remark 7(xi) (4) 建築期付款辦法-照售價減6% Regular Payment– 6% discount on the Price (5) 「成交金額 90% 第一按揭」安排見備註7(xxii) The arrangement of “First mortgage for 90% of Transaction Price”see remark (xxii) (6) 「成交金額 30%@第二按揭」安排見備註7(xxiii) The arrangements of “Second mortgage for 30% of Transaction Price”see remark 7(xxiii) (7) 睿峰『置尊』折扣優惠見備註7(xvi) Wellness Discount Benefit see remark 7(xvi) 在04-05-2022，支付條款更改為 On 04-05-2022, the terms of payment adjusted to 價單4號 Price list No. 4 (1) 「首3年保修」優惠見備註7(iii) “First 3 Years Warranty” Benefit see remark 7(iii) (2) 限時優惠見備註7(xi) Limited Time Discount see remark 7(xi) (3) 90天現金優惠付款辦法-照售價減8% 90-Day Cash Payment Plan-8% discount on the Price (4) 「成交金額 90% 第一按揭」安排見備註7(xxii) The arrangement of “First mortgage for 90% of Transaction Price”see remark (xxii) (5) 「成交金額 30%@第二按揭」安排見備註7(xxiii) The arrangements of “Second mortgage for 30% of Transaction Price”see remark 7(xxiii)",
2020-10-01,2020-10-09,,West Wing,8,A,,9834000,"在06-04- 2022，基於法例35(2)(b)條所容許 的原因，售價更改為$9,608,000 On 06-04-2022, the price adjusted to $9,608,000 due to the reason allowed under section 35(2)(b) of the Ordinance","價單3A號 Price list No. 3A (1) 「提前付清樓價現金回贈」優惠見備註7(xxi) “Early Settlement Cash Rebate”see remark 7(xxi) (2) 「首3年保修」優惠見備註7(iii) “First 3 Years Warranty” Benefit see remark 7(iii) (3) 直減樓價3%優惠見備註7(xxiv) 3%Discount Benefit see remark 7(xxiv) (4) 限時優惠見備註7(xi) Limited Time Discount see remark 7(xi) (5) 建築期付款辦法-照售價減6% Regular Payment– 6% discount on the Price (6) 「成交金額 90%@ 第一按揭」安排見備詮7(xvii) The arrangement of “First mortgage for 90% of Transaction Price@” see remark 7(xvii) (7) 「成交金額 30%@第二按揭」安排見備註7(xviii) The arrangements of “Second mortgage for 30% of Transaction Price”see remark 7(xviii) (8) 睿峰『置尊』折扣優惠見備註7(xvi) Wellness Discount Benefit see remark 7(xvi) 在06-04-2022，支付條款更改為 On 06-04-2022, the terms of payment adjusted to 價單3A號 Price list No. 3A (1) 「首3年保修」優惠見備註7(iii) “First 3 Years Warranty” Benefit see remark 7(iii) (2) 直減樓價3%優惠見備註7(xxiv) 3%Discount Benefit see remark 7(xxiv) (3) 限時優惠見備註7(xi) Limited Time Discount see remark 7(xi) (4) 90天現金優惠付款辦法-照售價減8% 90-Day Cash Payment Plan-8% discount on the Price",
2020-10-06,2020-10-09,,East Wing,15,A,,13317000,,價單4號 Price list No. 4 (1) 「提前付清樓價現金回贈」優惠見備註7(xxi) “Early Settlement Cash Rebate”see remark 7(xxi) (2) 「首3年保修」優惠見備註7(iii) “First 3 Years Warranty” Benefit see remark 7(iii) (3) 直減樓價3%優惠見備註7(xxiv) 3%Discount Benefit see remark 7(xxiv) (4) 限時優惠見備註7(xi) Limited Time Discount see remark 7(xi) (5) 建築期付款辦法-照售價減6% Regular Payment– 6% discount on the Price (6) 「成交金額 90% 第一按揭」安排見備註7(xxii) The arrangement of “First mortgage for 90% of Transaction Price”see remark (xxii) (7) 「成交金額 30%@第二按揭」安排見備註7(xxiii) The arrangements of “Second mortgage for 30% of Transaction Price”see remark 7(xxiii) (8) 睿峰『置尊』折扣優惠見備註7(xvi),
2020-10-06,2020-10-14,,West Wing,28,D,,6227000,,價單4號 Price list No. 4 (1) 「提前付清樓價現金回贈」優惠見備註7(xxi) “Early Settlement Cash Rebate”see remark 7(xxi) (2) 「首3年保修」優惠見備註7(iii) “First 3 Years Warranty” Benefit see remark 7(iii) (3) 限時優惠見備註7(xi) Limited Time Discount see remark 7(xi) (4) 建築期付款辦法-照售價減6% Regular Payment– 6% discount on the Price (5) 「成交金額 90% 第一按揭」安排見備註7(xxii) The arrangement of “First mortgage for 90% of Transaction Price”see remark (xxii) (6) 「成交金額 30%@第二按揭」安排見備註7(xxiii) The arrangements of “Second mortgage for 30% of Transaction Price”see remark 7(xxiii) (7) 睿峰『置尊』折扣優惠見備註7(xvi) Wellness Discount Benefit see remark 7(xvi),
2020-10-15,2020-10-19,,East Wing,12,A,,13707000,,價單4號 Price list No. 4 (1) 「代繳從價印花稅(上限為成交金額3%)」優惠見備註7(xix) “Ad Valorem Stamp Duty (Maximum 3% of the Transaction Price)” Benefit see remark 7(xix) (2) 「提前付清樓價現金回贈」優惠見備註7(xxi) “Early Settlement Cash Rebate”see remark 7(xxi) (3) 「首3年保修」優惠見備註7(iii) “First 3 Years Warranty” Benefit see remark 7(iii) (4) 限時優惠見備註7(xi) Limited Time Discount see remark 7(xi) (5) 建築期付款辦法-照售價減6% Regular Payment– 6% discount on the Price (6) 「成交金額 90% 第一按揭」安排見備註7(xxii) The arrangement of “First mortgage for 90% of Transaction Price”see remark (xxii) (7) 「成交金額 30%@第二按揭」安排見備註7(xxiii) The arrangements of “Second mortgage for 30% of Transaction Price”see remark 7(xxiii) (8) 睿峰『置尊』折扣優惠見備註7(xvi) Wellness Discount Benefit see remark 7(xvi),
2020-10-17,2020-10-23,,West Wing,20,B,,7929000,,價單4號 Price list No. 4 (1) 「提前付清樓價現金回贈」優惠見備註7(xxi) “Early Settlement Cash Rebate”see remark 7(xxi) (2) 「首3年保修」優惠見備註7(iii) “First 3 Years Warranty” Benefit see remark 7(iii) (3) 限時優惠見備註7(xi) Limited Time Discount see remark 7(xi) (4) 建築期付款辦法-照售價減6% Regular Payment– 6% discount on the Price (5) 「成交金額 90% 第一按揭」安排見備註7(xxii) The arrangement of “First mortgage for 90% of Transaction Price”see remark (xxii) (6) 「成交金額 30%@第二按揭」安排見備註7(xxiii) The arrangements of “Second mortgage for 30% of Transaction Price”see remark 7(xxiii) (7) 睿峰『置尊』折扣優惠見備註7(xvi) Wellness Discount Benefit see remark 7(xvi),
2020-10-22,2020-10-29,,East Wing,11,A,,13639000,,價單4號 Price list No. 4 (1) 「代繳從價印花稅(上限為成交金額3%)」優惠見備註7(xix) “Ad Valorem Stamp Duty (Maximum 3% of the Transaction Price)” Benefit see remark 7(xix) (2) 「提前付清樓價現金回贈」優惠見備註7(xxi) “Early Settlement Cash Rebate”see remark 7(xxi) (3) 「首3年保修」優惠見備註7(iii) “First 3 Years Warranty” Benefit see remark 7(iii) (4) 限時優惠見備註7(xi) Limited Time Discount see remark 7(xi) (5) 建築期付款辦法-照售價減6% Regular Payment– 6% discount on the Price (6) 「成交金額 90% 第一按揭」安排見備註7(xxii) The arrangement of “First mortgage for 90% of Transaction Price”see remark (xxii) (7) 「成交金額 30%@第二按揭」安排見備註7(xxiii) The arrangements of “Second mortgage for 30% of Transaction Price”see remark 7(xxiii) (8) 睿峰『置尊』折扣優惠見備註7(xvi),
2020-10-29,2020-11-05,,East Wing,12,F,,11490000,"在12-05- 2022，基於法例35(2)(b)條所容許 的原因，售價更改為$11,235,000 On 12-05-2022, the price adjusted to $11,235,000 due to the reason allowed under section 35(2)(b) of the Ordinance","價單3A號 Price list No. 3A (1) 「代繳從價印花稅(上限為成交金額3%)」優惠見備註7(xix) “Ad Valorem Stamp Duty (Maximum 3% of the Transaction Price)” Benefit see remark 7(xix) (2) 「首3年保修」優惠見備註7(iii) “First 3 Years Warranty” Benefit see remark 7(iii) (3) 限時優惠見備註7(xi) Limited Time Discount see remark 7(xi) (4) 建築期付款辦法-照售價減6% Regular Payment– 6% discount on the Price (5) 睿峰『置尊』折扣優惠見備註7(xvi) Wellness Discount Benefit see remark 7(xvi) (6) 「成交金額 90% 第一按掲」安排見備註7(xvii) The arrangement of ""First mortgage for 90% of Transaction Price""see remark 7(xvii) (7) 「成交金額 30%第二按掲」安排見備註7(xviii) The arrangements of ""Second mortgage for 30% of Transaction Price""see remark 7(xviii) 在12-05-2022，支付條款更改為 On 12-05-2022, the terms of payment adjusted to 價單3A號 Price list No. 3A (1) 「代繳從價印花稅(上限為成交金額3%)」優惠見備註7(xix) “Ad Valorem Stamp Duty (Maximum 3% of the Transaction Price)” Benefit see remark 7(xix) (2) 「首3年保修」優惠見備註7(iii) “First 3 Years Warranty” Benefit see remark 7(iii) (3) 限時優惠見備註7(xi) Limited Time Discount see remark 7(xi) (4) 90天現金優惠付款辦法-照售價減8% 90-Day Cash Payment Plan-8% discount on the Price (5) 睿峰『置尊』折扣優惠見備註7(xvi) Wellness Discount Benefit see remark 7(xvi) (6) 「成交金額 90% 第一按掲」安排見備註7(xvii) The arrangement of ""First mortgage for 90% of Transaction Price""see remark 7(xvii)",
2020-11-05,2020-11-12,,East Wing,36,B,,20087000,,"臨時訂金即樓價5%於投標書獲賣方接納當日(即接納書的日期)繳付。 A preliminary deposit equivalent to 5% of the Purchase Price shall be paid upon the tender being accepted by the Vendor (i.e. the date of the Letter of Acceptance). 樓價95%(樓價餘額)於接納書的日期後90日內繳付或於賣方就其有能力將該物業有效地轉讓予買方一事向買方 發出通知的日期後的14日內繳付，以較早者為準。。 95% of the Purchase Price being balance of the Purchase Price shall be paid within 90 days after the date of Letter of Acceptance or within 14 days after the date of the Vendor's written notification to the Purchaser that the Vendor is in a position validly to assign the Property to the Purchaser, whichever is earlier. 「首三年保修」優惠見備註7(iii) ""First 3 year Warranty"" Benefit see remark 7(iii) 「代繳從價印花稅(上限為成交金額3%)」優惠見備註7(xix) “Ad Valorem Stamp Duty (Maximum 3% of the Transaction Price)” Benefit see remark 7(xix)",
2020-11-06,2020-11-13,,East Wing,8,C,,6399000,,價單5A號 Price list No. 5A (1) 「提前付清樓價現金回贈」優惠見備註7(xxix) “Early Settlement Cash Rebate”see remark 7(xxix) (2) 「首3年保修」優惠見備註7(iii) “First 3 Years Warranty” Benefit see remark 7(iii) (3) 「睿峰尊尚管理」優惠見備註7(xxx) “Wellness Living” Benefit see remark 7(xxx) (4) 直減樓價3.75%優惠見備註7(xxviii) 3.75%Discount Benefit see remark 7(xxviii) (5) 限時優惠見備註7(xi) Limited Time Discount see remark 7(xi) (6) 建築期付款辦法-照售價減6% Regular Payment– 6% discount on the Price (7) 睿峰『置尊』折扣優惠見備註7(xvi),
2020-11-06,2020-11-13,2022-07-12,East Wing,6,C,,6617000,,價單5A號 Price list No. 5A (1) 「代繳從價印花稅(上限為成交金額3.75%)」優惠見備註(xxvii) “Ad Valorem Stamp Duty (Maximum 3.75% of the Transaction Price)” Benefit see remark 7(xxvii) (2) 「提前付清樓價現金回贈」優惠見備註7(xxix) “Early Settlement Cash Rebate”see remark 7(xxix) (3) 「首3年保修」優惠見備註7(iii) “First 3 Years Warranty” Benefit see remark 7(iii) (4) 「睿峰尊尚管理」優惠見備註7(xxx) “Wellness Living” Benefit see remark 7(xxx) (5) 限時優惠見備註7(xi) Limited Time Discount see remark 7(xi) (6) 建築期付款辦法-照售價減6% Regular Payment– 6% discount on the Price (7) 睿峰『置尊』折扣優惠見備註7(xvi),
2020-11-06,2020-11-13,,East Wing,7,C,,6213000,,價 單 W5Ael號lness Discount Benefit see remark 7(xvi) Price list No. 5A (1) 「首3年保修」優惠見備註7(iii) “First 3 Years Warranty” Benefit see remark 7(iii) (2) 「睿峰尊尚管理」優惠見備註7(xxx) “Wellness Living” Benefit see remark 7(xxx) (3) 直減樓價3.75%優惠見備註7(xxviii) 3.75%Discount Benefit see remark 7(xxviii) (4) 90天現金優惠付款辦法-照售價減8% 90-Day Cash Payment Plan-8% discount on the Price (5) 限時優惠見備註7(xi) Limited Time Discount see remark 7(xi) (6) 睿峰『置尊』折扣優惠見備註7(xvi) Wellness Discount Benefit see remark 7(xvi),
2020-11-06,2020-11-13,,East Wing,9,C,,6399000,,價單5A號 Price list No. 5A (1) 「提前付清樓價現金回贈」優惠見備註7(xxix) “Early Settlement Cash Rebate”see remark 7(xxix) (2) 「首3年保修」優惠見備註7(iii) “First 3 Years Warranty” Benefit see remark 7(iii) (3) 「睿峰尊尚管理」優惠見備註7(xxx) “Wellness Living” Benefit see remark 7(xxx) (4) 直減樓價3.75%優惠見備註7(xxviii) 3.75%Discount Benefit see remark 7(xxviii) (5) 限時優惠見備註7(xi) Limited Time Discount see remark 7(xi) (6) 建築期付款辦法-照售價減6% Regular Payment– 6% discount on the Price (7) 睿峰『置尊』折扣優惠見備註7(xvi) Wellness Discount Benefit see remark 7(xvi),
2020-11-06,2020-11-12,2022-07-12,East Wing,25,F,,9729000,,"價單5A號 Price list No. 5A (1) 「代繳從價印花稅(上限為成交金額3%)」優惠見備註7(xix) “Ad Valorem Stamp Duty (Maximum 3% of the Transaction Price)” Benefit see remark 7(xix) (2) 「提前付清樓價現金回贈」優惠見備註7(xxix) “Early Settlement Cash Rebate”see remark 7(xxix) (3) 「首3年保修」優惠見備註7(iii) “First 3 Years Warranty” Benefit see remark 7(iii) (4) 「睿峰尊尚管理」優惠見備註7(xxx) “Wellness Living” Benefit see remark 7(xxx) (5) 限時優惠見備註7(xi) Limited Time Discount see remark 7(xi) (6) 建築期付款辦法-照售價減6% Regular Payment– 6% discount on the Price (7) 「成交金額 90% 第一按揭」安排見備註7(xxv) The arrangement of “First mortgage for 90% of Transaction Price""see remark 7(xxv) (8) 「成交金額 30%@第二按揭」安排見備註7(xxvi) The arrangements of “Second mortgage for 30% of Transaction Price”see remark 7(xxvi) (9) 睿峰『置尊』折扣優惠見備註7(xvi) Wellness Discount Benefit see remark 7(xvi)",
2020-11-06,2020-11-12,2022-07-12,East Wing,29,F,,9925000,,"價單5A號 Price list No. 5A (1) 「代繳從價印花稅(上限為成交金額3%)」優惠見備註7(xix) “Ad Valorem Stamp Duty (Maximum 3% of the Transaction Price)” Benefit see remark 7(xix) (2) 「提前付清樓價現金回贈」優惠見備註7(xxix) “Early Settlement Cash Rebate”see remark 7(xxix) (3) 「首3年保修」優惠見備註7(iii) “First 3 Years Warranty” Benefit see remark 7(iii) (4) 「睿峰尊尚管理」優惠見備註7(xxx) “Wellness Living” Benefit see remark 7(xxx) (5) 限時優惠見備註7(xi) Limited Time Discount see remark 7(xi) (6) 建築期付款辦法-照售價減6% Regular Payment– 6% discount on the Price (7) 「成交金額 90% 第一按揭」安排見備註7(xxv) The arrangement of “First mortgage for 90% of Transaction Price""see remark 7(xxv) (8) 「成交金額 30%@第二按揭」安排見備註7(xxvi) The arrangements of “Second mortgage for 30% of Transaction Price”see remark 7(xxvi) (9) 睿峰『置尊』折扣優惠見備註7(xvi) Wellness Discount Benefit see remark 7(xvi)",
2020-11-06,2020-11-13,,East Wing,27,A,,14068000,,"價單5A號 Price list No. 5A (1) 「提前付清樓價現金回贈」優惠見備註7(xxix) “Early Settlement Cash Rebate”see remark 7(xxix) (2) 「首3年保修」優惠見備註7(iii) “First 3 Years Warranty” Benefit see remark 7(iii) (3) 「睿峰尊尚管理」優惠見備註7(xxx) “Wellness Living” Benefit see remark 7(xxx) (4) 直減樓價3%優惠見備註7(xxiv) 3%Discount Benefit see remark 7(xxiv) (5) 限時優惠見備註7(xi) Limited Time Discount see remark 7(xi) (6) 建築期付款辦法-照售價減6% Regular Payment– 6% discount on the Price (7) 「成交金額 90% 第一按揭」安排見備註7(xxv) The arrangement of “First mortgage for 90% of Transaction Price""see remark 7(xxv) (8) 「成交金額 30%@第二按揭」安排見備註7(xxvi) The arrangements of “Second mortgage for 30% of Transaction Price”see remark 7(xxvi) (9) 睿峰『置尊』折扣優惠見備註7(xvi)",
2020-11-06,2020-11-13,,East Wing,18,A,,13585000,,"價單5A號 Price list No. 5A (1) 「提前付清樓價現金回贈」優惠見備註7(xxix) “Early Settlement Cash Rebate”see remark 7(xxix) (2) 「首3年保修」優惠見備註7(iii) “First 3 Years Warranty” Benefit see remark 7(iii) (3) 「睿峰尊尚管理」優惠見備註7(xxx) “Wellness Living” Benefit see remark 7(xxx) (4) 直減樓價3%優惠見備註7(xxiv) 3%Discount Benefit see remark 7(xxiv) (5) 限時優惠見備註7(xi) Limited Time Discount see remark 7(xi) (6) 建築期付款辦法-照售價減6% Regular Payment– 6% discount on the Price (7) 「成交金額 90% 第一按揭」安排見備註7(xxv) The arrangement of “First mortgage for 90% of Transaction Price""see remark 7(xxv) (8) 「成交金額 30%@第二按揭」安排見備註7(xxvi) The arrangements of “Second mortgage for 30% of Transaction Price”see remark 7(xxvi) (9) 睿峰『置尊』折扣優惠見備註7(xvi)",
2020-11-07,2020-11-13,,East Wing,20,F,,9219000,,"價單5A號 Price list No. 5A (1) 「提前付清樓價現金回贈」優惠見備註7(xxix) “Early Settlement Cash Rebate”see remark 7(xxix) (2) 「首3年保修」優惠見備註7(iii) “First 3 Years Warranty” Benefit see remark 7(iii) (3) 「睿峰尊尚管理」優惠見備註7(xxx) “Wellness Living” Benefit see remark 7(xxx) (4) 直減樓價3%優惠見備註7(xxiv) 3%Discount Benefit see remark 7(xxiv) (5) 限時優惠見備註7(xi) Limited Time Discount see remark 7(xi) (6) 建築期付款辦法-照售價減6% Regular Payment– 6% discount on the Price (7) 「成交金額 90% 第一按揭」安排見備註7(xxv) The arrangement of “First mortgage for 90% of Transaction Price""see remark 7(xxv) (8) 「成交金額 30%@第二按揭」安排見備註7(xxvi) The arrangements of “Second mortgage for 30% of Transaction Price”see remark 7(xxvi) (9) 睿峰『置尊』折扣優惠見備註7(xvi) Wellness Discount Benefit see remark 7(xvi)",
2020-11-07,2020-11-12,,West Wing,21,B,,7636000,,價單4B號 Price list No. 4B (1) 「提前付清樓價現金回贈」優惠見備註7(xxix) “Early Settlement Cash Rebate”see remark 7(xxix) (2) 「首3年保修」優惠見備註7(iii) “First 3 Years Warranty” Benefit see remark 7(iii) (3) 「睿峰尊尚管理」優惠見備註7(xxx) “Wellness Living” Benefit see remark 7(xxx) (4) 直減樓價3.75%優惠見備註7(xxviii) 3.75%Discount Benefit see remark 7(xxviii) (5) 限時優惠見備註7(xi) Limited Time Discount see remark 7(xi) (6) 建築期付款辦法-照售價減6% Regular Payment– 6% discount on the Price (7) 睿峰『置尊』折扣優惠見備註7(xvi) Wellness Discount Benefit see remark 7(xvi),
2020-11-10,2020-11-13,,East Wing,9,D,,5319000,,價單5A號 Price list No. 5A (1) 「提前付清樓價現金回贈」優惠見備註7(xxix) “Early Settlement Cash Rebate”see remark 7(xxix) (2) 「首3年保修」優惠見備註7(iii) “First 3 Years Warranty” Benefit see remark 7(iii) (3) 「睿峰尊尚管理」優惠見備註7(xxx) “Wellness Living” Benefit see remark 7(xxx) (4) 直減樓價3.75%優惠見備註7(xxviii) 3.75%Discount Benefit see remark 7(xxviii) (5) 限時優惠見備註7(xi) Limited Time Discount see remark 7(xi) (6) 建築期付款辦法-照售價減6% Regular Payment– 6% discount on the Price (7) 睿峰『置尊』折扣優惠見備註7(xvi),
2020-11-15,2020-11-20,,East Wing,8,D,,5319000,,價單5A號 Price list No. 5A (1) 「提前付清樓價現金回贈」優惠見備註7(xxix) “Early Settlement Cash Rebate”see remark 7(xxix) (2) 「首3年保修」優惠見備註7(iii) “First 3 Years Warranty” Benefit see remark 7(iii) (3) 「睿峰尊尚管理」優惠見備註7(xxx) “Wellness Living” Benefit see remark 7(xxx) (4) 直減樓價3.75%優惠見備註7(xxviii) 3.75%Discount Benefit see remark 7(xxviii) (5) 限時優惠見備註7(xi) Limited Time Discount see remark 7(xi) (6) 建築期付款辦法-照售價減6% Regular Payment– 6% discount on the Price (7) 睿峰『置尊』折扣優惠見備註7(xvi),
2020-11-17,2020-11-24,,East Wing,23,F,,9681000,"在04-05- 2022，基於法例35(2)(b)條所容許 的原因，售價更改為$9,466,000 On 04-05-2022, the price adjusted to $9,466,000 due to the reason allowed under section 35(2)(b) of the Ordinance","價單5A號 Price list No. 5A (1) 「代繳從價印花稅(上限為成交金額3%)」優惠見備註7(xix) “Ad Valorem Stamp Duty (Maximum 3% of the Transaction Price)” Benefit see remark 7(xix) (2) 「提前付清樓價現金回贈」優惠見備註7(xxix) “Early Settlement Cash Rebate”see remark 7(xxix) (3) 「首3年保修」優惠見備註7(iii) “First 3 Years Warranty” Benefit see remark 7(iii) (4) 「睿峰尊尚管理」優惠見備註7(xxx) “Wellness Living” Benefit see remark 7(xxx) (5) 限時優惠見備註7(xi) Limited Time Discount see remark 7(xi) (6) 建築期付款辦法-照售價減6% Regular Payment– 6% discount on the Price (7) 「成交金額 90% 第一按揭」安排見備註7(xxv) The arrangement of “First mortgage for 90% of Transaction Price""see remark 7(xxv) (8) 「成交金額 30%@第二按揭」安排見備註7(xxvi) The arrangements of “Second mortgage for 30% of Transaction Price”see remark 7(xxvi) (9) 睿峰『置尊』折扣優惠見備註7(xvi) Wellness Discount Benefit see remark 7(xvi) 在04-05-2022，支付條款更改為 On 04-05-2022, the terms of payment adjusted to 價單5A號 Price list No. 5A (1) 「代繳從價印花稅(上限為成交金額3%)」優惠見備註7(xix) “Ad Valorem Stamp Duty (Maximum 3% of the Transaction Price)” Benefit see remark 7(xix) (2) 「首3年保修」優惠見備註7(iii) “First 3 Years Warranty” Benefit see remark 7(iii) (3) 「睿峰尊尚管理」優惠見備註7(xxx) “Wellness Living” Benefit see remark 7(xxx) (4) 限時優惠見備註7(xi) Limited Time Discount see remark 7(xi) (5) 90天現金優惠付款辦法-照售價減8% 90-Day Cash Payment Plan-8% discount on the Price",
2020-11-17,2020-11-24,,East Wing,17,F,,9396000,"在04-05- 2022，基於法例35(2)(b)條所容許 的原因，售價更改為$9,187,000 On 04-05-2022, the price adjusted to $9,187,000 due to the reason allowed under section 35(2)(b) of the Ordinance","價單5A號 Price list No. 5A (1) 「代繳從價印花稅(上限為成交金額3%)」優惠見備註7(xix) “Ad Valorem Stamp Duty (Maximum 3% of the Transaction Price)” Benefit see remark 7(xix) (2) 「提前付清樓價現金回贈」優惠見備註7(xxix) “Early Settlement Cash Rebate”see remark 7(xxix) (3) 「首3年保修」優惠見備註7(iii) “First 3 Years Warranty” Benefit see remark 7(iii) (4) 「睿峰尊尚管理」優惠見備註7(xxx) “Wellness Living” Benefit see remark 7(xxx) (5) 限時優惠見備註7(xi) Limited Time Discount see remark 7(xi) (6) 建築期付款辦法-照售價減6% Regular Payment– 6% discount on the Price (7) 「成交金額 90% 第一按揭」安排見備註7(xxv) The arrangement of “First mortgage for 90% of Transaction Price""see remark 7(xxv) (8) 「成交金額 30%@第二按揭」安排見備註7(xxvi) The arrangements of “Second mortgage for 30% of Transaction Price”see remark 7(xxvi) (9) 睿峰『置尊』折扣優惠見備註7(xvi) Wellness Discount Benefit see remark 7(xvi) 在04-05-2022，支付條款更改為 On 04-05-2022, the terms of payment adjusted to 價單5A號 Price list No. 5A (1) 「代繳從價印花稅(上限為成交金額3%)」優惠見備註7(xix) “Ad Valorem Stamp Duty (Maximum 3% of the Transaction Price)” Benefit see remark 7(xix) (2) 「首3年保修」優惠見備註7(iii) “First 3 Years Warranty” Benefit see remark 7(iii) (3) 「睿峰尊尚管理」優惠見備註7(xxx) “Wellness Living” Benefit see remark 7(xxx) (4) 限時優惠見備註7(xi) Limited Time Discount see remark 7(xi) (5) 90天現金優惠付款辦法-照售價減8%",
2020-11-21,2020-11-27,,East Wing,15,B,,9884000,,"價單4B號 Price list No. 4B (1) 「提前付清樓價現金回贈」優惠見備註7(xxix) “Early Settlement Cash Rebate”see remark 7(xxix) (2) 「首3年保修」優惠見備註7(iii) “First 3 Years Warranty” Benefit see remark 7(iii) (3) 「睿峰尊尚管理」優惠見備註7(xxx) “Wellness Living” Benefit see remark 7(xxx) (4) 直減樓價3%優惠見備註7(xxiv) 3%Discount Benefit see remark 7(xxiv) (5) 限時優惠見備註7(xi) Limited Time Discount see remark 7(xi) (6) 建築期付款辦法-照售價減6% Regular Payment– 6% discount on the Price (7) 「成交金額 90% 第一按揭」安排見備註7(xxv) The arrangement of “First mortgage for 90% of Transaction Price""see remark 7(xxv) (8) 「成交金額 30%@第二按揭」安排見備註7(xxvi) The arrangements of “Second mortgage for 30% of Transaction Price”see remark 7(xxvi) (9) 睿峰『置尊』折扣優惠見備註7(xvi) Wellness Discount Benefit see remark 7(xvi)",
2020-11-24,2020-12-01,2021-11-26,East Wing,7,D,,5517000,,Price list No. 5A (1) 「代繳從價印花稅(上限為成交金額3.75%)」優惠見備註(xxvii) “Ad Valorem Stamp Duty (Maximum 3.75% of the Transaction Price)” Benefit see remark 7(xxvii) (2) 「提前付清樓價現金回贈」優惠見備註7(xxix) “Early Settlement Cash Rebate”see remark 7(xxix) (3) 「首3年保修」優惠見備註7(iii) “First 3 Years Warranty” Benefit see remark 7(iii) (4) 「睿峰尊尚管理」優惠見備註7(xxx) “Wellness Living” Benefit see remark 7(xxx) (5) 限時優惠見備註7(xi) Limited Time Discount see remark 7(xi) (6) 建築期付款辦法-照售價減6% Regular Payment– 6% discount on the Price (7) 睿峰『置尊』折扣優惠見備註7(xvi) Wellness Discount Benefit see remark 7(xvi),
2020-11-27,2020-12-04,,West Wing,26,D,,6134000,,價單4B號 Price list No. 4B (1) 「代繳從價印花稅(上限為成交金額3.75%)」優惠見備註(xxvii) “Ad Valorem Stamp Duty (Maximum 3.75% of the Transaction Price)” Benefit see remark 7(xxvii) (2) 「提前付清樓價現金回贈」優惠見備註7(xxix) “Early Settlement Cash Rebate”see remark 7(xxix) (3) 「首3年保修」優惠見備註7(iii) “First 3 Years Warranty” Benefit see remark 7(iii) (4) 「睿峰尊尚管理」優惠見備註7(xxx) “Wellness Living” Benefit see remark 7(xxx) (5) 限時優惠見備註7(xi) Limited Time Discount see remark 7(xi) (6) 建築期付款辦法-照售價減6% Regular Payment– 6% discount on the Price (7) 睿峰『置尊』折扣優惠見備註7(xvi) Wellness Discount Benefit see remark 7(xvi),
2020-11-27,2020-12-04,,East Wing,19,F,,9489000,,"價單5A號 Price list No. 5A (1) 「代繳從價印花稅(上限為成交金額3%)」優惠見備註7(xix) “Ad Valorem Stamp Duty (Maximum 3% of the Transaction Price)” Benefit see remark 7(xix) (2) 「提前付清樓價現金回贈」優惠見備註7(xxix) “Early Settlement Cash Rebate”see remark 7(xxix) (3) 「首3年保修」優惠見備註7(iii) “First 3 Years Warranty” Benefit see remark 7(iii) (4) 「睿峰尊尚管理」優惠見備註7(xxx) “Wellness Living” Benefit see remark 7(xxx) (5) 限時優惠見備註7(xi) Limited Time Discount see remark 7(xi) (6) 建築期付款辦法-照售價減6% Regular Payment– 6% discount on the Price (7) 「成交金額 90% 第一按揭」安排見備註7(xxv) The arrangement of “First mortgage for 90% of Transaction Price""see remark 7(xxv) (8) 「成交金額 30%@第二按揭」安排見備註7(xxvi) The arrangements of “Second mortgage for 30% of Transaction Price”see remark 7(xxvi) (9) 睿峰『置尊』折扣優惠見備註7(xvi) Wellness Discount Benefit see remark 7(xvi)",
2020-11-29,2020-12-04,,East Wing,18,F,,9173000,"在30-06- 2022，基於法例35(2)(b)條所容許 的原因，售價更改為$8,962,000 On 30-06-2022, the price adjusted to $8,962,000 due to the reason allowed under section 35(2)(b) of the Ordinance","價單5A號 Price list No. 5A (1) 「提前付清樓價現金回贈」優惠見備註7(xxix) “Early Settlement Cash Rebate”see remark 7(xxix) (2) 「首3年保修」優惠見備註7(iii) “First 3 Years Warranty” Benefit see remark 7(iii) (3) 「睿峰尊尚管理」優惠見備註7(xxx) “Wellness Living” Benefit see remark 7(xxx) (4) 直減樓價3%優惠見備註7(xxiv) 3%Discount Benefit see remark 7(xxiv) (5) 限時優惠見備註7(xi) Limited Time Discount see remark 7(xi) (6) 建築期付款辦法-照售價減6% Regular Payment– 6% discount on the Price (7) 「成交金額 90% 第一按揭」安排見備註7(xxv) The arrangement of “First mortgage for 90% of Transaction Price""see remark 7(xxv) (8) 「成交金額 30%@第二按揭」安排見備註7(xxvi) The arrangements of “Second mortgage for 30% of Transaction Price”see remark 7(xxvi) (9) 睿峰『置尊』折扣優惠見備註7(xvi) Wellness Discount Benefit see remark 7(xvi) 在30-06-2022，支付條款更改為 On 30-06-2022, the terms of payment adjusted to 價單5A號 Price list No. 5A (1) 「首3年保修」優惠見備註7(iii) “First 3 Years Warranty” Benefit see remark 7(iii) (2) 「睿峰尊尚管理」優惠見備註7(xxx) “Wellness Living” Benefit see remark 7(xxx) (3) 直減樓價3%優惠見備註7(xxiv) 3%Discount Benefit see remark 7(xxiv) (4) 限時優惠見備註7(xi) Limited Time Discount see remark 7(xi) (5) 90天現金優惠付款辦法-照售價減8% 90-Day Cash Payment Plan-8% discount on the Price (價6)單 睿5A峰號『置尊』折扣優惠見備註7(xvi)",
2020-12-05,2020-12-11,,East Wing,22,F,,9311000,,"Price list No. 5A (1) 「提前付清樓價現金回贈」優惠見備註7(xxix) “Early Settlement Cash Rebate”see remark 7(xxix) (2) 「首3年保修」優惠見備註7(iii) “First 3 Years Warranty” Benefit see remark 7(iii) (3) 「睿峰尊尚管理」優惠見備註7(xxx) “Wellness Living” Benefit see remark 7(xxx) (4) 直減樓價3%優惠見備註7(xxiv) 3%Discount Benefit see remark 7(xxiv) (5) 限時優惠見備註7(xi) Limited Time Discount see remark 7(xi) (6) 建築期付款辦法-照售價減6% Regular Payment– 6% discount on the Price (7) 「成交金額 90% 第一按揭」安排見備註7(xxv) The arrangement of “First mortgage for 90% of Transaction Price""see remark 7(xxv) (8) 「成交金額 30%@第二按揭」安排見備註7(xxvi) The arrangements of “Second mortgage for 30% of Transaction Price”see remark 7(xxvi) (9) 睿峰『置尊』折扣優惠見備註7(xvi) Wellness Discount Benefit see remark 7(xvi)",
2020-12-05,2020-12-11,,East Wing,21,F,,9265000,,"價單5A號 Price list No. 5A (1) 「提前付清樓價現金回贈」優惠見備註7(xxix) “Early Settlement Cash Rebate”see remark 7(xxix) (2) 「首3年保修」優惠見備註7(iii) “First 3 Years Warranty” Benefit see remark 7(iii) (3) 「睿峰尊尚管理」優惠見備註7(xxx) “Wellness Living” Benefit see remark 7(xxx) (4) 直減樓價3%優惠見備註7(xxiv) 3%Discount Benefit see remark 7(xxiv) (5) 限時優惠見備註7(xi) Limited Time Discount see remark 7(xi) (6) 建築期付款辦法-照售價減6% Regular Payment– 6% discount on the Price (7) 「成交金額 90% 第一按揭」安排見備註7(xxv) The arrangement of “First mortgage for 90% of Transaction Price""see remark 7(xxv) (8) 「成交金額 30%@第二按揭」安排見備註7(xxvi) The arrangements of “Second mortgage for 30% of Transaction Price”see remark 7(xxvi) (9) 睿峰『置尊』折扣優惠見備註7(xvi) Wellness Discount Benefit see remark 7(xvi)",
2020-12-06,2020-12-10,,East Wing,22,E,,11957000,,"價單3C號 Price list No. 3C (1) 「代繳從價印花稅(上限為成交金額3%)」優惠見備註7(xix) “Ad Valorem Stamp Duty (Maximum 3% of the Transaction Price)” Benefit see remark 7(xix) (2) 「提前付清樓價現金回贈」優惠見備註7(xxix) “Early Settlement Cash Rebate”see remark 7(xxix) (3) 「首3年保修」優惠見備註7(iii) “First 3 Years Warranty” Benefit see remark 7(iii) (4) 「睿峰尊尚管理」優惠見備註7(xxx) “Wellness Living” Benefit see remark 7(xxx) (5) 限時優惠見備註7(xi) Limited Time Discount see remark 7(xi) (6) 建築期付款辦法-照售價減6% Regular Payment– 6% discount on the Price (7) 「成交金額 90% 第一按揭」安排見備註7(xxv) The arrangement of “First mortgage for 90% of Transaction Price""see remark 7(xxv) (8) 「成交金額 30%@第二按揭」安排見備註7(xxvi) The arrangements of “Second mortgage for 30% of Transaction Price”see remark 7(xxvi) (9) 睿峰『置尊』折扣優惠見備註7(xvi) Wellness Discount Benefit see remark 7(xvi)",
2020-12-06,2020-12-11,,East Wing,26,F,,9452000,,"價單5A號 Price list No. 5A (1) 「提前付清樓價現金回贈」優惠見備註7(xxix) “Early Settlement Cash Rebate”see remark 7(xxix) (2) 「首3年保修」優惠見備註7(iii) “First 3 Years Warranty” Benefit see remark 7(iii) (3) 「睿峰尊尚管理」優惠見備註7(xxx) “Wellness Living” Benefit see remark 7(xxx) (4) 直減樓價3%優惠見備註7(xxiv) 3%Discount Benefit see remark 7(xxiv) (5) 限時優惠見備註7(xi) Limited Time Discount see remark 7(xi) (6) 建築期付款辦法-照售價減6% Regular Payment– 6% discount on the Price (7) 「成交金額 90% 第一按揭」安排見備註7(xxv) The arrangement of “First mortgage for 90% of Transaction Price""see remark 7(xxv) (8) 「成交金額 30%@第二按揭」安排見備註7(xxvi) The arrangements of “Second mortgage for 30% of Transaction Price”see remark 7(xxvi) (9) 睿峰『置尊』折扣優惠見備註7(xvi)",
2020-12-07,2020-12-14,,West Wing,12,A,,10306000,,"價單3C號 Price list No. 3C (1) 「代繳從價印花稅(上限為成交金額3%)」優惠見備註7(xix) “Ad Valorem Stamp Duty (Maximum 3% of the Transaction Price)” Benefit see remark 7(xix) (2) 「提前付清樓價現金回贈」優惠見備註7(xxix) “Early Settlement Cash Rebate”see remark 7(xxix) (3) 「首3年保修」優惠見備註7(iii) “First 3 Years Warranty” Benefit see remark 7(iii) (4) 「睿峰尊尚管理」優惠見備註7(xxx) “Wellness Living” Benefit see remark 7(xxx) (5) 限時優惠見備註7(xi) Limited Time Discount see remark 7(xi) (6) 建築期付款辦法-照售價減6% Regular Payment– 6% discount on the Price (7) 「成交金額 90% 第一按揭」安排見備註7(xxv) The arrangement of “First mortgage for 90% of Transaction Price""see remark 7(xxv) (8) 「成交金額 30%@第二按揭」安排見備註7(xxvi) The arrangements of “Second mortgage for 30% of Transaction Price”see remark 7(xxvi) (9) 睿峰『置尊』折扣優惠見備註7(xvi) Wellness Discount Benefit see remark 7(xvi)",
2020-12-08,2020-12-15,2022-07-12,East Wing,12,B,,10174000,,"價單4B號 Price list No. 4B (1) 「代繳從價印花稅(上限為成交金額3%)」優惠見備註7(xix) “Ad Valorem Stamp Duty (Maximum 3% of the Transaction Price)” Benefit see remark 7(xix) (2) 「提前付清樓價現金回贈」優惠見備註7(xxix) “Early Settlement Cash Rebate”see remark 7(xxix) (3) 「首3年保修」優惠見備註7(iii) “First 3 Years Warranty” Benefit see remark 7(iii) (4) 「睿峰尊尚管理」優惠見備註7(xxx) “Wellness Living” Benefit see remark 7(xxx) (5) 限時優惠見備註7(xi) Limited Time Discount see remark 7(xi) (6) 建築期付款辦法-照售價減6% Regular Payment– 6% discount on the Price (7) 「成交金額 90% 第一按揭」安排見備註7(xxv) The arrangement of “First mortgage for 90% of Transaction Price""see remark 7(xxv) (8) 「成交金額 30%@第二按揭」安排見備註7(xxvi) The arrangements of “Second mortgage for 30% of Transaction Price”see remark 7(xxvi) (9) 睿峰『置尊』折扣優惠見備註7(xvi) Wellness Discount Benefit see remark 7(xvi)",
2020-12-13,2020-12-18,,East Wing,6,D,,5500000,,價單5A號 Price list No. 5A (1) 「代繳從價印花稅(上限為成交金額3.75%)」優惠見備註(xxvii) “Ad Valorem Stamp Duty (Maximum 3.75% of the Transaction Price)” Benefit see remark 7(xxvii) (2) 「提前付清樓價現金回贈」優惠見備註7(xxix) “Early Settlement Cash Rebate”see remark 7(xxix) (3) 「首3年保修」優惠見備註7(iii) “First 3 Years Warranty” Benefit see remark 7(iii) (4) 「睿峰尊尚管理」優惠見備註7(xxx) “Wellness Living” Benefit see remark 7(xxx) (5) 限時優惠見備註7(xi) Limited Time Discount see remark 7(xi) (6) 建築期付款辦法-照售價減6% Regular Payment– 6% discount on the Price (7) 睿峰『置尊』折扣優惠見備註7(xvi) Wellness Discount Benefit see remark 7(xvi),
2020-12-20,2020-12-28,,East Wing,15,G,,9416000,"在04-05- 2022，基於法例35(2)(b)條所容許 的原因，售價更改為$9,207,000 On 04-05-2022, the price adjusted to $9,207,000 due to the reason allowed under section 35(2)(b) of the Ordinance","價單1F號 Price list No. 1F (1) 「代繳從價印花稅(上限為成交金額3%)」優惠見備註7(xix) “Ad Valorem Stamp Duty (Maximum 3% of the Transaction Price)” Benefit see remark 7(xix) (2) 「提前付清樓價現金回贈」優惠見備註7(xxix) “Early Settlement Cash Rebate”see remark 7(xxix) (3) 「首3年保修」優惠見備註7(iii) “First 3 Years Warranty” Benefit see remark 7(iii) (4) 「睿峰尊尚管理」優惠見備註7(xxx) “Wellness Living” Benefit see remark 7(xxx) (5) 限時優惠見備註7(xi) Limited Time Discount see remark 7(xi) (6) 建築期付款辦法-照售價減6% Regular Payment– 6% discount on the Price (7) 「成交金額 90% 第一按揭」安排見備註7(xxv) The arrangement of “First mortgage for 90% of Transaction Price""see remark 7(xxv) (8) 「成交金額 30%@第二按揭」安排見備註7(xxvi) The arrangements of “Second mortgage for 30% of Transaction Price”see remark 7(xxvi) (9) 睿峰『置尊』折扣優惠見備註7(xvi) Wellness Discount Benefit see remark 7(xvi) 在04-05-2022，支付條款更改為 On 04-05-2022, the terms of payment adjusted to 價單1F號 Price list No. 1F (1) 「代繳從價印花稅(上限為成交金額3%)」優惠見備註7(xix) “Ad Valorem Stamp Duty (Maximum 3% of the Transaction Price)” Benefit see remark 7(xix) (2) 「首3年保修」優惠見備註7(iii) “First 3 Years Warranty” Benefit see remark 7(iii) (3) 「睿峰尊尚管理」優惠見備註7(xxx) “Wellness Living” Benefit see remark 7(xxx) (4) 限時優惠見備註7(xi) Limited Time Discount see remark 7(xi) (5) 90天現金優惠付款辦法-照售價減8% 90-Day Cash Payment Plan-8% discount on the Price",
2020-12-26,2021-01-04,,East Wing,26,A,,13998000,,"價單5A號 Price list No. 5A (1) 「提前付清樓價現金回贈」優惠見備註7(xxix) “Early Settlement Cash Rebate”see remark 7(xxix) (2) 「首3年保修」優惠見備註7(iii) “First 3 Years Warranty” Benefit see remark 7(iii) (3) 「睿峰尊尚管理」優惠見備註7(xxx) “Wellness Living” Benefit see remark 7(xxx) (4) 直減樓價3%優惠見備註7(xxiv) 3%Discount Benefit see remark 7(xxiv) (5) 限時優惠見備註7(xi) Limited Time Discount see remark 7(xi) (6) 建築期付款辦法-照售價減6% Regular Payment– 6% discount on the Price (7) 「成交金額 90% 第一按揭」安排見備註7(xxv) The arrangement of “First mortgage for 90% of Transaction Price""see remark 7(xxv) (8) 「成交金額 30%@第二按揭」安排見備註7(xxvi) The arrangements of “Second mortgage for 30% of Transaction Price”see remark 7(xxvi) (9) 睿峰『置尊』折扣優惠見備註7(xvi) Wellness Discount Benefit see remark 7(xvi)",
2021-01-09,2021-01-15,,East Wing,28,F,,9925000,,"Price list No. 5A (1) 「代繳從價印花稅(上限為成交金額3%)」優惠見備註7(xix) “Ad Valorem Stamp Duty (Maximum 3% of the Transaction Price)” Benefit see remark 7(xix) (2) 「提前付清樓價現金回贈」優惠見備註7(xxix) “Early Settlement Cash Rebate”see remark 7(xxix) (3) 「首3年保修」優惠見備註7(iii) “First 3 Years Warranty” Benefit see remark 7(iii) (4) 「睿峰尊尚管理」優惠見備註7(xxx) “Wellness Living” Benefit see remark 7(xxx) (5) 限時優惠見備註7(xi) Limited Time Discount see remark 7(xi) (6) 建築期付款辦法-照售價減6% Regular Payment– 6% discount on the Price (7) 「成交金額 90% 第一按揭」安排見備註7(xxv) The arrangement of “First mortgage for 90% of Transaction Price""see remark 7(xxv) (8) 「成交金額 30%@第二按揭」安排見備註7(xxvi) The arrangements of “Second mortgage for 30% of Transaction Price”see remark 7(xxvi) (9) 睿峰『置尊』折扣優惠見備註7(xvi) Wellness Discount Benefit see remark 7(xvi)",
2021-02-13,2021-02-19,2022-08-26,West Wing,11,A,,9913000,,"價單3C號 Price list No. 3C (1) 「提前付清樓價現金回贈」優惠見備註7(xxix) “Early Settlement Cash Rebate”see remark 7(xxix) (2) 「首3年保修」優惠見備註7(iii) “First 3 Years Warranty” Benefit see remark 7(iii) (3) 「睿峰尊尚管理」優惠見備註7(xxx) “Wellness Living” Benefit see remark 7(xxx) (4) 直減樓價3%優惠見備註7(xxiv) 3%Discount Benefit see remark 7(xxiv) (5) 限時優惠見備註7(xi) Limited Time Discount see remark 7(xi) (6) 建築期付款辦法-照售價減6% Regular Payment– 6% discount on the Price (7) 「成交金額 90% 第一按揭」安排見備註7(xxv) The arrangement of “First mortgage for 90% of Transaction Price""see remark 7(xxv) (8) 「成交金額 30%@第二按揭」安排見備註7(xxvi) The arrangements of “Second mortgage for 30% of Transaction Price”see remark 7(xxvi) (9) 睿峰『置尊』折扣優惠見備註7(xvi)",
2021-03-09,2021-03-16,,East Wing,11,B,,9785000,,"價單4B號 Price list No. 4B (1) 「提前付清樓價現金回贈」優惠見備註7(xxix) “Early Settlement Cash Rebate”see remark 7(xxix) (2) 「首3年保修」優惠見備註7(iii) “First 3 Years Warranty” Benefit see remark 7(iii) (3) 「睿峰尊尚管理」優惠見備註7(xxx) “Wellness Living” Benefit see remark 7(xxx) (4) 直減樓價3%優惠見備註7(xxiv) 3%Discount Benefit see remark 7(xxiv) (5) 限時優惠見備註7(xi) Limited Time Discount see remark 7(xi) (6) 建築期付款辦法-照售價減6% Regular Payment– 6% discount on the Price (7) 「成交金額 90% 第一按揭」安排見備註7(xxv) The arrangement of “First mortgage for 90% of Transaction Price""see remark 7(xxv) (8) 「成交金額 30%@第二按揭」安排見備註7(xxvi) The arrangements of “Second mortgage for 30% of Transaction Price”see remark 7(xxvi) (9) 睿峰『置尊』折扣優惠見備註7(xvi) Wellness Discount Benefit see remark 7(xvi)",
2021-03-11,2021-03-16,,East Wing,25,A,,13928000,"在04-05- 2022，基於法例35(2)(b)條所容許 的原因，售價更改為$13,608,000 On 04-05-2022, the price adjusted to $13,608,000 due to the reason allowed under section 35(2)(b) of the Ordinance","價單5A號 Price list No. 5A (1) 「提前付清樓價現金回贈」優惠見備註7(xxix) “Early Settlement Cash Rebate”see remark 7(xxix) (2) 「首3年保修」優惠見備註7(iii) “First 3 Years Warranty” Benefit see remark 7(iii) (3) 「睿峰尊尚管理」優惠見備註7(xxx) “Wellness Living” Benefit see remark 7(xxx) (4) 直減樓價3%優惠見備註7(xxiv) 3%Discount Benefit see remark 7(xxiv) (5) 限時優惠見備註7(xi) Limited Time Discount see remark 7(xi) (6) 建築期付款辦法-照售價減6% Regular Payment– 6% discount on the Price (7) 「成交金額 90% 第一按揭」安排見備註7(xxv) The arrangement of “First mortgage for 90% of Transaction Price""see remark 7(xxv) (8) 「成交金額 30%@第二按揭」安排見備註7(xxvi) The arrangements of “Second mortgage for 30% of Transaction Price”see remark 7(xxvi) (9) 睿峰『置尊』折扣優惠見備註7(xvi) Wellness Discount Benefit see remark 7(xvi) 在04-05-2022，支付條款更改為 On 04-05-2022, the terms of payment adjusted to 價單5A號 Price list No. 5A (1) 「首3年保修」優惠見備註7(iii) “First 3 Years Warranty” Benefit see remark 7(iii) (2) 「睿峰尊尚管理」優惠見備註7(xxx) “Wellness Living” Benefit see remark 7(xxx) (3) 直減樓價3%優惠見備註7(xxiv) 3%Discount Benefit see remark 7(xxiv) (4) 限時優惠見備註7(xi) Limited Time Discount see remark 7(xi) (5) 90天現金優惠付款辦法-照售價減8% 90-Day Cash Payment Plan-8% discount on the Price (6) 睿峰『置尊』折扣優惠見備註7(xvi) Wellness Discount Benefit see remark 7(xvi)",
2021-03-26,2021-04-07,,East Wing,10,A,,13572000,,"價單4B號 Price list No. 4B (1) 「代繳從價印花稅(上限為成交金額3%)」優惠見備註7(xix) “Ad Valorem Stamp Duty (Maximum 3% of the Transaction Price)” Benefit see remark 7(xix) (2) 「提前付清樓價現金回贈」優惠見備註7(xxix) “Early Settlement Cash Rebate”see remark 7(xxix) (3) 「首3年保修」優惠見備註7(iii) “First 3 Years Warranty” Benefit see remark 7(iii) (4) 「睿峰尊尚管理」優惠見備註7(xxx) “Wellness Living” Benefit see remark 7(xxx) (5) 限時優惠見備註7(xi) Limited Time Discount see remark 7(xi) (6) 建築期付款辦法-照售價減6% Regular Payment– 6% discount on the Price (7) 「成交金額 90% 第一按揭」安排見備註7(xxv) The arrangement of “First mortgage for 90% of Transaction Price""see remark 7(xxv) (8) 「成交金額 30%@第二按揭」安排見備註7(xxvi) The arrangements of “Second mortgage for 30% of Transaction Price”see remark 7(xxvi) (9) 睿峰『置尊』折扣優惠見備註7(xvi) Wellness Discount Benefit see remark 7(xvi)",
2021-03-31,2021-04-12,,East Wing,17,A,,13914000,,"價單5A號 Price list No. 5A (1) 「代繳從價印花稅(上限為成交金額3%)」優惠見備註7(xix) “Ad Valorem Stamp Duty (Maximum 3% of the Transaction Price)” Benefit see remark 7(xix) (2) 「提前付清樓價現金回贈」優惠見備註7(xxix) “Early Settlement Cash Rebate”see remark 7(xxix) (3) 「首3年保修」優惠見備註7(iii) “First 3 Years Warranty” Benefit see remark 7(iii) (4) 「睿峰尊尚管理」優惠見備註7(xxx) “Wellness Living” Benefit see remark 7(xxx) (5) 限時優惠見備註7(xi) Limited Time Discount see remark 7(xi) (6) 建築期付款辦法-照售價減6% Regular Payment– 6% discount on the Price (7) 「成交金額 90% 第一按揭」安排見備註7(xxv) The arrangement of “First mortgage for 90% of Transaction Price""see remark 7(xxv) (8) 「成交金額 30%@第二按揭」安排見備註7(xxvi) The arrangements of “Second mortgage for 30% of Transaction Price”see remark 7(xxvi) (9) 睿峰『置尊』折扣優惠見備註7(xvi) Wellness Discount Benefit see remark 7(xvi) 價單5A號",
2021-04-02,2021-04-13,,West Wing,22,A,,10294000,,"Price list No. 5A (1) 「提前付清樓價現金回贈」優惠見備註7(xxix) “Early Settlement Cash Rebate”see remark 7(xxix) (2) 「首3年保修」優惠見備註7(iii) “First 3 Years Warranty” Benefit see remark 7(iii) (3) 「睿峰尊尚管理」優惠見備註7(xxx) “Wellness Living” Benefit see remark 7(xxx) (4) 直減樓價3%優惠見備註7(xxiv) 3%Discount Benefit see remark 7(xxiv) (5) 限時優惠見備註7(xi) Limited Time Discount see remark 7(xi) (6) 建築期付款辦法-照售價減6% Regular Payment– 6% discount on the Price (7) 「成交金額 90% 第一按揭」安排見備註7(xxv) The arrangement of “First mortgage for 90% of Transaction Price""see remark 7(xxv) (8) 「成交金額 30%@第二按揭」安排見備註7(xxvi) The arrangements of “Second mortgage for 30% of Transaction Price”see remark 7(xxvi) (9) 睿峰『置尊』折扣優惠見備註7(xvi) Wellness Discount Benefit see remark 7(xvi)",
2021-04-02,2021-04-13,,East Wing,27,E,,11792000,,"價單3C號 Price list No. 3C (1) 「提前付清樓價現金回贈」優惠見備註7(xxix) “Early Settlement Cash Rebate”see remark 7(xxix) (2) 「首3年保修」優惠見備註7(iii) “First 3 Years Warranty” Benefit see remark 7(iii) (3) 「睿峰尊尚管理」優惠見備註7(xxx) “Wellness Living” Benefit see remark 7(xxx) (4) 直減樓價3%優惠見備註7(xxiv) 3%Discount Benefit see remark 7(xxiv) (5) 限時優惠見備註7(xi) Limited Time Discount see remark 7(xi) (6) 建築期付款辦法-照售價減6% Regular Payment– 6% discount on the Price (7) 「成交金額 90% 第一按揭」安排見備註7(xxv) The arrangement of “First mortgage for 90% of Transaction Price""see remark 7(xxv) (8) 「成交金額 30%@第二按揭」安排見備註7(xxvi) The arrangements of “Second mortgage for 30% of Transaction Price”see remark 7(xxvi) (9) 睿峰『置尊』折扣優惠見備註7(xvi) Wellness Discount Benefit see remark 7(xvi)",
2021-04-06,2021-04-13,,East Wing,23,E,,11617000,,"價單3D號 Price list No. 3D (1) 「首3年保修」優惠見備註7(iii) “First 3 Years Warranty” Benefit see remark 7(iii) (2) 「睿峰尊尚管理」優惠見備註7(xxx) “Wellness Living” Benefit see remark 7(xxx) (3) 直減樓價3%優惠見備註7(xxiv) 3%Discount Benefit see remark 7(xxiv) (4) 限時優惠見備註7(xi) Limited Time Discount see remark 7(xi) (5) 建築期付款辦法-照售價減6% Regular Payment– 6% discount on the Price (6) 「成交金額 90% 第一按揭」安排見備註7(xxxi) The arrangement of “First mortgage for 90% of Transaction Price""see remark 7(xxxi) (7) 「成交金額 30%第二按揭」安排見備註7(xxxii) The arrangements of “Second mortgage for 30% of Transaction Price”see remark 7(xxxii) (8) 睿峰『置尊』折扣優惠見備註7(xvi) Wellness Discount Benefit see remark 7(xvi)",
2021-04-12,2021-04-19,,West Wing,21,A,,9990000,,"價單5B號 Price list No. 5B (1) 「首3年保修」優惠見備註7(iii) “First 3 Years Warranty” Benefit see remark 7(iii) (2) 智選 “一口價”付款辦法見備註7(xxxiii) Best “Bottom Price” Payment see remark(xxxiii) (3) 「成交金額 90% 第一按揭」安排見備註7(xxxi) The arrangement of “First mortgage for 90% of Transaction Price""see remark 7(xxxi) (4) 「成交金額 30%第二按揭」安排見備註7(xxxii) The arrangements of “Second mortgage for 30% of Transaction Price”see remark 7(xxxii)",
2021-04-13,2021-04-20,,East Wing,22,A,,13473000,,價單5B號 Price list No. 5B (1) 「首3年保修」優惠見備註7(iii) “First 3 Years Warranty” Benefit see remark 7(iii) (2) 「睿峰尊尚管理」優惠見備註7(xxx) “Wellness Living” Benefit see remark 7(xxx) (3) 直減樓價3%優惠見備註7(xxiv) 3%Discount Benefit see remark 7(xxiv) (4) 90天現金優惠付款辦法-照售價減8% 90-Day Cash Payment Plan-8% discount on the Price (5) 限時優惠見備註7(xi) Limited Time Discount see remark 7(xi) (6) 睿峰『置尊』折扣優惠見備註7(xvi) Wellness Discount Benefit see remark 7(xvi),
2021-04-21,2021-04-26,,East Wing,27,F,,9499000,"在13-04- 2022，基於法例35(2)(b)條所容許 的原因，售價更改為$9,281,000 On 13-04-2022, the price adjusted to $9,281,000 due to the reason allowed under section 35(2)(b) of the Ordinance","價單5B號 Price list No. 5B (1) 「首3年保修」優惠見備註7(iii) “First 3 Years Warranty” Benefit see remark 7(iii) (2) 「睿峰尊尚管理」優惠見備註7(xxx) “Wellness Living” Benefit see remark 7(xxx) (3) 直減樓價3%優惠見備註7(xxiv) 3%Discount Benefit see remark 7(xxiv) (4) 限時優惠見備註7(xi) Limited Time Discount see remark 7(xi) (5) 建築期付款辦法-照售價減6% Regular Payment– 6% discount on the Price (6) 「成交金額 90% 第一按揭」安排見備註7(xxxi) The arrangement of “First mortgage for 90% of Transaction Price""see remark 7(xxxi) (7) 「成交金額 30%第二按揭」安排見備註7(xxxii) The arrangements of “Second mortgage for 30% of Transaction Price”see remark 7(xxxii) (8) 睿峰『置尊』折扣優惠見備註7(xvi) Wellness Discount Benefit see remark 7(xvi) 在13-04-2022，支付條款更改為 On 13-04-2022, the terms of payment adjusted to 價單5B號 Price list No. 5B (1) 「首3年保修」優惠見備註7(iii) “First 3 Years Warranty” Benefit see remark 7(iii) (2) 「睿峰尊尚管理」優惠見備註7(xxx) “Wellness Living” Benefit see remark 7(xxx) (3) 直減樓價3%優惠見備註7(xxiv) 3%Discount Benefit see remark 7(xxiv) (4) 限時優惠見備註7(xi) Limited Time Discount see remark 7(xi) (5) 90天現金優惠付款辦法-照售價減8% 90-Day Cash Payment Plan-8% discount on the Price (6) 睿峰『置尊』折扣優惠見備註7(xvi)",
2021-05-08,2021-05-14,,East Wing,10,B,,9737000,"在21-04- 2022，基於法例35(2)(b)條所容許 的原因，售價更改為$9,513,000 On 21-04-2022, the price adjusted to $9,513,000 due to the reason allowed under section 35(2)(b) of the Ordinance","價單4C號 Price list No. 4C (1) 「首3年保修」優惠見備註7(iii) “First 3 Years Warranty” Benefit see remark 7(iii) (2) 「睿峰尊尚管理」優惠見備註7(xxx) “Wellness Living” Benefit see remark 7(xxx) (3) 直減樓價3%優惠見備註7(xxiv) 3%Discount Benefit see remark 7(xxiv) (4) 限時優惠見備註7(xi) Limited Time Discount see remark 7(xi) (5) 建築期付款辦法-照售價減6% Regular Payment– 6% discount on the Price (6) 「成交金額 90% 第一按揭」安排見備註7(xxxi) The arrangement of “First mortgage for 90% of Transaction Price""see remark 7(xxxi) (7) 「成交金額 30%第二按揭」安排見備註7(xxxii) The arrangements of “Second mortgage for 30% of Transaction Price”see remark 8(xxxii) (8) 睿峰『置尊』折扣優惠見備註7(xvi) Wellness Discount Benefit see remark 7(xvi) 在21-04-2022，支付條款更改為 On 21-04-2022, the terms of payment adjusted to 價單4C號 Price list No. 4C (1) 「首3年保修」優惠見備註7(iii) “First 3 Years Warranty” Benefit see remark 7(iii) (2) 「睿峰尊尚管理」優惠見備註7(xxx) “Wellness Living” Benefit see remark 7(xxx) (3) 直減樓價3%優惠見備註7(xxiv) 3%Discount Benefit see remark 7(xxiv) (4) 限時優惠見備註7(xi) Limited Time Discount see remark 7(xi) (5) 90天現金優惠付款辦法-照售價減8% 90-Day Cash Payment Plan-8% discount on the Price (6) 睿峰『置尊』折扣優惠見備註7(xvi) Wellness Discount Benefit see remark 7(xvi)",
2021-05-09,2021-05-14,,East Wing,25,E,,11674000,"在21-04- 2022，基於法例35(2)(b)條所容許 的原因，售價更改為$11,406,000 On 21-04-2022, the price adjusted to $11,406,000 due to the reason allowed under section 35(2)(b) of the Ordinance","Price list No. 3D (1) 「首3年保修」優惠見備註7(iii) “First 3 Years Warranty” Benefit see remark 7(iii) (2) 「睿峰尊尚管理」優惠見備註7(xxx) “Wellness Living” Benefit see remark 7(xxx) (3) 直減樓價3%優惠見備註7(xxiv) 3%Discount Benefit see remark 7(xxiv) (4) 限時優惠見備註7(xi) Limited Time Discount see remark 7(xi) (5) 建築期付款辦法-照售價減6% Regular Payment– 6% discount on the Price (6) 「成交金額 90% 第一按揭」安排見備註7(xxxi) The arrangement of “First mortgage for 90% of Transaction Price""see remark 7(xxxi) (7) 「成交金額 30%第二按揭」安排見備註7(xxxii) The arrangements of “Second mortgage for 30% of Transaction Price”see remark 7(xxxii) (8) 睿峰『置尊』折扣優惠見備註7(xvi) Wellness Discount Benefit see remark 7(xvi) 在21-04-2022，支付條款更改為 On 21-04-2022, the terms of payment adjusted to 價單3D號 Price list No. 3D (1) 「首3年保修」優惠見備註7(iii) “First 3 Years Warranty” Benefit see remark 7(iii) (2) 「睿峰尊尚管理」優惠見備註7(xxx) “Wellness Living” Benefit see remark 7(xxx) (3) 直減樓價3%優惠見備註7(xxiv) 3%Discount Benefit see remark 7(xxiv) (4) 限時優惠見備註7(xi) Limited Time Discount see remark 7(xi) (5) 90天現金優惠付款辦法-照售價減8% 90-Day Cash Payment Plan-8% discount on the Price (6) 睿峰『置尊』折扣優惠見備註7(xvi) Wellness Discount Benefit see remark 7(xvi)",
2021-05-11,2021-05-18,,East Wing,9,B,,9708000,,"價單4C號 Price list No. 4C (1) 「首3年保修」優惠見備註7(iii) “First 3 Years Warranty” Benefit see remark 7(iii) (2) 「睿峰尊尚管理」優惠見備註7(xxx) “Wellness Living” Benefit see remark 7(xxx) (3) 直減樓價3%優惠見備註7(xxiv) 3%Discount Benefit see remark 7(xxiv) (4) 限時優惠見備註7(xi) Limited Time Discount see remark 7(xi) (5) 建築期付款辦法-照售價減6% Regular Payment– 6% discount on the Price (6) 「成交金額 90% 第一按揭」安排見備註7(xxxi) The arrangement of “First mortgage for 90% of Transaction Price""see remark 7(xxxi) (7) 「成交金額 30%第二按揭」安排見備註7(xxxii) The arrangements of “Second mortgage for 30% of Transaction Price”see remark 7(xxxii) (8) 睿峰『置尊』折扣優惠見備註7(xvi) Wellness Discount Benefit see remark 7(xvi)",
2021-05-22,2021-05-28,,East Wing,23,A,,14337000,,"價單5B號 Price list No. 5B (1) 「代繳從價印花稅(上限為成交金額3%)」優惠見備註7(xix) “Ad Valorem Stamp Duty (Maximum 3% of the Transaction Price)” Benefit see remark 7(xix) (2) 「首3年保修」優惠見備註7(iii) “First 3 Years Warranty” Benefit see remark 7(iii) (3) 「睿峰尊尚管理」優惠見備註7(xxx) “Wellness Living” Benefit see remark 7(xxx) (4) 限時優惠見備註7(xi) Limited Time Discount see remark 7(xi) (5) 建築期付款辦法-照售價減6% Regular Payment– 6% discount on the Price (6) 「成交金額 90% 第一按揭」安排見備註7(xxxi) The arrangement of “First mortgage for 90% of Transaction Price""see remark 7(xxxi) (7) 「成交金額 30%第二按揭」安排見備註7(xxxii) The arrangements of “Second mortgage for 30% of Transaction Price”see remark 7(xxxii) (8) 睿峰『置尊』折扣優惠見備註7(xvi) Wellness Discount Benefit see remark 7(xvi)",
2021-05-29,2021-06-04,,West Wing,26,G,,9990000,,"價單3D號 Price list No. 3D (1) 「首3年保修」優惠見備註7(iii) “First 3 Years Warranty” Benefit see remark 7(iii) (2) 智選 “一口價”付款辦法見備註7(xxxiii) Best “Bottom Price” Payment see remark(xxxiii) (3) 「成交金額 90% 第一按揭」安排見備註7(xxxi) The arrangement of “First mortgage for 90% of Transaction Price""see remark 7(xxxi) (4) 「成交金額 30%第二按揭」安排見備註7(xxxii) The arrangements of “Second mortgage for 30% of Transaction Price”see remark 7(xxxii)",
2021-05-31,2021-06-07,,East Wing,21,A,,14194000,,"價單5B號 Price list No. 5B (1) 「代繳從價印花稅(上限為成交金額3%)」優惠見備註7(xix) “Ad Valorem Stamp Duty (Maximum 3% of the Transaction Price)” Benefit see remark 7(xix) (2) 「首3年保修」優惠見備註7(iii) “First 3 Years Warranty” Benefit see remark 7(iii) (3) 「睿峰尊尚管理」優惠見備註7(xxx) “Wellness Living” Benefit see remark 7(xxx) (4) 限時優惠見備註7(xi) Limited Time Discount see remark 7(xi) (5) 建築期付款辦法-照售價減6% Regular Payment– 6% discount on the Price (6) 「成交金額 90% 第一按揭」安排見備註7(xxxi) The arrangement of “First mortgage for 90% of Transaction Price""see remark 7(xxxi) (7) 「成交金額 30%第二按揭」安排見備註7(xxxii) The arrangements of “Second mortgage for 30% of Transaction Price”see remark 7(xxxii) (8) 睿峰『置尊』折扣優惠見備註7(xvi) Wellness Discount Benefit see remark 7(xvi)",
2021-06-20,2021-06-25,,East Wing,20,A,,13339000,,價單5C號 Price list No. 5C (1) 「首3年保修」優惠見備註7(iii) “First 3 Years Warranty” Benefit see remark 7(iii) (2) 「睿峰尊尚管理」優惠見備註7(xxx) “Wellness Living” Benefit see remark 7(xxx) (3) 直減樓價3%優惠見備註7(xxiv) 3%Discount Benefit see remark 7(xxiv) (4) 90天現金優惠付款辦法-照售價減8% 90-Day Cash Payment Plan-8% discount on the Price (5) 限時優惠見備註7(xi) Limited Time Discount see remark 7(xi) (6) 睿峰『置尊』折扣優惠見備註7(xvi) Wellness Discount Benefit see remark 7(xvi),
2021-06-30,2021-07-08,,East Wing,19,A,,13272000,,價單5D號 Price list No. 5D (1) 「首3年保修」優惠見備註7(iii) “First 3 Years Warranty” Benefit see remark 7(iii) (2) 「印花稅津貼」折扣優惠見備註7(xxxiv) “Stamp Duty” Discount Benefit see remark 7(xxxiv) (3) 「睿峰尊尚管理」優惠見備註7(xxx) “Wellness Living” Benefit see remark 7(xxx) (4) 90天現金優惠付款辦法-照售價減8% 90-Day Cash Payment Plan-8% discount on the Price (5) 限時優惠見備註7(xi) Limited Time Discount see remark 7(xi) (6) 睿峰『置尊』折扣優惠見備註7(xvi) Wellness Discount Benefit see remark 7(xvi),
2022-02-10,2022-02-17,,East Wing,8,B,,9708000,,價單4E號 Price list No. 4E (1) 「首3年保修」優惠見備註7(iii) “First 3 Years Warranty” Benefit see remark 7(iii) (2) 「印花稅津貼」折扣優惠見備註7(xxxiv) “Stamp Duty” Discount Benefit see remark 7(xxxiv) (3) 「睿峰尊尚管理」優惠見備註7(xxx) “Wellness Living” Benefit see remark 7(xxx) (4) 建築期付款辦法-照售價減6% Regular Payment– 6% discount on the Price (5) 限時優惠見備註7(xi) Limited Time Discount see remark 7(xi) (6) 睿峰『置尊』折扣優惠見備註7(xvi) Wellness Discount Benefit see remark 7(xvi),
2023-02-05,2023-02-10,,East Wing,18,B,,9765000,,90天現金優惠付款計劃 90-day Cash Payment Plan 臨時訂金即樓價 5%於投標書獲賣方接納當日(即接納書的日期)繳付 A preliminary deposit equivalent to 5% of the Purchase Price shall be paid upon the tender being accepted by the Vendor (i.e. the date of the Letter of Acceptance) 樓價95%(樓價餘額)於接納書的日期後90日內 95% of the Purchase Price (the balance of the Purchase Price) shall be paid within 90 days after the date of the Letter of Acceptance.,
2023-02-05,2023-02-10,,East Wing,28,A,,14111000,,靈活付款計劃 Flexible Cash Payment Plan 臨時訂金即樓價 5%於投標書獲賣方接納當日(即接納書的日期)繳付 A preliminary deposit equivalent to 5% of the Purchase Price shall be paid upon the tender being accepted by the Vendor (i.e. the date of the Letter of Acceptance) 加付訂金即樓價 5%於接納書的日期後 30 日內繳付 A further deposit equivalent to 5% of the Purchase Price shall be paid within 30 days after the date of Letter of Acceptance. 樓價 90%(樓價餘額) 於接納書的日期後 120 日內繳付 90% of the Purchase Price (the balance of the Purchase Price) shall be paid within 120 days after the date of the Letter of Acceptance. - 代繳印花稅優惠(見備註7(xxxv)) Stamp Duty Payment Benefit (See remark 7(xxxv)).,
2023-02-05,2023-02-10,,East Wing,6,C,,6195000,,120天現金優惠付款計劃 120-day Cash Payment Plan 臨時訂金即樓價5%於投標書獲賣方接納當日(即接納書的日期)繳付 A preliminary deposit equivalent to 5% of the Purchase Price shall be paid upon the tender being accepted by the Vendor (i.e. the date of the Letter of Acceptance) 樓價95%(樓價餘額)於接納書的日期後120日內 95% of the Purchase Price (the balance of the Purchase Price) shall be paid within 120 days after the date of the Letter of Acceptance. - 代繳印花稅優惠(見備註7(xxxv)) Stamp Duty Payment Benefit (See remark 7(xxxv)).,
2023-02-05,2023-02-10,,East Wing,20,B,,9822000,,90天現金優惠付款計劃 90-day Cash Payment Plan 臨時訂金即樓價 5%於投標書獲賣方接納當日(即接納書的日期)繳付 A preliminary deposit equivalent to 5% of the Purchase Price shall be paid upon the tender being accepted by the Vendor (i.e. the date of the Letter of Acceptance) 樓價 95%(樓價餘額) 於接納書的日期後 90 日內繳付 95% of the Purchase Price (the balance of the Purchase Price) shall be paid within 90 days after the date of the Letter of Acceptance. - 代繳印花稅優惠(見備註7(xxxv)) Stamp Duty Payment Benefit (See remark 7(xxxv)).,
2023-02-06,2023-02-13,,East Wing,19,B,,9795000,,120天現金優惠付款計劃 120-day Cash Payment Plan 臨時訂金即樓價5%於投標書獲賣方接納當日(即接納書的日期)繳付 A preliminary deposit equivalent to 5% of the Purchase Price shall be paid upon the tender being accepted by the Vendor (i.e. the date of the Letter of Acceptance) 樓價95%(樓價餘額)於接納書的日期後120日內 95% of the Purchase Price (the balance of the Purchase Price) shall be paid within 120 days after the date of the Letter of Acceptance. - 代繳印花稅優惠(見備註7(xxxv)) Stamp Duty Payment Benefit (See remark 7(xxxv)).,
2023-02-07,2023-02-14,,East Wing,17,B,,9735000,,90天現金優惠付款計劃 90-day Cash Payment Plan 臨時訂金即樓價 5%於投標書獲賣方接納當日(即接納書的日期)繳付 A preliminary deposit equivalent to 5% of the Purchase Price shall be paid upon the tender being accepted by the Vendor (i.e. the date of the Letter of Acceptance) 樓價95%(樓價餘額)於接納書的日期後90日內 95% of the Purchase Price (the balance of the Purchase Price) shall be paid within 90 days after the date of the Letter of Acceptance. - 代繳印花稅優惠(見備註7(xxxv)) Stamp Duty Payment Benefit (See remark 7(xxxv)).,
2023-02-09,2023-02-16,,West Wing,11,D,,5599000,,90天現金優惠付款計劃 90-day Cash Payment Plan 臨時訂金即樓價 5%於投標書獲賣方接納當日(即接納書的日期)繳付 A preliminary deposit equivalent to 5% of the Purchase Price shall be paid upon the tender being accepted by the Vendor (i.e. the date of the Letter of Acceptance) 樓價95%(樓價餘額)於接納書的日期後90日內 95% of the Purchase Price (the balance of the Purchase Price) shall be paid within 90 days after the date of the Letter of Acceptance. - 代繳印花稅優惠(見備註7(xxxv)) Stamp Duty Payment Benefit (See remark 7(xxxv)).,
2023-02-10,2023-02-17,,East Wing,30,A,,14197000,,90天現金優惠付款計劃 90-day Cash Payment Plan 臨時訂金即樓價 5%於投標書獲賣方接納當日(即接納書的日期)繳付 A preliminary deposit equivalent to 5% of the Purchase Price shall be paid upon the tender being accepted by the Vendor (i.e. the date of the Letter of Acceptance) 樓價95%(樓價餘額)於接納書的日期後90日內 95% of the Purchase Price (the balance of the Purchase Price) shall be paid within 90 days after the date of the Letter of Acceptance. - 代繳印花稅優惠(見備註7(xxxv)) Stamp Duty Payment Benefit (See remark 7(xxxv)).,
2023-02-10,2023-02-17,,East Wing,33,A,,14816000,,90天現金優惠付款計劃 90-day Cash Payment Plan 臨時訂金即樓價 5%於投標書獲賣方接納當日(即接納書的日期)繳付 A preliminary deposit equivalent to 5% of the Purchase Price shall be paid upon the tender being accepted by the Vendor (i.e. the date of the Letter of Acceptance) 樓價95%(樓價餘額)於接納書的日期後90日內 95% of the Purchase Price (the balance of the Purchase Price) shall be paid within 90 days after the date of the Letter of Acceptance. - 代繳印花稅優惠(見備註7(xxxv)) Stamp Duty Payment Benefit (See remark 7(xxxv)).,
2023-02-10,2023-02-17,,East Wing,25,F,,9424000,,120天現金優惠付款計劃 120-day Cash Payment Plan 臨時訂金即樓價5%於投標書獲賣方接納當日(即接納書的日期)繳付 A preliminary deposit equivalent to 5% of the Purchase Price shall be paid upon the tender being accepted by the Vendor (i.e. the date of the Letter of Acceptance) 樓價95%(樓價餘額)於接納書的日期後120日內 95% of the Purchase Price (the balance of the Purchase Price) shall be paid within 120 days after the date of the Letter of Acceptance. - 代繳印花稅優惠(見備註7(xxxv)) Stamp Duty Payment Benefit (See remark 7(xxxv)).,
2023-02-11,2023-02-17,,East Wing,21,B,,9924000,,90天現金優惠付款計劃 90-day Cash Payment Plan 臨時訂金即樓價 5%於投標書獲賣方接納當日(即接納書的日期)繳付 A preliminary deposit equivalent to 5% of the Purchase Price shall be paid upon the tender being accepted by the Vendor (i.e. the date of the Letter of Acceptance) 樓價95%(樓價餘額)於接納書的日期後90日內 95% of the Purchase Price (the balance of the Purchase Price) shall be paid within 90 days after the date of the Letter of Acceptance. - 代繳印花稅優惠(見備註7(xxxv)) Stamp Duty Payment Benefit (See remark 7(xxxv)).,
2023-02-12,2023-02-17,,East Wing,29,A,,14154000,,365天現金優惠付款計劃 365-day Cash Payment Plan 臨時訂金即樓價 5%於投標書獲賣方接納當日(即接納書的日期)繳付 A preliminary deposit equivalent to 5% of the Purchase Price shall be paid upon the tender being accepted by the Vendor (i.e. the date of the Letter of Acceptance) 加付訂金即樓價 5%於接納書的日期後 180 日內繳付 A further deposit equivalent to 5% of the Purchase Price shall be paid within 180 days after the date of Letter of Acceptance. 樓價 90%(樓價餘額) 於接納書的日期後 365 日內繳付 90% of the Purchase Price (the balance of the Purchase Price) shall be paid within 365 days after the date of the Letter of Acceptance. - 代繳印花稅優惠(見備註7(xxxv)) Stamp Duty Payment Benefit (See remark 7(xxxv)).,
2023-02-12,2023-02-17,,East Wing,32,A,,14525000,,120天現金優惠付款計劃 120-day Cash Payment Plan 臨時訂金即樓價 5%於投標書獲賣方接納當日(即接納書的日期)繳付 A preliminary deposit equivalent to 5% of the Purchase Price shall be paid upon the tender being accepted by the Vendor (i.e. the date of the Letter of Acceptance) 樓價95%(樓價餘額)於接納書的日期後120日內 95% of the Purchase Price (the balance of the Purchase Price) shall be paid within 120 days after the date of the Letter of Acceptance. - 代繳印花稅優惠(見備註7(xxxv)) Stamp Duty Payment Benefit (See remark 7(xxxv)).,
2023-02-13,2023-02-20,,East Wing,35,A,,15232000,,120天現金優惠付款計劃 120-day Cash Payment Plan 臨時訂金即樓價 5%於投標書獲賣方接納當日(即接納書的日期)繳付 A preliminary deposit equivalent to 5% of the Purchase Price shall be paid upon the tender being accepted by the Vendor (i.e. the date of the Letter of Acceptance) 樓價95%(樓價餘額)於接納書的日期後120日內 95% of the Purchase Price (the balance of the Purchase Price) shall be paid within 120 days after the date of the Letter of Acceptance. - 代繳印花稅優惠(見備註7(xxxv)) Stamp Duty Payment Benefit (See remark 7(xxxv)).,
2023-02-13,2023-02-20,,West Wing,9,H,,7232000,,90天現金優惠付款計劃 90-day Cash Payment Plan 臨時訂金即樓價 5%於投標書獲賣方接納當日(即接納書的日期)繳付 A preliminary deposit equivalent to 5% of the Purchase Price shall be paid upon the tender being accepted by the Vendor (i.e. the date of the Letter of Acceptance) 樓價95%(樓價餘額)於接納書的日期後90日內 95% of the Purchase Price (the balance of the Purchase Price) shall be paid within 90 days after the date of the Letter of Acceptance. - 代繳印花稅優惠(見備註7(xxxv)) Stamp Duty Payment Benefit (See remark 7(xxxv)).,
2023-02-13,2023-02-20,,West Wing,12,H,,7369000,,120天現金優惠付款計劃 120-day Cash Payment Plan 臨時訂金即樓價 5%於投標書獲賣方接納當日(即接納書的日期)繳付 A preliminary deposit equivalent to 5% of the Purchase Price shall be paid upon the tender being accepted by the Vendor (i.e. the date of the Letter of Acceptance) 樓價95%(樓價餘額)於接納書的日期後120日內 95% of the Purchase Price (the balance of the Purchase Price) shall be paid within 120 days after the date of the Letter of Acceptance. - 代繳印花稅優惠(見備註7(xxxv)) Stamp Duty Payment Benefit (See remark 7(xxxv)).,
2023-02-13,2023-02-20,,West Wing,6,D,,5490000,,120天現金優惠付款計劃 120-day Cash Payment Plan 臨時訂金即樓價 5%於投標書獲賣方接納當日(即接納書的日期)繳付 A preliminary deposit equivalent to 5% of the Purchase Price shall be paid upon the tender being accepted by the Vendor (i.e. the date of the Letter of Acceptance) 樓價95%(樓價餘額)於接納書的日期後120日內 95% of the Purchase Price (the balance of the Purchase Price) shall be paid within 120 days after the date of the Letter of Acceptance. - 代繳印花稅優惠(見備註7(xxxv)) Stamp Duty Payment Benefit (See remark 7(xxxv)).,
2023-02-13,2023-02-20,,West Wing,8,G,,7511000,,120天現金優惠付款計劃 120-day Cash Payment Plan 臨時訂金即樓價 5%於投標書獲賣方接納當日(即接納書的日期)繳付 A preliminary deposit equivalent to 5% of the Purchase Price shall be paid upon the tender being accepted by the Vendor (i.e. the date of the Letter of Acceptance) 樓價95%(樓價餘額)於接納書的日期後120日內 95% of the Purchase Price (the balance of the Purchase Price) shall be paid within 120 days after the date of the Letter of Acceptance. - 代繳印花稅優惠(見備註7(xxxv)) Stamp Duty Payment Benefit (See remark 7(xxxv)).,
2023-02-14,2023-02-21,,East Wing,32,F,,9720000,,90天現金優惠付款計劃 90-day Cash Payment Plan 臨時訂金即樓價 5%於投標書獲賣方接納當日(即接納書的日期)繳付 A preliminary deposit equivalent to 5% of the Purchase Price shall be paid upon the tender being accepted by the Vendor (i.e. the date of the Letter of Acceptance) 樓價95%(樓價餘額)於接納書的日期後90日內 95% of the Purchase Price (the balance of the Purchase Price) shall be paid within 90 days after the date of the Letter of Acceptance. - 代繳印花稅優惠(見備註7(xxxv)) Stamp Duty Payment Benefit (See remark 7(xxxv)).,
2023-02-14,2023-02-21,,East Wing,23,B,,10125000,,90天現金優惠付款計劃 90-day Cash Payment Plan 臨時訂金即樓價 5%於投標書獲賣方接納當日(即接納書的日期)繳付 A preliminary deposit equivalent to 5% of the Purchase Price shall be paid upon the tender being accepted by the Vendor (i.e. the date of the Letter of Acceptance) 樓價95%(樓價餘額)於接納書的日期後90日內 95% of the Purchase Price (the balance of the Purchase Price) shall be paid within 90 days after the date of the Letter of Acceptance.,
2023-02-16,2023-02-23,,West Wing,12,F,,7864000,,120天現金優惠付款計劃 120-day Cash Payment Plan 臨時訂金即樓價 5%於投標書獲賣方接納當日(即接納書的日期)繳付 A preliminary deposit equivalent to 5% of the Purchase Price shall be paid upon the tender being accepted by the Vendor (i.e. the date of the Letter of Acceptance) 樓價95%(樓價餘額)於接納書的日期後120日內 95% of the Purchase Price (the balance of the Purchase Price) shall be paid within 120 days after the date of the Letter of Acceptance. - 代繳印花稅優惠(見備註7(xxxv)) Stamp Duty Payment Benefit (See remark 7(xxxv)).,
2023-02-18,2023-02-24,,East Wing,9,F,,11135000,,90天現金優惠付款計劃 90-day Cash Payment Plan 臨時訂金即樓價 5%於投標書獲賣方接納當日(即接納書的日期)繳付 A preliminary deposit equivalent to 5% of the Purchase Price shall be paid upon the tender being accepted by the Vendor (i.e. the date of the Letter of Acceptance) 樓價95%(樓價餘額)於接納書的日期後90日內 95% of the Purchase Price (the balance of the Purchase Price) shall be paid within 90 days after the date of the Letter of Acceptance. - 代繳印花稅優惠(見備註7(xxxv)) Stamp Duty Payment Benefit (See remark 7(xxxv)).,
2023-02-18,2023-02-24,,East Wing,11,F,,11202000,,120天現金優惠付款計劃 120-day Cash Payment Plan 臨時訂金即樓價 5%於投標書獲賣方接納當日(即接納書的日期)繳付 A preliminary deposit equivalent to 5% of the Purchase Price shall be paid upon the tender being accepted by the Vendor (i.e. the date of the Letter of Acceptance) 樓價95%(樓價餘額)於接納書的日期後120日內 95% of the Purchase Price (the balance of the Purchase Price) shall be paid within 120 days after the date of the Letter of Acceptance. - 代繳印花稅優惠(見備註7(xxxv)) Stamp Duty Payment Benefit (See remark 7(xxxv)).,
2023-02-18,,,East Wing,26,E,,11757000,,120天現金優惠付款計劃 120-day Cash Payment Plan 臨時訂金即樓價 5%於投標書獲賣方接納當日(即接納書的日期)繳付 A preliminary deposit equivalent to 5% of the Purchase Price shall be paid upon the tender being accepted by the Vendor (i.e. the date of the Letter of Acceptance) 樓價95%(樓價餘額)於接納書的日期後120日內 95% of the Purchase Price (the balance of the Purchase Price) shall be paid within 120 days after the date of the Letter of Acceptance. - 代繳印花稅優惠(見備註7(xxxv)) Stamp Duty Payment Benefit (See remark 7(xxxv)).,
2023-02-18,2023-02-24,,East Wing,35,F,,9972000,,90天現金優惠付款計劃 90-day Cash Payment Plan 臨時訂金即樓價 5%於投標書獲賣方接納當日(即接納書的日期)繳付 A preliminary deposit equivalent to 5% of the Purchase Price shall be paid upon the tender being accepted by the Vendor (i.e. the date of the Letter of Acceptance) 樓價95%(樓價餘額)於接納書的日期後90日內 95% of the Purchase Price (the balance of the Purchase Price) shall be paid within 90 days after the date of the Letter of Acceptance. - 代繳印花稅優惠(見備註7(xxxv)) Stamp Duty Payment Benefit (See remark 7(xxxv)).,
2023-02-19,2023-02-24,,West Wing,6,C,,6955000,,180天現金優惠付款計劃 180-day Cash Payment Plan 臨時訂金即樓價 5%於投標書獲賣方接納當日(即接納書的日期)繳付 A preliminary deposit equivalent to 5% of the Purchase Price shall be paid upon the tender being accepted by the Vendor (i.e. the date of the Letter of Acceptance) 樓價95%(樓價餘額)於接納書的日期後180日內 95% of the Purchase Price (the balance of the Purchase Price) shall be paid within 180 days after the date of the Letter of Acceptance. - 代繳印花稅優惠(見備註7(xxxv)) Stamp Duty Payment Benefit (See remark 7(xxxv)).,
2023-02-19,2023-02-24,,West Wing,6,K,,7768000,,90天現金優惠付款計劃 90-day Cash Payment Plan 臨時訂金即樓價 5%於投標書獲賣方接納當日(即接納書的日期)繳付 A preliminary deposit equivalent to 5% of the Purchase Price shall be paid upon the tender being accepted by the Vendor (i.e. the date of the Letter of Acceptance) 樓價95%(樓價餘額)於接納書的日期後90日內 95% of the Purchase Price (the balance of the Purchase Price) shall be paid within 90 days after the date of the Letter of Acceptance. - 代繳印花稅優惠(見備註7(xxxv)) Stamp Duty Payment Benefit (See remark 7(xxxv)).,
2023-02-23,2023-03-02,,East Wing,30,C,,11266000,,120天現金優惠付款計劃 120-day Cash Payment Plan 臨時訂金即樓價 5%於投標書獲賣方接納當日(即接納書的日期)繳付 A preliminary deposit equivalent to 5% of the Purchase Price shall be paid upon the tender being accepted by the Vendor (i.e. the date of the Letter of Acceptance) 樓價95%(樓價餘額)於接納書的日期後120日內 95% of the Purchase Price (the balance of the Purchase Price) shall be paid within 120 days after the date of the Letter of Acceptance. - 代繳印花稅優惠(見備註7(xxxv)) Stamp Duty Payment Benefit (See remark 7(xxxv)).,
2023-02-23,2023-03-02,,East Wing,29,F,,9536000,,90天現金優惠付款計劃 90-day Cash Payment Plan 臨時訂金即樓價 5%於投標書獲賣方接納當日(即接納書的日期)繳付 A preliminary deposit equivalent to 5% of the Purchase Price shall be paid upon the tender being accepted by the Vendor (i.e. the date of the Letter of Acceptance) 樓價95%(樓價餘額)於接納書的日期後90日內 95% of the Purchase Price (the balance of the Purchase Price) shall be paid within 90 days after the date of the Letter of Acceptance. - 代繳印花稅優惠(見備註7(xxxv)) Stamp Duty Payment Benefit (See remark 7(xxxv)).,
2023-02-26,2023-03-03,,West Wing,9,B,,7106000,,120天現金優惠付款計劃 120-day Cash Payment Plan 臨時訂金即樓價 5%於投標書獲賣方接納當日(即接納書的日期)繳付 A preliminary deposit equivalent to 5% of the Purchase Price shall be paid upon the tender being accepted by the Vendor (i.e. the date of the Letter of Acceptance) 樓價95%(樓價餘額)於接納書的日期後120日內 95% of the Purchase Price (the balance of the Purchase Price) shall be paid within 120 days after the date of the Letter of Acceptance. - 代繳印花稅優惠(見備註7(xxxv)) Stamp Duty Payment Benefit (See remark 7(xxxv)).,
2023-02-26,2023-03-03,,West Wing,33,C,,7802000,,90天現金優惠付款計劃 90-day Cash Payment Plan 臨時訂金即樓價 5%於投標書獲賣方接納當日(即接納書的日期)繳付 A preliminary deposit equivalent to 5% of the Purchase Price shall be paid upon the tender being accepted by the Vendor (i.e. the date of the Letter of Acceptance) 樓價95%(樓價餘額)於接納書的日期後90日內 95% of the Purchase Price (the balance of the Purchase Price) shall be paid within 90 days after the date of the Letter of Acceptance. - 代繳印花稅優惠(見備註7(xxxv)) Stamp Duty Payment Benefit (See remark 7(xxxv)).,
2023-02-28,2023-03-07,,East Wing,12,D,,5634000,,90天現金優惠付款計劃 90-day Cash Payment Plan 臨時訂金即樓價 5%於投標書獲賣方接納當日(即接納書的日期)繳付 A preliminary deposit equivalent to 5% of the Purchase Price shall be paid upon the tender being accepted by the Vendor (i.e. the date of the Letter of Acceptance) 樓價95%(樓價餘額)於接納書的日期後90日內 95% of the Purchase Price (the balance of the Purchase Price) shall be paid within 90 days after the date of the Letter of Acceptance. - 代繳印花稅優惠(見備註7(xxxv)) Stamp Duty Payment Benefit (See remark 7(xxxv)).,
2023-02-28,2023-03-07,,West Wing,35,A,,10857000,,210天現金優惠付款計劃 210-day Cash Payment Plan 臨時訂金即樓價 5%於投標書獲賣方接納當日(即接納書的日期)繳付 A preliminary deposit equivalent to 5% of the Purchase Price shall be paid upon the tender being accepted by the Vendor (i.e. the date of the Letter of Acceptance) 樓價95%(樓價餘額)於接納書的日期後210日內 95% of the Purchase Price (the balance of the Purchase Price) shall be paid within 210 days after the date of the Letter of Acceptance. - 代繳印花稅優惠(見備註7(xxxv)) Stamp Duty Payment Benefit (See remark 7(xxxv)).,
2023-03-01,2023-03-08,,East Wing,31,A,,14420000,,120天現金優惠付款計劃 120-day Cash Payment Plan 臨時訂金即樓價 5%於投標書獲賣方接納當日(即接納書的日期)繳付 A preliminary deposit equivalent to 5% of the Purchase Price shall be paid upon the tender being accepted by the Vendor (i.e. the date of the Letter of Acceptance) 樓價95%(樓價餘額)於接納書的日期後120日內 95% of the Purchase Price (the balance of the Purchase Price) shall be paid within 120 days after the date of the Letter of Acceptance. - 代繳印花稅優惠(見備註7(xxxv)) Stamp Duty Payment Benefit (See remark 7(xxxv)).,
2023-03-02,2023-03-09,,East Wing,22,B,,10024000,,120天現金優惠付款計劃 120-day Cash Payment Plan 臨時訂金即樓價 5%於投標書獲賣方接納當日(即接納書的日期)繳付 A preliminary deposit equivalent to 5% of the Purchase Price shall be paid upon the tender being accepted by the Vendor (i.e. the date of the Letter of Acceptance) 樓價95%(樓價餘額)於接納書的日期後120日內 95% of the Purchase Price (the balance of the Purchase Price) shall be paid within 120 days after the date of the Letter of Acceptance. - 代繳印花稅優惠(見備註7(xxxv)) Stamp Duty Payment Benefit (See remark 7(xxxv)).,
2023-03-02,2023-03-09,,East Wing,36,A,,15473000,,180天現金優惠付款計劃 180-day Cash Payment Plan 臨時訂金即樓價 5%於投標書獲賣方接納當日(即接納書的日期)繳付 A preliminary deposit equivalent to 5% of the Purchase Price shall be paid upon the tender being accepted by the Vendor (i.e. the date of the Letter of Acceptance) 樓價95%(樓價餘額)於接納書的日期後180日內 95% of the Purchase Price (the balance of the Purchase Price) shall be paid within 180 days after the date of the Letter of Acceptance. - 代繳印花稅優惠(見備註7(xxxv)) Stamp Duty Payment Benefit (See remark 7(xxxv)).,
2023-03-02,2023-03-09,,West Wing,5,C,,6955000,,90天現金優惠付款計劃 90-day Cash Payment Plan 臨時訂金即樓價 5%於投標書獲賣方接納當日(即接納書的日期)繳付 A preliminary deposit equivalent to 5% of the Purchase Price shall be paid upon the tender being accepted by the Vendor (i.e. the date of the Letter of Acceptance) 樓價95%(樓價餘額)於接納書的日期後90日內 95% of the Purchase Price (the balance of the Purchase Price) shall be paid within 90 days after the date of the Letter of Acceptance. - 代繳印花稅優惠(見備註7(xxxv)) Stamp Duty Payment Benefit (See remark 7(xxxv)).,
2023-03-02,2023-03-09,,East Wing,26,E,,11757000,,90天現金優惠付款計劃 90-day Cash Payment Plan 臨時訂金即樓價 5%於投標書獲賣方接納當日(即接納書的日期)繳付 A preliminary deposit equivalent to 5% of the Purchase Price shall be paid upon the tender being accepted by the Vendor (i.e. the date of the Letter of Acceptance) 樓價95%(樓價餘額)於接納書的日期後90日內 95% of the Purchase Price (the balance of the Purchase Price) shall be paid within 90 days after the date of the Letter of Acceptance. - 代繳印花稅優惠(見備註7(xxxv)) Stamp Duty Payment Benefit (See remark 7(xxxv)).,
2023-03-03,2023-03-10,,East Wing,7,D,,5333000,,價單5I號 Price list No. 5I (1) 置 Relax 90 天付款辦法 - 照售價減 6% Super Relax 90 Days Payment Plan - 6% discount of the Price (2) 限時優惠見備註7(xi) Limited Time Discount see remark 7(xi) (3) 睿峰置尊折扣優惠見備註7(xvi) Wellness Discount Benefit see remark 7(xvi) (4) 印花稅津貼折扣優惠見備註7(xxxiv) “Stamp Duty Subsidy” Discount Benefit see remark 7(xxxiv),
2023-03-04,2023-03-10,,East Wing,25,B,,10227000,,120天現金優惠付款計劃 120-day Cash Payment Plan 臨時訂金即樓價 5%於投標書獲賣方接納當日(即接納書的日期)繳付 A preliminary deposit equivalent to 5% of the Purchase Price shall be paid upon the tender being accepted by the Vendor (i.e. the date of the Letter of Acceptance) 樓價95%(樓價餘額)於接納書的日期後120日內 95% of the Purchase Price (the balance of the Purchase Price) shall be paid within 120 days after the date of the Letter of Acceptance.,
2023-03-05,2023-03-10,,East Wing,17,D,,11131000,,90天現金優惠付款計劃 90-day Cash Payment Plan 臨時訂金即樓價 5%於投標書獲賣方接納當日(即接納書的日期)繳付 A preliminary deposit equivalent to 5% of the Purchase Price shall be paid upon the tender being accepted by the Vendor (i.e. the date of the Letter of Acceptance) 樓價95%(樓價餘額)於接納書的日期後90日內 95% of the Purchase Price (the balance of the Purchase Price) shall be paid within 90 days after the date of the Letter of Acceptance. - 代繳印花稅優惠(見備註7(xxxv)) Stamp Duty Payment Benefit (See remark 7(xxxv)).,
2023-03-06,2023-03-13,,East Wing,11,E,,11220000,,90天現金優惠付款計劃 90-day Cash Payment Plan 臨時訂金即樓價 5%於投標書獲賣方接納當日(即接納書的日期)繳付 A preliminary deposit equivalent to 5% of the Purchase Price shall be paid upon the tender being accepted by the Vendor (i.e. the date of the Letter of Acceptance) 樓價95%(樓價餘額)於接納書的日期後90日內 95% of the Purchase Price (the balance of the Purchase Price) shall be paid within 90 days after the date of the Letter of Acceptance. - 代繳印花稅優惠(見備註7(xxxv)) Stamp Duty Payment Benefit (See remark 7(xxxv)).,
2023-03-07,2023-03-14,,East Wing,7,B,,9650000,,價單4J號 Price list No. 4J (1) 置 Relax 90 天付款辦法 - 照售價減 6% Super Relax 90 Days Payment Plan - 6% discount of the Price (2) 限時優惠見備註7(xi) Limited Time Discount see remark 7(xi) (3) 睿峰置尊折扣優惠見備註7(xvi) Wellness Discount Benefit see remark 7(xvi) (4) 印花稅津貼折扣優惠見備註7(xxxiv) “Stamp Duty Subsidy” Discount Benefit see remark 7(xxxiv),
2023-03-10,2023-03-17,,East Wing,30,F,,9661000,,90天現金優惠付款計劃 90-day Cash Payment Plan 臨時訂金即樓價 5%於投標書獲賣方接納當日(即接納書的日期)繳付 A preliminary deposit equivalent to 5% of the Purchase Price shall be paid upon the tender being accepted by the Vendor (i.e. the date of the Letter of Acceptance) 樓價95%(樓價餘額)於接納書的日期後90日內 95% of the Purchase Price (the balance of the Purchase Price) shall be paid within 90 days after the date of the Letter of Acceptance. - 代繳印花稅優惠(見備註7(xxxv)) Stamp Duty Payment Benefit (See remark 7(xxxv)).,
2023-03-11,2023-03-17,,East Wing,32,E,,12558000,,90天現金優惠付款計劃 90-day Cash Payment Plan 臨時訂金即樓價 5%於投標書獲賣方接納當日(即接納書的日期)繳付 A preliminary deposit equivalent to 5% of the Purchase Price shall be paid upon the tender being accepted by the Vendor (i.e. the date of the Letter of Acceptance) 樓價95%(樓價餘額)於接納書的日期後90日內 95% of the Purchase Price (the balance of the Purchase Price) shall be paid within 90 days after the date of the Letter of Acceptance. - 代繳印花稅優惠(見備註7(xxxv)) Stamp Duty Payment Benefit (See remark 7(xxxv)).,
2023-03-11,2023-03-17,,West Wing,32,B,,8000000,,120天現金優惠付款計劃 120-day Cash Payment Plan 臨時訂金即樓價 5%於投標書獲賣方接納當日(即接納書的日期)繳付 A preliminary deposit equivalent to 5% of the Purchase Price shall be paid upon the tender being accepted by the Vendor (i.e. the date of the Letter of Acceptance) 樓價95%(樓價餘額)於接納書的日期後120日內 95% of the Purchase Price (the balance of the Purchase Price) shall be paid within 120 days after the date of the Letter of Acceptance. - 代繳印花稅優惠(見備註7(xxxv)) Stamp Duty Payment Benefit (See remark 7(xxxv)).,
2023-03-12,2023-03-17,,West Wing,23,D,,5843000,,120天現金優惠付款計劃 120-day Cash Payment Plan 臨時訂金即樓價 5%於投標書獲賣方接納當日(即接納書的日期)繳付 A preliminary deposit equivalent to 5% of the Purchase Price shall be paid upon the tender being accepted by the Vendor (i.e. the date of the Letter of Acceptance) 樓價95%(樓價餘額)於接納書的日期後120日內 95% of the Purchase Price (the balance of the Purchase Price) shall be paid within 120 days after the date of the Letter of Acceptance. - 代繳印花稅優惠(見備註7(xxxv)) Stamp Duty Payment Benefit (See remark 7(xxxv)).,
2023-03-12,2023-03-17,,West Wing,22,G,,10113000,,價單3L號 Price list No. 3L (1) 置 Relax 90 天付款辦法 - 照售價減 6% Super Relax 90 Days Payment Plan - 6% discount of the Price (2) 限時優惠見備註7(xi) Limited Time Discount see remark 7(xi) (3) 睿峰置尊折扣優惠見備註7(xvi) Wellness Discount Benefit see remark 7(xvi) (4) 印花稅津貼折扣優惠見備註7(xxxiv) “Stamp Duty Subsidy” Discount Benefit see remark 7(xxxiv),
2023-03-15,2023-03-22,,West Wing,33,B,,8174000,,120天現金優惠付款計劃 120-day Cash Payment Plan 臨時訂金即樓價 5%於投標書獲賣方接納當日(即接納書的日期)繳付 A preliminary deposit equivalent to 5% of the Purchase Price shall be paid upon the tender being accepted by the Vendor (i.e. the date of the Letter of Acceptance) 樓價95%(樓價餘額)於接納書的日期後120日內 95% of the Purchase Price (the balance of the Purchase Price) shall be paid within 120 days after the date of the Letter of Acceptance. - 代繳印花稅優惠(見備註7(xxxv)) Stamp Duty Payment Benefit (See remark 7(xxxv)).,
2023-03-18,2023-03-24,,East Wing,33,F,,10141000,,90天現金優惠付款計劃 90-day Cash Payment Plan 臨時訂金即樓價 5%於投標書獲賣方接納當日(即接納書的日期)繳付 A preliminary deposit equivalent to 5% of the Purchase Price shall be paid upon the tender being accepted by the Vendor (i.e. the date of the Letter of Acceptance) 樓價95%(樓價餘額)於接納書的日期後90日內 95% of the Purchase Price (the balance of the Purchase Price) shall be paid within 90 days after the date of the Letter of Acceptance. - 代繳印花稅優惠(見備註7(xxxv)) Stamp Duty Payment Benefit (See remark 7(xxxv)).,
2023-03-19,2023-03-24,,East Wing,15,F,,12040000,,90天現金優惠付款計劃 90-day Cash Payment Plan 臨時訂金即樓價 5%於投標書獲賣方接納當日(即接納書的日期)繳付 A preliminary deposit equivalent to 5% of the Purchase Price shall be paid upon the tender being accepted by the Vendor (i.e. the date of the Letter of Acceptance) 樓價95%(樓價餘額)於接納書的日期後90日內 95% of the Purchase Price (the balance of the Purchase Price) shall be paid within 90 days after the date of the Letter of Acceptance. - 代繳印花稅優惠(見備註7(xxxv)) Stamp Duty Payment Benefit (See remark 7(xxxv)).,
2023-03-20,2023-03-27,,East Wing,17,C,,10862000,,120天現金優惠付款計劃 120-day Cash Payment Plan 臨時訂金即樓價 5%於投標書獲賣方接納當日(即接納書的日期)繳付 A preliminary deposit equivalent to 5% of the Purchase Price shall be paid upon the tender being accepted by the Vendor (i.e. the date of the Letter of Acceptance) 樓價95%(樓價餘額)於接納書的日期後120日內 95% of the Purchase Price (the balance of the Purchase Price) shall be paid within 120 days after the date of the Letter of Acceptance.,
2023-03-23,2023-03-30,,East Wing,9,A,,14356000,,120天現金優惠付款計劃 120-day Cash Payment Plan 臨時訂金即樓價 5%於投標書獲賣方接納當日(即接納書的日期)繳付 A preliminary deposit equivalent to 5% of the Purchase Price shall be paid upon the tender being accepted by the Vendor (i.e. the date of the Letter of Acceptance) 樓價95%(樓價餘額)於接納書的日期後120日內 95% of the Purchase Price (the balance of the Purchase Price) shall be paid within 120 days after the date of the Letter of Acceptance. - 代繳印花稅優惠(見備註7(xxxv)) Stamp Duty Payment Benefit (See remark 7(xxxv)).,
2023-03-25,2023-03-31,,East Wing,27,B,,10513000,,90天現金優惠付款計劃 90-day Cash Payment Plan 臨時訂金即樓價 5%於投標書獲賣方接納當日(即接納書的日期)繳付 A preliminary deposit equivalent to 5% of the Purchase Price shall be paid upon the tender being accepted by the Vendor (i.e. the date of the Letter of Acceptance) 樓價95%(樓價餘額)於接納書的日期後90日內 95% of the Purchase Price (the balance of the Purchase Price) shall be paid within 90 days after the date of the Letter of Acceptance. - 代繳印花稅優惠(見備註7(xxxv)) Stamp Duty Payment Benefit (See remark 7(xxxv)).,
2023-03-29,2023-04-06,,East Wing,8,A,,14842000,,90天現金優惠付款計劃 90-day Cash Payment Plan 臨時訂金即樓價 5%於投標書獲賣方接納當日(即接納書的日期)繳付 A preliminary deposit equivalent to 5% of the Purchase Price shall be paid upon the tender being accepted by the Vendor (i.e. the date of the Letter of Acceptance) 樓價95%(樓價餘額)於接納書的日期後90日內 95% of the Purchase Price (the balance of the Purchase Price) shall be paid within 90 days after the date of the Letter of Acceptance. - 代繳印花稅優惠(見備註7(xxxv)) Stamp Duty Payment Benefit (See remark 7(xxxv)).,
2023-04-01,2023-04-12,2024-07-02,East Wing,12,G,,9915000,,360天現金優惠付款計劃 360-day Cash Payment Plan 臨時訂金即樓價 5%於投標書獲賣方接納當日(即接納書的日期)繳付 A preliminary deposit equivalent to 5% of the Purchase Price shall be paid upon the tender being accepted by the Vendor (i.e. the date of the Letter of Acceptance) 加付訂金即樓價 3%於接納書的日期後 7 日內繳付 A further deposit equivalent to 3% of the Purchase Price shall be paid within 7 days after the date of Letter of Acceptance. 樓價 92%(樓價餘額) 於接納書的日期後 360 日內繳付 92% of the Purchase Price (the balance of the Purchase Price) shall be paid within 360 days after the date of the Letter of Acceptance.,
2023-04-01,2023-04-12,,East Wing,5,G,,9470000,,120天現金優惠付款計劃 120-day Cash Payment Plan 臨時訂金即樓價 5%於投標書獲賣方接納當日(即接納書的日期)繳付 A preliminary deposit equivalent to 5% of the Purchase Price shall be paid upon the tender being accepted by the Vendor (i.e. the date of the Letter of Acceptance) 樓價95%(樓價餘額)於接納書的日期後120日內 95% of the Purchase Price (the balance of the Purchase Price) shall be paid within 120 days after the date of the Letter of Acceptance. - 代繳印花稅優惠(見備註7(xxxv)) Stamp Duty Payment Benefit (See remark 7(xxxv)).,
2023-04-02,2023-04-12,,East Wing,7,A,,14798000,,90天現金優惠付款計劃 90-day Cash Payment Plan 臨時訂金即樓價 5%於投標書獲賣方接納當日(即接納書的日期)繳付 A preliminary deposit equivalent to 5% of the Purchase Price shall be paid upon the tender being accepted by the Vendor (i.e. the date of the Letter of Acceptance) 樓價95%(樓價餘額)於接納書的日期後90日內 95% of the Purchase Price (the balance of the Purchase Price) shall be paid within 90 days after the date of the Letter of Acceptance. - 代繳印花稅優惠(見備註7(xxxv)) Stamp Duty Payment Benefit (See remark 7(xxxv)).,
2023-04-03,2023-04-13,,East Wing,36,F,,10488000,,120天現金優惠付款計劃 120-day Cash Payment Plan 臨時訂金即樓價 5%於投標書獲賣方接納當日(即接納書的日期)繳付 A preliminary deposit equivalent to 5% of the Purchase Price shall be paid upon the tender being accepted by the Vendor (i.e. the date of the Letter of Acceptance) 樓價95%(樓價餘額)於接納書的日期後120日內 95% of the Purchase Price (the balance of the Purchase Price) shall be paid within 120 days after the date of the Letter of Acceptance. - 代繳印花稅優惠(見備註7(xxxv)) Stamp Duty Payment Benefit (See remark 7(xxxv)).,
2023-04-05,2023-04-14,,East Wing,33,D,,12012000,,90天現金優惠付款計劃 90-day Cash Payment Plan 臨時訂金即樓價 5%於投標書獲賣方接納當日(即接納書的日期)繳付 A preliminary deposit equivalent to 5% of the Purchase Price shall be paid upon the tender being accepted by the Vendor (i.e. the date of the Letter of Acceptance) 樓價95%(樓價餘額)於接納書的日期後90日內 95% of the Purchase Price (the balance of the Purchase Price) shall be paid within 90 days after the date of the Letter of Acceptance. - 代繳印花稅優惠(見備註7(xxxv)) Stamp Duty Payment Benefit (See remark 7(xxxv)).,
2023-04-05,2023-04-14,2023-11-01,East Wing,26,B,,10481000,,90天現金優惠付款計劃 90-day Cash Payment Plan 臨時訂金即樓價 5%於投標書獲賣方接納當日(即接納書的日期)繳付 A preliminary deposit equivalent to 5% of the Purchase Price shall be paid upon the tender being accepted by the Vendor (i.e. the date of the Letter of Acceptance) 樓價95%(樓價餘額)於接納書的日期後90日內 95% of the Purchase Price (the balance of the Purchase Price) shall be paid within 90 days after the date of the Letter of Acceptance. - 代繳印花稅優惠(見備註7(xxxv)) Stamp Duty Payment Benefit (See remark 7(xxxv)).,
2023-04-05,2023-04-14,,West Wing,28,B,,7894000,,90天現金優惠付款計劃 90-day Cash Payment Plan 臨時訂金即樓價 5%於投標書獲賣方接納當日(即接納書的日期)繳付 A preliminary deposit equivalent to 5% of the Purchase Price shall be paid upon the tender being accepted by the Vendor (i.e. the date of the Letter of Acceptance) 樓價95%(樓價餘額)於接納書的日期後90日內 95% of the Purchase Price (the balance of the Purchase Price) shall be paid within 90 days after the date of the Letter of Acceptance. - 代繳印花稅優惠(見備註7(xxxv)) Stamp Duty Payment Benefit (See remark 7(xxxv)).,
2023-04-09,2023-04-17,,East Wing,30,D,,12700000,,90天現金優惠付款計劃 90-day Cash Payment Plan 臨時訂金即樓價 5%於投標書獲賣方接納當日(即接納書的日期)繳付 A preliminary deposit equivalent to 5% of the Purchase Price shall be paid upon the tender being accepted by the Vendor (i.e. the date of the Letter of Acceptance) 樓價95%(樓價餘額)於接納書的日期後90日內 95% of the Purchase Price (the balance of the Purchase Price) shall be paid within 90 days after the date of the Letter of Acceptance. - 代繳印花稅優惠(見備註7(xxxv)) Stamp Duty Payment Benefit (See remark 7(xxxv)).,
2023-04-15,2023-04-21,,East Wing,33,B,,11527000,,180天現金優惠付款計劃 180-day Cash Payment Plan 臨時訂金即樓價 5%於投標書獲賣方接納當日(即接納書的日期)繳付 A preliminary deposit equivalent to 5% of the Purchase Price shall be paid upon the tender being accepted by the Vendor (i.e. the date of the Letter of Acceptance) 樓價95%(樓價餘額)於接納書的日期後180日內 95% of the Purchase Price (the balance of the Purchase Price) shall be paid within 180 days after the date of the Letter of Acceptance. - 代繳印花稅優惠(見備註7(xxxvi)) Stamp Duty Payment Benefit (See remark 7(xxxvi)).,
2023-04-18,2023-04-25,,West Wing,12,K,,8608000,,120天現金優惠付款計劃 120-day Cash Payment Plan 臨時訂金即樓價 5%於投標書獲賣方接納當日(即接納書的日期)繳付 A preliminary deposit equivalent to 5% of the Purchase Price shall be paid upon the tender being accepted by the Vendor (i.e. the date of the Letter of Acceptance) 樓價95%(樓價餘額)於接納書的日期後120日內 95% of the Purchase Price (the balance of the Purchase Price) shall be paid within 120 days after the date of the Letter of Acceptance. - 代繳印花稅優惠(見備註7(xxxv)) Stamp Duty Payment Benefit (See remark 7(xxxv)).,
2023-04-19,2023-04-26,,East Wing,7,F,,11775000,,價單3N號 Price list No. 3N (1) 置 Relax 90 天付款辦法 - 照售價 Super Relax 90 Days Payment Plan - the Price (2) 睿峰置尊折扣優惠見備註7(xvi) Wellness Discount Benefit see remark 7(xvi) (3) 印花稅津貼折扣優惠見備註7(xxxiv) “Stamp Duty Subsidy” Discount Benefit see remark 7(xxxiv),
2023-04-23,2023-04-28,,East Wing,6,B,,10615000,,90天現金優惠付款計劃 90-day Cash Payment Plan 臨時訂金即樓價 5%於投標書獲賣方接納當日(即接納書的日期)繳付 A preliminary deposit equivalent to 5% of the Purchase Price shall be paid upon the tender being accepted by the Vendor (i.e. the date of the Letter of Acceptance) 樓價95%(樓價餘額)於接納書的日期後90日內 95% of the Purchase Price (the balance of the Purchase Price) shall be paid within 90 days after the date of the Letter of Acceptance. - 代繳印花稅優惠(見備註7(xxxv)) Stamp Duty Payment Benefit (See remark 7(xxxv)).,
2023-04-23,2023-04-28,,East Wing,12,B,,10797000,,120天現金優惠付款計劃 120-day Cash Payment Plan 臨時訂金即樓價 5%於投標書獲賣方接納當日(即接納書的日期)繳付 A preliminary deposit equivalent to 5% of the Purchase Price shall be paid upon the tender being accepted by the Vendor (i.e. the date of the Letter of Acceptance) 樓價95%(樓價餘額)於接納書的日期後120日內 95% of the Purchase Price (the balance of the Purchase Price) shall be paid within 120 days after the date of the Letter of Acceptance. - 代繳印花稅優惠(見備註7(xxxv)) Stamp Duty Payment Benefit (See remark 7(xxxv)).,
2023-04-25,2023-05-03,,East Wing,10,F,,12286000,,120天現金優惠付款計劃 120-day Cash Payment Plan 臨時訂金即樓價 5%於投標書獲賣方接納當日(即接納書的日期)繳付 A preliminary deposit equivalent to 5% of the Purchase Price shall be paid upon the tender being accepted by the Vendor (i.e. the date of the Letter of Acceptance) 樓價95%(樓價餘額)於接納書的日期後120日內 95% of the Purchase Price (the balance of the Purchase Price) shall be paid within 120 days after the date of the Letter of Acceptance. - 代繳印花稅優惠(見備註7(xxxv)) Stamp Duty Payment Benefit (See remark 7(xxxv)).,
2023-04-27,2023-05-05,,West Wing,35,B,,8514000,,180天現金優惠付款計劃 180-day Cash Payment Plan 臨時訂金即樓價 5%於投標書獲賣方接納當日(即接納書的日期)繳付 A preliminary deposit equivalent to 5% of the Purchase Price shall be paid upon the tender being accepted by the Vendor (i.e. the date of the Letter of Acceptance) 樓價95%(樓價餘額)於接納書的日期後180日內 95% of the Purchase Price (the balance of the Purchase Price) shall be paid within 180 days after the date of the Letter of Acceptance. - 代繳印花稅優惠(見備註7(xxxv)) Stamp Duty Payment Benefit (See remark 7(xxxv)).,
2023-04-28,2023-05-08,,East Wing,36,D,,13128000,,120天現金優惠付款計劃 120-day Cash Payment Plan 臨時訂金即樓價 5%於投標書獲賣方接納當日(即接納書的日期)繳付 A preliminary deposit equivalent to 5% of the Purchase Price shall be paid upon the tender being accepted by the Vendor (i.e. the date of the Letter of Acceptance) 樓價95%(樓價餘額)於接納書的日期後120日內 95% of the Purchase Price (the balance of the Purchase Price) shall be paid within 120 days after the date of the Letter of Acceptance. - 代繳印花稅優惠(見備註7(xxxv)) Stamp Duty Payment Benefit (See remark 7(xxxv)).,
2023-05-14,2023-05-19,,West Wing,27,B,,8333000,,90天現金優惠付款計劃 90-day Cash Payment Plan 臨時訂金即樓價 5%於投標書獲賣方接納當日(即接納書的日期)繳付 A preliminary deposit equivalent to 5% of the Purchase Price shall be paid upon the tender being accepted by the Vendor (i.e. the date of the Letter of Acceptance) 樓價95%(樓價餘額)於接納書的日期後90日內 95% of the Purchase Price (the balance of the Purchase Price) shall be paid within 90 days after the date of the Letter of Acceptance. - 代繳印花稅優惠(見備註7(xxxv)) Stamp Duty Payment Benefit (See remark 7(xxxv)).,
2023-05-14,,,East Wing,23,D,,12469000,,90天現金優惠付款計劃 90-day Cash Payment Plan 臨時訂金即樓價 5%於投標書獲賣方接納當日(即接納書的日期)繳付 A preliminary deposit equivalent to 5% of the Purchase Price shall be paid upon the tender being accepted by the Vendor (i.e. the date of the Letter of Acceptance) 樓價95%(樓價餘額)於接納書的日期後90日內 95% of the Purchase Price (the balance of the Purchase Price) shall be paid within 90 days after the date of the Letter of Acceptance. - 代繳印花稅優惠(見備註7(xxxv)) Stamp Duty Payment Benefit (See remark 7(xxxv)).,
2023-05-22,2023-05-30,,West Wing,32,C,,8738000,,120 天現金優惠付款計劃 120-day Cash Payment Plan 臨時訂金即樓價 5%於投標書獲賣方接納當日(即接納書的日期)繳付 A preliminary deposit equivalent to 5% of the Purchase Price shall be paid upon the tender being accepted by the Vendor (i.e. the date of the Letter of Acceptance) 樓價95%(樓價餘額)於接納書的日期後90日內 95% of the Purchase Price (the balance of the Purchase Price) shall be paid within 90 days after the date of the Letter of Acceptance. - 代繳印花稅優惠(見備註7(xxxv)) Stamp Duty Payment Benefit (See remark 7(xxxv)).,
2023-05-26,2023-06-02,,East Wing,23,C,,12409000,,90天現金優惠付款計劃 90-day Cash Payment Plan 臨時訂金即樓價 5%於投標書獲賣方接納當日(即接納書的日期)繳付 A preliminary deposit equivalent to 5% of the Purchase Price shall be paid upon the tender being accepted by the Vendor (i.e. the date of the Letter of Acceptance) 樓價95%(樓價餘額)於接納書的日期後90日內 95% of the Purchase Price (the balance of the Purchase Price) shall be paid within 90 days after the date of the Letter of Acceptance. - 代繳印花稅優惠(見備註7(xxxv)) Stamp Duty Payment Benefit (See remark 7(xxxv)).,
2023-05-26,2023-06-02,2023-11-24,West Wing,26,B,,8640000,,90天現金優惠付款計劃 90-day Cash Payment Plan 臨時訂金即樓價 5%於投標書獲賣方接納當日(即接納書的日期)繳付 A preliminary deposit equivalent to 5% of the Purchase Price shall be paid upon the tender being accepted by the Vendor (i.e. the date of the Letter of Acceptance) 樓價95%(樓價餘額)於接納書的日期後90日內 95% of the Purchase Price (the balance of the Purchase Price) shall be paid within 90 days after the date of the Letter of Acceptance. - 代繳印花稅優惠(見備註7(xxxv)) Stamp Duty Payment Benefit (See remark 7(xxxv)).,
2023-06-02,2023-06-09,,West Wing,33,F,,12261000,,90天現金優惠付款計劃 90-day Cash Payment Plan 臨時訂金即樓價 5%於投標書獲賣方接納當日(即接納書的日期)繳付 A preliminary deposit equivalent to 5% of the Purchase Price shall be paid upon the tender being accepted by the Vendor (i.e. the date of the Letter of Acceptance) 樓價95%(樓價餘額)於接納書的日期後90日內 95% of the Purchase Price (the balance of the Purchase Price) shall be paid within 90 days after the date of the Letter of Acceptance. - 代繳印花稅優惠(見備註7(xxxv)) Stamp Duty Payment Benefit (See remark 7(xxxv)).,
2023-06-07,2023-06-14,,East Wing,7,E,,12687000,,90天現金優惠付款計劃 90-day Cash Payment Plan 臨時訂金即樓價 5%於投標書獲賣方接納當日(即接納書的日期)繳付 A preliminary deposit equivalent to 5% of the Purchase Price shall be paid upon the tender being accepted by the Vendor (i.e. the date of the Letter of Acceptance) 樓價95%(樓價餘額)於接納書的日期後90日內 95% of the Purchase Price (the balance of the Purchase Price) shall be paid within 90 days after the date of the Letter of Acceptance. - 代繳印花稅優惠(見備註7(xxxv)) Stamp Duty Payment Benefit (See remark 7(xxxv)).,
2023-06-16,2023-06-26,,East Wing,28,B,,12229000,,45天現金優惠付款計劃 45-day Cash Payment Plan 臨時訂金即樓價 5%於投標書獲賣方接納當日(即接納書的日期)繳付 A preliminary deposit equivalent to 5% of the Purchase Price shall be paid upon the tender being accepted by the Vendor (i.e. the date of the Letter of Acceptance) 樓價95%(樓價餘額)於接納書的日期後45日內 95% of the Purchase Price (the balance of the Purchase Price) shall be paid within 45 days after the date of the Letter of Acceptance. - 代繳印花稅優惠(見備註7(xxxv)) Stamp Duty Payment Benefit (See remark 7(xxxv)).,
2023-06-18,2023-06-26,,East Wing,6,A,,16362000,,90天現金優惠付款計劃 90-day Cash Payment Plan 臨時訂金即樓價 5%於投標書獲賣方接納當日(即接納書的日期)繳付 A preliminary deposit equivalent to 5% of the Purchase Price shall be paid upon the tender being accepted by the Vendor (i.e. the date of the Letter of Acceptance) 樓價95%(樓價餘額)於接納書的日期後90日內 95% of the Purchase Price (the balance of the Purchase Price) shall be paid within 90 days after the date of the Letter of Acceptance. - 代繳印花稅優惠(見備註7(xxxv)) Stamp Duty Payment Benefit (See remark 7(xxxv)).,
2023-06-23,2023-06-30,,West Wing,23,B,,8406000,,價單5J號 Price list No. 5J (1) 置 Relax 90 天付款辦法 - 照售價 Super Relax 90 Days Payment Plan - the Price (2) 睿峰置尊折扣優惠見備註7(xvi) Wellness Discount Benefit see remark 7(xvi) (3) 印花稅津貼折扣優惠見備註7(xxxiv) “Stamp Duty Subsidy” Discount Benefit see remark 7(xxxiv),
2023-06-23,2023-06-30,,East Wing,35,B,,12229000,,90天現金優惠付款計劃 90-day Cash Payment Plan 臨時訂金即樓價 5%於投標書獲賣方接納當日(即接納書的日期)繳付 A preliminary deposit equivalent to 5% of the Purchase Price shall be paid upon the tender being accepted by the Vendor (i.e. the date of the Letter of Acceptance) 樓價95%(樓價餘額)於接納書的日期後90日內 95% of the Purchase Price (the balance of the Purchase Price) shall be paid within 90 days after the date of the Letter of Acceptance. - 代繳印花稅優惠(見備註7(xxxv)) Stamp Duty Payment Benefit (See remark 7(xxxv)).,
2023-06-27,2023-07-04,2024-03-14,West Wing,18,C,,8564000,,90天現金優惠付款計劃 90-day Cash Payment Plan 臨時訂金即樓價 5%於投標書獲賣方接納當日(即接納書的日期)繳付 A preliminary deposit equivalent to 5% of the Purchase Price shall be paid upon the tender being accepted by the Vendor (i.e. the date of the Letter of Acceptance) 樓價95%(樓價餘額)於接納書的日期後90日內 95% of the Purchase Price (the balance of the Purchase Price) shall be paid within 90 days after the date of the Letter of Acceptance. - 代繳印花稅優惠(見備註7(xxxv)) Stamp Duty Payment Benefit (See remark 7(xxxv)).,
2023-07-26,2023-08-02,,West Wing,32,G,,12590000,,90天現金優惠付款計劃 90-day Cash Payment Plan 臨時訂金即樓價 5%於投標書獲賣方接納當日(即接納書的日期)繳付 A preliminary deposit equivalent to 5% of the Purchase Price shall be paid upon the tender being accepted by the Vendor (i.e. the date of the Letter of Acceptance) 樓價95%(樓價餘額)於接納書的日期後90日內 95% of the Purchase Price (the balance of the Purchase Price) shall be paid within 90 days after the date of the Letter of Acceptance. - 代繳印花稅優惠(見備註7(xxxv)) Stamp Duty Payment Benefit (See remark 7(xxxv)).,
2023-07-27,2023-08-03,,West Wing,17,H,,11492000,,180天現金優惠付款計劃 180-day Cash Payment Plan 臨時訂金即樓價 5%於投標書獲賣方接納當日(即接納書的日期)繳付 A preliminary deposit equivalent to 5% of the Purchase Price shall be paid upon the tender being accepted by the Vendor (i.e. the date of the Letter of Acceptance) 樓價95%(樓價餘額)於接納書的日期後180日內 95% of the Purchase Price (the balance of the Purchase Price) shall be paid within 180 days after the date of the Letter of Acceptance. - 代繳印花稅優惠(見備註7(xxxv)) Stamp Duty Payment Benefit (See remark 7(xxxv)).,
2023-08-12,2023-08-18,,East Wing,16,E,,13741000,,120天現金優惠付款計劃 120-day Cash Payment Plan 臨時訂金即樓價 5%於投標書獲賣方接納當日(即接納書的日期)繳付 A preliminary deposit equivalent to 5% of the Purchase Price shall be paid upon the tender being accepted by the Vendor (i.e. the date of the Letter of Acceptance) 樓價95%(樓價餘額)於接納書的日期後120日內 95% of the Purchase Price (the balance of the Purchase Price) shall be paid within 120 days after the date of the Letter of Acceptance. - 代繳印花稅優惠(見備註7(xxxv)) Stamp Duty Payment Benefit (See remark 7(xxxv)).,
2023-08-20,2023-08-25,,East Wing,32,B,,12974000,,180天現金優惠付款計劃 180-day Cash Payment Plan 臨時訂金即樓價 5%於投標書獲賣方接納當日(即接納書的日期)繳付 A preliminary deposit equivalent to 5% of the Purchase Price shall be paid upon the tender being accepted by the Vendor (i.e. the date of the Letter of Acceptance) 樓價95%(樓價餘額)於接納書的日期後180日內 95% of the Purchase Price (the balance of the Purchase Price) shall be paid within 180 days after the date of the Letter of Acceptance. - 代繳印花稅優惠(見備註7(xxxv)) Stamp Duty Payment Benefit (See remark 7(xxxv)).,
2023-08-25,2023-09-04,,East Wing,15,E,,13699000,,180天現金優惠付款計劃 180-day Cash Payment Plan 臨時訂金即樓價 5%於投標書獲賣方接納當日(即接納書的日期)繳付 A preliminary deposit equivalent to 5% of the Purchase Price shall be paid upon the tender being accepted by the Vendor (i.e. the date of the Letter of Acceptance) 樓價95%(樓價餘額)於接納書的日期後180日內 95% of the Purchase Price (the balance of the Purchase Price) shall be paid within 180 days after the date of the Letter of Acceptance. - 代繳印花稅優惠(見備註7(xxxv)) Stamp Duty Payment Benefit (See remark 7(xxxv)).,
2023-08-31,2023-09-11,,East Wing,30,E,,15299000,,180天現金優惠付款計劃 180-day Cash Payment Plan 臨時訂金即樓價 5%於投標書獲賣方接納當日(即接納書的日期)繳付 A preliminary deposit equivalent to 5% of the Purchase Price shall be paid upon the tender being accepted by the Vendor (i.e. the date of the Letter of Acceptance) 樓價95%(樓價餘額)於接納書的日期後180日內 95% of the Purchase Price (the balance of the Purchase Price) shall be paid within 180 days after the date of the Letter of Acceptance. - 代繳印花稅優惠(見備註7(xxxv)) Stamp Duty Payment Benefit (See remark 7(xxxv)).,
2023-08-31,2023-09-07,,West Wing,23,A,,12616000,,價單5L號 Price list No. 5L 置 Relax 90 天付款辦法 - 照售價 加 3%,
2023-09-04,2023-09-11,,West Wing,30,B,,9656000,,120天現金優惠付款計劃 120-day Cash Payment Plan 臨時訂金即樓價 5%於投標書獲賣方接納當日(即接納書的日期)繳付 A preliminary deposit equivalent to 5% of the Purchase Price shall be paid upon the tender being accepted by the Vendor (i.e. the date of the Letter of Acceptance) 樓價95%(樓價餘額)於接納書的日期後120日內 95% of the Purchase Price (the balance of the Purchase Price) shall be paid within 120 days after the date of the Letter of Acceptance. - 代繳印花稅優惠(見備註7(xxxv)) Stamp Duty Payment Benefit (See remark 7(xxxv)).,
2023-09-13,2023-09-20,,West Wing,9,F,,10738000,,120天現金優惠付款計劃 120-day Cash Payment Plan 臨時訂金即樓價 5%於投標書獲賣方接納當日(即接納書的日期)繳付 A preliminary deposit equivalent to 5% of the Purchase Price shall be paid upon the tender being accepted by the Vendor (i.e. the date of the Letter of Acceptance) 樓價95%(樓價餘額)於接納書的日期後120日內 95% of the Purchase Price (the balance of the Purchase Price) shall be paid within 120 days after the date of the Letter of Acceptance. - 代繳印花稅優惠(見備註7(xxxv)) Stamp Duty Payment Benefit (See remark 7(xxxv)).,
2023-09-17,2023-09-22,,East Wing,32,D,,15109000,,90天現金優惠付款計劃 90-day Cash Payment Plan 臨時訂金即樓價 5%於投標書獲賣方接納當日(即接納書的日期)繳付 A preliminary deposit equivalent to 5% of the Purchase Price shall be paid upon the tender being accepted by the Vendor (i.e. the date of the Letter of Acceptance) 樓價95%(樓價餘額)於接納書的日期後90日內 95% of the Purchase Price (the balance of the Purchase Price) shall be paid within 90 days after the date of the Letter of Acceptance. - 代繳印花稅優惠(見備註7(xxxv)) Stamp Duty Payment Benefit (See remark 7(xxxv)).,
2023-09-18,2023-09-25,,East Wing,29,D,,14250000,,90天現金優惠付款計劃 90-day Cash Payment Plan 臨時訂金即樓價 5%於投標書獲賣方接納當日(即接納書的日期)繳付 A preliminary deposit equivalent to 5% of the Purchase Price shall be paid upon the tender being accepted by the Vendor (i.e. the date of the Letter of Acceptance) 樓價95%(樓價餘額)於接納書的日期後90日內 95% of the Purchase Price (the balance of the Purchase Price) shall be paid within 90 days after the date of the Letter of Acceptance. - 代繳印花稅優惠(見備註7(xxxv)) Stamp Duty Payment Benefit (See remark 7(xxxv)).,
2023-09-20,2023-09-27,,East Wing,33,E,,16222000,,120天現金優惠付款計劃 120-day Cash Payment Plan 臨時訂金即樓價 5%於投標書獲賣方接納當日(即接納書的日期)繳付 A preliminary deposit equivalent to 5% of the Purchase Price shall be paid upon the tender being accepted by the Vendor (i.e. the date of the Letter of Acceptance) 樓價95%(樓價餘額)於接納書的日期後120日內 95% of the Purchase Price (the balance of the Purchase Price) shall be paid within 120 days after the date of the Letter of Acceptance. - 代繳印花稅優惠(見備註7(xxxv)) Stamp Duty Payment Benefit (See remark 7(xxxv)).,
2023-09-21,2023-09-28,,East Wing,18,D,,14525000,,90天現金優惠付款計劃 90-day Cash Payment Plan 臨時訂金即樓價 5%於投標書獲賣方接納當日(即接納書的日期)繳付 A preliminary deposit equivalent to 5% of the Purchase Price shall be paid upon the tender being accepted by the Vendor (i.e. the date of the Letter of Acceptance) 樓價95%(樓價餘額)於接納書的日期後90日內 95% of the Purchase Price (the balance of the Purchase Price) shall be paid within 90 days after the date of the Letter of Acceptance. - 代繳印花稅優惠(見備註7(xxxv)) Stamp Duty Payment Benefit (See remark 7(xxxv)).,
2023-09-23,2023-09-29,,East Wing,31,B,,12974000,,100天現金優惠付款計劃 100-day Cash Payment Plan 臨時訂金即樓價 5%於投標書獲賣方接納當日(即接納書的日期)繳付 A preliminary deposit equivalent to 5% of the Purchase Price shall be paid upon the tender being accepted by the Vendor (i.e. the date of the Letter of Acceptance) 樓價95%(樓價餘額)於接納書的日期後100日內 95% of the Purchase Price (the balance of the Purchase Price) shall be paid within 100 days after the date of the Letter of Acceptance.,
2023-09-23,2023-09-29,,West Wing,35,C,,10020000,,90天現金優惠付款計劃 90-day Cash Payment Plan 臨時訂金即樓價 5%於投標書獲賣方接納當日(即接納書的日期)繳付 A preliminary deposit equivalent to 5% of the Purchase Price shall be paid upon the tender being accepted by the Vendor (i.e. the date of the Letter of Acceptance) 樓價95%(樓價餘額)於接納書的日期後90日內 95% of the Purchase Price (the balance of the Purchase Price) shall be paid within 90 days after the date of the Letter of Acceptance.,
2023-09-25,2023-10-03,,West Wing,31,C,,9902000,,90天現金優惠付款計劃 90-day Cash Payment Plan 臨時訂金即樓價 5%於投標書獲賣方接納當日(即接納書的日期)繳付 A preliminary deposit equivalent to 5% of the Purchase Price shall be paid upon the tender being accepted by the Vendor (i.e. the date of the Letter of Acceptance) 樓價95%(樓價餘額)於接納書的日期後90日內 95% of the Purchase Price (the balance of the Purchase Price) shall be paid within 90 days after the date of the Letter of Acceptance. - 代繳印花稅優惠(見備註7(xxxv)) Stamp Duty Payment Benefit (See remark 7(xxxv)).,
2023-09-25,2023-10-03,,East Wing,35,E,,16271000,,90天現金優惠付款計劃 90-day Cash Payment Plan 臨時訂金即樓價 5%於投標書獲賣方接納當日(即接納書的日期)繳付 A preliminary deposit equivalent to 5% of the Purchase Price shall be paid upon the tender being accepted by the Vendor (i.e. the date of the Letter of Acceptance) 樓價95%(樓價餘額)於接納書的日期後90日內 95% of the Purchase Price (the balance of the Purchase Price) shall be paid within 90 days after the date of the Letter of Acceptance. - 代繳印花稅優惠(見備註7(xxxv)) Stamp Duty Payment Benefit (See remark 7(xxxv)).,
2023-09-29,2023-10-09,,East Wing,30,B,,12974000,,180天現金優惠付款計劃 180-day Cash Payment Plan 臨時訂金即樓價 5%於投標書獲賣方接納當日(即接納書的日期)繳付 A preliminary deposit equivalent to 5% of the Purchase Price shall be paid upon the tender being accepted by the Vendor (i.e. the date of the Letter of Acceptance) 樓價95%(樓價餘額)於接納書的日期後180日內 95% of the Purchase Price (the balance of the Purchase Price) shall be paid within 180 days after the date of the Letter of Acceptance. - 代繳印花稅優惠(見備註7(xxxv)) Stamp Duty Payment Benefit (See remark 7(xxxv)).,
2023-10-07,2023-10-13,,West Wing,19,H,,12760000,,90天現金優惠付款計劃 90-day Cash Payment Plan 臨時訂金即樓價 5%於投標書獲賣方接納當日(即接納書的日期)繳付 A preliminary deposit equivalent to 5% of the Purchase Price shall be paid upon the tender being accepted by the Vendor (i.e. the date of the Letter of Acceptance) 樓價95%(樓價餘額)於接納書的日期後90日內 95% of the Purchase Price (the balance of the Purchase Price) shall be paid within 90 days after the date of the Letter of Acceptance.,
2023-10-08,2023-10-13,,East Wing,28,D,,14927000,,120天現金優惠付款計劃 120-day Cash Payment Plan 臨時訂金即樓價 5%於投標書獲賣方接納當日(即接納書的日期)繳付 A preliminary deposit equivalent to 5% of the Purchase Price shall be paid upon the tender being accepted by the Vendor (i.e. the date of the Letter of Acceptance) 樓價95%(樓價餘額)於接納書的日期後120日內 95% of the Purchase Price (the balance of the Purchase Price) shall be paid within 120 days after the date of the Letter of Acceptance. - 代繳印花稅優惠(見備註7(xxxv)) Stamp Duty Payment Benefit (See remark 7(xxxv)).,
2023-10-15,2023-10-20,,East Wing,36,C,,15300000,,180天現金優惠付款計劃 180-day Cash Payment Plan 臨時訂金即樓價 5%於投標書獲賣方接納當日(即接納書的日期)繳付 A preliminary deposit equivalent to 5% of the Purchase Price shall be paid upon the tender being accepted by the Vendor (i.e. the date of the Letter of Acceptance) 樓價95%(樓價餘額)於接納書的日期後180日內 95% of the Purchase Price (the balance of the Purchase Price) shall be paid within 180 days after the date of the Letter of Acceptance. - 代繳印花稅優惠(見備註7(xxxv)) Stamp Duty Payment Benefit (See remark 7(xxxv)).,
2023-10-16,2023-10-24,,East Wing,35,C,,14981000,,120天現金優惠付款計劃 120-day Cash Payment Plan 臨時訂金即樓價 5%於投標書獲賣方接納當日(即接納書的日期)繳付 A preliminary deposit equivalent to 5% of the Purchase Price shall be paid upon the tender being accepted by the Vendor (i.e. the date of the Letter of Acceptance) 樓價95%(樓價餘額)於接納書的日期後120日內 95% of the Purchase Price (the balance of the Purchase Price) shall be paid within 120 days after the date of the Letter of Acceptance. - 代繳印花稅優惠(見備註7(xxxv)) Stamp Duty Payment Benefit (See remark 7(xxxv)).,
2023-10-17,2023-10-25,,East Wing,20,D,,15000000,,180天現金優惠付款計劃 180-day Cash Payment Plan 臨時訂金即樓價 5%於投標書獲賣方接納當日(即接納書的日期)繳付 A preliminary deposit equivalent to 5% of the Purchase Price shall be paid upon the tender being accepted by the Vendor (i.e. the date of the Letter of Acceptance) 樓價95%(樓價餘額)於接納書的日期後180日內 95% of the Purchase Price (the balance of the Purchase Price) shall be paid within 180 days after the date of the Letter of Acceptance. - 代繳印花稅優惠(見備註7(xxxv)) Stamp Duty Payment Benefit (See remark 7(xxxv)).,
2023-10-17,2023-10-25,,West Wing,25,B,,10392000,,90天現金優惠付款計劃 90-day Cash Payment Plan 臨時訂金即樓價 5%於投標書獲賣方接納當日(即接納書的日期)繳付 A preliminary deposit equivalent to 5% of the Purchase Price shall be paid upon the tender being accepted by the Vendor (i.e. the date of the Letter of Acceptance) 樓價95%(樓價餘額)於接納書的日期後90日內 95% of the Purchase Price (the balance of the Purchase Price) shall be paid within 90 days after the date of the Letter of Acceptance. - 代繳印花稅優惠(見備註7(xxxv)) Stamp Duty Payment Benefit (See remark 7(xxxv)).,
2023-10-18,2023-10-26,,East Wing,19,D,,15007000,,120天現金優惠付款計劃 120-day Cash Payment Plan 臨時訂金即樓價 5%於投標書獲賣方接納當日(即接納書的日期)繳付 A preliminary deposit equivalent to 5% of the Purchase Price shall be paid upon the tender being accepted by the Vendor (i.e. the date of the Letter of Acceptance) 樓價95%(樓價餘額)於接納書的日期後120日內 95% of the Purchase Price (the balance of the Purchase Price) shall be paid within 120 days after the date of the Letter of Acceptance. - 代繳印花稅優惠(見備註7(xxxv)) Stamp Duty Payment Benefit (See remark 7(xxxv)).,
2023-10-20,2023-10-30,,West Wing,33,A,,14379000,,60天現金優惠付款計劃 60-day Cash Payment Plan 臨時訂金即樓價 5%於投標書獲賣方接納當日(即接納書的日期)繳付 A preliminary deposit equivalent to 5% of the Purchase Price shall be paid upon the tender being accepted by the Vendor (i.e. the date of the Letter of Acceptance) 樓價95%(樓價餘額)於接納書的日期後60日內 95% of the Purchase Price (the balance of the Purchase Price) shall be paid within 60 days after the date of the Letter of Acceptance. - 代繳印花稅優惠(見備註7(xxxv)) Stamp Duty Payment Benefit (See remark 7(xxxv)).,
2023-10-21,2023-10-30,,West Wing,32,A,,14338000,,180天現金優惠付款計劃 180-day Cash Payment Plan 臨時訂金即樓價 5%於投標書獲賣方接納當日(即接納書的日期)繳付 A preliminary deposit equivalent to 5% of the Purchase Price shall be paid upon the tender being accepted by the Vendor (i.e. the date of the Letter of Acceptance) 樓價95%(樓價餘額)於接納書的日期後180日內 95% of the Purchase Price (the balance of the Purchase Price) shall be paid within 180 days after the date of the Letter of Acceptance. - 代繳印花稅優惠(見備註7(xxxv)) Stamp Duty Payment Benefit (See remark 7(xxxv)).,
2023-10-22,2023-10-30,,East Wing,29,B,,14463000,,90天現金優惠付款計劃 90-day Cash Payment Plan 臨時訂金即樓價 5%於投標書獲賣方接納當日(即接納書的日期)繳付 A preliminary deposit equivalent to 5% of the Purchase Price shall be paid upon the tender being accepted by the Vendor (i.e. the date of the Letter of Acceptance) 樓價95%(樓價餘額)於接納書的日期後90日內 95% of the Purchase Price (the balance of the Purchase Price) shall be paid within 90 days after the date of the Letter of Acceptance. - 代繳印花稅優惠(見備註7(xxxv)) Stamp Duty Payment Benefit (See remark 7(xxxv)).,
2023-10-24,2023-10-31,,West Wing,25,A,,14039000,,90天現金優惠付款計劃 90-day Cash Payment Plan 臨時訂金即樓價 5%於投標書獲賣方接納當日(即接納書的日期)繳付 A preliminary deposit equivalent to 5% of the Purchase Price shall be paid upon the tender being accepted by the Vendor (i.e. the date of the Letter of Acceptance) 樓價95%(樓價餘額)於接納書的日期後90日內 95% of the Purchase Price (the balance of the Purchase Price) shall be paid within 90 days after the date of the Letter of Acceptance.,
2023-10-24,2023-10-31,,West Wing,21,F,,13691000,,60天現金優惠付款計劃 60-day Cash Payment Plan 臨時訂金即樓價 5%於投標書獲賣方接納當日(即接納書的日期)繳付 A preliminary deposit equivalent to 5% of the Purchase Price shall be paid upon the tender being accepted by the Vendor (i.e. the date of the Letter of Acceptance) 樓價95%(樓價餘額)於接納書的日期後60日內 95% of the Purchase Price (the balance of the Purchase Price) shall be paid within 60 days after the date of the Letter of Acceptance. - 代繳印花稅優惠(見備註7(xxxv)) Stamp Duty Payment Benefit (See remark 7(xxxv)).,
2023-10-26,2023-11-02,,East Wing,5,A,,23974000,,240天現金優惠付款計劃 240-day Cash Payment Plan 臨時訂金即樓價 5%於投標書獲賣方接納當日(即接納書的日期)繳付 A preliminary deposit equivalent to 5% of the Purchase Price shall be paid upon the tender being accepted by the Vendor (i.e. the date of the Letter of Acceptance) 加付訂金即樓價 5% 於接納書的日期後 60 日內繳付 A further deposit equivalent to 5% of the Purchase Price shall be paid within 60 days after the date of Letter of Acceptance. 加付訂金即樓價 5% 於接納書的日期後 120 日內繳付 A further deposit equivalent to 5% of the Purchase Price shall be paid within 120 days after the date of Letter of Acceptance. 加付訂金即樓價 5% 於接納書的日期後 180 日內繳付 A further deposit equivalent to 5% of the Purchase Price shall be paid within 180 days after the date of Letter of Acceptance. 樓價80%(樓價餘額)於接納書的日期後240日內 80% of the Purchase Price (the balance of the Purchase Price) shall be paid within 240 days after the date of the Letter of Acceptance.,
2023-10-28,2023-11-03,,East Wing,27,D,,15789000,,210天現金優惠付款計劃 210-day Cash Payment Plan 臨時訂金即樓價 5%於投標書獲賣方接納當日(即接納書的日期)繳付 A preliminary deposit equivalent to 5% of the Purchase Price shall be paid upon the tender being accepted by the Vendor (i.e. the date of the Letter of Acceptance) 加付訂金即樓價 5% 於接納書的日期後 60 日內繳付 A further deposit equivalent to 5% of the Purchase Price shall be paid within 60 days after the date of Letter of Acceptance. 加付訂金即樓價 5% 於接納書的日期後 120 日內繳付 A further deposit equivalent to 5% of the Purchase Price shall be paid within 120 days after the date of Letter of Acceptance. 加付訂金即樓價 5% 於接納書的日期後 180 日內繳付 A further deposit equivalent to 5% of the Purchase Price shall be paid within 180 days after the date of Letter of Acceptance. 樓價80%(樓價餘額)於接納書的日期後210日內 80% of the Purchase Price (the balance of the Purchase Price) shall be paid within 210 days after the date of the Letter of Acceptance. - 代繳印花稅優惠(見備註7(xxxv)) Stamp Duty Payment Benefit (See remark 7(xxxv)).,
2023-10-28,2023-11-03,,West Wing,19,G,,13729000,,90天現金優惠付款計劃 90-day Cash Payment Plan 臨時訂金即樓價 5%於投標書獲賣方接納當日(即接納書的日期)繳付 A preliminary deposit equivalent to 5% of the Purchase Price shall be paid upon the tender being accepted by the Vendor (i.e. the date of the Letter of Acceptance) 樓價95%(樓價餘額)於接納書的日期後90日內 95% of the Purchase Price (the balance of the Purchase Price) shall be paid within 90 days after the date of the Letter of Acceptance.,
2023-10-29,2023-11-03,,West Wing,29,B,,10520000,,150天現金優惠付款計劃 150-day Cash Payment Plan 臨時訂金即樓價 5%於投標書獲賣方接納當日(即接納書的日期)繳付 A preliminary deposit equivalent to 5% of the Purchase Price shall be paid upon the tender being accepted by the Vendor (i.e. the date of the Letter of Acceptance) 樓價95%(樓價餘額)於接納書的日期後150日內 95% of the Purchase Price (the balance of the Purchase Price) shall be paid within 150 days after the date of the Letter of Acceptance. - 代繳印花稅優惠(見備註7(xxxv)) Stamp Duty Payment Benefit (See remark 7(xxxv)).,
2023-10-30,2023-11-06,,West Wing,31,B,,10584000,,150天現金優惠付款計劃 150-day Cash Payment Plan 臨時訂金即樓價 5%於投標書獲賣方接納當日(即接納書的日期)繳付 A preliminary deposit equivalent to 5% of the Purchase Price shall be paid upon the tender being accepted by the Vendor (i.e. the date of the Letter of Acceptance) 樓價95%(樓價餘額)於接納書的日期後150日內 95% of the Purchase Price (the balance of the Purchase Price) shall be paid within 150 days after the date of the Letter of Acceptance. - 代繳印花稅優惠(見備註7(xxxv)) Stamp Duty Payment Benefit (See remark 7(xxxv)).,
2023-10-31,2023-11-07,,East Wing,10,E,,15137000,,150天現金優惠付款計劃 150-day Cash Payment Plan 臨時訂金即樓價 5%於投標書獲賣方接納當日(即接納書的日期)繳付 A preliminary deposit equivalent to 5% of the Purchase Price shall be paid upon the tender being accepted by the Vendor (i.e. the date of the Letter of Acceptance) 樓價95%(樓價餘額)於接納書的日期後150日內 95% of the Purchase Price (the balance of the Purchase Price) shall be paid within 150 days after the date of the Letter of Acceptance. - 代繳印花稅優惠(見備註7(xxxv)) Stamp Duty Payment Benefit (See remark 7(xxxv)).,
2023-11-02,2023-11-09,,East Wing,26,D,,15693000,,180天現金優惠付款計劃 180-day Cash Payment Plan 臨時訂金即樓價 5%於投標書獲賣方接納當日(即接納書的日期)繳付 A preliminary deposit equivalent to 5% of the Purchase Price shall be paid upon the tender being accepted by the Vendor (i.e. the date of the Letter of Acceptance) 樓價95%(樓價餘額)於接納書的日期後180日內 95% of the Purchase Price (the balance of the Purchase Price) shall be paid within 180 days after the date of the Letter of Acceptance. - 代繳印花稅優惠(見備註7(xxxv)) Stamp Duty Payment Benefit (See remark 7(xxxv)).,
2023-11-05,2023-11-10,,East Wing,26,B,,14463000,,90天現金優惠付款計劃 90-day Cash Payment Plan 臨時訂金即樓價 5%於投標書獲賣方接納當日(即接納書的日期)繳付 A preliminary deposit equivalent to 5% of the Purchase Price shall be paid upon the tender being accepted by the Vendor (i.e. the date of the Letter of Acceptance) 樓價95%(樓價餘額)於接納書的日期後90日內 95% of the Purchase Price (the balance of the Purchase Price) shall be paid within 90 days after the date of the Letter of Acceptance. - 代繳印花稅優惠(見備註7(xxxvii)) Stamp Duty Payment Benefit (See remark 7(xxxvii)).,
2023-11-05,2023-11-10,,East Wing,21,D,,15549000,,90天現金優惠付款計劃 90-day Cash Payment Plan 臨時訂金即樓價 5%於投標書獲賣方接納當日(即接納書的日期)繳付 A preliminary deposit equivalent to 5% of the Purchase Price shall be paid upon the tender being accepted by the Vendor (i.e. the date of the Letter of Acceptance) 樓價95%(樓價餘額)於接納書的日期後90日內 95% of the Purchase Price (the balance of the Purchase Price) shall be paid within 90 days after the date of the Letter of Acceptance. - 代繳印花稅優惠(見備註7(xxxv)) Stamp Duty Payment Benefit (See remark 7(xxxv)).,
2023-11-07,2023-11-14,,East Wing,22,D,,16532000,,90天現金優惠付款計劃 90-day Cash Payment Plan 臨時訂金即樓價 5%於投標書獲賣方接納當日(即接納書的日期)繳付 A preliminary deposit equivalent to 5% of the Purchase Price shall be paid upon the tender being accepted by the Vendor (i.e. the date of the Letter of Acceptance) 樓價95%(樓價餘額)於接納書的日期後90日內 95% of the Purchase Price (the balance of the Purchase Price) shall be paid within 90 days after the date of the Letter of Acceptance.,
2023-11-07,2023-11-14,,East Wing,31,E,,17110000,,180天現金優惠付款計劃 180-day Cash Payment Plan 臨時訂金即樓價 5%於投標書獲賣方接納當日(即接納書的日期)繳付 A preliminary deposit equivalent to 5% of the Purchase Price shall be paid upon the tender being accepted by the Vendor (i.e. the date of the Letter of Acceptance) 樓價95%(樓價餘額)於接納書的日期後180日內 95% of the Purchase Price (the balance of the Purchase Price) shall be paid within 180 days after the date of the Letter of Acceptance. - 代繳印花稅優惠(見備註7(xxxv)) Stamp Duty Payment Benefit (See remark 7(xxxv)).,
2023-11-08,2023-11-15,,West Wing,19,C,,10161000,,210天現金優惠付款計劃 210-day Cash Payment Plan 臨時訂金即樓價 5%於投標書獲賣方接納當日(即接納書的日期)繳付 A preliminary deposit equivalent to 5% of the Purchase Price shall be paid upon the tender being accepted by the Vendor (i.e. the date of the Letter of Acceptance) 樓價95%(樓價餘額)於接納書的日期後210日內 95% of the Purchase Price (the balance of the Purchase Price) shall be paid within 210 days after the date of the Letter of Acceptance. - 代繳印花稅優惠(見備註7(xxxv)) Stamp Duty Payment Benefit (See remark 7(xxxv)).,
2023-11-14,2023-11-21,,East Wing,23,D,,15644000,,180天現金優惠付款計劃 180-day Cash Payment Plan 臨時訂金即樓價 5%於投標書獲賣方接納當日(即接納書的日期)繳付 A preliminary deposit equivalent to 5% of the Purchase Price shall be paid upon the tender being accepted by the Vendor (i.e. the date of the Letter of Acceptance) 樓價95%(樓價餘額)於接納書的日期後180日內 95% of the Purchase Price (the balance of the Purchase Price) shall be paid within 180 days after the date of the Letter of Acceptance. - 代繳印花稅優惠(見備註7(xxxv)) Stamp Duty Payment Benefit (See remark 7(xxxv)).,
2023-11-14,2023-11-21,,West Wing,23,G,,14540000,,90天現金優惠付款計劃 90-day Cash Payment Plan 臨時訂金即樓價 5%於投標書獲賣方接納當日(即接納書的日期)繳付 A preliminary deposit equivalent to 5% of the Purchase Price shall be paid upon the tender being accepted by the Vendor (i.e. the date of the Letter of Acceptance) 樓價95%(樓價餘額)於接納書的日期後90日內 95% of the Purchase Price (the balance of the Purchase Price) shall be paid within 90 days after the date of the Letter of Acceptance. - 代繳印花稅優惠(見備註7(xxxv)) Stamp Duty Payment Benefit (See remark 7(xxxv)).,
2023-11-15,2023-11-22,,East Wing,36,E,,17633000,,120天現金優惠付款計劃 120-day Cash Payment Plan 臨時訂金即樓價 5%於投標書獲賣方接納當日(即接納書的日期)繳付 A preliminary deposit equivalent to 5% of the Purchase Price shall be paid upon the tender being accepted by the Vendor (i.e. the date of the Letter of Acceptance) 樓價95%(樓價餘額)於接納書的日期後120日內 95% of the Purchase Price (the balance of the Purchase Price) shall be paid within 120 days after the date of the Letter of Acceptance. - 代繳印花稅優惠(見備註7(xxxv)) Stamp Duty Payment Benefit (See remark 7(xxxv)).,
2023-11-16,2023-11-23,,West Wing,32,F,,15190000,,120天現金優惠付款計劃 120-day Cash Payment Plan 臨時訂金即樓價 5%於投標書獲賣方接納當日(即接納書的日期)繳付 A preliminary deposit equivalent to 5% of the Purchase Price shall be paid upon the tender being accepted by the Vendor (i.e. the date of the Letter of Acceptance) 樓價95%(樓價餘額)於接納書的日期後120日內 95% of the Purchase Price (the balance of the Purchase Price) shall be paid within 120 days after the date of the Letter of Acceptance. - 代繳印花稅優惠(見備註7(xxxv)) Stamp Duty Payment Benefit (See remark 7(xxxv)).,
2023-11-17,2023-11-24,,East Wing,8,F,,15322000,,180天現金優惠付款計劃 180-day Cash Payment Plan 臨時訂金即樓價 5%於投標書獲賣方接納當日(即接納書的日期)繳付 A preliminary deposit equivalent to 5% of the Purchase Price shall be paid upon the tender being accepted by the Vendor (i.e. the date of the Letter of Acceptance) 樓價95%(樓價餘額)於接納書的日期後180日內 95% of the Purchase Price (the balance of the Purchase Price) shall be paid within 180 days after the date of the Letter of Acceptance. - 代繳印花稅優惠(見備註7(xxxvii)) Stamp Duty Payment Benefit (See remark 7(xxxvii)). - 傢俱優惠(見備註7(xxxviii)) - Furniture Benefit (See remark 7(xxxviii)).,
2023-11-17,2023-11-24,,East Wing,31,D,,15981000,,150天現金優惠付款計劃 150-day Cash Payment Plan 臨時訂金即樓價 5%於投標書獲賣方接納當日(即接納書的日期)繳付 A preliminary deposit equivalent to 5% of the Purchase Price shall be paid upon the tender being accepted by the Vendor (i.e. the date of the Letter of Acceptance) 樓價95%(樓價餘額)於接納書的日期後150日內 95% of the Purchase Price (the balance of the Purchase Price) shall be paid within 150 days after the date of the Letter of Acceptance. - 代繳印花稅優惠(見備註7(xxxv)) Stamp Duty Payment Benefit (See remark 7(xxxv)). - 傢俱優惠(見備註7(xxxviii)) - Furniture Benefit (See remark 7(xxxviii)).,
2023-11-21,2023-11-28,,West Wing,31,D,,8519000,,90天現金優惠付款計劃 90-day Cash Payment Plan 臨時訂金即樓價 5%於投標書獲賣方接納當日(即接納書的日期)繳付 A preliminary deposit equivalent to 5% of the Purchase Price shall be paid upon the tender being accepted by the Vendor (i.e. the date of the Letter of Acceptance) 樓價95%(樓價餘額)於接納書的日期後90日內 95% of the Purchase Price (the balance of the Purchase Price) shall be paid within 90 days after the date of the Letter of Acceptance. - 代繳印花稅優惠(見備註7(xxxv)) Stamp Duty Payment Benefit (See remark 7(xxxv)).,
2023-11-27,2023-12-04,,East Wing,9,E,,15848000,,90天現金優惠付款計劃 90-day Cash Payment Plan 臨時訂金即樓價 5%於投標書獲賣方接納當日(即接納書的日期)繳付 A preliminary deposit equivalent to 5% of the Purchase Price shall be paid upon the tender being accepted by the Vendor (i.e. the date of the Letter of Acceptance) 樓價95%(樓價餘額)於接納書的日期後90日內 95% of the Purchase Price (the balance of the Purchase Price) shall be paid within 90 days after the date of the Letter of Acceptance. - 代繳印花稅優惠(見備註7(xxxv)) Stamp Duty Payment Benefit (See remark 7(xxxv)).,
2023-11-29,2023-12-06,,East Wing,35,D,,16128000,,180天現金優惠付款計劃 180-day Cash Payment Plan 臨時訂金即樓價 5%於投標書獲賣方接納當日(即接納書的日期)繳付 A preliminary deposit equivalent to 5% of the Purchase Price shall be paid upon the tender being accepted by the Vendor (i.e. the date of the Letter of Acceptance) 樓價95%(樓價餘額)於接納書的日期後180日內 95% of the Purchase Price (the balance of the Purchase Price) shall be paid within 180 days after the date of the Letter of Acceptance. - 代繳印花稅優惠(見備註7(xxxv)) Stamp Duty Payment Benefit (See remark 7(xxxv)).,
2023-11-30,2023-12-07,,East Wing,33,C,,15386000,,180天現金優惠付款計劃 180-day Cash Payment Plan 臨時訂金即樓價 5%於投標書獲賣方接納當日(即接納書的日期)繳付 A preliminary deposit equivalent to 5% of the Purchase Price shall be paid upon the tender being accepted by the Vendor (i.e. the date of the Letter of Acceptance) 樓價95%(樓價餘額)於接納書的日期後180日內 95% of the Purchase Price (the balance of the Purchase Price) shall be paid within 180 days after the date of the Letter of Acceptance. - 代繳印花稅優惠(見備註7(xxxv)) Stamp Duty Payment Benefit (See remark 7(xxxv)).,
2023-12-01,2023-12-08,,East Wing,25,D,,17467000,,120天現金優惠付款計劃 120-day Cash Payment Plan 臨時訂金即樓價 5%於投標書獲賣方接納當日(即接納書的日期)繳付 A preliminary deposit equivalent to 5% of the Purchase Price shall be paid upon the tender being accepted by the Vendor (i.e. the date of the Letter of Acceptance) 樓價95%(樓價餘額)於接納書的日期後120日內 95% of the Purchase Price (the balance of the Purchase Price) shall be paid within 120 days after the date of the Letter of Acceptance. - 代繳印花稅優惠(見備註7(xxxv)) Stamp Duty Payment Benefit (See remark 7(xxxv)).,
2023-12-02,2023-12-08,,West Wing,26,A,,14082000,,120天現金優惠付款計劃 120-day Cash Payment Plan 臨時訂金即樓價 5%於投標書獲賣方接納當日(即接納書的日期)繳付 A preliminary deposit equivalent to 5% of the Purchase Price shall be paid upon the tender being accepted by the Vendor (i.e. the date of the Letter of Acceptance) 樓價95%(樓價餘額)於接納書的日期後120日內 95% of the Purchase Price (the balance of the Purchase Price) shall be paid within 120 days after the date of the Letter of Acceptance. - 代繳印花稅優惠(見備註7(xxxv)) Stamp Duty Payment Benefit (See remark 7(xxxv)).,
2023-12-04,2023-12-11,,East Wing,6,F,,16794000,,180天現金優惠付款計劃 180-day Cash Payment Plan 臨時訂金即樓價 5%於投標書獲賣方接納當日(即接納書的日期)繳付 A preliminary deposit equivalent to 5% of the Purchase Price shall be paid upon the tender being accepted by the Vendor (i.e. the date of the Letter of Acceptance) 樓價95%(樓價餘額)於接納書的日期後180日內 95% of the Purchase Price (the balance of the Purchase Price) shall be paid within 180 days after the date of the Letter of Acceptance. - 代繳印花稅優惠(見備註7(xxxv)) Stamp Duty Payment Benefit (See remark 7(xxxv)).,
2023-12-08,2023-12-15,2024-10-07,West Wing,35,F,,14837000,,60天現金優惠付款計劃 60-day Cash Payment Plan 臨時訂金即樓價 5%於投標書獲賣方接納當日(即接納書的日期)繳付 A preliminary deposit equivalent to 5% of the Purchase Price shall be paid upon the tender being accepted by the Vendor (i.e. the date of the Letter of Acceptance) 樓價95%(樓價餘額)於接納書的日期後60日內 95% of the Purchase Price (the balance of the Purchase Price) shall be paid within 60 days after the date of the Letter of Acceptance. - 代繳印花稅優惠(見備註7(xxxv)) Stamp Duty Payment Benefit (See remark 7(xxxv)).,
2023-12-11,,,East Wing,32,C,,17073000,,90天現金優惠付款計劃 90-day Cash Payment Plan 臨時訂金即樓價 5%於投標書獲賣方接納當日(即接納書的日期)繳付 A preliminary deposit equivalent to 5% of the Purchase Price shall be paid upon the tender being accepted by the Vendor (i.e. the date of the Letter of Acceptance) 樓價95%(樓價餘額)於接納書的日期後90日內 95% of the Purchase Price (the balance of the Purchase Price) shall be paid within 90 days after the date of the Letter of Acceptance. - 代繳印花稅優惠(見備註7(xxxv)) Stamp Duty Payment Benefit (See remark 7(xxxv)).,
2023-12-11,2023-12-18,,West Wing,20,C,,10192000,,90天現金優惠付款計劃 90-day Cash Payment Plan 臨時訂金即樓價 5%於投標書獲賣方接納當日(即接納書的日期)繳付 A preliminary deposit equivalent to 5% of the Purchase Price shall be paid upon the tender being accepted by the Vendor (i.e. the date of the Letter of Acceptance) 樓價95%(樓價餘額)於接納書的日期後90日內 95% of the Purchase Price (the balance of the Purchase Price) shall be paid within 90 days after the date of the Letter of Acceptance. - 代繳印花稅優惠(見備註7(xxxv)) Stamp Duty Payment Benefit (See remark 7(xxxv)).,
2023-12-13,2023-12-20,,West Wing,32,H,,15258000,,120天現金優惠付款計劃 120-day Cash Payment Plan 臨時訂金即樓價 5%於投標書獲賣方接納當日(即接納書的日期)繳付 A preliminary deposit equivalent to 5% of the Purchase Price shall be paid upon the tender being accepted by the Vendor (i.e. the date of the Letter of Acceptance) 樓價95%(樓價餘額)於接納書的日期後120日內 95% of the Purchase Price (the balance of the Purchase Price) shall be paid within 120 days after the date of the Letter of Acceptance. - 代繳印花稅優惠(見備註7(xxxv)) Stamp Duty Payment Benefit (See remark 7(xxxv)).,
2023-12-13,2023-12-20,,East Wing,22,C,,16610000,,90天現金優惠付款計劃 90-day Cash Payment Plan 臨時訂金即樓價 5%於投標書獲賣方接納當日(即接納書的日期)繳付 A preliminary deposit equivalent to 5% of the Purchase Price shall be paid upon the tender being accepted by the Vendor (i.e. the date of the Letter of Acceptance) 樓價95%(樓價餘額)於接納書的日期後90日內 95% of the Purchase Price (the balance of the Purchase Price) shall be paid within 90 days after the date of the Letter of Acceptance.,
2023-12-16,2023-12-22,,West Wing,30,C,,9952000,,90天現金優惠付款計劃 90-day Cash Payment Plan 臨時訂金即樓價 5%於投標書獲賣方接納當日(即接納書的日期)繳付 A preliminary deposit equivalent to 5% of the Purchase Price shall be paid upon the tender being accepted by the Vendor (i.e. the date of the Letter of Acceptance) 樓價95%(樓價餘額)於接納書的日期後90日內 95% of the Purchase Price (the balance of the Purchase Price) shall be paid within 90 days after the date of the Letter of Acceptance. - 代繳印花稅優惠(見備註7(xxxv)) Stamp Duty Payment Benefit (See remark 7(xxxv)).,
2023-12-21,2024-01-02,,West Wing,35,E,,15716000,,90天現金優惠付款計劃 90-day Cash Payment Plan 臨時訂金即樓價 5%於投標書獲賣方接納當日(即接納書的日期)繳付 A preliminary deposit equivalent to 5% of the Purchase Price shall be paid upon the tender being accepted by the Vendor (i.e. the date of the Letter of Acceptance) 樓價95%(樓價餘額)於接納書的日期後90日內 95% of the Purchase Price (the balance of the Purchase Price) shall be paid within 90 days after the date of the Letter of Acceptance. - 代繳印花稅優惠(見備註7(xxxv)) Stamp Duty Payment Benefit (See remark 7(xxxv)).,
2023-12-22,2024-01-03,,West Wing,30,A,,12800000,,90天現金優惠付款計劃 90-day Cash Payment Plan 臨時訂金即樓價 5%於投標書獲賣方接納當日(即接納書的日期)繳付 A preliminary deposit equivalent to 5% of the Purchase Price shall be paid upon the tender being accepted by the Vendor (i.e. the date of the Letter of Acceptance) 樓價95%(樓價餘額)於接納書的日期後90日內 95% of the Purchase Price (the balance of the Purchase Price) shall be paid within 90 days after the date of the Letter of Acceptance. - 代繳印花稅優惠(見備註7(xxxv)) Stamp Duty Payment Benefit (See remark 7(xxxv)).,
2024-01-09,2024-01-11,,East Wing,31,F,,15840000,,60天現金優惠付款計劃 60-day Cash Payment Plan 臨時訂金即樓價 5%於投標書獲賣方接納當日(即接納書的日期)繳付 A preliminary deposit equivalent to 5% of the Purchase Price shall be paid upon the tender being accepted by the Vendor (i.e. the date of the Letter of Acceptance) 樓價95%(樓價餘額)於接納書的日期後60日內 95% of the Purchase Price (the balance of the Purchase Price) shall be paid within 60 days after the date of the Letter of Acceptance.,
2024-01-12,2024-01-19,,West Wing,31,A,,14296000,,120天現金優惠付款計劃 120-day Cash Payment Plan 臨時訂金即樓價 5%於投標書獲賣方接納當日(即接納書的日期)繳付 A preliminary deposit equivalent to 5% of the Purchase Price shall be paid upon the tender being accepted by the Vendor (i.e. the date of the Letter of Acceptance) 樓價95%(樓價餘額)於接納書的日期後120日內 95% of the Purchase Price (the balance of the Purchase Price) shall be paid within 120 days after the date of the Letter of Acceptance. - 代繳印花稅優惠(見備註7(xxxv)) Stamp Duty Payment Benefit (See remark 7(xxxv)).,
2024-01-16,2024-01-23,,West Wing,26,F,,13000000,,180天現金優惠付款計劃 180-day Cash Payment Plan 臨時訂金即樓價 5%於投標書獲賣方接納當日(即接納書的日期)繳付 A preliminary deposit equivalent to 5% of the Purchase Price shall be paid upon the tender being accepted by the Vendor (i.e. the date of the Letter of Acceptance) 樓價95%(樓價餘額)於接納書的日期後180日內 95% of the Purchase Price (the balance of the Purchase Price) shall be paid within 180 days after the date of the Letter of Acceptance. - 代繳印花稅優惠(見備註7(xxxv)) Stamp Duty Payment Benefit (See remark 7(xxxv)).,
2024-01-20,2024-01-26,,East Wing,21,C,,13984000,,120天現金優惠付款計劃 120-day Cash Payment Plan 臨時訂金即樓價 5%於投標書獲賣方接納當日(即接納書的日期)繳付 A preliminary deposit equivalent to 5% of the Purchase Price shall be paid upon the tender being accepted by the Vendor (i.e. the date of the Letter of Acceptance) 樓價95%(樓價餘額)於接納書的日期後120日內 95% of the Purchase Price (the balance of the Purchase Price) shall be paid within 120 days after the date of the Letter of Acceptance. - 代繳印花稅優惠(見備註7(xxxv)) Stamp Duty Payment Benefit (See remark 7(xxxv)).,
2024-01-23,2024-01-30,,West Wing,22,H,,14076000,,90天現金優惠付款計劃 90-day Cash Payment Plan 臨時訂金即樓價 5%於投標書獲賣方接納當日(即接納書的日期)繳付 A preliminary deposit equivalent to 5% of the Purchase Price shall be paid upon the tender being accepted by the Vendor (i.e. the date of the Letter of Acceptance) 樓價95%(樓價餘額)於接納書的日期後90日內 95% of the Purchase Price (the balance of the Purchase Price) shall be paid within 90 days after the date of the Letter of Acceptance. - 代繳印花稅優惠(見備註7(xxxv)) Stamp Duty Payment Benefit (See remark 7(xxxv)).,
2024-01-24,2024-01-31,,West Wing,29,A,,12746000,,90天現金優惠付款計劃 90-day Cash Payment Plan 臨時訂金即樓價 5%於投標書獲賣方接納當日(即接納書的日期)繳付 A preliminary deposit equivalent to 5% of the Purchase Price shall be paid upon the tender being accepted by the Vendor (i.e. the date of the Letter of Acceptance) 樓價95%(樓價餘額)於接納書的日期後90日內 95% of the Purchase Price (the balance of the Purchase Price) shall be paid within 90 days after the date of the Letter of Acceptance. - 代繳印花稅優惠(見備註7(xxxv)) Stamp Duty Payment Benefit (See remark 7(xxxv)).,
2024-01-25,2024-02-01,,West Wing,21,C,,8300000,,120天現金優惠付款計劃 120-day Cash Payment Plan 臨時訂金即樓價 5%於投標書獲賣方接納當日(即接納書的日期)繳付 A preliminary deposit equivalent to 5% of the Purchase Price shall be paid upon the tender being accepted by the Vendor (i.e. the date of the Letter of Acceptance) 樓價95%(樓價餘額)於接納書的日期後120日內 95% of the Purchase Price (the balance of the Purchase Price) shall be paid within 120 days after the date of the Letter of Acceptance. - 代繳印花稅優惠(見備註7(xxxv)) Stamp Duty Payment Benefit (See remark 7(xxxv)).,
2024-01-28,2024-02-02,2024-03-26,West Wing,31,F,,10989000,,180天現金優惠付款計劃 180-day Cash Payment Plan 臨時訂金即樓價 5%於投標書獲賣方接納當日(即接納書的日期)繳付 A preliminary deposit equivalent to 5% of the Purchase Price shall be paid upon the tender being accepted by the Vendor (i.e. the date of the Letter of Acceptance) 樓價95%(樓價餘額)於接納書的日期後180日內 95% of the Purchase Price (the balance of the Purchase Price) shall be paid within 180 days after the date of the Letter of Acceptance. - 代繳印花稅優惠(見備註7(xxxvi)) Stamp Duty Payment Benefit (See remark 7(xxxvi)).,
2024-01-28,2024-02-02,,West Wing,28,H,,10416000,,90天現金優惠付款計劃 90-day Cash Payment Plan 臨時訂金即樓價 5%於投標書獲賣方接納當日(即接納書的日期)繳付 A preliminary deposit equivalent to 5% of the Purchase Price shall be paid upon the tender being accepted by the Vendor (i.e. the date of the Letter of Acceptance) 樓價95%(樓價餘額)於接納書的日期後90日內 95% of the Purchase Price (the balance of the Purchase Price) shall be paid within 90 days after the date of the Letter of Acceptance.,
2024-01-28,2024-02-02,,West Wing,28,A,,12708000,,90天現金優惠付款計劃 90-day Cash Payment Plan 臨時訂金即樓價 5%於投標書獲賣方接納當日(即接納書的日期)繳付 A preliminary deposit equivalent to 5% of the Purchase Price shall be paid upon the tender being accepted by the Vendor (i.e. the date of the Letter of Acceptance) 樓價95%(樓價餘額)於接納書的日期後90日內 95% of the Purchase Price (the balance of the Purchase Price) shall be paid within 90 days after the date of the Letter of Acceptance.,
2024-02-04,2024-02-09,,West Wing,28,F,,9799000,,90天現金優惠付款計劃 90-day Cash Payment Plan 臨時訂金即樓價 5%於投標書獲賣方接納當日(即接納書的日期)繳付 A preliminary deposit equivalent to 5% of the Purchase Price shall be paid upon the tender being accepted by the Vendor (i.e. the date of the Letter of Acceptance) 樓價95%(樓價餘額)於接納書的日期後90日內 95% of the Purchase Price (the balance of the Purchase Price) shall be paid within 90 days after the date of the Letter of Acceptance.,
2024-02-05,2024-02-09,,West Wing,22,C,,6767000,,180天現金優惠付款計劃 180-day Cash Payment Plan 臨時訂金即樓價 5%於投標書獲賣方接納當日(即接納書的日期)繳付 A preliminary deposit equivalent to 5% of the Purchase Price shall be paid upon the tender being accepted by the Vendor (i.e. the date of the Letter of Acceptance) 樓價95%(樓價餘額)於接納書的日期後180日內 95% of the Purchase Price (the balance of the Purchase Price) shall be paid within 180 days after the date of the Letter of Acceptance.,
2024-02-05,2024-02-14,,West Wing,35,H,,9548000,,90天現金優惠付款計劃 90-day Cash Payment Plan 臨時訂金即樓價 5%於投標書獲賣方接納當日(即接納書的日期)繳付 A preliminary deposit equivalent to 5% of the Purchase Price shall be paid upon the tender being accepted by the Vendor (i.e. the date of the Letter of Acceptance) 樓價95%(樓價餘額)於接納書的日期後90日內 95% of the Purchase Price (the balance of the Purchase Price) shall be paid within 90 days after the date of the Letter of Acceptance. - 代繳印花稅優惠(見備註7(xxxv)) Stamp Duty Payment Benefit (See remark 7(xxxv)).,
2024-02-06,2024-02-15,,East Wing,6,E,,10745000,,150天現金優惠付款計劃 150-day Cash Payment Plan 臨時訂金即樓價 5%於投標書獲賣方接納當日(即接納書的日期)繳付 A preliminary deposit equivalent to 5% of the Purchase Price shall be paid upon the tender being accepted by the Vendor (i.e. the date of the Letter of Acceptance) 樓價95%(樓價餘額)於接納書的日期後150日內 95% of the Purchase Price (the balance of the Purchase Price) shall be paid within 150 days after the date of the Letter of Acceptance. - 代繳印花稅優惠(見備註7(xxxv)) Stamp Duty Payment Benefit (See remark 7(xxxv)).,
2024-02-27,2024-03-05,,East Wing,8,E,,10810000,,120天現金優惠付款計劃 120-day Cash Payment Plan 臨時訂金即樓價 5%於投標書獲賣方接納當日(即接納書的日期)繳付 A preliminary deposit equivalent to 5% of the Purchase Price shall be paid upon the tender being accepted by the Vendor (i.e. the date of the Letter of Acceptance) 樓價95%(樓價餘額)於接納書的日期後120日內 95% of the Purchase Price (the balance of the Purchase Price) shall be paid within 120 days after the date of the Letter of Acceptance.,
2024-02-29,2024-03-07,,East Wing,31,C,,11645000,,120天現金優惠付款計劃 120-day Cash Payment Plan 臨時訂金即樓價 5%於投標書獲賣方接納當日(即接納書的日期)繳付 A preliminary deposit equivalent to 5% of the Purchase Price shall be paid upon the tender being accepted by the Vendor (i.e. the date of the Letter of Acceptance) 樓價95%(樓價餘額)於接納書的日期後120日內 95% of the Purchase Price (the balance of the Purchase Price) shall be paid within 120 days after the date of the Letter of Acceptance. - 代繳印花稅優惠(見備註7(xxxv)) Stamp Duty Payment Benefit (See remark 7(xxxv)).,
2024-03-04,2024-03-11,,East Wing,19,C,,11260000,,90天現金優惠付款計劃 90-day Cash Payment Plan 臨時訂金即樓價 5%於投標書獲賣方接納當日(即接納書的日期)繳付 A preliminary deposit equivalent to 5% of the Purchase Price shall be paid upon the tender being accepted by the Vendor (i.e. the date of the Letter of Acceptance) 樓價95%(樓價餘額)於接納書的日期後90日內 95% of the Purchase Price (the balance of the Purchase Price) shall be paid within 90 days after the date of the Letter of Acceptance. - 代繳印花稅優惠(見備註7(xxxv)) S15ta0m天p 現Du金ty優 Pa惠ym付en款t B計en劃efit (See remark 7(xxxv)).,
2024-03-04,2024-03-11,,East Wing,20,C,,11295000,,150-day Cash Payment Plan 臨時訂金即樓價 5%於投標書獲賣方接納當日(即接納書的日期)繳付 A preliminary deposit equivalent to 5% of the Purchase Price shall be paid upon the tender being accepted by the Vendor (i.e. the date of the Letter of Acceptance) 加付訂金即樓價 5%於接納書的日期後 14 日內繳付 A further deposit equivalent to 5% of the Purchase Price shall be paid within 14 days after the date of Letter of Acceptance. 樓價 90%(樓價餘額) 於接納書的日期後 150 日內繳付 90% of the Purchase Price (the balance of the Purchase Price) shall be paid within 150 days after the date of the Letter of Acceptance. - 代繳印花稅優惠(見備註7(xxxv)) Stamp Duty Payment Benefit (See remark 7(xxxv)).,
2024-03-04,2024-03-11,2024-11-14,East Wing,32,C,,11735000,,105天現金優惠付款計劃 105-day Cash Payment Plan 臨時訂金即樓價 5%於投標書獲賣方接納當日(即接納書的日期)繳付 A preliminary deposit equivalent to 5% of the Purchase Price shall be paid upon the tender being accepted by the Vendor (i.e. the date of the Letter of Acceptance) 加付訂金即樓價 5%於接納書的日期後 14 日內繳付 A further deposit equivalent to 5% of the Purchase Price shall be paid within 14 days after the date of Letter of Acceptance. 樓價 90%(樓價餘額) 於接納書的日期後 105 日內繳付 90% of the Purchase Price (the balance of the Purchase Price) shall be paid within 105 days after the date of the Letter of Acceptance. - 代繳印花稅優惠(見備註7(xxxv)) Stamp Duty Payment Benefit (See remark 7(xxxv)).,
2024-03-05,2024-03-12,,East Wing,18,C,,11225000,,120天現金優惠付款計劃 120-day Cash Payment Plan 臨時訂金即樓價 5%於投標書獲賣方接納當日(即接納書的日期)繳付 A preliminary deposit equivalent to 5% of the Purchase Price shall be paid upon the tender being accepted by the Vendor (i.e. the date of the Letter of Acceptance) 樓價95%(樓價餘額)於接納書的日期後120日內 95% of the Purchase Price (the balance of the Purchase Price) shall be paid within 120 days after the date of the Letter of Acceptance. - 代繳印花稅優惠(見備註7(xxxv)) Stamp Duty Payment Benefit (See remark 7(xxxv)).,
2024-03-05,2024-03-12,,West Wing,11,A,,9549000,,270天現金優惠付款計劃 270-day Cash Payment Plan 臨時訂金即樓價 5%於投標書獲賣方接納當日(即接納書的日期)繳付 A preliminary deposit equivalent to 5% of the Purchase Price shall be paid upon the tender being accepted by the Vendor (i.e. the date of the Letter of Acceptance) 加付訂金即樓價 5%於接納書的日期後 150 日內繳付 A further deposit equivalent to 5% of the Purchase Price shall be paid within 150 days after the date of Letter of Acceptance. 加付訂金即樓價 5%於接納書的日期後 210 日內繳付 A further deposit equivalent to 5% of the Purchase Price shall be paid within 210 days after the date of Letter of Acceptance. 樓價85%(樓價餘額)於接納書的日期後270日內 85% of the Purchase Price (the balance of the Purchase Price) shall be paid within 270 days after the date of the Letter of Acceptance. - 代繳印花稅優惠(見備註7(xxxv)),
2024-03-06,2024-03-13,,West Wing,23,C,,6787000,,180天現金優惠付款計劃 180-day Cash Payment Plan 臨時訂金即樓價 5%於投標書獲賣方接納當日(即接納書的日期)繳付 A preliminary deposit equivalent to 5% of the Purchase Price shall be paid upon the tender being accepted by the Vendor (i.e. the date of the Letter of Acceptance) 樓價95%(樓價餘額)於接納書的日期後180日內 95% of the Purchase Price (the balance of the Purchase Price) shall be paid within 180 days after the date of the Letter of Acceptance.,
2024-03-06,2024-03-13,,West Wing,27,A,,10265000,,78天現金優惠付款計劃 780-day Cash Payment Plan 臨時訂金即樓價 5%於投標書獲賣方接納當日(即接納書的日期)繳付 A preliminary deposit equivalent to 5% of the Purchase Price shall be paid upon the tender being accepted by the Vendor (i.e. the date of the Letter of Acceptance) 樓價95%(樓價餘額)於接納書的日期後78日內 95% of the Purchase Price (the balance of the Purchase Price) shall be paid within 78 days after the date of the Letter of Acceptance.,
2024-03-08,2024-03-15,,West Wing,30,F,,9857000,,90天現金優惠付款計劃 90-day Cash Payment Plan 臨時訂金即樓價 5%於投標書獲賣方接納當日(即接納書的日期)繳付 A preliminary deposit equivalent to 5% of the Purchase Price shall be paid upon the tender being accepted by the Vendor (i.e. the date of the Letter of Acceptance) 樓價95%(樓價餘額)於接納書的日期後90日內 95% of the Purchase Price (the balance of the Purchase Price) shall be paid within 90 days after the date of the Letter of Acceptance. - 代繳印花稅優惠(見備註7(xxxv)) Stamp Duty Payment Benefit (See remark 7(xxxv)).,
2024-03-09,2024-03-15,,East Wing,26,C,,11186000,,180天現金優惠付款計劃 180-day Cash Payment Plan 臨時訂金即樓價 5%於投標書獲賣方接納當日(即接納書的日期)繳付 A preliminary deposit equivalent to 5% of the Purchase Price shall be paid upon the tender being accepted by the Vendor (i.e. the date of the Letter of Acceptance) 樓價95%(樓價餘額)於接納書的日期後180日內 95% of the Purchase Price (the balance of the Purchase Price) shall be paid within 180 days after the date of the Letter of Acceptance. - 代繳印花稅優惠(見備註7(xxxv)) Stamp Duty Payment Benefit (See remark 7(xxxv)).,
2024-03-14,2024-03-21,,East Wing,12,E,,14351000,,92天現金優惠付款計劃 92-day Cash Payment Plan 臨時訂金即樓價 5%於投標書獲賣方接納當日(即接納書的日期)繳付 A preliminary deposit equivalent to 5% of the Purchase Price shall be paid upon the tender being accepted by the Vendor (i.e. the date of the Letter of Acceptance) 樓價95%(樓價餘額)於接納書的日期後92日內 95% of the Purchase Price (the balance of the Purchase Price) shall be paid within 92 days after the date of the Letter of Acceptance. - 代繳印花稅優惠(見備註7(xxxv)) Stamp Duty Payment Benefit (See remark 7(xxxv)).,
2024-03-14,2024-03-21,,West Wing,27,C,,6851000,,240天現金優惠付款計劃 240-day Cash Payment Plan 臨時訂金即樓價 5%於投標書獲賣方接納當日(即接納書的日期)繳付 A preliminary deposit equivalent to 5% of the Purchase Price shall be paid upon the tender being accepted by the Vendor (i.e. the date of the Letter of Acceptance) 加付訂金即樓價 1%於接納書的日期後 90 日內繳付 A further deposit equivalent to 1% of the Purchase Price shall be paid within 90 days after the date of Letter of Acceptance. 加付訂金即樓價 1%於接納書的日期後 150 日內繳付 A further deposit equivalent to 5% of the Purchase Price shall be paid within 150 days after the date of Letter of Acceptance. 樓價93%(樓價餘額)於接納書的日期後240日內 93% of the Purchase Price (the balance of the Purchase Price) shall be paid within 240 days after the date of the Letter of Acceptance. - 代繳印花稅優惠(見備註7(xxxv)),
2024-03-17,2024-03-22,,West Wing,33,E,,9281000,,180天現金優惠付款計劃 180-day Cash Payment Plan 臨時訂金即樓價 5%於投標書獲賣方接納當日(即接納書的日期)繳付 A preliminary deposit equivalent to 5% of the Purchase Price shall be paid upon the tender being accepted by the Vendor (i.e. the date of the Letter of Acceptance) 樓價95%(樓價餘額)於接納書的日期後180日內 95% of the Purchase Price (the balance of the Purchase Price) shall be paid within 180 days after the date of the Letter of Acceptance. - 代繳印花稅優惠(見備註7(xxxv)) Stamp Duty Payment Benefit (See remark 7(xxxv)).,
2024-03-22,2024-04-02,,West Wing,29,F,,9828000,,靈活付款計劃 Flexible Cash Payment Plan 臨時訂金即樓價 5%於投標書獲賣方接納當日(即接納書的日期)繳付 A preliminary deposit equivalent to 5% of the Purchase Price shall be paid upon the tender being accepted by the Vendor (i.e. the date of the Letter of Acceptance) 加付訂金即樓價 5%於接納書的日期後 60 日內繳付 A further deposit equivalent to 5% of the Purchase Price shall be paid within 60 days after the date of Letter of Acceptance. 樓價 90%(樓價餘額) 於接納書的日期後 180 日內繳付 90% of the Purchase Price (the balance of the Purchase Price) shall be paid within 180 days after the date of the Letter of Acceptance. - 代繳印花稅優惠(見備註7(xxxv)) Stamp Duty Payment Benefit (See remark 7(xxxv)).,
2024-03-22,2024-04-02,,East Wing,28,C,,11253000,,120天現金優惠付款計劃 120-day Cash Payment Plan 臨時訂金即樓價 5%於投標書獲賣方接納當日(即接納書的日期)繳付 A preliminary deposit equivalent to 5% of the Purchase Price shall be paid upon the tender being accepted by the Vendor (i.e. the date of the Letter of Acceptance) 樓價95%(樓價餘額)於接納書的日期後120日內 95% of the Purchase Price (the balance of the Purchase Price) shall be paid within 120 days after the date of the Letter of Acceptance. - 代繳印花稅優惠(見備註7(xxxv)) Stamp Duty Payment Benefit (See remark 7(xxxv)).,
2024-03-26,2024-04-05,,West Wing,27,F,,9770000,,180天現金優惠付款計劃 180-day Cash Payment Plan 臨時訂金即樓價 5%於投標書獲賣方接納當日(即接納書的日期)繳付 A preliminary deposit equivalent to 5% of the Purchase Price shall be paid upon the tender being accepted by the Vendor (i.e. the date of the Letter of Acceptance) 樓價95%(樓價餘額)於接納書的日期後180日內 95% of the Purchase Price (the balance of the Purchase Price) shall be paid within 180 days after the date of the Letter of Acceptance.,
2024-03-27,2024-04-08,,West Wing,31,F,,10989000,,180天現金優惠付款計劃 180-day Cash Payment Plan 臨時訂金即樓價 5%於投標書獲賣方接納當日(即接納書的日期)繳付 A preliminary deposit equivalent to 5% of the Purchase Price shall be paid upon the tender being accepted by the Vendor (i.e. the date of the Letter of Acceptance) 樓價95%(樓價餘額)於接納書的日期後180日內 95% of the Purchase Price (the balance of the Purchase Price) shall be paid within 180 days after the date of the Letter of Acceptance. - 代繳印花稅優惠(見備註7(xxxv)) Stamp Duty Payment Benefit (See remark 7(xxxv)).,
2024-03-28,2024-04-09,,West Wing,25,F,,10989000,,90天現金優惠付款計劃 90-day Cash Payment Plan 臨時訂金即樓價 5%於投標書獲賣方接納當日(即接納書的日期)繳付 A preliminary deposit equivalent to 5% of the Purchase Price shall be paid upon the tender being accepted by the Vendor (i.e. the date of the Letter of Acceptance) 樓價95%(樓價餘額)於接納書的日期後90日內 95% of the Purchase Price (the balance of the Purchase Price) shall be paid within 90 days after the date of the Letter of Acceptance. - 代繳印花稅優惠(見備註7(xxxv)) Stamp Duty Payment Benefit (See remark 7(xxxv)).,
2024-03-30,2024-04-09,,West Wing,30,E,,9028000,,60天現金優惠付款計劃 60-day Cash Payment Plan 臨時訂金即樓價 5%於投標書獲賣方接納當日(即接納書的日期)繳付 A preliminary deposit equivalent to 5% of the Purchase Price shall be paid upon the tender being accepted by the Vendor (i.e. the date of the Letter of Acceptance) 樓價95%(樓價餘額)於接納書的日期後60日內 95% of the Purchase Price (the balance of the Purchase Price) shall be paid within 60 days after the date of the Letter of Acceptance. - 代繳印花稅優惠(見備註7(xxxv)) Stamp Duty Payment Benefit (See remark 7(xxxv)).,
2024-03-31,2024-04-09,,West Wing,29,C,,6548000,,90天現金優惠付款計劃 90-day Cash Payment Plan 臨時訂金即樓價 5%於投標書獲賣方接納當日(即接納書的日期)繳付 A preliminary deposit equivalent to 5% of the Purchase Price shall be paid upon the tender being accepted by the Vendor (i.e. the date of the Letter of Acceptance) 樓價95%(樓價餘額)於接納書的日期後90日內 95% of the Purchase Price (the balance of the Purchase Price) shall be paid within 90 days after the date of the Letter of Acceptance. - 代繳印花稅優惠(見備註7(xxxv)) Stamp Duty Payment Benefit (See remark 7(xxxv)).,
2024-04-03,2024-04-11,,West Wing,28,C,,6300000,,90天現金優惠付款計劃 90-day Cash Payment Plan 臨時訂金即樓價 5%於投標書獲賣方接納當日(即接納書的日期)繳付 A preliminary deposit equivalent to 5% of the Purchase Price shall be paid upon the tender being accepted by the Vendor (i.e. the date of the Letter of Acceptance) 樓價95%(樓價餘額)於接納書的日期後90日內 95% of the Purchase Price (the balance of the Purchase Price) shall be paid within 90 days after the date of the Letter of Acceptance. - 代繳印花稅優惠(見備註7(xxxv)) Stamp Duty Payment Benefit (See remark 7(xxxv)).,
2024-04-07,2024-04-12,,West Wing,33,G,,9755000,,90天現金優惠付款計劃 90-day Cash Payment Plan 臨時訂金即樓價 5%於投標書獲賣方接納當日(即接納書的日期)繳付 A preliminary deposit equivalent to 5% of the Purchase Price shall be paid upon the tender being accepted by the Vendor (i.e. the date of the Letter of Acceptance) 樓價95%(樓價餘額)於接納書的日期後90日內 95% of the Purchase Price (the balance of the Purchase Price) shall be paid within 90 days after the date of the Letter of Acceptance. - 代繳印花稅優惠(見備註7(xxxv)) Stamp Duty Payment Benefit (See remark 7(xxxv)).,
2024-04-07,2024-04-12,,West Wing,31,G,,9694000,,90天現金優惠付款計劃 90-day Cash Payment Plan 臨時訂金即樓價 5%於投標書獲賣方接納當日(即接納書的日期)繳付 A preliminary deposit equivalent to 5% of the Purchase Price shall be paid upon the tender being accepted by the Vendor (i.e. the date of the Letter of Acceptance) 樓價95%(樓價餘額)於接納書的日期後90日內 95% of the Purchase Price (the balance of the Purchase Price) shall be paid within 90 days after the date of the Letter of Acceptance. - 代繳印花稅優惠(見備註7(xxxv)) Stamp Duty Payment Benefit (See remark 7(xxxv)).,
2024-04-15,2024-04-22,,West Wing,17,B,,6536000,,90天現金優惠付款計劃 90-day Cash Payment Plan 臨時訂金即樓價 5%於投標書獲賣方接納當日(即接納書的日期)繳付 A preliminary deposit equivalent to 5% of the Purchase Price shall be paid upon the tender being accepted by the Vendor (i.e. the date of the Letter of Acceptance) 樓價95%(樓價餘額)於接納書的日期後90日內 95% of the Purchase Price (the balance of the Purchase Price) shall be paid within 90 days after the date of the Letter of Acceptance. - 代繳印花稅優惠(見備註7(xxxv)) Stamp Duty Payment Benefit (See remark 7(xxxv)).,
2024-04-18,2024-04-25,,West Wing,19,E,,8919000,,120天現金優惠付款計劃 120-day Cash Payment Plan 臨時訂金即樓價 5%於投標書獲賣方接納當日(即接納書的日期)繳付 A preliminary deposit equivalent to 5% of the Purchase Price shall be paid upon the tender being accepted by the Vendor (i.e. the date of the Letter of Acceptance) 樓價95%(樓價餘額)於接納書的日期後120日內 95% of the Purchase Price (the balance of the Purchase Price) shall be paid within 120 days after the date of the Letter of Acceptance. - 代繳印花稅優惠(見備註7(xxxv)) Stamp Duty Payment Benefit (See remark 7(xxxv)).,
2024-04-25,2024-05-03,,West Wing,32,E,,9000000,,180天現金優惠付款計劃 180-day Cash Payment Plan 臨時訂金即樓價 5%於投標書獲賣方接納當日(即接納書的日期)繳付 A preliminary deposit equivalent to 5% of the Purchase Price shall be paid upon the tender being accepted by the Vendor (i.e. the date of the Letter of Acceptance) 樓價95%(樓價餘額)於接納書的日期後180日內 95% of the Purchase Price (the balance of the Purchase Price) shall be paid within 180 days after the date of the Letter of Acceptance.,
2024-04-26,2024-05-06,,West Wing,30,G,,9666000,,180天現金優惠付款計劃 180-day Cash Payment Plan 臨時訂金即樓價 5%於投標書獲賣方接納當日(即接納書的日期)繳付 A preliminary deposit equivalent to 5% of the Purchase Price shall be paid upon the tender being accepted by the Vendor (i.e. the date of the Letter of Acceptance) 樓價95%(樓價餘額)於接納書的日期後180日內 95% of the Purchase Price (the balance of the Purchase Price) shall be paid within 180 days after the date of the Letter of Acceptance. - 代繳印花稅優惠(見備註7(xxxv)) Stamp Duty Payment Benefit (See remark 7(xxxv)).,
2024-05-11,2024-05-20,,West Wing,29,G,,9156000,,150天現金優惠付款計劃 150-day Cash Payment Plan 臨時訂金即樓價 5%於投標書獲賣方接納當日(即接納書的日期)繳付 A preliminary deposit equivalent to 5% of the Purchase Price shall be paid upon the tender being accepted by the Vendor (i.e. the date of the Letter of Acceptance) 樓價95%(樓價餘額)於接納書的日期後150日內 95% of the Purchase Price (the balance of the Purchase Price) shall be paid within 150 days after the date of the Letter of Acceptance. - 代繳印花稅優惠(見備註7(xxxv)) Stamp Duty Payment Benefit (See remark 7(xxxv)).,
2024-06-04,2024-06-12,,West Wing,27,G,,9101000,,60天現金優惠付款計劃 60-day Cash Payment Plan 臨時訂金即樓價 5%於投標書獲賣方接納當日(即接納書的日期)繳付 A preliminary deposit equivalent to 5% of the Purchase Price shall be paid upon the tender being accepted by the Vendor (i.e. the date of the Letter of Acceptance) 樓價95%(樓價餘額)於接納書的日期後60日內 95% of the Purchase Price (the balance of the Purchase Price) shall be paid within 60 days after the date of the Letter of Acceptance.,
2024-06-06,2024-06-14,,West Wing,25,G,,9046000,,90天現金優惠付款計劃 90-day Cash Payment Plan 臨時訂金即樓價 5%於投標書獲賣方接納當日(即接納書的日期)繳付 A preliminary deposit equivalent to 5% of the Purchase Price shall be paid upon the tender being accepted by the Vendor (i.e. the date of the Letter of Acceptance) 樓價95%(樓價餘額)於接納書的日期後90日內 95% of the Purchase Price (the balance of the Purchase Price) shall be paid within 90 days after the date of the Letter of Acceptance. - 代繳印花稅優惠(見備註7(xxxv)) Stamp Duty Payment Benefit (See remark 7(xxxv)).,
2024-06-17,2024-06-24,,West Wing,23,H,,8801000,,300天現金優惠付款計劃 300-day Cash Payment Plan 臨時訂金即樓價 5%於投標書獲賣方接納當日(即接納書的日期)繳付 A preliminary deposit equivalent to 5% of the Purchase Price shall be paid upon the tender being accepted by the Vendor (i.e. the date of the Letter of Acceptance) 加付訂金即樓價 5%於接納書的日期後 120 日內繳付 A further deposit equivalent to 5% of the Purchase Price shall be paid within 120 days after the date of Letter of Acceptance. 樓價 90%(樓價餘額) 於接納書的日期後 300 日內繳付 90% of the Purchase Price (the balance of the Purchase Price) shall be paid within 300 days after the date of the Letter of Acceptance.,
2024-06-27,2024-07-05,,West Wing,30,H,,8960000,,90天現金優惠付款計劃 90-day Cash Payment Plan 臨時訂金即樓價 5%於投標書獲賣方接納當日(即接納書的日期)繳付 A preliminary deposit equivalent to 5% of the Purchase Price shall be paid upon the tender being accepted by the Vendor (i.e. the date of the Letter of Acceptance) 樓價95%(樓價餘額)於接納書的日期後90日內 95% of the Purchase Price (the balance of the Purchase Price) shall be paid within 90 days after the date of the Letter of Acceptance.,
2024-07-05,2024-07-12,,West Wing,26,B,,6897000,,270天現金優惠付款計劃 270-day Cash Payment Plan 臨時訂金即樓價 5%於投標書獲賣方接納當日(即接納書的日期)繳付 A preliminary deposit equivalent to 5% of the Purchase Price shall be paid upon the tender being accepted by the Vendor (i.e. the date of the Letter of Acceptance) 加付訂金即樓價 5%於接納書的日期後 90 日內繳付 A further deposit equivalent to 5% of the Purchase Price shall be paid within 90 days after the date of Letter of Acceptance. 樓價 90%(樓價餘額) 於接納書的日期後 270 日內繳付 90% of the Purchase Price (the balance of the Purchase Price) shall be paid within 270 days after the date of the Letter of Acceptance. - 代繳印花稅優惠(見備註7(xxxv)) Stamp Duty Payment Benefit (See remark 7(xxxv)).,
2024-07-07,,,West Wing,26,H,,8853000,,90天現金優惠付款計劃 90-day Cash Payment Plan 臨時訂金即樓價 5%於投標書獲賣方接納當日(即接納書的日期)繳付 A preliminary deposit equivalent to 5% of the Purchase Price shall be paid upon the tender being accepted by the Vendor (i.e. the date of the Letter of Acceptance) 樓價95%(樓價餘額)於接納書的日期後90日內 95% of the Purchase Price (the balance of the Purchase Price) shall be paid within 90 days after the date of the Letter of Acceptance.,
2024-07-09,2024-07-16,,East Wing,29,C,,10000000,,180天現金優惠付款計劃 180-day Cash Payment Plan 臨時訂金即樓價 5%於投標書獲賣方接納當日(即接納書的日期)繳付 A preliminary deposit equivalent to 5% of the Purchase Price shall be paid upon the tender being accepted by the Vendor (i.e. the date of the Letter of Acceptance) 樓價95%(樓價餘額)於接納書的日期後180日內 95% of the Purchase Price (the balance of the Purchase Price) shall be paid within 180 days after the date of the Letter of Acceptance.,
2024-07-12,2024-07-19,,West Wing,26,C,,6489000,,120天現金優惠付款計劃 120-day Cash Payment Plan 臨時訂金即樓價 5%於投標書獲賣方接納當日(即接納書的日期)繳付 A preliminary deposit equivalent to 5% of the Purchase Price shall be paid upon the tender being accepted by the Vendor (i.e. the date of the Letter of Acceptance) 樓價95%(樓價餘額)於接納書的日期後120日內 95% of the Purchase Price (the balance of the Purchase Price) shall be paid within 120 days after the date of the Letter of Acceptance.,
2024-07-30,2024-08-06,,West Wing,35,G,,9295000,,90天現金優惠付款計劃 90-day Cash Payment Plan 臨時訂金即樓價 5%於投標書獲賣方接納當日(即接納書的日期)繳付 A preliminary deposit equivalent to 5% of the Purchase Price shall be paid upon the tender being accepted by the Vendor (i.e. the date of the Letter of Acceptance) 樓價95%(樓價餘額)於接納書的日期後90日內 95% of the Purchase Price (the balance of the Purchase Price) shall be paid within 90 days after the date of the Letter of Acceptance. - 代繳印花稅優惠(見備註7(xxxv)) Stamp Duty Payment Benefit (See remark 7(xxxv)).,
2024-08-18,2024-08-23,,West Wing,18,C,,6423000,,90天現金優惠付款計劃 90-day Cash Payment Plan 臨時訂金即樓價 5%於投標書獲賣方接納當日(即接納書的日期)繳付 A preliminary deposit equivalent to 5% of the Purchase Price shall be paid upon the tender being accepted by the Vendor (i.e. the date of the Letter of Acceptance) 樓價95%(樓價餘額)於接納書的日期後90日內 95% of the Purchase Price (the balance of the Purchase Price) shall be paid within 90 days after the date of the Letter of Acceptance. - 代繳印花稅優惠(見備註7(xxxv)) Stamp Duty Payment Benefit (See remark 7(xxxv)).,
2024-08-20,2024-08-27,,West Wing,31,H,,8987000,,90天現金優惠付款計劃 90-day Cash Payment Plan 臨時訂金即樓價 5%於投標書獲賣方接納當日(即接納書的日期)繳付 A preliminary deposit equivalent to 5% of the Purchase Price shall be paid upon the tender being accepted by the Vendor (i.e. the date of the Letter of Acceptance) 樓價95%(樓價餘額)於接納書的日期後90日內 95% of the Purchase Price (the balance of the Purchase Price) shall be paid within 90 days after the date of the Letter of Acceptance. - 代繳印花稅優惠(見備註7(xxxv)) Stamp Duty Payment Benefit (See remark 7(xxxv)).,
2024-08-25,2024-08-30,,West Wing,26,H,,8853000,,90天現金優惠付款計劃 90-day Cash Payment Plan 臨時訂金即樓價 5%於投標書獲賣方接納當日(即接納書的日期)繳付 A preliminary deposit equivalent to 5% of the Purchase Price shall be paid upon the tender being accepted by the Vendor (i.e. the date of the Letter of Acceptance) 樓價95%(樓價餘額)於接納書的日期後90日內 95% of the Purchase Price (the balance of the Purchase Price) shall be paid within 90 days after the date of the Letter of Acceptance.,
2024-08-26,2024-09-02,,West Wing,29,H,,8933000,,60天現金優惠付款計劃 60-day Cash Payment Plan 臨時訂金即樓價 5%於投標書獲賣方接納當日(即接納書的日期)繳付 A preliminary deposit equivalent to 5% of the Purchase Price shall be paid upon the tender being accepted by the Vendor (i.e. the date of the Letter of Acceptance) 樓價95%(樓價餘額)於接納書的日期後60日內 95% of the Purchase Price (the balance of the Purchase Price) shall be paid within 60 days after the date of the Letter of Acceptance. - 代繳印花稅優惠(見備註7(xxxv)) Stamp Duty Payment Benefit (See remark 7(xxxv)).,
2024-08-30,2024-09-09,,West Wing,21,H,,8758000,,120天現金優惠付款計劃 120-day Cash Payment Plan 臨時訂金即樓價 5%於投標書獲賣方接納當日(即接納書的日期)繳付 A preliminary deposit equivalent to 5% of the Purchase Price shall be paid upon the tender being accepted by the Vendor (i.e. the date of the Letter of Acceptance) 樓價95%(樓價餘額)於接納書的日期後120日內 95% of the Purchase Price (the balance of the Purchase Price) shall be paid within 120 days after the date of the Letter of Acceptance. - 代繳印花稅優惠(見備註7(xxxv)) Stamp Duty Payment Benefit (See remark 7(xxxv)).,
2024-08-31,2024-09-09,,East Wing,27,C,,11220000,,120天現金優惠付款計劃 120-day Cash Payment Plan 臨時訂金即樓價 5%於投標書獲賣方接納當日(即接納書的日期)繳付 A preliminary deposit equivalent to 5% of the Purchase Price shall be paid upon the tender being accepted by the Vendor (i.e. the date of the Letter of Acceptance) 樓價95%(樓價餘額)於接納書的日期後120日內 95% of the Purchase Price (the balance of the Purchase Price) shall be paid within 120 days after the date of the Letter of Acceptance. - 代繳印花稅優惠(見備註7(xxxv)) Stamp Duty Payment Benefit (See remark 7(xxxv)).,
2024-09-21,2024-09-27,,West Wing,25,H,,8827000,,90天現金優惠付款計劃 90-day Cash Payment Plan 臨時訂金即樓價 5%於投標書獲賣方接納當日(即接納書的日期)繳付 A preliminary deposit equivalent to 5% of the Purchase Price shall be paid upon the tender being accepted by the Vendor (i.e. the date of the Letter of Acceptance) 樓價95%(樓價餘額)於接納書的日期後90日內 95% of the Purchase Price (the balance of the Purchase Price) shall be paid within 90 days after the date of the Letter of Acceptance.,
2024-09-21,2024-09-27,,West Wing,25,C,,6470000,,90天現金優惠付款計劃 90-day Cash Payment Plan 臨時訂金即樓價 5%於投標書獲賣方接納當日(即接納書的日期)繳付 A preliminary deposit equivalent to 5% of the Purchase Price shall be paid upon the tender being accepted by the Vendor (i.e. the date of the Letter of Acceptance) 樓價95%(樓價餘額)於接納書的日期後90日內 95% of the Purchase Price (the balance of the Purchase Price) shall be paid within 90 days after the date of the Letter of Acceptance. - 傢俱優惠(見備註7(xxxviii)) - Furniture Benefit (See remark 7(xxxviii)).,
2024-09-23,2024-09-30,,East Wing,25,C,,11153000,,270天現金優惠付款計劃 270-day Cash Payment Plan 臨時訂金即樓價 5%於投標書獲賣方接納當日(即接納書的日期)繳付 A preliminary deposit equivalent to 5% of the Purchase Price shall be paid upon the tender being accepted by the Vendor (i.e. the date of the Letter of Acceptance) 加付訂金即樓價 5%於接納書的日期後 120 日內繳付 A further deposit equivalent to 5% of the Purchase Price shall be paid within 120 days after the date of Letter of Acceptance. 樓價 90%(樓價餘額) 於接納書的日期後 270 日內繳付 90% of the Purchase Price (the balance of the Purchase Price) shall be paid within 270 days after the date of the Letter of Acceptance. - 傢俱優惠(見備註7(xxxviii)) - Furniture Benefit (See remark 7(xxxviii)).,
2024-09-25,2024-10-03,,West Wing,27,H,,8879000,,90天現金優惠付款計劃 90-day Cash Payment Plan 臨時訂金即樓價 5%於投標書獲賣方接納當日(即接納書的日期)繳付 A preliminary deposit equivalent to 5% of the Purchase Price shall be paid upon the tender being accepted by the Vendor (i.e. the date of the Letter of Acceptance) 樓價95%(樓價餘額)於接納書的日期後90日內 95% of the Purchase Price (the balance of the Purchase Price) shall be paid within 90 days after the date of the Letter of Acceptance. - 代繳印花稅優惠(見備註7(xxxv)) Stamp Duty Payment Benefit (See remark 7(xxxv)).,
2024-10-05,2024-10-14,,West Wing,33,H,,9044000,,90天現金優惠付款計劃 90-day Cash Payment Plan 臨時訂金即樓價 5%於投標書獲賣方接納當日(即接納書的日期)繳付 A preliminary deposit equivalent to 5% of the Purchase Price shall be paid upon the tender being accepted by the Vendor (i.e. the date of the Letter of Acceptance) 樓價95%(樓價餘額)於接納書的日期後90日內 95% of the Purchase Price (the balance of the Purchase Price) shall be paid within 90 days after the date of the Letter of Acceptance.,
2024-10-11,2024-10-18,,West Wing,26,E,,8921000,,210天現金優惠付款計劃 210-day Cash Payment Plan 臨時訂金即樓價 5%於投標書獲賣方接納當日(即接納書的日期)繳付 A preliminary deposit equivalent to 5% of the Purchase Price shall be paid upon the tender being accepted by the Vendor (i.e. the date of the Letter of Acceptance) 樓價95%(樓價餘額)於接納書的日期後210日內 95% of the Purchase Price (the balance of the Purchase Price) shall be paid within 210 days after the date of the Letter of Acceptance. - 代繳印花稅優惠(見備註7(xxxv)) Stamp Duty Payment Benefit (See remark 7(xxxv)).,
2024-10-11,2024-10-18,,West Wing,35,F,,9500000,,90天現金優惠付款計劃 90-day Cash Payment Plan 臨時訂金即樓價 5%於投標書獲賣方接納當日(即接納書的日期)繳付 A preliminary deposit equivalent to 5% of the Purchase Price shall be paid upon the tender being accepted by the Vendor (i.e. the date of the Letter of Acceptance) 樓價95%(樓價餘額)於接納書的日期後90日內 95% of the Purchase Price (the balance of the Purchase Price) shall be paid within 90 days after the date of the Letter of Acceptance.,
2024-10-15,2024-10-22,,West Wing,31,E,,9054000,,150天現金優惠付款計劃 150-day Cash Payment Plan 臨時訂金即樓價 5%於投標書獲賣方接納當日(即接納書的日期)繳付 A preliminary deposit equivalent to 5% of the Purchase Price shall be paid upon the tender being accepted by the Vendor (i.e. the date of the Letter of Acceptance) 樓價95%(樓價餘額)於接納書的日期後150日內 95% of the Purchase Price (the balance of the Purchase Price) shall be paid within 150 days after the date of the Letter of Acceptance. - 傢俱優惠(見備註7(xxxviii)) - Furniture Benefit (See remark 7(xxxviii)). - 代繳印花稅優惠(見備註7(xxxv)) Stamp Duty Payment Benefit (See remark 7(xxxv)).,
2024-10-20,2024-10-25,,West Wing,22,B,,5880000,,90天現金優惠付款計劃 90-day Cash Payment Plan 臨時訂金即樓價 5%於投標書獲賣方接納當日(即接納書的日期)繳付 A preliminary deposit equivalent to 5% of the Purchase Price shall be paid upon the tender being accepted by the Vendor (i.e. the date of the Letter of Acceptance) 樓價95%(樓價餘額)於接納書的日期後90日內 95% of the Purchase Price (the balance of the Purchase Price) shall be paid within 90 days after the date of the Letter of Acceptance.,
2024-10-27,2024-11-01,,West Wing,21,E,,7813000,,90天現金優惠付款計劃 90-day Cash Payment Plan 臨時訂金即樓價 5%於投標書獲賣方接納當日(即接納書的日期)繳付 A preliminary deposit equivalent to 5% of the Purchase Price shall be paid upon the tender being accepted by the Vendor (i.e. the date of the Letter of Acceptance) 樓價95%(樓價餘額)於接納書的日期後90日內 95% of the Purchase Price (the balance of the Purchase Price) shall be paid within 90 days after the date of the Letter of Acceptance.,
2024-10-27,2024-11-01,,West Wing,25,E,,7800000,,120天現金優惠付款計劃 120-day Cash Payment Plan 臨時訂金即樓價 5%於投標書獲賣方接納當日(即接納書的日期)繳付 A preliminary deposit equivalent to 5% of the Purchase Price shall be paid upon the tender being accepted by the Vendor (i.e. the date of the Letter of Acceptance) 樓價95%(樓價餘額)於接納書的日期後120日內 95% of the Purchase Price (the balance of the Purchase Price) shall be paid within 120 days after the date of the Letter of Acceptance. - 代繳印花稅優惠(見備註7(xxxv)) Stamp Duty Payment Benefit (See remark 7(xxxv)).,
2024-10-27,,,West Wing,29,E,,8013000,,90天現金優惠付款計劃 90-day Cash Payment Plan 臨時訂金即樓價 5%於投標書獲賣方接納當日(即接納書的日期)繳付 A preliminary deposit equivalent to 5% of the Purchase Price shall be paid upon the tender being accepted by the Vendor (i.e. the date of the Letter of Acceptance) 樓價95%(樓價餘額)於接納書的日期後90日內 95% of the Purchase Price (the balance of the Purchase Price) shall be paid within 90 days after the date of the Letter of Acceptance. - 代繳印花稅優惠(見備註7(xxxv)) Stamp Duty Payment Benefit (See remark 7(xxxv)).,
2024-10-27,2024-11-01,,East Wing,12,G,,7500000,,150天現金優惠付款計劃 150-day Cash Payment Plan 臨時訂金即樓價 5%於投標書獲賣方接納當日(即接納書的日期)繳付 A preliminary deposit equivalent to 5% of the Purchase Price shall be paid upon the tender being accepted by the Vendor (i.e. the date of the Letter of Acceptance) 樓價95%(樓價餘額)於接納書的日期後150日內 95% of the Purchase Price (the balance of the Purchase Price) shall be paid within 150 days after the date of the Letter of Acceptance. - 代繳印花稅優惠(見備註7(xxxv)) Stamp Duty Payment Benefit (See remark 7(xxxv)).,
2024-10-28,2024-11-04,,West Wing,23,E,,7873000,,180天現金優惠付款計劃 180-day Cash Payment Plan 臨時訂金即樓價 5%於投標書獲賣方接納當日(即接納書的日期)繳付 A preliminary deposit equivalent to 5% of the Purchase Price shall be paid upon the tender being accepted by the Vendor (i.e. the date of the Letter of Acceptance) 樓價95%(樓價餘額)於接納書的日期後180日內 95% of the Purchase Price (the balance of the Purchase Price) shall be paid within 180 days after the date of the Letter of Acceptance. - 代繳印花稅優惠(見備註7(xxxv)) Stamp Duty Payment Benefit (See remark 7(xxxv)).,
2024-10-28,2024-11-04,,West Wing,22,E,,7843000,,180天現金優惠付款計劃 180-day Cash Payment Plan 臨時訂金即樓價 5%於投標書獲賣方接納當日(即接納書的日期)繳付 A preliminary deposit equivalent to 5% of the Purchase Price shall be paid upon the tender being accepted by the Vendor (i.e. the date of the Letter of Acceptance) 樓價95%(樓價餘額)於接納書的日期後180日內 95% of the Purchase Price (the balance of the Purchase Price) shall be paid within 180 days after the date of the Letter of Acceptance. - 代繳印花稅優惠(見備註7(xxxv)) Stamp Duty Payment Benefit (See remark 7(xxxv)).,
2024-10-30,2024-11-06,,West Wing,20,E,,7783000,,120天現金優惠付款計劃 120-day Cash Payment Plan 臨時訂金即樓價 5%於投標書獲賣方接納當日(即接納書的日期)繳付 A preliminary deposit equivalent to 5% of the Purchase Price shall be paid upon the tender being accepted by the Vendor (i.e. the date of the Letter of Acceptance) 樓價95%(樓價餘額)於接納書的日期後120日內 95% of the Purchase Price (the balance of the Purchase Price) shall be paid within 120 days after the date of the Letter of Acceptance. - 代繳印花稅優惠(見備註7(xxxv)) Stamp Duty Payment Benefit (See remark 7(xxxv)).,
2024-10-30,2024-11-06,,West Wing,27,E,,7933000,,120天現金優惠付款計劃 120-day Cash Payment Plan 臨時訂金即樓價 5%於投標書獲賣方接納當日(即接納書的日期)繳付 A preliminary deposit equivalent to 5% of the Purchase Price shall be paid upon the tender being accepted by the Vendor (i.e. the date of the Letter of Acceptance) 樓價95%(樓價餘額)於接納書的日期後120日內 95% of the Purchase Price (the balance of the Purchase Price) shall be paid within 120 days after the date of the Letter of Acceptance. - 代繳印花稅優惠(見備註7(xxxv)) Stamp Duty Payment Benefit (See remark 7(xxxv)).,
2024-10-30,2024-11-06,,West Wing,28,E,,7983000,,120天現金優惠付款計劃 120-day Cash Payment Plan 臨時訂金即樓價 5%於投標書獲賣方接納當日(即接納書的日期)繳付 A preliminary deposit equivalent to 5% of the Purchase Price shall be paid upon the tender being accepted by the Vendor (i.e. the date of the Letter of Acceptance) 樓價95%(樓價餘額)於接納書的日期後120日內 95% of the Purchase Price (the balance of the Purchase Price) shall be paid within 120 days after the date of the Letter of Acceptance.,
2024-10-30,2024-11-06,,West Wing,17,F,,9080000,,120天現金優惠付款計劃 120-day Cash Payment Plan 臨時訂金即樓價 5%於投標書獲賣方接納當日(即接納書的日期)繳付 A preliminary deposit equivalent to 5% of the Purchase Price shall be paid upon the tender being accepted by the Vendor (i.e. the date of the Letter of Acceptance) 樓價95%(樓價餘額)於接納書的日期後120日內 95% of the Purchase Price (the balance of the Purchase Price) shall be paid within 120 days after the date of the Letter of Acceptance. - 代繳印花稅優惠(見備註7(xxxv)) Stamp Duty Payment Benefit (See remark 7(xxxv)).,
2024-10-30,2024-11-06,,East Wing,5,B,,9880000,,120天現金優惠付款計劃 120-day Cash Payment Plan 臨時訂金即樓價 5%於投標書獲賣方接納當日(即接納書的日期)繳付 A preliminary deposit equivalent to 5% of the Purchase Price shall be paid upon the tender being accepted by the Vendor (i.e. the date of the Letter of Acceptance) 樓價95%(樓價餘額)於接納書的日期後120日內 95% of the Purchase Price (the balance of the Purchase Price) shall be paid within 120 days after the date of the Letter of Acceptance. - 代繳印花稅優惠(見備註7(xxxv)) Stamp Duty Payment Benefit (See remark 7(xxxv)).,
2024-10-31,2024-11-07,,East Wing,5,F,,9860000,,120天現金優惠付款計劃 120-day Cash Payment Plan 臨時訂金即樓價 5%於投標書獲賣方接納當日(即接納書的日期)繳付 A preliminary deposit equivalent to 5% of the Purchase Price shall be paid upon the tender being accepted by the Vendor (i.e. the date of the Letter of Acceptance) 樓價95%(樓價餘額)於接納書的日期後120日內 95% of the Purchase Price (the balance of the Purchase Price) shall be paid within 120 days after the date of the Letter of Acceptance.,
2024-11-04,2024-11-11,,West Wing,29,E,,8013000,,180天現金優惠付款計劃 180-day Cash Payment Plan 臨時訂金即樓價 5%於投標書獲賣方接納當日(即接納書的日期)繳付 A preliminary deposit equivalent to 5% of the Purchase Price shall be paid upon the tender being accepted by the Vendor (i.e. the date of the Letter of Acceptance) 樓價95%(樓價餘額)於接納書的日期後180日內 95% of the Purchase Price (the balance of the Purchase Price) shall be paid within 180 days after the date of the Letter of Acceptance.,
2024-11-04,2024-11-11,,West Wing,30,D,,4500000,,90天現金優惠付款計劃 90-day Cash Payment Plan 臨時訂金即樓價 5%於投標書獲賣方接納當日(即接納書的日期)繳付 A preliminary deposit equivalent to 5% of the Purchase Price shall be paid upon the tender being accepted by the Vendor (i.e. the date of the Letter of Acceptance) 樓價95%(樓價餘額)於接納書的日期後90日內 95% of the Purchase Price (the balance of the Purchase Price) shall be paid within 90 days after the date of the Letter of Acceptance. - 代繳印花稅優惠(見備註7(xxxv)) Stamp Duty Payment Benefit (See remark 7(xxxv)).,
2024-11-04,2024-11-11,,West Wing,32,D,,4500000,,90天現金優惠付款計劃 90-day Cash Payment Plan 臨時訂金即樓價 5%於投標書獲賣方接納當日(即接納書的日期)繳付 A preliminary deposit equivalent to 5% of the Purchase Price shall be paid upon the tender being accepted by the Vendor (i.e. the date of the Letter of Acceptance) 樓價95%(樓價餘額)於接納書的日期後90日內 95% of the Purchase Price (the balance of the Purchase Price) shall be paid within 90 days after the date of the Letter of Acceptance. - 代繳印花稅優惠(見備註7(xxxv)) Stamp Duty Payment Benefit (See remark 7(xxxv)).,
2024-11-05,2024-11-12,,West Wing,33,D,,4500000,,90天現金優惠付款計劃 90-day Cash Payment Plan 臨時訂金即樓價 5%於投標書獲賣方接納當日(即接納書的日期)繳付 A preliminary deposit equivalent to 5% of the Purchase Price shall be paid upon the tender being accepted by the Vendor (i.e. the date of the Letter of Acceptance) 樓價95%(樓價餘額)於接納書的日期後90日內 95% of the Purchase Price (the balance of the Purchase Price) shall be paid within 90 days after the date of the Letter of Acceptance.,
2024-11-05,2024-11-12,,West Wing,35,D,,4500000,,90天現金優惠付款計劃 90-day Cash Payment Plan 臨時訂金即樓價 5%於投標書獲賣方接納當日(即接納書的日期)繳付 A preliminary deposit equivalent to 5% of the Purchase Price shall be paid upon the tender being accepted by the Vendor (i.e. the date of the Letter of Acceptance) 樓價95%(樓價餘額)於接納書的日期後90日內 95% of the Purchase Price (the balance of the Purchase Price) shall be paid within 90 days after the date of the Letter of Acceptance.,
2024-11-06,2024-11-13,,West Wing,29,D,,4500000,,120天現金優惠付款計劃 120-day Cash Payment Plan 臨時訂金即樓價 5%於投標書獲賣方接納當日(即接納書的日期)繳付 A preliminary deposit equivalent to 5% of the Purchase Price shall be paid upon the tender being accepted by the Vendor (i.e. the date of the Letter of Acceptance) 樓價95%(樓價餘額)於接納書的日期後120日內 95% of the Purchase Price (the balance of the Purchase Price) shall be paid within 120 days after the date of the Letter of Acceptance. -傢俱優惠(見備註7(xxxviii)) -Furniture Benefit (See remark 7(xxxviii)). -代繳印花稅優惠(見備註7(xxxv)) Stamp Duty Payment Benefit (See remark 7(xxxv)).,
2024-11-21,2024-11-28,,East Wing,32,C,,10000000,,90天現金優惠付款計劃 90-day Cash Payment Plan 臨時訂金即樓價 5%於投標書獲賣方接納當日(即接納書的日期)繳付 A preliminary deposit equivalent to 5% of the Purchase Price shall be paid upon the tender being accepted by the Vendor (i.e. the date of the Letter of Acceptance) 樓價95%(樓價餘額)於接納書的日期後90日內 95% of the Purchase Price (the balance of the Purchase Price) shall be paid within 90 days after the date of the Letter of Acceptance.,
2024-12-18,2024-12-27,,West Wing,5,B,,5900000,,120天現金優惠付款計劃 120-day Cash Payment Plan 臨時訂金即樓價 5%於投標書獲賣方接納當日(即接納書的日期)繳付 A preliminary deposit equivalent to 5% of the Purchase Price shall be paid upon the tender being accepted by the Vendor (i.e. the date of the Letter of Acceptance) 樓價95%(樓價餘額)於接納書的日期後120日內 95% of the Purchase Price (the balance of the Purchase Price) shall be paid within 120 days after the date of the Letter of Acceptance. -代繳印花稅優惠(見備註7(xxxv)) Stamp Duty Payment Benefit (See remark 7(xxxv)).,
2025-02-11,2025-02-18,,West Wing,5,K,,5500000,,150天現金優惠付款計劃 150-day Cash Payment Plan 臨時訂金即樓價 5%於投標書獲賣方接納當日(即接納書的日期)繳付 A preliminary deposit equivalent to 5% of the Purchase Price shall be paid upon the tender being accepted by the Vendor (i.e. the date of the Letter of Acceptance) 樓價95%(樓價餘額)於接納書的日期後150日內 95% of the Purchase Price (the balance of the Purchase Price) shall be paid within 150 days after the date of the Letter of Acceptance.,
2025-02-15,2025-02-21,,East Wing,5,C,,5500000,,90天現金優惠付款計劃 90-day Cash Payment Plan 臨時訂金即樓價 5%於投標書獲賣方接納當日(即接納書的日期)繳付 A preliminary deposit equivalent to 5% of the Purchase Price shall be paid upon the tender being accepted by the Vendor (i.e. the date of the Letter of Acceptance) 樓價95%(樓價餘額)於接納書的日期後90日內 95% of the Purchase Price (the balance of the Purchase Price) shall be paid within 90 days after the date of the Letter of Acceptance.,
2025-02-22,2025-02-28,,East Wing,5,E,,9200000,,"120天現金優惠付款計劃 120-day Cash Payment Plan 臨時訂金即樓價 5%於投標書獲賣方接納當日(即接納書的日期)繳付 A preliminary deposit equivalent to 5% of the Purchase Price shall be paid upon the tender being accepted by the Vendor (i.e. the date of the Letter of Acceptance) 加付訂金HK$65,000於投標書獲賣方接納當日(即接納書的日期)繳付 A further deposit HK$65,000 shall be paid upon the tender being accepted by the Vendor (i.e. the date of the Letter of Acceptance) 樓價HK$8.675.000(樓價餘額)於接納書的日期後120日內 HK$8,675,000 (the balance of the Purchase Price) shall be paid within 120 days after the date of the Letter of Acceptance.",
2025-03-01,2025-03-07,,East Wing,5,D,,3930000,,90天現金優惠付款計劃 90-day Cash Payment Plan 臨時訂金即樓價 5%於投標書獲賣方接納當日(即接納書的日期)繳付 A preliminary deposit equivalent to 5% of the Purchase Price shall be paid upon the tender being accepted by the Vendor (i.e. the date of the Letter of Acceptance) 樓價95%(樓價餘額)於接納書的日期後90日內 95% of the Purchase Price (the balance of the Purchase Price) shall be paid within 90 days after the date of the Letter of Acceptance.,
