pasp,asp,terminated,block,floor,unit,carpark,price,revision,terms,related
2021-05-01,2021-05-07,2023-10-20,第1座(1A) TOWER 1 (1A),22,B,,18462000,,價單第1號 / Price List No. 1 • 見備註7(c)(iv) / See Remark 7(c)(iv) • 見備註7(d) / See Remark 7(d) • 見備註7(e) / See Remark 7(e) • 見備註7(f) / See Remark 7(f),
2021-05-01,2021-05-07,,第1座(1A) TOWER 1 (1A),21,B,,18280000,"在08-07-2021，基 於法例第 35(2)(b)條所容許 的原因，售價更改 為$18,388,000 On 08-07-2021, the price adjusted to $18,388,000 due to the reason allowed under section 35(2)(b) of the Ordinance","價單第1號 / Price List No. 1 • 見備註7(c)(ii), 7(g) / See Remark 7(c)(ii), 7(g) • 見備註7(d) / See Remark 7(d) • 見備註7(e) / See Remark 7(e) • 見備註7(f) / See Remark 7(f) 在08-07-2021，支付條款修改為 On 08-07-2021, the terms of payment adjusted to 價單第1號 / Price List No. 1 • 見備註7(c)(iv) / See Remark 7(c)(iv) • 見備註7(d) / See Remark 7(d) • 見備註7(e) / See Remark 7(e) • 見備註7(f) / See Remark 7(f)",
2021-05-01,2021-05-07,,第1座(1A) TOWER 1 (1A),20,B,,17686000,,價單第1號 / Price List No. 1 • 見備註7(c)(i) / See Remark 7(c)(i) • 見備註7(d) / See Remark 7(d) • 見備註7(e) / See Remark 7(e) • 見備註7(f) / See Remark 7(f),
2021-05-01,2021-05-07,,第1座(1A) TOWER 1 (1A),19,B,,18514000,,價單第2號 / Price List No. 2 • 見備註7(c)(i) / See Remark 7(c)(i) • 見備註7(d) / See Remark 7(d) • 見備註7(e) / See Remark 7(e) • 見備註7(f) / See Remark 7(f),
2021-05-01,2021-05-07,,第1座(1A) TOWER 1 (1A),18,B,,19192000,,價單第2號 / Price List No. 2 • 見備註7(c)(iv) / See Remark 7(c)(iv) • 見備註7(d) / See Remark 7(d) • 見備註7(e) / See Remark 7(e) • 見備註7(f) / See Remark 7(f),
2021-05-01,2021-05-07,,第1座(1A) TOWER 1 (1A),17,B,,17528000,,價單第1號 / Price List No. 1 • 見備註7(c)(i) / See Remark 7(c)(i) • 見備註7(d) / See Remark 7(d) • 見備註7(e) / See Remark 7(e) • 見備註7(f) / See Remark 7(f),
2021-05-01,2021-05-07,,第1座(1A) TOWER 1 (1A),16,B,,18115000,,價單第1號 / Price List No. 1 • 見備註7(c)(iv) / See Remark 7(c)(iv) • 見備註7(d) / See Remark 7(d) • 見備註7(e) / See Remark 7(e) • 見備註7(f) / See Remark 7(f),
2021-05-01,2021-05-07,,第1座(1A) TOWER 1 (1A),15,B,,17423000,,價單第1號 / Price List No. 1 • 見備註7(c)(i) / See Remark 7(c)(i) • 見備註7(d) / See Remark 7(d) • 見備註7(e) / See Remark 7(e) • 見備註7(f) / See Remark 7(f),
2021-05-01,2021-05-07,,第1座(1A) TOWER 1 (1A),12,B,,17371000,,價單第1號 / Price List No. 1 • 見備註7(c)(i) / See Remark 7(c)(i) • 見備註7(d) / See Remark 7(d) • 見備註7(e) / See Remark 7(e) • 見備註7(f) / See Remark 7(f),
2021-05-01,2021-05-07,,第1座(1A) TOWER 1 (1A),11,B,,18491000,,價單第2號 / Price List No. 2 • 見備註7(c)(iv) / See Remark 7(c)(iv) • 見備註7(d) / See Remark 7(d) • 見備註7(e) / See Remark 7(e) • 見備註7(f) / See Remark 7(f),
2021-05-01,2021-05-07,,第1座(1A) TOWER 1 (1A),10,B,,18436000,,價單第2號 / Price List No. 2 • 見備註7(c)(iv) / See Remark 7(c)(iv) • 見備註7(d) / See Remark 7(d) • 見備註7(e) / See Remark 7(e) • 見備註7(f) / See Remark 7(f),
2021-05-01,2021-05-06,,第1座(1A) TOWER 1 (1A),9,B,,18253000,,價單第2號 / Price List No. 2 • 見備註7(c)(iv) / See Remark 7(c)(iv) • 見備註7(d) / See Remark 7(d) • 見備註7(e) / See Remark 7(e) • 見備註7(f) / See Remark 7(f),
2021-05-01,2021-05-07,,第1座(1A) TOWER 1 (1A),8,B,,17721000,,價單第1號 / Price List No. 1 • 見備註7(c)(iv) / See Remark 7(c)(iv) • 見備註7(d) / See Remark 7(d) • 見備註7(e) / See Remark 7(e) • 見備註7(f) / See Remark 7(f),
2021-05-01,2021-05-07,,第1座(1A) TOWER 1 (1A),7,B,,17374000,,價單第1號 / Price List No. 1 • 見備註7(c)(iv) / See Remark 7(c)(iv) • 見備註7(d) / See Remark 7(d) • 見備註7(e) / See Remark 7(e) • 見備註7(f) / See Remark 7(f),
2021-05-01,2021-05-07,,第1座(1A) TOWER 1 (1A),6,B,,17202000,,價單第1號 / Price List No. 1 • 見備註7(c)(iv) / See Remark 7(c)(iv) • 見備註7(d) / See Remark 7(d) • 見備註7(e) / See Remark 7(e) • 見備註7(f) / See Remark 7(f),
2021-05-01,2021-05-07,,第1座(1A) TOWER 1 (1A),22,C,,17810000,,價單第1號 / Price List No. 1 • 見備註7(c)(i) / See Remark 7(c)(i) • 見備註7(d) / See Remark 7(d) • 見備註7(e) / See Remark 7(e) • 見備註7(f) / See Remark 7(f),
2021-05-01,2021-05-07,,第1座(1A) TOWER 1 (1A),21,C,,17739000,,價單第1號 / Price List No. 1 • 見備註7(c)(i) / See Remark 7(c)(i) • 見備註7(d) / See Remark 7(d) • 見備註7(e) / See Remark 7(e) • 見備註7(f) / See Remark 7(f),
2021-05-01,2021-05-07,,第1座(1A) TOWER 1 (1A),20,C,,17686000,,價單第1號 / Price List No. 1 • 見備註7(c)(i) / See Remark 7(c)(i) • 見備註7(d) / See Remark 7(d) • 見備註7(e) / See Remark 7(e) • 見備註7(f) / See Remark 7(f),
2021-05-01,2021-05-07,,第1座(1A) TOWER 1 (1A),19,C,,18514000,,價單第2號 / Price List No. 2 • 見備註7(c)(i) / See Remark 7(c)(i) • 見備註7(d) / See Remark 7(d) • 見備註7(e) / See Remark 7(e) • 見備註7(f) / See Remark 7(f),
2021-05-01,2021-05-07,,第1座(1A) TOWER 1 (1A),18,C,,18514000,,價單第2號 / Price List No. 2 • 見備註7(c)(i) / See Remark 7(c)(i) • 見備註7(d) / See Remark 7(d) • 見備註7(e) / See Remark 7(e) • 見備註7(f) / See Remark 7(f),
2021-05-01,2021-05-07,2023-10-20,第1座(1A) TOWER 1 (1A),17,C,,18169000,,價單第1號 / Price List No. 1 • 見備註7(c)(iv) / See Remark 7(c)(iv) • 見備註7(d) / See Remark 7(d) • 見備註7(e) / See Remark 7(e) • 見備註7(f) / See Remark 7(f),
2021-05-01,2021-05-07,,第1座(1A) TOWER 1 (1A),16,C,,18115000,,價單第1號 / Price List No. 1 • 見備註7(c)(iv) / See Remark 7(c)(iv) • 見備註7(d) / See Remark 7(d) • 見備註7(e) / See Remark 7(e) • 見備註7(f) / See Remark 7(f),
2021-05-01,2021-05-07,,第1座(1A) TOWER 1 (1A),15,C,,18060000,,價單第1號 / Price List No. 1 • 見備註7(c)(iv) / See Remark 7(c)(iv) • 見備註7(d) / See Remark 7(d) • 見備註7(e) / See Remark 7(e) • 見備註7(f) / See Remark 7(f),
2021-05-01,2021-05-07,,第1座(1A) TOWER 1 (1A),12,C,,17371000,,價單第1號 / Price List No. 1 • 見備註7(c)(i) / See Remark 7(c)(i) • 見備註7(d) / See Remark 7(d) • 見備註7(e) / See Remark 7(e) • 見備註7(f) / See Remark 7(f),
2021-05-01,2021-05-07,,第1座(1A) TOWER 1 (1A),11,C,,18491000,,價單第2號 / Price List No. 2 • 見備註7(c)(iv) / See Remark 7(c)(iv) • 見備註7(d) / See Remark 7(d) • 見備註7(e) / See Remark 7(e) • 見備註7(f) / See Remark 7(f),
2021-05-01,2021-05-07,,第1座(1A) TOWER 1 (1A),10,C,,18436000,,價單第2號 / Price List No. 2 • 見備註7(c)(iv) / See Remark 7(c)(iv) • 見備註7(d) / See Remark 7(d) • 見備註7(e) / See Remark 7(e) • 見備註7(f) / See Remark 7(f),
2021-05-01,2021-05-07,,第1座(1A) TOWER 1 (1A),9,C,,18253000,,價單第2號 / Price List No. 2 • 見備註7(c)(iv) / See Remark 7(c)(iv) • 見備註7(d) / See Remark 7(d) • 見備註7(e) / See Remark 7(e) • 見備註7(f) / See Remark 7(f),
2021-05-01,2021-05-07,,第1座(1A) TOWER 1 (1A),8,C,,17721000,,價單第1號 / Price List No. 1 • 見備註7(c)(iv) / See Remark 7(c)(iv) • 見備註7(d) / See Remark 7(d) • 見備註7(e) / See Remark 7(e) • 見備註7(f) / See Remark 7(f),
2021-05-01,2021-05-06,,第1座(1A) TOWER 1 (1A),7,C,,17374000,,價單第1號 / Price List No. 1 • 見備註7(c)(iv) / See Remark 7(c)(iv) • 見備註7(d) / See Remark 7(d) • 見備註7(e) / See Remark 7(e) • 見備註7(f) / See Remark 7(f),
2021-05-01,2021-05-07,,第1座(1A) TOWER 1 (1A),6,C,,17000000,"在19-07-2021，基 於法例第 35(2)(b)條所容許 的原因，售價更改 為$17,202,000 On 19-07-2021, the price adjusted to $17,202,000 due to the reason allowed under section 35(2)(b) of the Ordinance","價單第1號 / Price List No. 1 • 見備註7(c)(iii) / See Remark 7(c)(iii) • 見備註7(d) / See Remark 7(d) • 見備註7(e) / See Remark 7(e) • 見備註7(f) / See Remark 7(f) 在19-07-2021，支付條款修改為 On 19-07-2021, the terms of payment adjusted to 價單第1號 / Price List No. 1 • 見備註7(c)(iv) / See Remark 7(c)(iv) • 見備註7(d) / See Remark 7(d) • 見備註7(e) / See Remark 7(e) • 見備註7(f) / See Remark 7(f)",
2021-05-01,2021-05-07,,第1座(1A) TOWER 1 (1A),37,D,,12740000,"在08-07-2021，基 於法例第 35(2)(b)條所容許 的原因，售價更改 為$13,206,000 On 08-07-2021, the price adjusted to $13,206,000 due to the reason allowed under section 35(2)(b) of the Ordinance","價單第1號 / Price List No. 1 • 見備註7(c)(i) / See Remark 7(c)(i) • 見備註7(d) / See Remark 7(d) • 見備註7(e) / See Remark 7(e) • 見備註7(f) / See Remark 7(f) 在08-07-2021，支付條款修改為 On 08-07-2021, the terms of payment adjusted to 價單第1號 / Price List No. 1 • 見備註7(c)(iv) / See Remark 7(c)(iv) • 見備註7(d) / See Remark 7(d) • 見備註7(e) / See Remark 7(e) • 見備註7(f) / See Remark 7(f)",
2021-05-01,2021-05-07,,第1座(1A) TOWER 1 (1A),36,D,,12708000,,價單第1號 / Price List No. 1 • 見備註7(c)(i) / See Remark 7(c)(i) • 見備註7(d) / See Remark 7(d) • 見備註7(e) / See Remark 7(e) • 見備註7(f) / See Remark 7(f),
2021-05-01,2021-05-06,,第1座(1A) TOWER 1 (1A),35,D,,13140000,,價單第1號 / Price List No. 1 • 見備註7(c)(iv) / See Remark 7(c)(iv) • 見備註7(d) / See Remark 7(d) • 見備註7(e) / See Remark 7(e) • 見備註7(f) / See Remark 7(f),
2021-05-01,2021-05-06,,第1座(1A) TOWER 1 (1A),33,D,,12645000,,價單第1號 / Price List No. 1 • 見備註7(c)(i) / See Remark 7(c)(i) • 見備註7(d) / See Remark 7(d) • 見備註7(e) / See Remark 7(e) • 見備註7(f) / See Remark 7(f),
2021-05-01,2021-05-07,,第1座(1A) TOWER 1 (1A),32,D,,12921000,,價單第1號 / Price List No. 1 • 見備註7(c)(iii) / See Remark 7(c)(iii) • 見備註7(d) / See Remark 7(d) • 見備註7(e) / See Remark 7(e) • 見備註7(f) / See Remark 7(f),
2021-05-01,2021-05-07,,第1座(1A) TOWER 1 (1A),31,D,,12965000,,"價單第1號 / Price List No. 1 • 見備註7(c)(ii), 7(g) / See Remark 7(c)(ii), 7(g) • 見備註7(d) / See Remark 7(d) • 見備註7(e) / See Remark 7(e) • 見備註7(f) / See Remark 7(f)",
2021-05-01,2021-05-07,,第1座(1A) TOWER 1 (1A),30,D,,12551000,,價單第1號 / Price List No. 1 • 見備註7(c)(i) / See Remark 7(c)(i) • 見備註7(d) / See Remark 7(d) • 見備註7(e) / See Remark 7(e) • 見備註7(f) / See Remark 7(f),
2021-05-01,2021-05-07,,第1座(1A) TOWER 1 (1A),29,D,,12519000,,價單第1號 / Price List No. 1 • 見備註7(c)(i) / See Remark 7(c)(i) • 見備註7(d) / See Remark 7(d) • 見備註7(e) / See Remark 7(e) • 見備註7(f) / See Remark 7(f),
2021-05-01,2021-05-07,,第1座(1A) TOWER 1 (1A),28,D,,12977000,,價單第1號 / Price List No. 1 • 見備註7(c)(iv) / See Remark 7(c)(iv) • 見備註7(d) / See Remark 7(d) • 見備註7(e) / See Remark 7(e) • 見備註7(f) / See Remark 7(f),
2021-05-01,2021-05-07,,第1座(1A) TOWER 1 (1A),27,D,,12913000,"在30-08-2021，基 於法例第 35(2)(b)條所容許 的原因，售價更改 為$12,457,000 On 30-08-2021, the price adjusted to $12,457,000 due to the reason allowed under section 35(2)(b) of the Ordinance","價單第1號 / Price List No. 1 • 見備註7(c)(iv) / See Remark 7(c)(iv) • 見備註7(d) / See Remark 7(d) • 見備註7(e) / See Remark 7(e) • 見備註7(f) / See Remark 7(f) 在30-08-2021，支付條款修改為 On 30-08-2021, the terms of payment adjusted to 價單第1號 / Price List No. 1 • 見備註7(c)(i) / See Remark 7(c)(i) • 見備註7(d) / See Remark 7(d) • 見備註7(e) / See Remark 7(e) • 見備註7(f) / See Remark 7(f)",
2021-05-01,2021-05-05,,第1座(1A) TOWER 1 (1A),26,D,,12881000,,價單第1號 / Price List No. 1 • 見備註7(c)(iv) / See Remark 7(c)(iv) • 見備註7(d) / See Remark 7(d) • 見備註7(e) / See Remark 7(e) • 見備註7(f) / See Remark 7(f),
2021-05-01,2021-05-06,,第1座(1A) TOWER 1 (1A),25,D,,12395000,,價單第1號 / Price List No. 1 • 見備註7(c)(i) / See Remark 7(c)(i) • 見備註7(d) / See Remark 7(d) • 見備註7(e) / See Remark 7(e) • 見備註7(f) / See Remark 7(f),
2021-05-01,2021-05-07,,第1座(1A) TOWER 1 (1A),23,D,,12364000,,價單第1號 / Price List No. 1 • 見備註7(c)(i) / See Remark 7(c)(i) • 見備註7(d) / See Remark 7(d) • 見備註7(e) / See Remark 7(e) • 見備註7(f) / See Remark 7(f),
2021-05-01,2021-05-07,,第1座(1A) TOWER 1 (1A),22,D,,12784000,,價單第1號 / Price List No. 1 • 見備註7(c)(iv) / See Remark 7(c)(iv) • 見備註7(d) / See Remark 7(d) • 見備註7(e) / See Remark 7(e) • 見備註7(f) / See Remark 7(f),
2021-05-01,2021-05-07,,第1座(1A) TOWER 1 (1A),21,D,,12596000,,價單第1號 / Price List No. 1 • 見備註7(c)(iii) / See Remark 7(c)(iii) • 見備註7(d) / See Remark 7(d) • 見備註7(e) / See Remark 7(e) • 見備註7(f) / See Remark 7(f),
2021-05-01,2021-05-07,,第1座(1A) TOWER 1 (1A),20,D,,12259000,,價單第1號 / Price List No. 1 • 見備註7(c)(i) / See Remark 7(c)(i) • 見備註7(d) / See Remark 7(d) • 見備註7(e) / See Remark 7(e) • 見備註7(f) / See Remark 7(f),
2021-05-01,2021-05-07,,第1座(1A) TOWER 1 (1A),19,D,,12223000,,價單第1號 / Price List No. 1 • 見備註7(c)(i) / See Remark 7(c)(i) • 見備註7(d) / See Remark 7(d) • 見備註7(e) / See Remark 7(e) • 見備註7(f) / See Remark 7(f),
2021-05-01,2021-05-07,,第1座(1A) TOWER 1 (1A),18,D,,12670000,,價單第1號 / Price List No. 1 • 見備註7(c)(iv) / See Remark 7(c)(iv) • 見備註7(d) / See Remark 7(d) • 見備註7(e) / See Remark 7(e) • 見備註7(f) / See Remark 7(f),
2021-05-01,2021-05-07,2024-01-12,第1座(1A) TOWER 1 (1A),17,D,,12594000,,價單第1號 / Price List No. 1 • 見備註7(c)(iv) / See Remark 7(c)(iv) • 見備註7(d) / See Remark 7(d) • 見備註7(e) / See Remark 7(e) • 見備註7(f) / See Remark 7(f),
2021-05-01,2021-05-07,,第1座(1A) TOWER 1 (1A),16,D,,12114000,,價單第1號 / Price List No. 1 • 見備註7(c)(i) / See Remark 7(c)(i) • 見備註7(d) / See Remark 7(d) • 見備註7(e) / See Remark 7(e) • 見備註7(f) / See Remark 7(f),
2021-05-01,2021-05-07,,第1座(1A) TOWER 1 (1A),15,D,,12519000,,價單第1號 / Price List No. 1 • 見備註7(c)(iv) / See Remark 7(c)(iv) • 見備註7(d) / See Remark 7(d) • 見備註7(e) / See Remark 7(e) • 見備註7(f) / See Remark 7(f),
2021-05-01,2021-05-07,,第1座(1A) TOWER 1 (1A),12,D,,12482000,"在24-08-2021，基 於法例第 35(2)(b)條所容許 的原因，售價更改 為$12,041,000 On 24-08-2021, the price adjusted to $12,041,000 due to the reason allowed under section 35(2)(b) of the Ordinance","價單第1號 / Price List No. 1 • 見備註7(c)(iv) / See Remark 7(c)(iv) • 見備註7(d) / See Remark 7(d) • 見備註7(e) / See Remark 7(e) • 見備註7(f) / See Remark 7(f) 在24-08-2021，支付條款修改為 On 24-08-2021, the terms of payment adjusted to 價單第1號 / Price List No. 1 • 見備註7(c)(i) / See Remark 7(c)(i) • 見備註7(d) / See Remark 7(d) • 見備註7(e) / See Remark 7(e) • 見備註7(f) / See Remark 7(f)",
2021-05-01,2021-05-07,,第1座(1A) TOWER 1 (1A),11,D,,12005000,,價單第1號 / Price List No. 1 • 見備註7(c)(i) / See Remark 7(c)(i) • 見備註7(d) / See Remark 7(d) • 見備註7(e) / See Remark 7(e) • 見備註7(f) / See Remark 7(f),
2021-05-01,2021-05-07,,第1座(1A) TOWER 1 (1A),10,D,,12407000,,價單第1號 / Price List No. 1 • 見備註7(c)(iv) / See Remark 7(c)(iv) • 見備註7(d) / See Remark 7(d) • 見備註7(e) / See Remark 7(e) • 見備註7(f) / See Remark 7(f),
2021-05-01,2021-05-07,,第1座(1A) TOWER 1 (1A),9,D,,12297000,,"價單第1號 / Price List No. 1 • 見備註7(c)(ii), 7(g) / See Remark 7(c)(ii), 7(g) • 見備註7(d) / See Remark 7(d) • 見備註7(e) / See Remark 7(e) • 見備註7(f) / See Remark 7(f)",
2021-05-01,2021-05-07,2023-12-05,第1座(1A) TOWER 1 (1A),8,D,,12370000,,價單第1號 / Price List No. 1 • 見備註7(c)(iv) / See Remark 7(c)(iv) • 見備註7(d) / See Remark 7(d) • 見備註7(e) / See Remark 7(e) • 見備註7(f) / See Remark 7(f),
2021-05-01,2021-05-07,,第1座(1A) TOWER 1 (1A),7,D,,12297000,,價單第1號 / Price List No. 1 • 見備註7(c)(iv) / See Remark 7(c)(iv) • 見備註7(d) / See Remark 7(d) • 見備註7(e) / See Remark 7(e) • 見備註7(f) / See Remark 7(f),
2021-05-01,2021-05-07,,第1座(1A) TOWER 1 (1A),6,D,,12223000,,價單第1號 / Price List No. 1 • 見備註7(c)(iv) / See Remark 7(c)(iv) • 見備註7(d) / See Remark 7(d) • 見備註7(e) / See Remark 7(e) • 見備註7(f) / See Remark 7(f),
2021-05-01,2021-05-07,,第1座(1A) TOWER 1 (1A),32,E,,18485000,,價單第2號 / Price List No. 2 • 見備註7(c)(iv) / See Remark 7(c)(iv) • 見備註7(d) / See Remark 7(d) • 見備註7(e) / See Remark 7(e) • 見備註7(f) / See Remark 7(f),
2021-05-01,2021-05-07,2023-10-20,第1座(1A) TOWER 1 (1A),31,E,,18430000,,價單第2號 / Price List No. 2 • 見備註7(c)(iv) / See Remark 7(c)(iv) • 見備註7(d) / See Remark 7(d) • 見備註7(e) / See Remark 7(e) • 見備註7(f) / See Remark 7(f),
2021-05-01,2021-05-07,,第1座(1A) TOWER 1 (1A),30,E,,17726000,,價單第2號 / Price List No. 2 • 見備註7(c)(i) / See Remark 7(c)(i) • 見備註7(d) / See Remark 7(d) • 見備註7(e) / See Remark 7(e) • 見備註7(f) / See Remark 7(f),
2021-05-01,2021-05-07,2023-10-20,第1座(1A) TOWER 1 (1A),29,E,,18320000,,價單第2號 / Price List No. 2 • 見備註7(c)(iv) / See Remark 7(c)(iv) • 見備註7(d) / See Remark 7(d) • 見備註7(e) / See Remark 7(e) • 見備註7(f) / See Remark 7(f),
2021-05-01,2021-05-07,2023-10-20,第1座(1A) TOWER 1 (1A),28,E,,18320000,,價單第2號 / Price List No. 2 • 見備註7(c)(iv) / See Remark 7(c)(iv) • 見備註7(d) / See Remark 7(d) • 見備註7(e) / See Remark 7(e) • 見備註7(f) / See Remark 7(f),
2021-05-01,2021-05-07,2023-10-20,第1座(1A) TOWER 1 (1A),27,E,,18211000,,價單第2號 / Price List No. 2 • 見備註7(c)(iv) / See Remark 7(c)(iv) • 見備註7(d) / See Remark 7(d) • 見備註7(e) / See Remark 7(e) • 見備註7(f) / See Remark 7(f),
2021-05-01,2021-05-07,,第1座(1A) TOWER 1 (1A),26,E,,17889000,,價單第2號 / Price List No. 2 • 見備註7(c)(iii) / See Remark 7(c)(iii) • 見備註7(d) / See Remark 7(d) • 見備註7(e) / See Remark 7(e) • 見備註7(f) / See Remark 7(f),
2021-05-01,2021-05-07,,第1座(1A) TOWER 1 (1A),25,E,,17359000,,價單第2號 / Price List No. 2 • 見備註7(c)(i) / See Remark 7(c)(i) • 見備註7(d) / See Remark 7(d) • 見備註7(e) / See Remark 7(e) • 見備註7(f) / See Remark 7(f),
2021-05-01,2021-05-07,,第1座(1A) TOWER 1 (1A),23,E,,17256000,,價單第2號 / Price List No. 2 • 見備註7(c)(i) / See Remark 7(c)(i) • 見備註7(d) / See Remark 7(d) • 見備註7(e) / See Remark 7(e) • 見備註7(f) / See Remark 7(f),
2021-05-01,2021-05-05,,第1座(1A) TOWER 1 (1A),22,E,,17833000,,價單第2號 / Price List No. 2 • 見備註7(c)(iv) / See Remark 7(c)(iv) • 見備註7(d) / See Remark 7(d) • 見備註7(e) / See Remark 7(e) • 見備註7(f) / See Remark 7(f),
2021-05-01,2021-05-07,,第1座(1A) TOWER 1 (1A),21,E,,18060000,,價單第2號 / Price List No. 2 • 見備註7(c)(iv) / See Remark 7(c)(iv) • 見備註7(d) / See Remark 7(d) • 見備註7(e) / See Remark 7(e) • 見備註7(f) / See Remark 7(f),
2021-05-01,2021-05-07,,第1座(1A) TOWER 1 (1A),20,E,,17371000,,價單第2號 / Price List No. 2 • 見備註7(c)(i) / See Remark 7(c)(i) • 見備註7(d) / See Remark 7(d) • 見備註7(e) / See Remark 7(e) • 見備註7(f) / See Remark 7(f),
2021-05-01,2021-05-06,,第1座(1A) TOWER 1 (1A),19,E,,17952000,,價單第2號 / Price List No. 2 • 見備註7(c)(iv) / See Remark 7(c)(iv) • 見備註7(d) / See Remark 7(d) • 見備註7(e) / See Remark 7(e) • 見備註7(f) / See Remark 7(f),
2021-05-01,2021-05-07,,第1座(1A) TOWER 1 (1A),18,E,,17952000,,價單第2號 / Price List No. 2 • 見備註7(c)(iv) / See Remark 7(c)(iv) • 見備註7(d) / See Remark 7(d) • 見備註7(e) / See Remark 7(e) • 見備註7(f) / See Remark 7(f),
2021-05-01,2021-05-07,2023-10-20,第1座(1A) TOWER 1 (1A),17,E,,17845000,,價單第2號 / Price List No. 2 • 見備註7(c)(iv) / See Remark 7(c)(iv) • 見備註7(d) / See Remark 7(d) • 見備註7(e) / See Remark 7(e) • 見備註7(f) / See Remark 7(f),
2021-05-01,2021-05-07,,第1座(1A) TOWER 1 (1A),16,E,,17164000,,價單第2號 / Price List No. 2 • 見備註7(c)(i) / See Remark 7(c)(i) • 見備註7(d) / See Remark 7(d) • 見備註7(e) / See Remark 7(e) • 見備註7(f) / See Remark 7(f),
2021-05-01,2021-05-07,,第1座(1A) TOWER 1 (1A),15,E,,17112000,,價單第2號 / Price List No. 2 • 見備註7(c)(i) / See Remark 7(c)(i) • 見備註7(d) / See Remark 7(d) • 見備註7(e) / See Remark 7(e) • 見備註7(f) / See Remark 7(f),
2021-05-01,2021-05-07,,第1座(1A) TOWER 1 (1A),12,E,,17061000,,價單第2號 / Price List No. 2 • 見備註7(c)(i) / See Remark 7(c)(i) • 見備註7(d) / See Remark 7(d) • 見備註7(e) / See Remark 7(e) • 見備註7(f) / See Remark 7(f),
2021-05-01,2021-05-07,,第1座(1A) TOWER 1 (1A),11,E,,17632000,,價單第2號 / Price List No. 2 • 見備註7(c)(iv) / See Remark 7(c)(iv) • 見備註7(d) / See Remark 7(d) • 見備註7(e) / See Remark 7(e) • 見備註7(f) / See Remark 7(f),
2021-05-01,2021-05-07,,第1座(1A) TOWER 1 (1A),10,E,,16959000,,價單第2號 / Price List No. 2 • 見備註7(c)(i) / See Remark 7(c)(i) • 見備註7(d) / See Remark 7(d) • 見備註7(e) / See Remark 7(e) • 見備註7(f) / See Remark 7(f),
2021-05-01,2021-05-07,,第1座(1A) TOWER 1 (1A),21,F,,27269000,,價單第1號 / Price List No. 1 • 見備註7(c)(iv) / See Remark 7(c)(iv) • 見備註7(d) / See Remark 7(d) • 見備註7(e) / See Remark 7(e) • 見備註7(f) / See Remark 7(f),
2021-05-01,2021-05-07,,第1座(1A) TOWER 1 (1A),20,F,,26228000,,價單第1號 / Price List No. 1 • 見備註7(c)(i) / See Remark 7(c)(i) • 見備註7(d) / See Remark 7(d) • 見備註7(e) / See Remark 7(e) • 見備註7(f) / See Remark 7(f),
2021-05-01,2021-05-07,,第1座(1A) TOWER 1 (1A),19,F,,26150000,,價單第1號 / Price List No. 1 • 見備註7(c)(i) / See Remark 7(c)(i) • 見備註7(d) / See Remark 7(d) • 見備註7(e) / See Remark 7(e) • 見備註7(f) / See Remark 7(f),
2021-05-01,2021-05-07,2023-07-31,第1座(1A) TOWER 1 (1A),18,F,,27107000,,價單第1號 / Price List No. 1 • 見備註7(c)(iv) / See Remark 7(c)(iv) • 見備註7(d) / See Remark 7(d) • 見備註7(e) / See Remark 7(e) • 見備註7(f) / See Remark 7(f),
2021-05-01,2021-05-07,,第1座(1A) TOWER 1 (1A),17,F,,26945000,,價單第1號 / Price List No. 1 • 見備註7(c)(iv) / See Remark 7(c)(iv) • 見備註7(d) / See Remark 7(d) • 見備註7(e) / See Remark 7(e) • 見備註7(f) / See Remark 7(f),
2021-05-01,2021-05-07,,第1座(1A) TOWER 1 (1A),16,F,,26864000,,價單第1號 / Price List No. 1 • 見備註7(c)(iv) / See Remark 7(c)(iv) • 見備註7(d) / See Remark 7(d) • 見備註7(e) / See Remark 7(e) • 見備註7(f) / See Remark 7(f),
2021-05-01,2021-05-07,,第1座(1A) TOWER 1 (1A),15,F,,25839000,,價單第1號 / Price List No. 1 • 見備註7(c)(i) / See Remark 7(c)(i) • 見備註7(d) / See Remark 7(d) • 見備註7(e) / See Remark 7(e) • 見備註7(f) / See Remark 7(f),
2021-05-01,2021-05-07,,第1座(1A) TOWER 1 (1A),12,F,,26704000,,價單第1號 / Price List No. 1 • 見備註7(c)(iv) / See Remark 7(c)(iv) • 見備註7(d) / See Remark 7(d) • 見備註7(e) / See Remark 7(e) • 見備註7(f) / See Remark 7(f),
2021-05-01,2021-05-07,,第1座(1A) TOWER 1 (1A),11,F,,25685000,,價單第1號 / Price List No. 1 • 見備註7(c)(i) / See Remark 7(c)(i) • 見備註7(d) / See Remark 7(d) • 見備註7(e) / See Remark 7(e) • 見備註7(f) / See Remark 7(f),
2021-05-01,2021-05-07,,第1座(1A) TOWER 1 (1A),10,F,,26544000,,價單第1號 / Price List No. 1 • 見備註7(c)(iv) / See Remark 7(c)(iv) • 見備註7(d) / See Remark 7(d) • 見備註7(e) / See Remark 7(e) • 見備註7(f) / See Remark 7(f),
2021-05-01,2021-05-07,,第1座(1A) TOWER 1 (1A),9,F,,26465000,,價單第1號 / Price List No. 1 • 見備註7(c)(iv) / See Remark 7(c)(iv) • 見備註7(d) / See Remark 7(d) • 見備註7(e) / See Remark 7(e) • 見備註7(f) / See Remark 7(f),
2021-05-01,2021-05-07,,第1座(1A) TOWER 1 (1A),8,F,,26465000,,價單第1號 / Price List No. 1 • 見備註7(c)(iv) / See Remark 7(c)(iv) • 見備註7(d) / See Remark 7(d) • 見備註7(e) / See Remark 7(e) • 見備註7(f) / See Remark 7(f),
2021-05-01,2021-05-06,,第1座(1A) TOWER 1 (1A),7,F,,26307000,,價單第1號 / Price List No. 1 • 見備註7(c)(iv) / See Remark 7(c)(iv) • 見備註7(d) / See Remark 7(d) • 見備註7(e) / See Remark 7(e) • 見備註7(f) / See Remark 7(f),
2021-05-01,2021-05-07,,第1座(1A) TOWER 1 (1A),6,F,,25304000,,價單第1號 / Price List No. 1 • 見備註7(c)(i) / See Remark 7(c)(i) • 見備註7(d) / See Remark 7(d) • 見備註7(e) / See Remark 7(e) • 見備註7(f) / See Remark 7(f),
2021-05-01,2021-05-06,,第1座(1A) TOWER 1 (1A),41,G,,33619000,,價單第2號 / Price List No. 2 • 見備註7(c)(iv) / See Remark 7(c)(iv) • 見備註7(d) / See Remark 7(d) • 見備註7(e) / See Remark 7(e) • 見備註7(f) / See Remark 7(f),
2021-05-01,2021-05-07,,第1座(1A) TOWER 1 (1A),40,G,,31892000,,價單第2號 / Price List No. 2 • 見備註7(c)(i) / See Remark 7(c)(i) • 見備註7(d) / See Remark 7(d) • 見備註7(e) / See Remark 7(e) • 見備註7(f) / See Remark 7(f),
2021-05-01,2021-05-07,,第1座(1A) TOWER 1 (1A),39,G,,32894000,,價單第2號 / Price List No. 2 • 見備註7(c)(iv) / See Remark 7(c)(iv) • 見備註7(d) / See Remark 7(d) • 見備註7(e) / See Remark 7(e) • 見備註7(f) / See Remark 7(f),
2021-05-01,2021-05-07,,第1座(1A) TOWER 1 (1A),38,G,,31110000,,價單第2號 / Price List No. 2 • 見備註7(c)(i) / See Remark 7(c)(i) • 見備註7(d) / See Remark 7(d) • 見備註7(e) / See Remark 7(e) • 見備註7(f) / See Remark 7(f),
2021-05-01,2021-05-07,,第1座(1A) TOWER 1 (1A),37,G,,31018000,,價單第2號 / Price List No. 2 • 見備註7(c)(i) / See Remark 7(c)(i) • 見備註7(d) / See Remark 7(d) • 見備註7(e) / See Remark 7(e) • 見備註7(f) / See Remark 7(f),
2021-05-01,2021-05-07,,第1座(1A) TOWER 1 (1A),36,G,,31993000,,價單第2號 / Price List No. 2 • 見備註7(c)(iv) / See Remark 7(c)(iv) • 見備註7(d) / See Remark 7(d) • 見備註7(e) / See Remark 7(e) • 見備註7(f) / See Remark 7(f),
2021-05-01,2021-05-07,,第1座(1A) TOWER 1 (1A),35,G,,30710000,,價單第2號 / Price List No. 2 • 見備註7(c)(i) / See Remark 7(c)(i) • 見備註7(d) / See Remark 7(d) • 見備註7(e) / See Remark 7(e) • 見備註7(f) / See Remark 7(f),
2021-05-01,2021-05-07,,第1座(1A) TOWER 1 (1A),33,G,,30557000,,價單第2號 / Price List No. 2 • 見備註7(c)(i) / See Remark 7(c)(i) • 見備註7(d) / See Remark 7(d) • 見備註7(e) / See Remark 7(e) • 見備註7(f) / See Remark 7(f),
2021-05-01,2021-05-07,,第1座(1A) TOWER 1 (1A),32,G,,31518000,,價單第2號 / Price List No. 2 • 見備註7(c)(iv) / See Remark 7(c)(iv) • 見備註7(d) / See Remark 7(d) • 見備註7(e) / See Remark 7(e) • 見備註7(f) / See Remark 7(f),
2021-05-01,2021-05-07,2023-07-31,第1座(1A) TOWER 1 (1A),31,G,,31360000,,價單第2號 / Price List No. 2 • 見備註7(c)(iv) / See Remark 7(c)(iv) • 見備註7(d) / See Remark 7(d) • 見備註7(e) / See Remark 7(e) • 見備註7(f) / See Remark 7(f),
2021-05-01,2021-05-07,,第1座(1A) TOWER 1 (1A),30,G,,28670000,,價單第1號 / Price List No. 1 • 見備註7(c)(i) / See Remark 7(c)(i) • 見備註7(d) / See Remark 7(d) • 見備註7(e) / See Remark 7(e) • 見備註7(f) / See Remark 7(f),
2021-05-01,2021-05-07,,第1座(1A) TOWER 1 (1A),29,G,,28527000,,價單第1號 / Price List No. 1 • 見備註7(c)(i) / See Remark 7(c)(i) • 見備註7(d) / See Remark 7(d) • 見備註7(e) / See Remark 7(e) • 見備註7(f) / See Remark 7(f),
2021-05-01,2021-05-07,,第1座(1A) TOWER 1 (1A),28,G,,29571000,,價單第1號 / Price List No. 1 • 見備註7(c)(iv) / See Remark 7(c)(iv) • 見備註7(d) / See Remark 7(d) • 見備註7(e) / See Remark 7(e) • 見備註7(f) / See Remark 7(f),
2021-05-01,2021-05-07,,第1座(1A) TOWER 1 (1A),27,G,,29106000,"在15-07-2021，基 於法例第 35(2)(b)條所容許 的原因，售價更改 為$29,278,000 On 15-07-2021, the price adjusted to $29,278,000 due to the reason allowed under section 35(2)(b) of the Ordinance","價單第1號 / Price List No. 1 • 見備註7(c)(ii), 7(g) / See Remark 7(c)(ii), 7(g) • 見備註7(d) / See Remark 7(d) • 見備註7(e) / See Remark 7(e) • 見備註7(f) / See Remark 7(f) 在15-07-2021，支付條款修改為 On 15-07-2021, the terms of payment adjusted to 價單第1號 / Price List No. 1 • 見備註7(c)(iv) / See Remark 7(c)(iv) • 見備註7(d) / See Remark 7(d) • 見備註7(e) / See Remark 7(e) • 見備註7(f) / See Remark 7(f)",
2021-05-01,2021-05-07,,第1座(1A) TOWER 1 (1A),26,G,,28104000,,價單第1號 / Price List No. 1 • 見備註7(c)(i) / See Remark 7(c)(i) • 見備註7(d) / See Remark 7(d) • 見備註7(e) / See Remark 7(e) • 見備註7(f) / See Remark 7(f),
2021-05-01,2021-05-07,,第1座(1A) TOWER 1 (1A),25,G,,27964000,,價單第1號 / Price List No. 1 • 見備註7(c)(i) / See Remark 7(c)(i) • 見備註7(d) / See Remark 7(d) • 見備註7(e) / See Remark 7(e) • 見備註7(f) / See Remark 7(f),
2021-05-01,2021-05-07,,第1座(1A) TOWER 1 (1A),23,G,,27826000,,價單第1號 / Price List No. 1 • 見備註7(c)(i) / See Remark 7(c)(i) • 見備註7(d) / See Remark 7(d) • 見備註7(e) / See Remark 7(e) • 見備註7(f) / See Remark 7(f),
2021-05-01,2021-05-07,,第1座(1A) TOWER 1 (1A),22,G,,27687000,,價單第1號 / Price List No. 1 • 見備註7(c)(i) / See Remark 7(c)(i) • 見備註7(d) / See Remark 7(d) • 見備註7(e) / See Remark 7(e) • 見備註7(f) / See Remark 7(f),
2021-05-01,2021-05-07,,第1座(1A) TOWER 1 (1A),21,G,,12352000,,價單第1號 / Price List No. 1 • 見備註7(c)(iv) / See Remark 7(c)(iv) • 見備註7(d) / See Remark 7(d) • 見備註7(e) / See Remark 7(e) • 見備註7(f) / See Remark 7(f),
2021-05-01,2021-05-07,,第1座(1A) TOWER 1 (1A),20,G,,12315000,,價單第1號 / Price List No. 1 • 見備註7(c)(iv) / See Remark 7(c)(iv) • 見備註7(d) / See Remark 7(d) • 見備註7(e) / See Remark 7(e) • 見備註7(f) / See Remark 7(f),
2021-05-01,2021-05-07,,第1座(1A) TOWER 1 (1A),19,G,,12206000,,"價單第1號 / Price List No. 1 • 見備註7(c)(ii), 7(g) / See Remark 7(c)(ii), 7(g) • 見備註7(d) / See Remark 7(d) • 見備註7(e) / See Remark 7(e) • 見備註7(f) / See Remark 7(f)",
2021-05-01,2021-05-07,,第1座(1A) TOWER 1 (1A),18,G,,12278000,,價單第1號 / Price List No. 1 • 見備註7(c)(iv) / See Remark 7(c)(iv) • 見備註7(d) / See Remark 7(d) • 見備註7(e) / See Remark 7(e) • 見備註7(f) / See Remark 7(f),
2021-05-01,2021-05-07,,第1座(1A) TOWER 1 (1A),17,G,,12205000,,價單第1號 / Price List No. 1 • 見備註7(c)(iv) / See Remark 7(c)(iv) • 見備註7(d) / See Remark 7(d) • 見備註7(e) / See Remark 7(e) • 見備註7(f) / See Remark 7(f),
2021-05-01,2021-05-07,,第1座(1A) TOWER 1 (1A),16,G,,11739000,,價單第1號 / Price List No. 1 • 見備註7(c)(i) / See Remark 7(c)(i) • 見備註7(d) / See Remark 7(d) • 見備註7(e) / See Remark 7(e) • 見備註7(f) / See Remark 7(f),
2021-05-01,2021-05-07,,第1座(1A) TOWER 1 (1A),15,G,,12132000,,價單第1號 / Price List No. 1 • 見備註7(c)(iv) / See Remark 7(c)(iv) • 見備註7(d) / See Remark 7(d) • 見備註7(e) / See Remark 7(e) • 見備註7(f) / See Remark 7(f),
2021-05-01,2021-05-07,2024-01-12,第1座(1A) TOWER 1 (1A),12,G,,11954000,,價單第1號 / Price List No. 1 • 見備註7(c)(iii) / See Remark 7(c)(iii) • 見備註7(d) / See Remark 7(d) • 見備註7(e) / See Remark 7(e) • 見備註7(f) / See Remark 7(f),
2021-05-01,2021-05-07,,第1座(1A) TOWER 1 (1A),11,G,,12059000,,價單第1號 / Price List No. 1 • 見備註7(c)(iv) / See Remark 7(c)(iv) • 見備註7(d) / See Remark 7(d) • 見備註7(e) / See Remark 7(e) • 見備註7(f) / See Remark 7(f),
2021-05-01,2021-05-07,,第1座(1A) TOWER 1 (1A),10,G,,12024000,,價單第1號 / Price List No. 1 • 見備註7(c)(iv) / See Remark 7(c)(iv) • 見備註7(d) / See Remark 7(d) • 見備註7(e) / See Remark 7(e) • 見備註7(f) / See Remark 7(f),
2021-05-01,2021-05-05,,第1座(1A) TOWER 1 (1A),9,G,,11564000,,價單第1號 / Price List No. 1 • 見備註7(c)(i) / See Remark 7(c)(i) • 見備註7(d) / See Remark 7(d) • 見備註7(e) / See Remark 7(e) • 見備註7(f) / See Remark 7(f),
2021-05-01,2021-05-07,,第1座(1A) TOWER 1 (1A),8,G,,11987000,,價單第1號 / Price List No. 1 • 見備註7(c)(iv) / See Remark 7(c)(iv) • 見備註7(d) / See Remark 7(d) • 見備註7(e) / See Remark 7(e) • 見備註7(f) / See Remark 7(f),
2021-05-01,2021-05-07,,第1座(1A) TOWER 1 (1A),7,G,,11916000,,價單第1號 / Price List No. 1 • 見備註7(c)(iv) / See Remark 7(c)(iv) • 見備註7(d) / See Remark 7(d) • 見備註7(e) / See Remark 7(e) • 見備註7(f) / See Remark 7(f),
2021-05-01,2021-05-07,,第1座(1A) TOWER 1 (1A),6,G,,11740000,,價單第1號 / Price List No. 1 • 見備註7(c)(iii) / See Remark 7(c)(iii) • 見備註7(d) / See Remark 7(d) • 見備註7(e) / See Remark 7(e) • 見備註7(f) / See Remark 7(f),
2021-05-01,2021-05-07,,第1座(1B) TOWER 1 (1B),38,A,,32469000,,價單第2號 / Price List No. 2 • 見備註7(c)(iv) / See Remark 7(c)(iv) • 見備註7(d) / See Remark 7(d) • 見備註7(e) / See Remark 7(e) • 見備註7(f) / See Remark 7(f),
2021-05-01,2021-05-07,2024-03-20,第1座(1B) TOWER 1 (1B),37,A,,32307000,,價單第2號 / Price List No. 2 • 見備註7(c)(iv) / See Remark 7(c)(iv) • 見備註7(d) / See Remark 7(d) • 見備註7(e) / See Remark 7(e) • 見備註7(f) / See Remark 7(f),
2021-05-01,2021-05-07,,第1座(1B) TOWER 1 (1B),36,A,,32083000,,價單第2號 / Price List No. 2 • 見備註7(c)(iv) / See Remark 7(c)(iv) • 見備註7(d) / See Remark 7(d) • 見備註7(e) / See Remark 7(e) • 見備註7(f) / See Remark 7(f),
2021-05-01,2021-05-07,,第1座(1B) TOWER 1 (1B),35,A,,31859000,,價單第2號 / Price List No. 2 • 見備註7(c)(iv) / See Remark 7(c)(iv) • 見備註7(d) / See Remark 7(d) • 見備註7(e) / See Remark 7(e) • 見備註7(f) / See Remark 7(f),
2021-05-01,2021-05-07,,第1座(1B) TOWER 1 (1B),33,A,,31638000,,價單第2號 / Price List No. 2 • 見備註7(c)(iv) / See Remark 7(c)(iv) • 見備註7(d) / See Remark 7(d) • 見備註7(e) / See Remark 7(e) • 見備註7(f) / See Remark 7(f),
2021-05-01,2021-05-07,,第1座(1B) TOWER 1 (1B),32,A,,30309000,,價單第2號 / Price List No. 2 • 見備註7(c)(i) / See Remark 7(c)(i) • 見備註7(d) / See Remark 7(d) • 見備註7(e) / See Remark 7(e) • 見備註7(f) / See Remark 7(f),
2021-05-01,2021-05-07,,第1座(1B) TOWER 1 (1B),31,A,,30099000,,價單第2號 / Price List No. 2 • 見備註7(c)(i) / See Remark 7(c)(i) • 見備註7(d) / See Remark 7(d) • 見備註7(e) / See Remark 7(e) • 見備註7(f) / See Remark 7(f),
2021-05-01,2021-05-07,,第1座(1B) TOWER 1 (1B),30,A,,30983000,,價單第2號 / Price List No. 2 • 見備註7(c)(iv) / See Remark 7(c)(iv) • 見備註7(d) / See Remark 7(d) • 見備註7(e) / See Remark 7(e) • 見備註7(f) / See Remark 7(f),
2021-05-01,2021-05-07,,第1座(1B) TOWER 1 (1B),29,A,,30768000,,價單第2號 / Price List No. 2 • 見備註7(c)(iv) / See Remark 7(c)(iv) • 見備註7(d) / See Remark 7(d) • 見備註7(e) / See Remark 7(e) • 見備註7(f) / See Remark 7(f),
2021-05-01,2021-05-06,,第1座(1B) TOWER 1 (1B),28,A,,30768000,,價單第2號 / Price List No. 2 • 見備註7(c)(iv) / See Remark 7(c)(iv) • 見備註7(d) / See Remark 7(d) • 見備註7(e) / See Remark 7(e) • 見備註7(f) / See Remark 7(f),
2021-05-01,2021-05-07,,第1座(1B) TOWER 1 (1B),27,A,,28714000,,價單第2號 / Price List No. 2 • 見備註7(c)(i) / See Remark 7(c)(i) • 見備註7(d) / See Remark 7(d) • 見備註7(e) / See Remark 7(e) • 見備註7(f) / See Remark 7(f),
2021-05-01,2021-05-05,,第1座(1B) TOWER 1 (1B),26,A,,29558000,,價單第2號 / Price List No. 2 • 見備註7(c)(iv) / See Remark 7(c)(iv) • 見備註7(d) / See Remark 7(d) • 見備註7(e) / See Remark 7(e) • 見備註7(f) / See Remark 7(f),
2021-05-01,2021-05-07,,第1座(1B) TOWER 1 (1B),25,A,,29353000,,價單第2號 / Price List No. 2 • 見備註7(c)(iv) / See Remark 7(c)(iv) • 見備註7(d) / See Remark 7(d) • 見備註7(e) / See Remark 7(e) • 見備註7(f) / See Remark 7(f),
2021-05-01,2021-05-07,2023-07-31,第1座(1B) TOWER 1 (1B),23,A,,29149000,,價單第2號 / Price List No. 2 • 見備註7(c)(iv) / See Remark 7(c)(iv) • 見備註7(d) / See Remark 7(d) • 見備註7(e) / See Remark 7(e) • 見備註7(f) / See Remark 7(f),
2021-05-01,2021-05-07,,第1座(1B) TOWER 1 (1B),22,A,,27985000,,價單第2號 / Price List No. 2 • 見備註7(c)(i) / See Remark 7(c)(i) • 見備註7(d) / See Remark 7(d) • 見備註7(e) / See Remark 7(e) • 見備註7(f) / See Remark 7(f),
2021-05-01,2021-05-07,,第1座(1B) TOWER 1 (1B),21,A,,28669000,,價單第2號 / Price List No. 2 • 見備註7(c)(iv) / See Remark 7(c)(iv) • 見備註7(d) / See Remark 7(d) • 見備註7(e) / See Remark 7(e) • 見備註7(f) / See Remark 7(f),
2021-05-01,2021-05-07,,第1座(1B) TOWER 1 (1B),20,A,,27520000,,價單第2號 / Price List No. 2 • 見備註7(c)(i) / See Remark 7(c)(i) • 見備註7(d) / See Remark 7(d) • 見備註7(e) / See Remark 7(e) • 見備註7(f) / See Remark 7(f),
2021-05-01,2021-05-07,,第1座(1B) TOWER 1 (1B),19,A,,28385000,,價單第2號 / Price List No. 2 • 見備註7(c)(iv) / See Remark 7(c)(iv) • 見備註7(d) / See Remark 7(d) • 見備註7(e) / See Remark 7(e) • 見備註7(f) / See Remark 7(f),
2021-05-01,2021-05-07,,第1座(1B) TOWER 1 (1B),18,A,,28385000,,價單第2號 / Price List No. 2 • 見備註7(c)(iv) / See Remark 7(c)(iv) • 見備註7(d) / See Remark 7(d) • 見備註7(e) / See Remark 7(e) • 見備註7(f) / See Remark 7(f),
2021-05-01,2021-05-07,,第1座(1B) TOWER 1 (1B),17,A,,27111000,,價單第2號 / Price List No. 2 • 見備註7(c)(i) / See Remark 7(c)(i) • 見備註7(d) / See Remark 7(d) • 見備註7(e) / See Remark 7(e) • 見備註7(f) / See Remark 7(f),
2021-05-01,2021-05-07,,第1座(1B) TOWER 1 (1B),16,A,,26977000,,價單第2號 / Price List No. 2 • 見備註7(c)(i) / See Remark 7(c)(i) • 見備註7(d) / See Remark 7(d) • 見備註7(e) / See Remark 7(e) • 見備註7(f) / See Remark 7(f),
2021-05-01,2021-05-07,,第1座(1B) TOWER 1 (1B),15,A,,26061000,,價單第1號 / Price List No. 1 • 見備註7(c)(i) / See Remark 7(c)(i) • 見備註7(d) / See Remark 7(d) • 見備註7(e) / See Remark 7(e) • 見備註7(f) / See Remark 7(f),
2021-05-01,2021-05-07,,第1座(1B) TOWER 1 (1B),12,A,,25931000,,價單第1號 / Price List No. 1 • 見備註7(c)(i) / See Remark 7(c)(i) • 見備註7(d) / See Remark 7(d) • 見備註7(e) / See Remark 7(e) • 見備註7(f) / See Remark 7(f),
2021-05-01,2021-05-07,,第1座(1B) TOWER 1 (1B),11,A,,26746000,,價單第1號 / Price List No. 1 • 見備註7(c)(iv) / See Remark 7(c)(iv) • 見備註7(d) / See Remark 7(d) • 見備註7(e) / See Remark 7(e) • 見備註7(f) / See Remark 7(f),
2021-05-01,2021-05-07,,第1座(1B) TOWER 1 (1B),10,A,,26613000,,價單第1號 / Price List No. 1 • 見備註7(c)(iv) / See Remark 7(c)(iv) • 見備註7(d) / See Remark 7(d) • 見備註7(e) / See Remark 7(e) • 見備註7(f) / See Remark 7(f),
2021-05-01,2021-05-07,,第1座(1B) TOWER 1 (1B),9,A,,26954000,"在28-07-2021，基 於法例第 35(2)(b)條所容許 的原因，售價更改 為$26,312,000 On 28-07-2021, the price adjusted to $26,312,000 due to the reason allowed under section 35(2)(b) of the Ordinance","價單第2號 / Price List No. 2 • 見備註7(c)(iii) / See Remark 7(c)(iii) • 見備註7(d) / See Remark 7(d) • 見備註7(e) / See Remark 7(e) • 見備註7(f) / See Remark 7(f) 在28-07-2021，支付條款修改為 On 28-07-2021, the terms of payment adjusted to 價單第2號 / Price List No. 2 • 見備註7(c)(i) / See Remark 7(c)(i) • 見備註7(d) / See Remark 7(d) • 見備註7(e) / See Remark 7(e) • 見備註7(f) / See Remark 7(f)",
2021-05-01,2021-05-07,,第1座(1B) TOWER 1 (1B),8,A,,27274000,,價單第2號 / Price List No. 2 • 見備註7(c)(iv) / See Remark 7(c)(iv) • 見備註7(d) / See Remark 7(d) • 見備註7(e) / See Remark 7(e) • 見備註7(f) / See Remark 7(f),
2021-05-01,2021-05-07,,第1座(1B) TOWER 1 (1B),7,A,,26052000,,價單第2號 / Price List No. 2 • 見備註7(c)(i) / See Remark 7(c)(i) • 見備註7(d) / See Remark 7(d) • 見備註7(e) / See Remark 7(e) • 見備註7(f) / See Remark 7(f),
2021-05-01,2021-05-07,,第1座(1B) TOWER 1 (1B),6,A,,25922000,,價單第2號 / Price List No. 2 • 見備註7(c)(i) / See Remark 7(c)(i) • 見備註7(d) / See Remark 7(d) • 見備註7(e) / See Remark 7(e) • 見備註7(f) / See Remark 7(f),
2021-05-01,2021-05-05,,第1座(1B) TOWER 1 (1B),38,C,,15558000,"在15-07-2021，基 於法例第 35(2)(b)條所容許 的原因，售價更改 為$15,009,000 On 15-07-2021, the price adjusted to $15,009,000 due to the reason allowed under section 35(2)(b) of the Ordinance","價單第1號 / Price List No. 1 • 見備註7(c)(iv) / See Remark 7(c)(iv) • 見備註7(d) / See Remark 7(d) • 見備註7(e) / See Remark 7(e) • 見備註7(f) / See Remark 7(f) 在15-07-2021，支付條款修改為 On 15-07-2021, the terms of payment adjusted to 價單第1號 / Price List No. 1 • 見備註7(c)(i) / See Remark 7(c)(i) • 見備註7(d) / See Remark 7(d) • 見備註7(e) / See Remark 7(e) • 見備註7(f) / See Remark 7(f)",
2021-05-01,2021-05-06,,第1座(1B) TOWER 1 (1B),37,C,,15512000,,價單第1號 / Price List No. 1 • 見備註7(c)(iv) / See Remark 7(c)(iv) • 見備註7(d) / See Remark 7(d) • 見備註7(e) / See Remark 7(e) • 見備註7(f) / See Remark 7(f),
2021-05-01,2021-05-07,,第1座(1B) TOWER 1 (1B),36,C,,14920000,,價單第1號 / Price List No. 1 • 見備註7(c)(i) / See Remark 7(c)(i) • 見備註7(d) / See Remark 7(d) • 見備註7(e) / See Remark 7(e) • 見備註7(f) / See Remark 7(f),
2021-05-01,2021-05-07,,第1座(1B) TOWER 1 (1B),35,C,,15419000,,價單第1號 / Price List No. 1 • 見備註7(c)(iv) / See Remark 7(c)(iv) • 見備註7(d) / See Remark 7(d) • 見備註7(e) / See Remark 7(e) • 見備註7(f) / See Remark 7(f),
2021-05-01,2021-05-07,,第1座(1B) TOWER 1 (1B),33,C,,14830000,,價單第1號 / Price List No. 1 • 見備註7(c)(i) / See Remark 7(c)(i) • 見備註7(d) / See Remark 7(d) • 見備註7(e) / See Remark 7(e) • 見備註7(f) / See Remark 7(f),
2021-05-01,2021-05-07,,第1座(1B) TOWER 1 (1B),32,C,,14786000,,價單第1號 / Price List No. 1 • 見備註7(c)(i) / See Remark 7(c)(i) • 見備註7(d) / See Remark 7(d) • 見備註7(e) / See Remark 7(e) • 見備註7(f) / See Remark 7(f),
2021-05-01,2021-05-07,,第1座(1B) TOWER 1 (1B),31,C,,15281000,,價單第1號 / Price List No. 1 • 見備註7(c)(iv) / See Remark 7(c)(iv) • 見備註7(d) / See Remark 7(d) • 見備註7(e) / See Remark 7(e) • 見備註7(f) / See Remark 7(f),
2021-05-01,2021-05-07,2023-12-05,第1座(1B) TOWER 1 (1B),30,C,,15236000,,價單第1號 / Price List No. 1 • 見備註7(c)(iv) / See Remark 7(c)(iv) • 見備註7(d) / See Remark 7(d) • 見備註7(e) / See Remark 7(e) • 見備註7(f) / See Remark 7(f),
2021-05-01,2021-05-07,,第1座(1B) TOWER 1 (1B),29,C,,15011000,"在17-02-2022，基 於法例第 35(2)(b)條所容許 的原因，售價更改 為$15,190,000 On 17-02-2022, the price adjusted to $15,190,000 due to the reason allowed under section 35(2)(b) of the Ordinance","價單第1號 / Price List No. 1 • 見備註7(c)(iii) / See Remark 7(c)(iii) • 見備註7(d) / See Remark 7(d) • 見備註7(e) / See Remark 7(e) • 見備註7(f) / See Remark 7(f) 在17-02-2022，支付條款修改為 On 17-02-2022, the terms of payment adjusted to 價單第1號 / Price List No. 1 • 見備註7(c)(iv) / See Remark 7(c)(iv) • 見備註7(d) / See Remark 7(d) • 見備註7(e) / See Remark 7(e) • 見備註7(f) / See Remark 7(f)",
2021-05-01,2021-05-07,,第1座(1B) TOWER 1 (1B),28,C,,14654000,,價單第1號 / Price List No. 1 • 見備註7(c)(i) / See Remark 7(c)(i) • 見備註7(d) / See Remark 7(d) • 見備註7(e) / See Remark 7(e) • 見備註7(f) / See Remark 7(f),
2021-05-01,2021-05-07,,第1座(1B) TOWER 1 (1B),27,C,,15099000,,價單第1號 / Price List No. 1 • 見備註7(c)(iv) / See Remark 7(c)(iv) • 見備註7(d) / See Remark 7(d) • 見備註7(e) / See Remark 7(e) • 見備註7(f) / See Remark 7(f),
2021-05-01,2021-05-07,,第1座(1B) TOWER 1 (1B),26,C,,15054000,,價單第1號 / Price List No. 1 • 見備註7(c)(iv) / See Remark 7(c)(iv) • 見備註7(d) / See Remark 7(d) • 見備註7(e) / See Remark 7(e) • 見備註7(f) / See Remark 7(f),
2021-05-01,2021-05-07,,第1座(1B) TOWER 1 (1B),25,C,,14921000,,"價單第1號 / Price List No. 1 • 見備註7(c)(ii), 7(g) / See Remark 7(c)(ii), 7(g) • 見備註7(d) / See Remark 7(d) • 見備註7(e) / See Remark 7(e) • 見備註7(f) / See Remark 7(f)",
2021-05-01,2021-05-07,,第1座(1B) TOWER 1 (1B),23,C,,14436000,,價單第1號 / Price List No. 1 • 見備註7(c)(i) / See Remark 7(c)(i) • 見備註7(d) / See Remark 7(d) • 見備註7(e) / See Remark 7(e) • 見備註7(f) / See Remark 7(f),
2021-05-01,2021-05-07,,第1座(1B) TOWER 1 (1B),22,C,,14393000,,價單第1號 / Price List No. 1 • 見備註7(c)(i) / See Remark 7(c)(i) • 見備註7(d) / See Remark 7(d) • 見備註7(e) / See Remark 7(e) • 見備註7(f) / See Remark 7(f),
2021-05-01,2021-05-07,,第1座(1B) TOWER 1 (1B),21,C,,14350000,,價單第1號 / Price List No. 1 • 見備註7(c)(i) / See Remark 7(c)(i) • 見備註7(d) / See Remark 7(d) • 見備註7(e) / See Remark 7(e) • 見備註7(f) / See Remark 7(f),
2021-05-01,2021-05-07,,第1座(1B) TOWER 1 (1B),20,C,,14830000,,價單第1號 / Price List No. 1 • 見備註7(c)(iv) / See Remark 7(c)(iv) • 見備註7(d) / See Remark 7(d) • 見備註7(e) / See Remark 7(e) • 見備註7(f) / See Remark 7(f),
2021-05-01,2021-05-07,,第1座(1B) TOWER 1 (1B),19,C,,14786000,,價單第1號 / Price List No. 1 • 見備註7(c)(iv) / See Remark 7(c)(iv) • 見備註7(d) / See Remark 7(d) • 見備註7(e) / See Remark 7(e) • 見備註7(f) / See Remark 7(f),
2021-05-01,2021-05-07,,第1座(1B) TOWER 1 (1B),18,C,,14264000,,價單第1號 / Price List No. 1 • 見備註7(c)(i) / See Remark 7(c)(i) • 見備註7(d) / See Remark 7(d) • 見備註7(e) / See Remark 7(e) • 見備註7(f) / See Remark 7(f),
2021-05-01,2021-05-07,,第1座(1B) TOWER 1 (1B),17,C,,14698000,,價單第1號 / Price List No. 1 • 見備註7(c)(iv) / See Remark 7(c)(iv) • 見備註7(d) / See Remark 7(d) • 見備註7(e) / See Remark 7(e) • 見備註7(f) / See Remark 7(f),
2021-05-01,2021-05-07,,第1座(1B) TOWER 1 (1B),16,C,,14568000,,"價單第1號 / Price List No. 1 • 見備註7(c)(ii), 7(g) / See Remark 7(c)(ii), 7(g) • 見備註7(d) / See Remark 7(d) • 見備註7(e) / See Remark 7(e) • 見備註7(f) / See Remark 7(f)",
2021-05-01,2021-05-07,,第1座(1B) TOWER 1 (1B),15,C,,14095000,,價單第1號 / Price List No. 1 • 見備註7(c)(i) / See Remark 7(c)(i) • 見備註7(d) / See Remark 7(d) • 見備註7(e) / See Remark 7(e) • 見備註7(f) / See Remark 7(f),
2021-05-01,2021-05-07,,第1座(1B) TOWER 1 (1B),12,C,,14566000,,價單第1號 / Price List No. 1 • 見備註7(c)(iv) / See Remark 7(c)(iv) • 見備註7(d) / See Remark 7(d) • 見備註7(e) / See Remark 7(e) • 見備註7(f) / See Remark 7(f),
2021-05-01,2021-05-07,,第1座(1B) TOWER 1 (1B),11,C,,14010000,,價單第1號 / Price List No. 1 • 見備註7(c)(i) / See Remark 7(c)(i) • 見備註7(d) / See Remark 7(d) • 見備註7(e) / See Remark 7(e) • 見備註7(f) / See Remark 7(f),
2021-05-01,2021-05-07,,第1座(1B) TOWER 1 (1B),10,C,,13968000,,價單第1號 / Price List No. 1 • 見備註7(c)(i) / See Remark 7(c)(i) • 見備註7(d) / See Remark 7(d) • 見備註7(e) / See Remark 7(e) • 見備註7(f) / See Remark 7(f),
2021-05-01,2021-05-07,,第1座(1B) TOWER 1 (1B),9,C,,14436000,,價單第1號 / Price List No. 1 • 見備註7(c)(iv) / See Remark 7(c)(iv) • 見備註7(d) / See Remark 7(d) • 見備註7(e) / See Remark 7(e) • 見備註7(f) / See Remark 7(f),
2021-05-01,2021-05-07,,第1座(1B) TOWER 1 (1B),8,C,,13927000,,價單第1號 / Price List No. 1 • 見備註7(c)(i) / See Remark 7(c)(i) • 見備註7(d) / See Remark 7(d) • 見備註7(e) / See Remark 7(e) • 見備註7(f) / See Remark 7(f),
2021-05-01,2021-05-07,,第1座(1B) TOWER 1 (1B),7,C,,14181000,,價單第1號 / Price List No. 1 • 見備註7(c)(iii) / See Remark 7(c)(iii) • 見備註7(d) / See Remark 7(d) • 見備註7(e) / See Remark 7(e) • 見備註7(f) / See Remark 7(f),
2021-05-01,2021-05-07,,第1座(1B) TOWER 1 (1B),6,C,,14223000,,"價單第1號 / Price List No. 1 • 見備註7(c)(ii), 7(g) / See Remark 7(c)(ii), 7(g) • 見備註7(d) / See Remark 7(d) • 見備註7(e) / See Remark 7(e) • 見備註7(f) / See Remark 7(f)",
2021-05-01,2021-05-07,,第2座(2A) TOWER 2 (2A),38,F,,24723000,,價單第2號 / Price List No. 2 • 見備註7(c)(iv) / See Remark 7(c)(iv) • 見備註7(d) / See Remark 7(d) • 見備註7(e) / See Remark 7(e) • 見備註7(f) / See Remark 7(f),
2021-05-01,2021-05-07,,第2座(2A) TOWER 2 (2A),37,F,,23779000,,價單第2號 / Price List No. 2 • 見備註7(c)(i) / See Remark 7(c)(i) • 見備註7(d) / See Remark 7(d) • 見備註7(e) / See Remark 7(e) • 見備註7(f) / See Remark 7(f),
2021-05-01,2021-05-07,,第2座(2A) TOWER 2 (2A),36,F,,24575000,,價單第2號 / Price List No. 2 • 見備註7(c)(iv) / See Remark 7(c)(iv) • 見備註7(d) / See Remark 7(d) • 見備註7(e) / See Remark 7(e) • 見備註7(f) / See Remark 7(f),
2021-05-01,2021-05-07,,第2座(2A) TOWER 2 (2A),35,F,,23636000,,價單第2號 / Price List No. 2 • 見備註7(c)(i) / See Remark 7(c)(i) • 見備註7(d) / See Remark 7(d) • 見備註7(e) / See Remark 7(e) • 見備註7(f) / See Remark 7(f),
2021-05-01,2021-05-07,,第2座(2A) TOWER 2 (2A),33,F,,24428000,,價單第2號 / Price List No. 2 • 見備註7(c)(iv) / See Remark 7(c)(iv) • 見備註7(d) / See Remark 7(d) • 見備註7(e) / See Remark 7(e) • 見備註7(f) / See Remark 7(f),
2021-05-01,2021-05-07,2024-05-10,第2座(2A) TOWER 2 (2A),32,F,,24355000,,價單第2號 / Price List No. 2 • 見備註7(c)(iv) / See Remark 7(c)(iv) • 見備註7(d) / See Remark 7(d) • 見備註7(e) / See Remark 7(e) • 見備註7(f) / See Remark 7(f),
2021-05-01,2021-05-07,,第2座(2A) TOWER 2 (2A),31,F,,24282000,,價單第2號 / Price List No. 2 • 見備註7(c)(iv) / See Remark 7(c)(iv) • 見備註7(d) / See Remark 7(d) • 見備註7(e) / See Remark 7(e) • 見備註7(f) / See Remark 7(f),
2021-05-01,2021-05-07,,第2座(2A) TOWER 2 (2A),30,F,,24209000,,價單第2號 / Price List No. 2 • 見備註7(c)(iv) / See Remark 7(c)(iv) • 見備註7(d) / See Remark 7(d) • 見備註7(e) / See Remark 7(e) • 見備註7(f) / See Remark 7(f),
2021-05-01,2021-05-07,,第2座(2A) TOWER 2 (2A),29,F,,23285000,,價單第2號 / Price List No. 2 • 見備註7(c)(i) / See Remark 7(c)(i) • 見備註7(d) / See Remark 7(d) • 見備註7(e) / See Remark 7(e) • 見備註7(f) / See Remark 7(f),
2021-05-01,2021-05-07,,第2座(2A) TOWER 2 (2A),28,F,,22607000,,價單第1號 / Price List No. 1 • 見備註7(c)(i) / See Remark 7(c)(i) • 見備註7(d) / See Remark 7(d) • 見備註7(e) / See Remark 7(e) • 見備註7(f) / See Remark 7(f),
2021-05-01,2021-05-07,,第2座(2A) TOWER 2 (2A),27,F,,22472000,,價單第1號 / Price List No. 1 • 見備註7(c)(i) / See Remark 7(c)(i) • 見備註7(d) / See Remark 7(d) • 見備註7(e) / See Remark 7(e) • 見備註7(f) / See Remark 7(f),
2021-05-01,2021-05-07,,第2座(2A) TOWER 2 (2A),26,F,,23088000,,"價單第1號 / Price List No. 1 • 見備註7(c)(ii), 7(g) / See Remark 7(c)(ii), 7(g) • 見備註7(d) / See Remark 7(d) • 見備註7(e) / See Remark 7(e) • 見備註7(f) / See Remark 7(f)",
2021-05-01,2021-05-07,,第2座(2A) TOWER 2 (2A),25,F,,23155000,,價單第1號 / Price List No. 1 • 見備註7(c)(iv) / See Remark 7(c)(iv) • 見備註7(d) / See Remark 7(d) • 見備註7(e) / See Remark 7(e) • 見備註7(f) / See Remark 7(f),
2021-05-01,2021-05-07,2023-12-22,第2座(2A) TOWER 2 (2A),23,F,,23086000,,價單第1號 / Price List No. 1 • 見備註7(c)(iv) / See Remark 7(c)(iv) • 見備註7(d) / See Remark 7(d) • 見備註7(e) / See Remark 7(e) • 見備註7(f) / See Remark 7(f),
2021-05-01,2021-05-06,,第2座(2A) TOWER 2 (2A),22,F,,23017000,,價單第1號 / Price List No. 1 • 見備註7(c)(iv) / See Remark 7(c)(iv) • 見備註7(d) / See Remark 7(d) • 見備註7(e) / See Remark 7(e) • 見備註7(f) / See Remark 7(f),
2021-05-01,2021-05-07,,第2座(2A) TOWER 2 (2A),21,F,,22138000,,價單第1號 / Price List No. 1 • 見備註7(c)(i) / See Remark 7(c)(i) • 見備註7(d) / See Remark 7(d) • 見備註7(e) / See Remark 7(e) • 見備註7(f) / See Remark 7(f),
2021-05-01,2021-05-07,,第2座(2A) TOWER 2 (2A),20,F,,22072000,,價單第1號 / Price List No. 1 • 見備註7(c)(i) / See Remark 7(c)(i) • 見備註7(d) / See Remark 7(d) • 見備註7(e) / See Remark 7(e) • 見備註7(f) / See Remark 7(f),
2021-05-01,2021-05-07,,第2座(2A) TOWER 2 (2A),19,F,,22006000,,價單第1號 / Price List No. 1 • 見備註7(c)(i) / See Remark 7(c)(i) • 見備註7(d) / See Remark 7(d) • 見備註7(e) / See Remark 7(e) • 見備註7(f) / See Remark 7(f),
2021-05-01,2021-05-07,2024-01-12,第2座(2A) TOWER 2 (2A),18,F,,22811000,,價單第1號 / Price List No. 1 • 見備註7(c)(iv) / See Remark 7(c)(iv) • 見備註7(d) / See Remark 7(d) • 見備註7(e) / See Remark 7(e) • 見備註7(f) / See Remark 7(f),
2021-05-01,2021-05-07,,第2座(2A) TOWER 2 (2A),17,F,,22675000,,價單第1號 / Price List No. 1 • 見備註7(c)(iv) / See Remark 7(c)(iv) • 見備註7(d) / See Remark 7(d) • 見備註7(e) / See Remark 7(e) • 見備註7(f) / See Remark 7(f),
2021-05-01,2021-05-07,,第2座(2A) TOWER 2 (2A),16,F,,22607000,,價單第1號 / Price List No. 1 • 見備註7(c)(iv) / See Remark 7(c)(iv) • 見備註7(d) / See Remark 7(d) • 見備註7(e) / See Remark 7(e) • 見備註7(f) / See Remark 7(f),
2021-05-01,2021-05-07,,第2座(2A) TOWER 2 (2A),15,F,,22539000,,價單第1號 / Price List No. 1 • 見備註7(c)(iv) / See Remark 7(c)(iv) • 見備註7(d) / See Remark 7(d) • 見備註7(e) / See Remark 7(e) • 見備註7(f) / See Remark 7(f),
2021-05-01,2021-05-07,,第2座(2A) TOWER 2 (2A),12,F,,22472000,,價單第1號 / Price List No. 1 • 見備註7(c)(iv) / See Remark 7(c)(iv) • 見備註7(d) / See Remark 7(d) • 見備註7(e) / See Remark 7(e) • 見備註7(f) / See Remark 7(f),
2021-05-01,2021-05-06,,第2座(2A) TOWER 2 (2A),11,F,,22941000,,"價單第2號 / Price List No. 2 • 見備註7(c)(ii), 7(g) / See Remark 7(c)(ii), 7(g) • 見備註7(d) / See Remark 7(d) • 見備註7(e) / See Remark 7(e) • 見備註7(f) / See Remark 7(f)",
2021-05-01,2021-05-07,,第2座(2A) TOWER 2 (2A),10,F,,22196000,,價單第2號 / Price List No. 2 • 見備註7(c)(i) / See Remark 7(c)(i) • 見備註7(d) / See Remark 7(d) • 見備註7(e) / See Remark 7(e) • 見備註7(f) / See Remark 7(f),
2021-05-01,2021-05-05,,第2座(2A) TOWER 2 (2A),9,F,,22805000,,"價單第2號 / Price List No. 2 • 見備註7(c)(ii), 7(g) / See Remark 7(c)(ii), 7(g) • 見備註7(d) / See Remark 7(d) • 見備註7(e) / See Remark 7(e) • 見備註7(f) / See Remark 7(f)",
2021-05-01,2021-05-07,,第2座(2A) TOWER 2 (2A),8,F,,22939000,,價單第2號 / Price List No. 2 • 見備註7(c)(iv) / See Remark 7(c)(iv) • 見備註7(d) / See Remark 7(d) • 見備註7(e) / See Remark 7(e) • 見備註7(f) / See Remark 7(f),
2021-05-01,2021-05-07,,第2座(2A) TOWER 2 (2A),7,F,,22668000,,"價單第2號 / Price List No. 2 • 見備註7(c)(ii), 7(g) / See Remark 7(c)(ii), 7(g) • 見備註7(d) / See Remark 7(d) • 見備註7(e) / See Remark 7(e) • 見備註7(f) / See Remark 7(f)",
2021-05-01,2021-05-07,,第2座(2A) TOWER 2 (2A),6,F,,22734000,,價單第2號 / Price List No. 2 • 見備註7(c)(iv) / See Remark 7(c)(iv) • 見備註7(d) / See Remark 7(d) • 見備註7(e) / See Remark 7(e) • 見備註7(f) / See Remark 7(f),
2021-05-01,2021-05-07,,第2座(2B) TOWER 2 (2B),38,E,,14774000,"在19-07-2021，基 於法例第 35(2)(b)條所容許 的原因，售價更改 為$14,949,000 On 19-07-2021, the price adjusted to $14,949,000 due to the reason allowed under section 35(2)(b) of the Ordinance","價單第1號 / Price List No. 1 • 見備註7(c)(iii) / See Remark 7(c)(iii) • 見備註7(d) / See Remark 7(d) • 見備註7(e) / See Remark 7(e) • 見備註7(f) / See Remark 7(f) 在19-07-2021，支付條款修改為 On 19-07-2021, the terms of payment adjusted to 價單第1號 / Price List No. 1 • 見備註7(c)(iv) / See Remark 7(c)(iv) • 見備註7(d) / See Remark 7(d) • 見備註7(e) / See Remark 7(e) • 見備註7(f) / See Remark 7(f)",
2021-05-01,2021-05-07,,第2座(2B) TOWER 2 (2B),37,E,,14627000,"在19-07-2021，基 於法例第 35(2)(b)條所容許 的原因，售價更改 為$14,802,000 On 19-07-2021, the price adjusted to $14,802,000 due to the reason allowed under section 35(2)(b) of the Ordinance","價單第1號 / Price List No. 1 • 見備註7(c)(iii) / See Remark 7(c)(iii) • 見備註7(d) / See Remark 7(d) • 見備註7(e) / See Remark 7(e) • 見備註7(f) / See Remark 7(f) 在19-07-2021，支付條款修改為 On 19-07-2021, the terms of payment adjusted to 價單第1號 / Price List No. 1 • 見備註7(c)(iv) / See Remark 7(c)(iv) • 見備註7(d) / See Remark 7(d) • 見備註7(e) / See Remark 7(e) • 見備註7(f) / See Remark 7(f)",
2021-05-01,2021-05-07,,第2座(2B) TOWER 2 (2B),36,E,,14237000,,價單第1號 / Price List No. 1 • 見備註7(c)(i) / See Remark 7(c)(i) • 見備註7(d) / See Remark 7(d) • 見備註7(e) / See Remark 7(e) • 見備註7(f) / See Remark 7(f),
2021-05-01,2021-05-07,,第2座(2B) TOWER 2 (2B),35,E,,14713000,,價單第1號 / Price List No. 1 • 見備註7(c)(iv) / See Remark 7(c)(iv) • 見備註7(d) / See Remark 7(d) • 見備註7(e) / See Remark 7(e) • 見備註7(f) / See Remark 7(f),
2021-05-01,2021-05-06,,第2座(2B) TOWER 2 (2B),33,E,,14583000,,"價單第1號 / Price List No. 1 • 見備註7(c)(ii), 7(g) / See Remark 7(c)(ii), 7(g) • 見備註7(d) / See Remark 7(d) • 見備註7(e) / See Remark 7(e) • 見備註7(f) / See Remark 7(f)",
2021-05-01,2021-05-07,,第2座(2B) TOWER 2 (2B),32,E,,14109000,,價單第1號 / Price List No. 1 • 見備註7(c)(i) / See Remark 7(c)(i) • 見備註7(d) / See Remark 7(d) • 見備註7(e) / See Remark 7(e) • 見備註7(f) / See Remark 7(f),
2021-05-01,2021-05-07,,第2座(2B) TOWER 2 (2B),31,E,,14067000,,價單第1號 / Price List No. 1 • 見備註7(c)(i) / See Remark 7(c)(i) • 見備註7(d) / See Remark 7(d) • 見備註7(e) / See Remark 7(e) • 見備註7(f) / See Remark 7(f),
2021-05-01,2021-05-06,,第2座(2B) TOWER 2 (2B),30,E,,14538000,,價單第1號 / Price List No. 1 • 見備註7(c)(iv) / See Remark 7(c)(iv) • 見備註7(d) / See Remark 7(d) • 見備註7(e) / See Remark 7(e) • 見備註7(f) / See Remark 7(f),
2021-05-01,2021-05-07,,第2座(2B) TOWER 2 (2B),29,E,,14495000,,價單第1號 / Price List No. 1 • 見備註7(c)(iv) / See Remark 7(c)(iv) • 見備註7(d) / See Remark 7(d) • 見備註7(e) / See Remark 7(e) • 見備註7(f) / See Remark 7(f),
2021-05-01,2021-05-05,,第2座(2B) TOWER 2 (2B),28,E,,13983000,,價單第1號 / Price List No. 1 • 見備註7(c)(i) / See Remark 7(c)(i) • 見備註7(d) / See Remark 7(d) • 見備註7(e) / See Remark 7(e) • 見備註7(f) / See Remark 7(f),
2021-05-01,2021-05-07,,第2座(2B) TOWER 2 (2B),27,E,,13899000,,價單第1號 / Price List No. 1 • 見備註7(c)(i) / See Remark 7(c)(i) • 見備註7(d) / See Remark 7(d) • 見備註7(e) / See Remark 7(e) • 見備註7(f) / See Remark 7(f),
2021-05-01,2021-05-07,,第2座(2B) TOWER 2 (2B),26,E,,13858000,,價單第1號 / Price List No. 1 • 見備註7(c)(i) / See Remark 7(c)(i) • 見備註7(d) / See Remark 7(d) • 見備註7(e) / See Remark 7(e) • 見備註7(f) / See Remark 7(f),
2021-05-01,2021-05-07,,第2座(2B) TOWER 2 (2B),25,E,,14322000,,價單第1號 / Price List No. 1 • 見備註7(c)(iv) / See Remark 7(c)(iv) • 見備註7(d) / See Remark 7(d) • 見備註7(e) / See Remark 7(e) • 見備註7(f) / See Remark 7(f),
2021-05-01,2021-05-07,,第2座(2B) TOWER 2 (2B),23,E,,14279000,,價單第1號 / Price List No. 1 • 見備註7(c)(iv) / See Remark 7(c)(iv) • 見備註7(d) / See Remark 7(d) • 見備註7(e) / See Remark 7(e) • 見備註7(f) / See Remark 7(f),
2021-05-01,2021-05-07,,第2座(2B) TOWER 2 (2B),22,E,,13734000,,價單第1號 / Price List No. 1 • 見備註7(c)(i) / See Remark 7(c)(i) • 見備註7(d) / See Remark 7(d) • 見備註7(e) / See Remark 7(e) • 見備註7(f) / See Remark 7(f),
2021-05-01,2021-05-07,,第2座(2B) TOWER 2 (2B),21,E,,14194000,,價單第1號 / Price List No. 1 • 見備註7(c)(iv) / See Remark 7(c)(iv) • 見備註7(d) / See Remark 7(d) • 見備註7(e) / See Remark 7(e) • 見備註7(f) / See Remark 7(f),
2021-05-01,2021-05-07,,第2座(2B) TOWER 2 (2B),20,E,,13652000,,價單第1號 / Price List No. 1 • 見備註7(c)(i) / See Remark 7(c)(i) • 見備註7(d) / See Remark 7(d) • 見備註7(e) / See Remark 7(e) • 見備註7(f) / See Remark 7(f),
2021-05-01,2021-05-07,,第2座(2B) TOWER 2 (2B),19,E,,14109000,,價單第1號 / Price List No. 1 • 見備註7(c)(iv) / See Remark 7(c)(iv) • 見備註7(d) / See Remark 7(d) • 見備註7(e) / See Remark 7(e) • 見備註7(f) / See Remark 7(f),
2021-05-01,2021-05-07,,第2座(2B) TOWER 2 (2B),18,E,,13611000,,價單第1號 / Price List No. 1 • 見備註7(c)(i) / See Remark 7(c)(i) • 見備註7(d) / See Remark 7(d) • 見備註7(e) / See Remark 7(e) • 見備註7(f) / See Remark 7(f),
2021-05-01,2021-05-07,2023-10-20,第2座(2B) TOWER 2 (2B),17,E,,14025000,,價單第1號 / Price List No. 1 • 見備註7(c)(iv) / See Remark 7(c)(iv) • 見備註7(d) / See Remark 7(d) • 見備註7(e) / See Remark 7(e) • 見備註7(f) / See Remark 7(f),
2021-05-01,2021-05-05,,第2座(2B) TOWER 2 (2B),16,E,,13983000,,價單第1號 / Price List No. 1 • 見備註7(c)(iv) / See Remark 7(c)(iv) • 見備註7(d) / See Remark 7(d) • 見備註7(e) / See Remark 7(e) • 見備註7(f) / See Remark 7(f),
2021-05-01,2021-05-07,,第2座(2B) TOWER 2 (2B),15,E,,13941000,,價單第1號 / Price List No. 1 • 見備註7(c)(iv) / See Remark 7(c)(iv) • 見備註7(d) / See Remark 7(d) • 見備註7(e) / See Remark 7(e) • 見備註7(f) / See Remark 7(f),
2021-05-01,2021-05-07,,第2座(2B) TOWER 2 (2B),12,E,,13818000,,"價單第1號 / Price List No. 1 • 見備註7(c)(ii), 7(g) / See Remark 7(c)(ii), 7(g) • 見備註7(d) / See Remark 7(d) • 見備註7(e) / See Remark 7(e) • 見備註7(f) / See Remark 7(f)",
2021-05-01,2021-05-07,,第2座(2B) TOWER 2 (2B),11,E,,13858000,,價單第1號 / Price List No. 1 • 見備註7(c)(iv) / See Remark 7(c)(iv) • 見備註7(d) / See Remark 7(d) • 見備註7(e) / See Remark 7(e) • 見備註7(f) / See Remark 7(f),
2021-05-01,2021-05-07,,第2座(2B) TOWER 2 (2B),10,E,,13816000,,價單第1號 / Price List No. 1 • 見備註7(c)(iv) / See Remark 7(c)(iv) • 見備註7(d) / See Remark 7(d) • 見備註7(e) / See Remark 7(e) • 見備註7(f) / See Remark 7(f),
2021-05-01,2021-05-07,,第2座(2B) TOWER 2 (2B),9,E,,13613000,,價單第1號 / Price List No. 1 • 見備註7(c)(iii) / See Remark 7(c)(iii) • 見備註7(d) / See Remark 7(d) • 見備註7(e) / See Remark 7(e) • 見備註7(f) / See Remark 7(f),
2021-05-01,2021-05-07,,第2座(2B) TOWER 2 (2B),8,E,,13289000,,價單第1號 / Price List No. 1 • 見備註7(c)(i) / See Remark 7(c)(i) • 見備註7(d) / See Remark 7(d) • 見備註7(e) / See Remark 7(e) • 見備註7(f) / See Remark 7(f),
2021-05-01,2021-05-07,,第2座(2B) TOWER 2 (2B),7,E,,13693000,,價單第1號 / Price List No. 1 • 見備註7(c)(iv) / See Remark 7(c)(iv) • 見備註7(d) / See Remark 7(d) • 見備註7(e) / See Remark 7(e) • 見備註7(f) / See Remark 7(f),
2021-05-01,2021-05-07,,第2座(2B) TOWER 2 (2B),6,E,,13651000,,價單第1號 / Price List No. 1 • 見備註7(c)(iv) / See Remark 7(c)(iv) • 見備註7(d) / See Remark 7(d) • 見備註7(e) / See Remark 7(e) • 見備註7(f) / See Remark 7(f),
2021-05-03,2021-05-10,,第1座(1A) TOWER 1 (1A),39,A,,54225000,,"見備註 8(c)(i), 8(e) / See Remark 8(c)(i), 8(e)",
2021-05-03,2021-05-10,,第1座(1A) TOWER 1 (1A),29,A,,52779000,,"見備註 8(c)(i), 8(e) / See Remark 8(c)(i), 8(e)",
2021-05-03,2021-05-07,,第1座(1A) TOWER 1 (1A),39,F,,66000000,,"見備註 8(c)(iii), 8(e) / See Remark 8(c)(iii), 8(e)",
2021-05-03,2021-05-10,,第1座(1A) TOWER 1 (1A),37,F,,52880000,,"見備註 8(c)(i), 8(e) / See Remark 8(c)(i), 8(e)",
2021-05-03,2021-05-10,,第1座(1A) TOWER 1 (1A),29,F,,50549999,,"見備註 8(c)(i), 8(e) / See Remark 8(c)(i), 8(e)",
2021-05-03,2021-05-10,,第1座(1A) TOWER 1 (1A),28,F,,50000000,,"見備註 8(c)(i), 8(e) / See Remark 8(c)(i), 8(e)",
2021-05-08,2021-05-12,,第1座(1A) TOWER 1 (1A),5,B,,21088000,,價單第3號 / Price List No. 3 • 見備註7(c)(iv) / See Remark 7(c)(iv) • 見備註7(d) / See Remark 7(d) • 見備註7(e) / See Remark 7(e) • 見備註7(f) / See Remark 7(f),
2021-05-08,,,第1座(1A) TOWER 1 (1A),5,C,,20946000,,價單第3號 / Price List No. 3 • 見備註7(c)(iv) / See Remark 7(c)(iv) • 見備註7(d) / See Remark 7(d) • 見備註7(e) / See Remark 7(e) • 見備註7(f) / See Remark 7(f),
2021-05-08,2021-05-14,,第1座(1A) TOWER 1 (1A),41,D,,13875000,,價單第3號 / Price List No. 3 • 見備註7(c)(iii) / See Remark 7(c)(iii) • 見備註7(d) / See Remark 7(d) • 見備註7(e) / See Remark 7(e) • 見備註7(f) / See Remark 7(f),
2021-05-08,2021-05-14,,第1座(1A) TOWER 1 (1A),39,D,,13894000,"在02-07-2021，基 於法例第 35(2)(b)條所容許 的原因，售價更改 為$13,403,000 On 02-07-2021, the price adjusted to $13,403,000 due to the reason allowed under section 35(2)(b) of the Ordinance","價單第3號 / Price List No. 3 • 見備註7(c)(iv) / See Remark 7(c)(iv) • 見備註7(d) / See Remark 7(d) • 見備註7(e) / See Remark 7(e) • 見備註7(f) / See Remark 7(f) 在02-07-2021，支付條款修改為 On 02-07-2021, the terms of payment adjusted to 價單第3號 / Price List No. 3 • 見備註7(c)(i) / See Remark 7(c)(i) • 見備註7(d) / See Remark 7(d) • 見備註7(e) / See Remark 7(e) • 見備註7(f) / See Remark 7(f)",
2021-05-08,2021-05-14,,第1座(1A) TOWER 1 (1A),38,D,,13581000,"在27-09-2021，基 於法例第 35(2)(b)條所容許 的原因，售價更改 為$13,102,000 On 27-09-2021, the price adjusted to $13,102,000 due to the reason allowed under section 35(2)(b) of the Ordinance","價單第3號 / Price List No. 3 • 見備註7(c)(iv) / See Remark 7(c)(iv) • 見備註7(d) / See Remark 7(d) • 見備註7(e) / See Remark 7(e) • 見備註7(f) / See Remark 7(f) 在27-09-2021，支付條款修改為 On 27-09-2021, the terms of payment adjusted to 價單第3號 / Price List No. 3 • 見備註7(c)(i) / See Remark 7(c)(i) • 見備註7(d) / See Remark 7(d) • 見備註7(e) / See Remark 7(e) • 見備註7(f) / See Remark 7(f)",
2021-05-08,2021-05-14,2023-07-31,第1座(1A) TOWER 1 (1A),5,D,,15010000,,價單第3號 / Price List No. 3 • 見備註7(c)(iv) / See Remark 7(c)(iv) • 見備註7(d) / See Remark 7(d) • 見備註7(e) / See Remark 7(e) • 見備註7(f) / See Remark 7(f),
2021-05-08,2021-05-14,,第1座(1A) TOWER 1 (1A),42,E,,20589000,,價單第3號 / Price List No. 3 • 見備註7(c)(iv) / See Remark 7(c)(iv) • 見備註7(d) / See Remark 7(d) • 見備註7(e) / See Remark 7(e) • 見備註7(f) / See Remark 7(f),
2021-05-08,2021-05-14,,第1座(1A) TOWER 1 (1A),41,E,,20090000,,價單第3號 / Price List No. 3 • 見備註7(c)(iii) / See Remark 7(c)(iii) • 見備註7(d) / See Remark 7(d) • 見備註7(e) / See Remark 7(e) • 見備註7(f) / See Remark 7(f),
2021-05-08,2021-05-14,,第1座(1A) TOWER 1 (1A),40,E,,20009000,,"價單第3號 / Price List No. 3 • 見備註7(c)(ii), 7(g) / See Remark 7(c)(ii), 7(g) • 見備註7(d) / See Remark 7(d) • 見備註7(e) / See Remark 7(e) • 見備註7(f) / See Remark 7(f)",
2021-05-08,2021-05-14,,第1座(1A) TOWER 1 (1A),39,E,,19929000,,價單第3號 / Price List No. 3 • 見備註7(c)(iv) / See Remark 7(c)(iv) • 見備註7(d) / See Remark 7(d) • 見備註7(e) / See Remark 7(e) • 見備註7(f) / See Remark 7(f),
2021-05-08,2021-05-14,,第1座(1A) TOWER 1 (1A),38,E,,18946000,,價單第3號 / Price List No. 3 • 見備註7(c)(iv) / See Remark 7(c)(iv) • 見備註7(d) / See Remark 7(d) • 見備註7(e) / See Remark 7(e) • 見備註7(f) / See Remark 7(f),
2021-05-08,2021-05-14,,第1座(1A) TOWER 1 (1A),37,E,,18223000,,價單第3號 / Price List No. 3 • 見備註7(c)(i) / See Remark 7(c)(i) • 見備註7(d) / See Remark 7(d) • 見備註7(e) / See Remark 7(e) • 見備註7(f) / See Remark 7(f),
2021-05-08,2021-05-14,,第1座(1A) TOWER 1 (1A),36,E,,18168000,,價單第3號 / Price List No. 3 • 見備註7(c)(i) / See Remark 7(c)(i) • 見備註7(d) / See Remark 7(d) • 見備註7(e) / See Remark 7(e) • 見備註7(f) / See Remark 7(f),
2021-05-08,2021-05-14,,第1座(1A) TOWER 1 (1A),35,E,,18777000,,價單第3號 / Price List No. 3 • 見備註7(c)(iv) / See Remark 7(c)(iv) • 見備註7(d) / See Remark 7(d) • 見備註7(e) / See Remark 7(e) • 見備註7(f) / See Remark 7(f),
2021-05-08,2021-05-14,,第1座(1A) TOWER 1 (1A),33,E,,18721000,,價單第3號 / Price List No. 3 • 見備註7(c)(iv) / See Remark 7(c)(iv) • 見備註7(d) / See Remark 7(d) • 見備註7(e) / See Remark 7(e) • 見備註7(f) / See Remark 7(f),
2021-05-08,2021-05-14,,第1座(1A) TOWER 1 (1A),9,E,,17073000,,價單第3號 / Price List No. 3 • 見備註7(c)(i) / See Remark 7(c)(i) • 見備註7(d) / See Remark 7(d) • 見備註7(e) / See Remark 7(e) • 見備註7(f) / See Remark 7(f),
2021-05-08,2021-05-14,,第1座(1A) TOWER 1 (1A),8,E,,17073000,,價單第3號 / Price List No. 3 • 見備註7(c)(i) / See Remark 7(c)(i) • 見備註7(d) / See Remark 7(d) • 見備註7(e) / See Remark 7(e) • 見備註7(f) / See Remark 7(f),
2021-05-08,2021-05-14,,第1座(1A) TOWER 1 (1A),7,E,,16970000,,價單第3號 / Price List No. 3 • 見備註7(c)(i) / See Remark 7(c)(i) • 見備註7(d) / See Remark 7(d) • 見備註7(e) / See Remark 7(e) • 見備註7(f) / See Remark 7(f),
2021-05-08,2021-05-14,,第1座(1A) TOWER 1 (1A),6,E,,17384000,,"價單第3號 / Price List No. 3 • 見備註7(c)(ii), 7(g) / See Remark 7(c)(ii), 7(g) • 見備註7(d) / See Remark 7(d) • 見備註7(e) / See Remark 7(e) • 見備註7(f) / See Remark 7(f)",
2021-05-08,2021-05-14,,第1座(1A) TOWER 1 (1A),5,E,,20601000,,"價單第3號 / Price List No. 3 • 見備註7(c)(ii), 7(g) / See Remark 7(c)(ii), 7(g) • 見備註7(d) / See Remark 7(d) • 見備註7(e) / See Remark 7(e) • 見備註7(f) / See Remark 7(f)",
2021-05-08,2021-05-14,,第1座(1A) TOWER 1 (1A),5,F,,30208000,,價單第3號 / Price List No. 3 • 見備註7(c)(iv) / See Remark 7(c)(iv) • 見備註7(d) / See Remark 7(d) • 見備註7(e) / See Remark 7(e) • 見備註7(f) / See Remark 7(f),
2021-05-08,2021-05-14,,第1座(1A) TOWER 1 (1A),5,G,,12954000,,價單第3號 / Price List No. 3 • 見備註7(c)(i) / See Remark 7(c)(i) • 見備註7(d) / See Remark 7(d) • 見備註7(e) / See Remark 7(e) • 見備註7(f) / See Remark 7(f),
2021-05-08,2021-05-14,,第1座(1A) TOWER 1 (1A),21,H,,12341000,,價單第3號 / Price List No. 3 • 見備註7(c)(i) / See Remark 7(c)(i) • 見備註7(d) / See Remark 7(d) • 見備註7(e) / See Remark 7(e) • 見備註7(f) / See Remark 7(f),
2021-05-08,2021-05-14,,第1座(1A) TOWER 1 (1A),20,H,,12679000,,"價單第3號 / Price List No. 3 • 見備註7(c)(ii), 7(g) / See Remark 7(c)(ii), 7(g) • 見備註7(d) / See Remark 7(d) • 見備註7(e) / See Remark 7(e) • 見備註7(f) / See Remark 7(f)",
2021-05-08,2021-05-14,,第1座(1A) TOWER 1 (1A),19,H,,12641000,,"價單第3號 / Price List No. 3 • 見備註7(c)(ii), 7(g) / See Remark 7(c)(ii), 7(g) • 見備註7(d) / See Remark 7(d) • 見備註7(e) / See Remark 7(e) • 見備註7(f) / See Remark 7(f)",
2021-05-08,2021-05-14,,第1座(1A) TOWER 1 (1A),18,H,,12267000,,價單第3號 / Price List No. 3 • 見備註7(c)(i) / See Remark 7(c)(i) • 見備註7(d) / See Remark 7(d) • 見備註7(e) / See Remark 7(e) • 見備註7(f) / See Remark 7(f),
2021-05-08,2021-05-14,,第1座(1A) TOWER 1 (1A),17,H,,12194000,,價單第3號 / Price List No. 3 • 見備註7(c)(i) / See Remark 7(c)(i) • 見備註7(d) / See Remark 7(d) • 見備註7(e) / See Remark 7(e) • 見備註7(f) / See Remark 7(f),
2021-05-08,2021-05-14,,第1座(1A) TOWER 1 (1A),16,H,,12158000,,價單第3號 / Price List No. 3 • 見備註7(c)(i) / See Remark 7(c)(i) • 見備註7(d) / See Remark 7(d) • 見備註7(e) / See Remark 7(e) • 見備註7(f) / See Remark 7(f),
2021-05-08,2021-05-14,,第1座(1A) TOWER 1 (1A),15,H,,12564000,,價單第3號 / Price List No. 3 • 見備註7(c)(iv) / See Remark 7(c)(iv) • 見備註7(d) / See Remark 7(d) • 見備註7(e) / See Remark 7(e) • 見備註7(f) / See Remark 7(f),
2021-05-08,2021-05-14,,第1座(1A) TOWER 1 (1A),12,H,,12380000,,價單第3號 / Price List No. 3 • 見備註7(c)(iii) / See Remark 7(c)(iii) • 見備註7(d) / See Remark 7(d) • 見備註7(e) / See Remark 7(e) • 見備註7(f) / See Remark 7(f),
2021-05-08,2021-05-14,,第1座(1A) TOWER 1 (1A),11,H,,12490000,,價單第3號 / Price List No. 3 • 見備註7(c)(iv) / See Remark 7(c)(iv) • 見備註7(d) / See Remark 7(d) • 見備註7(e) / See Remark 7(e) • 見備註7(f) / See Remark 7(f),
2021-05-08,2021-05-14,,第1座(1A) TOWER 1 (1A),10,H,,12379000,,"價單第3號 / Price List No. 3 • 見備註7(c)(ii), 7(g) / See Remark 7(c)(ii), 7(g) • 見備註7(d) / See Remark 7(d) • 見備註7(e) / See Remark 7(e) • 見備註7(f) / See Remark 7(f)",
2021-05-08,2021-05-14,,第1座(1A) TOWER 1 (1A),9,H,,12415000,,價單第3號 / Price List No. 3 • 見備註7(c)(iv) / See Remark 7(c)(iv) • 見備註7(d) / See Remark 7(d) • 見備註7(e) / See Remark 7(e) • 見備註7(f) / See Remark 7(f),
2021-05-08,2021-05-14,,第1座(1A) TOWER 1 (1A),8,H,,11977000,,價單第3號 / Price List No. 3 • 見備註7(c)(i) / See Remark 7(c)(i) • 見備註7(d) / See Remark 7(d) • 見備註7(e) / See Remark 7(e) • 見備註7(f) / See Remark 7(f),
2021-05-08,2021-05-14,,第1座(1A) TOWER 1 (1A),7,H,,11905000,,價單第3號 / Price List No. 3 • 見備註7(c)(i) / See Remark 7(c)(i) • 見備註7(d) / See Remark 7(d) • 見備註7(e) / See Remark 7(e) • 見備註7(f) / See Remark 7(f),
2021-05-08,2021-05-14,,第1座(1A) TOWER 1 (1A),6,H,,12304000,,價單第3號 / Price List No. 3 • 見備註7(c)(iv) / See Remark 7(c)(iv) • 見備註7(d) / See Remark 7(d) • 見備註7(e) / See Remark 7(e) • 見備註7(f) / See Remark 7(f),
2021-05-08,2021-05-14,,第1座(1A) TOWER 1 (1A),17,J,,12038000,,價單第3號 / Price List No. 3 • 見備註7(c)(i) / See Remark 7(c)(i) • 見備註7(d) / See Remark 7(d) • 見備註7(e) / See Remark 7(e) • 見備註7(f) / See Remark 7(f),
2021-05-08,2021-05-14,,第1座(1A) TOWER 1 (1A),16,J,,12002000,,價單第3號 / Price List No. 3 • 見備註7(c)(i) / See Remark 7(c)(i) • 見備註7(d) / See Remark 7(d) • 見備註7(e) / See Remark 7(e) • 見備註7(f) / See Remark 7(f),
2021-05-08,2021-05-14,,第1座(1A) TOWER 1 (1A),15,J,,12405000,,價單第3號 / Price List No. 3 • 見備註7(c)(iv) / See Remark 7(c)(iv) • 見備註7(d) / See Remark 7(d) • 見備註7(e) / See Remark 7(e) • 見備註7(f) / See Remark 7(f),
2021-05-08,,,第1座(1A) TOWER 1 (1A),12,J,,12367000,,價單第3號 / Price List No. 3 • 見備註7(c)(iv) / See Remark 7(c)(iv) • 見備註7(d) / See Remark 7(d) • 見備註7(e) / See Remark 7(e) • 見備註7(f) / See Remark 7(f),
2021-05-08,2021-05-14,,第1座(1A) TOWER 1 (1A),11,J,,11895000,,價單第3號 / Price List No. 3 • 見備註7(c)(i) / See Remark 7(c)(i) • 見備註7(d) / See Remark 7(d) • 見備註7(e) / See Remark 7(e) • 見備註7(f) / See Remark 7(f),
2021-05-08,2021-05-14,,第1座(1A) TOWER 1 (1A),10,J,,12293000,,價單第3號 / Price List No. 3 • 見備註7(c)(iv) / See Remark 7(c)(iv) • 見備註7(d) / See Remark 7(d) • 見備註7(e) / See Remark 7(e) • 見備註7(f) / See Remark 7(f),
2021-05-08,2021-05-14,,第1座(1A) TOWER 1 (1A),9,J,,11824000,,價單第3號 / Price List No. 3 • 見備註7(c)(i) / See Remark 7(c)(i) • 見備註7(d) / See Remark 7(d) • 見備註7(e) / See Remark 7(e) • 見備註7(f) / See Remark 7(f),
2021-05-08,2021-05-14,,第1座(1A) TOWER 1 (1A),8,J,,12112000,"在12-04-2022，基 於法例第 35(2)(b)條所容許 的原因，售價更改 為$12,257,000 On 12-04-2022, the price adjusted to $12,257,000 due to the reason allowed under section 35(2)(b) of the Ordinance","價單第3號 / Price List No. 3 • 見備註7(c)(iii) / See Remark 7(c)(iii) • 見備註7(d) / See Remark 7(d) • 見備註7(e) / See Remark 7(e) • 見備註7(f) / See Remark 7(f) 在12-04-2022，支付條款修改為 On 12-04-2022, the terms of payment adjusted to 價單第3號 / Price List No. 3 • 見備註7(c)(iv) / See Remark 7(c)(iv) • 見備註7(d) / See Remark 7(d) • 見備註7(e) / See Remark 7(e) • 見備註7(f) / See Remark 7(f)",
2021-05-08,2021-05-14,2024-03-11,第1座(1A) TOWER 1 (1A),7,J,,12184000,,價單第3號 / Price List No. 3 • 見備註7(c)(iv) / See Remark 7(c)(iv) • 見備註7(d) / See Remark 7(d) • 見備註7(e) / See Remark 7(e) • 見備註7(f) / See Remark 7(f),
2021-05-08,2021-05-14,,第1座(1A) TOWER 1 (1A),6,J,,12004000,,價單第3號 / Price List No. 3 • 見備註7(c)(iii) / See Remark 7(c)(iii) • 見備註7(d) / See Remark 7(d) • 見備註7(e) / See Remark 7(e) • 見備註7(f) / See Remark 7(f),
2021-05-08,2021-05-14,2024-01-25,第1座(1B) TOWER 1 (1B),42,A,,35364000,,價單第3號 / Price List No. 3 • 見備註7(c)(iv) / See Remark 7(c)(iv) • 見備註7(d) / See Remark 7(d) • 見備註7(e) / See Remark 7(e) • 見備註7(f) / See Remark 7(f),
2021-05-08,2021-05-14,2023-12-22,第1座(1B) TOWER 1 (1B),41,A,,35188000,,價單第3號 / Price List No. 3 • 見備註7(c)(iv) / See Remark 7(c)(iv) • 見備註7(d) / See Remark 7(d) • 見備註7(e) / See Remark 7(e) • 見備註7(f) / See Remark 7(f),
2021-05-08,2021-05-14,2023-12-14,第1座(1B) TOWER 1 (1B),40,A,,35013000,,價單第3號 / Price List No. 3 • 見備註7(c)(iv) / See Remark 7(c)(iv) • 見備註7(d) / See Remark 7(d) • 見備註7(e) / See Remark 7(e) • 見備註7(f) / See Remark 7(f),
2021-05-08,2021-05-14,2023-12-29,第1座(1B) TOWER 1 (1B),39,A,,34839000,,價單第3號 / Price List No. 3 • 見備註7(c)(iv) / See Remark 7(c)(iv) • 見備註7(d) / See Remark 7(d) • 見備註7(e) / See Remark 7(e) • 見備註7(f) / See Remark 7(f),
2021-05-08,2021-05-14,2024-03-14,第1座(1B) TOWER 1 (1B),5,A,,29736000,,價單第3號 / Price List No. 3 • 見備註7(c)(iv) / See Remark 7(c)(iv) • 見備註7(d) / See Remark 7(d) • 見備註7(e) / See Remark 7(e) • 見備註7(f) / See Remark 7(f),
2021-05-08,2021-05-14,,第1座(1B) TOWER 1 (1B),42,C,,16601000,,價單第3號 / Price List No. 3 • 見備註7(c)(i) / See Remark 7(c)(i) • 見備註7(d) / See Remark 7(d) • 見備註7(e) / See Remark 7(e) • 見備註7(f) / See Remark 7(f),
2021-05-08,2021-05-14,,第1座(1B) TOWER 1 (1B),41,C,,16276000,,價單第3號 / Price List No. 3 • 見備註7(c)(i) / See Remark 7(c)(i) • 見備註7(d) / See Remark 7(d) • 見備註7(e) / See Remark 7(e) • 見備註7(f) / See Remark 7(f),
2021-05-08,2021-05-14,,第1座(1B) TOWER 1 (1B),40,C,,16036000,,價單第3號 / Price List No. 3 • 見備註7(c)(i) / See Remark 7(c)(i) • 見備註7(d) / See Remark 7(d) • 見備註7(e) / See Remark 7(e) • 見備註7(f) / See Remark 7(f),
2021-05-08,2021-05-14,,第1座(1B) TOWER 1 (1B),39,C,,16458000,,價單第3號 / Price List No. 3 • 見備註7(c)(iv) / See Remark 7(c)(iv) • 見備註7(d) / See Remark 7(d) • 見備註7(e) / See Remark 7(e) • 見備註7(f) / See Remark 7(f),
2021-05-08,2021-05-14,,第1座(1B) TOWER 1 (1B),5,C,,16830000,,價單第3號 / Price List No. 3 • 見備註7(c)(iii) / See Remark 7(c)(iii) • 見備註7(d) / See Remark 7(d) • 見備註7(e) / See Remark 7(e) • 見備註7(f) / See Remark 7(f),
2021-05-08,2021-05-14,,第1座(1B) TOWER 1 (1B),42,D,,34329000,,價單第3號 / Price List No. 3 • 見備註7(c)(i) / See Remark 7(c)(i) • 見備註7(d) / See Remark 7(d) • 見備註7(e) / See Remark 7(e) • 見備註7(f) / See Remark 7(f),
2021-05-08,2021-05-12,,第1座(1B) TOWER 1 (1B),41,D,,34158000,,價單第3號 / Price List No. 3 • 見備註7(c)(i) / See Remark 7(c)(i) • 見備註7(d) / See Remark 7(d) • 見備註7(e) / See Remark 7(e) • 見備註7(f) / See Remark 7(f),
2021-05-08,2021-05-14,,第1座(1B) TOWER 1 (1B),40,D,,33989000,,價單第3號 / Price List No. 3 • 見備註7(c)(i) / See Remark 7(c)(i) • 見備註7(d) / See Remark 7(d) • 見備註7(e) / See Remark 7(e) • 見備註7(f) / See Remark 7(f),
2021-05-08,2021-05-14,,第1座(1B) TOWER 1 (1B),39,D,,35057000,,價單第3號 / Price List No. 3 • 見備註7(c)(iv) / See Remark 7(c)(iv) • 見備註7(d) / See Remark 7(d) • 見備註7(e) / See Remark 7(e) • 見備註7(f) / See Remark 7(f),
2021-05-08,2021-05-14,,第1座(1B) TOWER 1 (1B),38,D,,32564000,,價單第3號 / Price List No. 3 • 見備註7(c)(i) / See Remark 7(c)(i) • 見備註7(d) / See Remark 7(d) • 見備註7(e) / See Remark 7(e) • 見備註7(f) / See Remark 7(f),
2021-05-08,2021-05-14,,第1座(1B) TOWER 1 (1B),37,D,,33259000,,價單第3號 / Price List No. 3 • 見備註7(c)(iii) / See Remark 7(c)(iii) • 見備註7(d) / See Remark 7(d) • 見備註7(e) / See Remark 7(e) • 見備註7(f) / See Remark 7(f),
2021-05-08,2021-05-14,,第1座(1B) TOWER 1 (1B),36,D,,33321000,,價單第3號 / Price List No. 3 • 見備註7(c)(iv) / See Remark 7(c)(iv) • 見備註7(d) / See Remark 7(d) • 見備註7(e) / See Remark 7(e) • 見備註7(f) / See Remark 7(f),
2021-05-08,2021-05-13,,第1座(1B) TOWER 1 (1B),35,D,,32797000,"在15-06-2021，基 於法例第 35(2)(b)條所容許 的原因，售價更改 為$32,992,000 On 15-06-2021, the price adjusted to $32,992,000 due to the reason allowed under section 35(2)(b) of the Ordinance","價單第3號 / Price List No. 3 • 見備註7(c)(ii), 7(g) / See Remark 7(c)(ii), 7(g) • 見備註7(d) / See Remark 7(d) • 見備註7(e) / See Remark 7(e) • 見備註7(f) / See Remark 7(f) 在15-06-2021，支付條款修改為 On 15-06-2021, the terms of payment adjusted to 價單第3號 / Price List No. 3 • 見備註7(c)(iv) / See Remark 7(c)(iv) • 見備註7(d) / See Remark 7(d) • 見備註7(e) / See Remark 7(e) • 見備註7(f) / See Remark 7(f)",
2021-05-08,2021-05-14,,第1座(1B) TOWER 1 (1B),33,D,,31512000,,價單第3號 / Price List No. 3 • 見備註7(c)(i) / See Remark 7(c)(i) • 見備註7(d) / See Remark 7(d) • 見備註7(e) / See Remark 7(e) • 見備註7(f) / See Remark 7(f),
2021-05-08,2021-05-14,,第1座(1B) TOWER 1 (1B),32,D,,31356000,,價單第3號 / Price List No. 3 • 見備註7(c)(i) / See Remark 7(c)(i) • 見備註7(d) / See Remark 7(d) • 見備註7(e) / See Remark 7(e) • 見備註7(f) / See Remark 7(f),
2021-05-08,2021-05-14,,第1座(1B) TOWER 1 (1B),31,D,,31199000,,價單第3號 / Price List No. 3 • 見備註7(c)(i) / See Remark 7(c)(i) • 見備註7(d) / See Remark 7(d) • 見備註7(e) / See Remark 7(e) • 見備註7(f) / See Remark 7(f),
2021-05-08,2021-05-14,,第1座(1B) TOWER 1 (1B),30,D,,31044000,,價單第3號 / Price List No. 3 • 見備註7(c)(i) / See Remark 7(c)(i) • 見備註7(d) / See Remark 7(d) • 見備註7(e) / See Remark 7(e) • 見備註7(f) / See Remark 7(f),
2021-05-08,2021-05-14,,第1座(1B) TOWER 1 (1B),29,D,,32020000,,價單第3號 / Price List No. 3 • 見備註7(c)(iv) / See Remark 7(c)(iv) • 見備註7(d) / See Remark 7(d) • 見備註7(e) / See Remark 7(e) • 見備註7(f) / See Remark 7(f),
2021-05-08,2021-05-13,,第1座(1B) TOWER 1 (1B),28,D,,32020000,,價單第3號 / Price List No. 3 • 見備註7(c)(iv) / See Remark 7(c)(iv) • 見備註7(d) / See Remark 7(d) • 見備註7(e) / See Remark 7(e) • 見備註7(f) / See Remark 7(f),
2021-05-08,2021-05-14,,第1座(1B) TOWER 1 (1B),27,D,,31415000,,價單第3號 / Price List No. 3 • 見備註7(c)(iv) / See Remark 7(c)(iv) • 見備註7(d) / See Remark 7(d) • 見備註7(e) / See Remark 7(e) • 見備註7(f) / See Remark 7(f),
2021-05-08,2021-05-14,,第1座(1B) TOWER 1 (1B),26,D,,30155000,,價單第3號 / Price List No. 3 • 見備註7(c)(i) / See Remark 7(c)(i) • 見備註7(d) / See Remark 7(d) • 見備註7(e) / See Remark 7(e) • 見備註7(f) / See Remark 7(f),
2021-05-08,2021-05-14,,第1座(1B) TOWER 1 (1B),25,D,,30005000,,價單第3號 / Price List No. 3 • 見備註7(c)(i) / See Remark 7(c)(i) • 見備註7(d) / See Remark 7(d) • 見備註7(e) / See Remark 7(e) • 見備註7(f) / See Remark 7(f),
2021-05-08,2021-05-14,,第1座(1B) TOWER 1 (1B),23,D,,29856000,,價單第3號 / Price List No. 3 • 見備註7(c)(i) / See Remark 7(c)(i) • 見備註7(d) / See Remark 7(d) • 見備註7(e) / See Remark 7(e) • 見備註7(f) / See Remark 7(f),
2021-05-08,2021-05-14,,第1座(1B) TOWER 1 (1B),22,D,,30613000,,"價單第3號 / Price List No. 3 • 見備註7(c)(ii), 7(g) / See Remark 7(c)(ii), 7(g) • 見備註7(d) / See Remark 7(d) • 見備註7(e) / See Remark 7(e) • 見備註7(f) / See Remark 7(f)",
2021-05-08,2021-05-12,,第1座(1B) TOWER 1 (1B),21,D,,27511000,,價單第3號 / Price List No. 3 • 見備註7(c)(i) / See Remark 7(c)(i) • 見備註7(d) / See Remark 7(d) • 見備註7(e) / See Remark 7(e) • 見備註7(f) / See Remark 7(f),
2021-05-08,2021-05-14,,第1座(1B) TOWER 1 (1B),20,D,,28098000,,價單第3號 / Price List No. 3 • 見備註7(c)(iii) / See Remark 7(c)(iii) • 見備註7(d) / See Remark 7(d) • 見備註7(e) / See Remark 7(e) • 見備註7(f) / See Remark 7(f),
2021-05-08,2021-05-14,,第1座(1B) TOWER 1 (1B),19,D,,28347000,,價單第3號 / Price List No. 3 • 見備註7(c)(iv) / See Remark 7(c)(iv) • 見備註7(d) / See Remark 7(d) • 見備註7(e) / See Remark 7(e) • 見備註7(f) / See Remark 7(f),
2021-05-08,2021-05-14,,第1座(1B) TOWER 1 (1B),18,D,,27347000,,價單第3號 / Price List No. 3 • 見備註7(c)(i) / See Remark 7(c)(i) • 見備註7(d) / See Remark 7(d) • 見備註7(e) / See Remark 7(e) • 見備註7(f) / See Remark 7(f),
2021-05-08,2021-05-13,,第1座(1B) TOWER 1 (1B),17,D,,27751000,"在28-07-2021，基 於法例第 35(2)(b)條所容許 的原因，售價更改 為$27,587,000 On 28-07-2021, the price adjusted to $27,587,000 due to the reason allowed under section 35(2)(b) of the Ordinance","價單第3號 / Price List No. 3 • 見備註7(c)(ii), 7(g) / See Remark 7(c)(ii), 7(g) • 見備註7(d) / See Remark 7(d) • 見備註7(e) / See Remark 7(e) • 見備註7(f) / See Remark 7(f) 在28-07-2021，支付條款修改為 On 28-07-2021, the terms of payment adjusted to 價單第3號 / Price List No. 3 • 見備註7(c)(iii) / See Remark 7(c)(iii) • 見備註7(d) / See Remark 7(d) • 見備註7(e) / See Remark 7(e) • 見備註7(f) / See Remark 7(f)",
2021-05-08,2021-05-14,,第1座(1B) TOWER 1 (1B),16,D,,27832000,,價單第3號 / Price List No. 3 • 見備註7(c)(iv) / See Remark 7(c)(iv) • 見備註7(d) / See Remark 7(d) • 見備註7(e) / See Remark 7(e) • 見備註7(f) / See Remark 7(f),
2021-05-08,2021-05-14,,第1座(1B) TOWER 1 (1B),15,D,,27749000,,價單第3號 / Price List No. 3 • 見備註7(c)(iv) / See Remark 7(c)(iv) • 見備註7(d) / See Remark 7(d) • 見備註7(e) / See Remark 7(e) • 見備註7(f) / See Remark 7(f),
2021-05-08,2021-05-14,,第1座(1B) TOWER 1 (1B),12,D,,26689000,,價單第3號 / Price List No. 3 • 見備註7(c)(i) / See Remark 7(c)(i) • 見備註7(d) / See Remark 7(d) • 見備註7(e) / See Remark 7(e) • 見備註7(f) / See Remark 7(f),
2021-05-08,2021-05-14,,第1座(1B) TOWER 1 (1B),11,D,,26609000,,價單第3號 / Price List No. 3 • 見備註7(c)(i) / See Remark 7(c)(i) • 見備註7(d) / See Remark 7(d) • 見備註7(e) / See Remark 7(e) • 見備註7(f) / See Remark 7(f),
2021-05-08,2021-05-14,,第1座(1B) TOWER 1 (1B),10,D,,27501000,,價單第3號 / Price List No. 3 • 見備註7(c)(iv) / See Remark 7(c)(iv) • 見備註7(d) / See Remark 7(d) • 見備註7(e) / See Remark 7(e) • 見備註7(f) / See Remark 7(f),
2021-05-08,2021-05-14,,第1座(1B) TOWER 1 (1B),9,D,,27418000,,價單第3號 / Price List No. 3 • 見備註7(c)(iv) / See Remark 7(c)(iv) • 見備註7(d) / See Remark 7(d) • 見備註7(e) / See Remark 7(e) • 見備註7(f) / See Remark 7(f),
2021-05-08,2021-05-14,,第1座(1B) TOWER 1 (1B),8,D,,27418000,,價單第3號 / Price List No. 3 • 見備註7(c)(iv) / See Remark 7(c)(iv) • 見備註7(d) / See Remark 7(d) • 見備註7(e) / See Remark 7(e) • 見備註7(f) / See Remark 7(f),
2021-05-08,2021-05-14,,第1座(1B) TOWER 1 (1B),7,D,,26292000,,價單第3號 / Price List No. 3 • 見備註7(c)(i) / See Remark 7(c)(i) • 見備註7(d) / See Remark 7(d) • 見備註7(e) / See Remark 7(e) • 見備註7(f) / See Remark 7(f),
2021-05-08,2021-05-14,,第1座(1B) TOWER 1 (1B),6,D,,26854000,,價單第3號 / Price List No. 3 • 見備註7(c)(iii) / See Remark 7(c)(iii) • 見備註7(d) / See Remark 7(d) • 見備註7(e) / See Remark 7(e) • 見備註7(f) / See Remark 7(f),
2021-05-08,2021-05-13,,第2座(2A) TOWER 2 (2A),38,A,,29380000,,價單第3號 / Price List No. 3 • 見備註7(c)(iv) / See Remark 7(c)(iv) • 見備註7(d) / See Remark 7(d) • 見備註7(e) / See Remark 7(e) • 見備註7(f) / See Remark 7(f),
2021-05-08,2021-05-13,,第2座(2A) TOWER 2 (2A),37,A,,28918000,,"價單第3號 / Price List No. 3 • 見備註7(c)(ii), 7(g) / See Remark 7(c)(ii), 7(g) • 見備註7(d) / See Remark 7(d) • 見備註7(e) / See Remark 7(e) • 見備註7(f) / See Remark 7(f)",
2021-05-08,2021-05-14,,第2座(2A) TOWER 2 (2A),36,A,,27922000,,價單第3號 / Price List No. 3 • 見備註7(c)(i) / See Remark 7(c)(i) • 見備註7(d) / See Remark 7(d) • 見備註7(e) / See Remark 7(e) • 見備註7(f) / See Remark 7(f),
2021-05-08,2021-05-14,,第2座(2A) TOWER 2 (2A),35,A,,27784000,,價單第3號 / Price List No. 3 • 見備註7(c)(i) / See Remark 7(c)(i) • 見備註7(d) / See Remark 7(d) • 見備註7(e) / See Remark 7(e) • 見備註7(f) / See Remark 7(f),
2021-05-08,2021-05-14,,第2座(2A) TOWER 2 (2A),33,A,,27645000,,價單第3號 / Price List No. 3 • 見備註7(c)(i) / See Remark 7(c)(i) • 見備註7(d) / See Remark 7(d) • 見備註7(e) / See Remark 7(e) • 見備註7(f) / See Remark 7(f),
2021-05-08,2021-05-14,,第2座(2A) TOWER 2 (2A),32,A,,27508000,,價單第3號 / Price List No. 3 • 見備註7(c)(i) / See Remark 7(c)(i) • 見備註7(d) / See Remark 7(d) • 見備註7(e) / See Remark 7(e) • 見備註7(f) / See Remark 7(f),
2021-05-08,2021-05-14,,第2座(2A) TOWER 2 (2A),31,A,,28373000,,價單第3號 / Price List No. 3 • 見備註7(c)(iv) / See Remark 7(c)(iv) • 見備註7(d) / See Remark 7(d) • 見備註7(e) / See Remark 7(e) • 見備註7(f) / See Remark 7(f),
2021-05-08,2021-05-14,,第2座(2A) TOWER 2 (2A),30,A,,27235000,,價單第3號 / Price List No. 3 • 見備註7(c)(i) / See Remark 7(c)(i) • 見備註7(d) / See Remark 7(d) • 見備註7(e) / See Remark 7(e) • 見備註7(f) / See Remark 7(f),
2021-05-08,2021-05-13,2024-02-05,第2座(2A) TOWER 2 (2A),29,A,,28090000,,價單第3號 / Price List No. 3 • 見備註7(c)(iv) / See Remark 7(c)(iv) • 見備註7(d) / See Remark 7(d) • 見備註7(e) / See Remark 7(e) • 見備註7(f) / See Remark 7(f),
2021-05-08,2021-05-14,,第2座(2A) TOWER 2 (2A),28,A,,27099000,,價單第3號 / Price List No. 3 • 見備註7(c)(i) / See Remark 7(c)(i) • 見備註7(d) / See Remark 7(d) • 見備註7(e) / See Remark 7(e) • 見備註7(f) / See Remark 7(f),
2021-05-08,2021-05-14,,第2座(2A) TOWER 2 (2A),27,A,,26831000,,價單第3號 / Price List No. 3 • 見備註7(c)(i) / See Remark 7(c)(i) • 見備註7(d) / See Remark 7(d) • 見備註7(e) / See Remark 7(e) • 見備註7(f) / See Remark 7(f),
2021-05-08,2021-05-14,,第2座(2A) TOWER 2 (2A),26,A,,27674000,,價單第3號 / Price List No. 3 • 見備註7(c)(iv) / See Remark 7(c)(iv) • 見備註7(d) / See Remark 7(d) • 見備註7(e) / See Remark 7(e) • 見備註7(f) / See Remark 7(f),
2021-05-08,2021-05-14,,第2座(2A) TOWER 2 (2A),25,A,,26564000,,價單第3號 / Price List No. 3 • 見備註7(c)(i) / See Remark 7(c)(i) • 見備註7(d) / See Remark 7(d) • 見備註7(e) / See Remark 7(e) • 見備註7(f) / See Remark 7(f),
2021-05-08,2021-05-14,2023-12-05,第2座(2A) TOWER 2 (2A),23,A,,27399000,,價單第3號 / Price List No. 3 • 見備註7(c)(iv) / See Remark 7(c)(iv) • 見備註7(d) / See Remark 7(d) • 見備註7(e) / See Remark 7(e) • 見備註7(f) / See Remark 7(f),
2021-05-08,2021-05-14,,第2座(2A) TOWER 2 (2A),22,A,,27263000,"在06-07-2021，基 於法例第 35(2)(b)條所容許 的原因，售價更改 為$27,103,000 On 06-07-2021, the price adjusted to $27,103,000 due to the reason allowed under section 35(2)(b) of the Ordinance","價單第3號 / Price List No. 3 • 見備註7(c)(iv) / See Remark 7(c)(iv) • 見備註7(d) / See Remark 7(d) • 見備註7(e) / See Remark 7(e) • 見備註7(f) / See Remark 7(f) 在06-07-2021，支付條款修改為 On 06-07-2021, the terms of payment adjusted to 價單第3號 / Price List No. 3 • 見備註7(c)(ii), 7(g) / See Remark 7(c)(ii), 7(g) • 見備註7(d) / See Remark 7(d) • 見備註7(e) / See Remark 7(e) • 見備註7(f) / See Remark 7(f)",
2021-05-08,2021-05-11,,第2座(2A) TOWER 2 (2A),21,A,,24845000,,價單第3號 / Price List No. 3 • 見備註7(c)(iv) / See Remark 7(c)(iv) • 見備註7(d) / See Remark 7(d) • 見備註7(e) / See Remark 7(e) • 見備註7(f) / See Remark 7(f),
2021-05-08,2021-05-14,,第2座(2A) TOWER 2 (2A),20,A,,23897000,,價單第3號 / Price List No. 3 • 見備註7(c)(i) / See Remark 7(c)(i) • 見備註7(d) / See Remark 7(d) • 見備註7(e) / See Remark 7(e) • 見備註7(f) / See Remark 7(f),
2021-05-08,2021-05-14,,第2座(2A) TOWER 2 (2A),19,A,,24697000,,價單第3號 / Price List No. 3 • 見備註7(c)(iv) / See Remark 7(c)(iv) • 見備註7(d) / See Remark 7(d) • 見備註7(e) / See Remark 7(e) • 見備註7(f) / See Remark 7(f),
2021-05-08,2021-05-14,,第2座(2A) TOWER 2 (2A),18,A,,24697000,,價單第3號 / Price List No. 3 • 見備註7(c)(iv) / See Remark 7(c)(iv) • 見備註7(d) / See Remark 7(d) • 見備註7(e) / See Remark 7(e) • 見備註7(f) / See Remark 7(f),
2021-05-08,2021-05-14,,第2座(2A) TOWER 2 (2A),17,A,,24405000,,"價單第3號 / Price List No. 3 • 見備註7(c)(ii), 7(g) / See Remark 7(c)(ii), 7(g) • 見備註7(d) / See Remark 7(d) • 見備註7(e) / See Remark 7(e) • 見備註7(f) / See Remark 7(f)",
2021-05-08,2021-05-14,,第2座(2A) TOWER 2 (2A),16,A,,24476000,,價單第3號 / Price List No. 3 • 見備註7(c)(iv) / See Remark 7(c)(iv) • 見備註7(d) / See Remark 7(d) • 見備註7(e) / See Remark 7(e) • 見備註7(f) / See Remark 7(f),
2021-05-08,2021-05-14,2023-06-05,第2座(2A) TOWER 2 (2A),15,A,,24403000,,價單第3號 / Price List No. 3 • 見備註7(c)(iv) / See Remark 7(c)(iv) • 見備註7(d) / See Remark 7(d) • 見備註7(e) / See Remark 7(e) • 見備註7(f) / See Remark 7(f),
2021-05-08,2021-05-13,,第2座(2A) TOWER 2 (2A),12,A,,24330000,,價單第3號 / Price List No. 3 • 見備註7(c)(iv) / See Remark 7(c)(iv) • 見備註7(d) / See Remark 7(d) • 見備註7(e) / See Remark 7(e) • 見備註7(f) / See Remark 7(f),
2021-05-08,2021-05-14,,第2座(2A) TOWER 2 (2A),11,A,,24257000,,價單第3號 / Price List No. 3 • 見備註7(c)(iv) / See Remark 7(c)(iv) • 見備註7(d) / See Remark 7(d) • 見備註7(e) / See Remark 7(e) • 見備註7(f) / See Remark 7(f),
2021-05-08,2021-05-14,,第2座(2A) TOWER 2 (2A),10,A,,24185000,,價單第3號 / Price List No. 3 • 見備註7(c)(iv) / See Remark 7(c)(iv) • 見備註7(d) / See Remark 7(d) • 見備註7(e) / See Remark 7(e) • 見備註7(f) / See Remark 7(f),
2021-05-08,2021-05-14,2023-12-05,第2座(2A) TOWER 2 (2A),9,A,,24112000,,價單第3號 / Price List No. 3 • 見備註7(c)(iv) / See Remark 7(c)(iv) • 見備註7(d) / See Remark 7(d) • 見備註7(e) / See Remark 7(e) • 見備註7(f) / See Remark 7(f),
2021-05-08,2021-05-14,,第2座(2A) TOWER 2 (2A),8,A,,23971000,"在28-07-2021，基 於法例第 35(2)(b)條所容許 的原因，售價更改 為$23,261,000 On 28-07-2021, the price adjusted to $23,261,000 due to the reason allowed under section 35(2)(b) of the Ordinance","價單第3號 / Price List No. 3 • 見備註7(c)(ii), 7(g) / See Remark 7(c)(ii), 7(g) • 見備註7(d) / See Remark 7(d) • 見備註7(e) / See Remark 7(e) • 見備註7(f) / See Remark 7(f) 在28-07-2021，支付條款修改為 On 28-07-2021, the terms of payment adjusted to 價單第3號 / Price List No. 3 • 見備註7(c)(i) / See Remark 7(c)(i) • 見備註7(d) / See Remark 7(d) • 見備註7(e) / See Remark 7(e) • 見備註7(f) / See Remark 7(f)",
2021-05-08,2021-05-14,,第2座(2A) TOWER 2 (2A),7,A,,23828000,"在06-09-2021，基 於法例第 35(2)(b)條所容許 的原因，售價更改 為$23,969,000 On 06-09-2021, the price adjusted to $23,969,000 due to the reason allowed under section 35(2)(b) of the Ordinance","價單第3號 / Price List No. 3 • 見備註7(c)(ii), 7(g) / See Remark 7(c)(ii), 7(g) • 見備註7(d) / See Remark 7(d) • 見備註7(e) / See Remark 7(e) • 見備註7(f) / See Remark 7(f) 在06-09-2021，支付條款修改為 On 06-09-2021, the terms of payment adjusted to 價單第3號 / Price List No. 3 • 見備註7(c)(iv) / See Remark 7(c)(iv) • 見備註7(d) / See Remark 7(d) • 見備註7(e) / See Remark 7(e) • 見備註7(f) / See Remark 7(f)",
2021-05-08,2021-05-14,,第2座(2A) TOWER 2 (2A),6,A,,23756000,,"價單第3號 / Price List No. 3 • 見備註7(c)(ii), 7(g) / See Remark 7(c)(ii), 7(g) • 見備註7(d) / See Remark 7(d) • 見備註7(e) / See Remark 7(e) • 見備註7(f) / See Remark 7(f)",
2021-05-08,2021-05-14,,第2座(2A) TOWER 2 (2A),37,C,,18361000,,價單第3號 / Price List No. 3 • 見備註7(c)(iv) / See Remark 7(c)(iv) • 見備註7(d) / See Remark 7(d) • 見備註7(e) / See Remark 7(e) • 見備註7(f) / See Remark 7(f),
2021-05-08,2021-05-12,,第2座(2A) TOWER 2 (2A),36,C,,18306000,,價單第3號 / Price List No. 3 • 見備註7(c)(iv) / See Remark 7(c)(iv) • 見備註7(d) / See Remark 7(d) • 見備註7(e) / See Remark 7(e) • 見備註7(f) / See Remark 7(f),
2021-05-08,2021-05-14,,第2座(2A) TOWER 2 (2A),35,C,,18252000,,價單第3號 / Price List No. 3 • 見備註7(c)(iv) / See Remark 7(c)(iv) • 見備註7(d) / See Remark 7(d) • 見備註7(e) / See Remark 7(e) • 見備註7(f) / See Remark 7(f),
2021-05-08,2021-05-14,,第2座(2A) TOWER 2 (2A),33,C,,18089000,,"價單第3號 / Price List No. 3 • 見備註7(c)(ii), 7(g) / See Remark 7(c)(ii), 7(g) • 見備註7(d) / See Remark 7(d) • 見備註7(e) / See Remark 7(e) • 見備註7(f) / See Remark 7(f)",
2021-05-08,2021-05-14,,第2座(2A) TOWER 2 (2A),32,C,,18142000,,價單第3號 / Price List No. 3 • 見備註7(c)(iv) / See Remark 7(c)(iv) • 見備註7(d) / See Remark 7(d) • 見備註7(e) / See Remark 7(e) • 見備註7(f) / See Remark 7(f),
2021-05-08,2021-05-14,,第2座(2A) TOWER 2 (2A),31,C,,17981000,,"價單第3號 / Price List No. 3 • 見備註7(c)(ii), 7(g) / See Remark 7(c)(ii), 7(g) • 見備註7(d) / See Remark 7(d) • 見備註7(e) / See Remark 7(e) • 見備註7(f) / See Remark 7(f)",
2021-05-08,2021-05-14,,第2座(2A) TOWER 2 (2A),30,C,,18034000,,價單第3號 / Price List No. 3 • 見備註7(c)(iv) / See Remark 7(c)(iv) • 見備註7(d) / See Remark 7(d) • 見備註7(e) / See Remark 7(e) • 見備註7(f) / See Remark 7(f),
2021-05-08,2021-05-14,,第2座(2A) TOWER 2 (2A),29,C,,17980000,,價單第3號 / Price List No. 3 • 見備註7(c)(iv) / See Remark 7(c)(iv) • 見備註7(d) / See Remark 7(d) • 見備註7(e) / See Remark 7(e) • 見備註7(f) / See Remark 7(f),
2021-05-08,2021-05-14,,第2座(2A) TOWER 2 (2A),28,C,,17345000,,價單第3號 / Price List No. 3 • 見備註7(c)(i) / See Remark 7(c)(i) • 見備註7(d) / See Remark 7(d) • 見備註7(e) / See Remark 7(e) • 見備註7(f) / See Remark 7(f),
2021-05-08,2021-05-14,,第2座(2A) TOWER 2 (2A),27,C,,17873000,,價單第3號 / Price List No. 3 • 見備註7(c)(iv) / See Remark 7(c)(iv) • 見備註7(d) / See Remark 7(d) • 見備註7(e) / See Remark 7(e) • 見備註7(f) / See Remark 7(f),
2021-05-08,2021-05-14,,第2座(2A) TOWER 2 (2A),26,C,,17609000,,價單第3號 / Price List No. 3 • 見備註7(c)(iii) / See Remark 7(c)(iii) • 見備註7(d) / See Remark 7(d) • 見備註7(e) / See Remark 7(e) • 見備註7(f) / See Remark 7(f),
2021-05-08,2021-05-14,,第2座(2A) TOWER 2 (2A),25,C,,17766000,,價單第3號 / Price List No. 3 • 見備註7(c)(iv) / See Remark 7(c)(iv) • 見備註7(d) / See Remark 7(d) • 見備註7(e) / See Remark 7(e) • 見備註7(f) / See Remark 7(f),
2021-05-08,2021-05-12,,第2座(2A) TOWER 2 (2A),23,C,,17088000,,價單第3號 / Price List No. 3 • 見備註7(c)(i) / See Remark 7(c)(i) • 見備註7(d) / See Remark 7(d) • 見備註7(e) / See Remark 7(e) • 見備註7(f) / See Remark 7(f),
2021-05-08,2021-05-12,,第2座(2A) TOWER 2 (2A),22,C,,17452000,,價單第3號 / Price List No. 3 • 見備註7(c)(iii) / See Remark 7(c)(iii) • 見備註7(d) / See Remark 7(d) • 見備註7(e) / See Remark 7(e) • 見備註7(f) / See Remark 7(f),
2021-05-08,2021-05-14,,第2座(2A) TOWER 2 (2A),21,C,,15630000,,價單第3號 / Price List No. 3 • 見備註7(c)(i) / See Remark 7(c)(i) • 見備註7(d) / See Remark 7(d) • 見備註7(e) / See Remark 7(e) • 見備註7(f) / See Remark 7(f),
2021-05-08,2021-05-13,,第2座(2A) TOWER 2 (2A),20,C,,15583000,,價單第3號 / Price List No. 3 • 見備註7(c)(i) / See Remark 7(c)(i) • 見備註7(d) / See Remark 7(d) • 見備註7(e) / See Remark 7(e) • 見備註7(f) / See Remark 7(f),
2021-05-08,2021-05-12,,第2座(2A) TOWER 2 (2A),19,C,,16010000,,"價單第3號 / Price List No. 3 • 見備註7(c)(ii), 7(g) / See Remark 7(c)(ii), 7(g) • 見備註7(d) / See Remark 7(d) • 見備註7(e) / See Remark 7(e) • 見備註7(f) / See Remark 7(f)",
2021-05-08,2021-05-14,,第2座(2A) TOWER 2 (2A),18,C,,16105000,,價單第3號 / Price List No. 3 • 見備註7(c)(iv) / See Remark 7(c)(iv) • 見備註7(d) / See Remark 7(d) • 見備註7(e) / See Remark 7(e) • 見備註7(f) / See Remark 7(f),
2021-05-08,2021-05-14,2024-03-13,第2座(2A) TOWER 2 (2A),17,C,,16009000,,價單第3號 / Price List No. 3 • 見備註7(c)(iv) / See Remark 7(c)(iv) • 見備註7(d) / See Remark 7(d) • 見備註7(e) / See Remark 7(e) • 見備註7(f) / See Remark 7(f),
2021-05-08,2021-05-14,,第2座(2A) TOWER 2 (2A),16,C,,15398000,,價單第3號 / Price List No. 3 • 見備註7(c)(i) / See Remark 7(c)(i) • 見備註7(d) / See Remark 7(d) • 見備註7(e) / See Remark 7(e) • 見備註7(f) / See Remark 7(f),
2021-05-08,2021-05-14,,第2座(2A) TOWER 2 (2A),15,C,,15352000,,價單第3號 / Price List No. 3 • 見備註7(c)(i) / See Remark 7(c)(i) • 見備註7(d) / See Remark 7(d) • 見備註7(e) / See Remark 7(e) • 見備註7(f) / See Remark 7(f),
2021-05-08,2021-05-12,,第2座(2A) TOWER 2 (2A),12,C,,15306000,,價單第3號 / Price List No. 3 • 見備註7(c)(i) / See Remark 7(c)(i) • 見備註7(d) / See Remark 7(d) • 見備註7(e) / See Remark 7(e) • 見備註7(f) / See Remark 7(f),
2021-05-08,2021-05-14,,第2座(2A) TOWER 2 (2A),11,C,,15260000,,價單第3號 / Price List No. 3 • 見備註7(c)(i) / See Remark 7(c)(i) • 見備註7(d) / See Remark 7(d) • 見備註7(e) / See Remark 7(e) • 見備註7(f) / See Remark 7(f),
2021-05-08,2021-05-14,,第2座(2A) TOWER 2 (2A),10,C,,15771000,,價單第3號 / Price List No. 3 • 見備註7(c)(iv) / See Remark 7(c)(iv) • 見備註7(d) / See Remark 7(d) • 見備註7(e) / See Remark 7(e) • 見備註7(f) / See Remark 7(f),
2021-05-08,2021-05-14,,第2座(2A) TOWER 2 (2A),9,C,,15724000,,價單第3號 / Price List No. 3 • 見備註7(c)(iv) / See Remark 7(c)(iv) • 見備註7(d) / See Remark 7(d) • 見備註7(e) / See Remark 7(e) • 見備註7(f) / See Remark 7(f),
2021-05-08,2021-05-14,,第2座(2A) TOWER 2 (2A),8,C,,15724000,,價單第3號 / Price List No. 3 • 見備註7(c)(iv) / See Remark 7(c)(iv) • 見備註7(d) / See Remark 7(d) • 見備註7(e) / See Remark 7(e) • 見備註7(f) / See Remark 7(f),
2021-05-08,2021-05-13,,第2座(2A) TOWER 2 (2A),7,C,,15630000,,價單第3號 / Price List No. 3 • 見備註7(c)(iv) / See Remark 7(c)(iv) • 見備註7(d) / See Remark 7(d) • 見備註7(e) / See Remark 7(e) • 見備註7(f) / See Remark 7(f),
2021-05-08,2021-05-14,2024-03-13,第2座(2A) TOWER 2 (2A),6,C,,15584000,,價單第3號 / Price List No. 3 • 見備註7(c)(iv) / See Remark 7(c)(iv) • 見備註7(d) / See Remark 7(d) • 見備註7(e) / See Remark 7(e) • 見備註7(f) / See Remark 7(f),
2021-05-08,2021-05-14,2024-03-13,第2座(2A) TOWER 2 (2A),38,D,,19890000,,價單第3號 / Price List No. 3 • 見備註7(c)(iv) / See Remark 7(c)(iv) • 見備註7(d) / See Remark 7(d) • 見備註7(e) / See Remark 7(e) • 見備註7(f) / See Remark 7(f),
2021-05-08,2021-05-14,,第2座(2A) TOWER 2 (2A),37,D,,18997000,,價單第3號 / Price List No. 3 • 見備註7(c)(i) / See Remark 7(c)(i) • 見備註7(d) / See Remark 7(d) • 見備註7(e) / See Remark 7(e) • 見備註7(f) / See Remark 7(f),
2021-05-08,2021-05-14,,第2座(2A) TOWER 2 (2A),36,D,,18960000,,價單第3號 / Price List No. 3 • 見備註7(c)(i) / See Remark 7(c)(i) • 見備註7(d) / See Remark 7(d) • 見備註7(e) / See Remark 7(e) • 見備註7(f) / See Remark 7(f),
2021-05-08,2021-05-14,,第2座(2A) TOWER 2 (2A),35,D,,19614000,,價單第3號 / Price List No. 3 • 見備註7(c)(iv) / See Remark 7(c)(iv) • 見備註7(d) / See Remark 7(d) • 見備註7(e) / See Remark 7(e) • 見備註7(f) / See Remark 7(f),
2021-05-08,2021-05-14,2023-12-05,第2座(2A) TOWER 2 (2A),33,D,,19575000,,價單第3號 / Price List No. 3 • 見備註7(c)(iv) / See Remark 7(c)(iv) • 見備註7(d) / See Remark 7(d) • 見備註7(e) / See Remark 7(e) • 見備註7(f) / See Remark 7(f),
2021-05-08,2021-05-14,,第2座(2A) TOWER 2 (2A),32,D,,18847000,,價單第3號 / Price List No. 3 • 見備註7(c)(i) / See Remark 7(c)(i) • 見備註7(d) / See Remark 7(d) • 見備註7(e) / See Remark 7(e) • 見備註7(f) / See Remark 7(f),
2021-05-08,2021-05-14,,第2座(2A) TOWER 2 (2A),31,D,,18809000,,價單第3號 / Price List No. 3 • 見備註7(c)(i) / See Remark 7(c)(i) • 見備註7(d) / See Remark 7(d) • 見備註7(e) / See Remark 7(e) • 見備註7(f) / See Remark 7(f),
2021-05-08,2021-05-14,,第2座(2A) TOWER 2 (2A),30,D,,19343000,,"價單第3號 / Price List No. 3 • 見備註7(c)(ii), 7(g) / See Remark 7(c)(ii), 7(g) • 見備註7(d) / See Remark 7(d) • 見備註7(e) / See Remark 7(e) • 見備註7(f) / See Remark 7(f)",
2021-05-08,2021-05-14,,第2座(2A) TOWER 2 (2A),29,D,,19419000,,價單第3號 / Price List No. 3 • 見備註7(c)(iv) / See Remark 7(c)(iv) • 見備註7(d) / See Remark 7(d) • 見備註7(e) / See Remark 7(e) • 見備註7(f) / See Remark 7(f),
2021-05-08,2021-05-14,,第2座(2A) TOWER 2 (2A),28,D,,19419000,,價單第3號 / Price List No. 3 • 見備註7(c)(iv) / See Remark 7(c)(iv) • 見備註7(d) / See Remark 7(d) • 見備註7(e) / See Remark 7(e) • 見備註7(f) / See Remark 7(f),
2021-05-08,2021-05-14,,第2座(2A) TOWER 2 (2A),5,F,,26056000,,"價單第3號 / Price List No. 3 • 見備註7(c)(ii), 7(g) / See Remark 7(c)(ii), 7(g) • 見備註7(d) / See Remark 7(d) • 見備註7(e) / See Remark 7(e) • 見備註7(f) / See Remark 7(f)",
2021-05-08,2021-05-14,,第2座(2B) TOWER 2 (2B),38,A,,29590000,,價單第3號 / Price List No. 3 • 見備註7(c)(i) / See Remark 7(c)(i) • 見備註7(d) / See Remark 7(d) • 見備註7(e) / See Remark 7(e) • 見備註7(f) / See Remark 7(f),
2021-05-08,2021-05-14,,第2座(2B) TOWER 2 (2B),37,A,,30368000,,價單第3號 / Price List No. 3 • 見備註7(c)(iv) / See Remark 7(c)(iv) • 見備註7(d) / See Remark 7(d) • 見備註7(e) / See Remark 7(e) • 見備註7(f) / See Remark 7(f),
2021-05-08,2021-05-14,,第2座(2B) TOWER 2 (2B),36,A,,30278000,,價單第3號 / Price List No. 3 • 見備註7(c)(iv) / See Remark 7(c)(iv) • 見備註7(d) / See Remark 7(d) • 見備註7(e) / See Remark 7(e) • 見備註7(f) / See Remark 7(f),
2021-05-08,2021-05-14,,第2座(2B) TOWER 2 (2B),35,A,,29832000,,價單第3號 / Price List No. 3 • 見備註7(c)(iii) / See Remark 7(c)(iii) • 見備註7(d) / See Remark 7(d) • 見備註7(e) / See Remark 7(e) • 見備註7(f) / See Remark 7(f),
2021-05-08,2021-05-14,,第2座(2B) TOWER 2 (2B),33,A,,30097000,,價單第3號 / Price List No. 3 • 見備註7(c)(iv) / See Remark 7(c)(iv) • 見備註7(d) / See Remark 7(d) • 見備註7(e) / See Remark 7(e) • 見備註7(f) / See Remark 7(f),
2021-05-08,2021-05-14,,第2座(2B) TOWER 2 (2B),32,A,,30007000,,價單第3號 / Price List No. 3 • 見備註7(c)(iv) / See Remark 7(c)(iv) • 見備註7(d) / See Remark 7(d) • 見備註7(e) / See Remark 7(e) • 見備註7(f) / See Remark 7(f),
2021-05-08,2021-05-14,,第2座(2B) TOWER 2 (2B),31,A,,29741000,,"價單第3號 / Price List No. 3 • 見備註7(c)(ii), 7(g) / See Remark 7(c)(ii), 7(g) • 見備註7(d) / See Remark 7(d) • 見備註7(e) / See Remark 7(e) • 見備註7(f) / See Remark 7(f)",
2021-05-08,2021-05-14,,第2座(2B) TOWER 2 (2B),30,A,,29828000,,價單第3號 / Price List No. 3 • 見備註7(c)(iv) / See Remark 7(c)(iv) • 見備註7(d) / See Remark 7(d) • 見備註7(e) / See Remark 7(e) • 見備註7(f) / See Remark 7(f),
2021-05-08,2021-05-14,,第2座(2B) TOWER 2 (2B),29,A,,28689000,,價單第3號 / Price List No. 3 • 見備註7(c)(i) / See Remark 7(c)(i) • 見備註7(d) / See Remark 7(d) • 見備註7(e) / See Remark 7(e) • 見備註7(f) / See Remark 7(f),
2021-05-08,2021-05-14,2023-11-23,第2座(2B) TOWER 2 (2B),28,A,,29739000,,價單第3號 / Price List No. 3 • 見備註7(c)(iv) / See Remark 7(c)(iv) • 見備註7(d) / See Remark 7(d) • 見備註7(e) / See Remark 7(e) • 見備註7(f) / See Remark 7(f),
2021-05-08,2021-05-14,,第2座(2B) TOWER 2 (2B),27,A,,28256000,"在19-07-2021，基 於法例第 35(2)(b)條所容許 的原因，售價更改 為$29,290,000 On 19-07-2021, the price adjusted to $29,290,000 due to the reason allowed under section 35(2)(b) of the Ordinance","價單第3號 / Price List No. 3 • 見備註7(c)(i) / See Remark 7(c)(i) • 見備註7(d) / See Remark 7(d) • 見備註7(e) / See Remark 7(e) • 見備註7(f) / See Remark 7(f) 在19-07-2021，支付條款修改為 On 19-07-2021, the terms of payment adjusted to 價單第3號 / Price List No. 3 • 見備註7(c)(iv) / See Remark 7(c)(iv) • 見備註7(d) / See Remark 7(d) • 見備註7(e) / See Remark 7(e) • 見備註7(f) / See Remark 7(f)",
2021-05-08,2021-05-14,,第2座(2B) TOWER 2 (2B),26,A,,28172000,,價單第3號 / Price List No. 3 • 見備註7(c)(i) / See Remark 7(c)(i) • 見備註7(d) / See Remark 7(d) • 見備註7(e) / See Remark 7(e) • 見備註7(f) / See Remark 7(f),
2021-05-08,2021-05-14,,第2座(2B) TOWER 2 (2B),25,A,,28088000,,價單第3號 / Price List No. 3 • 見備註7(c)(i) / See Remark 7(c)(i) • 見備註7(d) / See Remark 7(d) • 見備註7(e) / See Remark 7(e) • 見備註7(f) / See Remark 7(f),
2021-05-08,2021-05-14,,第2座(2B) TOWER 2 (2B),23,A,,28003000,,價單第3號 / Price List No. 3 • 見備註7(c)(i) / See Remark 7(c)(i) • 見備註7(d) / See Remark 7(d) • 見備註7(e) / See Remark 7(e) • 見備註7(f) / See Remark 7(f),
2021-05-08,2021-05-14,,第2座(2B) TOWER 2 (2B),22,A,,27920000,,價單第3號 / Price List No. 3 • 見備註7(c)(i) / See Remark 7(c)(i) • 見備註7(d) / See Remark 7(d) • 見備註7(e) / See Remark 7(e) • 見備註7(f) / See Remark 7(f),
2021-05-08,2021-05-14,,第2座(2B) TOWER 2 (2B),21,A,,28855000,,價單第3號 / Price List No. 3 • 見備註7(c)(iv) / See Remark 7(c)(iv) • 見備註7(d) / See Remark 7(d) • 見備註7(e) / See Remark 7(e) • 見備註7(f) / See Remark 7(f),
2021-05-08,2021-05-14,,第2座(2B) TOWER 2 (2B),20,A,,28502000,,價單第3號 / Price List No. 3 • 見備註7(c)(iv) / See Remark 7(c)(iv) • 見備註7(d) / See Remark 7(d) • 見備註7(e) / See Remark 7(e) • 見備註7(f) / See Remark 7(f),
2021-05-08,2021-05-14,,第2座(2B) TOWER 2 (2B),19,A,,28417000,,價單第3號 / Price List No. 3 • 見備註7(c)(iv) / See Remark 7(c)(iv) • 見備註7(d) / See Remark 7(d) • 見備註7(e) / See Remark 7(e) • 見備註7(f) / See Remark 7(f),
2021-05-08,2021-05-14,,第2座(2B) TOWER 2 (2B),18,A,,27414000,,價單第3號 / Price List No. 3 • 見備註7(c)(i) / See Remark 7(c)(i) • 見備註7(d) / See Remark 7(d) • 見備註7(e) / See Remark 7(e) • 見備註7(f) / See Remark 7(f),
2021-05-08,2021-05-14,,第2座(2B) TOWER 2 (2B),17,A,,27250000,,價單第3號 / Price List No. 3 • 見備註7(c)(i) / See Remark 7(c)(i) • 見備註7(d) / See Remark 7(d) • 見備註7(e) / See Remark 7(e) • 見備註7(f) / See Remark 7(f),
2021-05-08,2021-05-14,,第2座(2B) TOWER 2 (2B),16,A,,27169000,,價單第3號 / Price List No. 3 • 見備註7(c)(i) / See Remark 7(c)(i) • 見備註7(d) / See Remark 7(d) • 見備註7(e) / See Remark 7(e) • 見備註7(f) / See Remark 7(f),
2021-05-08,2021-05-14,,第2座(2B) TOWER 2 (2B),5,E,,17707000,,價單第3號 / Price List No. 3 • 見備註7(c)(iv) / See Remark 7(c)(iv) • 見備註7(d) / See Remark 7(d) • 見備註7(e) / See Remark 7(e) • 見備註7(f) / See Remark 7(f),
2021-05-09,2021-05-14,,第1座(1A) TOWER 1 (1A),40,D,,13929000,,價單第3號 / Price List No. 3 • 見備註7(c)(iv) / See Remark 7(c)(iv) • 見備註7(d) / See Remark 7(d) • 見備註7(e) / See Remark 7(e) • 見備註7(f) / See Remark 7(f),
2021-05-10,2021-05-17,,第1座(1A) TOWER 1 (1A),38,A,,53020000,,"見備註 8(c)(i), 8(e) / See Remark 8(c)(i), 8(e)",
2021-05-10,2021-05-17,,第1座(1A) TOWER 1 (1A),28,A,,50180000,,"見備註 8(c)(i), 8(e) / See Remark 8(c)(i), 8(e)",
2021-05-10,2021-05-17,,第1座(1A) TOWER 1 (1A),27,A,,49339000,,"見備註 8(c)(iii), 8(e) / See Remark 8(c)(iii), 8(e)",
2021-05-10,2021-05-13,,第1座(1A) TOWER 1 (1A),26,A,,48404850,,"見備註 8(c)(iii), 8(e) / See Remark 8(c)(iii), 8(e)",
2021-05-10,2021-05-17,,第1座(1A) TOWER 1 (1A),38,F,,53580000,,"見備註 8(c)(i), 8(e) / See Remark 8(c)(i), 8(e)",
2021-05-10,2021-05-14,2023-07-31,第1座(1A) TOWER 1 (1A),36,F,,52388000,,"見備註 8(c)(i), 8(e) / See Remark 8(c)(i), 8(e)",
2021-05-10,2021-05-17,,第1座(1A) TOWER 1 (1A),27,F,,49880000,,"見備註 8(c)(iii), 8(e) / See Remark 8(c)(iii), 8(e)",
2021-05-15,2021-05-24,,第1座(1A) TOWER 1 (1A),17,A,,41173000,,價單第4號 / Price List No. 4 • 見備註7(c)(iv) / See Remark 7(c)(iv) • 見備註7(d) / See Remark 7(d) • 見備註7(e) / See Remark 7(e) • 見備註7(f) / See Remark 7(f),
2021-05-15,2021-05-24,,第1座(1A) TOWER 1 (1A),16,A,,41050000,,價單第4號 / Price List No. 4 • 見備註7(c)(iv) / See Remark 7(c)(iv) • 見備註7(d) / See Remark 7(d) • 見備註7(e) / See Remark 7(e) • 見備註7(f) / See Remark 7(f),
2021-05-15,2021-05-24,,第1座(1A) TOWER 1 (1A),15,A,,39482000,,價單第4號 / Price List No. 4 • 見備註7(c)(i) / See Remark 7(c)(i) • 見備註7(d) / See Remark 7(d) • 見備註7(e) / See Remark 7(e) • 見備註7(f) / See Remark 7(f),
2021-05-15,2021-05-24,,第1座(1A) TOWER 1 (1A),12,A,,39364000,"在06-09-2021，基 於法例第 35(2)(b)條所容許 的原因，售價更改 為$40,804,000 On 06-09-2021, the price adjusted to $40,804,000 due to the reason allowed under section 35(2)(b) of the Ordinance","價單第4號 / Price List No. 4 • 見備註7(c)(i) / See Remark 7(c)(i) • 見備註7(d) / See Remark 7(d) • 見備註7(e) / See Remark 7(e) • 見備註7(f) / See Remark 7(f) 在06-09-2021，支付條款修改為 On 06-09-2021, the terms of payment adjusted to 價單第4號 / Price List No. 4 • 見備註7(c)(iv) / See Remark 7(c)(iv) • 見備註7(d) / See Remark 7(d) • 見備註7(e) / See Remark 7(e) • 見備註7(f) / See Remark 7(f)",
2021-05-15,2021-05-24,2023-05-12,第1座(1A) TOWER 1 (1A),11,A,,40682000,,價單第4號 / Price List No. 4 • 見備註7(c)(iv) / See Remark 7(c)(iv) • 見備註7(d) / See Remark 7(d) • 見備註7(e) / See Remark 7(e) • 見備註7(f) / See Remark 7(f),
2021-05-15,2021-05-24,,第1座(1A) TOWER 1 (1A),10,A,,40561000,,價單第4號 / Price List No. 4 • 見備註7(c)(iv) / See Remark 7(c)(iv) • 見備註7(d) / See Remark 7(d) • 見備註7(e) / See Remark 7(e) • 見備註7(f) / See Remark 7(f),
2021-05-15,2021-05-24,,第1座(1A) TOWER 1 (1A),9,A,,40159000,,價單第4號 / Price List No. 4 • 見備註7(c)(iv) / See Remark 7(c)(iv) • 見備註7(d) / See Remark 7(d) • 見備註7(e) / See Remark 7(e) • 見備註7(f) / See Remark 7(f),
2021-05-15,2021-05-24,,第1座(1A) TOWER 1 (1A),8,A,,38741000,,價單第4號 / Price List No. 4 • 見備註7(c)(i) / See Remark 7(c)(i) • 見備註7(d) / See Remark 7(d) • 見備註7(e) / See Remark 7(e) • 見備註7(f) / See Remark 7(f),
2021-05-15,2021-05-20,,第1座(1A) TOWER 1 (1A),7,A,,37982000,,價單第4號 / Price List No. 4 • 見備註7(c)(i) / See Remark 7(c)(i) • 見備註7(d) / See Remark 7(d) • 見備註7(e) / See Remark 7(e) • 見備註7(f) / See Remark 7(f),
2021-05-15,2021-05-24,,第1座(1A) TOWER 1 (1A),6,A,,38981000,,價單第4號 / Price List No. 4 • 見備註7(c)(iv) / See Remark 7(c)(iv) • 見備註7(d) / See Remark 7(d) • 見備註7(e) / See Remark 7(e) • 見備註7(f) / See Remark 7(f),
2021-05-15,,,第1座(1A) TOWER 1 (1A),5,C,,20207000,,價單第3號 / Price List No. 3 • 見備註7(c)(i) / See Remark 7(c)(i) • 見備註7(d) / See Remark 7(d) • 見備註7(e) / See Remark 7(e) • 見備註7(f) / See Remark 7(f),
2021-05-15,2021-05-24,2024-01-12,第1座(1A) TOWER 1 (1A),5,H,,14258000,,價單第4號 / Price List No. 4 • 見備註7(c)(iv) / See Remark 7(c)(iv) • 見備註7(d) / See Remark 7(d) • 見備註7(e) / See Remark 7(e) • 見備註7(f) / See Remark 7(f),
2021-05-15,2021-05-24,,第1座(1A) TOWER 1 (1A),21,J,,12629000,,價單第4號 / Price List No. 4 • 見備註7(c)(iv) / See Remark 7(c)(iv) • 見備註7(d) / See Remark 7(d) • 見備註7(e) / See Remark 7(e) • 見備註7(f) / See Remark 7(f),
2021-05-15,2021-05-24,,第1座(1A) TOWER 1 (1A),20,J,,12147000,,價單第4號 / Price List No. 4 • 見備註7(c)(i) / See Remark 7(c)(i) • 見備註7(d) / See Remark 7(d) • 見備註7(e) / See Remark 7(e) • 見備註7(f) / See Remark 7(f),
2021-05-15,2021-05-24,,第1座(1A) TOWER 1 (1A),19,J,,12553000,,價單第4號 / Price List No. 4 • 見備註7(c)(iv) / See Remark 7(c)(iv) • 見備註7(d) / See Remark 7(d) • 見備註7(e) / See Remark 7(e) • 見備註7(f) / See Remark 7(f),
2021-05-15,2021-05-24,,第1座(1A) TOWER 1 (1A),18,J,,12479000,"在19-07-2021，基 於法例第 35(2)(b)條所容許 的原因，售價更改 為$12,110,000 On 19-07-2021, the price adjusted to $12,110,000 due to the reason allowed under section 35(2)(b) of the Ordinance","價單第4號 / Price List No. 4 • 見備註7(c)(ii), 7(g) / See Remark 7(c)(ii), 7(g) • 見備註7(d) / See Remark 7(d) • 見備註7(e) / See Remark 7(e) • 見備註7(f) / See Remark 7(f) 在19-07-2021，支付條款修改為 On 19-07-2021, the terms of payment adjusted to 價單第4號 / Price List No. 4 • 見備註7(c)(i) / See Remark 7(c)(i) • 見備註7(d) / See Remark 7(d) • 見備註7(e) / See Remark 7(e) • 見備註7(f) / See Remark 7(f)",
2021-05-15,2021-05-24,,第1座(1B) TOWER 1 (1B),5,D,,31971000,,價單第4號 / Price List No. 4 • 見備註7(c)(i) / See Remark 7(c)(i) • 見備註7(d) / See Remark 7(d) • 見備註7(e) / See Remark 7(e) • 見備註7(f) / See Remark 7(f),
2021-05-15,2021-05-24,2023-12-05,第2座(2A) TOWER 2 (2A),5,A,,29849000,,價單第4號 / Price List No. 4 • 見備註7(c)(iv) / See Remark 7(c)(iv) • 見備註7(d) / See Remark 7(d) • 見備註7(e) / See Remark 7(e) • 見備註7(f) / See Remark 7(f),
2021-05-15,2021-05-24,,第2座(2A) TOWER 2 (2A),26,B,,16859000,,價單第4號 / Price List No. 4 • 見備註7(c)(i) / See Remark 7(c)(i) • 見備註7(d) / See Remark 7(d) • 見備註7(e) / See Remark 7(e) • 見備註7(f) / See Remark 7(f),
2021-05-15,2021-05-24,,第2座(2A) TOWER 2 (2A),23,B,,16758000,,價單第4號 / Price List No. 4 • 見備註7(c)(i) / See Remark 7(c)(i) • 見備註7(d) / See Remark 7(d) • 見備註7(e) / See Remark 7(e) • 見備註7(f) / See Remark 7(f),
2021-05-15,2021-05-24,,第2座(2A) TOWER 2 (2A),22,B,,16708000,,價單第4號 / Price List No. 4 • 見備註7(c)(i) / See Remark 7(c)(i) • 見備註7(d) / See Remark 7(d) • 見備註7(e) / See Remark 7(e) • 見備註7(f) / See Remark 7(f),
2021-05-15,2021-05-20,,第2座(2A) TOWER 2 (2A),21,B,,15329000,,價單第4號 / Price List No. 4 • 見備註7(c)(i) / See Remark 7(c)(i) • 見備註7(d) / See Remark 7(d) • 見備註7(e) / See Remark 7(e) • 見備註7(f) / See Remark 7(f),
2021-05-15,2021-05-24,,第2座(2A) TOWER 2 (2A),20,B,,15283000,,價單第4號 / Price List No. 4 • 見備註7(c)(i) / See Remark 7(c)(i) • 見備註7(d) / See Remark 7(d) • 見備註7(e) / See Remark 7(e) • 見備註7(f) / See Remark 7(f),
2021-05-15,2021-05-21,,第2座(2A) TOWER 2 (2A),19,B,,15237000,,價單第4號 / Price List No. 4 • 見備註7(c)(i) / See Remark 7(c)(i) • 見備註7(d) / See Remark 7(d) • 見備註7(e) / See Remark 7(e) • 見備註7(f) / See Remark 7(f),
2021-05-15,2021-05-24,,第2座(2A) TOWER 2 (2A),18,B,,15237000,,價單第4號 / Price List No. 4 • 見備註7(c)(i) / See Remark 7(c)(i) • 見備註7(d) / See Remark 7(d) • 見備註7(e) / See Remark 7(e) • 見備註7(f) / See Remark 7(f),
2021-05-15,2021-05-24,,第2座(2A) TOWER 2 (2A),17,B,,15700000,,價單第4號 / Price List No. 4 • 見備註7(c)(iv) / See Remark 7(c)(iv) • 見備註7(d) / See Remark 7(d) • 見備註7(e) / See Remark 7(e) • 見備註7(f) / See Remark 7(f),
2021-05-15,2021-05-24,,第2座(2A) TOWER 2 (2A),5,C,,17983000,,價單第4號 / Price List No. 4 • 見備註7(c)(i) / See Remark 7(c)(i) • 見備註7(d) / See Remark 7(d) • 見備註7(e) / See Remark 7(e) • 見備註7(f) / See Remark 7(f),
2021-05-15,2021-05-24,,第2座(2A) TOWER 2 (2A),27,D,,19874000,,價單第4號 / Price List No. 4 • 見備註7(c)(iv) / See Remark 7(c)(iv) • 見備註7(d) / See Remark 7(d) • 見備註7(e) / See Remark 7(e) • 見備註7(f) / See Remark 7(f),
2021-05-15,2021-05-24,2024-03-13,第2座(2A) TOWER 2 (2A),26,D,,19811000,,價單第4號 / Price List No. 4 • 見備註7(c)(iv) / See Remark 7(c)(iv) • 見備註7(d) / See Remark 7(d) • 見備註7(e) / See Remark 7(e) • 見備註7(f) / See Remark 7(f),
2021-05-15,2021-05-24,,第2座(2A) TOWER 2 (2A),25,D,,19748000,,價單第4號 / Price List No. 4 • 見備註7(c)(iv) / See Remark 7(c)(iv) • 見備註7(d) / See Remark 7(d) • 見備註7(e) / See Remark 7(e) • 見備註7(f) / See Remark 7(f),
2021-05-15,2021-05-24,,第2座(2A) TOWER 2 (2A),23,D,,19684000,,價單第4號 / Price List No. 4 • 見備註7(c)(iv) / See Remark 7(c)(iv) • 見備註7(d) / See Remark 7(d) • 見備註7(e) / See Remark 7(e) • 見備註7(f) / See Remark 7(f),
2021-05-15,2021-05-21,,第2座(2A) TOWER 2 (2A),22,D,,18929000,,價單第4號 / Price List No. 4 • 見備註7(c)(i) / See Remark 7(c)(i) • 見備註7(d) / See Remark 7(d) • 見備註7(e) / See Remark 7(e) • 見備註7(f) / See Remark 7(f),
2021-05-15,2021-05-24,,第2座(2A) TOWER 2 (2A),21,D,,19563000,,價單第4號 / Price List No. 4 • 見備註7(c)(iv) / See Remark 7(c)(iv) • 見備註7(d) / See Remark 7(d) • 見備註7(e) / See Remark 7(e) • 見備註7(f) / See Remark 7(f),
2021-05-15,2021-05-24,2024-03-13,第2座(2A) TOWER 2 (2A),20,D,,19505000,,價單第4號 / Price List No. 4 • 見備註7(c)(iv) / See Remark 7(c)(iv) • 見備註7(d) / See Remark 7(d) • 見備註7(e) / See Remark 7(e) • 見備註7(f) / See Remark 7(f),
2021-05-15,2021-05-24,2024-03-13,第2座(2A) TOWER 2 (2A),19,D,,19446000,,價單第4號 / Price List No. 4 • 見備註7(c)(iv) / See Remark 7(c)(iv) • 見備註7(d) / See Remark 7(d) • 見備註7(e) / See Remark 7(e) • 見備註7(f) / See Remark 7(f),
2021-05-15,2021-05-24,,第2座(2A) TOWER 2 (2A),18,D,,19446000,,價單第4號 / Price List No. 4 • 見備註7(c)(iv) / See Remark 7(c)(iv) • 見備註7(d) / See Remark 7(d) • 見備註7(e) / See Remark 7(e) • 見備註7(f) / See Remark 7(f),
2021-05-15,2021-05-24,,第2座(2A) TOWER 2 (2A),17,D,,18648000,,價單第4號 / Price List No. 4 • 見備註7(c)(i) / See Remark 7(c)(i) • 見備註7(d) / See Remark 7(d) • 見備註7(e) / See Remark 7(e) • 見備註7(f) / See Remark 7(f),
2021-05-15,2021-05-24,,第2座(2A) TOWER 2 (2A),16,D,,18592000,,價單第4號 / Price List No. 4 • 見備註7(c)(i) / See Remark 7(c)(i) • 見備註7(d) / See Remark 7(d) • 見備註7(e) / See Remark 7(e) • 見備註7(f) / See Remark 7(f),
2021-05-15,2021-05-24,,第2座(2A) TOWER 2 (2A),15,D,,19215000,,價單第4號 / Price List No. 4 • 見備註7(c)(iv) / See Remark 7(c)(iv) • 見備註7(d) / See Remark 7(d) • 見備註7(e) / See Remark 7(e) • 見備註7(f) / See Remark 7(f),
2021-05-15,2021-05-24,,第2座(2A) TOWER 2 (2A),12,D,,19157000,,價單第4號 / Price List No. 4 • 見備註7(c)(iv) / See Remark 7(c)(iv) • 見備註7(d) / See Remark 7(d) • 見備註7(e) / See Remark 7(e) • 見備註7(f) / See Remark 7(f),
2021-05-15,2021-05-24,,第2座(2A) TOWER 2 (2A),11,D,,18426000,,價單第4號 / Price List No. 4 • 見備註7(c)(i) / See Remark 7(c)(i) • 見備註7(d) / See Remark 7(d) • 見備註7(e) / See Remark 7(e) • 見備註7(f) / See Remark 7(f),
2021-05-15,2021-05-24,,第2座(2A) TOWER 2 (2A),10,D,,18371000,,價單第4號 / Price List No. 4 • 見備註7(c)(i) / See Remark 7(c)(i) • 見備註7(d) / See Remark 7(d) • 見備註7(e) / See Remark 7(e) • 見備註7(f) / See Remark 7(f),
2021-05-15,2021-05-24,,第2座(2A) TOWER 2 (2A),9,D,,18316000,,價單第4號 / Price List No. 4 • 見備註7(c)(i) / See Remark 7(c)(i) • 見備註7(d) / See Remark 7(d) • 見備註7(e) / See Remark 7(e) • 見備註7(f) / See Remark 7(f),
2021-05-15,2021-05-24,,第2座(2A) TOWER 2 (2A),8,D,,18316000,,價單第4號 / Price List No. 4 • 見備註7(c)(i) / See Remark 7(c)(i) • 見備註7(d) / See Remark 7(d) • 見備註7(e) / See Remark 7(e) • 見備註7(f) / See Remark 7(f),
2021-05-15,2021-05-24,,第2座(2A) TOWER 2 (2A),7,D,,18872000,,價單第4號 / Price List No. 4 • 見備註7(c)(iv) / See Remark 7(c)(iv) • 見備註7(d) / See Remark 7(d) • 見備註7(e) / See Remark 7(e) • 見備註7(f) / See Remark 7(f),
2021-05-15,2021-05-24,,第2座(2A) TOWER 2 (2A),6,D,,18152000,,價單第4號 / Price List No. 4 • 見備註7(c)(i) / See Remark 7(c)(i) • 見備註7(d) / See Remark 7(d) • 見備註7(e) / See Remark 7(e) • 見備註7(f) / See Remark 7(f),
2021-05-15,2021-05-24,2023-12-05,第2座(2A) TOWER 2 (2A),5,D,,21619000,,價單第4號 / Price List No. 4 • 見備註7(c)(iv) / See Remark 7(c)(iv) • 見備註7(d) / See Remark 7(d) • 見備註7(e) / See Remark 7(e) • 見備註7(f) / See Remark 7(f),
2021-05-15,2021-05-21,,第2座(2A) TOWER 2 (2A),38,E,,20127000,,價單第4號 / Price List No. 4 • 見備註7(c)(iv) / See Remark 7(c)(iv) • 見備註7(d) / See Remark 7(d) • 見備註7(e) / See Remark 7(e) • 見備註7(f) / See Remark 7(f),
2021-05-15,2021-05-21,,第2座(2A) TOWER 2 (2A),37,E,,19927000,,價單第4號 / Price List No. 4 • 見備註7(c)(iv) / See Remark 7(c)(iv) • 見備註7(d) / See Remark 7(d) • 見備註7(e) / See Remark 7(e) • 見備註7(f) / See Remark 7(f),
2021-05-15,2021-05-24,,第2座(2A) TOWER 2 (2A),36,E,,19186000,,價單第4號 / Price List No. 4 • 見備註7(c)(i) / See Remark 7(c)(i) • 見備註7(d) / See Remark 7(d) • 見備註7(e) / See Remark 7(e) • 見備註7(f) / See Remark 7(f),
2021-05-15,2021-05-24,,第2座(2A) TOWER 2 (2A),35,E,,19614000,,價單第4號 / Price List No. 4 • 見備註7(c)(iii) / See Remark 7(c)(iii) • 見備註7(d) / See Remark 7(d) • 見備註7(e) / See Remark 7(e) • 見備註7(f) / See Remark 7(f),
2021-05-15,2021-05-24,,第2座(2A) TOWER 2 (2A),33,E,,19109000,,價單第4號 / Price List No. 4 • 見備註7(c)(i) / See Remark 7(c)(i) • 見備註7(d) / See Remark 7(d) • 見備註7(e) / See Remark 7(e) • 見備註7(f) / See Remark 7(f),
2021-05-15,2021-05-24,,第2座(2A) TOWER 2 (2A),32,E,,19071000,,價單第4號 / Price List No. 4 • 見備註7(c)(i) / See Remark 7(c)(i) • 見備註7(d) / See Remark 7(d) • 見備註7(e) / See Remark 7(e) • 見備註7(f) / See Remark 7(f),
2021-05-15,2021-05-20,,第2座(2A) TOWER 2 (2A),31,E,,19033000,,價單第4號 / Price List No. 4 • 見備註7(c)(i) / See Remark 7(c)(i) • 見備註7(d) / See Remark 7(d) • 見備註7(e) / See Remark 7(e) • 見備註7(f) / See Remark 7(f),
2021-05-15,2021-05-24,,第2座(2A) TOWER 2 (2A),30,E,,18995000,,價單第4號 / Price List No. 4 • 見備註7(c)(i) / See Remark 7(c)(i) • 見備註7(d) / See Remark 7(d) • 見備註7(e) / See Remark 7(e) • 見備註7(f) / See Remark 7(f),
2021-05-15,2021-05-24,,第2座(2A) TOWER 2 (2A),29,E,,19420000,,價單第4號 / Price List No. 4 • 見備註7(c)(iii) / See Remark 7(c)(iii) • 見備註7(d) / See Remark 7(d) • 見備註7(e) / See Remark 7(e) • 見備註7(f) / See Remark 7(f),
2021-05-15,2021-05-24,,第2座(2A) TOWER 2 (2A),28,E,,19651000,,價單第4號 / Price List No. 4 • 見備註7(c)(iv) / See Remark 7(c)(iv) • 見備註7(d) / See Remark 7(d) • 見備註7(e) / See Remark 7(e) • 見備註7(f) / See Remark 7(f),
2021-05-15,2021-05-24,,第2座(2A) TOWER 2 (2A),20,G,,12333000,,價單第4號 / Price List No. 4 • 見備註7(c)(i) / See Remark 7(c)(i) • 見備註7(d) / See Remark 7(d) • 見備註7(e) / See Remark 7(e) • 見備註7(f) / See Remark 7(f),
2021-05-15,2021-05-24,,第2座(2A) TOWER 2 (2A),19,G,,12746000,,價單第4號 / Price List No. 4 • 見備註7(c)(iv) / See Remark 7(c)(iv) • 見備註7(d) / See Remark 7(d) • 見備註7(e) / See Remark 7(e) • 見備註7(f) / See Remark 7(f),
2021-05-15,2021-05-24,,第2座(2A) TOWER 2 (2A),18,G,,12746000,,價單第4號 / Price List No. 4 • 見備註7(c)(iv) / See Remark 7(c)(iv) • 見備註7(d) / See Remark 7(d) • 見備註7(e) / See Remark 7(e) • 見備註7(f) / See Remark 7(f),
2021-05-15,2021-05-24,,第2座(2A) TOWER 2 (2A),17,G,,12671000,,價單第4號 / Price List No. 4 • 見備註7(c)(iv) / See Remark 7(c)(iv) • 見備註7(d) / See Remark 7(d) • 見備註7(e) / See Remark 7(e) • 見備註7(f) / See Remark 7(f),
2021-05-15,2021-05-24,,第2座(2A) TOWER 2 (2A),16,G,,12187000,,價單第4號 / Price List No. 4 • 見備註7(c)(i) / See Remark 7(c)(i) • 見備註7(d) / See Remark 7(d) • 見備註7(e) / See Remark 7(e) • 見備註7(f) / See Remark 7(f),
2021-05-15,2021-05-24,,第2座(2A) TOWER 2 (2A),15,G,,12594000,,價單第4號 / Price List No. 4 • 見備註7(c)(iv) / See Remark 7(c)(iv) • 見備註7(d) / See Remark 7(d) • 見備註7(e) / See Remark 7(e) • 見備註7(f) / See Remark 7(f),
2021-05-15,2021-05-21,,第2座(2A) TOWER 2 (2A),12,G,,12114000,,價單第4號 / Price List No. 4 • 見備註7(c)(i) / See Remark 7(c)(i) • 見備註7(d) / See Remark 7(d) • 見備註7(e) / See Remark 7(e) • 見備註7(f) / See Remark 7(f),
2021-05-15,2021-05-24,,第2座(2A) TOWER 2 (2A),11,G,,12077000,,價單第4號 / Price List No. 4 • 見備註7(c)(i) / See Remark 7(c)(i) • 見備註7(d) / See Remark 7(d) • 見備註7(e) / See Remark 7(e) • 見備註7(f) / See Remark 7(f),
2021-05-15,2021-05-20,,第2座(2A) TOWER 2 (2A),10,G,,12041000,,價單第4號 / Price List No. 4 • 見備註7(c)(i) / See Remark 7(c)(i) • 見備註7(d) / See Remark 7(d) • 見備註7(e) / See Remark 7(e) • 見備註7(f) / See Remark 7(f),
2021-05-15,2021-05-24,2024-05-10,第2座(2A) TOWER 2 (2A),9,G,,12444000,,價單第4號 / Price List No. 4 • 見備註7(c)(iv) / See Remark 7(c)(iv) • 見備註7(d) / See Remark 7(d) • 見備註7(e) / See Remark 7(e) • 見備註7(f) / See Remark 7(f),
2021-05-15,2021-05-24,,第2座(2A) TOWER 2 (2A),8,G,,12298000,,價單第4號 / Price List No. 4 • 見備註7(c)(iii) / See Remark 7(c)(iii) • 見備註7(d) / See Remark 7(d) • 見備註7(e) / See Remark 7(e) • 見備註7(f) / See Remark 7(f),
2021-05-15,2021-05-24,,第2座(2A) TOWER 2 (2A),7,G,,11934000,,價單第4號 / Price List No. 4 • 見備註7(c)(i) / See Remark 7(c)(i) • 見備註7(d) / See Remark 7(d) • 見備註7(e) / See Remark 7(e) • 見備註7(f) / See Remark 7(f),
2021-05-15,2021-05-24,,第2座(2A) TOWER 2 (2A),6,G,,12333000,,價單第4號 / Price List No. 4 • 見備註7(c)(iv) / See Remark 7(c)(iv) • 見備註7(d) / See Remark 7(d) • 見備註7(e) / See Remark 7(e) • 見備註7(f) / See Remark 7(f),
2021-05-15,2021-05-20,,第2座(2A) TOWER 2 (2A),38,H,,17830000,,價單第4號 / Price List No. 4 • 見備註7(c)(i) / See Remark 7(c)(i) • 見備註7(d) / See Remark 7(d) • 見備註7(e) / See Remark 7(e) • 見備註7(f) / See Remark 7(f),
2021-05-15,2021-05-20,,第2座(2A) TOWER 2 (2A),37,H,,17653000,,價單第4號 / Price List No. 4 • 見備註7(c)(i) / See Remark 7(c)(i) • 見備註7(d) / See Remark 7(d) • 見備註7(e) / See Remark 7(e) • 見備註7(f) / See Remark 7(f),
2021-05-15,2021-05-24,,第2座(2A) TOWER 2 (2A),36,H,,18225000,,價單第4號 / Price List No. 4 • 見備註7(c)(iv) / See Remark 7(c)(iv) • 見備註7(d) / See Remark 7(d) • 見備註7(e) / See Remark 7(e) • 見備註7(f) / See Remark 7(f),
2021-05-15,2021-05-24,,第2座(2A) TOWER 2 (2A),35,H,,17512000,,價單第4號 / Price List No. 4 • 見備註7(c)(i) / See Remark 7(c)(i) • 見備註7(d) / See Remark 7(d) • 見備註7(e) / See Remark 7(e) • 見備註7(f) / See Remark 7(f),
2021-05-15,2021-05-24,2023-10-20,第2座(2A) TOWER 2 (2A),33,H,,18081000,,價單第4號 / Price List No. 4 • 見備註7(c)(iv) / See Remark 7(c)(iv) • 見備註7(d) / See Remark 7(d) • 見備註7(e) / See Remark 7(e) • 見備註7(f) / See Remark 7(f),
2021-05-15,2021-05-24,,第2座(2A) TOWER 2 (2A),32,H,,17903000,,"價單第4號 / Price List No. 4 • 見備註7(c)(ii), 7(g) / See Remark 7(c)(ii), 7(g) • 見備註7(d) / See Remark 7(d) • 見備註7(e) / See Remark 7(e) • 見備註7(f) / See Remark 7(f)",
2021-05-15,2021-05-24,,第2座(2A) TOWER 2 (2A),20,H,,17270000,,價單第4號 / Price List No. 4 • 見備註7(c)(iv) / See Remark 7(c)(iv) • 見備註7(d) / See Remark 7(d) • 見備註7(e) / See Remark 7(e) • 見備註7(f) / See Remark 7(f),
2021-05-15,2021-05-24,,第2座(2A) TOWER 2 (2A),19,H,,17218000,,價單第4號 / Price List No. 4 • 見備註7(c)(iv) / See Remark 7(c)(iv) • 見備註7(d) / See Remark 7(d) • 見備註7(e) / See Remark 7(e) • 見備註7(f) / See Remark 7(f),
2021-05-15,2021-05-24,,第2座(2A) TOWER 2 (2A),18,H,,17218000,,價單第4號 / Price List No. 4 • 見備註7(c)(iv) / See Remark 7(c)(iv) • 見備註7(d) / See Remark 7(d) • 見備註7(e) / See Remark 7(e) • 見備註7(f) / See Remark 7(f),
2021-05-15,2021-05-24,,第2座(2A) TOWER 2 (2A),17,H,,17015000,,"價單第4號 / Price List No. 4 • 見備註7(c)(ii), 7(g) / See Remark 7(c)(ii), 7(g) • 見備註7(d) / See Remark 7(d) • 見備註7(e) / See Remark 7(e) • 見備註7(f) / See Remark 7(f)",
2021-05-15,2021-05-24,,第2座(2A) TOWER 2 (2A),16,H,,16462000,,價單第4號 / Price List No. 4 • 見備註7(c)(i) / See Remark 7(c)(i) • 見備註7(d) / See Remark 7(d) • 見備註7(e) / See Remark 7(e) • 見備註7(f) / See Remark 7(f),
2021-05-15,2021-05-24,,第2座(2A) TOWER 2 (2A),11,H,,16314000,,價單第4號 / Price List No. 4 • 見備註7(c)(i) / See Remark 7(c)(i) • 見備註7(d) / See Remark 7(d) • 見備註7(e) / See Remark 7(e) • 見備註7(f) / See Remark 7(f),
2021-05-15,2021-05-24,,第2座(2A) TOWER 2 (2A),6,H,,16660000,,價單第4號 / Price List No. 4 • 見備註7(c)(iv) / See Remark 7(c)(iv) • 見備註7(d) / See Remark 7(d) • 見備註7(e) / See Remark 7(e) • 見備註7(f) / See Remark 7(f),
2021-05-15,2021-05-24,,第2座(2B) TOWER 2 (2B),15,A,,29619000,,價單第4號 / Price List No. 4 • 見備註7(c)(i) / See Remark 7(c)(i) • 見備註7(d) / See Remark 7(d) • 見備註7(e) / See Remark 7(e) • 見備註7(f) / See Remark 7(f),
2021-05-15,2021-05-24,2023-11-23,第2座(2B) TOWER 2 (2B),12,A,,30611000,,價單第4號 / Price List No. 4 • 見備註7(c)(iv) / See Remark 7(c)(iv) • 見備註7(d) / See Remark 7(d) • 見備註7(e) / See Remark 7(e) • 見備註7(f) / See Remark 7(f),
2021-05-15,2021-05-24,,第2座(2B) TOWER 2 (2B),11,A,,29442000,,價單第4號 / Price List No. 4 • 見備註7(c)(i) / See Remark 7(c)(i) • 見備註7(d) / See Remark 7(d) • 見備註7(e) / See Remark 7(e) • 見備註7(f) / See Remark 7(f),
2021-05-15,2021-05-24,,第2座(2B) TOWER 2 (2B),10,A,,30428000,,價單第4號 / Price List No. 4 • 見備註7(c)(iv) / See Remark 7(c)(iv) • 見備註7(d) / See Remark 7(d) • 見備註7(e) / See Remark 7(e) • 見備註7(f) / See Remark 7(f),
2021-05-15,2021-05-24,,第2座(2B) TOWER 2 (2B),9,A,,30337000,,價單第4號 / Price List No. 4 • 見備註7(c)(iv) / See Remark 7(c)(iv) • 見備註7(d) / See Remark 7(d) • 見備註7(e) / See Remark 7(e) • 見備註7(f) / See Remark 7(f),
2021-05-15,2021-05-24,,第2座(2B) TOWER 2 (2B),8,A,,29266000,,價單第4號 / Price List No. 4 • 見備註7(c)(i) / See Remark 7(c)(i) • 見備註7(d) / See Remark 7(d) • 見備註7(e) / See Remark 7(e) • 見備註7(f) / See Remark 7(f),
2021-05-15,2021-05-24,,第2座(2B) TOWER 2 (2B),7,A,,29092000,"在13-07-2021，基 於法例第 35(2)(b)條所容許 的原因，售價更改 為$30,156,000 On 13-07-2021, the price adjusted to $30,156,000 due to the reason allowed under section 35(2)(b) of the Ordinance","價單第4號 / Price List No. 4 • 見備註7(c)(i) / See Remark 7(c)(i) • 見備註7(d) / See Remark 7(d) • 見備註7(e) / See Remark 7(e) • 見備註7(f) / See Remark 7(f) 在13-07-2021，支付條款修改為 On 13-07-2021, the terms of payment adjusted to 價單第4號 / Price List No. 4 • 見備註7(c)(iv) / See Remark 7(c)(iv) • 見備註7(d) / See Remark 7(d) • 見備註7(e) / See Remark 7(e) • 見備註7(f) / See Remark 7(f)",
2021-05-15,2021-05-24,,第2座(2B) TOWER 2 (2B),6,A,,29005000,,價單第4號 / Price List No. 4 • 見備註7(c)(i) / See Remark 7(c)(i) • 見備註7(d) / See Remark 7(d) • 見備註7(e) / See Remark 7(e) • 見備註7(f) / See Remark 7(f),
2021-05-15,2021-05-24,,第2座(2B) TOWER 2 (2B),5,A,,32550000,,價單第4號 / Price List No. 4 • 見備註7(c)(i) / See Remark 7(c)(i) • 見備註7(d) / See Remark 7(d) • 見備註7(e) / See Remark 7(e) • 見備註7(f) / See Remark 7(f),
2021-05-15,2021-05-21,,第2座(2B) TOWER 2 (2B),38,C,,24728000,,價單第4號 / Price List No. 4 • 見備註7(c)(i) / See Remark 7(c)(i) • 見備註7(d) / See Remark 7(d) • 見備註7(e) / See Remark 7(e) • 見備註7(f) / See Remark 7(f),
2021-05-15,2021-05-24,,第2座(2B) TOWER 2 (2B),37,C,,25379000,,價單第4號 / Price List No. 4 • 見備註7(c)(iv) / See Remark 7(c)(iv) • 見備註7(d) / See Remark 7(d) • 見備註7(e) / See Remark 7(e) • 見備註7(f) / See Remark 7(f),
2021-05-15,2021-05-24,2023-03-31,第2座(2B) TOWER 2 (2B),36,C,,25253000,,價單第4號 / Price List No. 4 • 見備註7(c)(iv) / See Remark 7(c)(iv) • 見備註7(d) / See Remark 7(d) • 見備註7(e) / See Remark 7(e) • 見備註7(f) / See Remark 7(f),
2021-05-15,2021-05-20,,第2座(2B) TOWER 2 (2B),35,C,,25127000,,價單第4號 / Price List No. 4 • 見備註7(c)(iv) / See Remark 7(c)(iv) • 見備註7(d) / See Remark 7(d) • 見備註7(e) / See Remark 7(e) • 見備註7(f) / See Remark 7(f),
2021-05-15,2021-05-21,,第2座(2B) TOWER 2 (2B),33,C,,25002000,,價單第4號 / Price List No. 4 • 見備註7(c)(iv) / See Remark 7(c)(iv) • 見備註7(d) / See Remark 7(d) • 見備註7(e) / See Remark 7(e) • 見備註7(f) / See Remark 7(f),
2021-05-15,2021-05-24,,第2座(2B) TOWER 2 (2B),32,C,,24878000,,價單第4號 / Price List No. 4 • 見備註7(c)(iv) / See Remark 7(c)(iv) • 見備註7(d) / See Remark 7(d) • 見備註7(e) / See Remark 7(e) • 見備註7(f) / See Remark 7(f),
2021-05-15,2021-05-24,,第2座(2B) TOWER 2 (2B),31,C,,24754000,,價單第4號 / Price List No. 4 • 見備註7(c)(iv) / See Remark 7(c)(iv) • 見備註7(d) / See Remark 7(d) • 見備註7(e) / See Remark 7(e) • 見備註7(f) / See Remark 7(f),
2021-05-15,2021-05-24,,第2座(2B) TOWER 2 (2B),30,C,,24486000,,"價單第4號 / Price List No. 4 • 見備註7(c)(ii), 7(g) / See Remark 7(c)(ii), 7(g) • 見備註7(d) / See Remark 7(d) • 見備註7(e) / See Remark 7(e) • 見備註7(f) / See Remark 7(f)",
2021-05-15,2021-05-24,,第2座(2B) TOWER 2 (2B),29,C,,24509000,,價單第4號 / Price List No. 4 • 見備註7(c)(iv) / See Remark 7(c)(iv) • 見備註7(d) / See Remark 7(d) • 見備註7(e) / See Remark 7(e) • 見備註7(f) / See Remark 7(f),
2021-05-15,2021-05-24,,第2座(2B) TOWER 2 (2B),28,C,,24509000,,價單第4號 / Price List No. 4 • 見備註7(c)(iv) / See Remark 7(c)(iv) • 見備註7(d) / See Remark 7(d) • 見備註7(e) / See Remark 7(e) • 見備註7(f) / See Remark 7(f),
2021-05-15,2021-05-24,,第2座(2B) TOWER 2 (2B),27,C,,24265000,,價單第4號 / Price List No. 4 • 見備註7(c)(iv) / See Remark 7(c)(iv) • 見備註7(d) / See Remark 7(d) • 見備註7(e) / See Remark 7(e) • 見備註7(f) / See Remark 7(f),
2021-05-15,2021-05-20,,第2座(2B) TOWER 2 (2B),26,C,,23861000,,價單第4號 / Price List No. 4 • 見備註7(c)(iii) / See Remark 7(c)(iii) • 見備註7(d) / See Remark 7(d) • 見備註7(e) / See Remark 7(e) • 見備註7(f) / See Remark 7(f),
2021-05-15,2021-05-24,,第2座(2B) TOWER 2 (2B),25,C,,24025000,,價單第4號 / Price List No. 4 • 見備註7(c)(iv) / See Remark 7(c)(iv) • 見備註7(d) / See Remark 7(d) • 見備註7(e) / See Remark 7(e) • 見備註7(f) / See Remark 7(f),
2021-05-15,2021-05-24,,第2座(2B) TOWER 2 (2B),23,C,,23061000,,價單第4號 / Price List No. 4 • 見備註7(c)(i) / See Remark 7(c)(i) • 見備註7(d) / See Remark 7(d) • 見備註7(e) / See Remark 7(e) • 見備註7(f) / See Remark 7(f),
2021-05-15,2021-05-24,,第2座(2B) TOWER 2 (2B),22,C,,23787000,,價單第4號 / Price List No. 4 • 見備註7(c)(iv) / See Remark 7(c)(iv) • 見備註7(d) / See Remark 7(d) • 見備註7(e) / See Remark 7(e) • 見備註7(f) / See Remark 7(f),
2021-05-15,2021-05-24,,第2座(2B) TOWER 2 (2B),21,C,,21662000,,價單第4號 / Price List No. 4 • 見備註7(c)(i) / See Remark 7(c)(i) • 見備註7(d) / See Remark 7(d) • 見備註7(e) / See Remark 7(e) • 見備註7(f) / See Remark 7(f),
2021-05-15,2021-05-24,,第2座(2B) TOWER 2 (2B),20,C,,21598000,,價單第4號 / Price List No. 4 • 見備註7(c)(i) / See Remark 7(c)(i) • 見備註7(d) / See Remark 7(d) • 見備註7(e) / See Remark 7(e) • 見備註7(f) / See Remark 7(f),
2021-05-15,2021-05-24,,第2座(2B) TOWER 2 (2B),19,C,,22189000,,"價單第4號 / Price List No. 4 • 見備註7(c)(ii), 7(g) / See Remark 7(c)(ii), 7(g) • 見備註7(d) / See Remark 7(d) • 見備註7(e) / See Remark 7(e) • 見備註7(f) / See Remark 7(f)",
2021-05-15,2021-05-24,,第2座(2B) TOWER 2 (2B),18,C,,22321000,,價單第4號 / Price List No. 4 • 見備註7(c)(iv) / See Remark 7(c)(iv) • 見備註7(d) / See Remark 7(d) • 見備註7(e) / See Remark 7(e) • 見備註7(f) / See Remark 7(f),
2021-05-15,2021-05-24,,第2座(2B) TOWER 2 (2B),17,C,,21405000,,價單第4號 / Price List No. 4 • 見備註7(c)(i) / See Remark 7(c)(i) • 見備註7(d) / See Remark 7(d) • 見備註7(e) / See Remark 7(e) • 見備註7(f) / See Remark 7(f),
2021-05-15,2021-05-24,,第2座(2B) TOWER 2 (2B),16,C,,21341000,,價單第4號 / Price List No. 4 • 見備註7(c)(i) / See Remark 7(c)(i) • 見備註7(d) / See Remark 7(d) • 見備註7(e) / See Remark 7(e) • 見備註7(f) / See Remark 7(f),
2021-05-15,2021-05-24,,第2座(2B) TOWER 2 (2B),15,C,,21277000,,價單第4號 / Price List No. 4 • 見備註7(c)(i) / See Remark 7(c)(i) • 見備註7(d) / See Remark 7(d) • 見備註7(e) / See Remark 7(e) • 見備註7(f) / See Remark 7(f),
2021-05-15,2021-05-24,,第2座(2B) TOWER 2 (2B),12,C,,21025000,,價單第4號 / Price List No. 4 • 見備註7(c)(i) / See Remark 7(c)(i) • 見備註7(d) / See Remark 7(d) • 見備註7(e) / See Remark 7(e) • 見備註7(f) / See Remark 7(f),
2021-05-15,2021-05-21,,第2座(2B) TOWER 2 (2B),11,C,,21730000,,價單第4號 / Price List No. 4 • 見備註7(c)(iv) / See Remark 7(c)(iv) • 見備註7(d) / See Remark 7(d) • 見備註7(e) / See Remark 7(e) • 見備註7(f) / See Remark 7(f),
2021-05-15,,,第2座(2B) TOWER 2 (2B),10,C,,21664000,,價單第4號 / Price List No. 4 • 見備註7(c)(iv) / See Remark 7(c)(iv) • 見備註7(d) / See Remark 7(d) • 見備註7(e) / See Remark 7(e) • 見備註7(f) / See Remark 7(f),
2021-05-15,2021-05-24,,第2座(2B) TOWER 2 (2B),9,C,,20838000,,價單第4號 / Price List No. 4 • 見備註7(c)(i) / See Remark 7(c)(i) • 見備註7(d) / See Remark 7(d) • 見備註7(e) / See Remark 7(e) • 見備註7(f) / See Remark 7(f),
2021-05-15,2021-05-24,,第2座(2B) TOWER 2 (2B),8,C,,20838000,,價單第4號 / Price List No. 4 • 見備註7(c)(i) / See Remark 7(c)(i) • 見備註7(d) / See Remark 7(d) • 見備註7(e) / See Remark 7(e) • 見備註7(f) / See Remark 7(f),
2021-05-15,2021-05-24,,第2座(2B) TOWER 2 (2B),7,C,,20713000,,價單第4號 / Price List No. 4 • 見備註7(c)(i) / See Remark 7(c)(i) • 見備註7(d) / See Remark 7(d) • 見備註7(e) / See Remark 7(e) • 見備註7(f) / See Remark 7(f),
2021-05-15,2021-05-24,,第2座(2B) TOWER 2 (2B),6,C,,21281000,,"價單第4號 / Price List No. 4 • 見備註7(c)(ii), 7(g) / See Remark 7(c)(ii), 7(g) • 見備註7(d) / See Remark 7(d) • 見備註7(e) / See Remark 7(e) • 見備註7(f) / See Remark 7(f)",
2021-05-17,2021-05-24,,第1座(1A) TOWER 1 (1A),35,A,,52462000,,"見備註 8(c)(ii), 8(e) / See Remark 8(c)(ii), 8(e)",
2021-05-17,2021-05-25,,第1座(1A) TOWER 1 (1A),35,F,,51765000,,"見備註 8(c)(i), 8(e) / See Remark 8(c)(i), 8(e)",
2021-05-18,2021-05-25,,第2座(2A) TOWER 2 (2A),28,H,,17166000,,價單第4號 / Price List No. 4 • 見備註7(c)(i) / See Remark 7(c)(i) • 見備註7(d) / See Remark 7(d) • 見備註7(e) / See Remark 7(e) • 見備註7(f) / See Remark 7(f),
2021-05-22,2021-05-28,,第1座(1A) TOWER 1 (1A),19,A,,41427500,,見備註 8(c)(i) / See Remark 8(c)(i),
2021-05-22,2021-05-28,,第1座(1A) TOWER 1 (1A),18,A,,42944000,,見備註 8(c)(i) / See Remark 8(c)(i),
2021-05-22,2021-05-28,,第1座(1A) TOWER 1 (1A),12,J,,12367000,,價單第3號 / Price List No. 3 • 見備註7(c)(iv) / See Remark 7(c)(iv) • 見備註7(d) / See Remark 7(d) • 見備註7(e) / See Remark 7(e) • 見備註7(f) / See Remark 7(f),
2021-05-22,2021-05-26,,第2座(2A) TOWER 2 (2A),41,B,,22449000,,價單第5號 / Price List No. 5 • 見備註7(c)(i) / See Remark 7(c)(i) • 見備註7(d) / See Remark 7(d) • 見備註7(e) / See Remark 7(e) • 見備註7(f) / See Remark 7(f),
2021-05-22,2021-05-26,,第2座(2A) TOWER 2 (2A),10,B,,14921000,,價單第5號 / Price List No. 5 • 見備註7(c)(i) / See Remark 7(c)(i) • 見備註7(d) / See Remark 7(d) • 見備註7(e) / See Remark 7(e) • 見備註7(f) / See Remark 7(f),
2021-05-22,2021-05-28,,第2座(2A) TOWER 2 (2A),42,C,,28224000,,價單第5號 / Price List No. 5 • 見備註7(c)(iv) / See Remark 7(c)(iv) • 見備註7(d) / See Remark 7(d) • 見備註7(e) / See Remark 7(e) • 見備註7(f) / See Remark 7(f),
2021-05-22,2021-05-28,,第2座(2A) TOWER 2 (2A),40,C,,27668000,,價單第5號 / Price List No. 5 • 見備註7(c)(iv) / See Remark 7(c)(iv) • 見備註7(d) / See Remark 7(d) • 見備註7(e) / See Remark 7(e) • 見備註7(f) / See Remark 7(f),
2021-05-22,2021-05-28,2023-06-05,第2座(2A) TOWER 2 (2A),39,C,,27393000,,價單第5號 / Price List No. 5 • 見備註7(c)(iv) / See Remark 7(c)(iv) • 見備註7(d) / See Remark 7(d) • 見備註7(e) / See Remark 7(e) • 見備註7(f) / See Remark 7(f),
2021-05-22,2021-05-28,,第2座(2A) TOWER 2 (2A),42,D,,33415000,,價單第5號 / Price List No. 5 • 見備註7(c)(iv) / See Remark 7(c)(iv) • 見備註7(d) / See Remark 7(d) • 見備註7(e) / See Remark 7(e) • 見備註7(f) / See Remark 7(f),
2021-05-22,2021-05-28,,第2座(2A) TOWER 2 (2A),41,D,,31917000,,價單第5號 / Price List No. 5 • 見備註7(c)(i) / See Remark 7(c)(i) • 見備註7(d) / See Remark 7(d) • 見備註7(e) / See Remark 7(e) • 見備註7(f) / See Remark 7(f),
2021-05-22,2021-05-28,,第2座(2A) TOWER 2 (2A),40,D,,31601000,,價單第5號 / Price List No. 5 • 見備註7(c)(i) / See Remark 7(c)(i) • 見備註7(d) / See Remark 7(d) • 見備註7(e) / See Remark 7(e) • 見備註7(f) / See Remark 7(f),
2021-05-22,2021-05-28,2023-06-05,第2座(2A) TOWER 2 (2A),39,D,,32432000,,價單第5號 / Price List No. 5 • 見備註7(c)(iv) / See Remark 7(c)(iv) • 見備註7(d) / See Remark 7(d) • 見備註7(e) / See Remark 7(e) • 見備註7(f) / See Remark 7(f),
2021-05-22,2021-05-28,,第2座(2A) TOWER 2 (2A),22,E,,19324000,,價單第5號 / Price List No. 5 • 見備註7(c)(iv) / See Remark 7(c)(iv) • 見備註7(d) / See Remark 7(d) • 見備註7(e) / See Remark 7(e) • 見備註7(f) / See Remark 7(f),
2021-05-22,2021-05-28,,第2座(2A) TOWER 2 (2A),19,E,,19151000,,價單第5號 / Price List No. 5 • 見備註7(c)(iv) / See Remark 7(c)(iv) • 見備註7(d) / See Remark 7(d) • 見備註7(e) / See Remark 7(e) • 見備註7(f) / See Remark 7(f),
2021-05-22,2021-05-27,,第2座(2A) TOWER 2 (2A),18,E,,18475000,,價單第5號 / Price List No. 5 • 見備註7(c)(i) / See Remark 7(c)(i) • 見備註7(d) / See Remark 7(d) • 見備註7(e) / See Remark 7(e) • 見備註7(f) / See Remark 7(f),
2021-05-22,2021-05-27,,第2座(2A) TOWER 2 (2A),12,E,,18200000,,價單第5號 / Price List No. 5 • 見備註7(c)(i) / See Remark 7(c)(i) • 見備註7(d) / See Remark 7(d) • 見備註7(e) / See Remark 7(e) • 見備註7(f) / See Remark 7(f),
2021-05-22,2021-05-28,,第2座(2A) TOWER 2 (2A),11,E,,18810000,,價單第5號 / Price List No. 5 • 見備註7(c)(iv) / See Remark 7(c)(iv) • 見備註7(d) / See Remark 7(d) • 見備註7(e) / See Remark 7(e) • 見備註7(f) / See Remark 7(f),
2021-05-22,2021-05-27,,第2座(2A) TOWER 2 (2A),9,E,,18038000,,價單第5號 / Price List No. 5 • 見備註7(c)(i) / See Remark 7(c)(i) • 見備註7(d) / See Remark 7(d) • 見備註7(e) / See Remark 7(e) • 見備註7(f) / See Remark 7(f),
2021-05-22,2021-05-28,,第2座(2A) TOWER 2 (2A),8,E,,18038000,,價單第5號 / Price List No. 5 • 見備註7(c)(i) / See Remark 7(c)(i) • 見備註7(d) / See Remark 7(d) • 見備註7(e) / See Remark 7(e) • 見備註7(f) / See Remark 7(f),
2021-05-22,2021-05-28,,第2座(2A) TOWER 2 (2A),7,E,,18586000,,價單第5號 / Price List No. 5 • 見備註7(c)(iv) / See Remark 7(c)(iv) • 見備註7(d) / See Remark 7(d) • 見備註7(e) / See Remark 7(e) • 見備註7(f) / See Remark 7(f),
2021-05-22,2021-05-28,,第2座(2A) TOWER 2 (2A),6,E,,18530000,,價單第5號 / Price List No. 5 • 見備註7(c)(iv) / See Remark 7(c)(iv) • 見備註7(d) / See Remark 7(d) • 見備註7(e) / See Remark 7(e) • 見備註7(f) / See Remark 7(f),
2021-05-22,2021-05-28,,第2座(2A) TOWER 2 (2A),5,E,,20475000,,價單第5號 / Price List No. 5 • 見備註7(c)(i) / See Remark 7(c)(i) • 見備註7(d) / See Remark 7(d) • 見備註7(e) / See Remark 7(e) • 見備註7(f) / See Remark 7(f),
2021-05-22,2021-05-28,,第2座(2B) TOWER 2 (2B),41,B,,43014000,"在16-11-2021，基 於法例第 35(2)(b)條所容許 的原因，售價更改 為$42,508,000 On 16-11-2021, the price adjusted to $42,508,000 due to the reason allowed under section 35(2)(b) of the Ordinance","價單第5號 / Price List No. 5 • 見備註7(c)(iv) / See Remark 7(c)(iv) • 見備註7(d) / See Remark 7(d) • 見備註7(e) / See Remark 7(e) • 見備註7(f) / See Remark 7(f) 在16-11-2021，支付條款修改為 On 16-11-2021, the terms of payment adjusted to 價單第5號 / Price List No. 5 • 見備註7(c)(iii) / See Remark 7(c)(iii) • 見備註7(d) / See Remark 7(d) • 見備註7(e) / See Remark 7(e) • 見備註7(f) / See Remark 7(f)",
2021-05-22,2021-05-28,,第2座(2B) TOWER 2 (2B),5,B,,14526000,,價單第5號 / Price List No. 5 • 見備註7(c)(iv) / See Remark 7(c)(iv) • 見備註7(d) / See Remark 7(d) • 見備註7(e) / See Remark 7(e) • 見備註7(f) / See Remark 7(f),
2021-05-23,2021-05-28,,第2座(2B) TOWER 2 (2B),9,B,,12377000,"在19-07-2021，基 於法例第 35(2)(b)條所容許 的原因，售價更改 為$11,941,000 On 19-07-2021, the price adjusted to $11,941,000 due to the reason allowed under section 35(2)(b) of the Ordinance","價單第5號 / Price List No. 5 • 見備註7(c)(iv) / See Remark 7(c)(iv) • 見備註7(d) / See Remark 7(d) • 見備註7(e) / See Remark 7(e) • 見備註7(f) / See Remark 7(f) 在19-07-2021，支付條款修改為 On 19-07-2021, the terms of payment adjusted to 價單第5號 / Price List No. 5 • 見備註7(c)(i) / See Remark 7(c)(i) • 見備註7(d) / See Remark 7(d) • 見備註7(e) / See Remark 7(e) • 見備註7(f) / See Remark 7(f)",
2021-05-24,2021-05-31,,第2座(2A) TOWER 2 (2A),16,E,,18310000,,價單第5號 / Price List No. 5 • 見備註7(c)(i) / See Remark 7(c)(i) • 見備註7(d) / See Remark 7(d) • 見備註7(e) / See Remark 7(e) • 見備註7(f) / See Remark 7(f),
2021-05-27,2021-06-03,,第1座(1A) TOWER 1 (1A),37,A,,54335000,,"見備註 8(c)(iii), 8(e) / See Remark 8(c)(iii), 8(e)",
2021-05-27,2021-06-03,,第2座(2B) TOWER 2 (2B),5,C,,24681000,,價單第5號 / Price List No. 5 • 見備註7(c)(i) / See Remark 7(c)(i) • 見備註7(d) / See Remark 7(d) • 見備註7(e) / See Remark 7(e) • 見備註7(f) / See Remark 7(f),
2021-05-28,2021-06-04,,第2座(2A) TOWER 2 (2A),5,B,,17247000,,價單第5號 / Price List No. 5 • 見備註7(c)(i) / See Remark 7(c)(i) • 見備註7(d) / See Remark 7(d) • 見備註7(e) / See Remark 7(e) • 見備註7(f) / See Remark 7(f),
2021-05-28,2021-06-04,,第2座(2A) TOWER 2 (2A),41,C,,27944000,,價單第5號 / Price List No. 5 • 見備註7(c)(iv) / See Remark 7(c)(iv) • 見備註7(d) / See Remark 7(d) • 見備註7(e) / See Remark 7(e) • 見備註7(f) / See Remark 7(f),
2021-05-28,2021-06-04,,第2座(2A) TOWER 2 (2A),15,E,,18923000,,價單第5號 / Price List No. 5 • 見備註7(c)(iv) / See Remark 7(c)(iv) • 見備註7(d) / See Remark 7(d) • 見備註7(e) / See Remark 7(e) • 見備註7(f) / See Remark 7(f),
2021-05-28,2021-06-03,,第2座(2A) TOWER 2 (2A),10,E,,18754000,,價單第5號 / Price List No. 5 • 見備註7(c)(iv) / See Remark 7(c)(iv) • 見備註7(d) / See Remark 7(d) • 見備註7(e) / See Remark 7(e) • 見備註7(f) / See Remark 7(f),
2021-05-29,2021-06-03,,第2座(2A) TOWER 2 (2A),21,E,,18586000,,價單第5號 / Price List No. 5 • 見備註7(c)(i) / See Remark 7(c)(i) • 見備註7(d) / See Remark 7(d) • 見備註7(e) / See Remark 7(e) • 見備註7(f) / See Remark 7(f),
2021-05-29,2021-06-04,,第2座(2A) TOWER 2 (2A),17,E,,19037000,,價單第5號 / Price List No. 5 • 見備註7(c)(iv) / See Remark 7(c)(iv) • 見備註7(d) / See Remark 7(d) • 見備註7(e) / See Remark 7(e) • 見備註7(f) / See Remark 7(f),
2021-05-31,2021-06-07,,第2座(2A) TOWER 2 (2A),38,C,,17729000,,價單第5號 / Price List No. 5 • 見備註7(c)(i) / See Remark 7(c)(i) • 見備註7(d) / See Remark 7(d) • 見備註7(e) / See Remark 7(e) • 見備註7(f) / See Remark 7(f),
2021-05-31,2021-06-07,,第2座(2A) TOWER 2 (2A),20,E,,19208000,,價單第5號 / Price List No. 5 • 見備註7(c)(iv) / See Remark 7(c)(iv) • 見備註7(d) / See Remark 7(d) • 見備註7(e) / See Remark 7(e) • 見備註7(f) / See Remark 7(f),
2021-06-01,2021-06-08,,第2座(2A) TOWER 2 (2A),23,E,,19386000,,價單第5號 / Price List No. 5 • 見備註7(c)(iv) / See Remark 7(c)(iv) • 見備註7(d) / See Remark 7(d) • 見備註7(e) / See Remark 7(e) • 見備註7(f) / See Remark 7(f),√
2021-06-02,2021-06-09,,第2座(2A) TOWER 2 (2A),27,E,,18882000,,價單第5號 / Price List No. 5 • 見備註7(c)(i) / See Remark 7(c)(i) • 見備註7(d) / See Remark 7(d) • 見備註7(e) / See Remark 7(e) • 見備註7(f) / See Remark 7(f),
2021-06-02,2021-06-09,,第2座(2A) TOWER 2 (2A),26,E,,19280000,,價單第5號 / Price List No. 5 • 見備註7(c)(iii) / See Remark 7(c)(iii) • 見備註7(d) / See Remark 7(d) • 見備註7(e) / See Remark 7(e) • 見備註7(f) / See Remark 7(f),
2021-06-02,2021-06-09,,第2座(2A) TOWER 2 (2A),25,E,,19219000,,價單第5號 / Price List No. 5 • 見備註7(c)(iii) / See Remark 7(c)(iii) • 見備註7(d) / See Remark 7(d) • 見備註7(e) / See Remark 7(e) • 見備註7(f) / See Remark 7(f),
2021-06-04,2021-06-11,,第2座(2A) TOWER 2 (2A),40,B,,22593000,,價單第5號 / Price List No. 5 • 見備註7(c)(iv) / See Remark 7(c)(iv) • 見備註7(d) / See Remark 7(d) • 見備註7(e) / See Remark 7(e) • 見備註7(f) / See Remark 7(f),
2021-06-10,2021-06-17,,第2座(2A) TOWER 2 (2A),25,B,,16809000,,價單第4號 / Price List No. 4 • 見備註7(c)(i) / See Remark 7(c)(i) • 見備註7(d) / See Remark 7(d) • 見備註7(e) / See Remark 7(e) • 見備註7(f) / See Remark 7(f),
2021-06-11,2021-06-18,,第1座(1A) TOWER 1 (1A),20,A,,41995000,,見備註 8(c)(i) / See Remark 8(c)(i),
2021-06-12,2021-06-21,,第2座(2A) TOWER 2 (2A),16,B,,15653000,,價單第5號 / Price List No. 5 • 見備註7(c)(iv) / See Remark 7(c)(iv) • 見備註7(d) / See Remark 7(d) • 見備註7(e) / See Remark 7(e) • 見備註7(f) / See Remark 7(f),
2021-06-12,2021-06-21,,第2座(2A) TOWER 2 (2A),15,B,,15606000,,價單第5號 / Price List No. 5 • 見備註7(c)(iv) / See Remark 7(c)(iv) • 見備註7(d) / See Remark 7(d) • 見備註7(e) / See Remark 7(e) • 見備註7(f) / See Remark 7(f),
2021-06-12,2021-06-21,,第2座(2A) TOWER 2 (2A),25,H,,16895000,,價單第4號 / Price List No. 4 • 見備註7(c)(i) / See Remark 7(c)(i) • 見備註7(d) / See Remark 7(d) • 見備註7(e) / See Remark 7(e) • 見備註7(f) / See Remark 7(f),
2021-06-17,2021-06-24,,第2座(2A) TOWER 2 (2A),12,B,,15377000,,價單第5號 / Price List No. 5 • 見備註7(c)(iii) / See Remark 7(c)(iii) • 見備註7(d) / See Remark 7(d) • 見備註7(e) / See Remark 7(e) • 見備註7(f) / See Remark 7(f),
2021-06-18,2021-06-25,,第2座(2A) TOWER 2 (2A),11,B,,15513000,,價單第5號 / Price List No. 5 • 見備註7(c)(iv) / See Remark 7(c)(iv) • 見備註7(d) / See Remark 7(d) • 見備註7(e) / See Remark 7(e) • 見備註7(f) / See Remark 7(f),
2021-06-20,2021-06-24,2024-01-12,第2座(2A) TOWER 2 (2A),9,B,,15420000,,價單第5號 / Price List No. 5 • 見備註7(c)(iv) / See Remark 7(c)(iv) • 見備註7(d) / See Remark 7(d) • 見備註7(e) / See Remark 7(e) • 見備註7(f) / See Remark 7(f),
2021-06-20,2021-06-24,,第2座(2A) TOWER 2 (2A),8,B,,14876000,,價單第5號 / Price List No. 5 • 見備註7(c)(i) / See Remark 7(c)(i) • 見備註7(d) / See Remark 7(d) • 見備註7(e) / See Remark 7(e) • 見備註7(f) / See Remark 7(f),
2021-06-20,2021-06-24,,第2座(2A) TOWER 2 (2A),7,B,,15329000,,價單第5號 / Price List No. 5 • 見備註7(c)(iv) / See Remark 7(c)(iv) • 見備註7(d) / See Remark 7(d) • 見備註7(e) / See Remark 7(e) • 見備註7(f) / See Remark 7(f),
2021-06-21,2021-06-28,,第1座(1A) TOWER 1 (1A),30,A,,48802500,,"見備註 8(c)(i), 8(e) / See Remark 8(c)(i), 8(e)",
2021-06-22,2021-06-29,2024-01-12,第2座(2A) TOWER 2 (2A),6,B,,15283000,,價單第5號 / Price List No. 5 • 見備註7(c)(iv) / See Remark 7(c)(iv) • 見備註7(d) / See Remark 7(d) • 見備註7(e) / See Remark 7(e) • 見備註7(f) / See Remark 7(f),
2021-06-22,2021-06-25,,第2座(2A) TOWER 2 (2A),5,H,,17431000,,價單第4號 / Price List No. 4 • 見備註7(c)(iv) / See Remark 7(c)(iv) • 見備註7(d) / See Remark 7(d) • 見備註7(e) / See Remark 7(e) • 見備註7(f) / See Remark 7(f),
2021-06-24,2021-07-02,,第1座(1A) TOWER 1 (1A),22,F,,48609000,,"見備註 8(c)(iii), 8(e) / See Remark 8(c)(iii), 8(e)",
2021-07-06,2021-07-12,,第1座(1A) TOWER 1 (1A),33,F,,51200000,,"見備註 8(c)(i), 8(e) / See Remark 8(c)(i), 8(e)",
2021-07-21,2021-07-28,,第2座(2A) TOWER 2 (2A),15,H,,16413000,,價單第4號 / Price List No. 4 • 見備註7(c)(i) / See Remark 7(c)(i) • 見備註7(d) / See Remark 7(d) • 見備註7(e) / See Remark 7(e) • 見備註7(f) / See Remark 7(f),
2021-07-22,2021-07-29,,第2座(2A) TOWER 2 (2A),39,B,,22570000,,價單第5號 / Price List No. 5 • 見備註7(c)(iv) / See Remark 7(c)(iv) • 見備註7(d) / See Remark 7(d) • 見備註7(e) / See Remark 7(e) • 見備註7(f) / See Remark 7(f),
2021-07-27,2021-08-03,,第2座(2B) TOWER 2 (2B),18,B,,12677000,,價單第5號 / Price List No. 5 • 見備註7(c)(iv) / See Remark 7(c)(iv) • 見備註7(d) / See Remark 7(d) • 見備註7(e) / See Remark 7(e) • 見備註7(f) / See Remark 7(f),
2021-08-01,2021-08-06,,第2座(2A) TOWER 2 (2A),12,H,,16364000,,價單第4號 / Price List No. 4 • 見備註7(c)(i) / See Remark 7(c)(i) • 見備註7(d) / See Remark 7(d) • 見備註7(e) / See Remark 7(e) • 見備註7(f) / See Remark 7(f),
2021-08-23,2021-08-30,,第1座(1A) TOWER 1 (1A),5,J,,13891000,,價單第4號 / Price List No. 4 • 見備註7(c)(iv) / See Remark 7(c)(iv) • 見備註7(d) / See Remark 7(d) • 見備註7(e) / See Remark 7(e) • 見備註7(f) / See Remark 7(f),
2021-08-28,2021-09-03,,第2座(2A) TOWER 2 (2A),26,H,,16962000,,價單第4號 / Price List No. 4 • 見備註7(c)(i) / See Remark 7(c)(i) • 見備註7(d) / See Remark 7(d) • 見備註7(e) / See Remark 7(e) • 見備註7(f) / See Remark 7(f),
2021-08-30,2021-09-06,,第1座(1A) TOWER 1 (1A),40,A,,56635000,,"見備註 8(c)(i), 8(e) / See Remark 8(c)(i), 8(e)",
2021-09-02,2021-09-09,,第2座(2B) TOWER 2 (2B),8,B,,12377000,,價單第5號 / Price List No. 5 • 見備註7(c)(iv) / See Remark 7(c)(iv) • 見備註7(d) / See Remark 7(d) • 見備註7(e) / See Remark 7(e) • 見備註7(f) / See Remark 7(f),
2021-09-04,2021-09-10,,第2座(2A) TOWER 2 (2A),21,H,,16710000,,價單第4號 / Price List No. 4 • 見備註7(c)(i) / See Remark 7(c)(i) • 見備註7(d) / See Remark 7(d) • 見備註7(e) / See Remark 7(e) • 見備註7(f) / See Remark 7(f),
2021-09-04,2021-09-10,,第2座(2B) TOWER 2 (2B),12,B,,12489000,,價單第5號 / Price List No. 5 • 見備註7(c)(iv) / See Remark 7(c)(iv) • 見備註7(d) / See Remark 7(d) • 見備註7(e) / See Remark 7(e) • 見備註7(f) / See Remark 7(f),
2021-09-05,2021-09-10,,第2座(2B) TOWER 2 (2B),15,B,,12084000,,價單第5號 / Price List No. 5 • 見備註7(c)(i) / See Remark 7(c)(i) • 見備註7(d) / See Remark 7(d) • 見備註7(e) / See Remark 7(e) • 見備註7(f) / See Remark 7(f),
2021-09-05,2021-09-08,,第2座(2B) TOWER 2 (2B),7,B,,11869000,,價單第5號 / Price List No. 5 • 見備註7(c)(i) / See Remark 7(c)(i) • 見備註7(d) / See Remark 7(d) • 見備註7(e) / See Remark 7(e) • 見備註7(f) / See Remark 7(f),
2021-09-14,2021-09-21,,第2座(2B) TOWER 2 (2B),19,B,,12677000,,價單第5號 / Price List No. 5 • 見備註7(c)(iv) / See Remark 7(c)(iv) • 見備註7(d) / See Remark 7(d) • 見備註7(e) / See Remark 7(e) • 見備註7(f) / See Remark 7(f),
2021-09-16,2021-09-24,,第2座(2B) TOWER 2 (2B),11,B,,12012000,,價單第5號 / Price List No. 5 • 見備註7(c)(i) / See Remark 7(c)(i) • 見備註7(d) / See Remark 7(d) • 見備註7(e) / See Remark 7(e) • 見備註7(f) / See Remark 7(f),
2021-10-22,2021-10-29,,第1座(1A) TOWER 1 (1A),21,A,,42335500,,見備註 8(c)(i) / See Remark 8(c)(i),
2022-10-31,2022-11-04,,第1座(1A) TOWER 1 (1A),25,A,,46312000,,價單第6號 / Price List No. 6 • 見備註7(c)(vi) / See remark 7(c)(vi) • 見備註7(d) / See remark 7(d) • 見備註7(e) / See remark 7(e) • 見備註7(f) / See remark 7(f) • 見備註7(k) / See remark 7(k),
2023-01-10,2023-01-17,,第1座(1A) TOWER 1 (1A),36,A,,52538000,,"見備註 8(c)(v), 8(e) / See Remark 8(c)(v), 8(e)",
2023-01-18,2023-01-30,,第2座(2A) TOWER 2 (2A),21,G,,12370000,,價單第5C號 / Price List No. 5C • 見備註7(c)(vii) / See Remark 7(c)(vii) • 見備註7(d) / See Remark 7(d) • 見備註7(e) / See Remark 7(e) • 見備註7(f) / See Remark 7(f),
2023-01-29,2023-02-03,,第1座(1A) TOWER 1 (1A),33,A,,50602000,,價單第6A號 / Price List No. 6A • 見備註7(c)(vii) / See Remark 7(c)(vii) • 見備註7(d) / See remark 7(d) • 見備註7(e) / See remark 7(e) • 見備註7(f) / See remark 7(f) • 見備註7(k) / See remark 7(k),
2023-02-01,2023-02-08,,第2座(2B) TOWER 2 (2B),10,C,,21527000,,價單第4C號 / Price List No. 4C • 見備註7(c)(vii) / See Remark 7(c)(vii) • 見備註7(d) / See Remark 7(d) • 見備註7(e) / See Remark 7(e) • 見備註7(f) / See Remark 7(f),
2023-02-11,2023-02-17,,第1座(1A) TOWER 1 (1A),32,A,,49998000,,價單第6A號 / Price List No. 6A • 見備註7(c)(vii) / See Remark 7(c)(vii) • 見備註7(d) / See remark 7(d) • 見備註7(e) / See remark 7(e) • 見備註7(f) / See remark 7(f) • 見備註7(k) / See remark 7(k),
2023-02-11,2023-02-17,,第1座(1A) TOWER 1 (1A),31,A,,49397000,,價單第6A號 / Price List No. 6A • 見備註7(c)(vii) / See Remark 7(c)(vii) • 見備註7(d) / See remark 7(d) • 見備註7(e) / See remark 7(e) • 見備註7(f) / See remark 7(f) • 見備註7(k) / See remark 7(k),
2023-05-16,2023-05-23,,第1座(1A) TOWER 1 (1A),11,A,,39247000,,見備註 8(c)(v) / See Remark 8(c)(v),
2023-06-02,2023-06-09,,第1座(1A) TOWER 1 (1A),26 & 27,B,,46300000,,"見備註 8(c)(v), 8(e) / See Remark 8(c)(v), 8(e)",
2023-06-09,2023-06-16,,第2座(2A) TOWER 2 (2A),15,A,,23542000,,見備註 8(c)(v) / See Remark 8(c)(v),
2023-06-16,2023-06-23,,第1座(1A) TOWER 1 (1A),22,A,,45625000,,價單第6B號 / Price List No. 6B • 見備註7(c)(vii) / See Remark 7(c)(vii) • 見備註7(d) / See remark 7(d) • 見備註7(e) / See remark 7(e) • 見備註7(f) / See remark 7(f) • 見備註7(k) / See remark 7(k),
2023-09-07,2023-09-14,,第1座(1A) TOWER 1 (1A),31,G,,29800000,,見備註 8(c)(v) / See Remark 8(c)(v),
2023-10-29,2023-11-03,,第1座(1A) TOWER 1 (1A),17,C,,16459000,,價單第1B號 / Price List No. 1B • 見備註7(c)(xi) / See Remark 7(c)(xi) • 見備註7(d) / See Remark 7(d) • 見備註7(e) / See Remark 7(e) • 見備註7(f) / See Remark 7(f) • 見備註7(o) / See Remark 7(o) • 見備註7(r) / See Remark 7(r),
2023-10-29,2023-11-03,,第1座(1A) TOWER 1 (1A),5,C,,18236000,,價單第3B號 / Price List No. 3B • 見備註7(c)(xi) / See Remark 7(c)(xi) • 見備註7(d) / See Remark 7(d) • 見備註7(e) / See Remark 7(e) • 見備註7(f) / See Remark 7(f) • 見備註7(p) / See Remark 7(p) • 見備註7(r) / See Remark 7(r),
2023-10-29,2023-11-03,,第2座(2B) TOWER 2 (2B),38,D,,6851000,,價單第6D號 / Price List No. 6D • 見備註7(c)(xi) / See Remark 7(c)(xi) • 見備註7(d) / See Remark 7(d) • 見備註7(e) / See Remark 7(e) • 見備註7(f) / See Remark 7(f) • 見備註7(j) / See Remark 7(j) • 見備註7(q) / See Remark 7(q) • 見備註7(r) / See Remark 7(r),
2023-10-29,2023-11-03,,第2座(2B) TOWER 2 (2B),36,D,,6838000,,價單第6D號 / Price List No. 6D • 見備註7(c)(xi) / See Remark 7(c)(xi) • 見備註7(d) / See Remark 7(d) • 見備註7(e) / See Remark 7(e) • 見備註7(f) / See Remark 7(f) • 見備註7(j) / See Remark 7(j) • 見備註7(q) / See Remark 7(q) • 見備註7(r) / See Remark 7(r),
2023-10-29,2023-11-03,,第2座(2B) TOWER 2 (2B),35,D,,6831000,,價單第6D號 / Price List No. 6D • 見備註7(c)(xi) / See Remark 7(c)(xi) • 見備註7(d) / See Remark 7(d) • 見備註7(e) / See Remark 7(e) • 見備註7(f) / See Remark 7(f) • 見備註7(j) / See Remark 7(j) • 見備註7(q) / See Remark 7(q) • 見備註7(r) / See Remark 7(r),
2023-10-29,2023-11-03,,第2座(2B) TOWER 2 (2B),26,D,,6777000,,價單第6D號 / Price List No. 6D • 見備註7(c)(xi) / See Remark 7(c)(xi) • 見備註7(d) / See Remark 7(d) • 見備註7(e) / See Remark 7(e) • 見備註7(f) / See Remark 7(f) • 見備註7(j) / See Remark 7(j) • 見備註7(q) / See Remark 7(q) • 見備註7(r) / See Remark 7(r),
2023-10-29,2023-11-03,,第2座(2B) TOWER 2 (2B),23,D,,6763000,,價單第6D號 / Price List No. 6D • 見備註7(c)(xi) / See Remark 7(c)(xi) • 見備註7(d) / See Remark 7(d) • 見備註7(e) / See Remark 7(e) • 見備註7(f) / See Remark 7(f) • 見備註7(j) / See Remark 7(j) • 見備註7(q) / See Remark 7(q) • 見備註7(r) / See Remark 7(r),
2023-10-29,2023-11-03,,第2座(2B) TOWER 2 (2B),19,D,,6520000,,價單第6D號 / Price List No. 6D • 見備註7(c)(xi) / See Remark 7(c)(xi) • 見備註7(d) / See Remark 7(d) • 見備註7(e) / See Remark 7(e) • 見備註7(f) / See Remark 7(f) • 見備註7(j) / See Remark 7(j) • 見備註7(q) / See Remark 7(q) • 見備註7(r) / See Remark 7(r),
2023-10-29,2023-11-03,,第2座(2B) TOWER 2 (2B),15,D,,6443000,,價單第6D號 / Price List No. 6D • 見備註7(c)(xi) / See Remark 7(c)(xi) • 見備註7(d) / See Remark 7(d) • 見備註7(e) / See Remark 7(e) • 見備註7(f) / See Remark 7(f) • 見備註7(j) / See Remark 7(j) • 見備註7(q) / See Remark 7(q) • 見備註7(r) / See Remark 7(r),
2023-10-29,2023-11-03,,第2座(2B) TOWER 2 (2B),10,D,,6385000,,價單第6D號 / Price List No. 6D • 見備註7(c)(xi) / See Remark 7(c)(xi) • 見備註7(d) / See Remark 7(d) • 見備註7(e) / See Remark 7(e) • 見備註7(f) / See Remark 7(f) • 見備註7(j) / See Remark 7(j) • 見備註7(q) / See Remark 7(q) • 見備註7(r) / See Remark 7(r),
2023-10-29,2023-11-03,,第2座(2B) TOWER 2 (2B),17,E,,12210000,,價單第1B號 / Price List No. 1B • 見備註7(c)(xi) / See Remark 7(c)(xi) • 見備註7(d) / See Remark 7(d) • 見備註7(e) / See Remark 7(e) • 見備註7(f) / See Remark 7(f) • 見備註7(p) / See Remark 7(p) • 見備註7(r) / See Remark 7(r),
2023-11-03,2023-11-10,,第1座(1A) TOWER 1 (1A),22,B,,16724000,,價單第1B號 / Price List No. 1B • 見備註7(c)(xi) / See Remark 7(c)(xi) • 見備註7(d) / See Remark 7(d) • 見備註7(e) / See Remark 7(e) • 見備註7(f) / See Remark 7(f) • 見備註7(o) / See Remark 7(o) • 見備註7(r) / See Remark 7(r),
2023-11-03,2023-11-10,,第2座(2A) TOWER 2 (2A),33,H,,13371000,,價單第4F號 / Price List No. 4F • 見備註7(c)(xi) / See Remark 7(c)(xi) • 見備註7(d) / See Remark 7(d) • 見備註7(e) / See Remark 7(e) • 見備註7(f) / See Remark 7(f) • 見備註7(q) / See Remark 7(q) • 見備註7(r) / See Remark 7(r),
2023-11-04,2023-11-10,,第2座(2B) TOWER 2 (2B),33,D,,6824000,,價單第6D號 / Price List No. 6D • 見備註7(c)(xi) / See Remark 7(c)(xi) • 見備註7(d) / See remark 7(d) • 見備註7(e) / See remark 7(e) • 見備註7(f) / See remark 7(f) • 見備註7(j) / See remark 7(j) • 見備註7(q) / See Remark 7(q) • 見備註7(r) / See Remark 7(r),
2023-11-05,2023-11-10,,第2座(2B) TOWER 2 (2B),21,D,,6559000,,價單第6D號 / Price List No. 6D • 見備註7(c)(xi) / See Remark 7(c)(xi) • 見備註7(d) / See remark 7(d) • 見備註7(e) / See remark 7(e) • 見備註7(f) / See remark 7(f) • 見備註7(j) / See remark 7(j) • 見備註7(q) / See Remark 7(q) • 見備註7(r) / See Remark 7(r),
2023-11-06,2023-11-13,,第2座(2B) TOWER 2 (2B),9,D,,6366000,,價單第6D號 / Price List No. 6D • 見備註7(c)(xi) / See Remark 7(c)(xi) • 見備註7(d) / See remark 7(d) • 見備註7(e) / See remark 7(e) • 見備註7(f) / See remark 7(f) • 見備註7(j) / See remark 7(j) • 見備註7(q) / See Remark 7(q) • 見備註7(r) / See Remark 7(r),
2023-11-09,2023-11-16,,第2座(2B) TOWER 2 (2B),32,D,,6818000,,價單第6D號 / Price List No. 6D • 見備註7(c)(xi) / See Remark 7(c)(xi) • 見備註7(d) / See remark 7(d) • 見備註7(e) / See remark 7(e) • 見備註7(f) / See remark 7(f) • 見備註7(j) / See remark 7(j) • 見備註7(q) / See Remark 7(q) • 見備註7(r) / See Remark 7(r),
2023-11-12,2023-11-17,,第2座(2B) TOWER 2 (2B),37,D,,7044000,,價單第6D號 / Price List No. 6D • 見備註7(c)(xi) / See Remark 7(c)(xi) • 見備註7(d) / See remark 7(d) • 見備註7(e) / See remark 7(e) • 見備註7(f) / See remark 7(f) • 見備註7(j) / See remark 7(j) • 見備註7(l) / See remark 7(l) • 見備註7(q) / See Remark 7(q) • 見備註7(r) / See Remark 7(r),
2023-11-13,2023-11-20,,第1座(1A) TOWER 1 (1A),18,F,,26236000,,見備註 8(c)(v) / See Remark 8(c)(v),
2023-11-13,2023-11-20,,第1座(1B) TOWER 1 (1B),23,A,,26868660,,見備註 8(c)(v) / See Remark 8(c)(v),
2023-11-13,2023-11-20,,第2座(2A) TOWER 2 (2A),39,A,,37000000,,見備註 8(c)(v) / See Remark 8(c)(v),
2023-11-16,2023-11-23,,第2座(2B) TOWER 2 (2B),5,D,,7520000,,價單第6D號 / Price List No. 6D • 見備註7(c)(xi) / See Remark 7(c)(xi) • 見備註7(d) / See remark 7(d) • 見備註7(e) / See remark 7(e) • 見備註7(f) / See remark 7(f) • 見備註7(j) / See remark 7(j) • 見備註7(q) / See Remark 7(q) • 見備註7(r) / See Remark 7(r),
2023-11-30,2023-12-07,,第2座(2B) TOWER 2 (2B),31,D,,6811000,,價單第6D號 / Price List No. 6D • 見備註7(c)(xi) / See Remark 7(c)(xi) • 見備註7(d) / See remark 7(d) • 見備註7(e) / See remark 7(e) • 見備註7(f) / See remark 7(f) • 見備註7(j) / See remark 7(j) • 見備註7(q) / See Remark 7(q) • 見備註7(r) / See Remark 7(r),
2023-12-09,2023-12-15,,第2座(2A) TOWER 2 (2A),5,D,,17031000,,價單第4G號 / Price List No. 4G • 見備註7(c)(xi) / See Remark 7(c)(xi) • 見備註7(d) / See Remark 7(d) • 見備註7(e) / See Remark 7(e) • 見備註7(f) / See Remark 7(f) • 見備註7(q) / See Remark 7(q) • 見備註7(r) / See Remark 7(r),
2023-12-10,2023-12-15,,第2座(2B) TOWER 2 (2B),30,D,,6804000,,價單第6E號 / Price List No. 6E • 見備註7(c)(xi) / See Remark 7(c)(xi) • 見備註7(d) / See remark 7(d) • 見備註7(e) / See remark 7(e) • 見備註7(f) / See remark 7(f) • 見備註7(j) / See remark 7(j) • 見備註7(q) / See Remark 7(q) • 見備註7(r) / See Remark 7(r),
2023-12-16,2023-12-22,,第1座(1A) TOWER 1 (1A),31,E,,16045000,,價單第2B號 / Price List No. 2B • 見備註7(c)(xi) / See Remark 7(c)(xi) • 見備註7(d) / See Remark 7(d) • 見備註7(e) / See Remark 7(e) • 見備註7(f) / See Remark 7(f) • 見備註7(p) / See Remark 7(p) • 見備註7(r) / See Remark 7(r),
2023-12-18,2023-12-27,,第1座(1B) TOWER 1 (1B),40,A,,28200000,,見備註 8(c)(vii) / See Remark 8(c)(vii),
2023-12-20,2023-12-29,,第2座(2B) TOWER 2 (2B),20,D,,6540000,,價單第6E號 / Price List No. 6E • 見備註7(c)(xi) / See Remark 7(c)(xi) • 見備註7(d) / See remark 7(d) • 見備註7(e) / See remark 7(e) • 見備註7(f) / See remark 7(f) • 見備註7(j) / See remark 7(j) • 見備註7(q) / See Remark 7(q) • 見備註7(r) / See Remark 7(r),
2023-12-21,2024-01-02,,第1座(1A) TOWER 1 (1A),5,D,,10604000,,價單第3C號 / Price List No. 3C • 見備註7(c)(xi) / See Remark 7(c)(xi) • 見備註7(d) / See Remark 7(d) • 見備註7(e) / See Remark 7(e) • 見備註7(f) / See Remark 7(f) • 見備註7(q) / See Remark 7(q) • 見備註7(r) / See Remark 7(r),
2023-12-21,2024-01-02,,第2座(2B) TOWER 2 (2B),10,B,,8871000,,價單第5G號 / Price List No. 5G • 見備註7(c)(xi) / See Remark 7(c)(xi) • 見備註7(d) / See Remark 7(d) • 見備註7(e) / See Remark 7(e) • 見備註7(f) / See Remark 7(f) • 見備註7(q) / See Remark 7(q) • 見備註7(r) / See Remark 7(r),
2023-12-22,2024-01-03,,第2座(2B) TOWER 2 (2B),28,D,,6796000,,價單第6E號 / Price List No. 6E • 見備註7(c)(xi) / See Remark 7(c)(xi) • 見備註7(d) / See remark 7(d) • 見備註7(e) / See remark 7(e) • 見備註7(f) / See remark 7(f) • 見備註7(j) / See remark 7(j) • 見備註7(q) / See Remark 7(q) • 見備註7(r) / See Remark 7(r),
2024-01-03,2024-01-10,,第1座(1B) TOWER 1 (1B),41,A,,29180000,,見備註 8(c)(viii) / See Remark 8(c)(viii),
2024-01-03,2024-01-09,,第1座(1B) TOWER 1 (1B),39,A,,27800000,,見備註 8(c)(vii) / See Remark 8(c)(vii),
2024-01-09,2024-01-16,,第1座(1A) TOWER 1 (1A),29,E,,15949000,,價單第2B號 / Price List No. 2B • 見備註7(c)(xi) / See Remark 7(c)(xi) • 見備註7(d) / See Remark 7(d) • 見備註7(e) / See Remark 7(e) • 見備註7(f) / See Remark 7(f) • 見備註7(p) / See Remark 7(p) • 見備註7(r) / See Remark 7(r),
2024-01-15,2024-01-19,,第1座(1A) TOWER 1 (1A),23,A,,39880000,,見備註 8(c)(v) / See Remark 8(c)(v),
2024-01-18,2024-01-24,,第2座(2B) TOWER 2 (2B),38,B,,9503000,,價單第6F號 / Price List No. 6F • 見備註7(c)(xi) / See Remark 7(c)(xi) • 見備註7(d) / See remark 7(d) • 見備註7(e) / See remark 7(e) • 見備註7(f) / See remark 7(f) • 見備註7(q) / See Remark 7(q) • 見備註7(r) / See Remark 7(r),
2024-01-22,2024-01-29,,第1座(1A) TOWER 1 (1A),5,H,,10145000,,價單第4H號 / Price List No. 4H • 見備註7(c)(xi) / See Remark 7(c)(xi) • 見備註7(d) / See Remark 7(d) • 見備註7(e) / See Remark 7(e) • 見備註7(f) / See Remark 7(f) • 見備註7(q) / See Remark 7(q) • 見備註7(r) / See Remark 7(r),
2024-01-22,2024-01-29,,第2座(2B) TOWER 2 (2B),6,B,,8765000,,價單第5H號 / Price List No. 5H • 見備註7(c)(xi) / See Remark 7(c)(xi) • 見備註7(d) / See Remark 7(d) • 見備註7(e) / See Remark 7(e) • 見備註7(f) / See Remark 7(f) • 見備註7(q) / See Remark 7(q) • 見備註7(r) / See Remark 7(r),
2024-01-26,2024-02-02,,第2座(2B) TOWER 2 (2B),29,D,,6796000,,價單第6F號 / Price List No. 6F • 見備註7(c)(xi) / See Remark 7(c)(xi) • 見備註7(d) / See remark 7(d) • 見備註7(e) / See remark 7(e) • 見備註7(f) / See remark 7(f) • 見備註7(j) / See remark 7(j) • 見備註7(q) / See Remark 7(q) • 見備註7(r) / See Remark 7(r),
2024-01-29,2024-02-05,,第1座(1B) TOWER 1 (1B),42,A,,30000000,,見備註 8(c)(v) / See Remark 8(c)(v),
2024-02-08,2024-02-19,,第2座(2B) TOWER 2 (2B),8,D,,6366000,,價單第6F號 / Price List No. 6F • 見備註7(c)(xi) / See Remark 7(c)(xi) • 見備註7(d) / See remark 7(d) • 見備註7(e) / See remark 7(e) • 見備註7(f) / See remark 7(f) • 見備註7(j) / See remark 7(j) • 見備註7(q) / See Remark 7(q) • 見備註7(r) / See Remark 7(r),
2024-02-09,2024-02-20,,第2座(2A) TOWER 2 (2A),29,A,,23200000,,見備註 8(c)(v) / See Remark 8(c)(v),
2024-03-01,2024-03-08,,第1座(1A) TOWER 1 (1A),41 & 42,F,R18,95800000,,見備註 8(c)(ix) / See Remark 8(c)(ix),
2024-03-02,2024-03-08,,第2座(2A) TOWER 2 (2A),30,B,,12716000,,價單第6F號 / Price List No. 6F • 見備註7(c)(xi) / See Remark 7(c)(xi) • 見備註7(d) / See remark 7(d) • 見備註7(e) / See remark 7(e) • 見備註7(f) / See remark 7(f) • 見備註7(q) / See Remark 7(q) • 見備註7(r) / See Remark 7(r),
2024-03-02,2024-03-08,,第2座(2A) TOWER 2 (2A),9,B,,11231000,,價單第5H號 / Price List No. 5H • 見備註7(c)(xi) / See Remark 7(c)(xi) • 見備註7(d) / See Remark 7(d) • 見備註7(e) / See Remark 7(e) • 見備註7(f) / See Remark 7(f) • 見備註7(q) / See Remark 7(q) • 見備註7(r) / See Remark 7(r),
2024-03-02,2024-03-08,,第2座(2A) TOWER 2 (2A),6,B,,11131000,,價單第5H號 / Price List No. 5H • 見備註7(c)(xi) / See Remark 7(c)(xi) • 見備註7(d) / See Remark 7(d) • 見備註7(e) / See Remark 7(e) • 見備註7(f) / See Remark 7(f) • 見備註7(q) / See Remark 7(q) • 見備註7(r) / See Remark 7(r),
2024-03-03,2024-03-08,,第1座(1A) TOWER 1 (1A),28,E,,15949000,,價單第2B號 / Price List No. 2B • 見備註7(c)(xi) / See Remark 7(c)(xi) • 見備註7(d) / See Remark 7(d) • 見備註7(e) / See Remark 7(e) • 見備註7(f) / See Remark 7(f) • 見備註7(p) / See Remark 7(p) • 見備註7(r) / See Remark 7(r),
2024-03-03,2024-03-08,,第1座(1A) TOWER 1 (1A),12,G,,9222000,,價單第1D號 / Price List No. 1D • 見備註7(c)(xi) / See Remark 7(c)(xi) • 見備註7(d) / See Remark 7(d) • 見備註7(e) / See Remark 7(e) • 見備註7(f) / See Remark 7(f) • 見備註7(q) / See Remark 7(q) • 見備註7(r) / See Remark 7(r),
2024-03-03,2024-03-08,,第2座(2A) TOWER 2 (2A),31,H,,13265000,,價單第4H號 / Price List No. 4H • 見備註7(c)(xi) / See Remark 7(c)(xi) • 見備註7(d) / See Remark 7(d) • 見備註7(e) / See Remark 7(e) • 見備註7(f) / See Remark 7(f) • 見備註7(q) / See Remark 7(q) • 見備註7(r) / See Remark 7(r),
2024-03-03,2024-03-08,,第2座(2A) TOWER 2 (2A),7,H,,12315000,,價單第4H號 / Price List No. 4H • 見備註7(c)(xi) / See Remark 7(c)(xi) • 見備註7(d) / See Remark 7(d) • 見備註7(e) / See Remark 7(e) • 見備註7(f) / See Remark 7(f) • 見備註7(q) / See Remark 7(q) • 見備註7(r) / See Remark 7(r),
2024-03-03,2024-03-08,,第2座(2B) TOWER 2 (2B),27,D,,6783000,,價單第6F號 / Price List No. 6F • 見備註7(c)(xi) / See Remark 7(c)(xi) • 見備註7(d) / See remark 7(d) • 見備註7(e) / See remark 7(e) • 見備註7(f) / See remark 7(f) • 見備註7(j) / See remark 7(j) • 見備註7(q) / See Remark 7(q) • 見備註7(r) / See Remark 7(r),
2024-03-04,2024-03-11,,第2座(2A) TOWER 2 (2A),29,B,,12701000,,價單第6F號 / Price List No. 6F • 見備註7(c)(xi) / See Remark 7(c)(xi) • 見備註7(d) / See remark 7(d) • 見備註7(e) / See remark 7(e) • 見備註7(f) / See remark 7(f) • 見備註7(q) / See Remark 7(q) • 見備註7(r) / See Remark 7(r),
2024-03-05,2024-03-12,,第2座(2A) TOWER 2 (2A),9,H,,12389000,,價單第4H號 / Price List No. 4H • 見備註7(c)(xi) / See Remark 7(c)(xi) • 見備註7(d) / See Remark 7(d) • 見備註7(e) / See Remark 7(e) • 見備註7(f) / See Remark 7(f) • 見備註7(q) / See Remark 7(q) • 見備註7(r) / See Remark 7(r),
2024-03-05,2024-03-12,,第2座(2B) TOWER 2 (2B),16,B,,8977000,,價單第5H號 / Price List No. 5H • 見備註7(c)(xi) / See Remark 7(c)(xi) • 見備註7(d) / See Remark 7(d) • 見備註7(e) / See Remark 7(e) • 見備註7(f) / See Remark 7(f) • 見備註7(q) / See Remark 7(q) • 見備註7(r) / See Remark 7(r),
2024-03-06,2024-03-13,2024-10-17,第2座(2A) TOWER 2 (2A),23,H,,12892000,,價單第4H號 / Price List No. 4H • 見備註7(c)(xi) / See Remark 7(c)(xi) • 見備註7(d) / See Remark 7(d) • 見備註7(e) / See Remark 7(e) • 見備註7(f) / See Remark 7(f) • 見備註7(q) / See Remark 7(q) • 見備註7(r) / See Remark 7(r),
2024-03-06,2024-03-13,,第2座(2A) TOWER 2 (2A),8,H,,12389000,,價單第4H號 / Price List No. 4H • 見備註7(c)(xi) / See Remark 7(c)(xi) • 見備註7(d) / See Remark 7(d) • 見備註7(e) / See Remark 7(e) • 見備註7(f) / See Remark 7(f) • 見備註7(q) / See Remark 7(q) • 見備註7(r) / See Remark 7(r),
2024-03-07,2024-03-14,,第2座(2A) TOWER 2 (2A),36,B,,12793000,,價單第6F號 / Price List No. 6F • 見備註7(c)(xi) / See Remark 7(c)(xi) • 見備註7(d) / See remark 7(d) • 見備註7(e) / See remark 7(e) • 見備註7(f) / See remark 7(f) • 見備註7(q) / See Remark 7(q) • 見備註7(r) / See Remark 7(r),
2024-03-07,2024-03-14,2025-09-30,第2座(2A) TOWER 2 (2A),29,H,,13159000,,價單第4H號 / Price List No. 4H • 見備註7(c)(xi) / See Remark 7(c)(xi) • 見備註7(d) / See Remark 7(d) • 見備註7(e) / See Remark 7(e) • 見備註7(f) / See Remark 7(f) • 見備註7(q) / See Remark 7(q) • 見備註7(r) / See Remark 7(r),
2024-03-07,2024-03-14,,第2座(2A) TOWER 2 (2A),22,H,,12841000,,價單第4H號 / Price List No. 4H • 見備註7(c)(xi) / See Remark 7(c)(xi) • 見備註7(d) / See Remark 7(d) • 見備註7(e) / See Remark 7(e) • 見備註7(f) / See Remark 7(f) • 見備註7(q) / See Remark 7(q) • 見備註7(r) / See Remark 7(r),
2024-03-08,2024-03-15,,第1座(1B) TOWER 1 (1B),30,C,,12029000,,價單第1D號 / Price List No. 1D • 見備註7(c)(xi) / See Remark 7(c)(xi) • 見備註7(d) / See Remark 7(d) • 見備註7(e) / See Remark 7(e) • 見備註7(f) / See Remark 7(f) • 見備註7(q) / See Remark 7(q) • 見備註7(r) / See Remark 7(r),
2024-03-08,2024-03-15,,第2座(2A) TOWER 2 (2A),38,B,,12862000,,價單第6F號 / Price List No. 6F • 見備註7(c)(xi) / See Remark 7(c)(xi) • 見備註7(d) / See remark 7(d) • 見備註7(e) / See remark 7(e) • 見備註7(f) / See remark 7(f) • 見備註7(q) / See Remark 7(q) • 見備註7(r) / See Remark 7(r),
2024-03-08,2024-03-15,,第2座(2A) TOWER 2 (2A),37,B,,12809000,,價單第6F號 / Price List No. 6F • 見備註7(c)(xi) / See Remark 7(c)(xi) • 見備註7(d) / See remark 7(d) • 見備註7(e) / See remark 7(e) • 見備註7(f) / See remark 7(f) • 見備註7(q) / See Remark 7(q) • 見備註7(r) / See Remark 7(r),
2024-03-08,2024-03-15,,第2座(2A) TOWER 2 (2A),30,H,,13212000,,價單第4H號 / Price List No. 4H • 見備註7(c)(xi) / See Remark 7(c)(xi) • 見備註7(d) / See Remark 7(d) • 見備註7(e) / See Remark 7(e) • 見備註7(f) / See Remark 7(f) • 見備註7(q) / See Remark 7(q) • 見備註7(r) / See Remark 7(r),
2024-03-08,2024-03-15,,第2座(2A) TOWER 2 (2A),27,H,,13048000,,價單第4H號 / Price List No. 4H • 見備註7(c)(xi) / See Remark 7(c)(xi) • 見備註7(d) / See Remark 7(d) • 見備註7(e) / See Remark 7(e) • 見備註7(f) / See Remark 7(f) • 見備註7(q) / See Remark 7(q) • 見備註7(r) / See Remark 7(r),
2024-03-08,2024-03-15,,第2座(2B) TOWER 2 (2B),39,A,,44700800,,見備註 8(c)(v) / See Remark 8(c)(v),
2024-03-08,2024-03-13,,第2座(2B) TOWER 2 (2B),28,A,,25508800,,見備註 8(c)(vii) / See Remark 8(c)(vii),
2024-03-08,2024-03-15,,第2座(2B) TOWER 2 (2B),29,B,,9306000,,價單第5H號 / Price List No. 5H • 見備註7(c)(xi) / See Remark 7(c)(xi) • 見備註7(d) / See Remark 7(d) • 見備註7(e) / See Remark 7(e) • 見備註7(f) / See Remark 7(f) • 見備註7(q) / See Remark 7(q) • 見備註7(r) / See Remark 7(r),
2024-03-09,2024-03-15,,第1座(1A) TOWER 1 (1A),27,E,,15854000,,價單第2B號 / Price List No. 2B • 見備註7(c)(xi) / See Remark 7(c)(xi) • 見備註7(d) / See Remark 7(d) • 見備註7(e) / See Remark 7(e) • 見備註7(f) / See Remark 7(f) • 見備註7(p) / See Remark 7(p) • 見備註7(r) / See Remark 7(r),
2024-03-09,2024-03-15,,第2座(2A) TOWER 2 (2A),35,B,,12778000,,價單第6F號 / Price List No. 6F • 見備註7(c)(xi) / See Remark 7(c)(xi) • 見備註7(d) / See remark 7(d) • 見備註7(e) / See remark 7(e) • 見備註7(f) / See remark 7(f) • 見備註7(q) / See Remark 7(q) • 見備註7(r) / See Remark 7(r),
2024-03-09,2024-03-15,,第2座(2A) TOWER 2 (2A),33,B,,12762000,,價單第6F號 / Price List No. 6F • 見備註7(c)(xi) / See Remark 7(c)(xi) • 見備註7(d) / See remark 7(d) • 見備註7(e) / See remark 7(e) • 見備註7(f) / See remark 7(f) • 見備註7(q) / See Remark 7(q) • 見備註7(r) / See Remark 7(r),
2024-03-09,2024-03-15,,第2座(2A) TOWER 2 (2A),32,B,,12747000,,價單第6F號 / Price List No. 6F • 見備註7(c)(xi) / See Remark 7(c)(xi) • 見備註7(d) / See remark 7(d) • 見備註7(e) / See remark 7(e) • 見備註7(f) / See remark 7(f) • 見備註7(q) / See Remark 7(q) • 見備註7(r) / See Remark 7(r),
2024-03-09,2024-03-15,,第2座(2A) TOWER 2 (2A),31,B,,12732000,,價單第6F號 / Price List No. 6F • 見備註7(c)(xi) / See Remark 7(c)(xi) • 見備註7(d) / See remark 7(d) • 見備註7(e) / See remark 7(e) • 見備註7(f) / See remark 7(f) • 見備註7(q) / See Remark 7(q) • 見備註7(r) / See Remark 7(r),
2024-03-09,2024-03-15,,第2座(2A) TOWER 2 (2A),10,H,,12426000,,價單第4H號 / Price List No. 4H • 見備註7(c)(xi) / See Remark 7(c)(xi) • 見備註7(d) / See Remark 7(d) • 見備註7(e) / See Remark 7(e) • 見備註7(f) / See Remark 7(f) • 見備註7(q) / See Remark 7(q) • 見備註7(r) / See Remark 7(r),
2024-03-09,2024-03-15,,第2座(2B) TOWER 2 (2B),11,D,,6404000,,價單第6F號 / Price List No. 6F • 見備註7(c)(xi) / See Remark 7(c)(xi) • 見備註7(d) / See remark 7(d) • 見備註7(e) / See remark 7(e) • 見備註7(f) / See remark 7(f) • 見備註7(j) / See remark 7(j) • 見備註7(q) / See Remark 7(q) • 見備註7(r) / See Remark 7(r),
2024-03-09,2024-03-15,,第2座(2B) TOWER 2 (2B),7,D,,6328000,,價單第6F號 / Price List No. 6F • 見備註7(c)(xi) / See Remark 7(c)(xi) • 見備註7(d) / See remark 7(d) • 見備註7(e) / See remark 7(e) • 見備註7(f) / See remark 7(f) • 見備註7(j) / See remark 7(j) • 見備註7(q) / See Remark 7(q) • 見備註7(r) / See Remark 7(r),
2024-03-09,2024-03-15,,第2座(2B) TOWER 2 (2B),6,D,,6309000,,價單第6F號 / Price List No. 6F • 見備註7(c)(xi) / See Remark 7(c)(xi) • 見備註7(d) / See remark 7(d) • 見備註7(e) / See remark 7(e) • 見備註7(f) / See remark 7(f) • 見備註7(j) / See remark 7(j) • 見備註7(q) / See Remark 7(q) • 見備註7(r) / See Remark 7(r),
2024-03-10,2024-03-15,,第2座(2A) TOWER 2 (2A),28,B,,12701000,,價單第6F號 / Price List No. 6F • 見備註7(c)(xi) / See Remark 7(c)(xi) • 見備註7(d) / See remark 7(d) • 見備註7(e) / See remark 7(e) • 見備註7(f) / See remark 7(f) • 見備註7(q) / See Remark 7(q) • 見備註7(r) / See Remark 7(r),
2024-03-10,,,第2座(2A) TOWER 2 (2A),27,B,,12670000,,價單第6F號 / Price List No. 6F • 見備註7(c)(xi) / See Remark 7(c)(xi) • 見備註7(d) / See remark 7(d) • 見備註7(e) / See remark 7(e) • 見備註7(f) / See remark 7(f) • 見備註7(q) / See Remark 7(q) • 見備註7(r) / See Remark 7(r),
2024-03-10,2024-03-15,,第2座(2B) TOWER 2 (2B),18,D,,6520000,,價單第6F號 / Price List No. 6F • 見備註7(c)(xi) / See Remark 7(c)(xi) • 見備註7(d) / See remark 7(d) • 見備註7(e) / See remark 7(e) • 見備註7(f) / See remark 7(f) • 見備註7(j) / See remark 7(j) • 見備註7(q) / See Remark 7(q) • 見備註7(r) / See Remark 7(r),
2024-03-10,2024-03-15,,第2座(2B) TOWER 2 (2B),17,D,,6481000,,價單第6F號 / Price List No. 6F • 見備註7(c)(xi) / See Remark 7(c)(xi) • 見備註7(d) / See remark 7(d) • 見備註7(e) / See remark 7(e) • 見備註7(f) / See remark 7(f) • 見備註7(j) / See remark 7(j) • 見備註7(q) / See Remark 7(q) • 見備註7(r) / See Remark 7(r),
2024-03-11,2024-03-18,,第1座(1A) TOWER 1 (1A),17,E,,15535000,,價單第2B號 / Price List No. 2B • 見備註7(c)(xi) / See Remark 7(c)(xi) • 見備註7(d) / See Remark 7(d) • 見備註7(e) / See Remark 7(e) • 見備註7(f) / See Remark 7(f) • 見備註7(p) / See Remark 7(p) • 見備註7(r) / See Remark 7(r),
2024-03-11,2024-03-18,,第2座(2A) TOWER 2 (2A),40,A,,39603600,,見備註 8(c)(v) / See Remark 8(c)(v),
2024-03-11,2024-03-18,2024-12-04,第2座(2B) TOWER 2 (2B),12,A,,24400000,,見備註 8(c)(v) / See Remark 8(c)(v),
2024-03-11,2024-03-18,,第2座(2B) TOWER 2 (2B),36,B,,9381000,,價單第6F號 / Price List No. 6F • 見備註7(c)(xi) / See Remark 7(c)(xi) • 見備註7(d) / See remark 7(d) • 見備註7(e) / See remark 7(e) • 見備註7(f) / See remark 7(f) • 見備註7(q) / See Remark 7(q) • 見備註7(r) / See Remark 7(r),
2024-03-11,2024-03-18,,第2座(2B) TOWER 2 (2B),22,D,,6756000,,價單第6F號 / Price List No. 6F • 見備註7(c)(xi) / See Remark 7(c)(xi) • 見備註7(d) / See remark 7(d) • 見備註7(e) / See remark 7(e) • 見備註7(f) / See remark 7(f) • 見備註7(j) / See remark 7(j) • 見備註7(q) / See Remark 7(q) • 見備註7(r) / See Remark 7(r),
2024-03-12,2024-03-19,,第2座(2A) TOWER 2 (2A),23,A,,23209000,,價單第3C號 / Price List No. 3C • 見備註7(c)(xi) / See Remark 7(c)(xi) • 見備註7(d) / See Remark 7(d) • 見備註7(e) / See Remark 7(e) • 見備註7(f) / See Remark 7(f) • 見備註7(q) / See Remark 7(q) • 見備註7(r) / See Remark 7(r),
2024-03-13,2024-03-20,,第2座(2A) TOWER 2 (2A),5,A,,24020000,,價單第4H號 / Price List No. 4H • 見備註7(c)(xi) / See Remark 7(c)(xi) • 見備註7(d) / See Remark 7(d) • 見備註7(e) / See Remark 7(e) • 見備註7(f) / See Remark 7(f) • 見備註7(q) / See Remark 7(q) • 見備註7(r) / See Remark 7(r),
2024-03-14,2024-03-21,,第2座(2B) TOWER 2 (2B),25,B,,9195000,,價單第5H號 / Price List No. 5H • 見備註7(c)(xi) / See Remark 7(c)(xi) • 見備註7(d) / See Remark 7(d) • 見備註7(e) / See Remark 7(e) • 見備註7(f) / See Remark 7(f) • 見備註7(q) / See Remark 7(q) • 見備註7(r) / See Remark 7(r),
2024-03-14,2024-03-21,,第2座(2B) TOWER 2 (2B),25,D,,6770000,,價單第6F號 / Price List No. 6F • 見備註7(c)(xi) / See Remark 7(c)(xi) • 見備註7(d) / See remark 7(d) • 見備註7(e) / See remark 7(e) • 見備註7(f) / See remark 7(f) • 見備註7(j) / See remark 7(j) • 見備註7(q) / See Remark 7(q) • 見備註7(r) / See Remark 7(r),
2024-03-14,2024-03-21,,第2座(2B) TOWER 2 (2B),16,D,,6462000,,價單第6F號 / Price List No. 6F • 見備註7(c)(xi) / See Remark 7(c)(xi) • 見備註7(d) / See remark 7(d) • 見備註7(e) / See remark 7(e) • 見備註7(f) / See remark 7(f) • 見備註7(j) / See remark 7(j) • 見備註7(q) / See Remark 7(q) • 見備註7(r) / See Remark 7(r),
2024-03-14,2024-03-21,,第2座(2B) TOWER 2 (2B),12,D,,6423000,,價單第6F號 / Price List No. 6F • 見備註7(c)(xi) / See Remark 7(c)(xi) • 見備註7(d) / See remark 7(d) • 見備註7(e) / See remark 7(e) • 見備註7(f) / See remark 7(f) • 見備註7(j) / See remark 7(j) • 見備註7(q) / See Remark 7(q) • 見備註7(r) / See Remark 7(r),
2024-03-15,2024-03-22,,第1座(1A) TOWER 1 (1A),5,A,,35525500,,見備註 8(c)(vii) / See Remark 8(c)(vii),
2024-03-15,2024-03-22,,第1座(1B) TOWER 1 (1B),41,B,,7188000,,價單第6G號 / Price List No. 6G • 見備註7(c)(xi) / See Remark 7(c)(xi) • 見備註7(d) / See remark 7(d) • 見備註7(e) / See remark 7(e) • 見備註7(f) / See remark 7(f) • 見備註7(j) / See remark 7(j) • 見備註7(q) / See Remark 7(q) • 見備註7(r) / See Remark 7(r),
2024-03-15,2024-03-22,,第1座(1B) TOWER 1 (1B),40,B,,6985000,,價單第6G號 / Price List No. 6G • 見備註7(c)(xi) / See Remark 7(c)(xi) • 見備註7(d) / See remark 7(d) • 見備註7(e) / See remark 7(e) • 見備註7(f) / See remark 7(f) • 見備註7(j) / See remark 7(j) • 見備註7(q) / See Remark 7(q) • 見備註7(r) / See Remark 7(r),
2024-03-15,2024-03-22,,第1座(1B) TOWER 1 (1B),11,B,,6532000,,價單第6G號 / Price List No. 6G • 見備註7(c)(xi) / See Remark 7(c)(xi) • 見備註7(d) / See remark 7(d) • 見備註7(e) / See remark 7(e) • 見備註7(f) / See remark 7(f) • 見備註7(j) / See remark 7(j) • 見備註7(q) / See Remark 7(q) • 見備註7(r) / See Remark 7(r),
2024-03-15,2024-03-22,,第1座(1B) TOWER 1 (1B),8,B,,6518000,,價單第4I號 / Price List No. 4I • 見備註7(c)(xi) / See Remark 7(c)(xi) • 見備註7(d) / See Remark 7(d) • 見備註7(e) / See Remark 7(e) • 見備註7(f) / See Remark 7(f) • 見備註7(j) / See Remark 7(j) • 見備註7(q) / See Remark 7(q) • 見備註7(r) / See Remark 7(r),
2024-03-15,2024-03-22,,第1座(1B) TOWER 1 (1B),5,B,,7274000,,價單第4I號 / Price List No. 4I • 見備註7(c)(xi) / See Remark 7(c)(xi) • 見備註7(d) / See Remark 7(d) • 見備註7(e) / See Remark 7(e) • 見備註7(f) / See Remark 7(f) • 見備註7(j) / See Remark 7(j) • 見備註7(q) / See Remark 7(q) • 見備註7(r) / See Remark 7(r),
2024-03-15,2024-03-22,,第2座(2B) TOWER 2 (2B),20,B,,9085000,,價單第5H號 / Price List No. 5H • 見備註7(c)(xi) / See Remark 7(c)(xi) • 見備註7(d) / See Remark 7(d) • 見備註7(e) / See Remark 7(e) • 見備註7(f) / See Remark 7(f) • 見備註7(q) / See Remark 7(q) • 見備註7(r) / See Remark 7(r),
2024-03-15,2024-03-22,,第2座(2B) TOWER 2 (2B),17,B,,9004000,,價單第5H號 / Price List No. 5H • 見備註7(c)(xi) / See Remark 7(c)(xi) • 見備註7(d) / See Remark 7(d) • 見備註7(e) / See Remark 7(e) • 見備註7(f) / See Remark 7(f) • 見備註7(q) / See Remark 7(q) • 見備註7(r) / See Remark 7(r),
2024-03-16,2024-03-22,,第1座(1B) TOWER 1 (1B),38,B,,6801000,,價單第4I號 / Price List No. 4I • 見備註7(c)(xi) / See Remark 7(c)(xi) • 見備註7(d) / See Remark 7(d) • 見備註7(e) / See Remark 7(e) • 見備註7(f) / See Remark 7(f) • 見備註7(j) / See Remark 7(j) • 見備註7(q) / See Remark 7(q) • 見備註7(r) / See Remark 7(r),
2024-03-16,2024-03-22,,第2座(2A) TOWER 2 (2A),27,B,,12670000,,價單第6G號 / Price List No. 6G • 見備註7(c)(xi) / See Remark 7(c)(xi) • 見備註7(d) / See remark 7(d) • 見備註7(e) / See remark 7(e) • 見備註7(f) / See remark 7(f) • 見備註7(q) / See Remark 7(q) • 見備註7(r) / See Remark 7(r),
2024-03-17,2024-03-22,,第1座(1B) TOWER 1 (1B),16,B,,6552000,,價單第6G號 / Price List No. 6G • 見備註7(c)(xi) / See Remark 7(c)(xi) • 見備註7(d) / See remark 7(d) • 見備註7(e) / See remark 7(e) • 見備註7(f) / See remark 7(f) • 見備註7(j) / See remark 7(j) • 見備註7(q) / See Remark 7(q) • 見備註7(r) / See Remark 7(r),
2024-03-17,2024-03-22,,第2座(2A) TOWER 2 (2A),17,C,,12364000,,價單第3E號 / Price List No. 3E • 見備註7(c)(xi) / See Remark 7(c)(xi) • 見備註7(d) / See Remark 7(d) • 見備註7(e) / See Remark 7(e) • 見備註7(f) / See Remark 7(f) • 見備註7(q) / See Remark 7(q) • 見備註7(r) / See Remark 7(r),
2024-03-17,2024-03-22,,第2座(2A) TOWER 2 (2A),6,C,,12037000,,價單第3E號 / Price List No. 3E • 見備註7(c)(xi) / See Remark 7(c)(xi) • 見備註7(d) / See Remark 7(d) • 見備註7(e) / See Remark 7(e) • 見備註7(f) / See Remark 7(f) • 見備註7(q) / See Remark 7(q) • 見備註7(r) / See Remark 7(r),
2024-03-18,2024-03-25,,第1座(1B) TOWER 1 (1B),5,A,,25604000,,見備註 8(c)(v) / See Remark 8(c)(v),
2024-03-18,2024-03-25,,第2座(2B) TOWER 2 (2B),22,B,,9140000,,價單第5H號 / Price List No. 5H • 見備註7(c)(xi) / See Remark 7(c)(xi) • 見備註7(d) / See Remark 7(d) • 見備註7(e) / See Remark 7(e) • 見備註7(f) / See Remark 7(f) • 見備註7(q) / See Remark 7(q) • 見備註7(r) / See Remark 7(r),
2024-03-19,2024-03-26,2025-06-30,第1座(1B) TOWER 1 (1B),6,B,,6518000,,價單第4J號 / Price List No. 4J • 見備註7(c)(xi) / See Remark 7(c)(xi) • 見備註7(d) / See Remark 7(d) • 見備註7(e) / See Remark 7(e) • 見備註7(f) / See Remark 7(f) • 見備註7(j) / See Remark 7(j) • 見備註7(q) / See Remark 7(q) • 見備註7(r) / See Remark 7(r),
2024-03-20,2024-03-27,,第2座(2B) TOWER 2 (2B),35,B,,9353000,,價單第6G號 / Price List No. 6G • 見備註7(c)(xi) / See Remark 7(c)(xi) • 見備註7(d) / See remark 7(d) • 見備註7(e) / See remark 7(e) • 見備註7(f) / See remark 7(f) • 見備註7(q) / See Remark 7(q) • 見備註7(r) / See Remark 7(r),
2024-03-22,2024-04-02,,第1座(1B) TOWER 1 (1B),7,B,,6518000,,價單第4J號 / Price List No. 4J • 見備註7(c)(xi) / See Remark 7(c)(xi) • 見備註7(d) / See Remark 7(d) • 見備註7(e) / See Remark 7(e) • 見備註7(f) / See Remark 7(f) • 見備註7(j) / See Remark 7(j) • 見備註7(q) / See Remark 7(q) • 見備註7(r) / See Remark 7(r),
2024-03-23,2024-04-02,,第2座(2B) TOWER 2 (2B),32,B,,9318000,,價單第6G號 / Price List No. 6G • 見備註7(c)(xi) / See Remark 7(c)(xi) • 見備註7(d) / See remark 7(d) • 見備註7(e) / See remark 7(e) • 見備註7(f) / See remark 7(f) • 見備註7(q) / See Remark 7(q) • 見備註7(r) / See Remark 7(r),
2024-03-24,2024-04-02,,第1座(1B) TOWER 1 (1B),12,B,,6542000,,價單第6G號 / Price List No. 6G • 見備註7(c)(xi) / See Remark 7(c)(xi) • 見備註7(d) / See remark 7(d) • 見備註7(e) / See remark 7(e) • 見備註7(f) / See remark 7(f) • 見備註7(j) / See remark 7(j) • 見備註7(q) / See Remark 7(q) • 見備註7(r) / See Remark 7(r),
2024-03-24,2024-04-02,,第2座(2A) TOWER 2 (2A),39,C,,22786000,,價單第5H號 / Price List No. 5H • 見備註7(c)(xi) / See Remark 7(c)(xi) • 見備註7(d) / See Remark 7(d) • 見備註7(e) / See Remark 7(e) • 見備註7(f) / See Remark 7(f) • 見備註7(q) / See Remark 7(q) • 見備註7(r) / See Remark 7(r),
2024-03-25,2024-04-03,,第1座(1B) TOWER 1 (1B),37,A,R38,32000000,,見備註 8(c)(v) / See Remark 8(c)(v),
2024-03-25,2024-04-03,,第1座(1B) TOWER 1 (1B),22,B,,6617000,,價單第6G號 / Price List No. 6G • 見備註7(c)(xi) / See Remark 7(c)(xi) • 見備註7(d) / See remark 7(d) • 見備註7(e) / See remark 7(e) • 見備註7(f) / See remark 7(f) • 見備註7(j) / See remark 7(j) • 見備註7(q) / See Remark 7(q) • 見備註7(r) / See Remark 7(r),
2024-03-26,2024-04-05,,第1座(1A) TOWER 1 (1A),7,J,,9262000,,價單第3E號 / Price List No. 3E • 見備註7(c)(xi) / See Remark 7(c)(xi) • 見備註7(d) / See Remark 7(d) • 見備註7(e) / See Remark 7(e) • 見備註7(f) / See Remark 7(f) • 見備註7(q) / See Remark 7(q) • 見備註7(r) / See Remark 7(r),
2024-03-26,2024-04-05,,第1座(1B) TOWER 1 (1B),10,B,,6532000,,價單第4J號 / Price List No. 4J • 見備註7(c)(xi) / See Remark 7(c)(xi) • 見備註7(d) / See Remark 7(d) • 見備註7(e) / See Remark 7(e) • 見備註7(f) / See Remark 7(f) • 見備註7(j) / See Remark 7(j) • 見備註7(q) / See Remark 7(q) • 見備註7(r) / See Remark 7(r),
2024-03-26,2024-04-05,,第2座(2A) TOWER 2 (2A),9,A,,21625000,,價單第3E號 / Price List No. 3E • 見備註7(c)(xi) / See Remark 7(c)(xi) • 見備註7(d) / See Remark 7(d) • 見備註7(e) / See Remark 7(e) • 見備註7(f) / See Remark 7(f) • 見備註7(o) / See Remark 7(o) • 見備註7(r) / See Remark 7(r),
2024-03-27,2024-04-08,,第2座(2A) TOWER 2 (2A),38,D,,16848000,,價單第3E號 / Price List No. 3E • 見備註7(c)(xi) / See Remark 7(c)(xi) • 見備註7(d) / See Remark 7(d) • 見備註7(e) / See Remark 7(e) • 見備註7(f) / See Remark 7(f) • 見備註7(q) / See Remark 7(q) • 見備註7(r) / See Remark 7(r),
2024-03-31,2024-04-09,,第2座(2A) TOWER 2 (2A),19,D,,15956000,,價單第4J號 / Price List No. 4J • 見備註7(c)(xi) / See Remark 7(c)(xi) • 見備註7(d) / See Remark 7(d) • 見備註7(e) / See Remark 7(e) • 見備註7(f) / See Remark 7(f) • 見備註7(q) / See Remark 7(q) • 見備註7(r) / See Remark 7(r),
2024-04-08,2024-04-15,,第2座(2B) TOWER 2 (2B),39,C,,33751200,,見備註 8(c)(viii) / See Remark 8(c)(viii),
2024-04-10,2024-04-17,,第1座(1A) TOWER 1 (1A),23 & 25,B,R15,43652000,,見備註 8(c)(v) / See Remark 8(c)(v),
2024-04-10,2024-04-16,,第2座(2B) TOWER 2 (2B),26,B,,9222000,,價單第5H號 / Price List No. 5H • 見備註7(c)(xi) / See Remark 7(c)(xi) • 見備註7(d) / See Remark 7(d) • 見備註7(e) / See Remark 7(e) • 見備註7(f) / See Remark 7(f) • 見備註7(q) / See Remark 7(q) • 見備註7(r) / See Remark 7(r),
2024-04-11,2024-04-18,,第1座(1B) TOWER 1 (1B),39,B,,6815000,,價單第6G號 / Price List No. 6G • 見備註7(c)(xi) / See Remark 7(c)(xi) • 見備註7(d) / See remark 7(d) • 見備註7(e) / See remark 7(e) • 見備註7(f) / See remark 7(f) • 見備註7(j) / See remark 7(j) • 見備註7(q) / See Remark 7(q) • 見備註7(r) / See Remark 7(r),
2024-04-12,2024-04-19,,第2座(2B) TOWER 2 (2B),21,B,,9113000,,價單第5H號 / Price List No. 5H • 見備註7(c)(xi) / See Remark 7(c)(xi) • 見備註7(d) / See Remark 7(d) • 見備註7(e) / See Remark 7(e) • 見備註7(f) / See Remark 7(f) • 見備註7(q) / See Remark 7(q) • 見備註7(r) / See Remark 7(r),
2024-04-17,2024-04-24,,第1座(1B) TOWER 1 (1B),18,B,,6574000,,價單第6G號 / Price List No. 6G • 見備註7(c)(xi) / See Remark 7(c)(xi) • 見備註7(d) / See remark 7(d) • 見備註7(e) / See remark 7(e) • 見備註7(f) / See remark 7(f) • 見備註7(j) / See remark 7(j) • 見備註7(q) / See Remark 7(q) • 見備註7(r) / See Remark 7(r),
2024-04-21,2024-04-26,,第2座(2A) TOWER 2 (2A),20,D,,16005000,,價單第4J號 / Price List No. 4J • 見備註7(c)(xi) / See Remark 7(c)(xi) • 見備註7(d) / See Remark 7(d) • 見備註7(e) / See Remark 7(e) • 見備註7(f) / See Remark 7(f) • 見備註7(q) / See Remark 7(q) • 見備註7(r) / See Remark 7(r),
2024-04-23,2024-04-30,,第1座(1B) TOWER 1 (1B),9,B,,6532000,,價單第4J號 / Price List No. 4J • 見備註7(c)(xi) / See Remark 7(c)(xi) • 見備註7(d) / See Remark 7(d) • 見備註7(e) / See Remark 7(e) • 見備註7(f) / See Remark 7(f) • 見備註7(j) / See Remark 7(j) • 見備註7(q) / See Remark 7(q) • 見備註7(r) / See Remark 7(r),
2024-04-24,2024-05-02,,第2座(2B) TOWER 2 (2B),23,B,,9168000,,價單第5H號 / Price List No. 5H • 見備註7(c)(xi) / See Remark 7(c)(xi) • 見備註7(d) / See Remark 7(d) • 見備註7(e) / See Remark 7(e) • 見備註7(f) / See Remark 7(f) • 見備註7(q) / See Remark 7(q) • 見備註7(r) / See Remark 7(r),
2024-05-03,2024-05-10,,第2座(2B) TOWER 2 (2B),27,B,,9250000,,價單第5H號 / Price List No. 5H • 見備註7(c)(xi) / See Remark 7(c)(xi) • 見備註7(d) / See Remark 7(d) • 見備註7(e) / See Remark 7(e) • 見備註7(f) / See Remark 7(f) • 見備註7(q) / See Remark 7(q) • 見備註7(r) / See Remark 7(r),
2024-05-15,2024-05-22,2025-05-02,第2座(2A) TOWER 2 (2A),23,F,,21644000,,價單第1E號 / Price List No. 1E • 見備註7(c)(xi) / See Remark 7(c)(xi) • 見備註7(d) / See Remark 7(d) • 見備註7(e) / See Remark 7(e) • 見備註7(f) / See Remark 7(f) • 見備註7(r) / See Remark 7(r),
2024-05-15,2024-05-22,,第2座(2A) TOWER 2 (2A),33,G,,9398000,,價單第5I號 / Price List No. 5I • 見備註7(c)(xi) / See Remark 7(c)(xi) • 見備註7(d) / See Remark 7(d) • 見備註7(e) / See Remark 7(e) • 見備註7(f) / See Remark 7(f) • 見備註7(q) / See Remark 7(q) • 見備註7(r) / See Remark 7(r) • 見備註7(s) / See Remark 7(s),
2024-05-19,2024-05-24,,第2座(2A) TOWER 2 (2A),9,G,,8826000,,價單第4K號 / Price List No. 4K • 見備註7(c)(xi) / See Remark 7(c)(xi) • 見備註7(d) / See Remark 7(d) • 見備註7(e) / See Remark 7(e) • 見備註7(f) / See Remark 7(f) • 見備註7(q) / See Remark 7(q) • 見備註7(r) / See Remark 7(r) • 見備註7(s) / See Remark 7(s),
2024-05-24,2024-05-31,,第2座(2A) TOWER 2 (2A),26,D,,16257000,,價單第4K號 / Price List No. 4K • 見備註7(c)(xi) / See Remark 7(c)(xi) • 見備註7(d) / See Remark 7(d) • 見備註7(e) / See Remark 7(e) • 見備註7(f) / See Remark 7(f) • 見備註7(q) / See Remark 7(q) • 見備註7(r) / See Remark 7(r),
2024-05-25,2024-05-31,,第2座(2B) TOWER 2 (2B),31,B,,9314000,,價單第6H號 / Price List No. 6H • 見備註7(c)(xi) / See Remark 7(c)(xi) • 見備註7(d) / See remark 7(d) • 見備註7(e) / See remark 7(e) • 見備註7(f) / See remark 7(f) • 見備註7(q) / See Remark 7(q) • 見備註7(r) / See Remark 7(r) • 見備註7(s) / See Remark 7(s),
2024-06-13,2024-06-20,,第2座(2A) TOWER 2 (2A),38,G,,9578000,,價單第5I號 / Price List No. 5I • 見備註7(c)(xi) / See Remark 7(c)(xi) • 見備註7(d) / See Remark 7(d) • 見備註7(e) / See Remark 7(e) • 見備註7(f) / See Remark 7(f) • 見備註7(q) / See Remark 7(q) • 見備註7(r) / See Remark 7(r) • 見備註7(s) / See Remark 7(s),
2024-07-14,2024-07-19,,第2座(2B) TOWER 2 (2B),37,B,,9409000,,價單第6H號 / Price List No. 6H • 見備註7(c)(xi) / See Remark 7(c)(xi) • 見備註7(d) / See remark 7(d) • 見備註7(e) / See remark 7(e) • 見備註7(f) / See remark 7(f) • 見備註7(q) / See Remark 7(q) • 見備註7(r) / See Remark 7(r) • 見備註7(s) / See Remark 7(s),
2024-07-31,2024-08-07,,第2座(2B) TOWER 2 (2B),36,C,,18562000,,價單第4L號 / Price List No. 4L • 見備註7(c)(xii) / See Remark 7(c)(xii) • 見備註7(d) / See Remark 7(d) • 見備註7(e) / See Remark 7(e) • 見備註7(f) / See Remark 7(f) • 見備註7(q) / See Remark 7(q) • 見備註7(u) / See Remark 7(u),
2024-08-16,2024-08-23,,第2座(2A) TOWER 2 (2A),39,D,,24722222,,見備註 8(c)(x) / See Remark 8(c)(x) 見備註 8(i) / See Remark 8(i),
2024-08-30,2024-09-05,,第2座(2A) TOWER 2 (2A),18,F,,18084000,,價單第1F號 / Price List No. 1F • 見備註7(c)(xi) / See Remark 7(c)(xi) • 見備註7(d) / See Remark 7(d) • 見備註7(e) / See Remark 7(e) • 見備註7(f) / See Remark 7(f) • 見備註7(q) / See Remark 7(q) • 見備註7(r) / See Remark 7(r),
2024-09-05,2024-09-12,,第2座(2A) TOWER 2 (2A),32,F,,19207000,,價單第2D號 / Price List No. 2D • 見備註7(c)(xi) / See Remark 7(c)(xi) • 見備註7(d) / See Remark 7(d) • 見備註7(e) / See Remark 7(e) • 見備註7(f) / See Remark 7(f) • 見備註7(p) / See Remark 7(p) • 見備註7(r) / See Remark 7(r),
2024-09-09,2024-09-16,,第1座(1A) TOWER 1 (1A),30,F,,39924000,,見備註 8(c)(x) / See Remark 8(c)(x) 見備註 8(i) / See Remark 8(i),
2024-09-27,2024-10-07,,第1座(1A) TOWER 1 (1A),26,F,,36636000,,見備註 8(c)(x) / See Remark 8(c)(x) 見備註 8(i) / See Remark 8(i),
2024-09-27,2024-10-07,,第2座(2A) TOWER 2 (2A),31,G,,9342000,,價單第5I號 / Price List No. 5I • 見備註7(c)(xi) / See Remark 7(c)(xi) • 見備註7(d) / See Remark 7(d) • 見備註7(e) / See Remark 7(e) • 見備註7(f) / See Remark 7(f) • 見備註7(q) / See Remark 7(q) • 見備註7(r) / See Remark 7(r) • 見備註7(s) / See Remark 7(s),
2024-10-14,2024-10-21,,第1座(1A) TOWER 1 (1A),40,F,,42600000,,見備註 8(c)(x) / See Remark 8(c)(x) 見備註 8(i) / See Remark 8(i),
2024-10-14,2024-10-21,,第1座(1A) TOWER 1 (1A),32,F,"R28, R99",48197000,,見備註 8(c)(x) / See Remark 8(c)(x) 見備註 8(i) / See Remark 8(i),
2024-10-16,2024-10-23,,第1座(1A) TOWER 1 (1A),39 & 40,C,,42780000,,見備註 8(c)(x) / See Remark 8(c)(x) 見備註 8(i) / See Remark 8(i),
2024-10-16,2024-10-23,,第1座(1A) TOWER 1 (1A),36,F,,41550000,,見備註 8(c)(x) / See Remark 8(c)(x) 見備註 8(i) / See Remark 8(i),
2024-10-16,2024-10-23,,第2座(2A) TOWER 2 (2A),5,G,,8720000,,價單第4L號 / Price List No. 4L • 見備註7(c)(xi) / See Remark 7(c)(xi) • 見備註7(d) / See Remark 7(d) • 見備註7(e) / See Remark 7(e) • 見備註7(f) / See Remark 7(f) • 見備註7(q) / See Remark 7(q) • 見備註7(r) / See Remark 7(r) • 見備註7(s) / See Remark 7(s),
2024-10-17,2024-10-24,,第2座(2B) TOWER 2 (2B),33,B,,9526000,,價單第6H號 / Price List No. 6H • 見備註7(c)(xi) / See Remark 7(c)(xi) • 見備註7(d) / See remark 7(d) • 見備註7(e) / See remark 7(e) • 見備註7(f) / See remark 7(f) • 見備註7(q) / See Remark 7(q) • 見備註7(r) / See Remark 7(r) • 見備註7(t) / See Remark 7(t),
2024-10-18,2024-10-25,,第1座(1A) TOWER 1 (1A),26 & 27,C,,39983000,,見備註 8(c)(x) / See Remark 8(c)(x) 見備註 8(i) / See Remark 8(i),
2024-10-18,2024-10-25,,第1座(1A) TOWER 1 (1A),31,F,,40489000,,見備註 8(c)(x) / See Remark 8(c)(x) 見備註 8(i) / See Remark 8(i),
2024-10-20,2024-10-25,,第1座(1B) TOWER 1 (1B),35,B,,6757000,,價單第4L號 / Price List No. 4L • 見備註7(c)(xi) / See Remark 7(c)(xi) • 見備註7(d) / See Remark 7(d) • 見備註7(e) / See Remark 7(e) • 見備註7(f) / See Remark 7(f) • 見備註7(j) / See Remark 7(j) • 見備註7(q) / See Remark 7(q) • 見備註7(r) / See Remark 7(r) • 見備註7(s) / See Remark 7(s),
2024-10-21,2024-10-28,,第1座(1A) TOWER 1 (1A),25,F,,36230000,,見備註 8(c)(x) / See Remark 8(c)(x) 見備註 8(i) / See Remark 8(i),
2024-10-23,2024-10-28,,第1座(1A) TOWER 1 (1A),23,F,,35999000,,見備註 8(c)(x) / See Remark 8(c)(x) 見備註 8(i) / See Remark 8(i),
2024-10-26,2024-11-01,,第1座(1B) TOWER 1 (1B),42,B,,7400000,,價單第6H號 / Price List No. 6H • 見備註7(c)(xi) / See Remark 7(c)(xi) • 見備註7(d) / See remark 7(d) • 見備註7(e) / See remark 7(e) • 見備註7(f) / See remark 7(f) • 見備註7(j) / See remark 7(j) • 見備註7(q) / See Remark 7(q) • 見備註7(r) / See Remark 7(r) • 見備註7(s) / See Remark 7(s),
2024-10-28,2024-11-04,,第1座(1A) TOWER 1 (1A),8,D,,9404000,,價單第1F號 / Price List No. 1F • 見備註7(c)(xi) / See Remark 7(c)(xi) • 見備註7(d) / See Remark 7(d) • 見備註7(e) / See Remark 7(e) • 見備註7(f) / See Remark 7(f) • 見備註7(q) / See Remark 7(q) • 見備註7(r) / See Remark 7(r) • 見備註7(s) / See Remark 7(s),
2024-11-16,2024-11-22,,第1座(1B) TOWER 1 (1B),20,B,,6585000,,價單第6I號 / Price List No. 6I • 見備註7(c)(xi) / See Remark 7(c)(xi) • 見備註7(d) / See remark 7(d) • 見備註7(e) / See remark 7(e) • 見備註7(f) / See remark 7(f) • 見備註7(j) / See remark 7(j) • 見備註7(q) / See Remark 7(q) • 見備註7(r) / See Remark 7(r) • 見備註7(v) / See Remark 7(v),
2024-11-19,2024-11-26,,第2座(2A) TOWER 2 (2A),23,H,,12892000,,價單第4M號 / Price List No. 4M • 見備註7(c)(xi) / See Remark 7(c)(xi) • 見備註7(d) / See Remark 7(d) • 見備註7(e) / See Remark 7(e) • 見備註7(f) / See Remark 7(f) • 見備註7(q) / See Remark 7(q) • 見備註7(r) / See Remark 7(r),
2024-11-20,2024-11-25,,第1座(1B) TOWER 1 (1B),36,B,,6770000,,價單第4M號 / Price List No. 4M • 見備註7(c)(xi) / See Remark 7(c)(xi) • 見備註7(d) / See Remark 7(d) • 見備註7(e) / See Remark 7(e) • 見備註7(f) / See Remark 7(f) • 見備註7(j) / See Remark 7(j) • 見備註7(q) / See Remark 7(q) • 見備註7(r) / See Remark 7(r) • 見備註7(v) / See Remark 7(v),
2024-11-22,2024-11-29,,第1座(1B) TOWER 1 (1B),19,B,,6574000,,價單第6I號 / Price List No. 6I • 見備註7(c)(xi) / See Remark 7(c)(xi) • 見備註7(d) / See remark 7(d) • 見備註7(e) / See remark 7(e) • 見備註7(f) / See remark 7(f) • 見備註7(j) / See remark 7(j) • 見備註7(q) / See Remark 7(q) • 見備註7(r) / See Remark 7(r) • 見備註7(v) / See Remark 7(v),
2024-11-26,2024-12-03,,第1座(1B) TOWER 1 (1B),15,B,,6551000,,價單第6I號 / Price List No. 6I • 見備註7(c)(xi) / See Remark 7(c)(xi) • 見備註7(d) / See remark 7(d) • 見備註7(e) / See remark 7(e) • 見備註7(f) / See remark 7(f) • 見備註7(j) / See remark 7(j) • 見備註7(q) / See Remark 7(q) • 見備註7(r) / See Remark 7(r) • 見備註7(v) / See Remark 7(v),
2024-12-06,2024-12-11,,第2座(2B) TOWER 2 (2B),12,A,,24000000,,見備註 8(c)(v) / See Remark 8(c)(v),
2024-12-16,2024-12-23,,第1座(1B) TOWER 1 (1B),21,B,,6603000,,價單第6I號 / Price List No. 6I • 見備註7(c)(xi) / See Remark 7(c)(xi) • 見備註7(d) / See remark 7(d) • 見備註7(e) / See remark 7(e) • 見備註7(f) / See remark 7(f) • 見備註7(j) / See remark 7(j) • 見備註7(q) / See Remark 7(q) • 見備註7(r) / See Remark 7(r) • 見備註7(v) / See Remark 7(v),
2024-12-16,2024-12-23,,第2座(2A) TOWER 2 (2A),32,G,,9371000,,價單第5J號 / Price List No. 5J • 見備註7(c)(xi) / See Remark 7(c)(xi) • 見備註7(d) / See Remark 7(d) • 見備註7(e) / See Remark 7(e) • 見備註7(f) / See Remark 7(f) • 見備註7(q) / See Remark 7(q) • 見備註7(r) / See Remark 7(r) • 見備註7(v) / See Remark 7(v),
2024-12-16,2024-12-23,,第2座(2A) TOWER 2 (2A),30,G,,9314000,,價單第5J號 / Price List No. 5J • 見備註7(c)(xi) / See Remark 7(c)(xi) • 見備註7(d) / See Remark 7(d) • 見備註7(e) / See Remark 7(e) • 見備註7(f) / See Remark 7(f) • 見備註7(q) / See Remark 7(q) • 見備註7(r) / See Remark 7(r) • 見備註7(v) / See Remark 7(v),
2024-12-18,2024-12-27,,第1座(1A) TOWER 1 (1A),32 & 33,C,,41327000,,見備註 8(c)(x) / See Remark 8(c)(x) 見備註 8(i) / See Remark 8(i),
2024-12-18,2024-12-27,,第2座(2A) TOWER 2 (2A),37,G,,9483000,,價單第5J號 / Price List No. 5J • 見備註7(c)(xi) / See Remark 7(c)(xi) • 見備註7(d) / See Remark 7(d) • 見備註7(e) / See Remark 7(e) • 見備註7(f) / See Remark 7(f) • 見備註7(q) / See Remark 7(q) • 見備註7(r) / See Remark 7(r) • 見備註7(v) / See Remark 7(v),
2024-12-20,2024-12-31,,第1座(1A) TOWER 1 (1A),30 & 31,C,,40756000,,見備註 8(c)(x) / See Remark 8(c)(x) 見備註 8(i) / See Remark 8(i),
2024-12-23,2025-01-02,,第2座(2B) TOWER 2 (2B),40,C,,35671000,,見備註 8(c)(x) / See Remark 8(c)(x) 見備註 8(i) / See Remark 8(i),
2024-12-27,2025-01-06,,第2座(2A) TOWER 2 (2A),35,G,,9427000,,價單第5J號 / Price List No. 5J • 見備註7(c)(xi) / See Remark 7(c)(xi) • 見備註7(d) / See Remark 7(d) • 見備註7(e) / See Remark 7(e) • 見備註7(f) / See Remark 7(f) • 見備註7(q) / See Remark 7(q) • 見備註7(r) / See Remark 7(r) • 見備註7(v) / See Remark 7(v),
2025-01-02,2025-01-09,,第1座(1B) TOWER 1 (1B),37,B,,6941000,,價單第4M號 / Price List No. 4M • 見備註7(c)(xi) / See Remark 7(c)(xi) • 見備註7(d) / See Remark 7(d) • 見備註7(e) / See Remark 7(e) • 見備註7(f) / See Remark 7(f) • 見備註7(j) / See Remark 7(j) • 見備註7(q) / See Remark 7(q) • 見備註7(r) / See Remark 7(r) • 見備註7(t) / See Remark 7(t),
2025-01-02,2025-01-09,,第1座(1B) TOWER 1 (1B),28,B,,6690000,,價單第4M號 / Price List No. 4M • 見備註7(c)(xi) / See Remark 7(c)(xi) • 見備註7(d) / See Remark 7(d) • 見備註7(e) / See Remark 7(e) • 見備註7(f) / See Remark 7(f) • 見備註7(j) / See Remark 7(j) • 見備註7(q) / See Remark 7(q) • 見備註7(r) / See Remark 7(r) • 見備註7(v) / See Remark 7(v),
2025-01-02,2025-01-09,,第1座(1B) TOWER 1 (1B),23,B,,6624000,,價單第4M號 / Price List No. 4M • 見備註7(c)(xi) / See Remark 7(c)(xi) • 見備註7(d) / See Remark 7(d) • 見備註7(e) / See Remark 7(e) • 見備註7(f) / See Remark 7(f) • 見備註7(j) / See Remark 7(j) • 見備註7(q) / See Remark 7(q) • 見備註7(r) / See Remark 7(r) • 見備註7(v) / See Remark 7(v),
2025-02-17,2025-02-24,,第1座(1A) TOWER 1 (1A),35 & 36,C,,43354000,,見備註 8(c)(x) / See Remark 8(c)(x) 見備註 8(f) / See Remark 8(f) 見備註 8(i) / See Remark 8(i),
2025-02-19,2025-02-26,,第1座(1A) TOWER 1 (1A),37 & 38,C,,42200000,,見備註 8(c)(x) / See Remark 8(c)(x) 見備註 8(i) / See Remark 8(i),
2025-02-20,2025-02-27,,第2座(2A) TOWER 2 (2A),23,G,,9149000,,價單第5J號 / Price List No. 5J • 見備註7(c)(xi) / See Remark 7(c)(xi) • 見備註7(d) / See Remark 7(d) • 見備註7(e) / See Remark 7(e) • 見備註7(f) / See Remark 7(f) • 見備註7(q) / See Remark 7(q) • 見備註7(r) / See Remark 7(r) • 見備註7(v) / See Remark 7(v),
2025-02-27,2025-03-06,,第1座(1B) TOWER 1 (1B),27,B,,6664000,,價單第4M號 / Price List No. 4M • 見備註7(c)(xi) / See Remark 7(c)(xi) • 見備註7(d) / See Remark 7(d) • 見備註7(e) / See Remark 7(e) • 見備註7(f) / See Remark 7(f) • 見備註7(j) / See Remark 7(j) • 見備註7(q) / See Remark 7(q) • 見備註7(r) / See Remark 7(r) • 見備註7(v) / See Remark 7(v),
2025-03-12,2025-03-19,,第1座(1B) TOWER 1 (1B),26,B,,6650000,,價單第4M號 / Price List No. 4M • 見備註7(c)(xi) / See Remark 7(c)(xi) • 見備註7(d) / See Remark 7(d) • 見備註7(e) / See Remark 7(e) • 見備註7(f) / See Remark 7(f) • 見備註7(j) / See Remark 7(j) • 見備註7(q) / See Remark 7(q) • 見備註7(r) / See Remark 7(r) • 見備註7(v) / See Remark 7(v),
2025-03-24,2025-03-31,,第2座(2A) TOWER 2 (2A),25,G,,9176000,,價單第5J號 / Price List No. 5J • 見備註7(c)(xi) / See Remark 7(c)(xi) • 見備註7(d) / See Remark 7(d) • 見備註7(e) / See Remark 7(e) • 見備註7(f) / See Remark 7(f) • 見備註7(q) / See Remark 7(q) • 見備註7(r) / See Remark 7(r) • 見備註7(v) / See Remark 7(v),
2025-04-07,2025-04-14,,第1座(1A) TOWER 1 (1A),28 & 29,C,,40388000,,見備註 8(c)(x) / See Remark 8(c)(x) 見備註 8(i) / See Remark 8(i),
2025-04-16,2025-04-25,,第2座(2B) TOWER 2 (2B),41,C,R33A,40141000,,見備註 8(c)(x) / See Remark 8(c)(x) 見備註 8(i) / See Remark 8(i),
2025-05-05,2025-05-12,,第2座(2A) TOWER 2 (2A),26,G,,9204000,,價單第5J號 / Price List No. 5J • 見備註7(c)(xi) / See Remark 7(c)(xi) • 見備註7(d) / See Remark 7(d) • 見備註7(e) / See Remark 7(e) • 見備註7(f) / See Remark 7(f) • 見備註7(q) / See Remark 7(q) • 見備註7(r) / See Remark 7(r) • 見備註7(v) / See Remark 7(v),
2025-05-19,2025-05-26,,第2座(2A) TOWER 2 (2A),41,A,,39600000,,見備註 8(c)(x) / See Remark 8(c)(x) 見備註 8(i) / See Remark 8(i),
2025-06-01,2025-06-06,,第1座(1B) TOWER 1 (1B),32,B,,6730000,,價單第4M號 / Price List No. 4M • 見備註7(c)(xi) / See Remark 7(c)(xi) • 見備註7(d) / See Remark 7(d) • 見備註7(e) / See Remark 7(e) • 見備註7(f) / See Remark 7(f) • 見備註7(j) / See Remark 7(j) • 見備註7(q) / See Remark 7(q) • 見備註7(r) / See Remark 7(r) • 見備註7(v) / See Remark 7(v),
2025-06-02,2025-06-09,,第2座(2B) TOWER 2 (2B),40,A,,43400000,,見備註 8(c)(x) / See Remark 8(c)(x) 見備註 8(i) / See Remark 8(i),
2025-06-10,2025-06-17,,第2座(2A) TOWER 2 (2A),33,D,,16581000,,價單第3E號 / Price List No. 3E • 見備註7(c)(xi) / See Remark 7(c)(xi) • 見備註7(d) / See Remark 7(d) • 見備註7(e) / See Remark 7(e) • 見備註7(f) / See Remark 7(f) • 見備註7(q) / See Remark 7(q) • 見備註7(r) / See Remark 7(r),
2025-06-27,2025-07-07,,第2座(2A) TOWER 2 (2A),28,G,,9287000,,價單第5J號 / Price List No. 5J • 見備註7(c)(xi) / See Remark 7(c)(xi) • 見備註7(d) / See Remark 7(d) • 見備註7(e) / See Remark 7(e) • 見備註7(f) / See Remark 7(f) • 見備註7(q) / See Remark 7(q) • 見備註7(r) / See Remark 7(r) • 見備註7(v) / See Remark 7(v),
2025-06-30,2025-07-08,,第2座(2A) TOWER 2 (2A),36,G,,9455000,,價單第5J號 / Price List No. 5J • 見備註7(c)(xi) / See Remark 7(c)(xi) • 見備註7(d) / See Remark 7(d) • 見備註7(e) / See Remark 7(e) • 見備註7(f) / See Remark 7(f) • 見備註7(q) / See Remark 7(q) • 見備註7(r) / See Remark 7(r) • 見備註7(v) / See Remark 7(v),
2025-07-12,2025-07-18,,第1座(1B) TOWER 1 (1B),30,B,,6703000,,價單第4M號 / Price List No. 4M • 見備註7(c)(xi) / See Remark 7(c)(xi) • 見備註7(d) / See Remark 7(d) • 見備註7(e) / See Remark 7(e) • 見備註7(f) / See Remark 7(f) • 見備註7(j) / See Remark 7(j) • 見備註7(q) / See Remark 7(q) • 見備註7(r) / See Remark 7(r) • 見備註7(v) / See Remark 7(v),
2025-07-15,2025-07-22,,第2座(2A) TOWER 2 (2A),27,G,,9232000,,價單第5J號 / Price List No. 5J • 見備註7(c)(xi) / See Remark 7(c)(xi) • 見備註7(d) / See Remark 7(d) • 見備註7(e) / See Remark 7(e) • 見備註7(f) / See Remark 7(f) • 見備註7(q) / See Remark 7(q) • 見備註7(r) / See Remark 7(r) • 見備註7(v) / See Remark 7(v),
2025-07-16,2025-07-23,,第2座(2A) TOWER 2 (2A),22,G,,9121000,,價單第5J號 / Price List No. 5J • 見備註7(c)(xi) / See Remark 7(c)(xi) • 見備註7(d) / See Remark 7(d) • 見備註7(e) / See Remark 7(e) • 見備註7(f) / See Remark 7(f) • 見備註7(q) / See Remark 7(q) • 見備註7(r) / See Remark 7(r) • 見備註7(v) / See Remark 7(v),
2025-07-18,2025-07-25,,第2座(2A) TOWER 2 (2A),29,G,,9489000,,價單第5J號 / Price List No. 5J • 見備註7(c)(xi) / See Remark 7(c)(xi) • 見備註7(d) / See Remark 7(d) • 見備註7(e) / See Remark 7(e) • 見備註7(f) / See Remark 7(f) • 見備註7(q) / See Remark 7(q) • 見備註7(r) / See Remark 7(r) • 見備註7(t) / See Remark 7(t),
2025-08-03,2025-08-08,,第1座(1B) TOWER 1 (1B),31,B,,6716000,,價單第4M號 / Price List No. 4M • 見備註7(c)(xi) / See Remark 7(c)(xi) • 見備註7(d) / See Remark 7(d) • 見備註7(e) / See Remark 7(e) • 見備註7(f) / See Remark 7(f) • 見備註7(j) / See Remark 7(j) • 見備註7(q) / See Remark 7(q) • 見備註7(r) / See Remark 7(r) • 見備註7(v) / See Remark 7(v),
2025-08-09,2025-08-15,,第2座(2B) TOWER 2 (2B),28,B,,9306000,,價單第5J號 / Price List No. 5J • 見備註7(c)(xi) / See Remark 7(c)(xi) • 見備註7(d) / See Remark 7(d) • 見備註7(e) / See Remark 7(e) • 見備註7(f) / See Remark 7(f) • 見備註7(q) / See Remark 7(q) • 見備註7(r) / See Remark 7(r) • 見備註7(v) / See Remark 7(v),
2025-08-18,2025-08-22,,第1座(1B) TOWER 1 (1B),25,B,,6637000,,價單第4M號 / Price List No. 4M • 見備註7(c)(xi) / See Remark 7(c)(xi) • 見備註7(d) / See Remark 7(d) • 見備註7(e) / See Remark 7(e) • 見備註7(f) / See Remark 7(f) • 見備註7(j) / See Remark 7(j) • 見備註7(q) / See Remark 7(q) • 見備註7(r) / See Remark 7(r) • 見備註7(v) / See Remark 7(v),
2025-08-21,2025-08-28,,第1座(1B) TOWER 1 (1B),29,B,,6690000,,價單第4M號 / Price List No. 4M • 見備註7(c)(xi) / See Remark 7(c)(xi) • 見備註7(d) / See Remark 7(d) • 見備註7(e) / See Remark 7(e) • 見備註7(f) / See Remark 7(f) • 見備註7(j) / See Remark 7(j) • 見備註7(q) / See Remark 7(q) • 見備註7(r) / See Remark 7(r) • 見備註7(v) / See Remark 7(v),
2025-08-28,2025-09-04,,第2座(2B) TOWER 2 (2B),30,B,,9311000,,價單第6I號 / Price List No. 6I • 見備註7(c)(xi) / See Remark 7(c)(xi) • 見備註7(d) / See remark 7(d) • 見備註7(e) / See remark 7(e) • 見備註7(f) / See remark 7(f) • 見備註7(q) / See Remark 7(q) • 見備註7(r) / See Remark 7(r) • 見備註7(v) / See Remark 7(v),
2025-09-07,2025-09-12,,第1座(1B) TOWER 1 (1B),33,B,,6744000,,價單第4M號 / Price List No. 4M • 見備註7(c)(xi) / See Remark 7(c)(xi) • 見備註7(d) / See Remark 7(d) • 見備註7(e) / See Remark 7(e) • 見備註7(f) / See Remark 7(f) • 見備註7(j) / See Remark 7(j) • 見備註7(q) / See Remark 7(q) • 見備註7(r) / See Remark 7(r) • 見備註7(v) / See Remark 7(v),
2025-09-09,2025-09-16,,第1座(1B) TOWER 1 (1B),17,B,,6711000,,價單第6I號 / Price List No. 6I • 見備註7(c)(xi) / See Remark 7(c)(xi) • 見備註7(d) / See remark 7(d) • 見備註7(e) / See remark 7(e) • 見備註7(f) / See remark 7(f) • 見備註7(j) / See remark 7(j) • 見備註7(q) / See Remark 7(q) • 見備註7(r) / See Remark 7(r) • 見備註7(t) / See Remark 7(t),
2025-09-12,2025-09-19,,第1座(1B) TOWER 1 (1B),6,B,,6518000,,價單第4M號 / Price List No. 4M • 見備註7(c)(xi) / See Remark 7(c)(xi) • 見備註7(d) / See Remark 7(d) • 見備註7(e) / See Remark 7(e) • 見備註7(f) / See Remark 7(f) • 見備註7(j) / See Remark 7(j) • 見備註7(q) / See Remark 7(q) • 見備註7(r) / See Remark 7(r),
2025-10-11,2025-10-17,,第2座(2A) TOWER 2 (2A),29,H,,13159000,,價單第4M號 / Price List No. 4M • 見備註7(c)(xi) / See Remark 7(c)(xi) • 見備註7(d) / See Remark 7(d) • 見備註7(e) / See Remark 7(e) • 見備註7(f) / See Remark 7(f) • 見備註7(q) / See Remark 7(q) • 見備註7(r) / See Remark 7(r),
2025-10-27,2025-11-04,,第1座(1A) TOWER 1 (1A),17,D,,9575000,,價單第1G號 / Price List No. 1G • 見備註7(c)(xi) / See Remark 7(c)(xi) • 見備註7(d) / See Remark 7(d) • 見備註7(e) / See Remark 7(e) • 見備註7(f) / See Remark 7(f) • 見備註7(q) / See Remark 7(q) • 見備註7(r) / See Remark 7(r) • 見備註7(v) / See Remark 7(v),
2025-12-05,2025-12-12,,第1座(1A) TOWER 1 (1A),41 & 42,B,R13A,54063000,,見備註 8(c)(xi) / See Remark 8(c)(xi) 見備註 8(k) / See Remark 8(k) 見備註 8(l) / See Remark 8(l),
2025-12-10,2025-12-17,,第1座(1A) TOWER 1 (1A),39 & 40,B,,41631000,,見備註 8(c)(x) / See Remark 8(c)(x) 見備註 8(i) / See Remark 8(i),
2025-12-31,2026-01-08,,第2座(2B) TOWER 2 (2B),41,A,,43634000,,見備註 8(c)(x) / See Remark 8(c)(x) 見備註 8(i) / See Remark 8(i),
2026-01-29,2026-02-05,,第2座(2A) TOWER 2 (2A),23,F,,21644000,,價單第1G號 / Price List No. 1G • 見備註7(c)(xi) / See Remark 7(c)(xi) • 見備註7(d) / See Remark 7(d) • 見備註7(e) / See Remark 7(e) • 見備註7(f) / See Remark 7(f) • 見備註7(r) / See Remark 7(r),
2026-02-26,2026-03-04,,第1座(1A) TOWER 1 (1A),23 & 25,C,,39478000,,見備註 8(c)(x) / See Remark 8(c)(x) 見備註 8(i) / See Remark 8(i),
2026-02-27,2026-03-06,,第2座(2B) TOWER 2 (2B),42,B,,33508000,,見備註 8(c)(x) / See Remark 8(c)(x) 見備註 8(i) / See Remark 8(i),
2026-03-04,2026-03-11,,第1座(1A) TOWER 1 (1A),37 & 38,B,,42220000,,見備註 8(c)(x) / See Remark 8(c)(x) 見備註 8(i) / See Remark 8(i),
2026-03-10,2026-03-17,,第2座(2B) TOWER 2 (2B),40,B,,32747000,,見備註 8(c)(x) / See Remark 8(c)(x) 見備註 8(i) / See Remark 8(i),
2026-03-12,2026-03-19,,第2座(2B) TOWER 2 (2B),39,B,,32422000,,見備註 8(c)(x) / See Remark 8(c)(x) 見備註 8(i) / See Remark 8(i),
2026-03-25,2026-04-01,,第1座(1A) TOWER 1 (1A),28 & 29,B,,40913000,,見備註 8(c)(x) / See Remark 8(c)(x) 見備註 8(i) / See Remark 8(i),
2026-04-01,2026-04-10,,第1座(1A) TOWER 1 (1A),41 & 42,A,R16,110000000,,見備註 8(c)(ix) / See Remark 8(c)(ix),
2026-04-10,2026-04-17,,第1座(1A) TOWER 1 (1A),35 & 36,B,R105,45700000,,見備註 8(c)(x) / See Remark 8(c)(x) 見備註 8(i) / See Remark 8(i),
2026-04-11,2026-04-17,,第2座(2A) TOWER 2 (2A),42,B,,17949000,,價單第5L號 / Price List No. 5L • 見備註7(c)(xi) / See Remark 7(c)(xi) • 見備註7(d) / See Remark 7(d) • 見備註7(e) / See Remark 7(e) • 見備註7(f) / See Remark 7(f) • 見備註7(q) / See Remark 7(q) • 見備註7(r) / See Remark 7(r) • 見備註7(w) / See Remark 7(w),
2026-04-13,2026-04-20,,第1座(1A) TOWER 1 (1A),32 & 33,B,,41900000,,見備註 8(c)(x) / See Remark 8(c)(x) 見備註 8(i) / See Remark 8(i),
2026-04-13,2026-04-20,,第1座(1A) TOWER 1 (1A),30 & 31,B,,42780000,,見備註 8(c)(x) / See Remark 8(c)(x) 見備註 8(i) / See Remark 8(i) 見備註 8(j) / See Remark 8(j),
2026-04-27,2026-05-05,,第2座(2A) TOWER 2 (2A),42,A,R107,48737000,,見備註 8(c)(xi) / See Remark 8(c)(xi) 見備註 8(k) / See Remark 8(k),
2026-05-11,2026-05-18,,第2座(2B) TOWER 2 (2B),42,C,R93,47000000,,見備註 8(c)(xi) / See Remark 8(c)(xi) 見備註 8(k) / See Remark 8(k),
2026-06-10,2026-06-17,,第1座(1A) TOWER 1 (1A),41 & 42,C,R27,55000000,,見備註 8(c)(xi) / See Remark 8(c)(xi) 見備註 8(k) / See Remark 8(k),
