pasp,asp,terminated,block,floor,unit,carpark,price,revision,terms,related
2021-12-11,2021-12-22,,皓日 THE APERTURE,16,E,,7544000,,"(a) 價單第1號支付條款(C項): 建築期付款計劃 (照售價) (a) Terms of Payment (item C) of Price List No.1: Stage Payment Plan (In accordance to the Price) (b) 員工置業折扣: 在簽署臨時買賣合約當日，如買方(或構成買方之任何人士)屬「合資格人士」，並且(i) 購買「指定住宅物業」; 及 (ii) 沒有委任地產代理就購入住宅物業代其行事，可獲3%售價折扣優惠。 (b) Staff Purchase Discount: If the purchaser(s) (or any person comprising the purchaser(s)) is/are “Eligible Person” on the date of signing of the preliminary agreement for sale and purchase, provided that the purchaser(s) (i) purchased “Designated Residential Properties”; and (ii) did not appoint any estate agent to act for him/her in the purchase of the residential property, a 3% discount on the Price would be offered. 見備註/See remarks 7",
2021-12-11,2021-12-22,,皓日 THE APERTURE,25,E,,7393000,,"(a) 價單第1號支付條款(A項): 120天現金優惠付款計劃 (照售價減4%) (a) Terms of Payment (item A) of Price List No.1: 120-day Cash Payment Plan (4% discount from the Price) (b) 員工置業折扣: 在簽署臨時買賣合約當日，如買方(或構成買方之任何人士)屬「合資格人士」，並且(i) 購買「指定住宅物業」; 及 (ii) 沒有委任地產代理就購入住宅物業代其行事，可獲3%售價折扣優惠。 (b) Staff Purchase Discount: If the purchaser(s) (or any person comprising the purchaser(s)) is/are “Eligible Person” on the date of signing of the preliminary agreement for sale and purchase, provided that the purchaser(s) (a) purchased “Designated Residential Properties”; and (b) did not appoint any estate agent to act for him/her in the purchase of the residential property, a 3% discount on the Price would be offered. 見備註/See remarks 7",
2021-12-11,2021-12-22,,皓日 THE APERTURE,18,H,,7498000,,(a) 價單第1號支付條款(C項): 建築期付款計劃 (照售價) (a) Terms of Payment (item C) of Price List No.1: Stage Payment Plan (In accordance to the Price) 見備註/See remarks 7,
2021-12-11,2021-12-22,2024-09-24,皓日 THE APERTURE,6,H,,7307000,,(a) 價單第1號支付條款(C項): 建築期付款計劃 (照售價) (a) Terms of Payment (item C) of Price List No.1: Stage Payment Plan (In accordance to the Price) 見備註/See remarks 7,
2021-12-11,2021-12-22,,皓日 THE APERTURE,8,J,,7447000,,(a) 價單第1號支付條款(C項): 建築期付款計劃 (照售價) (a) Terms of Payment (item C) of Price List No.1: Stage Payment Plan (In accordance to the Price) 見備註/See remarks 7,
2021-12-11,2021-12-22,,皓日 THE APERTURE,12,H,,7447000,,(a) 價單第1號支付條款(C項): 建築期付款計劃 (照售價) (a) Terms of Payment (item C) of Price List No.1: Stage Payment Plan (In accordance to the Price) 見備註/See remarks 7,
2021-12-11,2021-12-22,,皓日 THE APERTURE,15,H,,7161000,,(a) 價單第1號支付條款(A項): 120天現金優惠付款計劃 (照售價減4%) (a) Terms of Payment (item A) of Price List No.1: 120-day Cash Payment Plan (4% discount from the Price) 見備註/See remarks 7,
2021-12-11,2021-12-22,,皓日 THE APERTURE,18,G,,9561000,,(a) 價單第1號支付條款(C項): 建築期付款計劃 (照售價) (a) Terms of Payment (item C) of Price List No.1: Stage Payment Plan (In accordance to the Price) 見備註/See remarks 7,
2021-12-11,2021-12-22,,皓日 THE APERTURE,23,E,,7600000,,(a) 價單第1號支付條款(A項): 120天現金優惠付款計劃 (照售價減4%) (a) Terms of Payment (item A) of Price List No.1: 120-day Cash Payment Plan (4% discount from the Price) 見備註/See remarks 7,
2021-12-11,2021-12-22,,皓日 THE APERTURE,28,H,,7605000,,(a) 價單第1號支付條款(C項): 建築期付款計劃 (照售價) (a) Terms of Payment (item C) of Price List No.1: Stage Payment Plan (In accordance to the Price) 見備註/See remarks 7,
2021-12-11,2021-12-22,,皓日 THE APERTURE,11,B,,9999000,,(a) 價單第1號支付條款(C項): 建築期付款計劃 (照售價) (a) Terms of Payment (item C) of Price List No.1: Stage Payment Plan (In accordance to the Price) 見備註/See remarks 7,
2021-12-11,2021-12-22,,皓日 THE APERTURE,8,H,,7408000,,(a) 價單第1號支付條款(C項): 建築期付款計劃 (照售價) (a) Terms of Payment (item C) of Price List No.1: Stage Payment Plan (In accordance to the Price) 見備註/See remarks 7,
2021-12-11,2021-12-22,,皓日 THE APERTURE,18,E,,7836000,,(a) 價單第1號支付條款(C項): 建築期付款計劃 (照售價) (a) Terms of Payment (item C) of Price List No.1: Stage Payment Plan (In accordance to the Price) 見備註/See remarks 7,
2021-12-11,2021-12-22,,皓日 THE APERTURE,7,H,,7096000,,(a) 價單第1號支付條款(A項): 120天現金優惠付款計劃 (照售價減4%) (a) Terms of Payment (item A) of Price List No.1: 120-day Cash Payment Plan (4% discount from the Price) 見備註/See remarks 7,
2021-12-11,2021-12-22,,皓日 THE APERTURE,16,H,,7470000,,(a) 價單第1號支付條款(C項): 建築期付款計劃 (照售價) (a) Terms of Payment (item C) of Price List No.1: Stage Payment Plan (In accordance to the Price) 見備註/See remarks 7,
2021-12-11,2021-12-22,,皓日 THE APERTURE,19,H,,7504000,,(a) 價單第1號支付條款(C項): 建築期付款計劃 (照售價) (a) Terms of Payment (item C) of Price List No.1: Stage Payment Plan (In accordance to the Price) 見備註/See remarks 7,
2021-12-11,2021-12-22,,皓日 THE APERTURE,23,J,,7421000,,(a) 價單第1號支付條款(B項): 300天現金優惠付款計劃 (照售價減1.75%) (a) Terms of Payment (item B) of Price List No.1: 300-day Cash Payment Plan (1.75% discount from the Price) 見備註/See remarks 7,
2021-12-11,2021-12-22,,皓日 THE APERTURE,17,E,,7801000,,(a) 價單第1號支付條款(C項): 建築期付款計劃 (照售價) (a) Terms of Payment (item C) of Price List No.1: Stage Payment Plan (In accordance to the Price) 見備註/See remarks 7,
2021-12-11,2021-12-22,,皓日 THE APERTURE,20,H,,7515000,,(a) 價單第1號支付條款(C項): 建築期付款計劃 (照售價) (a) Terms of Payment (item C) of Price List No.1: Stage Payment Plan (In accordance to the Price) 見備註/See remarks 7,
2021-12-11,2021-12-22,,皓日 THE APERTURE,15,G,,9518000,,(a) 價單第1號支付條款(C項): 建築期付款計劃 (照售價) (a) Terms of Payment (item C) of Price List No.1: Stage Payment Plan (In accordance to the Price) 見備註/See remarks 7,
2021-12-11,2021-12-22,,皓日 THE APERTURE,12,G,,9123000,,(a) 價單第1號支付條款(A項): 120天現金優惠付款計劃 (照售價減4%) (a) Terms of Payment (item A) of Price List No.1: 120-day Cash Payment Plan (4% discount from the Price) 見備註/See remarks 7,
2021-12-11,2021-12-22,,皓日 THE APERTURE,15,E,,7754000,,(a) 價單第1號支付條款(C項): 建築期付款計劃 (照售價) (a) Terms of Payment (item C) of Price List No.1: Stage Payment Plan (In accordance to the Price) 見備註/See remarks 7,
2021-12-11,2021-12-22,,皓日 THE APERTURE,10,J,,7464000,,(a) 價單第1號支付條款(C項): 建築期付款計劃 (照售價) (a) Terms of Payment (item C) of Price List No.1: Stage Payment Plan (In accordance to the Price) 見備註/See remarks 7,
2021-12-11,2021-12-22,,皓日 THE APERTURE,18,J,,7537000,,(a) 價單第1號支付條款(C項): 建築期付款計劃 (照售價) (a) Terms of Payment (item C) of Price List No.1: Stage Payment Plan (In accordance to the Price) 見備註/See remarks 7,
2021-12-11,2021-12-22,,皓日 THE APERTURE,11,H,,7436000,,(a) 價單第1號支付條款(C項): 建築期付款計劃 (照售價) (a) Terms of Payment (item C) of Price List No.1: Stage Payment Plan (In accordance to the Price) 見備註/See remarks 7,
2021-12-11,2021-12-22,,皓日 THE APERTURE,22,G,,9606000,,(a) 價單第1號支付條款(C項): 建築期付款計劃 (照售價) (a) Terms of Payment (item C) of Price List No.1: Stage Payment Plan (In accordance to the Price) 見備註/See remarks 7,
2021-12-11,2021-12-22,,皓日 THE APERTURE,5,G,,9300000,,(a) 價單第1號支付條款(C項): 建築期付款計劃 (照售價) (a) Terms of Payment (item C) of Price List No.1: Stage Payment Plan (In accordance to the Price) 見備註/See remarks 7,
2021-12-11,2021-12-22,,皓日 THE APERTURE,29,H,,7613000,,(a) 價單第1號支付條款(C項): 建築期付款計劃 (照售價) (a) Terms of Payment (item C) of Price List No.1: Stage Payment Plan (In accordance to the Price) 見備註/See remarks 7,
2021-12-11,2021-12-22,,皓日 THE APERTURE,22,D,,11045000,,(a) 價單第1號支付條款(A項): 120天現金優惠付款計劃 (照售價減4%) (a) Terms of Payment (item A) of Price List No.1: 120-day Cash Payment Plan (4% discount from the Price) 見備註/See remarks 7,
2021-12-11,2021-12-22,,皓日 THE APERTURE,10,H,,7425000,,(a) 價單第1號支付條款(C項): 建築期付款計劃 (照售價) (a) Terms of Payment (item C) of Price List No.1: Stage Payment Plan (In accordance to the Price) 見備註/See remarks 7,
2021-12-11,2021-12-22,,皓日 THE APERTURE,17,H,,7481000,,(a) 價單第1號支付條款(C項): 建築期付款計劃 (照售價) (a) Terms of Payment (item C) of Price List No.1: Stage Payment Plan (In accordance to the Price) 見備註/See remarks 7,
2021-12-11,2021-12-22,,皓日 THE APERTURE,27,C,,12357000,,(a) 價單第1號支付條款(C項): 建築期付款計劃 (照售價) (a) Terms of Payment (item C) of Price List No.1: Stage Payment Plan (In accordance to the Price) 見備註/See remarks 7,
2021-12-11,2021-12-22,,皓日 THE APERTURE,22,F,,13650000,,(a) 價單第1號支付條款(C項): 建築期付款計劃 (照售價) (a) Terms of Payment (item C) of Price List No.1: Stage Payment Plan (In accordance to the Price) 見備註/See remarks 7,
2021-12-11,2021-12-22,,皓日 THE APERTURE,10,B,,9985000,,(a) 價單第1號支付條款(C項): 建築期付款計劃 (照售價) (a) Terms of Payment (item C) of Price List No.1: Stage Payment Plan (In accordance to the Price) 見備註/See remarks 7,
2021-12-11,2021-12-22,,皓日 THE APERTURE,27,H,,7582000,,(a) 價單第1號支付條款(C項): 建築期付款計劃 (照售價) (a) Terms of Payment (item C) of Price List No.1: Stage Payment Plan (In accordance to the Price) 見備註/See remarks 7,
2021-12-11,2021-12-22,,皓日 THE APERTURE,9,J,,7453000,,(a) 價單第1號支付條款(C項): 建築期付款計劃 (照售價) (a) Terms of Payment (item C) of Price List No.1: Stage Payment Plan (In accordance to the Price) 見備註/See remarks 7,
2021-12-11,2021-12-22,2024-09-24,皓日 THE APERTURE,9,H,,7414000,,(a) 價單第1號支付條款(C項): 建築期付款計劃 (照售價) (a) Terms of Payment (item C) of Price List No.1: Stage Payment Plan (In accordance to the Price) 見備註/See remarks 7,
2021-12-11,2021-12-22,,皓日 THE APERTURE,12,J,,7487000,,(a) 價單第1號支付條款(C項): 建築期付款計劃 (照售價) (a) Terms of Payment (item C) of Price List No.1: Stage Payment Plan (In accordance to the Price) 見備註/See remarks 7,
2021-12-11,2021-12-22,,皓日 THE APERTURE,16,G,,9532000,,(a) 價單第1號支付條款(C項): 建築期付款計劃 (照售價) (a) Terms of Payment (item C) of Price List No.1: Stage Payment Plan (In accordance to the Price) 見備註/See remarks 7,
2021-12-11,2021-12-22,,皓日 THE APERTURE,15,D,,10779000,,(a) 價單第1號支付條款(A項): 120天現金優惠付款計劃 (照售價減4%) (a) Terms of Payment (item A) of Price List No.1: 120-day Cash Payment Plan (4% discount from the Price) 見備註/See remarks 7,
2021-12-11,2021-12-22,,皓日 THE APERTURE,21,D,,11001000,,(a) 價單第1號支付條款(A項): 120天現金優惠付款計劃 (照售價減4%) (a) Terms of Payment (item A) of Price List No.1: 120-day Cash Payment Plan (4% discount from the Price) 見備註/See remarks 7,
2021-12-11,2021-12-22,2025-12-03,皓日 THE APERTURE,25,J,,7569000,,(a) 價單第1號支付條款(C項): 建築期付款計劃 (照售價) (a) Terms of Payment (item C) of Price List No.1: Stage Payment Plan (In accordance to the Price) 見備註/See remarks 7,
2021-12-11,2021-12-22,,皓日 THE APERTURE,16,J,,7509000,,(a) 價單第1號支付條款(C項): 建築期付款計劃 (照售價) (a) Terms of Payment (item C) of Price List No.1: Stage Payment Plan (In accordance to the Price) 見備註/See remarks 7,
2021-12-11,2021-12-22,,皓日 THE APERTURE,21,F,,13052000,,(a) 價單第1號支付條款(A項): 120天現金優惠付款計劃 (照售價減4%) (a) Terms of Payment (item A) of Price List No.1: 120-day Cash Payment Plan (4% discount from the Price) 見備註/See remarks 7,
2021-12-11,2021-12-22,,皓日 THE APERTURE,26,G,,9664000,,(a) 價單第1號支付條款(C項): 建築期付款計劃 (照售價) (a) Terms of Payment (item C) of Price List No.1: Stage Payment Plan (In accordance to the Price) 見備註/See remarks 7,
2021-12-11,2021-12-22,2024-09-24,皓日 THE APERTURE,7,G,,9358000,,(a) 價單第1號支付條款(C項): 建築期付款計劃 (照售價) (a) Terms of Payment (item C) of Price List No.1: Stage Payment Plan (In accordance to the Price) 見備註/See remarks 7,
2021-12-11,2021-12-22,,皓日 THE APERTURE,15,J,,7198000,,(a) 價單第1號支付條款(A項): 120天現金優惠付款計劃 (照售價減4%) (a) Terms of Payment (item A) of Price List No.1: 120-day Cash Payment Plan (4% discount from the Price) 見備註/See remarks 7,
2021-12-11,2021-12-22,,皓日 THE APERTURE,3,E,,7175000,,(a) 價單第1號支付條款(C項): 建築期付款計劃 (照售價) (a) Terms of Payment (item C) of Price List No.1: Stage Payment Plan (In accordance to the Price) 見備註/See remarks 7,
2021-12-11,2021-12-22,,皓日 THE APERTURE,21,G,,9419000,,(a) 價單第1號支付條款(B項): 300天現金優惠付款計劃 (照售價減1.75%) (a) Terms of Payment (item B) of Price List No.1: 300-day Cash Payment Plan (1.75% discount from the Price) 見備註/See remarks 7,
2021-12-11,2021-12-22,,皓日 THE APERTURE,23,G,,9625000,,(a) 價單第1號支付條款(C項): 建築期付款計劃 (照售價) (a) Terms of Payment (item C) of Price List No.1: Stage Payment Plan (In accordance to the Price) 見備註/See remarks 7,
2021-12-11,2021-12-22,2024-10-10,皓日 THE APERTURE,19,G,,9575000,,(a) 價單第1號支付條款(C項): 建築期付款計劃 (照售價) (a) Terms of Payment (item C) of Price List No.1: Stage Payment Plan (In accordance to the Price) 見備註/See remarks 7,
2021-12-11,2021-12-22,,皓日 THE APERTURE,6,G,,9344000,"在10/1/2022，基於法例 第35(2)(b)條所容許的原 因，售價更改為$8,970,000。 On 10/1/2022, the price was adjusted to $8,970,000 due to the reason allowed under section 35(2)(b) of the Ordinance.","(a) 價單第1號支付條款(C項): 建築期付款計劃 (照售價) (a) Terms of Payment (item C) of Price List No.1: Stage Payment Plan (In accordance to the Price) 見備註/See remarks 7 在10/01/2022，支付條款更改為 On 10/01/2022, the terms of payment adjusted to (a) 價單第1號支付條款(A項): 120天現金優惠付款計劃 (照售價減4%) (a) Terms of Payment (item A) of Price List No.1: 120-day Cash Payment Plan (4% discount from the Price) 見備註/See remarks 7",
2021-12-11,2021-12-22,,皓日 THE APERTURE,17,G,,9546000,,(a) 價單第1號支付條款(C項): 建築期付款計劃 (照售價) (a) Terms of Payment (item C) of Price List No.1: Stage Payment Plan (In accordance to the Price) 見備註/See remarks 7,
2021-12-11,2021-12-22,,皓日 THE APERTURE,6,J,,7419000,,(a) 價單第1號支付條款(C項): 建築期付款計劃 (照售價) (a) Terms of Payment (item C) of Price List No.1: Stage Payment Plan (In accordance to the Price) 見備註/See remarks 7,
2021-12-11,2021-12-22,,皓日 THE APERTURE,7,J,,7431000,,(a) 價單第1號支付條款(C項): 建築期付款計劃 (照售價) (a) Terms of Payment (item C) of Price List No.1: Stage Payment Plan (In accordance to the Price) 見備註/See remarks 7,
2021-12-11,2021-12-22,,皓日 THE APERTURE,5,J,,7112000,,(a) 價單第1號支付條款(A項): 120天現金優惠付款計劃 (照售價減4%) (a) Terms of Payment (item A) of Price List No.1: 120-day Cash Payment Plan (4% discount from the Price) 見備註/See remarks 7,
2021-12-11,2021-12-22,,皓日 THE APERTURE,27,G,,9683000,,(a) 價單第1號支付條款(C項): 建築期付款計劃 (照售價) (a) Terms of Payment (item C) of Price List No.1: Stage Payment Plan (In accordance to the Price) 見備註/See remarks 7,
2021-12-11,2021-12-22,,皓日 THE APERTURE,11,J,,7475000,,(a) 價單第1號支付條款(C項): 建築期付款計劃 (照售價) (a) Terms of Payment (item C) of Price List No.1: Stage Payment Plan (In accordance to the Price) 見備註/See remarks 7,
2021-12-11,2021-12-22,,皓日 THE APERTURE,25,G,,9645000,,(a) 價單第1號支付條款(C項): 建築期付款計劃 (照售價) (a) Terms of Payment (item C) of Price List No.1: Stage Payment Plan (In accordance to the Price) 見備註/See remarks 7,
2021-12-11,2021-12-22,,皓日 THE APERTURE,5,H,,7291000,,(a) 價單第1號支付條款(C項): 建築期付款計劃 (照售價) (a) Terms of Payment (item C) of Price List No.1: Stage Payment Plan (In accordance to the Price) 見備註/See remarks 7,
2021-12-11,2021-12-22,,皓日 THE APERTURE,7,B,,9966000,,(a) 價單第1號支付條款(C項): 建築期付款計劃 (照售價) (a) Terms of Payment (item C) of Price List No.1: Stage Payment Plan (In accordance to the Price) 見備註/See remarks 7,
2021-12-11,2021-12-22,,皓日 THE APERTURE,15,B,,9672000,,(a) 價單第1號支付條款(A項): 120天現金優惠付款計劃 (照售價減4%) (a) Terms of Payment (item A) of Price List No.1: 120-day Cash Payment Plan (4% discount from the Price) 見備註/See remarks 7,
2021-12-11,2021-12-22,,皓日 THE APERTURE,12,B,,9643000,,(a) 價單第1號支付條款(A項): 120天現金優惠付款計劃 (照售價減4%) (a) Terms of Payment (item A) of Price List No.1: 120-day Cash Payment Plan (4% discount from the Price) 見備註/See remarks 7,
2021-12-11,2021-12-22,,皓日 THE APERTURE,26,C,,12307000,,(a) 價單第1號支付條款(C項): 建築期付款計劃 (照售價) (a) Terms of Payment (item C) of Price List No.1: Stage Payment Plan (In accordance to the Price) 見備註/See remarks 7,
2021-12-11,2021-12-22,,皓日 THE APERTURE,5,B,,9907000,,(a) 價單第1號支付條款(C項): 建築期付款計劃 (照售價) (a) Terms of Payment (item C) of Price List No.1: Stage Payment Plan (In accordance to the Price) 見備註/See remarks 7,
2021-12-11,2021-12-22,,皓日 THE APERTURE,20,C,,11298000,,(a) 價單第1號支付條款(A項): 120天現金優惠付款計劃 (照售價減4%) (a) Terms of Payment (item A) of Price List No.1: 120-day Cash Payment Plan (4% discount from the Price) 見備註/See remarks 7,
2021-12-11,2021-12-22,,皓日 THE APERTURE,19,C,,11734000,,(a) 價單第1號支付條款(C項): 建築期付款計劃 (照售價) (a) Terms of Payment (item C) of Price List No.1: Stage Payment Plan (In accordance to the Price) 見備註/See remarks 7,
2021-12-11,2021-12-22,,皓日 THE APERTURE,16,D,,11261000,,(a) 價單第1號支付條款(C項): 建築期付款計劃 (照售價) (a) Terms of Payment (item C) of Price List No.1: Stage Payment Plan (In accordance to the Price) 見備註/See remarks 7,
2021-12-11,2021-12-22,,皓日 THE APERTURE,22,B,,10229000,,(a) 價單第1號支付條款(A項): 120天現金優惠付款計劃 (照售價減4%) (a) Terms of Payment (item A) of Price List No.1: 120-day Cash Payment Plan (4% discount from the Price) 見備註/See remarks 7,
2021-12-11,2021-12-22,,皓日 THE APERTURE,21,B,,10188000,,(a) 價單第1號支付條款(A項): 120天現金優惠付款計劃 (照售價減4%) (a) Terms of Payment (item A) of Price List No.1: 120-day Cash Payment Plan (4% discount from the Price) 見備註/See remarks 7,
2021-12-11,2021-12-22,,皓日 THE APERTURE,12,D,,11194000,,(a) 價單第1號支付條款(C項): 建築期付款計劃 (照售價) (a) Terms of Payment (item C) of Price List No.1: Stage Payment Plan (In accordance to the Price) 見備註/See remarks 7,
2021-12-11,2021-12-22,,皓日 THE APERTURE,9,F,,12301000,,(a) 價單第1號支付條款(A項): 120天現金優惠付款計劃 (照售價減4%) (a) Terms of Payment (item A) of Price List No.1: 120-day Cash Payment Plan (4% discount from the Price) 見備註/See remarks 7,
2021-12-11,2021-12-22,,皓日 THE APERTURE,3,D,,10415000,,(a) 價單第1號支付條款(C項): 建築期付款計劃 (照售價) (a) Terms of Payment (item C) of Price List No.1: Stage Payment Plan (In accordance to the Price) 見備註/See remarks 7,
2021-12-11,2021-12-22,,皓日 THE APERTURE,10,D,,11127000,,(a) 價單第1號支付條款(C項): 建築期付款計劃 (照售價) (a) Terms of Payment (item C) of Price List No.1: Stage Payment Plan (In accordance to the Price) 見備註/See remarks 7,
2021-12-11,2021-12-22,2025-10-30,皓日 THE APERTURE,16,B,,9803000,,"(a) 價單第1號支付條款(C項): 建築期付款計劃 (照售價) (a) Terms of Payment (item C) of Price List No.1: Stage Payment Plan (In accordance to the Price) (b) 員工置業折扣: 在簽署臨時買賣合約當日，如買方(或構成買方之任何人士)屬「合資格人士」，並且(i) 購買「指定住宅物業」; 及 (ii) 沒有委任地產代理就購入住宅物業代其行事，可獲3%售價折扣優惠。 (b) Staff Purchase Discount: If the purchaser(s) (or any person comprising the purchaser(s)) is/are “Eligible Person” on the date of signing of the preliminary agreement for sale and purchase, provided that the purchaser(s) (i) purchased “Designated Residential Properties”; and (ii) did not appoint any estate agent to act for him/her in the purchase of the residential property, a 3% discount on the Price would be offered. 見備註/See remarks 7",
2021-12-11,2021-12-22,,皓日 THE APERTURE,17,J,,7520000,,(a) 價單第1號支付條款(C項): 建築期付款計劃 (照售價) (a) Terms of Payment (item C) of Price List No.1: Stage Payment Plan (In accordance to the Price) 見備註/See remarks 7,
2021-12-11,2021-12-22,,皓日 THE APERTURE,12,E,,7731000,,(a) 價單第1號支付條款(C項): 建築期付款計劃 (照售價) (a) Terms of Payment (item C) of Price List No.1: Stage Payment Plan (In accordance to the Price) 見備註/See remarks 7,
2021-12-11,2021-12-22,,皓日 THE APERTURE,10,C,,11057000,,(a) 價單第1號支付條款(A項): 120天現金優惠付款計劃 (照售價減4%) (a) Terms of Payment (item A) of Price List No.1: 120-day Cash Payment Plan (4% discount from the Price) 見備註/See remarks 7,
2021-12-12,2021-12-22,,皓日 THE APERTURE,6,B,,9937000,,(a) 價單第1號支付條款(C項): 建築期付款計劃 (照售價) (a) Terms of Payment (item C) of Price List No.1: Stage Payment Plan (In accordance to the Price) 見備註/See remarks 7,
2021-12-12,2021-12-22,,皓日 THE APERTURE,3,B,,9667000,,(a) 價單第1號支付條款(C項): 建築期付款計劃 (照售價) (a) Terms of Payment (item C) of Price List No.1: Stage Payment Plan (In accordance to the Price) 見備註/See remarks 7,
2021-12-18,2021-12-30,,皓日 THE APERTURE,9,G,,9371000,,"(a) 價單第2號支付條款(C項): 建築期付款計劃 (照售價) (a) Terms of Payment (item C) of Price List No.2: Stage Payment Plan (In accordance to the Price) (b) 員工置業折扣: 在簽署臨時買賣合約當日，如買方(或構成買方之任何人士)屬「合資格人士」，並且沒有委任地 產代理就購入住宅物業代其行事，可獲3%售價折扣優惠。 (b) Staff Purchase Discount: If the purchaser(s) (or any person comprising the purchaser(s)) is/are “Eligible Person” on the date of signing of the preliminary agreement for sale and purchase, provided that the purchaser(s) did not appoint any estate agent to act for him/her in the purchase of the residential property, a 3% discount on the Price would be offered. 見備註/See remarks 7",
2021-12-18,2021-12-30,,皓日 THE APERTURE,18,C,,11520000,,(a) 價單第2號支付條款(A項): 120天現金優惠付款計劃 (照售價減4%) (a) Terms of Payment (item A) of Price List No.2: 120-day Cash Payment Plan (4% discount from the Price) 見備註/See remarks 7,
2021-12-18,2021-12-30,,皓日 THE APERTURE,18,K,,9768000,,(a) 價單第2號支付條款(C項): 建築期付款計劃 (照售價) (a) Terms of Payment (item C) of Price List No.2: Stage Payment Plan (In accordance to the Price) 見備註/See remarks 7,
2021-12-18,2021-12-30,,皓日 THE APERTURE,30,E,,8521000,,(a) 價單第2號支付條款(C項): 建築期付款計劃 (照售價) (a) Terms of Payment (item C) of Price List No.2: Stage Payment Plan (In accordance to the Price) 見備註/See remarks 7,
2021-12-18,2021-12-30,,皓日 THE APERTURE,21,E,,8084000,,(a) 價單第2號支付條款(C項): 建築期付款計劃 (照售價) (a) Terms of Payment (item C) of Price List No.2: Stage Payment Plan (In accordance to the Price) 見備註/See remarks 7,
2021-12-18,2021-12-30,,皓日 THE APERTURE,7,E,,7839000,,(a) 價單第2號支付條款(C項): 建築期付款計劃 (照售價) (a) Terms of Payment (item C) of Price List No.2: Stage Payment Plan (In accordance to the Price) 見備註/See remarks 7,
2021-12-18,2021-12-30,,皓日 THE APERTURE,28,J,,7837000,,(a) 價單第2號支付條款(C項): 建築期付款計劃 (照售價) (a) Terms of Payment (item C) of Price List No.2: Stage Payment Plan (In accordance to the Price) 見備註/See remarks 7,
2021-12-18,2021-12-30,,皓日 THE APERTURE,19,E,,7755000,,(a) 價單第2號支付條款(A項): 120天現金優惠付款計劃 (照售價減4%) (a) Terms of Payment (item A) of Price List No.2: 120-day Cash Payment Plan (4% discount from the Price) 見備註/See remarks 7,
2021-12-18,2021-12-30,,皓日 THE APERTURE,22,E,,8117000,,(a) 價單第2號支付條款(C項): 建築期付款計劃 (照售價) (a) Terms of Payment (item C) of Price List No.2: Stage Payment Plan (In accordance to the Price) 見備註/See remarks 7,
2021-12-18,2021-12-30,,皓日 THE APERTURE,28,G,,9908000,,(a) 價單第2號支付條款(C項): 建築期付款計劃 (照售價) (a) Terms of Payment (item C) of Price List No.2: Stage Payment Plan (In accordance to the Price) 見備註/See remarks 7,
2021-12-18,2021-12-30,2025-12-03,皓日 THE APERTURE,22,H,,7742000,,(a) 價單第2號支付條款(C項): 建築期付款計劃 (照售價) (a) Terms of Payment (item C) of Price List No.2: Stage Payment Plan (In accordance to the Price) 見備註/See remarks 7,
2021-12-18,2021-12-30,,皓日 THE APERTURE,27,E,,7917000,,(a) 價單第2號支付條款(A項): 120天現金優惠付款計劃 (照售價減4%) (a) Terms of Payment (item A) of Price List No.2: 120-day Cash Payment Plan (4% discount from the Price) 見備註/See remarks 7,
2021-12-18,2021-12-30,,皓日 THE APERTURE,8,G,,9647000,,(a) 價單第2號支付條款(C項): 建築期付款計劃 (照售價) (a) Terms of Payment (item C) of Price List No.2: Stage Payment Plan (In accordance to the Price) 見備註/See remarks 7,
2021-12-18,2021-12-30,2022-02-22,皓日 THE APERTURE,12,K,,9539000,,(a) 價單第2號支付條款(B項): 300天現金優惠付款計劃 (照售價減1.75%) (a) Terms of Payment (item B) of Price List No.2: 300-day Cash Payment Plan (1.75% discount from the Price) 見備註/See remarks 7,
2021-12-18,2021-12-30,,皓日 THE APERTURE,23,H,,7448000,,(a) 價單第2號支付條款(A項): 120天現金優惠付款計劃 (照售價減4%) (a) Terms of Payment (item A) of Price List No.2: 120-day Cash Payment Plan (4% discount from the Price) 見備註/See remarks 7,
2021-12-18,2021-12-30,,皓日 THE APERTURE,22,J,,7450000,,(a) 價單第2號支付條款(A項): 120天現金優惠付款計劃 (照售價減4%) (a) Terms of Payment (item A) of Price List No.2: 120-day Cash Payment Plan (4% discount from the Price) 見備註/See remarks 7,
2021-12-18,2021-12-30,,皓日 THE APERTURE,20,E,,8102000,,(a) 價單第2號支付條款(C項): 建築期付款計劃 (照售價) (a) Terms of Payment (item C) of Price List No.2: Stage Payment Plan (In accordance to the Price) 見備註/See remarks 7,
2021-12-18,2021-12-30,,皓日 THE APERTURE,16,K,,9739000,,(a) 價單第2號支付條款(C項): 建築期付款計劃 (照售價) (a) Terms of Payment (item C) of Price List No.2: Stage Payment Plan (In accordance to the Price) 見備註/See remarks 7,
2021-12-18,2021-12-30,,皓日 THE APERTURE,26,E,,8214000,,(a) 價單第2號支付條款(C項): 建築期付款計劃 (照售價) (a) Terms of Payment (item C) of Price List No.2: Stage Payment Plan (In accordance to the Price) 見備註/See remarks 7,
2021-12-18,2021-12-30,,皓日 THE APERTURE,20,G,,9793000,,(a) 價單第2號支付條款(C項): 建築期付款計劃 (照售價) (a) Terms of Payment (item C) of Price List No.2: Stage Payment Plan (In accordance to the Price) 見備註/See remarks 7,
2021-12-18,2021-12-30,,皓日 THE APERTURE,28,E,,8116000,,(a) 價單第2號支付條款(A項): 120天現金優惠付款計劃 (照售價減4%) (a) Terms of Payment (item A) of Price List No.2: 120-day Cash Payment Plan (4% discount from the Price) 見備註/See remarks 7,
2021-12-18,2021-12-30,,皓日 THE APERTURE,21,H,,7727000,,(a) 價單第2號支付條款(C項): 建築期付款計劃 (照售價) (a) Terms of Payment (item C) of Price List No.2: Stage Payment Plan (In accordance to the Price) 見備註/See remarks 7,
2021-12-18,2021-12-30,,皓日 THE APERTURE,29,E,,8148000,,(a) 價單第2號支付條款(A項): 120天現金優惠付款計劃 (照售價減4%) (a) Terms of Payment (item A) of Price List No.2: 120-day Cash Payment Plan (4% discount from the Price) 見備註/See remarks 7,
2021-12-18,2021-12-30,,皓日 THE APERTURE,11,E,,7934000,,(a) 價單第2號支付條款(C項): 建築期付款計劃 (照售價) (a) Terms of Payment (item C) of Price List No.2: Stage Payment Plan (In accordance to the Price) 見備註/See remarks 7,
2021-12-18,2021-12-30,,皓日 THE APERTURE,35,H,,7915000,,(a) 價單第2號支付條款(C項): 建築期付款計劃 (照售價) (a) Terms of Payment (item C) of Price List No.2: Stage Payment Plan (In accordance to the Price) 見備註/See remarks 7,
2021-12-18,2021-12-30,,皓日 THE APERTURE,25,H,,7773000,,(a) 價單第2號支付條款(C項): 建築期付款計劃 (照售價) (a) Terms of Payment (item C) of Price List No.2: Stage Payment Plan (In accordance to the Price) 見備註/See remarks 7,
2021-12-18,2021-12-30,,皓日 THE APERTURE,10,E,,7594000,,(a) 價單第2號支付條款(A項): 120天現金優惠付款計劃 (照售價減4%) (a) Terms of Payment (item A) of Price List No.2: 120-day Cash Payment Plan (4% discount from the Price) 見備註/See remarks 7,
2021-12-18,2021-12-30,,皓日 THE APERTURE,31,G,,9968000,,(a) 價單第2號支付條款(C項): 建築期付款計劃 (照售價) (a) Terms of Payment (item C) of Price List No.2: Stage Payment Plan (In accordance to the Price) 見備註/See remarks 7,
2021-12-18,2021-12-30,,皓日 THE APERTURE,21,J,,7744000,,(a) 價單第2號支付條款(C項): 建築期付款計劃 (照售價) (a) Terms of Payment (item C) of Price List No.2: Stage Payment Plan (In accordance to the Price) 見備註/See remarks 7,
2021-12-18,2021-12-30,,皓日 THE APERTURE,26,J,,7806000,,(a) 價單第2號支付條款(C項): 建築期付款計劃 (照售價) (a) Terms of Payment (item C) of Price List No.2: Stage Payment Plan (In accordance to the Price) 見備註/See remarks 7,
2021-12-18,2021-12-30,,皓日 THE APERTURE,8,K,,9651000,,(a) 價單第2號支付條款(C項): 建築期付款計劃 (照售價) (a) Terms of Payment (item C) of Price List No.2: Stage Payment Plan (In accordance to the Price) 見備註/See remarks 7,
2021-12-18,2021-12-30,,皓日 THE APERTURE,19,J,,7453000,,(a) 價單第2號支付條款(A項): 120天現金優惠付款計劃 (照售價減4%) (a) Terms of Payment (item A) of Price List No.2: 120-day Cash Payment Plan (4% discount from the Price) 見備註/See remarks 7,
2021-12-18,2021-12-30,,皓日 THE APERTURE,11,G,,9690000,,(a) 價單第2號支付條款(C項): 建築期付款計劃 (照售價) (a) Terms of Payment (item C) of Price List No.2: Stage Payment Plan (In accordance to the Price) 見備註/See remarks 7,
2021-12-18,2021-12-30,,皓日 THE APERTURE,32,G,,9988000,,(a) 價單第2號支付條款(C項): 建築期付款計劃 (照售價) (a) Terms of Payment (item C) of Price List No.2: Stage Payment Plan (In accordance to the Price) 見備註/See remarks 7,
2021-12-18,2021-12-30,,皓日 THE APERTURE,27,J,,7509000,,(a) 價單第2號支付條款(A項): 120天現金優惠付款計劃 (照售價減4%) (a) Terms of Payment (item A) of Price List No.2: 120-day Cash Payment Plan (4% discount from the Price) 見備註/See remarks 7,
2021-12-18,2021-12-30,2025-12-03,皓日 THE APERTURE,30,H,,7852000,,(a) 價單第2號支付條款(C項): 建築期付款計劃 (照售價) (a) Terms of Payment (item C) of Price List No.2: Stage Payment Plan (In accordance to the Price) 見備註/See remarks 7,
2021-12-18,2021-12-30,,皓日 THE APERTURE,9,E,,7886000,,(a) 價單第2號支付條款(C項): 建築期付款計劃 (照售價) (a) Terms of Payment (item C) of Price List No.2: Stage Payment Plan (In accordance to the Price) 見備註/See remarks 7,
2021-12-18,2021-12-30,,皓日 THE APERTURE,8,E,,7863000,,(a) 價單第2號支付條款(C項): 建築期付款計劃 (照售價) (a) Terms of Payment (item C) of Price List No.2: Stage Payment Plan (In accordance to the Price) 見備註/See remarks 7,
2021-12-18,2021-12-30,,皓日 THE APERTURE,29,J,,7853000,,(a) 價單第2號支付條款(C項): 建築期付款計劃 (照售價) (a) Terms of Payment (item C) of Price List No.2: Stage Payment Plan (In accordance to the Price) 見備註/See remarks 7,
2021-12-18,2021-12-30,,皓日 THE APERTURE,17,K,,9753000,,(a) 價單第2號支付條款(C項): 建築期付款計劃 (照售價) (a) Terms of Payment (item C) of Price List No.2: Stage Payment Plan (In accordance to the Price) 見備註/See remarks 7,
2021-12-18,2021-12-30,,皓日 THE APERTURE,20,J,,7776000,,(a) 價單第2號支付條款(C項): 建築期付款計劃 (照售價) (a) Terms of Payment (item C) of Price List No.2: Stage Payment Plan (In accordance to the Price) 見備註/See remarks 7,
2021-12-18,2021-12-30,,皓日 THE APERTURE,30,G,,9948000,,(a) 價單第2號支付條款(C項): 建築期付款計劃 (照售價) (a) Terms of Payment (item C) of Price List No.2: Stage Payment Plan (In accordance to the Price) 見備註/See remarks 7,
2021-12-19,2021-12-30,,皓日 THE APERTURE,33,H,,7899000,,(a) 價單第2號支付條款(C項): 建築期付款計劃 (照售價) (a) Terms of Payment (item C) of Price List No.2: Stage Payment Plan (In accordance to the Price) 見備註/See remarks 7,
2022-01-03,2022-01-13,2025-12-03,皓日 THE APERTURE,30,J,,7869000,,(a) 價單第2號支付條款(C項): 建築期付款計劃 (照售價) (a) Terms of Payment (item C) of Price List No.2: Stage Payment Plan (In accordance to the Price) 見備註/See remarks 7,
2022-05-08,2022-05-19,,皓日 THE APERTURE,33,J,,7599000,,(a) 價單第2A號支付條款(A項): 120天現金優惠付款計劃 (照售價減4%) (a) Terms of Payment (item A) of Price List No.2A: 120-day Cash Payment Plan (4% discount from the Price) 見備註/See remarks 7,
2022-05-29,2022-06-09,,皓日 THE APERTURE,10,G,,9289000,,(a) 價單第2A號支付條款(A項): 120天現金優惠付款計劃 (照售價減4%) (a) Terms of Payment (item A) of Price List No.2A: 120-day Cash Payment Plan (4% discount from the Price) 見備註/See remarks 7,
2022-09-12,2022-09-22,,皓日 THE APERTURE,20,K,,9405000,,(a) 價單第2A號支付條款(A項): 120天現金優惠付款計劃 (照售價減4%) (a) Terms of Payment (item A) of Price List No.2A: 120-day Cash Payment Plan (4% discount from the Price) 見備註/See remarks 7,
2024-10-05,2024-10-17,,皓日 THE APERTURE,6,K,,7352000,,"(a) 價單第2C號支付條款(B項): 300天現金付款計劃 (照售價減4%) (a) Terms of Payment (item B) of Price List No.2C: 300-day Cash Payment Plan (4% discount from the Price) (b)「hello by Hang Lung Malls」會員優惠 (b) “hello by Hang Lung Malls” Member Discount (c) 東九龍盡享便捷地利折扣 (c) Kowloon East Metropolitan Convenience Discount (d) 聚焦生活精彩折扣 (d) Life Just Right Discount (e) 「印花稅現金回贈」優惠 (e) ""Stamp Duty Cash Rebate"" Benefit (f) 提前付清樓價現金回贈 (f) Early Settlement Cash Rebate 見備註/See remarks 7",
2024-10-05,2024-10-17,,皓日 THE APERTURE,7,K,,7528000,,"(a) 價單第2C號支付條款(B項): 300天現金付款計劃 (照售價減4%) (a) Terms of Payment (item B) of Price List No.2C: 300-day Cash Payment Plan (4% discount from the Price) (b)「hello by Hang Lung Malls」會員優惠 (b) “hello by Hang Lung Malls” Member Discount (c) 東九龍盡享便捷地利折扣 (c) Kowloon East Metropolitan Convenience Discount (d) 聚焦生活精彩折扣 (d) Life Just Right Discount (e) 「印花稅現金回贈」優惠 (e) ""Stamp Duty Cash Rebate"" Benefit (f) 提前付清樓價現金回贈 (f) Early Settlement Cash Rebate 見備註/See remarks 7",
2024-10-05,2024-10-17,,皓日 THE APERTURE,5,K,,7268000,,"(a) 價單第2C號支付條款(B項): 300天現金付款計劃 (照售價減4%) (a) Terms of Payment (item B) of Price List No.2C: 300-day Cash Payment Plan (4% discount from the Price) (b)「hello by Hang Lung Malls」會員優惠 (b) “hello by Hang Lung Malls” Member Discount (c) 東九龍盡享便捷地利折扣 (c) Kowloon East Metropolitan Convenience Discount (d) 聚焦生活精彩折扣 (d) Life Just Right Discount (e) 「印花稅現金回贈」優惠 (e) ""Stamp Duty Cash Rebate"" Benefit (f) 提前付清樓價現金回贈 (f) Early Settlement Cash Rebate 見備註/See remarks 7",
2024-10-05,2024-10-17,,皓日 THE APERTURE,10,K,,8004000,,"(a) 價單第2C號支付條款(B項): 300天現金付款計劃 (照售價減4%) (a) Terms of Payment (item B) of Price List No.2C: 300-day Cash Payment Plan (4% discount from the Price) (b)「hello by Hang Lung Malls」會員優惠 (b) “hello by Hang Lung Malls” Member Discount (c) 東九龍盡享便捷地利折扣 (c) Kowloon East Metropolitan Convenience Discount (d) 聚焦生活精彩折扣 (d) Life Just Right Discount (e) 「印花稅現金回贈」優惠 (e) ""Stamp Duty Cash Rebate"" Benefit (f) 提前付清樓價現金回贈 (f) Early Settlement Cash Rebate 見備註/See remarks 7",
2024-10-05,2024-10-17,,皓日 THE APERTURE,7,D,,9263000,,"(a) 價單第1B號支付條款(B項): 300天現金付款計劃 (照售價減4%) (a) Terms of Payment (item B) of Price List No.1B: 300-day Cash Payment Plan (4% discount from the Price) (b)「hello by Hang Lung Malls」會員優惠 (b) “hello by Hang Lung Malls” Member Discount (c) 東九龍盡享便捷地利折扣 (c) Kowloon East Metropolitan Convenience Discount (d) 聚焦生活精彩折扣 (d) Life Just Right Discount (e) 「印花稅現金回贈」優惠 (e) ""Stamp Duty Cash Rebate"" Benefit (f) 提前付清樓價現金回贈 (f) Early Settlement Cash Rebate 見備註/See remarks 7",
2024-10-05,2024-10-17,,皓日 THE APERTURE,6,D,,9213000,,"(a) 價單第1B號支付條款(B項): 300天現金付款計劃 (照售價減4%) (a) Terms of Payment (item B) of Price List No.1B: 300-day Cash Payment Plan (4% discount from the Price) (b)「hello by Hang Lung Malls」會員優惠 (b) “hello by Hang Lung Malls” Member Discount (c) 東九龍盡享便捷地利折扣 (c) Kowloon East Metropolitan Convenience Discount (d) 聚焦生活精彩折扣 (d) Life Just Right Discount (e) 「印花稅現金回贈」優惠 (e) ""Stamp Duty Cash Rebate"" Benefit (f) 提前付清樓價現金回贈 (f) Early Settlement Cash Rebate 見備註/See remarks 7",
2024-10-05,2024-10-17,,皓日 THE APERTURE,9,K,,7973000,,"(a) 價單第2C號支付條款(B項): 300天現金付款計劃 (照售價減4%) (a) Terms of Payment (item B) of Price List No.2C: 300-day Cash Payment Plan (4% discount from the Price) (b)「hello by Hang Lung Malls」會員優惠 (b) “hello by Hang Lung Malls” Member Discount (c) 東九龍盡享便捷地利折扣 (c) Kowloon East Metropolitan Convenience Discount (d) 聚焦生活精彩折扣 (d) Life Just Right Discount (e) 「印花稅現金回贈」優惠 (e) ""Stamp Duty Cash Rebate"" Benefit (f) 提前付清樓價現金回贈 (f) Early Settlement Cash Rebate 見備註/See remarks 7",
2024-10-05,2024-10-17,,皓日 THE APERTURE,7,G,,7713000,,"(a) 價單第1B號支付條款(B項): 300天現金付款計劃 (照售價減4%) (a) Terms of Payment (item B) of Price List No.1B: 300-day Cash Payment Plan (4% discount from the Price) (b)「hello by Hang Lung Malls」會員優惠 (b) “hello by Hang Lung Malls” Member Discount (c) 東九龍盡享便捷地利折扣 (c) Kowloon East Metropolitan Convenience Discount (d) 聚焦生活精彩折扣 (d) Life Just Right Discount (e) 「印花稅現金回贈」優惠 (e) ""Stamp Duty Cash Rebate"" Benefit (f) 提前付清樓價現金回贈 (f) Early Settlement Cash Rebate 見備註/See remarks 7",
2024-10-06,2024-10-17,,皓日 THE APERTURE,5,D,,9164000,,"(a) 價單第1B號支付條款(B項): 300天現金付款計劃 (照售價減4%) (a) Terms of Payment (item B) of Price List No.1B: 300-day Cash Payment Plan (4% discount from the Price) (b)「hello by Hang Lung Malls」會員優惠 (b) “hello by Hang Lung Malls” Member Discount (c) 東九龍盡享便捷地利折扣 (c) Kowloon East Metropolitan Convenience Discount (d) 聚焦生活精彩折扣 (d) Life Just Right Discount (e) 「印花稅現金回贈」優惠 (e) ""Stamp Duty Cash Rebate"" Benefit (f) 提前付清樓價現金回贈 (f) Early Settlement Cash Rebate 見備註/See remarks 7",
2024-10-12,2024-10-23,,皓日 THE APERTURE,11,K,,8089000,,"(a) 價單第2D號支付條款(B項): 300天現金付款計劃 (照售價減4%) (a) Terms of Payment (item B) of Price List No.2D: 300-day Cash Payment Plan (4% discount from the Price) (b)「hello by Hang Lung Malls」會員優惠 (b) “hello by Hang Lung Malls” Member Discount (c) 東九龍盡享便捷地利折扣 (c) Kowloon East Metropolitan Convenience Discount (d) 聚焦生活精彩折扣 (d) Life Just Right Discount (e) 「印花稅現金回贈」優惠 (e) ""Stamp Duty Cash Rebate"" Benefit (f) 提前付清樓價現金回贈 (f) Early Settlement Cash Rebate 見備註/See remarks 7",
2024-10-12,2024-10-23,,皓日 THE APERTURE,19,K,,8285000,,"(a) 價單第2D號支付條款(B項): 300天現金付款計劃 (照售價減4%) (a) Terms of Payment (item B) of Price List No.2D: 300-day Cash Payment Plan (4% discount from the Price) (b)「hello by Hang Lung Malls」會員優惠 (b) “hello by Hang Lung Malls” Member Discount (c) 東九龍盡享便捷地利折扣 (c) Kowloon East Metropolitan Convenience Discount (d) 聚焦生活精彩折扣 (d) Life Just Right Discount (e) 「印花稅現金回贈」優惠 (e) ""Stamp Duty Cash Rebate"" Benefit (f) 提前付清樓價現金回贈 (f) Early Settlement Cash Rebate 見備註/See remarks 7",
2024-10-13,2024-10-23,,皓日 THE APERTURE,6,H,,5974000,,"(a) 價單第1C號支付條款(B項): 300天現金付款計劃 (照售價減4%) (a) Terms of Payment (item B) of Price List No.1C: 300-day Cash Payment Plan (4% discount from the Price) (b)「hello by Hang Lung Malls」會員優惠 (b) “hello by Hang Lung Malls” Member Discount (c) 東九龍盡享便捷地利折扣 (c) Kowloon East Metropolitan Convenience Discount (d) 聚焦生活精彩折扣 (d) Life Just Right Discount (e) 「印花稅現金回贈」優惠 (e) ""Stamp Duty Cash Rebate"" Benefit (f) 提前付清樓價現金回贈 (f) Early Settlement Cash Rebate 見備註/See remarks 7",
2024-10-15,2024-10-25,,皓日 THE APERTURE,12,K,,8121000,,"(a) 價單第2D號支付條款(B項): 300天現金付款計劃 (照售價減4%) (a) Terms of Payment (item B) of Price List No.2D: 300-day Cash Payment Plan (4% discount from the Price) (b)「hello by Hang Lung Malls」會員優惠 (b) “hello by Hang Lung Malls” Member Discount (c) 東九龍盡享便捷地利折扣 (c) Kowloon East Metropolitan Convenience Discount (d) 聚焦生活精彩折扣 (d) Life Just Right Discount (e) 「印花稅現金回贈」優惠 (e) ""Stamp Duty Cash Rebate"" Benefit (f) 提前付清樓價現金回贈 (f) Early Settlement Cash Rebate 見備註/See remarks 7",
2024-10-19,2024-10-30,,皓日 THE APERTURE,15,K,,8154000,,"(a) 價單第2E號支付條款(B項): 300天現金付款計劃 (照售價減4%) (a) Terms of Payment (item B) of Price List No.2E: 300-day Cash Payment Plan (4% discount from the Price) (b)「hello by Hang Lung Malls」會員優惠 (b) “hello by Hang Lung Malls” Member Discount (c) 東九龍盡享便捷地利折扣 (c) Kowloon East Metropolitan Convenience Discount (d) 聚焦生活精彩折扣 (d) Life Just Right Discount (e) 「印花稅現金回贈」優惠 (e) ""Stamp Duty Cash Rebate"" Benefit (f) 提前付清樓價現金回贈 (f) Early Settlement Cash Rebate 見備註/See remarks 7",
2024-10-22,2024-11-01,,皓日 THE APERTURE,25,F,,11716000,,"(a) 價單第2E號支付條款(B項): 300天現金付款計劃 (照售價減4%) (a) Terms of Payment (item B) of Price List No.2E: 300-day Cash Payment Plan (4% discount from the Price) (b)「hello by Hang Lung Malls」會員優惠 (b) “hello by Hang Lung Malls” Member Discount (c) 東九龍盡享便捷地利折扣 (c) Kowloon East Metropolitan Convenience Discount (d) 聚焦生活精彩折扣 (d) Life Just Right Discount (e) 「印花稅現金回贈」優惠 (e) ""Stamp Duty Cash Rebate"" Benefit (f) 提前付清樓價現金回贈 (f) Early Settlement Cash Rebate 見備註/See remarks 7",
2024-10-28,2024-11-07,,皓日 THE APERTURE,9,H,,6067000,,"(a) 價單第1E號支付條款(B項): 300天現金付款計劃 (照售價減4%) (a) Terms of Payment (item B) of Price List No.1E: 300-day Cash Payment Plan (4% discount from the Price) (b)「hello by Hang Lung Malls」會員優惠 (b) “hello by Hang Lung Malls” Member Discount (c) 東九龍盡享便捷地利折扣 (c) Kowloon East Metropolitan Convenience Discount (d) 聚焦生活精彩折扣 (d) Life Just Right Discount (e) 「印花稅現金回贈」優惠 (e) ""Stamp Duty Cash Rebate"" Benefit (f) 提前付清樓價現金回贈 (f) Early Settlement Cash Rebate 見備註/See remarks 7",
2024-10-31,2024-11-12,,皓日 THE APERTURE,9,D,,9548000,,"(a) 價單第1E號支付條款(B項): 300天現金付款計劃 (照售價減4%) (a) Terms of Payment (item B) of Price List No.1E: 300-day Cash Payment Plan (4% discount from the Price) (b)「hello by Hang Lung Malls」會員優惠 (b) “hello by Hang Lung Malls” Member Discount (c) 東九龍盡享便捷地利折扣 (c) Kowloon East Metropolitan Convenience Discount (d) 聚焦生活精彩折扣 (d) Life Just Right Discount (e) 「印花稅現金回贈」優惠 (e) ""Stamp Duty Cash Rebate"" Benefit (f) 提前付清樓價現金回贈 (f) Early Settlement Cash Rebate 見備註/See remarks 7",
2024-11-04,2024-11-14,,皓日 THE APERTURE,35,D,,11191000,,"300 天現金付款計劃 300-day Cash Payment Plan (a) 臨時訂金即樓價 5%於投標書獲賣方接納當日(即接納書的日期，如投標文件所示)繳付 (a) A preliminary deposit equivalent to 5% of the purchase price shall be paid upon the tender being accepted by the Vendor (i.e. the date of the Letter of Acceptance, as defined in Tender Document) (b) 加付訂金即樓價 5%於接納書的日期後 30 日內繳付 (b) A further deposit equivalent to 5% of the purchase price shall be paid within 30 days after the date of Letter of Acceptance (c) 樓價 90%(樓價餘額) 於接納書的日期後 300 日內繳付 (c) 90% of the purchase price (balance of purchase price) shall be paid within 300 days after the date of Letter of Acceptance (d) 「印花稅現金回贈」優惠 金額相等於100%就本物業而言的應繳從價印花稅第2標準税率，但在任何情況下印花稅現金回 贈之金額不超過樓價之 4.25% (d) ""Stamp Duty Cash Rebate"" Benefit Amount equivalent to 100% of the Ad Valorem Stamp Duty at Scale 2 payable in respect of the Property Provided That under no circumstances shall the Stamp Duty Cash Rebate exceed 4.25% of the Purchase Price (e) 提前付清樓價現金回贈 (e) Early Settlement Cash Rebate",
2024-11-08,2024-11-20,,皓日 THE APERTURE,7,F,,10719000,,"(a) 價單第2G號支付條款(B項): 300天現金付款計劃 (照售價減4%) (a) Terms of Payment (item B) of Price List No.2G: 300-day Cash Payment Plan (4% discount from the Price) (b)「hello by Hang Lung Malls」會員優惠 (b) “hello by Hang Lung Malls” Member Discount (c) 東九龍盡享便捷地利折扣 (c) Kowloon East Metropolitan Convenience Discount (d) 聚焦生活精彩折扣 (d) Life Just Right Discount (e) 「印花稅現金回贈」優惠 (e) ""Stamp Duty Cash Rebate"" Benefit (f) 提前付清樓價現金回贈 (f) Early Settlement Cash Rebate 見備註/See remarks 7",
2024-12-01,2024-12-11,,皓日 THE APERTURE,29,G,,8780000,,"(a) 價單第2G號支付條款(B項): 300天現金付款計劃 (照售價減4%) (a) Terms of Payment (item B) of Price List No.2G: 300-day Cash Payment Plan (4% discount from the Price) (b)「hello by Hang Lung Malls」會員優惠 (b) “hello by Hang Lung Malls” Member Discount (c) 東九龍盡享便捷地利折扣 (c) Kowloon East Metropolitan Convenience Discount (d) 聚焦生活精彩折扣 (d) Life Just Right Discount (e) 「印花稅現金回贈」優惠 (e) ""Stamp Duty Cash Rebate"" Benefit (f) 提前付清樓價現金回贈 (f) Early Settlement Cash Rebate 見備註/See remarks 7",
2024-12-20,2025-01-06,,皓日 THE APERTURE,6,E,,6447000,,"(a) 價單第2G號支付條款(B項): 300天現金付款計劃 (照售價減4%) (a) Terms of Payment (item B) of Price List No.2G: 300-day Cash Payment Plan (4% discount from the Price) (b)「hello by Hang Lung Malls」會員優惠 (b) “hello by Hang Lung Malls” Member Discount (c) 東九龍盡享便捷地利折扣 (c) Kowloon East Metropolitan Convenience Discount (d) 聚焦生活精彩折扣 (d) Life Just Right Discount (e) 「印花稅現金回贈」優惠 (e) ""Stamp Duty Cash Rebate"" Benefit (f) 提前付清樓價現金回贈 (f) Early Settlement Cash Rebate 見備註/See remarks 7",
2025-02-05,2025-02-17,,皓日 THE APERTURE,3,H,,6221000,,"300 天現金付款計劃 300-day Cash Payment Plan (a) 臨時訂金即樓價 5%於投標書獲賣方接納當日(即接納書的日期，如投標文件所示)繳付 (a) A preliminary deposit equivalent to 5% of the purchase price shall be paid upon the tender being accepted by the Vendor (i.e. the date of the Letter of Acceptance, as defined in Tender Document) (b) 加付訂金即樓價 5%於接納書的日期後 30 日內繳付 (b) A further deposit equivalent to 5% of the purchase price shall be paid within 30 days after the date of Letter of Acceptance (c) 樓價 90%(樓價餘額) 於接納書的日期後 300 日內繳付 (c) 90% of the purchase price (balance of purchase price) shall be paid within 300 days after the date of Letter of Acceptance (d) 「印花稅現金回贈」優惠 金額相等於100%就本物業而言的應繳從價印花稅第2標準税率，但在任何情況下印花稅現金回 贈之金額不超過樓價之 4.25% (d) ""Stamp Duty Cash Rebate"" Benefit Amount equivalent to 100% of the Ad Valorem Stamp Duty at Scale 2 payable in respect of the Property Provided That under no circumstances shall the Stamp Duty Cash Rebate exceed 4.25% of the Purchase Price (e) 提前付清樓價現金回贈 (e) Early Settlement Cash Rebate",
2025-03-07,2025-03-19,,皓日 THE APERTURE,8,A,,13538000,,"300 天現金付款計劃 300-day Cash Payment Plan (a) 臨時訂金即樓價 5%於投標書獲賣方接納當日(即接納書的日期，如投標文件所示)繳付 (a) A preliminary deposit equivalent to 5% of the purchase price shall be paid upon the tender being accepted by the Vendor (i.e. the date of the Letter of Acceptance, as defined in Tender Document) (b) 加付訂金即樓價 5%於接納書的日期後 30 日內繳付 (b) A further deposit equivalent to 5% of the purchase price shall be paid within 30 days after the date of Letter of Acceptance (c) 樓價 90%(樓價餘額) 於接納書的日期後 300 日內繳付 (c) 90% of the purchase price (balance of purchase price) shall be paid within 300 days after the date of Letter of Acceptance (d) 「特別現金回贈」優惠 金額相等於樓價之 2% (d) ""Special Cash Rebate"" Benefit Amount equivalent to 2% of the Purchase Price (e) 提前付清樓價現金回贈 (e) Early Settlement Cash Rebate",
2025-03-12,,,皓日 THE APERTURE,23,K,,8399000,,"(a) 價單第2G號支付條款(B項): 300天現金付款計劃 (照售價減4%) (a) Terms of Payment (item B) of Price List No.2G: 300-day Cash Payment Plan (4% discount from the Price) (b)「hello by Hang Lung Malls」會員優惠 (b) “hello by Hang Lung Malls” Member Discount (c) 東九龍盡享便捷地利折扣 (c) Kowloon East Metropolitan Convenience Discount (d) 聚焦生活精彩折扣 (d) Life Just Right Discount (e) 「印花稅現金回贈」優惠 (e) ""Stamp Duty Cash Rebate"" Benefit (f) 提前付清樓價現金回贈 (f) Early Settlement Cash Rebate 見備註/See remarks 7",
2025-05-14,2025-05-26,,皓日 THE APERTURE,7,A,,13048000,,"300 天現金付款計劃 300-day Cash Payment Plan (a) 臨時訂金即樓價 5%於投標書獲賣方接納當日(即接納書的日期，如投標文件所示)繳付 (a) A preliminary deposit equivalent to 5% of the purchase price shall be paid upon the tender being accepted by the Vendor (i.e. the date of the Letter of Acceptance, as defined in Tender Document) (b) 加付訂金即樓價 5%於接納書的日期後 30 日內繳付 (b) A further deposit equivalent to 5% of the purchase price shall be paid within 30 days after the date of Letter of Acceptance (c) 樓價 90%(樓價餘額) 於接納書的日期後 300 日內繳付 (c) 90% of the purchase price (balance of purchase price) shall be paid within 300 days after the date of Letter of Acceptance (d) 「特別現金回贈」優惠 金額相等於樓價之 2% (d) ""Special Cash Rebate"" Benefit Amount equivalent to 2% of the Purchase Price (e) 提前付清樓價現金回贈 (e) Early Settlement Cash Rebate",
2025-06-28,2025-07-10,,皓日 THE APERTURE,27,D,,10599000,,"(a) 價單第2H號支付條款(B項): 300天現金付款計劃 (照售價減4%) (a) Terms of Payment (item B) of Price List No.2H: 300-day Cash Payment Plan (4% discount from the Price) (b)「hello by Hang Lung Malls」會員優惠 (b) “hello by Hang Lung Malls” Member Discount (c) 東九龍盡享便捷地利折扣 (c) Kowloon East Metropolitan Convenience Discount (d) 聚焦生活精彩折扣 (d) Life Just Right Discount (e) 「印花稅現金回贈」優惠 (e) ""Stamp Duty Cash Rebate"" Benefit (f) 提前付清樓價現金回贈 (f) Early Settlement Cash Rebate 見備註/See remarks 7",
2025-07-06,2025-07-16,,皓日 THE APERTURE,5,E,,6412000,,"(a) 價單第2H號支付條款(B項): 300天現金付款計劃 (照售價減4%) (a) Terms of Payment (item B) of Price List No.2H: 300-day Cash Payment Plan (4% discount from the Price) (b)「hello by Hang Lung Malls」會員優惠 (b) “hello by Hang Lung Malls” Member Discount (c) 東九龍盡享便捷地利折扣 (c) Kowloon East Metropolitan Convenience Discount (d) 聚焦生活精彩折扣 (d) Life Just Right Discount (e) 「印花稅現金回贈」優惠 (e) ""Stamp Duty Cash Rebate"" Benefit (f) 提前付清樓價現金回贈 (f) Early Settlement Cash Rebate 見備註/See remarks 7",
2025-08-14,2025-08-26,,皓日 THE APERTURE,27,F,,11845000,,"(a) 價單第2I號支付條款(B項): 300天現金付款計劃 (照售價減4%) (a) Terms of Payment (item B) of Price List No.2I: 300-day Cash Payment Plan (4% discount from the Price) (b)「hello by Hang Lung Malls」會員優惠 (b) “hello by Hang Lung Malls” Member Discount (c) 東九龍盡享便捷地利折扣 (c) Kowloon East Metropolitan Convenience Discount (d) 聚焦生活精彩折扣 (d) Life Just Right Discount (e) 「印花稅現金回贈」優惠 (e) ""Stamp Duty Cash Rebate"" Benefit (f) 提前付清樓價現金回贈 (f) Early Settlement Cash Rebate 見備註/See remarks 7",
2025-10-17,2025-10-30,,皓日 THE APERTURE,6,A,,12888000,,"300 天現金付款計劃 300-day Cash Payment Plan (a) 臨時訂金即樓價 5%於投標書獲賣方接納當日(即接納書的日期，如投標文件所示)繳付 (a) A preliminary deposit equivalent to 5% of the purchase price shall be paid upon the tender being accepted by the Vendor (i.e. the date of the Letter of Acceptance, as defined in Tender Document) (b) 加付訂金即樓價 5%於接納書的日期後 30 日內繳付 (b) A further deposit equivalent to 5% of the purchase price shall be paid within 30 days after the date of Letter of Acceptance (c) 樓價 90%(樓價餘額) 於接納書的日期後 300 日內繳付 (c) 90% of the purchase price (balance of purchase price) shall be paid within 300 days after the date of Letter of Acceptance (d) 「特別現金回贈」優惠 金額相等於樓價之 2% (d) ""Special Cash Rebate"" Benefit Amount equivalent to 2% of the Purchase Price (e) 提前付清樓價現金回贈 (e) Early Settlement Cash Rebate",
2025-10-21,2025-11-03,,皓日 THE APERTURE,5,F,,10254000,,"(a) 價單第2I號支付條款(B項): 300天現金付款計劃 (照售價減4%) (a) Terms of Payment (item B) of Price List No.2I: 300-day Cash Payment Plan (4% discount from the Price) (b)「hello by Hang Lung Malls」會員優惠 (b) “hello by Hang Lung Malls” Member Discount (c) 東九龍盡享便捷地利折扣 (c) Kowloon East Metropolitan Convenience Discount (d) 聚焦生活精彩折扣 (d) Life Just Right Discount (e) 喜迎橋連薈萃折扣 (e) Embracing Bridge Connection Discount (f) 「印花稅現金回贈」優惠 (f) ""Stamp Duty Cash Rebate"" Benefit (g) 提前付清樓價現金回贈 (g) Early Settlement Cash Rebate 見備註/See remarks 7",
2025-10-29,2025-11-10,,皓日 THE APERTURE,21,K,,8332000,,"(a) 價單第2I號支付條款(B項): 300天現金付款計劃 (照售價減4%) (a) Terms of Payment (item B) of Price List No.2I: 300-day Cash Payment Plan (4% discount from the Price) (b)「hello by Hang Lung Malls」會員優惠 (b) “hello by Hang Lung Malls” Member Discount (c) 東九龍盡享便捷地利折扣 (c) Kowloon East Metropolitan Convenience Discount (d) 聚焦生活精彩折扣 (d) Life Just Right Discount (e) 「印花稅現金回贈」優惠 (e) ""Stamp Duty Cash Rebate"" Benefit (f) 提前付清樓價現金回贈 (f) Early Settlement Cash Rebate 見備註/See remarks 7",
2025-11-02,2025-11-12,,皓日 THE APERTURE,8,F,,10777000,,"(a) 價單第1G號支付條款(B項): 300天現金付款計劃 (照售價減4%) (a) Terms of Payment (item B) of Price List No.1G: 300-day Cash Payment Plan (4% discount from the Price) (b)「hello by Hang Lung Malls」會員優惠 (b) “hello by Hang Lung Malls” Member Discount (c) 東九龍盡享便捷地利折扣 (c) Kowloon East Metropolitan Convenience Discount (d) 聚焦生活精彩折扣 (d) Life Just Right Discount (e) 「印花稅現金回贈」優惠 (e) ""Stamp Duty Cash Rebate"" Benefit (f) 提前付清樓價現金回贈 (f) Early Settlement Cash Rebate 見備註/See remarks 7",
2025-11-02,2025-11-12,,皓日 THE APERTURE,11,D,,9661000,,"(a) 價單第1G號支付條款(B項): 300天現金付款計劃 (照售價減4%) (a) Terms of Payment (item B) of Price List No.1G: 300-day Cash Payment Plan (4% discount from the Price) (b)「hello by Hang Lung Malls」會員優惠 (b) “hello by Hang Lung Malls” Member Discount (c) 東九龍盡享便捷地利折扣 (c) Kowloon East Metropolitan Convenience Discount (d) 聚焦生活精彩折扣 (d) Life Just Right Discount (e) 「印花稅現金回贈」優惠 (e) ""Stamp Duty Cash Rebate"" Benefit (f) 提前付清樓價現金回贈 (f) Early Settlement Cash Rebate 見備註/See remarks 7",
2025-11-03,2025-11-13,,皓日 THE APERTURE,17,D,,10170000,,"(a) 價單第2I號支付條款(B項): 300天現金付款計劃 (照售價減4%) (a) Terms of Payment (item B) of Price List No.2I: 300-day Cash Payment Plan (4% discount from the Price) (b)「hello by Hang Lung Malls」會員優惠 (b) “hello by Hang Lung Malls” Member Discount (c) 東九龍盡享便捷地利折扣 (c) Kowloon East Metropolitan Convenience Discount (d) 聚焦生活精彩折扣 (d) Life Just Right Discount (e) 「印花稅現金回贈」優惠 (e) ""Stamp Duty Cash Rebate"" Benefit (f) 提前付清樓價現金回贈 (f) Early Settlement Cash Rebate 見備註/See remarks 7",
2025-11-03,2025-11-13,,皓日 THE APERTURE,26,H,,6719000,,"(a) 價單第2I號支付條款(B項): 300天現金付款計劃 (照售價減4%) (a) Terms of Payment (item B) of Price List No.2I: 300-day Cash Payment Plan (4% discount from the Price) (b)「hello by Hang Lung Malls」會員優惠 (b) “hello by Hang Lung Malls” Member Discount (c) 東九龍盡享便捷地利折扣 (c) Kowloon East Metropolitan Convenience Discount (d) 聚焦生活精彩折扣 (d) Life Just Right Discount (e) 「印花稅現金回贈」優惠 (e) ""Stamp Duty Cash Rebate"" Benefit (f) 提前付清樓價現金回贈 (f) Early Settlement Cash Rebate 見備註/See remarks 7",
2025-11-03,2025-11-13,,皓日 THE APERTURE,19,A,,14768000,,"300 天現金付款計劃 300-day Cash Payment Plan (a) 臨時訂金即樓價 5%於投標書獲賣方接納當日(即接納書的日期，如投標文件所示)繳付 (a) A preliminary deposit equivalent to 5% of the purchase price shall be paid upon the tender being accepted by the Vendor (i.e. the date of the Letter of Acceptance, as defined in Tender Document) (b) 加付訂金即樓價 5%於接納書的日期後 30 日內繳付 (b) A further deposit equivalent to 5% of the purchase price shall be paid within 30 days after the date of Letter of Acceptance (c) 樓價 90%(樓價餘額) 於接納書的日期後 300 日內繳付 (c) 90% of the purchase price (balance of purchase price) shall be paid within 300 days after the date of Letter of Acceptance (d) 優先認購㇐個停車位 (d) Priority to Purchase one Car Parking Space (e) 「特別現金回贈」優惠 金額相等於樓價之 2% (e) ""Special Cash Rebate"" Benefit Amount equivalent to 2% of the Purchase Price (f) 提前付清樓價現金回贈 (f) Early Settlement Cash Rebate",
2025-11-05,2025-11-17,,皓日 THE APERTURE,5,A,,12738000,,"300 天現金付款計劃 300-day Cash Payment Plan (a) 臨時訂金即樓價 5%於投標書獲賣方接納當日(即接納書的日期，如投標文件所示)繳付 (a) A preliminary deposit equivalent to 5% of the purchase price shall be paid upon the tender being accepted by the Vendor (i.e. the date of the Letter of Acceptance, as defined in Tender Document) (b) 加付訂金即樓價 5%於接納書的日期後 30 日內繳付 (b) A further deposit equivalent to 5% of the purchase price shall be paid within 30 days after the date of Letter of Acceptance (c) 樓價 90%(樓價餘額) 於接納書的日期後 300 日內繳付 (c) 90% of the purchase price (balance of purchase price) shall be paid within 300 days after the date of Letter of Acceptance (d) 「特別現金回贈」優惠 金額相等於樓價之 2% (d) ""Special Cash Rebate"" Benefit Amount equivalent to 2% of the Purchase Price (e) 提前付清樓價現金回贈 (e) Early Settlement Cash Rebate",
2025-11-05,2025-11-17,,皓日 THE APERTURE,3,C,,8824000,,"(a) 價單第1H號支付條款(B項): 300天現金付款計劃 (照售價減4%) (a) Terms of Payment (item B) of Price List No.1H: 300-day Cash Payment Plan (4% discount from the Price) (b)「hello by Hang Lung Malls」會員優惠 (b) “hello by Hang Lung Malls” Member Discount (c) 東九龍盡享便捷地利折扣 (c) Kowloon East Metropolitan Convenience Discount (d) 聚焦生活精彩折扣 (d) Life Just Right Discount (e) 喜迎橋連薈萃折扣 (e) Embracing Bridge Connection Discount (f) 「印花稅現金回贈」優惠 (f) ""Stamp Duty Cash Rebate"" Benefit (g) 提前付清樓價現金回贈 (g) Early Settlement Cash Rebate 見備註/See remarks 7",
2025-11-05,2025-11-17,,皓日 THE APERTURE,5,C,,9192000,,"(a) 價單第1H號支付條款(B項): 300天現金付款計劃 (照售價減4%) (a) Terms of Payment (item B) of Price List No.1H: 300-day Cash Payment Plan (4% discount from the Price) (b)「hello by Hang Lung Malls」會員優惠 (b) “hello by Hang Lung Malls” Member Discount (c) 東九龍盡享便捷地利折扣 (c) Kowloon East Metropolitan Convenience Discount (d) 聚焦生活精彩折扣 (d) Life Just Right Discount (e) 喜迎橋連薈萃折扣 (e) Embracing Bridge Connection Discount (f) 「印花稅現金回贈」優惠 (f) ""Stamp Duty Cash Rebate"" Benefit (g) 提前付清樓價現金回贈 (g) Early Settlement Cash Rebate 見備註/See remarks 7",
2025-11-06,2025-11-18,,皓日 THE APERTURE,6,C,,9490000,,"(a) 價單第1H號支付條款(B項): 300天現金付款計劃 (照售價減4%) (a) Terms of Payment (item B) of Price List No.1H: 300-day Cash Payment Plan (4% discount from the Price) (b)「hello by Hang Lung Malls」會員優惠 (b) “hello by Hang Lung Malls” Member Discount (c) 東九龍盡享便捷地利折扣 (c) Kowloon East Metropolitan Convenience Discount (d) 聚焦生活精彩折扣 (d) Life Just Right Discount (e) 喜迎橋連薈萃折扣 (e) Embracing Bridge Connection Discount (f) 「印花稅現金回贈」優惠 (f) ""Stamp Duty Cash Rebate"" Benefit (g) 提前付清樓價現金回贈 (g) Early Settlement Cash Rebate 見備註/See remarks 7",
2025-11-06,2025-11-18,,皓日 THE APERTURE,19,G,,8489000,,"(a) 價單第1H號支付條款(B項): 300天現金付款計劃 (照售價減4%) (a) Terms of Payment (item B) of Price List No.1H: 300-day Cash Payment Plan (4% discount from the Price) (b)「hello by Hang Lung Malls」會員優惠 (b) “hello by Hang Lung Malls” Member Discount (c) 東九龍盡享便捷地利折扣 (c) Kowloon East Metropolitan Convenience Discount (d) 聚焦生活精彩折扣 (d) Life Just Right Discount (e) 「印花稅現金回贈」優惠 (e) ""Stamp Duty Cash Rebate"" Benefit (f) 提前付清樓價現金回贈 (f) Early Settlement Cash Rebate 見備註/See remarks 7",
2025-11-08,2025-11-19,,皓日 THE APERTURE,6,F,,10459000,,"(a) 價單第2J號支付條款(B項): 300天現金付款計劃 (照售價減4%) (a) Terms of Payment (item B) of Price List No.2J: 300-day Cash Payment Plan (4% discount from the Price) (b)「hello by Hang Lung Malls」會員優惠 (b) “hello by Hang Lung Malls” Member Discount (c) 東九龍盡享便捷地利折扣 (c) Kowloon East Metropolitan Convenience Discount (d) 聚焦生活精彩折扣 (d) Life Just Right Discount (e) 喜迎橋連薈萃折扣 (e) Embracing Bridge Connection Discount (f) 「印花稅現金回贈」優惠 (f) ""Stamp Duty Cash Rebate"" Benefit (g) 提前付清樓價現金回贈 (g) Early Settlement Cash Rebate 見備註/See remarks 7",
2025-11-10,2025-11-20,,皓日 THE APERTURE,18,F,,11384000,,"(a) 價單第2J號支付條款(B項): 300天現金付款計劃 (照售價減4%) (a) Terms of Payment (item B) of Price List No.2J: 300-day Cash Payment Plan (4% discount from the Price) (b)「hello by Hang Lung Malls」會員優惠 (b) “hello by Hang Lung Malls” Member Discount (c) 東九龍盡享便捷地利折扣 (c) Kowloon East Metropolitan Convenience Discount (d) 聚焦生活精彩折扣 (d) Life Just Right Discount (e) 「印花稅現金回贈」優惠 (e) ""Stamp Duty Cash Rebate"" Benefit (f) 提前付清樓價現金回贈 (f) Early Settlement Cash Rebate 見備註/See remarks 7",
2025-11-12,2025-11-24,,皓日 THE APERTURE,3,F,,9902000,,"(a) 價單第2J號支付條款(B項): 300天現金付款計劃 (照售價減4%) (a) Terms of Payment (item B) of Price List No.2J: 300-day Cash Payment Plan (4% discount from the Price) (b)「hello by Hang Lung Malls」會員優惠 (b) “hello by Hang Lung Malls” Member Discount (c) 東九龍盡享便捷地利折扣 (c) Kowloon East Metropolitan Convenience Discount (d) 聚焦生活精彩折扣 (d) Life Just Right Discount (e) 喜迎橋連薈萃折扣 (e) Embracing Bridge Connection Discount (f) 「印花稅現金回贈」優惠 (f) ""Stamp Duty Cash Rebate"" Benefit (g) 提前付清樓價現金回贈 (g) Early Settlement Cash Rebate 見備註/See remarks 7",
2025-11-12,2025-11-24,,皓日 THE APERTURE,26,F,,11780000,,"(a) 價單第2J號支付條款(B項): 300天現金付款計劃 (照售價減4%) (a) Terms of Payment (item B) of Price List No.2J: 300-day Cash Payment Plan (4% discount from the Price) (b)「hello by Hang Lung Malls」會員優惠 (b) “hello by Hang Lung Malls” Member Discount (c) 東九龍盡享便捷地利折扣 (c) Kowloon East Metropolitan Convenience Discount (d) 聚焦生活精彩折扣 (d) Life Just Right Discount (e) 「印花稅現金回贈」優惠 (e) ""Stamp Duty Cash Rebate"" Benefit (f) 提前付清樓價現金回贈 (f) Early Settlement Cash Rebate 見備註/See remarks 7",
2025-11-12,2025-11-24,,皓日 THE APERTURE,7,C,,9797000,,"(a) 價單第1H號支付條款(B項): 300天現金付款計劃 (照售價減4%) (a) Terms of Payment (item B) of Price List No.1H: 300-day Cash Payment Plan (4% discount from the Price) (b)「hello by Hang Lung Malls」會員優惠 (b) “hello by Hang Lung Malls” Member Discount (c) 東九龍盡享便捷地利折扣 (c) Kowloon East Metropolitan Convenience Discount (d) 聚焦生活精彩折扣 (d) Life Just Right Discount (e) 喜迎橋連薈萃折扣 (e) Embracing Bridge Connection Discount (f) 「印花稅現金回贈」優惠 (f) ""Stamp Duty Cash Rebate"" Benefit (g) 提前付清樓價現金回贈 (g) Early Settlement Cash Rebate 見備註/See remarks 7",
2025-11-15,2025-11-26,,皓日 THE APERTURE,25,K,,8432000,,"(a) 價單第2J號支付條款(B項): 300天現金付款計劃 (照售價減4%) (a) Terms of Payment (item B) of Price List No.2J: 300-day Cash Payment Plan (4% discount from the Price) (b)「hello by Hang Lung Malls」會員優惠 (b) “hello by Hang Lung Malls” Member Discount (c) 東九龍盡享便捷地利折扣 (c) Kowloon East Metropolitan Convenience Discount (d) 聚焦生活精彩折扣 (d) Life Just Right Discount (e) 「印花稅現金回贈」優惠 (e) ""Stamp Duty Cash Rebate"" Benefit (f) 提前付清樓價現金回贈 (f) Early Settlement Cash Rebate 見備註/See remarks 7",
2025-11-17,2025-11-27,,皓日 THE APERTURE,3,A,,12488000,,"300 天現金付款計劃 300-day Cash Payment Plan (a) 臨時訂金即樓價 5%於投標書獲賣方接納當日(即接納書的日期，如投標文件所示)繳付 (a) A preliminary deposit equivalent to 5% of the purchase price shall be paid upon the tender being accepted by the Vendor (i.e. the date of the Letter of Acceptance, as defined in Tender Document) (b) 加付訂金即樓價 5%於接納書的日期後 30 日內繳付 (b) A further deposit equivalent to 5% of the purchase price shall be paid within 30 days after the date of Letter of Acceptance (c) 樓價 90%(樓價餘額) 於接納書的日期後 300 日內繳付 (c) 90% of the purchase price (balance of purchase price) shall be paid within 300 days after the date of Letter of Acceptance (d) 「特別現金回贈」優惠 金額相等於樓價之 2% (d) ""Special Cash Rebate"" Benefit Amount equivalent to 2% of the Purchase Price (e) 提前付清樓價現金回贈 (e) Early Settlement Cash Rebate",
2025-11-17,2025-11-27,,皓日 THE APERTURE,8,D,,9517000,,"(a) 價單第1H號支付條款(B項): 300天現金付款計劃 (照售價減4%) (a) Terms of Payment (item B) of Price List No.1H: 300-day Cash Payment Plan (4% discount from the Price) (b)「hello by Hang Lung Malls」會員優惠 (b) “hello by Hang Lung Malls” Member Discount (c) 東九龍盡享便捷地利折扣 (c) Kowloon East Metropolitan Convenience Discount (d) 聚焦生活精彩折扣 (d) Life Just Right Discount (e) 「印花稅現金回贈」優惠 (e) ""Stamp Duty Cash Rebate"" Benefit (f) 提前付清樓價現金回贈 (f) Early Settlement Cash Rebate 見備註/See remarks 7",
2025-11-22,2025-12-03,,皓日 THE APERTURE,22,K,,8366000,,"(a) 價單第2J號支付條款(B項): 300天現金付款計劃 (照售價減4%) (a) Terms of Payment (item B) of Price List No.2J: 300-day Cash Payment Plan (4% discount from the Price) (b)「hello by Hang Lung Malls」會員優惠 (b) “hello by Hang Lung Malls” Member Discount (c) 東九龍盡享便捷地利折扣 (c) Kowloon East Metropolitan Convenience Discount (d) 聚焦生活精彩折扣 (d) Life Just Right Discount (e) 「印花稅現金回贈」優惠 (e) ""Stamp Duty Cash Rebate"" Benefit (f) 提前付清樓價現金回贈 (f) Early Settlement Cash Rebate 見備註/See remarks 7",
2025-11-23,2025-12-03,,皓日 THE APERTURE,23,K,,8399000,,"(a) 價單第2J號支付條款(B項): 300天現金付款計劃 (照售價減4%) (a) Terms of Payment (item B) of Price List No.2J: 300-day Cash Payment Plan (4% discount from the Price) (b)「hello by Hang Lung Malls」會員優惠 (b) “hello by Hang Lung Malls” Member Discount (c) 東九龍盡享便捷地利折扣 (c) Kowloon East Metropolitan Convenience Discount (d) 聚焦生活精彩折扣 (d) Life Just Right Discount (e) 「印花稅現金回贈」優惠 (e) ""Stamp Duty Cash Rebate"" Benefit (f) 提前付清樓價現金回贈 (f) Early Settlement Cash Rebate 見備註/See remarks 7",
2025-11-23,2025-12-03,,皓日 THE APERTURE,27,K,,8500000,,"(a) 價單第2J號支付條款(B項): 300天現金付款計劃 (照售價減4%) (a) Terms of Payment (item B) of Price List No.2J: 300-day Cash Payment Plan (4% discount from the Price) (b)「hello by Hang Lung Malls」會員優惠 (b) “hello by Hang Lung Malls” Member Discount (c) 東九龍盡享便捷地利折扣 (c) Kowloon East Metropolitan Convenience Discount (d) 聚焦生活精彩折扣 (d) Life Just Right Discount (e) 「印花稅現金回贈」優惠 (e) ""Stamp Duty Cash Rebate"" Benefit (f) 提前付清樓價現金回贈 (f) Early Settlement Cash Rebate 見備註/See remarks 7",
2025-11-23,2025-12-03,,皓日 THE APERTURE,30,B,,10172000,,"(a) 價單第2J號支付條款(B項): 300天現金付款計劃 (照售價減4%) (a) Terms of Payment (item B) of Price List No.2J: 300-day Cash Payment Plan (4% discount from the Price) (b)「hello by Hang Lung Malls」會員優惠 (b) “hello by Hang Lung Malls” Member Discount (c) 東九龍盡享便捷地利折扣 (c) Kowloon East Metropolitan Convenience Discount (d) 聚焦生活精彩折扣 (d) Life Just Right Discount (e) 「印花稅現金回贈」優惠 (e) ""Stamp Duty Cash Rebate"" Benefit (f) 提前付清樓價現金回贈 (f) Early Settlement Cash Rebate 見備註/See remarks 7",
2025-11-23,2025-12-03,,皓日 THE APERTURE,9,B,,9044000,,"(a) 價單第2J號支付條款(B項): 300天現金付款計劃 (照售價減4%) (a) Terms of Payment (item B) of Price List No.2J: 300-day Cash Payment Plan (4% discount from the Price) (b)「hello by Hang Lung Malls」會員優惠 (b) “hello by Hang Lung Malls” Member Discount (c) 東九龍盡享便捷地利折扣 (c) Kowloon East Metropolitan Convenience Discount (d) 聚焦生活精彩折扣 (d) Life Just Right Discount (e) 「印花稅現金回贈」優惠 (e) ""Stamp Duty Cash Rebate"" Benefit (f) 提前付清樓價現金回贈 (f) Early Settlement Cash Rebate 見備註/See remarks 7",
2025-11-24,2025-12-04,,皓日 THE APERTURE,30,A,,15728000,,"300 天現金付款計劃 300-day Cash Payment Plan (a) 臨時訂金即樓價 5%於投標書獲賣方接納當日(即接納書的日期，如投標文件所示)繳付 (a) A preliminary deposit equivalent to 5% of the purchase price shall be paid upon the tender being accepted by the Vendor (i.e. the date of the Letter of Acceptance, as defined in Tender Document) (b) 加付訂金即樓價 5%於接納書的日期後 30 日內繳付 (b) A further deposit equivalent to 5% of the purchase price shall be paid within 30 days after the date of Letter of Acceptance (c) 樓價 90%(樓價餘額) 於接納書的日期後 300 日內繳付 (c) 90% of the purchase price (balance of purchase price) shall be paid within 300 days after the date of Letter of Acceptance (d) 優先認購㇐個停車位 (d) Priority to Purchase one Car Parking Space (e) 「特別現金回贈」優惠 金額相等於樓價之 2% (e) ""Special Cash Rebate"" Benefit Amount equivalent to 2% of the Purchase Price (f) 提前付清樓價現金回贈 (f) Early Settlement Cash Rebate",
2025-11-24,2025-12-04,,皓日 THE APERTURE,26,K,,8466000,,"(a) 價單第2J號支付條款(B項): 300天現金付款計劃 (照售價減4%) (a) Terms of Payment (item B) of Price List No.2J: 300-day Cash Payment Plan (4% discount from the Price) (b)「hello by Hang Lung Malls」會員優惠 (b) “hello by Hang Lung Malls” Member Discount (c) 東九龍盡享便捷地利折扣 (c) Kowloon East Metropolitan Convenience Discount (d) 聚焦生活精彩折扣 (d) Life Just Right Discount (e) 「印花稅現金回贈」優惠 (e) ""Stamp Duty Cash Rebate"" Benefit (f) 提前付清樓價現金回贈 (f) Early Settlement Cash Rebate 見備註/See remarks 7",
2025-11-24,2025-12-04,,皓日 THE APERTURE,23,F,,11652000,,"(a) 價單第2J號支付條款(B項): 300天現金付款計劃 (照售價減4%) (a) Terms of Payment (item B) of Price List No.2J: 300-day Cash Payment Plan (4% discount from the Price) (b)「hello by Hang Lung Malls」會員優惠 (b) “hello by Hang Lung Malls” Member Discount (c) 東九龍盡享便捷地利折扣 (c) Kowloon East Metropolitan Convenience Discount (d) 聚焦生活精彩折扣 (d) Life Just Right Discount (e) 「印花稅現金回贈」優惠 (e) ""Stamp Duty Cash Rebate"" Benefit (f) 提前付清樓價現金回贈 (f) Early Settlement Cash Rebate 見備註/See remarks 7",
2025-11-27,2025-12-09,,皓日 THE APERTURE,9,C,,10191000,,"(a) 價單第1H號支付條款(B項): 300天現金付款計劃 (照售價減4%) (a) Terms of Payment (item B) of Price List No.1H: 300-day Cash Payment Plan (4% discount from the Price) (b)「hello by Hang Lung Malls」會員優惠 (b) “hello by Hang Lung Malls” Member Discount (c) 東九龍盡享便捷地利折扣 (c) Kowloon East Metropolitan Convenience Discount (d) 聚焦生活精彩折扣 (d) Life Just Right Discount (e) 「印花稅現金回贈」優惠 (e) ""Stamp Duty Cash Rebate"" Benefit (f) 提前付清樓價現金回贈 (f) Early Settlement Cash Rebate 見備註/See remarks 7",
2025-11-29,2025-12-10,,皓日 THE APERTURE,21,A,,14921000,,"300 天現金付款計劃 300-day Cash Payment Plan (a) 臨時訂金即樓價 5%於投標書獲賣方接納當日(即接納書的日期，如投標文件所示)繳付 (a) A preliminary deposit equivalent to 5% of the purchase price shall be paid upon the tender being accepted by the Vendor (i.e. the date of the Letter of Acceptance, as defined in Tender Document) (b) 加付訂金即樓價 5%於接納書的日期後 30 日內繳付 (b) A further deposit equivalent to 5% of the purchase price shall be paid within 30 days after the date of Letter of Acceptance (c) 樓價 90%(樓價餘額) 於接納書的日期後 300 日內繳付 (c) 90% of the purchase price (balance of purchase price) shall be paid within 300 days after the date of Letter of Acceptance (d) 優先認購㇐個停車位 (d) Priority to Purchase one Car Parking Space (e) 「特別現金回贈」優惠 金額相等於樓價之 2% (e) ""Special Cash Rebate"" Benefit Amount equivalent to 2% of the Purchase Price (f) 提前付清樓價現金回贈 (f) Early Settlement Cash Rebate",
2025-11-29,2025-12-10,,皓日 THE APERTURE,20,F,,11481000,,"(a) 價單第2J號支付條款(B項): 300天現金付款計劃 (照售價減4%) (a) Terms of Payment (item B) of Price List No.2J: 300-day Cash Payment Plan (4% discount from the Price) (b)「hello by Hang Lung Malls」會員優惠 (b) “hello by Hang Lung Malls” Member Discount (c) 東九龍盡享便捷地利折扣 (c) Kowloon East Metropolitan Convenience Discount (d) 聚焦生活精彩折扣 (d) Life Just Right Discount (e) 「印花稅現金回贈」優惠 (e) ""Stamp Duty Cash Rebate"" Benefit (f) 提前付清樓價現金回贈 (f) Early Settlement Cash Rebate 見備註/See remarks 7",
2025-11-29,2025-12-10,,皓日 THE APERTURE,17,C,,10531000,,"(a) 價單第2J號支付條款(B項): 300天現金付款計劃 (照售價減4%) (a) Terms of Payment (item B) of Price List No.2J: 300-day Cash Payment Plan (4% discount from the Price) (b)「hello by Hang Lung Malls」會員優惠 (b) “hello by Hang Lung Malls” Member Discount (c) 東九龍盡享便捷地利折扣 (c) Kowloon East Metropolitan Convenience Discount (d) 聚焦生活精彩折扣 (d) Life Just Right Discount (e) 「印花稅現金回贈」優惠 (e) ""Stamp Duty Cash Rebate"" Benefit (f) 提前付清樓價現金回贈 (f) Early Settlement Cash Rebate 見備註/See remarks 7",
2025-11-29,2025-12-10,,皓日 THE APERTURE,11,C,,10303000,,"(a) 價單第2J號支付條款(B項): 300天現金付款計劃 (照售價減4%) (a) Terms of Payment (item B) of Price List No.2J: 300-day Cash Payment Plan (4% discount from the Price) (b)「hello by Hang Lung Malls」會員優惠 (b) “hello by Hang Lung Malls” Member Discount (c) 東九龍盡享便捷地利折扣 (c) Kowloon East Metropolitan Convenience Discount (d) 聚焦生活精彩折扣 (d) Life Just Right Discount (e) 「印花稅現金回贈」優惠 (e) ""Stamp Duty Cash Rebate"" Benefit (f) 提前付清樓價現金回贈 (f) Early Settlement Cash Rebate 見備註/See remarks 7",
2025-11-29,2025-12-10,,皓日 THE APERTURE,8,B,,9014000,,"(a) 價單第2J號支付條款(B項): 300天現金付款計劃 (照售價減4%) (a) Terms of Payment (item B) of Price List No.2J: 300-day Cash Payment Plan (4% discount from the Price) (b)「hello by Hang Lung Malls」會員優惠 (b) “hello by Hang Lung Malls” Member Discount (c) 東九龍盡享便捷地利折扣 (c) Kowloon East Metropolitan Convenience Discount (d) 聚焦生活精彩折扣 (d) Life Just Right Discount (e) 「印花稅現金回贈」優惠 (e) ""Stamp Duty Cash Rebate"" Benefit (f) 提前付清樓價現金回贈 (f) Early Settlement Cash Rebate 見備註/See remarks 7",
2025-11-29,2025-12-10,,皓日 THE APERTURE,16,C,,10474000,,"(a) 價單第2J號支付條款(B項): 300天現金付款計劃 (照售價減4%) (a) Terms of Payment (item B) of Price List No.2J: 300-day Cash Payment Plan (4% discount from the Price) (b)「hello by Hang Lung Malls」會員優惠 (b) “hello by Hang Lung Malls” Member Discount (c) 東九龍盡享便捷地利折扣 (c) Kowloon East Metropolitan Convenience Discount (d) 聚焦生活精彩折扣 (d) Life Just Right Discount (e) 「印花稅現金回贈」優惠 (e) ""Stamp Duty Cash Rebate"" Benefit (f) 提前付清樓價現金回贈 (f) Early Settlement Cash Rebate 見備註/See remarks 7",
2025-11-30,2025-12-10,,皓日 THE APERTURE,18,D,,10252000,,"(a) 價單第2J號支付條款(B項): 300天現金付款計劃 (照售價減4%) (a) Terms of Payment (item B) of Price List No.2J: 300-day Cash Payment Plan (4% discount from the Price) (b)「hello by Hang Lung Malls」會員優惠 (b) “hello by Hang Lung Malls” Member Discount (c) 東九龍盡享便捷地利折扣 (c) Kowloon East Metropolitan Convenience Discount (d) 聚焦生活精彩折扣 (d) Life Just Right Discount (e) 「印花稅現金回贈」優惠 (e) ""Stamp Duty Cash Rebate"" Benefit (f) 提前付清樓價現金回贈 (f) Early Settlement Cash Rebate 見備註/See remarks 7",
2025-12-02,2025-12-12,,皓日 THE APERTURE,12,F,,11110000,,"(a) 價單第1I號支付條款(B項): 300天現金付款計劃 (照售價減4%) (a) Terms of Payment (item B) of Price List No.1I: 300-day Cash Payment Plan (4% discount from the Price) (b)「hello by Hang Lung Malls」會員優惠 (b) “hello by Hang Lung Malls” Member Discount (c) 東九龍盡享便捷地利折扣 (c) Kowloon East Metropolitan Convenience Discount (d) 聚焦生活精彩折扣 (d) Life Just Right Discount (e) 「印花稅現金回贈」優惠 (e) ""Stamp Duty Cash Rebate"" Benefit (f) 提前付清樓價現金回贈 (f) Early Settlement Cash Rebate 見備註/See remarks 7",
2025-12-03,2025-12-15,,皓日 THE APERTURE,3,J,,6209000,,"300 天現金付款計劃 300-day Cash Payment Plan (a) 臨時訂金即樓價 5%於投標書獲賣方接納當日(即接納書的日期，如投標文件所示)繳付 (a) A preliminary deposit equivalent to 5% of the purchase price shall be paid upon the tender being accepted by the Vendor (i.e. the date of the Letter of Acceptance, as defined in Tender Document) (b) 加付訂金即樓價 5%於接納書的日期後 30 日內繳付 (b) A further deposit equivalent to 5% of the purchase price shall be paid within 30 days after the date of Letter of Acceptance (c) 樓價 90%(樓價餘額) 於接納書的日期後 300 日內繳付 (c) 90% of the purchase price (balance of purchase price) shall be paid within 300 days after the date of Letter of Acceptance (d) 「印花稅現金回贈」優惠 金額相等於100%就本物業而言的應繳從價印花稅第2標準税率，但在任何情況下印花稅現金回 贈之金額不超過樓價之 4.25% (d) ""Stamp Duty Cash Rebate"" Benefit Amount equivalent to 100% of the Ad Valorem Stamp Duty at Scale 2 payable in respect of the Property Provided That under no circumstances shall the Stamp Duty Cash Rebate exceed 4.25% of the Purchase Price (e) 提前付清樓價現金回贈 (e) Early Settlement Cash Rebate",
2025-12-11,2025-12-23,,皓日 THE APERTURE,20,A,,14838000,,"300 天現金付款計劃 300-day Cash Payment Plan (a) 臨時訂金即樓價 5%於投標書獲賣方接納當日(即接納書的日期，如投標文件所示)繳付 (a) A preliminary deposit equivalent to 5% of the purchase price shall be paid upon the tender being accepted by the Vendor (i.e. the date of the Letter of Acceptance, as defined in Tender Document) (b) 加付訂金即樓價 5%於接納書的日期後 30 日內繳付 (b) A further deposit equivalent to 5% of the purchase price shall be paid within 30 days after the date of Letter of Acceptance (c) 樓價 90%(樓價餘額) 於接納書的日期後 300 日內繳付 (c) 90% of the purchase price (balance of purchase price) shall be paid within 300 days after the date of Letter of Acceptance (d) 優先認購㇐個停車位 (d) Priority to Purchase one Car Parking Space (e) 「特別現金回贈」優惠 金額相等於樓價之 2% (e) ""Special Cash Rebate"" Benefit Amount equivalent to 2% of the Purchase Price (f) 提前付清樓價現金回贈 (f) Early Settlement Cash Rebate",
2025-12-17,2025-12-31,,皓日 THE APERTURE,23,D,,10426000,,"(a) 價單第2L號支付條款(B項): 300天現金付款計劃 (照售價減4%) (a) Terms of Payment (item B) of Price List No.2L: 300-day Cash Payment Plan (4% discount from the Price) (b)「hello by Hang Lung Malls」會員優惠 (b) “hello by Hang Lung Malls” Member Discount (c) 東九龍盡享便捷地利折扣 (c) Kowloon East Metropolitan Convenience Discount (d) 聚焦生活精彩折扣 (d) Life Just Right Discount (e) 「印花稅現金回贈」優惠 (e) ""Stamp Duty Cash Rebate"" Benefit (f) 提前付清樓價現金回贈 (f) Early Settlement Cash Rebate 見備註/See remarks 7",
2025-12-17,2025-12-31,,皓日 THE APERTURE,16,F,,11232000,,"(a) 價單第2L號支付條款(B項): 300天現金付款計劃 (照售價減4%) (a) Terms of Payment (item B) of Price List No.2L: 300-day Cash Payment Plan (4% discount from the Price) (b)「hello by Hang Lung Malls」會員優惠 (b) “hello by Hang Lung Malls” Member Discount (c) 東九龍盡享便捷地利折扣 (c) Kowloon East Metropolitan Convenience Discount (d) 聚焦生活精彩折扣 (d) Life Just Right Discount (e) 「印花稅現金回贈」優惠 (e) ""Stamp Duty Cash Rebate"" Benefit (f) 提前付清樓價現金回贈 (f) Early Settlement Cash Rebate 見備註/See remarks 7",
2025-12-19,2026-01-05,,皓日 THE APERTURE,15,C,,10417000,,"(a) 價單第2L號支付條款(B項): 300天現金付款計劃 (照售價減4%) (a) Terms of Payment (item B) of Price List No.2L: 300-day Cash Payment Plan (4% discount from the Price) (b)「hello by Hang Lung Malls」會員優惠 (b) “hello by Hang Lung Malls” Member Discount (c) 東九龍盡享便捷地利折扣 (c) Kowloon East Metropolitan Convenience Discount (d) 聚焦生活精彩折扣 (d) Life Just Right Discount (e) 「印花稅現金回贈」優惠 (e) ""Stamp Duty Cash Rebate"" Benefit (f) 提前付清樓價現金回贈 (f) Early Settlement Cash Rebate 見備註/See remarks 7",
2025-12-21,2026-01-05,,皓日 THE APERTURE,31,A,,15828000,,"300 天現金付款計劃 300-day Cash Payment Plan (a) 臨時訂金即樓價 5%於投標書獲賣方接納當日(即接納書的日期，如投標文件所示)繳付 (a) A preliminary deposit equivalent to 5% of the purchase price shall be paid upon the tender being accepted by the Vendor (i.e. the date of the Letter of Acceptance, as defined in Tender Document) (b) 加付訂金即樓價 5%於接納書的日期後 30 日內繳付 (b) A further deposit equivalent to 5% of the purchase price shall be paid within 30 days after the date of Letter of Acceptance (c) 樓價 90%(樓價餘額) 於接納書的日期後 300 日內繳付 (c) 90% of the purchase price (balance of purchase price) shall be paid within 300 days after the date of Letter of Acceptance (d) 優先認購㇐個停車位 (d) Priority to Purchase one Car Parking Space (e) 「特別現金回贈」優惠 金額相等於樓價之 2% (e) ""Special Cash Rebate"" Benefit Amount equivalent to 2% of the Purchase Price (f) 提前付清樓價現金回贈 (f) Early Settlement Cash Rebate",
2025-12-21,2026-01-05,,皓日 THE APERTURE,19,D,,10283000,,"(a) 價單第2L號支付條款(B項): 300天現金付款計劃 (照售價減4%) (a) Terms of Payment (item B) of Price List No.2L: 300-day Cash Payment Plan (4% discount from the Price) (b)「hello by Hang Lung Malls」會員優惠 (b) “hello by Hang Lung Malls” Member Discount (c) 東九龍盡享便捷地利折扣 (c) Kowloon East Metropolitan Convenience Discount (d) 聚焦生活精彩折扣 (d) Life Just Right Discount (e) 「印花稅現金回贈」優惠 (e) ""Stamp Duty Cash Rebate"" Benefit (f) 提前付清樓價現金回贈 (f) Early Settlement Cash Rebate 見備註/See remarks 7",
2025-12-22,2026-01-06,,皓日 THE APERTURE,16,B,,9405000,,"(a) 價單第1J號支付條款(B項): 300天現金付款計劃 (照售價減4%) (a) Terms of Payment (item B) of Price List No.1J: 300-day Cash Payment Plan (4% discount from the Price) (b)「hello by Hang Lung Malls」會員優惠 (b) “hello by Hang Lung Malls” Member Discount (c) 東九龍盡享便捷地利折扣 (c) Kowloon East Metropolitan Convenience Discount (d) 聚焦生活精彩折扣 (d) Life Just Right Discount (e) 「印花稅現金回贈」優惠 (e) ""Stamp Duty Cash Rebate"" Benefit (f) 提前付清樓價現金回贈 (f) Early Settlement Cash Rebate 見備註/See remarks 7",
2025-12-23,2026-01-07,,皓日 THE APERTURE,12,C,,10360000,,"(a) 價單第2L號支付條款(B項): 300天現金付款計劃 (照售價減4%) (a) Terms of Payment (item B) of Price List No.2L: 300-day Cash Payment Plan (4% discount from the Price) (b)「hello by Hang Lung Malls」會員優惠 (b) “hello by Hang Lung Malls” Member Discount (c) 東九龍盡享便捷地利折扣 (c) Kowloon East Metropolitan Convenience Discount (d) 聚焦生活精彩折扣 (d) Life Just Right Discount (e) 「印花稅現金回贈」優惠 (e) ""Stamp Duty Cash Rebate"" Benefit (f) 提前付清樓價現金回贈 (f) Early Settlement Cash Rebate 見備註/See remarks 7",
2025-12-24,2026-01-08,,皓日 THE APERTURE,17,B,,9461000,,"(a) 價單第2L號支付條款(B項): 300天現金付款計劃 (照售價減4%) (a) Terms of Payment (item B) of Price List No.2L: 300-day Cash Payment Plan (4% discount from the Price) (b)「hello by Hang Lung Malls」會員優惠 (b) “hello by Hang Lung Malls” Member Discount (c) 東九龍盡享便捷地利折扣 (c) Kowloon East Metropolitan Convenience Discount (d) 聚焦生活精彩折扣 (d) Life Just Right Discount (e) 「印花稅現金回贈」優惠 (e) ""Stamp Duty Cash Rebate"" Benefit (f) 提前付清樓價現金回贈 (f) Early Settlement Cash Rebate 見備註/See remarks 7",
2025-12-25,2026-01-08,,皓日 THE APERTURE,8,C,,10160000,,"(a) 價單第1J號支付條款(B項): 300天現金付款計劃 (照售價減4%) (a) Terms of Payment (item B) of Price List No.1J: 300-day Cash Payment Plan (4% discount from the Price) (b)「hello by Hang Lung Malls」會員優惠 (b) “hello by Hang Lung Malls” Member Discount (c) 東九龍盡享便捷地利折扣 (c) Kowloon East Metropolitan Convenience Discount (d) 聚焦生活精彩折扣 (d) Life Just Right Discount (e) 「印花稅現金回贈」優惠 (e) ""Stamp Duty Cash Rebate"" Benefit (f) 提前付清樓價現金回贈 (f) Early Settlement Cash Rebate 見備註/See remarks 7",
2025-12-25,2026-01-08,,皓日 THE APERTURE,15,A,,14186000,,"300 天現金付款計劃 300-day Cash Payment Plan (a) 臨時訂金即樓價 5%於投標書獲賣方接納當日(即接納書的日期，如投標文件所示)繳付 (a) A preliminary deposit equivalent to 5% of the purchase price shall be paid upon the tender being accepted by the Vendor (i.e. the date of the Letter of Acceptance, as defined in Tender Document) (b) 加付訂金即樓價 5%於接納書的日期後 30 日內繳付 (b) A further deposit equivalent to 5% of the purchase price shall be paid within 30 days after the date of Letter of Acceptance (c) 樓價 90%(樓價餘額) 於接納書的日期後 300 日內繳付 (c) 90% of the purchase price (balance of purchase price) shall be paid within 300 days after the date of Letter of Acceptance (d) 優先認購㇐個停車位 (d) Priority to Purchase one Car Parking Space (e) 「特別現金回贈」優惠 金額相等於樓價之 2% (e) ""Special Cash Rebate"" Benefit Amount equivalent to 2% of the Purchase Price (f) 提前付清樓價現金回贈 (f) Early Settlement Cash Rebate",
2025-12-26,2026-01-08,,皓日 THE APERTURE,31,H,,6855000,,"(a) 價單第2L號支付條款(B項): 300天現金付款計劃 (照售價減4%) (a) Terms of Payment (item B) of Price List No.2L: 300-day Cash Payment Plan (4% discount from the Price) (b)「hello by Hang Lung Malls」會員優惠 (b) “hello by Hang Lung Malls” Member Discount (c) 東九龍盡享便捷地利折扣 (c) Kowloon East Metropolitan Convenience Discount (d) 聚焦生活精彩折扣 (d) Life Just Right Discount (e) 「印花稅現金回贈」優惠 (e) ""Stamp Duty Cash Rebate"" Benefit (f) 提前付清樓價現金回贈 (f) Early Settlement Cash Rebate 見備註/See remarks 7",
2025-12-29,2026-01-09,,皓日 THE APERTURE,29,C,,11243000,,"(a) 價單第2L號支付條款(B項): 300天現金付款計劃 (照售價減4%) (a) Terms of Payment (item B) of Price List No.2L: 300-day Cash Payment Plan (4% discount from the Price) (b)「hello by Hang Lung Malls」會員優惠 (b) “hello by Hang Lung Malls” Member Discount (c) 東九龍盡享便捷地利折扣 (c) Kowloon East Metropolitan Convenience Discount (d) 聚焦生活精彩折扣 (d) Life Just Right Discount (e) 「印花稅現金回贈」優惠 (e) ""Stamp Duty Cash Rebate"" Benefit (f) 提前付清樓價現金回贈 (f) Early Settlement Cash Rebate 見備註/See remarks 7",
2025-12-29,2026-01-09,,皓日 THE APERTURE,10,F,,10988000,,"(a) 價單第2L號支付條款(B項): 300天現金付款計劃 (照售價減4%) (a) Terms of Payment (item B) of Price List No.2L: 300-day Cash Payment Plan (4% discount from the Price) (b)「hello by Hang Lung Malls」會員優惠 (b) “hello by Hang Lung Malls” Member Discount (c) 東九龍盡享便捷地利折扣 (c) Kowloon East Metropolitan Convenience Discount (d) 聚焦生活精彩折扣 (d) Life Just Right Discount (e) 「印花稅現金回贈」優惠 (e) ""Stamp Duty Cash Rebate"" Benefit (f) 提前付清樓價現金回贈 (f) Early Settlement Cash Rebate 見備註/See remarks 7",
2025-12-30,2026-01-12,,皓日 THE APERTURE,9,A,,13633000,,"300 天現金付款計劃 300-day Cash Payment Plan (a) 臨時訂金即樓價 5%於投標書獲賣方接納當日(即接納書的日期，如投標文件所示)繳付 (a) A preliminary deposit equivalent to 5% of the purchase price shall be paid upon the tender being accepted by the Vendor (i.e. the date of the Letter of Acceptance, as defined in Tender Document) (b) 加付訂金即樓價 5%於接納書的日期後 30 日內繳付 (b) A further deposit equivalent to 5% of the purchase price shall be paid within 30 days after the date of Letter of Acceptance (c) 樓價 90%(樓價餘額) 於接納書的日期後 300 日內繳付 (c) 90% of the purchase price (balance of purchase price) shall be paid within 300 days after the date of Letter of Acceptance (d) 「特別現金回贈」優惠 金額相等於樓價之 2% (d) ""Special Cash Rebate"" Benefit Amount equivalent to 2% of the Purchase Price (e) 提前付清樓價現金回贈 (e) Early Settlement Cash Rebate",
2026-01-10,2026-01-21,,皓日 THE APERTURE,31,J,,6753000,,"(a) 價單第2M號支付條款(B項): 300天現金付款計劃 (照售價減4%) (a) Terms of Payment (item B) of Price List No.2M: 300-day Cash Payment Plan (4% discount from the Price) (b)「hello by Hang Lung Malls」會員優惠 (b) “hello by Hang Lung Malls” Member Discount (c) 東九龍盡享便捷地利折扣 (c) Kowloon East Metropolitan Convenience Discount (d) 聚焦生活精彩折扣 (d) Life Just Right Discount (e) 「印花稅現金回贈」優惠 (e) ""Stamp Duty Cash Rebate"" Benefit (f) 提前付清樓價現金回贈 (f) Early Settlement Cash Rebate 見備註/See remarks 7",
2026-01-13,2026-01-23,,皓日 THE APERTURE,15,F,,11171000,,"(a) 價單第1K號支付條款(B項): 300天現金付款計劃 (照售價減4%) (a) Terms of Payment (item B) of Price List No.1K: 300-day Cash Payment Plan (4% discount from the Price) (b)「hello by Hang Lung Malls」會員優惠 (b) “hello by Hang Lung Malls” Member Discount (c) 東九龍盡享便捷地利折扣 (c) Kowloon East Metropolitan Convenience Discount (d) 聚焦生活精彩折扣 (d) Life Just Right Discount (e) 「印花稅現金回贈」優惠 (e) ""Stamp Duty Cash Rebate"" Benefit (f) 提前付清樓價現金回贈 (f) Early Settlement Cash Rebate 見備註/See remarks 7",
2026-01-15,2026-01-27,,皓日 THE APERTURE,12,A,,14046000,,"300 天現金付款計劃 300-day Cash Payment Plan (a) 臨時訂金即樓價 5%於投標書獲賣方接納當日(即接納書的日期，如投標文件所示)繳付 (a) A preliminary deposit equivalent to 5% of the purchase price shall be paid upon the tender being accepted by the Vendor (i.e. the date of the Letter of Acceptance, as defined in Tender Document) (b) 加付訂金即樓價 5%於接納書的日期後 30 日內繳付 (b) A further deposit equivalent to 5% of the purchase price shall be paid within 30 days after the date of Letter of Acceptance (c) 樓價 90%(樓價餘額) 於接納書的日期後 300 日內繳付 (c) 90% of the purchase price (balance of purchase price) shall be paid within 300 days after the date of Letter of Acceptance (d) 「特別現金回贈」優惠 金額相等於樓價之 2% (d) ""Special Cash Rebate"" Benefit Amount equivalent to 2% of the Purchase Price (e) 提前付清樓價現金回贈 (e) Early Settlement Cash Rebate",
2026-01-15,2026-01-27,,皓日 THE APERTURE,22,H,,6639000,,"(a) 價單第2M號支付條款(B項): 300天現金付款計劃 (照售價減4%) (a) Terms of Payment (item B) of Price List No.2M: 300-day Cash Payment Plan (4% discount from the Price) (b)「hello by Hang Lung Malls」會員優惠 (b) “hello by Hang Lung Malls” Member Discount (c) 東九龍盡享便捷地利折扣 (c) Kowloon East Metropolitan Convenience Discount (d) 聚焦生活精彩折扣 (d) Life Just Right Discount (e) 「印花稅現金回贈」優惠 (e) ""Stamp Duty Cash Rebate"" Benefit (f) 提前付清樓價現金回贈 (f) Early Settlement Cash Rebate 見備註/See remarks 7",
2026-01-17,2026-01-28,,皓日 THE APERTURE,18,A,,14653000,,"300 天現金付款計劃 300-day Cash Payment Plan (a) 臨時訂金即樓價 5%於投標書獲賣方接納當日(即接納書的日期，如投標文件所示)繳付 (a) A preliminary deposit equivalent to 5% of the purchase price shall be paid upon the tender being accepted by the Vendor (i.e. the date of the Letter of Acceptance, as defined in Tender Document) (b) 加付訂金即樓價 5%於接納書的日期後 30 日內繳付 (b) A further deposit equivalent to 5% of the purchase price shall be paid within 30 days after the date of Letter of Acceptance (c) 樓價 90%(樓價餘額) 於接納書的日期後 300 日內繳付 (c) 90% of the purchase price (balance of purchase price) shall be paid within 300 days after the date of Letter of Acceptance (d) 優先認購㇐個停車位 (d) Priority to Purchase one Car Parking Space (e) 「特別現金回贈」優惠 金額相等於樓價之 2% (e) ""Special Cash Rebate"" Benefit Amount equivalent to 2% of the Purchase Price (f) 提前付清樓價現金回贈 (f) Early Settlement Cash Rebate",
2026-01-24,2026-02-04,,皓日 THE APERTURE,18,B,,9544000,,"(a) 價單第2M號支付條款(B項): 300天現金付款計劃 (照售價減4%) (a) Terms of Payment (item B) of Price List No.2M: 300-day Cash Payment Plan (4% discount from the Price) (b)「hello by Hang Lung Malls」會員優惠 (b) “hello by Hang Lung Malls” Member Discount (c) 東九龍盡享便捷地利折扣 (c) Kowloon East Metropolitan Convenience Discount (d) 聚焦生活精彩折扣 (d) Life Just Right Discount (e) 「印花稅現金回贈」優惠 (e) ""Stamp Duty Cash Rebate"" Benefit (f) 提前付清樓價現金回贈 (f) Early Settlement Cash Rebate 見備註/See remarks 7",
2026-01-26,2026-02-05,,皓日 THE APERTURE,25,J,,6589000,,"(a) 價單第1K號支付條款(B項): 300天現金付款計劃 (照售價減4%) (a) Terms of Payment (item B) of Price List No.1K: 300-day Cash Payment Plan (4% discount from the Price) (b)「hello by Hang Lung Malls」會員優惠 (b) “hello by Hang Lung Malls” Member Discount (c) 東九龍盡享便捷地利折扣 (c) Kowloon East Metropolitan Convenience Discount (d) 聚焦生活精彩折扣 (d) Life Just Right Discount (e) 「印花稅現金回贈」優惠 (e) ""Stamp Duty Cash Rebate"" Benefit (f) 提前付清樓價現金回贈 (f) Early Settlement Cash Rebate 見備註/See remarks 7",
2026-01-26,2026-02-05,,皓日 THE APERTURE,29,K,,8569000,,"300 天現金付款計劃 300-day Cash Payment Plan (a) 臨時訂金即樓價 5%於投標書獲賣方接納當日(即接納書的日期，如投標文件所示)繳付 (a) A preliminary deposit equivalent to 5% of the purchase price shall be paid upon the tender being accepted by the Vendor (i.e. the date of the Letter of Acceptance, as defined in Tender Document) (b) 加付訂金即樓價 5%於接納書的日期後 30 日內繳付 (b) A further deposit equivalent to 5% of the purchase price shall be paid within 30 days after the date of Letter of Acceptance (c) 樓價 90%(樓價餘額) 於接納書的日期後 300 日內繳付 (c) 90% of the purchase price (balance of purchase price) shall be paid within 300 days after the date of Letter of Acceptance (d) 「印花稅現金回贈」優惠 金額相等於100%就本物業而言的應繳從價印花稅第2標準税率，但在任何情況下印花稅現金回 贈之金額不超過樓價之4.25%。 (d) ""Stamp Duty Cash Rebate"" Benefit Amount equivalent to 100% of the Ad Valorem Stamp Duty at Scale 2 payable in respect of the Property Provided That under no circumstances shall the Stamp Duty Cash Rebate exceed 4.25% of the Purchase Price. (e) 提前付清樓價現金回贈 (e) Early Settlement Cash Rebate",
2026-01-31,2026-02-11,,皓日 THE APERTURE,20,D,,10340000,,"(a) 價單第2M號支付條款(B項): 300天現金付款計劃 (照售價減4%) (a) Terms of Payment (item B) of Price List No.2M: 300-day Cash Payment Plan (4% discount from the Price) (b)「hello by Hang Lung Malls」會員優惠 (b) “hello by Hang Lung Malls” Member Discount (c) 東九龍盡享便捷地利折扣 (c) Kowloon East Metropolitan Convenience Discount (d) 聚焦生活精彩折扣 (d) Life Just Right Discount (e) 「印花稅現金回贈」優惠 (e) ""Stamp Duty Cash Rebate"" Benefit (f) 提前付清樓價現金回贈 (f) Early Settlement Cash Rebate 見備註/See remarks 7",
2026-01-31,2026-02-11,,皓日 THE APERTURE,19,B,,9574000,,"(a) 價單第2M號支付條款(B項): 300天現金付款計劃 (照售價減4%) (a) Terms of Payment (item B) of Price List No.2M: 300-day Cash Payment Plan (4% discount from the Price) (b)「hello by Hang Lung Malls」會員優惠 (b) “hello by Hang Lung Malls” Member Discount (c) 東九龍盡享便捷地利折扣 (c) Kowloon East Metropolitan Convenience Discount (d) 聚焦生活精彩折扣 (d) Life Just Right Discount (e) 「印花稅現金回贈」優惠 (e) ""Stamp Duty Cash Rebate"" Benefit (f) 提前付清樓價現金回贈 (f) Early Settlement Cash Rebate 見備註/See remarks 7",
2026-01-31,2026-02-11,,皓日 THE APERTURE,25,A,,15544000,,"300 天現金付款計劃 300-day Cash Payment Plan (a) 臨時訂金即樓價 5%於投標書獲賣方接納當日(即接納書的日期，如投標文件所示)繳付 (a) A preliminary deposit equivalent to 5% of the purchase price shall be paid upon the tender being accepted by the Vendor (i.e. the date of the Letter of Acceptance, as defined in Tender Document) (b) 加付訂金即樓價 5%於接納書的日期後 30 日內繳付 (b) A further deposit equivalent to 5% of the purchase price shall be paid within 30 days after the date of Letter of Acceptance (c) 樓價 90%(樓價餘額) 於接納書的日期後 300 日內繳付 (c) 90% of the purchase price (balance of purchase price) shall be paid within 300 days after the date of Letter of Acceptance (d) 優先認購㇐個停車位 (d) Priority to Purchase one Car Parking Space (e) 「特別現金回贈」優惠 金額相等於樓價之 2% (e) ""Special Cash Rebate"" Benefit Amount equivalent to 2% of the Purchase Price (f) 提前付清樓價現金回贈 (f) Early Settlement Cash Rebate",
2026-02-01,2026-02-11,,皓日 THE APERTURE,37,A,,24700000,,"300 天現金付款計劃 300-day Cash Payment Plan (a) 臨時訂金即樓價 5%於投標書獲賣方接納當日(即接納書的日期，如投標文件所示)繳付 (a) A preliminary deposit equivalent to 5% of the purchase price shall be paid upon the tender being accepted by the Vendor (i.e. the date of the Letter of Acceptance, as defined in Tender Document) (b) 加付訂金即樓價 5%於接納書的日期後 30 日內繳付 (b) A further deposit equivalent to 5% of the purchase price shall be paid within 30 days after the date of Letter of Acceptance (c) 樓價 90%(樓價餘額) 於接納書的日期後 300 日內繳付 (c) 90% of the purchase price (balance of purchase price) shall be paid within 300 days after the date of Letter of Acceptance (d) 優先認購㇐個停車位 (d) Priority to Purchase one Car Parking Space (e) 「特別現金回贈」優惠 金額相等於樓價之 2% (e) ""Special Cash Rebate"" Benefit Amount equivalent to 2% of the Purchase Price (f) 提前付清樓價現金回贈 (f) Early Settlement Cash Rebate",
2026-02-06,2026-02-23,,皓日 THE APERTURE,32,K,,8759000,,"300 天現金付款計劃 300-day Cash Payment Plan (a) 臨時訂金即樓價 5%於投標書獲賣方接納當日(即接納書的日期，如投標文件所示)繳付 (a) A preliminary deposit equivalent to 5% of the purchase price shall be paid upon the tender being accepted by the Vendor (i.e. the date of the Letter of Acceptance, as defined in Tender Document) (b) 加付訂金即樓價 5%於接納書的日期後 30 日內繳付 (b) A further deposit equivalent to 5% of the purchase price shall be paid within 30 days after the date of Letter of Acceptance (c) 樓價 90%(樓價餘額) 於接納書的日期後 300 日內繳付 (c) 90% of the purchase price (balance of purchase price) shall be paid within 300 days after the date of Letter of Acceptance (d) 「印花稅現金回贈」優惠 金額相等於100%就本物業而言的應繳從價印花稅第2標準税率，但在任何情況下印花稅現金回 贈之金額不超過樓價之4.25%。 (d) ""Stamp Duty Cash Rebate"" Benefit Amount equivalent to 100% of the Ad Valorem Stamp Duty at Scale 2 payable in respect of the Property Provided That under no circumstances shall the Stamp Duty Cash Rebate exceed 4.25% of the Purchase Price. (e) 提前付清樓價現金回贈 (e) Early Settlement Cash Rebate",
2026-02-06,2026-02-23,,皓日 THE APERTURE,30,K,,8688000,,"300 天現金付款計劃 300-day Cash Payment Plan (a) 臨時訂金即樓價 5%於投標書獲賣方接納當日(即接納書的日期，如投標文件所示)繳付 (a) A preliminary deposit equivalent to 5% of the purchase price shall be paid upon the tender being accepted by the Vendor (i.e. the date of the Letter of Acceptance, as defined in Tender Document) (b) 加付訂金即樓價 5%於接納書的日期後 30 日內繳付 (b) A further deposit equivalent to 5% of the purchase price shall be paid within 30 days after the date of Letter of Acceptance (c) 樓價 90%(樓價餘額) 於接納書的日期後 300 日內繳付 (c) 90% of the purchase price (balance of purchase price) shall be paid within 300 days after the date of Letter of Acceptance (d) 「印花稅現金回贈」優惠 金額相等於100%就本物業而言的應繳從價印花稅第2標準税率，但在任何情況下印花稅現金回 贈之金額不超過樓價之4.25%。 (d) ""Stamp Duty Cash Rebate"" Benefit Amount equivalent to 100% of the Ad Valorem Stamp Duty at Scale 2 payable in respect of the Property Provided That under no circumstances shall the Stamp Duty Cash Rebate exceed 4.25% of the Purchase Price. (e) 提前付清樓價現金回贈 (e) Early Settlement Cash Rebate",
2026-02-13,2026-03-02,,皓日 THE APERTURE,11,F,,11049000,,"(a) 價單第2N號支付條款(B項): 300天現金付款計劃 (照售價減4%) (a) Terms of Payment (item B) of Price List No.2N: 300-day Cash Payment Plan (4% discount from the Price) (b)「hello by Hang Lung Malls」會員優惠 (b) “hello by Hang Lung Malls” Member Discount (c) 東九龍盡享便捷地利折扣 (c) Kowloon East Metropolitan Convenience Discount (d) 聚焦生活精彩折扣 (d) Life Just Right Discount (e) 「印花稅現金回贈」優惠 (e) ""Stamp Duty Cash Rebate"" Benefit (f) 提前付清樓價現金回贈 (f) Early Settlement Cash Rebate 見備註/See remarks 7",
2026-02-27,2026-03-11,,皓日 THE APERTURE,37,D,,26355000,,"300 天現金付款計劃 300-day Cash Payment Plan (a) 臨時訂金即樓價 5%於投標書獲賣方接納當日(即接納書的日期，如投標文件所示)繳付 (a) A preliminary deposit equivalent to 5% of the purchase price shall be paid upon the tender being accepted by the Vendor (i.e. the date of the Letter of Acceptance, as defined in Tender Document) (b) 加付訂金即樓價 5%於接納書的日期後 30 日內繳付 (b) A further deposit equivalent to 5% of the purchase price shall be paid within 30 days after the date of Letter of Acceptance (c) 樓價 90%(樓價餘額) 於接納書的日期後 300 日內繳付 (c) 90% of the purchase price (balance of purchase price) shall be paid within 300 days after the date of Letter of Acceptance (d) 優先認購㇐個停車位 (d) Priority to Purchase one Car Parking Space (e) 「特別現金回贈」優惠 金額相等於樓價之 2% (e) ""Special Cash Rebate"" Benefit Amount equivalent to 2% of the Purchase Price (f) 提前付清樓價現金回贈 (f) Early Settlement Cash Rebate",
2026-03-01,2026-03-11,,皓日 THE APERTURE,32,J,,6780000,,"(a) 價單第2P號支付條款(B項): 300天現金付款計劃 (照售價減4%) (a) Terms of Payment (item B) of Price List No.2P: 300-day Cash Payment Plan (4% discount from the Price) (b)「hello by Hang Lung Malls」會員優惠 (b) “hello by Hang Lung Malls” Member Discount (c) 東九龍盡享便捷地利折扣 (c) Kowloon East Metropolitan Convenience Discount (d) 聚焦生活精彩折扣 (d) Life Just Right Discount (e) 「印花稅現金回贈」優惠 (e) ""Stamp Duty Cash Rebate"" Benefit (f) 提前付清樓價現金回贈 (f) Early Settlement Cash Rebate 見備註/See remarks 7",
2026-03-06,2026-03-18,,皓日 THE APERTURE,28,K,,8727000,,"300 天現金付款計劃 300-day Cash Payment Plan (a) 臨時訂金即樓價 5%於投標書獲賣方接納當日(即接納書的日期，如投標文件所示)繳付 (a) A preliminary deposit equivalent to 5% of the purchase price shall be paid upon the tender being accepted by the Vendor (i.e. the date of the Letter of Acceptance, as defined in Tender Document) (b) 加付訂金即樓價 5%於接納書的日期後 30 日內繳付 (b) A further deposit equivalent to 5% of the purchase price shall be paid within 30 days after the date of Letter of Acceptance (c) 樓價 90%(樓價餘額) 於接納書的日期後 300 日內繳付 (c) 90% of the purchase price (balance of purchase price) shall be paid within 300 days after the date of Letter of Acceptance (d) 「印花稅現金回贈」優惠 金額相等於100%就本物業而言的應繳從價印花稅第2標準税率，但在任何情況下印花稅現金回 贈之金額不超過樓價之4.25%。 (d) ""Stamp Duty Cash Rebate"" Benefit Amount equivalent to 100% of the Ad Valorem Stamp Duty at Scale 2 payable in respect of the Property Provided That under no circumstances shall the Stamp Duty Cash Rebate exceed 4.25% of the Purchase Price. (e) 提前付清樓價現金回贈 (e) Early Settlement Cash Rebate",
2026-03-10,2026-03-20,,皓日 THE APERTURE,30,J,,6726000,,"(a) 價單第2P號支付條款(B項): 300天現金付款計劃 (照售價減4%) (a) Terms of Payment (item B) of Price List No.2P: 300-day Cash Payment Plan (4% discount from the Price) (b)「hello by Hang Lung Malls」會員優惠 (b) “hello by Hang Lung Malls” Member Discount (c) 東九龍盡享便捷地利折扣 (c) Kowloon East Metropolitan Convenience Discount (d) 聚焦生活精彩折扣 (d) Life Just Right Discount (e) 「印花稅現金回贈」優惠 (e) ""Stamp Duty Cash Rebate"" Benefit (f) 提前付清樓價現金回贈 (f) Early Settlement Cash Rebate 見備註/See remarks 7",
2026-03-13,2026-03-25,,皓日 THE APERTURE,23,A,,15435000,,"300 天現金付款計劃 300-day Cash Payment Plan (a) 臨時訂金即樓價 5%於投標書獲賣方接納當日(即接納書的日期，如投標文件所示)繳付 (a) A preliminary deposit equivalent to 5% of the purchase price shall be paid upon the tender being accepted by the Vendor (i.e. the date of the Letter of Acceptance, as defined in Tender Document) (b) 加付訂金即樓價 5%於接納書的日期後 30 日內繳付 (b) A further deposit equivalent to 5% of the purchase price shall be paid within 30 days after the date of Letter of Acceptance (c) 樓價 90%(樓價餘額) 於接納書的日期後 300 日內繳付 (c) 90% of the purchase price (balance of purchase price) shall be paid within 300 days after the date of Letter of Acceptance (d) 優先認購㇐個停車位 (d) Priority to Purchase one Car Parking Space (e) 「特別現金回贈」優惠 金額相等於樓價之 2% (e) ""Special Cash Rebate"" Benefit Amount equivalent to 2% of the Purchase Price (f) 提前付清樓價現金回贈 (f) Early Settlement Cash Rebate",
2026-03-17,2026-03-27,,皓日 THE APERTURE,28,F,,12309000,,"300 天現金付款計劃 300-day Cash Payment Plan (a) 臨時訂金即樓價 5%於投標書獲賣方接納當日(即接納書的日期，如投標文件所示)繳付 (a) A preliminary deposit equivalent to 5% of the purchase price shall be paid upon the tender being accepted by the Vendor (i.e. the date of the Letter of Acceptance, as defined in Tender Document) (b) 加付訂金即樓價 5%於接納書的日期後 30 日內繳付 (b) A further deposit equivalent to 5% of the purchase price shall be paid within 30 days after the date of Letter of Acceptance (c) 樓價 90%(樓價餘額) 於接納書的日期後 300 日內繳付 (c) 90% of the purchase price (balance of purchase price) shall be paid within 300 days after the date of Letter of Acceptance (d) 「印花稅現金回贈」優惠 金額相等於100%就本物業而言的應繳從價印花稅第2標準税率，但在任何情況下印花稅現金回 贈之金額不超過樓價之4.25%。 (d) ""Stamp Duty Cash Rebate"" Benefit Amount equivalent to 100% of the Ad Valorem Stamp Duty at Scale 2 payable in respect of the Property Provided That under no circumstances shall the Stamp Duty Cash Rebate exceed 4.25% of the Purchase Price. (e) 提前付清樓價現金回贈 (e) Early Settlement Cash Rebate",
2026-03-17,2026-03-27,,皓日 THE APERTURE,17,F,,11522000,,"(a) 價單第2P號支付條款(B項): 300天現金付款計劃 (照售價減4%) (a) Terms of Payment (item B) of Price List No.2P: 300-day Cash Payment Plan (4% discount from the Price) (b)「hello by Hang Lung Malls」會員優惠 (b) “hello by Hang Lung Malls” Member Discount (c) 東九龍盡享便捷地利折扣 (c) Kowloon East Metropolitan Convenience Discount (d) 聚焦生活精彩折扣 (d) Life Just Right Discount (e) 「印花稅現金回贈」優惠 (e) ""Stamp Duty Cash Rebate"" Benefit (f) 提前付清樓價現金回贈 (f) Early Settlement Cash Rebate 見備註/See remarks 7",
2026-03-23,2026-04-02,,皓日 THE APERTURE,10,A,,14047000,,"300 天現金付款計劃 300-day Cash Payment Plan (a) 臨時訂金即樓價 5%於投標書獲賣方接納當日(即接納書的日期，如投標文件所示)繳付 (a) A preliminary deposit equivalent to 5% of the purchase price shall be paid upon the tender being accepted by the Vendor (i.e. the date of the Letter of Acceptance, as defined in Tender Document) (b) 加付訂金即樓價 5%於接納書的日期後 30 日內繳付 (b) A further deposit equivalent to 5% of the purchase price shall be paid within 30 days after the date of Letter of Acceptance (c) 樓價 90%(樓價餘額) 於接納書的日期後 300 日內繳付 (c) 90% of the purchase price (balance of purchase price) shall be paid within 300 days after the date of Letter of Acceptance (d) 「特別現金回贈」優惠 金額相等於樓價之 2% (d) ""Special Cash Rebate"" Benefit Amount equivalent to 2% of the Purchase Price (e) 提前付清樓價現金回贈 (e) Early Settlement Cash Rebate",
2026-03-23,2026-04-02,,皓日 THE APERTURE,31,K,,8810000,,"300 天現金付款計劃 300-day Cash Payment Plan (a) 臨時訂金即樓價 5%於投標書獲賣方接納當日(即接納書的日期，如投標文件所示)繳付 (a) A preliminary deposit equivalent to 5% of the purchase price shall be paid upon the tender being accepted by the Vendor (i.e. the date of the Letter of Acceptance, as defined in Tender Document) (b) 加付訂金即樓價 5%於接納書的日期後 30 日內繳付 (b) A further deposit equivalent to 5% of the purchase price shall be paid within 30 days after the date of Letter of Acceptance (c) 樓價 90%(樓價餘額) 於接納書的日期後 300 日內繳付 (c) 90% of the purchase price (balance of purchase price) shall be paid within 300 days after the date of Letter of Acceptance (d) 「印花稅現金回贈」優惠 金額相等於100%就本物業而言的應繳從價印花稅第2標準税率，但在任何情況下印花稅現金回 贈之金額不超過樓價之4.25%。 (d) ""Stamp Duty Cash Rebate"" Benefit Amount equivalent to 100% of the Ad Valorem Stamp Duty at Scale 2 payable in respect of the Property Provided That under no circumstances shall the Stamp Duty Cash Rebate exceed 4.25% of the Purchase Price. (e) 提前付清樓價現金回贈 (e) Early Settlement Cash Rebate",
2026-03-23,2026-04-02,,皓日 THE APERTURE,27,C,,11000000,,"(a) 價單第1N號支付條款(B項): 300天現金付款計劃 (照售價減4%) (a) Terms of Payment (item B) of Price List No.1N: 300-day Cash Payment Plan (4% discount from the Price) (b)「hello by Hang Lung Malls」會員優惠 (b) “hello by Hang Lung Malls” Member Discount (c) 東九龍盡享便捷地利折扣 (c) Kowloon East Metropolitan Convenience Discount (d) 聚焦生活精彩折扣 (d) Life Just Right Discount (e) 「印花稅現金回贈」優惠 (e) ""Stamp Duty Cash Rebate"" Benefit (f) 提前付清樓價現金回贈 (f) Early Settlement Cash Rebate 見備註/See remarks 7",
2026-03-23,2026-04-02,,皓日 THE APERTURE,28,C,,11204000,,"(a) 價單第2P號支付條款(B項): 300天現金付款計劃 (照售價減4%) (a) Terms of Payment (item B) of Price List No.2P: 300-day Cash Payment Plan (4% discount from the Price) (b)「hello by Hang Lung Malls」會員優惠 (b) “hello by Hang Lung Malls” Member Discount (c) 東九龍盡享便捷地利折扣 (c) Kowloon East Metropolitan Convenience Discount (d) 聚焦生活精彩折扣 (d) Life Just Right Discount (e) 「印花稅現金回贈」優惠 (e) ""Stamp Duty Cash Rebate"" Benefit (f) 提前付清樓價現金回贈 (f) Early Settlement Cash Rebate 見備註/See remarks 7",
2026-03-24,2026-04-08,,皓日 THE APERTURE,29,F,,12352000,,"300 天現金付款計劃 300-day Cash Payment Plan (a) 臨時訂金即樓價 5%於投標書獲賣方接納當日(即接納書的日期，如投標文件所示)繳付 (a) A preliminary deposit equivalent to 5% of the purchase price shall be paid upon the tender being accepted by the Vendor (i.e. the date of the Letter of Acceptance, as defined in Tender Document) (b) 加付訂金即樓價 5%於接納書的日期後 30 日內繳付 (b) A further deposit equivalent to 5% of the purchase price shall be paid within 30 days after the date of Letter of Acceptance (c) 樓價 90%(樓價餘額) 於接納書的日期後 300 日內繳付 (c) 90% of the purchase price (balance of purchase price) shall be paid within 300 days after the date of Letter of Acceptance (d) 「印花稅現金回贈」優惠 金額相等於100%就本物業而言的應繳從價印花稅第2標準税率，但在任何情況下印花稅現金回 贈之金額不超過樓價之4.25%。 (d) ""Stamp Duty Cash Rebate"" Benefit Amount equivalent to 100% of the Ad Valorem Stamp Duty at Scale 2 payable in respect of the Property Provided That under no circumstances shall the Stamp Duty Cash Rebate exceed 4.25% of the Purchase Price. (e) 提前付清樓價現金回贈 (e) Early Settlement Cash Rebate",
2026-03-27,2026-04-13,,皓日 THE APERTURE,26,D,,10541000,,"(a) 價單第2P號支付條款(B項): 300天現金付款計劃 (照售價減4%) (a) Terms of Payment (item B) of Price List No.2P: 300-day Cash Payment Plan (4% discount from the Price) (b)「hello by Hang Lung Malls」會員優惠 (b) “hello by Hang Lung Malls” Member Discount (c) 東九龍盡享便捷地利折扣 (c) Kowloon East Metropolitan Convenience Discount (d) 聚焦生活精彩折扣 (d) Life Just Right Discount (e) 「印花稅現金回贈」優惠 (e) ""Stamp Duty Cash Rebate"" Benefit (f) 提前付清樓價現金回贈 (f) Early Settlement Cash Rebate 見備註/See remarks 7",
2026-03-27,2026-04-13,,皓日 THE APERTURE,30,H,,6827000,,"(a) 價單第2P號支付條款(B項): 300天現金付款計劃 (照售價減4%) (a) Terms of Payment (item B) of Price List No.2P: 300-day Cash Payment Plan (4% discount from the Price) (b)「hello by Hang Lung Malls」會員優惠 (b) “hello by Hang Lung Malls” Member Discount (c) 東九龍盡享便捷地利折扣 (c) Kowloon East Metropolitan Convenience Discount (d) 聚焦生活精彩折扣 (d) Life Just Right Discount (e) 「印花稅現金回贈」優惠 (e) ""Stamp Duty Cash Rebate"" Benefit (f) 提前付清樓價現金回贈 (f) Early Settlement Cash Rebate 見備註/See remarks 7",
2026-03-29,2026-04-13,,皓日 THE APERTURE,35,K,,8916000,,"300 天現金付款計劃 300-day Cash Payment Plan (a) 臨時訂金即樓價 5%於投標書獲賣方接納當日(即接納書的日期，如投標文件所示)繳付 (a) A preliminary deposit equivalent to 5% of the purchase price shall be paid upon the tender being accepted by the Vendor (i.e. the date of the Letter of Acceptance, as defined in Tender Document) (b) 加付訂金即樓價 5%於接納書的日期後 30 日內繳付 (b) A further deposit equivalent to 5% of the purchase price shall be paid within 30 days after the date of Letter of Acceptance (c) 樓價 90%(樓價餘額) 於接納書的日期後 300 日內繳付 (c) 90% of the purchase price (balance of purchase price) shall be paid within 300 days after the date of Letter of Acceptance (d) 「印花稅現金回贈」優惠 金額相等於100%就本物業而言的應繳從價印花稅第2標準税率，但在任何情況下印花稅現金回 贈之金額不超過樓價之4.25%。 (d) ""Stamp Duty Cash Rebate"" Benefit Amount equivalent to 100% of the Ad Valorem Stamp Duty at Scale 2 payable in respect of the Property Provided That under no circumstances shall the Stamp Duty Cash Rebate exceed 4.25% of the Purchase Price. (e) 提前付清樓價現金回贈 (e) Early Settlement Cash Rebate",
2026-03-31,2026-04-15,,皓日 THE APERTURE,32,H,,6882000,,"(a) 價單第2P號支付條款(B項): 300天現金付款計劃 (照售價減4%) (a) Terms of Payment (item B) of Price List No.2P: 300-day Cash Payment Plan (4% discount from the Price) (b)「hello by Hang Lung Malls」會員優惠 (b) “hello by Hang Lung Malls” Member Discount (c) 東九龍盡享便捷地利折扣 (c) Kowloon East Metropolitan Convenience Discount (d) 聚焦生活精彩折扣 (d) Life Just Right Discount (e) 「印花稅現金回贈」優惠 (e) ""Stamp Duty Cash Rebate"" Benefit (f) 提前付清樓價現金回贈 (f) Early Settlement Cash Rebate 見備註/See remarks 7",
2026-04-02,2026-04-17,,皓日 THE APERTURE,36,H,,7105000,,"(a) 價單第2Q號支付條款(B項): 300天現金付款計劃 (照售價減4%) (a) Terms of Payment (item B) of Price List No.2Q: 300-day Cash Payment Plan (4% discount from the Price) (b)「hello by Hang Lung Malls」會員優惠 (b) “hello by Hang Lung Malls” Member Discount (c) 東九龍盡享便捷地利折扣 (c) Kowloon East Metropolitan Convenience Discount (d) 聚焦生活精彩折扣 (d) Life Just Right Discount (e) 「印花稅現金回贈」優惠 (e) ""Stamp Duty Cash Rebate"" Benefit (f) 提前付清樓價現金回贈 (f) Early Settlement Cash Rebate 見備註/See remarks 7",
2026-04-07,2026-04-17,,皓日 THE APERTURE,35,J,,6903000,,"(a) 價單第2Q號支付條款(B項): 300天現金付款計劃 (照售價減4%) (a) Terms of Payment (item B) of Price List No.2Q: 300-day Cash Payment Plan (4% discount from the Price) (b)「hello by Hang Lung Malls」會員優惠 (b) “hello by Hang Lung Malls” Member Discount (c) 東九龍盡享便捷地利折扣 (c) Kowloon East Metropolitan Convenience Discount (d) 聚焦生活精彩折扣 (d) Life Just Right Discount (e) 「印花稅現金回贈」優惠 (e) ""Stamp Duty Cash Rebate"" Benefit (f) 提前付清樓價現金回贈 (f) Early Settlement Cash Rebate 見備註/See remarks 7",
2026-04-07,2026-04-17,,皓日 THE APERTURE,36,J,,6999000,,"(a) 價單第2Q號支付條款(B項): 300天現金付款計劃 (照售價減4%) (a) Terms of Payment (item B) of Price List No.2Q: 300-day Cash Payment Plan (4% discount from the Price) (b)「hello by Hang Lung Malls」會員優惠 (b) “hello by Hang Lung Malls” Member Discount (c) 東九龍盡享便捷地利折扣 (c) Kowloon East Metropolitan Convenience Discount (d) 聚焦生活精彩折扣 (d) Life Just Right Discount (e) 「印花稅現金回贈」優惠 (e) ""Stamp Duty Cash Rebate"" Benefit (f) 提前付清樓價現金回贈 (f) Early Settlement Cash Rebate 見備註/See remarks 7",
2026-04-17,2026-04-29,,皓日 THE APERTURE,11,A,,14187000,,"300 天現金付款計劃 300-day Cash Payment Plan (a) 臨時訂金即樓價 5%於投標書獲賣方接納當日(即接納書的日期，如投標文件所示)繳付 (a) A preliminary deposit equivalent to 5% of the purchase price shall be paid upon the tender being accepted by the Vendor (i.e. the date of the Letter of Acceptance, as defined in Tender Document) (b) 加付訂金即樓價 5%於接納書的日期後 30 日內繳付 (b) A further deposit equivalent to 5% of the purchase price shall be paid within 30 days after the date of Letter of Acceptance (c) 樓價 90%(樓價餘額) 於接納書的日期後 300 日內繳付 (c) 90% of the purchase price (balance of purchase price) shall be paid within 300 days after the date of Letter of Acceptance (d) 「特別現金回贈」優惠 金額相等於樓價之 2% (d) ""Special Cash Rebate"" Benefit Amount equivalent to 2% of the Purchase Price (e) 提前付清樓價現金回贈 (e) Early Settlement Cash Rebate",
2026-04-20,2026-04-30,,皓日 THE APERTURE,17,A,,14764000,,"300 天現金付款計劃 300-day Cash Payment Plan (a) 臨時訂金即樓價 5%於投標書獲賣方接納當日(即接納書的日期，如投標文件所示)繳付 (a) A preliminary deposit equivalent to 5% of the purchase price shall be paid upon the tender being accepted by the Vendor (i.e. the date of the Letter of Acceptance, as defined in Tender Document) (b) 加付訂金即樓價 5%於接納書的日期後 30 日內繳付 (b) A further deposit equivalent to 5% of the purchase price shall be paid within 30 days after the date of Letter of Acceptance (c) 樓價 90%(樓價餘額) 於接納書的日期後 300 日內繳付 (c) 90% of the purchase price (balance of purchase price) shall be paid within 300 days after the date of Letter of Acceptance (d) 優先認購㇐個停車位 (d) Priority to Purchase one Car Parking Space (e) 「特別現金回贈」優惠 金額相等於樓價之 2% (e) ""Special Cash Rebate"" Benefit Amount equivalent to 2% of the Purchase Price (f) 提前付清樓價現金回贈 (f) Early Settlement Cash Rebate",
2026-04-21,2026-05-04,,皓日 THE APERTURE,22,C,,10761000,,"(a) 價單第2R號支付條款(B項): 300天現金付款計劃 (照售價減4%) (a) Terms of Payment (item B) of Price List No.2R: 300-day Cash Payment Plan (4% discount from the Price) (b)「hello by Hang Lung Malls」會員優惠 (b) “hello by Hang Lung Malls” Member Discount (c) 東九龍盡享便捷地利折扣 (c) Kowloon East Metropolitan Convenience Discount (d) 聚焦生活精彩折扣 (d) Life Just Right Discount (e) 「印花稅現金回贈」優惠 (e) ""Stamp Duty Cash Rebate"" Benefit (f) 提前付清樓價現金回贈 (f) Early Settlement Cash Rebate 見備註/See remarks 7",
2026-04-22,2026-05-05,,皓日 THE APERTURE,16,A,,14618000,,"300 天現金付款計劃 300-day Cash Payment Plan (a) 臨時訂金即樓價 5%於投標書獲賣方接納當日(即接納書的日期，如投標文件所示)繳付 (a) A preliminary deposit equivalent to 5% of the purchase price shall be paid upon the tender being accepted by the Vendor (i.e. the date of the Letter of Acceptance, as defined in Tender Document) (b) 加付訂金即樓價 5%於接納書的日期後 30 日內繳付 (b) A further deposit equivalent to 5% of the purchase price shall be paid within 30 days after the date of Letter of Acceptance (c) 樓價 90%(樓價餘額) 於接納書的日期後 300 日內繳付 (c) 90% of the purchase price (balance of purchase price) shall be paid within 300 days after the date of Letter of Acceptance (d) 優先認購㇐個停車位 (d) Priority to Purchase one Car Parking Space (e) 「特別現金回贈」優惠 金額相等於樓價之 2% (e) ""Special Cash Rebate"" Benefit Amount equivalent to 2% of the Purchase Price (f) 提前付清樓價現金回贈 (f) Early Settlement Cash Rebate",
2026-04-26,2026-05-07,,皓日 THE APERTURE,33,K,,9065000,,"300 天現金付款計劃 300-day Cash Payment Plan (a) 臨時訂金即樓價 5%於投標書獲賣方接納當日(即接納書的日期，如投標文件所示)繳付 (a) A preliminary deposit equivalent to 5% of the purchase price shall be paid upon the tender being accepted by the Vendor (i.e. the date of the Letter of Acceptance, as defined in Tender Document) (b) 加付訂金即樓價 5%於接納書的日期後 30 日內繳付 (b) A further deposit equivalent to 5% of the purchase price shall be paid within 30 days after the date of Letter of Acceptance (c) 樓價 90%(樓價餘額) 於接納書的日期後 300 日內繳付 (c) 90% of the purchase price (balance of purchase price) shall be paid within 300 days after the date of Letter of Acceptance (d) 「印花稅現金回贈」優惠 金額相等於100%就本物業而言的應繳從價印花稅第2標準税率，但在任何情況下印花稅現金回 贈之金額不超過樓價之4.25%。 (d) ""Stamp Duty Cash Rebate"" Benefit Amount equivalent to 100% of the Ad Valorem Stamp Duty at Scale 2 payable in respect of the Property Provided That under no circumstances shall the Stamp Duty Cash Rebate exceed 4.25% of the Purchase Price. (e) 提前付清樓價現金回贈 (e) Early Settlement Cash Rebate",
2026-05-08,2026-05-20,,皓日 THE APERTURE,31,B,,10233000,,"(a) 價單第2S號支付條款(B項): 300天現金付款計劃 (照售價減4%) (a) Terms of Payment (item B) of Price List No.2S: 300-day Cash Payment Plan (4% discount from the Price) (b)「hello by Hang Lung Malls」會員優惠 (b) “hello by Hang Lung Malls” Member Discount (c) 東九龍盡享便捷地利折扣 (c) Kowloon East Metropolitan Convenience Discount (d) 聚焦生活精彩折扣 (d) Life Just Right Discount (e) 「印花稅現金回贈」優惠 (e) ""Stamp Duty Cash Rebate"" Benefit (f) 提前付清樓價現金回贈 (f) Early Settlement Cash Rebate 見備註/See remarks 7",
2026-05-08,2026-05-20,,皓日 THE APERTURE,33,G,,9306000,,"300 天現金付款計劃 300-day Cash Payment Plan (a) 臨時訂金即樓價 5%於投標書獲賣方接納當日(即接納書的日期，如投標文件所示)繳付 (a) A preliminary deposit equivalent to 5% of the purchase price shall be paid upon the tender being accepted by the Vendor (i.e. the date of the Letter of Acceptance, as defined in Tender Document) (b) 加付訂金即樓價 5%於接納書的日期後 30 日內繳付 (b) A further deposit equivalent to 5% of the purchase price shall be paid within 30 days after the date of Letter of Acceptance (c) 樓價 90%(樓價餘額) 於接納書的日期後 300 日內繳付 (c) 90% of the purchase price (balance of purchase price) shall be paid within 300 days after the date of Letter of Acceptance (d) 「印花稅現金回贈」優惠 金額相等於100%就本物業而言的應繳從價印花稅第2標準税率，但在任何情況下印花稅現金回 贈之金額不超過樓價之4.25%。 (d) ""Stamp Duty Cash Rebate"" Benefit Amount equivalent to 100% of the Ad Valorem Stamp Duty at Scale 2 payable in respect of the Property Provided That under no circumstances shall the Stamp Duty Cash Rebate exceed 4.25% of the Purchase Price. (e) 提前付清樓價現金回贈 (e) Early Settlement Cash Rebate",
2026-05-16,2026-05-28,,皓日 THE APERTURE,25,D,,10484000,,"(a) 價單第2S號支付條款(B項): 300天現金付款計劃 (照售價減4%) (a) Terms of Payment (item B) of Price List No.2S: 300-day Cash Payment Plan (4% discount from the Price) (b)「hello by Hang Lung Malls」會員優惠 (b) “hello by Hang Lung Malls” Member Discount (c) 東九龍盡享便捷地利折扣 (c) Kowloon East Metropolitan Convenience Discount (d) 聚焦生活精彩折扣 (d) Life Just Right Discount (e) 「印花稅現金回贈」優惠 (e) ""Stamp Duty Cash Rebate"" Benefit (f) 提前付清樓價現金回贈 (f) Early Settlement Cash Rebate 見備註/See remarks 7",
2026-05-23,2026-06-04,,皓日 THE APERTURE,23,B,,9704000,,"(a) 價單第2S號支付條款(B項): 300天現金付款計劃 (照售價減4%) (a) Terms of Payment (item B) of Price List No.2S: 300-day Cash Payment Plan (4% discount from the Price) (b)「hello by Hang Lung Malls」會員優惠 (b) “hello by Hang Lung Malls” Member Discount (c) 東九龍盡享便捷地利折扣 (c) Kowloon East Metropolitan Convenience Discount (d) 聚焦生活精彩折扣 (d) Life Just Right Discount (e) 「印花稅現金回贈」優惠 (e) ""Stamp Duty Cash Rebate"" Benefit (f) 提前付清樓價現金回贈 (f) Early Settlement Cash Rebate 見備註/See remarks 7",
2026-05-23,2026-06-04,,皓日 THE APERTURE,23,C,,10820000,,"(a) 價單第2S號支付條款(B項): 300天現金付款計劃 (照售價減4%) (a) Terms of Payment (item B) of Price List No.2S: 300-day Cash Payment Plan (4% discount from the Price) (b)「hello by Hang Lung Malls」會員優惠 (b) “hello by Hang Lung Malls” Member Discount (c) 東九龍盡享便捷地利折扣 (c) Kowloon East Metropolitan Convenience Discount (d) 聚焦生活精彩折扣 (d) Life Just Right Discount (e) 「印花稅現金回贈」優惠 (e) ""Stamp Duty Cash Rebate"" Benefit (f) 提前付清樓價現金回贈 (f) Early Settlement Cash Rebate 見備註/See remarks 7",
2026-05-30,2026-06-10,,皓日 THE APERTURE,36,K,,9242000,,"300 天現金付款計劃 300-day Cash Payment Plan (a) 臨時訂金即樓價 5%於投標書獲賣方接納當日(即接納書的日期，如投標文件所示)繳付 (a) A preliminary deposit equivalent to 5% of the purchase price shall be paid upon the tender being accepted by the Vendor (i.e. the date of the Letter of Acceptance, as defined in Tender Document) (b) 加付訂金即樓價 5%於接納書的日期後 30 日內繳付 (b) A further deposit equivalent to 5% of the purchase price shall be paid within 30 days after the date of Letter of Acceptance (c) 樓價 90%(樓價餘額) 於接納書的日期後 300 日內繳付 (c) 90% of the purchase price (balance of purchase price) shall be paid within 300 days after the date of Letter of Acceptance (d) 「印花稅現金回贈」優惠 金額相等於100%就本物業而言的應繳從價印花稅第2標準税率，但在任何情況下印花稅現金回 贈之金額不超過樓價之4.25%。 (d) ""Stamp Duty Cash Rebate"" Benefit Amount equivalent to 100% of the Ad Valorem Stamp Duty at Scale 2 payable in respect of the Property Provided That under no circumstances shall the Stamp Duty Cash Rebate exceed 4.25% of the Purchase Price. (e) 提前付清樓價現金回贈 (e) Early Settlement Cash Rebate",
2026-05-31,2026-06-10,,皓日 THE APERTURE,35,G,,9347000,,"300 天現金付款計劃 300-day Cash Payment Plan (a) 臨時訂金即樓價 5%於投標書獲賣方接納當日(即接納書的日期，如投標文件所示)繳付 (a) A preliminary deposit equivalent to 5% of the purchase price shall be paid upon the tender being accepted by the Vendor (i.e. the date of the Letter of Acceptance, as defined in Tender Document) (b) 加付訂金即樓價 5%於接納書的日期後 30 日內繳付 (b) A further deposit equivalent to 5% of the purchase price shall be paid within 30 days after the date of Letter of Acceptance (c) 樓價 90%(樓價餘額) 於接納書的日期後 300 日內繳付 (c) 90% of the purchase price (balance of purchase price) shall be paid within 300 days after the date of Letter of Acceptance (d) 「印花稅現金回贈」優惠 金額相等於100%就本物業而言的應繳從價印花稅第2標準税率，但在任何情況下印花稅現金回 贈之金額不超過樓價之4.25%。 (d) ""Stamp Duty Cash Rebate"" Benefit Amount equivalent to 100% of the Ad Valorem Stamp Duty at Scale 2 payable in respect of the Property Provided That under no circumstances shall the Stamp Duty Cash Rebate exceed 4.25% of the Purchase Price. (e) 提前付清樓價現金回贈 (e) Early Settlement Cash Rebate",
2026-06-01,2026-06-11,,皓日 THE APERTURE,21,C,,10702000,,"(a) 價單第2S號支付條款(B項): 300天現金付款計劃 (照售價減4%) (a) Terms of Payment (item B) of Price List No.2S: 300-day Cash Payment Plan (4% discount from the Price) (b)「hello by Hang Lung Malls」會員優惠 (b) “hello by Hang Lung Malls” Member Discount (c) 東九龍盡享便捷地利折扣 (c) Kowloon East Metropolitan Convenience Discount (d) 聚焦生活精彩折扣 (d) Life Just Right Discount (e) 「印花稅現金回贈」優惠 (e) ""Stamp Duty Cash Rebate"" Benefit (f) 提前付清樓價現金回贈 (f) Early Settlement Cash Rebate 見備註/See remarks 7",
2026-06-10,2026-06-23,,皓日 THE APERTURE,22,A,,15635000,,"300 天現金付款計劃 300-day Cash Payment Plan (a) 臨時訂金即樓價 5%於投標書獲賣方接納當日(即接納書的日期，如投標文件所示)繳付 (a) A preliminary deposit equivalent to 5% of the purchase price shall be paid upon the tender being accepted by the Vendor (i.e. the date of the Letter of Acceptance, as defined in Tender Document) (b) 加付訂金即樓價 5%於接納書的日期後 30 日內繳付 (b) A further deposit equivalent to 5% of the purchase price shall be paid within 30 days after the date of Letter of Acceptance (c) 樓價 90%(樓價餘額) 於接納書的日期後 300 日內繳付 (c) 90% of the purchase price (balance of purchase price) shall be paid within 300 days after the date of Letter of Acceptance (d) 優先認購㇐個停車位 (d) Priority to Purchase one Car Parking Space (e) 「特別現金回贈」優惠 金額相等於樓價之 2% (e) ""Special Cash Rebate"" Benefit Amount equivalent to 2% of the Purchase Price (f) 提前付清樓價現金回贈 (f) Early Settlement Cash Rebate",
2026-06-12,2026-06-25,,皓日 THE APERTURE,26,A,,15967000,,"300 天現金付款計劃 300-day Cash Payment Plan (a) 臨時訂金即樓價 5%於投標書獲賣方接納當日(即接納書的日期，如投標文件所示)繳付 (a) A preliminary deposit equivalent to 5% of the purchase price shall be paid upon the tender being accepted by the Vendor (i.e. the date of the Letter of Acceptance, as defined in Tender Document) (b) 加付訂金即樓價 5%於接納書的日期後 30 日內繳付 (b) A further deposit equivalent to 5% of the purchase price shall be paid within 30 days after the date of Letter of Acceptance (c) 樓價 90%(樓價餘額) 於接納書的日期後 300 日內繳付 (c) 90% of the purchase price (balance of purchase price) shall be paid within 300 days after the date of Letter of Acceptance (d) 優先認購㇐個停車位 (d) Priority to Purchase one Car Parking Space (e) 「特別現金回贈」優惠 金額相等於樓價之 2% (e) ""Special Cash Rebate"" Benefit Amount equivalent to 2% of the Purchase Price (f) 提前付清樓價現金回贈 (f) Early Settlement Cash Rebate",
2026-06-17,2026-06-30,,皓日 THE APERTURE,32,A,,16561000,,"300 天現金付款計劃 300-day Cash Payment Plan (a) 臨時訂金即樓價 5%於投標書獲賣方接納當日(即接納書的日期，如投標文件所示)繳付 (a) A preliminary deposit equivalent to 5% of the purchase price shall be paid upon the tender being accepted by the Vendor (i.e. the date of the Letter of Acceptance, as defined in Tender Document) (b) 加付訂金即樓價 5%於接納書的日期後 30 日內繳付 (b) A further deposit equivalent to 5% of the purchase price shall be paid within 30 days after the date of Letter of Acceptance (c) 樓價 90%(樓價餘額) 於接納書的日期後 300 日內繳付 (c) 90% of the purchase price (balance of purchase price) shall be paid within 300 days after the date of Letter of Acceptance (d) 優先認購㇐個停車位 (d) Priority to Purchase one Car Parking Space (e) 「特別現金回贈」優惠 金額相等於樓價之 2% (e) ""Special Cash Rebate"" Benefit Amount equivalent to 2% of the Purchase Price (f) 提前付清樓價現金回贈 (f) Early Settlement Cash Rebate",
2026-06-22,2026-07-03,,皓日 THE APERTURE,27,A,,16560000,,"300 天現金付款計劃 300-day Cash Payment Plan (a) 臨時訂金即樓價 5%於投標書獲賣方接納當日(即接納書的日期，如投標文件所示)繳付 (a) A preliminary deposit equivalent to 5% of the purchase price shall be paid upon the tender being accepted by the Vendor (i.e. the date of the Letter of Acceptance, as defined in Tender Document) (b) 加付訂金即樓價 5%於接納書的日期後 30 日內繳付 (b) A further deposit equivalent to 5% of the purchase price shall be paid within 30 days after the date of Letter of Acceptance (c) 樓價 90%(樓價餘額) 於接納書的日期後 300 日內繳付 (c) 90% of the purchase price (balance of purchase price) shall be paid within 300 days after the date of Letter of Acceptance (d) 優先認購㇐個停車位 (d) Priority to Purchase one Car Parking Space (e) 「特別現金回贈」優惠 金額相等於樓價之 2% (e) ""Special Cash Rebate"" Benefit Amount equivalent to 2% of the Purchase Price (f) 提前付清樓價現金回贈 (f) Early Settlement Cash Rebate",
2026-06-30,2026-07-13,,皓日 THE APERTURE,32,B,,10449000,,"300 天現金付款計劃 300-day Cash Payment Plan (a) 臨時訂金即樓價 5%於投標書獲賣方接納當日(即接納書的日期，如投標文件所示)繳付 (a) A preliminary deposit equivalent to 5% of the purchase price shall be paid upon the tender being accepted by the Vendor (i.e. the date of the Letter of Acceptance, as defined in Tender Document) (b) 加付訂金即樓價 5%於接納書的日期後 30 日內繳付 (b) A further deposit equivalent to 5% of the purchase price shall be paid within 30 days after the date of Letter of Acceptance (c) 樓價 90%(樓價餘額) 於接納書的日期後 300 日內繳付 (c) 90% of the purchase price (balance of purchase price) shall be paid within 300 days after the date of Letter of Acceptance (d) 「印花稅現金回贈」優惠 金額相等於100%就本物業而言的應繳從價印花稅第2標準税率，但在任何情況下印花稅現金回 贈之金額不超過樓價之4.25%。 (d) ""Stamp Duty Cash Rebate"" Benefit Amount equivalent to 100% of the Ad Valorem Stamp Duty at Scale 2 payable in respect of the Property Provided That under no circumstances shall the Stamp Duty Cash Rebate exceed 4.25% of the Purchase Price. (e) 提前付清樓價現金回贈 (e) Early Settlement Cash Rebate",
2026-07-14,2026-07-24,,皓日 THE APERTURE,20,B,,9792000,,"(a) 價單第2T號支付條款(B項): 300天現金付款計劃 (照售價減4%) (a) Terms of Payment (item B) of Price List No.2T: 300-day Cash Payment Plan (4% discount from the Price) (b)「hello by Hang Lung Malls」會員優惠 (b) “hello by Hang Lung Malls” Member Discount (c) 東九龍盡享便捷地利折扣 (c) Kowloon East Metropolitan Convenience Discount (d) 聚焦生活精彩折扣 (d) Life Just Right Discount (e) 「印花稅現金回贈」優惠 (e) ""Stamp Duty Cash Rebate"" Benefit (f) 提前付清樓價現金回贈 (f) Early Settlement Cash Rebate 見備註/See remarks 7",
2026-07-20,2026-07-30,,皓日 THE APERTURE,19,F,,12133000,,"(a) 價單第2T號支付條款(B項): 300天現金付款計劃 (照售價減4%) (a) Terms of Payment (item B) of Price List No.2T: 300-day Cash Payment Plan (4% discount from the Price) (b)「hello by Hang Lung Malls」會員優惠 (b) “hello by Hang Lung Malls” Member Discount (c) 東九龍盡享便捷地利折扣 (c) Kowloon East Metropolitan Convenience Discount (d) 聚焦生活精彩折扣 (d) Life Just Right Discount (e) 「印花稅現金回贈」優惠 (e) ""Stamp Duty Cash Rebate"" Benefit (f) 提前付清樓價現金回贈 (f) Early Settlement Cash Rebate 見備註/See remarks 7",
2026-07-31,2026-08-12,,皓日 THE APERTURE,3,K,,8985000,,"300 天現金付款計劃 300-day Cash Payment Plan (a) 臨時訂金即樓價 5%於投標書獲賣方接納當日(即接納書的日期，如投標文件所示)繳付 (a) A preliminary deposit equivalent to 5% of the purchase price shall be paid upon the tender being accepted by the Vendor (i.e. the date of the Letter of Acceptance, as defined in Tender Document) (b) 加付訂金即樓價 5%於接納書的日期後 30 日內繳付 (b) A further deposit equivalent to 5% of the purchase price shall be paid within 30 days after the date of Letter of Acceptance (c) 樓價 90%(樓價餘額) 於接納書的日期後 300 日內繳付 (c) 90% of the purchase price (balance of purchase price) shall be paid within 300 days after the date of Letter of Acceptance (d) 「印花稅現金回贈」優惠 金額相等於100%就本物業而言的應繳從價印花稅第2標準税率，但在任何情況下印花稅現金回 贈之金額不超過樓價之4.25%。 (d) ""Stamp Duty Cash Rebate"" Benefit Amount equivalent to 100% of the Ad Valorem Stamp Duty at Scale 2 payable in respect of the Property Provided That under no circumstances shall the Stamp Duty Cash Rebate exceed 4.25% of the Purchase Price. (e) 提前付清樓價現金回贈 (e) Early Settlement Cash Rebate",
2026-09-08,2026-09-18,,皓日 THE APERTURE,31,E,,7476000,,"(a) 價單第3號支付條款(B項): 300天現金付款計劃 (照售價減4%) (a) Terms of Payment (item B) of Price List No.3: 300-day Cash Payment Plan (4% discount from the Price) (b)「hello by Hang Lung Malls」會員優惠 (b) “hello by Hang Lung Malls” Member Discount (c) 東九龍盡享便捷地利折扣 (c) Kowloon East Metropolitan Convenience Discount (d) 聚焦生活精彩折扣 (d) Life Just Right Discount (e) 「印花稅現金回贈」優惠 (e) ""Stamp Duty Cash Rebate"" Benefit (f) 提前付清樓價現金回贈 (f) Early Settlement Cash Rebate 見備註/See remarks 7",
2026-09-08,2026-09-18,,皓日 THE APERTURE,36,G,,9693000,,"(a) 價單第3號支付條款(B項): 300天現金付款計劃 (照售價減4%) (a) Terms of Payment (item B) of Price List No.3: 300-day Cash Payment Plan (4% discount from the Price) (b)「hello by Hang Lung Malls」會員優惠 (b) “hello by Hang Lung Malls” Member Discount (c) 東九龍盡享便捷地利折扣 (c) Kowloon East Metropolitan Convenience Discount (d) 聚焦生活精彩折扣 (d) Life Just Right Discount (e) 「印花稅現金回贈」優惠 (e) ""Stamp Duty Cash Rebate"" Benefit (f) 提前付清樓價現金回贈 (f) Early Settlement Cash Rebate 見備註/See remarks 7",
2026-09-15,,,皓日 THE APERTURE,25,B,,9867000,,"(a) 價單第2U號支付條款(B項): 300天現金付款計劃 (照售價減4%) (a) Terms of Payment (item B) of Price List No.2U: 300-day Cash Payment Plan (4% discount from the Price) (b)「hello by Hang Lung Malls」會員優惠 (b) “hello by Hang Lung Malls” Member Discount (c) 東九龍盡享便捷地利折扣 (c) Kowloon East Metropolitan Convenience Discount (d) 聚焦生活精彩折扣 (d) Life Just Right Discount (e) 「印花稅現金回贈」優惠 (e) ""Stamp Duty Cash Rebate"" Benefit (f) 提前付清樓價現金回贈 (f) Early Settlement Cash Rebate 見備註/See remarks 7",
