pasp,asp,terminated,block,floor,unit,carpark,price,revision,terms,related
2021-10-30,2021-11-05,,第 1 座 Tower 1,3,A1,,5597000,,‧價單第1號下的支付條款(A)Terms of Payment (A) under Price List No.1 ‧見備註/See Remarks 7 (c)(i)(a),
2021-10-30,2021-11-05,,第 1 座 Tower 1,3,A2,,6437000,,‧價單第1號下的支付條款(C)Terms of Payment (C) under Price List No.1 ‧見備註/See Remarks 7 (c)(i)(c),
2021-10-30,2021-11-05,,第 1 座 Tower 1,3,A3,,3936000,,‧價單第1號下的支付條款(A)Terms of Payment (A) under Price List No.1 ‧見備註/See Remarks 7 (c)(i)(a),
2021-10-30,2021-11-05,,第 1 座 Tower 1,3,A5,,4503000,,‧價單第1號下的支付條款(C)Terms of Payment (C) under Price List No.1 ‧見備註/See Remarks 7 (c)(i)(c),
2021-10-30,2021-11-05,,第 1 座 Tower 1,3,A6,,4551000,,‧價單第1號下的支付條款(B) Terms of Payment (B) under Price List No.1 ‧見備註/See Remarks 7 (c)(i)(b),
2021-10-30,2021-11-05,,第 1 座 Tower 1,3,A8,,8380000,,‧價單第1號下的支付條款(C)Terms of Payment (C) under Price List No.1 ‧見備註/See Remarks 7 (c)(i)(c),
2021-10-30,2021-11-05,,第 1 座 Tower 1,3,A9,,6371000,,‧價單第1號下的支付條款(C)Terms of Payment (C) under Price List No.1 ‧見備註/See Remarks 7 (c)(i)(c),
2021-10-30,2021-11-05,,第 1 座 Tower 1,5,A1,,5800000,,‧價單第1號下的支付條款(C)Terms of Payment (C) under Price List No.1 ‧見備註/See Remarks 7 (c)(i)(c),
2021-10-30,2021-11-05,,第 1 座 Tower 1,5,A2,,6502000,,‧價單第1號下的支付條款(C)Terms of Payment (C) under Price List No.1 ‧見備註/See Remarks 7 (c)(i)(c),
2021-10-30,2021-11-05,,第 1 座 Tower 1,5,A6,,4581000,,‧價單第1號下的支付條款(C)Terms of Payment (C) under Price List No.1 ‧見備註/See Remarks 7 (c)(i)(c),
2021-10-30,2021-11-05,,第 1 座 Tower 1,5,A8,,8466000,,‧價單第1號下的支付條款(C)Terms of Payment (C) under Price List No.1 ‧見備註/See Remarks 7 (c)(i)(c),
2021-10-30,2021-11-05,,第 1 座 Tower 1,5,A9,,6270000,,‧價單第1號下的支付條款(A)Terms of Payment (A) under Price List No.1 ‧見備註/See Remarks 7 (c)(i)(a),
2021-10-30,2021-11-05,,第 1 座 Tower 1,6,A2,,6568000,,‧價單第1號下的支付條款(C)Terms of Payment (C) under Price List No.1 ‧見備註/See Remarks 7 (c)(i)(c),
2021-10-30,2021-11-05,,第 1 座 Tower 1,6,A5,,4493000,,‧價單第1號下的支付條款(A)Terms of Payment (A) under Price List No.1 ‧見備註/See Remarks 7 (c)(i)(a),
2021-10-30,2021-11-05,,第 1 座 Tower 1,6,A6,,4517000,,‧價單第1號下的支付條款(A)Terms of Payment (A) under Price List No.1 ‧見備註/See Remarks 7 (c)(i)(a),
2021-10-30,2021-11-05,,第 1 座 Tower 1,6,A8,,8339000,,‧價單第1號下的支付條款(A)Terms of Payment (A) under Price List No.1 ‧見備註/See Remarks 7 (c)(i)(a),
2021-10-30,2021-11-05,,第 1 座 Tower 1,6,A9,,6493000,,‧價單第1號下的支付條款(C)Terms of Payment (C) under Price List No.1 ‧見備註/See Remarks 7 (c)(i)(c),
2021-10-30,2021-11-05,,第 1 座 Tower 1,7,A2,,6668000,,‧價單第1號下的支付條款(B) Terms of Payment (B) under Price List No.1 ‧見備註/See Remarks 7 (c)(i)(b),
2021-10-30,2021-11-05,,第 1 座 Tower 1,7,A3,,4227000,,‧價單第1號下的支付條款(B) Terms of Payment (B) under Price List No.1 ‧見備註/See Remarks 7 (c)(i)(b),
2021-10-30,2021-11-05,,第 1 座 Tower 1,7,A5,,4545000,,‧價單第1號下的支付條款(A)Terms of Payment (A) under Price List No.1 ‧見備註/See Remarks 7 (c)(i)(a),
2021-10-30,2021-11-05,,第 1 座 Tower 1,7,A8,,8426000,,‧價單第1號下的支付條款(A)Terms of Payment (A) under Price List No.1 ‧見備註/See Remarks 7 (c)(i)(a),
2021-10-30,2021-11-05,,第 1 座 Tower 1,7,A9,,6556000,,‧價單第1號下的支付條款(C)Terms of Payment (C) under Price List No.1 ‧見備註/See Remarks 7 (c)(i)(c),
2021-10-30,2021-11-05,,第 1 座 Tower 1,8,A2,,6701000,,‧價單第1號下的支付條款(C)Terms of Payment (C) under Price List No.1 ‧見備註/See Remarks 7 (c)(i)(c),
2021-10-30,2021-11-05,,第 1 座 Tower 1,8,A8,,8513000,,‧價單第1號下的支付條款(A)Terms of Payment (A) under Price List No.1 ‧見備註/See Remarks 7 (c)(i)(a),
2021-10-30,2021-11-05,,第 1 座 Tower 1,8,A9,,6452000,,‧價單第1號下的支付條款(A)Terms of Payment (A) under Price List No.1 ‧見備註/See Remarks 7 (c)(i)(a),
2021-10-30,2021-11-05,,第 1 座 Tower 1,9,A1,,5888000,,‧價單第1號下的支付條款(A)Terms of Payment (A) under Price List No.1 ‧見備註/See Remarks 7 (c)(i)(a),
2021-10-30,2021-11-05,,第 1 座 Tower 1,9,A2,,6769000,,‧價單第1號下的支付條款(C)Terms of Payment (C) under Price List No.1 ‧見備註/See Remarks 7 (c)(i)(c),
2021-10-30,2021-11-05,,第 1 座 Tower 1,9,A9,,6514000,,‧價單第1號下的支付條款(A)Terms of Payment (A) under Price List No.1 ‧見備註/See Remarks 7 (c)(i)(a),
2021-10-30,2021-11-05,,第 1 座 Tower 1,10,A1,,6132000,,‧價單第1號下的支付條款(B) Terms of Payment (B) under Price List No.1 ‧見備註/See Remarks 7 (c)(i)(b),
2021-10-30,2021-11-05,,第 1 座 Tower 1,10,A2,,6666000,,‧價單第1號下的支付條款(A)Terms of Payment (A) under Price List No.1 ‧見備註/See Remarks 7 (c)(i)(a),
2021-10-30,2021-11-05,,第 1 座 Tower 1,10,A8,,8691000,,‧價單第1號下的支付條款(A)Terms of Payment (A) under Price List No.1 ‧見備註/See Remarks 7 (c)(i)(a),
2021-10-30,2021-11-05,,第 1 座 Tower 1,10,A9,,6745000,,‧價單第1號下的支付條款(C)Terms of Payment (C) under Price List No.1 ‧見備註/See Remarks 7 (c)(i)(c),
2021-10-30,2021-11-05,,第 1 座 Tower 1,11,A1,,6194000,,‧價單第1號下的支付條款(B) Terms of Payment (B) under Price List No.1 ‧見備註/See Remarks 7 (c)(i)(b),
2021-10-30,2021-11-05,,第 1 座 Tower 1,11,A2,,6907000,,‧價單第1號下的支付條款(C)Terms of Payment (C) under Price List No.1 ‧見備註/See Remarks 7 (c)(i)(c),
2021-10-30,2021-11-05,,第 1 座 Tower 1,11,A5,,4791000,,‧價單第2號下的支付條款(A)Terms of Payment (A) under Price List No.2 ‧見備註/See Remarks 7 (c)(i)(a),
2021-10-30,2021-11-05,,第 1 座 Tower 1,11,A6,,4798000,,‧價單第2號下的支付條款(A)Terms of Payment (A) under Price List No.2 ‧見備註/See Remarks 7 (c)(i)(a),
2021-10-30,2021-11-05,,第 1 座 Tower 1,11,A8,,8781000,,‧價單第1號下的支付條款(A)Terms of Payment (A) under Price List No.1 ‧見備註/See Remarks 7 (c)(i)(a),
2021-10-30,2021-11-05,,第 1 座 Tower 1,11,A9,,6810000,,‧價單第1號下的支付條款(C)Terms of Payment (C) under Price List No.1 ‧見備註/See Remarks 7 (c)(i)(c),
2021-10-30,2021-11-05,,第 1 座 Tower 1,12,A1,,6226000,,‧價單第1號下的支付條款(C)Terms of Payment (C) under Price List No.1 ‧見備註/See Remarks 7 (c)(i)(c),
2021-10-30,2021-11-05,,第 1 座 Tower 1,12,A2,,6977000,,‧價單第1號下的支付條款(C)Terms of Payment (C) under Price List No.1 ‧見備註/See Remarks 7 (c)(i)(c),
2021-10-30,2021-11-05,,第 1 座 Tower 1,12,A5,,5003000,,‧價單第2號下的支付條款(B)Terms of Payment (B) under Price List No.2 ‧見備註/See Remarks 7 (c)(i)(b),
2021-10-30,2021-11-05,,第 1 座 Tower 1,12,A6,,4976000,,‧價單第2號下的支付條款(B)Terms of Payment (B) under Price List No.2 ‧見備註/See Remarks 7 (c)(i)(c),
2021-10-30,2021-11-05,,第 1 座 Tower 1,12,A9,,6875000,,‧價單第1號下的支付條款(C)Terms of Payment (C) under Price List No.1 ‧見備註/See Remarks 7 (c)(i)(c),
2021-10-30,2021-11-05,2025-07-02,第 1 座 Tower 1,15,A5,,5068000,,‧價單第2號下的支付條款(B)Terms of Payment (B) under Price List No.2 ‧見備註/See Remarks 7 (c)(i)(b),
2021-10-30,2021-11-05,,第 1 座 Tower 1,15,A6,,5031000,"在 22-11-2021，基於法例第 35(2)(b)條所容許的原因， 售 價更改為$4,904,000 On 22-11-2021, the price adjusted to $4,904,000 due to the reason allowed under section 35(2)(b) of the Ordinance",‧價單第2號下的支付條款(B)Terms of Payment (B) under Price List No.2 ‧見備註/See Remarks 7 (c)(i)(c) ‧價單第2號下的支付條款(A)Terms of Payment (A) under Price List No.2 ‧見備註/See Remarks 7 (c)(i)(a) (在 23-11-2021修訂) (revised on 23-11-2021),
2021-10-30,2021-11-05,,第 1 座 Tower 1,15,A8,,8996000,,‧價單第2號下的支付條款(A)Terms of Payment (A) under Price List No.2 ‧見備註/See Remarks 7 (c)(i)(a),
2021-10-30,2021-11-05,,第 1 座 Tower 1,16,A5,,5074000,,‧價單第2號下的支付條款(B)Terms of Payment (B) under Price List No.2 ‧見備註/See Remarks 7 (c)(i)(c),
2021-10-30,2021-11-05,,第 1 座 Tower 1,16,A6,,4958000,,‧價單第2號下的支付條款(A)Terms of Payment (A) under Price List No.2 ‧見備註/See Remarks 7 (c)(i)(a),
2021-10-30,2021-11-05,,第 1 座 Tower 1,16,A8,,9113000,"在 25-11-2021，基於法例第 35(2)(b)條所容許的原因， 售 價更改為$9,395,000 On 25-11-2021, the price adjusted to $9,395,000 due to the reason allowed under section 35(2)(b) of the Ordinance",‧價單第2號下的支付條款(A)Terms of Payment (A) under Price List No.2 ‧見備註/See Remarks 7 (c)(i)(a) ‧價單第2號下的支付條款(B)Terms of Payment (B) under Price List No.2 ‧見備註/See Remarks 7 (c)(i)(b) (在 26-11-2021修訂) (revised on 26-11-2021),
2021-10-30,2021-11-05,2025-07-02,第 1 座 Tower 1,3,B1,,5775000,,‧價單第1號下的支付條款(C)Terms of Payment (C) under Price List No.1 ‧見備註/See Remarks 7 (c)(i)(c),
2021-10-30,2021-11-05,,第 1 座 Tower 1,3,B2,,6284000,,‧價單第1號下的支付條款(C)Terms of Payment (C) under Price List No.1 ‧見備註/See Remarks 7 (c)(i)(c),
2021-10-30,2021-11-05,,第 1 座 Tower 1,3,B3,,3888000,,‧價單第1號下的支付條款(A)Terms of Payment (A) under Price List No.1 ‧見備註/See Remarks 7 (c)(i)(a),
2021-10-30,2021-11-05,,第 1 座 Tower 1,3,B5,,4315000,,‧價單第1號下的支付條款(A)Terms of Payment (A) under Price List No.1 ‧見備註/See Remarks 7 (c)(i)(a),
2021-10-30,2021-11-05,,第 1 座 Tower 1,3,B6,,4474000,,‧價單第1號下的支付條款(B) Terms of Payment (B) under Price List No.1 ‧見備註/See Remarks 7 (c)(i)(b),
2021-10-30,2021-11-05,,第 1 座 Tower 1,5,B1,,5687000,,‧價單第1號下的支付條款(A)Terms of Payment (A) under Price List No.1 ‧見備註/See Remarks 7 (c)(i)(a),
2021-10-30,2021-11-05,,第 1 座 Tower 1,5,B2,,6349000,,‧價單第1號下的支付條款(C)Terms of Payment (C) under Price List No.1 ‧見備註/See Remarks 7 (c)(i)(c),
2021-10-30,2021-11-05,2025-07-02,第 1 座 Tower 1,5,B5,,4501000,,‧價單第1號下的支付條款(B) Terms of Payment (B) under Price List No.1 ‧見備註/See Remarks 7 (c)(i)(b),
2021-10-30,2021-11-05,,第 1 座 Tower 1,5,B6,,4504000,,‧價單第1號下的支付條款(C)Terms of Payment (C) under Price List No.1 ‧見備註/See Remarks 7 (c)(i)(c),
2021-10-30,2021-11-05,,第 1 座 Tower 1,5,B9,,6361000,,‧價單第1號下的支付條款(C)Terms of Payment (C) under Price List No.1 ‧見備註/See Remarks 7 (c)(i)(c),
2021-10-30,2021-11-05,,第 1 座 Tower 1,6,B2,,6255000,,‧價單第1號下的支付條款(A)Terms of Payment (A) under Price List No.1 ‧見備註/See Remarks 7 (c)(i)(a),
2021-10-30,2021-11-05,,第 1 座 Tower 1,6,B5,,4555000,,‧價單第1號下的支付條款(B) Terms of Payment (B) under Price List No.1 ‧見備註/See Remarks 7 (c)(i)(b),
2021-10-30,2021-11-05,,第 1 座 Tower 1,6,B7,,4362000,,‧價單第1號下的支付條款(B) Terms of Payment (B) under Price List No.1 ‧見備註/See Remarks 7 (c)(i)(b),
2021-10-30,2021-11-05,,第 1 座 Tower 1,6,B9,,6423000,,‧價單第1號下的支付條款(C)Terms of Payment (C) under Price List No.1 ‧見備註/See Remarks 7 (c)(i)(c),
2021-10-30,2021-11-05,,第 1 座 Tower 1,7,B2,,6515000,,‧價單第1號下的支付條款(B) Terms of Payment (B) under Price List No.1 ‧見備註/See Remarks 7 (c)(i)(b),
2021-10-30,2021-11-05,,第 1 座 Tower 1,7,B5,,4586000,,‧價單第1號下的支付條款(C)Terms of Payment (C) under Price List No.1 ‧見備註/See Remarks 7 (c)(i)(c),
2021-10-30,2021-11-05,,第 1 座 Tower 1,7,B6,,4611000,,‧價單第1號下的支付條款(C)Terms of Payment (C) under Price List No.1 ‧見備註/See Remarks 7 (c)(i)(c),
2021-10-30,2021-11-05,,第 1 座 Tower 1,7,B9,,6485000,,‧價單第1號下的支付條款(C)Terms of Payment (C) under Price List No.1 ‧見備註/See Remarks 7 (c)(i)(c),
2021-10-30,2021-11-05,,第 1 座 Tower 1,8,B2,,6549000,,‧價單第1號下的支付條款(C)Terms of Payment (C) under Price List No.1 ‧見備註/See Remarks 7 (c)(i)(c),
2021-10-30,2021-11-05,,第 1 座 Tower 1,8,B5,,4641000,,‧價單第1號下的支付條款(C)Terms of Payment (C) under Price List No.1 ‧見備註/See Remarks 7 (c)(i)(c),
2021-10-30,2021-11-05,,第 1 座 Tower 1,8,B6,,4549000,,‧價單第1號下的支付條款(A)Terms of Payment (A) under Price List No.1 ‧見備註/See Remarks 7 (c)(i)(a),
2021-10-30,2021-11-05,2025-07-02,第 1 座 Tower 1,8,B9,,6580000,,‧價單第1號下的支付條款(B) Terms of Payment (B) under Price List No.1 ‧見備註/See Remarks 7 (c)(i)(b),
2021-10-30,2021-11-05,,第 1 座 Tower 1,9,B1,,6073000,,‧價單第1號下的支付條款(C)Terms of Payment (C) under Price List No.1 ‧見備註/See Remarks 7 (c)(i)(c),
2021-10-30,2021-11-05,,第 1 座 Tower 1,9,B2,,6618000,,‧價單第1號下的支付條款(C)Terms of Payment (C) under Price List No.1 ‧見備註/See Remarks 7 (c)(i)(c),
2021-10-30,2021-11-05,,第 1 座 Tower 1,9,B9,,6611000,,‧價單第1號下的支付條款(C)Terms of Payment (C) under Price List No.1 ‧見備註/See Remarks 7 (c)(i)(c),
2021-10-30,2021-11-04,,第 1 座 Tower 1,10,B1,,5981000,,‧價單第1號下的支付條款(A)Terms of Payment (A) under Price List No.1 ‧見備註/See Remarks 7 (c)(i)(a),
2021-10-30,2021-11-05,,第 1 座 Tower 1,10,B2,,6686000,,‧價單第1號下的支付條款(C)Terms of Payment (C) under Price List No.1 ‧見備註/See Remarks 7 (c)(i)(c),
2021-10-30,2021-11-05,,第 1 座 Tower 1,10,B7,,4597000,,‧價單第2號下的支付條款(B)Terms of Payment (B) under Price List No.2 ‧見備註/See Remarks 7 (c)(i)(b),
2021-10-30,2021-11-05,2025-07-02,第 1 座 Tower 1,10,B9,,6708000,,‧價單第1號下的支付條款(B) Terms of Payment (B) under Price List No.1 ‧見備註/See Remarks 7 (c)(i)(b),
2021-10-30,2021-11-05,,第 1 座 Tower 1,11,B1,,6198000,,‧價單第1號下的支付條款(C)Terms of Payment (C) under Price List No.1 ‧見備註/See Remarks 7 (c)(i)(c),
2021-10-30,2021-11-05,,第 1 座 Tower 1,11,B2,,6586000,,‧價單第1號下的支付條款(A)Terms of Payment (A) under Price List No.1 ‧見備註/See Remarks 7 (c)(i)(a),
2021-10-30,2021-11-05,,第 1 座 Tower 1,11,B7,,4517000,,‧價單第2號下的支付條款(A)Terms of Payment (A) under Price List No.2 ‧見備註/See Remarks 7 (c)(i)(a),
2021-10-30,2021-11-05,,第 1 座 Tower 1,11,B9,,6570000,,‧價單第1號下的支付條款(A)Terms of Payment (A) under Price List No.1 ‧見備註/See Remarks 7 (c)(i)(a),
2021-10-30,2021-11-05,,第 1 座 Tower 1,12,B1,,6261000,,‧價單第1號下的支付條款(C)Terms of Payment (C) under Price List No.1 ‧見備註/See Remarks 7 (c)(i)(c),
2021-10-30,2021-11-05,,第 1 座 Tower 1,12,B2,,6826000,,‧價單第1號下的支付條款(C)Terms of Payment (C) under Price List No.1 ‧見備註/See Remarks 7 (c)(i)(c),
2021-10-30,2021-11-05,,第 1 座 Tower 1,12,B7,,4694000,,‧價單第2號下的支付條款(B)Terms of Payment (B) under Price List No.2 ‧見備註/See Remarks 7 (c)(i)(c),
2021-10-30,2021-11-05,,第 1 座 Tower 1,12,B9,,6805000,,‧價單第1號下的支付條款(C)Terms of Payment (C) under Price List No.1 ‧見備註/See Remarks 7 (c)(i)(c),
2021-10-30,2021-11-05,,第 1 座 Tower 1,15,B7,,4636000,,‧價單第2號下的支付條款(A)Terms of Payment (A) under Price List No.2 ‧見備註/See Remarks 7 (c)(i)(a),
2021-10-30,2021-11-05,,第 1 座 Tower 1,16,B7,,4687000,,‧價單第2號下的支付條款(A)Terms of Payment (A) under Price List No.2 ‧見備註/See Remarks 7 (c)(i)(a),
2021-10-30,2021-11-04,,第 1 座 Tower 1,17,B7,,4861000,,‧價單第2號下的支付條款(B)Terms of Payment (B) under Price List No.2 ‧見備註/See Remarks 7 (c)(i)(c),
2021-10-30,2021-11-05,2025-07-02,第 1 座 Tower 1,18,B1,,6632000,,‧價單第2號下的支付條款(B)Terms of Payment (B) under Price List No.2 ‧見備註/See Remarks 7 (c)(i)(b),
2021-10-30,2021-11-05,,第 1 座 Tower 1,18,B5,,5130000,,‧價單第2號下的支付條款(B)Terms of Payment (B) under Price List No.2 ‧見備註/See Remarks 7 (c)(i)(c),
2021-10-30,2021-11-05,,第 1 座 Tower 1,18,B6,,5148000,,‧價單第2號下的支付條款(B)Terms of Payment (B) under Price List No.2 ‧見備註/See Remarks 7 (c)(i)(c),
2021-10-30,2021-11-05,,第 1 座 Tower 1,19,B1,,6670000,,‧價單第2號下的支付條款(B)Terms of Payment (B) under Price List No.2 ‧見備註/See Remarks 7 (c)(i)(c),
2021-10-30,2021-11-05,,第 1 座 Tower 1,19,B2,,7310000,,‧價單第2號下的支付條款(B)Terms of Payment (B) under Price List No.2 ‧見備註/See Remarks 7 (c)(i)(b),
2021-10-30,2021-11-05,,第 1 座 Tower 1,19,B5,,5186000,,‧價單第2號下的支付條款(B)Terms of Payment (B) under Price List No.2 ‧見備註/See Remarks 7 (c)(i)(c),
2021-10-30,2021-11-05,,第 1 座 Tower 1,19,B9,,7208000,,‧價單第2號下的支付條款(B)Terms of Payment (B) under Price List No.2 ‧見備註/See Remarks 7 (c)(i)(c),
2021-10-30,2021-11-05,,第 1 座 Tower 1,20,B5,,5249000,,‧價單第2號下的支付條款(B)Terms of Payment (B) under Price List No.2 ‧見備註/See Remarks 7 (c)(i)(b),
2021-10-30,2021-11-05,,第 1 座 Tower 1,20,B6,,5099000,,‧價單第2號下的支付條款(A)Terms of Payment (A) under Price List No.2 ‧見備註/See Remarks 7 (c)(i)(a),
2021-10-30,2021-11-05,,第 1 座 Tower 1,21,B6,,5125000,,‧價單第2號下的支付條款(A)Terms of Payment (A) under Price List No.2 ‧見備註/See Remarks 7 (c)(i)(a),
2021-10-30,2021-11-05,,第 2 座 Tower 2,2,A1,,5922000,,‧價單第1號下的支付條款(C)Terms of Payment (C) under Price List No.1 ‧見備註/See Remarks 7 (c)(i)(c),
2021-10-30,2021-11-05,,第 2 座 Tower 2,2,A2,,5794000,,‧價單第1號下的支付條款(A)Terms of Payment (A) under Price List No.1 ‧見備註/See Remarks 7 (c)(i)(a),
2021-10-30,2021-11-05,,第 2 座 Tower 2,2,A3,,6126000,,‧價單第1號下的支付條款(B) Terms of Payment (B) under Price List No.1 ‧見備註/See Remarks 7 (c)(i)(b),
2021-10-30,2021-11-05,,第 2 座 Tower 2,2,A5,,6140000,"在 24-11-2021，基於法例第 35(2)(b)條所容許的原因， 售 價更改為$5,986,000 On 24-11-2021, the price adjusted to $5,986,000 due to the reason allowed under section 35(2)(b) of the Ordinance",‧價單第1號下的支付條款(C)Terms of Payment (C) under Price List No.1 ‧見備註/See Remarks 7 (c)(i)(c) ‧價單第1號下的支付條款(A)Terms of Payment (A) under Price List No.1 ‧見備註/See Remarks 7 (c)(i)(a) (在 25-11-2021修訂) (revised on 25-11-2021),
2021-10-30,2021-11-05,,第 2 座 Tower 2,2,A6,,6174000,,‧價單第1號下的支付條款(C)Terms of Payment (C) under Price List No.1 ‧見備註/See Remarks 7 (c)(i)(c),
2021-10-30,2021-11-05,,第 2 座 Tower 2,2,A7,,6113000,,‧價單第1號下的支付條款(A)Terms of Payment (A) under Price List No.1 ‧見備註/See Remarks 7 (c)(i)(a),
2021-10-30,2021-11-05,,第 2 座 Tower 2,3,A1,,5802000,,‧價單第1號下的支付條款(A)Terms of Payment (A) under Price List No.1 ‧見備註/See Remarks 7 (c)(i)(a),
2021-10-30,2021-11-05,,第 2 座 Tower 2,3,A3,,5971000,,‧價單第1號下的支付條款(A)Terms of Payment (A) under Price List No.1 ‧見備註/See Remarks 7 (c)(i)(a),
2021-10-30,2021-11-05,,第 2 座 Tower 2,3,A6,,6204000,,‧價單第1號下的支付條款(C)Terms of Payment (C) under Price List No.1 ‧見備註/See Remarks 7 (c)(i)(c),
2021-10-30,2021-11-05,,第 2 座 Tower 2,3,A7,,6301000,,‧價單第1號下的支付條款(C)Terms of Payment (C) under Price List No.1 ‧見備註/See Remarks 7 (c)(i)(c),
2021-10-30,2021-11-05,,第 2 座 Tower 2,5,A3,,6184000,,‧價單第1號下的支付條款(C)Terms of Payment (C) under Price List No.1 ‧見備註/See Remarks 7 (c)(i)(c),
2021-10-30,2021-11-05,,第 2 座 Tower 2,5,A5,,6230000,,‧價單第1號下的支付條款(C)Terms of Payment (C) under Price List No.1 ‧見備註/See Remarks 7 (c)(i)(c),
2021-10-30,2021-11-05,,第 2 座 Tower 2,5,A6,,6264000,,‧價單第1號下的支付條款(C)Terms of Payment (C) under Price List No.1 ‧見備註/See Remarks 7 (c)(i)(c),
2021-10-30,2021-11-05,,第 2 座 Tower 2,5,A7,,6362000,,‧價單第1號下的支付條款(C)Terms of Payment (C) under Price List No.1 ‧見備註/See Remarks 7 (c)(i)(c),
2021-10-30,2021-11-03,,第 2 座 Tower 2,6,A3,,6244000,,‧價單第1號下的支付條款(C)Terms of Payment (C) under Price List No.1 ‧見備註/See Remarks 7 (c)(i)(c),
2021-10-30,2021-11-05,,第 2 座 Tower 2,6,A6,,6323000,"在 9-11-2021，基於法例第 35(2)(b)條所容許的原因， 售 價更改為$6,164,000 On 9-11-2021, the price adjusted to $6,164,000 due to the reason allowed under section 35(2)(b) of the Ordinance",‧價單第1號下的支付條款(C)Terms of Payment (C) under Price List No.1 ‧見備註/See Remarks 7 (c)(i)(c) ‧價單第1號下的支付條款(A)Terms of Payment (A) under Price List No.1 ‧見備註/See Remarks 7 (c)(i)(a) (在 09-11-2021修訂) (revised on 09-11-2021),
2021-10-30,2021-11-05,,第 2 座 Tower 2,6,A7,,6455000,,‧價單第1號下的支付條款(B) Terms of Payment (B) under Price List No.1 ‧見備註/See Remarks 7 (c)(i)(b),
2021-10-30,2021-11-05,,第 2 座 Tower 2,7,A3,,6305000,,‧價單第1號下的支付條款(C)Terms of Payment (C) under Price List No.1 ‧見備註/See Remarks 7 (c)(i)(c),
2021-10-30,2021-11-05,,第 2 座 Tower 2,7,A5,,6381000,,‧價單第1號下的支付條款(B) Terms of Payment (B) under Price List No.1 ‧見備註/See Remarks 7 (c)(i)(b),
2021-10-30,2021-11-05,,第 2 座 Tower 2,7,A6,,6383000,,‧價單第1號下的支付條款(C)Terms of Payment (C) under Price List No.1 ‧見備註/See Remarks 7 (c)(i)(c),
2021-10-30,2021-11-05,,第 2 座 Tower 2,7,A7,,6483000,,‧價單第1號下的支付條款(C)Terms of Payment (C) under Price List No.1 ‧見備註/See Remarks 7 (c)(i)(c),
2021-10-30,2021-11-05,,第 2 座 Tower 2,8,A1,,6196000,,‧價單第1號下的支付條款(C)Terms of Payment (C) under Price List No.1 ‧見備註/See Remarks 7 (c)(i)(c),
2021-10-30,2021-11-05,,第 2 座 Tower 2,8,A2,,6054000,,‧價單第1號下的支付條款(A)Terms of Payment (A) under Price List No.1 ‧見備註/See Remarks 7 (c)(i)(a),
2021-10-30,2021-11-05,,第 2 座 Tower 2,8,A3,,6398000,,‧價單第1號下的支付條款(B) Terms of Payment (B) under Price List No.1 ‧見備註/See Remarks 7 (c)(i)(b),
2021-10-30,2021-11-05,,第 2 座 Tower 2,8,A5,,6411000,,‧價單第1號下的支付條款(C)Terms of Payment (C) under Price List No.1 ‧見備註/See Remarks 7 (c)(i)(c),
2021-10-30,2021-11-05,2025-07-04,第 2 座 Tower 2,8,A6,,6444000,,‧價單第1號下的支付條款(C)Terms of Payment (C) under Price List No.1 ‧見備註/See Remarks 7 (c)(i)(c),
2021-10-30,2021-11-05,,第 2 座 Tower 2,8,A7,,6382000,"在 16-11-2021，基於法例第 35(2)(b)條所容許的原因， 售 價更改為 $6,546,000 On 16-11-2021, the price adjusted to $6,546,000 due to the reason allowed under section 35(2)(b) of the Ordinance",‧價單第1號下的支付條款(A)Terms of Payment (A) under Price List No.1 ‧見備註/See Remarks 7 (c)(i)(a) ‧價單第1號下的支付條款(C)Terms of Payment (C) under Price List No.1 ‧見備註/See Remarks 7 (c)(i)(c) (在 16-11-2021修訂) (revised on 16-11-2021),
2021-10-30,2021-11-05,,第 2 座 Tower 2,9,A1,,6257000,,‧價單第1號下的支付條款(C)Terms of Payment (C) under Price List No.1 ‧見備註/See Remarks 7 (c)(i)(c),
2021-10-30,2021-11-05,,第 2 座 Tower 2,9,A2,,6112000,,‧價單第1號下的支付條款(A)Terms of Payment (A) under Price List No.1 ‧見備註/See Remarks 7 (c)(i)(a),
2021-10-30,2021-11-05,,第 2 座 Tower 2,9,A3,,6427000,,‧價單第1號下的支付條款(C)Terms of Payment (C) under Price List No.1 ‧見備註/See Remarks 7 (c)(i)(c),
2021-10-30,2021-11-05,,第 2 座 Tower 2,9,A5,,6470000,,‧價單第1號下的支付條款(C)Terms of Payment (C) under Price List No.1 ‧見備註/See Remarks 7 (c)(i)(c),
2021-10-30,2021-11-05,,第 2 座 Tower 2,9,A6,,6504000,,‧價單第1號下的支付條款(C)Terms of Payment (C) under Price List No.1 ‧見備註/See Remarks 7 (c)(i)(c),
2021-10-30,2021-11-05,,第 2 座 Tower 2,9,A7,,6608000,,‧價單第1號下的支付條款(C)Terms of Payment (C) under Price List No.1 ‧見備註/See Remarks 7 (c)(i)(c),
2021-10-30,2021-11-05,,第 2 座 Tower 2,10,A1,,6159000,,‧價單第1號下的支付條款(A)Terms of Payment (A) under Price List No.1 ‧見備註/See Remarks 7 (c)(i)(a),
2021-10-30,2021-11-05,,第 2 座 Tower 2,10,A2,,6361000,,‧價單第1號下的支付條款(B) Terms of Payment (B) under Price List No.1 ‧見備註/See Remarks 7 (c)(i)(b),
2021-10-30,2021-11-05,,第 2 座 Tower 2,10,A3,,6487000,,‧價單第1號下的支付條款(C)Terms of Payment (C) under Price List No.1 ‧見備註/See Remarks 7 (c)(i)(c),
2021-10-30,2021-11-05,,第 2 座 Tower 2,10,A5,,6531000,,‧價單第1號下的支付條款(C)Terms of Payment (C) under Price List No.1 ‧見備註/See Remarks 7 (c)(i)(c),
2021-10-30,2021-11-05,,第 2 座 Tower 2,10,A6,,6598000,,‧價單第1號下的支付條款(B) Terms of Payment (B) under Price List No.1 ‧見備註/See Remarks 7 (c)(i)(b),
2021-10-30,2021-11-05,,第 2 座 Tower 2,11,A1,,6379000,,‧價單第1號下的支付條款(C)Terms of Payment (C) under Price List No.1 ‧見備註/See Remarks 7 (c)(i)(c),
2021-10-30,2021-11-05,,第 2 座 Tower 2,11,A2,,6422000,,‧價單第1號下的支付條款(B) Terms of Payment (B) under Price List No.1 ‧見備註/See Remarks 7 (c)(i)(b),
2021-10-30,2021-11-05,,第 2 座 Tower 2,11,A3,,6548000,,‧價單第1號下的支付條款(C)Terms of Payment (C) under Price List No.1 ‧見備註/See Remarks 7 (c)(i)(c),
2021-10-30,2021-11-05,,第 2 座 Tower 2,11,A5,,6592000,,‧價單第1號下的支付條款(C)Terms of Payment (C) under Price List No.1 ‧見備註/See Remarks 7 (c)(i)(c),
2021-10-30,2021-11-05,,第 2 座 Tower 2,11,A6,,6626000,,‧價單第1號下的支付條款(C)Terms of Payment (C) under Price List No.1 ‧見備註/See Remarks 7 (c)(i)(c),
2021-10-30,2021-11-05,,第 2 座 Tower 2,11,A7,,6732000,,‧價單第1號下的支付條款(C)Terms of Payment (C) under Price List No.1 ‧見備註/See Remarks 7 (c)(i)(c),
2021-10-30,2021-11-05,,第 2 座 Tower 2,11,A8,,8704000,,‧價單第1號下的支付條款(A)Terms of Payment (A) under Price List No.1 ‧見備註/See Remarks 7 (c)(i)(a),
2021-10-30,2021-11-05,,第 2 座 Tower 2,12,A2,,6452000,,‧價單第1號下的支付條款(C)Terms of Payment (C) under Price List No.1 ‧見備註/See Remarks 7 (c)(i)(c),
2021-10-30,2021-11-05,,第 2 座 Tower 2,12,A3,,6610000,,‧價單第1號下的支付條款(C)Terms of Payment (C) under Price List No.1 ‧見備註/See Remarks 7 (c)(i)(c),
2021-10-30,2021-11-05,,第 2 座 Tower 2,12,A5,,6487000,,‧價單第1號下的支付條款(A)Terms of Payment (A) under Price List No.1 ‧見備註/See Remarks 7 (c)(i)(a),
2021-10-30,2021-11-05,,第 2 座 Tower 2,12,A6,,6721000,,‧價單第1號下的支付條款(B) Terms of Payment (B) under Price List No.1 ‧見備註/See Remarks 7 (c)(i)(b),
2021-10-30,2021-11-05,,第 2 座 Tower 2,16,A1,,6637000,"在 16-11-2021，基於法例第 35(2)(b)條所容許的原因， 售 價更改為$6,470,000 On 16-11-2021, the price adjusted to $6,470,000 due to the reason allowed under section 35(2)(b) of the Ordinance",‧價單第2號下的支付條款(B)Terms of Payment (B) under Price List No.2 ‧見備註/See Remarks 7 (c)(i)(c) ‧價單第2號下的支付條款(A)Terms of Payment (A) under Price List No.2 ‧見備註/See Remarks 7 (c)(i)(a) (在 16-11-2021修訂) (revised on 16-11-2021),
2021-10-30,2021-11-05,,第 2 座 Tower 2,16,A2,,6653000,,‧價單第2號下的支付條款(B)Terms of Payment (B) under Price List No.2 ‧見備註/See Remarks 7 (c)(i)(c),
2021-10-30,2021-11-05,,第 2 座 Tower 2,16,A3,,6824000,,‧價單第2號下的支付條款(B)Terms of Payment (B) under Price List No.2 ‧見備註/See Remarks 7 (c)(i)(c),
2021-10-30,2021-11-05,,第 2 座 Tower 2,18,A1,,6844000,,‧價單第2號下的支付條款(B)Terms of Payment (B) under Price List No.2 ‧見備註/See Remarks 7 (c)(i)(b),
2021-10-30,2021-11-05,,第 2 座 Tower 2,18,A2,,6648000,,‧價單第2號下的支付條款(A)Terms of Payment (A) under Price List No.2 ‧見備註/See Remarks 7 (c)(i)(a),
2021-10-30,2021-11-05,,第 2 座 Tower 2,18,A3,,6772000,,‧價單第2號下的支付條款(A)Terms of Payment (A) under Price List No.2 ‧見備註/See Remarks 7 (c)(i)(a),
2021-10-30,2021-11-05,,第 2 座 Tower 2,18,A5,,6944000,,‧價單第2號下的支付條款(B)Terms of Payment (B) under Price List No.2 ‧見備註/See Remarks 7 (c)(i)(c),
2021-10-30,2021-11-05,,第 2 座 Tower 2,19,A1,,6899000,,‧價單第2號下的支付條款(B)Terms of Payment (B) under Price List No.2 ‧見備註/See Remarks 7 (c)(i)(c),
2021-10-30,2021-11-05,,第 2 座 Tower 2,19,A2,,6681000,,‧價單第2號下的支付條款(A)Terms of Payment (A) under Price List No.2 ‧見備註/See Remarks 7 (c)(i)(a),
2021-10-30,2021-11-05,,第 2 座 Tower 2,3,B3,,6200000,,‧價單第1號下的支付條款(A)Terms of Payment (A) under Price List No.1 ‧見備註/See Remarks 7 (c)(i)(a),
2021-10-30,2021-11-05,,第 2 座 Tower 2,8,B1,,6806000,,‧價單第2號下的支付條款(B)Terms of Payment (B) under Price List No.2 ‧見備註/See Remarks 7 (c)(i)(b),
2021-10-30,2021-11-05,,第 2 座 Tower 2,2,C6,,6248000,,‧價單第1號下的支付條款(C)Terms of Payment (C) under Price List No.1 ‧見備註/See Remarks 7 (c)(i)(c),
2021-10-30,2021-11-05,,第 2 座 Tower 2,2,C7,,6246000,,‧價單第1號下的支付條款(B) Terms of Payment (B) under Price List No.1 ‧見備註/See Remarks 7 (c)(i)(b),
2021-10-30,2021-11-05,,第 2 座 Tower 2,2,C8,,6237000,,‧價單第1號下的支付條款(C)Terms of Payment (C) under Price List No.1 ‧見備註/See Remarks 7 (c)(i)(c),
2021-10-30,2021-11-05,,第 2 座 Tower 2,2,C11,,5907000,,‧價單第1號下的支付條款(A)Terms of Payment (A) under Price List No.1 ‧見備註/See Remarks 7 (c)(i)(a),
2021-10-30,2021-11-05,,第 2 座 Tower 2,2,C12,,6223000,,‧價單第1號下的支付條款(B) Terms of Payment (B) under Price List No.1 ‧見備註/See Remarks 7 (c)(i)(b),
2021-10-30,2021-11-05,,第 2 座 Tower 2,3,C6,,6120000,,‧價單第1號下的支付條款(A)Terms of Payment (A) under Price List No.1 ‧見備註/See Remarks 7 (c)(i)(a),
2021-10-30,2021-11-05,,第 2 座 Tower 2,3,C8,,6267000,,‧價單第1號下的支付條款(C)Terms of Payment (C) under Price List No.1 ‧見備註/See Remarks 7 (c)(i)(c),
2021-10-30,2021-11-05,,第 2 座 Tower 2,3,C11,,6121000,,‧價單第1號下的支付條款(B) Terms of Payment (B) under Price List No.1 ‧見備註/See Remarks 7 (c)(i)(b),
2021-10-30,2021-11-05,,第 2 座 Tower 2,3,C12,,6066000,,‧價單第1號下的支付條款(A)Terms of Payment (A) under Price List No.1 ‧見備註/See Remarks 7 (c)(i)(a),
2021-10-30,2021-11-05,2025-07-02,第 2 座 Tower 2,5,C1,,5555000,,‧價單第2號下的支付條款(B)Terms of Payment (B) under Price List No.2 ‧見備註/See Remarks 7 (c)(i)(b),
2021-10-30,2021-11-05,,第 2 座 Tower 2,5,C2,,5078000,,‧價單第2號下的支付條款(B)Terms of Payment (B) under Price List No.2 ‧見備註/See Remarks 7 (c)(i)(b),
2021-10-30,2021-11-05,,第 2 座 Tower 2,5,C3,,4826000,,‧價單第2號下的支付條款(A)Terms of Payment (A) under Price List No.2 ‧見備註/See Remarks 7 (c)(i)(a),
2021-10-30,2021-11-05,,第 2 座 Tower 2,5,C5,,5067000,,‧價單第2號下的支付條款(B)Terms of Payment (B) under Price List No.2 ‧見備註/See Remarks 7 (c)(i)(b),
2021-10-30,2021-11-05,,第 2 座 Tower 2,5,C6,,6175000,,‧價單第1號下的支付條款(A)Terms of Payment (A) under Price List No.1 ‧見備註/See Remarks 7 (c)(i)(a),
2021-10-30,2021-11-05,2025-07-02,第 2 座 Tower 2,5,C7,,6143000,,‧價單第1號下的支付條款(A)Terms of Payment (A) under Price List No.1 ‧見備註/See Remarks 7 (c)(i)(a) ‧價單第1號下的支付條款(B)Terms of Payment (B) under Price List No.1 ‧見備註/See Remarks 7 (c)(i)(b) (在 17-11-2021修訂) (revised on 17-11-2021),
2021-10-30,2021-11-05,,第 2 座 Tower 2,5,C8,,6324000,,‧價單第1號下的支付條款(C)Terms of Payment (C) under Price List No.1 ‧見備註/See Remarks 7 (c)(i)(c),
2021-10-30,2021-11-05,,第 2 座 Tower 2,5,C9,,6269000,,‧價單第1號下的支付條款(C)Terms of Payment (C) under Price List No.1 ‧見備註/See Remarks 7 (c)(i)(c),
2021-10-30,2021-11-05,,第 2 座 Tower 2,5,C10,,6274000,,‧價單第1號下的支付條款(B) Terms of Payment (B) under Price List No.1 ‧見備註/See Remarks 7 (c)(i)(b),
2021-10-30,2021-11-05,,第 2 座 Tower 2,5,C11,,5994000,,‧價單第1號下的支付條款(A)Terms of Payment (A) under Price List No.1 ‧見備註/See Remarks 7 (c)(i)(a),
2021-10-30,2021-11-05,,第 2 座 Tower 2,5,C12,,6125000,,‧價單第1號下的支付條款(A)Terms of Payment (A) under Price List No.1 ‧見備註/See Remarks 7 (c)(i)(a),
2021-10-30,2021-11-05,,第 2 座 Tower 2,6,C1,,5431000,,‧價單第2號下的支付條款(A)Terms of Payment (A) under Price List No.2 ‧見備註/See Remarks 7 (c)(i)(a),
2021-10-30,2021-11-05,,第 2 座 Tower 2,6,C6,,6392000,,‧價單第1號下的支付條款(C)Terms of Payment (C) under Price List No.1 ‧見備註/See Remarks 7 (c)(i)(c),
2021-10-30,2021-11-05,,第 2 座 Tower 2,6,C7,,6359000,,‧價單第1號下的支付條款(C)Terms of Payment (C) under Price List No.1 ‧見備註/See Remarks 7 (c)(i)(c),
2021-10-30,2021-11-05,,第 2 座 Tower 2,6,C8,,6382000,,‧價單第1號下的支付條款(C)Terms of Payment (C) under Price List No.1 ‧見備註/See Remarks 7 (c)(i)(c),
2021-10-30,2021-11-05,,第 2 座 Tower 2,6,C9,,6326000,,‧價單第1號下的支付條款(C)Terms of Payment (C) under Price List No.1 ‧見備註/See Remarks 7 (c)(i)(c),
2021-10-30,2021-11-05,,第 2 座 Tower 2,6,C10,,6333000,,‧價單第1號下的支付條款(B) Terms of Payment (B) under Price List No.1 ‧見備註/See Remarks 7 (c)(i)(b),
2021-10-30,2021-11-05,,第 2 座 Tower 2,6,C11,,6052000,,‧價單第1號下的支付條款(A)Terms of Payment (A) under Price List No.1 ‧見備註/See Remarks 7 (c)(i)(a),
2021-10-30,2021-11-05,,第 2 座 Tower 2,6,C12,,6185000,,‧價單第1號下的支付條款(A)Terms of Payment (A) under Price List No.1 ‧見備註/See Remarks 7 (c)(i)(a),
2021-10-30,2021-11-05,,第 2 座 Tower 2,7,C1,,5616000,,‧價單第2號下的支付條款(B)Terms of Payment (B) under Price List No.2 ‧見備註/See Remarks 7 (c)(i)(c),
2021-10-30,2021-11-05,,第 2 座 Tower 2,7,C2,,5144000,,‧價單第2號下的支付條款(B)Terms of Payment (B) under Price List No.2 ‧見備註/See Remarks 7 (c)(i)(c),
2021-10-30,2021-11-05,,第 2 座 Tower 2,7,C3,,5040000,,‧價單第2號下的支付條款(B)Terms of Payment (B) under Price List No.2 ‧見備註/See Remarks 7 (c)(i)(c),
2021-10-30,2021-11-05,,第 2 座 Tower 2,7,C5,,5004000,,‧價單第2號下的支付條款(A)Terms of Payment (A) under Price List No.2 ‧見備註/See Remarks 7 (c)(i)(a),
2021-10-30,2021-11-05,2025-07-02,第 2 座 Tower 2,7,C6,,6482000,,‧價單第1號下的支付條款(B) Terms of Payment (B) under Price List No.1 ‧見備註/See Remarks 7 (c)(i)(b),
2021-10-30,2021-11-05,,第 2 座 Tower 2,7,C7,,6256000,,‧價單第1號下的支付條款(A)Terms of Payment (A) under Price List No.1 ‧見備註/See Remarks 7 (c)(i)(a),
2021-10-30,2021-11-05,,第 2 座 Tower 2,7,C8,,6441000,,‧價單第1號下的支付條款(C)Terms of Payment (C) under Price List No.1 ‧見備註/See Remarks 7 (c)(i)(c),
2021-10-30,2021-11-05,,第 2 座 Tower 2,7,C9,,6386000,,‧價單第1號下的支付條款(C)Terms of Payment (C) under Price List No.1 ‧見備註/See Remarks 7 (c)(i)(c),
2021-10-30,2021-11-05,,第 2 座 Tower 2,7,C10,,6362000,,‧價單第1號下的支付條款(C)Terms of Payment (C) under Price List No.1 ‧見備註/See Remarks 7 (c)(i)(c),
2021-10-30,2021-11-05,,第 2 座 Tower 2,7,C11,,6300000,"在 06-01-2022，基於法例第 35(2)(b)條所容許的原因， 售 價更改為$6,111,000 On 06-01-2022, the price adjusted to $6,111,000 due to the reason allowed under section 35(2)(b) of the Ordinance",‧價單第1號下的支付條款(B) Terms of Payment (B) under Price List No.1 ‧見備註/See Remarks 7 (c)(i)(b) ‧價單第1號下的支付條款(A)Terms of Payment (A) under Price List No.1 ‧見備註/See Remarks 7 (c)(i)(a) (在 07-01-2022修訂) (revised on 07-01-2022),
2021-10-30,2021-11-05,,第 2 座 Tower 2,7,C12,,6438000,,‧價單第1號下的支付條款(B) Terms of Payment (B) under Price List No.1 ‧見備註/See Remarks 7 (c)(i)(b),
2021-10-30,2021-11-05,,第 2 座 Tower 2,8,C1,,5690000,,‧價單第2號下的支付條款(B)Terms of Payment (B) under Price List No.2 ‧見備註/See Remarks 7 (c)(i)(b),
2021-10-30,2021-11-05,,第 2 座 Tower 2,8,C2,,5185000,,‧價單第2號下的支付條款(B)Terms of Payment (B) under Price List No.2 ‧見備註/See Remarks 7 (c)(i)(c),
2021-10-30,2021-11-05,,第 2 座 Tower 2,8,C3,,5106000,,‧價單第2號下的支付條款(B)Terms of Payment (B) under Price List No.2 ‧見備註/See Remarks 7 (c)(i)(b),
2021-10-30,2021-11-05,,第 2 座 Tower 2,8,C5,,5044000,,‧價單第2號下的支付條款(A)Terms of Payment (A) under Price List No.2 ‧見備註/See Remarks 7 (c)(i)(a),
2021-10-30,2021-11-04,,第 2 座 Tower 2,8,C6,,6345000,,‧價單第1號下的支付條款(A)Terms of Payment (A) under Price List No.1 ‧見備註/See Remarks 7 (c)(i)(a),
2021-10-30,2021-11-05,2025-07-02,第 2 座 Tower 2,8,C7,,6475000,,‧價單第1號下的支付條款(C)Terms of Payment (C) under Price List No.1 ‧見備註/See Remarks 7 (c)(i)(c),
2021-10-30,2021-11-05,,第 2 座 Tower 2,8,C8,,6500000,,‧價單第1號下的支付條款(C)Terms of Payment (C) under Price List No.1 ‧見備註/See Remarks 7 (c)(i)(c),
2021-10-30,2021-11-05,,第 2 座 Tower 2,8,C9,,6476000,,‧價單第1號下的支付條款(B) Terms of Payment (B) under Price List No.1 ‧見備註/See Remarks 7 (c)(i)(b),
2021-10-30,2021-11-05,,第 2 座 Tower 2,8,C10,,6422000,,‧價單第1號下的支付條款(C)Terms of Payment (C) under Price List No.1 ‧見備註/See Remarks 7 (c)(i)(c),
2021-10-30,2021-11-05,,第 2 座 Tower 2,8,C11,,6361000,,‧價單第1號下的支付條款(B) Terms of Payment (B) under Price List No.1 ‧見備註/See Remarks 7 (c)(i)(b),
2021-10-30,2021-11-05,,第 2 座 Tower 2,8,C12,,6468000,,‧價單第1號下的支付條款(C)Terms of Payment (C) under Price List No.1 ‧見備註/See Remarks 7 (c)(i)(c),
2021-10-30,2021-11-05,,第 2 座 Tower 2,9,C1,,5563000,,‧價單第2號下的支付條款(A)Terms of Payment (A) under Price List No.2 ‧見備註/See Remarks 7 (c)(i)(a),
2021-10-30,2021-11-05,,第 2 座 Tower 2,9,C2,,5096000,,‧價單第2號下的支付條款(A)Terms of Payment (A) under Price List No.2 ‧見備註/See Remarks 7 (c)(i)(a),
2021-10-30,2021-11-05,,第 2 座 Tower 2,9,C3,,4992000,,‧價單第2號下的支付條款(A)Terms of Payment (A) under Price List No.2 ‧見備註/See Remarks 7 (c)(i)(a),
2021-10-30,2021-11-05,,第 2 座 Tower 2,9,C5,,5084000,,‧價單第2號下的支付條款(A)Terms of Payment (A) under Price List No.2 ‧見備註/See Remarks 7 (c)(i)(a),
2021-10-30,2021-11-05,,第 2 座 Tower 2,10,C1,,5780000,,‧價單第2號下的支付條款(B)Terms of Payment (B) under Price List No.2 ‧見備註/See Remarks 7 (c)(i)(b),
2021-10-30,2021-11-05,,第 2 座 Tower 2,10,C2,,5269000,,‧價單第2號下的支付條款(B)Terms of Payment (B) under Price List No.2 ‧見備註/See Remarks 7 (c)(i)(c),
2021-10-30,2021-11-05,,第 2 座 Tower 2,10,C3,,5032000,,‧價單第2號下的支付條款(A)Terms of Payment (A) under Price List No.2 ‧見備註/See Remarks 7 (c)(i)(a),
2021-10-30,2021-11-05,,第 2 座 Tower 2,10,C5,,5258000,,‧價單第2號下的支付條款(B)Terms of Payment (B) under Price List No.2 ‧見備註/See Remarks 7 (c)(i)(c),
2021-10-30,2021-11-05,,第 2 座 Tower 2,12,C6,,6793000,,‧價單第2號下的支付條款(B)Terms of Payment (B) under Price List No.2 ‧見備註/See Remarks 7 (c)(i)(c),
2021-10-30,2021-11-05,,第 2 座 Tower 2,12,C7,,6759000,,‧價單第2號下的支付條款(B)Terms of Payment (B) under Price List No.2 ‧見備註/See Remarks 7 (c)(i)(c),
2021-10-30,2021-11-05,2025-07-02,第 2 座 Tower 2,12,C10,,6736000,,‧價單第2號下的支付條款(B)Terms of Payment (B) under Price List No.2 ‧見備註/See Remarks 7 (c)(i)(b),
2021-10-30,2021-11-05,,第 2 座 Tower 2,15,C6,,6669000,,‧價單第2號下的支付條款(A)Terms of Payment (A) under Price List No.2 ‧見備註/See Remarks 7 (c)(i)(a),
2021-10-30,2021-11-05,,第 2 座 Tower 2,15,C7,,6648000,,‧價單第2號下的支付條款(A)Terms of Payment (A) under Price List No.2 ‧見備註/See Remarks 7 (c)(i)(a),
2021-10-30,2021-11-05,,第 2 座 Tower 2,15,C8,,6654000,,‧價單第2號下的支付條款(A)Terms of Payment (A) under Price List No.2 ‧見備註/See Remarks 7 (c)(i)(a),
2021-10-30,2021-11-05,,第 2 座 Tower 2,2,D1,,5788000,,‧價單第1號下的支付條款(B) Terms of Payment (B) under Price List No.1 ‧見備註/See Remarks 7 (c)(i)(b),
2021-10-30,2021-11-05,,第 2 座 Tower 2,2,D2,,5510000,,‧價單第1號下的支付條款(A)Terms of Payment (A) under Price List No.1 ‧見備註/See Remarks 7 (c)(i)(a),
2021-10-30,2021-11-05,,第 2 座 Tower 2,2,D3,,5621000,,‧價單第1號下的支付條款(A)Terms of Payment (A) under Price List No.1 ‧見備註/See Remarks 7 (c)(i)(a),
2021-10-30,2021-11-05,,第 2 座 Tower 2,2,D5,,5634000,,‧價單第1號下的支付條款(A)Terms of Payment (A) under Price List No.1 ‧見備註/See Remarks 7 (c)(i)(a),
2021-10-30,2021-11-05,,第 2 座 Tower 2,2,D6,,5842000,,‧價單第1號下的支付條款(B) Terms of Payment (B) under Price List No.1 ‧見備註/See Remarks 7 (c)(i)(b),
2021-10-30,2021-11-05,,第 2 座 Tower 2,2,D7,,5888000,,‧價單第1號下的支付條款(C)Terms of Payment (C) under Price List No.1 ‧見備註/See Remarks 7 (c)(i)(c),
2021-10-30,2021-11-05,,第 2 座 Tower 2,2,D8,,5874000,,‧價單第1號下的支付條款(A)Terms of Payment (A) under Price List No.1 ‧見備註/See Remarks 7 (c)(i)(a),
2021-10-30,2021-11-05,,第 2 座 Tower 2,2,D9,,7968000,,‧價單第1號下的支付條款(B) Terms of Payment (B) under Price List No.1 ‧見備註/See Remarks 7 (c)(i)(b),
2021-10-30,2021-11-05,,第 2 座 Tower 2,3,D1,,5644000,,‧價單第1號下的支付條款(A)Terms of Payment (A) under Price List No.1 ‧見備註/See Remarks 7 (c)(i)(a),
2021-10-30,2021-11-05,,第 2 座 Tower 2,3,D2,,5680000,,‧價單第1號下的支付條款(C)Terms of Payment (C) under Price List No.1 ‧見備註/See Remarks 7 (c)(i)(c),
2021-10-30,2021-11-05,,第 2 座 Tower 2,3,D3,,5650000,,‧價單第1號下的支付條款(A)Terms of Payment (A) under Price List No.1 ‧見備註/See Remarks 7 (c)(i)(a),
2021-10-30,2021-11-05,,第 2 座 Tower 2,3,D5,,5663000,,‧價單第1號下的支付條款(A)Terms of Payment (A) under Price List No.1 ‧見備註/See Remarks 7 (c)(i)(a),
2021-10-30,2021-11-04,,第 2 座 Tower 2,3,D6,,5695000,,‧價單第1號下的支付條款(A)Terms of Payment (A) under Price List No.1 ‧見備註/See Remarks 7 (c)(i)(a),
2021-10-30,2021-11-05,,第 2 座 Tower 2,3,D7,,5769000,,‧價單第1號下的支付條款(A)Terms of Payment (A) under Price List No.1 ‧見備註/See Remarks 7 (c)(i)(a),
2021-10-30,2021-11-05,,第 2 座 Tower 2,3,D8,,5903000,,‧價單第1號下的支付條款(A)Terms of Payment (A) under Price List No.1 ‧見備註/See Remarks 7 (c)(i)(a),
2021-10-30,2021-11-05,,第 2 座 Tower 2,3,D9,,7965000,,‧價單第1號下的支付條款(C)Terms of Payment (C) under Price List No.1 ‧見備註/See Remarks 7 (c)(i)(c),
2021-10-30,2021-11-05,,第 2 座 Tower 2,5,D1,,5700000,,‧價單第1號下的支付條款(A)Terms of Payment (A) under Price List No.1 ‧見備註/See Remarks 7 (c)(i)(a),
2021-10-30,2021-11-05,,第 2 座 Tower 2,5,D2,,5738000,,‧價單第1號下的支付條款(C)Terms of Payment (C) under Price List No.1 ‧見備註/See Remarks 7 (c)(i)(c),
2021-10-30,2021-11-05,,第 2 座 Tower 2,5,D3,,5853000,,‧價單第1號下的支付條款(C)Terms of Payment (C) under Price List No.1 ‧見備註/See Remarks 7 (c)(i)(c),
2021-10-30,2021-11-05,,第 2 座 Tower 2,5,D5,,5719000,,‧價單第1號下的支付條款(A)Terms of Payment (A) under Price List No.1 ‧見備註/See Remarks 7 (c)(i)(a),
2021-10-30,2021-11-05,,第 2 座 Tower 2,5,D6,,5930000,,‧價單第1號下的支付條款(B) Terms of Payment (B) under Price List No.1 ‧見備註/See Remarks 7 (c)(i)(b),
2021-10-30,2021-11-05,,第 2 座 Tower 2,5,D7,,6005000,,‧價單第1號下的支付條款(B) Terms of Payment (B) under Price List No.1 ‧見備註/See Remarks 7 (c)(i)(b),
2021-10-30,2021-11-05,,第 2 座 Tower 2,5,D8,,5961000,,‧價單第1號下的支付條款(A)Terms of Payment (A) under Price List No.1 ‧見備註/See Remarks 7 (c)(i)(a),
2021-10-30,2021-11-05,,第 2 座 Tower 2,5,D9,,8048000,,‧價單第1號下的支付條款(C)Terms of Payment (C) under Price List No.1 ‧見備註/See Remarks 7 (c)(i)(c),
2021-10-30,2021-11-05,,第 2 座 Tower 2,6,D1,,5758000,,‧價單第1號下的支付條款(A)Terms of Payment (A) under Price List No.1 ‧見備註/See Remarks 7 (c)(i)(a),
2021-10-30,2021-11-05,,第 2 座 Tower 2,6,D2,,5825000,,‧價單第1號下的支付條款(B) Terms of Payment (B) under Price List No.1 ‧見備註/See Remarks 7 (c)(i)(b),
2021-10-30,2021-11-05,,第 2 座 Tower 2,6,D3,,5911000,"在 10-12-2021，基於法例第 35(2)(b)條所容許的原因，售 價更改為$5,763,000 On 10-12-2021, the price adjusted to $5,763,000 due to the reason allowed under section 35(2)(b) of the Ordinance",‧價單第1號下的支付條款(C)Terms of Payment (C) under Price List No.1 ‧見備註/See Remarks 7 (c)(i)(c) ‧價單第1號下的支付條款(A)Terms of Payment (A) under Price List No.1 ‧見備註/See Remarks 7 (c)(i)(a) (在 12-12-2021修訂) (revised on 12-12-2021),
2021-10-30,2021-11-05,,第 2 座 Tower 2,6,D5,,5955000,,‧價單第1號下的支付條款(B) Terms of Payment (B) under Price List No.1 ‧見備註/See Remarks 7 (c)(i)(b),
2021-10-30,2021-11-05,,第 2 座 Tower 2,6,D6,,5808000,,‧價單第1號下的支付條款(A)Terms of Payment (A) under Price List No.1 ‧見備註/See Remarks 7 (c)(i)(a),
2021-10-30,2021-11-05,,第 2 座 Tower 2,6,D7,,6034000,,‧價單第1號下的支付條款(C)Terms of Payment (C) under Price List No.1 ‧見備註/See Remarks 7 (c)(i)(c),
2021-10-30,2021-11-05,,第 2 座 Tower 2,6,D8,,6205000,,‧價單第1號下的支付條款(B) Terms of Payment (B) under Price List No.1 ‧見備註/See Remarks 7 (c)(i)(b),
2021-10-30,2021-11-05,,第 2 座 Tower 2,6,D9,,8171000,,‧價單第1號下的支付條款(B) Terms of Payment (B) under Price List No.1 ‧見備註/See Remarks 7 (c)(i)(b),
2021-10-30,2021-11-05,,第 2 座 Tower 2,7,D1,,5966000,,‧價單第1號下的支付條款(C)Terms of Payment (C) under Price List No.1 ‧見備註/See Remarks 7 (c)(i)(c),
2021-10-30,2021-11-05,,第 2 座 Tower 2,7,D2,,5853000,,‧價單第1號下的支付條款(C)Terms of Payment (C) under Price List No.1 ‧見備註/See Remarks 7 (c)(i)(c),
2021-10-30,2021-11-05,,第 2 座 Tower 2,7,D3,,5821000,,‧價單第1號下的支付條款(A)Terms of Payment (A) under Price List No.1 ‧見備註/See Remarks 7 (c)(i)(a),
2021-10-30,2021-11-05,,第 2 座 Tower 2,7,D5,,5983000,,‧價單第1號下的支付條款(C)Terms of Payment (C) under Price List No.1 ‧見備註/See Remarks 7 (c)(i)(c),
2021-10-30,2021-11-05,,第 2 座 Tower 2,7,D6,,6016000,,‧價單第1號下的支付條款(C)Terms of Payment (C) under Price List No.1 ‧見備註/See Remarks 7 (c)(i)(c),
2021-10-30,2021-11-05,,第 2 座 Tower 2,7,D7,,6124000,"在 25-11-2021，基於法例第 35(2)(b)條所容許的原因， 售 價更改為$5,940,000 On 25-11-2021, the price adjusted to $5,940,000 due to the reason allowed under section 35(2)(b) of the Ordinance",‧價單第1號下的支付條款(B) Terms of Payment (B) under Price List No.1 ‧見備註/See Remarks 7 (c)(i)(b) ‧價單第1號下的支付條款(A)Terms of Payment (A) under Price List No.1 ‧見備註/See Remarks 7 (c)(i)(a) (在 26-11-2021修訂) (revised on 26-11-2021),
2021-10-30,2021-11-05,,第 2 座 Tower 2,7,D8,,6234000,,‧價單第1號下的支付條款(C)Terms of Payment (C) under Price List No.1 ‧見備註/See Remarks 7 (c)(i)(c),
2021-10-30,2021-11-05,,第 2 座 Tower 2,7,D9,,8214000,,‧價單第1號下的支付條款(C)Terms of Payment (C) under Price List No.1 ‧見備註/See Remarks 7 (c)(i)(c),
2021-10-30,2021-11-05,,第 2 座 Tower 2,8,D8,,6295000,,‧價單第1號下的支付條款(C)Terms of Payment (C) under Price List No.1 ‧見備註/See Remarks 7 (c)(i)(c),
2021-10-30,2021-11-05,,第 2 座 Tower 2,8,D9,,8089000,,‧價單第1號下的支付條款(A)Terms of Payment (A) under Price List No.1 ‧見備註/See Remarks 7 (c)(i)(a),
2021-10-30,2021-11-05,,第 2 座 Tower 2,9,D1,,6118000,,‧價單第1號下的支付條款(B) Terms of Payment (B) under Price List No.1 ‧見備註/See Remarks 7 (c)(i)(b),
2021-10-30,2021-11-05,,第 2 座 Tower 2,9,D2,,5971000,"在 15-11-2021，基於法例第 35(2)(b)條所容許的原因， 售 價更改為$5,821,000 On 15-11-2021, the price adjusted to $5,821,000 due to the reason allowed under section 35(2)(b) of the Ordinance",‧價單第1號下的支付條款(C)Terms of Payment (C) under Price List No.1 ‧見備註/See Remarks 7 (c)(i)(c) ‧價單第1號下的支付條款(A)Terms of Payment (A) under Price List No.1 ‧見備註/See Remarks 7 (c)(i)(a) (在 15-11-2021修訂) (revised on 15-11-2021),
2021-10-30,2021-11-05,,第 2 座 Tower 2,9,D3,,6090000,,‧價單第1號下的支付條款(C)Terms of Payment (C) under Price List No.1 ‧見備註/See Remarks 7 (c)(i)(c),
2021-10-30,2021-11-05,,第 2 座 Tower 2,9,D5,,5949000,,‧價單第1號下的支付條款(A)Terms of Payment (A) under Price List No.1 ‧見備註/See Remarks 7 (c)(i)(a),
2021-10-30,2021-11-05,,第 2 座 Tower 2,9,D6,,5982000,,‧價單第1號下的支付條款(A)Terms of Payment (A) under Price List No.1 ‧見備註/See Remarks 7 (c)(i)(a),
2021-10-30,2021-11-05,,第 2 座 Tower 2,9,D7,,6057000,,‧價單第1號下的支付條款(A)Terms of Payment (A) under Price List No.1 ‧見備註/See Remarks 7 (c)(i)(a),
2021-10-30,2021-11-05,,第 2 座 Tower 2,9,D8,,6388000,,‧價單第1號下的支付條款(B) Terms of Payment (B) under Price List No.1 ‧見備註/See Remarks 7 (c)(i)(b),
2021-10-30,2021-11-05,,第 2 座 Tower 2,9,D9,,8425000,,‧價單第1號下的支付條款(B) Terms of Payment (B) under Price List No.1 ‧見備註/See Remarks 7 (c)(i)(b),
2021-10-30,2021-11-05,,第 2 座 Tower 2,10,D1,,5993000,,‧價單第1號下的支付條款(A)Terms of Payment (A) under Price List No.1 ‧見備註/See Remarks 7 (c)(i)(a),
2021-10-30,2021-11-05,,第 2 座 Tower 2,10,D2,,6061000,,‧價單第1號下的支付條款(B) Terms of Payment (B) under Price List No.1 ‧見備註/See Remarks 7 (c)(i)(b),
2021-10-30,2021-11-05,,第 2 座 Tower 2,10,D3,,5996000,,‧價單第1號下的支付條款(A)Terms of Payment (A) under Price List No.1 ‧見備註/See Remarks 7 (c)(i)(a),
2021-10-30,2021-11-05,,第 2 座 Tower 2,10,D5,,6163000,,‧價單第1號下的支付條款(C)Terms of Payment (C) under Price List No.1 ‧見備註/See Remarks 7 (c)(i)(c),
2021-10-30,2021-11-05,,第 2 座 Tower 2,10,D6,,6196000,,‧價單第1號下的支付條款(C)Terms of Payment (C) under Price List No.1 ‧見備註/See Remarks 7 (c)(i)(c),
2021-10-30,2021-11-05,,第 2 座 Tower 2,10,D7,,6273000,,‧價單第1號下的支付條款(C)Terms of Payment (C) under Price List No.1 ‧見備註/See Remarks 7 (c)(i)(c),
2021-10-30,2021-11-05,,第 2 座 Tower 2,10,D8,,6257000,,‧價單第1號下的支付條款(A)Terms of Payment (A) under Price List No.1 ‧見備註/See Remarks 7 (c)(i)(a),
2021-10-30,2021-11-05,,第 2 座 Tower 2,11,D1,,6054000,,‧價單第1號下的支付條款(A)Terms of Payment (A) under Price List No.1 ‧見備註/See Remarks 7 (c)(i)(a),
2021-10-30,2021-11-05,,第 2 座 Tower 2,11,D2,,5938000,,‧價單第1號下的支付條款(A)Terms of Payment (A) under Price List No.1 ‧見備註/See Remarks 7 (c)(i)(a),
2021-10-30,2021-11-05,,第 2 座 Tower 2,11,D3,,6212000,,‧價單第1號下的支付條款(C)Terms of Payment (C) under Price List No.1 ‧見備註/See Remarks 7 (c)(i)(c),
2021-10-30,2021-11-05,,第 2 座 Tower 2,11,D6,,6258000,,‧價單第1號下的支付條款(C)Terms of Payment (C) under Price List No.1 ‧見備註/See Remarks 7 (c)(i)(c),
2021-10-30,2021-11-05,,第 2 座 Tower 2,11,D7,,6176000,,‧價單第1號下的支付條款(A)Terms of Payment (A) under Price List No.1 ‧見備註/See Remarks 7 (c)(i)(a),
2021-10-30,2021-11-05,,第 2 座 Tower 2,11,D8,,6480000,,‧價單第1號下的支付條款(C)Terms of Payment (C) under Price List No.1 ‧見備註/See Remarks 7 (c)(i)(c),
2021-10-30,2021-11-05,2025-07-04,第 2 座 Tower 2,11,D9,,8555000,,‧價單第1號下的支付條款(C)Terms of Payment (C) under Price List No.1 ‧見備註/See Remarks 7 (c)(i)(c),
2021-10-30,2021-11-05,,第 2 座 Tower 2,12,D1,,6272000,,‧價單第1號下的支付條款(C)Terms of Payment (C) under Price List No.1 ‧見備註/See Remarks 7 (c)(i)(c),
2021-10-30,2021-11-05,,第 2 座 Tower 2,12,D2,,5998000,,‧價單第1號下的支付條款(A)Terms of Payment (A) under Price List No.1 ‧見備註/See Remarks 7 (c)(i)(a),
2021-10-30,2021-11-05,,第 2 座 Tower 2,12,D3,,6273000,,‧價單第1號下的支付條款(C)Terms of Payment (C) under Price List No.1 ‧見備註/See Remarks 7 (c)(i)(c),
2021-10-30,2021-11-05,,第 2 座 Tower 2,12,D5,,6284000,,‧價單第1號下的支付條款(C)Terms of Payment (C) under Price List No.1 ‧見備註/See Remarks 7 (c)(i)(c),
2021-10-30,2021-11-05,,第 2 座 Tower 2,12,D6,,6160000,,‧價單第1號下的支付條款(A)Terms of Payment (A) under Price List No.1 ‧見備註/See Remarks 7 (c)(i)(a),
2021-10-30,2021-11-05,,第 2 座 Tower 2,12,D7,,6397000,,‧價單第1號下的支付條款(C)Terms of Payment (C) under Price List No.1 ‧見備註/See Remarks 7 (c)(i)(c),
2021-10-30,2021-11-05,,第 2 座 Tower 2,12,D8,,6576000,,‧價單第1號下的支付條款(B) Terms of Payment (B) under Price List No.1 ‧見備註/See Remarks 7 (c)(i)(b),
2021-10-30,2021-11-05,,第 2 座 Tower 2,12,D9,,8643000,,‧價單第1號下的支付條款(C)Terms of Payment (C) under Price List No.1 ‧見備註/See Remarks 7 (c)(i)(c),
2021-10-30,2021-11-05,,第 2 座 Tower 2,15,D9,,8807000,,‧價單第2號下的支付條款(B)Terms of Payment (B) under Price List No.2 ‧見備註/See Remarks 7 (c)(i)(b),
2021-10-30,2021-11-05,2025-07-02,第 2 座 Tower 2,16,D1,,6469000,,‧價單第2號下的支付條款(B)Terms of Payment (B) under Price List No.2 ‧見備註/See Remarks 7 (c)(i)(b),
2021-10-30,2021-11-05,,第 2 座 Tower 2,16,D2,,6313000,,‧價單第2號下的支付條款(B)Terms of Payment (B) under Price List No.2 ‧見備註/See Remarks 7 (c)(i)(c),
2021-10-30,2021-11-05,,第 2 座 Tower 2,16,D3,,6470000,,‧價單第2號下的支付條款(B)Terms of Payment (B) under Price List No.2 ‧見備註/See Remarks 7 (c)(i)(b),
2021-10-30,2021-11-05,,第 2 座 Tower 2,16,D5,,6450000,,‧價單第2號下的支付條款(B)Terms of Payment (B) under Price List No.2 ‧見備註/See Remarks 7 (c)(i)(c),
2021-10-30,2021-11-05,,第 2 座 Tower 2,16,D6,,6321000,,‧價單第2號下的支付條款(A)Terms of Payment (A) under Price List No.2 ‧見備註/See Remarks 7 (c)(i)(a),
2021-10-30,2021-11-05,2025-07-04,第 2 座 Tower 2,16,D7,,6598000,,‧價單第2號下的支付條款(B)Terms of Payment (B) under Price List No.2 ‧見備註/See Remarks 7 (c)(i)(b),
2021-10-30,2021-11-05,,第 2 座 Tower 2,16,D8,,6714000,,‧價單第2號下的支付條款(B)Terms of Payment (B) under Price List No.2 ‧見備註/See Remarks 7 (c)(i)(c),
2021-10-30,,,第 2 座 Tower 2,16,D9,,8913000,,‧價單第2號下的支付條款(B)Terms of Payment (B) under Price List No.2 ‧見備註/See Remarks 7 (c)(i)(b),
2021-10-30,2021-11-05,,第 2 座 Tower 2,17,D1,,6500000,,‧價單第2號下的支付條款(B)Terms of Payment (B) under Price List No.2 ‧見備註/See Remarks 7 (c)(i)(c),
2021-10-30,2021-11-05,,第 2 座 Tower 2,17,D2,,6376000,,‧價單第2號下的支付條款(B)Terms of Payment (B) under Price List No.2 ‧見備註/See Remarks 7 (c)(i)(c),
2021-10-30,2021-11-05,2025-07-04,第 2 座 Tower 2,17,D3,,6535000,,‧價單第2號下的支付條款(B)Terms of Payment (B) under Price List No.2 ‧見備註/See Remarks 7 (c)(i)(b),
2021-10-30,2021-11-05,,第 2 座 Tower 2,17,D5,,6514000,"在 29-11-2021，基於法例第 35(2)(b)條所容許的原因， 售 價更改為$6,351,000 On 29-11-2021, the price adjusted to $6,351,000 due to the reason allowed under section 35(2)(b) of the Ordinance",‧價單第2號下的支付條款(B)Terms of Payment (B) under Price List No.2 ‧見備註/See Remarks 7 (c)(i)(c) ‧價單第2號下的支付條款(A)Terms of Payment (A) under Price List No.2 ‧見備註/See Remarks 7 (c)(i)(a) (在 30-11-2021修訂) (revised on 30-11-2021),
2021-10-30,2021-11-05,,第 2 座 Tower 2,17,D6,,6548000,"在 10-01-2022，基於法例第 35(2)(b)條所容許的原因， 售 價更改為$6,384,000 On 10-01-2022, the price adjusted to $6,384,000 due to the reason allowed under section 35(2)(b) of the Ordinance",‧價單第2號下的支付條款(B)Terms of Payment (B) under Price List No.2 ‧見備註/See Remarks 7 (c)(i)(c) ‧價單第2號下的支付條款(A)Terms of Payment (A) under Price List No.2 ‧見備註/See Remarks 7 (c)(i)(a) (在 11-01-2022修訂) (revised on 11-01-2022),
2021-10-30,2021-11-05,,第 2 座 Tower 2,17,D7,,6631000,,‧價單第2號下的支付條款(B)Terms of Payment (B) under Price List No.2 ‧見備註/See Remarks 7 (c)(i)(c),
2021-10-30,2021-11-05,,第 2 座 Tower 2,17,D8,,6782000,,‧價單第2號下的支付條款(B)Terms of Payment (B) under Price List No.2 ‧見備註/See Remarks 7 (c)(i)(c),
2021-10-30,2021-11-05,,第 2 座 Tower 2,18,D1,,6599000,,‧價單第2號下的支付條款(B)Terms of Payment (B) under Price List No.2 ‧見備註/See Remarks 7 (c)(i)(b),
2021-10-30,2021-11-05,,第 2 座 Tower 2,18,D2,,6278000,,‧價單第2號下的支付條款(A)Terms of Payment (A) under Price List No.2 ‧見備註/See Remarks 7 (c)(i)(a),
2021-10-30,2021-11-05,,第 2 座 Tower 2,18,D5,,6579000,,‧價單第2號下的支付條款(B)Terms of Payment (B) under Price List No.2 ‧見備註/See Remarks 7 (c)(i)(c),
2021-10-30,2021-11-05,,第 2 座 Tower 2,18,D6,,6614000,,‧價單第2號下的支付條款(B)Terms of Payment (B) under Price List No.2 ‧見備註/See Remarks 7 (c)(i)(c),
2021-10-30,2021-11-05,,第 2 座 Tower 2,18,D7,,6528000,,‧價單第2號下的支付條款(A)Terms of Payment (A) under Price List No.2 ‧見備註/See Remarks 7 (c)(i)(a),
2021-10-30,2021-11-05,,第 2 座 Tower 2,18,D8,,6851000,,‧價單第2號下的支付條款(B)Terms of Payment (B) under Price List No.2 ‧見備註/See Remarks 7 (c)(i)(c),
2021-10-30,2021-11-05,2022-01-07,第 2 座 Tower 2,18,D9,,8820000,,‧價單第2號下的支付條款(A)Terms of Payment (A) under Price List No.2 ‧見備註/See Remarks 7 (c)(i)(a),
2021-10-30,2021-11-05,,第 2 座 Tower 2,19,D2,,6531000,,‧價單第2號下的支付條款(B)Terms of Payment (B) under Price List No.2 ‧見備註/See Remarks 7 (c)(i)(b),
2021-10-30,2021-11-05,,第 2 座 Tower 2,19,D3,,6460000,,‧價單第2號下的支付條款(A)Terms of Payment (A) under Price List No.2 ‧見備註/See Remarks 7 (c)(i)(a),
2021-10-30,2021-11-05,,第 2 座 Tower 2,19,D6,,6673000,,‧價單第2號下的支付條款(B)Terms of Payment (B) under Price List No.2 ‧見備註/See Remarks 7 (c)(i)(c),
2021-10-31,2021-11-05,,第 1 座 Tower 1,5,A5,,4555000,"在 06-01-2022，基於法例第 35(2)(b)條所容許的原因， 售 價更改為$4,441,000 On 06-01-2022, the price adjusted to $4,441,000 due to the reason allowed under section 35(2)(b) of the Ordinance",‧價單第1號下的支付條款(C)Terms of Payment (C) under Price List No.1 ‧見備註/See Remarks 7 (c)(i)(c) ‧價單第1號下的支付條款(A)Terms of Payment (A) under Price List No.1 ‧見備註/See Remarks 7 (c)(i)(a) (在 07-01-2022修訂) (revised on 07-01-2022),
2021-10-31,2021-11-05,,第 1 座 Tower 1,7,A6,,4570000,,‧價單第1號下的支付條款(A)Terms of Payment (A) under Price List No.1 ‧見備註/See Remarks 7 (c)(i)(a),
2021-10-31,2021-11-05,,第 1 座 Tower 1,3,B7,,4133000,,‧價單第1號下的支付條款(A)Terms of Payment (A) under Price List No.1 ‧見備註/See Remarks 7 (c)(i)(a),
2021-10-31,2021-11-05,,第 1 座 Tower 1,3,B9,,6299000,,‧價單第1號下的支付條款(C)Terms of Payment (C) under Price List No.1 ‧見備註/See Remarks 7 (c)(i)(c),
2021-10-31,2021-11-05,,第 1 座 Tower 1,5,B7,,4311000,,‧價單第1號下的支付條款(B) Terms of Payment (B) under Price List No.1 ‧見備註/See Remarks 7 (c)(i)(b),
2021-10-31,2021-11-05,,第 1 座 Tower 1,6,B6,,4557000,,‧價單第1號下的支付條款(C)Terms of Payment (C) under Price List No.1 ‧見備註/See Remarks 7 (c)(i)(c),
2021-10-31,2021-11-05,,第 1 座 Tower 1,19,B6,,5074000,,‧價單第2號下的支付條款(A)Terms of Payment (A) under Price List No.2 ‧見備註/See Remarks 7 (c)(i)(a),
2021-10-31,2021-11-05,,第 1 座 Tower 1,21,B5,,5275000,,‧價單第2號下的支付條款(B)Terms of Payment (B) under Price List No.2 ‧見備註/See Remarks 7 (c)(i)(b),
2021-10-31,2021-11-05,,第 2 座 Tower 2,3,A5,,6015000,,‧價單第1號下的支付條款(A)Terms of Payment (A) under Price List No.1 ‧見備註/See Remarks 7 (c)(i)(a),
2021-10-31,2021-11-05,,第 2 座 Tower 2,6,A5,,6289000,,‧價單第1號下的支付條款(C)Terms of Payment (C) under Price List No.1 ‧見備註/See Remarks 7 (c)(i)(c),
2021-10-31,2021-11-05,,第 2 座 Tower 2,10,A7,,6669000,,‧價單第1號下的支付條款(C)Terms of Payment (C) under Price List No.1 ‧見備註/See Remarks 7 (c)(i)(c),
2021-10-31,2021-11-05,2025-07-04,第 2 座 Tower 2,12,A1,,6442000,,‧價單第1號下的支付條款(C)Terms of Payment (C) under Price List No.1 ‧見備註/See Remarks 7 (c)(i)(c),
2021-10-31,2021-11-05,,第 2 座 Tower 2,12,A7,,6624000,,‧價單第1號下的支付條款(A)Terms of Payment (A) under Price List No.1 ‧見備註/See Remarks 7 (c)(i)(a),
2021-10-31,2021-11-05,,第 2 座 Tower 2,17,A2,,6738000,,‧價單第2號下的支付條款(B)Terms of Payment (B) under Price List No.2 ‧見備註/See Remarks 7 (c)(i)(c),
2021-10-31,2021-11-05,,第 2 座 Tower 2,2,C9,,6212000,,‧價單第1號下的支付條款(B) Terms of Payment (B) under Price List No.1 ‧見備註/See Remarks 7 (c)(i)(b),
2021-10-31,2021-11-05,,第 2 座 Tower 2,2,C10,,6000000,,‧價單第1號下的支付條款(A)Terms of Payment (A) under Price List No.1 ‧見備註/See Remarks 7 (c)(i)(a),
2021-10-31,2021-11-05,,第 2 座 Tower 2,3,C7,,6275000,"在 21-01-2022，基於法例第 35(2)(b)條所容許的原因， 售 價更改為$6,087,000 On 21-01-2022, the price adjusted to $6,087,000 due to the reason allowed under section 35(2)(b) of the Ordinance",‧價單第1號下的支付條款(B) Terms of Payment (B) under Price List No.1 ‧見備註/See Remarks 7 (c)(i)(b) ‧價單第1號下的支付條款(A)Terms of Payment (A) under Price List No.1 ‧見備註/See Remarks 7 (c)(i)(a) (在 21-01-2022修訂) (revised on 21-01-2022),
2021-10-31,2021-11-05,2025-07-02,第 2 座 Tower 2,3,C9,,6242000,,‧價單第1號下的支付條款(B) Terms of Payment (B) under Price List No.1 ‧見備註/See Remarks 7 (c)(i)(b),
2021-10-31,2021-11-05,,第 2 座 Tower 2,3,C10,,6184000,,‧價單第1號下的支付條款(C)Terms of Payment (C) under Price List No.1 ‧見備註/See Remarks 7 (c)(i)(c),
2021-10-31,2021-11-05,,第 2 座 Tower 2,11,D5,,6224000,,‧價單第1號下的支付條款(C)Terms of Payment (C) under Price List No.1 ‧見備註/See Remarks 7 (c)(i)(c),
2021-10-31,2021-11-05,,第 2 座 Tower 2,18,D3,,6402000,"在 15-11-2021，基於法例第 35(2)(b)條所容許的原因， 售 價更改為$6,567,000 On 15-11-2021, the price adjusted to $6,567,000 due to the reason allowed under section 35(2)(b) of the Ordinance",‧價單第2號下的支付條款(A)Terms of Payment (A) under Price List No.2 ‧見備註/See Remarks 7 (c)(i)(a) ‧價單第2號下的支付條款(C)Terms of Payment (C) under Price List No.2 ‧見備註/See Remarks 7 (c)(i)(c) (在 15-11-2021修訂) (revised on 15-11-2021),
2021-10-31,2021-11-05,,第 2 座 Tower 2,19,D5,,6672000,,‧價單第2號下的支付條款(B)Terms of Payment (B) under Price List No.2 ‧見備註/See Remarks 7 (c)(i)(b),
2021-11-01,2021-11-08,,第 2 座 Tower 2,10,D9,,8511000,,‧價單第1號下的支付條款(B)Terms of Payment (B) under Price List No.1 ‧見備註/See Remarks 7 (c)(i)(b),
2021-11-06,2021-11-12,,第 1 座 Tower 1,3,A7,,3888000,,‧價單第2號下的支付條款(A)Terms of Payment (A) under Price List No.2 ‧見備註/See Remarks 7 (c)(i)(a),
2021-11-06,2021-11-12,,第 1 座 Tower 1,5,A7,,3888000,,‧價單第2號下的支付條款(A)Terms of Payment (A) under Price List No.2 ‧見備註/See Remarks 7 (c)(i)(a),
2021-11-06,2021-11-12,,第 1 座 Tower 1,6,A1,,5711000,,‧價單第1號下的支付條款(A)Terms of Payment (A) under Price List No.1 ‧見備註/See Remarks 7 (c)(i)(a),
2021-11-06,2021-11-12,2025-07-02,第 1 座 Tower 1,6,A3,,4137000,,‧價單第1號下的支付條款(C)Terms of Payment (C) under Price List No.1 ‧見備註/See Remarks 7 (c)(i)(c),
2021-11-06,2021-11-12,,第 1 座 Tower 1,7,A1,,5918000,,‧價單第1號下的支付條款(C)Terms of Payment (C) under Price List No.1 ‧見備註/See Remarks 7 (c)(i)(c),
2021-11-06,2021-11-12,,第 1 座 Tower 1,8,A1,,6008000,,‧價單第1號下的支付條款(B)Terms of Payment (B) under Price List No.1 ‧見備註/See Remarks 7 (c)(i)(b),
2021-11-06,2021-11-12,,第 1 座 Tower 1,9,A5,,4789000,,‧價單第3號下的支付條款(C)Terms of Payment (C) under Price List No.3 ‧見備註/See Remarks 7 (c)(i)(c),
2021-11-06,2021-11-12,,第 1 座 Tower 1,9,A6,,4815000,,‧價單第3號下的支付條款(C)Terms of Payment (C) under Price List No.3 ‧見備註/See Remarks 7 (c)(i)(c),
2021-11-06,2021-11-12,2025-07-02,第 1 座 Tower 1,10,A5,,4875000,,‧價單第3號下的支付條款(B)Terms of Payment (B) under Price List No.3 ‧見備註/See Remarks 7 (c)(i)(b),
2021-11-06,2021-11-12,,第 1 座 Tower 1,10,A6,,4869000,,‧價單第3號下的支付條款(C)Terms of Payment (C) under Price List No.3 ‧見備註/See Remarks 7 (c)(i)(c),
2021-11-06,2021-11-12,,第 1 座 Tower 1,18,A1,,6634000,,‧價單第3號下的支付條款(B)Terms of Payment (B) under Price List No.3 ‧見備註/See Remarks 7 (c)(i)(b),
2021-11-06,2021-11-12,,第 1 座 Tower 1,18,A5,,5170000,,‧價單第3號下的支付條款(B)Terms of Payment (B) under Price List No.3 ‧見備註/See Remarks 7 (c)(i)(b),
2021-11-06,2021-11-12,,第 1 座 Tower 1,18,A6,,5168000,,‧價單第3號下的支付條款(C)Terms of Payment (C) under Price List No.3 ‧見備註/See Remarks 7 (c)(i)(c),
2021-11-06,2021-11-12,,第 1 座 Tower 1,21,A5,,5233000,,‧價單第3號下的支付條款(C)Terms of Payment (C) under Price List No.3 ‧見備註/See Remarks 7 (c)(i)(c),
2021-11-06,2021-11-12,,第 1 座 Tower 1,21,A6,,5272000,,‧價單第3號下的支付條款(C)Terms of Payment (C) under Price List No.3 ‧見備註/See Remarks 7 (c)(i)(c),
2021-11-06,2021-11-12,,第 1 座 Tower 1,22,A5,,5126000,,‧價單第3號下的支付條款(A)Terms of Payment (A) under Price List No.3 ‧見備註/See Remarks 7 (c)(i)(a),
2021-11-06,2021-11-12,,第 1 座 Tower 1,22,A6,,5298000,,‧價單第3號下的支付條款(C)Terms of Payment (C) under Price List No.3 ‧見備註/See Remarks 7 (c)(i)(c),
2021-11-06,2021-11-12,,第 1 座 Tower 1,23,A5,,5311000,,‧價單第3號下的支付條款(B)Terms of Payment (B) under Price List No.3 ‧見備註/See Remarks 7 (c)(i)(b),
2021-11-06,2021-11-12,,第 1 座 Tower 1,23,A6,,5191000,,‧價單第3號下的支付條款(A)Terms of Payment (A) under Price List No.3 ‧見備註/See Remarks 7 (c)(i)(a),
2021-11-06,2021-11-12,,第 1 座 Tower 1,26,A5,,5204000,,‧價單第3號下的支付條款(A)Terms of Payment (A) under Price List No.3 ‧見備註/See Remarks 7 (c)(i)(a),
2021-11-06,2021-11-12,,第 1 座 Tower 1,5,B3,,3967000,,‧價單第1號下的支付條款(A)Terms of Payment (A) under Price List No.1 ‧見備註/See Remarks 7 (c)(i)(a),
2021-11-06,2021-11-12,,第 1 座 Tower 1,6,B1,,5893000,,‧價單第1號下的支付條款(C)Terms of Payment (C) under Price List No.1 ‧見備註/See Remarks 7 (c)(i)(c),
2021-11-06,2021-11-12,,第 1 座 Tower 1,6,B3,,4054000,,‧價單第1號下的支付條款(A)Terms of Payment (A) under Price List No.1 ‧見備註/See Remarks 7 (c)(i)(a),
2021-11-06,2021-11-12,,第 1 座 Tower 1,7,B1,,5803000,,‧價單第1號下的支付條款(A)Terms of Payment (A) under Price List No.1 ‧見備註/See Remarks 7 (c)(i)(a),
2021-11-06,2021-11-12,,第 1 座 Tower 1,7,B3,,4219000,,‧價單第1號下的支付條款(C)Terms of Payment (C) under Price List No.1 ‧見備註/See Remarks 7 (c)(i)(c),
2021-11-06,2021-11-12,,第 1 座 Tower 1,8,B1,,6013000,,‧價單第1號下的支付條款(C)Terms of Payment (C) under Price List No.1 ‧見備註/See Remarks 7 (c)(i)(c),
2021-11-06,2021-11-12,,第 1 座 Tower 1,8,B3,,4279000,,‧價單第1號下的支付條款(C)Terms of Payment (C) under Price List No.1 ‧見備註/See Remarks 7 (c)(i)(c),
2021-11-06,,,第 1 座 Tower 1,9,B5,,4569000,,‧價單第3號下的支付條款(A)Terms of Payment (A) under Price List No.3 ‧見備註/See Remarks 7 (c)(i)(a),
2021-11-06,2021-11-12,,第 1 座 Tower 1,10,B5,,4738000,,‧價單第3號下的支付條款(C)Terms of Payment (C) under Price List No.3 ‧見備註/See Remarks 7 (c)(i)(c),
2021-11-06,2021-11-12,,第 1 座 Tower 1,11,B5,,4814000,,‧價單第3號下的支付條款(B)Terms of Payment (B) under Price List No.3 ‧見備註/See Remarks 7 (c)(i)(b),
2021-11-06,2021-11-12,,第 1 座 Tower 1,11,B6,,4841000,,‧價單第3號下的支付條款(B)Terms of Payment (B) under Price List No.3 ‧見備註/See Remarks 7 (c)(i)(b),
2021-11-06,2021-11-12,,第 1 座 Tower 1,12,B6,,4747000,,‧價單第3號下的支付條款(A)Terms of Payment (A) under Price List No.3 ‧見備註/See Remarks 7 (c)(i)(a),
2021-11-06,2021-11-12,,第 1 座 Tower 1,16,B5,,4826000,,‧價單第3號下的支付條款(A)Terms of Payment (A) under Price List No.3 ‧見備註/See Remarks 7 (c)(i)(a),
2021-11-06,2021-11-12,,第 1 座 Tower 1,16,B6,,5002000,,‧價單第3號下的支付條款(B)Terms of Payment (B) under Price List No.3 ‧見備註/See Remarks 7 (c)(i)(b),
2021-11-06,2021-11-12,,第 1 座 Tower 1,22,B5,,5291000,,‧價單第3號下的支付條款(C)Terms of Payment (C) under Price List No.3 ‧見備註/See Remarks 7 (c)(i)(c),
2021-11-06,2021-11-12,,第 2 座 Tower 2,3,A2,,6002000,,‧價單第1號下的支付條款(B)Terms of Payment (B) under Price List No.1 ‧見備註/See Remarks 7 (c)(i)(b),
2021-11-06,2021-11-12,,第 2 座 Tower 2,5,A1,,5861000,,‧價單第1號下的支付條款(A)Terms of Payment (A) under Price List No.1 ‧見備註/See Remarks 7 (c)(i)(a),
2021-11-06,2021-11-12,,第 2 座 Tower 2,5,A2,,6031000,"在 22-11-2021，基於法例第 35(2)(b)條所容許的原因， 售 價更改為$5,879,000 On 22-11-2021, the price adjusted to $5,879,000 due to the reason allowed under section 35(2)(b) of the Ordinance",‧價單第1號下的支付條款(C)Terms of Payment (C) under Price List No.1 ‧見備註/See Remarks 7 (c)(i)(c) ‧價單第1號下的支付條款(A)Terms of Payment (A) under Price List No.1 ‧見備註/See Remarks 7 (c)(i)(a) (在 23-11-2021修訂) (revised on 23-11-2021),
2021-11-06,2021-11-12,,第 2 座 Tower 2,6,A1,,5920000,,‧價單第1號下的支付條款(A)Terms of Payment (A) under Price List No.1 ‧見備註/See Remarks 7 (c)(i)(a),
2021-11-06,2021-11-12,,第 2 座 Tower 2,6,A2,,6121000,,‧價單第1號下的支付條款(B)Terms of Payment (B) under Price List No.1 ‧見備註/See Remarks 7 (c)(i)(b),
2021-11-06,2021-11-12,,第 2 座 Tower 2,7,A1,,5980000,,‧價單第1號下的支付條款(A)Terms of Payment (A) under Price List No.1 ‧見備註/See Remarks 7 (c)(i)(a),
2021-11-06,2021-11-12,,第 2 座 Tower 2,7,A2,,5995000,,‧價單第1號下的支付條款(A)Terms of Payment (A) under Price List No.1 ‧見備註/See Remarks 7 (c)(i)(a),
2021-11-06,2021-11-12,,第 2 座 Tower 2,2,B3,,6330000,"在 22-11-2021，基於法例第 35(2)(b)條所容許的原因， 售 價更改為$6,362,000 On 22-11-2021, the price adjusted to $6,362,000 due to the reason allowed under section 35(2)(b) of the Ordinance",‧價單第1號下的支付條款(C)Terms of Payment (C) under Price List No.1 ‧見備註/See Remarks 7 (c)(i)(c) ‧價單第1號下的支付條款(B)Terms of Payment (B) under Price List No.1 ‧見備註/See Remarks 7 (c)(i)(b) (在 23-11-2021修訂) (revised on 23-11-2021),
2021-11-06,2021-11-12,,第 2 座 Tower 2,3,B2,,6403000,,‧價單第1號下的支付條款(C)Terms of Payment (C) under Price List No.1 ‧見備註/See Remarks 7 (c)(i)(c),
2021-11-06,2021-11-12,2025-07-04,第 2 座 Tower 2,3,B6,,6423000,,‧價單第1號下的支付條款(C)Terms of Payment (C) under Price List No.1 ‧見備註/See Remarks 7 (c)(i)(c),
2021-11-06,2021-11-12,,第 2 座 Tower 2,5,B2,,6299000,,‧價單第1號下的支付條款(A)Terms of Payment (A) under Price List No.1 ‧見備註/See Remarks 7 (c)(i)(a),
2021-11-06,2021-11-12,,第 2 座 Tower 2,5,B3,,6420000,,‧價單第1號下的支付條款(C)Terms of Payment (C) under Price List No.1 ‧見備註/See Remarks 7 (c)(i)(c),
2021-11-06,2021-11-12,,第 2 座 Tower 2,5,B6,,6483000,,‧價單第1號下的支付條款(C)Terms of Payment (C) under Price List No.1 ‧見備註/See Remarks 7 (c)(i)(c),
2021-11-06,2021-11-12,,第 2 座 Tower 2,2,C1,,5429000,,‧價單第3號下的支付條款(C)Terms of Payment (C) under Price List No.3 ‧見備註/See Remarks 7 (c)(i)(c),
2021-11-06,2021-11-12,,第 2 座 Tower 2,2,C2,,4978000,,‧價單第3號下的支付條款(B)Terms of Payment (B) under Price List No.3 ‧見備註/See Remarks 7 (c)(i)(b),
2021-11-06,2021-11-12,,第 2 座 Tower 2,2,C3,,4853000,,‧價單第3號下的支付條款(C)Terms of Payment (C) under Price List No.3 ‧見備註/See Remarks 7 (c)(i)(c),
2021-11-06,2021-11-12,,第 2 座 Tower 2,2,C5,,4818000,,‧價單第3號下的支付條款(A)Terms of Payment (A) under Price List No.3 ‧見備註/See Remarks 7 (c)(i)(a),
2021-11-06,2021-11-12,,第 2 座 Tower 2,6,C2,,4975000,,‧價單第2號下的支付條款(A)Terms of Payment (A) under Price List No.2 ‧見備註/See Remarks 7 (c)(i)(a),
2021-11-06,2021-11-12,,第 2 座 Tower 2,6,C3,,5000000,,‧價單第2號下的支付條款(C)Terms of Payment (C) under Price List No.2 ‧見備註/See Remarks 7 (c)(i)(c),
2021-11-06,2021-11-12,,第 2 座 Tower 2,6,C5,,4964000,,‧價單第2號下的支付條款(A)Terms of Payment (A) under Price List No.2 ‧見備註/See Remarks 7 (c)(i)(a),
2021-11-06,2021-11-12,,第 2 座 Tower 2,11,C11,,6599000,,‧價單第3號下的支付條款(C)Terms of Payment (C) under Price List No.3 ‧見備註/See Remarks 7 (c)(i)(c),
2021-11-06,2021-11-12,,第 2 座 Tower 2,12,C3,,5245000,,‧價單第3號下的支付條款(C)Terms of Payment (C) under Price List No.3 ‧見備註/See Remarks 7 (c)(i)(c),
2021-11-06,2021-11-12,,第 2 座 Tower 2,15,C3,,5313000,,‧價單第3號下的支付條款(B)Terms of Payment (B) under Price List No.3 ‧見備註/See Remarks 7 (c)(i)(b),
2021-11-06,,,第 2 座 Tower 2,16,C1,,5968000,,‧價單第3號下的支付條款(B)Terms of Payment (B) under Price List No.3 ‧見備註/See Remarks 7 (c)(i)(b),
2021-11-06,2021-11-12,,第 2 座 Tower 2,8,D1,,6056000,,‧價單第1號下的支付條款(B)Terms of Payment (B) under Price List No.1 ‧見備註/See Remarks 7 (c)(i)(b),
2021-11-06,2021-11-12,,第 2 座 Tower 2,8,D2,,5941000,,‧價單第1號下的支付條款(B)Terms of Payment (B) under Price List No.1 ‧見備註/See Remarks 7 (c)(i)(b),
2021-11-06,2021-11-12,,第 2 座 Tower 2,8,D3,,5879000,,‧價單第1號下的支付條款(A)Terms of Payment (A) under Price List No.1 ‧見備註/See Remarks 7 (c)(i)(a),
2021-11-06,2021-11-12,,第 2 座 Tower 2,8,D5,,5891000,,‧價單第1號下的支付條款(A)Terms of Payment (A) under Price List No.1 ‧見備註/See Remarks 7 (c)(i)(a),
2021-11-06,2021-11-12,,第 2 座 Tower 2,8,D6,,6075000,,‧價單第1號下的支付條款(C)Terms of Payment (C) under Price List No.1 ‧見備註/See Remarks 7 (c)(i)(c),
2021-11-06,2021-11-12,,第 2 座 Tower 2,8,D7,,6184000,,‧價單第1號下的支付條款(B)Terms of Payment (B) under Price List No.1 ‧見備註/See Remarks 7 (c)(i)(b),
2021-11-06,2021-11-12,2025-07-02,第 2 座 Tower 2,20,D2,,6590000,,‧價單第3號下的支付條款(B)Terms of Payment (B) under Price List No.3 ‧見備註/See Remarks 7 (c)(i)(b),
2021-11-06,2021-11-12,,第 2 座 Tower 2,20,D3,,6686000,,‧價單第3號下的支付條款(C)Terms of Payment (C) under Price List No.3 ‧見備註/See Remarks 7 (c)(i)(c),
2021-11-06,2021-11-12,,第 2 座 Tower 2,21,D2,,6449000,,‧價單第3號下的支付條款(A)Terms of Payment (A) under Price List No.3 ‧見備註/See Remarks 7 (c)(i)(a),
2021-11-06,2021-11-12,,第 2 座 Tower 2,22,D2,,6689000,,‧價單第3號下的支付條款(B)Terms of Payment (B) under Price List No.3 ‧見備註/See Remarks 7 (c)(i)(b),
2021-11-08,2021-11-15,,第 1 座 Tower 1,18,A2,,7405000,,‧價單第3號下的支付條款(C)Terms of Payment (C) under Price List No.3 ‧見備註/See Remarks 7 (c)(i)(c),
2021-11-08,2021-11-15,,第 2 座 Tower 2,11,C12,,6777000,,‧價單第3號下的支付條款(B)Terms of Payment (B) under Price List No.3 ‧見備註/See Remarks 7 (c)(i)(b),
2021-11-09,,,第 2 座 Tower 2,12,C12,,6666000,,‧價單第3號下的支付條款(A)Terms of Payment (A) under Price List No.3 ‧見備註/See Remarks 7 (c)(i)(a),
2021-11-09,2021-11-16,,第 2 座 Tower 2,19,D7,,6757000,,‧價單第2號下的支付條款(C)Terms of Payment (C) under Price List No.2 ‧見備註/See Remarks 7 (c)(i)(c),
2021-11-11,2021-11-18,,第 2 座 Tower 2,20,D5,,6732000,,‧價單第3號下的支付條款(B)Terms of Payment (B) under Price List No.3 ‧見備註/See Remarks 7 (c)(i)(b),
2021-11-19,,,第 1 座 Tower 1,9,B5,,4802000,,‧價單第3A號下的支付條款(A)Terms of Payment (A) under Price List No.3A ‧見備註/See Remarks 7 (c)(i)(a),
2021-11-20,2021-11-26,2025-07-02,第 2 座 Tower 2,28,C3,,5491000,,‧價單第3A號下的支付條款(C)Terms of Payment (C) under Price List No.3A ‧見備註/See Remarks 7 (c)(i)(c),
2021-11-21,2021-11-26,,第 2 座 Tower 2,20,A2,,6888000,,‧價單第3A號下的支付條款(C)Terms of Payment (C) under Price List No.3A ‧見備註/See Remarks 7 (c)(i)(c),
2021-11-26,2021-12-03,,第 2 座 Tower 2,20,D6,,6565000,,‧價單第3A號下的支付條款(A)Terms of Payment (A) under Price List No.3A ‧見備註/See Remarks 7 (c)(i)(a),
2021-11-28,2021-12-03,,第 2 座 Tower 2,19,D8,,6911000,,‧價單第2號下的支付條款(C)Terms of Payment (C) under Price List No.2 ‧見備註/See Remarks 7 (c)(i)(c),
2021-12-18,2021-12-24,,第 1 座 Tower 1,8,A3,,4529000,,‧價單第4號下的支付條款(F)Terms of Payment (F) under Price List No.4 ‧見備註/See Remarks 7 (c)(i)(i) ‧見備註/See Remarks 7 (c)(ii)(a) ‧見備註/See Remarks 7 (c)(ii)(b),
2021-12-18,2021-12-24,,第 1 座 Tower 1,8,A5,,4704000,,‧價單第3B號下的支付條款(C)Terms of Payment (C) under Price List No.3B ‧見備註/See Remarks 7 (c)(i)(f),
2021-12-18,2021-12-23,,第 1 座 Tower 1,8,A6,,4729000,,‧價單第3B號下的支付條款(F)Terms of Payment (F) under Price List No.3B ‧見備註/See Remarks 7 (c)(i)(i) ‧見備註/See Remarks 7 (c)(ii)(a) ‧見備註/See Remarks 7 (c)(ii)(b),
2021-12-18,2021-12-24,,第 1 座 Tower 1,9,A3,,4539000,,‧價單第4號下的支付條款(C)Terms of Payment (C) under Price List No.4 ‧見備註/See Remarks 7 (c)(i)(f),
2021-12-18,2021-12-24,,第 1 座 Tower 1,9,A8,,8779000,,‧價單第1A號下的支付條款(C)Terms of Payment (C) under Price List No.1A ‧見備註/See Remarks 7 (c)(i)(f),
2021-12-18,2021-12-24,,第 1 座 Tower 1,10,A3,,4580000,,‧價單第4號下的支付條款(F)Terms of Payment (F) under Price List No.4 ‧見備註/See Remarks 7 (c)(i)(i) ‧見備註/See Remarks 7 (c)(ii)(a) ‧見備註/See Remarks 7 (c)(ii)(b),
2021-12-18,2021-12-24,,第 1 座 Tower 1,11,A3,,4644000,"在 04-02-2022，基於法例第 35(2)(b)條所容許的原因， 售 價更改為$4,550,000 On 04-02-2022, the price adjusted to $4,550,000 due to the reason allowed under section 35(2)(b) of the Ordinance",‧價單第4號下的支付條款(F)Terms of Payment (F) under Price List No.4 ‧見備註/See Remarks 7 (c)(i)(i) ‧見備註/See Remarks 7 (c)(ii)(a) ‧見備註/See Remarks 7 (c)(ii)(b) ‧價單第4號下的支付條款(A)Terms of Payment (A) under Price List No.4 ‧見備註/See Remarks 7 (c)(i)(d) (在 04-02-2022修訂) (revised on 04-02-2022),
2021-12-18,2021-12-22,,第 1 座 Tower 1,12,A3,,4700000,,‧價單第4號下的支付條款(F)Terms of Payment (F) under Price List No.4 ‧見備註/See Remarks 7 (c)(i)(i) ‧見備註/See Remarks 7 (c)(ii)(a) ‧見備註/See Remarks 7 (c)(ii)(b) ‧價單第4號下的支付條款(C)Terms of Payment (C) under Price List No.4 ‧見備註/See Remarks 7 (c)(i)(f) (在 20-01-2022修訂) (註：此修訂不涉及修改售價) (revised on 20-01-2022) (note: the revision does not involve any revision of price),
2021-12-18,2021-12-24,,第 1 座 Tower 1,12,A7,,4704000,,‧價單第4號下的支付條款(F)Terms of Payment (F) under Price List No.4 ‧見備註/See Remarks 7 (c)(i)(i) ‧見備註/See Remarks 7 (c)(ii)(a) ‧見備註/See Remarks 7 (c)(ii)(b),
2021-12-18,2021-12-24,,第 1 座 Tower 1,15,A1,,6281000,,‧價單第4號下的支付條款(F)Terms of Payment (F) under Price List No.4 ‧見備註/See Remarks 7 (c)(i)(i) ‧見備註/See Remarks 7 (c)(ii)(a) ‧見備註/See Remarks 7 (c)(ii)(b),
2021-12-18,2021-12-24,,第 1 座 Tower 1,15,A3,,4760000,,‧價單第4號下的支付條款(F)Terms of Payment (F) under Price List No.4 ‧見備註/See Remarks 7 (c)(i)(i) ‧見備註/See Remarks 7 (c)(ii)(a) ‧見備註/See Remarks 7 (c)(ii)(b),
2021-12-18,2021-12-24,,第 1 座 Tower 1,15,A7,,4756000,,‧價單第4號下的支付條款(F)Terms of Payment (F) under Price List No.4 ‧見備註/See Remarks 7 (c)(i)(i) ‧見備註/See Remarks 7 (c)(ii)(a) ‧見備註/See Remarks 7 (c)(ii)(b),
2021-12-18,2021-12-24,,第 1 座 Tower 1,16,A1,,6376000,"在 11-04-2022，基於法例第 35(2)(b)條所容許的原因， 售 價更改為$6,376,000 On 11-04-2022, the price adjusted to $6,376,000 due to the reason allowed under section 35(2)(b) of the Ordinance",‧價單第4號下的支付條款(F)Terms of Payment (F) under Price List No.4 ‧見備註/See Remarks 7 (c)(i)(i) ‧見備註/See Remarks 7 (c)(ii)(a) ‧見備註/See Remarks 7 (c)(ii)(b) ‧價單第4號下的支付條款(C)Terms of Payment (C) under Price List No.4 ‧見備註/See Remarks 7 (c)(i)(f) (在 12-04-2022修訂) (revised on 12-04-2022),
2021-12-18,2021-12-24,,第 1 座 Tower 1,16,A3,,4794000,,‧價單第4號下的支付條款(F)Terms of Payment (F) under Price List No.4 ‧見備註/See Remarks 7 (c)(i)(i) ‧見備註/See Remarks 7 (c)(ii)(a) ‧見備註/See Remarks 7 (c)(ii)(b),
2021-12-18,2021-12-24,,第 1 座 Tower 1,16,A7,,4808000,,‧價單第4號下的支付條款(F)Terms of Payment (F) under Price List No.4 ‧見備註/See Remarks 7 (c)(i)(i) ‧見備註/See Remarks 7 (c)(ii)(a) ‧見備註/See Remarks 7 (c)(ii)(b),
2021-12-18,2021-12-24,,第 1 座 Tower 1,16,A9,,7036000,,‧價單第4號下的支付條款(E)Terms of Payment (E) under Price List No.4 ‧見備註/See Remarks 7 (c)(i)(h) ‧見備註/See Remarks 7 (c)(ii)(a) ‧見備註/See Remarks 7 (c)(ii)(b),
2021-12-18,2021-12-24,,第 1 座 Tower 1,17,A1,,6340000,,‧價單第4號下的支付條款(A)Terms of Payment (A) under Price List No.4 ‧見備註/See Remarks 7 (c)(i)(d),
2021-12-18,2021-12-24,2025-07-02,第 1 座 Tower 1,17,A3,,4827000,,‧價單第4號下的支付條款(C)Terms of Payment (C) under Price List No.4 ‧見備註/See Remarks 7 (c)(i)(f),
2021-12-18,2021-12-24,,第 1 座 Tower 1,17,A6,,4998000,,‧價單第3B號下的支付條款(A)Terms of Payment (A) under Price List No.3B ‧見備註/See Remarks 7 (c)(i)(d),
2021-12-18,,,第 1 座 Tower 1,17,A7,,4847000,,‧價單第4號下的支付條款(F)Terms of Payment (F) under Price List No.4 ‧見備註/See Remarks 7 (c)(i)(i) ‧見備註/See Remarks 7 (c)(ii)(a) ‧見備註/See Remarks 7 (c)(ii)(b),
2021-12-18,2021-12-24,,第 1 座 Tower 1,18,A3,,4861000,,‧價單第4號下的支付條款(C)Terms of Payment (C) under Price List No.4 ‧見備註/See Remarks 7 (c)(i)(f),
2021-12-18,2021-12-24,,第 1 座 Tower 1,18,A7,,4787000,,‧價單第4號下的支付條款(A)Terms of Payment (A) under Price List No.4 ‧見備註/See Remarks 7 (c)(i)(d),
2021-12-18,2021-12-24,,第 1 座 Tower 1,19,A3,,4895000,,‧價單第4號下的支付條款(C)Terms of Payment (C) under Price List No.4 ‧見備註/See Remarks 7 (c)(i)(f),
2021-12-18,2021-12-24,,第 1 座 Tower 1,20,A3,,4954000,,‧價單第4號下的支付條款(B)Terms of Payment (B) under Price List No.4 ‧見備註/See Remarks 7 (c)(i)(e),
2021-12-18,2021-12-24,,第 1 座 Tower 1,25,A3,,4927000,,‧價單第4號下的支付條款(A)Terms of Payment (A) under Price List No.4 ‧見備註/See Remarks 7 (c)(i)(d),
2021-12-18,2021-12-24,,第 1 座 Tower 1,32,A3,,5138000,,‧價單第4號下的支付條款(C)Terms of Payment (C) under Price List No.4 ‧見備註/See Remarks 7 (c)(i)(f),
2021-12-18,2021-12-24,,第 1 座 Tower 1,7,B7,,4379000,,‧價單第4號下的支付條款(C)Terms of Payment (C) under Price List No.4 ‧見備註/See Remarks 7 (c)(i)(f),
2021-12-18,,,第 1 座 Tower 1,8,B7,,4346000,,‧價單第4號下的支付條款(A)Terms of Payment (A) under Price List No.4 ‧見備註/See Remarks 7 (c)(i)(d),
2021-12-18,2021-12-24,,第 1 座 Tower 1,9,B3,,4360000,,‧價單第4號下的支付條款(A)Terms of Payment (A) under Price List No.4 ‧見備註/See Remarks 7 (c)(i)(d),
2021-12-18,2021-12-24,2025-07-02,第 1 座 Tower 1,9,B6,,4712000,,‧價單第3B號下的支付條款(B)Terms of Payment (B) under Price List No.3B ‧見備註/See Remarks 7 (c)(i)(e),
2021-12-18,2021-12-24,,第 1 座 Tower 1,9,B7,,4402000,,‧價單第4號下的支付條款(A)Terms of Payment (A) under Price List No.4 ‧見備註/See Remarks 7 (c)(i)(d),
2021-12-18,2021-12-24,,第 1 座 Tower 1,10,B3,,4386000,,‧價單第4號下的支付條款(A)Terms of Payment (A) under Price List No.4 ‧見備註/See Remarks 7 (c)(i)(d),
2021-12-18,2021-12-24,,第 1 座 Tower 1,10,B6,,4741000,,‧價單第3B號下的支付條款(C)Terms of Payment (C) under Price List No.3B ‧見備註/See Remarks 7 (c)(i)(f),
2021-12-18,2021-12-24,,第 1 座 Tower 1,11,B3,,4530000,,‧價單第4號下的支付條款(C)Terms of Payment (C) under Price List No.4 ‧見備註/See Remarks 7 (c)(i)(f),
2021-12-18,2021-12-24,,第 1 座 Tower 1,12,B3,,4488000,,‧價單第4號下的支付條款(A)Terms of Payment (A) under Price List No.4 ‧見備註/See Remarks 7 (c)(i)(d),
2021-12-18,2021-12-24,,第 1 座 Tower 1,15,B1,,6315000,,‧價單第4號下的支付條款(C)Terms of Payment (C) under Price List No.4 ‧見備註/See Remarks 7 (c)(i)(f),
2021-12-18,2021-12-24,2025-07-02,第 1 座 Tower 1,15,B3,,4762000,,‧價單第4號下的支付條款(D)Terms of Payment (D) under Price List No.4 ‧見備註/See Remarks 7 (c)(i)(g) ‧見備註/See Remarks 7 (c)(ii)(a) ‧見備註/See Remarks 7 (c)(ii)(b),
2021-12-18,2021-12-24,,第 1 座 Tower 1,15,B9,,6832000,,‧價單第4號下的支付條款(F)Terms of Payment (F) under Price List No.4 ‧見備註/See Remarks 7 (c)(i)(i) ‧見備註/See Remarks 7 (c)(ii)(a) ‧見備註/See Remarks 7 (c)(ii)(b),
2021-12-18,2021-12-24,,第 1 座 Tower 1,16,B1,,6398000,,‧價單第4號下的支付條款(C)Terms of Payment (C) under Price List No.4 ‧見備註/See Remarks 7 (c)(i)(f),
2021-12-18,2021-12-24,,第 1 座 Tower 1,16,B3,,4682000,,‧價單第4號下的支付條款(C)Terms of Payment (C) under Price List No.4 ‧見備註/See Remarks 7 (c)(i)(f),
2021-12-18,2021-12-23,,第 1 座 Tower 1,17,B3,,4867000,,‧價單第4號下的支付條款(D)Terms of Payment (D) under Price List No.4 ‧見備註/See Remarks 7 (c)(i)(g) ‧見備註/See Remarks 7 (c)(ii)(a) ‧見備註/See Remarks 7 (c)(ii)(b),
2021-12-18,2021-12-24,2025-07-02,第 1 座 Tower 1,27,B7,,5035000,,‧價單第4號下的支付條款(A)Terms of Payment (A) under Price List No.4 ‧見備註/See Remarks 7 (c)(i)(d) ‧價單第4號下的支付條款(F)Terms of Payment (F) under Price List No.4 ‧見備註/See Remarks 7 (c)(i)(i) ‧見備註/See Remarks 7 (c)(ii)(a) ‧見備註/See Remarks 7 (c)(ii)(b) (在 06-05-2022修訂) (revised on 06-05-2022),
2021-12-18,2021-12-24,,第 2 座 Tower 2,15,A1,,6455000,,‧價單第4號下的支付條款(C)Terms of Payment (C) under Price List No.4 ‧見備註/See Remarks 7 (c)(i)(f),
2021-12-18,2021-12-24,,第 2 座 Tower 2,15,A2,,6464000,"在 21-01-2022，基於法例第 35(2)(b)條所容許的原因， 售 價更改為$6,333,000 On 21-01-2022, the price adjusted to $6,333,000 due to the reason allowed under section 35(2)(b) of the Ordinance",‧價單第4號下的支付條款(C)Terms of Payment (C) under Price List No.4 ‧見備註/See Remarks 7 (c)(i)(f) ‧價單第4號下的支付條款(A)Terms of Payment (A) under Price List No.4 ‧見備註/See Remarks 7 (c)(i)(d) (在 21-01-2022修訂) (revised on 21-01-2022),
2021-12-18,2021-12-24,,第 2 座 Tower 2,15,A3,,6623000,,‧價單第4號下的支付條款(F)Terms of Payment (F) under Price List No.4 ‧見備註/See Remarks 7 (c)(i)(i) ‧見備註/See Remarks 7 (c)(ii)(a) ‧見備註/See Remarks 7 (c)(ii)(b),
2021-12-18,2021-12-24,,第 2 座 Tower 2,15,A5,,6640000,,‧價單第4號下的支付條款(F)Terms of Payment (F) under Price List No.4 ‧見備註/See Remarks 7 (c)(i)(i) ‧見備註/See Remarks 7 (c)(ii)(a) ‧見備註/See Remarks 7 (c)(ii)(b),
2021-12-18,2021-12-22,,第 2 座 Tower 2,15,A6,,6674000,,‧價單第4號下的支付條款(F)Terms of Payment (F) under Price List No.4 ‧見備註/See Remarks 7 (c)(i)(i) ‧見備註/See Remarks 7 (c)(ii)(a) ‧見備註/See Remarks 7 (c)(ii)(b),
2021-12-18,2021-12-24,2025-07-04,第 2 座 Tower 2,16,A5,,6800000,,‧價單第2A號下的支付條款(F)Terms of Payment (F) under Price List No.2A ‧見備註/See Remarks 7 (c)(i)(i) ‧見備註/See Remarks 7 (c)(ii)(a) ‧見備註/See Remarks 7 (c)(ii)(b) ‧價單第2A號下的支付條款(C)Terms of Payment (C) under Price List No.2A ‧見備註/See Remarks 7 (c)(i)(f) (在 11-03-2022修訂) (revised on 11-03-2022),
2021-12-18,,,第 2 座 Tower 2,20,B5,,6929000,,‧價單第4號下的支付條款(D)Terms of Payment (D) under Price List No.4 ‧見備註/See Remarks 7 (c)(i)(g) ‧見備註/See Remarks 7 (c)(ii)(a) ‧見備註/See Remarks 7 (c)(ii)(b),
2021-12-18,2021-12-24,,第 2 座 Tower 2,20,B7,,7028000,,‧價單第4號下的支付條款(C)Terms of Payment (C) under Price List No.4 ‧見備註/See Remarks 7 (c)(i)(f),
2021-12-18,2021-12-24,,第 2 座 Tower 2,9,C11,,6355000,,‧價單第4號下的支付條款(F)Terms of Payment (F) under Price List No.4 ‧見備註/See Remarks 7 (c)(i)(i) ‧見備註/See Remarks 7 (c)(ii)(a) ‧見備註/See Remarks 7 (c)(ii)(b),
2021-12-18,2021-12-22,,第 2 座 Tower 2,9,C12,,6494000,,‧價單第4號下的支付條款(F)Terms of Payment (F) under Price List No.4 ‧見備註/See Remarks 7 (c)(i)(i) ‧見備註/See Remarks 7 (c)(ii)(a) ‧見備註/See Remarks 7 (c)(ii)(b),
2021-12-18,2021-12-24,,第 2 座 Tower 2,10,C10,,6505000,,‧價單第4號下的支付條款(C)Terms of Payment (C) under Price List No.4 ‧見備註/See Remarks 7 (c)(i)(f),
2021-12-18,2021-12-23,,第 2 座 Tower 2,10,C11,,6411000,,‧價單第4號下的支付條款(F)Terms of Payment (F) under Price List No.4 ‧見備註/See Remarks 7 (c)(i)(i) ‧見備註/See Remarks 7 (c)(ii)(a) ‧見備註/See Remarks 7 (c)(ii)(b),
2021-12-18,2021-12-24,,第 2 座 Tower 2,10,C12,,6553000,"在 04-01-2022，基於法例第 35(2)(b)條所容許的原因， 售 價更改為$6,420,000 On 04-01-2022, the price adjusted to $6,420,000 due to the reason allowed under section 35(2)(b) of the Ordinance",‧價單第4號下的支付條款(C)Terms of Payment (C) under Price List No.4 ‧見備註/See Remarks 7 (c)(i)(f) ‧價單第4號下的支付條款(A)Terms of Payment (A) under Price List No.4 ‧見備註/See Remarks 7 (c)(i)(d) (在 05-01-2022修訂) (revised on 05-01-2022),
2021-12-18,2021-12-24,,第 2 座 Tower 2,17,C12,,7009000,,‧價單第3B號下的支付條款(F)Terms of Payment (F) under Price List No.3B ‧見備註/See Remarks 7 (c)(i)(i) ‧見備註/See Remarks 7 (c)(ii)(a) ‧見備註/See Remarks 7 (c)(ii)(b),
2021-12-18,2021-12-23,,第 2 座 Tower 2,15,D1,,6354000,,‧價單第4號下的支付條款(C)Terms of Payment (C) under Price List No.4 ‧見備註/See Remarks 7 (c)(i)(f),
2021-12-18,2021-12-24,,第 2 座 Tower 2,15,D2,,6358000,,‧價單第4號下的支付條款(E)Terms of Payment (E) under Price List No.4 ‧見備註/See Remarks 7 (c)(i)(h) ‧見備註/See Remarks 7 (c)(ii)(a) ‧見備註/See Remarks 7 (c)(ii)(b),
2021-12-18,2021-12-24,,第 2 座 Tower 2,15,D3,,6515000,,‧價單第4號下的支付條款(D)Terms of Payment (D) under Price List No.4 ‧見備註/See Remarks 7 (c)(i)(g) ‧見備註/See Remarks 7 (c)(ii)(a) ‧見備註/See Remarks 7 (c)(ii)(b),
2021-12-18,2021-12-24,,第 2 座 Tower 2,15,D5,,6367000,,‧價單第4號下的支付條款(C)Terms of Payment (C) under Price List No.4 ‧見備註/See Remarks 7 (c)(i)(f),
2021-12-18,2021-12-24,,第 2 座 Tower 2,15,D6,,6433000,"在 12-01-2022，基於法例第 35(2)(b)條所容許的原因， 售 價更改為$6,271,000 On 12-01-2022, the price adjusted to $6,271,000 due to the reason allowed under section 35(2)(b) of the Ordinance",‧價單第4號下的支付條款(B)Terms of Payment (B) under Price List No.4 ‧見備註/See Remarks 7 (c)(i)(e) ‧價單第4號下的支付條款(A)Terms of Payment (A) under Price List No.4 ‧見備註/See Remarks 7 (c)(i)(d) (在 13-01-2022修訂) (revised on 13-01-2022),
2021-12-18,2021-12-24,,第 2 座 Tower 2,15,D7,,6349000,,‧價單第4號下的支付條款(A)Terms of Payment (A) under Price List No.4 ‧見備註/See Remarks 7 (c)(i)(d),
2021-12-18,2021-12-24,,第 2 座 Tower 2,15,D8,,6628000,,‧價單第4號下的支付條款(C)Terms of Payment (C) under Price List No.4 ‧見備註/See Remarks 7 (c)(i)(f),
2021-12-18,2021-12-24,,第 2 座 Tower 2,19,D9,,9082000,,‧價單第2A號下的支付條款(F)Terms of Payment (F) under Price List No.2A ‧見備註/See Remarks 7 (c)(i)(i) ‧見備註/See Remarks 7 (c)(ii)(a) ‧見備註/See Remarks 7 (c)(ii)(b),
2021-12-20,2021-12-28,,第 1 座 Tower 1,9,B8,,8728000,,‧價單第1A號下的支付條款(C)Terms of Payment (C) under Price List No.1A ‧見備註/See Remarks 7 (c)(i)(f),
2021-12-20,2021-12-28,,第 2 座 Tower 2,9,C9,,6470000,,‧價單第4號下的支付條款(C)Terms of Payment (C) under Price List No.4 ‧見備註/See Remarks 7 (c)(i)(f),
2021-12-23,2021-12-31,,第 1 座 Tower 1,21,A3,,4979000,,‧價單第4號下的支付條款(B)Terms of Payment (B) under Price List No.4 ‧見備註/See Remarks 7 (c)(i)(e),
2021-12-25,2022-01-03,,第 1 座 Tower 1,12,B5,,4818000,,‧價單第3B號下的支付條款(C)Terms of Payment (C) under Price List No.3B ‧見備註/See Remarks 7 (c)(i)(f),
2021-12-26,2021-12-31,,第 1 座 Tower 1,8,B7,,4435000,,‧價單第4號下的支付條款(F)Terms of Payment (F) under Price List No.4 ‧見備註/See Remarks 7 (c)(i)(i) ‧見備註/See Remarks 7 (c)(ii)(a) ‧見備註/See Remarks 7 (c)(ii)(b),
2021-12-26,2022-01-03,,第 2 座 Tower 2,12,C12,,6666000,,‧價單第3B號下的支付條款(A)Terms of Payment (A) under Price List No.3B ‧見備註/See Remarks 7 (c)(i)(d),
2021-12-27,2022-01-03,,第 2 座 Tower 2,16,D9,,8824000,,‧價單第2A號下的支付條款(C)Terms of Payment (C) under Price List No.2A ‧見備註/See Remarks 7 (c)(i)(f),
2021-12-28,2022-01-04,,第 1 座 Tower 1,17,A7,,4847000,,‧價單第4號下的支付條款(F)Terms of Payment (F) under Price List No.4 ‧見備註/See Remarks 7 (c)(i)(i) ‧見備註/See Remarks 7 (c)(ii)(a) ‧見備註/See Remarks 7 (c)(ii)(b),
2022-01-07,2022-01-14,,第 2 座 Tower 2,17,D9,,8912000,,‧價單第2A號下的支付條款(C)Terms of Payment (C) under Price List No.2A ‧見備註/See Remarks 7 (c)(i)(f),
2022-01-20,2022-01-27,,第 2 座 Tower 2,6,A8,,8457000,,‧價單第1A號下的支付條款(F)Terms of Payment (F) under Price List No.1A ‧見備註/See Remarks 7 (c)(i)(i) ‧見備註/See Remarks 7 (c)(ii)(a) ‧見備註/See Remarks 7 (c)(ii)(b),
2022-01-24,2022-01-31,,第 1 座 Tower 1,8,B8,,8639000,,‧價單第1A號下的支付條款(F)Terms of Payment (F) under Price List No.1A ‧見備註/See Remarks 7 (c)(i)(i) ‧見備註/See Remarks 7 (c)(ii)(a) ‧見備註/See Remarks 7 (c)(ii)(b),
2022-02-06,2022-02-11,,第 2 座 Tower 2,15,C12,,6899000,,‧價單第3B號下的支付條款(C)Terms of Payment (C) under Price List No.3B ‧見備註/See Remarks 7 (c)(i)(f),
2022-02-12,2022-02-18,,第 2 座 Tower 2,20,D7,,6783000,,‧價單第3B號下的支付條款(C)Terms of Payment (C) under Price List No.3B ‧見備註/See Remarks 7 (c)(i)(f),
2022-02-16,2022-02-22,,第 1 座 Tower 1,17,B1,,6350000,,‧價單第4號下的支付條款(A)Terms of Payment (A) under Price List No.4 ‧見備註/See Remarks 7 (c)(i)(d),
2022-03-19,2022-03-25,,第 2 座 Tower 2,21,D5,,6589000,,‧價單第3B號下的支付條款(A)Terms of Payment (A) under Price List No.3B ‧見備註/See Remarks 7 (c)(i)(d),
2022-03-21,2022-03-28,,第 2 座 Tower 2,3,A8,,8291000,,‧價單第1A號下的支付條款(C)Terms of Payment (C) under Price List No.1A ‧見備註/See Remarks 7 (c)(i)(f),
2022-03-25,2022-04-01,,第 2 座 Tower 2,9,C7,,6513000,,‧價單第4號下的支付條款(C)Terms of Payment (C) under Price List No.4 ‧見備註/See Remarks 7 (c)(i)(f),
2022-03-27,2022-04-01,,第 1 座 Tower 1,10,B8,,8819000,,‧價單第1A號下的支付條款(F)Terms of Payment (F) under Price List No.1A ‧見備註/See Remarks 7 (c)(i)(i) ‧見備註/See Remarks 7 (c)(ii)(a) ‧見備註/See Remarks 7 (c)(ii)(b),
2022-03-27,2022-04-01,,第 2 座 Tower 2,15,A7,,6781000,,‧價單第4號下的支付條款(F)Terms of Payment (F) under Price List No.4 ‧見備註/See Remarks 7 (c)(i)(i) ‧見備註/See Remarks 7 (c)(ii)(a) ‧見備註/See Remarks 7 (c)(ii)(b),
2022-03-29,2022-04-06,,第 2 座 Tower 2,9,C10,,6447000,,‧價單第4號下的支付條款(C)Terms of Payment (C) under Price List No.4 ‧見備註/See Remarks 7 (c)(i)(f),
2022-03-29,2022-04-06,,第 2 座 Tower 2,11,C6,,6654000,,‧價單第3B號下的支付條款(A)Terms of Payment (A) under Price List No.3B ‧見備註/See Remarks 7 (c)(i)(d),
2022-03-29,2022-04-06,2025-07-02,第 2 座 Tower 2,11,C9,,6685000,,‧價單第3B號下的支付條款(C)Terms of Payment (C) under Price List No.3B ‧見備註/See Remarks 7 (c)(i)(f),
2022-04-04,2022-04-12,,第 2 座 Tower 2,10,C6,,6485000,,‧價單第4號下的支付條款(A)Terms of Payment (A) under Price List No.4 ‧見備註/See Remarks 7 (c)(i)(d),
2022-04-08,2022-04-14,,第 2 座 Tower 2,19,D1,,6458000,,‧價單第2B號下的支付條款(A) Terms of Payment (A) under Price List No.2B ‧見備註/See Remarks 7 (c)(i)(j),
2022-04-09,2022-04-19,,第 2 座 Tower 2,10,C9,,6396000,,‧價單第4A號下的支付條款(A) Terms of Payment (A) under Price List No.4A ‧見備註/See Remarks 7 (c)(i)(j),
2022-04-12,2022-04-19,,第 1 座 Tower 1,17,A5,,4980000,,‧價單第3C號下的支付條款(A) Terms of Payment (A) under Price List No.3C ‧見備註/See Remarks 7 (c)(i)(j),
2022-04-12,2022-04-21,,第 2 座 Tower 2,16,C12,,6955000,,‧價單第3C號下的支付條款(C) Terms of Payment (C) under Price List No.3C ‧見備註/See Remarks 7 (c)(i)(l) ‧見備註/See Remarks 7 (c)(ii)(c),
2022-04-14,2022-04-25,,第 2 座 Tower 2,5,A8,,8373000,"在 22-07-2022，基於法例第 35(2)(b)條所容許的原因， 售 價更改為$8,204,000 On 22-07-2022, the price adjusted to $8,204,000 due to the reason allowed under section 35(2)(b) of the Ordinance",‧價單第1B號下的支付條款(C) Terms of Payment (C) under Price List No.1B ‧見備註/See Remarks 7 (c)(i)(l) ‧見備註/See Remarks 7 (c)(ii)(c) ‧價單第1B號下的支付條款(A) Terms of Payment (A) under Price List No.1B ‧見備註/See Remarks 7 (c)(i)(j) (在 22-07-2022修訂) (revised on 22-07-2022),
2022-04-15,2022-04-25,,第 1 座 Tower 1,17,A9,,6784000,,‧價單第4A號下的支付條款(A) Terms of Payment (A) under Price List No.4A ‧見備註/See Remarks 7 (c)(i)(j),
2022-04-15,2022-04-25,,第 1 座 Tower 1,22,A3,,4979000,,‧價單第4A號下的支付條款(C) Terms of Payment (C) under Price List No.4A ‧見備註/See Remarks 7 (c)(i)(l) ‧見備註/See Remarks 7 (c)(ii)(c),
2022-04-15,2022-04-25,,第 2 座 Tower 2,10,C8,,6490000,,‧價單第4A號下的支付條款(A) Terms of Payment (A) under Price List No.4A ‧見備註/See Remarks 7 (c)(i)(j),
2022-04-16,2022-04-25,,第 1 座 Tower 1,15,B6,,4800000,,‧價單第3D號下的支付條款(A) Terms of Payment (A) under Price List No.3D ‧見備註/See Remarks 7 (c)(i)(n),
2022-04-17,2022-04-25,,第 1 座 Tower 1,20,A5,,5075000,,‧價單第3D號下的支付條款(A) Terms of Payment (A) under Price List No.3D ‧見備註/See Remarks 7 (c)(i)(n),
2022-04-18,2022-04-25,,第 2 座 Tower 2,16,A6,,6690000,,‧價單第2C號下的支付條款(A) Terms of Payment (A) under Price List No.2C ‧見備註/See Remarks 7 (c)(i)(n),
2022-04-22,2022-04-29,,第 2 座 Tower 2,5,B1,,6357000,,‧價單第1C號下的支付條款(A) Terms of Payment (A) under Price List No.1C ‧見備註/See Remarks 7 (c)(i)(n),
2022-04-23,2022-04-29,,第 1 座 Tower 1,12,A8,,8871000,,‧價單第1C號下的支付條款(A) Terms of Payment (A) under Price List No.1C ‧見備註/See Remarks 7 (c)(i)(n),
2022-04-28,2022-05-06,,第 2 座 Tower 2,17,C5,,5301000,,‧價單第3D號下的支付條款(A) Terms of Payment (A) under Price List No.3D ‧見備註/See Remarks 7 (c)(i)(n),
2022-04-30,2022-05-10,,第 2 座 Tower 2,9,C6,,6415000,,‧價單第4B號下的支付條款(A) Terms of Payment (A) under Price List No.4B ‧見備註/See Remarks 7 (c)(i)(n),
2022-05-02,2022-05-10,,第 2 座 Tower 2,17,C3,,5226000,,‧價單第3D號下的支付條款(A) Terms of Payment (A) under Price List No.3D ‧見備註/See Remarks 7 (c)(i)(n),
2022-05-04,2022-05-12,,第 2 座 Tower 2,7,A8,,8368000,,‧價單第1C號下的支付條款(A) Terms of Payment (A) under Price List No.1C ‧見備註/See Remarks 7 (c)(i)(n),
2022-05-10,2022-05-16,,第 2 座 Tower 2,16,C3,,5195000,,‧價單第3D號下的支付條款(A) Terms of Payment (A) under Price List No.3D ‧見備註/See Remarks 7 (c)(i)(n),
2022-05-18,2022-05-25,,第 1 座 Tower 1,15,B5,,4773000,,‧價單第3D號下的支付條款(A) Terms of Payment (A) under Price List No.3D ‧見備註/See Remarks 7 (c)(i)(n),
2022-05-28,2022-06-06,,第 1 座 Tower 1,15,B2,,6747000,,‧價單第4C號下的支付條款(B1) Terms of Payment (B1) under Price List No.4C ‧見備註/See Remarks 7 (c)(i)(s) ‧見備註/See Remarks 7 (c)(ii)(e),
2022-05-28,2022-06-06,,第 1 座 Tower 1,36,B7,,5096000,,‧價單第5號下的支付條款(A1) Terms of Payment (A1) under Price List No.5 ‧見備註/See Remarks 7 (c)(i)(r) ‧見備註/See Remarks 7 (c)(ii)(d),
2022-05-28,2022-06-06,,第 2 座 Tower 2,1,A2,,5852000,,‧價單第5號下的支付條款(B1) Terms of Payment (B1) under Price List No.5 ‧見備註/See Remarks 7 (c)(i)(s) ‧見備註/See Remarks 7 (c)(ii)(e),
2022-05-28,2022-06-06,,第 2 座 Tower 2,1,A3,,5936000,,‧價單第5號下的支付條款(B1) Terms of Payment (B1) under Price List No.5 ‧見備註/See Remarks 7 (c)(i)(s) ‧見備註/See Remarks 7 (c)(ii)(e),
2022-05-28,2022-06-06,,第 2 座 Tower 2,20,B2,,6548000,,‧價單第4C號下的支付條款(B1) Terms of Payment (B1) under Price List No.4C ‧見備註/See Remarks 7 (c)(i)(s) ‧見備註/See Remarks 7 (c)(ii)(e),
2022-05-28,2022-06-06,,第 2 座 Tower 2,9,C8,,6407000,,‧價單第4C號下的支付條款(B1) Terms of Payment (B1) under Price List No.4C ‧見備註/See Remarks 7 (c)(i)(s) ‧見備註/See Remarks 7 (c)(ii)(e),
2022-05-28,2022-06-06,,第 2 座 Tower 2,10,C7,,6465000,,‧價單第4C號下的支付條款(B1) Terms of Payment (B1) under Price List No.4C ‧見備註/See Remarks 7 (c)(i)(s) ‧見備註/See Remarks 7 (c)(ii)(e),
2022-05-28,2022-06-02,,第 2 座 Tower 2,11,C10,,6527000,,‧價單第3E號下的支付條款(B1) Terms of Payment (B1) under Price List No.3E ‧見備註/See Remarks 7 (c)(i)(s) ‧見備註/See Remarks 7 (c)(ii)(e),
2022-05-28,2022-06-06,,第 2 座 Tower 2,1,D2,,5852000,,‧價單第5號下的支付條款(B1) Terms of Payment (B1) under Price List No.5 ‧見備註/See Remarks 7 (c)(i)(s) ‧見備註/See Remarks 7 (c)(ii)(e),
2022-05-28,2022-06-06,,第 2 座 Tower 2,1,D5,,5915000,,‧價單第5號下的支付條款(B1) Terms of Payment (B1) under Price List No.5 ‧見備註/See Remarks 7 (c)(i)(s) ‧見備註/See Remarks 7 (c)(ii)(e),
2022-05-29,2022-06-06,,第 2 座 Tower 2,1,A5,,5915000,,‧價單第5號下的支付條款(B1) Terms of Payment (B1) under Price List No.5 ‧見備註/See Remarks 7 (c)(i)(s) ‧見備註/See Remarks 7 (c)(ii)(e),
2022-05-30,2022-06-06,,第 1 座 Tower 1,19,A5,,5050000,,‧價單第3E號下的支付條款(A1) Terms of Payment (A1) under Price List No.3E ‧見備註/See Remarks 7 (c)(i)(r) ‧見備註/See Remarks 7 (c)(ii)(d),
2022-05-31,2022-06-08,,第 1 座 Tower 1,32,B5,,5348000,,‧價單第5號下的支付條款(B1) Terms of Payment (B1) under Price List No.5 ‧見備註/See Remarks 7 (c)(i)(s) ‧見備註/See Remarks 7 (c)(ii)(e),
2022-06-03,2022-06-10,,第 1 座 Tower 1,16,B2,,6835000,,‧價單第4C號下的支付條款(A) Terms of Payment (A) under Price List No.4C ‧見備註/See Remarks 7 (c)(i)(p),
2022-06-05,2022-06-10,,第 1 座 Tower 1,7,B8,,8377000,,‧價單第1D號下的支付條款(B1) Terms of Payment (B1) under Price List No.1D ‧見備註/See Remarks 7 (c)(i)(s) ‧見備註/See Remarks 7 (c)(ii)(e),
2022-06-11,2022-06-17,,第 1 座 Tower 1,36,A5,,5351000,,‧價單第5號下的支付條款(B1) Terms of Payment (B1) under Price List No.5 ‧見備註/See Remarks 7 (c)(i)(s) ‧見備註/See Remarks 7 (c)(ii)(e),
2022-06-11,2022-06-16,,第 2 座 Tower 2,1,D3,,5936000,,‧價單第5號下的支付條款(B1) Terms of Payment (B1) under Price List No.5 ‧見備註/See Remarks 7 (c)(i)(s) ‧見備註/See Remarks 7 (c)(ii)(e),
2022-06-13,2022-06-20,,第 2 座 Tower 2,23,C8,,6842000,,‧價單第5號下的支付條款(A1) Terms of Payment (A1) under Price List No.5 ‧見備註/See Remarks 7 (c)(i)(r) ‧見備註/See Remarks 7 (c)(ii)(d),
2022-06-18,2022-06-22,,第 2 座 Tower 2,26,D3,,6656000,,‧價單第5號下的支付條款(A1) Terms of Payment (A1) under Price List No.5 ‧見備註/See Remarks 7 (c)(i)(r) ‧見備註/See Remarks 7 (c)(ii)(d),
2022-06-26,2022-07-04,,第 2 座 Tower 2,1,D8,,6061000,,‧價單第5號下的支付條款(A1) Terms of Payment (A1) under Price List No.5 ‧見備註/See Remarks 7 (c)(i)(r) ‧見備註/See Remarks 7 (c)(ii)(d),
2022-06-27,2022-07-05,,第 1 座 Tower 1,19,A6,,5078000,,‧價單第3E號下的支付條款(B1) Terms of Payment (B1) under Price List No.3E ‧見備註/See Remarks 7 (c)(i)(s) ‧見備註/See Remarks 7 (c)(ii)(e),
2022-06-28,2022-07-06,,第 2 座 Tower 2,1,D7,,5957000,,‧價單第5號下的支付條款(B1) Terms of Payment (B1) under Price List No.5 ‧見備註/See Remarks 7 (c)(i)(s) ‧見備註/See Remarks 7 (c)(ii)(e),
2022-06-29,2022-07-07,,第 2 座 Tower 2,12,C11,,6523000,,‧價單第3E號下的支付條款(B1) Terms of Payment (B1) under Price List No.3E ‧見備註/See Remarks 7 (c)(i)(s) ‧見備註/See Remarks 7 (c)(ii)(e),
2022-06-30,2022-07-08,,第 1 座 Tower 1,28,B7,,5043000,,‧價單第5號下的支付條款(A1) Terms of Payment (A1) under Price List No.5 ‧見備註/See Remarks 7 (c)(i)(r) ‧見備註/See Remarks 7 (c)(ii)(d),
2022-06-30,,,第 2 座 Tower 2,15,C11,,6614000,,‧價單第3E號下的支付條款(A1) Terms of Payment (A1) under Price List No.3E ‧見備註/See Remarks 7 (c)(i)(r) ‧見備註/See Remarks 7 (c)(ii)(d),
2022-07-05,2022-07-08,,第 1 座 Tower 1,11,B8,,8731000,,‧價單第1D號下的支付條款(A1) Terms of Payment (A1) under Price List No.1D ‧見備註/See Remarks 7 (c)(i)(r) ‧見備註/See Remarks 7 (c)(ii)(d),
2022-07-05,2022-07-12,,第 2 座 Tower 2,1,D6,,5915000,,‧價單第5號下的支付條款(B1) Terms of Payment (B1) under Price List No.5 ‧見備註/See Remarks 7 (c)(i)(s) ‧見備註/See Remarks 7 (c)(ii)(e),
2022-07-07,2022-07-14,,第 1 座 Tower 1,15,A9,,6730000,,‧價單第4C號下的支付條款(B1) Terms of Payment (B1) under Price List No.4C ‧見備註/See Remarks 7 (c)(i)(s) ‧見備註/See Remarks 7 (c)(ii)(e),
2022-07-07,2022-07-14,,第 2 座 Tower 2,19,B2,,6548000,,‧價單第4C號下的支付條款(B1) Terms of Payment (B1) under Price List No.4C ‧見備註/See Remarks 7 (c)(i)(s) ‧見備註/See Remarks 7 (c)(ii)(e),
2022-07-08,2022-07-15,,第 2 座 Tower 2,1,A6,,5915000,,‧價單第5號下的支付條款(B1) Terms of Payment (B1) under Price List No.5 ‧見備註/See Remarks 7 (c)(i)(s) ‧見備註/See Remarks 7 (c)(ii)(e),
2022-07-12,2022-07-18,,第 2 座 Tower 2,1,A1,,5999000,,‧價單第5號下的支付條款(B1) Terms of Payment (B1) under Price List No.5 ‧見備註/See Remarks 7 (c)(i)(s) ‧見備註/See Remarks 7 (c)(ii)(e),
2022-07-16,2022-07-22,,第 2 座 Tower 2,23,C9,,6790000,,‧價單第5號下的支付條款(B1) Terms of Payment (B1) under Price List No.5 ‧見備註/See Remarks 7 (c)(i)(s) ‧見備註/See Remarks 7 (c)(ii)(e),
2022-07-21,2022-07-28,,第 1 座 Tower 1,32,B7,,5073000,,‧價單第5號下的支付條款(B1) Terms of Payment (B1) under Price List No.5 ‧見備註/See Remarks 7 (c)(i)(s) ‧見備註/See Remarks 7 (c)(ii)(e),
2022-08-03,2022-08-08,,第 1 座 Tower 1,36,B8,,9310000,,‧價單第5號下的支付條款(B1) Terms of Payment (B1) under Price List No.5 ‧見備註/See Remarks 7 (c)(i)(s) ‧見備註/See Remarks 7 (c)(ii)(e),
2022-12-31,2023-01-09,,第 1 座 Tower 1,17,B2,,6066000,,‧價單第4D號下的支付條款(B) Terms of Payment (B) under Price List No.4D ‧見備註/See Remarks 7 (c)(i)(u) ‧見備註/See Remarks 7 (c)(ii)(f)(2) ‧見備註/See Remarks 7 (c)(iii)(a) ‧見備註/See Remarks 7 (c)(iii)(b),
2022-12-31,2023-01-09,,第 2 座 Tower 2,15,B3,,5373000,,‧價單第4D號下的支付條款(B) Terms of Payment (B) under Price List No.4D ‧見備註/See Remarks 7 (c)(i)(u) ‧見備註/See Remarks 7 (c)(ii)(f)(2) ‧見備註/See Remarks 7 (c)(iii)(a) ‧見備註/See Remarks 7 (c)(iii)(b) ‧見備註/See Remarks 7 (c)(iii)(c),
2022-12-31,2023-01-09,,第 2 座 Tower 2,16,B1,,5606000,,‧價單第4D號下的支付條款(B) Terms of Payment (B) under Price List No.4D ‧見備註/See Remarks 7 (c)(i)(u) ‧見備註/See Remarks 7(c)(ii)(f)(1) ‧見備註/See Remarks 7 (c)(iii)(a) ‧見備註/See Remarks 7 (c)(iii)(b) ‧見備註/See Remarks 7 (c)(iii)(c),
2022-12-31,2023-01-09,,第 2 座 Tower 2,17,B3,,5379000,,‧價單第4D號下的支付條款(B) Terms of Payment (B) under Price List No.4D ‧見備註/See Remarks 7 (c)(i)(u) ‧見備註/See Remarks 7 (c)(ii)(f)(2) ‧見備註/See Remarks 7 (c)(iii)(a) ‧見備註/See Remarks 7 (c)(iii)(b) ‧見備註/See Remarks 7 (c)(iii)(c),
2023-01-07,2023-01-13,,第 2 座 Tower 2,16,B3,,5376000,,‧價單第4D號下的支付條款(B) Terms of Payment (B) under Price List No.4D ‧見備註/See Remarks 7 (c)(i)(u) ‧見備註/See Remarks 7 (c)(ii)(f)(2) ‧見備註/See Remarks 7 (c)(iii)(a) ‧見備註/See Remarks 7 (c)(iii)(b) ‧見備註/See Remarks 7 (c)(iii)(c),
2023-01-09,2023-01-16,,第 2 座 Tower 2,12,B3,,5370000,,‧價單第4D號下的支付條款(B) Terms of Payment (B) under Price List No.4D ‧見備註/See Remarks 7 (c)(i)(u) ‧見備註/See Remarks 7 (c)(ii)(f)(2) ‧見備註/See Remarks 7 (c)(iii)(a) ‧見備註/See Remarks 7 (c)(iii)(b) ‧見備註/See Remarks 7 (c)(iii)(c),
2023-01-09,2023-01-16,,第 2 座 Tower 2,16,B2,,5398000,,‧價單第4D號下的支付條款(B) Terms of Payment (B) under Price List No.4D ‧見備註/See Remarks 7 (c)(i)(u) ‧見備註/See Remarks 7 (c)(ii)(f)(2) ‧見備註/See Remarks 7 (c)(iii)(a) ‧見備註/See Remarks 7 (c)(iii)(b) ‧見備註/See Remarks 7 (c)(iii)(c),
2023-01-18,2023-01-27,,第 1 座 Tower 1,18,B3,,4162000,,‧價單第4D號下的支付條款(B) Terms of Payment (B) under Price List No.4D ‧見備註/See Remarks 7 (c)(i)(u) ‧見備註/See Remarks 7 (c)(ii)(f)(2) ‧見備註/See Remarks 7 (c)(iii)(a) ‧見備註/See Remarks 7 (c)(iii)(b),
2023-01-19,2023-01-31,,第 2 座 Tower 2,15,B2,,5398000,,‧價單第4D號下的支付條款(B) Terms of Payment (B) under Price List No.4D ‧見備註/See Remarks 7 (c)(i)(u) ‧見備註/See Remarks 7 (c)(ii)(f)(2) ‧見備註/See Remarks 7 (c)(iii)(a) ‧見備註/See Remarks 7 (c)(iii)(b) ‧見備註/See Remarks 7 (c)(iii)(c),
2023-01-21,2023-02-01,,第 2 座 Tower 2,15,B1,,5464000,,‧價單第4D號下的支付條款(B) Terms of Payment (B) under Price List No.4D ‧見備註/See Remarks 7 (c)(i)(u) ‧見備註/See Remarks 7 (c)(ii)(f)(2) ‧見備註/See Remarks 7 (c)(iii)(a) ‧見備註/See Remarks 7 (c)(iii)(b) ‧見備註/See Remarks 7 (c)(iii)(c),
2023-01-29,2023-02-03,,第 1 座 Tower 1,33,B3,,4547000,,‧價單第4D號下的支付條款(B) Terms of Payment (B) under Price List No.4D ‧見備註/See Remarks 7 (c)(i)(u) ‧見備註/See Remarks 7 (c)(ii)(f)(1) ‧見備註/See Remarks 7 (c)(iii)(a) ‧見備註/See Remarks 7 (c)(iii)(b),
2023-01-29,2023-02-03,,第 2 座 Tower 2,12,B1,,5459000,,‧價單第4D號下的支付條款(B) Terms of Payment (B) under Price List No.4D ‧見備註/See Remarks 7 (c)(i)(u) ‧見備註/See Remarks 7 (c)(ii)(f)(2) ‧見備註/See Remarks 7 (c)(iii)(a) ‧見備註/See Remarks 7 (c)(iii)(b) ‧見備註/See Remarks 7 (c)(iii)(c),
2023-02-03,2023-02-10,,第 2 座 Tower 2,6,B3,,5234000,,‧價單第4D號下的支付條款(B) Terms of Payment (B) under Price List No.4D ‧見備註/See Remarks 7 (c)(i)(u) ‧見備註/See Remarks 7 (c)(ii)(f)(2) ‧見備註/See Remarks 7 (c)(iii)(a) ‧見備註/See Remarks 7 (c)(iii)(b) ‧見備註/See Remarks 7 (c)(iii)(c),
2023-02-04,2023-02-10,,第 2 座 Tower 2,10,B3,,5365000,,‧價單第4D號下的支付條款(B) Terms of Payment (B) under Price List No.4D ‧見備註/See Remarks 7 (c)(i)(u) ‧見備註/See Remarks 7 (c)(ii)(f)(2) ‧見備註/See Remarks 7 (c)(iii)(a) ‧見備註/See Remarks 7 (c)(iii)(b) ‧見備註/See Remarks 7 (c)(iii)(c),
2023-02-05,2023-02-10,,第 1 座 Tower 1,19,B3,,4400000,,‧價單第4E號下的支付條款(B) Terms of Payment (B) under Price List No.4E ‧見備註/See Remarks 7 (c)(i)(w) ‧見備註/See Remarks 7 (c)(ii)(f)(1) ‧見備註/See Remarks 7 (c)(ii)(g) ‧見備註/See Remarks 7 (c)(iii)(a) ‧見備註/See Remarks 7 (c)(iii)(b),
2023-02-05,2023-02-10,,第 2 座 Tower 2,8,A8,,7405000,,‧價單第1F號下的支付條款(A) Terms of Payment (A) under Price List No.1F ‧見備註/See Remarks 7 (c)(i)(v) ‧見備註/See Remarks 7 (c)(ii)(f)(2) ‧見備註/See Remarks 7 (c)(iii)(a) ‧見備註/See Remarks 7 (c)(iii)(b),
2023-02-05,2023-02-10,,第 2 座 Tower 2,9,A8,,7478000,,‧價單第1F號下的支付條款(A) Terms of Payment (A) under Price List No.1F ‧見備註/See Remarks 7 (c)(i)(v) ‧見備註/See Remarks 7 (c)(ii)(f)(2) ‧見備註/See Remarks 7 (c)(iii)(a) ‧見備註/See Remarks 7 (c)(iii)(b),
2023-02-05,2023-02-10,,第 2 座 Tower 2,16,A8,,8276000,,‧價單第2F號下的支付條款(C) Terms of Payment (C) under Price List No.2F ‧見備註/See Remarks 7 (c)(i)(x) ‧見備註/See Remarks 7 (c)(ii)(f)(2) ‧見備註/See Remarks 7 (c)(ii)(h) ‧見備註/See Remarks 7 (c)(iii)(a) ‧見備註/See Remarks 7 (c)(iii)(b),
2023-02-05,2023-02-10,,第 2 座 Tower 2,10,B2,,5396000,,‧價單第4E號下的支付條款(A) Terms of Payment (A) under Price List No.4E ‧見備註/See Remarks 7 (c)(i)(v) ‧見備註/See Remarks 7 (c)(ii)(f)(2) ‧見備註/See Remarks 7 (c)(iii)(a) ‧見備註/See Remarks 7 (c)(iii)(b) ‧見備註/See Remarks 7 (c)(iii)(c),
2023-02-05,2023-02-10,,第 2 座 Tower 2,12,B2,,5397000,,‧價單第4E號下的支付條款(A) Terms of Payment (A) under Price List No.4E ‧見備註/See Remarks 7 (c)(i)(v) ‧見備註/See Remarks 7 (c)(ii)(f)(2) ‧見備註/See Remarks 7 (c)(iii)(a) ‧見備註/See Remarks 7 (c)(iii)(b) ‧見備註/See Remarks 7 (c)(iii)(c),
2023-02-05,2023-02-10,,第 2 座 Tower 2,16,B5,,5711000,,‧價單第4E號下的支付條款(C) Terms of Payment (C) under Price List No.4E ‧見備註/See Remarks 7 (c)(i)(x) ‧見備註/See Remarks 7 (c)(ii)(f)(2) ‧見備註/See Remarks 7 (c)(ii)(h) ‧見備註/See Remarks 7 (c)(iii)(a) ‧見備註/See Remarks 7 (c)(iii)(b) ‧見備註/See Remarks 7 (c)(iii)(c),
2023-02-05,2023-02-10,,第 2 座 Tower 2,18,B5,,5587000,,‧價單第4E號下的支付條款(A) Terms of Payment (A) under Price List No.4E ‧見備註/See Remarks 7 (c)(i)(v) ‧見備註/See Remarks 7 (c)(ii)(f)(1) ‧見備註/See Remarks 7 (c)(iii)(a) ‧見備註/See Remarks 7 (c)(iii)(b) ‧見備註/See Remarks 7 (c)(iii)(c),
2023-02-05,2023-02-10,,第 2 座 Tower 2,19,B5,,5456000,,‧價單第4E號下的支付條款(A) Terms of Payment (A) under Price List No.4E ‧見備註/See Remarks 7 (c)(i)(v) ‧見備註/See Remarks 7 (c)(ii)(f)(2) ‧見備註/See Remarks 7 (c)(iii)(a) ‧見備註/See Remarks 7 (c)(iii)(b) ‧見備註/See Remarks 7 (c)(iii)(c),
2023-02-06,2023-02-13,,第 2 座 Tower 2,17,B5,,5581000,,‧價單第4E號下的支付條款(A) Terms of Payment (A) under Price List No.4E ‧見備註/See Remarks 7 (c)(i)(v) ‧見備註/See Remarks 7 (c)(ii)(f)(1) ‧見備註/See Remarks 7 (c)(iii)(a) ‧見備註/See Remarks 7 (c)(iii)(b) ‧見備註/See Remarks 7 (c)(iii)(c),
2023-02-07,2023-02-14,,第 2 座 Tower 2,7,B3,,5297000,,‧價單第2F號下的支付條款(A) Terms of Payment (A) under Price List No.2F ‧見備註/See Remarks 7 (c)(i)(v) ‧見備註/See Remarks 7 (c)(ii)(f)(2) ‧見備註/See Remarks 7 (c)(iii)(a) ‧見備註/See Remarks 7 (c)(iii)(b) ‧見備註/See Remarks 7 (c)(iii)(c),
2023-02-08,2023-02-15,,第 1 座 Tower 1,20,B3,,4232000,,‧價單第4E號下的支付條款(A) Terms of Payment (A) under Price List No.4E ‧見備註/See Remarks 7 (c)(i)(v) ‧見備註/See Remarks 7 (c)(ii)(f)(2) ‧見備註/See Remarks 7 (c)(iii)(a) ‧見備註/See Remarks 7 (c)(iii)(b),
2023-02-08,2023-02-15,,第 2 座 Tower 2,12,B5,,5559000,"在 23-03-2023，基於法例第 35(2)(b)條所容許的原因，售 價更改為$5,830,000 On 23-03-2023, the price adjusted to $5,830,000 due to the reason allowed under section 35(2)(b) of the Ordinance",‧價單第4E號下的支付條款(A) Terms of Payment (A) under Price List No.4E ‧見備註/See Remarks 7 (c)(i)(v) ‧見備註/See Remarks 7 (c)(ii)(f)(1) ‧見備註/See Remarks 7 (c)(iii)(a) ‧見備註/See Remarks 7 (c)(iii)(b) ‧見備註/See Remarks 7 (c)(iii)(c) ‧價單第4E號下的支付條款(C) Terms of Payment (C) under Price List No.4E ‧見備註/See Remarks 7 (c)(i)(x) ‧見備註/See Remarks 7 (c)(ii)(f)(1) ‧見備註/See Remarks 7 (c)(ii)(h) ‧見備註/See Remarks 7 (c)(iii)(a) ‧見備註/See Remarks 7 (c)(iii)(b) ‧見備註/See Remarks 7 (c)(iii)(c) (在 23-03-2023修訂) (revised on 23-03-2023),
2023-02-08,2023-02-15,,第 2 座 Tower 2,15,B5,,5434000,,‧價單第4E號下的支付條款(A) Terms of Payment (A) under Price List No.4E ‧見備註/See Remarks 7 (c)(i)(v) ‧見備註/See Remarks 7 (c)(ii)(f)(2) ‧見備註/See Remarks 7 (c)(iii)(a) ‧見備註/See Remarks 7 (c)(iii)(b) ‧見備註/See Remarks 7 (c)(iii)(c),
2023-02-09,2023-02-16,,第 2 座 Tower 2,17,A8,,7983000,,‧價單第2F號下的支付條款(A) Terms of Payment (A) under Price List No.2F ‧見備註/See Remarks 7 (c)(i)(v) ‧見備註/See Remarks 7 (c)(ii)(f)(2) ‧見備註/See Remarks 7 (c)(iii)(a) ‧見備註/See Remarks 7 (c)(iii)(b),
2023-02-10,2023-02-17,,第 2 座 Tower 2,12,A8,,8065000,,‧價單第1F號下的支付條款(C) Terms of Payment (C) under Price List No.1F ‧見備註/See Remarks 7 (c)(i)(x) ‧見備註/See Remarks 7 (c)(ii)(f)(2) ‧見備註/See Remarks 7 (c)(ii)(h) ‧見備註/See Remarks 7 (c)(iii)(a) ‧見備註/See Remarks 7 (c)(iii)(b),
2023-02-10,2023-02-17,,第 2 座 Tower 2,3,B5,,5158000,,‧價單第1F號下的支付條款(A) Terms of Payment (A) under Price List No.1F ‧見備註/See Remarks 7 (c)(i)(v) ‧見備註/See Remarks 7 (c)(ii)(f)(2) ‧見備註/See Remarks 7 (c)(iii)(a) ‧見備註/See Remarks 7 (c)(iii)(b) ‧見備註/See Remarks 7 (c)(iii)(c),
2023-02-10,2023-02-17,,第 2 座 Tower 2,11,B5,,5418000,,‧價單第4E號下的支付條款(A) Terms of Payment (A) under Price List No.4E ‧見備註/See Remarks 7 (c)(i)(v) ‧見備註/See Remarks 7 (c)(ii)(f)(2) ‧見備註/See Remarks 7 (c)(iii)(a) ‧見備註/See Remarks 7 (c)(iii)(b) ‧見備註/See Remarks 7 (c)(iii)(c),
2023-02-11,2023-02-17,,第 1 座 Tower 1,23,B3,,4322000,,‧價單第4E號下的支付條款(A) Terms of Payment (A) under Price List No.4E ‧見備註/See Remarks 7 (c)(i)(v) ‧見備註/See Remarks 7 (c)(ii)(f)(2) ‧見備註/See Remarks 7 (c)(iii)(a) ‧見備註/See Remarks 7 (c)(iii)(b),
2023-02-11,2023-02-17,,第 2 座 Tower 2,10,A8,,7909000,,‧價單第1F號下的支付條款(C) Terms of Payment (C) under Price List No.1F ‧見備註/See Remarks 7 (c)(i)(x) ‧見備註/See Remarks 7 (c)(ii)(f)(2) ‧見備註/See Remarks 7 (c)(ii)(h) ‧見備註/See Remarks 7 (c)(iii)(a) ‧見備註/See Remarks 7 (c)(iii)(b),
2023-02-11,2023-02-17,,第 2 座 Tower 2,6,B5,,5411000,,‧價單第4E號下的支付條款(A) Terms of Payment (A) under Price List No.4E ‧見備註/See Remarks 7 (c)(i)(v) ‧見備註/See Remarks 7 (c)(ii)(f)(1) ‧見備註/See Remarks 7 (c)(iii)(a) ‧見備註/See Remarks 7 (c)(iii)(b) ‧見備註/See Remarks 7 (c)(iii)(c),
2023-02-12,2023-02-17,,第 1 座 Tower 1,18,B2,,6290000,,‧價單第3I號下的支付條款(B) Terms of Payment (B) under Price List No.3I ‧見備註/See Remarks 7 (c)(i)(z) ‧見備註/See Remarks 7 (c)(ii)(f)(2) ‧見備註/See Remarks 7 (c)(ii)(i) ‧見備註/See Remarks 7 (c)(iii)(a) ‧見備註/See Remarks 7 (c)(iii)(b),
2023-02-12,2023-02-17,,第 1 座 Tower 1,21,B3,,4704000,,‧價單第4G號下的支付條款(F) Terms of Payment (F) under Price List No.4G ‧見備註/See Remarks 7 (c)(i)(ad) ‧見備註/See Remarks 7 (c)(ii)(f)(1) ‧見備註/See Remarks 7 (c)(ii)(j) ‧見備註/See Remarks 7 (c)(ii)(m) ‧見備註/See Remarks 7 (c)(iii)(a) ‧見備註/See Remarks 7 (c)(iii)(b),
2023-02-12,2023-02-17,,第 2 座 Tower 2,2,A8,,7253000,,‧價單第1H號下的支付條款(A) Terms of Payment (A) under Price List No.1H ‧見備註/See Remarks 7 (c)(i)(y) ‧見備註/See Remarks 7 (c)(ii)(f)(1) ‧見備註/See Remarks 7 (c)(iii)(a) ‧見備註/See Remarks 7 (c)(iii)(b),
2023-02-12,2023-02-17,,第 2 座 Tower 2,18,B2,,5669000,,‧價單第4G號下的支付條款(C) Terms of Payment (C) under Price List No.4G ‧見備註/See Remarks 7 (c)(i)(aa) ‧見備註/See Remarks 7 (c)(ii)(f)(2) ‧見備註/See Remarks 7 (c)(ii)(j) ‧見備註/See Remarks 7 (c)(iii)(a) ‧見備註/See Remarks 7 (c)(iii)(b) ‧見備註/See Remarks 7 (c)(iii)(c),
2023-02-12,2023-02-17,,第 2 座 Tower 2,18,B3,,5382000,"在 14-03-2023，基於法例第 35(2)(b)條所容許的原因， 售 價更改為$5,516,000 On 14-03-2023, the price adjusted to $5,516,000 due to the reason allowed under section 35(2)(b) of the Ordinance",‧價單第4G號下的支付條款(A) Terms of Payment (A) under Price List No.4G ‧見備註/See Remarks 7 (c)(i)(y) ‧見備註/See Remarks 7 (c)(ii)(f)(2) ‧見備註/See Remarks 7 (c)(iii)(a) ‧見備註/See Remarks 7 (c)(iii)(b) ‧見備註/See Remarks 7 (c)(iii)(c) ‧價單第4G號下的支付條款(D) Terms of Payment (D) under Price List No.4G ‧見備註/See Remarks 7 (c)(i)(ab) ‧見備註/See Remarks 7 (c)(ii)(f)(2) ‧見備註/See Remarks 7 (c)(ii)(k) ‧見備註/See Remarks 7 (c)(iii)(a) ‧見備註/See Remarks 7 (c)(iii)(b) ‧見備註/See Remarks 7 (c)(iii)(c) (在 15-03-2023修訂) (revised on 15-03-2023),
2023-02-12,2023-02-17,,第 2 座 Tower 2,18,B6,,6000000,"在 27-02-2023，基於法例第 35(2)(b)條所容許的原因， 售 價更改為$5,862,000 On 27-02-2023, the price adjusted to $5,862,000 due to the reason allowed under section 35(2)(b) of the Ordinance",‧價單第4G號下的支付條款(F) Terms of Payment (F) under Price List No.4G ‧見備註/See Remarks 7 (c)(i)(ad) ‧見備註/See Remarks 7 (c)(ii)(f)(2) ‧見備註/See Remarks 7 (c)(ii)(j) ‧見備註/See Remarks 7 (c)(ii)(m) ‧見備註/See Remarks 7 (c)(iii)(a) ‧見備註/See Remarks 7 (c)(iii)(b) ‧見備註/See Remarks 7 (c)(iii)(c) ‧價單第4G號下的支付條款(E) Terms of Payment (E) under Price List No.4G ‧見備註/See Remarks 7 (c)(i)(ac) ‧見備註/See Remarks 7 (c)(ii)(f)(2) ‧見備註/See Remarks 7 (c)(ii)(i) ‧見備註/See Remarks 7 (c)(ii)(l) ‧見備註/See Remarks 7 (c)(iii)(a) ‧見備註/See Remarks 7 (c)(iii)(b) ‧見備註/See Remarks 7 (c)(iii)(c) (在 27-02-2023修訂) (revised on 27-02-2023),
2023-02-12,2023-02-17,2025-07-04,第 2 座 Tower 2,19,B3,,5855000,,‧價單第4G號下的支付條款(F) Terms of Payment (F) under Price List No.4G ‧見備註/See Remarks 7 (c)(i)(ad) ‧見備註/See Remarks 7 (c)(ii)(f)(2) ‧見備註/See Remarks 7 (c)(ii)(j) ‧見備註/See Remarks 7 (c)(ii)(m) ‧見備註/See Remarks 7 (c)(iii)(a) ‧見備註/See Remarks 7 (c)(iii)(b) ‧見備註/See Remarks 7 (c)(iii)(c) ‧價單第4G號下的支付條款(C) Terms of Payment (C) under Price List No.4G ‧見備註/See Remarks 7 (c)(i)(aa) ‧見備註/See Remarks 7 (c)(ii)(f)(2) ‧見備註/See Remarks 7 (c)(ii)(j) ‧見備註/See Remarks 7 (c)(iii)(a) ‧見備註/See Remarks 7 (c)(iii)(b) ‧見備註/See Remarks 7 (c)(iii)(c) (在 01-08-2024修訂) (revised on 01-08-2024),
2023-02-12,2023-02-17,,第 2 座 Tower 2,20,B1,,5628000,,‧價單第4G號下的支付條款(B) Terms of Payment (B) under Price List No.4G ‧見備註/See Remarks 7 (c)(i)(z) ‧見備註/See Remarks 7 (c)(ii)(f)(2) ‧見備註/See Remarks 7 (c)(ii)(i) ‧見備註/See Remarks 7 (c)(iii)(a) ‧見備註/See Remarks 7 (c)(iii)(b) ‧見備註/See Remarks 7 (c)(iii)(c),
2023-02-12,2023-02-17,,第 2 座 Tower 2,20,B3,,5522000,,‧價單第4G號下的支付條款(D) Terms of Payment (D) under Price List No.4G ‧見備註/See Remarks 7 (c)(i)(ab) ‧見備註/See Remarks 7 (c)(ii)(f)(2) ‧見備註/See Remarks 7 (c)(ii)(k) ‧見備註/See Remarks 7 (c)(iii)(a) ‧見備註/See Remarks 7 (c)(iii)(b) ‧見備註/See Remarks 7 (c)(iii)(c),
2023-02-12,2023-02-17,,第 2 座 Tower 2,20,B5,,5462000,,‧價單第4G號下的支付條款(A) Terms of Payment (A) under Price List No.4G ‧見備註/See Remarks 7 (c)(i)(y) ‧見備註/See Remarks 7 (c)(ii)(f)(2) ‧見備註/See Remarks 7 (c)(iii)(a) ‧見備註/See Remarks 7 (c)(iii)(b) ‧見備註/See Remarks 7 (c)(iii)(c),
2023-02-13,2023-02-20,,第 2 座 Tower 2,15,B6,,5468000,,‧價單第4G號下的支付條款(A) Terms of Payment (A) under Price List No.4G ‧見備註/See Remarks 7 (c)(i)(y) ‧見備註/See Remarks 7 (c)(ii)(f)(2) ‧見備註/See Remarks 7 (c)(iii)(a) ‧見備註/See Remarks 7 (c)(iii)(b) ‧見備註/See Remarks 7 (c)(iii)(c),
2023-02-13,,,第 2 座 Tower 2,17,B2,,5871000,,‧價單第4G號下的支付條款(F) Terms of Payment (F) under Price List No.4G ‧見備註/See Remarks 7 (c)(i)(ad) ‧見備註/See Remarks 7 (c)(ii)(f)(2) ‧見備註/See Remarks 7 (c)(ii)(j) ‧見備註/See Remarks 7 (c)(ii)(m) ‧見備註/See Remarks 7 (c)(iii)(a) ‧見備註/See Remarks 7 (c)(iii)(b) ‧見備註/See Remarks 7 (c)(iii)(c),
2023-02-13,2023-02-20,,第 2 座 Tower 2,20,B6,,5689000,,‧價單第4G號下的支付條款(B) Terms of Payment (B) under Price List No.4G ‧見備註/See Remarks 7 (c)(i)(z) ‧見備註/See Remarks 7 (c)(ii)(f)(2) ‧見備註/See Remarks 7 (c)(ii)(i) ‧見備註/See Remarks 7 (c)(iii)(a) ‧見備註/See Remarks 7 (c)(iii)(b) ‧見備註/See Remarks 7 (c)(iii)(c),
2023-02-14,2023-02-21,,第 2 座 Tower 2,8,B2,,5665000,,‧價單第2I號下的支付條款(C) Terms of Payment (C) under Price List No.2I ‧見備註/See Remarks 7 (c)(i)(aa) ‧見備註/See Remarks 7 (c)(ii)(f)(2) ‧見備註/See Remarks 7 (c)(ii)(j) ‧見備註/See Remarks 7 (c)(ii)(n) ‧見備註/See Remarks 7 (c)(iii)(a) ‧見備註/See Remarks 7 (c)(iii)(b) ‧見備註/See Remarks 7 (c)(iii)(c),
2023-02-15,2023-02-22,2025-07-04,第 1 座 Tower 1,20,B2,,6578000,,‧價單第2I號下的支付條款(C) Terms of Payment (C) under Price List No.2I ‧見備註/See Remarks 7 (c)(i)(aa) ‧見備註/See Remarks 7 (c)(ii)(f)(2) ‧見備註/See Remarks 7 (c)(ii)(j) ‧見備註/See Remarks 7 (c)(ii)(n) ‧見備註/See Remarks 7 (c)(iii)(a) ‧見備註/See Remarks 7 (c)(iii)(b) ‧價單第2I號下的支付條款(F) Terms of Payment (F) under Price List No.2I ‧見備註/See Remarks 7 (c)(i)(ad) ‧見備註/See Remarks 7 (c)(ii)(f)(2) ‧見備註/See Remarks 7 (c)(ii)(j) ‧見備註/See Remarks 7 (c)(ii)(m) ‧見備註/See Remarks 7 (c)(ii)(n) ‧見備註/See Remarks 7 (c)(iii)(a) ‧見備註/See Remarks 7 (c)(iii)(b) (在 04-02-2025修訂) (revised on 04-02-2025),
2023-02-16,2023-02-23,2024-05-21,第 1 座 Tower 1,22,B3,,4489000,,‧價單第4H號下的支付條款(C) Terms of Payment (C) under Price List No.4H ‧見備註/See Remarks 7 (c)(i)(aa) ‧見備註/See Remarks 7 (c)(ii)(f)(2) ‧見備註/See Remarks 7 (c)(ii)(j) ‧見備註/See Remarks 7 (c)(ii)(n) ‧見備註/See Remarks 7 (c)(iii)(a) ‧見備註/See Remarks 7 (c)(iii)(b),
2023-02-16,2023-02-23,,第 2 座 Tower 2,5,B5,,5206000,,‧價單第1I號下的支付條款(A) Terms of Payment (A) under Price List No.1I ‧見備註/See Remarks 7 (c)(i)(y) ‧見備註/See Remarks 7 (c)(ii)(f)(2) ‧見備註/See Remarks 7 (c)(ii)(n) ‧見備註/See Remarks 7 (c)(iii)(a) ‧見備註/See Remarks 7 (c)(iii)(b) ‧見備註/See Remarks 7 (c)(iii)(c),
2023-02-16,2023-02-23,,第 2 座 Tower 2,8,B3,,5829000,,‧價單第2I號下的支付條款(F) Terms of Payment (F) under Price List No.2I ‧見備註/See Remarks 7 (c)(i)(ad) ‧見備註/See Remarks 7 (c)(ii)(f)(2) ‧見備註/See Remarks 7 (c)(ii)(j) ‧見備註/See Remarks 7 (c)(ii)(m) ‧見備註/See Remarks 7 (c)(ii)(n) ‧見備註/See Remarks 7 (c)(iii)(a) ‧見備註/See Remarks 7 (c)(iii)(b) ‧見備註/See Remarks 7 (c)(iii)(c),
2023-02-16,2023-02-23,,第 2 座 Tower 2,19,B6,,5673000,,‧價單第4H號下的支付條款(D) Terms of Payment (D) under Price List No.4H ‧見備註/See Remarks 7 (c)(i)(ab) ‧見備註/See Remarks 7 (c)(ii)(f)(2) ‧見備註/See Remarks 7 (c)(ii)(k) ‧見備註/See Remarks 7 (c)(ii)(n) ‧見備註/See Remarks 7 (c)(iii)(a) ‧見備註/See Remarks 7 (c)(iii)(b) ‧見備註/See Remarks 7 (c)(iii)(c),
2023-02-17,2023-02-22,,第 2 座 Tower 2,7,B5,,5943000,,‧價單第2I號下的支付條款(F) Terms of Payment (F) under Price List No.2I ‧見備註/See Remarks 7 (c)(i)(ad) ‧見備註/See Remarks 7 (c)(ii)(f)(1) ‧見備註/See Remarks 7 (c)(ii)(j) ‧見備註/See Remarks 7 (c)(ii)(m) ‧見備註/See Remarks 7 (c)(ii)(n) ‧見備註/See Remarks 7 (c)(iii)(a) ‧見備註/See Remarks 7 (c)(iii)(b) ‧見備註/See Remarks 7 (c)(iii)(c),
2023-02-18,2023-02-24,,第 2 座 Tower 2,10,B5,,5548000,,‧價單第4H號下的支付條款(D) Terms of Payment (D) under Price List No.4H ‧見備註/See Remarks 7 (c)(i)(ab) ‧見備註/See Remarks 7 (c)(ii)(f)(2) ‧見備註/See Remarks 7 (c)(ii)(k) ‧見備註/See Remarks 7 (c)(ii)(n) ‧見備註/See Remarks 7 (c)(iii)(a) ‧見備註/See Remarks 7 (c)(iii)(b) ‧見備註/See Remarks 7 (c)(iii)(c),
2023-02-18,2023-02-24,,第 2 座 Tower 2,16,B6,,5622000,"在 12-05-2023，基於法例第 35(2)(b)條所容許的原因，售 價更改為$5,759,000 On 12-05-2023, the price adjusted to $5,759,000 due to the reason allowed under section 35(2)(b) of the Ordinance",‧價單第4H號下的支付條款(A) Terms of Payment (A) under Price List No.4H ‧見備註/See Remarks 7 (c)(i)(y) ‧見備註/See Remarks 7 (c)(ii)(f)(1) ‧見備註/See Remarks 7 (c)(ii)(n) ‧見備註/See Remarks 7 (c)(iii)(a) ‧見備註/See Remarks 7 (c)(iii)(b) ‧見備註/See Remarks 7 (c)(iii)(c) ‧價單第4H號下的支付條款(D) Terms of Payment (D) under Price List No.4H ‧見備註/See Remarks 7 (c)(i)(ab) ‧見備註/See Remarks 7 (c)(ii)(f)(1) ‧見備註/See Remarks 7 (c)(ii)(k) ‧見備註/See Remarks 7 (c)(ii)(n) ‧見備註/See Remarks 7 (c)(iii)(a) ‧見備註/See Remarks 7 (c)(iii)(b) ‧見備註/See Remarks 7 (c)(iii)(c) (在 12-05-2023修訂) (revised on 12-05-2023),
2023-02-19,2023-02-24,,第 2 座 Tower 2,12,B6,,5730000,,‧價單第4H號下的支付條款(C) Terms of Payment (C) under Price List No.4H ‧見備註/See Remarks 7 (c)(i)(aa) ‧見備註/See Remarks 7 (c)(ii)(f)(2) ‧見備註/See Remarks 7 (c)(ii)(j) ‧見備註/See Remarks 7 (c)(ii)(n) ‧見備註/See Remarks 7 (c)(iii)(a) ‧見備註/See Remarks 7 (c)(iii)(b) ‧見備註/See Remarks 7 (c)(iii)(c),
2023-02-19,2023-02-24,,第 2 座 Tower 2,17,B1,,5611000,,‧價單第4H號下的支付條款(A) Terms of Payment (A) under Price List No.4H ‧見備註/See Remarks 7 (c)(i)(y) ‧見備註/See Remarks 7 (c)(ii)(f)(1) ‧見備註/See Remarks 7 (c)(ii)(n) ‧見備註/See Remarks 7 (c)(iii)(a) ‧見備註/See Remarks 7 (c)(iii)(b) ‧見備註/See Remarks 7 (c)(iii)(c),
2023-02-19,2023-02-24,,第 2 座 Tower 2,18,B1,,5481000,,‧價單第4H號下的支付條款(A) Terms of Payment (A) under Price List No.4H ‧見備註/See Remarks 7 (c)(i)(y) ‧見備註/See Remarks 7 (c)(ii)(f)(2) ‧見備註/See Remarks 7 (c)(ii)(n) ‧見備註/See Remarks 7 (c)(iii)(a) ‧見備註/See Remarks 7 (c)(iii)(b) ‧見備註/See Remarks 7 (c)(iii)(c),
2023-02-20,2023-02-22,,第 2 座 Tower 2,10,B1,,5859000,,‧價單第4H號下的支付條款(C) Terms of Payment (C) under Price List No.4H ‧見備註/See Remarks 7 (c)(i)(aa) ‧見備註/See Remarks 7 (c)(ii)(f)(1) ‧見備註/See Remarks 7 (c)(ii)(j) ‧見備註/See Remarks 7 (c)(ii)(n) ‧見備註/See Remarks 7 (c)(iii)(a) ‧見備註/See Remarks 7 (c)(iii)(b) ‧見備註/See Remarks 7 (c)(iii)(c),
2023-02-20,2023-02-27,,第 2 座 Tower 2,19,B1,,5966000,,‧價單第4H號下的支付條款(F) Terms of Payment (F) under Price List No.4H ‧見備註/See Remarks 7 (c)(i)(ad) ‧見備註/See Remarks 7 (c)(ii)(f)(2) ‧見備註/See Remarks 7 (c)(ii)(j) ‧見備註/See Remarks 7 (c)(ii)(m) ‧見備註/See Remarks 7 (c)(ii)(n) ‧見備註/See Remarks 7 (c)(iii)(a) ‧見備註/See Remarks 7 (c)(iii)(b) ‧見備註/See Remarks 7 (c)(iii)(c),
2023-02-23,2023-03-02,,第 2 座 Tower 2,17,B2,,5533000,,‧價單第4H號下的支付條款(A) Terms of Payment (A) under Price List No.4H ‧見備註/See Remarks 7 (c)(i)(y) ‧見備註/See Remarks 7 (c)(ii)(f)(1) ‧見備註/See Remarks 7 (c)(ii)(n) ‧見備註/See Remarks 7 (c)(iii)(a) ‧見備註/See Remarks 7 (c)(iii)(b) ‧見備註/See Remarks 7 (c)(iii)(c),
2023-02-24,2023-03-03,,第 1 座 Tower 1,3,B8,,7450000,,‧價單第1J號下的支付條款(C) Terms of Payment (C) under Price List No.1J ‧見備註/See Remarks 7 (c)(i)(aa) ‧見備註/See Remarks 7 (c)(ii)(f)(2) ‧見備註/See Remarks 7 (c)(ii)(j) ‧見備註/See Remarks 7 (c)(ii)(n) ‧見備註/See Remarks 7 (c)(iii)(a) ‧見備註/See Remarks 7 (c)(iii)(b),
2023-02-24,2023-03-03,,第 1 座 Tower 1,5,B8,,7528000,,‧價單第1J號下的支付條款(C) Terms of Payment (C) under Price List No.1J ‧見備註/See Remarks 7 (c)(i)(aa) ‧見備註/See Remarks 7 (c)(ii)(f)(2) ‧見備註/See Remarks 7 (c)(ii)(j) ‧見備註/See Remarks 7 (c)(ii)(n) ‧見備註/See Remarks 7 (c)(iii)(a) ‧見備註/See Remarks 7 (c)(iii)(b),
2023-02-24,2023-03-03,,第 1 座 Tower 1,6,B8,,7264000,,‧價單第1J號下的支付條款(A) Terms of Payment (A) under Price List No.1J ‧見備註/See Remarks 7 (c)(i)(y) ‧見備註/See Remarks 7 (c)(ii)(f)(2) ‧見備註/See Remarks 7 (c)(ii)(n) ‧見備註/See Remarks 7 (c)(iii)(a) ‧見備註/See Remarks 7 (c)(iii)(b),
2023-02-24,2023-03-03,,第 2 座 Tower 2,15,A8,,7811000,,‧價單第2J號下的支付條款(A) Terms of Payment (A) under Price List No.2J ‧見備註/See Remarks 7 (c)(i)(y) ‧見備註/See Remarks 7 (c)(ii)(f)(2) ‧見備註/See Remarks 7 (c)(ii)(n) ‧見備註/See Remarks 7 (c)(iii)(a) ‧見備註/See Remarks 7 (c)(iii)(b),
2023-02-24,2023-03-03,,第 2 座 Tower 2,6,B7,,5824000,,‧價單第4I號下的支付條款(F) Terms of Payment (F) under Price List No.4I ‧見備註/See Remarks 7 (c)(i)(ad) ‧見備註/See Remarks 7 (c)(ii)(f)(2) ‧見備註/See Remarks 7 (c)(ii)(j) ‧見備註/See Remarks 7 (c)(ii)(m) ‧見備註/See Remarks 7 (c)(ii)(n) ‧見備註/See Remarks 7 (c)(iii)(a) ‧見備註/See Remarks 7 (c)(iii)(b) ‧見備註/See Remarks 7 (c)(iii)(c),
2023-02-24,2023-03-03,,第 2 座 Tower 2,18,B7,,5774000,,‧價單第4I號下的支付條款(A) Terms of Payment (A) under Price List No.4I ‧見備註/See Remarks 7 (c)(i)(y) ‧見備註/See Remarks 7 (c)(ii)(f)(1) ‧見備註/See Remarks 7 (c)(ii)(n) ‧見備註/See Remarks 7 (c)(iii)(a) ‧見備註/See Remarks 7 (c)(iii)(b) ‧見備註/See Remarks 7 (c)(iii)(c),
2023-02-24,2023-03-03,,第 2 座 Tower 2,19,B7,,5656000,,‧價單第4I號下的支付條款(A) Terms of Payment (A) under Price List No.4I ‧見備註/See Remarks 7 (c)(i)(y) ‧見備註/See Remarks 7 (c)(ii)(f)(2) ‧見備註/See Remarks 7 (c)(ii)(n) ‧見備註/See Remarks 7 (c)(iii)(a) ‧見備註/See Remarks 7 (c)(iii)(b) ‧見備註/See Remarks 7 (c)(iii)(c),
2023-02-25,2023-03-03,,第 2 座 Tower 2,5,B7,,5281000,,‧價單第1J號下的支付條款(A) Terms of Payment (A) under Price List No.1J ‧見備註/See Remarks 7 (c)(i)(y) ‧見備註/See Remarks 7 (c)(ii)(f)(2) ‧見備註/See Remarks 7 (c)(ii)(n) ‧見備註/See Remarks 7 (c)(iii)(a) ‧見備註/See Remarks 7 (c)(iii)(b) ‧見備註/See Remarks 7 (c)(iii)(c),
2023-02-25,2023-03-03,,第 2 座 Tower 2,7,B1,,5515000,,‧價單第2J號下的支付條款(D) Terms of Payment (D) under Price List No.2J ‧見備註/See Remarks 7 (c)(i)(ab) ‧見備註/See Remarks 7 (c)(ii)(f)(2) ‧見備註/See Remarks 7 (c)(ii)(k) ‧見備註/See Remarks 7 (c)(ii)(n) ‧見備註/See Remarks 7 (c)(iii)(a) ‧見備註/See Remarks 7 (c)(iii)(b) ‧見備註/See Remarks 7 (c)(iii)(c),
2023-02-25,2023-03-03,,第 2 座 Tower 2,15,B7,,5567000,,‧價單第4I號下的支付條款(A) Terms of Payment (A) under Price List No.4I ‧見備註/See Remarks 7 (c)(i)(y) ‧見備註/See Remarks 7 (c)(ii)(f)(2) ‧見備註/See Remarks 7 (c)(ii)(n) ‧見備註/See Remarks 7 (c)(iii)(a) ‧見備註/See Remarks 7 (c)(iii)(b) ‧見備註/See Remarks 7 (c)(iii)(c),
2023-02-25,2023-03-03,,第 2 座 Tower 2,17,B7,,5611000,,‧價單第4I號下的支付條款(A) Terms of Payment (A) under Price List No.4I ‧見備註/See Remarks 7 (c)(i)(y) ‧見備註/See Remarks 7 (c)(ii)(f)(2) ‧見備註/See Remarks 7 (c)(ii)(n) ‧見備註/See Remarks 7 (c)(iii)(a) ‧見備註/See Remarks 7 (c)(iii)(b) ‧見備註/See Remarks 7 (c)(iii)(c),
2023-02-26,2023-03-03,,第 2 座 Tower 2,6,B6,,5286000,,‧價單第4I號下的支付條款(A) Terms of Payment (A) under Price List No.4I ‧見備註/See Remarks 7 (c)(i)(y) ‧見備註/See Remarks 7 (c)(ii)(f)(2) ‧見備註/See Remarks 7 (c)(ii)(n) ‧見備註/See Remarks 7 (c)(iii)(a) ‧見備註/See Remarks 7 (c)(iii)(b) ‧見備註/See Remarks 7 (c)(iii)(c),
2023-02-26,2023-03-03,,第 2 座 Tower 2,7,B7,,5690000,"在 14-11-2024，基於法例第 35(2)(b)條所容許的原因，售 價更改為$5,893,000 On 14-11-2024, the price adjusted to $5,893,000 due to the reason allowed under section 35(2)(b) of the Ordinance",‧價單第2J號下的支付條款(C) Terms of Payment (C) under Price List No.2J ‧見備註/See Remarks 7 (c)(i)(aa) ‧見備註/See Remarks 7 (c)(ii)(f)(2) ‧見備註/See Remarks 7 (c)(ii)(j) ‧見備註/See Remarks 7 (c)(ii)(n) ‧見備註/See Remarks 7 (c)(iii)(a) ‧見備註/See Remarks 7 (c)(iii)(b) ‧見備註/See Remarks 7 (c)(iii)(c) ‧價單第2J號下的支付條款(F) Terms of Payment (F) under Price List No.2J ‧見備註/See Remarks 7 (c)(i)(ad) ‧見備註/See Remarks 7 (c)(ii)(f)(2) ‧見備註/See Remarks 7 (c)(ii)(j) ‧見備註/See Remarks 7 (c)(ii)(m) ‧見備註/See Remarks 7 (c)(ii)(n) ‧見備註/See Remarks 7 (c)(iii)(a) ‧見備註/See Remarks 7 (c)(iii)(b) ‧見備註/See Remarks 7 (c)(iii)(c) (在 14-11-2024修訂) (revised on 14-11-2024),
2023-02-26,2023-03-03,,第 2 座 Tower 2,8,B7,,5484000,,‧價單第2J號下的支付條款(A) Terms of Payment (A) under Price List No.2J ‧見備註/See Remarks 7 (c)(i)(y) ‧見備註/See Remarks 7 (c)(ii)(f)(2) ‧見備註/See Remarks 7 (c)(ii)(n) ‧見備註/See Remarks 7 (c)(iii)(a) ‧見備註/See Remarks 7 (c)(iii)(b) ‧見備註/See Remarks 7 (c)(iii)(c),
2023-02-26,2023-03-03,,第 2 座 Tower 2,9,B7,,5500000,,‧價單第4I號下的支付條款(A) Terms of Payment (A) under Price List No.4I ‧見備註/See Remarks 7 (c)(i)(y) ‧見備註/See Remarks 7 (c)(ii)(f)(2) ‧見備註/See Remarks 7 (c)(ii)(n) ‧見備註/See Remarks 7 (c)(iii)(a) ‧見備註/See Remarks 7 (c)(iii)(b) ‧見備註/See Remarks 7 (c)(iii)(c),
2023-02-26,2023-03-03,2025-07-04,第 2 座 Tower 2,10,B6,,5912000,,‧價單第4I號下的支付條款(F) Terms of Payment (F) under Price List No.4I ‧見備註/See Remarks 7 (c)(i)(ad) ‧見備註/See Remarks 7 (c)(ii)(f)(2) ‧見備註/See Remarks 7 (c)(ii)(j) ‧見備註/See Remarks 7 (c)(ii)(m) ‧見備註/See Remarks 7 (c)(ii)(n) ‧見備註/See Remarks 7 (c)(iii)(a) ‧見備註/See Remarks 7 (c)(iii)(b) ‧見備註/See Remarks 7 (c)(iii)(c),
2023-02-26,2023-03-03,,第 2 座 Tower 2,10,B7,,5793000,,‧價單第4I號下的支付條款(C) Terms of Payment (C) under Price List No.4I ‧見備註/See Remarks 7 (c)(i)(aa) ‧見備註/See Remarks 7 (c)(ii)(f)(2) ‧見備註/See Remarks 7 (c)(ii)(j) ‧見備註/See Remarks 7 (c)(ii)(n) ‧見備註/See Remarks 7 (c)(iii)(a) ‧見備註/See Remarks 7 (c)(iii)(b) ‧見備註/See Remarks 7 (c)(iii)(c),
2023-02-26,2023-03-03,,第 2 座 Tower 2,11,B6,,5446000,,‧價單第4I號下的支付條款(A) Terms of Payment (A) under Price List No.4I ‧見備註/See Remarks 7 (c)(i)(y) ‧見備註/See Remarks 7 (c)(ii)(f)(2) ‧見備註/See Remarks 7 (c)(ii)(n) ‧見備註/See Remarks 7 (c)(iii)(a) ‧見備註/See Remarks 7 (c)(iii)(b) ‧見備註/See Remarks 7 (c)(iii)(c),
2023-02-26,2023-03-03,,第 2 座 Tower 2,11,B7,,5809000,,‧價單第4I號下的支付條款(C) Terms of Payment (C) under Price List No.4I ‧見備註/See Remarks 7 (c)(i)(aa) ‧見備註/See Remarks 7 (c)(ii)(f)(2) ‧見備註/See Remarks 7 (c)(ii)(j) ‧見備註/See Remarks 7 (c)(ii)(n) ‧見備註/See Remarks 7 (c)(iii)(a) ‧見備註/See Remarks 7 (c)(iii)(b) ‧見備註/See Remarks 7 (c)(iii)(c),
2023-02-26,2023-03-03,,第 2 座 Tower 2,12,B7,,5550000,,‧價單第4I號下的支付條款(A) Terms of Payment (A) under Price List No.4I ‧見備註/See Remarks 7 (c)(i)(y) ‧見備註/See Remarks 7 (c)(ii)(f)(2) ‧見備註/See Remarks 7 (c)(ii)(n) ‧見備註/See Remarks 7 (c)(iii)(a) ‧見備註/See Remarks 7 (c)(iii)(b) ‧見備註/See Remarks 7 (c)(iii)(c),
2023-02-26,2023-03-03,,第 2 座 Tower 2,16,B7,,5590000,,‧價單第4I號下的支付條款(A) Terms of Payment (A) under Price List No.4I ‧見備註/See Remarks 7 (c)(i)(y) ‧見備註/See Remarks 7 (c)(ii)(f)(2) ‧見備註/See Remarks 7 (c)(ii)(n) ‧見備註/See Remarks 7 (c)(iii)(a) ‧見備註/See Remarks 7 (c)(iii)(b) ‧見備註/See Remarks 7 (c)(iii)(c),
2023-02-26,2023-03-03,,第 2 座 Tower 2,17,B6,,5638000,,‧價單第4I號下的支付條款(B) Terms of Payment (B) under Price List No.4I ‧見備註/See Remarks 7 (c)(i)(z) ‧見備註/See Remarks 7 (c)(ii)(f)(2) ‧見備註/See Remarks 7 (c)(ii)(i) ‧見備註/See Remarks 7 (c)(ii)(n) ‧見備註/See Remarks 7 (c)(iii)(a) ‧見備註/See Remarks 7 (c)(iii)(b) ‧見備註/See Remarks 7 (c)(iii)(c),
2023-02-27,2023-03-06,,第 1 座 Tower 1,26,B3,,4579000,,‧價單第4I號下的支付條款(C) Terms of Payment (C) under Price List No.4I ‧見備註/See Remarks 7 (c)(i)(aa) ‧見備註/See Remarks 7 (c)(ii)(f)(2) ‧見備註/See Remarks 7 (c)(ii)(j) ‧見備註/See Remarks 7 (c)(ii)(n) ‧見備註/See Remarks 7 (c)(iii)(a) ‧見備註/See Remarks 7 (c)(iii)(b),
2023-02-27,2023-03-06,,第 2 座 Tower 2,3,B7,,5492000,,‧價單第1J號下的支付條款(C) Terms of Payment (C) under Price List No.1J ‧見備註/See Remarks 7 (c)(i)(aa) ‧見備註/See Remarks 7 (c)(ii)(f)(2) ‧見備註/See Remarks 7 (c)(ii)(j) ‧見備註/See Remarks 7 (c)(ii)(n) ‧見備註/See Remarks 7 (c)(iii)(a) ‧見備註/See Remarks 7 (c)(iii)(b) ‧見備註/See Remarks 7 (c)(iii)(c),
2023-02-27,2023-03-06,,第 2 座 Tower 2,9,B5,,5883000,"在 03-10-2024，基於法例第 35(2)(b)條所容許的原因，售 價更改為$5,680,000 On 03-10-2024, the price adjusted to $5,680,000 due to the reason allowed under section 35(2)(b) of the Ordinance",‧價單第4I號下的支付條款(F) Terms of Payment (F) under Price List No.4I ‧見備註/See Remarks 7 (c)(i)(ad) ‧見備註/See Remarks 7 (c)(ii)(f)(2) ‧見備註/See Remarks 7 (c)(ii)(j) ‧見備註/See Remarks 7 (c)(ii)(m) ‧見備註/See Remarks 7 (c)(ii)(n) ‧見備註/See Remarks 7 (c)(iii)(a) ‧見備註/See Remarks 7 (c)(iii)(b) ‧見備註/See Remarks 7 (c)(iii)(c) ‧價單第4I號下的支付條款(C) Terms of Payment (C) under Price List No.4I ‧見備註/See Remarks 7 (c)(i)(aa) ‧見備註/See Remarks 7 (c)(ii)(f)(2) ‧見備註/See Remarks 7 (c)(ii)(j) ‧見備註/See Remarks 7 (c)(ii)(n) ‧見備註/See Remarks 7 (c)(iii)(a) ‧見備註/See Remarks 7 (c)(iii)(b) ‧見備註/See Remarks 7 (c)(iii)(c) (在 03-10-2024修訂) (revised on 03-10-2024),
2023-02-27,2023-03-06,,第 2 座 Tower 2,9,B6,,5425000,,‧價單第4I號下的支付條款(A) Terms of Payment (A) under Price List No.4I ‧見備註/See Remarks 7 (c)(i)(y) ‧見備註/See Remarks 7 (c)(ii)(f)(2) ‧見備註/See Remarks 7 (c)(ii)(n) ‧見備註/See Remarks 7 (c)(iii)(a) ‧見備註/See Remarks 7 (c)(iii)(b) ‧見備註/See Remarks 7 (c)(iii)(c),
2023-02-28,2023-03-07,2025-07-04,第 1 座 Tower 1,25,B3,,4665000,,‧價單第4I號下的支付條款(C) Terms of Payment (C) under Price List No.4I ‧見備註/See Remarks 7 (c)(i)(aa) ‧見備註/See Remarks 7 (c)(ii)(f)(1) ‧見備註/See Remarks 7 (c)(ii)(j) ‧見備註/See Remarks 7 (c)(ii)(n) ‧見備註/See Remarks 7 (c)(iii)(a) ‧見備註/See Remarks 7 (c)(iii)(b),
2023-02-28,2023-03-07,,第 1 座 Tower 1,27,B3,,4598000,,‧價單第4I號下的支付條款(D) Terms of Payment (D) under Price List No.4I ‧見備註/See Remarks 7 (c)(i)(ab) ‧見備註/See Remarks 7 (c)(ii)(f)(1) ‧見備註/See Remarks 7 (c)(ii)(k) ‧見備註/See Remarks 7 (c)(ii)(n) ‧見備註/See Remarks 7 (c)(iii)(a) ‧見備註/See Remarks 7 (c)(iii)(b),
2023-02-28,2023-03-07,,第 1 座 Tower 1,28,B3,,4621000,,‧價單第4I號下的支付條款(D) Terms of Payment (D) under Price List No.4I ‧見備註/See Remarks 7 (c)(i)(ab) ‧見備註/See Remarks 7 (c)(ii)(f)(1) ‧見備註/See Remarks 7 (c)(ii)(k) ‧見備註/See Remarks 7 (c)(ii)(n) ‧見備註/See Remarks 7 (c)(iii)(a) ‧見備註/See Remarks 7 (c)(iii)(b),
2023-02-28,2023-03-07,,第 2 座 Tower 2,2,B6,,5269000,,‧價單第1J號下的支付條款(B) Terms of Payment (B) under Price List No.1J ‧見備註/See Remarks 7 (c)(i)(z) ‧見備註/See Remarks 7 (c)(ii)(f)(2) ‧見備註/See Remarks 7 (c)(ii)(i) ‧見備註/See Remarks 7 (c)(ii)(n) ‧見備註/See Remarks 7 (c)(iii)(a) ‧見備註/See Remarks 7 (c)(iii)(b) ‧見備註/See Remarks 7 (c)(iii)(c),
2023-02-28,2023-03-07,,第 2 座 Tower 2,2,B7,,5205000,,‧價單第1J號下的支付條款(A) Terms of Payment (A) under Price List No.1J ‧見備註/See Remarks 7 (c)(i)(y) ‧見備註/See Remarks 7 (c)(ii)(f)(2) ‧見備註/See Remarks 7 (c)(ii)(n) ‧見備註/See Remarks 7 (c)(iii)(a) ‧見備註/See Remarks 7 (c)(iii)(b) ‧見備註/See Remarks 7 (c)(iii)(c),
2023-03-01,2023-03-08,,第 1 座 Tower 1,17,B8,,8140000,,‧價單第5F號下的支付條款(B) Terms of Payment (B) under Price List No.5F ‧見備註/See Remarks 7 (c)(i)(af) ‧見備註/See Remarks 7 (c)(ii)(f)(2) ‧見備註/See Remarks 7 (c)(ii)(i) ‧見備註/See Remarks 7 (c)(ii)(n) ‧見備註/See Remarks 7 (c)(iii)(a) ‧見備註/See Remarks 7 (c)(iii)(b),
2023-03-03,2023-03-10,,第 2 座 Tower 2,17,A1,,5845000,,‧價單第2L號下的支付條款(C) Terms of Payment (C) under Price List No.2L ‧見備註/See Remarks 7 (c)(i)(ag) ‧見備註/See Remarks 7 (c)(ii)(j) ‧見備註/See Remarks 7 (c)(ii)(n) ‧見備註/See Remarks 7 (c)(ii)(o)(2) ‧見備註/See Remarks 7 (c)(iii)(g),
2023-03-03,2023-03-10,,第 2 座 Tower 2,17,A3,,5730000,,‧價單第2L號下的支付條款(A) Terms of Payment (A) under Price List No.2L ‧見備註/See Remarks 7 (c)(i)(ae) ‧見備註/See Remarks 7 (c)(ii)(n) ‧見備註/See Remarks 7 (c)(ii)(o)(2) ‧見備註/See Remarks 7 (c)(iii)(g),
2023-03-03,2023-03-10,,第 2 座 Tower 2,6,B2,,5268000,,‧價單第4K號下的支付條款(A) Terms of Payment (A) under Price List No.4K ‧見備註/See Remarks 7 (c)(i)(ae) ‧見備註/See Remarks 7 (c)(ii)(n) ‧見備註/See Remarks 7 (c)(ii)(o)(2) ‧見備註/See Remarks 7 (c)(iii)(d) ‧見備註/See Remarks 7 (c)(iii)(e) ‧見備註/See Remarks 7 (c)(iii)(f),
2023-03-03,2023-03-10,,第 2 座 Tower 2,21,B5,,5769000,,‧價單第3M號下的支付條款(A) Terms of Payment (A) under Price List No.3M ‧見備註/See Remarks 7 (c)(i)(ae) ‧見備註/See Remarks 7 (c)(ii)(n) ‧見備註/See Remarks 7 (c)(ii)(o)(2) ‧見備註/See Remarks 7 (c)(iii)(d) ‧見備註/See Remarks 7 (c)(iii)(e) ‧見備註/See Remarks 7 (c)(iii)(f),
2023-03-03,2023-03-10,,第 2 座 Tower 2,21,B7,,6279000,,‧價單第3M號下的支付條款(C) Terms of Payment (C) under Price List No.3M ‧見備註/See Remarks 7 (c)(i)(ag) ‧見備註/See Remarks 7 (c)(ii)(j) ‧見備註/See Remarks 7 (c)(ii)(n) ‧見備註/See Remarks 7 (c)(ii)(o)(2) ‧見備註/See Remarks 7 (c)(iii)(d) ‧見備註/See Remarks 7 (c)(iii)(e) ‧見備註/See Remarks 7 (c)(iii)(f),
2023-03-03,2023-03-10,,第 2 座 Tower 2,22,B2,,5688000,,‧價單第3M號下的支付條款(A) Terms of Payment (A) under Price List No.3M ‧見備註/See Remarks 7 (c)(i)(ae) ‧見備註/See Remarks 7 (c)(ii)(n) ‧見備註/See Remarks 7 (c)(ii)(o)(2) ‧見備註/See Remarks 7 (c)(iii)(d) ‧見備註/See Remarks 7 (c)(iii)(e) ‧見備註/See Remarks 7 (c)(iii)(f),
2023-03-03,2023-03-10,,第 2 座 Tower 2,22,B7,,6148000,,‧價單第3M號下的支付條款(D) Terms of Payment (D) under Price List No.3M ‧見備註/See Remarks 7 (c)(i)(ah) ‧見備註/See Remarks 7 (c)(ii)(k) ‧見備註/See Remarks 7 (c)(ii)(n) ‧見備註/See Remarks 7 (c)(ii)(o)(2) ‧見備註/See Remarks 7 (c)(iii)(d) ‧見備註/See Remarks 7 (c)(iii)(e) ‧見備註/See Remarks 7 (c)(iii)(f),
2023-03-04,2023-03-10,,第 2 座 Tower 2,19,A3,,6069000,,‧價單第2M號下的支付條款(C) Terms of Payment (C) under Price List No.2M ‧見備註/See Remarks 7 (c)(i)(ag) ‧見備註/See Remarks 7 (c)(ii)(j) ‧見備註/See Remarks 7 (c)(ii)(n) ‧見備註/See Remarks 7 (c)(ii)(o)(2) ‧見備註/See Remarks 7 (c)(iii)(g),
2023-03-04,2023-03-10,,第 2 座 Tower 2,21,A2,,5740000,,‧價單第3N號下的支付條款(A) Terms of Payment (A) under Price List No.3N ‧見備註/See Remarks 7 (c)(i)(ae) ‧見備註/See Remarks 7 (c)(ii)(n) ‧見備註/See Remarks 7 (c)(ii)(o)(2) ‧見備註/See Remarks 7 (c)(iii)(g),
2023-03-04,2023-03-10,,第 2 座 Tower 2,22,A3,,5982000,,‧價單第3N號下的支付條款(D) Terms of Payment (D) under Price List No.3N ‧見備註/See Remarks 7 (c)(i)(ah) ‧見備註/See Remarks 7 (c)(ii)(k) ‧見備註/See Remarks 7 (c)(ii)(n) ‧見備註/See Remarks 7 (c)(ii)(o)(2) ‧見備註/See Remarks 7 (c)(iii)(g),
2023-03-04,2023-03-10,,第 2 座 Tower 2,28,A3,,6066000,,‧價單第5H號下的支付條款(A) Terms of Payment (A) under Price List No.5H ‧見備註/See Remarks 7 (c)(i)(ae) ‧見備註/See Remarks 7 (c)(ii)(n) ‧見備註/See Remarks 7 (c)(ii)(o)(1) ‧見備註/See Remarks 7 (c)(iii)(g),
2023-03-04,2023-03-10,,第 2 座 Tower 2,3,B1,,5325000,,‧價單第1M號下的支付條款(B) Terms of Payment (B) under Price List No.1M ‧見備註/See Remarks 7 (c)(i)(af) ‧見備註/See Remarks 7 (c)(ii)(i) ‧見備註/See Remarks 7 (c)(ii)(n) ‧見備註/See Remarks 7 (c)(ii)(o)(2) ‧見備註/See Remarks 7 (c)(iii)(d) ‧見備註/See Remarks 7 (c)(iii)(e) ‧見備註/See Remarks 7 (c)(iii)(f),
2023-03-05,2023-03-10,,第 1 座 Tower 1,23,B8,,8213000,,‧價單第5H號下的支付條款(B) Terms of Payment (B) under Price List No.5H ‧見備註/See Remarks 7 (c)(i)(af) ‧見備註/See Remarks 7 (c)(ii)(i) ‧見備註/See Remarks 7 (c)(ii)(n) ‧見備註/See Remarks 7 (c)(ii)(o)(2) ‧見備註/See Remarks 7 (c)(iii)(d) ‧見備註/See Remarks 7 (c)(iii)(e),
2023-03-05,2023-03-10,,第 2 座 Tower 2,20,A3,,5806000,,‧價單第3N號下的支付條款(A) Terms of Payment (A) under Price List No.3N ‧見備註/See Remarks 7 (c)(i)(ae) ‧見備註/See Remarks 7 (c)(ii)(n) ‧見備註/See Remarks 7 (c)(ii)(o)(2) ‧見備註/See Remarks 7 (c)(iii)(g),
2023-03-05,2023-03-10,,第 2 座 Tower 2,2,B5,,5584000,,‧價單第1M號下的支付條款(F) Terms of Payment (F) under Price List No.1M ‧見備註/See Remarks 7 (c)(i)(aj) ‧見備註/See Remarks 7 (c)(ii)(j) ‧見備註/See Remarks 7 (c)(ii)(m) ‧見備註/See Remarks 7 (c)(ii)(n) ‧見備註/See Remarks 7 (c)(ii)(o)(2) ‧見備註/See Remarks 7 (c)(iii)(d) ‧見備註/See Remarks 7 (c)(iii)(e) ‧見備註/See Remarks 7 (c)(iii)(f),
2023-03-05,2023-03-10,,第 2 座 Tower 2,8,B5,,5407000,,‧價單第2M號下的支付條款(A) Terms of Payment (A) under Price List No.2M ‧見備註/See Remarks 7 (c)(i)(ae) ‧見備註/See Remarks 7 (c)(ii)(n) ‧見備註/See Remarks 7 (c)(ii)(o)(2) ‧見備註/See Remarks 7 (c)(iii)(d) ‧見備註/See Remarks 7 (c)(iii)(e) ‧見備註/See Remarks 7 (c)(iii)(f),
2023-03-05,2023-03-10,,第 2 座 Tower 2,8,B6,,5414000,,‧價單第2M號下的支付條款(A) Terms of Payment (A) under Price List No.2M ‧見備註/See Remarks 7 (c)(i)(ae) ‧見備註/See Remarks 7 (c)(ii)(n) ‧見備註/See Remarks 7 (c)(ii)(o)(2) ‧見備註/See Remarks 7 (c)(iii)(d) ‧見備註/See Remarks 7 (c)(iii)(e) ‧見備註/See Remarks 7 (c)(iii)(f),
2023-03-06,2023-03-13,,第 1 座 Tower 1,12,B8,,8186000,,‧價單第1M號下的支付條款(E) Terms of Payment (E) under Price List No.1M ‧見備註/See Remarks 7 (c)(i)(ai) ‧見備註/See Remarks 7 (c)(ii)(i) ‧見備註/See Remarks 7 (c)(ii)(l) ‧見備註/See Remarks 7 (c)(ii)(n) ‧見備註/See Remarks 7 (c)(ii)(o)(2) ‧見備註/See Remarks 7 (c)(iii)(d) ‧見備註/See Remarks 7 (c)(iii)(e),
2023-03-06,2023-03-13,,第 1 座 Tower 1,20,B8,,7988000,,‧價單第5H號下的支付條款(A) Terms of Payment (A) under Price List No.5H ‧見備註/See Remarks 7 (c)(i)(ae) ‧見備註/See Remarks 7 (c)(ii)(n) ‧見備註/See Remarks 7 (c)(ii)(o)(2) ‧見備註/See Remarks 7 (c)(iii)(d) ‧見備註/See Remarks 7 (c)(iii)(e),
2023-03-06,2023-03-13,,第 2 座 Tower 2,22,A2,,6036000,,‧價單第3N號下的支付條款(C) Terms of Payment (C) under Price List No.3N ‧見備註/See Remarks 7 (c)(i)(ag) ‧見備註/See Remarks 7 (c)(ii)(j) ‧見備註/See Remarks 7 (c)(ii)(n) ‧見備註/See Remarks 7 (c)(ii)(o)(2) ‧見備註/See Remarks 7 (c)(iii)(g),
2023-03-06,2023-03-13,,第 2 座 Tower 2,7,B2,,5464000,,‧價單第2M號下的支付條款(D) Terms of Payment (D) under Price List No.2M ‧見備註/See Remarks 7 (c)(i)(ah) ‧見備註/See Remarks 7 (c)(ii)(k) ‧見備註/See Remarks 7 (c)(ii)(n) ‧見備註/See Remarks 7 (c)(ii)(o)(2) ‧見備註/See Remarks 7 (c)(iii)(d) ‧見備註/See Remarks 7 (c)(iii)(e) ‧見備註/See Remarks 7 (c)(iii)(f),
2023-03-08,2023-03-15,2025-07-04,第 2 座 Tower 2,6,B1,,5582000,,‧價單第4L號下的支付條款(C) Terms of Payment (C) under Price List No.4L ‧見備註/See Remarks 7 (c)(i)(ag) ‧見備註/See Remarks 7 (c)(ii)(j) ‧見備註/See Remarks 7 (c)(ii)(n) ‧見備註/See Remarks 7 (c)(ii)(o)(2) ‧見備註/See Remarks 7 (c)(iii)(d) ‧見備註/See Remarks 7 (c)(iii)(e) ‧見備註/See Remarks 7 (c)(iii)(f) ‧價單第4L號下的支付條款(F) Terms of Payment (F) under Price List No.4L ‧見備註/See Remarks 7 (c)(i)(aj) ‧見備註/See Remarks 7 (c)(ii)(j) ‧見備註/See Remarks 7 (c)(ii)(m) ‧見備註/See Remarks 7 (c)(ii)(n) ‧見備註/See Remarks 7 (c)(ii)(o)(2) ‧見備註/See Remarks 7 (c)(iii)(d) ‧見備註/See Remarks 7 (c)(iii)(e) ‧見備註/See Remarks 7 (c)(iii)(f) (在 14-03-2025修訂) (revised on 14-03-2025),
2023-03-10,2023-03-17,,第 2 座 Tower 2,2,B2,,5509000,"在 25-02-2025，基於法例第 35(2)(b)條所容許的原因， 售 價更改為$5,701,000 On 25-02-2025, the price adjusted to $5,701,000 due to the reason allowed under section 35(2)(b) of the Ordinance",‧價單第1M號下的支付條款(C) Terms of Payment (C) under Price List No.1M ‧見備註/See Remarks 7 (c)(i)(ag) ‧見備註/See Remarks 7 (c)(ii)(j) ‧見備註/See Remarks 7 (c)(ii)(n) ‧見備註/See Remarks 7 (c)(ii)(o)(1) ‧見備註/See Remarks 7 (c)(iii)(d) ‧見備註/See Remarks 7 (c)(iii)(e) ‧見備註/See Remarks 7 (c)(iii)(f) ‧價單第1M號下的支付條款(F) Terms of Payment (F) under Price List No.1M ‧見備註/See Remarks 7 (c)(i)(aj) ‧見備註/See Remarks 7 (c)(ii)(j) ‧見備註/See Remarks 7 (c)(ii)(m) ‧見備註/See Remarks 7 (c)(ii)(n) ‧見備註/See Remarks 7 (c)(ii)(o)(1) ‧見備註/See Remarks 7 (c)(iii)(d) ‧見備註/See Remarks 7 (c)(iii)(e) ‧見備註/See Remarks 7 (c)(iii)(f) (在 25-02-2025修訂) (revised on 25-02-2025),
2023-03-11,2023-03-17,,第 2 座 Tower 2,7,B6,,5618000,"在 31-03-2023，基於法例第 35(2)(b)條所容許的原因，售 價更改為$5,350,000 On 31-03-2023, the price adjusted to $5,350,000 due to the reason allowed under section 35(2)(b) of the Ordinance",‧價單第2N號下的支付條款(C) Terms of Payment (C) under Price List No.2N ‧見備註/See Remarks 7 (c)(i)(am) ‧見備註/See Remarks 7 (c)(ii)(j) ‧見備註/See Remarks 7 (c)(ii)(n) ‧見備註/See Remarks 7 (c)(ii)(p)(2) ‧見備註/See Remarks 7 (c)(iii)(d) ‧見備註/See Remarks 7 (c)(iii)(e) ‧見備註/See Remarks 7 (c)(iii)(f) ‧價單第2N號下的支付條款(A) Terms of Payment (A) under Price List No.2N ‧見備註/See Remarks 7 (c)(i)(ak) ‧見備註/See Remarks 7 (c)(ii)(n) ‧見備註/See Remarks 7 (c)(ii)(p)(2) ‧見備註/See Remarks 7 (c)(iii)(d) ‧見備註/See Remarks 7 (c)(iii)(e) ‧見備註/See Remarks 7 (c)(iii)(f) (在 01-04-2023修訂) (revised on 01-04-2023),
2023-03-12,2023-03-17,,第 1 座 Tower 1,21,B2,,6326000,,‧價單第3O號下的支付條款(A) Terms of Payment (A) under Price List No.3O ‧見備註/See Remarks 7 (c)(i)(ak) ‧見備註/See Remarks 7 (c)(ii)(n) ‧見備註/See Remarks 7 (c)(ii)(p)(2) ‧見備註/See Remarks 7 (c)(iii)(d) ‧見備註/See Remarks 7 (c)(iii)(e),
2023-03-12,2023-03-17,,第 1 座 Tower 1,22,B8,,8013000,,‧價單第5I號下的支付條款(A) Terms of Payment (A) under Price List No.5I ‧見備註/See Remarks 7 (c)(i)(ak) ‧見備註/See Remarks 7 (c)(ii)(n) ‧見備註/See Remarks 7 (c)(ii)(p)(2) ‧見備註/See Remarks 7 (c)(iii)(d) ‧見備註/See Remarks 7 (c)(iii)(e),
2023-03-12,2023-03-17,,第 1 座 Tower 1,23,B2,,6650000,,‧價單第4M號下的支付條款(C) Terms of Payment (C) under Price List No.4M ‧見備註/See Remarks 7 (c)(i)(am) ‧見備註/See Remarks 7 (c)(ii)(j) ‧見備註/See Remarks 7 (c)(ii)(n) ‧見備註/See Remarks 7 (c)(ii)(p)(2) ‧見備註/See Remarks 7 (c)(iii)(d) ‧見備註/See Remarks 7 (c)(iii)(e),
2023-03-12,2023-03-17,,第 2 座 Tower 2,9,B3,,5496000,,‧價單第4M號下的支付條款(A) Terms of Payment (A) under Price List No.4M ‧見備註/See Remarks 7 (c)(i)(ak) ‧見備註/See Remarks 7 (c)(ii)(n) ‧見備註/See Remarks 7 (c)(ii)(q) ‧見備註/See Remarks 7 (c)(iii)(d) ‧見備註/See Remarks 7 (c)(iii)(e) ‧見備註/See Remarks 7 (c)(iii)(f),
2023-03-12,2023-03-17,,第 2 座 Tower 2,11,B3,,5502000,,‧價單第4M號下的支付條款(A) Terms of Payment (A) under Price List No.4M ‧見備註/See Remarks 7 (c)(i)(ak) ‧見備註/See Remarks 7 (c)(ii)(n) ‧見備註/See Remarks 7 (c)(ii)(q) ‧見備註/See Remarks 7 (c)(iii)(d) ‧見備註/See Remarks 7 (c)(iii)(e) ‧見備註/See Remarks 7 (c)(iii)(f),
2023-03-12,2023-03-17,,第 2 座 Tower 2,21,B1,,5966000,,‧價單第3O號下的支付條款(B) Terms of Payment (B) under Price List No.3O ‧見備註/See Remarks 7 (c)(i)(al) ‧見備註/See Remarks 7 (c)(ii)(i) ‧見備註/See Remarks 7 (c)(ii)(n) ‧見備註/See Remarks 7 (c)(ii)(p)(2) ‧見備註/See Remarks 7 (c)(iii)(d) ‧見備註/See Remarks 7 (c)(iii)(e) ‧見備註/See Remarks 7 (c)(iii)(f),
2023-03-14,2023-03-21,,第 2 座 Tower 2,17,A5,,6019000,,‧價單第2N號下的支付條款(C) Terms of Payment (C) under Price List No.2N ‧見備註/See Remarks 7 (c)(i)(am) ‧見備註/See Remarks 7 (c)(ii)(j) ‧見備註/See Remarks 7 (c)(ii)(n) ‧見備註/See Remarks 7 (c)(ii)(p)(2) ‧見備註/See Remarks 7 (c)(iii)(g),
2023-03-15,2023-03-22,,第 2 座 Tower 2,2,B1,,5430000,,‧價單第1N號下的支付條款(C) Terms of Payment (C) under Price List No.1N ‧見備註/See Remarks 7 (c)(i)(am) ‧見備註/See Remarks 7 (c)(ii)(j) ‧見備註/See Remarks 7 (c)(ii)(n) ‧見備註/See Remarks 7 (c)(ii)(p)(2) ‧見備註/See Remarks 7 (c)(iii)(d) ‧見備註/See Remarks 7 (c)(iii)(e) ‧見備註/See Remarks 7 (c)(iii)(f),
2023-03-16,2023-03-23,,第 1 座 Tower 1,17,B5,,4577000,,‧價單第3O號下的支付條款(C) Terms of Payment (C) under Price List No.3O ‧見備註/See Remarks 7 (c)(i)(am) ‧見備註/See Remarks 7 (c)(ii)(j) ‧見備註/See Remarks 7 (c)(ii)(n) ‧見備註/See Remarks 7 (c)(ii)(p)(1) ‧見備註/See Remarks 7 (c)(iii)(d) ‧見備註/See Remarks 7 (c)(iii)(e),
2023-03-16,2023-03-23,,第 1 座 Tower 1,18,B8,,8339000,,‧價單第5I號下的支付條款(C) Terms of Payment (C) under Price List No.5I ‧見備註/See Remarks 7 (c)(i)(am) ‧見備註/See Remarks 7 (c)(ii)(j) ‧見備註/See Remarks 7 (c)(ii)(n) ‧見備註/See Remarks 7 (c)(ii)(p)(2) ‧見備註/See Remarks 7 (c)(iii)(d) ‧見備註/See Remarks 7 (c)(iii)(e),
2023-03-18,2023-03-24,,第 2 座 Tower 2,21,B2,,5824000,,‧價單第3P號下的支付條款(D) Terms of Payment (D) under Price List No.3P ‧見備註/See Remarks 7 (c)(i)(an) ‧見備註/See Remarks 7 (c)(ii)(k) ‧見備註/See Remarks 7 (c)(ii)(n) ‧見備註/See Remarks 7 (c)(ii)(p)(2) ‧見備註/See Remarks 7 (c)(iii)(d) ‧見備註/See Remarks 7 (c)(iii)(e) ‧見備註/See Remarks 7 (c)(iii)(f),
2023-03-18,2023-03-24,,第 2 座 Tower 2,15,C1,,4974000,,‧價單第3P號下的支付條款(B) Terms of Payment (B) under Price List No.3P ‧見備註/See Remarks 7 (c)(i)(al) ‧見備註/See Remarks 7 (c)(ii)(i) ‧見備註/See Remarks 7 (c)(ii)(n) ‧見備註/See Remarks 7 (c)(ii)(p)(1) ‧見備註/See Remarks 7 (c)(iii)(d) ‧見備註/See Remarks 7 (c)(iii)(e) ‧見備註/See Remarks 7 (c)(iii)(f),
2023-03-23,2023-03-30,,第 2 座 Tower 2,19,A5,,6055000,"在 09-04-2025，基於法例第 35(2)(b)條所容許的原因， 售 價更改為$6,265,000 On 09-04-2025, the price adjusted to $6,265,000 due to the reason allowed under section 35(2)(b) of the Ordinance",‧價單第2O號下的支付條款(C) Terms of Payment (C) under Price List No.2O ‧見備註/See Remarks 7 (c)(i)(am) ‧見備註/See Remarks 7 (c)(ii)(j) ‧見備註/See Remarks 7 (c)(ii)(n) ‧見備註/See Remarks 7 (c)(ii)(p)(2) ‧見備註/See Remarks 7 (c)(iii)(g) ‧價單第2O號下的支付條款(F) Terms of Payment (F) under Price List No.2O ‧見備註/See Remarks 7 (c)(i)(ap) ‧見備註/See Remarks 7 (c)(ii)(j) ‧見備註/See Remarks 7 (c)(ii)(m) ‧見備註/See Remarks 7 (c)(ii)(n) ‧見備註/See Remarks 7 (c)(ii)(p)(2) ‧見備註/See Remarks 7 (c)(iii)(g) (在 09-04-2025修訂) (revised on 09-04-2025),
2023-03-23,2023-03-30,,第 2 座 Tower 2,23,A7,,6147000,,‧價單第3P號下的支付條款(D) Terms of Payment (D) under Price List No.3P ‧見備註/See Remarks 7 (c)(i)(an) ‧見備註/See Remarks 7 (c)(ii)(k) ‧見備註/See Remarks 7 (c)(ii)(n) ‧見備註/See Remarks 7 (c)(ii)(p)(2) ‧見備註/See Remarks 7 (c)(iii)(g),
2023-03-24,2023-03-31,,第 1 座 Tower 1,6,A7,,3987000,,‧價單第3Q號下的支付條款(A) Terms of Payment (A) under Price List No.3Q ‧見備註/See Remarks 7 (c)(i)(ak) ‧見備註/See Remarks 7 (c)(ii)(n),
2023-03-24,2023-03-31,2025-07-04,第 1 座 Tower 1,7,A7,,4149000,,‧價單第3Q號下的支付條款(C) Terms of Payment (C) under Price List No.3Q ‧見備註/See Remarks 7 (c)(i)(am) ‧見備註/See Remarks 7 (c)(ii)(j) ‧見備註/See Remarks 7 (c)(ii)(n),
2023-03-24,2023-03-31,,第 1 座 Tower 1,20,B1,,5897000,"在 09-12-2024，基於法例第 35(2)(b)條所容許的原因， 售 價更改為$5,694,000 On 09-12-2024, the price adjusted to $5,694,000 due to the reason allowed under section 35(2)(b) of the Ordinance",‧價單第2P號下的支付條款(F) Terms of Payment (F) under Price List No.2P ‧見備註/See Remarks 7 (c)(i)(ap) ‧見備註/See Remarks 7 (c)(ii)(j) ‧見備註/See Remarks 7 (c)(ii)(m) ‧見備註/See Remarks 7 (c)(ii)(n) ‧見備註/See Remarks 7 (c)(ii)(p)(2) ‧見備註/See Remarks 7 (c)(iii)(d) ‧見備註/See Remarks 7 (c)(iii)(e) ‧見備註/See Remarks 7 (c)(iii)(f) ‧價單第2P號下的支付條款(C) Terms of Payment (C) under Price List No.2P ‧見備註/See Remarks 7 (c)(i)(am) ‧見備註/See Remarks 7 (c)(ii)(j) ‧見備註/See Remarks 7 (c)(ii)(n) ‧見備註/See Remarks 7 (c)(ii)(p)(2) ‧見備註/See Remarks 7 (c)(iii)(d) ‧見備註/See Remarks 7 (c)(iii)(e) ‧見備註/See Remarks 7 (c)(iii)(f) (在 09-12-2024修訂) (revised on 09-12-2024),
2023-03-25,,,第 1 座 Tower 1,5,A3,,4037000,,‧價單第1P號下的支付條款(A) Terms of Payment (A) under Price List No.1P ‧見備註/See Remarks 7 (c)(i)(ak) ‧見備註/See Remarks 7 (c)(ii)(n),
2023-03-25,2023-03-31,2025-07-04,第 1 座 Tower 1,36,B3,,4811000,,‧價單第4O號下的支付條款(F) Terms of Payment (F) under Price List No.4O ‧見備註/See Remarks 7 (c)(i)(ap) ‧見備註/See Remarks 7 (c)(ii)(j) ‧見備註/See Remarks 7 (c)(ii)(m) ‧見備註/See Remarks 7 (c)(ii)(n) ‧見備註/See Remarks 7 (c)(ii)(p)(2) ‧見備註/See Remarks 7 (c)(iii)(d) ‧見備註/See Remarks 7 (c)(iii)(e),
2023-03-26,2023-03-31,,第 2 座 Tower 2,28,A2,,5979000,"在 13-04-2023，基於法例第 35(2)(b)條所容許的原因，售 價更改為$5,838,000 On 13-04-2023, the price adjusted to $5,838,000 due to the reason allowed under section 35(2)(b) of the Ordinance",‧價單第5K號下的支付條款(B) Terms of Payment (B) under Price List No.5K ‧見備註/See Remarks 7 (c)(i)(al) ‧見備註/See Remarks 7 (c)(ii)(i) ‧見備註/See Remarks 7 (c)(ii)(n) ‧見備註/See Remarks 7 (c)(ii)(p)(2) ‧見備註/See Remarks 7 (c)(iii)(g) ‧價單第5K號下的支付條款(A) Terms of Payment (A) under Price List No.5K ‧見備註/See Remarks 7 (c)(i)(ak) ‧見備註/See Remarks 7 (c)(ii)(n) ‧見備註/See Remarks 7 (c)(ii)(p)(2) ‧見備註/See Remarks 7 (c)(iii)(g) (在 14-04-2023修訂) (revised on 14-04-2023),
2023-03-27,2023-04-03,,第 2 座 Tower 2,11,B2,,5667000,,‧價單第4O號下的支付條款(B) Terms of Payment (B) under Price List No.4O ‧見備註/See Remarks 7 (c)(i)(al) ‧見備註/See Remarks 7 (c)(ii)(i) ‧見備註/See Remarks 7 (c)(ii)(n) ‧見備註/See Remarks 7 (c)(ii)(q) ‧見備註/See Remarks 7 (c)(iii)(d) ‧見備註/See Remarks 7 (c)(iii)(e) ‧見備註/See Remarks 7 (c)(iii)(f),
2023-03-28,2023-04-03,,第 1 座 Tower 1,19,A7,,4303000,,‧價單第4P號下的支付條款(B) Terms of Payment (B) under Price List No.4P ‧見備註/See Remarks 7 (c)(i)(ar) ‧見備註/See Remarks 7 (c)(ii)(i) ‧見備註/See Remarks 7 (c)(ii)(n) ‧見備註/See Remarks 7 (c)(ii)(p)(1) ‧見備註/See Remarks 7 (c)(iii)(g),
2023-03-29,2023-04-06,,第 1 座 Tower 1,25,B1,,5494000,,‧價單第4P號下的支付條款(A) Terms of Payment (A) under Price List No.4P ‧見備註/See Remarks 7 (c)(i)(aq) ‧見備註/See Remarks 7 (c)(ii)(n) ‧見備註/See Remarks 7 (c)(ii)(p)(2) ‧見備註/See Remarks 7 (c)(iii)(d) ‧見備註/See Remarks 7 (c)(iii)(e) ‧見備註/See Remarks 7 (c)(iii)(f),
2023-03-29,2023-04-06,,第 2 座 Tower 2,11,B1,,5725000,,‧價單第4P號下的支付條款(B) Terms of Payment (B) under Price List No.4P ‧見備註/See Remarks 7 (c)(i)(ar) ‧見備註/See Remarks 7 (c)(ii)(i) ‧見備註/See Remarks 7 (c)(ii)(n) ‧見備註/See Remarks 7 (c)(ii)(q) ‧見備註/See Remarks 7 (c)(iii)(d) ‧見備註/See Remarks 7 (c)(iii)(e) ‧見備註/See Remarks 7 (c)(iii)(f),
2023-03-30,2023-04-11,,第 1 座 Tower 1,23,B1,,5482000,,‧價單第4P號下的支付條款(A) Terms of Payment (A) under Price List No.4P ‧見備註/See Remarks 7 (c)(i)(aq) ‧見備註/See Remarks 7 (c)(ii)(n) ‧見備註/See Remarks 7 (c)(ii)(p)(2) ‧見備註/See Remarks 7 (c)(iii)(d) ‧見備註/See Remarks 7 (c)(iii)(e) ‧見備註/See Remarks 7 (c)(iii)(f),
2023-03-31,2023-04-12,2025-07-04,第 2 座 Tower 2,26,A2,,6090000,,‧價單第3R號下的支付條款(C) Terms of Payment (C) under Price List No.3R ‧見備註/See Remarks 7 (c)(i)(as) ‧見備註/See Remarks 7 (c)(ii)(j) ‧見備註/See Remarks 7 (c)(ii)(n) ‧見備註/See Remarks 7 (c)(ii)(p)(2) ‧見備註/See Remarks 7 (c)(iii)(g),
2023-04-01,2023-04-12,,第 2 座 Tower 2,1,A7,,5418000,,‧價單第5M號下的支付條款(D) Terms of Payment (D) under Price List No.5M ‧見備註/See Remarks 7 (c)(i)(at) ‧見備註/See Remarks 7 (c)(ii)(k) ‧見備註/See Remarks 7 (c)(ii)(n) ‧見備註/See Remarks 7 (c)(ii)(p)(2) ‧見備註/See Remarks 7 (c)(iii)(d) ‧見備註/See Remarks 7 (c)(iii)(e),
2023-04-02,2023-04-12,,第 1 座 Tower 1,9,A7,,4080000,,‧價單第4Q號下的支付條款(B) Terms of Payment (B) under Price List No.4Q ‧見備註/See Remarks 7 (c)(i)(ar) ‧見備註/See Remarks 7 (c)(ii)(i) ‧見備註/See Remarks 7 (c)(ii)(n),
2023-04-04,2023-04-14,,第 1 座 Tower 1,19,B8,,8353000,,‧價單第5M號下的支付條款(C) Terms of Payment (C) under Price List No.5M ‧見備註/See Remarks 7 (c)(i)(as) ‧見備註/See Remarks 7 (c)(ii)(j) ‧見備註/See Remarks 7 (c)(ii)(n) ‧見備註/See Remarks 7 (c)(ii)(p)(2) ‧見備註/See Remarks 7 (c)(iii)(d) ‧見備註/See Remarks 7 (c)(iii)(e),
2023-04-05,2023-04-14,,第 2 座 Tower 2,9,B1,,5856000,,‧價單第4Q號下的支付條款(C) Terms of Payment (C) under Price List No.4Q ‧見備註/See Remarks 7 (c)(i)(as) ‧見備註/See Remarks 7 (c)(ii)(j) ‧見備註/See Remarks 7 (c)(ii)(n) ‧見備註/See Remarks 7 (c)(ii)(q) ‧見備註/See Remarks 7 (c)(iii)(d) ‧見備註/See Remarks 7 (c)(iii)(e) ‧見備註/See Remarks 7 (c)(iii)(f),
2023-04-06,2023-04-17,,第 1 座 Tower 1,8,A7,,3989000,,‧價單第4Q號下的支付條款(A) Terms of Payment (A) under Price List No.4Q ‧見備註/See Remarks 7 (c)(i)(aq) ‧見備註/See Remarks 7 (c)(ii)(n),
2023-04-07,2023-04-17,,第 2 座 Tower 2,3,C3,,4203000,,‧價單第3S號下的支付條款(A) Terms of Payment (A) under Price List No.3S ‧見備註/See Remarks 7 (c)(i)(aq) ‧見備註/See Remarks 7 (c)(ii)(n) ‧見備註/See Remarks 7 (c)(ii)(p)(2) ‧見備註/See Remarks 7 (c)(iii)(d) ‧見備註/See Remarks 7 (c)(iii)(e),
2023-04-08,2023-04-14,,第 2 座 Tower 2,21,B3,,5713000,,‧價單第3S號下的支付條款(A) Terms of Payment (A) under Price List No.3S ‧見備註/See Remarks 7 (c)(i)(aq) ‧見備註/See Remarks 7 (c)(ii)(n) ‧見備註/See Remarks 7 (c)(ii)(p)(2) ‧見備註/See Remarks 7 (c)(iii)(d) ‧見備註/See Remarks 7 (c)(iii)(e) ‧見備註/See Remarks 7 (c)(iii)(f),
2023-04-09,2023-04-17,,第 1 座 Tower 1,20,A7,,4324000,,‧價單第4Q號下的支付條款(B) Terms of Payment (B) under Price List No.4Q ‧見備註/See Remarks 7 (c)(i)(ar) ‧見備註/See Remarks 7 (c)(ii)(i) ‧見備註/See Remarks 7 (c)(ii)(n) ‧見備註/See Remarks 7 (c)(ii)(p)(1) ‧見備註/See Remarks 7 (c)(iii)(g),
2023-04-09,2023-04-17,,第 1 座 Tower 1,26,B2,,6505000,,‧價單第3S號下的支付條款(A) Terms of Payment (A) under Price List No.3S ‧見備註/See Remarks 7 (c)(i)(aq) ‧見備註/See Remarks 7 (c)(ii)(n) ‧見備註/See Remarks 7 (c)(ii)(p)(2) ‧見備註/See Remarks 7 (c)(iii)(d) ‧見備註/See Remarks 7 (c)(iii)(e),
2023-04-09,2023-04-17,,第 2 座 Tower 2,22,B3,,5730000,,‧價單第3S號下的支付條款(A) Terms of Payment (A) under Price List No.3S ‧見備註/See Remarks 7 (c)(i)(aq) ‧見備註/See Remarks 7 (c)(ii)(n) ‧見備註/See Remarks 7 (c)(ii)(p)(2) ‧見備註/See Remarks 7 (c)(iii)(d) ‧見備註/See Remarks 7 (c)(iii)(e) ‧見備註/See Remarks 7 (c)(iii)(f),
2023-04-10,2023-04-17,,第 1 座 Tower 1,5,A3,,4119000,,‧價單第1R號下的支付條款(D) Terms of Payment (D) under Price List No.1R ‧見備註/See Remarks 7 (c)(i)(at) ‧見備註/See Remarks 7 (c)(ii)(k) ‧見備註/See Remarks 7 (c)(ii)(n),
2023-04-10,2023-04-17,,第 1 座 Tower 1,21,A7,,4250000,,‧價單第4Q號下的支付條款(A) Terms of Payment (A) under Price List No.4Q ‧見備註/See Remarks 7 (c)(i)(aq) ‧見備註/See Remarks 7 (c)(ii)(n) ‧見備註/See Remarks 7 (c)(ii)(p)(1) ‧見備註/See Remarks 7 (c)(iii)(g),
2023-04-11,2023-04-18,2025-07-04,第 1 座 Tower 1,22,A7,,4373000,,‧價單第4Q號下的支付條款(C) Terms of Payment (C) under Price List No.4Q ‧見備註/See Remarks 7 (c)(i)(as) ‧見備註/See Remarks 7 (c)(ii)(j) ‧見備註/See Remarks 7 (c)(ii)(n) ‧見備註/See Remarks 7 (c)(ii)(p)(2) ‧見備註/See Remarks 7 (c)(iii)(g),
2023-04-11,2023-04-18,,第 1 座 Tower 1,9,B5,,4282000,,‧價單第3S號下的支付條款(C) Terms of Payment (C) under Price List No.3S ‧見備註/See Remarks 7 (c)(i)(as) ‧見備註/See Remarks 7 (c)(ii)(j) ‧見備註/See Remarks 7 (c)(ii)(n) ‧見備註/See Remarks 7 (c)(ii)(p)(2) ‧見備註/See Remarks 7 (c)(iii)(g),
2023-04-12,2023-04-19,,第 1 座 Tower 1,22,B1,,5745000,,‧價單第4Q號下的支付條款(D) Terms of Payment (D) under Price List No.4Q ‧見備註/See Remarks 7 (c)(i)(at) ‧見備註/See Remarks 7 (c)(ii)(k) ‧見備註/See Remarks 7 (c)(ii)(n) ‧見備註/See Remarks 7 (c)(ii)(p)(1) ‧見備註/See Remarks 7 (c)(iii)(d) ‧見備註/See Remarks 7 (c)(iii)(e) ‧見備註/See Remarks 7 (c)(iii)(f),
2023-04-13,2023-04-20,,第 2 座 Tower 2,22,B1,,6124000,,‧價單第3S號下的支付條款(D) Terms of Payment (D) under Price List No.3S ‧見備註/See Remarks 7 (c)(i)(at) ‧見備註/See Remarks 7 (c)(ii)(k) ‧見備註/See Remarks 7 (c)(ii)(n) ‧見備註/See Remarks 7 (c)(ii)(p)(1) ‧見備註/See Remarks 7 (c)(iii)(d) ‧見備註/See Remarks 7 (c)(iii)(e) ‧見備註/See Remarks 7 (c)(iii)(f),
2023-04-14,2023-04-21,,第 1 座 Tower 1,23,A7,,4190000,,‧價單第4Q號下的支付條款(A) Terms of Payment (A) under Price List No.4Q ‧見備註/See Remarks 7 (c)(i)(aq) ‧見備註/See Remarks 7 (c)(ii)(n) ‧見備註/See Remarks 7 (c)(ii)(p)(2) ‧見備註/See Remarks 7 (c)(iii)(g),
2023-04-15,2023-04-21,,第 2 座 Tower 2,9,B2,,5665000,,‧價單第4R號下的支付條款(B) Terms of Payment (B) under Price List No.4R ‧見備註/See Remarks 7 (c)(i)(ar) ‧見備註/See Remarks 7 (c)(ii)(i) ‧見備註/See Remarks 7 (c)(ii)(n) ‧見備註/See Remarks 7 (c)(ii)(q) ‧見備註/See Remarks 7 (c)(iii)(d) ‧見備註/See Remarks 7 (c)(iii)(e) ‧見備註/See Remarks 7 (c)(iii)(f),
2023-04-16,2023-04-21,,第 2 座 Tower 2,23,A2,,5774000,,‧價單第3T號下的支付條款(A) Terms of Payment (A) under Price List No.3T ‧見備註/See Remarks 7 (c)(i)(aq) ‧見備註/See Remarks 7 (c)(ii)(n) ‧見備註/See Remarks 7 (c)(ii)(p)(2) ‧見備註/See Remarks 7 (c)(iii)(g),
2023-04-16,2023-04-21,,第 2 座 Tower 2,22,B5,,6076000,,‧價單第3T號下的支付條款(C) Terms of Payment (C) under Price List No.3T ‧見備註/See Remarks 7 (c)(i)(as) ‧見備註/See Remarks 7 (c)(ii)(j) ‧見備註/See Remarks 7 (c)(ii)(n) ‧見備註/See Remarks 7 (c)(ii)(p)(2) ‧見備註/See Remarks 7 (c)(iii)(d) ‧見備註/See Remarks 7 (c)(iii)(e) ‧見備註/See Remarks 7 (c)(iii)(f),
2023-04-17,2023-04-24,,第 1 座 Tower 1,25,A7,,4799000,"在26-03-2025, 基於法例 第35(2)(b)條所容許的原因, 售價更改為$4,646,000 On 26-03-2025, the price was adjusted to $4,646,000 due to the reason allowed under section 35(2)(b) of the Ordinance.",‧價單第4R號下的支付條款(F) Terms of Payment (F) under Price List No.4R ‧見備註/See Remarks 7 (c)(i)(av) ‧見備註/See Remarks 7 (c)(ii)(j) ‧見備註/See Remarks 7 (c)(ii)(m) ‧見備註/See Remarks 7 (c)(ii)(n) ‧見備註/See Remarks 7 (c)(ii)(p)(1) ‧見備註/See Remarks 7 (c)(iii)(d) ‧見備註/See Remarks 7 (c)(iii)(e) ‧價單第4R號下的支付條款(C) Terms of Payment (C) under Price List No.4R ‧見備註/See Remarks 7 (c)(i)(as) ‧見備註/See Remarks 7 (c)(ii)(j) ‧見備註/See Remarks 7 (c)(ii)(n) ‧見備註/See Remarks 7 (c)(ii)(p)(1) ‧見備註/See Remarks 7 (c)(iii)(d) ‧見備註/See Remarks 7 (c)(iii)(e) (在 26-03-2025修訂) (revised on 26-03-2025),
2023-04-17,2023-04-24,,第 2 座 Tower 2,23,A3,,5858000,,‧價單第3T號下的支付條款(A) Terms of Payment (A) under Price List No.3T ‧見備註/See Remarks 7 (c)(i)(aq) ‧見備註/See Remarks 7 (c)(ii)(n) ‧見備註/See Remarks 7 (c)(ii)(p)(2) ‧見備註/See Remarks 7 (c)(iii)(g),
2023-04-20,2023-04-27,,第 2 座 Tower 2,18,A7,,6368000,,‧價單第2S號下的支付條款(C) Terms of Payment (C) under Price List No.2S ‧見備註/See Remarks 7 (c)(i)(as) ‧見備註/See Remarks 7 (c)(ii)(j) ‧見備註/See Remarks 7 (c)(ii)(n) ‧見備註/See Remarks 7 (c)(ii)(p)(1) ‧見備註/See Remarks 7 (c)(iii)(g),
2023-04-20,2023-04-27,,第 2 座 Tower 2,21,B6,,6144000,,‧價單第3T號下的支付條款(C) Terms of Payment (C) under Price List No.3T ‧見備註/See Remarks 7 (c)(i)(as) ‧見備註/See Remarks 7 (c)(ii)(j) ‧見備註/See Remarks 7 (c)(ii)(n) ‧見備註/See Remarks 7 (c)(ii)(p)(2) ‧見備註/See Remarks 7 (c)(iii)(d) ‧見備註/See Remarks 7 (c)(iii)(e) ‧見備註/See Remarks 7 (c)(iii)(f),
2023-04-21,2023-04-28,,第 1 座 Tower 1,18,B7,,4619000,,‧價單第4S號下的支付條款(F) Terms of Payment (F) under Price List No.4S ‧見備註/See Remarks 7 (c)(i)(av) ‧見備註/See Remarks 7 (c)(ii)(j) ‧見備註/See Remarks 7 (c)(ii)(m) ‧見備註/See Remarks 7 (c)(ii)(n) ‧見備註/See Remarks 7 (c)(ii)(p)(1) ‧見備註/See Remarks 7 (c)(iii)(d) ‧見備註/See Remarks 7 (c)(iii)(e),
2023-04-21,2023-04-28,,第 1 座 Tower 1,19,B7,,4422000,,‧價單第4S號下的支付條款(C) Terms of Payment (C) under Price List No.4S ‧見備註/See Remarks 7 (c)(i)(as) ‧見備註/See Remarks 7 (c)(ii)(j) ‧見備註/See Remarks 7 (c)(ii)(n) ‧見備註/See Remarks 7 (c)(ii)(p)(2) ‧見備註/See Remarks 7 (c)(iii)(d) ‧見備註/See Remarks 7 (c)(iii)(e),
2023-04-22,2023-04-28,,第 2 座 Tower 2,22,B6,,5869000,,‧價單第3U號下的支付條款(A) Terms of Payment (A) under Price List No.3U ‧見備註/See Remarks 7 (c)(i)(aq) ‧見備註/See Remarks 7 (c)(ii)(n) ‧見備註/See Remarks 7 (c)(ii)(p)(2) ‧見備註/See Remarks 7 (c)(iii)(d) ‧見備註/See Remarks 7 (c)(iii)(e) ‧見備註/See Remarks 7 (c)(iii)(f),
2023-04-23,2023-04-26,,第 1 座 Tower 1,26,A7,,4464000,,‧價單第4S號下的支付條款(A) Terms of Payment (A) under Price List No.4S ‧見備註/See Remarks 7 (c)(i)(aq) ‧見備註/See Remarks 7 (c)(ii)(n) ‧見備註/See Remarks 7 (c)(ii)(p)(1) ‧見備註/See Remarks 7 (c)(iii)(d) ‧見備註/See Remarks 7 (c)(iii)(e),
2023-04-23,2023-04-28,,第 1 座 Tower 1,20,B7,,4594000,,‧價單第4S號下的支付條款(F) Terms of Payment (F) under Price List No.4S ‧見備註/See Remarks 7 (c)(i)(av) ‧見備註/See Remarks 7 (c)(ii)(j) ‧見備註/See Remarks 7 (c)(ii)(m) ‧見備註/See Remarks 7 (c)(ii)(n) ‧見備註/See Remarks 7 (c)(ii)(p)(2) ‧見備註/See Remarks 7 (c)(iii)(d) ‧見備註/See Remarks 7 (c)(iii)(e),
2023-04-23,,,第 1 座 Tower 1,35,B8,,8530000,,‧價單第5O號下的支付條款(C) Terms of Payment (C) under Price List No.5O ‧見備註/See Remarks 7 (c)(i)(as) ‧見備註/See Remarks 7 (c)(ii)(j) ‧見備註/See Remarks 7 (c)(ii)(n) ‧見備註/See Remarks 7 (c)(ii)(p)(2) ‧見備註/See Remarks 7 (c)(iii)(d) ‧見備註/See Remarks 7 (c)(iii)(e),
2023-04-26,2023-05-04,,第 1 座 Tower 1,30,B3,,4649000,,‧價單第4S號下的支付條款(D) Terms of Payment (D) under Price List No.4S ‧見備註/See Remarks 7 (c)(i)(at) ‧見備註/See Remarks 7 (c)(ii)(k) ‧見備註/See Remarks 7 (c)(ii)(n) ‧見備註/See Remarks 7 (c)(ii)(p)(1) ‧見備註/See Remarks 7 (c)(iii)(d) ‧見備註/See Remarks 7 (c)(iii)(e),
2023-04-28,2023-05-08,,第 1 座 Tower 1,36,B5,,5028000,,‧價單第5P號下的支付條款(C) Terms of Payment (C) under Price List No.5P ‧見備註/See Remarks 7 (c)(i)(as) ‧見備註/See Remarks 7 (c)(ii)(j) ‧見備註/See Remarks 7 (c)(ii)(n) ‧見備註/See Remarks 7 (c)(ii)(p)(1) ‧見備註/See Remarks 7 (c)(iii)(d) ‧見備註/See Remarks 7 (c)(iii)(e),
2023-04-29,2023-05-08,,第 1 座 Tower 1,21,B7,,4366000,,‧價單第4T號下的支付條款(A) Terms of Payment (A) under Price List No.4T ‧見備註/See Remarks 7 (c)(i)(aq) ‧見備註/See Remarks 7 (c)(ii)(n) ‧見備註/See Remarks 7 (c)(ii)(p)(1) ‧見備註/See Remarks 7 (c)(iii)(d) ‧見備註/See Remarks 7 (c)(iii)(e),
2023-04-29,2023-05-08,,第 1 座 Tower 1,28,B1,,5967000,,‧價單第3V號下的支付條款(B) Terms of Payment (B) under Price List No.3V ‧見備註/See Remarks 7 (c)(i)(ar) ‧見備註/See Remarks 7 (c)(ii)(i) ‧見備註/See Remarks 7 (c)(ii)(n) ‧見備註/See Remarks 7 (c)(ii)(p)(1) ‧見備註/See Remarks 7 (c)(iii)(d) ‧見備註/See Remarks 7 (c)(iii)(e) ‧見備註/See Remarks 7 (c)(iii)(f),
2023-04-29,2023-05-08,,第 1 座 Tower 1,35,B8,,8146000,,‧價單第5P號下的支付條款(A) Terms of Payment (A) under Price List No.5P ‧見備註/See Remarks 7 (c)(i)(aq) ‧見備註/See Remarks 7 (c)(ii)(n) ‧見備註/See Remarks 7 (c)(ii)(p)(2) ‧見備註/See Remarks 7 (c)(iii)(d) ‧見備註/See Remarks 7 (c)(iii)(e),
2023-05-01,2023-05-08,,第 2 座 Tower 2,28,A5,,6053000,,‧價單第5P號下的支付條款(D) Terms of Payment (D) under Price List No.5P ‧見備註/See Remarks 7 (c)(i)(at) ‧見備註/See Remarks 7 (c)(ii)(k) ‧見備註/See Remarks 7 (c)(ii)(n) ‧見備註/See Remarks 7 (c)(ii)(p)(2) ‧見備註/See Remarks 7 (c)(iii)(g),
2023-05-02,2023-05-09,,第 1 座 Tower 1,38,B3,,4656000,,‧價單第4T號下的支付條款(C) Terms of Payment (C) under Price List No.4T ‧見備註/See Remarks 7 (c)(i)(as) ‧見備註/See Remarks 7 (c)(ii)(j) ‧見備註/See Remarks 7 (c)(ii)(n) ‧見備註/See Remarks 7 (c)(ii)(p)(2) ‧見備註/See Remarks 7 (c)(iii)(d) ‧見備註/See Remarks 7 (c)(iii)(e),
2023-05-02,2023-05-09,,第 2 座 Tower 2,22,A8,,8527000,,‧價單第5P號下的支付條款(C) Terms of Payment (C) under Price List No.5P ‧見備註/See Remarks 7 (c)(i)(as) ‧見備註/See Remarks 7 (c)(ii)(j) ‧見備註/See Remarks 7 (c)(ii)(n) ‧見備註/See Remarks 7 (c)(ii)(p)(2) ‧見備註/See Remarks 7 (c)(iii)(d) ‧見備註/See Remarks 7 (c)(iii)(e),
2023-05-02,2023-05-09,,第 2 座 Tower 2,23,A8,,8553000,,‧價單第5P號下的支付條款(C) Terms of Payment (C) under Price List No.5P ‧見備註/See Remarks 7 (c)(i)(as) ‧見備註/See Remarks 7 (c)(ii)(j) ‧見備註/See Remarks 7 (c)(ii)(n) ‧見備註/See Remarks 7 (c)(ii)(p)(2) ‧見備註/See Remarks 7 (c)(iii)(d) ‧見備註/See Remarks 7 (c)(iii)(e),
2023-05-03,2023-05-10,,第 1 座 Tower 1,20,A1,,5605000,,‧價單第2U號下的支付條款(D) Terms of Payment (D) under Price List No.2U ‧見備註/See Remarks 7 (c)(i)(at) ‧見備註/See Remarks 7 (c)(ii)(k) ‧見備註/See Remarks 7 (c)(ii)(n) ‧見備註/See Remarks 7 (c)(ii)(p)(2) ‧見備註/See Remarks 7 (c)(iii)(d) ‧見備註/See Remarks 7 (c)(iii)(e) ‧見備註/See Remarks 7 (c)(iii)(f),
2023-05-07,2023-05-12,,第 2 座 Tower 2,20,A5,,6284000,,‧價單第3W號下的支付條款(F) Terms of Payment (F) under Price List No.3W ‧見備註/See Remarks 7 (c)(i)(av) ‧見備註/See Remarks 7 (c)(ii)(j) ‧見備註/See Remarks 7 (c)(ii)(m) ‧見備註/See Remarks 7 (c)(ii)(n) ‧見備註/See Remarks 7 (c)(ii)(p)(2) ‧見備註/See Remarks 7 (c)(iii)(g),
2023-05-08,2023-05-11,,第 1 座 Tower 1,22,B7,,4502000,,‧價單第4U號下的支付條款(C) Terms of Payment (C) under Price List No.4U ‧見備註/See Remarks 7 (c)(i)(as) ‧見備註/See Remarks 7 (c)(ii)(j) ‧見備註/See Remarks 7 (c)(ii)(n) ‧見備註/See Remarks 7 (c)(ii)(p)(2) ‧見備註/See Remarks 7 (c)(iii)(d) ‧見備註/See Remarks 7 (c)(iii)(e),
2023-05-10,2023-05-17,,第 1 座 Tower 1,28,B2,,6737000,,‧價單第3W號下的支付條款(B) Terms of Payment (B) under Price List No.3W ‧見備註/See Remarks 7 (c)(i)(ar) ‧見備註/See Remarks 7 (c)(ii)(i) ‧見備註/See Remarks 7 (c)(ii)(n) ‧見備註/See Remarks 7 (c)(ii)(p)(2) ‧見備註/See Remarks 7 (c)(iii)(d) ‧見備註/See Remarks 7 (c)(iii)(e),
2023-05-13,2023-05-19,,第 2 座 Tower 2,26,A3,,5893000,,‧價單第3X號下的支付條款(A) Terms of Payment (A) under Price List No.3X ‧見備註/See Remarks 7 (c)(i)(aw) ‧見備註/See Remarks 7 (c)(ii)(n) ‧見備註/See Remarks 7 (c)(ii)(p)(2) ‧見備註/See Remarks 7 (c)(iii)(g),
2023-05-16,2023-05-23,,第 2 座 Tower 2,3,C2,,4400000,,‧價單第3X號下的支付條款(A) Terms of Payment (A) under Price List No.3X ‧見備註/See Remarks 7 (c)(i)(aw) ‧見備註/See Remarks 7 (c)(ii)(n) ‧見備註/See Remarks 7 (c)(ii)(p)(1) ‧見備註/See Remarks 7 (c)(iii)(d) ‧見備註/See Remarks 7 (c)(iii)(e),
2023-05-21,2023-05-29,,第 1 座 Tower 1,33,B8,,8516000,,‧價單第5S號下的支付條款(C) Terms of Payment (C) under Price List No.5S ‧見備註/See Remarks 7 (c)(i)(ay) ‧見備註/See Remarks 7 (c)(ii)(n) ‧見備註/See Remarks 7 (c)(ii)(p)(2) ‧見備註/See Remarks 7 (c)(ii)(s) ‧見備註/See Remarks 7 (c)(iii)(d) ‧見備註/See Remarks 7 (c)(iii)(e),
2023-05-22,2023-05-30,,第 1 座 Tower 1,21,A1,,5550000,,‧價單第2X號下的支付條款(A) Terms of Payment (A) under Price List No.2X ‧見備註/See Remarks 7 (c)(i)(aw) ‧見備註/See Remarks 7 (c)(ii)(n) ‧見備註/See Remarks 7 (c)(ii)(p)(2) ‧見備註/See Remarks 7 (c)(iii)(d) ‧見備註/See Remarks 7 (c)(iii)(e) ‧見備註/See Remarks 7 (c)(iii)(f),
2023-05-29,2023-06-05,,第 2 座 Tower 2,21,A5,,5810000,,‧價單第3Z號下的支付條款(A) Terms of Payment (A) under Price List No.3Z ‧見備註/See Remarks 7 (c)(i)(aw) ‧見備註/See Remarks 7 (c)(ii)(n) ‧見備註/See Remarks 7 (c)(ii)(p)(2) ‧見備註/See Remarks 7 (c)(iii)(g),
2023-06-03,2023-06-09,,第 1 座 Tower 1,20,A6,,4107000,,‧價單第3ZA號下的支付條款(A) Terms of Payment (A) under Price List No.3ZA ‧見備註/See Remarks 7 (c)(i)(aw) ‧見備註/See Remarks 7 (c)(ii)(n) ‧見備註/See Remarks 7 (c)(ii)(p)(2) ‧見備註/See Remarks 7 (c)(iii)(h),
2023-06-03,2023-06-09,,第 1 座 Tower 1,16,B9,,5570000,,‧價單第4Y號下的支付條款(B) Terms of Payment (B) under Price List No.4Y ‧見備註/See Remarks 7 (c)(i)(ax) ‧見備註/See Remarks 7 (c)(ii)(n) ‧見備註/See Remarks 7 (c)(ii)(p)(2) ‧見備註/See Remarks 7 (c)(ii)(r) ‧見備註/See Remarks 7 (c)(iii)(h),
2023-06-03,2023-06-09,,第 1 座 Tower 1,18,B9,,5766000,,‧價單第3ZA號下的支付條款(B) Terms of Payment (B) under Price List No.3ZA ‧見備註/See Remarks 7 (c)(i)(ax) ‧見備註/See Remarks 7 (c)(ii)(n) ‧見備註/See Remarks 7 (c)(ii)(p)(2) ‧見備註/See Remarks 7 (c)(ii)(r) ‧見備註/See Remarks 7 (c)(iii)(h),
2023-06-04,2023-06-09,,第 1 座 Tower 1,17,B9,,5480000,,‧價單第4Y號下的支付條款(A) Terms of Payment (A) under Price List No.4Y ‧見備註/See Remarks 7 (c)(i)(aw) ‧見備註/See Remarks 7 (c)(ii)(n) ‧見備註/See Remarks 7 (c)(ii)(p)(2) ‧見備註/See Remarks 7 (c)(iii)(h),
2023-06-04,2023-06-09,,第 1 座 Tower 1,20,B9,,5679000,,‧價單第2Z號下的支付條款(A) Terms of Payment (A) under Price List No.2Z ‧見備註/See Remarks 7 (c)(i)(aw) ‧見備註/See Remarks 7 (c)(ii)(n) ‧見備註/See Remarks 7 (c)(ii)(p)(2) ‧見備註/See Remarks 7 (c)(iii)(h),
2023-06-04,2023-06-09,,第 1 座 Tower 1,21,B9,,5854000,,‧價單第2Z號下的支付條款(B) Terms of Payment (B) under Price List No.2Z ‧見備註/See Remarks 7 (c)(i)(ax) ‧見備註/See Remarks 7 (c)(ii)(n) ‧見備註/See Remarks 7 (c)(ii)(p)(2) ‧見備註/See Remarks 7 (c)(ii)(r) ‧見備註/See Remarks 7 (c)(iii)(h),
2023-06-06,2023-06-13,,第 2 座 Tower 2,22,A5,,6109000,,‧價單第3ZA號下的支付條款(C) Terms of Payment (C) under Price List No.3ZA ‧見備註/See Remarks 7 (c)(i)(ay) ‧見備註/See Remarks 7 (c)(ii)(n) ‧見備註/See Remarks 7 (c)(ii)(p)(2) ‧見備註/See Remarks 7 (c)(ii)(s) ‧見備註/See Remarks 7 (c)(iii)(g),
2023-06-10,2023-06-16,,第 1 座 Tower 1,18,A9,,5643000,,‧價單第3ZC號下的支付條款(A) Terms of Payment (A) under Price List No.3ZC ‧見備註/See Remarks 7 (c)(i)(aw) ‧見備註/See Remarks 7 (c)(ii)(n) ‧見備註/See Remarks 7 (c)(ii)(p)(2) ‧見備註/See Remarks 7 (c)(iii)(h),
2023-06-11,2023-06-16,,第 1 座 Tower 1,16,A2,,6140000,,‧價單第4ZA號下的支付條款(A) Terms of Payment (A) under Price List No.4ZA ‧見備註/See Remarks 7 (c)(i)(aw) ‧見備註/See Remarks 7 (c)(ii)(n) ‧見備註/See Remarks 7 (c)(ii)(p)(2) ‧見備註/See Remarks 7 (c)(iii)(d) ‧見備註/See Remarks 7 (c)(iii)(e),
2023-06-19,2023-06-27,,第 1 座 Tower 1,25,A5,,4164000,,‧價單第3ZC號下的支付條款(A) Terms of Payment (A) under Price List No.3ZC ‧見備註/See Remarks 7 (c)(i)(aw) ‧見備註/See Remarks 7 (c)(ii)(n) ‧見備註/See Remarks 7 (c)(ii)(p)(2) ‧見備註/See Remarks 7 (c)(iii)(h),
2023-06-19,2023-06-27,,第 1 座 Tower 1,25,A6,,4409000,,‧價單第3ZC號下的支付條款(C) Terms of Payment (C) under Price List No.3ZC ‧見備註/See Remarks 7 (c)(i)(ay) ‧見備註/See Remarks 7 (c)(ii)(n) ‧見備註/See Remarks 7 (c)(ii)(p)(2) ‧見備註/See Remarks 7 (c)(ii)(s) ‧見備註/See Remarks 7 (c)(iii)(h),
2023-06-25,2023-06-30,,第 1 座 Tower 1,32,B8,,8313000,,‧價單第5W號下的支付條款(B) Terms of Payment (B) under Price List No.5W ‧見備註/See Remarks 7 (c)(i)(ax) ‧見備註/See Remarks 7 (c)(ii)(n) ‧見備註/See Remarks 7 (c)(ii)(p)(2) ‧見備註/See Remarks 7 (c)(ii)(r) ‧見備註/See Remarks 7 (c)(iii)(d) ‧見備註/See Remarks 7 (c)(iii)(e),
2023-07-01,2023-07-07,,第 1 座 Tower 1,15,A2,,6050000,,‧價單第4ZB號下的支付條款(A) Terms of Payment (A) under Price List No.4ZB ‧見備註/See Remarks 7 (c)(i)(aw) ‧見備註/See Remarks 7 (c)(ii)(p)(2) ‧見備註/See Remarks 7 (c)(iii)(d) ‧見備註/See Remarks 7 (c)(iii)(e),
2023-07-01,2023-07-07,,第 2 座 Tower 2,27,A3,,6054000,,‧價單第3ZD號下的支付條款(D) Terms of Payment (D) under Price List No.3ZD ‧見備註/See Remarks 7 (c)(i)(az) ‧見備註/See Remarks 7 (c)(ii)(p)(2) ‧見備註/See Remarks 7 (c)(ii)(t) ‧見備註/See Remarks 7 (c)(iii)(g),
2023-07-02,2023-07-07,,第 1 座 Tower 1,23,B7,,3722000,,‧價單第4ZC號下的支付條款(A) Terms of Payment (A) under Price List No.4ZC ‧見備註/See Remarks 7 (c)(i)(aw) ‧見備註/See Remarks 7 (c)(ii)(q) ‧見備註/See Remarks 7 (c)(iii)(i),
2023-07-02,2023-07-07,,第 1 座 Tower 1,26,B7,,3874000,,‧價單第4ZC號下的支付條款(D) Terms of Payment (D) under Price List No.4ZC ‧見備註/See Remarks 7 (c)(i)(az) ‧見備註/See Remarks 7 (c)(ii)(q) ‧見備註/See Remarks 7 (c)(ii)(t) ‧見備註/See Remarks 7 (c)(iii)(i),
2023-07-02,2023-07-07,,第 1 座 Tower 1,29,B3,,3802000,,‧價單第4ZC號下的支付條款(A) Terms of Payment (A) under Price List No.4ZC ‧見備註/See Remarks 7 (c)(i)(aw) ‧見備註/See Remarks 7 (c)(ii)(q) ‧見備註/See Remarks 7 (c)(iii)(i),
2023-07-02,2023-07-07,,第 1 座 Tower 1,32,B3,,3815000,,‧價單第4ZC號下的支付條款(A) Terms of Payment (A) under Price List No.4ZC ‧見備註/See Remarks 7 (c)(i)(aw) ‧見備註/See Remarks 7 (c)(ii)(q) ‧見備註/See Remarks 7 (c)(iii)(i),
2023-07-02,2023-07-07,,第 1 座 Tower 1,35,B3,,3816000,,‧價單第4ZC號下的支付條款(A) Terms of Payment (A) under Price List No.4ZC ‧見備註/See Remarks 7 (c)(i)(aw) ‧見備註/See Remarks 7 (c)(ii)(q) ‧見備註/See Remarks 7 (c)(iii)(i),
2023-07-02,2023-07-07,,第 1 座 Tower 1,35,B7,,3829000,,‧價單第5Y號下的支付條款(A) Terms of Payment (A) under Price List No.5Y ‧見備註/See Remarks 7 (c)(i)(aw) ‧見備註/See Remarks 7 (c)(ii)(q) ‧見備註/See Remarks 7 (c)(iii)(i),
2023-07-02,2023-07-07,,第 1 座 Tower 1,37,B3,,3818000,,‧價單第4ZC號下的支付條款(A) Terms of Payment (A) under Price List No.4ZC ‧見備註/See Remarks 7 (c)(i)(aw) ‧見備註/See Remarks 7 (c)(ii)(q) ‧見備註/See Remarks 7 (c)(iii)(i),
2023-07-02,2023-07-07,,第 2 座 Tower 2,1,D1,,4762000,,‧價單第5Y號下的支付條款(D) Terms of Payment (D) under Price List No.5Y ‧見備註/See Remarks 7 (c)(i)(az) ‧見備註/See Remarks 7 (c)(ii)(q) ‧見備註/See Remarks 7 (c)(ii)(t) ‧見備註/See Remarks 7 (c)(iii)(j),
2023-07-02,2023-07-07,,第 2 座 Tower 2,20,D1,,5039000,,‧價單第3ZE號下的支付條款(A) Terms of Payment (A) under Price List No.3ZE ‧見備註/See Remarks 7 (c)(i)(aw) ‧見備註/See Remarks 7 (c)(ii)(q) ‧見備註/See Remarks 7 (c)(iii)(j),
2023-07-02,2023-07-07,,第 2 座 Tower 2,21,D1,,5084000,,‧價單第3ZE號下的支付條款(A) Terms of Payment (A) under Price List No.3ZE ‧見備註/See Remarks 7 (c)(i)(aw) ‧見備註/See Remarks 7 (c)(ii)(q) ‧見備註/See Remarks 7 (c)(iii)(j),
2023-07-02,2023-07-07,,第 2 座 Tower 2,22,D1,,5115000,,‧價單第3ZE號下的支付條款(A) Terms of Payment (A) under Price List No.3ZE ‧見備註/See Remarks 7 (c)(i)(aw) ‧見備註/See Remarks 7 (c)(ii)(q) ‧見備註/See Remarks 7 (c)(iii)(j),
2023-07-02,2023-07-07,,第 2 座 Tower 2,23,D1,,5125000,,‧價單第5Y號下的支付條款(A) Terms of Payment (A) under Price List No.5Y ‧見備註/See Remarks 7 (c)(i)(aw) ‧見備註/See Remarks 7 (c)(ii)(q) ‧見備註/See Remarks 7 (c)(iii)(j),
2023-07-04,2023-07-11,,第 1 座 Tower 1,25,B7,,3751000,,‧價單第4ZD號下的支付條款(A) Terms of Payment (A) under Price List No.4ZD ‧見備註/See Remarks 7 (c)(i)(aw) ‧見備註/See Remarks 7 (c)(ii)(q) ‧見備註/See Remarks 7 (c)(iii)(i),
2023-07-04,2023-07-11,,第 2 座 Tower 2,26,D1,,5145000,,‧價單第5Z號下的支付條款(A) Terms of Payment (A) under Price List No.5Z ‧見備註/See Remarks 7 (c)(i)(aw) ‧見備註/See Remarks 7 (c)(ii)(q) ‧見備註/See Remarks 7 (c)(iii)(j),
2023-07-04,2023-07-11,,第 2 座 Tower 2,27,D1,,5156000,,‧價單第5Z號下的支付條款(A) Terms of Payment (A) under Price List No.5Z ‧見備註/See Remarks 7 (c)(i)(aw) ‧見備註/See Remarks 7 (c)(ii)(q) ‧見備註/See Remarks 7 (c)(iii)(j),
2023-07-04,2023-07-11,,第 2 座 Tower 2,28,D1,,5166000,,‧價單第5Z號下的支付條款(A) Terms of Payment (A) under Price List No.5Z ‧見備註/See Remarks 7 (c)(i)(aw) ‧見備註/See Remarks 7 (c)(ii)(q) ‧見備註/See Remarks 7 (c)(iii)(j),
2023-07-04,2023-07-11,,第 2 座 Tower 2,29,D1,,5176000,,‧價單第5Z號下的支付條款(A) Terms of Payment (A) under Price List No.5Z ‧見備註/See Remarks 7 (c)(i)(aw) ‧見備註/See Remarks 7 (c)(ii)(q) ‧見備註/See Remarks 7 (c)(iii)(j),
2023-07-04,2023-07-11,,第 2 座 Tower 2,30,D1,,5186000,,‧價單第5Z號下的支付條款(A) Terms of Payment (A) under Price List No.5Z ‧見備註/See Remarks 7 (c)(i)(aw) ‧見備註/See Remarks 7 (c)(ii)(q) ‧見備註/See Remarks 7 (c)(iii)(j),
2023-07-04,2023-07-11,,第 2 座 Tower 2,33,D1,,5218000,,‧價單第5Z號下的支付條款(A) Terms of Payment (A) under Price List No.5Z ‧見備註/See Remarks 7 (c)(i)(aw) ‧見備註/See Remarks 7 (c)(ii)(q) ‧見備註/See Remarks 7 (c)(iii)(j),
2023-07-05,2023-07-12,,第 1 座 Tower 1,28,B5,,4004000,,‧價單第3ZG號下的支付條款(A) Terms of Payment (A) under Price List No.3ZG ‧見備註/See Remarks 7 (c)(i)(aw) ‧見備註/See Remarks 7 (c)(ii)(q) ‧見備註/See Remarks 7 (c)(iii)(i),
2023-07-05,2023-07-12,,第 2 座 Tower 2,23,D2,,5161000,,‧價單第5ZA號下的支付條款(A) Terms of Payment (A) under Price List No.5ZA ‧見備註/See Remarks 7 (c)(i)(aw) ‧見備註/See Remarks 7 (c)(ii)(q) ‧見備註/See Remarks 7 (c)(iii)(k),
2023-07-07,2023-07-14,,第 2 座 Tower 2,26,D2,,5316000,"在 10-08-2023，基於法例第 35(2)(b)條所容許的原因，售 價更改為$5,181,000 On 10-08-2023, the price adjusted to $5,181,000 due to the reason allowed under section 35(2)(b) of the Ordinance",‧價單第5ZA號下的支付條款(D) Terms of Payment (D) under Price List No.5ZA ‧見備註/See Remarks 7 (c)(i)(az) ‧見備註/See Remarks 7 (c)(ii)(q) ‧見備註/See Remarks 7 (c)(ii)(t) ‧見備註/See Remarks 7 (c)(iii)(k) ‧價單第5ZA號下的支付條款(A) Terms of Payment (A) under Price List No.5ZA ‧見備註/See Remarks 7 (c)(i)(aw) ‧見備註/See Remarks 7 (c)(ii)(q) ‧見備註/See Remarks 7 (c)(iii)(k) (在 11-08-2023修訂) (revised on 11-08-2023),
2023-07-09,2023-07-14,,第 1 座 Tower 1,33,B7,,3929000,"在 04-08-2023，基於法例第 35(2)(b)條所容許的原因，售 價更改為$3,824,000 On 04-08-2023, the price adjusted to $3,824,000 due to the reason allowed under section 35(2)(b) of the Ordinance",‧價單第5ZB號下的支付條款(D) Terms of Payment (D) under Price List No.5ZB ‧見備註/See Remarks 7 (c)(i)(az) ‧見備註/See Remarks 7 (c)(ii)(q) ‧見備註/See Remarks 7 (c)(ii)(t) ‧見備註/See Remarks 7 (c)(iii)(i) ‧價單第5ZB號下的支付條款(A) Terms of Payment (A) under Price List No.5ZB ‧見備註/See Remarks 7 (c)(i)(aw) ‧見備註/See Remarks 7 (c)(ii)(q) ‧見備註/See Remarks 7 (c)(iii)(i) (在 04-08-2023修訂) (revised on 04-08-2023),
2023-07-10,2023-07-18,,第 1 座 Tower 1,27,A7,,4580000,,‧價單第4ZF號下的支付條款(D) Terms of Payment (D) under Price List No.4ZF ‧見備註/See Remarks 7 (c)(i)(az) ‧見備註/See Remarks 7 (c)(ii)(p)(1) ‧見備註/See Remarks 7 (c)(ii)(t) ‧見備註/See Remarks 7 (c)(iii)(d) ‧見備註/See Remarks 7 (c)(iii)(e),
2023-07-10,2023-07-18,,第 2 座 Tower 2,11,C1,,4254000,,‧價單第3ZH號下的支付條款(A) Terms of Payment (A) under Price List No.3ZH ‧見備註/See Remarks 7 (c)(i)(aw) ‧見備註/See Remarks 7 (c)(ii)(q) ‧見備註/See Remarks 7 (c)(iii)(i),
2023-07-11,2023-07-18,,第 2 座 Tower 2,28,D2,,5202000,,‧價單第5ZB號下的支付條款(A) Terms of Payment (A) under Price List No.5ZB ‧見備註/See Remarks 7 (c)(i)(aw) ‧見備註/See Remarks 7 (c)(ii)(q) ‧見備註/See Remarks 7 (c)(iii)(k),
2023-07-14,2023-07-21,,第 2 座 Tower 2,27,D2,,5326000,,‧價單第5ZB號下的支付條款(D) Terms of Payment (D) under Price List No.5ZB ‧見備註/See Remarks 7 (c)(i)(az) ‧見備註/See Remarks 7 (c)(ii)(q) ‧見備註/See Remarks 7 (c)(ii)(t) ‧見備註/See Remarks 7 (c)(iii)(k),
2023-07-15,2023-07-21,,第 2 座 Tower 2,20,D9,,6943000,,‧價單第2ZH號下的支付條款(A) Terms of Payment (A) under Price List No.2ZH ‧見備註/See Remarks 7 (c)(i)(aw) ‧見備註/See Remarks 7 (c)(ii)(q) ‧見備註/See Remarks 7 (c)(iii)(j),
2023-07-16,2023-07-21,,第 1 座 Tower 1,28,A7,,4388000,,‧價單第4ZG號下的支付條款(A) Terms of Payment (A) under Price List No.4ZG ‧見備註/See Remarks 7 (c)(i)(aw) ‧見備註/See Remarks 7 (c)(ii)(p)(2) ‧見備註/See Remarks 7 (c)(iii)(d) ‧見備註/See Remarks 7 (c)(iii)(e),
2023-07-16,2023-07-21,,第 2 座 Tower 2,21,D9,,7185000,,‧價單第3ZI號下的支付條款(D) Terms of Payment (D) under Price List No.3ZI ‧見備註/See Remarks 7 (c)(i)(az) ‧見備註/See Remarks 7 (c)(ii)(q) ‧見備註/See Remarks 7 (c)(ii)(t) ‧見備註/See Remarks 7 (c)(iii)(j),
2023-07-20,2023-07-27,,第 2 座 Tower 2,16,C9,,5284000,,‧價單第3ZI號下的支付條款(A) Terms of Payment (A) under Price List No.3ZI ‧見備註/See Remarks 7 (c)(i)(aw) ‧見備註/See Remarks 7 (c)(ii)(q) ‧見備註/See Remarks 7 (c)(iii)(k),
2023-07-20,2023-07-27,,第 2 座 Tower 2,18,C1,,4427000,,‧價單第3ZI號下的支付條款(A) Terms of Payment (A) under Price List No.3ZI ‧見備註/See Remarks 7 (c)(i)(aw) ‧見備註/See Remarks 7 (c)(ii)(q) ‧見備註/See Remarks 7 (c)(iii)(i),
2023-07-23,2023-07-28,,第 2 座 Tower 2,16,C10,,5264000,,‧價單第3ZJ號下的支付條款(A) Terms of Payment (A) under Price List No.3ZJ ‧見備註/See Remarks 7 (c)(i)(aw) ‧見備註/See Remarks 7 (c)(ii)(q) ‧見備註/See Remarks 7 (c)(iii)(k),
2023-07-23,2023-07-28,,第 2 座 Tower 2,18,D9,,6820000,,‧價單第2ZI號下的支付條款(A) Terms of Payment (A) under Price List No.2ZI ‧見備註/See Remarks 7 (c)(i)(aw) ‧見備註/See Remarks 7 (c)(ii)(q) ‧見備註/See Remarks 7 (c)(iii)(j),
2023-07-30,2023-08-04,,第 1 座 Tower 1,23,B5,,3913000,,‧價單第3ZK號下的支付條款(A) Terms of Payment (A) under Price List No.3ZK ‧見備註/See Remarks 7 (c)(i)(aw) ‧見備註/See Remarks 7 (c)(ii)(q) ‧見備註/See Remarks 7 (c)(iii)(i),
2023-08-05,2023-08-11,,第 2 座 Tower 2,33,D2,,5254000,,‧價單第5ZE號下的支付條款(A) Terms of Payment (A) under Price List No.5ZE ‧見備註/See Remarks 7 (c)(i)(aw) ‧見備註/See Remarks 7 (c)(ii)(q) ‧見備註/See Remarks 7 (c)(iii)(k),
2023-08-07,2023-08-14,,第 2 座 Tower 2,16,C11,,5292000,,‧價單第3ZK號下的支付條款(A) Terms of Payment (A) under Price List No.3ZK ‧見備註/See Remarks 7 (c)(i)(aw) ‧見備註/See Remarks 7 (c)(ii)(q) ‧見備註/See Remarks 7 (c)(iii)(k),
2023-08-12,2023-08-18,2026-03-20,第 1 座 Tower 1,15,B8,,8208000,,‧價單第2ZJ號下的支付條款(C) Terms of Payment (C) under Price List No.2ZJ ‧見備註/See Remarks 7 (c)(i)(ay) ‧見備註/See Remarks 7 (c)(ii)(p)(2) ‧見備註/See Remarks 7 (c)(ii)(s) ‧見備註/See Remarks 7 (c)(iii)(d) ‧見備註/See Remarks 7 (c)(iii)(e),
2023-08-14,2023-08-21,,第 2 座 Tower 2,29,D2,,5212000,,‧價單第5ZE號下的支付條款(A) Terms of Payment (A) under Price List No.5ZE ‧見備註/See Remarks 7 (c)(i)(aw) ‧見備註/See Remarks 7 (c)(ii)(q) ‧見備註/See Remarks 7 (c)(iii)(k),
2023-08-17,2023-08-24,,第 1 座 Tower 1,30,B7,,3911000,,‧價單第5ZE號下的支付條款(D) Terms of Payment (D) under Price List No.5ZE ‧見備註/See Remarks 7 (c)(i)(az) ‧見備註/See Remarks 7 (c)(ii)(q) ‧見備註/See Remarks 7 (c)(ii)(t) ‧見備註/See Remarks 7 (c)(iii)(i),
2023-08-20,2023-08-25,,第 1 座 Tower 1,25,B5,,3944000,,‧價單第3ZL號下的支付條款(A) Terms of Payment (A) under Price List No.3ZL ‧見備註/See Remarks 7 (c)(i)(aw) ‧見備註/See Remarks 7 (c)(ii)(q) ‧見備註/See Remarks 7 (c)(iii)(i),
2023-08-20,2023-08-25,,第 2 座 Tower 2,19,A7,,5071000,,‧價單第2ZK號下的支付條款(A) Terms of Payment (A) under Price List No.2ZK ‧見備註/See Remarks 7 (c)(i)(aw) ‧見備註/See Remarks 7 (c)(ii)(p)(1) ‧見備註/See Remarks 7 (c)(iii)(m),
2023-08-20,2023-08-25,,第 2 座 Tower 2,21,A7,,5081000,,‧價單第3ZL號下的支付條款(A) Terms of Payment (A) under Price List No.3ZL ‧見備註/See Remarks 7 (c)(i)(aw) ‧見備註/See Remarks 7 (c)(ii)(p)(1) ‧見備註/See Remarks 7 (c)(iii)(m),
2023-08-20,2023-08-25,,第 2 座 Tower 2,22,A7,,4941000,,‧價單第3ZL號下的支付條款(A) Terms of Payment (A) under Price List No.3ZL ‧見備註/See Remarks 7 (c)(i)(aw) ‧見備註/See Remarks 7 (c)(ii)(p)(2) ‧見備註/See Remarks 7 (c)(iii)(m),
2023-08-20,2023-08-25,,第 2 座 Tower 2,28,A7,,4971000,,‧價單第5ZF號下的支付條款(A) Terms of Payment (A) under Price List No.5ZF ‧見備註/See Remarks 7 (c)(i)(aw) ‧見備註/See Remarks 7 (c)(ii)(p)(2) ‧見備註/See Remarks 7 (c)(iii)(m),
2023-08-20,2023-08-25,,第 2 座 Tower 2,16,C1,,4357000,,‧價單第3ZL號下的支付條款(A) Terms of Payment (A) under Price List No.3ZL ‧見備註/See Remarks 7 (c)(i)(aw) ‧見備註/See Remarks 7 (c)(ii)(q) ‧見備註/See Remarks 7 (c)(iii)(i),
2023-08-20,2023-08-25,,第 2 座 Tower 2,22,D9,,7054000,,‧價單第3ZL號下的支付條款(A) Terms of Payment (A) under Price List No.3ZL ‧見備註/See Remarks 7 (c)(i)(aw) ‧見備註/See Remarks 7 (c)(ii)(q) ‧見備註/See Remarks 7 (c)(iii)(j),
2023-08-23,2023-08-30,,第 2 座 Tower 2,21,C1,,4467000,,‧價單第3ZL號下的支付條款(A) Terms of Payment (A) under Price List No.3ZL ‧見備註/See Remarks 7 (c)(i)(aw) ‧見備註/See Remarks 7 (c)(ii)(q) ‧見備註/See Remarks 7 (c)(iii)(i),
2023-08-24,2023-08-31,,第 2 座 Tower 2,26,A7,,4957000,,‧價單第3ZL號下的支付條款(A) Terms of Payment (A) under Price List No.3ZL ‧見備註/See Remarks 7 (c)(i)(aw) ‧見備註/See Remarks 7 (c)(ii)(p)(2) ‧見備註/See Remarks 7 (c)(iii)(m),
2023-08-24,2023-08-31,,第 2 座 Tower 2,27,A7,,4961000,,‧價單第3ZL號下的支付條款(A) Terms of Payment (A) under Price List No.3ZL ‧見備註/See Remarks 7 (c)(i)(aw) ‧見備註/See Remarks 7 (c)(ii)(p)(2) ‧見備註/See Remarks 7 (c)(iii)(m),
2023-08-24,2023-08-31,,第 2 座 Tower 2,3,C5,,3827000,,‧價單第3ZL號下的支付條款(A) Terms of Payment (A) under Price List No.3ZL ‧見備註/See Remarks 7 (c)(i)(aw) ‧見備註/See Remarks 7 (c)(ii)(p)(2) ‧見備註/See Remarks 7 (c)(iii)(n),
2023-08-25,2023-08-31,,第 2 座 Tower 2,20,A7,,4931000,,‧價單第3ZL號下的支付條款(A) Terms of Payment (A) under Price List No.3ZL ‧見備註/See Remarks 7 (c)(i)(aw) ‧見備註/See Remarks 7 (c)(ii)(p)(2) ‧見備註/See Remarks 7 (c)(iii)(m),
2023-08-26,2023-08-31,,第 2 座 Tower 2,21,A1,,4909000,,‧價單第3ZM號下的支付條款(A) Terms of Payment (A) under Price List No.3ZM ‧見備註/See Remarks 7 (c)(i)(azb) ‧見備註/See Remarks 7 (c)(ii)(u) ‧見備註/See Remarks 7 (c)(iii)(r),
2023-08-26,2023-08-31,,第 2 座 Tower 2,22,A1,,5067000,,‧價單第3ZM號下的支付條款(B) Terms of Payment (B) under Price List No.3ZM ‧見備註/See Remarks 7 (c)(i)(azc) ‧見備註/See Remarks 7 (c)(ii)(u) ‧見備註/See Remarks 7 (c)(ii)(v) ‧見備註/See Remarks 7 (c)(iii)(r),
2023-08-27,2023-08-31,,第 1 座 Tower 1,33,B5,,4028000,,‧價單第5ZG號下的支付條款(A) Terms of Payment (A) under Price List No.5ZG ‧見備註/See Remarks 7 (c)(i)(azb) ‧見備註/See Remarks 7 (c)(ii)(u) ‧見備註/See Remarks 7 (c)(iii)(o),
2023-08-28,2023-09-04,,第 1 座 Tower 1,29,B7,,3800000,,‧價單第5ZG號下的支付條款(A) Terms of Payment (A) under Price List No.5ZG ‧見備註/See Remarks 7 (c)(i)(azb) ‧見備註/See Remarks 7 (c)(ii)(u) ‧見備註/See Remarks 7 (c)(iii)(o),
2023-08-28,2023-09-04,,第 2 座 Tower 2,16,A7,,4910000,,‧價單第2ZL號下的支付條款(A) Terms of Payment (A) under Price List No.2ZL ‧見備註/See Remarks 7 (c)(i)(azb) ‧見備註/See Remarks 7 (c)(ii)(u) ‧見備註/See Remarks 7 (c)(iii)(r),
2023-08-31,2023-09-07,,第 2 座 Tower 2,28,A1,,4994000,,‧價單第5ZG號下的支付條款(A) Terms of Payment (A) under Price List No.5ZG ‧見備註/See Remarks 7 (c)(i)(azb) ‧見備註/See Remarks 7 (c)(ii)(u) ‧見備註/See Remarks 7 (c)(iii)(r),
2023-09-06,2023-09-13,,第 2 座 Tower 2,17,A7,,5052000,,‧價單第2ZL號下的支付條款(B) Terms of Payment (B) under Price List No.2ZL ‧見備註/See Remarks 7 (c)(i)(azc) ‧見備註/See Remarks 7 (c)(ii)(u) ‧見備註/See Remarks 7 (c)(ii)(v) ‧見備註/See Remarks 7 (c)(iii)(r),
2023-09-10,2023-09-15,,第 2 座 Tower 2,26,A1,,4969000,,‧價單第3ZM號下的支付條款(A) Terms of Payment (A) under Price List No.3ZM ‧見備註/See Remarks 7 (c)(i)(azb) ‧見備註/See Remarks 7 (c)(ii)(u) ‧見備註/See Remarks 7 (c)(iii)(r),
2023-09-13,2023-09-20,,第 2 座 Tower 2,27,A1,,4984000,,‧價單第3ZM號下的支付條款(A) Terms of Payment (A) under Price List No.3ZM ‧見備註/See Remarks 7 (c)(i)(azb) ‧見備註/See Remarks 7 (c)(ii)(u) ‧見備註/See Remarks 7 (c)(iii)(r),
2023-09-14,2023-09-21,,第 2 座 Tower 2,23,A1,,4939000,,‧價單第3ZM號下的支付條款(A) Terms of Payment (A) under Price List No.3ZM ‧見備註/See Remarks 7 (c)(i)(azb) ‧見備註/See Remarks 7 (c)(ii)(u) ‧見備註/See Remarks 7 (c)(iii)(r),
2023-09-16,2023-09-22,,第 2 座 Tower 2,20,A6,,5100000,,‧價單第3ZN號下的支付條款(B) Terms of Payment (B) under Price List No.3ZN ‧見備註/See Remarks 7 (c)(i)(azc) ‧見備註/See Remarks 7 (c)(ii)(v) ‧見備註/See Remarks 7 (c)(ii)(w) ‧見備註/See Remarks 7 (c)(iii)(v),
2023-09-16,2023-09-22,,第 2 座 Tower 2,22,A6,,4989000,,‧價單第3ZN號下的支付條款(A) Terms of Payment (A) under Price List No.3ZN ‧見備註/See Remarks 7 (c)(i)(azb) ‧見備註/See Remarks 7 (c)(ii)(w) ‧見備註/See Remarks 7 (c)(iii)(v),
2023-09-16,2023-09-22,,第 2 座 Tower 2,23,A6,,5147000,,‧價單第3ZN號下的支付條款(B) Terms of Payment (B) under Price List No.3ZN ‧見備註/See Remarks 7 (c)(i)(azc) ‧見備註/See Remarks 7 (c)(ii)(v) ‧見備註/See Remarks 7 (c)(ii)(w) ‧見備註/See Remarks 7 (c)(iii)(v),
2023-09-16,2023-09-22,,第 2 座 Tower 2,26,A6,,5177000,,‧價單第3ZN號下的支付條款(B) Terms of Payment (B) under Price List No.3ZN ‧見備註/See Remarks 7 (c)(i)(azc) ‧見備註/See Remarks 7 (c)(ii)(v) ‧見備註/See Remarks 7 (c)(ii)(w) ‧見備註/See Remarks 7 (c)(iii)(v),
2023-09-17,2023-09-22,,第 1 座 Tower 1,26,B5,,4073000,,‧價單第3ZO號下的支付條款(B) Terms of Payment (B) under Price List No.3ZO ‧見備註/See Remarks 7 (c)(i)(azc) ‧見備註/See Remarks 7 (c)(ii)(v) ‧見備註/See Remarks 7 (c)(ii)(x) ‧見備註/See Remarks 7 (c)(iii)(o),
2023-09-19,2023-09-26,,第 2 座 Tower 2,23,A5,,4995000,,‧價單第3ZP號下的支付條款(A) Terms of Payment (A) under Price List No.3ZP ‧見備註/See Remarks 7 (c)(i)(azb) ‧見備註/See Remarks 7 (c)(ii)(y) ‧見備註/See Remarks 7 (c)(iii)(v),
2023-09-19,2023-09-26,,第 2 座 Tower 2,26,A5,,5025000,,‧價單第3ZP號下的支付條款(A) Terms of Payment (A) under Price List No.3ZP ‧見備註/See Remarks 7 (c)(i)(azb) ‧見備註/See Remarks 7 (c)(ii)(y) ‧見備註/See Remarks 7 (c)(iii)(v),
2023-09-22,2023-09-29,,第 1 座 Tower 1,18,A8,,6968000,,‧價單第3ZQ號下的支付條款(A) Terms of Payment (A) under Price List No.3ZQ ‧見備註/See Remarks 7 (c)(i)(azb) ‧見備註/See Remarks 7 (c)(ii)(z) ‧見備註/See Remarks 7 (c)(iii)(o),
2023-09-24,2023-09-28,,第 1 座 Tower 1,35,B5,,4030000,,‧價單第5ZL號下的支付條款(A) Terms of Payment (A) under Price List No.5ZL ‧見備註/See Remarks 7 (c)(i)(azb) ‧見備註/See Remarks 7 (c)(ii)(z) ‧見備註/See Remarks 7 (c)(iii)(o),
2023-10-04,2023-10-11,,第 2 座 Tower 2,18,A6,,4931000,,‧價單第2ZQ號下的支付條款(A) Terms of Payment (A) under Price List No.2ZQ ‧見備註/See Remarks 7 (c)(i)(azb) ‧見備註/See Remarks 7 (c)(ii)(z) ‧見備註/See Remarks 7 (c)(iii)(v),
2023-10-07,2023-10-13,,第 2 座 Tower 2,21,A3,,4977000,,‧價單第3ZR號下的支付條款(A) Terms of Payment (A) under Price List No.3ZR ‧見備註/See Remarks 7 (c)(i)(azb) ‧見備註/See Remarks 7 (c)(ii)(z) ‧見備註/See Remarks 7 (c)(iii)(v),
2023-10-10,2023-10-17,,第 1 座 Tower 1,29,A8,,7315000,,‧價單第5ZL號下的支付條款(A) Terms of Payment (A) under Price List No.5ZL ‧見備註/See Remarks 7 (c)(i)(azb) ‧見備註/See Remarks 7 (c)(ii)(z) ‧見備註/See Remarks 7 (c)(iii)(o),
2023-10-11,2023-10-18,,第 1 座 Tower 1,19,A1,,4988000,,‧價單第2ZQ號下的支付條款(A) Terms of Payment (A) under Price List No.2ZQ ‧見備註/See Remarks 7 (c)(i)(azb) ‧見備註/See Remarks 7 (c)(ii)(z) ‧見備註/See Remarks 7 (c)(iii)(p),
2023-10-14,2023-10-20,,第 1 座 Tower 1,27,B5,,3984000,,‧價單第3ZR號下的支付條款(A) Terms of Payment (A) under Price List No.3ZR ‧見備註/See Remarks 7 (c)(i)(azb) ‧見備註/See Remarks 7 (c)(ii)(z) ‧見備註/See Remarks 7 (c)(iii)(o),
2023-10-14,2023-10-20,,第 2 座 Tower 2,27,D9,,7283000,,‧價單第3ZR號下的支付條款(A) Terms of Payment (A) under Price List No.3ZR ‧見備註/See Remarks 7 (c)(i)(azb) ‧見備註/See Remarks 7 (c)(ii)(z) ‧見備註/See Remarks 7 (c)(iii)(p),
2023-10-16,2023-10-24,,第 1 座 Tower 1,30,B5,,4019000,,‧價單第3ZS號下的支付條款(A) Terms of Payment (A) under Price List No.3ZS ‧見備註/See Remarks 7 (c)(i)(azb) ‧見備註/See Remarks 7 (c)(ii)(aa)(2) ‧見備註/See Remarks 7 (c)(iii)(w),
2023-10-17,2023-10-25,,第 2 座 Tower 2,20,C1,,4575000,,‧價單第3ZS號下的支付條款(B) Terms of Payment (B) under Price List No.3ZS ‧見備註/See Remarks 7 (c)(i)(azd) ‧見備註/See Remarks 7 (c)(ii)(aa)(2) ‧見備註/See Remarks 7 (c)(ii)(ab) ‧見備註/See Remarks 7 (c)(iii)(w),
2023-10-23,2023-10-30,,第 1 座 Tower 1,28,B6,,4010000,,‧價單第3ZT號下的支付條款(A) Terms of Payment (A) under Price List No.3ZT ‧見備註/See Remarks 7 (c)(i)(azb) ‧見備註/See Remarks 7 (c)(ii)(ac)(1) ‧見備註/See Remarks 7 (c)(ii)(ac)(2) ‧見備註/See Remarks 7 (c)(iii)(w),
2023-10-25,2023-11-01,,第 1 座 Tower 1,27,B6,,4099000,,‧價單第3ZT號下的支付條款(B) Terms of Payment (B) under Price List No.3ZT ‧見備註/See Remarks 7 (c)(i)(azd) ‧見備註/See Remarks 7 (c)(ii)(ad)(2) ‧見備註/See Remarks 7 (c)(ii)(ae) ‧見備註/See Remarks 7 (c)(iii)(w),
2023-10-29,2023-11-02,,第 2 座 Tower 2,32,D1,,5207000,,‧價單第5ZN號下的支付條款(A) Terms of Payment (A) under Price List No.5ZN ‧見備註/See Remarks 7 (c)(i)(azb) ‧見備註/See Remarks 7 (c)(ii)(ac)(1) ‧見備註/See Remarks 7 (c)(ii)(ac)(2) ‧見備註/See Remarks 7 (c)(iii)(x),
2023-10-31,2023-11-07,,第 2 座 Tower 2,19,C6,,5681000,,‧價單第5ZO號下的支付條款(C) Terms of Payment (C) under Price List No.5ZO ‧見備註/See Remarks 7 (c)(i)(aze) ‧見備註/See Remarks 7 (c)(ii)(af) ‧見備註/See Remarks 7 (c)(ii)(ah)(1) ‧見備註/See Remarks 7 (c)(iii)(x),
2023-11-01,2023-11-08,,第 1 座 Tower 1,29,B5,,4012000,,‧價單第3ZU號下的支付條款(A) Terms of Payment (A) under Price List No.3ZU ‧見備註/See Remarks 7 (c)(i)(azb) ‧見備註/See Remarks 7 (c)(ii)(ag)(1) ‧見備註/See Remarks 7 (c)(ii)(ag)(2) ‧見備註/See Remarks 7 (c)(iii)(w),
2023-11-03,2023-11-10,,第 1 座 Tower 1,29,B6,,4132000,,‧價單第3ZU號下的支付條款(B) Terms of Payment (B) under Price List No.3ZU ‧見備註/See Remarks 7 (c)(i)(azd) ‧見備註/See Remarks 7 (c)(ii)(ae) ‧見備註/See Remarks 7 (c)(ii)(ah)(2) ‧見備註/See Remarks 7 (c)(iii)(w),
2023-11-10,2023-11-17,,第 1 座 Tower 1,30,B6,,4034000,,‧價單第3ZU號下的支付條款(A) Terms of Payment (A) under Price List No.3ZU ‧見備註/See Remarks 7 (c)(i)(azb) ‧見備註/See Remarks 7 (c)(ii)(ag)(1) ‧見備註/See Remarks 7 (c)(ii)(ag)(2) ‧見備註/See Remarks 7 (c)(iii)(w),
2023-12-01,2023-12-08,,第 1 座 Tower 1,21,A8,,7332000,,‧價單第3ZX號下的支付條款(A) Terms of Payment (A) under Price List No.3ZX ‧見備註/See Remarks 7 (c)(i)(azh) ‧見備註/See Remarks 7 (c)(ii)(am)(1) ‧見備註/See Remarks 7 (c)(ii)(am)(2) ‧見備註/See Remarks 7 (c)(ii)(ao) ‧見備註/See Remarks 7 (c)(iii)(x),
2023-12-01,2023-12-08,,第 1 座 Tower 1,22,B6,,3888000,,‧價單第3ZX號下的支付條款(A) Terms of Payment (A) under Price List No.3ZX ‧見備註/See Remarks 7 (c)(i)(azh) ‧見備註/See Remarks 7 (c)(ii)(am)(1) ‧見備註/See Remarks 7 (c)(ii)(am)(2) ‧見備註/See Remarks 7 (c)(ii)(ao) ‧見備註/See Remarks 7 (c)(iii)(w),
2023-12-03,2023-12-08,,第 1 座 Tower 1,25,A8,,7466000,,‧價單第3ZX號下的支付條款(A) Terms of Payment (A) under Price List No.3ZX ‧見備註/See Remarks 7 (c)(i)(azh) ‧見備註/See Remarks 7 (c)(ii)(am)(1) ‧見備註/See Remarks 7 (c)(ii)(am)(2) ‧見備註/See Remarks 7 (c)(ii)(ao) ‧見備註/See Remarks 7 (c)(iii)(x),
2023-12-08,2023-12-15,,第 1 座 Tower 1,38,B5,,4169000,,‧價單第5ZR號下的支付條款(A) Terms of Payment (A) under Price List No.5ZR ‧見備註/See Remarks 7 (c)(i)(azh) ‧見備註/See Remarks 7 (c)(ii)(am)(1) ‧見備註/See Remarks 7 (c)(ii)(am)(2) ‧見備註/See Remarks 7 (c)(ii)(ao) ‧見備註/See Remarks 7 (c)(iii)(x),
2023-12-08,2023-12-15,,第 2 座 Tower 2,19,C1,,4439000,,‧價單第3ZX號下的支付條款(A) Terms of Payment (A) under Price List No.3ZX ‧見備註/See Remarks 7 (c)(i)(azh) ‧見備註/See Remarks 7 (c)(ii)(am)(1) ‧見備註/See Remarks 7 (c)(ii)(am)(2) ‧見備註/See Remarks 7 (c)(ii)(ao) ‧見備註/See Remarks 7 (c)(iii)(w),
2023-12-10,2023-12-15,,第 1 座 Tower 1,26,B6,,3970000,,‧價單第3ZX號下的支付條款(A) Terms of Payment (A) under Price List No.3ZX ‧見備註/See Remarks 7 (c)(i)(azh) ‧見備註/See Remarks 7 (c)(ii)(am)(1) ‧見備註/See Remarks 7 (c)(ii)(am)(2) ‧見備註/See Remarks 7 (c)(ii)(ao) ‧見備註/See Remarks 7 (c)(iii)(w),
2023-12-14,2023-12-21,,第 2 座 Tower 2,19,A6,,5120000,,‧價單第2ZW號下的支付條款(A) Terms of Payment (A) under Price List No.2ZW ‧見備註/See Remarks 7 (c)(i)(azh) ‧見備註/See Remarks 7 (c)(ii)(am)(1) ‧見備註/See Remarks 7 (c)(ii)(am)(2) ‧見備註/See Remarks 7 (c)(ii)(ao) ‧見備註/See Remarks 7 (c)(iii)(w),
2023-12-24,2024-01-03,,第 1 座 Tower 1,23,A8,,7428000,,‧價單第3ZX號下的支付條款(A) Terms of Payment (A) under Price List No.3ZX ‧見備註/See Remarks 7 (c)(i)(azh) ‧見備註/See Remarks 7 (c)(ii)(am)(1) ‧見備註/See Remarks 7 (c)(ii)(am)(2) ‧見備註/See Remarks 7 (c)(ii)(ao) ‧見備註/See Remarks 7 (c)(iii)(x),
2023-12-28,2024-01-05,,第 1 座 Tower 1,22,A8,,7391000,,‧價單第3ZX號下的支付條款(A) Terms of Payment (A) under Price List No.3ZX ‧見備註/See Remarks 7 (c)(i)(azh) ‧見備註/See Remarks 7 (c)(ii)(am)(1) ‧見備註/See Remarks 7 (c)(ii)(am)(2) ‧見備註/See Remarks 7 (c)(ii)(ao) ‧見備註/See Remarks 7 (c)(iii)(x),
2023-12-28,2024-01-05,,第 1 座 Tower 1,25,B6,,3950000,,‧價單第3ZX號下的支付條款(A) Terms of Payment (A) under Price List No.3ZX ‧見備註/See Remarks 7 (c)(i)(azh) ‧見備註/See Remarks 7 (c)(ii)(am)(1) ‧見備註/See Remarks 7 (c)(ii)(am)(2) ‧見備註/See Remarks 7 (c)(ii)(ao) ‧見備註/See Remarks 7 (c)(iii)(w),
2024-01-02,2024-01-09,,第 1 座 Tower 1,29,B2,,5838000,,‧價單第3ZY號下的支付條款(A) Terms of Payment (A) under Price List No.3ZY ‧見備註/See Remarks 7 (c)(i)(azh) ‧見備註/See Remarks 7 (c)(ii)(ap)(1) ‧見備註/See Remarks 7 (c)(ii)(ap)(2) ‧見備註/See Remarks 7 (c)(ii)(ao) ‧見備註/See Remarks 7 (c)(iii)(x),
2024-01-04,2024-01-11,,第 1 座 Tower 1,26,A3,,3931000,,‧價單第4ZW號下的支付條款(A) Terms of Payment (A) under Price List No.4ZW ‧見備註/See Remarks 7 (c)(i)(azh) ‧見備註/See Remarks 7 (c)(ii)(ap)(1) ‧見備註/See Remarks 7 (c)(ii)(ap)(2) ‧見備註/See Remarks 7 (c)(ii)(ao) ‧見備註/See Remarks 7 (c)(iii)(y),
2024-01-05,2024-01-12,,第 1 座 Tower 1,37,B5,,4166000,,‧價單第5ZS號下的支付條款(A) Terms of Payment (A) under Price List No.5ZS ‧見備註/See Remarks 7 (c)(i)(azh) ‧見備註/See Remarks 7 (c)(ii)(ap)(1) ‧見備註/See Remarks 7 (c)(ii)(ap)(2) ‧見備註/See Remarks 7 (c)(ii)(ao) ‧見備註/See Remarks 7 (c)(iii)(x),
2024-01-06,2024-01-12,,第 2 座 Tower 2,17,A6,,5090000,,‧價單第2ZX號下的支付條款(A) Terms of Payment (A) under Price List No.2ZX ‧見備註/See Remarks 7 (c)(i)(azh) ‧見備註/See Remarks 7 (c)(ii)(ap)(1) ‧見備註/See Remarks 7 (c)(ii)(ap)(2) ‧見備註/See Remarks 7 (c)(ii)(ao) ‧見備註/See Remarks 7 (c)(iii)(w),
2024-01-06,2024-01-12,,第 2 座 Tower 2,28,A6,,5234000,,‧價單第5ZS號下的支付條款(A) Terms of Payment (A) under Price List No.5ZS ‧見備註/See Remarks 7 (c)(i)(azh) ‧見備註/See Remarks 7 (c)(ii)(ap)(1) ‧見備註/See Remarks 7 (c)(ii)(ap)(2) ‧見備註/See Remarks 7 (c)(ii)(ao) ‧見備註/See Remarks 7 (c)(iii)(w),
2024-01-06,2024-01-12,,第 2 座 Tower 2,29,D9,,7400000,,‧價單第3ZY號下的支付條款(A) Terms of Payment (A) under Price List No.3ZY ‧見備註/See Remarks 7 (c)(i)(azh) ‧見備註/See Remarks 7 (c)(ii)(ap)(1) ‧見備註/See Remarks 7 (c)(ii)(ap)(2) ‧見備註/See Remarks 7 (c)(ii)(ao) ‧見備註/See Remarks 7 (c)(iii)(x),
2024-01-08,2024-01-15,,第 2 座 Tower 2,21,A6,,5152000,,‧價單第3ZY號下的支付條款(A) Terms of Payment (A) under Price List No.3ZY ‧見備註/See Remarks 7 (c)(i)(azh) ‧見備註/See Remarks 7 (c)(ii)(ap)(1) ‧見備註/See Remarks 7 (c)(ii)(ap)(2) ‧見備註/See Remarks 7 (c)(ii)(ao) ‧見備註/See Remarks 7 (c)(iii)(w),
2024-01-08,2024-01-15,,第 2 座 Tower 2,23,D9,,7253000,,‧價單第3ZY號下的支付條款(A) Terms of Payment (A) under Price List No.3ZY ‧見備註/See Remarks 7 (c)(i)(azh) ‧見備註/See Remarks 7 (c)(ii)(ap)(1) ‧見備註/See Remarks 7 (c)(ii)(ap)(2) ‧見備註/See Remarks 7 (c)(ii)(ao) ‧見備註/See Remarks 7 (c)(iii)(x),
2024-01-13,2024-01-19,,第 1 座 Tower 1,27,A3,,3951000,,‧價單第4ZW號下的支付條款(B) Terms of Payment (B) under Price List No.4ZW ‧見備註/See Remarks 7 (c)(i)(azi) ‧見備註/See Remarks 7 (c)(ii)(ap)(1) ‧見備註/See Remarks 7 (c)(ii)(ap)(2) ‧見備註/See Remarks 7 (c)(ii)(an) ‧見備註/See Remarks 7 (c)(iii)(y),
2024-01-21,2024-01-26,,第 1 座 Tower 1,27,A8,,7690000,,‧價單第5ZT號下的支付條款(A) Terms of Payment (A) under Price List No.5ZT ‧見備註/See Remarks 7 (c)(i)(azh) ‧見備註/See Remarks 7 (c)(ii)(ap)(1) ‧見備註/See Remarks 7 (c)(ii)(ap)(2) ‧見備註/See Remarks 7 (c)(ii)(ao) ‧見備註/See Remarks 7 (c)(iii)(y),
2024-01-21,2024-01-26,,第 2 座 Tower 2,27,A2,,5155000,,‧價單第3ZZ號下的支付條款(A) Terms of Payment (A) under Price List No.3ZZ ‧見備註/See Remarks 7 (c)(i)(azh) ‧見備註/See Remarks 7 (c)(ii)(ap)(1) ‧見備註/See Remarks 7 (c)(ii)(ap)(2) ‧見備註/See Remarks 7 (c)(ii)(ao) ‧見備註/See Remarks 7 (c)(iii)(w),
2024-01-22,2024-01-29,,第 2 座 Tower 2,27,A5,,5218000,,‧價單第3ZZ號下的支付條款(A) Terms of Payment (A) under Price List No.3ZZ ‧見備註/See Remarks 7 (c)(i)(azh) ‧見備註/See Remarks 7 (c)(ii)(ap)(1) ‧見備註/See Remarks 7 (c)(ii)(ap)(2) ‧見備註/See Remarks 7 (c)(ii)(ao) ‧見備註/See Remarks 7 (c)(iii)(w),
2024-01-28,2024-02-02,,第 2 座 Tower 2,18,C6,,5249000,,‧價單第5ZU號下的支付條款(A) Terms of Payment (A) under Price List No.5ZU ‧見備註/See Remarks 7 (c)(i)(azh) ‧見備註/See Remarks 7 (c)(ii)(as)(1) ‧見備註/See Remarks 7 (c)(ii)(as)(2) ‧見備註/See Remarks 7 (c)(ii)(ao) ‧見備註/See Remarks 7 (c)(iii)(x),
2024-01-30,2024-02-06,,第 1 座 Tower 1,27,B2,,5780000,,‧價單第3ZZA號下的支付條款(A) Terms of Payment (A) under Price List No.3ZZA ‧見備註/See Remarks 7 (c)(i)(azh) ‧見備註/See Remarks 7 (c)(ii)(as)(1) ‧見備註/See Remarks 7 (c)(ii)(as)(2) ‧見備註/See Remarks 7 (c)(ii)(ao) ‧見備註/See Remarks 7 (c)(iii)(x),
2024-02-16,2024-02-23,,第 2 座 Tower 2,16,C6,,5198000,,‧價單第3ZZA號下的支付條款(A) Terms of Payment (A) under Price List No.3ZZA ‧見備註/See Remarks 7 (c)(i)(azh) ‧見備註/See Remarks 7 (c)(ii)(as)(1) ‧見備註/See Remarks 7 (c)(ii)(as)(2) ‧見備註/See Remarks 7 (c)(ii)(ao) ‧見備註/See Remarks 7 (c)(iii)(x),
2024-02-17,2024-02-23,,第 2 座 Tower 2,27,A6,,5224000,,‧價單第3ZZA號下的支付條款(A) Terms of Payment (A) under Price List No.3ZZA ‧見備註/See Remarks 7 (c)(i)(azh) ‧見備註/See Remarks 7 (c)(ii)(as)(1) ‧見備註/See Remarks 7 (c)(ii)(as)(2) ‧見備註/See Remarks 7 (c)(ii)(ao) ‧見備註/See Remarks 7 (c)(iii)(w),
2024-02-17,2024-02-23,,第 2 座 Tower 2,17,C6,,5240000,,‧價單第3ZZA號下的支付條款(A) Terms of Payment (A) under Price List No.3ZZA ‧見備註/See Remarks 7 (c)(i)(azh) ‧見備註/See Remarks 7 (c)(ii)(as)(1) ‧見備註/See Remarks 7 (c)(ii)(as)(2) ‧見備註/See Remarks 7 (c)(ii)(ao) ‧見備註/See Remarks 7 (c)(iii)(x),
2024-02-18,2024-02-23,,第 1 座 Tower 1,20,A8,,7468000,,‧價單第3ZZA號下的支付條款(C) Terms of Payment (C) under Price List No.3ZZA ‧見備註/See Remarks 7 (c)(i)(azj) ‧見備註/See Remarks 7 (c)(ii)(as)(1) ‧見備註/See Remarks 7 (c)(ii)(as)(2) ‧見備註/See Remarks 7 (c)(ii)(aq) ‧見備註/See Remarks 7 (c)(ii)(ar) ‧見備註/See Remarks 7 (c)(iii)(y),
2024-02-18,2024-02-23,,第 1 座 Tower 1,26,A8,,7677000,,‧價單第5ZU號下的支付條款(A) Terms of Payment (A) under Price List No.5ZU ‧見備註/See Remarks 7 (c)(i)(azh) ‧見備註/See Remarks 7 (c)(ii)(as)(1) ‧見備註/See Remarks 7 (c)(ii)(as)(2) ‧見備註/See Remarks 7 (c)(ii)(ao) ‧見備註/See Remarks 7 (c)(iii)(y),
2024-02-19,2024-02-26,,第 1 座 Tower 1,19,A8,,7409000,,‧價單第3ZZA號下的支付條款(A) Terms of Payment (A) under Price List No.3ZZA ‧見備註/See Remarks 7 (c)(i)(azh) ‧見備註/See Remarks 7 (c)(ii)(as)(1) ‧見備註/See Remarks 7 (c)(ii)(as)(2) ‧見備註/See Remarks 7 (c)(ii)(ao) ‧見備註/See Remarks 7 (c)(iii)(y),
2024-02-20,2024-02-27,,第 1 座 Tower 1,30,A3,,3995000,,‧價單第4ZY號下的支付條款(A) Terms of Payment (A) under Price List No.4ZY ‧見備註/See Remarks 7 (c)(i)(azh) ‧見備註/See Remarks 7 (c)(ii)(as)(1) ‧見備註/See Remarks 7 (c)(ii)(as)(2) ‧見備註/See Remarks 7 (c)(ii)(ao) ‧見備註/See Remarks 7 (c)(iii)(y),
2024-02-25,2024-03-01,,第 1 座 Tower 1,23,B6,,3919000,,‧價單第3ZZB號下的支付條款(A) Terms of Payment (A) under Price List No.3ZZB ‧見備註/See Remarks 7 (c)(i)(azh) ‧見備註/See Remarks 7 (c)(ii)(ao) ‧見備註/See Remarks 7 (c)(ii)(at)(1) ‧見備註/See Remarks 7 (c)(ii)(at)(2) ‧見備註/See Remarks 7 (c)(iii)(w),
2024-02-26,2024-03-04,,第 1 座 Tower 1,27,B8,,7492000,,‧價單第5ZV號下的支付條款(A) Terms of Payment (A) under Price List No.5ZV ‧見備註/See Remarks 7 (c)(i)(azh) ‧見備註/See Remarks 7 (c)(ii)(ao) ‧見備註/See Remarks 7 (c)(ii)(at)(1) ‧見備註/See Remarks 7 (c)(ii)(at)(2) ‧見備註/See Remarks 7 (c)(iii)(z),
2024-02-27,2024-03-05,,第 2 座 Tower 2,30,D2,,5224000,,‧價單第5ZV號下的支付條款(A) Terms of Payment (A) under Price List No.5ZV ‧見備註/See Remarks 7 (c)(i)(azh) ‧見備註/See Remarks 7 (c)(ii)(ao) ‧見備註/See Remarks 7 (c)(ii)(at)(1) ‧見備註/See Remarks 7 (c)(ii)(at)(2) ‧見備註/See Remarks 7 (c)(iii)(y),
2024-02-29,2024-03-07,,第 2 座 Tower 2,21,C6,,5281000,,‧價單第5ZV號下的支付條款(C) Terms of Payment (C) under Price List No.5ZV ‧見備註/See Remarks 7 (c)(i)(azj) ‧見備註/See Remarks 7 (c)(ii)(aq) ‧見備註/See Remarks 7 (c)(ii)(ar) ‧見備註/See Remarks 7 (c)(ii)(at)(1) ‧見備註/See Remarks 7 (c)(ii)(at)(2) ‧見備註/See Remarks 7 (c)(iii)(x) ‧價單第5ZV號下的支付條款(A) Terms of Payment (A) under Price List No.5ZV ‧見備註/See Remarks 7 (c)(i)(azh) ‧見備註/See Remarks 7 (c)(ii)(ao) ‧見備註/See Remarks 7 (c)(ii)(at)(1) ‧見備註/See Remarks 7 (c)(ii)(at)(2) ‧見備註/See Remarks 7 (c)(iii)(x) (在 22-03-2024修訂) (revised on 22-03-2024),
2024-02-29,2024-03-05,,第 2 座 Tower 2,27,C6,,5355000,,‧價單第3ZZB號下的支付條款(A) Terms of Payment (A) under Price List No.3ZZB ‧見備註/See Remarks 7 (c)(i)(azh) ‧見備註/See Remarks 7 (c)(ii)(ao) ‧見備註/See Remarks 7 (c)(ii)(at)(1) ‧見備註/See Remarks 7 (c)(ii)(at)(2) ‧見備註/See Remarks 7 (c)(iii)(x),
2024-03-01,2024-03-08,,第 2 座 Tower 2,18,A8,,7115000,,‧價單第2ZZA號下的支付條款(A) Terms of Payment (A) under Price List No.2ZZA ‧見備註/See Remarks 7 (c)(i)(azh) ‧見備註/See Remarks 7 (c)(ii)(ao) ‧見備註/See Remarks 7 (c)(ii)(at)(1) ‧見備註/See Remarks 7 (c)(ii)(at)(2) ‧見備註/See Remarks 7 (c)(iii)(x),
2024-03-01,2024-03-08,,第 2 座 Tower 2,20,C6,,5270000,,‧價單第5ZV號下的支付條款(C) Terms of Payment (C) under Price List No.5ZV ‧見備註/See Remarks 7 (c)(i)(azj) ‧見備註/See Remarks 7 (c)(ii)(aq) ‧見備註/See Remarks 7 (c)(ii)(ar) ‧見備註/See Remarks 7 (c)(ii)(at)(1) ‧見備註/See Remarks 7 (c)(ii)(at)(2) ‧見備註/See Remarks 7 (c)(iii)(x),
2024-03-02,2024-03-08,,第 1 座 Tower 1,23,A3,,3892000,,‧價單第4ZZA號下的支付條款(B) Terms of Payment (B) under Price List No.4ZZA ‧見備註/See Remarks 7 (c)(i)(azi) ‧見備註/See Remarks 7 (c)(ii)(an) ‧見備註/See Remarks 7 (c)(ii)(au)(1) ‧見備註/See Remarks 7 (c)(ii)(au)(2) ‧見備註/See Remarks 7 (c)(iii)(y),
2024-03-02,2024-03-08,,第 1 座 Tower 1,28,A3,,3971000,,‧價單第4ZZA號下的支付條款(A) Terms of Payment (A) under Price List No.4ZZA ‧見備註/See Remarks 7 (c)(i)(azh) ‧見備註/See Remarks 7 (c)(ii)(ao) ‧見備註/See Remarks 7 (c)(ii)(au)(1) ‧見備註/See Remarks 7 (c)(ii)(au)(2) ‧見備註/See Remarks 7 (c)(iii)(y),
2024-03-02,2024-03-08,,第 1 座 Tower 1,32,A5,,4113000,,‧價單第5ZW號下的支付條款(A) Terms of Payment (A) under Price List No.5ZW ‧見備註/See Remarks 7 (c)(i)(azh) ‧見備註/See Remarks 7 (c)(ii)(ao) ‧見備註/See Remarks 7 (c)(ii)(au)(1) ‧見備註/See Remarks 7 (c)(ii)(au)(2) ‧見備註/See Remarks 7 (c)(iii)(x),
2024-03-02,2024-03-08,,第 2 座 Tower 2,22,C1,,4480000,,‧價單第3ZZC號下的支付條款(A) Terms of Payment (A) under Price List No.3ZZC ‧見備註/See Remarks 7 (c)(i)(azh) ‧見備註/See Remarks 7 (c)(ii)(ao) ‧見備註/See Remarks 7 (c)(ii)(au)(1) ‧見備註/See Remarks 7 (c)(ii)(au)(2) ‧見備註/See Remarks 7 (c)(iii)(w),
2024-03-02,2024-03-07,,第 2 座 Tower 2,26,C6,,5350000,,‧價單第3ZZC號下的支付條款(A) Terms of Payment (A) under Price List No.3ZZC ‧見備註/See Remarks 7 (c)(i)(azh) ‧見備註/See Remarks 7 (c)(ii)(ao) ‧見備註/See Remarks 7 (c)(ii)(au)(1) ‧見備註/See Remarks 7 (c)(ii)(au)(2) ‧見備註/See Remarks 7 (c)(iii)(x),
2024-03-02,2024-03-08,,第 2 座 Tower 2,31,D1,,5197000,,‧價單第5ZW號下的支付條款(A) Terms of Payment (A) under Price List No.5ZW ‧見備註/See Remarks 7 (c)(i)(azh) ‧見備註/See Remarks 7 (c)(ii)(ao) ‧見備註/See Remarks 7 (c)(ii)(au)(1) ‧見備註/See Remarks 7 (c)(ii)(au)(2) ‧見備註/See Remarks 7 (c)(iii)(x),
2024-03-02,2024-03-08,,第 2 座 Tower 2,31,D2,,5234000,,‧價單第5ZW號下的支付條款(B) Terms of Payment (B) under Price List No.5ZW ‧見備註/See Remarks 7 (c)(i)(azi) ‧見備註/See Remarks 7 (c)(ii)(an) ‧見備註/See Remarks 7 (c)(ii)(au)(1) ‧見備註/See Remarks 7 (c)(ii)(au)(2) ‧見備註/See Remarks 7 (c)(iii)(y),
2024-03-03,2024-03-08,,第 1 座 Tower 1,27,A5,,4044000,,‧價單第3ZZC號下的支付條款(A) Terms of Payment (A) under Price List No.3ZZC ‧見備註/See Remarks 7 (c)(i)(azh) ‧見備註/See Remarks 7 (c)(ii)(ao) ‧見備註/See Remarks 7 (c)(ii)(au)(1) ‧見備註/See Remarks 7 (c)(ii)(au)(2) ‧見備註/See Remarks 7 (c)(iii)(x),
2024-03-03,2024-03-08,,第 1 座 Tower 1,28,A5,,4064000,,‧價單第3ZZC號下的支付條款(C) Terms of Payment (C) under Price List No.3ZZC ‧見備註/See Remarks 7 (c)(i)(azj) ‧見備註/See Remarks 7 (c)(ii)(aq) ‧見備註/See Remarks 7 (c)(ii)(ar) ‧見備註/See Remarks 7 (c)(ii)(au)(1) ‧見備註/See Remarks 7 (c)(ii)(au)(2) ‧見備註/See Remarks 7 (c)(iii)(x),
2024-03-03,2024-03-08,,第 1 座 Tower 1,29,A3,,3990000,,‧價單第4ZZA號下的支付條款(A) Terms of Payment (A) under Price List No.4ZZA ‧見備註/See Remarks 7 (c)(i)(azh) ‧見備註/See Remarks 7 (c)(ii)(ao) ‧見備註/See Remarks 7 (c)(ii)(au)(1) ‧見備註/See Remarks 7 (c)(ii)(au)(2) ‧見備註/See Remarks 7 (c)(iii)(y),
2024-03-03,2024-03-08,,第 1 座 Tower 1,33,A5,,4121000,,‧價單第5ZW號下的支付條款(A) Terms of Payment (A) under Price List No.5ZW ‧見備註/See Remarks 7 (c)(i)(azh) ‧見備註/See Remarks 7 (c)(ii)(ao) ‧見備註/See Remarks 7 (c)(ii)(au)(1) ‧見備註/See Remarks 7 (c)(ii)(au)(2) ‧見備註/See Remarks 7 (c)(iii)(x),
2024-03-03,2024-03-08,,第 1 座 Tower 1,25,B2,,5765000,,‧價單第4ZZA號下的支付條款(A) Terms of Payment (A) under Price List No.4ZZA ‧見備註/See Remarks 7 (c)(i)(azh) ‧見備註/See Remarks 7 (c)(ii)(ao) ‧見備註/See Remarks 7 (c)(ii)(au)(1) ‧見備註/See Remarks 7 (c)(ii)(au)(2) ‧見備註/See Remarks 7 (c)(iii)(y),
2024-03-03,2024-03-08,,第 1 座 Tower 1,25,B8,,7469000,,‧價單第5ZW號下的支付條款(C) Terms of Payment (C) under Price List No.5ZW ‧見備註/See Remarks 7 (c)(i)(azj) ‧見備註/See Remarks 7 (c)(ii)(aq) ‧見備註/See Remarks 7 (c)(ii)(ar) ‧見備註/See Remarks 7 (c)(ii)(au)(1) ‧見備註/See Remarks 7 (c)(ii)(au)(2) ‧見備註/See Remarks 7 (c)(iii)(z),
2024-03-03,2024-03-08,,第 2 座 Tower 2,20,A1,,5128000,,‧價單第3ZZC號下的支付條款(A) Terms of Payment (A) under Price List No.3ZZC ‧見備註/See Remarks 7 (c)(i)(azh) ‧見備註/See Remarks 7 (c)(ii)(ao) ‧見備註/See Remarks 7 (c)(ii)(au)(1) ‧見備註/See Remarks 7 (c)(ii)(au)(2) ‧見備註/See Remarks 7 (c)(iii)(w),
2024-03-03,2024-03-08,,第 2 座 Tower 2,26,D9,,7268000,,‧價單第3ZZC號下的支付條款(A) Terms of Payment (A) under Price List No.3ZZC ‧見備註/See Remarks 7 (c)(i)(azh) ‧見備註/See Remarks 7 (c)(ii)(ao) ‧見備註/See Remarks 7 (c)(ii)(au)(1) ‧見備註/See Remarks 7 (c)(ii)(au)(2) ‧見備註/See Remarks 7 (c)(iii)(x),
2024-03-03,2024-03-08,,第 2 座 Tower 2,32,D2,,5244000,,‧價單第5ZW號下的支付條款(A) Terms of Payment (A) under Price List No.5ZW ‧見備註/See Remarks 7 (c)(i)(azh) ‧見備註/See Remarks 7 (c)(ii)(ao) ‧見備註/See Remarks 7 (c)(ii)(au)(1) ‧見備註/See Remarks 7 (c)(ii)(au)(2) ‧見備註/See Remarks 7 (c)(iii)(y),
2024-03-03,2024-03-08,,第 2 座 Tower 2,35,D1,,5228000,,‧價單第5ZW號下的支付條款(B) Terms of Payment (B) under Price List No.5ZW ‧見備註/See Remarks 7 (c)(i)(azi) ‧見備註/See Remarks 7 (c)(ii)(an) ‧見備註/See Remarks 7 (c)(ii)(au)(1) ‧見備註/See Remarks 7 (c)(ii)(au)(2) ‧見備註/See Remarks 7 (c)(iii)(x),
2024-03-05,2024-03-12,,第 1 座 Tower 1,26,A6,,4054000,,‧價單第3ZZD號下的支付條款(A) Terms of Payment (A) under Price List No.3ZZD ‧見備註/See Remarks 7 (c)(i)(azh) ‧見備註/See Remarks 7 (c)(ii)(ao) ‧見備註/See Remarks 7 (c)(ii)(av)(1) ‧見備註/See Remarks 7 (c)(ii)(av)(2) ‧見備註/See Remarks 7 (c)(iii)(x),
2024-03-05,2024-03-12,,第 1 座 Tower 1,27,A6,,4066000,,‧價單第3ZZD號下的支付條款(A) Terms of Payment (A) under Price List No.3ZZD ‧見備註/See Remarks 7 (c)(i)(azh) ‧見備註/See Remarks 7 (c)(ii)(ao) ‧見備註/See Remarks 7 (c)(ii)(av)(1) ‧見備註/See Remarks 7 (c)(ii)(av)(2) ‧見備註/See Remarks 7 (c)(iii)(x),
2024-03-05,2024-03-12,,第 1 座 Tower 1,29,A5,,4084000,,‧價單第3ZZD號下的支付條款(A) Terms of Payment (A) under Price List No.3ZZD ‧見備註/See Remarks 7 (c)(i)(azh) ‧見備註/See Remarks 7 (c)(ii)(ao) ‧見備註/See Remarks 7 (c)(ii)(av)(1) ‧見備註/See Remarks 7 (c)(ii)(av)(2) ‧見備註/See Remarks 7 (c)(iii)(x),
2024-03-05,2024-03-12,,第 1 座 Tower 1,30,A5,,4097000,,‧價單第3ZZD號下的支付條款(A) Terms of Payment (A) under Price List No.3ZZD ‧見備註/See Remarks 7 (c)(i)(azh) ‧見備註/See Remarks 7 (c)(ii)(ao) ‧見備註/See Remarks 7 (c)(ii)(av)(1) ‧見備註/See Remarks 7 (c)(ii)(av)(2) ‧見備註/See Remarks 7 (c)(iii)(x),
2024-03-05,2024-03-12,,第 1 座 Tower 1,32,A6,,4119000,,‧價單第5ZX號下的支付條款(A) Terms of Payment (A) under Price List No.5ZX ‧見備註/See Remarks 7 (c)(i)(azh) ‧見備註/See Remarks 7 (c)(ii)(ao) ‧見備註/See Remarks 7 (c)(ii)(av)(1) ‧見備註/See Remarks 7 (c)(ii)(av)(2) ‧見備註/See Remarks 7 (c)(iii)(x),
2024-03-05,2024-03-12,,第 1 座 Tower 1,33,A6,,4127000,,‧價單第5ZX號下的支付條款(A) Terms of Payment (A) under Price List No.5ZX ‧見備註/See Remarks 7 (c)(i)(azh) ‧見備註/See Remarks 7 (c)(ii)(ao) ‧見備註/See Remarks 7 (c)(ii)(av)(1) ‧見備註/See Remarks 7 (c)(ii)(av)(2) ‧見備註/See Remarks 7 (c)(iii)(x),
2024-03-05,2024-03-12,,第 2 座 Tower 2,16,C7,,5181000,,‧價單第3ZZD號下的支付條款(C) Terms of Payment (C) under Price List No.3ZZD ‧見備註/See Remarks 7 (c)(i)(azk) ‧見備註/See Remarks 7 (c)(ii)(aq) ‧見備註/See Remarks 7 (c)(ii)(ar) ‧見備註/See Remarks 7 (c)(ii)(av)(1) ‧見備註/See Remarks 7 (c)(ii)(av)(2) ‧見備註/See Remarks 7 (c)(iii)(x),
2024-03-05,2024-03-12,,第 2 座 Tower 2,17,C7,,5223000,,‧價單第3ZZD號下的支付條款(A) Terms of Payment (A) under Price List No.3ZZD ‧見備註/See Remarks 7 (c)(i)(azh) ‧見備註/See Remarks 7 (c)(ii)(ao) ‧見備註/See Remarks 7 (c)(ii)(av)(1) ‧見備註/See Remarks 7 (c)(ii)(av)(2) ‧見備註/See Remarks 7 (c)(iii)(x),
2024-03-05,2024-03-12,2025-07-04,第 2 座 Tower 2,18,C7,,5233000,,‧價單第5ZX號下的支付條款(B) Terms of Payment (B) under Price List No.5ZX ‧見備註/See Remarks 7 (c)(i)(azi) ‧見備註/See Remarks 7 (c)(ii)(an) ‧見備註/See Remarks 7 (c)(ii)(av)(1) ‧見備註/See Remarks 7 (c)(ii)(av)(2) ‧見備註/See Remarks 7 (c)(iii)(x),
2024-03-05,2024-03-12,,第 2 座 Tower 2,19,C7,,5244000,,‧價單第5ZX號下的支付條款(A) Terms of Payment (A) under Price List No.5ZX ‧見備註/See Remarks 7 (c)(i)(azh) ‧見備註/See Remarks 7 (c)(ii)(ao) ‧見備註/See Remarks 7 (c)(ii)(av)(1) ‧見備註/See Remarks 7 (c)(ii)(av)(2) ‧見備註/See Remarks 7 (c)(iii)(x),
2024-03-05,2024-03-12,,第 2 座 Tower 2,20,C7,,5254000,,‧價單第5ZX號下的支付條款(A) Terms of Payment (A) under Price List No.5ZX ‧見備註/See Remarks 7 (c)(i)(azh) ‧見備註/See Remarks 7 (c)(ii)(ao) ‧見備註/See Remarks 7 (c)(ii)(av)(1) ‧見備註/See Remarks 7 (c)(ii)(av)(2) ‧見備註/See Remarks 7 (c)(iii)(x),
2024-03-05,2024-03-12,,第 2 座 Tower 2,21,C7,,5265000,,‧價單第5ZX號下的支付條款(C) Terms of Payment (C) under Price List No.5ZX ‧見備註/See Remarks 7 (c)(i)(azk) ‧見備註/See Remarks 7 (c)(ii)(aq) ‧見備註/See Remarks 7 (c)(ii)(ar) ‧見備註/See Remarks 7 (c)(ii)(av)(1) ‧見備註/See Remarks 7 (c)(ii)(av)(2) ‧見備註/See Remarks 7 (c)(iii)(x),
2024-03-05,2024-03-12,,第 2 座 Tower 2,22,C6,,5292000,,‧價單第5ZX號下的支付條款(C) Terms of Payment (C) under Price List No.5ZX ‧見備註/See Remarks 7 (c)(i)(azk) ‧見備註/See Remarks 7 (c)(ii)(aq) ‧見備註/See Remarks 7 (c)(ii)(ar) ‧見備註/See Remarks 7 (c)(ii)(av)(1) ‧見備註/See Remarks 7 (c)(ii)(av)(2) ‧見備註/See Remarks 7 (c)(iii)(x) ‧價單第5ZX號下的支付條款(A) Terms of Payment (A) under Price List No.5ZX ‧見備註/See Remarks 7 (c)(i)(azh) ‧見備註/See Remarks 7 (c)(ii)(ao) ‧見備註/See Remarks 7 (c)(ii)(av)(1) ‧見備註/See Remarks 7 (c)(ii)(av)(2) ‧見備註/See Remarks 7 (c)(iii)(x) (在 26-03-2024修訂) (revised on 26-03-2024),
2024-03-05,2024-03-12,,第 2 座 Tower 2,22,C7,,5275000,,‧價單第5ZX號下的支付條款(A) Terms of Payment (A) under Price List No.5ZX ‧見備註/See Remarks 7 (c)(i)(azh) ‧見備註/See Remarks 7 (c)(ii)(ao) ‧見備註/See Remarks 7 (c)(ii)(av)(1) ‧見備註/See Remarks 7 (c)(ii)(av)(2) ‧見備註/See Remarks 7 (c)(iii)(x),
2024-03-05,2024-03-12,,第 2 座 Tower 2,23,C6,,5302000,,‧價單第5ZX號下的支付條款(C) Terms of Payment (C) under Price List No.5ZX ‧見備註/See Remarks 7 (c)(i)(azk) ‧見備註/See Remarks 7 (c)(ii)(aq) ‧見備註/See Remarks 7 (c)(ii)(ar) ‧見備註/See Remarks 7 (c)(ii)(av)(1) ‧見備註/See Remarks 7 (c)(ii)(av)(2) ‧見備註/See Remarks 7 (c)(iii)(x),
2024-03-05,2024-03-12,,第 2 座 Tower 2,23,C7,,5285000,,‧價單第5ZX號下的支付條款(A) Terms of Payment (A) under Price List No.5ZX ‧見備註/See Remarks 7 (c)(i)(azh) ‧見備註/See Remarks 7 (c)(ii)(ao) ‧見備註/See Remarks 7 (c)(ii)(av)(1) ‧見備註/See Remarks 7 (c)(ii)(av)(2) ‧見備註/See Remarks 7 (c)(iii)(x),
2024-03-05,2024-03-12,,第 2 座 Tower 2,33,C1,,4589000,,‧價單第3ZZD號下的支付條款(A) Terms of Payment (A) under Price List No.3ZZD ‧見備註/See Remarks 7 (c)(i)(azh) ‧見備註/See Remarks 7 (c)(ii)(ao) ‧見備註/See Remarks 7 (c)(ii)(av)(1) ‧見備註/See Remarks 7 (c)(ii)(av)(2) ‧見備註/See Remarks 7 (c)(iii)(w),
2024-03-06,2024-03-13,,第 1 座 Tower 1,28,A6,,4078000,,‧價單第3ZZE號下的支付條款(A) Terms of Payment (A) under Price List No.3ZZE ‧見備註/See Remarks 7 (c)(i)(azh) ‧見備註/See Remarks 7 (c)(ii)(ao) ‧見備註/See Remarks 7 (c)(ii)(aw)(1) ‧見備註/See Remarks 7 (c)(ii)(aw)(2) ‧見備註/See Remarks 7 (c)(iii)(x),
2024-03-06,2024-03-13,,第 1 座 Tower 1,29,A6,,4091000,,‧價單第3ZZE號下的支付條款(C) Terms of Payment (C) under Price List No.3ZZE ‧見備註/See Remarks 7 (c)(i)(azk) ‧見備註/See Remarks 7 (c)(ii)(aq) ‧見備註/See Remarks 7 (c)(ii)(ar) ‧見備註/See Remarks 7 (c)(ii)(aw)(1) ‧見備註/See Remarks 7 (c)(ii)(aw)(2) ‧見備註/See Remarks 7 (c)(iii)(x) ‧價單第3ZZE號下的支付條款(A) Terms of Payment (A) under Price List No.3ZZE ‧見備註/See Remarks 7 (c)(i)(azh) ‧見備註/See Remarks 7 (c)(ii)(ao) ‧見備註/See Remarks 7 (c)(ii)(aw)(1) ‧見備註/See Remarks 7 (c)(ii)(aw)(2) ‧見備註/See Remarks 7 (c)(iii)(x) (在 21-05-2024修訂) (revised on 21-05-2024),
2024-03-06,2024-03-12,,第 1 座 Tower 1,30,A6,,4103000,,‧價單第3ZZE號下的支付條款(C) Terms of Payment (C) under Price List No.3ZZE ‧見備註/See Remarks 7 (c)(i)(azk) ‧見備註/See Remarks 7 (c)(ii)(aq) ‧見備註/See Remarks 7 (c)(ii)(ar) ‧見備註/See Remarks 7 (c)(ii)(aw)(1) ‧見備註/See Remarks 7 (c)(ii)(aw)(2) ‧見備註/See Remarks 7 (c)(iii)(x),
2024-03-06,2024-03-13,,第 2 座 Tower 2,19,A8,,7129000,,‧價單第5ZY號下的支付條款(C) Terms of Payment (C) under Price List No.5ZY ‧見備註/See Remarks 7 (c)(i)(azk) ‧見備註/See Remarks 7 (c)(ii)(aq) ‧見備註/See Remarks 7 (c)(ii)(ar) ‧見備註/See Remarks 7 (c)(ii)(aw)(1) ‧見備註/See Remarks 7 (c)(ii)(aw)(2) ‧見備註/See Remarks 7 (c)(iii)(x),
2024-03-06,2024-03-13,,第 2 座 Tower 2,16,C8,,5186000,,‧價單第3ZZE號下的支付條款(A) Terms of Payment (A) under Price List No.3ZZE ‧見備註/See Remarks 7 (c)(i)(azh) ‧見備註/See Remarks 7 (c)(ii)(ao) ‧見備註/See Remarks 7 (c)(ii)(aw)(1) ‧見備註/See Remarks 7 (c)(ii)(aw)(2) ‧見備註/See Remarks 7 (c)(iii)(x),
2024-03-06,2024-03-13,,第 2 座 Tower 2,18,C8,,5238000,,‧價單第5ZY號下的支付條款(A) Terms of Payment (A) under Price List No.5ZY ‧見備註/See Remarks 7 (c)(i)(azh) ‧見備註/See Remarks 7 (c)(ii)(ao) ‧見備註/See Remarks 7 (c)(ii)(aw)(1) ‧見備註/See Remarks 7 (c)(ii)(aw)(2) ‧見備註/See Remarks 7 (c)(iii)(x),
2024-03-06,2024-03-13,,第 2 座 Tower 2,22,C8,,5280000,,‧價單第5ZY號下的支付條款(B) Terms of Payment (B) under Price List No.5ZY ‧見備註/See Remarks 7 (c)(i)(azi) ‧見備註/See Remarks 7 (c)(ii)(an) ‧見備註/See Remarks 7 (c)(ii)(aw)(1) ‧見備註/See Remarks 7 (c)(ii)(aw)(2) ‧見備註/See Remarks 7 (c)(iii)(x),
2024-03-06,2024-03-13,,第 2 座 Tower 2,26,C7,,5344000,,‧價單第3ZZE號下的支付條款(A) Terms of Payment (A) under Price List No.3ZZE ‧見備註/See Remarks 7 (c)(i)(azh) ‧見備註/See Remarks 7 (c)(ii)(ao) ‧見備註/See Remarks 7 (c)(ii)(aw)(1) ‧見備註/See Remarks 7 (c)(ii)(aw)(2) ‧見備註/See Remarks 7 (c)(iii)(x),
2024-03-06,2024-03-13,,第 2 座 Tower 2,26,C8,,5402000,,‧價單第3ZZE號下的支付條款(C) Terms of Payment (C) under Price List No.3ZZE ‧見備註/See Remarks 7 (c)(i)(azk) ‧見備註/See Remarks 7 (c)(ii)(aq) ‧見備註/See Remarks 7 (c)(ii)(ar) ‧見備註/See Remarks 7 (c)(ii)(aw)(1) ‧見備註/See Remarks 7 (c)(ii)(aw)(2) ‧見備註/See Remarks 7 (c)(iii)(x),
2024-03-06,2024-03-13,,第 2 座 Tower 2,27,C7,,5349000,,‧價單第3ZZE號下的支付條款(C) Terms of Payment (C) under Price List No.3ZZE ‧見備註/See Remarks 7 (c)(i)(azk) ‧見備註/See Remarks 7 (c)(ii)(aq) ‧見備註/See Remarks 7 (c)(ii)(ar) ‧見備註/See Remarks 7 (c)(ii)(aw)(1) ‧見備註/See Remarks 7 (c)(ii)(aw)(2) ‧見備註/See Remarks 7 (c)(iii)(x) ‧價單第3ZZE號下的支付條款(A) Terms of Payment (A) under Price List No.3ZZE ‧見備註/See Remarks 7 (c)(i)(azh) ‧見備註/See Remarks 7 (c)(ii)(ao) ‧見備註/See Remarks 7 (c)(ii)(aw)(1) ‧見備註/See Remarks 7 (c)(ii)(aw)(2) ‧見備註/See Remarks 7 (c)(iii)(x) (在 25-04-2024修訂) (revised on 25-04-2024),
2024-03-06,2024-03-13,,第 2 座 Tower 2,27,C8,,5408000,,‧價單第3ZZE號下的支付條款(A) Terms of Payment (A) under Price List No.3ZZE ‧見備註/See Remarks 7 (c)(i)(azh) ‧見備註/See Remarks 7 (c)(ii)(ao) ‧見備註/See Remarks 7 (c)(ii)(aw)(1) ‧見備註/See Remarks 7 (c)(ii)(aw)(2) ‧見備註/See Remarks 7 (c)(iii)(x),
2024-03-07,2024-03-14,,第 1 座 Tower 1,28,A8,,7703000,,‧價單第5ZZ號下的支付條款(A) Terms of Payment (A) under Price List No.5ZZ ‧見備註/See Remarks 7 (c)(i)(azh) ‧見備註/See Remarks 7 (c)(ii)(ao) ‧見備註/See Remarks 7 (c)(ii)(ax)(1) ‧見備註/See Remarks 7 (c)(ii)(ax)(2) ‧見備註/See Remarks 7 (c)(iii)(y),
2024-03-07,2024-03-14,,第 1 座 Tower 1,29,A7,,3883000,,‧價單第4ZZD號下的支付條款(A) Terms of Payment (A) under Price List No.4ZZD ‧見備註/See Remarks 7 (c)(i)(azh) ‧見備註/See Remarks 7 (c)(ii)(ao) ‧見備註/See Remarks 7 (c)(ii)(ax)(1) ‧見備註/See Remarks 7 (c)(ii)(ax)(2) ‧見備註/See Remarks 7 (c)(iii)(x),
2024-03-07,2024-03-14,,第 1 座 Tower 1,30,A7,,3895000,,‧價單第4ZZD號下的支付條款(C) Terms of Payment (C) under Price List No.4ZZD ‧見備註/See Remarks 7 (c)(i)(azk) ‧見備註/See Remarks 7 (c)(ii)(aq) ‧見備註/See Remarks 7 (c)(ii)(ar) ‧見備註/See Remarks 7 (c)(ii)(ax)(1) ‧見備註/See Remarks 7 (c)(ii)(ax)(2) ‧見備註/See Remarks 7 (c)(iii)(x),
2024-03-07,2024-03-14,,第 1 座 Tower 1,32,A7,,3896000,,‧價單第4ZZD號下的支付條款(A) Terms of Payment (A) under Price List No.4ZZD ‧見備註/See Remarks 7 (c)(i)(azh) ‧見備註/See Remarks 7 (c)(ii)(ao) ‧見備註/See Remarks 7 (c)(ii)(ax)(1) ‧見備註/See Remarks 7 (c)(ii)(ax)(2) ‧見備註/See Remarks 7 (c)(iii)(x),
2024-03-07,2024-03-14,,第 1 座 Tower 1,33,A7,,3897000,,‧價單第4ZZD號下的支付條款(A) Terms of Payment (A) under Price List No.4ZZD ‧見備註/See Remarks 7 (c)(i)(azh) ‧見備註/See Remarks 7 (c)(ii)(ao) ‧見備註/See Remarks 7 (c)(ii)(ax)(1) ‧見備註/See Remarks 7 (c)(ii)(ax)(2) ‧見備註/See Remarks 7 (c)(iii)(x),
2024-03-07,2024-03-13,,第 1 座 Tower 1,35,A5,,4129000,,‧價單第5ZZ號下的支付條款(A) Terms of Payment (A) under Price List No.5ZZ ‧見備註/See Remarks 7 (c)(i)(azh) ‧見備註/See Remarks 7 (c)(ii)(ao) ‧見備註/See Remarks 7 (c)(ii)(ax)(1) ‧見備註/See Remarks 7 (c)(ii)(ax)(2) ‧見備註/See Remarks 7 (c)(iii)(x) ‧價單第5ZZ號下的支付條款(C) Terms of Payment (C) under Price List No.5ZZ ‧見備註/See Remarks 7 (c)(i)(azk) ‧見備註/See Remarks 7 (c)(ii)(aq) ‧見備註/See Remarks 7 (c)(ii)(ar) ‧見備註/See Remarks 7 (c)(ii)(ax)(1) ‧見備註/See Remarks 7 (c)(ii)(ax)(2) ‧見備註/See Remarks 7 (c)(iii)(x) (在 22-03-2024修訂) (revised on 22-03-2024),
2024-03-07,2024-03-14,,第 1 座 Tower 1,35,A7,,3898000,,‧價單第4ZZD號下的支付條款(A) Terms of Payment (A) under Price List No.4ZZD ‧見備註/See Remarks 7 (c)(i)(azh) ‧見備註/See Remarks 7 (c)(ii)(ao) ‧見備註/See Remarks 7 (c)(ii)(ax)(1) ‧見備註/See Remarks 7 (c)(ii)(ax)(2) ‧見備註/See Remarks 7 (c)(iii)(x),
2024-03-07,2024-03-14,,第 1 座 Tower 1,36,A7,,3899000,,‧價單第4ZZD號下的支付條款(A) Terms of Payment (A) under Price List No.4ZZD ‧見備註/See Remarks 7 (c)(i)(azh) ‧見備註/See Remarks 7 (c)(ii)(ao) ‧見備註/See Remarks 7 (c)(ii)(ax)(1) ‧見備註/See Remarks 7 (c)(ii)(ax)(2) ‧見備註/See Remarks 7 (c)(iii)(x) ‧價單第4ZZD號下的支付條款(C) Terms of Payment (C) under Price List No.4ZZD ‧見備註/See Remarks 7 (c)(i)(azk) ‧見備註/See Remarks 7 (c)(ii)(aq) ‧見備註/See Remarks 7 (c)(ii)(ar) ‧見備註/See Remarks 7 (c)(ii)(ax)(1) ‧見備註/See Remarks 7 (c)(ii)(ax)(2) ‧見備註/See Remarks 7 (c)(iii)(x) (在 25-02-2025修訂) (revised on 25-02-2025),
2024-03-07,2024-03-14,,第 2 座 Tower 2,12,C1,,4287000,,‧價單第3ZZF號下的支付條款(A) Terms of Payment (A) under Price List No.3ZZF ‧見備註/See Remarks 7 (c)(i)(azh) ‧見備註/See Remarks 7 (c)(ii)(ao) ‧見備註/See Remarks 7 (c)(ii)(ax)(1) ‧見備註/See Remarks 7 (c)(ii)(ax)(2) ‧見備註/See Remarks 7 (c)(iii)(w),
2024-03-07,2024-03-14,,第 2 座 Tower 2,20,C8,,5258000,,‧價單第5ZZ號下的支付條款(A) Terms of Payment (A) under Price List No.5ZZ ‧見備註/See Remarks 7 (c)(i)(azh) ‧見備註/See Remarks 7 (c)(ii)(ao) ‧見備註/See Remarks 7 (c)(ii)(ax)(1) ‧見備註/See Remarks 7 (c)(ii)(ax)(2) ‧見備註/See Remarks 7 (c)(iii)(x),
2024-03-07,2024-03-14,,第 2 座 Tower 2,21,C8,,5270000,,‧價單第5ZZ號下的支付條款(A) Terms of Payment (A) under Price List No.5ZZ ‧見備註/See Remarks 7 (c)(i)(azh) ‧見備註/See Remarks 7 (c)(ii)(ao) ‧見備註/See Remarks 7 (c)(ii)(ax)(1) ‧見備註/See Remarks 7 (c)(ii)(ax)(2) ‧見備註/See Remarks 7 (c)(iii)(x),
2024-03-08,2024-03-15,,第 1 座 Tower 1,28,B8,,7693000,,‧價單第5ZZA號下的支付條款(A) Terms of Payment (A) under Price List No.5ZZA ‧見備註/See Remarks 7 (c)(i)(azh) ‧見備註/See Remarks 7 (c)(ii)(ao) ‧見備註/See Remarks 7 (c)(ii)(ay)(1) ‧見備註/See Remarks 7 (c)(ii)(ay)(2) ‧見備註/See Remarks 7 (c)(iii)(za) ‧價單第5ZZA號下的支付條款(C) Terms of Payment (C) under Price List No.5ZZA ‧見備註/See Remarks 7 (c)(i)(azk) ‧見備註/See Remarks 7 (c)(ii)(aq) ‧見備註/See Remarks 7 (c)(ii)(ar) ‧見備註/See Remarks 7 (c)(ii)(ay)(1) ‧見備註/See Remarks 7 (c)(ii)(ay)(2) ‧見備註/See Remarks 7 (c)(iii)(za) (在 11-04-2024修訂) (revised on 11-04-2024),
2024-03-08,2024-03-15,,第 1 座 Tower 1,29,B8,,7704000,,‧價單第5ZZA號下的支付條款(A) Terms of Payment (A) under Price List No.5ZZA ‧見備註/See Remarks 7 (c)(i)(azh) ‧見備註/See Remarks 7 (c)(ii)(ao) ‧見備註/See Remarks 7 (c)(ii)(ay)(1) ‧見備註/See Remarks 7 (c)(ii)(ay)(2) ‧見備註/See Remarks 7 (c)(iii)(za) ‧價單第5ZZA號下的支付條款(C) Terms of Payment (C) under Price List No.5ZZA ‧見備註/See Remarks 7 (c)(i)(azk) ‧見備註/See Remarks 7 (c)(ii)(aq) ‧見備註/See Remarks 7 (c)(ii)(ar) ‧見備註/See Remarks 7 (c)(ii)(ay)(1) ‧見備註/See Remarks 7 (c)(ii)(ay)(2) ‧見備註/See Remarks 7 (c)(iii)(za) (在 11-04-2024修訂) (revised on 11-04-2024),
2024-03-08,2024-03-15,,第 1 座 Tower 1,30,B8,,7716000,,‧價單第5ZZA號下的支付條款(A) Terms of Payment (A) under Price List No.5ZZA ‧見備註/See Remarks 7 (c)(i)(azh) ‧見備註/See Remarks 7 (c)(ii)(ao) ‧見備註/See Remarks 7 (c)(ii)(ay)(1) ‧見備註/See Remarks 7 (c)(ii)(ay)(2) ‧見備註/See Remarks 7 (c)(iii)(za) ‧價單第5ZZA號下的支付條款(C) Terms of Payment (C) under Price List No.5ZZA ‧見備註/See Remarks 7 (c)(i)(azk) ‧見備註/See Remarks 7 (c)(ii)(aq) ‧見備註/See Remarks 7 (c)(ii)(ar) ‧見備註/See Remarks 7 (c)(ii)(ay)(1) ‧見備註/See Remarks 7 (c)(ii)(ay)(2) ‧見備註/See Remarks 7 (c)(iii)(za) (在 11-04-2024修訂) (revised on 11-04-2024),
2024-03-08,2024-03-15,,第 2 座 Tower 2,15,C5,,4058000,,‧價單第3ZZG號下的支付條款(A) Terms of Payment (A) under Price List No.3ZZG ‧見備註/See Remarks 7 (c)(i)(azh) ‧見備註/See Remarks 7 (c)(ii)(ao) ‧見備註/See Remarks 7 (c)(ii)(ay)(1) ‧見備註/See Remarks 7 (c)(ii)(ay)(2) ‧見備註/See Remarks 7 (c)(iii)(x),
2024-03-08,2024-03-15,,第 2 座 Tower 2,17,C8,,5228000,,‧價單第3ZZG號下的支付條款(A) Terms of Payment (A) under Price List No.3ZZG ‧見備註/See Remarks 7 (c)(i)(azh) ‧見備註/See Remarks 7 (c)(ii)(ao) ‧見備註/See Remarks 7 (c)(ii)(ay)(1) ‧見備註/See Remarks 7 (c)(ii)(ay)(2) ‧見備註/See Remarks 7 (c)(iii)(x),
2024-03-08,2024-03-15,,第 2 座 Tower 2,19,C8,,5249000,,‧價單第5ZZA號下的支付條款(A) Terms of Payment (A) under Price List No.5ZZA ‧見備註/See Remarks 7 (c)(i)(azh) ‧見備註/See Remarks 7 (c)(ii)(ao) ‧見備註/See Remarks 7 (c)(ii)(ay)(1) ‧見備註/See Remarks 7 (c)(ii)(ay)(2) ‧見備註/See Remarks 7 (c)(iii)(x),
2024-03-08,2024-03-15,,第 2 座 Tower 2,27,C9,,5366000,,‧價單第3ZZG號下的支付條款(A) Terms of Payment (A) under Price List No.3ZZG ‧見備註/See Remarks 7 (c)(i)(azh) ‧見備註/See Remarks 7 (c)(ii)(ao) ‧見備註/See Remarks 7 (c)(ii)(ay)(1) ‧見備註/See Remarks 7 (c)(ii)(ay)(2) ‧見備註/See Remarks 7 (c)(iii)(x),
2024-03-09,2024-03-15,,第 2 座 Tower 2,21,A8,,7165000,,‧價單第5ZZA號下的支付條款(A) Terms of Payment (A) under Price List No.5ZZA ‧見備註/See Remarks 7 (c)(i)(azh) ‧見備註/See Remarks 7 (c)(ii)(ao) ‧見備註/See Remarks 7 (c)(ii)(ay)(1) ‧見備註/See Remarks 7 (c)(ii)(ay)(2) ‧見備註/See Remarks 7 (c)(iii)(x),
2024-03-09,2024-03-15,,第 2 座 Tower 2,18,C5,,4120000,,‧價單第3ZZG號下的支付條款(A) Terms of Payment (A) under Price List No.3ZZG ‧見備註/See Remarks 7 (c)(i)(azh) ‧見備註/See Remarks 7 (c)(ii)(ao) ‧見備註/See Remarks 7 (c)(ii)(ay)(1) ‧見備註/See Remarks 7 (c)(ii)(ay)(2) ‧見備註/See Remarks 7 (c)(iii)(x),
2024-03-09,2024-03-15,,第 2 座 Tower 2,18,C9,,5198000,,‧價單第5ZZA號下的支付條款(A) Terms of Payment (A) under Price List No.5ZZA ‧見備註/See Remarks 7 (c)(i)(azh) ‧見備註/See Remarks 7 (c)(ii)(ao) ‧見備註/See Remarks 7 (c)(ii)(ay)(1) ‧見備註/See Remarks 7 (c)(ii)(ay)(2) ‧見備註/See Remarks 7 (c)(iii)(x),
2024-03-09,2024-03-15,,第 2 座 Tower 2,19,C9,,5208000,,‧價單第5ZZA號下的支付條款(A) Terms of Payment (A) under Price List No.5ZZA ‧見備註/See Remarks 7 (c)(i)(azh) ‧見備註/See Remarks 7 (c)(ii)(ao) ‧見備註/See Remarks 7 (c)(ii)(ay)(1) ‧見備註/See Remarks 7 (c)(ii)(ay)(2) ‧見備註/See Remarks 7 (c)(iii)(x),
2024-03-10,2024-03-15,,第 2 座 Tower 2,11,C5,,3995000,,‧價單第3ZZH號下的支付條款(C) Terms of Payment (C) under Price List No.3ZZH ‧見備註/See Remarks 7 (c)(i)(azl) ‧見備註/See Remarks 7 (c)(ii)(aq) ‧見備註/See Remarks 7 (c)(ii)(ar) ‧見備註/See Remarks 7 (c)(ii)(az)(1) ‧見備註/See Remarks 7 (c)(ii)(az)(2) ‧見備註/See Remarks 7 (c)(iii)(x),
2024-03-10,2024-03-15,,第 2 座 Tower 2,12,C5,,4026000,,‧價單第3ZZH號下的支付條款(A) Terms of Payment (A) under Price List No.3ZZH ‧見備註/See Remarks 7 (c)(i)(azh) ‧見備註/See Remarks 7 (c)(ii)(ao) ‧見備註/See Remarks 7 (c)(ii)(az)(1) ‧見備註/See Remarks 7 (c)(ii)(az)(2) ‧見備註/See Remarks 7 (c)(iii)(x),
2024-03-10,2024-03-15,,第 2 座 Tower 2,16,C5,,4079000,,‧價單第3ZZH號下的支付條款(A) Terms of Payment (A) under Price List No.3ZZH ‧見備註/See Remarks 7 (c)(i)(azh) ‧見備註/See Remarks 7 (c)(ii)(ao) ‧見備註/See Remarks 7 (c)(ii)(az)(1) ‧見備註/See Remarks 7 (c)(ii)(az)(2) ‧見備註/See Remarks 7 (c)(iii)(x),
2024-03-10,2024-03-15,,第 2 座 Tower 2,17,C9,,5187000,,‧價單第3ZZH號下的支付條款(A) Terms of Payment (A) under Price List No.3ZZH ‧見備註/See Remarks 7 (c)(i)(azh) ‧見備註/See Remarks 7 (c)(ii)(ao) ‧見備註/See Remarks 7 (c)(ii)(az)(1) ‧見備註/See Remarks 7 (c)(ii)(az)(2) ‧見備註/See Remarks 7 (c)(iii)(x),
2024-03-10,2024-03-15,,第 2 座 Tower 2,19,C5,,4140000,,‧價單第3ZZH號下的支付條款(A) Terms of Payment (A) under Price List No.3ZZH ‧見備註/See Remarks 7 (c)(i)(azh) ‧見備註/See Remarks 7 (c)(ii)(ao) ‧見備註/See Remarks 7 (c)(ii)(az)(1) ‧見備註/See Remarks 7 (c)(ii)(az)(2) ‧見備註/See Remarks 7 (c)(iii)(x),
2024-03-10,,,第 2 座 Tower 2,20,C5,,4160000,,‧價單第3ZZH號下的支付條款(A) Terms of Payment (A) under Price List No.3ZZH ‧見備註/See Remarks 7 (c)(i)(azh) ‧見備註/See Remarks 7 (c)(ii)(ao) ‧見備註/See Remarks 7 (c)(ii)(az)(1) ‧見備註/See Remarks 7 (c)(ii)(az)(2) ‧見備註/See Remarks 7 (c)(iii)(x),
2024-03-10,2024-03-15,,第 2 座 Tower 2,20,C9,,5219000,,‧價單第5ZZB號下的支付條款(A) Terms of Payment (A) under Price List No.5ZZB ‧見備註/See Remarks 7 (c)(i)(azh) ‧見備註/See Remarks 7 (c)(ii)(ao) ‧見備註/See Remarks 7 (c)(ii)(az)(1) ‧見備註/See Remarks 7 (c)(ii)(az)(2) ‧見備註/See Remarks 7 (c)(iii)(x),
2024-03-10,2024-03-15,,第 2 座 Tower 2,21,C5,,4173000,,‧價單第3ZZH號下的支付條款(A) Terms of Payment (A) under Price List No.3ZZH ‧見備註/See Remarks 7 (c)(i)(azh) ‧見備註/See Remarks 7 (c)(ii)(ao) ‧見備註/See Remarks 7 (c)(ii)(az)(1) ‧見備註/See Remarks 7 (c)(ii)(az)(2) ‧見備註/See Remarks 7 (c)(iii)(x),
2024-03-10,2024-03-15,,第 2 座 Tower 2,21,C9,,5229000,,‧價單第5ZZB號下的支付條款(A) Terms of Payment (A) under Price List No.5ZZB ‧見備註/See Remarks 7 (c)(i)(azh) ‧見備註/See Remarks 7 (c)(ii)(ao) ‧見備註/See Remarks 7 (c)(ii)(az)(1) ‧見備註/See Remarks 7 (c)(ii)(az)(2) ‧見備註/See Remarks 7 (c)(iii)(x),
2024-03-10,2024-03-15,,第 2 座 Tower 2,28,C5,,4232000,,‧價單第3ZZH號下的支付條款(C) Terms of Payment (C) under Price List No.3ZZH ‧見備註/See Remarks 7 (c)(i)(azl) ‧見備註/See Remarks 7 (c)(ii)(aq) ‧見備註/See Remarks 7 (c)(ii)(ar) ‧見備註/See Remarks 7 (c)(ii)(az)(1) ‧見備註/See Remarks 7 (c)(ii)(az)(2) ‧見備註/See Remarks 7 (c)(iii)(x) ‧價單第3ZZH號下的支付條款(A) Terms of Payment (A) under Price List No.3ZZH ‧見備註/See Remarks 7 (c)(i)(azh) ‧見備註/See Remarks 7 (c)(ii)(ao) ‧見備註/See Remarks 7 (c)(ii)(az)(1) ‧見備註/See Remarks 7 (c)(ii)(az)(2) ‧見備註/See Remarks 7 (c)(iii)(x) (在 06-05-2024修訂) (revised on 06-05-2024),
2024-03-10,2024-03-13,,第 2 座 Tower 2,33,C5,,4274000,,‧價單第3ZZH號下的支付條款(C) Terms of Payment (C) under Price List No.3ZZH ‧見備註/See Remarks 7 (c)(i)(azl) ‧見備註/See Remarks 7 (c)(ii)(aq) ‧見備註/See Remarks 7 (c)(ii)(ar) ‧見備註/See Remarks 7 (c)(ii)(az)(1) ‧見備註/See Remarks 7 (c)(ii)(az)(2) ‧見備註/See Remarks 7 (c)(iii)(x),
2024-03-11,2024-03-18,,第 2 座 Tower 2,22,C5,,4185000,,‧價單第3ZZI號下的支付條款(A) Terms of Payment (A) under Price List No.3ZZI ‧見備註/See Remarks 7 (c)(i)(azh) ‧見備註/See Remarks 7 (c)(ii)(ao) ‧見備註/See Remarks 7 (c)(ii)(aza)(1) ‧見備註/See Remarks 7 (c)(ii)(aza)(2) ‧見備註/See Remarks 7 (c)(iii)(x),
2024-03-11,2024-03-18,,第 2 座 Tower 2,22,C9,,5240000,,‧價單第5ZZC號下的支付條款(A) Terms of Payment (A) under Price List No.5ZZC ‧見備註/See Remarks 7 (c)(i)(azh) ‧見備註/See Remarks 7 (c)(ii)(ao) ‧見備註/See Remarks 7 (c)(ii)(aza)(1) ‧見備註/See Remarks 7 (c)(ii)(aza)(2) ‧見備註/See Remarks 7 (c)(iii)(x),
2024-03-11,2024-03-18,,第 2 座 Tower 2,22,C10,,5222000,,‧價單第5ZZC號下的支付條款(A) Terms of Payment (A) under Price List No.5ZZC ‧見備註/See Remarks 7 (c)(i)(azh) ‧見備註/See Remarks 7 (c)(ii)(ao) ‧見備註/See Remarks 7 (c)(ii)(aza)(1) ‧見備註/See Remarks 7 (c)(ii)(aza)(2) ‧見備註/See Remarks 7 (c)(iii)(x),
2024-03-11,2024-03-15,,第 2 座 Tower 2,21,D3,,5221000,,‧價單第3ZZI號下的支付條款(A) Terms of Payment (A) under Price List No.3ZZI ‧見備註/See Remarks 7 (c)(i)(azh) ‧見備註/See Remarks 7 (c)(ii)(ao) ‧見備註/See Remarks 7 (c)(ii)(aza)(1) ‧見備註/See Remarks 7 (c)(ii)(aza)(2) ‧見備註/See Remarks 7 (c)(iii)(y),
2024-03-12,2024-03-19,,第 1 座 Tower 1,17,B6,,3996000,,‧價單第3ZZJ號下的支付條款(A) Terms of Payment (A) under Price List No.3ZZJ ‧見備註/See Remarks 7 (c)(i)(azh) ‧見備註/See Remarks 7 (c)(ii)(ao) ‧見備註/See Remarks 7 (c)(ii)(azb)(1) ‧見備註/See Remarks 7 (c)(ii)(azb)(2) ‧見備註/See Remarks 7 (c)(iii)(z),
2024-03-12,2024-03-19,,第 2 座 Tower 2,26,C9,,5360000,,‧價單第3ZZJ號下的支付條款(A) Terms of Payment (A) under Price List No.3ZZJ ‧見備註/See Remarks 7 (c)(i)(azh) ‧見備註/See Remarks 7 (c)(ii)(ao) ‧見備註/See Remarks 7 (c)(ii)(azb)(1) ‧見備註/See Remarks 7 (c)(ii)(azb)(2) ‧見備註/See Remarks 7 (c)(iii)(x),
2024-03-13,2024-03-20,,第 2 座 Tower 2,29,D3,,5315000,,‧價單第5ZZD號下的支付條款(A) Terms of Payment (A) under Price List No.5ZZD ‧見備註/See Remarks 7 (c)(i)(azh) ‧見備註/See Remarks 7 (c)(ii)(ao) ‧見備註/See Remarks 7 (c)(ii)(azb)(1) ‧見備註/See Remarks 7 (c)(ii)(azb)(2) ‧見備註/See Remarks 7 (c)(iii)(y),
2024-03-14,2024-03-21,,第 2 座 Tower 2,30,D9,,7459000,,‧價單第3ZZJ號下的支付條款(A) Terms of Payment (A) under Price List No.3ZZJ ‧見備註/See Remarks 7 (c)(i)(azh) ‧見備註/See Remarks 7 (c)(ii)(ao) ‧見備註/See Remarks 7 (c)(ii)(azb)(1) ‧見備註/See Remarks 7 (c)(ii)(azb)(2) ‧見備註/See Remarks 7 (c)(iii)(x),
2024-03-15,2024-03-22,,第 1 座 Tower 1,26,B8,,7859000,,‧價單第5ZZE號下的支付條款(C) Terms of Payment (C) under Price List No.5ZZE ‧見備註/See Remarks 7 (c)(i)(azn) ‧見備註/See Remarks 7 (c)(ii)(aq) ‧見備註/See Remarks 7 (c)(ii)(ar) ‧見備註/See Remarks 7 (c)(ii)(azc)(1) ‧見備註/See Remarks 7 (c)(ii)(azc)(2) ‧見備註/See Remarks 7 (c)(iii)(zb),
2024-03-15,2024-03-22,,第 1 座 Tower 1,26,B9,,5599000,,‧價單第3ZZK號下的支付條款(C) Terms of Payment (C) under Price List No.3ZZK ‧見備註/See Remarks 7 (c)(i)(azn) ‧見備註/See Remarks 7 (c)(ii)(aq) ‧見備註/See Remarks 7 (c)(ii)(ar) ‧見備註/See Remarks 7 (c)(ii)(azc)(1) ‧見備註/See Remarks 7 (c)(ii)(azc)(2) ‧見備註/See Remarks 7 (c)(iii)(x),
2024-03-15,2024-03-22,,第 2 座 Tower 2,20,A8,,7143000,,‧價單第5ZZE號下的支付條款(A) Terms of Payment (A) under Price List No.5ZZE ‧見備註/See Remarks 7 (c)(i)(azh) ‧見備註/See Remarks 7 (c)(ii)(ao) ‧見備註/See Remarks 7 (c)(ii)(azc)(1) ‧見備註/See Remarks 7 (c)(ii)(azc)(2) ‧見備註/See Remarks 7 (c)(iii)(x),
2024-03-15,2024-03-22,,第 2 座 Tower 2,11,C2,,4004000,,‧價單第3ZZK號下的支付條款(A) Terms of Payment (A) under Price List No.3ZZK ‧見備註/See Remarks 7 (c)(i)(azh) ‧見備註/See Remarks 7 (c)(ii)(ao) ‧見備註/See Remarks 7 (c)(ii)(azc)(1) ‧見備註/See Remarks 7 (c)(ii)(azc)(2) ‧見備註/See Remarks 7 (c)(iii)(x),
2024-03-15,2024-03-22,,第 2 座 Tower 2,15,C11,,5114000,,‧價單第3ZZK號下的支付條款(A) Terms of Payment (A) under Price List No.3ZZK ‧見備註/See Remarks 7 (c)(i)(azh) ‧見備註/See Remarks 7 (c)(ii)(ao) ‧見備註/See Remarks 7 (c)(ii)(azc)(1) ‧見備註/See Remarks 7 (c)(ii)(azc)(2) ‧見備註/See Remarks 7 (c)(iii)(x),
2024-03-16,2024-03-22,,第 1 座 Tower 1,30,A8,,7729000,,‧價單第5ZZF號下的支付條款(A) Terms of Payment (A) under Price List No.5ZZF ‧見備註/See Remarks 7 (c)(i)(azh) ‧見備註/See Remarks 7 (c)(ii)(ao) ‧見備註/See Remarks 7 (c)(ii)(azd)(1) ‧見備註/See Remarks 7 (c)(ii)(azd)(2) ‧見備註/See Remarks 7 (c)(iii)(y),
2024-03-16,2024-03-22,,第 1 座 Tower 1,21,B8,,7812000,,‧價單第5ZZF號下的支付條款(A) Terms of Payment (A) under Price List No.5ZZF ‧見備註/See Remarks 7 (c)(i)(azh) ‧見備註/See Remarks 7 (c)(ii)(ao) ‧見備註/See Remarks 7 (c)(ii)(azd)(1) ‧見備註/See Remarks 7 (c)(ii)(azd)(2) ‧見備註/See Remarks 7 (c)(iii)(zb),
2024-03-16,2024-03-22,,第 2 座 Tower 2,18,C10,,5180000,,‧價單第5ZZF號下的支付條款(A) Terms of Payment (A) under Price List No.5ZZF ‧見備註/See Remarks 7 (c)(i)(azh) ‧見備註/See Remarks 7 (c)(ii)(ao) ‧見備註/See Remarks 7 (c)(ii)(azd)(1) ‧見備註/See Remarks 7 (c)(ii)(azd)(2) ‧見備註/See Remarks 7 (c)(iii)(x),
2024-03-16,2024-03-21,,第 2 座 Tower 2,22,D3,,5252000,,‧價單第3ZZL號下的支付條款(A) Terms of Payment (A) under Price List No.3ZZL ‧見備註/See Remarks 7 (c)(i)(azh) ‧見備註/See Remarks 7 (c)(ii)(ao) ‧見備註/See Remarks 7 (c)(ii)(azd)(1) ‧見備註/See Remarks 7 (c)(ii)(azd)(2) ‧見備註/See Remarks 7 (c)(iii)(y),
2024-03-16,,,第 2 座 Tower 2,23,D3,,5262000,,‧價單第5ZZF號下的支付條款(C) Terms of Payment (C) under Price List No.5ZZF ‧見備註/See Remarks 7 (c)(i)(azn) ‧見備註/See Remarks 7 (c)(ii)(aq) ‧見備註/See Remarks 7 (c)(ii)(ar) ‧見備註/See Remarks 7 (c)(ii)(azd)(1) ‧見備註/See Remarks 7 (c)(ii)(azd)(2) ‧見備註/See Remarks 7 (c)(iii)(y),
2024-03-16,2024-03-22,,第 2 座 Tower 2,28,D9,,7341000,,‧價單第3ZZL號下的支付條款(A) Terms of Payment (A) under Price List No.3ZZL ‧見備註/See Remarks 7 (c)(i)(azh) ‧見備註/See Remarks 7 (c)(ii)(ao) ‧見備註/See Remarks 7 (c)(ii)(azd)(1) ‧見備註/See Remarks 7 (c)(ii)(azd)(2) ‧見備註/See Remarks 7 (c)(iii)(x),
2024-03-16,2024-03-22,,第 2 座 Tower 2,29,D5,,5325000,,‧價單第5ZZF號下的支付條款(A) Terms of Payment (A) under Price List No.5ZZF ‧見備註/See Remarks 7 (c)(i)(azh) ‧見備註/See Remarks 7 (c)(ii)(ao) ‧見備註/See Remarks 7 (c)(ii)(azd)(1) ‧見備註/See Remarks 7 (c)(ii)(azd)(2) ‧見備註/See Remarks 7 (c)(iii)(y),
2024-03-17,2024-03-22,,第 2 座 Tower 2,15,C2,,4068000,,‧價單第3ZZL號下的支付條款(B) Terms of Payment (B) under Price List No.3ZZL ‧見備註/See Remarks 7 (c)(i)(azi) ‧見備註/See Remarks 7 (c)(ii)(an) ‧見備註/See Remarks 7 (c)(ii)(azd)(1) ‧見備註/See Remarks 7 (c)(ii)(azd)(2) ‧見備註/See Remarks 7 (c)(iii)(x),
2024-03-17,2024-03-22,,第 2 座 Tower 2,19,C2,,4142000,,‧價單第3ZZL號下的支付條款(A) Terms of Payment (A) under Price List No.3ZZL ‧見備註/See Remarks 7 (c)(i)(azh) ‧見備註/See Remarks 7 (c)(ii)(ao) ‧見備註/See Remarks 7 (c)(ii)(azd)(1) ‧見備註/See Remarks 7 (c)(ii)(azd)(2) ‧見備註/See Remarks 7 (c)(iii)(x),
2024-03-18,2024-03-25,,第 1 座 Tower 1,22,B2,,5891000,,‧價單第4ZZJ號下的支付條款(A) Terms of Payment (A) under Price List No.4ZZJ ‧見備註/See Remarks 7 (c)(i)(azh) ‧見備註/See Remarks 7 (c)(ii)(ao) ‧見備註/See Remarks 7 (c)(ii)(azd)(1) ‧見備註/See Remarks 7 (c)(ii)(azd)(2) ‧見備註/See Remarks 7 (c)(iii)(z),
2024-03-18,2024-03-25,,第 2 座 Tower 2,23,C5,,4199000,,‧價單第3ZZL號下的支付條款(A) Terms of Payment (A) under Price List No.3ZZL ‧見備註/See Remarks 7 (c)(i)(azh) ‧見備註/See Remarks 7 (c)(ii)(ao) ‧見備註/See Remarks 7 (c)(ii)(azd)(1) ‧見備註/See Remarks 7 (c)(ii)(azd)(2) ‧見備註/See Remarks 7 (c)(iii)(x),
2024-03-19,2024-03-26,,第 2 座 Tower 2,16,C2,,4088000,,‧價單第3ZZM號下的支付條款(A) Terms of Payment (A) under Price List No.3ZZM ‧見備註/See Remarks 7 (c)(i)(azh) ‧見備註/See Remarks 7 (c)(ii)(ao) ‧見備註/See Remarks 7 (c)(ii)(aze)(1) ‧見備註/See Remarks 7 (c)(ii)(aze)(2) ‧見備註/See Remarks 7 (c)(iii)(x),
2024-03-19,2024-03-26,,第 2 座 Tower 2,17,C2,,4108000,,‧價單第3ZZM號下的支付條款(A) Terms of Payment (A) under Price List No.3ZZM ‧見備註/See Remarks 7 (c)(i)(azh) ‧見備註/See Remarks 7 (c)(ii)(ao) ‧見備註/See Remarks 7 (c)(ii)(aze)(1) ‧見備註/See Remarks 7 (c)(ii)(aze)(2) ‧見備註/See Remarks 7 (c)(iii)(x),
2024-03-19,2024-03-26,,第 2 座 Tower 2,17,C10,,5169000,,‧價單第3ZZM號下的支付條款(A) Terms of Payment (A) under Price List No.3ZZM ‧見備註/See Remarks 7 (c)(i)(azh) ‧見備註/See Remarks 7 (c)(ii)(ao) ‧見備註/See Remarks 7 (c)(ii)(aze)(1) ‧見備註/See Remarks 7 (c)(ii)(aze)(2) ‧見備註/See Remarks 7 (c)(iii)(x),
2024-03-19,2024-03-26,,第 2 座 Tower 2,23,C10,,5231000,,‧價單第5ZZG號下的支付條款(A) Terms of Payment (A) under Price List No.5ZZG ‧見備註/See Remarks 7 (c)(i)(azh) ‧見備註/See Remarks 7 (c)(ii)(ao) ‧見備註/See Remarks 7 (c)(ii)(aze)(1) ‧見備註/See Remarks 7 (c)(ii)(aze)(2) ‧見備註/See Remarks 7 (c)(iii)(x),
2024-03-20,2024-03-27,,第 1 座 Tower 1,17,A8,,7670000,,‧價單第3ZZM號下的支付條款(A) Terms of Payment (A) under Price List No.3ZZM ‧見備註/See Remarks 7 (c)(i)(azh) ‧見備註/See Remarks 7 (c)(ii)(ao) ‧見備註/See Remarks 7 (c)(ii)(aze)(1) ‧見備註/See Remarks 7 (c)(ii)(aze)(2) ‧見備註/See Remarks 7 (c)(iii)(za),
2024-03-20,2024-03-27,,第 1 座 Tower 1,22,A2,,5840000,,‧價單第5ZZG號下的支付條款(A) Terms of Payment (A) under Price List No.5ZZG ‧見備註/See Remarks 7 (c)(i)(azh) ‧見備註/See Remarks 7 (c)(ii)(ao) ‧見備註/See Remarks 7 (c)(ii)(aze)(1) ‧見備註/See Remarks 7 (c)(ii)(aze)(2) ‧見備註/See Remarks 7 (c)(iii)(x),
2024-03-20,2024-03-27,,第 2 座 Tower 2,12,C2,,4035000,,‧價單第3ZZM號下的支付條款(A) Terms of Payment (A) under Price List No.3ZZM ‧見備註/See Remarks 7 (c)(i)(azh) ‧見備註/See Remarks 7 (c)(ii)(ao) ‧見備註/See Remarks 7 (c)(ii)(aze)(1) ‧見備註/See Remarks 7 (c)(ii)(aze)(2) ‧見備註/See Remarks 7 (c)(iii)(x),
2024-03-20,2024-03-27,,第 2 座 Tower 2,19,C10,,5190000,,‧價單第5ZZG號下的支付條款(A) Terms of Payment (A) under Price List No.5ZZG ‧見備註/See Remarks 7 (c)(i)(azh) ‧見備註/See Remarks 7 (c)(ii)(ao) ‧見備註/See Remarks 7 (c)(ii)(aze)(1) ‧見備註/See Remarks 7 (c)(ii)(aze)(2) ‧見備註/See Remarks 7 (c)(iii)(x) ‧價單第5ZZG號下的支付條款(C) Terms of Payment (C) under Price List No.5ZZG ‧見備註/See Remarks 7 (c)(i)(azn) ‧見備註/See Remarks 7 (c)(ii)(aq) ‧見備註/See Remarks 7 (c)(ii)(ar) ‧見備註/See Remarks 7 (c)(ii)(aze)(1) ‧見備註/See Remarks 7 (c)(ii)(aze)(2) ‧見備註/See Remarks 7 (c)(iii)(x) (在 17-03-2025修訂) (revised on 17-03-2025),
2024-03-20,2024-03-27,,第 2 座 Tower 2,20,C2,,4154000,,‧價單第3ZZM號下的支付條款(A) Terms of Payment (A) under Price List No.3ZZM ‧見備註/See Remarks 7 (c)(i)(azh) ‧見備註/See Remarks 7 (c)(ii)(ao) ‧見備註/See Remarks 7 (c)(ii)(aze)(1) ‧見備註/See Remarks 7 (c)(ii)(aze)(2) ‧見備註/See Remarks 7 (c)(iii)(x),
2024-03-20,2024-03-27,,第 2 座 Tower 2,21,C10,,5210000,,‧價單第5ZZG號下的支付條款(C) Terms of Payment (C) under Price List No.5ZZG ‧見備註/See Remarks 7 (c)(i)(azn) ‧見備註/See Remarks 7 (c)(ii)(aq) ‧見備註/See Remarks 7 (c)(ii)(ar) ‧見備註/See Remarks 7 (c)(ii)(aze)(1) ‧見備註/See Remarks 7 (c)(ii)(aze)(2) ‧見備註/See Remarks 7 (c)(iii)(x),
2024-03-21,2024-03-28,,第 1 座 Tower 1,32,A8,,7755000,,‧價單第5ZZG號下的支付條款(A) Terms of Payment (A) under Price List No.5ZZG ‧見備註/See Remarks 7 (c)(i)(azh) ‧見備註/See Remarks 7 (c)(ii)(ao) ‧見備註/See Remarks 7 (c)(ii)(aze)(1) ‧見備註/See Remarks 7 (c)(ii)(aze)(2) ‧見備註/See Remarks 7 (c)(iii)(y),
2024-03-21,2024-03-28,,第 1 座 Tower 1,33,A8,,7769000,,‧價單第5ZZG號下的支付條款(A) Terms of Payment (A) under Price List No.5ZZG ‧見備註/See Remarks 7 (c)(i)(azh) ‧見備註/See Remarks 7 (c)(ii)(ao) ‧見備註/See Remarks 7 (c)(ii)(aze)(1) ‧見備註/See Remarks 7 (c)(ii)(aze)(2) ‧見備註/See Remarks 7 (c)(iii)(y),
2024-03-21,2024-03-28,,第 1 座 Tower 1,35,A8,,7782000,,‧價單第5ZZG號下的支付條款(A) Terms of Payment (A) under Price List No.5ZZG ‧見備註/See Remarks 7 (c)(i)(azh) ‧見備註/See Remarks 7 (c)(ii)(ao) ‧見備註/See Remarks 7 (c)(ii)(aze)(1) ‧見備註/See Remarks 7 (c)(ii)(aze)(2) ‧見備註/See Remarks 7 (c)(iii)(y),
2024-03-21,2024-03-28,,第 1 座 Tower 1,16,B8,,7754000,,‧價單第2ZZL號下的支付條款(A) Terms of Payment (A) under Price List No.2ZZL ‧見備註/See Remarks 7 (c)(i)(azh) ‧見備註/See Remarks 7 (c)(ii)(ao) ‧見備註/See Remarks 7 (c)(ii)(aze)(1) ‧見備註/See Remarks 7 (c)(ii)(aze)(2) ‧見備註/See Remarks 7 (c)(iii)(zb),
2024-03-21,2024-03-28,,第 2 座 Tower 2,18,C11,,5207000,,‧價單第5ZZG號下的支付條款(A) Terms of Payment (A) under Price List No.5ZZG ‧見備註/See Remarks 7 (c)(i)(azh) ‧見備註/See Remarks 7 (c)(ii)(ao) ‧見備註/See Remarks 7 (c)(ii)(aze)(1) ‧見備註/See Remarks 7 (c)(ii)(aze)(2) ‧見備註/See Remarks 7 (c)(iii)(x),
2024-03-21,2024-03-28,,第 2 座 Tower 2,20,C5,,4160000,,‧價單第3ZZM號下的支付條款(A) Terms of Payment (A) under Price List No.3ZZM ‧見備註/See Remarks 7 (c)(i)(azh) ‧見備註/See Remarks 7 (c)(ii)(ao) ‧見備註/See Remarks 7 (c)(ii)(aze)(1) ‧見備註/See Remarks 7 (c)(ii)(aze)(2) ‧見備註/See Remarks 7 (c)(iii)(x),
2024-03-21,2024-03-28,,第 2 座 Tower 2,20,C10,,5201000,,‧價單第5ZZG號下的支付條款(A) Terms of Payment (A) under Price List No.5ZZG ‧見備註/See Remarks 7 (c)(i)(azh) ‧見備註/See Remarks 7 (c)(ii)(ao) ‧見備註/See Remarks 7 (c)(ii)(aze)(1) ‧見備註/See Remarks 7 (c)(ii)(aze)(2) ‧見備註/See Remarks 7 (c)(iii)(x),
2024-03-21,2024-03-28,,第 2 座 Tower 2,20,C11,,5228000,,‧價單第5ZZG號下的支付條款(A) Terms of Payment (A) under Price List No.5ZZG ‧見備註/See Remarks 7 (c)(i)(azh) ‧見備註/See Remarks 7 (c)(ii)(ao) ‧見備註/See Remarks 7 (c)(ii)(aze)(1) ‧見備註/See Remarks 7 (c)(ii)(aze)(2) ‧見備註/See Remarks 7 (c)(iii)(x),
2024-03-21,2024-03-28,,第 2 座 Tower 2,23,C11,,5259000,,‧價單第5ZZG號下的支付條款(A) Terms of Payment (A) under Price List No.5ZZG ‧見備註/See Remarks 7 (c)(i)(azh) ‧見備註/See Remarks 7 (c)(ii)(ao) ‧見備註/See Remarks 7 (c)(ii)(aze)(1) ‧見備註/See Remarks 7 (c)(ii)(aze)(2) ‧見備註/See Remarks 7 (c)(iii)(x),
2024-03-22,2024-04-02,,第 1 座 Tower 1,23,A2,,5852000,,‧價單第5ZZH號下的支付條款(A) Terms of Payment (A) under Price List No.5ZZH ‧見備註/See Remarks 7 (c)(i)(azh) ‧見備註/See Remarks 7 (c)(ii)(ao) ‧見備註/See Remarks 7 (c)(ii)(azf) ‧見備註/See Remarks 7 (c)(iii)(x) ‧見備註/See Remarks 7 (c)(iii)(zc),
2024-03-22,2024-04-02,,第 1 座 Tower 1,36,A8,,7795000,,‧價單第5ZZH號下的支付條款(A) Terms of Payment (A) under Price List No.5ZZH ‧見備註/See Remarks 7 (c)(i)(azh) ‧見備註/See Remarks 7 (c)(ii)(ao) ‧見備註/See Remarks 7 (c)(ii)(azf) ‧見備註/See Remarks 7 (c)(iii)(y) ‧見備註/See Remarks 7 (c)(iii)(zc),
2024-03-22,2024-04-02,,第 1 座 Tower 1,22,B9,,5516000,,‧價單第2ZZM號下的支付條款(A) Terms of Payment (A) under Price List No.2ZZM ‧見備註/See Remarks 7 (c)(i)(azh) ‧見備註/See Remarks 7 (c)(ii)(ao) ‧見備註/See Remarks 7 (c)(ii)(azf) ‧見備註/See Remarks 7 (c)(iii)(x) ‧見備註/See Remarks 7 (c)(iii)(zc),
2024-03-22,2024-04-02,,第 1 座 Tower 1,29,B9,,5683000,,‧價單第3ZZN號下的支付條款(A) Terms of Payment (A) under Price List No.3ZZN ‧見備註/See Remarks 7 (c)(i)(azh) ‧見備註/See Remarks 7 (c)(ii)(ao) ‧見備註/See Remarks 7 (c)(ii)(azf) ‧見備註/See Remarks 7 (c)(iii)(x) ‧見備註/See Remarks 7 (c)(iii)(zc),
2024-03-22,2024-04-02,,第 2 座 Tower 2,11,C3,,3923000,,‧價單第3ZZN號下的支付條款(A) Terms of Payment (A) under Price List No.3ZZN ‧見備註/See Remarks 7 (c)(i)(azh) ‧見備註/See Remarks 7 (c)(ii)(ao) ‧見備註/See Remarks 7 (c)(ii)(azf) ‧見備註/See Remarks 7 (c)(iii)(x) ‧見備註/See Remarks 7 (c)(iii)(zc),
2024-03-22,2024-04-02,,第 2 座 Tower 2,11,C8,,5108000,,‧價單第3ZZN號下的支付條款(B) Terms of Payment (B) under Price List No.3ZZN ‧見備註/See Remarks 7 (c)(i)(azi) ‧見備註/See Remarks 7 (c)(ii)(an) ‧見備註/See Remarks 7 (c)(ii)(azf) ‧見備註/See Remarks 7 (c)(iii)(x) ‧見備註/See Remarks 7 (c)(iii)(zc),
2024-03-22,2024-04-02,,第 2 座 Tower 2,12,C8,,5109000,,‧價單第2ZZM號下的支付條款(A) Terms of Payment (A) under Price List No.2ZZM ‧見備註/See Remarks 7 (c)(i)(azh) ‧見備註/See Remarks 7 (c)(ii)(ao) ‧見備註/See Remarks 7 (c)(ii)(azf) ‧見備註/See Remarks 7 (c)(iii)(x) ‧見備註/See Remarks 7 (c)(iii)(zc),
2024-03-22,2024-04-02,,第 2 座 Tower 2,12,C9,,5070000,,‧價單第2ZZM號下的支付條款(A) Terms of Payment (A) under Price List No.2ZZM ‧見備註/See Remarks 7 (c)(i)(azh) ‧見備註/See Remarks 7 (c)(ii)(ao) ‧見備註/See Remarks 7 (c)(ii)(azf) ‧見備註/See Remarks 7 (c)(iii)(x) ‧見備註/See Remarks 7 (c)(iii)(zc),
2024-03-22,2024-04-02,,第 2 座 Tower 2,15,C9,,5105000,,‧價單第2ZZM號下的支付條款(C) Terms of Payment (C) under Price List No.2ZZM ‧見備註/See Remarks 7 (c)(i)(azn) ‧見備註/See Remarks 7 (c)(ii)(aq) ‧見備註/See Remarks 7 (c)(ii)(ar) ‧見備註/See Remarks 7 (c)(ii)(azf) ‧見備註/See Remarks 7 (c)(iii)(x) ‧見備註/See Remarks 7 (c)(iii)(zc),
2024-03-22,2024-04-02,,第 2 座 Tower 2,18,C2,,4129000,,‧價單第3ZZN號下的支付條款(A) Terms of Payment (A) under Price List No.3ZZN ‧見備註/See Remarks 7 (c)(i)(azh) ‧見備註/See Remarks 7 (c)(ii)(ao) ‧見備註/See Remarks 7 (c)(ii)(azf) ‧見備註/See Remarks 7 (c)(iii)(x) ‧見備註/See Remarks 7 (c)(iii)(zc),
2024-03-22,2024-04-02,,第 2 座 Tower 2,19,C3,,4073000,,‧價單第3ZZN號下的支付條款(C) Terms of Payment (C) under Price List No.3ZZN ‧見備註/See Remarks 7 (c)(i)(azn) ‧見備註/See Remarks 7 (c)(ii)(aq) ‧見備註/See Remarks 7 (c)(ii)(ar) ‧見備註/See Remarks 7 (c)(ii)(azf) ‧見備註/See Remarks 7 (c)(iii)(x) ‧見備註/See Remarks 7 (c)(iii)(zc),
2024-03-22,2024-04-02,,第 2 座 Tower 2,21,C3,,4090000,,‧價單第3ZZN號下的支付條款(B) Terms of Payment (B) under Price List No.3ZZN ‧見備註/See Remarks 7 (c)(i)(azi) ‧見備註/See Remarks 7 (c)(ii)(an) ‧見備註/See Remarks 7 (c)(ii)(azf) ‧見備註/See Remarks 7 (c)(iii)(x) ‧見備註/See Remarks 7 (c)(iii)(zc),
2024-03-22,2024-04-02,2025-07-04,第 2 座 Tower 2,22,C11,,5249000,,‧價單第5ZZH號下的支付條款(A) Terms of Payment (A) under Price List No.5ZZH ‧見備註/See Remarks 7 (c)(i)(azh) ‧見備註/See Remarks 7 (c)(ii)(ao) ‧見備註/See Remarks 7 (c)(ii)(azf) ‧見備註/See Remarks 7 (c)(iii)(x) ‧見備註/See Remarks 7 (c)(iii)(zc),
2024-03-22,2024-04-02,,第 2 座 Tower 2,26,C10,,5428000,,‧價單第3ZZN號下的支付條款(C) Terms of Payment (C) under Price List No.3ZZN ‧見備註/See Remarks 7 (c)(i)(azn) ‧見備註/See Remarks 7 (c)(ii)(aq) ‧見備註/See Remarks 7 (c)(ii)(ar) ‧見備註/See Remarks 7 (c)(ii)(azf) ‧見備註/See Remarks 7 (c)(iii)(x) ‧見備註/See Remarks 7 (c)(iii)(zc),
2024-03-23,2024-04-02,,第 1 座 Tower 1,17,A2,,5500000,,‧價單第4ZZL號下的支付條款(A) Terms of Payment (A) under Price List No.4ZZL ‧見備註/See Remarks 7 (c)(i)(azh) ‧見備註/See Remarks 7 (c)(ii)(ao) ‧見備註/See Remarks 7 (c)(ii)(azf) ‧見備註/See Remarks 7 (c)(iii)(x) ‧見備註/See Remarks 7 (c)(iii)(zc),
2024-03-23,2024-04-02,,第 1 座 Tower 1,27,B9,,5627000,,‧價單第3ZZN號下的支付條款(A) Terms of Payment (A) under Price List No.3ZZN ‧見備註/See Remarks 7 (c)(i)(azh) ‧見備註/See Remarks 7 (c)(ii)(ao) ‧見備註/See Remarks 7 (c)(ii)(azf) ‧見備註/See Remarks 7 (c)(iii)(x) ‧見備註/See Remarks 7 (c)(iii)(zc),
2024-03-23,2024-04-02,,第 1 座 Tower 1,28,B9,,5654000,,‧價單第3ZZN號下的支付條款(C) Terms of Payment (C) under Price List No.3ZZN ‧見備註/See Remarks 7 (c)(i)(azn) ‧見備註/See Remarks 7 (c)(ii)(aq) ‧見備註/See Remarks 7 (c)(ii)(ar) ‧見備註/See Remarks 7 (c)(ii)(azf) ‧見備註/See Remarks 7 (c)(iii)(x) ‧見備註/See Remarks 7 (c)(iii)(zc),
2024-03-23,2024-04-02,,第 2 座 Tower 2,20,C3,,4082000,,‧價單第3ZZN號下的支付條款(A) Terms of Payment (A) under Price List No.3ZZN ‧見備註/See Remarks 7 (c)(i)(azh) ‧見備註/See Remarks 7 (c)(ii)(ao) ‧見備註/See Remarks 7 (c)(ii)(azf) ‧見備註/See Remarks 7 (c)(iii)(x) ‧見備註/See Remarks 7 (c)(iii)(zc),
2024-03-23,2024-04-02,,第 2 座 Tower 2,21,C2,,4166000,,‧價單第3ZZN號下的支付條款(A) Terms of Payment (A) under Price List No.3ZZN ‧見備註/See Remarks 7 (c)(i)(azh) ‧見備註/See Remarks 7 (c)(ii)(ao) ‧見備註/See Remarks 7 (c)(ii)(azf) ‧見備註/See Remarks 7 (c)(iii)(x) ‧見備註/See Remarks 7 (c)(iii)(zc),
2024-03-23,2024-04-02,,第 2 座 Tower 2,21,C12,,5354000,,‧價單第5ZZH號下的支付條款(A) Terms of Payment (A) under Price List No.5ZZH ‧見備註/See Remarks 7 (c)(i)(azh) ‧見備註/See Remarks 7 (c)(ii)(ao) ‧見備註/See Remarks 7 (c)(ii)(azf) ‧見備註/See Remarks 7 (c)(iii)(x) ‧見備註/See Remarks 7 (c)(iii)(zc),
2024-03-23,2024-04-02,,第 2 座 Tower 2,23,C3,,4106000,,‧價單第3ZZN號下的支付條款(C) Terms of Payment (C) under Price List No.3ZZN ‧見備註/See Remarks 7 (c)(i)(azn) ‧見備註/See Remarks 7 (c)(ii)(aq) ‧見備註/See Remarks 7 (c)(ii)(ar) ‧見備註/See Remarks 7 (c)(ii)(azf) ‧見備註/See Remarks 7 (c)(iii)(x) ‧見備註/See Remarks 7 (c)(iii)(zc),
2024-03-23,2024-04-02,,第 2 座 Tower 2,32,C1,,4579000,,‧價單第3ZZN號下的支付條款(A) Terms of Payment (A) under Price List No.3ZZN ‧見備註/See Remarks 7 (c)(i)(azh) ‧見備註/See Remarks 7 (c)(ii)(ao) ‧見備註/See Remarks 7 (c)(ii)(azf) ‧見備註/See Remarks 7 (c)(iii)(w) ‧見備註/See Remarks 7 (c)(iii)(zc),
2024-03-24,,,第 2 座 Tower 2,17,C11,,5196000,,‧價單第3ZZN號下的支付條款(A) Terms of Payment (A) under Price List No.3ZZN ‧見備註/See Remarks 7 (c)(i)(azh) ‧見備註/See Remarks 7 (c)(ii)(ao) ‧見備註/See Remarks 7 (c)(ii)(azf) ‧見備註/See Remarks 7 (c)(iii)(x) ‧見備註/See Remarks 7 (c)(iii)(zc),
2024-03-24,2024-04-02,,第 2 座 Tower 2,23,C1,,4493000,,‧價單第3ZZN號下的支付條款(A) Terms of Payment (A) under Price List No.3ZZN ‧見備註/See Remarks 7 (c)(i)(azh) ‧見備註/See Remarks 7 (c)(ii)(ao) ‧見備註/See Remarks 7 (c)(ii)(azf) ‧見備註/See Remarks 7 (c)(iii)(w) ‧見備註/See Remarks 7 (c)(iii)(zc),
2024-03-24,2024-04-02,,第 2 座 Tower 2,27,C10,,5439000,,‧價單第3ZZN號下的支付條款(A) Terms of Payment (A) under Price List No.3ZZN ‧見備註/See Remarks 7 (c)(i)(azh) ‧見備註/See Remarks 7 (c)(ii)(ao) ‧見備註/See Remarks 7 (c)(ii)(azf) ‧見備註/See Remarks 7 (c)(iii)(x) ‧見備註/See Remarks 7 (c)(iii)(zc),
2024-03-24,2024-04-02,,第 2 座 Tower 2,35,C1,,4598000,,‧價單第3ZZN號下的支付條款(A) Terms of Payment (A) under Price List No.3ZZN ‧見備註/See Remarks 7 (c)(i)(azh) ‧見備註/See Remarks 7 (c)(ii)(ao) ‧見備註/See Remarks 7 (c)(ii)(azf) ‧見備註/See Remarks 7 (c)(iii)(w) ‧見備註/See Remarks 7 (c)(iii)(zc),
2024-03-25,2024-04-03,,第 2 座 Tower 2,11,C7,,5090000,,‧價單第3ZZN號下的支付條款(A) Terms of Payment (A) under Price List No.3ZZN ‧見備註/See Remarks 7 (c)(i)(azh) ‧見備註/See Remarks 7 (c)(ii)(ao) ‧見備註/See Remarks 7 (c)(ii)(azf) ‧見備註/See Remarks 7 (c)(iii)(x) ‧見備註/See Remarks 7 (c)(iii)(zc),
2024-03-26,2024-04-05,,第 2 座 Tower 2,26,D5,,5293000,,‧價單第5ZZH號下的支付條款(A) Terms of Payment (A) under Price List No.5ZZH ‧見備註/See Remarks 7 (c)(i)(azh) ‧見備註/See Remarks 7 (c)(ii)(ao) ‧見備註/See Remarks 7 (c)(ii)(azf) ‧見備註/See Remarks 7 (c)(iii)(y) ‧見備註/See Remarks 7 (c)(iii)(zc),
2024-03-27,2024-04-08,,第 2 座 Tower 2,22,C3,,4098000,,‧價單第3ZZN號下的支付條款(A) Terms of Payment (A) under Price List No.3ZZN ‧見備註/See Remarks 7 (c)(i)(azh) ‧見備註/See Remarks 7 (c)(ii)(ao) ‧見備註/See Remarks 7 (c)(ii)(azf) ‧見備註/See Remarks 7 (c)(iii)(x) ‧見備註/See Remarks 7 (c)(iii)(zc),
2024-03-27,2024-04-08,,第 2 座 Tower 2,23,C2,,4192000,,‧價單第3ZZN號下的支付條款(A) Terms of Payment (A) under Price List No.3ZZN ‧見備註/See Remarks 7 (c)(i)(azh) ‧見備註/See Remarks 7 (c)(ii)(ao) ‧見備註/See Remarks 7 (c)(ii)(azf) ‧見備註/See Remarks 7 (c)(iii)(x) ‧見備註/See Remarks 7 (c)(iii)(zc),
2024-03-27,2024-04-08,,第 2 座 Tower 2,26,C3,,4123000,,‧價單第3ZZN號下的支付條款(A) Terms of Payment (A) under Price List No.3ZZN ‧見備註/See Remarks 7 (c)(i)(azh) ‧見備註/See Remarks 7 (c)(ii)(ao) ‧見備註/See Remarks 7 (c)(ii)(azf) ‧見備註/See Remarks 7 (c)(iii)(x) ‧見備註/See Remarks 7 (c)(iii)(zc),
2024-03-27,2024-04-08,,第 2 座 Tower 2,27,C3,,4130000,,‧價單第3ZZN號下的支付條款(C) Terms of Payment (C) under Price List No.3ZZN ‧見備註/See Remarks 7 (c)(i)(azn) ‧見備註/See Remarks 7 (c)(ii)(aq) ‧見備註/See Remarks 7 (c)(ii)(ar) ‧見備註/See Remarks 7 (c)(ii)(azf) ‧見備註/See Remarks 7 (c)(iii)(x) ‧見備註/See Remarks 7 (c)(iii)(zc) ‧價單第3ZZN號下的支付條款(A) Terms of Payment (A) under Price List No.3ZZN ‧見備註/See Remarks 7 (c)(i)(azh) ‧見備註/See Remarks 7 (c)(ii)(ao) ‧見備註/See Remarks 7 (c)(ii)(azf) ‧見備註/See Remarks 7 (c)(iii)(x) ‧見備註/See Remarks 7 (c)(iii)(zc) (在 11-04-2024修訂) (revised on 11-04-2024),
2024-03-27,2024-04-08,,第 2 座 Tower 2,29,C3,,4148000,,‧價單第3ZZN號下的支付條款(A) Terms of Payment (A) under Price List No.3ZZN ‧見備註/See Remarks 7 (c)(i)(azh) ‧見備註/See Remarks 7 (c)(ii)(ao) ‧見備註/See Remarks 7 (c)(ii)(azf) ‧見備註/See Remarks 7 (c)(iii)(x) ‧見備註/See Remarks 7 (c)(iii)(zc),
2024-03-28,2024-04-09,,第 1 座 Tower 1,28,A9,,5680000,,‧價單第3ZZO號下的支付條款(A) Terms of Payment (A) under Price List No.3ZZO ‧見備註/See Remarks 7 (c)(i)(azh) ‧見備註/See Remarks 7 (c)(ii)(ao) ‧見備註/See Remarks 7 (c)(ii)(azg) ‧見備註/See Remarks 7 (c)(iii)(x) ‧見備註/See Remarks 7 (c)(iii)(zc),
2024-03-28,2024-04-09,,第 2 座 Tower 2,19,C11,,5217000,,‧價單第5ZZI號下的支付條款(A) Terms of Payment (A) under Price List No.5ZZI ‧見備註/See Remarks 7 (c)(i)(azh) ‧見備註/See Remarks 7 (c)(ii)(ao) ‧見備註/See Remarks 7 (c)(ii)(azg) ‧見備註/See Remarks 7 (c)(iii)(x) ‧見備註/See Remarks 7 (c)(iii)(zc),
2024-03-28,2024-04-09,,第 2 座 Tower 2,19,C12,,5332000,,‧價單第5ZZI號下的支付條款(A) Terms of Payment (A) under Price List No.5ZZI ‧見備註/See Remarks 7 (c)(i)(azh) ‧見備註/See Remarks 7 (c)(ii)(ao) ‧見備註/See Remarks 7 (c)(ii)(azg) ‧見備註/See Remarks 7 (c)(iii)(x) ‧見備註/See Remarks 7 (c)(iii)(zc),
2024-03-28,2024-04-09,,第 2 座 Tower 2,22,C2,,4178000,,‧價單第3ZZO號下的支付條款(A) Terms of Payment (A) under Price List No.3ZZO ‧見備註/See Remarks 7 (c)(i)(azh) ‧見備註/See Remarks 7 (c)(ii)(ao) ‧見備註/See Remarks 7 (c)(ii)(azg) ‧見備註/See Remarks 7 (c)(iii)(x) ‧見備註/See Remarks 7 (c)(iii)(zc),
2024-03-28,2024-04-09,,第 2 座 Tower 2,27,C11,,5462000,,‧價單第3ZZO號下的支付條款(A) Terms of Payment (A) under Price List No.3ZZO ‧見備註/See Remarks 7 (c)(i)(azh) ‧見備註/See Remarks 7 (c)(ii)(ao) ‧見備註/See Remarks 7 (c)(ii)(azg) ‧見備註/See Remarks 7 (c)(iii)(x) ‧見備註/See Remarks 7 (c)(iii)(zc),
2024-03-28,,,第 2 座 Tower 2,32,C12,,5461000,,‧價單第5ZZI號下的支付條款(A) Terms of Payment (A) under Price List No.5ZZI ‧見備註/See Remarks 7 (c)(i)(azh) ‧見備註/See Remarks 7 (c)(ii)(ao) ‧見備註/See Remarks 7 (c)(ii)(azg) ‧見備註/See Remarks 7 (c)(iii)(x) ‧見備註/See Remarks 7 (c)(iii)(zc),
2024-03-29,2024-04-09,,第 2 座 Tower 2,17,C1,,4391000,,‧價單第3ZZP號下的支付條款(A) Terms of Payment (A) under Price List No.3ZZP ‧見備註/See Remarks 7 (c)(i)(azh) ‧見備註/See Remarks 7 (c)(ii)(ao) ‧見備註/See Remarks 7 (c)(ii)(azg) ‧見備註/See Remarks 7 (c)(iii)(w) ‧見備註/See Remarks 7 (c)(iii)(zc),
2024-03-29,2024-04-09,,第 2 座 Tower 2,20,C12,,5343000,,‧價單第5ZZJ號下的支付條款(A) Terms of Payment (A) under Price List No.5ZZJ ‧見備註/See Remarks 7 (c)(i)(azh) ‧見備註/See Remarks 7 (c)(ii)(ao) ‧見備註/See Remarks 7 (c)(ii)(azg) ‧見備註/See Remarks 7 (c)(iii)(x) ‧見備註/See Remarks 7 (c)(iii)(zc),
2024-03-30,2024-04-09,,第 1 座 Tower 1,10,A7,,3924000,,‧價單第6號下的支付條款(A) Terms of Payment (A) under Price List No.6 ‧見備註/See Remarks 7 (c)(i)(azh) ‧見備註/See Remarks 7 (c)(ii)(ao) ‧見備註/See Remarks 7 (c)(ii)(azi) ‧見備註/See Remarks 7 (c)(iii)(za) ‧見備註/See Remarks 7 (c)(iii)(zc),
2024-03-30,2024-04-08,,第 1 座 Tower 1,11,A7,,3924000,,‧價單第6號下的支付條款(A) Terms of Payment (A) under Price List No.6 ‧見備註/See Remarks 7 (c)(i)(azh) ‧見備註/See Remarks 7 (c)(ii)(ao) ‧見備註/See Remarks 7 (c)(ii)(azi) ‧見備註/See Remarks 7 (c)(iii)(za) ‧見備註/See Remarks 7 (c)(iii)(zc),
2024-03-30,2024-04-08,,第 1 座 Tower 1,36,B6,,4259000,,‧價單第6號下的支付條款(A) Terms of Payment (A) under Price List No.6 ‧見備註/See Remarks 7 (c)(i)(azh) ‧見備註/See Remarks 7 (c)(ii)(ao) ‧見備註/See Remarks 7 (c)(ii)(azi) ‧見備註/See Remarks 7 (c)(iii)(y) ‧見備註/See Remarks 7 (c)(iii)(zc),
2024-03-30,2024-04-09,,第 2 座 Tower 2,29,C12,,5429000,,‧價單第5ZZK號下的支付條款(A) Terms of Payment (A) under Price List No.5ZZK ‧見備註/See Remarks 7 (c)(i)(azh) ‧見備註/See Remarks 7 (c)(ii)(ao) ‧見備註/See Remarks 7 (c)(ii)(azi) ‧見備註/See Remarks 7 (c)(iii)(x) ‧見備註/See Remarks 7 (c)(iii)(zc),
2024-03-30,2024-04-09,,第 2 座 Tower 2,30,C1,,4561000,,‧價單第3ZZQ號下的支付條款(A) Terms of Payment (A) under Price List No.3ZZQ ‧見備註/See Remarks 7 (c)(i)(azh) ‧見備註/See Remarks 7 (c)(ii)(ao) ‧見備註/See Remarks 7 (c)(ii)(azi) ‧見備註/See Remarks 7 (c)(iii)(w) ‧見備註/See Remarks 7 (c)(iii)(zc),
2024-03-30,2024-04-09,,第 2 座 Tower 2,27,D5,,5304000,,‧價單第5ZZK號下的支付條款(A) Terms of Payment (A) under Price List No.5ZZK ‧見備註/See Remarks 7 (c)(i)(azh) ‧見備註/See Remarks 7 (c)(ii)(ao) ‧見備註/See Remarks 7 (c)(ii)(azi) ‧見備註/See Remarks 7 (c)(iii)(y) ‧見備註/See Remarks 7 (c)(iii)(zc),
2024-04-01,2024-04-09,,第 1 座 Tower 1,31,B9,,5689000,,‧價單第6A號下的支付條款(A) Terms of Payment (A) under Price List No.6A ‧見備註/See Remarks 7 (c)(i)(azh) ‧見備註/See Remarks 7 (c)(ii)(ao) ‧見備註/See Remarks 7 (c)(ii)(azi) ‧見備註/See Remarks 7 (c)(iii)(x) ‧見備註/See Remarks 7 (c)(iii)(zc),
2024-04-01,2024-04-09,,第 2 座 Tower 2,28,C2,,4225000,,‧價單第3ZZR號下的支付條款(A) Terms of Payment (A) under Price List No.3ZZR ‧見備註/See Remarks 7 (c)(i)(azh) ‧見備註/See Remarks 7 (c)(ii)(ao) ‧見備註/See Remarks 7 (c)(ii)(azi) ‧見備註/See Remarks 7 (c)(iii)(x) ‧見備註/See Remarks 7 (c)(iii)(zc),
2024-04-01,2024-04-09,,第 2 座 Tower 2,33,C3,,4181000,,‧價單第3ZZR號下的支付條款(A) Terms of Payment (A) under Price List No.3ZZR ‧見備註/See Remarks 7 (c)(i)(azh) ‧見備註/See Remarks 7 (c)(ii)(ao) ‧見備註/See Remarks 7 (c)(ii)(azi) ‧見備註/See Remarks 7 (c)(iii)(x) ‧見備註/See Remarks 7 (c)(iii)(zc),
2024-04-04,2024-04-11,,第 1 座 Tower 1,20,A9,,5485000,,‧價單第2ZZQ號下的支付條款(A) Terms of Payment (A) under Price List No.2ZZQ ‧見備註/See Remarks 7 (c)(i)(azh) ‧見備註/See Remarks 7 (c)(ii)(ao) ‧見備註/See Remarks 7 (c)(ii)(azi) ‧見備註/See Remarks 7 (c)(iii)(x) ‧見備註/See Remarks 7 (c)(iii)(zc),
2024-04-04,2024-04-11,,第 2 座 Tower 2,28,C12,,5418000,,‧價單第5ZZL號下的支付條款(A) Terms of Payment (A) under Price List No.5ZZL ‧見備註/See Remarks 7 (c)(i)(azh) ‧見備註/See Remarks 7 (c)(ii)(ao) ‧見備註/See Remarks 7 (c)(ii)(azi) ‧見備註/See Remarks 7 (c)(iii)(x) ‧見備註/See Remarks 7 (c)(iii)(zc),
2024-04-04,2024-04-11,,第 2 座 Tower 2,23,D3,,5262000,,‧價單第5ZZL號下的支付條款(A) Terms of Payment (A) under Price List No.5ZZL ‧見備註/See Remarks 7 (c)(i)(azh) ‧見備註/See Remarks 7 (c)(ii)(ao) ‧見備註/See Remarks 7 (c)(ii)(azi) ‧見備註/See Remarks 7 (c)(iii)(y) ‧見備註/See Remarks 7 (c)(iii)(zc),
2024-04-05,2024-04-12,,第 1 座 Tower 1,19,A2,,5666000,,‧價單第3ZZR號下的支付條款(A) Terms of Payment (A) under Price List No.3ZZR ‧見備註/See Remarks 7 (c)(i)(azh) ‧見備註/See Remarks 7 (c)(ii)(ao) ‧見備註/See Remarks 7 (c)(ii)(azi) ‧見備註/See Remarks 7 (c)(iii)(x) ‧見備註/See Remarks 7 (c)(iii)(zc),
2024-04-05,2024-04-12,,第 2 座 Tower 2,26,C5,,4215000,,‧價單第3ZZR號下的支付條款(A) Terms of Payment (A) under Price List No.3ZZR ‧見備註/See Remarks 7 (c)(i)(azh) ‧見備註/See Remarks 7 (c)(ii)(ao) ‧見備註/See Remarks 7 (c)(ii)(azi) ‧見備註/See Remarks 7 (c)(iii)(x) ‧見備註/See Remarks 7 (c)(iii)(zc),
2024-04-06,2024-04-12,,第 2 座 Tower 2,17,C11,,5196000,,‧價單第3ZZR號下的支付條款(A) Terms of Payment (A) under Price List No.3ZZR ‧見備註/See Remarks 7 (c)(i)(azh) ‧見備註/See Remarks 7 (c)(ii)(ao) ‧見備註/See Remarks 7 (c)(ii)(azi) ‧見備註/See Remarks 7 (c)(iii)(x) ‧見備註/See Remarks 7 (c)(iii)(zc),
2024-04-07,2024-04-12,,第 2 座 Tower 2,18,C12,,5321000,,‧價單第5ZZL號下的支付條款(A) Terms of Payment (A) under Price List No.5ZZL ‧見備註/See Remarks 7 (c)(i)(azh) ‧見備註/See Remarks 7 (c)(ii)(ao) ‧見備註/See Remarks 7 (c)(ii)(azi) ‧見備註/See Remarks 7 (c)(iii)(x) ‧見備註/See Remarks 7 (c)(iii)(zc),
2024-04-12,2024-04-18,,第 1 座 Tower 1,26,A9,,5624000,,‧價單第3ZZR號下的支付條款(A) Terms of Payment (A) under Price List No.3ZZR ‧見備註/See Remarks 7 (c)(i)(azh) ‧見備註/See Remarks 7 (c)(ii)(ao) ‧見備註/See Remarks 7 (c)(ii)(azi) ‧見備註/See Remarks 7 (c)(iii)(x) ‧見備註/See Remarks 7 (c)(iii)(zc),
2024-04-12,2024-04-19,,第 2 座 Tower 2,27,C5,,4223000,,‧價單第3ZZR號下的支付條款(A) Terms of Payment (A) under Price List No.3ZZR ‧見備註/See Remarks 7 (c)(i)(azh) ‧見備註/See Remarks 7 (c)(ii)(ao) ‧見備註/See Remarks 7 (c)(ii)(azi) ‧見備註/See Remarks 7 (c)(iii)(x) ‧見備註/See Remarks 7 (c)(iii)(zc),
2024-04-13,2024-04-19,,第 2 座 Tower 2,22,C12,,5364000,,‧價單第5ZZL號下的支付條款(A) Terms of Payment (A) under Price List No.5ZZL ‧見備註/See Remarks 7 (c)(i)(azh) ‧見備註/See Remarks 7 (c)(ii)(ao) ‧見備註/See Remarks 7 (c)(ii)(azi) ‧見備註/See Remarks 7 (c)(iii)(x) ‧見備註/See Remarks 7 (c)(iii)(zc),
2024-04-13,2024-04-19,,第 2 座 Tower 2,31,C3,,4164000,,‧價單第3ZZR號下的支付條款(A) Terms of Payment (A) under Price List No.3ZZR ‧見備註/See Remarks 7 (c)(i)(azh) ‧見備註/See Remarks 7 (c)(ii)(ao) ‧見備註/See Remarks 7 (c)(ii)(azi) ‧見備註/See Remarks 7 (c)(iii)(x) ‧見備註/See Remarks 7 (c)(iii)(zc),
2024-04-14,2024-04-19,,第 2 座 Tower 2,23,C12,,5375000,,‧價單第5ZZL號下的支付條款(A) Terms of Payment (A) under Price List No.5ZZL ‧見備註/See Remarks 7 (c)(i)(azh) ‧見備註/See Remarks 7 (c)(ii)(ao) ‧見備註/See Remarks 7 (c)(ii)(azi) ‧見備註/See Remarks 7 (c)(iii)(x) ‧見備註/See Remarks 7 (c)(iii)(zc),
2024-04-15,2024-04-22,,第 2 座 Tower 2,30,C3,,4156000,,‧價單第3ZZR號下的支付條款(A) Terms of Payment (A) under Price List No.3ZZR ‧見備註/See Remarks 7 (c)(i)(azh) ‧見備註/See Remarks 7 (c)(ii)(ao) ‧見備註/See Remarks 7 (c)(ii)(azi) ‧見備註/See Remarks 7 (c)(iii)(x) ‧見備註/See Remarks 7 (c)(iii)(zc),
2024-04-16,2024-04-23,,第 2 座 Tower 2,26,C12,,5396000,,‧價單第5ZZL號下的支付條款(A) Terms of Payment (A) under Price List No.5ZZL ‧見備註/See Remarks 7 (c)(i)(azh) ‧見備註/See Remarks 7 (c)(ii)(ao) ‧見備註/See Remarks 7 (c)(ii)(azi) ‧見備註/See Remarks 7 (c)(iii)(x) ‧見備註/See Remarks 7 (c)(iii)(zc),
2024-04-17,2024-04-24,,第 2 座 Tower 2,26,C1,,4520000,,‧價單第3ZZR號下的支付條款(B) Terms of Payment (B) under Price List No.3ZZR ‧見備註/See Remarks 7 (c)(i)(azi) ‧見備註/See Remarks 7 (c)(ii)(an) ‧見備註/See Remarks 7 (c)(ii)(azi) ‧見備註/See Remarks 7 (c)(iii)(w) ‧見備註/See Remarks 7 (c)(iii)(zc),
2024-04-19,2024-04-26,,第 2 座 Tower 2,27,C1,,4533000,,‧價單第3ZZR號下的支付條款(C) Terms of Payment (C) under Price List No.3ZZR ‧見備註/See Remarks 7 (c)(i)(azn) ‧見備註/See Remarks 7 (c)(ii)(ar) ‧見備註/See Remarks 7 (c)(ii)(azh) ‧見備註/See Remarks 7 (c)(ii)(azi) ‧見備註/See Remarks 7 (c)(iii)(w) ‧見備註/See Remarks 7 (c)(iii)(zc),
2024-04-20,2024-04-26,,第 1 座 Tower 1,31,A8,,7944000,,‧價單第6A號下的支付條款(A) Terms of Payment (A) under Price List No.6A ‧見備註/See Remarks 7 (c)(i)(azh) ‧見備註/See Remarks 7 (c)(ii)(ao) ‧見備註/See Remarks 7 (c)(ii)(azi) ‧見備註/See Remarks 7 (c)(iii)(z) ‧見備註/See Remarks 7 (c)(iii)(zc),
2024-04-20,2024-04-26,,第 2 座 Tower 2,26,C2,,4208000,,‧價單第3ZZR號下的支付條款(A) Terms of Payment (A) under Price List No.3ZZR ‧見備註/See Remarks 7 (c)(i)(azh) ‧見備註/See Remarks 7 (c)(ii)(ao) ‧見備註/See Remarks 7 (c)(ii)(azi) ‧見備註/See Remarks 7 (c)(iii)(x) ‧見備註/See Remarks 7 (c)(iii)(zc) ‧價單第3ZZR號下的支付條款(C) Terms of Payment (C) under Price List No.3ZZR ‧見備註/See Remarks 7 (c)(i)(azn) ‧見備註/See Remarks 7 (c)(ii)(ar) ‧見備註/See Remarks 7 (c)(ii)(azh) ‧見備註/See Remarks 7 (c)(ii)(azi) ‧見備註/See Remarks 7 (c)(iii)(x) ‧見備註/See Remarks 7 (c)(iii)(zc) (在 02-05-2024修訂) (revised on 02-05-2024),
2024-04-21,2024-04-26,,第 2 座 Tower 2,27,C12,,5407000,,‧價單第5ZZL號下的支付條款(A) Terms of Payment (A) under Price List No.5ZZL ‧見備註/See Remarks 7 (c)(i)(azh) ‧見備註/See Remarks 7 (c)(ii)(ao) ‧見備註/See Remarks 7 (c)(ii)(azi) ‧見備註/See Remarks 7 (c)(iii)(x) ‧見備註/See Remarks 7 (c)(iii)(zc),
2024-04-21,2024-04-26,,第 2 座 Tower 2,30,C12,,5440000,,‧價單第5ZZL號下的支付條款(A) Terms of Payment (A) under Price List No.5ZZL ‧見備註/See Remarks 7 (c)(i)(azh) ‧見備註/See Remarks 7 (c)(ii)(ao) ‧見備註/See Remarks 7 (c)(ii)(azi) ‧見備註/See Remarks 7 (c)(iii)(x) ‧見備註/See Remarks 7 (c)(iii)(zc),
2024-04-25,2024-05-03,,第 2 座 Tower 2,22,D5,,5261000,,‧價單第3ZZR號下的支付條款(A) Terms of Payment (A) under Price List No.3ZZR ‧見備註/See Remarks 7 (c)(i)(azh) ‧見備註/See Remarks 7 (c)(ii)(ao) ‧見備註/See Remarks 7 (c)(ii)(azi) ‧見備註/See Remarks 7 (c)(iii)(y) ‧見備註/See Remarks 7 (c)(iii)(zc),
2024-04-27,2024-05-06,,第 1 座 Tower 1,31,B8,,7918000,,‧價單第6A號下的支付條款(A) Terms of Payment (A) under Price List No.6A ‧見備註/See Remarks 7 (c)(i)(azh) ‧見備註/See Remarks 7 (c)(ii)(ao) ‧見備註/See Remarks 7 (c)(ii)(azi) ‧見備註/See Remarks 7 (c)(iii)(zb) ‧見備註/See Remarks 7 (c)(iii)(zc),
2024-04-30,2024-05-08,,第 2 座 Tower 2,28,D5,,5315000,,‧價單第5ZZM號下的支付條款(C) Terms of Payment (C) under Price List No.5ZZM ‧見備註/See Remarks 7 (c)(i)(azn) ‧見備註/See Remarks 7 (c)(ii)(ar) ‧見備註/See Remarks 7 (c)(ii)(azh) ‧見備註/See Remarks 7 (c)(ii)(azi) ‧見備註/See Remarks 7 (c)(iii)(y) ‧見備註/See Remarks 7 (c)(iii)(zc),
2024-05-01,2024-05-08,,第 2 座 Tower 2,21,C11,,5238000,,‧價單第5ZZM號下的支付條款(C) Terms of Payment (C) under Price List No.5ZZM ‧見備註/See Remarks 7 (c)(i)(azn) ‧見備註/See Remarks 7 (c)(ii)(ar) ‧見備註/See Remarks 7 (c)(ii)(azh) ‧見備註/See Remarks 7 (c)(ii)(azi) ‧見備註/See Remarks 7 (c)(iii)(x) ‧見備註/See Remarks 7 (c)(iii)(zc) ‧價單第5ZZM號下的支付條款(A) Terms of Payment (A) under Price List No.5ZZM ‧見備註/See Remarks 7 (c)(i)(azh) ‧見備註/See Remarks 7 (c)(ii)(ao) ‧見備註/See Remarks 7 (c)(ii)(azi) ‧見備註/See Remarks 7 (c)(iii)(x) ‧見備註/See Remarks 7 (c)(iii)(zc) (在 11-07-2024修訂) (revised on 11-07-2024),
2024-05-02,2024-05-09,,第 1 座 Tower 1,31,B7,,4125000,,‧價單第6B號下的支付條款(A) Terms of Payment (A) under Price List No.6B ‧見備註/See Remarks 7 (c)(i)(azh) ‧見備註/See Remarks 7 (c)(ii)(ao) ‧見備註/See Remarks 7 (c)(ii)(azi) ‧見備註/See Remarks 7 (c)(iii)(z) ‧見備註/See Remarks 7 (c)(iii)(zc),
2024-05-04,2024-05-10,,第 2 座 Tower 2,32,C3,,4172000,,‧價單第3ZZS號下的支付條款(C) Terms of Payment (C) under Price List No.3ZZS ‧見備註/See Remarks 7 (c)(i)(azn) ‧見備註/See Remarks 7 (c)(ii)(ar) ‧見備註/See Remarks 7 (c)(ii)(azh) ‧見備註/See Remarks 7 (c)(ii)(azi) ‧見備註/See Remarks 7 (c)(iii)(x) ‧見備註/See Remarks 7 (c)(iii)(zc),
2024-05-05,2024-05-10,,第 2 座 Tower 2,26,C11,,5456000,,‧價單第3ZZS號下的支付條款(A) Terms of Payment (A) under Price List No.3ZZS ‧見備註/See Remarks 7 (c)(i)(azh) ‧見備註/See Remarks 7 (c)(ii)(ao) ‧見備註/See Remarks 7 (c)(ii)(azi) ‧見備註/See Remarks 7 (c)(iii)(x) ‧見備註/See Remarks 7 (c)(iii)(zc),
2024-05-05,2024-05-10,,第 2 座 Tower 2,36,C3,,4198000,,‧價單第6B號下的支付條款(A) Terms of Payment (A) under Price List No.6B ‧見備註/See Remarks 7 (c)(i)(azh) ‧見備註/See Remarks 7 (c)(ii)(ao) ‧見備註/See Remarks 7 (c)(ii)(azi) ‧見備註/See Remarks 7 (c)(iii)(x) ‧見備註/See Remarks 7 (c)(iii)(zc),
2024-05-10,2024-05-20,,第 1 座 Tower 1,22,A9,,5540000,,‧價單第2ZZR號下的支付條款(A) Terms of Payment (A) under Price List No.2ZZR ‧見備註/See Remarks 7 (c)(i)(azh) ‧見備註/See Remarks 7 (c)(ii)(ao) ‧見備註/See Remarks 7 (c)(ii)(azi) ‧見備註/See Remarks 7 (c)(iii)(x) ‧見備註/See Remarks 7 (c)(iii)(zc),
2024-05-12,2024-05-20,,第 1 座 Tower 1,19,A9,,5458000,,‧價單第2ZZR號下的支付條款(A) Terms of Payment (A) under Price List No.2ZZR ‧見備註/See Remarks 7 (c)(i)(azh) ‧見備註/See Remarks 7 (c)(ii)(ao) ‧見備註/See Remarks 7 (c)(ii)(azi) ‧見備註/See Remarks 7 (c)(iii)(x) ‧見備註/See Remarks 7 (c)(iii)(zc),
2024-05-12,2024-05-20,,第 1 座 Tower 1,23,A1,,5245000,,‧價單第5ZZM號下的支付條款(A) Terms of Payment (A) under Price List No.5ZZM ‧見備註/See Remarks 7 (c)(i)(azh) ‧見備註/See Remarks 7 (c)(ii)(ao) ‧見備註/See Remarks 7 (c)(ii)(azi) ‧見備註/See Remarks 7 (c)(iii)(x) ‧見備註/See Remarks 7 (c)(iii)(zc),
2024-05-13,2024-05-21,,第 1 座 Tower 1,29,A9,,5697000,,‧價單第3ZZS號下的支付條款(A) Terms of Payment (A) under Price List No.3ZZS ‧見備註/See Remarks 7 (c)(i)(azh) ‧見備註/See Remarks 7 (c)(ii)(ao) ‧見備註/See Remarks 7 (c)(ii)(azi) ‧見備註/See Remarks 7 (c)(iii)(x) ‧見備註/See Remarks 7 (c)(iii)(zc),
2024-05-13,2024-05-21,,第 2 座 Tower 2,28,D3,,5305000,,‧價單第5ZZM號下的支付條款(A) Terms of Payment (A) under Price List No.5ZZM ‧見備註/See Remarks 7 (c)(i)(azh) ‧見備註/See Remarks 7 (c)(ii)(ao) ‧見備註/See Remarks 7 (c)(ii)(azi) ‧見備註/See Remarks 7 (c)(iii)(y) ‧見備註/See Remarks 7 (c)(iii)(zc),
2024-05-15,2024-05-22,,第 2 座 Tower 2,27,D3,,5294000,,‧價單第5ZZM號下的支付條款(A) Terms of Payment (A) under Price List No.5ZZM ‧見備註/See Remarks 7 (c)(i)(azh) ‧見備註/See Remarks 7 (c)(ii)(ao) ‧見備註/See Remarks 7 (c)(ii)(azi) ‧見備註/See Remarks 7 (c)(iii)(y) ‧見備註/See Remarks 7 (c)(iii)(zc),
2024-05-17,2024-05-24,,第 1 座 Tower 1,21,A9,,5512000,,‧價單第2ZZR號下的支付條款(A) Terms of Payment (A) under Price List No.2ZZR ‧見備註/See Remarks 7 (c)(i)(azh) ‧見備註/See Remarks 7 (c)(ii)(ao) ‧見備註/See Remarks 7 (c)(ii)(azi) ‧見備註/See Remarks 7 (c)(iii)(x) ‧見備註/See Remarks 7 (c)(iii)(zc),
2024-05-17,2024-05-24,,第 1 座 Tower 1,22,A1,,5234000,,‧價單第2ZZR號下的支付條款(A) Terms of Payment (A) under Price List No.2ZZR ‧見備註/See Remarks 7 (c)(i)(azh) ‧見備註/See Remarks 7 (c)(ii)(ao) ‧見備註/See Remarks 7 (c)(ii)(azi) ‧見備註/See Remarks 7 (c)(iii)(x) ‧見備註/See Remarks 7 (c)(iii)(zc),
2024-05-17,2024-05-24,,第 2 座 Tower 2,27,C2,,4217000,,‧價單第3ZZS號下的支付條款(A) Terms of Payment (A) under Price List No.3ZZS ‧見備註/See Remarks 7 (c)(i)(azh) ‧見備註/See Remarks 7 (c)(ii)(ao) ‧見備註/See Remarks 7 (c)(ii)(azi) ‧見備註/See Remarks 7 (c)(iii)(x) ‧見備註/See Remarks 7 (c)(iii)(zc),
2024-05-19,2024-05-24,,第 2 座 Tower 2,29,C2,,4233000,,‧價單第3ZZS號下的支付條款(C) Terms of Payment (C) under Price List No.3ZZS ‧見備註/See Remarks 7 (c)(i)(azn) ‧見備註/See Remarks 7 (c)(ii)(ar) ‧見備註/See Remarks 7 (c)(ii)(azh) ‧見備註/See Remarks 7 (c)(ii)(azi) ‧見備註/See Remarks 7 (c)(iii)(x) ‧見備註/See Remarks 7 (c)(iii)(zc),
2024-05-19,2024-05-24,,第 2 座 Tower 2,31,C12,,5450000,,‧價單第5ZZM號下的支付條款(A) Terms of Payment (A) under Price List No.5ZZM ‧見備註/See Remarks 7 (c)(i)(azh) ‧見備註/See Remarks 7 (c)(ii)(ao) ‧見備註/See Remarks 7 (c)(ii)(azi) ‧見備註/See Remarks 7 (c)(iii)(x) ‧見備註/See Remarks 7 (c)(iii)(zc),
2024-05-19,2024-05-24,,第 2 座 Tower 2,32,C12,,5461000,,‧價單第5ZZM號下的支付條款(A) Terms of Payment (A) under Price List No.5ZZM ‧見備註/See Remarks 7 (c)(i)(azh) ‧見備註/See Remarks 7 (c)(ii)(ao) ‧見備註/See Remarks 7 (c)(ii)(azi) ‧見備註/See Remarks 7 (c)(iii)(x) ‧見備註/See Remarks 7 (c)(iii)(zc),
2024-05-22,2024-05-29,,第 2 座 Tower 2,28,C1,,4543000,,‧價單第3ZZS號下的支付條款(A) Terms of Payment (A) under Price List No.3ZZS ‧見備註/See Remarks 7 (c)(i)(azh) ‧見備註/See Remarks 7 (c)(ii)(ao) ‧見備註/See Remarks 7 (c)(ii)(azi) ‧見備註/See Remarks 7 (c)(iii)(w) ‧見備註/See Remarks 7 (c)(iii)(zc),
2024-05-22,2024-05-29,,第 2 座 Tower 2,31,C1,,4571000,,‧價單第3ZZS號下的支付條款(A) Terms of Payment (A) under Price List No.3ZZS ‧見備註/See Remarks 7 (c)(i)(azh) ‧見備註/See Remarks 7 (c)(ii)(ao) ‧見備註/See Remarks 7 (c)(ii)(azi) ‧見備註/See Remarks 7 (c)(iii)(w) ‧見備註/See Remarks 7 (c)(iii)(zc),
2024-05-25,2024-05-31,,第 2 座 Tower 2,29,C6,,5366000,,‧價單第6B號下的支付條款(A) Terms of Payment (A) under Price List No.6B ‧見備註/See Remarks 7 (c)(i)(azh) ‧見備註/See Remarks 7 (c)(ii)(ao) ‧見備註/See Remarks 7 (c)(ii)(azi) ‧見備註/See Remarks 7 (c)(iii)(x) ‧見備註/See Remarks 7 (c)(iii)(zc),
2024-05-25,2024-05-31,,第 2 座 Tower 2,36,C6,,5399000,,‧價單第6B號下的支付條款(A) Terms of Payment (A) under Price List No.6B ‧見備註/See Remarks 7 (c)(i)(azh) ‧見備註/See Remarks 7 (c)(ii)(ao) ‧見備註/See Remarks 7 (c)(ii)(azi) ‧見備註/See Remarks 7 (c)(iii)(x) ‧見備註/See Remarks 7 (c)(iii)(zc),
2024-05-26,2024-05-31,,第 1 座 Tower 1,20,A2,,5745000,,‧價單第2ZZR號下的支付條款(A) Terms of Payment (A) under Price List No.2ZZR ‧見備註/See Remarks 7 (c)(i)(azh) ‧見備註/See Remarks 7 (c)(ii)(ao) ‧見備註/See Remarks 7 (c)(ii)(azi) ‧見備註/See Remarks 7 (c)(iii)(x) ‧見備註/See Remarks 7 (c)(iii)(zc),
2024-05-26,2024-05-31,,第 1 座 Tower 1,21,A2,,5831000,,‧價單第2ZZR號下的支付條款(A) Terms of Payment (A) under Price List No.2ZZR ‧見備註/See Remarks 7 (c)(i)(azh) ‧見備註/See Remarks 7 (c)(ii)(ao) ‧見備註/See Remarks 7 (c)(ii)(azi) ‧見備註/See Remarks 7 (c)(iii)(x) ‧見備註/See Remarks 7 (c)(iii)(zc),
2024-05-29,2024-06-05,,第 1 座 Tower 1,25,A2,,5864000,,‧價單第5ZZM號下的支付條款(A) Terms of Payment (A) under Price List No.5ZZM ‧見備註/See Remarks 7 (c)(i)(azh) ‧見備註/See Remarks 7 (c)(ii)(ao) ‧見備註/See Remarks 7 (c)(ii)(azi) ‧見備註/See Remarks 7 (c)(iii)(x) ‧見備註/See Remarks 7 (c)(iii)(zc),
2024-05-29,2024-06-05,,第 2 座 Tower 2,35,C6,,5393000,,‧價單第6B號下的支付條款(A) Terms of Payment (A) under Price List No.6B ‧見備註/See Remarks 7 (c)(i)(azh) ‧見備註/See Remarks 7 (c)(ii)(ao) ‧見備註/See Remarks 7 (c)(ii)(azi) ‧見備註/See Remarks 7 (c)(iii)(x) ‧見備註/See Remarks 7 (c)(iii)(zc),
2024-05-30,2024-06-06,,第 2 座 Tower 2,32,C2,,4259000,,‧價單第3ZZS號下的支付條款(A) Terms of Payment (A) under Price List No.3ZZS ‧見備註/See Remarks 7 (c)(i)(azh) ‧見備註/See Remarks 7 (c)(ii)(ao) ‧見備註/See Remarks 7 (c)(ii)(azi) ‧見備註/See Remarks 7 (c)(iii)(x) ‧見備註/See Remarks 7 (c)(iii)(zc),
2024-05-30,2024-06-06,,第 2 座 Tower 2,32,C6,,5382000,,‧價單第6B號下的支付條款(A) Terms of Payment (A) under Price List No.6B ‧見備註/See Remarks 7 (c)(i)(azh) ‧見備註/See Remarks 7 (c)(ii)(ao) ‧見備註/See Remarks 7 (c)(ii)(azi) ‧見備註/See Remarks 7 (c)(iii)(x) ‧見備註/See Remarks 7 (c)(iii)(zc),
2024-05-30,2024-06-06,,第 2 座 Tower 2,33,C2,,4268000,,‧價單第3ZZS號下的支付條款(A) Terms of Payment (A) under Price List No.3ZZS ‧見備註/See Remarks 7 (c)(i)(azh) ‧見備註/See Remarks 7 (c)(ii)(ao) ‧見備註/See Remarks 7 (c)(ii)(azi) ‧見備註/See Remarks 7 (c)(iii)(x) ‧見備註/See Remarks 7 (c)(iii)(zc),
2024-05-30,2024-06-06,,第 2 座 Tower 2,33,C6,,5388000,,‧價單第6B號下的支付條款(A) Terms of Payment (A) under Price List No.6B ‧見備註/See Remarks 7 (c)(i)(azh) ‧見備註/See Remarks 7 (c)(ii)(ao) ‧見備註/See Remarks 7 (c)(ii)(azi) ‧見備註/See Remarks 7 (c)(iii)(x) ‧見備註/See Remarks 7 (c)(iii)(zc),
2024-05-30,2024-06-06,,第 2 座 Tower 2,37,C6,,5404000,,‧價單第6B號下的支付條款(A) Terms of Payment (A) under Price List No.6B ‧見備註/See Remarks 7 (c)(i)(azh) ‧見備註/See Remarks 7 (c)(ii)(ao) ‧見備註/See Remarks 7 (c)(ii)(azi) ‧見備註/See Remarks 7 (c)(iii)(x) ‧見備註/See Remarks 7 (c)(iii)(zc),
2024-05-30,2024-06-06,,第 2 座 Tower 2,38,C6,,5409000,,‧價單第6B號下的支付條款(A) Terms of Payment (A) under Price List No.6B ‧見備註/See Remarks 7 (c)(i)(azh) ‧見備註/See Remarks 7 (c)(ii)(ao) ‧見備註/See Remarks 7 (c)(ii)(azi) ‧見備註/See Remarks 7 (c)(iii)(x) ‧見備註/See Remarks 7 (c)(iii)(zc),
2024-06-01,2024-06-07,,第 1 座 Tower 1,26,A2,,5960000,,‧價單第3ZZS號下的支付條款(A) Terms of Payment (A) under Price List No.3ZZS ‧見備註/See Remarks 7 (c)(i)(azh) ‧見備註/See Remarks 7 (c)(ii)(ao) ‧見備註/See Remarks 7 (c)(ii)(azi) ‧見備註/See Remarks 7 (c)(iii)(x) ‧見備註/See Remarks 7 (c)(iii)(zc),
2024-06-01,2024-06-07,,第 2 座 Tower 2,29,C1,,4552000,,‧價單第3ZZS號下的支付條款(A) Terms of Payment (A) under Price List No.3ZZS ‧見備註/See Remarks 7 (c)(i)(azh) ‧見備註/See Remarks 7 (c)(ii)(ao) ‧見備註/See Remarks 7 (c)(ii)(azi) ‧見備註/See Remarks 7 (c)(iii)(w) ‧見備註/See Remarks 7 (c)(iii)(zc),
2024-06-01,2024-06-07,,第 2 座 Tower 2,36,C1,,4606000,,‧價單第6B號下的支付條款(A) Terms of Payment (A) under Price List No.6B ‧見備註/See Remarks 7 (c)(i)(azh) ‧見備註/See Remarks 7 (c)(ii)(ao) ‧見備註/See Remarks 7 (c)(ii)(azi) ‧見備註/See Remarks 7 (c)(iii)(w) ‧見備註/See Remarks 7 (c)(iii)(zc),
2024-06-01,2024-06-07,,第 2 座 Tower 2,37,C1,,4617000,,‧價單第6B號下的支付條款(A) Terms of Payment (A) under Price List No.6B ‧見備註/See Remarks 7 (c)(i)(azh) ‧見備註/See Remarks 7 (c)(ii)(ao) ‧見備註/See Remarks 7 (c)(ii)(azi) ‧見備註/See Remarks 7 (c)(iii)(w) ‧見備註/See Remarks 7 (c)(iii)(zc),
2024-06-03,2024-06-11,,第 2 座 Tower 2,35,C3,,4190000,,‧價單第6B號下的支付條款(A) Terms of Payment (A) under Price List No.6B ‧見備註/See Remarks 7 (c)(i)(azh) ‧見備註/See Remarks 7 (c)(ii)(ao) ‧見備註/See Remarks 7 (c)(ii)(azi) ‧見備註/See Remarks 7 (c)(iii)(x) ‧見備註/See Remarks 7 (c)(iii)(zc),
2024-06-05,2024-06-13,,第 2 座 Tower 2,28,C6,,5360000,,‧價單第6B號下的支付條款(C) Terms of Payment (C) under Price List No.6B ‧見備註/See Remarks 7 (c)(i)(azn) ‧見備註/See Remarks 7 (c)(ii)(ar) ‧見備註/See Remarks 7 (c)(ii)(azh) ‧見備註/See Remarks 7 (c)(ii)(azi) ‧見備註/See Remarks 7 (c)(iii)(x) ‧見備註/See Remarks 7 (c)(iii)(zc) ‧價單第6B號下的支付條款(A) Terms of Payment (A) under Price List No.6B ‧見備註/See Remarks 7 (c)(i)(azh) ‧見備註/See Remarks 7 (c)(ii)(ao) ‧見備註/See Remarks 7 (c)(ii)(azi) ‧見備註/See Remarks 7 (c)(iii)(x) ‧見備註/See Remarks 7 (c)(iii)(zc) (在 18-07-2024修訂) (revised on 18-07-2024),
2024-06-06,2024-06-14,,第 2 座 Tower 2,30,C6,,5372000,,‧價單第6B號下的支付條款(A) Terms of Payment (A) under Price List No.6B ‧見備註/See Remarks 7 (c)(i)(azh) ‧見備註/See Remarks 7 (c)(ii)(ao) ‧見備註/See Remarks 7 (c)(ii)(azi) ‧見備註/See Remarks 7 (c)(iii)(x) ‧見備註/See Remarks 7 (c)(iii)(zc),
2024-06-06,2024-06-14,,第 2 座 Tower 2,31,C6,,5377000,,‧價單第6B號下的支付條款(A) Terms of Payment (A) under Price List No.6B ‧見備註/See Remarks 7 (c)(i)(azh) ‧見備註/See Remarks 7 (c)(ii)(ao) ‧見備註/See Remarks 7 (c)(ii)(azi) ‧見備註/See Remarks 7 (c)(iii)(x) ‧見備註/See Remarks 7 (c)(iii)(zc),
2024-06-07,2024-06-17,,第 2 座 Tower 2,38,C1,,4625000,,‧價單第6B號下的支付條款(A) Terms of Payment (A) under Price List No.6B ‧見備註/See Remarks 7 (c)(i)(azh) ‧見備註/See Remarks 7 (c)(ii)(ao) ‧見備註/See Remarks 7 (c)(ii)(azi) ‧見備註/See Remarks 7 (c)(iii)(w) ‧見備註/See Remarks 7 (c)(iii)(zc),
2024-06-09,2024-06-17,,第 1 座 Tower 1,25,A1,,5255000,,‧價單第5ZZM號下的支付條款(A) Terms of Payment (A) under Price List No.5ZZM ‧見備註/See Remarks 7 (c)(i)(azh) ‧見備註/See Remarks 7 (c)(ii)(ao) ‧見備註/See Remarks 7 (c)(ii)(azi) ‧見備註/See Remarks 7 (c)(iii)(x) ‧見備註/See Remarks 7 (c)(iii)(zc),
2024-06-10,2024-06-17,,第 1 座 Tower 1,35,B6,,4258000,,‧價單第6B號下的支付條款(A) Terms of Payment (A) under Price List No.6B ‧見備註/See Remarks 7 (c)(i)(azh) ‧見備註/See Remarks 7 (c)(ii)(ao) ‧見備註/See Remarks 7 (c)(ii)(azi) ‧見備註/See Remarks 7 (c)(iii)(y) ‧見備註/See Remarks 7 (c)(iii)(zc),
2024-06-14,2024-06-21,,第 1 座 Tower 1,25,A9,,5596000,,‧價單第6B號下的支付條款(A) Terms of Payment (A) under Price List No.6B ‧見備註/See Remarks 7 (c)(i)(azh) ‧見備註/See Remarks 7 (c)(ii)(ao) ‧見備註/See Remarks 7 (c)(ii)(azi) ‧見備註/See Remarks 7 (c)(iii)(x) ‧見備註/See Remarks 7 (c)(iii)(zc),
2024-06-14,2024-06-21,,第 2 座 Tower 2,26,A8,,7638000,,‧價單第6B號下的支付條款(A) Terms of Payment (A) under Price List No.6B ‧見備註/See Remarks 7 (c)(i)(azh) ‧見備註/See Remarks 7 (c)(ii)(ao) ‧見備註/See Remarks 7 (c)(ii)(azi) ‧見備註/See Remarks 7 (c)(iii)(z) ‧見備註/See Remarks 7 (c)(iii)(zc),
2024-06-15,2024-06-21,,第 1 座 Tower 1,26,A1,,5319000,,‧價單第3ZZS號下的支付條款(A) Terms of Payment (A) under Price List No.3ZZS ‧見備註/See Remarks 7 (c)(i)(azh) ‧見備註/See Remarks 7 (c)(ii)(ao) ‧見備註/See Remarks 7 (c)(ii)(azi) ‧見備註/See Remarks 7 (c)(iii)(x) ‧見備註/See Remarks 7 (c)(iii)(zc),
2024-06-15,2024-06-21,,第 1 座 Tower 1,32,B6,,4257000,,‧價單第6B號下的支付條款(A) Terms of Payment (A) under Price List No.6B ‧見備註/See Remarks 7 (c)(i)(azh) ‧見備註/See Remarks 7 (c)(ii)(ao) ‧見備註/See Remarks 7 (c)(ii)(azi) ‧見備註/See Remarks 7 (c)(iii)(y) ‧見備註/See Remarks 7 (c)(iii)(zc),
2024-06-15,2024-06-21,,第 1 座 Tower 1,33,B6,,4257000,,‧價單第6B號下的支付條款(C) Terms of Payment (C) under Price List No.6B ‧見備註/See Remarks 7 (c)(i)(azn) ‧見備註/See Remarks 7 (c)(ii)(ar) ‧見備註/See Remarks 7 (c)(ii)(azh) ‧見備註/See Remarks 7 (c)(ii)(azi) ‧見備註/See Remarks 7 (c)(iii)(y) ‧見備註/See Remarks 7 (c)(iii)(zc) ‧價單第6B號下的支付條款(A) Terms of Payment (A) under Price List No.6B ‧見備註/See Remarks 7 (c)(i)(azh) ‧見備註/See Remarks 7 (c)(ii)(ao) ‧見備註/See Remarks 7 (c)(ii)(azi) ‧見備註/See Remarks 7 (c)(iii)(y) ‧見備註/See Remarks 7 (c)(iii)(zc) (在 23-09-2024修訂) (revised on 23-09-2024),
2024-06-16,2024-06-21,,第 1 座 Tower 1,27,A1,,5345000,,‧價單第3ZZS號下的支付條款(A) Terms of Payment (A) under Price List No.3ZZS ‧見備註/See Remarks 7 (c)(i)(azh) ‧見備註/See Remarks 7 (c)(ii)(ao) ‧見備註/See Remarks 7 (c)(ii)(azi) ‧見備註/See Remarks 7 (c)(iii)(x) ‧見備註/See Remarks 7 (c)(iii)(zc),
2024-06-16,2024-06-21,,第 1 座 Tower 1,31,B6,,4256000,,‧價單第6B號下的支付條款(A) Terms of Payment (A) under Price List No.6B ‧見備註/See Remarks 7 (c)(i)(azh) ‧見備註/See Remarks 7 (c)(ii)(ao) ‧見備註/See Remarks 7 (c)(ii)(azi) ‧見備註/See Remarks 7 (c)(iii)(y) ‧見備註/See Remarks 7 (c)(iii)(zc),
2024-06-16,2024-06-21,,第 2 座 Tower 2,28,C7,,5354000,,‧價單第6B號下的支付條款(A) Terms of Payment (A) under Price List No.6B ‧見備註/See Remarks 7 (c)(i)(azh) ‧見備註/See Remarks 7 (c)(ii)(ao) ‧見備註/See Remarks 7 (c)(ii)(azi) ‧見備註/See Remarks 7 (c)(iii)(x) ‧見備註/See Remarks 7 (c)(iii)(zc),
2024-06-16,2024-06-21,,第 2 座 Tower 2,29,C7,,5360000,,‧價單第6B號下的支付條款(A) Terms of Payment (A) under Price List No.6B ‧見備註/See Remarks 7 (c)(i)(azh) ‧見備註/See Remarks 7 (c)(ii)(ao) ‧見備註/See Remarks 7 (c)(ii)(azi) ‧見備註/See Remarks 7 (c)(iii)(x) ‧見備註/See Remarks 7 (c)(iii)(zc),
2024-06-16,2024-06-21,,第 2 座 Tower 2,30,C7,,5366000,,‧價單第6B號下的支付條款(A) Terms of Payment (A) under Price List No.6B ‧見備註/See Remarks 7 (c)(i)(azh) ‧見備註/See Remarks 7 (c)(ii)(ao) ‧見備註/See Remarks 7 (c)(ii)(azi) ‧見備註/See Remarks 7 (c)(iii)(x) ‧見備註/See Remarks 7 (c)(iii)(zc),
2024-06-18,2024-06-25,,第 2 座 Tower 2,37,C3,,4205000,,‧價單第6B號下的支付條款(A) Terms of Payment (A) under Price List No.6B ‧見備註/See Remarks 7 (c)(i)(azh) ‧見備註/See Remarks 7 (c)(ii)(ao) ‧見備註/See Remarks 7 (c)(ii)(azi) ‧見備註/See Remarks 7 (c)(iii)(x) ‧見備註/See Remarks 7 (c)(iii)(zc),
2024-06-20,2024-06-27,,第 2 座 Tower 2,36,A8,,7846000,,‧價單第6B號下的支付條款(A) Terms of Payment (A) under Price List No.6B ‧見備註/See Remarks 7 (c)(i)(azh) ‧見備註/See Remarks 7 (c)(ii)(ao) ‧見備註/See Remarks 7 (c)(ii)(azi) ‧見備註/See Remarks 7 (c)(iii)(z) ‧見備註/See Remarks 7 (c)(iii)(zc),
2024-06-20,2024-06-27,,第 2 座 Tower 2,31,C2,,4250000,,‧價單第3ZZS號下的支付條款(B) Terms of Payment (B) under Price List No.3ZZS ‧見備註/See Remarks 7 (c)(i)(azi) ‧見備註/See Remarks 7 (c)(ii)(an) ‧見備註/See Remarks 7 (c)(ii)(azi) ‧見備註/See Remarks 7 (c)(iii)(x) ‧見備註/See Remarks 7 (c)(iii)(zc),
2024-06-22,2024-06-28,,第 2 座 Tower 2,30,C2,,4242000,,‧價單第3ZZS號下的支付條款(A) Terms of Payment (A) under Price List No.3ZZS ‧見備註/See Remarks 7 (c)(i)(azh) ‧見備註/See Remarks 7 (c)(ii)(ao) ‧見備註/See Remarks 7 (c)(ii)(azi) ‧見備註/See Remarks 7 (c)(iii)(x) ‧見備註/See Remarks 7 (c)(iii)(zc),
2024-06-24,2024-07-02,,第 2 座 Tower 2,28,A8,,7684000,,‧價單第6B號下的支付條款(A) Terms of Payment (A) under Price List No.6B ‧見備註/See Remarks 7 (c)(i)(azh) ‧見備註/See Remarks 7 (c)(ii)(ao) ‧見備註/See Remarks 7 (c)(ii)(azi) ‧見備註/See Remarks 7 (c)(iii)(z) ‧見備註/See Remarks 7 (c)(iii)(zc),
2024-06-24,2024-07-02,,第 2 座 Tower 2,36,C2,,4284000,,‧價單第6B號下的支付條款(A) Terms of Payment (A) under Price List No.6B ‧見備註/See Remarks 7 (c)(i)(azh) ‧見備註/See Remarks 7 (c)(ii)(ao) ‧見備註/See Remarks 7 (c)(ii)(azi) ‧見備註/See Remarks 7 (c)(iii)(x) ‧見備註/See Remarks 7 (c)(iii)(zc),
2024-06-25,2024-07-03,,第 1 座 Tower 1,27,A9,,5651000,,‧價單第3ZZS號下的支付條款(A) Terms of Payment (A) under Price List No.3ZZS ‧見備註/See Remarks 7 (c)(i)(azh) ‧見備註/See Remarks 7 (c)(ii)(ao) ‧見備註/See Remarks 7 (c)(ii)(azi) ‧見備註/See Remarks 7 (c)(iii)(x) ‧見備註/See Remarks 7 (c)(iii)(zc),
2024-06-25,2024-07-03,,第 2 座 Tower 2,37,C7,,5398000,,‧價單第6B號下的支付條款(A) Terms of Payment (A) under Price List No.6B ‧見備註/See Remarks 7 (c)(i)(azh) ‧見備註/See Remarks 7 (c)(ii)(ao) ‧見備註/See Remarks 7 (c)(ii)(azi) ‧見備註/See Remarks 7 (c)(iii)(x) ‧見備註/See Remarks 7 (c)(iii)(zc),
2024-06-26,2024-07-03,,第 1 座 Tower 1,28,A2,,6020000,,‧價單第3ZZS號下的支付條款(A) Terms of Payment (A) under Price List No.3ZZS ‧見備註/See Remarks 7 (c)(i)(azh) ‧見備註/See Remarks 7 (c)(ii)(ao) ‧見備註/See Remarks 7 (c)(ii)(azi) ‧見備註/See Remarks 7 (c)(iii)(x) ‧見備註/See Remarks 7 (c)(iii)(zc),
2024-06-27,2024-07-05,,第 2 座 Tower 2,33,C7,,5381000,,‧價單第6B號下的支付條款(A) Terms of Payment (A) under Price List No.6B ‧見備註/See Remarks 7 (c)(i)(azh) ‧見備註/See Remarks 7 (c)(ii)(ao) ‧見備註/See Remarks 7 (c)(ii)(azi) ‧見備註/See Remarks 7 (c)(iii)(x) ‧見備註/See Remarks 7 (c)(iii)(zc),
2024-06-30,,,第 1 座 Tower 1,37,A3,,4103000,,‧價單第6B號下的支付條款(A) Terms of Payment (A) under Price List No.6B ‧見備註/See Remarks 7 (c)(i)(azh) ‧見備註/See Remarks 7 (c)(ii)(ao) ‧見備註/See Remarks 7 (c)(ii)(azi) ‧見備註/See Remarks 7 (c)(iii)(z) ‧見備註/See Remarks 7 (c)(iii)(zc),
2024-07-02,2024-07-09,,第 1 座 Tower 1,36,A3,,4102000,,‧價單第6B號下的支付條款(A) Terms of Payment (A) under Price List No.6B ‧見備註/See Remarks 7 (c)(i)(azh) ‧見備註/See Remarks 7 (c)(ii)(ao) ‧見備註/See Remarks 7 (c)(ii)(azi) ‧見備註/See Remarks 7 (c)(iii)(z) ‧見備註/See Remarks 7 (c)(iii)(zc),
2024-07-06,2024-07-12,,第 2 座 Tower 2,31,C7,,5371000,,‧價單第6B號下的支付條款(A) Terms of Payment (A) under Price List No.6B ‧見備註/See Remarks 7 (c)(i)(azh) ‧見備註/See Remarks 7 (c)(ii)(ao) ‧見備註/See Remarks 7 (c)(ii)(azi) ‧見備註/See Remarks 7 (c)(iii)(x) ‧見備註/See Remarks 7 (c)(iii)(zc),
2024-07-12,2024-07-19,,第 2 座 Tower 2,33,C12,,5472000,,‧價單第6B號下的支付條款(A) Terms of Payment (A) under Price List No.6B ‧見備註/See Remarks 7 (c)(i)(azh) ‧見備註/See Remarks 7 (c)(ii)(ao) ‧見備註/See Remarks 7 (c)(ii)(azi) ‧見備註/See Remarks 7 (c)(iii)(x) ‧見備註/See Remarks 7 (c)(iii)(zc),
2024-07-12,2024-07-19,,第 2 座 Tower 2,35,C2,,4276000,,‧價單第6B號下的支付條款(A) Terms of Payment (A) under Price List No.6B ‧見備註/See Remarks 7 (c)(i)(azh) ‧見備註/See Remarks 7 (c)(ii)(ao) ‧見備註/See Remarks 7 (c)(ii)(azi) ‧見備註/See Remarks 7 (c)(iii)(x) ‧見備註/See Remarks 7 (c)(iii)(zc),
2024-07-12,2024-07-19,,第 2 座 Tower 2,35,C12,,5483000,,‧價單第6B號下的支付條款(A) Terms of Payment (A) under Price List No.6B ‧見備註/See Remarks 7 (c)(i)(azh) ‧見備註/See Remarks 7 (c)(ii)(ao) ‧見備註/See Remarks 7 (c)(ii)(azi) ‧見備註/See Remarks 7 (c)(iii)(x) ‧見備註/See Remarks 7 (c)(iii)(zc),
2024-07-12,2024-07-19,,第 2 座 Tower 2,37,C2,,4293000,,‧價單第6B號下的支付條款(A) Terms of Payment (A) under Price List No.6B ‧見備註/See Remarks 7 (c)(i)(azh) ‧見備註/See Remarks 7 (c)(ii)(ao) ‧見備註/See Remarks 7 (c)(ii)(azi) ‧見備註/See Remarks 7 (c)(iii)(x) ‧見備註/See Remarks 7 (c)(iii)(zc),
2024-07-13,2024-07-19,,第 2 座 Tower 2,30,C5,,4249000,,‧價單第3ZZS號下的支付條款(A) Terms of Payment (A) under Price List No.3ZZS ‧見備註/See Remarks 7 (c)(i)(azh) ‧見備註/See Remarks 7 (c)(ii)(ao) ‧見備註/See Remarks 7 (c)(ii)(azi) ‧見備註/See Remarks 7 (c)(iii)(x) ‧見備註/See Remarks 7 (c)(iii)(zc),
2024-07-14,2024-07-19,,第 1 座 Tower 1,27,A2,,5990000,,‧價單第3ZZS號下的支付條款(A) Terms of Payment (A) under Price List No.3ZZS ‧見備註/See Remarks 7 (c)(i)(azh) ‧見備註/See Remarks 7 (c)(ii)(ao) ‧見備註/See Remarks 7 (c)(ii)(azi) ‧見備註/See Remarks 7 (c)(iii)(x) ‧見備註/See Remarks 7 (c)(iii)(zc),
2024-07-15,2024-07-22,,第 2 座 Tower 2,32,C5,,4266000,,‧價單第3ZZS號下的支付條款(A) Terms of Payment (A) under Price List No.3ZZS ‧見備註/See Remarks 7 (c)(i)(azh) ‧見備註/See Remarks 7 (c)(ii)(ao) ‧見備註/See Remarks 7 (c)(ii)(azi) ‧見備註/See Remarks 7 (c)(iii)(x) ‧見備註/See Remarks 7 (c)(iii)(zc),
2024-07-18,2024-07-25,,第 2 座 Tower 2,27,A8,,7661000,,‧價單第6B號下的支付條款(A) Terms of Payment (A) under Price List No.6B ‧見備註/See Remarks 7 (c)(i)(azh) ‧見備註/See Remarks 7 (c)(ii)(ao) ‧見備註/See Remarks 7 (c)(ii)(azi) ‧見備註/See Remarks 7 (c)(iii)(z) ‧見備註/See Remarks 7 (c)(iii)(zc),
2024-07-18,2024-07-25,,第 2 座 Tower 2,32,C7,,5376000,,‧價單第6B號下的支付條款(A) Terms of Payment (A) under Price List No.6B ‧見備註/See Remarks 7 (c)(i)(azh) ‧見備註/See Remarks 7 (c)(ii)(ao) ‧見備註/See Remarks 7 (c)(ii)(azi) ‧見備註/See Remarks 7 (c)(iii)(x) ‧見備註/See Remarks 7 (c)(iii)(zc),
2024-07-19,2024-07-26,,第 2 座 Tower 2,29,C5,,4241000,,‧價單第3ZZS號下的支付條款(A) Terms of Payment (A) under Price List No.3ZZS ‧見備註/See Remarks 7 (c)(i)(azh) ‧見備註/See Remarks 7 (c)(ii)(ao) ‧見備註/See Remarks 7 (c)(ii)(azi) ‧見備註/See Remarks 7 (c)(iii)(x) ‧見備註/See Remarks 7 (c)(iii)(zc),
2024-07-24,2024-07-31,,第 1 座 Tower 1,37,A3,,4103000,,‧價單第6B號下的支付條款(A) Terms of Payment (A) under Price List No.6B ‧見備註/See Remarks 7 (c)(i)(azh) ‧見備註/See Remarks 7 (c)(ii)(ao) ‧見備註/See Remarks 7 (c)(ii)(azi) ‧見備註/See Remarks 7 (c)(iii)(z) ‧見備註/See Remarks 7 (c)(iii)(zc),
2024-08-04,2024-08-09,,第 2 座 Tower 2,35,C7,,5387000,,‧價單第6B號下的支付條款(A) Terms of Payment (A) under Price List No.6B ‧見備註/See Remarks 7 (c)(i)(azh) ‧見備註/See Remarks 7 (c)(ii)(ao) ‧見備註/See Remarks 7 (c)(ii)(azi) ‧見備註/See Remarks 7 (c)(iii)(x) ‧見備註/See Remarks 7 (c)(iii)(zc),
2024-08-04,2024-08-09,,第 2 座 Tower 2,36,C7,,5393000,,‧價單第6B號下的支付條款(A) Terms of Payment (A) under Price List No.6B ‧見備註/See Remarks 7 (c)(i)(azh) ‧見備註/See Remarks 7 (c)(ii)(ao) ‧見備註/See Remarks 7 (c)(ii)(azi) ‧見備註/See Remarks 7 (c)(iii)(x) ‧見備註/See Remarks 7 (c)(iii)(zc),
2024-08-10,2024-08-16,,第 2 座 Tower 2,32,C8,,5435000,,‧價單第6B號下的支付條款(A) Terms of Payment (A) under Price List No.6B ‧見備註/See Remarks 7 (c)(i)(azh) ‧見備註/See Remarks 7 (c)(ii)(ao) ‧見備註/See Remarks 7 (c)(ii)(azi) ‧見備註/See Remarks 7 (c)(iii)(x) ‧見備註/See Remarks 7 (c)(iii)(zc),
2024-08-18,2024-08-23,,第 1 座 Tower 1,35,A3,,4102000,,‧價單第6B號下的支付條款(A) Terms of Payment (A) under Price List No.6B ‧見備註/See Remarks 7 (c)(i)(azh) ‧見備註/See Remarks 7 (c)(ii)(ao) ‧見備註/See Remarks 7 (c)(ii)(azi) ‧見備註/See Remarks 7 (c)(iii)(z) ‧見備註/See Remarks 7 (c)(iii)(zc),
2024-08-18,2024-08-23,,第 2 座 Tower 2,28,C8,,5414000,,‧價單第6B號下的支付條款(A) Terms of Payment (A) under Price List No.6B ‧見備註/See Remarks 7 (c)(i)(azh) ‧見備註/See Remarks 7 (c)(ii)(ao) ‧見備註/See Remarks 7 (c)(ii)(azi) ‧見備註/See Remarks 7 (c)(iii)(x) ‧見備註/See Remarks 7 (c)(iii)(zc),
2024-08-24,2024-08-30,,第 1 座 Tower 1,33,A3,,4101000,,‧價單第6B號下的支付條款(A) Terms of Payment (A) under Price List No.6B ‧見備註/See Remarks 7 (c)(i)(azh) ‧見備註/See Remarks 7 (c)(ii)(ao) ‧見備註/See Remarks 7 (c)(ii)(azi) ‧見備註/See Remarks 7 (c)(iii)(z) ‧見備註/See Remarks 7 (c)(iii)(zc),
2024-08-31,2024-09-05,,第 1 座 Tower 1,33,A9,,5702000,,‧價單第6B號下的支付條款(C) Terms of Payment (C) under Price List No.6B ‧見備註/See Remarks 7 (c)(i)(azn) ‧見備註/See Remarks 7 (c)(ii)(ar) ‧見備註/See Remarks 7 (c)(ii)(azh) ‧見備註/See Remarks 7 (c)(ii)(azi) ‧見備註/See Remarks 7 (c)(iii)(x) ‧見備註/See Remarks 7 (c)(iii)(zc),
2024-08-31,2024-09-05,,第 2 座 Tower 2,31,C5,,4257000,,‧價單第3ZZS號下的支付條款(C) Terms of Payment (C) under Price List No.3ZZS ‧見備註/See Remarks 7 (c)(i)(azn) ‧見備註/See Remarks 7 (c)(ii)(ar) ‧見備註/See Remarks 7 (c)(ii)(azh) ‧見備註/See Remarks 7 (c)(ii)(azi) ‧見備註/See Remarks 7 (c)(iii)(x) ‧見備註/See Remarks 7 (c)(iii)(zc) ‧價單第3ZZS號下的支付條款(A) Terms of Payment (A) under Price List No.3ZZS ‧見備註/See Remarks 7 (c)(i)(azh) ‧見備註/See Remarks 7 (c)(ii)(ao) ‧見備註/See Remarks 7 (c)(ii)(azi) ‧見備註/See Remarks 7 (c)(iii)(x) ‧見備註/See Remarks 7 (c)(iii)(zc) (在 08-11-2024修訂) (revised on 08-11-2024),
2024-09-01,2024-09-05,,第 2 座 Tower 2,35,C5,,4283000,,‧價單第6B號下的支付條款(A) Terms of Payment (A) under Price List No.6B ‧見備註/See Remarks 7 (c)(i)(azh) ‧見備註/See Remarks 7 (c)(ii)(ao) ‧見備註/See Remarks 7 (c)(ii)(azi) ‧見備註/See Remarks 7 (c)(iii)(x) ‧見備註/See Remarks 7 (c)(iii)(zc),
2024-09-08,2024-09-13,,第 2 座 Tower 2,36,C5,,4292000,,‧價單第6B號下的支付條款(A) Terms of Payment (A) under Price List No.6B ‧見備註/See Remarks 7 (c)(i)(azh) ‧見備註/See Remarks 7 (c)(ii)(ao) ‧見備註/See Remarks 7 (c)(ii)(azi) ‧見備註/See Remarks 7 (c)(iii)(x) ‧見備註/See Remarks 7 (c)(iii)(zc),
2024-09-08,2024-09-13,,第 2 座 Tower 2,23,D5,,5272000,,‧價單第5ZZM號下的支付條款(A) Terms of Payment (A) under Price List No.5ZZM ‧見備註/See Remarks 7 (c)(i)(azh) ‧見備註/See Remarks 7 (c)(ii)(ao) ‧見備註/See Remarks 7 (c)(ii)(azi) ‧見備註/See Remarks 7 (c)(iii)(y) ‧見備註/See Remarks 7 (c)(iii)(zc),
2024-09-14,2024-09-23,,第 1 座 Tower 1,38,A3,,4104000,,‧價單第6B號下的支付條款(A) Terms of Payment (A) under Price List No.6B ‧見備註/See Remarks 7 (c)(i)(azh) ‧見備註/See Remarks 7 (c)(ii)(ao) ‧見備註/See Remarks 7 (c)(ii)(azi) ‧見備註/See Remarks 7 (c)(iii)(z) ‧見備註/See Remarks 7 (c)(iii)(zc),
2024-09-14,2024-09-23,,第 2 座 Tower 2,29,C8,,5419000,,‧價單第6B號下的支付條款(A) Terms of Payment (A) under Price List No.6B ‧見備註/See Remarks 7 (c)(i)(azh) ‧見備註/See Remarks 7 (c)(ii)(ao) ‧見備註/See Remarks 7 (c)(ii)(azi) ‧見備註/See Remarks 7 (c)(iii)(x) ‧見備註/See Remarks 7 (c)(iii)(zc),
2024-09-14,2024-09-23,,第 2 座 Tower 2,37,C5,,4300000,,‧價單第6B號下的支付條款(A) Terms of Payment (A) under Price List No.6B ‧見備註/See Remarks 7 (c)(i)(azh) ‧見備註/See Remarks 7 (c)(ii)(ao) ‧見備註/See Remarks 7 (c)(ii)(azi) ‧見備註/See Remarks 7 (c)(iii)(x) ‧見備註/See Remarks 7 (c)(iii)(zc),
2024-09-16,2024-09-23,,第 1 座 Tower 1,31,B5,,4243000,,‧價單第6B號下的支付條款(A) Terms of Payment (A) under Price List No.6B ‧見備註/See Remarks 7 (c)(i)(azh) ‧見備註/See Remarks 7 (c)(ii)(ao) ‧見備註/See Remarks 7 (c)(ii)(azi) ‧見備註/See Remarks 7 (c)(iii)(y) ‧見備註/See Remarks 7 (c)(iii)(zc),
2024-09-17,2024-09-25,,第 1 座 Tower 1,31,A5,,4213000,,‧價單第6B號下的支付條款(A) Terms of Payment (A) under Price List No.6B ‧見備註/See Remarks 7 (c)(i)(azh) ‧見備註/See Remarks 7 (c)(ii)(ao) ‧見備註/See Remarks 7 (c)(ii)(azi) ‧見備註/See Remarks 7 (c)(iii)(y) ‧見備註/See Remarks 7 (c)(iii)(zc),
2024-09-17,2024-09-25,,第 1 座 Tower 1,31,A6,,4220000,,‧價單第6B號下的支付條款(A) Terms of Payment (A) under Price List No.6B ‧見備註/See Remarks 7 (c)(i)(azh) ‧見備註/See Remarks 7 (c)(ii)(ao) ‧見備註/See Remarks 7 (c)(ii)(azi) ‧見備註/See Remarks 7 (c)(iii)(y) ‧見備註/See Remarks 7 (c)(iii)(zc),
2024-09-18,2024-09-25,,第 1 座 Tower 1,36,A9,,5705000,,‧價單第6B號下的支付條款(A) Terms of Payment (A) under Price List No.6B ‧見備註/See Remarks 7 (c)(i)(azh) ‧見備註/See Remarks 7 (c)(ii)(ao) ‧見備註/See Remarks 7 (c)(ii)(azi) ‧見備註/See Remarks 7 (c)(iii)(x) ‧見備註/See Remarks 7 (c)(iii)(zc),
2024-09-18,2024-09-25,,第 1 座 Tower 1,37,A5,,4277000,,‧價單第6B號下的支付條款(A) Terms of Payment (A) under Price List No.6B ‧見備註/See Remarks 7 (c)(i)(azh) ‧見備註/See Remarks 7 (c)(ii)(ao) ‧見備註/See Remarks 7 (c)(ii)(azi) ‧見備註/See Remarks 7 (c)(iii)(y) ‧見備註/See Remarks 7 (c)(iii)(zc),
2024-09-18,2024-09-25,,第 2 座 Tower 2,30,C8,,5424000,,‧價單第6B號下的支付條款(A) Terms of Payment (A) under Price List No.6B ‧見備註/See Remarks 7 (c)(i)(azh) ‧見備註/See Remarks 7 (c)(ii)(ao) ‧見備註/See Remarks 7 (c)(ii)(azi) ‧見備註/See Remarks 7 (c)(iii)(x) ‧見備註/See Remarks 7 (c)(iii)(zc),
2024-09-18,2024-09-25,,第 2 座 Tower 2,38,C5,,4309000,,‧價單第6B號下的支付條款(A) Terms of Payment (A) under Price List No.6B ‧見備註/See Remarks 7 (c)(i)(azh) ‧見備註/See Remarks 7 (c)(ii)(ao) ‧見備註/See Remarks 7 (c)(ii)(azi) ‧見備註/See Remarks 7 (c)(iii)(x) ‧見備註/See Remarks 7 (c)(iii)(zc),
2024-09-21,2024-09-27,,第 1 座 Tower 1,35,A6,,4245000,,‧價單第6B號下的支付條款(A) Terms of Payment (A) under Price List No.6B ‧見備註/See Remarks 7 (c)(i)(azh) ‧見備註/See Remarks 7 (c)(ii)(ao) ‧見備註/See Remarks 7 (c)(ii)(azi) ‧見備註/See Remarks 7 (c)(iii)(y) ‧見備註/See Remarks 7 (c)(iii)(zc),
2024-09-21,2024-09-27,,第 1 座 Tower 1,36,A6,,4254000,,‧價單第6B號下的支付條款(A) Terms of Payment (A) under Price List No.6B ‧見備註/See Remarks 7 (c)(i)(azh) ‧見備註/See Remarks 7 (c)(ii)(ao) ‧見備註/See Remarks 7 (c)(ii)(azi) ‧見備註/See Remarks 7 (c)(iii)(y) ‧見備註/See Remarks 7 (c)(iii)(zc),
2024-09-22,2024-09-27,,第 2 座 Tower 2,38,C3,,4214000,,‧價單第6B號下的支付條款(C) Terms of Payment (C) under Price List No.6B ‧見備註/See Remarks 7 (c)(i)(azn) ‧見備註/See Remarks 7 (c)(ii)(ar) ‧見備註/See Remarks 7 (c)(ii)(azh) ‧見備註/See Remarks 7 (c)(ii)(azi) ‧見備註/See Remarks 7 (c)(iii)(x) ‧見備註/See Remarks 7 (c)(iii)(zc),
2024-09-23,2024-09-30,,第 1 座 Tower 1,27,B1,,5301000,,‧價單第3ZZS號下的支付條款(A) Terms of Payment (A) under Price List No.3ZZS ‧見備註/See Remarks 7 (c)(i)(azh) ‧見備註/See Remarks 7 (c)(ii)(ao) ‧見備註/See Remarks 7 (c)(ii)(azi) ‧見備註/See Remarks 7 (c)(iii)(x) ‧見備註/See Remarks 7 (c)(iii)(zc),
2024-09-24,2024-10-02,,第 2 座 Tower 2,31,C8,,5429000,,‧價單第6B號下的支付條款(A) Terms of Payment (A) under Price List No.6B ‧見備註/See Remarks 7 (c)(i)(azh) ‧見備註/See Remarks 7 (c)(ii)(ao) ‧見備註/See Remarks 7 (c)(ii)(azi) ‧見備註/See Remarks 7 (c)(iii)(x) ‧見備註/See Remarks 7 (c)(iii)(zc),
2024-09-26,2024-10-04,,第 2 座 Tower 2,38,C2,,4301000,,‧價單第6B號下的支付條款(A) Terms of Payment (A) under Price List No.6B ‧見備註/See Remarks 7 (c)(i)(azh) ‧見備註/See Remarks 7 (c)(ii)(ao) ‧見備註/See Remarks 7 (c)(ii)(azi) ‧見備註/See Remarks 7 (c)(iii)(x) ‧見備註/See Remarks 7 (c)(iii)(zc),
2024-09-28,2024-10-07,,第 1 座 Tower 1,38,A5,,4284000,,‧價單第6B號下的支付條款(A) Terms of Payment (A) under Price List No.6B ‧見備註/See Remarks 7 (c)(i)(azh) ‧見備註/See Remarks 7 (c)(ii)(ao) ‧見備註/See Remarks 7 (c)(ii)(azi) ‧見備註/See Remarks 7 (c)(iii)(y) ‧見備註/See Remarks 7 (c)(iii)(zc),
2024-09-28,2024-10-07,,第 2 座 Tower 2,33,C8,,5446000,,‧價單第6C號下的支付條款(A) Terms of Payment (A) under Price List No.6C ‧見備註/See Remarks 7 (c)(i)(azh) ‧見備註/See Remarks 7 (c)(ii)(ao) ‧見備註/See Remarks 7 (c)(ii)(azi) ‧見備註/See Remarks 7 (c)(iii)(x) ‧見備註/See Remarks 7 (c)(iii)(zc),
2024-09-29,2024-10-07,,第 1 座 Tower 1,22,B3,,4640000,,‧價單第4ZZS號下的支付條款(C) Terms of Payment (C) under Price List No.4ZZS ‧見備註/See Remarks 7 (c)(i)(azn) ‧見備註/See Remarks 7 (c)(ii)(ar) ‧見備註/See Remarks 7 (c)(ii)(azj) ‧見備註/See Remarks 7 (c)(ii)(azk) ‧見備註/See Remarks 7 (c)(iii)(zc) ‧見備註/See Remarks 7 (c)(iii)(zd),
2024-09-30,2024-10-08,,第 1 座 Tower 1,28,A1,,5372000,,‧價單第3ZZU號下的支付條款(A) Terms of Payment (A) under Price List No.3ZZU ‧見備註/See Remarks 7 (c)(i)(azh) ‧見備註/See Remarks 7 (c)(ii)(ao) ‧見備註/See Remarks 7 (c)(ii)(azk) ‧見備註/See Remarks 7 (c)(iii)(x) ‧見備註/See Remarks 7 (c)(iii)(zc),
2024-09-30,2024-10-08,,第 1 座 Tower 1,21,B1,,5256000,,‧價單第2ZZT號下的支付條款(C) Terms of Payment (C) under Price List No.2ZZT ‧見備註/See Remarks 7 (c)(i)(azn) ‧見備註/See Remarks 7 (c)(ii)(ar) ‧見備註/See Remarks 7 (c)(ii)(azj) ‧見備註/See Remarks 7 (c)(ii)(azk) ‧見備註/See Remarks 7 (c)(iii)(y) ‧見備註/See Remarks 7 (c)(iii)(zc),
2024-09-30,2024-10-08,,第 1 座 Tower 1,26,B1,,5264000,,‧價單第3ZZU號下的支付條款(A) Terms of Payment (A) under Price List No.3ZZU ‧見備註/See Remarks 7 (c)(i)(azh) ‧見備註/See Remarks 7 (c)(ii)(ao) ‧見備註/See Remarks 7 (c)(ii)(azk) ‧見備註/See Remarks 7 (c)(iii)(x) ‧見備註/See Remarks 7 (c)(iii)(zc),
2024-09-30,2024-10-08,,第 2 座 Tower 2,35,C8,,5456000,,‧價單第6D號下的支付條款(A) Terms of Payment (A) under Price List No.6D ‧見備註/See Remarks 7 (c)(i)(azh) ‧見備註/See Remarks 7 (c)(ii)(ao) ‧見備註/See Remarks 7 (c)(ii)(azk) ‧見備註/See Remarks 7 (c)(iii)(x) ‧見備註/See Remarks 7 (c)(iii)(zc),
2024-09-30,2024-10-08,,第 2 座 Tower 2,38,C7,,5408000,,‧價單第6D號下的支付條款(A) Terms of Payment (A) under Price List No.6D ‧見備註/See Remarks 7 (c)(i)(azh) ‧見備註/See Remarks 7 (c)(ii)(ao) ‧見備註/See Remarks 7 (c)(ii)(azk) ‧見備註/See Remarks 7 (c)(iii)(x) ‧見備註/See Remarks 7 (c)(iii)(zc),
2024-09-30,2024-10-08,,第 2 座 Tower 2,30,D3,,5325000,,‧價單第5ZZO號下的支付條款(A) Terms of Payment (A) under Price List No.5ZZO ‧見備註/See Remarks 7 (c)(i)(azh) ‧見備註/See Remarks 7 (c)(ii)(ao) ‧見備註/See Remarks 7 (c)(ii)(azk) ‧見備註/See Remarks 7 (c)(iii)(y) ‧見備註/See Remarks 7 (c)(iii)(zc),
2024-10-01,2024-10-08,,第 2 座 Tower 2,31,D3,,5337000,,‧價單第5ZZO號下的支付條款(A) Terms of Payment (A) under Price List No.5ZZO ‧見備註/See Remarks 7 (c)(i)(azh) ‧見備註/See Remarks 7 (c)(ii)(ao) ‧見備註/See Remarks 7 (c)(ii)(azk) ‧見備註/See Remarks 7 (c)(iii)(y) ‧見備註/See Remarks 7 (c)(iii)(zc),
2024-10-02,2024-10-09,,第 2 座 Tower 2,29,A8,,7706000,,‧價單第6D號下的支付條款(A) Terms of Payment (A) under Price List No.6D ‧見備註/See Remarks 7 (c)(i)(azh) ‧見備註/See Remarks 7 (c)(ii)(ao) ‧見備註/See Remarks 7 (c)(ii)(azk) ‧見備註/See Remarks 7 (c)(iii)(z) ‧見備註/See Remarks 7 (c)(iii)(zc),
2024-10-02,2024-10-09,,第 2 座 Tower 2,36,C8,,5468000,,‧價單第6D號下的支付條款(A) Terms of Payment (A) under Price List No.6D ‧見備註/See Remarks 7 (c)(i)(azh) ‧見備註/See Remarks 7 (c)(ii)(ao) ‧見備註/See Remarks 7 (c)(ii)(azk) ‧見備註/See Remarks 7 (c)(iii)(x) ‧見備註/See Remarks 7 (c)(iii)(zc),
2024-10-03,2024-10-10,,第 2 座 Tower 2,37,C8,,5478000,,‧價單第6D號下的支付條款(A) Terms of Payment (A) under Price List No.6D ‧見備註/See Remarks 7 (c)(i)(azh) ‧見備註/See Remarks 7 (c)(ii)(ao) ‧見備註/See Remarks 7 (c)(ii)(azk) ‧見備註/See Remarks 7 (c)(iii)(x) ‧見備註/See Remarks 7 (c)(iii)(zc),
2024-10-04,2024-10-14,,第 1 座 Tower 1,31,A3,,4774000,,‧價單第4ZZS號下的支付條款(C) Terms of Payment (C) under Price List No.4ZZS ‧見備註/See Remarks 7 (c)(i)(azn) ‧見備註/See Remarks 7 (c)(ii)(ar) ‧見備註/See Remarks 7 (c)(ii)(azj) ‧見備註/See Remarks 7 (c)(ii)(azk) ‧見備註/See Remarks 7 (c)(iii)(zc) ‧見備註/See Remarks 7 (c)(iii)(zd),
2024-10-04,2024-10-14,,第 2 座 Tower 2,28,C9,,5372000,,‧價單第6D號下的支付條款(A) Terms of Payment (A) under Price List No.6D ‧見備註/See Remarks 7 (c)(i)(azh) ‧見備註/See Remarks 7 (c)(ii)(ao) ‧見備註/See Remarks 7 (c)(ii)(azk) ‧見備註/See Remarks 7 (c)(iii)(x) ‧見備註/See Remarks 7 (c)(iii)(zc),
2024-10-04,2024-10-14,,第 2 座 Tower 2,29,C9,,5382000,,‧價單第6D號下的支付條款(B) Terms of Payment (B) under Price List No.6D ‧見備註/See Remarks 7 (c)(i)(azi) ‧見備註/See Remarks 7 (c)(ii)(an) ‧見備註/See Remarks 7 (c)(ii)(azk) ‧見備註/See Remarks 7 (c)(iii)(x) ‧見備註/See Remarks 7 (c)(iii)(zc),
2024-10-04,2024-10-14,,第 2 座 Tower 2,29,C11,,5483000,,‧價單第6D號下的支付條款(A) Terms of Payment (A) under Price List No.6D ‧見備註/See Remarks 7 (c)(i)(azh) ‧見備註/See Remarks 7 (c)(ii)(ao) ‧見備註/See Remarks 7 (c)(ii)(azk) ‧見備註/See Remarks 7 (c)(iii)(x) ‧見備註/See Remarks 7 (c)(iii)(zc),
2024-10-04,2024-10-14,,第 2 座 Tower 2,30,C9,,5393000,,‧價單第6D號下的支付條款(A) Terms of Payment (A) under Price List No.6D ‧見備註/See Remarks 7 (c)(i)(azh) ‧見備註/See Remarks 7 (c)(ii)(ao) ‧見備註/See Remarks 7 (c)(ii)(azk) ‧見備註/See Remarks 7 (c)(iii)(x) ‧見備註/See Remarks 7 (c)(iii)(zc),
2024-10-05,2024-10-14,,第 1 座 Tower 1,30,A1,,5402000,,‧價單第6D號下的支付條款(A) Terms of Payment (A) under Price List No.6D ‧見備註/See Remarks 7 (c)(i)(azh) ‧見備註/See Remarks 7 (c)(ii)(ao) ‧見備註/See Remarks 7 (c)(ii)(azk) ‧見備註/See Remarks 7 (c)(iii)(x) ‧見備註/See Remarks 7 (c)(iii)(zc),
2024-10-05,2024-10-14,,第 1 座 Tower 1,32,A9,,5700000,,‧價單第6D號下的支付條款(A) Terms of Payment (A) under Price List No.6D ‧見備註/See Remarks 7 (c)(i)(azh) ‧見備註/See Remarks 7 (c)(ii)(ao) ‧見備註/See Remarks 7 (c)(ii)(azk) ‧見備註/See Remarks 7 (c)(iii)(x) ‧見備註/See Remarks 7 (c)(iii)(zc),
2024-10-05,2024-10-14,,第 1 座 Tower 1,35,A9,,5702000,,‧價單第6D號下的支付條款(A) Terms of Payment (A) under Price List No.6D ‧見備註/See Remarks 7 (c)(i)(azh) ‧見備註/See Remarks 7 (c)(ii)(ao) ‧見備註/See Remarks 7 (c)(ii)(azk) ‧見備註/See Remarks 7 (c)(iii)(x) ‧見備註/See Remarks 7 (c)(iii)(zc),
2024-10-05,2024-10-14,,第 2 座 Tower 2,28,C11,,5473000,,‧價單第6D號下的支付條款(A) Terms of Payment (A) under Price List No.6D ‧見備註/See Remarks 7 (c)(i)(azh) ‧見備註/See Remarks 7 (c)(ii)(ao) ‧見備註/See Remarks 7 (c)(ii)(azk) ‧見備註/See Remarks 7 (c)(iii)(x) ‧見備註/See Remarks 7 (c)(iii)(zc),
2024-10-05,2024-10-14,,第 2 座 Tower 2,38,C8,,5490000,,‧價單第6D號下的支付條款(A) Terms of Payment (A) under Price List No.6D ‧見備註/See Remarks 7 (c)(i)(azh) ‧見備註/See Remarks 7 (c)(ii)(ao) ‧見備註/See Remarks 7 (c)(ii)(azk) ‧見備註/See Remarks 7 (c)(iii)(x) ‧見備註/See Remarks 7 (c)(iii)(zc),
2024-10-05,2024-10-14,,第 2 座 Tower 2,30,D5,,5336000,,‧價單第5ZZO號下的支付條款(C) Terms of Payment (C) under Price List No.5ZZO ‧見備註/See Remarks 7 (c)(i)(azn) ‧見備註/See Remarks 7 (c)(ii)(ar) ‧見備註/See Remarks 7 (c)(ii)(azj) ‧見備註/See Remarks 7 (c)(ii)(azk) ‧見備註/See Remarks 7 (c)(iii)(y) ‧見備註/See Remarks 7 (c)(iii)(zc) ‧價單第5ZZO號下的支付條款(A) Terms of Payment (A) under Price List No.5ZZO ‧見備註/See Remarks 7 (c)(i)(azh) ‧見備註/See Remarks 7 (c)(ii)(ao) ‧見備註/See Remarks 7 (c)(ii)(azk) ‧見備註/See Remarks 7 (c)(iii)(y) ‧見備註/See Remarks 7 (c)(iii)(zc) (在 04-12-2024修訂) (revised on 04-12-2024),
2024-10-05,2024-10-14,,第 2 座 Tower 2,31,D5,,5346000,,‧價單第5ZZO號下的支付條款(A) Terms of Payment (A) under Price List No.5ZZO ‧見備註/See Remarks 7 (c)(i)(azh) ‧見備註/See Remarks 7 (c)(ii)(ao) ‧見備註/See Remarks 7 (c)(ii)(azk) ‧見備註/See Remarks 7 (c)(iii)(y) ‧見備註/See Remarks 7 (c)(iii)(zc),
2024-10-06,2024-10-14,,第 1 座 Tower 1,23,A9,,5568000,,‧價單第6D號下的支付條款(A) Terms of Payment (A) under Price List No.6D ‧見備註/See Remarks 7 (c)(i)(azh) ‧見備註/See Remarks 7 (c)(ii)(ao) ‧見備註/See Remarks 7 (c)(ii)(azk) ‧見備註/See Remarks 7 (c)(iii)(x) ‧見備註/See Remarks 7 (c)(iii)(zc),
2024-10-06,2024-10-14,,第 1 座 Tower 1,30,A9,,5699000,,‧價單第6D號下的支付條款(A) Terms of Payment (A) under Price List No.6D ‧見備註/See Remarks 7 (c)(i)(azh) ‧見備註/See Remarks 7 (c)(ii)(ao) ‧見備註/See Remarks 7 (c)(ii)(azk) ‧見備註/See Remarks 7 (c)(iii)(x) ‧見備註/See Remarks 7 (c)(iii)(zc),
2024-10-06,2024-10-14,,第 1 座 Tower 1,31,A9,,5699000,,‧價單第6D號下的支付條款(C) Terms of Payment (C) under Price List No.6D ‧見備註/See Remarks 7 (c)(i)(azn) ‧見備註/See Remarks 7 (c)(ii)(ar) ‧見備註/See Remarks 7 (c)(ii)(azj) ‧見備註/See Remarks 7 (c)(ii)(azk) ‧見備註/See Remarks 7 (c)(iii)(x) ‧見備註/See Remarks 7 (c)(iii)(zc) ‧價單第6D號下的支付條款(A) Terms of Payment (A) under Price List No.6D ‧見備註/See Remarks 7 (c)(i)(azh) ‧見備註/See Remarks 7 (c)(ii)(ao) ‧見備註/See Remarks 7 (c)(ii)(azk) ‧見備註/See Remarks 7 (c)(iii)(x) ‧見備註/See Remarks 7 (c)(iii)(zc) (在 08-11-2024修訂) (revised on 08-11-2024),
2024-10-06,2024-10-14,,第 1 座 Tower 1,35,B1,,5381000,,‧價單第6D號下的支付條款(A) Terms of Payment (A) under Price List No.6D ‧見備註/See Remarks 7 (c)(i)(azh) ‧見備註/See Remarks 7 (c)(ii)(ao) ‧見備註/See Remarks 7 (c)(ii)(azk) ‧見備註/See Remarks 7 (c)(iii)(x) ‧見備註/See Remarks 7 (c)(iii)(zc),
2024-10-06,2024-10-14,,第 2 座 Tower 2,30,A8,,7730000,,‧價單第6D號下的支付條款(A) Terms of Payment (A) under Price List No.6D ‧見備註/See Remarks 7 (c)(i)(azh) ‧見備註/See Remarks 7 (c)(ii)(ao) ‧見備註/See Remarks 7 (c)(ii)(azk) ‧見備註/See Remarks 7 (c)(iii)(z) ‧見備註/See Remarks 7 (c)(iii)(zc),
2024-10-06,2024-10-14,,第 2 座 Tower 2,35,A8,,7823000,,‧價單第6D號下的支付條款(A) Terms of Payment (A) under Price List No.6D ‧見備註/See Remarks 7 (c)(i)(azh) ‧見備註/See Remarks 7 (c)(ii)(ao) ‧見備註/See Remarks 7 (c)(ii)(azk) ‧見備註/See Remarks 7 (c)(iii)(z) ‧見備註/See Remarks 7 (c)(iii)(zc),
2024-10-06,2024-10-14,,第 2 座 Tower 2,18,C3,,4987000,,‧價單第6D號下的支付條款(C) Terms of Payment (C) under Price List No.6D ‧見備註/See Remarks 7 (c)(i)(azn) ‧見備註/See Remarks 7 (c)(ii)(ar) ‧見備註/See Remarks 7 (c)(ii)(azj) ‧見備註/See Remarks 7 (c)(ii)(azk) ‧見備註/See Remarks 7 (c)(iii)(zc) ‧見備註/See Remarks 7 (c)(iii)(zd),
2024-10-06,2024-10-14,,第 2 座 Tower 2,32,D3,,5347000,,‧價單第5ZZO號下的支付條款(A) Terms of Payment (A) under Price List No.5ZZO ‧見備註/See Remarks 7 (c)(i)(azh) ‧見備註/See Remarks 7 (c)(ii)(ao) ‧見備註/See Remarks 7 (c)(ii)(azk) ‧見備註/See Remarks 7 (c)(iii)(y) ‧見備註/See Remarks 7 (c)(iii)(zc),
2024-10-06,2024-10-14,,第 2 座 Tower 2,32,D5,,5358000,,‧價單第5ZZO號下的支付條款(C) Terms of Payment (C) under Price List No.5ZZO ‧見備註/See Remarks 7 (c)(i)(azn) ‧見備註/See Remarks 7 (c)(ii)(ar) ‧見備註/See Remarks 7 (c)(ii)(azj) ‧見備註/See Remarks 7 (c)(ii)(azk) ‧見備註/See Remarks 7 (c)(iii)(y) ‧見備註/See Remarks 7 (c)(iii)(zc) ‧價單第5ZZO號下的支付條款(A) Terms of Payment (A) under Price List No.5ZZO ‧見備註/See Remarks 7 (c)(i)(azh) ‧見備註/See Remarks 7 (c)(ii)(ao) ‧見備註/See Remarks 7 (c)(ii)(azk) ‧見備註/See Remarks 7 (c)(iii)(y) ‧見備註/See Remarks 7 (c)(iii)(zc) (在 21-11-2024修訂) (revised on 21-11-2024),
2024-10-06,2024-10-14,,第 2 座 Tower 2,32,D9,,7857000,,‧價單第6D號下的支付條款(A) Terms of Payment (A) under Price List No.6D ‧見備註/See Remarks 7 (c)(i)(azh) ‧見備註/See Remarks 7 (c)(ii)(ao) ‧見備註/See Remarks 7 (c)(ii)(azk) ‧見備註/See Remarks 7 (c)(iii)(z) ‧見備註/See Remarks 7 (c)(iii)(zc),
2024-10-07,2024-10-15,,第 1 座 Tower 1,29,A1,,5399000,,‧價單第3ZZV號下的支付條款(A) Terms of Payment (A) under Price List No.3ZZV ‧見備註/See Remarks 7 (c)(i)(azh) ‧見備註/See Remarks 7 (c)(ii)(ao) ‧見備註/See Remarks 7 (c)(ii)(azk) ‧見備註/See Remarks 7 (c)(iii)(x) ‧見備註/See Remarks 7 (c)(iii)(zc),
2024-10-07,2024-10-15,,第 1 座 Tower 1,30,B1,,5359000,,‧價單第6E號下的支付條款(C) Terms of Payment (C) under Price List No.6E ‧見備註/See Remarks 7 (c)(i)(azn) ‧見備註/See Remarks 7 (c)(ii)(ar) ‧見備註/See Remarks 7 (c)(ii)(azk) ‧見備註/See Remarks 7 (c)(ii)(azl) ‧見備註/See Remarks 7 (c)(iii)(x) ‧見備註/See Remarks 7 (c)(iii)(zc),
2024-10-07,2024-10-15,,第 1 座 Tower 1,31,B1,,5365000,,‧價單第6E號下的支付條款(A) Terms of Payment (A) under Price List No.6E ‧見備註/See Remarks 7 (c)(i)(azh) ‧見備註/See Remarks 7 (c)(ii)(ao) ‧見備註/See Remarks 7 (c)(ii)(azk) ‧見備註/See Remarks 7 (c)(iii)(x) ‧見備註/See Remarks 7 (c)(iii)(zc),
2024-10-07,2024-10-15,,第 1 座 Tower 1,32,B1,,5370000,,‧價單第6E號下的支付條款(A) Terms of Payment (A) under Price List No.6E ‧見備註/See Remarks 7 (c)(i)(azh) ‧見備註/See Remarks 7 (c)(ii)(ao) ‧見備註/See Remarks 7 (c)(ii)(azk) ‧見備註/See Remarks 7 (c)(iii)(x) ‧見備註/See Remarks 7 (c)(iii)(zc),
2024-10-07,2024-10-15,,第 1 座 Tower 1,33,B1,,5375000,,‧價單第6E號下的支付條款(C) Terms of Payment (C) under Price List No.6E ‧見備註/See Remarks 7 (c)(i)(azn) ‧見備註/See Remarks 7 (c)(ii)(ar) ‧見備註/See Remarks 7 (c)(ii)(azk) ‧見備註/See Remarks 7 (c)(ii)(azl) ‧見備註/See Remarks 7 (c)(iii)(x) ‧見備註/See Remarks 7 (c)(iii)(zc),
2024-10-07,2024-10-15,,第 1 座 Tower 1,36,B1,,5386000,,‧價單第6E號下的支付條款(A) Terms of Payment (A) under Price List No.6E ‧見備註/See Remarks 7 (c)(i)(azh) ‧見備註/See Remarks 7 (c)(ii)(ao) ‧見備註/See Remarks 7 (c)(ii)(azk) ‧見備註/See Remarks 7 (c)(iii)(x) ‧見備註/See Remarks 7 (c)(iii)(zc),
2024-10-07,2024-10-15,,第 1 座 Tower 1,37,B1,,5397000,,‧價單第6E號下的支付條款(A) Terms of Payment (A) under Price List No.6E ‧見備註/See Remarks 7 (c)(i)(azh) ‧見備註/See Remarks 7 (c)(ii)(ao) ‧見備註/See Remarks 7 (c)(ii)(azk) ‧見備註/See Remarks 7 (c)(iii)(x) ‧見備註/See Remarks 7 (c)(iii)(zc),
2024-10-07,2024-10-15,,第 2 座 Tower 2,28,C10,,5444000,,‧價單第6E號下的支付條款(A) Terms of Payment (A) under Price List No.6E ‧見備註/See Remarks 7 (c)(i)(azh) ‧見備註/See Remarks 7 (c)(ii)(ao) ‧見備註/See Remarks 7 (c)(ii)(azk) ‧見備註/See Remarks 7 (c)(iii)(x) ‧見備註/See Remarks 7 (c)(iii)(zc),
2024-10-07,2024-10-15,,第 2 座 Tower 2,29,C10,,5455000,,‧價單第6E號下的支付條款(A) Terms of Payment (A) under Price List No.6E ‧見備註/See Remarks 7 (c)(i)(azh) ‧見備註/See Remarks 7 (c)(ii)(ao) ‧見備註/See Remarks 7 (c)(ii)(azk) ‧見備註/See Remarks 7 (c)(iii)(x) ‧見備註/See Remarks 7 (c)(iii)(zc),
2024-10-07,2024-10-15,,第 2 座 Tower 2,30,C10,,5466000,,‧價單第6E號下的支付條款(A) Terms of Payment (A) under Price List No.6E ‧見備註/See Remarks 7 (c)(i)(azh) ‧見備註/See Remarks 7 (c)(ii)(ao) ‧見備註/See Remarks 7 (c)(ii)(azk) ‧見備註/See Remarks 7 (c)(iii)(x) ‧見備註/See Remarks 7 (c)(iii)(zc),
2024-10-07,2024-10-15,,第 2 座 Tower 2,31,C9,,5404000,,‧價單第6E號下的支付條款(A) Terms of Payment (A) under Price List No.6E ‧見備註/See Remarks 7 (c)(i)(azh) ‧見備註/See Remarks 7 (c)(ii)(ao) ‧見備註/See Remarks 7 (c)(ii)(azk) ‧見備註/See Remarks 7 (c)(iii)(x) ‧見備註/See Remarks 7 (c)(iii)(zc),
2024-10-07,2024-10-15,,第 2 座 Tower 2,32,C9,,5415000,,‧價單第6E號下的支付條款(A) Terms of Payment (A) under Price List No.6E ‧見備註/See Remarks 7 (c)(i)(azh) ‧見備註/See Remarks 7 (c)(ii)(ao) ‧見備註/See Remarks 7 (c)(ii)(azk) ‧見備註/See Remarks 7 (c)(iii)(x) ‧見備註/See Remarks 7 (c)(iii)(zc),
2024-10-07,2024-10-15,,第 2 座 Tower 2,33,C9,,5426000,,‧價單第6E號下的支付條款(A) Terms of Payment (A) under Price List No.6E ‧見備註/See Remarks 7 (c)(i)(azh) ‧見備註/See Remarks 7 (c)(ii)(ao) ‧見備註/See Remarks 7 (c)(ii)(azk) ‧見備註/See Remarks 7 (c)(iii)(x) ‧見備註/See Remarks 7 (c)(iii)(zc),
2024-10-07,2024-10-15,,第 2 座 Tower 2,35,C9,,5436000,,‧價單第6E號下的支付條款(A) Terms of Payment (A) under Price List No.6E ‧見備註/See Remarks 7 (c)(i)(azh) ‧見備註/See Remarks 7 (c)(ii)(ao) ‧見備註/See Remarks 7 (c)(ii)(azk) ‧見備註/See Remarks 7 (c)(iii)(x) ‧見備註/See Remarks 7 (c)(iii)(zc),
2024-10-07,2024-10-15,,第 2 座 Tower 2,36,C9,,5447000,,‧價單第6E號下的支付條款(A) Terms of Payment (A) under Price List No.6E ‧見備註/See Remarks 7 (c)(i)(azh) ‧見備註/See Remarks 7 (c)(ii)(ao) ‧見備註/See Remarks 7 (c)(ii)(azk) ‧見備註/See Remarks 7 (c)(iii)(x) ‧見備註/See Remarks 7 (c)(iii)(zc),
2024-10-07,2024-10-15,,第 2 座 Tower 2,37,C9,,5458000,,‧價單第6E號下的支付條款(A) Terms of Payment (A) under Price List No.6E ‧見備註/See Remarks 7 (c)(i)(azh) ‧見備註/See Remarks 7 (c)(ii)(ao) ‧見備註/See Remarks 7 (c)(ii)(azk) ‧見備註/See Remarks 7 (c)(iii)(x) ‧見備註/See Remarks 7 (c)(iii)(zc),
2024-10-08,2024-10-16,,第 1 座 Tower 1,29,B1,,5354000,,‧價單第3ZZV號下的支付條款(A) Terms of Payment (A) under Price List No.3ZZV ‧見備註/See Remarks 7 (c)(i)(azh) ‧見備註/See Remarks 7 (c)(ii)(ao) ‧見備註/See Remarks 7 (c)(ii)(azk) ‧見備註/See Remarks 7 (c)(iii)(x) ‧見備註/See Remarks 7 (c)(iii)(zc),
2024-10-08,2024-10-16,,第 2 座 Tower 2,31,C10,,5477000,,‧價單第6E號下的支付條款(A) Terms of Payment (A) under Price List No.6E ‧見備註/See Remarks 7 (c)(i)(azh) ‧見備註/See Remarks 7 (c)(ii)(ao) ‧見備註/See Remarks 7 (c)(ii)(azk) ‧見備註/See Remarks 7 (c)(iii)(x) ‧見備註/See Remarks 7 (c)(iii)(zc),
2024-10-08,2024-10-16,,第 2 座 Tower 2,32,C10,,5489000,,‧價單第6E號下的支付條款(A) Terms of Payment (A) under Price List No.6E ‧見備註/See Remarks 7 (c)(i)(azh) ‧見備註/See Remarks 7 (c)(ii)(ao) ‧見備註/See Remarks 7 (c)(ii)(azk) ‧見備註/See Remarks 7 (c)(iii)(x) ‧見備註/See Remarks 7 (c)(iii)(zc),
2024-10-08,2024-10-16,,第 2 座 Tower 2,33,C10,,5499000,,‧價單第6E號下的支付條款(A) Terms of Payment (A) under Price List No.6E ‧見備註/See Remarks 7 (c)(i)(azh) ‧見備註/See Remarks 7 (c)(ii)(ao) ‧見備註/See Remarks 7 (c)(ii)(azk) ‧見備註/See Remarks 7 (c)(iii)(x) ‧見備註/See Remarks 7 (c)(iii)(zc),
2024-10-08,2024-10-16,,第 2 座 Tower 2,35,C10,,5510000,,‧價單第6E號下的支付條款(A) Terms of Payment (A) under Price List No.6E ‧見備註/See Remarks 7 (c)(i)(azh) ‧見備註/See Remarks 7 (c)(ii)(ao) ‧見備註/See Remarks 7 (c)(ii)(azk) ‧見備註/See Remarks 7 (c)(iii)(x) ‧見備註/See Remarks 7 (c)(iii)(zc),
2024-10-08,2024-10-16,,第 2 座 Tower 2,36,C10,,5521000,,‧價單第6E號下的支付條款(A) Terms of Payment (A) under Price List No.6E ‧見備註/See Remarks 7 (c)(i)(azh) ‧見備註/See Remarks 7 (c)(ii)(ao) ‧見備註/See Remarks 7 (c)(ii)(azk) ‧見備註/See Remarks 7 (c)(iii)(x) ‧見備註/See Remarks 7 (c)(iii)(zc),
2024-10-08,2024-10-16,,第 2 座 Tower 2,37,C10,,5532000,,‧價單第6E號下的支付條款(A) Terms of Payment (A) under Price List No.6E ‧見備註/See Remarks 7 (c)(i)(azh) ‧見備註/See Remarks 7 (c)(ii)(ao) ‧見備註/See Remarks 7 (c)(ii)(azk) ‧見備註/See Remarks 7 (c)(iii)(x) ‧見備註/See Remarks 7 (c)(iii)(zc),
2024-10-08,2024-10-16,,第 2 座 Tower 2,38,C9,,5469000,,‧價單第6E號下的支付條款(A) Terms of Payment (A) under Price List No.6E ‧見備註/See Remarks 7 (c)(i)(azh) ‧見備註/See Remarks 7 (c)(ii)(ao) ‧見備註/See Remarks 7 (c)(ii)(azk) ‧見備註/See Remarks 7 (c)(iii)(x) ‧見備註/See Remarks 7 (c)(iii)(zc),
2024-10-08,2024-10-15,,第 2 座 Tower 2,38,C10,,5543000,,‧價單第6E號下的支付條款(A) Terms of Payment (A) under Price List No.6E ‧見備註/See Remarks 7 (c)(i)(azh) ‧見備註/See Remarks 7 (c)(ii)(ao) ‧見備註/See Remarks 7 (c)(ii)(azk) ‧見備註/See Remarks 7 (c)(iii)(x) ‧見備註/See Remarks 7 (c)(iii)(zc),
2024-10-09,2024-10-17,,第 2 座 Tower 2,36,C12,,5641000,,‧價單第6F號下的支付條款(A) Terms of Payment (A) under Price List No.6F ‧見備註/See Remarks 7 (c)(i)(azh) ‧見備註/See Remarks 7 (c)(ii)(ao) ‧見備註/See Remarks 7 (c)(ii)(azk) ‧見備註/See Remarks 7 (c)(iii)(y) ‧見備註/See Remarks 7 (c)(iii)(zc),
2024-10-09,2024-10-17,,第 2 座 Tower 2,37,C12,,5652000,,‧價單第6F號下的支付條款(A) Terms of Payment (A) under Price List No.6F ‧見備註/See Remarks 7 (c)(i)(azh) ‧見備註/See Remarks 7 (c)(ii)(ao) ‧見備註/See Remarks 7 (c)(ii)(azk) ‧見備註/See Remarks 7 (c)(iii)(y) ‧見備註/See Remarks 7 (c)(iii)(zc),
2024-10-09,2024-10-17,,第 2 座 Tower 2,31,D9,,7857000,,‧價單第6F號下的支付條款(A) Terms of Payment (A) under Price List No.6F ‧見備註/See Remarks 7 (c)(i)(azh) ‧見備註/See Remarks 7 (c)(ii)(ao) ‧見備註/See Remarks 7 (c)(ii)(azk) ‧見備註/See Remarks 7 (c)(iii)(z) ‧見備註/See Remarks 7 (c)(iii)(zc),
2024-10-10,2024-10-18,,第 1 座 Tower 1,31,B3,,4807000,,‧價單第4ZZV號下的支付條款(C) Terms of Payment (C) under Price List No.4ZZV ‧見備註/See Remarks 7 (c)(i)(azn) ‧見備註/See Remarks 7 (c)(ii)(ar) ‧見備註/See Remarks 7 (c)(ii)(azk) ‧見備註/See Remarks 7 (c)(ii)(azl) ‧見備註/See Remarks 7 (c)(iii)(zc) ‧見備註/See Remarks 7 (c)(iii)(zd),
2024-10-10,2024-10-18,,第 2 座 Tower 2,30,C11,,5641000,,‧價單第6G號下的支付條款(A) Terms of Payment (A) under Price List No.6G ‧見備註/See Remarks 7 (c)(i)(azh) ‧見備註/See Remarks 7 (c)(ii)(ao) ‧見備註/See Remarks 7 (c)(ii)(azk) ‧見備註/See Remarks 7 (c)(iii)(y) ‧見備註/See Remarks 7 (c)(iii)(zc),
2024-10-11,2024-10-18,,第 2 座 Tower 2,21,D6,,5395000,,‧價單第3ZZY號下的支付條款(A) Terms of Payment (A) under Price List No.3ZZY ‧見備註/See Remarks 7 (c)(i)(azh) ‧見備註/See Remarks 7 (c)(ii)(ao) ‧見備註/See Remarks 7 (c)(ii)(azk) ‧見備註/See Remarks 7 (c)(iii)(z) ‧見備註/See Remarks 7 (c)(iii)(zc),
2024-10-11,2024-10-18,,第 2 座 Tower 2,28,D6,,5482000,,‧價單第5ZZS號下的支付條款(A) Terms of Payment (A) under Price List No.5ZZS ‧見備註/See Remarks 7 (c)(i)(azh) ‧見備註/See Remarks 7 (c)(ii)(ao) ‧見備註/See Remarks 7 (c)(ii)(azk) ‧見備註/See Remarks 7 (c)(iii)(z) ‧見備註/See Remarks 7 (c)(iii)(zc),
2024-10-12,2024-10-18,,第 1 座 Tower 1,31,A7,,4778000,,‧價單第4ZZX號下的支付條款(B) Terms of Payment (B) under Price List No.4ZZX ‧見備註/See Remarks 7 (c)(i)(azi) ‧見備註/See Remarks 7 (c)(ii)(an) ‧見備註/See Remarks 7 (c)(ii)(azk) ‧見備註/See Remarks 7 (c)(iii)(zc) ‧見備註/See Remarks 7 (c)(iii)(zd) ‧價單第4ZZX號下的支付條款(A) Terms of Payment (A) under Price List No.4ZZX ‧見備註/See Remarks 7 (c)(i)(azh) ‧見備註/See Remarks 7 (c)(ii)(ao) ‧見備註/See Remarks 7 (c)(ii)(azk) ‧見備註/See Remarks 7 (c)(iii)(zc) ‧見備註/See Remarks 7 (c)(iii)(zd) (在 13-11-2024修訂) (revised on 13-11-2024),
2024-10-12,,,第 1 座 Tower 1,23,B9,,5691000,,‧價單第6I號下的支付條款(A) Terms of Payment (A) under Price List No.6I ‧見備註/See Remarks 7 (c)(i)(azh) ‧見備註/See Remarks 7 (c)(ii)(ao) ‧見備註/See Remarks 7 (c)(ii)(azk) ‧見備註/See Remarks 7 (c)(iii)(y) ‧見備註/See Remarks 7 (c)(iii)(zc),
2024-10-12,2024-10-18,,第 1 座 Tower 1,35,B9,,5852000,,‧價單第6I號下的支付條款(A) Terms of Payment (A) under Price List No.6I ‧見備註/See Remarks 7 (c)(i)(azh) ‧見備註/See Remarks 7 (c)(ii)(ao) ‧見備註/See Remarks 7 (c)(ii)(azk) ‧見備註/See Remarks 7 (c)(iii)(y) ‧見備註/See Remarks 7 (c)(iii)(zc),
2024-10-12,2024-10-18,,第 2 座 Tower 2,31,C11,,5653000,,‧價單第6I號下的支付條款(A) Terms of Payment (A) under Price List No.6I ‧見備註/See Remarks 7 (c)(i)(azh) ‧見備註/See Remarks 7 (c)(ii)(ao) ‧見備註/See Remarks 7 (c)(ii)(azk) ‧見備註/See Remarks 7 (c)(iii)(y) ‧見備註/See Remarks 7 (c)(iii)(zc),
2024-10-12,2024-10-16,,第 2 座 Tower 2,32,C11,,5664000,,‧價單第6I號下的支付條款(C) Terms of Payment (C) under Price List No.6I ‧見備註/See Remarks 7 (c)(i)(azn) ‧見備註/See Remarks 7 (c)(ii)(ar) ‧見備註/See Remarks 7 (c)(ii)(azk) ‧見備註/See Remarks 7 (c)(ii)(azl) ‧見備註/See Remarks 7 (c)(iii)(y) ‧見備註/See Remarks 7 (c)(iii)(zc),
2024-10-12,2024-10-16,,第 2 座 Tower 2,33,C11,,5675000,,‧價單第6I號下的支付條款(A) Terms of Payment (A) under Price List No.6I ‧見備註/See Remarks 7 (c)(i)(azh) ‧見備註/See Remarks 7 (c)(ii)(ao) ‧見備註/See Remarks 7 (c)(ii)(azk) ‧見備註/See Remarks 7 (c)(iii)(y) ‧見備註/See Remarks 7 (c)(iii)(zc),
2024-10-12,2024-10-18,,第 2 座 Tower 2,26,D7,,5528000,,‧價單第5ZZT號下的支付條款(A) Terms of Payment (A) under Price List No.5ZZT ‧見備註/See Remarks 7 (c)(i)(azh) ‧見備註/See Remarks 7 (c)(ii)(ao) ‧見備註/See Remarks 7 (c)(ii)(azk) ‧見備註/See Remarks 7 (c)(iii)(z) ‧見備註/See Remarks 7 (c)(iii)(zc),
2024-10-13,2024-10-18,,第 2 座 Tower 2,28,B1,,5625000,,‧價單第7號下的支付條款(A) Terms of Payment (A) under Price List No.7 ‧見備註/See Remarks 7 (c)(i)(azh) ‧見備註/See Remarks 7 (c)(ii)(ao) ‧見備註/See Remarks 7 (c)(ii)(azk) ‧見備註/See Remarks 7 (c)(iii)(y) ‧見備註/See Remarks 7 (c)(iii)(zc),
2024-10-13,2024-10-18,,第 2 座 Tower 2,37,B1,,5647000,,‧價單第6I號下的支付條款(A) Terms of Payment (A) under Price List No.6I ‧見備註/See Remarks 7 (c)(i)(azh) ‧見備註/See Remarks 7 (c)(ii)(ao) ‧見備註/See Remarks 7 (c)(ii)(azk) ‧見備註/See Remarks 7 (c)(iii)(y) ‧見備註/See Remarks 7 (c)(iii)(zc),
2024-10-13,2024-10-18,,第 2 座 Tower 2,35,C11,,5686000,,‧價單第6I號下的支付條款(A) Terms of Payment (A) under Price List No.6I ‧見備註/See Remarks 7 (c)(i)(azh) ‧見備註/See Remarks 7 (c)(ii)(ao) ‧見備註/See Remarks 7 (c)(ii)(azk) ‧見備註/See Remarks 7 (c)(iii)(y) ‧見備註/See Remarks 7 (c)(iii)(zc),
2024-10-13,2024-10-18,,第 2 座 Tower 2,22,D6,,5427000,,‧價單第3ZZZ號下的支付條款(A) Terms of Payment (A) under Price List No.3ZZZ ‧見備註/See Remarks 7 (c)(i)(azh) ‧見備註/See Remarks 7 (c)(ii)(ao) ‧見備註/See Remarks 7 (c)(ii)(azk) ‧見備註/See Remarks 7 (c)(iii)(z) ‧見備註/See Remarks 7 (c)(iii)(zc),
2024-10-13,2024-10-18,,第 2 座 Tower 2,23,D6,,5438000,,‧價單第5ZZT號下的支付條款(A) Terms of Payment (A) under Price List No.5ZZT ‧見備註/See Remarks 7 (c)(i)(azh) ‧見備註/See Remarks 7 (c)(ii)(ao) ‧見備註/See Remarks 7 (c)(ii)(azk) ‧見備註/See Remarks 7 (c)(iii)(z) ‧見備註/See Remarks 7 (c)(iii)(zc),
2024-10-14,2024-10-21,,第 2 座 Tower 2,31,A8,,7752000,,‧價單第6I號下的支付條款(A) Terms of Payment (A) under Price List No.6I ‧見備註/See Remarks 7 (c)(i)(azh) ‧見備註/See Remarks 7 (c)(ii)(ao) ‧見備註/See Remarks 7 (c)(ii)(azk) ‧見備註/See Remarks 7 (c)(iii)(z) ‧見備註/See Remarks 7 (c)(iii)(zc),
2024-10-14,2024-10-21,,第 2 座 Tower 2,36,B1,,5645000,,‧價單第7號下的支付條款(A) Terms of Payment (A) under Price List No.7 ‧見備註/See Remarks 7 (c)(i)(azh) ‧見備註/See Remarks 7 (c)(ii)(ao) ‧見備註/See Remarks 7 (c)(ii)(azk) ‧見備註/See Remarks 7 (c)(iii)(y) ‧見備註/See Remarks 7 (c)(iii)(zc),
2024-10-15,2024-10-22,,第 1 座 Tower 1,25,B9,,5720000,,‧價單第6I號下的支付條款(A) Terms of Payment (A) under Price List No.6I ‧見備註/See Remarks 7 (c)(i)(azh) ‧見備註/See Remarks 7 (c)(ii)(ao) ‧見備註/See Remarks 7 (c)(ii)(azk) ‧見備註/See Remarks 7 (c)(iii)(y) ‧見備註/See Remarks 7 (c)(iii)(zc),
2024-10-15,2024-10-22,,第 2 座 Tower 2,32,A8,,7776000,,‧價單第6I號下的支付條款(A) Terms of Payment (A) under Price List No.6I ‧見備註/See Remarks 7 (c)(i)(azh) ‧見備註/See Remarks 7 (c)(ii)(ao) ‧見備註/See Remarks 7 (c)(ii)(azk) ‧見備註/See Remarks 7 (c)(iii)(z) ‧見備註/See Remarks 7 (c)(iii)(zc),
2024-10-16,2024-10-23,,第 2 座 Tower 2,33,A8,,7799000,,‧價單第6I號下的支付條款(A) Terms of Payment (A) under Price List No.6I ‧見備註/See Remarks 7 (c)(i)(azh) ‧見備註/See Remarks 7 (c)(ii)(ao) ‧見備註/See Remarks 7 (c)(ii)(azk) ‧見備註/See Remarks 7 (c)(iii)(z) ‧見備註/See Remarks 7 (c)(iii)(zc),
2024-10-16,2024-10-23,,第 2 座 Tower 2,26,B1,,5620000,,‧價單第7號下的支付條款(C) Terms of Payment (C) under Price List No.7 ‧見備註/See Remarks 7 (c)(i)(azn) ‧見備註/See Remarks 7 (c)(ii)(ar) ‧見備註/See Remarks 7 (c)(ii)(azk) ‧見備註/See Remarks 7 (c)(ii)(azl) ‧見備註/See Remarks 7 (c)(iii)(y) ‧見備註/See Remarks 7 (c)(iii)(zc) ‧價單第7號下的支付條款(A) Terms of Payment (A) under Price List No.7 ‧見備註/See Remarks 7 (c)(i)(azh) ‧見備註/See Remarks 7 (c)(ii)(ao) ‧見備註/See Remarks 7 (c)(ii)(azk) ‧見備註/See Remarks 7 (c)(iii)(y) ‧見備註/See Remarks 7 (c)(iii)(zc) (在 16-12-2024修訂) (revised on 16-12-2024),
2024-10-16,2024-10-23,,第 2 座 Tower 2,35,B1,,5642000,,‧價單第7號下的支付條款(A) Terms of Payment (A) under Price List No.7 ‧見備註/See Remarks 7 (c)(i)(azh) ‧見備註/See Remarks 7 (c)(ii)(ao) ‧見備註/See Remarks 7 (c)(ii)(azk) ‧見備註/See Remarks 7 (c)(iii)(y) ‧見備註/See Remarks 7 (c)(iii)(zc),
2024-10-16,2024-10-23,,第 2 座 Tower 2,36,C11,,5698000,,‧價單第6I號下的支付條款(C) Terms of Payment (C) under Price List No.6I ‧見備註/See Remarks 7 (c)(i)(azn) ‧見備註/See Remarks 7 (c)(ii)(ar) ‧見備註/See Remarks 7 (c)(ii)(azk) ‧見備註/See Remarks 7 (c)(ii)(azl) ‧見備註/See Remarks 7 (c)(iii)(y) ‧見備註/See Remarks 7 (c)(iii)(zc) ‧價單第6I號下的支付條款(A) Terms of Payment (A) under Price List No.6I ‧見備註/See Remarks 7 (c)(i)(azh) ‧見備註/See Remarks 7 (c)(ii)(ao) ‧見備註/See Remarks 7 (c)(ii)(azk) ‧見備註/See Remarks 7 (c)(iii)(y) ‧見備註/See Remarks 7 (c)(iii)(zc) (在 03-01-2025修訂) (revised on 03-01-2025),
2024-10-16,2024-10-23,,第 2 座 Tower 2,21,D7,,5461000,,‧價單第3ZZZ號下的支付條款(A) Terms of Payment (A) under Price List No.3ZZZ ‧見備註/See Remarks 7 (c)(i)(azh) ‧見備註/See Remarks 7 (c)(ii)(ao) ‧見備註/See Remarks 7 (c)(ii)(azk) ‧見備註/See Remarks 7 (c)(iii)(z) ‧見備註/See Remarks 7 (c)(iii)(zc),
2024-10-16,2024-10-23,,第 2 座 Tower 2,22,D7,,5494000,,‧價單第3ZZZ號下的支付條款(A) Terms of Payment (A) under Price List No.3ZZZ ‧見備註/See Remarks 7 (c)(i)(azh) ‧見備註/See Remarks 7 (c)(ii)(ao) ‧見備註/See Remarks 7 (c)(ii)(azk) ‧見備註/See Remarks 7 (c)(iii)(z) ‧見備註/See Remarks 7 (c)(iii)(zc),
2024-10-16,2024-10-23,,第 2 座 Tower 2,23,D7,,5506000,,‧價單第5ZZT號下的支付條款(A) Terms of Payment (A) under Price List No.5ZZT ‧見備註/See Remarks 7 (c)(i)(azh) ‧見備註/See Remarks 7 (c)(ii)(ao) ‧見備註/See Remarks 7 (c)(ii)(azk) ‧見備註/See Remarks 7 (c)(iii)(z) ‧見備註/See Remarks 7 (c)(iii)(zc),
2024-10-17,2024-10-24,,第 2 座 Tower 2,29,B1,,5627000,,‧價單第7號下的支付條款(C) Terms of Payment (C) under Price List No.7 ‧見備註/See Remarks 7 (c)(i)(azn) ‧見備註/See Remarks 7 (c)(ii)(ar) ‧見備註/See Remarks 7 (c)(ii)(azk) ‧見備註/See Remarks 7 (c)(ii)(azl) ‧見備註/See Remarks 7 (c)(iii)(y) ‧見備註/See Remarks 7 (c)(iii)(zc) ‧價單第7號下的支付條款(A) Terms of Payment (A) under Price List No.7 ‧見備註/See Remarks 7 (c)(i)(azh) ‧見備註/See Remarks 7 (c)(ii)(ao) ‧見備註/See Remarks 7 (c)(ii)(azk) ‧見備註/See Remarks 7 (c)(iii)(y) ‧見備註/See Remarks 7 (c)(iii)(zc) (在 16-12-2024修訂) (revised on 16-12-2024),
2024-10-17,2024-10-24,,第 2 座 Tower 2,30,B1,,5630000,,‧價單第7號下的支付條款(C) Terms of Payment (C) under Price List No.7 ‧見備註/See Remarks 7 (c)(i)(azn) ‧見備註/See Remarks 7 (c)(ii)(ar) ‧見備註/See Remarks 7 (c)(ii)(azk) ‧見備註/See Remarks 7 (c)(ii)(azl) ‧見備註/See Remarks 7 (c)(iii)(y) ‧見備註/See Remarks 7 (c)(iii)(zc) ‧價單第7號下的支付條款(A) Terms of Payment (A) under Price List No.7 ‧見備註/See Remarks 7 (c)(i)(azh) ‧見備註/See Remarks 7 (c)(ii)(ao) ‧見備註/See Remarks 7 (c)(ii)(azk) ‧見備註/See Remarks 7 (c)(iii)(y) ‧見備註/See Remarks 7 (c)(iii)(zc) (在 19-11-2024修訂) (revised on 19-11-2024),
2024-10-17,2024-10-24,,第 2 座 Tower 2,31,B1,,5633000,,‧價單第7號下的支付條款(A) Terms of Payment (A) under Price List No.7 ‧見備註/See Remarks 7 (c)(i)(azh) ‧見備註/See Remarks 7 (c)(ii)(ao) ‧見備註/See Remarks 7 (c)(ii)(azk) ‧見備註/See Remarks 7 (c)(iii)(y) ‧見備註/See Remarks 7 (c)(iii)(zc),
2024-10-17,2024-10-24,,第 2 座 Tower 2,26,D8,,5654000,,‧價單第5ZZT號下的支付條款(A) Terms of Payment (A) under Price List No.5ZZT ‧見備註/See Remarks 7 (c)(i)(azh) ‧見備註/See Remarks 7 (c)(ii)(ao) ‧見備註/See Remarks 7 (c)(ii)(azk) ‧見備註/See Remarks 7 (c)(iii)(z) ‧見備註/See Remarks 7 (c)(iii)(zc),
2024-10-18,2024-10-25,,第 1 座 Tower 1,36,B9,,5857000,,‧價單第6I號下的支付條款(A) Terms of Payment (A) under Price List No.6I ‧見備註/See Remarks 7 (c)(i)(azh) ‧見備註/See Remarks 7 (c)(ii)(ao) ‧見備註/See Remarks 7 (c)(ii)(azk) ‧見備註/See Remarks 7 (c)(iii)(y) ‧見備註/See Remarks 7 (c)(iii)(zc),
2024-10-18,2024-10-25,,第 2 座 Tower 2,27,B1,,5623000,,‧價單第7號下的支付條款(C) Terms of Payment (C) under Price List No.7 ‧見備註/See Remarks 7 (c)(i)(azn) ‧見備註/See Remarks 7 (c)(ii)(ar) ‧見備註/See Remarks 7 (c)(ii)(azk) ‧見備註/See Remarks 7 (c)(ii)(azl) ‧見備註/See Remarks 7 (c)(iii)(y) ‧見備註/See Remarks 7 (c)(iii)(zc) ‧價單第7號下的支付條款(A) Terms of Payment (A) under Price List No.7 ‧見備註/See Remarks 7 (c)(i)(azh) ‧見備註/See Remarks 7 (c)(ii)(ao) ‧見備註/See Remarks 7 (c)(ii)(azk) ‧見備註/See Remarks 7 (c)(iii)(y) ‧見備註/See Remarks 7 (c)(iii)(zc) (在 03-01-2025修訂) (revised on 03-01-2025),
2024-10-19,2024-10-25,,第 2 座 Tower 2,33,B1,,5639000,,‧價單第7號下的支付條款(C) Terms of Payment (C) under Price List No.7 ‧見備註/See Remarks 7 (c)(i)(azn) ‧見備註/See Remarks 7 (c)(ii)(ar) ‧見備註/See Remarks 7 (c)(ii)(azk) ‧見備註/See Remarks 7 (c)(ii)(azl) ‧見備註/See Remarks 7 (c)(iii)(y) ‧見備註/See Remarks 7 (c)(iii)(zc) ‧價單第7號下的支付條款(A) Terms of Payment (A) under Price List No.7 ‧見備註/See Remarks 7 (c)(i)(azh) ‧見備註/See Remarks 7 (c)(ii)(ao) ‧見備註/See Remarks 7 (c)(ii)(azk) ‧見備註/See Remarks 7 (c)(iii)(y) ‧見備註/See Remarks 7 (c)(iii)(zc) (在 11-12-2024修訂) (revised on 11-12-2024),
2024-10-19,2024-10-25,,第 2 座 Tower 2,26,D6,,5460000,,‧價單第5ZZT號下的支付條款(A) Terms of Payment (A) under Price List No.5ZZT ‧見備註/See Remarks 7 (c)(i)(azh) ‧見備註/See Remarks 7 (c)(ii)(ao) ‧見備註/See Remarks 7 (c)(ii)(azk) ‧見備註/See Remarks 7 (c)(iii)(z) ‧見備註/See Remarks 7 (c)(iii)(zc),
2024-10-19,2024-10-25,,第 2 座 Tower 2,27,D6,,5471000,,‧價單第5ZZT號下的支付條款(A) Terms of Payment (A) under Price List No.5ZZT ‧見備註/See Remarks 7 (c)(i)(azh) ‧見備註/See Remarks 7 (c)(ii)(ao) ‧見備註/See Remarks 7 (c)(ii)(azk) ‧見備註/See Remarks 7 (c)(iii)(z) ‧見備註/See Remarks 7 (c)(iii)(zc),
2024-10-20,2024-10-25,,第 2 座 Tower 2,31,B2,,5495000,,‧價單第7號下的支付條款(A) Terms of Payment (A) under Price List No.7 ‧見備註/See Remarks 7 (c)(i)(azh) ‧見備註/See Remarks 7 (c)(ii)(ao) ‧見備註/See Remarks 7 (c)(ii)(azk) ‧見備註/See Remarks 7 (c)(iii)(y) ‧見備註/See Remarks 7 (c)(iii)(zc),
2024-10-20,,,第 2 座 Tower 2,32,B1,,5636000,,‧價單第7號下的支付條款(A) Terms of Payment (A) under Price List No.7 ‧見備註/See Remarks 7 (c)(i)(azh) ‧見備註/See Remarks 7 (c)(ii)(ao) ‧見備註/See Remarks 7 (c)(ii)(azk) ‧見備註/See Remarks 7 (c)(iii)(y) ‧見備註/See Remarks 7 (c)(iii)(zc),
2024-10-20,2024-10-25,,第 2 座 Tower 2,32,B2,,5498000,,‧價單第7號下的支付條款(A) Terms of Payment (A) under Price List No.7 ‧見備註/See Remarks 7 (c)(i)(azh) ‧見備註/See Remarks 7 (c)(ii)(ao) ‧見備註/See Remarks 7 (c)(ii)(azk) ‧見備註/See Remarks 7 (c)(iii)(y) ‧見備註/See Remarks 7 (c)(iii)(zc),
2024-10-20,2024-10-25,,第 2 座 Tower 2,33,B2,,5501000,,‧價單第7號下的支付條款(C) Terms of Payment (C) under Price List No.7 ‧見備註/See Remarks 7 (c)(i)(azn) ‧見備註/See Remarks 7 (c)(ii)(ar) ‧見備註/See Remarks 7 (c)(ii)(azk) ‧見備註/See Remarks 7 (c)(ii)(azl) ‧見備註/See Remarks 7 (c)(iii)(y) ‧見備註/See Remarks 7 (c)(iii)(zc) ‧價單第7號下的支付條款(A) Terms of Payment (A) under Price List No.7 ‧見備註/See Remarks 7 (c)(i)(azh) ‧見備註/See Remarks 7 (c)(ii)(ao) ‧見備註/See Remarks 7 (c)(ii)(azk) ‧見備註/See Remarks 7 (c)(iii)(y) ‧見備註/See Remarks 7 (c)(iii)(zc) (在 11-12-2024修訂) (revised on 11-12-2024),
2024-10-20,2024-10-25,,第 2 座 Tower 2,35,B2,,5503000,,‧價單第7號下的支付條款(C) Terms of Payment (C) under Price List No.7 ‧見備註/See Remarks 7 (c)(i)(azn) ‧見備註/See Remarks 7 (c)(ii)(ar) ‧見備註/See Remarks 7 (c)(ii)(azk) ‧見備註/See Remarks 7 (c)(ii)(azl) ‧見備註/See Remarks 7 (c)(iii)(y) ‧見備註/See Remarks 7 (c)(iii)(zc),
2024-10-20,2024-10-25,,第 2 座 Tower 2,36,B2,,5507000,,‧價單第7號下的支付條款(A) Terms of Payment (A) under Price List No.7 ‧見備註/See Remarks 7 (c)(i)(azh) ‧見備註/See Remarks 7 (c)(ii)(ao) ‧見備註/See Remarks 7 (c)(ii)(azk) ‧見備註/See Remarks 7 (c)(iii)(y) ‧見備註/See Remarks 7 (c)(iii)(zc),
2024-10-20,2024-10-25,,第 2 座 Tower 2,37,C11,,5709000,,‧價單第6I號下的支付條款(A) Terms of Payment (A) under Price List No.6I ‧見備註/See Remarks 7 (c)(i)(azh) ‧見備註/See Remarks 7 (c)(ii)(ao) ‧見備註/See Remarks 7 (c)(ii)(azk) ‧見備註/See Remarks 7 (c)(iii)(y) ‧見備註/See Remarks 7 (c)(iii)(zc),
2024-10-20,2024-10-25,,第 2 座 Tower 2,20,D8,,5536000,,‧價單第3ZZZ號下的支付條款(A) Terms of Payment (A) under Price List No.3ZZZ ‧見備註/See Remarks 7 (c)(i)(azh) ‧見備註/See Remarks 7 (c)(ii)(ao) ‧見備註/See Remarks 7 (c)(ii)(azk) ‧見備註/See Remarks 7 (c)(iii)(z) ‧見備註/See Remarks 7 (c)(iii)(zc),
2024-10-20,2024-10-25,,第 2 座 Tower 2,21,D8,,5587000,,‧價單第3ZZZ號下的支付條款(A) Terms of Payment (A) under Price List No.3ZZZ ‧見備註/See Remarks 7 (c)(i)(azh) ‧見備註/See Remarks 7 (c)(ii)(ao) ‧見備註/See Remarks 7 (c)(ii)(azk) ‧見備註/See Remarks 7 (c)(iii)(z) ‧見備註/See Remarks 7 (c)(iii)(zc),
2024-10-20,2024-10-25,,第 2 座 Tower 2,29,D6,,5493000,,‧價單第5ZZT號下的支付條款(A) Terms of Payment (A) under Price List No.5ZZT ‧見備註/See Remarks 7 (c)(i)(azh) ‧見備註/See Remarks 7 (c)(ii)(ao) ‧見備註/See Remarks 7 (c)(ii)(azk) ‧見備註/See Remarks 7 (c)(iii)(z) ‧見備註/See Remarks 7 (c)(iii)(zc),
2024-10-20,2024-10-25,,第 2 座 Tower 2,31,D6,,5514000,,‧價單第5ZZT號下的支付條款(A) Terms of Payment (A) under Price List No.5ZZT ‧見備註/See Remarks 7 (c)(i)(azh) ‧見備註/See Remarks 7 (c)(ii)(ao) ‧見備註/See Remarks 7 (c)(ii)(azk) ‧見備註/See Remarks 7 (c)(iii)(z) ‧見備註/See Remarks 7 (c)(iii)(zc),
2024-10-20,2024-10-25,,第 2 座 Tower 2,37,D9,,8081000,,‧價單第6I號下的支付條款(A) Terms of Payment (A) under Price List No.6I ‧見備註/See Remarks 7 (c)(i)(azh) ‧見備註/See Remarks 7 (c)(ii)(ao) ‧見備註/See Remarks 7 (c)(ii)(azk) ‧見備註/See Remarks 7 (c)(iii)(za) ‧見備註/See Remarks 7 (c)(iii)(zc),
2024-10-21,2024-10-28,,第 2 座 Tower 2,30,B2,,5492000,,‧價單第7A號下的支付條款(A) Terms of Payment (A) under Price List No.7A ‧見備註/See Remarks 7 (c)(i)(azh) ‧見備註/See Remarks 7 (c)(ii)(ao) ‧見備註/See Remarks 7 (c)(ii)(azn) ‧見備註/See Remarks 7 (c)(iii)(y) ‧見備註/See Remarks 7 (c)(iii)(zc),
2024-10-21,2024-10-28,,第 2 座 Tower 2,30,D6,,5503000,,‧價單第5ZZU號下的支付條款(A) Terms of Payment (A) under Price List No.5ZZU ‧見備註/See Remarks 7 (c)(i)(azh) ‧見備註/See Remarks 7 (c)(ii)(ao) ‧見備註/See Remarks 7 (c)(ii)(azn) ‧見備註/See Remarks 7 (c)(iii)(z) ‧見備註/See Remarks 7 (c)(iii)(zc),
2024-10-22,2024-10-29,,第 2 座 Tower 2,29,B2,,5490000,,‧價單第7A號下的支付條款(A) Terms of Payment (A) under Price List No.7A ‧見備註/See Remarks 7 (c)(i)(azh) ‧見備註/See Remarks 7 (c)(ii)(ao) ‧見備註/See Remarks 7 (c)(ii)(azn) ‧見備註/See Remarks 7 (c)(iii)(y) ‧見備註/See Remarks 7 (c)(iii)(zc),
2024-10-23,2024-10-30,,第 1 座 Tower 1,32,B9,,5844000,,‧價單第6J號下的支付條款(A) Terms of Payment (A) under Price List No.6J ‧見備註/See Remarks 7 (c)(i)(azh) ‧見備註/See Remarks 7 (c)(ii)(ao) ‧見備註/See Remarks 7 (c)(ii)(azn) ‧見備註/See Remarks 7 (c)(iii)(y) ‧見備註/See Remarks 7 (c)(iii)(zc),
2024-10-23,2024-10-30,,第 1 座 Tower 1,33,B9,,5847000,,‧價單第6J號下的支付條款(A) Terms of Payment (A) under Price List No.6J ‧見備註/See Remarks 7 (c)(i)(azh) ‧見備註/See Remarks 7 (c)(ii)(ao) ‧見備註/See Remarks 7 (c)(ii)(azn) ‧見備註/See Remarks 7 (c)(iii)(y) ‧見備註/See Remarks 7 (c)(iii)(zc),
2024-10-24,2024-10-31,,第 1 座 Tower 1,30,B9,,5837000,,‧價單第6J號下的支付條款(A) Terms of Payment (A) under Price List No.6J ‧見備註/See Remarks 7 (c)(i)(azh) ‧見備註/See Remarks 7 (c)(ii)(ao) ‧見備註/See Remarks 7 (c)(ii)(azn) ‧見備註/See Remarks 7 (c)(iii)(y) ‧見備註/See Remarks 7 (c)(iii)(zc),
2024-10-24,2024-10-31,,第 2 座 Tower 2,37,B3,,5543000,,‧價單第6J號下的支付條款(A) Terms of Payment (A) under Price List No.6J ‧見備註/See Remarks 7 (c)(i)(azh) ‧見備註/See Remarks 7 (c)(ii)(ao) ‧見備註/See Remarks 7 (c)(ii)(azn) ‧見備註/See Remarks 7 (c)(iii)(y) ‧見備註/See Remarks 7 (c)(iii)(zc),
2024-10-24,2024-10-30,,第 2 座 Tower 2,33,D9,,8056000,,‧價單第6J號下的支付條款(A) Terms of Payment (A) under Price List No.6J ‧見備註/See Remarks 7 (c)(i)(azh) ‧見備註/See Remarks 7 (c)(ii)(ao) ‧見備註/See Remarks 7 (c)(ii)(azn) ‧見備註/See Remarks 7 (c)(iii)(za) ‧見備註/See Remarks 7 (c)(iii)(zc),
2024-10-25,2024-11-01,,第 2 座 Tower 2,27,B2,,5485000,,‧價單第7A號下的支付條款(C) Terms of Payment (C) under Price List No.7A ‧見備註/See Remarks 7 (c)(i)(azo) ‧見備註/See Remarks 7 (c)(ii)(ar) ‧見備註/See Remarks 7 (c)(ii)(azm) ‧見備註/See Remarks 7 (c)(ii)(azn) ‧見備註/See Remarks 7 (c)(iii)(y) ‧見備註/See Remarks 7 (c)(iii)(zc) ‧價單第7A號下的支付條款(A) Terms of Payment (A) under Price List No.7A ‧見備註/See Remarks 7 (c)(i)(azh) ‧見備註/See Remarks 7 (c)(ii)(ao) ‧見備註/See Remarks 7 (c)(ii)(azn) ‧見備註/See Remarks 7 (c)(iii)(y) ‧見備註/See Remarks 7 (c)(iii)(zc) (在 10-01-2025修訂) (revised on 10-01-2025),
2024-10-25,2024-11-01,,第 2 座 Tower 2,22,D8,,5620000,,‧價單第3ZZZA號下的支付條款(A) Terms of Payment (A) under Price List No.3ZZZA ‧見備註/See Remarks 7 (c)(i)(azh) ‧見備註/See Remarks 7 (c)(ii)(ao) ‧見備註/See Remarks 7 (c)(ii)(azn) ‧見備註/See Remarks 7 (c)(iii)(z) ‧見備註/See Remarks 7 (c)(iii)(zc),
2024-10-25,2024-11-01,,第 2 座 Tower 2,35,D9,,8064000,,‧價單第6J號下的支付條款(A) Terms of Payment (A) under Price List No.6J ‧見備註/See Remarks 7 (c)(i)(azh) ‧見備註/See Remarks 7 (c)(ii)(ao) ‧見備註/See Remarks 7 (c)(ii)(azn) ‧見備註/See Remarks 7 (c)(iii)(za) ‧見備註/See Remarks 7 (c)(iii)(zc),
2024-10-26,2024-11-01,,第 1 座 Tower 1,23,B9,,5691000,,‧價單第6J號下的支付條款(A) Terms of Payment (A) under Price List No.6J ‧見備註/See Remarks 7 (c)(i)(azh) ‧見備註/See Remarks 7 (c)(ii)(ao) ‧見備註/See Remarks 7 (c)(ii)(azn) ‧見備註/See Remarks 7 (c)(iii)(y) ‧見備註/See Remarks 7 (c)(iii)(zc),
2024-10-26,2024-11-01,,第 2 座 Tower 2,23,D8,,5632000,,‧價單第5ZZU號下的支付條款(A) Terms of Payment (A) under Price List No.5ZZU ‧見備註/See Remarks 7 (c)(i)(azh) ‧見備註/See Remarks 7 (c)(ii)(ao) ‧見備註/See Remarks 7 (c)(ii)(azn) ‧見備註/See Remarks 7 (c)(iii)(z) ‧見備註/See Remarks 7 (c)(iii)(zc),
2024-10-27,2024-11-01,,第 2 座 Tower 2,32,B1,,5636000,,‧價單第7A號下的支付條款(A) Terms of Payment (A) under Price List No.7A ‧見備註/See Remarks 7 (c)(i)(azh) ‧見備註/See Remarks 7 (c)(ii)(ao) ‧見備註/See Remarks 7 (c)(ii)(azn) ‧見備註/See Remarks 7 (c)(iii)(y) ‧見備註/See Remarks 7 (c)(iii)(zc),
2024-10-27,2024-11-01,,第 2 座 Tower 2,38,B2,,5512000,,‧價單第7A號下的支付條款(A) Terms of Payment (A) under Price List No.7A ‧見備註/See Remarks 7 (c)(i)(azh) ‧見備註/See Remarks 7 (c)(ii)(ao) ‧見備註/See Remarks 7 (c)(ii)(azn) ‧見備註/See Remarks 7 (c)(iii)(y) ‧見備註/See Remarks 7 (c)(iii)(zc),
2024-10-27,2024-11-01,,第 2 座 Tower 2,33,D3,,5498000,,‧價單第7A號下的支付條款(A) Terms of Payment (A) under Price List No.7A ‧見備註/See Remarks 7 (c)(i)(azh) ‧見備註/See Remarks 7 (c)(ii)(ao) ‧見備註/See Remarks 7 (c)(ii)(azn) ‧見備註/See Remarks 7 (c)(iii)(z) ‧見備註/See Remarks 7 (c)(iii)(zc),
2024-10-27,2024-11-01,,第 2 座 Tower 2,35,D2,,5401000,,‧價單第7A號下的支付條款(A) Terms of Payment (A) under Price List No.7A ‧見備註/See Remarks 7 (c)(i)(azh) ‧見備註/See Remarks 7 (c)(ii)(ao) ‧見備註/See Remarks 7 (c)(ii)(azn) ‧見備註/See Remarks 7 (c)(iii)(z) ‧見備註/See Remarks 7 (c)(iii)(zc),
2024-10-27,2024-11-01,,第 2 座 Tower 2,36,D2,,5413000,,‧價單第7A號下的支付條款(A) Terms of Payment (A) under Price List No.7A ‧見備註/See Remarks 7 (c)(i)(azh) ‧見備註/See Remarks 7 (c)(ii)(ao) ‧見備註/See Remarks 7 (c)(ii)(azn) ‧見備註/See Remarks 7 (c)(iii)(z) ‧見備註/See Remarks 7 (c)(iii)(zc),
2024-10-27,2024-11-01,,第 2 座 Tower 2,37,D2,,5423000,,‧價單第6J號下的支付條款(A) Terms of Payment (A) under Price List No.6J ‧見備註/See Remarks 7 (c)(i)(azh) ‧見備註/See Remarks 7 (c)(ii)(ao) ‧見備註/See Remarks 7 (c)(ii)(azn) ‧見備註/See Remarks 7 (c)(iii)(z) ‧見備註/See Remarks 7 (c)(iii)(zc),
2024-10-27,2024-11-01,,第 2 座 Tower 2,38,D2,,5434000,,‧價單第7A號下的支付條款(A) Terms of Payment (A) under Price List No.7A ‧見備註/See Remarks 7 (c)(i)(azh) ‧見備註/See Remarks 7 (c)(ii)(ao) ‧見備註/See Remarks 7 (c)(ii)(azn) ‧見備註/See Remarks 7 (c)(iii)(z) ‧見備註/See Remarks 7 (c)(iii)(zc),
2024-10-29,2024-11-05,,第 1 座 Tower 1,29,A2,,6050000,,‧價單第3ZZZB號下的支付條款(C) Terms of Payment (C) under Price List No.3ZZZB ‧見備註/See Remarks 7 (c)(i)(azo) ‧見備註/See Remarks 7 (c)(ii)(ar) ‧見備註/See Remarks 7 (c)(ii)(azm) ‧見備註/See Remarks 7 (c)(ii)(azn) ‧見備註/See Remarks 7 (c)(iii)(x) ‧見備註/See Remarks 7 (c)(iii)(zc) ‧價單第3ZZZB號下的支付條款(A) Terms of Payment (A) under Price List No.3ZZZB ‧見備註/See Remarks 7 (c)(i)(azh) ‧見備註/See Remarks 7 (c)(ii)(ao) ‧見備註/See Remarks 7 (c)(ii)(azn) ‧見備註/See Remarks 7 (c)(iii)(x) ‧見備註/See Remarks 7 (c)(iii)(zc) (在 06-01-2025修訂) (revised on 06-01-2025),
2024-10-29,2024-11-05,,第 2 座 Tower 2,28,B2,,5487000,,‧價單第7B號下的支付條款(A) Terms of Payment (A) under Price List No.7B ‧見備註/See Remarks 7 (c)(i)(azh) ‧見備註/See Remarks 7 (c)(ii)(ao) ‧見備註/See Remarks 7 (c)(ii)(azn) ‧見備註/See Remarks 7 (c)(iii)(y) ‧見備註/See Remarks 7 (c)(iii)(zc),
2024-10-30,2024-11-06,,第 1 座 Tower 1,38,B1,,5408000,,‧價單第6K號下的支付條款(C) Terms of Payment (C) under Price List No.6K ‧見備註/See Remarks 7 (c)(i)(azo) ‧見備註/See Remarks 7 (c)(ii)(ar) ‧見備註/See Remarks 7 (c)(ii)(azm) ‧見備註/See Remarks 7 (c)(ii)(azn) ‧見備註/See Remarks 7 (c)(iii)(x) ‧見備註/See Remarks 7 (c)(iii)(zc),
2024-10-30,2024-11-06,,第 2 座 Tower 2,35,B3,,5538000,,‧價單第7B號下的支付條款(A) Terms of Payment (A) under Price List No.7B ‧見備註/See Remarks 7 (c)(i)(azh) ‧見備註/See Remarks 7 (c)(ii)(ao) ‧見備註/See Remarks 7 (c)(ii)(azn) ‧見備註/See Remarks 7 (c)(iii)(y) ‧見備註/See Remarks 7 (c)(iii)(zc),
2024-10-30,2024-11-06,,第 2 座 Tower 2,36,B3,,5541000,,‧價單第7B號下的支付條款(A) Terms of Payment (A) under Price List No.7B ‧見備註/See Remarks 7 (c)(i)(azh) ‧見備註/See Remarks 7 (c)(ii)(ao) ‧見備註/See Remarks 7 (c)(ii)(azn) ‧見備註/See Remarks 7 (c)(iii)(y) ‧見備註/See Remarks 7 (c)(iii)(zc),
2024-10-30,2024-11-06,,第 2 座 Tower 2,36,D9,,8072000,,‧價單第6K號下的支付條款(A) Terms of Payment (A) under Price List No.6K ‧見備註/See Remarks 7 (c)(i)(azh) ‧見備註/See Remarks 7 (c)(ii)(ao) ‧見備註/See Remarks 7 (c)(ii)(azn) ‧見備註/See Remarks 7 (c)(iii)(za) ‧見備註/See Remarks 7 (c)(iii)(zc),
2024-10-31,2024-11-07,,第 2 座 Tower 2,23,B2,,5476000,,‧價單第7B號下的支付條款(A) Terms of Payment (A) under Price List No.7B ‧見備註/See Remarks 7 (c)(i)(azh) ‧見備註/See Remarks 7 (c)(ii)(ao) ‧見備註/See Remarks 7 (c)(ii)(azn) ‧見備註/See Remarks 7 (c)(iii)(y) ‧見備註/See Remarks 7 (c)(iii)(zc),
2024-10-31,2024-11-07,,第 2 座 Tower 2,26,B2,,5482000,,‧價單第7B號下的支付條款(A) Terms of Payment (A) under Price List No.7B ‧見備註/See Remarks 7 (c)(i)(azh) ‧見備註/See Remarks 7 (c)(ii)(ao) ‧見備註/See Remarks 7 (c)(ii)(azn) ‧見備註/See Remarks 7 (c)(iii)(y) ‧見備註/See Remarks 7 (c)(iii)(zc),
2024-11-01,,,第 2 座 Tower 2,32,B3,,5532000,,‧價單第7C號下的支付條款(A) Terms of Payment (A) under Price List No.7C ‧見備註/See Remarks 7 (c)(i)(azh) ‧見備註/See Remarks 7 (c)(ii)(ao) ‧見備註/See Remarks 7 (c)(ii)(azn) ‧見備註/See Remarks 7 (c)(iii)(y) ‧見備註/See Remarks 7 (c)(iii)(zc),
2024-11-02,2024-11-08,,第 2 座 Tower 2,30,B3,,5526000,,‧價單第7C號下的支付條款(A) Terms of Payment (A) under Price List No.7C ‧見備註/See Remarks 7 (c)(i)(azh) ‧見備註/See Remarks 7 (c)(ii)(ao) ‧見備註/See Remarks 7 (c)(ii)(azn) ‧見備註/See Remarks 7 (c)(iii)(y) ‧見備註/See Remarks 7 (c)(iii)(zc),
2024-11-02,2024-11-08,,第 2 座 Tower 2,33,B3,,5536000,,‧價單第7C號下的支付條款(A) Terms of Payment (A) under Price List No.7C ‧見備註/See Remarks 7 (c)(i)(azh) ‧見備註/See Remarks 7 (c)(ii)(ao) ‧見備註/See Remarks 7 (c)(ii)(azn) ‧見備註/See Remarks 7 (c)(iii)(y) ‧見備註/See Remarks 7 (c)(iii)(zc),
2024-11-02,2024-11-08,,第 2 座 Tower 2,37,B2,,5652000,,‧價單第6L號下的支付條款(A) Terms of Payment (A) under Price List No.6L ‧見備註/See Remarks 7 (c)(i)(azh) ‧見備註/See Remarks 7 (c)(ii)(ao) ‧見備註/See Remarks 7 (c)(ii)(azn) ‧見備註/See Remarks 7 (c)(iii)(z) ‧見備註/See Remarks 7 (c)(iii)(zc),
2024-11-03,2024-11-08,,第 2 座 Tower 2,31,B3,,5529000,,‧價單第7C號下的支付條款(A) Terms of Payment (A) under Price List No.7C ‧見備註/See Remarks 7 (c)(i)(azh) ‧見備註/See Remarks 7 (c)(ii)(ao) ‧見備註/See Remarks 7 (c)(ii)(azn) ‧見備註/See Remarks 7 (c)(iii)(y) ‧見備註/See Remarks 7 (c)(iii)(zc),
2024-11-03,2024-11-08,,第 2 座 Tower 2,38,B1,,5650000,,‧價單第7C號下的支付條款(A) Terms of Payment (A) under Price List No.7C ‧見備註/See Remarks 7 (c)(i)(azh) ‧見備註/See Remarks 7 (c)(ii)(ao) ‧見備註/See Remarks 7 (c)(ii)(azn) ‧見備註/See Remarks 7 (c)(iii)(y) ‧見備註/See Remarks 7 (c)(iii)(zc),
2024-11-04,2024-11-11,,第 1 座 Tower 1,30,A2,,6063000,,‧價單第5ZZW號下的支付條款(A) Terms of Payment (A) under Price List No.5ZZW ‧見備註/See Remarks 7 (c)(i)(azh) ‧見備註/See Remarks 7 (c)(ii)(ao) ‧見備註/See Remarks 7 (c)(ii)(azn) ‧見備註/See Remarks 7 (c)(iii)(x) ‧見備註/See Remarks 7 (c)(iii)(zc),
2024-11-04,2024-11-11,,第 2 座 Tower 2,28,B3,,5523000,,‧價單第7C號下的支付條款(A) Terms of Payment (A) under Price List No.7C ‧見備註/See Remarks 7 (c)(i)(azh) ‧見備註/See Remarks 7 (c)(ii)(ao) ‧見備註/See Remarks 7 (c)(ii)(azn) ‧見備註/See Remarks 7 (c)(iii)(y) ‧見備註/See Remarks 7 (c)(iii)(zc),
2024-11-04,2024-11-11,,第 2 座 Tower 2,29,B3,,5525000,,‧價單第7C號下的支付條款(A) Terms of Payment (A) under Price List No.7C ‧見備註/See Remarks 7 (c)(i)(azh) ‧見備註/See Remarks 7 (c)(ii)(ao) ‧見備註/See Remarks 7 (c)(ii)(azn) ‧見備註/See Remarks 7 (c)(iii)(y) ‧見備註/See Remarks 7 (c)(iii)(zc),
2024-11-04,2024-11-11,,第 2 座 Tower 2,35,D3,,5508000,,‧價單第7C號下的支付條款(A) Terms of Payment (A) under Price List No.7C ‧見備註/See Remarks 7 (c)(i)(azh) ‧見備註/See Remarks 7 (c)(ii)(ao) ‧見備註/See Remarks 7 (c)(ii)(azn) ‧見備註/See Remarks 7 (c)(iii)(z) ‧見備註/See Remarks 7 (c)(iii)(zc),
2024-11-06,2024-11-13,,第 2 座 Tower 2,27,B3,,5522000,,‧價單第7E號下的支付條款(A) Terms of Payment (A) under Price List No.7E ‧見備註/See Remarks 7 (c)(i)(azh) ‧見備註/See Remarks 7 (c)(ii)(ao) ‧見備註/See Remarks 7 (c)(ii)(azp)(2) ‧見備註/See Remarks 7 (c)(iii)(y),
2024-11-07,2024-11-14,,第 2 座 Tower 2,23,B3,,5517000,,‧價單第7E號下的支付條款(A) Terms of Payment (A) under Price List No.7E ‧見備註/See Remarks 7 (c)(i)(azh) ‧見備註/See Remarks 7 (c)(ii)(ao) ‧見備註/See Remarks 7 (c)(ii)(azp)(2) ‧見備註/See Remarks 7 (c)(iii)(y),
2024-11-07,2024-11-14,,第 2 座 Tower 2,26,B3,,5520000,,‧價單第7E號下的支付條款(A) Terms of Payment (A) under Price List No.7E ‧見備註/See Remarks 7 (c)(i)(azh) ‧見備註/See Remarks 7 (c)(ii)(ao) ‧見備註/See Remarks 7 (c)(ii)(azp)(2) ‧見備註/See Remarks 7 (c)(iii)(y),
2024-11-07,2024-11-14,,第 2 座 Tower 2,36,D3,,5520000,,‧價單第7E號下的支付條款(A) Terms of Payment (A) under Price List No.7E ‧見備註/See Remarks 7 (c)(i)(azh) ‧見備註/See Remarks 7 (c)(ii)(ao) ‧見備註/See Remarks 7 (c)(ii)(azp)(2) ‧見備註/See Remarks 7 (c)(iii)(z),
2024-11-07,2024-11-14,,第 2 座 Tower 2,37,D3,,5530000,,‧價單第6N號下的支付條款(A) Terms of Payment (A) under Price List No.6N ‧見備註/See Remarks 7 (c)(i)(azh) ‧見備註/See Remarks 7 (c)(ii)(ao) ‧見備註/See Remarks 7 (c)(ii)(azp)(2) ‧見備註/See Remarks 7 (c)(iii)(z),
2024-11-11,2024-11-18,,第 2 座 Tower 2,23,B1,,5616000,,‧價單第7F號下的支付條款(A) Terms of Payment (A) under Price List No.7F ‧見備註/See Remarks 7 (c)(i)(azh) ‧見備註/See Remarks 7 (c)(ii)(ao) ‧見備註/See Remarks 7 (c)(ii)(azp)(2) ‧見備註/See Remarks 7 (c)(iii)(y),
2024-11-11,2024-11-18,,第 2 座 Tower 2,38,B3,,5546000,,‧價單第7F號下的支付條款(A) Terms of Payment (A) under Price List No.7F ‧見備註/See Remarks 7 (c)(i)(azh) ‧見備註/See Remarks 7 (c)(ii)(ao) ‧見備註/See Remarks 7 (c)(ii)(azp)(2) ‧見備註/See Remarks 7 (c)(iii)(y),
2024-11-13,2024-11-20,,第 2 座 Tower 2,32,B3,,5532000,,‧價單第7F號下的支付條款(A) Terms of Payment (A) under Price List No.7F ‧見備註/See Remarks 7 (c)(i)(azh) ‧見備註/See Remarks 7 (c)(ii)(ao) ‧見備註/See Remarks 7 (c)(ii)(azp)(2) ‧見備註/See Remarks 7 (c)(iii)(y),
2024-11-13,2024-11-20,,第 2 座 Tower 2,32,B5,,5733000,,‧價單第7F號下的支付條款(A) Terms of Payment (A) under Price List No.7F ‧見備註/See Remarks 7 (c)(i)(azh) ‧見備註/See Remarks 7 (c)(ii)(ao) ‧見備註/See Remarks 7 (c)(ii)(azp)(2) ‧見備註/See Remarks 7 (c)(iii)(z),
2024-11-13,2024-11-20,,第 2 座 Tower 2,33,B5,,5735000,,‧價單第7F號下的支付條款(A) Terms of Payment (A) under Price List No.7F ‧見備註/See Remarks 7 (c)(i)(azh) ‧見備註/See Remarks 7 (c)(ii)(ao) ‧見備註/See Remarks 7 (c)(ii)(azp)(2) ‧見備註/See Remarks 7 (c)(iii)(z),
2024-11-13,2024-11-20,,第 2 座 Tower 2,33,B6,,5825000,,‧價單第7F號下的支付條款(A) Terms of Payment (A) under Price List No.7F ‧見備註/See Remarks 7 (c)(i)(azh) ‧見備註/See Remarks 7 (c)(ii)(ao) ‧見備註/See Remarks 7 (c)(ii)(azp)(2) ‧見備註/See Remarks 7 (c)(iii)(z),
2024-11-14,2024-11-21,,第 2 座 Tower 2,33,D5,,5647000,,‧價單第7F號下的支付條款(A) Terms of Payment (A) under Price List No.7F ‧見備註/See Remarks 7 (c)(i)(azh) ‧見備註/See Remarks 7 (c)(ii)(ao) ‧見備註/See Remarks 7 (c)(ii)(azp)(2) ‧見備註/See Remarks 7 (c)(iii)(za),
2024-11-17,2024-11-22,,第 2 座 Tower 2,23,B5,,5716000,,‧價單第7F號下的支付條款(A) Terms of Payment (A) under Price List No.7F ‧見備註/See Remarks 7 (c)(i)(azh) ‧見備註/See Remarks 7 (c)(ii)(ao) ‧見備註/See Remarks 7 (c)(ii)(azp)(2) ‧見備註/See Remarks 7 (c)(iii)(z),
2024-11-17,2024-11-22,,第 2 座 Tower 2,37,B5,,5744000,,‧價單第6P號下的支付條款(A) Terms of Payment (A) under Price List No.6P ‧見備註/See Remarks 7 (c)(i)(azh) ‧見備註/See Remarks 7 (c)(ii)(ao) ‧見備註/See Remarks 7 (c)(ii)(azp)(2) ‧見備註/See Remarks 7 (c)(iii)(z),
2024-11-18,2024-11-25,,第 2 座 Tower 2,36,B5,,5741000,,‧價單第7F號下的支付條款(A) Terms of Payment (A) under Price List No.7F ‧見備註/See Remarks 7 (c)(i)(azh) ‧見備註/See Remarks 7 (c)(ii)(ao) ‧見備註/See Remarks 7 (c)(ii)(azp)(2) ‧見備註/See Remarks 7 (c)(iii)(z),
2024-11-21,2024-11-28,,第 2 座 Tower 2,38,D1,,5539000,,‧價單第7F號下的支付條款(A) Terms of Payment (A) under Price List No.7F ‧見備註/See Remarks 7 (c)(i)(azh) ‧見備註/See Remarks 7 (c)(ii)(ao) ‧見備註/See Remarks 7 (c)(ii)(azp)(2) ‧見備註/See Remarks 7 (c)(iii)(z),
2024-11-22,2024-11-29,,第 2 座 Tower 2,36,D1,,5518000,,‧價單第7F號下的支付條款(A) Terms of Payment (A) under Price List No.7F ‧見備註/See Remarks 7 (c)(i)(azh) ‧見備註/See Remarks 7 (c)(ii)(ao) ‧見備註/See Remarks 7 (c)(ii)(azp)(2) ‧見備註/See Remarks 7 (c)(iii)(z),
2024-11-25,2024-12-02,,第 2 座 Tower 2,26,B5,,5864000,,‧價單第7F號下的支付條款(A) Terms of Payment (A) under Price List No.7F ‧見備註/See Remarks 7 (c)(i)(azh) ‧見備註/See Remarks 7 (c)(ii)(ao) ‧見備註/See Remarks 7 (c)(ii)(azp)(1) ‧見備註/See Remarks 7 (c)(iii)(z),
2024-11-27,2024-12-04,,第 2 座 Tower 2,28,B5,,5722000,,‧價單第7F號下的支付條款(A) Terms of Payment (A) under Price List No.7F ‧見備註/See Remarks 7 (c)(i)(azh) ‧見備註/See Remarks 7 (c)(ii)(ao) ‧見備註/See Remarks 7 (c)(ii)(azp)(2) ‧見備註/See Remarks 7 (c)(iii)(z),
2024-11-29,2024-12-06,,第 2 座 Tower 2,30,B5,,5727000,,‧價單第7F號下的支付條款(A) Terms of Payment (A) under Price List No.7F ‧見備註/See Remarks 7 (c)(i)(azh) ‧見備註/See Remarks 7 (c)(ii)(ao) ‧見備註/See Remarks 7 (c)(ii)(azp)(2) ‧見備註/See Remarks 7 (c)(iii)(z),
2024-11-30,2024-12-06,,第 1 座 Tower 1,33,A1,,5553000,,‧價單第6Q號下的支付條款(A) Terms of Payment (A) under Price List No.6Q ‧見備註/See Remarks 7 (c)(i)(azh) ‧見備註/See Remarks 7 (c)(ii)(ao) ‧見備註/See Remarks 7 (c)(ii)(azp)(2) ‧見備註/See Remarks 7 (c)(iii)(y),
2024-11-30,2024-12-06,,第 2 座 Tower 2,37,A8,,8420000,,‧價單第6Q號下的支付條款(A) Terms of Payment (A) under Price List No.6Q ‧見備註/See Remarks 7 (c)(i)(azh) ‧見備註/See Remarks 7 (c)(ii)(ao) ‧見備註/See Remarks 7 (c)(ii)(azp)(2) ‧見備註/See Remarks 7 (c)(iii)(za),
2024-11-30,2024-12-06,,第 2 座 Tower 2,32,D6,,5666000,,‧價單第7G號下的支付條款(B) Terms of Payment (B) under Price List No.7G ‧見備註/See Remarks 7 (c)(i)(azi) ‧見備註/See Remarks 7 (c)(ii)(an) ‧見備註/See Remarks 7 (c)(ii)(azp)(2) ‧見備註/See Remarks 7 (c)(iii)(za),
2024-11-30,2024-12-06,,第 2 座 Tower 2,36,D5,,5669000,,‧價單第7G號下的支付條款(A) Terms of Payment (A) under Price List No.7G ‧見備註/See Remarks 7 (c)(i)(azh) ‧見備註/See Remarks 7 (c)(ii)(ao) ‧見備註/See Remarks 7 (c)(ii)(azp)(2) ‧見備註/See Remarks 7 (c)(iii)(za),
2024-12-01,2024-12-06,,第 2 座 Tower 2,27,B5,,5720000,,‧價單第7G號下的支付條款(A) Terms of Payment (A) under Price List No.7G ‧見備註/See Remarks 7 (c)(i)(azh) ‧見備註/See Remarks 7 (c)(ii)(ao) ‧見備註/See Remarks 7 (c)(ii)(azp)(2) ‧見備註/See Remarks 7 (c)(iii)(z),
2024-12-01,2024-12-06,,第 2 座 Tower 2,32,B6,,5969000,,‧價單第7G號下的支付條款(A) Terms of Payment (A) under Price List No.7G ‧見備註/See Remarks 7 (c)(i)(azh) ‧見備註/See Remarks 7 (c)(ii)(ao) ‧見備註/See Remarks 7 (c)(ii)(azp)(1) ‧見備註/See Remarks 7 (c)(iii)(z),
2024-12-01,2024-12-06,,第 2 座 Tower 2,35,B5,,5739000,,‧價單第7G號下的支付條款(A) Terms of Payment (A) under Price List No.7G ‧見備註/See Remarks 7 (c)(i)(azh) ‧見備註/See Remarks 7 (c)(ii)(ao) ‧見備註/See Remarks 7 (c)(ii)(azp)(2) ‧見備註/See Remarks 7 (c)(iii)(z),
2024-12-01,2024-12-06,,第 2 座 Tower 2,38,D3,,5541000,,‧價單第7G號下的支付條款(A) Terms of Payment (A) under Price List No.7G ‧見備註/See Remarks 7 (c)(i)(azh) ‧見備註/See Remarks 7 (c)(ii)(ao) ‧見備註/See Remarks 7 (c)(ii)(azp)(2) ‧見備註/See Remarks 7 (c)(iii)(z),
2024-12-02,2024-12-09,,第 2 座 Tower 2,29,B5,,5724000,,‧價單第7G號下的支付條款(A) Terms of Payment (A) under Price List No.7G ‧見備註/See Remarks 7 (c)(i)(azh) ‧見備註/See Remarks 7 (c)(ii)(ao) ‧見備註/See Remarks 7 (c)(ii)(azp)(2) ‧見備註/See Remarks 7 (c)(iii)(z),
2024-12-02,2024-12-09,,第 2 座 Tower 2,31,B5,,5730000,,‧價單第7G號下的支付條款(A) Terms of Payment (A) under Price List No.7G ‧見備註/See Remarks 7 (c)(i)(azh) ‧見備註/See Remarks 7 (c)(ii)(ao) ‧見備註/See Remarks 7 (c)(ii)(azp)(2) ‧見備註/See Remarks 7 (c)(iii)(z),
2024-12-05,2024-12-12,,第 2 座 Tower 2,23,B6,,5798000,,‧價單第7G號下的支付條款(A) Terms of Payment (A) under Price List No.7G ‧見備註/See Remarks 7 (c)(i)(azh) ‧見備註/See Remarks 7 (c)(ii)(ao) ‧見備註/See Remarks 7 (c)(ii)(azp)(2) ‧見備註/See Remarks 7 (c)(iii)(z),
2024-12-06,2024-12-13,,第 2 座 Tower 2,37,B6,,5833000,,‧價單第6Q號下的支付條款(A) Terms of Payment (A) under Price List No.6Q ‧見備註/See Remarks 7 (c)(i)(azh) ‧見備註/See Remarks 7 (c)(ii)(ao) ‧見備註/See Remarks 7 (c)(ii)(azp)(2) ‧見備註/See Remarks 7 (c)(iii)(z),
2024-12-07,2024-12-13,,第 2 座 Tower 2,36,D6,,5699000,,‧價單第7H號下的支付條款(A) Terms of Payment (A) under Price List No.7H ‧見備註/See Remarks 7 (c)(i)(azh) ‧見備註/See Remarks 7 (c)(ii)(ao) ‧見備註/See Remarks 7 (c)(ii)(azp)(2) ‧見備註/See Remarks 7 (c)(iii)(za),
2024-12-09,2024-12-16,,第 1 座 Tower 1,31,A1,,5548000,,‧價單第6R號下的支付條款(A) Terms of Payment (A) under Price List No.6R ‧見備註/See Remarks 7 (c)(i)(azh) ‧見備註/See Remarks 7 (c)(ii)(ao) ‧見備註/See Remarks 7 (c)(ii)(azp)(2) ‧見備註/See Remarks 7 (c)(iii)(y),
2024-12-13,2024-12-20,,第 2 座 Tower 2,27,D7,,5818000,,‧價單第7H號下的支付條款(A) Terms of Payment (A) under Price List No.7H ‧見備註/See Remarks 7 (c)(i)(azh) ‧見備註/See Remarks 7 (c)(ii)(ao) ‧見備註/See Remarks 7 (c)(ii)(azp)(1) ‧見備註/See Remarks 7 (c)(iii)(za),
2024-12-13,2024-12-20,,第 2 座 Tower 2,28,D7,,5831000,,‧價單第7H號下的支付條款(A) Terms of Payment (A) under Price List No.7H ‧見備註/See Remarks 7 (c)(i)(azh) ‧見備註/See Remarks 7 (c)(ii)(ao) ‧見備註/See Remarks 7 (c)(ii)(azp)(1) ‧見備註/See Remarks 7 (c)(iii)(za),
2024-12-13,2024-12-20,,第 2 座 Tower 2,33,D6,,5676000,,‧價單第7H號下的支付條款(A) Terms of Payment (A) under Price List No.7H ‧見備註/See Remarks 7 (c)(i)(azh) ‧見備註/See Remarks 7 (c)(ii)(ao) ‧見備註/See Remarks 7 (c)(ii)(azp)(2) ‧見備註/See Remarks 7 (c)(iii)(za),
2024-12-21,2024-12-31,,第 2 座 Tower 2,26,B6,,5804000,,‧價單第7H號下的支付條款(A) Terms of Payment (A) under Price List No.7H ‧見備註/See Remarks 7 (c)(i)(azh) ‧見備註/See Remarks 7 (c)(ii)(ao) ‧見備註/See Remarks 7 (c)(ii)(azp)(2) ‧見備註/See Remarks 7 (c)(iii)(z),
2024-12-25,2025-01-03,,第 2 座 Tower 2,35,D5,,5659000,,‧價單第7I號下的支付條款(A) Terms of Payment (A) under Price List No.7I ‧見備註/See Remarks 7 (c)(i)(azh) ‧見備註/See Remarks 7 (c)(ii)(ao) ‧見備註/See Remarks 7 (c)(ii)(azp)(2) ‧見備註/See Remarks 7 (c)(iii)(za),
2024-12-28,2025-01-06,,第 2 座 Tower 2,38,B5,,5746000,,‧價單第7I號下的支付條款(A) Terms of Payment (A) under Price List No.7I ‧見備註/See Remarks 7 (c)(i)(azh) ‧見備註/See Remarks 7 (c)(ii)(ao) ‧見備註/See Remarks 7 (c)(ii)(azp)(2) ‧見備註/See Remarks 7 (c)(iii)(z),
2024-12-31,2025-01-08,,第 1 座 Tower 1,32,A2,,6086000,,‧價單第6S號下的支付條款(A) Terms of Payment (A) under Price List No.6S ‧見備註/See Remarks 7 (c)(i)(azh) ‧見備註/See Remarks 7 (c)(ii)(ao) ‧見備註/See Remarks 7 (c)(ii)(azp)(2) ‧見備註/See Remarks 7 (c)(iii)(x),
2025-01-02,2025-01-09,,第 2 座 Tower 2,28,D8,,5964000,,‧價單第7I號下的支付條款(A) Terms of Payment (A) under Price List No.7I ‧見備註/See Remarks 7 (c)(i)(azh) ‧見備註/See Remarks 7 (c)(ii)(ao) ‧見備註/See Remarks 7 (c)(ii)(azp)(1) ‧見備註/See Remarks 7 (c)(iii)(za),
2025-01-03,2025-01-10,,第 1 座 Tower 1,32,A1,,5551000,,‧價單第6S號下的支付條款(A) Terms of Payment (A) under Price List No.6S ‧見備註/See Remarks 7 (c)(i)(azh) ‧見備註/See Remarks 7 (c)(ii)(ao) ‧見備註/See Remarks 7 (c)(ii)(azp)(2) ‧見備註/See Remarks 7 (c)(iii)(y),
2025-01-04,2025-01-10,,第 1 座 Tower 1,35,A1,,5559000,,‧價單第6S號下的支付條款(A) Terms of Payment (A) under Price List No.6S ‧見備註/See Remarks 7 (c)(i)(azh) ‧見備註/See Remarks 7 (c)(ii)(ao) ‧見備註/See Remarks 7 (c)(ii)(azp)(2) ‧見備註/See Remarks 7 (c)(iii)(y),
2025-01-07,2025-01-14,,第 2 座 Tower 2,35,D6,,5689000,,‧價單第7I號下的支付條款(A) Terms of Payment (A) under Price List No.7I ‧見備註/See Remarks 7 (c)(i)(azh) ‧見備註/See Remarks 7 (c)(ii)(ao) ‧見備註/See Remarks 7 (c)(ii)(azp)(2) ‧見備註/See Remarks 7 (c)(iii)(za),
2025-01-07,2025-01-14,,第 2 座 Tower 2,37,D5,,5681000,,‧價單第6S號下的支付條款(A) Terms of Payment (A) under Price List No.6S ‧見備註/See Remarks 7 (c)(i)(azh) ‧見備註/See Remarks 7 (c)(ii)(ao) ‧見備註/See Remarks 7 (c)(ii)(azp)(2) ‧見備註/See Remarks 7 (c)(iii)(za),
2025-01-08,2025-01-15,,第 1 座 Tower 1,36,A1,,5565000,,‧價單第6S號下的支付條款(A) Terms of Payment (A) under Price List No.6S ‧見備註/See Remarks 7 (c)(i)(azh) ‧見備註/See Remarks 7 (c)(ii)(ao) ‧見備註/See Remarks 7 (c)(ii)(azp)(2) ‧見備註/See Remarks 7 (c)(iii)(y),
2025-01-11,2025-01-17,,第 1 座 Tower 1,37,A1,,5570000,,‧價單第6S號下的支付條款(A) Terms of Payment (A) under Price List No.6S ‧見備註/See Remarks 7 (c)(i)(azh) ‧見備註/See Remarks 7 (c)(ii)(ao) ‧見備註/See Remarks 7 (c)(ii)(azp)(2) ‧見備註/See Remarks 7 (c)(iii)(y),
2025-01-11,2025-01-17,,第 2 座 Tower 2,30,D7,,5713000,,‧價單第7I號下的支付條款(A) Terms of Payment (A) under Price List No.7I ‧見備註/See Remarks 7 (c)(i)(azh) ‧見備註/See Remarks 7 (c)(ii)(ao) ‧見備註/See Remarks 7 (c)(ii)(azp)(2) ‧見備註/See Remarks 7 (c)(iii)(za),
2025-01-28,2025-02-07,,第 2 座 Tower 2,37,D6,,5711000,,‧價單第6T號下的支付條款(A) Terms of Payment (A) under Price List No.6T ‧見備註/See Remarks 7 (c)(i)(azh) ‧見備註/See Remarks 7 (c)(ii)(ao) ‧見備註/See Remarks 7 (c)(ii)(azp)(2) ‧見備註/See Remarks 7 (c)(iii)(za),
2025-02-11,2025-02-18,,第 2 座 Tower 2,30,A1,,5450000,,‧價單第7K號下的支付條款(A) Terms of Payment (A) under Price List No.7K ‧見備註/See Remarks 7 (c)(i)(azh) ‧見備註/See Remarks 7 (c)(ii)(ao) ‧見備註/See Remarks 7 (c)(ii)(azp)(2) ‧見備註/See Remarks 7 (c)(iii)(x),
2025-02-11,2025-02-18,,第 2 座 Tower 2,31,A1,,5460000,,‧價單第7K號下的支付條款(C) Terms of Payment (C) under Price List No.7K ‧見備註/See Remarks 7 (c)(i)(azo) ‧見備註/See Remarks 7 (c)(ii)(ar) ‧見備註/See Remarks 7 (c)(ii)(azp)(2) ‧見備註/See Remarks 7 (c)(ii)(azr) ‧見備註/See Remarks 7 (c)(iii)(x),
2025-02-11,2025-02-18,,第 2 座 Tower 2,36,A1,,5504000,,‧價單第7K號下的支付條款(A) Terms of Payment (A) under Price List No.7K ‧見備註/See Remarks 7 (c)(i)(azh) ‧見備註/See Remarks 7 (c)(ii)(ao) ‧見備註/See Remarks 7 (c)(ii)(azp)(2) ‧見備註/See Remarks 7 (c)(iii)(x),
2025-02-11,2025-02-18,,第 2 座 Tower 2,37,A1,,5516000,,‧價單第6U號下的支付條款(A) Terms of Payment (A) under Price List No.6U ‧見備註/See Remarks 7 (c)(i)(azh) ‧見備註/See Remarks 7 (c)(ii)(ao) ‧見備註/See Remarks 7 (c)(ii)(azp)(2) ‧見備註/See Remarks 7 (c)(iii)(x),
2025-02-15,2025-02-21,,第 2 座 Tower 2,30,A2,,5470000,,‧價單第7L號下的支付條款(A) Terms of Payment (A) under Price List No.7L ‧見備註/See Remarks 7 (c)(i)(azh) ‧見備註/See Remarks 7 (c)(ii)(ao) ‧見備註/See Remarks 7 (c)(ii)(azp)(2) ‧見備註/See Remarks 7 (c)(iii)(y),
2025-02-15,2025-02-21,,第 2 座 Tower 2,32,A1,,5471000,,‧價單第7L號下的支付條款(A) Terms of Payment (A) under Price List No.7L ‧見備註/See Remarks 7 (c)(i)(azh) ‧見備註/See Remarks 7 (c)(ii)(ao) ‧見備註/See Remarks 7 (c)(ii)(azp)(2) ‧見備註/See Remarks 7 (c)(iii)(x),
2025-02-15,2025-02-21,,第 2 座 Tower 2,33,A1,,5482000,,‧價單第7L號下的支付條款(A) Terms of Payment (A) under Price List No.7L ‧見備註/See Remarks 7 (c)(i)(azh) ‧見備註/See Remarks 7 (c)(ii)(ao) ‧見備註/See Remarks 7 (c)(ii)(azp)(2) ‧見備註/See Remarks 7 (c)(iii)(x),
2025-02-15,2025-02-21,,第 2 座 Tower 2,35,A2,,5515000,,‧價單第7L號下的支付條款(A) Terms of Payment (A) under Price List No.7L ‧見備註/See Remarks 7 (c)(i)(azh) ‧見備註/See Remarks 7 (c)(ii)(ao) ‧見備註/See Remarks 7 (c)(ii)(azp)(2) ‧見備註/See Remarks 7 (c)(iii)(y),
2025-02-15,2025-02-21,,第 2 座 Tower 2,36,A2,,5525000,,‧價單第7L號下的支付條款(A) Terms of Payment (A) under Price List No.7L ‧見備註/See Remarks 7 (c)(i)(azh) ‧見備註/See Remarks 7 (c)(ii)(ao) ‧見備註/See Remarks 7 (c)(ii)(azp)(2) ‧見備註/See Remarks 7 (c)(iii)(y),
2025-02-16,2025-02-21,,第 2 座 Tower 2,29,A2,,5460000,,‧價單第7L號下的支付條款(A) Terms of Payment (A) under Price List No.7L ‧見備註/See Remarks 7 (c)(i)(azh) ‧見備註/See Remarks 7 (c)(ii)(ao) ‧見備註/See Remarks 7 (c)(ii)(azp)(2) ‧見備註/See Remarks 7 (c)(iii)(y),
2025-02-17,2025-02-21,,第 2 座 Tower 2,31,A2,,5482000,,‧價單第7L號下的支付條款(A) Terms of Payment (A) under Price List No.7L ‧見備註/See Remarks 7 (c)(i)(azh) ‧見備註/See Remarks 7 (c)(ii)(ao) ‧見備註/See Remarks 7 (c)(ii)(azp)(2) ‧見備註/See Remarks 7 (c)(iii)(y),
2025-02-18,2025-02-25,,第 2 座 Tower 2,37,A2,,5536000,,‧價單第6V號下的支付條款(A) Terms of Payment (A) under Price List No.6V ‧見備註/See Remarks 7 (c)(i)(azh) ‧見備註/See Remarks 7 (c)(ii)(ao) ‧見備註/See Remarks 7 (c)(ii)(azp)(2) ‧見備註/See Remarks 7 (c)(iii)(y),
2025-02-19,2025-02-26,,第 2 座 Tower 2,33,A2,,5503000,,‧價單第7L號下的支付條款(A) Terms of Payment (A) under Price List No.7L ‧見備註/See Remarks 7 (c)(i)(azh) ‧見備註/See Remarks 7 (c)(ii)(ao) ‧見備註/See Remarks 7 (c)(ii)(azp)(2) ‧見備註/See Remarks 7 (c)(iii)(y),
2025-02-28,2025-03-07,,第 2 座 Tower 2,37,A3,,5617000,,‧價單第6V號下的支付條款(A) Terms of Payment (A) under Price List No.6V ‧見備註/See Remarks 7 (c)(i)(azh) ‧見備註/See Remarks 7 (c)(ii)(ao) ‧見備註/See Remarks 7 (c)(ii)(azp)(2) ‧見備註/See Remarks 7 (c)(iii)(y),
2025-03-02,2025-03-07,,第 2 座 Tower 2,32,D8,,5867000,,‧價單第7L號下的支付條款(A) Terms of Payment (A) under Price List No.7L ‧見備註/See Remarks 7 (c)(i)(azh) ‧見備註/See Remarks 7 (c)(ii)(ao) ‧見備註/See Remarks 7 (c)(ii)(azp)(2) ‧見備註/See Remarks 7 (c)(iii)(za),
2025-03-03,2025-03-10,,第 2 座 Tower 2,38,A1,,5529000,,‧價單第7L號下的支付條款(C) Terms of Payment (C) under Price List No.7L ‧見備註/See Remarks 7 (c)(i)(azo) ‧見備註/See Remarks 7 (c)(ii)(ar) ‧見備註/See Remarks 7 (c)(ii)(azp)(2) ‧見備註/See Remarks 7 (c)(ii)(azr) ‧見備註/See Remarks 7 (c)(iii)(x) ‧價單第7L號下的支付條款(A) Terms of Payment (A) under Price List No.7L ‧見備註/See Remarks 7 (c)(i)(azh) ‧見備註/See Remarks 7 (c)(ii)(ao) ‧見備註/See Remarks 7 (c)(ii)(azp)(2) ‧見備註/See Remarks 7 (c)(iii)(x) (在 06-05-2025修訂) (revised on 06-05-2025),
2025-03-06,2025-03-13,,第 2 座 Tower 2,29,A3,,5539000,,‧價單第7L號下的支付條款(A) Terms of Payment (A) under Price List No.7L ‧見備註/See Remarks 7 (c)(i)(azh) ‧見備註/See Remarks 7 (c)(ii)(ao) ‧見備註/See Remarks 7 (c)(ii)(azp)(2) ‧見備註/See Remarks 7 (c)(iii)(y),
2025-03-08,2025-03-14,,第 2 座 Tower 2,32,A2,,5492000,,‧價單第7L號下的支付條款(A) Terms of Payment (A) under Price List No.7L ‧見備註/See Remarks 7 (c)(i)(azh) ‧見備註/See Remarks 7 (c)(ii)(ao) ‧見備註/See Remarks 7 (c)(ii)(azp)(2) ‧見備註/See Remarks 7 (c)(iii)(y),
2025-03-09,2025-03-14,,第 2 座 Tower 2,32,A3,,5572000,,‧價單第7L號下的支付條款(A) Terms of Payment (A) under Price List No.7L ‧見備註/See Remarks 7 (c)(i)(azh) ‧見備註/See Remarks 7 (c)(ii)(ao) ‧見備註/See Remarks 7 (c)(ii)(azp)(2) ‧見備註/See Remarks 7 (c)(iii)(y),
2025-03-09,2025-03-14,,第 2 座 Tower 2,36,A5,,5593000,,‧價單第7L號下的支付條款(A) Terms of Payment (A) under Price List No.7L ‧見備註/See Remarks 7 (c)(i)(azh) ‧見備註/See Remarks 7 (c)(ii)(ao) ‧見備註/See Remarks 7 (c)(ii)(azp)(2) ‧見備註/See Remarks 7 (c)(iii)(y),
2025-03-10,2025-03-17,,第 2 座 Tower 2,31,A3,,5562000,,‧價單第7L號下的支付條款(A) Terms of Payment (A) under Price List No.7L ‧見備註/See Remarks 7 (c)(i)(azh) ‧見備註/See Remarks 7 (c)(ii)(ao) ‧見備註/See Remarks 7 (c)(ii)(azp)(2) ‧見備註/See Remarks 7 (c)(iii)(y),
2025-03-11,2025-03-18,,第 2 座 Tower 2,15,C10,,5359000,,‧價單第2ZZZL號下的支付條款(A) Terms of Payment (A) under Price List No.2ZZZL ‧見備註/See Remarks 7 (c)(i)(azh) ‧見備註/See Remarks 7 (c)(ii)(ao) ‧見備註/See Remarks 7 (c)(ii)(azp)(2) ‧見備註/See Remarks 7 (c)(iii)(z),
2025-03-13,2025-03-20,,第 2 座 Tower 2,30,A3,,5550000,,‧價單第7M號下的支付條款(A) Terms of Payment (A) under Price List No.7M ‧見備註/See Remarks 7 (c)(i)(azh) ‧見備註/See Remarks 7 (c)(ii)(ao) ‧見備註/See Remarks 7 (c)(ii)(azp)(2) ‧見備註/See Remarks 7 (c)(iii)(y),
2025-03-15,2025-03-21,,第 1 座 Tower 1,33,A2,,6099000,,‧價單第6W號下的支付條款(A) Terms of Payment (A) under Price List No.6W ‧見備註/See Remarks 7 (c)(i)(azh) ‧見備註/See Remarks 7 (c)(ii)(ao) ‧見備註/See Remarks 7 (c)(ii)(azp)(2) ‧見備註/See Remarks 7 (c)(iii)(x),
2025-03-17,2025-03-24,,第 2 座 Tower 2,35,A1,,5493000,,‧價單第7M號下的支付條款(A) Terms of Payment (A) under Price List No.7M ‧見備註/See Remarks 7 (c)(i)(azh) ‧見備註/See Remarks 7 (c)(ii)(ao) ‧見備註/See Remarks 7 (c)(ii)(azp)(2) ‧見備註/See Remarks 7 (c)(iii)(x),
2025-03-19,2025-03-26,,第 2 座 Tower 2,29,A5,,5526000,,‧價單第7M號下的支付條款(A) Terms of Payment (A) under Price List No.7M ‧見備註/See Remarks 7 (c)(i)(azh) ‧見備註/See Remarks 7 (c)(ii)(ao) ‧見備註/See Remarks 7 (c)(ii)(azp)(2) ‧見備註/See Remarks 7 (c)(iii)(y),
2025-03-19,2025-03-26,,第 2 座 Tower 2,30,A5,,5538000,,‧價單第7M號下的支付條款(A) Terms of Payment (A) under Price List No.7M ‧見備註/See Remarks 7 (c)(i)(azh) ‧見備註/See Remarks 7 (c)(ii)(ao) ‧見備註/See Remarks 7 (c)(ii)(azp)(2) ‧見備註/See Remarks 7 (c)(iii)(y),
2025-03-20,2025-03-27,,第 2 座 Tower 2,1,C11,,5186000,,‧價單第5ZZZG號下的支付條款(A) Terms of Payment (A) under Price List No.5ZZZG ‧見備註/See Remarks 7 (c)(i)(azh) ‧見備註/See Remarks 7 (c)(ii)(ao) ‧見備註/See Remarks 7 (c)(ii)(azp)(2) ‧見備註/See Remarks 7 (c)(iii)(za),
2025-03-21,2025-03-28,,第 2 座 Tower 2,31,A5,,5548000,,‧價單第7M號下的支付條款(A) Terms of Payment (A) under Price List No.7M ‧見備註/See Remarks 7 (c)(i)(azh) ‧見備註/See Remarks 7 (c)(ii)(ao) ‧見備註/See Remarks 7 (c)(ii)(azp)(2) ‧見備註/See Remarks 7 (c)(iii)(y),
2025-03-21,2025-03-28,,第 2 座 Tower 2,36,A3,,5606000,,‧價單第7M號下的支付條款(A) Terms of Payment (A) under Price List No.7M ‧見備註/See Remarks 7 (c)(i)(azh) ‧見備註/See Remarks 7 (c)(ii)(ao) ‧見備註/See Remarks 7 (c)(ii)(azp)(2) ‧見備註/See Remarks 7 (c)(iii)(y),
2025-03-22,2025-03-28,,第 2 座 Tower 2,32,A5,,5559000,,‧價單第7M號下的支付條款(A) Terms of Payment (A) under Price List No.7M ‧見備註/See Remarks 7 (c)(i)(azh) ‧見備註/See Remarks 7 (c)(ii)(ao) ‧見備註/See Remarks 7 (c)(ii)(azp)(2) ‧見備註/See Remarks 7 (c)(iii)(y),
2025-03-23,2025-03-28,,第 2 座 Tower 2,35,A3,,5595000,,‧價單第7M號下的支付條款(A) Terms of Payment (A) under Price List No.7M ‧見備註/See Remarks 7 (c)(i)(azh) ‧見備註/See Remarks 7 (c)(ii)(ao) ‧見備註/See Remarks 7 (c)(ii)(azp)(2) ‧見備註/See Remarks 7 (c)(iii)(y),
2025-03-26,2025-04-02,,第 2 座 Tower 2,33,A5,,5570000,,‧價單第7M號下的支付條款(A) Terms of Payment (A) under Price List No.7M ‧見備註/See Remarks 7 (c)(i)(azh) ‧見備註/See Remarks 7 (c)(ii)(ao) ‧見備註/See Remarks 7 (c)(ii)(azp)(2) ‧見備註/See Remarks 7 (c)(iii)(y),
2025-03-27,2025-04-03,,第 2 座 Tower 2,31,D8,,5855000,,‧價單第7M號下的支付條款(A) Terms of Payment (A) under Price List No.7M ‧見備註/See Remarks 7 (c)(i)(azh) ‧見備註/See Remarks 7 (c)(ii)(ao) ‧見備註/See Remarks 7 (c)(ii)(azp)(2) ‧見備註/See Remarks 7 (c)(iii)(za),
2025-03-29,2025-04-07,,第 2 座 Tower 2,33,A3,,5584000,,‧價單第7M號下的支付條款(A) Terms of Payment (A) under Price List No.7M ‧見備註/See Remarks 7 (c)(i)(azh) ‧見備註/See Remarks 7 (c)(ii)(ao) ‧見備註/See Remarks 7 (c)(ii)(azp)(2) ‧見備註/See Remarks 7 (c)(iii)(y),
2025-03-29,2025-04-07,,第 2 座 Tower 2,35,A5,,5582000,,‧價單第7M號下的支付條款(A) Terms of Payment (A) under Price List No.7M ‧見備註/See Remarks 7 (c)(i)(azh) ‧見備註/See Remarks 7 (c)(ii)(ao) ‧見備註/See Remarks 7 (c)(ii)(azp)(2) ‧見備註/See Remarks 7 (c)(iii)(y),
2025-03-29,2025-04-07,,第 2 座 Tower 2,37,A5,,5604000,,‧價單第6W號下的支付條款(A) Terms of Payment (A) under Price List No.6W ‧見備註/See Remarks 7 (c)(i)(azh) ‧見備註/See Remarks 7 (c)(ii)(ao) ‧見備註/See Remarks 7 (c)(ii)(azp)(2) ‧見備註/See Remarks 7 (c)(iii)(y),
2025-03-30,2025-04-07,,第 2 座 Tower 2,1,C12,,5330000,,‧價單第5ZZZG號下的支付條款(A) Terms of Payment (A) under Price List No.5ZZZG ‧見備註/See Remarks 7 (c)(i)(azh) ‧見備註/See Remarks 7 (c)(ii)(ao) ‧見備註/See Remarks 7 (c)(ii)(azp)(2) ‧見備註/See Remarks 7 (c)(iii)(za),
2025-03-30,2025-04-07,,第 2 座 Tower 2,3,C1,,5090000,,‧價單第3ZZZM號下的支付條款(B) Terms of Payment (B) under Price List No.3ZZZM ‧見備註/See Remarks 7 (c)(i)(azi) ‧見備註/See Remarks 7 (c)(ii)(an) ‧見備註/See Remarks 7 (c)(ii)(azp)(2) ‧見備註/See Remarks 7 (c)(iii)(zd),
2025-03-31,2025-04-08,,第 1 座 Tower 1,31,A2,,6074000,,‧價單第6W號下的支付條款(A) Terms of Payment (A) under Price List No.6W ‧見備註/See Remarks 7 (c)(i)(azh) ‧見備註/See Remarks 7 (c)(ii)(ao) ‧見備註/See Remarks 7 (c)(ii)(azp)(2) ‧見備註/See Remarks 7 (c)(iii)(x),
2025-04-02,2025-04-10,,第 2 座 Tower 2,37,D1,,5669000,,‧價單第6W號下的支付條款(A) Terms of Payment (A) under Price List No.6W ‧見備註/See Remarks 7 (c)(i)(azh) ‧見備註/See Remarks 7 (c)(ii)(ao) ‧見備註/See Remarks 7 (c)(ii)(azp)(2) ‧見備註/See Remarks 7 (c)(iii)(za),
2025-04-04,2025-04-11,,第 2 座 Tower 2,29,A6,,5532000,,‧價單第7M號下的支付條款(A) Terms of Payment (A) under Price List No.7M ‧見備註/See Remarks 7 (c)(i)(azh) ‧見備註/See Remarks 7 (c)(ii)(ao) ‧見備註/See Remarks 7 (c)(ii)(azp)(2) ‧見備註/See Remarks 7 (c)(iii)(y),
2025-04-04,2025-04-11,,第 2 座 Tower 2,30,A6,,5543000,,‧價單第7M號下的支付條款(A) Terms of Payment (A) under Price List No.7M ‧見備註/See Remarks 7 (c)(i)(azh) ‧見備註/See Remarks 7 (c)(ii)(ao) ‧見備註/See Remarks 7 (c)(ii)(azp)(2) ‧見備註/See Remarks 7 (c)(iii)(y),
2025-04-05,2025-04-11,,第 2 座 Tower 2,31,A6,,5554000,,‧價單第7M號下的支付條款(A) Terms of Payment (A) under Price List No.7M ‧見備註/See Remarks 7 (c)(i)(azh) ‧見備註/See Remarks 7 (c)(ii)(ao) ‧見備註/See Remarks 7 (c)(ii)(azp)(2) ‧見備註/See Remarks 7 (c)(iii)(y),
2025-04-06,2025-04-11,,第 2 座 Tower 2,32,A6,,5566000,,‧價單第7M號下的支付條款(A) Terms of Payment (A) under Price List No.7M ‧見備註/See Remarks 7 (c)(i)(azh) ‧見備註/See Remarks 7 (c)(ii)(ao) ‧見備註/See Remarks 7 (c)(ii)(azp)(2) ‧見備註/See Remarks 7 (c)(iii)(y),
2025-04-06,2025-04-11,,第 2 座 Tower 2,29,D7,,5702000,,‧價單第7M號下的支付條款(A) Terms of Payment (A) under Price List No.7M ‧見備註/See Remarks 7 (c)(i)(azh) ‧見備註/See Remarks 7 (c)(ii)(ao) ‧見備註/See Remarks 7 (c)(ii)(azp)(2) ‧見備註/See Remarks 7 (c)(iii)(za),
2025-04-08,2025-04-15,,第 2 座 Tower 2,32,D7,,5736000,,‧價單第7M號下的支付條款(A) Terms of Payment (A) under Price List No.7M ‧見備註/See Remarks 7 (c)(i)(azh) ‧見備註/See Remarks 7 (c)(ii)(ao) ‧見備註/See Remarks 7 (c)(ii)(azp)(2) ‧見備註/See Remarks 7 (c)(iii)(za),
2025-04-11,2025-04-22,,第 2 座 Tower 2,33,A6,,5576000,,‧價單第7M號下的支付條款(A) Terms of Payment (A) under Price List No.7M ‧見備註/See Remarks 7 (c)(i)(azh) ‧見備註/See Remarks 7 (c)(ii)(ao) ‧見備註/See Remarks 7 (c)(ii)(azp)(2) ‧見備註/See Remarks 7 (c)(iii)(y),
2025-04-13,2025-04-22,,第 2 座 Tower 2,35,A6,,5588000,,‧價單第7M號下的支付條款(A) Terms of Payment (A) under Price List No.7M ‧見備註/See Remarks 7 (c)(i)(azh) ‧見備註/See Remarks 7 (c)(ii)(ao) ‧見備註/See Remarks 7 (c)(ii)(azp)(2) ‧見備註/See Remarks 7 (c)(iii)(y),
2025-04-15,2025-04-24,,第 2 座 Tower 2,36,A6,,5599000,,‧價單第7M號下的支付條款(A) Terms of Payment (A) under Price List No.7M ‧見備註/See Remarks 7 (c)(i)(azh) ‧見備註/See Remarks 7 (c)(ii)(ao) ‧見備註/See Remarks 7 (c)(ii)(azp)(2) ‧見備註/See Remarks 7 (c)(iii)(y),
2025-04-26,2025-05-06,,第 2 座 Tower 2,29,A7,,5640000,,‧價單第7M號下的支付條款(A) Terms of Payment (A) under Price List No.7M ‧見備註/See Remarks 7 (c)(i)(azh) ‧見備註/See Remarks 7 (c)(ii)(ao) ‧見備註/See Remarks 7 (c)(ii)(azp)(2) ‧見備註/See Remarks 7 (c)(iii)(y),
2025-04-26,2025-05-06,,第 2 座 Tower 2,30,A7,,5651000,,‧價單第7M號下的支付條款(A) Terms of Payment (A) under Price List No.7M ‧見備註/See Remarks 7 (c)(i)(azh) ‧見備註/See Remarks 7 (c)(ii)(ao) ‧見備註/See Remarks 7 (c)(ii)(azp)(2) ‧見備註/See Remarks 7 (c)(iii)(y),
2025-04-26,2025-05-06,,第 2 座 Tower 2,37,A6,,5610000,,‧價單第6W號下的支付條款(A) Terms of Payment (A) under Price List No.6W ‧見備註/See Remarks 7 (c)(i)(azh) ‧見備註/See Remarks 7 (c)(ii)(ao) ‧見備註/See Remarks 7 (c)(ii)(azp)(2) ‧見備註/See Remarks 7 (c)(iii)(y),
2025-04-28,2025-05-07,,第 1 座 Tower 1,38,A1,,5576000,,‧價單第6W號下的支付條款(A) Terms of Payment (A) under Price List No.6W ‧見備註/See Remarks 7 (c)(i)(azh) ‧見備註/See Remarks 7 (c)(ii)(ao) ‧見備註/See Remarks 7 (c)(ii)(azp)(2) ‧見備註/See Remarks 7 (c)(iii)(y),
2025-04-28,2025-05-07,,第 2 座 Tower 2,37,A7,,5720000,,‧價單第6W號下的支付條款(A) Terms of Payment (A) under Price List No.6W ‧見備註/See Remarks 7 (c)(i)(azh) ‧見備註/See Remarks 7 (c)(ii)(ao) ‧見備註/See Remarks 7 (c)(ii)(azp)(2) ‧見備註/See Remarks 7 (c)(iii)(y),
2025-04-30,2025-05-09,,第 2 座 Tower 2,38,A2,,5547000,,‧價單第7M號下的支付條款(A) Terms of Payment (A) under Price List No.7M ‧見備註/See Remarks 7 (c)(i)(azh) ‧見備註/See Remarks 7 (c)(ii)(ao) ‧見備註/See Remarks 7 (c)(ii)(azp)(2) ‧見備註/See Remarks 7 (c)(iii)(y),
2025-05-01,2025-05-09,,第 2 座 Tower 2,31,A7,,5663000,,‧價單第7M號下的支付條款(A) Terms of Payment (A) under Price List No.7M ‧見備註/See Remarks 7 (c)(i)(azh) ‧見備註/See Remarks 7 (c)(ii)(ao) ‧見備註/See Remarks 7 (c)(ii)(azp)(2) ‧見備註/See Remarks 7 (c)(iii)(y),
2025-05-01,2025-05-09,,第 2 座 Tower 2,32,A7,,5674000,,‧價單第7M號下的支付條款(A) Terms of Payment (A) under Price List No.7M ‧見備註/See Remarks 7 (c)(i)(azh) ‧見備註/See Remarks 7 (c)(ii)(ao) ‧見備註/See Remarks 7 (c)(ii)(azp)(2) ‧見備註/See Remarks 7 (c)(iii)(y),
2025-05-03,2025-05-12,,第 2 座 Tower 2,33,D7,,5747000,,‧價單第7M號下的支付條款(A) Terms of Payment (A) under Price List No.7M ‧見備註/See Remarks 7 (c)(i)(azh) ‧見備註/See Remarks 7 (c)(ii)(ao) ‧見備註/See Remarks 7 (c)(ii)(azp)(2) ‧見備註/See Remarks 7 (c)(iii)(za),
2025-05-05,2025-05-12,,第 2 座 Tower 2,33,D8,,5879000,,‧價單第7M號下的支付條款(A) Terms of Payment (A) under Price List No.7M ‧見備註/See Remarks 7 (c)(i)(azh) ‧見備註/See Remarks 7 (c)(ii)(ao) ‧見備註/See Remarks 7 (c)(ii)(azp)(2) ‧見備註/See Remarks 7 (c)(iii)(za),
2025-05-08,2025-05-15,,第 2 座 Tower 2,33,A7,,5686000,,‧價單第7M號下的支付條款(A) Terms of Payment (A) under Price List No.7M ‧見備註/See Remarks 7 (c)(i)(azh) ‧見備註/See Remarks 7 (c)(ii)(ao) ‧見備註/See Remarks 7 (c)(ii)(azp)(2) ‧見備註/See Remarks 7 (c)(iii)(y),
2025-05-10,2025-05-16,,第 2 座 Tower 2,36,A7,,5708000,,‧價單第7M號下的支付條款(A) Terms of Payment (A) under Price List No.7M ‧見備註/See Remarks 7 (c)(i)(azh) ‧見備註/See Remarks 7 (c)(ii)(ao) ‧見備註/See Remarks 7 (c)(ii)(azp)(2) ‧見備註/See Remarks 7 (c)(iii)(y),
2025-05-11,2025-05-16,,第 2 座 Tower 2,35,A7,,5696000,,‧價單第7M號下的支付條款(A) Terms of Payment (A) under Price List No.7M ‧見備註/See Remarks 7 (c)(i)(azh) ‧見備註/See Remarks 7 (c)(ii)(ao) ‧見備註/See Remarks 7 (c)(ii)(azp)(2) ‧見備註/See Remarks 7 (c)(iii)(y),
2025-05-11,2025-05-16,,第 2 座 Tower 2,38,A5,,5616000,,‧價單第7M號下的支付條款(A) Terms of Payment (A) under Price List No.7M ‧見備註/See Remarks 7 (c)(i)(azh) ‧見備註/See Remarks 7 (c)(ii)(ao) ‧見備註/See Remarks 7 (c)(ii)(azp)(2) ‧見備註/See Remarks 7 (c)(iii)(y),
2025-05-11,2025-05-16,,第 2 座 Tower 2,31,D7,,5724000,,‧價單第7M號下的支付條款(A) Terms of Payment (A) under Price List No.7M ‧見備註/See Remarks 7 (c)(i)(azh) ‧見備註/See Remarks 7 (c)(ii)(ao) ‧見備註/See Remarks 7 (c)(ii)(azp)(2) ‧見備註/See Remarks 7 (c)(iii)(za),
2025-05-13,2025-05-20,,第 2 座 Tower 2,28,B6,,5810000,,‧價單第7M號下的支付條款(A) Terms of Payment (A) under Price List No.7M ‧見備註/See Remarks 7 (c)(i)(azh) ‧見備註/See Remarks 7 (c)(ii)(ao) ‧見備註/See Remarks 7 (c)(ii)(azp)(2) ‧見備註/See Remarks 7 (c)(iii)(z),
2025-05-13,2025-05-20,,第 2 座 Tower 2,35,D7,,5758000,,‧價單第7M號下的支付條款(A) Terms of Payment (A) under Price List No.7M ‧見備註/See Remarks 7 (c)(i)(azh) ‧見備註/See Remarks 7 (c)(ii)(ao) ‧見備註/See Remarks 7 (c)(ii)(azp)(2) ‧見備註/See Remarks 7 (c)(iii)(za),
2025-05-15,2025-05-22,,第 2 座 Tower 2,36,D7,,5770000,,‧價單第7M號下的支付條款(A) Terms of Payment (A) under Price List No.7M ‧見備註/See Remarks 7 (c)(i)(azh) ‧見備註/See Remarks 7 (c)(ii)(ao) ‧見備註/See Remarks 7 (c)(ii)(azp)(2) ‧見備註/See Remarks 7 (c)(iii)(za),
2025-05-16,2025-05-23,,第 2 座 Tower 2,38,A3,,5628000,,‧價單第7M號下的支付條款(A) Terms of Payment (A) under Price List No.7M ‧見備註/See Remarks 7 (c)(i)(azh) ‧見備註/See Remarks 7 (c)(ii)(ao) ‧見備註/See Remarks 7 (c)(ii)(azp)(2) ‧見備註/See Remarks 7 (c)(iii)(y),
2025-05-16,2025-05-23,,第 2 座 Tower 2,37,D7,,5782000,,‧價單第6W號下的支付條款(A) Terms of Payment (A) under Price List No.6W ‧見備註/See Remarks 7 (c)(i)(azh) ‧見備註/See Remarks 7 (c)(ii)(ao) ‧見備註/See Remarks 7 (c)(ii)(azp)(2) ‧見備註/See Remarks 7 (c)(iii)(za),
2025-05-19,2025-05-26,,第 2 座 Tower 2,36,B6,,5830000,,‧價單第7M號下的支付條款(B) Terms of Payment (B) under Price List No.7M ‧見備註/See Remarks 7 (c)(i)(azi) ‧見備註/See Remarks 7 (c)(ii)(an) ‧見備註/See Remarks 7 (c)(ii)(azp)(2) ‧見備註/See Remarks 7 (c)(iii)(z),
2025-05-24,2025-05-30,,第 2 座 Tower 2,25,A2,,5546000,,‧價單第3ZZZN號下的支付條款(A) Terms of Payment (A) under Price List No.3ZZZN ‧見備註/See Remarks 7 (c)(i)(azh) ‧見備註/See Remarks 7 (c)(ii)(ao) ‧見備註/See Remarks 7 (c)(ii)(azs)(2) ‧見備註/See Remarks 7 (c)(iii)(z),
2025-05-24,2025-05-30,,第 2 座 Tower 2,25,A3,,5626000,,‧價單第3ZZZN號下的支付條款(A) Terms of Payment (A) under Price List No.3ZZZN ‧見備註/See Remarks 7 (c)(i)(azh) ‧見備註/See Remarks 7 (c)(ii)(ao) ‧見備註/See Remarks 7 (c)(ii)(azs)(2) ‧見備註/See Remarks 7 (c)(iii)(z),
2025-05-24,2025-05-30,,第 2 座 Tower 2,25,A5,,5613000,,‧價單第3ZZZN號下的支付條款(A) Terms of Payment (A) under Price List No.3ZZZN ‧見備註/See Remarks 7 (c)(i)(azh) ‧見備註/See Remarks 7 (c)(ii)(ao) ‧見備註/See Remarks 7 (c)(ii)(azs)(2) ‧見備註/See Remarks 7 (c)(iii)(z),
2025-05-24,2025-05-30,,第 2 座 Tower 2,25,B2,,5621000,,‧價單第7N號下的支付條款(A) Terms of Payment (A) under Price List No.7N ‧見備註/See Remarks 7 (c)(i)(azh) ‧見備註/See Remarks 7 (c)(ii)(ao) ‧見備註/See Remarks 7 (c)(ii)(azs)(2) ‧見備註/See Remarks 7 (c)(iii)(z),
2025-05-24,2025-05-30,,第 2 座 Tower 2,25,C1,,5022000,,‧價單第3ZZZN號下的支付條款(A) Terms of Payment (A) under Price List No.3ZZZN ‧見備註/See Remarks 7 (c)(i)(azh) ‧見備註/See Remarks 7 (c)(ii)(ao) ‧見備註/See Remarks 7 (c)(ii)(azt) ‧見備註/See Remarks 7 (c)(iii)(za),
2025-05-24,2025-05-30,,第 2 座 Tower 2,25,C2,,4647000,,‧價單第3ZZZN號下的支付條款(A) Terms of Payment (A) under Price List No.3ZZZN ‧見備註/See Remarks 7 (c)(i)(azh) ‧見備註/See Remarks 7 (c)(ii)(ao) ‧見備註/See Remarks 7 (c)(ii)(azs)(2) ‧見備註/See Remarks 7 (c)(iii)(zf),
2025-05-24,2025-05-30,,第 2 座 Tower 2,25,C3,,4553000,,‧價單第3ZZZN號下的支付條款(A) Terms of Payment (A) under Price List No.3ZZZN ‧見備註/See Remarks 7 (c)(i)(azh) ‧見備註/See Remarks 7 (c)(ii)(ao) ‧見備註/See Remarks 7 (c)(ii)(azs)(2) ‧見備註/See Remarks 7 (c)(iii)(zf),
2025-05-24,2025-05-30,,第 2 座 Tower 2,25,C5,,4655000,,‧價單第3ZZZN號下的支付條款(A) Terms of Payment (A) under Price List No.3ZZZN ‧見備註/See Remarks 7 (c)(i)(azh) ‧見備註/See Remarks 7 (c)(ii)(ao) ‧見備註/See Remarks 7 (c)(ii)(azs)(2) ‧見備註/See Remarks 7 (c)(iii)(zf),
2025-05-24,2025-05-30,,第 2 座 Tower 2,25,D7,,5655000,,‧價單第7N號下的支付條款(A) Terms of Payment (A) under Price List No.7N ‧見備註/See Remarks 7 (c)(i)(azh) ‧見備註/See Remarks 7 (c)(ii)(ao) ‧見備註/See Remarks 7 (c)(ii)(azs)(2) ‧見備註/See Remarks 7 (c)(iii)(za),
2025-05-25,2025-05-30,,第 2 座 Tower 2,25,A8,,8219000,,‧價單第7N號下的支付條款(A) Terms of Payment (A) under Price List No.7N ‧見備註/See Remarks 7 (c)(i)(azh) ‧見備註/See Remarks 7 (c)(ii)(ao) ‧見備註/See Remarks 7 (c)(ii)(azt) ‧見備註/See Remarks 7 (c)(iii)(ze),
2025-05-25,2025-05-30,,第 2 座 Tower 2,25,D2,,5439000,,‧價單第7N號下的支付條款(A) Terms of Payment (A) under Price List No.7N ‧見備註/See Remarks 7 (c)(i)(azh) ‧見備註/See Remarks 7 (c)(ii)(ao) ‧見備註/See Remarks 7 (c)(ii)(azs)(2) ‧見備註/See Remarks 7 (c)(iii)(za),
2025-05-25,2025-05-30,,第 2 座 Tower 2,25,D5,,5557000,,‧價單第7N號下的支付條款(A) Terms of Payment (A) under Price List No.7N ‧見備註/See Remarks 7 (c)(i)(azh) ‧見備註/See Remarks 7 (c)(ii)(ao) ‧見備註/See Remarks 7 (c)(ii)(azs)(2) ‧見備註/See Remarks 7 (c)(iii)(za),
2025-05-25,2025-05-30,,第 2 座 Tower 2,25,D6,,5587000,,‧價單第7N號下的支付條款(A) Terms of Payment (A) under Price List No.7N ‧見備註/See Remarks 7 (c)(i)(azh) ‧見備註/See Remarks 7 (c)(ii)(ao) ‧見備註/See Remarks 7 (c)(ii)(azs)(2) ‧見備註/See Remarks 7 (c)(iii)(za),
2025-05-25,2025-05-30,,第 2 座 Tower 2,25,D9,,7932000,,‧價單第3ZZZN號下的支付條款(A) Terms of Payment (A) under Price List No.3ZZZN ‧見備註/See Remarks 7 (c)(i)(azh) ‧見備註/See Remarks 7 (c)(ii)(ao) ‧見備註/See Remarks 7 (c)(ii)(azs)(2) ‧見備註/See Remarks 7 (c)(iii)(zf),
2025-05-26,2025-06-02,,第 2 座 Tower 2,25,A7,,5752000,,‧價單第3ZZZN號下的支付條款(A) Terms of Payment (A) under Price List No.3ZZZN ‧見備註/See Remarks 7 (c)(i)(azh) ‧見備註/See Remarks 7 (c)(ii)(ao) ‧見備註/See Remarks 7 (c)(ii)(azs)(2) ‧見備註/See Remarks 7 (c)(iii)(z),
2025-05-26,2025-06-02,,第 2 座 Tower 2,29,B6,,5813000,,‧價單第7N號下的支付條款(A) Terms of Payment (A) under Price List No.7N ‧見備註/See Remarks 7 (c)(i)(azh) ‧見備註/See Remarks 7 (c)(ii)(ao) ‧見備註/See Remarks 7 (c)(ii)(azs)(2) ‧見備註/See Remarks 7 (c)(iii)(z),
2025-05-27,2025-06-03,,第 2 座 Tower 2,25,D3,,5547000,,‧價單第7N號下的支付條款(A) Terms of Payment (A) under Price List No.7N ‧見備註/See Remarks 7 (c)(i)(azh) ‧見備註/See Remarks 7 (c)(ii)(ao) ‧見備註/See Remarks 7 (c)(ii)(azs)(2) ‧見備註/See Remarks 7 (c)(iii)(za),
2025-05-29,2025-06-05,,第 2 座 Tower 2,35,B6,,5827000,,‧價單第7N號下的支付條款(A) Terms of Payment (A) under Price List No.7N ‧見備註/See Remarks 7 (c)(i)(azh) ‧見備註/See Remarks 7 (c)(ii)(ao) ‧見備註/See Remarks 7 (c)(ii)(azs)(2) ‧見備註/See Remarks 7 (c)(iii)(z),
2025-05-31,2025-06-06,,第 2 座 Tower 2,25,B3,,5662000,,‧價單第7N號下的支付條款(A) Terms of Payment (A) under Price List No.7N ‧見備註/See Remarks 7 (c)(i)(azh) ‧見備註/See Remarks 7 (c)(ii)(ao) ‧見備註/See Remarks 7 (c)(ii)(azs)(2) ‧見備註/See Remarks 7 (c)(iii)(z),
2025-05-31,2025-06-06,,第 2 座 Tower 2,25,C6,,5883000,,‧價單第7N號下的支付條款(A) Terms of Payment (A) under Price List No.7N ‧見備註/See Remarks 7 (c)(i)(azh) ‧見備註/See Remarks 7 (c)(ii)(ao) ‧見備註/See Remarks 7 (c)(ii)(azs)(2) ‧見備註/See Remarks 7 (c)(iii)(zf),
2025-05-31,2025-06-06,,第 2 座 Tower 2,25,C7,,5864000,,‧價單第7N號下的支付條款(A) Terms of Payment (A) under Price List No.7N ‧見備註/See Remarks 7 (c)(i)(azh) ‧見備註/See Remarks 7 (c)(ii)(ao) ‧見備註/See Remarks 7 (c)(ii)(azs)(2) ‧見備註/See Remarks 7 (c)(iii)(zf),
2025-05-31,2025-06-06,,第 2 座 Tower 2,25,C10,,5804000,,‧價單第7N號下的支付條款(A) Terms of Payment (A) under Price List No.7N ‧見備註/See Remarks 7 (c)(i)(azh) ‧見備註/See Remarks 7 (c)(ii)(ao) ‧見備註/See Remarks 7 (c)(ii)(azs)(2) ‧見備註/See Remarks 7 (c)(iii)(zf),
2025-06-01,2025-06-06,,第 2 座 Tower 2,31,B6,,5818000,,‧價單第7N號下的支付條款(A) Terms of Payment (A) under Price List No.7N ‧見備註/See Remarks 7 (c)(i)(azh) ‧見備註/See Remarks 7 (c)(ii)(ao) ‧見備註/See Remarks 7 (c)(ii)(azs)(2) ‧見備註/See Remarks 7 (c)(iii)(z),
2025-06-02,2025-06-09,,第 2 座 Tower 2,25,D8,,5785000,,‧價單第7N號下的支付條款(A) Terms of Payment (A) under Price List No.7N ‧見備註/See Remarks 7 (c)(i)(azh) ‧見備註/See Remarks 7 (c)(ii)(ao) ‧見備註/See Remarks 7 (c)(ii)(azs)(2) ‧見備註/See Remarks 7 (c)(iii)(za),
2025-06-06,2025-06-13,,第 2 座 Tower 2,25,C12,,5959000,,‧價單第7N號下的支付條款(A) Terms of Payment (A) under Price List No.7N ‧見備註/See Remarks 7 (c)(i)(azh) ‧見備註/See Remarks 7 (c)(ii)(ao) ‧見備註/See Remarks 7 (c)(ii)(azs)(2) ‧見備註/See Remarks 7 (c)(iii)(zf),
2025-06-07,2025-06-13,,第 2 座 Tower 2,25,B5,,5745000,,‧價單第7N號下的支付條款(A) Terms of Payment (A) under Price List No.7N ‧見備註/See Remarks 7 (c)(i)(azh) ‧見備註/See Remarks 7 (c)(ii)(ao) ‧見備註/See Remarks 7 (c)(ii)(azt) ‧見備註/See Remarks 7 (c)(iii)(z),
2025-06-07,2025-06-13,,第 2 座 Tower 2,25,C8,,5869000,,‧價單第7N號下的支付條款(A) Terms of Payment (A) under Price List No.7N ‧見備註/See Remarks 7 (c)(i)(azh) ‧見備註/See Remarks 7 (c)(ii)(ao) ‧見備註/See Remarks 7 (c)(ii)(azs)(2) ‧見備註/See Remarks 7 (c)(iii)(zf),
2025-06-08,2025-06-13,,第 2 座 Tower 2,25,C9,,5825000,,‧價單第7N號下的支付條款(A) Terms of Payment (A) under Price List No.7N ‧見備註/See Remarks 7 (c)(i)(azh) ‧見備註/See Remarks 7 (c)(ii)(ao) ‧見備註/See Remarks 7 (c)(ii)(azs)(2) ‧見備註/See Remarks 7 (c)(iii)(zf),
2025-06-09,2025-06-16,,第 2 座 Tower 2,27,D8,,5809000,,‧價單第7N號下的支付條款(A) Terms of Payment (A) under Price List No.7N ‧見備註/See Remarks 7 (c)(i)(azh) ‧見備註/See Remarks 7 (c)(ii)(ao) ‧見備註/See Remarks 7 (c)(ii)(azs)(2) ‧見備註/See Remarks 7 (c)(iii)(za),
2025-06-12,2025-06-19,,第 1 座 Tower 1,33,B2,,6198000,,‧價單第6X號下的支付條款(A) Terms of Payment (A) under Price List No.6X ‧見備註/See Remarks 7 (c)(i)(azh) ‧見備註/See Remarks 7 (c)(ii)(ao) ‧見備註/See Remarks 7 (c)(ii)(azs)(2) ‧見備註/See Remarks 7 (c)(iii)(z),
2025-06-12,2025-06-19,,第 2 座 Tower 2,25,A1,,5671000,,‧價單第3ZZZN號下的支付條款(A) Terms of Payment (A) under Price List No.3ZZZN ‧見備註/See Remarks 7 (c)(i)(azh) ‧見備註/See Remarks 7 (c)(ii)(ao) ‧見備註/See Remarks 7 (c)(ii)(azs)(2) ‧見備註/See Remarks 7 (c)(iii)(z),
2025-06-12,2025-06-19,,第 2 座 Tower 2,30,B6,,5816000,,‧價單第7N號下的支付條款(A) Terms of Payment (A) under Price List No.7N ‧見備註/See Remarks 7 (c)(i)(azh) ‧見備註/See Remarks 7 (c)(ii)(ao) ‧見備註/See Remarks 7 (c)(ii)(azs)(2) ‧見備註/See Remarks 7 (c)(iii)(z),
2025-06-13,2025-06-20,,第 1 座 Tower 1,30,B2,,6161000,,‧價單第6X號下的支付條款(A) Terms of Payment (A) under Price List No.6X ‧見備註/See Remarks 7 (c)(i)(azh) ‧見備註/See Remarks 7 (c)(ii)(ao) ‧見備註/See Remarks 7 (c)(ii)(azs)(2) ‧見備註/See Remarks 7 (c)(iii)(z),
2025-06-15,2025-06-20,,第 2 座 Tower 2,28,B7,,5936000,,‧價單第7N號下的支付條款(A) Terms of Payment (A) under Price List No.7N ‧見備註/See Remarks 7 (c)(i)(azh) ‧見備註/See Remarks 7 (c)(ii)(ao) ‧見備註/See Remarks 7 (c)(ii)(azs)(2) ‧見備註/See Remarks 7 (c)(iii)(z),
2025-06-16,2025-06-23,,第 1 座 Tower 1,37,B2,,6235000,,‧價單第6X號下的支付條款(A) Terms of Payment (A) under Price List No.6X ‧見備註/See Remarks 7 (c)(i)(azh) ‧見備註/See Remarks 7 (c)(ii)(ao) ‧見備註/See Remarks 7 (c)(ii)(azs)(2) ‧見備註/See Remarks 7 (c)(iii)(z),
2025-06-16,2025-06-23,,第 2 座 Tower 2,36,B7,,5957000,,‧價單第7N號下的支付條款(A) Terms of Payment (A) under Price List No.7N ‧見備註/See Remarks 7 (c)(i)(azh) ‧見備註/See Remarks 7 (c)(ii)(ao) ‧見備註/See Remarks 7 (c)(ii)(azs)(2) ‧見備註/See Remarks 7 (c)(iii)(z),
2025-06-16,2025-06-23,,第 2 座 Tower 2,37,B7,,5961000,,‧價單第6X號下的支付條款(A) Terms of Payment (A) under Price List No.6X ‧見備註/See Remarks 7 (c)(i)(azh) ‧見備註/See Remarks 7 (c)(ii)(ao) ‧見備註/See Remarks 7 (c)(ii)(azs)(2) ‧見備註/See Remarks 7 (c)(iii)(z),
2025-06-21,2025-06-27,,第 2 座 Tower 2,25,B6,,5801000,,‧價單第7N號下的支付條款(A) Terms of Payment (A) under Price List No.7N ‧見備註/See Remarks 7 (c)(i)(azh) ‧見備註/See Remarks 7 (c)(ii)(ao) ‧見備註/See Remarks 7 (c)(ii)(azs)(2) ‧見備註/See Remarks 7 (c)(iii)(z),
2025-06-21,2025-06-27,,第 2 座 Tower 2,27,B6,,5807000,,‧價單第7N號下的支付條款(A) Terms of Payment (A) under Price List No.7N ‧見備註/See Remarks 7 (c)(i)(azh) ‧見備註/See Remarks 7 (c)(ii)(ao) ‧見備註/See Remarks 7 (c)(ii)(azs)(2) ‧見備註/See Remarks 7 (c)(iii)(z),
2025-06-21,2025-06-27,,第 2 座 Tower 2,32,B7,,5949000,,‧價單第7N號下的支付條款(A) Terms of Payment (A) under Price List No.7N ‧見備註/See Remarks 7 (c)(i)(azh) ‧見備註/See Remarks 7 (c)(ii)(ao) ‧見備註/See Remarks 7 (c)(ii)(azs)(2) ‧見備註/See Remarks 7 (c)(iii)(z),
2025-06-21,2025-06-27,,第 2 座 Tower 2,35,B7,,5954000,,‧價單第7N號下的支付條款(A) Terms of Payment (A) under Price List No.7N ‧見備註/See Remarks 7 (c)(i)(azh) ‧見備註/See Remarks 7 (c)(ii)(ao) ‧見備註/See Remarks 7 (c)(ii)(azs)(2) ‧見備註/See Remarks 7 (c)(iii)(z),
2025-06-21,2025-06-27,,第 2 座 Tower 2,30,D8,,5843000,,‧價單第7N號下的支付條款(A) Terms of Payment (A) under Price List No.7N ‧見備註/See Remarks 7 (c)(i)(azh) ‧見備註/See Remarks 7 (c)(ii)(ao) ‧見備註/See Remarks 7 (c)(ii)(azs)(2) ‧見備註/See Remarks 7 (c)(iii)(za),
2025-06-21,2025-06-27,,第 2 座 Tower 2,38,D6,,5723000,,‧價單第7N號下的支付條款(A) Terms of Payment (A) under Price List No.7N ‧見備註/See Remarks 7 (c)(i)(azh) ‧見備註/See Remarks 7 (c)(ii)(ao) ‧見備註/See Remarks 7 (c)(ii)(azs)(2) ‧見備註/See Remarks 7 (c)(iii)(za),
2025-06-22,2025-06-27,,第 2 座 Tower 2,25,A6,,5905000,,‧價單第3ZZZO號下的支付條款(A) Terms of Payment (A) under Price List No.3ZZZO ‧見備註/See Remarks 7 (c)(i)(azh) ‧見備註/See Remarks 7 (c)(ii)(ao) ‧見備註/See Remarks 7 (c)(ii)(azu) ‧見備註/See Remarks 7 (c)(iii)(z),
2025-06-22,2025-06-27,,第 2 座 Tower 2,25,B1,,6018000,,‧價單第7O號下的支付條款(A) Terms of Payment (A) under Price List No.7O ‧見備註/See Remarks 7 (c)(i)(azh) ‧見備註/See Remarks 7 (c)(ii)(ao) ‧見備註/See Remarks 7 (c)(ii)(azu) ‧見備註/See Remarks 7 (c)(iii)(z),
2025-06-22,2025-06-27,,第 2 座 Tower 2,37,D8,,5914000,,‧價單第6Y號下的支付條款(A) Terms of Payment (A) under Price List No.6Y ‧見備註/See Remarks 7 (c)(i)(azh) ‧見備註/See Remarks 7 (c)(ii)(ao) ‧見備註/See Remarks 7 (c)(ii)(azw)(2) ‧見備註/See Remarks 7 (c)(iii)(za),
2025-06-24,2025-07-02,,第 1 座 Tower 1,32,B2,,6186000,,‧價單第6Y號下的支付條款(A) Terms of Payment (A) under Price List No.6Y ‧見備註/See Remarks 7 (c)(i)(azh) ‧見備註/See Remarks 7 (c)(ii)(ao) ‧見備註/See Remarks 7 (c)(ii)(azw)(2) ‧見備註/See Remarks 7 (c)(iii)(z),
2025-06-24,2025-07-02,,第 1 座 Tower 1,35,B2,,6211000,,‧價單第6Y號下的支付條款(A) Terms of Payment (A) under Price List No.6Y ‧見備註/See Remarks 7 (c)(i)(azh) ‧見備註/See Remarks 7 (c)(ii)(ao) ‧見備註/See Remarks 7 (c)(ii)(azw)(2) ‧見備註/See Remarks 7 (c)(iii)(z),
2025-06-24,2025-07-02,,第 2 座 Tower 2,27,B7,,5934000,,‧價單第7O號下的支付條款(A) Terms of Payment (A) under Price List No.7O ‧見備註/See Remarks 7 (c)(i)(azh) ‧見備註/See Remarks 7 (c)(ii)(ao) ‧見備註/See Remarks 7 (c)(ii)(azw)(2) ‧見備註/See Remarks 7 (c)(iii)(z),
2025-06-24,2025-07-02,,第 2 座 Tower 2,29,D8,,5832000,,‧價單第7O號下的支付條款(A) Terms of Payment (A) under Price List No.7O ‧見備註/See Remarks 7 (c)(i)(azh) ‧見備註/See Remarks 7 (c)(ii)(ao) ‧見備註/See Remarks 7 (c)(ii)(azw)(2) ‧見備註/See Remarks 7 (c)(iii)(za),
2025-06-24,2025-07-02,,第 2 座 Tower 2,36,D8,,5902000,,‧價單第7O號下的支付條款(A) Terms of Payment (A) under Price List No.7O ‧見備註/See Remarks 7 (c)(i)(azh) ‧見備註/See Remarks 7 (c)(ii)(ao) ‧見備註/See Remarks 7 (c)(ii)(azw)(2) ‧見備註/See Remarks 7 (c)(iii)(za),
2025-06-27,2025-07-07,,第 1 座 Tower 1,36,B2,,6223000,,‧價單第6Y號下的支付條款(A) Terms of Payment (A) under Price List No.6Y ‧見備註/See Remarks 7 (c)(i)(azh) ‧見備註/See Remarks 7 (c)(ii)(ao) ‧見備註/See Remarks 7 (c)(ii)(azw)(2) ‧見備註/See Remarks 7 (c)(iii)(z),
2025-06-27,2025-07-07,,第 2 座 Tower 2,29,A1,,5729000,,‧價單第7O號下的支付條款(A) Terms of Payment (A) under Price List No.7O ‧見備註/See Remarks 7 (c)(i)(azh) ‧見備註/See Remarks 7 (c)(ii)(ao) ‧見備註/See Remarks 7 (c)(ii)(azv) ‧見備註/See Remarks 7 (c)(iii)(y),
2025-06-27,2025-07-07,,第 2 座 Tower 2,33,B7,,5952000,,‧價單第7O號下的支付條款(A) Terms of Payment (A) under Price List No.7O ‧見備註/See Remarks 7 (c)(i)(azh) ‧見備註/See Remarks 7 (c)(ii)(ao) ‧見備註/See Remarks 7 (c)(ii)(azw)(2) ‧見備註/See Remarks 7 (c)(iii)(z),
2025-06-27,2025-07-07,,第 2 座 Tower 2,25,C11,,6278000,,‧價單第7O號下的支付條款(A) Terms of Payment (A) under Price List No.7O ‧見備註/See Remarks 7 (c)(i)(azh) ‧見備註/See Remarks 7 (c)(ii)(ao) ‧見備註/See Remarks 7 (c)(ii)(azu) ‧見備註/See Remarks 7 (c)(iii)(z),
2025-06-29,2025-07-07,,第 2 座 Tower 2,23,B7,,5925000,,‧價單第7O號下的支付條款(A) Terms of Payment (A) under Price List No.7O ‧見備註/See Remarks 7 (c)(i)(azh) ‧見備註/See Remarks 7 (c)(ii)(ao) ‧見備註/See Remarks 7 (c)(ii)(azw)(2) ‧見備註/See Remarks 7 (c)(iii)(z),
2025-06-29,2025-07-07,,第 2 座 Tower 2,29,B7,,5940000,,‧價單第7O號下的支付條款(A) Terms of Payment (A) under Price List No.7O ‧見備註/See Remarks 7 (c)(i)(azh) ‧見備註/See Remarks 7 (c)(ii)(ao) ‧見備註/See Remarks 7 (c)(ii)(azw)(2) ‧見備註/See Remarks 7 (c)(iii)(z),
2025-06-29,2025-07-07,,第 2 座 Tower 2,30,B7,,5943000,,‧價單第7O號下的支付條款(A) Terms of Payment (A) under Price List No.7O ‧見備註/See Remarks 7 (c)(i)(azh) ‧見備註/See Remarks 7 (c)(ii)(ao) ‧見備註/See Remarks 7 (c)(ii)(azw)(2) ‧見備註/See Remarks 7 (c)(iii)(z),
2025-06-29,2025-07-07,,第 2 座 Tower 2,31,B7,,5946000,,‧價單第7O號下的支付條款(A) Terms of Payment (A) under Price List No.7O ‧見備註/See Remarks 7 (c)(i)(azh) ‧見備註/See Remarks 7 (c)(ii)(ao) ‧見備註/See Remarks 7 (c)(ii)(azw)(2) ‧見備註/See Remarks 7 (c)(iii)(z),
2025-06-29,2025-07-07,,第 2 座 Tower 2,25,D1,,5984000,,‧價單第7O號下的支付條款(A) Terms of Payment (A) under Price List No.7O ‧見備註/See Remarks 7 (c)(i)(azh) ‧見備註/See Remarks 7 (c)(ii)(ao) ‧見備註/See Remarks 7 (c)(ii)(azu) ‧見備註/See Remarks 7 (c)(iii)(za),
2025-06-30,2025-07-08,,第 1 座 Tower 1,38,A2,,6148000,,‧價單第6Y號下的支付條款(A) Terms of Payment (A) under Price List No.6Y ‧見備註/See Remarks 7 (c)(i)(azh) ‧見備註/See Remarks 7 (c)(ii)(ao) ‧見備註/See Remarks 7 (c)(ii)(azw)(2) ‧見備註/See Remarks 7 (c)(iii)(x),
2025-07-01,2025-07-08,,第 1 座 Tower 1,35,A2,,6111000,,‧價單第6Y號下的支付條款(A) Terms of Payment (A) under Price List No.6Y ‧見備註/See Remarks 7 (c)(i)(azh) ‧見備註/See Remarks 7 (c)(ii)(ao) ‧見備註/See Remarks 7 (c)(ii)(azw)(2) ‧見備註/See Remarks 7 (c)(iii)(x),
2025-07-01,2025-07-08,,第 1 座 Tower 1,36,A2,,6123000,,‧價單第6Y號下的支付條款(A) Terms of Payment (A) under Price List No.6Y ‧見備註/See Remarks 7 (c)(i)(azh) ‧見備註/See Remarks 7 (c)(ii)(ao) ‧見備註/See Remarks 7 (c)(ii)(azw)(2) ‧見備註/See Remarks 7 (c)(iii)(x),
2025-07-01,2025-07-08,,第 1 座 Tower 1,37,A2,,6135000,,‧價單第6Y號下的支付條款(A) Terms of Payment (A) under Price List No.6Y ‧見備註/See Remarks 7 (c)(i)(azh) ‧見備註/See Remarks 7 (c)(ii)(ao) ‧見備註/See Remarks 7 (c)(ii)(azw)(2) ‧見備註/See Remarks 7 (c)(iii)(x),
2025-07-01,2025-07-08,,第 1 座 Tower 1,38,B2,,6247000,,‧價單第6Y號下的支付條款(A) Terms of Payment (A) under Price List No.6Y ‧見備註/See Remarks 7 (c)(i)(azh) ‧見備註/See Remarks 7 (c)(ii)(ao) ‧見備註/See Remarks 7 (c)(ii)(azw)(2) ‧見備註/See Remarks 7 (c)(iii)(z),
2025-07-01,,,第 2 座 Tower 2,25,B7,,5927000,,‧價單第7O號下的支付條款(A) Terms of Payment (A) under Price List No.7O ‧見備註/See Remarks 7 (c)(i)(azh) ‧見備註/See Remarks 7 (c)(ii)(ao) ‧見備註/See Remarks 7 (c)(ii)(azw)(2) ‧見備註/See Remarks 7 (c)(iii)(z),
2025-07-01,2025-07-08,,第 2 座 Tower 2,26,B7,,5931000,,‧價單第7O號下的支付條款(A) Terms of Payment (A) under Price List No.7O ‧見備註/See Remarks 7 (c)(i)(azh) ‧見備註/See Remarks 7 (c)(ii)(ao) ‧見備註/See Remarks 7 (c)(ii)(azw)(2) ‧見備註/See Remarks 7 (c)(iii)(z),
2025-07-01,2025-07-08,,第 2 座 Tower 2,35,D8,,5890000,,‧價單第7O號下的支付條款(A) Terms of Payment (A) under Price List No.7O ‧見備註/See Remarks 7 (c)(i)(azh) ‧見備註/See Remarks 7 (c)(ii)(ao) ‧見備註/See Remarks 7 (c)(ii)(azw)(2) ‧見備註/See Remarks 7 (c)(iii)(za),
2025-07-01,2025-07-08,,第 2 座 Tower 2,38,D5,,5692000,,‧價單第7O號下的支付條款(A) Terms of Payment (A) under Price List No.7O ‧見備註/See Remarks 7 (c)(i)(azh) ‧見備註/See Remarks 7 (c)(ii)(ao) ‧見備註/See Remarks 7 (c)(ii)(azw)(2) ‧見備註/See Remarks 7 (c)(iii)(za),
2025-07-02,2025-07-09,,第 1 座 Tower 1,31,B2,,6529000,,‧價單第7O號下的支付條款(A) Terms of Payment (A) under Price List No.7O ‧見備註/See Remarks 7 (c)(i)(azh) ‧見備註/See Remarks 7 (c)(ii)(ao) ‧見備註/See Remarks 7 (c)(ii)(azu) ‧見備註/See Remarks 7 (c)(iii)(z),
2025-07-07,2025-07-14,,第 1 座 Tower 1,6,A3,,4366000,,‧價單第1ZZZP號下的支付條款(A) Terms of Payment (A) under Price List No.1ZZZP ‧見備註/See Remarks 7 (c)(i)(azh) ‧見備註/See Remarks 7 (c)(ii)(ao) ‧見備註/See Remarks 7 (c)(ii)(azx)(2),
2025-07-07,2025-07-14,,第 1 座 Tower 1,10,A5,,4485000,,‧價單第3ZZZP號下的支付條款(A) Terms of Payment (A) under Price List No.3ZZZP ‧見備註/See Remarks 7 (c)(i)(azh) ‧見備註/See Remarks 7 (c)(ii)(ao) ‧見備註/See Remarks 7 (c)(ii)(azx)(2),
2025-07-07,2025-07-14,,第 1 座 Tower 1,15,A5,,4664000,,‧價單第2ZZZO號下的支付條款(A) Terms of Payment (A) under Price List No.2ZZZO ‧見備註/See Remarks 7 (c)(i)(azh) ‧見備註/See Remarks 7 (c)(ii)(ao) ‧見備註/See Remarks 7 (c)(ii)(azx)(2),
2025-07-07,2025-07-14,,第 1 座 Tower 1,17,A3,,4583000,,‧價單第4ZZZN號下的支付條款(A) Terms of Payment (A) under Price List No.4ZZZN ‧見備註/See Remarks 7 (c)(i)(azh) ‧見備註/See Remarks 7 (c)(ii)(ao) ‧見備註/See Remarks 7 (c)(ii)(azx)(2),
2025-07-07,2025-07-14,,第 1 座 Tower 1,5,B5,,4322000,,‧價單第1ZZZP號下的支付條款(A) Terms of Payment (A) under Price List No.1ZZZP ‧見備註/See Remarks 7 (c)(i)(azh) ‧見備註/See Remarks 7 (c)(ii)(ao) ‧見備註/See Remarks 7 (c)(ii)(azx)(2),
2025-07-07,2025-07-14,,第 1 座 Tower 1,8,B9,,5922000,,‧價單第1ZZZP號下的支付條款(A) Terms of Payment (A) under Price List No.1ZZZP ‧見備註/See Remarks 7 (c)(i)(azh) ‧見備註/See Remarks 7 (c)(ii)(ao) ‧見備註/See Remarks 7 (c)(ii)(azx)(2),
2025-07-07,2025-07-14,,第 1 座 Tower 1,9,B6,,4404000,,‧價單第3ZZZP號下的支付條款(A) Terms of Payment (A) under Price List No.3ZZZP ‧見備註/See Remarks 7 (c)(i)(azh) ‧見備註/See Remarks 7 (c)(ii)(ao) ‧見備註/See Remarks 7 (c)(ii)(azx)(2),
2025-07-07,2025-07-14,,第 1 座 Tower 1,10,B9,,6037000,,‧價單第1ZZZP號下的支付條款(A) Terms of Payment (A) under Price List No.1ZZZP ‧見備註/See Remarks 7 (c)(i)(azh) ‧見備註/See Remarks 7 (c)(ii)(ao) ‧見備註/See Remarks 7 (c)(ii)(azx)(2),
2025-07-07,2025-07-14,,第 1 座 Tower 1,15,B3,,4457000,,‧價單第4ZZZN號下的支付條款(A) Terms of Payment (A) under Price List No.4ZZZN ‧見備註/See Remarks 7 (c)(i)(azh) ‧見備註/See Remarks 7 (c)(ii)(ao) ‧見備註/See Remarks 7 (c)(ii)(azx)(2),
2025-07-07,2025-07-14,,第 1 座 Tower 1,18,B1,,5837000,,‧價單第2ZZZO號下的支付條款(A) Terms of Payment (A) under Price List No.2ZZZO ‧見備註/See Remarks 7 (c)(i)(azh) ‧見備註/See Remarks 7 (c)(ii)(ao) ‧見備註/See Remarks 7 (c)(ii)(azx)(2),
2025-07-07,2025-07-14,,第 1 座 Tower 1,27,B7,,4776000,,‧價單第4ZZZN號下的支付條款(A) Terms of Payment (A) under Price List No.4ZZZN ‧見備註/See Remarks 7 (c)(i)(azh) ‧見備註/See Remarks 7 (c)(ii)(ao) ‧見備註/See Remarks 7 (c)(ii)(azx)(2),
2025-07-07,2025-07-14,,第 2 座 Tower 2,5,C7,,5700000,,‧價單第1ZZZP號下的支付條款(A) Terms of Payment (A) under Price List No.1ZZZP ‧見備註/See Remarks 7 (c)(i)(azh) ‧見備註/See Remarks 7 (c)(ii)(ao) ‧見備註/See Remarks 7 (c)(ii)(azx)(2),
2025-07-07,2025-07-14,,第 2 座 Tower 2,7,C6,,5770000,,‧價單第1ZZZP號下的支付條款(A) Terms of Payment (A) under Price List No.1ZZZP ‧見備註/See Remarks 7 (c)(i)(azh) ‧見備註/See Remarks 7 (c)(ii)(ao) ‧見備註/See Remarks 7 (c)(ii)(azx)(2),
2025-07-07,2025-07-14,,第 2 座 Tower 2,8,C7,,5858000,,‧價單第1ZZZP號下的支付條款(A) Terms of Payment (A) under Price List No.1ZZZP ‧見備註/See Remarks 7 (c)(i)(azh) ‧見備註/See Remarks 7 (c)(ii)(ao) ‧見備註/See Remarks 7 (c)(ii)(azx)(2),
2025-07-07,2025-07-14,,第 2 座 Tower 2,11,C9,,5943000,,‧價單第3ZZZP號下的支付條款(A) Terms of Payment (A) under Price List No.3ZZZP ‧見備註/See Remarks 7 (c)(i)(azh) ‧見備註/See Remarks 7 (c)(ii)(ao) ‧見備註/See Remarks 7 (c)(ii)(azx)(2),
2025-07-07,2025-07-14,,第 2 座 Tower 2,12,C10,,5928000,,‧價單第2ZZZO號下的支付條款(A) Terms of Payment (A) under Price List No.2ZZZO ‧見備註/See Remarks 7 (c)(i)(azh) ‧見備註/See Remarks 7 (c)(ii)(ao) ‧見備註/See Remarks 7 (c)(ii)(azx)(2),
2025-07-07,2025-07-14,,第 2 座 Tower 2,28,C3,,4967000,,‧價單第3ZZZP號下的支付條款(A) Terms of Payment (A) under Price List No.3ZZZP ‧見備註/See Remarks 7 (c)(i)(azh) ‧見備註/See Remarks 7 (c)(ii)(ao) ‧見備註/See Remarks 7 (c)(ii)(azx)(2),
2025-07-08,2025-07-15,,第 1 座 Tower 1,7,A7,,4330000,,‧價單第3ZZZQ號下的支付條款(A) Terms of Payment (A) under Price List No.3ZZZQ ‧見備註/See Remarks 7 (c)(i)(azh) ‧見備註/See Remarks 7 (c)(ii)(ao) ‧見備註/See Remarks 7 (c)(ii)(azx)(2),
2025-07-08,2025-07-15,,第 1 座 Tower 1,22,A7,,4651000,,‧價單第4ZZZO號下的支付條款(A) Terms of Payment (A) under Price List No.4ZZZO ‧見備註/See Remarks 7 (c)(i)(azh) ‧見備註/See Remarks 7 (c)(ii)(ao) ‧見備註/See Remarks 7 (c)(ii)(azx)(2),
2025-07-08,2025-07-15,,第 1 座 Tower 1,3,B1,,5573000,,‧價單第1ZZZQ號下的支付條款(A) Terms of Payment (A) under Price List No.1ZZZQ ‧見備註/See Remarks 7 (c)(i)(azh) ‧見備註/See Remarks 7 (c)(ii)(ao) ‧見備註/See Remarks 7 (c)(ii)(azx)(2),
2025-07-08,2025-07-15,2026-07-03,第 1 座 Tower 1,25,B3,,4614000,,‧價單第4ZZZO號下的支付條款(A) Terms of Payment (A) under Price List No.4ZZZO ‧見備註/See Remarks 7 (c)(i)(azh) ‧見備註/See Remarks 7 (c)(ii)(ao) ‧見備註/See Remarks 7 (c)(ii)(azx)(2),
2025-07-08,2025-07-14,,第 1 座 Tower 1,36,B3,,4707000,,‧價單第4ZZZO號下的支付條款(A) Terms of Payment (A) under Price List No.4ZZZO ‧見備註/See Remarks 7 (c)(i)(azh) ‧見備註/See Remarks 7 (c)(ii)(ao) ‧見備註/See Remarks 7 (c)(ii)(azx)(2),
2025-07-08,2025-07-15,,第 2 座 Tower 2,8,A6,,5828000,,‧價單第1ZZZQ號下的支付條款(A) Terms of Payment (A) under Price List No.1ZZZQ ‧見備註/See Remarks 7 (c)(i)(azh) ‧見備註/See Remarks 7 (c)(ii)(ao) ‧見備註/See Remarks 7 (c)(ii)(azx)(2),
2025-07-08,2025-07-15,,第 2 座 Tower 2,12,A1,,5827000,,‧價單第1ZZZQ號下的支付條款(A) Terms of Payment (A) under Price List No.1ZZZQ ‧見備註/See Remarks 7 (c)(i)(azh) ‧見備註/See Remarks 7 (c)(ii)(ao) ‧見備註/See Remarks 7 (c)(ii)(azx)(2),
2025-07-08,2025-07-15,,第 2 座 Tower 2,16,A5,,5908000,,‧價單第2ZZZP號下的支付條款(A) Terms of Payment (A) under Price List No.2ZZZP ‧見備註/See Remarks 7 (c)(i)(azh) ‧見備註/See Remarks 7 (c)(ii)(ao) ‧見備註/See Remarks 7 (c)(ii)(azx)(2),
2025-07-08,2025-07-15,,第 2 座 Tower 2,19,B3,,6058000,,‧價單第4ZZZO號下的支付條款(A) Terms of Payment (A) under Price List No.4ZZZO ‧見備註/See Remarks 7 (c)(i)(azh) ‧見備註/See Remarks 7 (c)(ii)(ao) ‧見備註/See Remarks 7 (c)(ii)(azx)(2),
2025-07-08,2025-07-15,,第 2 座 Tower 2,22,C11,,6018000,,‧價單第5ZZZK號下的支付條款(A) Terms of Payment (A) under Price List No.5ZZZK ‧見備註/See Remarks 7 (c)(i)(azh) ‧見備註/See Remarks 7 (c)(ii)(ao) ‧見備註/See Remarks 7 (c)(ii)(azx)(2),
2025-07-08,2025-07-15,,第 2 座 Tower 2,11,D9,,8082000,,‧價單第1ZZZQ號下的支付條款(A) Terms of Payment (A) under Price List No.1ZZZQ ‧見備註/See Remarks 7 (c)(i)(azh) ‧見備註/See Remarks 7 (c)(ii)(ao) ‧見備註/See Remarks 7 (c)(ii)(azx)(2),
2025-07-08,2025-07-15,,第 2 座 Tower 2,16,D7,,5939000,,‧價單第2ZZZP號下的支付條款(A) Terms of Payment (A) under Price List No.2ZZZP ‧見備註/See Remarks 7 (c)(i)(azh) ‧見備註/See Remarks 7 (c)(ii)(ao) ‧見備註/See Remarks 7 (c)(ii)(azx)(2),
2025-07-08,2025-07-15,,第 2 座 Tower 2,17,D3,,5883000,,‧價單第2ZZZP號下的支付條款(A) Terms of Payment (A) under Price List No.2ZZZP ‧見備註/See Remarks 7 (c)(i)(azh) ‧見備註/See Remarks 7 (c)(ii)(ao) ‧見備註/See Remarks 7 (c)(ii)(azx)(2),
2025-07-08,2025-07-15,,第 2 座 Tower 2,20,D2,,5932000,,‧價單第3ZZZQ號下的支付條款(A) Terms of Payment (A) under Price List No.3ZZZQ ‧見備註/See Remarks 7 (c)(i)(azh) ‧見備註/See Remarks 7 (c)(ii)(ao) ‧見備註/See Remarks 7 (c)(ii)(azx)(2),
2025-07-10,2025-07-17,,第 2 座 Tower 2,16,D1,,5822000,,‧價單第2ZZZP號下的支付條款(A) Terms of Payment (A) under Price List No.2ZZZP ‧見備註/See Remarks 7 (c)(i)(azh) ‧見備註/See Remarks 7 (c)(ii)(ao) ‧見備註/See Remarks 7 (c)(ii)(azx)(2),
2025-07-11,2025-07-18,,第 1 座 Tower 1,20,B2,,6208000,,‧價單第2ZZZP號下的支付條款(A) Terms of Payment (A) under Price List No.2ZZZP ‧見備註/See Remarks 7 (c)(i)(azh) ‧見備註/See Remarks 7 (c)(ii)(ao) ‧見備註/See Remarks 7 (c)(ii)(azx)(2),
2025-07-11,2025-07-18,,第 2 座 Tower 2,26,A2,,6056000,,‧價單第3ZZZQ號下的支付條款(A) Terms of Payment (A) under Price List No.3ZZZQ ‧見備註/See Remarks 7 (c)(i)(azh) ‧見備註/See Remarks 7 (c)(ii)(ao) ‧見備註/See Remarks 7 (c)(ii)(azx)(2),
2025-07-11,2025-07-18,,第 2 座 Tower 2,25,B7,,5927000,,‧價單第7Q號下的支付條款(A) Terms of Payment (A) under Price List No.7Q ‧見備註/See Remarks 7 (c)(i)(azh) ‧見備註/See Remarks 7 (c)(ii)(ao) ‧見備註/See Remarks 7 (c)(ii)(azx)(2) ‧見備註/See Remarks 7 (c)(iii)(z),
2025-07-11,2025-07-18,,第 2 座 Tower 2,18,C7,,6000000,,‧價單第5ZZZK號下的支付條款(A) Terms of Payment (A) under Price List No.5ZZZK ‧見備註/See Remarks 7 (c)(i)(azh) ‧見備註/See Remarks 7 (c)(ii)(ao) ‧見備註/See Remarks 7 (c)(ii)(azx)(2),
2025-07-12,2025-07-18,,第 2 座 Tower 2,3,C9,,5619000,,‧價單第1ZZZQ號下的支付條款(A) Terms of Payment (A) under Price List No.1ZZZQ ‧見備註/See Remarks 7 (c)(i)(azh) ‧見備註/See Remarks 7 (c)(ii)(ao) ‧見備註/See Remarks 7 (c)(ii)(azx)(2),
2025-07-13,2025-07-18,,第 2 座 Tower 2,10,B6,,5913000,,‧價單第4ZZZO號下的支付條款(A) Terms of Payment (A) under Price List No.4ZZZO ‧見備註/See Remarks 7 (c)(i)(azh) ‧見備註/See Remarks 7 (c)(ii)(ao) ‧見備註/See Remarks 7 (c)(ii)(azx)(2),
2025-07-14,2025-07-21,,第 2 座 Tower 2,5,C1,,5111000,,‧價單第2ZZZP號下的支付條款(A) Terms of Payment (A) under Price List No.2ZZZP ‧見備註/See Remarks 7 (c)(i)(azh) ‧見備註/See Remarks 7 (c)(ii)(ao) ‧見備註/See Remarks 7 (c)(ii)(azx)(2),
2025-07-16,2025-07-23,,第 2 座 Tower 2,3,B6,,5811000,,‧價單第1ZZZQ號下的支付條款(A) Terms of Payment (A) under Price List No.1ZZZQ ‧見備註/See Remarks 7 (c)(i)(azh) ‧見備註/See Remarks 7 (c)(ii)(ao) ‧見備註/See Remarks 7 (c)(ii)(azx)(2),
2025-07-18,2025-07-25,,第 2 座 Tower 2,6,B1,,5848000,,‧價單第4ZZZO號下的支付條款(A) Terms of Payment (A) under Price List No.4ZZZO ‧見備註/See Remarks 7 (c)(i)(azh) ‧見備註/See Remarks 7 (c)(ii)(ao) ‧見備註/See Remarks 7 (c)(ii)(azx)(2),
2026-07-07,2026-07-14,,第 1 座 Tower 1,25,B3,,4030000,,‧價單第4ZZZP號下的支付條款(A) Terms of Payment (A) under Price List No.4ZZZP ‧見備註/See Remarks 7 (c)(i)(azp),
