pasp,asp,terminated,block,floor,unit,carpark,price,revision,terms,related
2022-06-03,2022-06-10,,翠景閣第1座 Greenwood Tower 1,5,A1,,7926600,,‧價單第3號 (A1)付款辦法 Payment Plan (A1) of Price List No.3 見備註/See Remarks 7(c)(i) ‧見備註/See Remarks 7(d)(i) ‧見備註/See Remarks 7(e)(i) ‧見備註/See Remarks 7(f)(i) ‧見備註/See Remarks 7(g)(i) ‧見備註/See Remarks 7(h)(i) ‧見備註/See Remarks 7(j)(v),
2022-06-03,2022-06-10,,翠景閣第1座 Greenwood Tower 1,3,A1,,8261100,,‧價單第3號 (F1)付款辦法 Payment Plan (F1) of Price List No.3 見備註/See Remarks 7(c)(vii) ‧見備註/See Remarks 7(d)(i) ‧見備註/See Remarks 7(e)(i) ‧見備註/See Remarks 7(f)(i) ‧見備註/See Remarks 7(g)(i) ‧見備註/See Remarks 7(h)(i) ‧見備註/See Remarks 7(j)(v),
2022-06-03,2022-06-10,,翠景閣第1座 Greenwood Tower 1,2,A1,,8195000,,‧價單第3號 (F1)付款辦法 Payment Plan (F1) of Price List No.3 見備註/See Remarks 7(c)(vii) ‧見備註/See Remarks 7(d)(i) ‧見備註/See Remarks 7(e)(i) ‧見備註/See Remarks 7(f)(i) ‧見備註/See Remarks 7(g)(i) ‧見備註/See Remarks 7(h)(i) ‧見備註/See Remarks 7(j)(v),
2022-06-03,2022-06-10,,翠景閣第1座 Greenwood Tower 1,11,B6,,10876400,,‧價單第1A號 (F1)付款辦法 Payment Plan (F1) of Price List No.1A 見備註/See Remarks 7(c)(vii) ‧見備註/See Remarks 7(d)(i) ‧見備註/See Remarks 7(e)(i) ‧見備註/See Remarks 7(f)(i) ‧見備註/See Remarks 7(g)(i) ‧見備註/See Remarks 7(h)(i) ‧見備註/See Remarks 7(j)(v) ‧見備註/See Remarks 7(j)(vi)(a),
2022-06-03,2022-06-10,,翠景閣第1座 Greenwood Tower 1,10,B6,,10311500,,‧價單第1A號 (A1)付款辦法 Payment Plan (A1) of Price List No.1A 見備註/See Remarks 7(c)(i) ‧見備註/See Remarks 7(d)(i) ‧見備註/See Remarks 7(e)(i) ‧見備註/See Remarks 7(f)(i) ‧見備註/See Remarks 7(g)(i) ‧見備註/See Remarks 7(h)(i) ‧見備註/See Remarks 7(j)(v) ‧見備註/See Remarks 7(j)(vi)(a),
2022-06-03,2022-06-10,,翠景閣第1座 Greenwood Tower 1,9,B6,,11181900,,‧價單第1A號 (B2Y)付款辦法 Payment Plan (B2Y) of Price List No.1A 見備註/See Remarks 7(c)(iii) ‧見備註/See Remarks 7(d)(ii) ‧見備註/See Remarks 7(e)(iii) ‧見備註/See Remarks 7(g)(i) ‧見備註/See Remarks 7(h)(i) ‧見備註/See Remarks 7(j)(ii)(a) ‧見備註/See Remarks 7(j)(iv)(a) ‧見備註/See Remarks 7(j)(v) ‧見備註/See Remarks 7(j)(vi)(a),
2022-06-03,2022-06-10,,翠景閣第1座 Greenwood Tower 1,8,B6,,10704200,,‧價單第1A號 (F1)付款辦法 Payment Plan (F1) of Price List No.1A 見備註/See Remarks 7(c)(vii) ‧見備註/See Remarks 7(d)(i) ‧見備註/See Remarks 7(e)(i) ‧見備註/See Remarks 7(f)(i) ‧見備註/See Remarks 7(g)(i) ‧見備註/See Remarks 7(h)(i) ‧見備註/See Remarks 7(j)(v) ‧見備註/See Remarks 7(j)(vi)(a),
2022-06-03,2022-06-10,,翠景閣第1座 Greenwood Tower 1,7,B6,,10682900,,‧價單第1A號 (F1)付款辦法 Payment Plan (F1) of Price List No.1A 見備註/See Remarks 7(c)(vii) ‧見備註/See Remarks 7(d)(i) ‧見備註/See Remarks 7(e)(i) ‧見備註/See Remarks 7(f)(i) ‧見備註/See Remarks 7(g)(i) ‧見備註/See Remarks 7(h)(i) ‧見備註/See Remarks 7(j)(v) ‧見備註/See Remarks 7(j)(vi)(a),
2022-06-03,2022-06-10,2026-07-23,翠景閣第1座 Greenwood Tower 1,6,B6,,11462700,,‧價單第1A號 (C1)付款辦法 Payment Plan (C1) of Price List No.1A 見備註/See Remarks 7(c)(iv) ‧見備註/See Remarks 7(d)(ii) ‧見備註/See Remarks 7(e)(iv) ‧見備註/See Remarks 7(g)(i) ‧見備註/See Remarks 7(h)(i) ‧見備註/See Remarks 7(j)(i)(a) ‧見備註/See Remarks 7(j)(ii)(a) ‧見備註/See Remarks 7(j)(iv)(a) ‧見備註/See Remarks 7(j)(v) ‧見備註/See Remarks 7(j)(vi)(a),
2022-06-03,2022-06-10,,翠景閣第1座 Greenwood Tower 1,5,B6,,10640200,,‧價單第1A號 (F1)付款辦法 Payment Plan (F1) of Price List No.1A 見備註/See Remarks 7(c)(vii) ‧見備註/See Remarks 7(d)(i) ‧見備註/See Remarks 7(e)(i) ‧見備註/See Remarks 7(f)(i) ‧見備註/See Remarks 7(g)(i) ‧見備註/See Remarks 7(h)(i) ‧見備註/See Remarks 7(j)(v) ‧見備註/See Remarks 7(j)(vi)(a),
2022-06-03,2022-06-10,2026-07-23,翠景閣第1座 Greenwood Tower 1,3,B6,,10576400,"在07-09-2023，基於法例第35(2)(b)條所容許的原因 ，售價調整為$11,004,300。 On 07-09-2023, the price adjusted to $11,004,300 due to the reason allowed under section 35(2)(b) of the Ordinance.",‧價單第1A號 (F1)付款辦法 Payment Plan (F1) of Price List No.1A 見備註/See Remarks 7(c)(vii) ‧見備註/See Remarks 7(d)(i) ‧見備註/See Remarks 7(e)(i) ‧見備註/See Remarks 7(f)(i) ‧見備註/See Remarks 7(g)(i) ‧見備註/See Remarks 7(h)(i) ‧見備註/See Remarks 7(j)(v) ‧見備註/See Remarks 7(j)(vi)(a) ‧價單第1A號 (B2Y)付款辦法 Payment Plan (B2Y) of Price List No.1A 見備註/See Remarks 7(c)(iii) ‧見備註/See Remarks 7(d)(ii) ‧見備註/See Remarks 7(e)(iii) ‧見備註/See Remarks 7(g)(i) ‧見備註/See Remarks 7(h)(i) ‧見備註/See Remarks 7(j)(ii)(a) ‧見備註/See Remarks 7(j)(iv)(a) ‧見備註/See Remarks 7(j)(v) ‧見備註/See Remarks 7(j)(vi)(a) ‧(在07-09-2023修訂) (revised on 07-09-2023),
2022-06-03,2022-06-10,,翠景閣第1座 Greenwood Tower 1,2,B6,,10006600,,‧價單第1A號 (A1)付款辦法 Payment Plan (A1) of Price List No.1A 見備註/See Remarks 7(c)(i) ‧見備註/See Remarks 7(d)(i) ‧見備註/See Remarks 7(e)(i) ‧見備註/See Remarks 7(f)(i) ‧見備註/See Remarks 7(g)(i) ‧見備註/See Remarks 7(h)(i) ‧見備註/See Remarks 7(j)(v) ‧見備註/See Remarks 7(j)(vi)(a),
2022-06-03,2022-06-10,,翠景閣第2座 Greenwood Tower 2,5,A1,,8258700,,‧價單第2號 (F1)付款辦法 Payment Plan (F1) of Price List No.2 見備註/See Remarks 7(c)(vii) ‧見備註/See Remarks 7(d)(i) ‧見備註/See Remarks 7(e)(i) ‧見備註/See Remarks 7(f)(i) ‧見備註/See Remarks 7(g)(i) ‧見備註/See Remarks 7(h)(i) ‧見備註/See Remarks 7(j)(v),
2022-06-03,2022-06-10,,翠景閣第2座 Greenwood Tower 2,3,A1,,8209100,,‧價單第2號 (F1)付款辦法 Payment Plan (F1) of Price List No.2 見備註/See Remarks 7(c)(vii) ‧見備註/See Remarks 7(d)(i) ‧見備註/See Remarks 7(e)(i) ‧見備註/See Remarks 7(f)(i) ‧見備註/See Remarks 7(g)(i) ‧見備註/See Remarks 7(h)(i) ‧見備註/See Remarks 7(j)(v),
2022-06-03,2022-06-10,,翠景閣第2座 Greenwood Tower 2,2,A1,,8143400,,‧價單第2號 (F1)付款辦法 Payment Plan (F1) of Price List No.2 見備註/See Remarks 7(c)(vii) ‧見備註/See Remarks 7(d)(i) ‧見備註/See Remarks 7(e)(i) ‧見備註/See Remarks 7(f)(i) ‧見備註/See Remarks 7(g)(i) ‧見備註/See Remarks 7(h)(i) ‧見備註/See Remarks 7(j)(v),
2022-06-03,2022-06-10,,翠景閣第2座 Greenwood Tower 2,12,B6,,7826400,,‧價單第3號 (F1)付款辦法 Payment Plan (F1) of Price List No.3 見備註/See Remarks 7(c)(vii) ‧見備註/See Remarks 7(d)(i) ‧見備註/See Remarks 7(e)(i) ‧見備註/See Remarks 7(f)(i) ‧見備註/See Remarks 7(g)(i) ‧見備註/See Remarks 7(h)(i) ‧見備註/See Remarks 7(j)(v),
2022-06-03,2022-06-10,,翠景閣第2座 Greenwood Tower 2,11,B6,,7451900,,‧價單第3號 (F1)付款辦法 Payment Plan (F1) of Price List No.3 見備註/See Remarks 7(c)(vii) ‧見備註/See Remarks 7(d)(i) ‧見備註/See Remarks 7(e)(i) ‧見備註/See Remarks 7(f)(i) ‧見備註/See Remarks 7(g)(i) ‧見備註/See Remarks 7(h)(i) ‧見備註/See Remarks 7(j)(v),
2022-06-03,2022-06-10,,翠景閣第2座 Greenwood Tower 2,10,B6,,7707300,,‧價單第3號 (B2Y)付款辦法 Payment Plan (B2Y) of Price List No.3 見備註/See Remarks 7(c)(iii) ‧見備註/See Remarks 7(d)(ii) ‧見備註/See Remarks 7(e)(iii) ‧見備註/See Remarks 7(g)(i) ‧見備註/See Remarks 7(h)(i) ‧見備註/See Remarks 7(j)(ii)(a) ‧見備註/See Remarks 7(j)(iv)(a) ‧見備註/See Remarks 7(j)(v),
2022-06-03,2022-06-10,,翠景閣第2座 Greenwood Tower 2,9,B6,,7363300,,‧價單第3號 (F1)付款辦法 Payment Plan (F1) of Price List No.3 見備註/See Remarks 7(c)(vii) ‧見備註/See Remarks 7(d)(i) ‧見備註/See Remarks 7(e)(i) ‧見備註/See Remarks 7(f)(i) ‧見備註/See Remarks 7(g)(i) ‧見備註/See Remarks 7(h)(i) ‧見備註/See Remarks 7(j)(v),
2022-06-03,2022-06-10,,翠景閣第2座 Greenwood Tower 2,8,B6,,8309100,,‧價單第3號 (D1)付款辦法 Payment Plan (D1) of Price List No.3 見備註/See Remarks 7(c)(v) ‧見備註/See Remarks 7(g)(i) ‧見備註/See Remarks 7(h)(i) ‧見備註/See Remarks 7(j)(i)(b) ‧見備註/See Remarks 7(j)(ii)(a) ‧見備註/See Remarks 7(j)(iv)(a) ‧見備註/See Remarks 7(j)(v),
2022-06-03,2022-06-10,,翠景閣第2座 Greenwood Tower 2,7,B6,,7319300,,‧價單第3號 (F1)付款辦法 Payment Plan (F1) of Price List No.3 見備註/See Remarks 7(c)(vii) ‧見備註/See Remarks 7(d)(i) ‧見備註/See Remarks 7(e)(i) ‧見備註/See Remarks 7(f)(i) ‧見備註/See Remarks 7(g)(i) ‧見備註/See Remarks 7(h)(i) ‧見備註/See Remarks 7(j)(v),
2022-06-03,2022-06-10,,翠景閣第2座 Greenwood Tower 2,6,B6,,7304800,"在04-07-2022，基於法例第35(2)(b)條所容許的原因 ，售價調整為$6,967,000。 On 04-07-2022, the price adjusted to $6,967,000 due to the reason allowed under section 35(2)(b) of the Ordinance.",‧價單第3號 (F1)付款辦法 Payment Plan (F1) of Price List No.3 見備註/See Remarks 7(c)(vii) ‧見備註/See Remarks 7(d)(i) ‧見備註/See Remarks 7(e)(i) ‧見備註/See Remarks 7(f)(i) ‧見備註/See Remarks 7(g)(i) ‧見備註/See Remarks 7(h)(i) ‧見備註/See Remarks 7(j)(v),
2022-06-03,2022-06-10,,翠景閣第2座 Greenwood Tower 2,5,B6,,7290200,,‧價單第3號 (F1)付款辦法 Payment Plan (F1) of Price List No.3 見備註/See Remarks 7(c)(vii) ‧見備註/See Remarks 7(d)(i) ‧見備註/See Remarks 7(e)(i) ‧見備註/See Remarks 7(f)(i) ‧見備註/See Remarks 7(g)(i) ‧見備註/See Remarks 7(h)(i) ‧見備註/See Remarks 7(j)(v),
2022-06-03,2022-06-10,,翠景閣第2座 Greenwood Tower 2,3,B6,,7494100,,‧價單第3號 (B2Y)付款辦法 Payment Plan (B2Y) of Price List No.3 見備註/See Remarks 7(c)(iii) ‧見備註/See Remarks 7(d)(ii) ‧見備註/See Remarks 7(e)(iii) ‧見備註/See Remarks 7(g)(i) ‧見備註/See Remarks 7(h)(i) ‧見備註/See Remarks 7(j)(ii)(a) ‧見備註/See Remarks 7(j)(iv)(a) ‧見備註/See Remarks 7(j)(v),
2022-06-03,2022-06-10,,翠景閣第2座 Greenwood Tower 2,2,B6,,7173800,,‧價單第3號 (F1)付款辦法 Payment Plan (F1) of Price List No.3 見備註/See Remarks 7(c)(vii) ‧見備註/See Remarks 7(d)(i) ‧見備註/See Remarks 7(e)(i) ‧見備註/See Remarks 7(f)(i) ‧見備註/See Remarks 7(g)(i) ‧見備註/See Remarks 7(h)(i) ‧見備註/See Remarks 7(j)(v),
2022-06-03,2022-06-10,,翠景閣第2座 Greenwood Tower 2,1,B6,,6981400,,‧價單第3號 (F1)付款辦法 Payment Plan (F1) of Price List No.3 見備註/See Remarks 7(c)(vii) ‧見備註/See Remarks 7(d)(i) ‧見備註/See Remarks 7(e)(i) ‧見備註/See Remarks 7(f)(i) ‧見備註/See Remarks 7(g)(i) ‧見備註/See Remarks 7(h)(i) ‧見備註/See Remarks 7(j)(v),
2022-06-03,2022-06-10,,翠景閣第2座 Greenwood Tower 2,12,B8,,6429700,,‧價單第2號 (B2X)付款辦法 Payment Plan (B2X) of Price List No.2 見備註/See Remarks 7(c)(ii) ‧見備註/See Remarks 7(d)(ii) ‧見備註/See Remarks 7(e)(iii) ‧見備註/See Remarks 7(g)(i) ‧見備註/See Remarks 7(h)(i) ‧見備註/See Remarks 7(j)(ii)(a) ‧見備註/See Remarks 7(j)(iv)(a) ‧見備註/See Remarks 7(j)(v),
2022-06-03,2022-06-10,,翠景閣第2座 Greenwood Tower 2,11,B8,,5457300,,‧價單第2號 (A1)付款辦法 Payment Plan (A1) of Price List No.2 見備註/See Remarks 7(c)(i) ‧見備註/See Remarks 7(d)(i) ‧見備註/See Remarks 7(e)(i) ‧見備註/See Remarks 7(f)(i) ‧見備註/See Remarks 7(g)(i) ‧見備註/See Remarks 7(h)(i) ‧見備註/See Remarks 7(j)(v),
2022-06-03,2022-06-10,,翠景閣第2座 Greenwood Tower 2,10,B8,,5918000,,‧價單第2號 (B2X)付款辦法 Payment Plan (B2X) of Price List No.2 見備註/See Remarks 7(c)(ii) ‧見備註/See Remarks 7(d)(ii) ‧見備註/See Remarks 7(e)(iii) ‧見備註/See Remarks 7(g)(i) ‧見備註/See Remarks 7(h)(i) ‧見備註/See Remarks 7(j)(ii)(a) ‧見備註/See Remarks 7(j)(iv)(a) ‧見備註/See Remarks 7(j)(v),
2022-06-03,2022-06-10,,翠景閣第2座 Greenwood Tower 2,9,B8,,5392500,,‧價單第2號 (A1)付款辦法 Payment Plan (A1) of Price List No.2 見備註/See Remarks 7(c)(i) ‧見備註/See Remarks 7(d)(i) ‧見備註/See Remarks 7(e)(i) ‧見備註/See Remarks 7(f)(i) ‧見備註/See Remarks 7(g)(i) ‧見備註/See Remarks 7(h)(i) ‧見備註/See Remarks 7(j)(v),
2022-06-03,2022-06-10,,翠景閣第2座 Greenwood Tower 2,8,B8,,5859200,,‧價單第2號 (B2X)付款辦法 Payment Plan (B2X) of Price List No.2 見備註/See Remarks 7(c)(ii) ‧見備註/See Remarks 7(d)(ii) ‧見備註/See Remarks 7(e)(iii) ‧見備註/See Remarks 7(g)(i) ‧見備註/See Remarks 7(h)(i) ‧見備註/See Remarks 7(j)(ii)(a) ‧見備註/See Remarks 7(j)(iv)(a) ‧見備註/See Remarks 7(j)(v),
2022-06-03,2022-06-10,,翠景閣第2座 Greenwood Tower 2,7,B8,,5847500,,‧價單第2號 (B2X)付款辦法 Payment Plan (B2X) of Price List No.2 見備註/See Remarks 7(c)(ii) ‧見備註/See Remarks 7(d)(ii) ‧見備註/See Remarks 7(e)(iii) ‧見備註/See Remarks 7(g)(i) ‧見備註/See Remarks 7(h)(i) ‧見備註/See Remarks 7(j)(ii)(a) ‧見備註/See Remarks 7(j)(iv)(a) ‧見備註/See Remarks 7(j)(v),
2022-06-03,2022-06-10,,翠景閣第2座 Greenwood Tower 2,6,B8,,5835900,,‧價單第2號 (B2X)付款辦法 Payment Plan (B2X) of Price List No.2 見備註/See Remarks 7(c)(ii) ‧見備註/See Remarks 7(d)(ii) ‧見備註/See Remarks 7(e)(iii) ‧見備註/See Remarks 7(g)(i) ‧見備註/See Remarks 7(h)(i) ‧見備註/See Remarks 7(j)(ii)(a) ‧見備註/See Remarks 7(j)(iv)(a) ‧見備註/See Remarks 7(j)(v),
2022-06-03,2022-06-10,,翠景閣第2座 Greenwood Tower 2,5,B8,,5824200,,‧價單第2號 (B2X)付款辦法 Payment Plan (B2X) of Price List No.2 見備註/See Remarks 7(c)(ii) ‧見備註/See Remarks 7(d)(ii) ‧見備註/See Remarks 7(e)(iii) ‧見備註/See Remarks 7(g)(i) ‧見備註/See Remarks 7(h)(i) ‧見備註/See Remarks 7(j)(ii)(a) ‧見備註/See Remarks 7(j)(iv)(a) ‧見備註/See Remarks 7(j)(v),
2022-06-03,2022-06-10,,翠景閣第2座 Greenwood Tower 2,3,B8,,5754300,,‧價單第2號 (B2X)付款辦法 Payment Plan (B2X) of Price List No.2 見備註/See Remarks 7(c)(ii) ‧見備註/See Remarks 7(d)(ii) ‧見備註/See Remarks 7(e)(iii) ‧見備註/See Remarks 7(g)(i) ‧見備註/See Remarks 7(h)(i) ‧見備註/See Remarks 7(j)(ii)(a) ‧見備註/See Remarks 7(j)(iv)(a) ‧見備註/See Remarks 7(j)(v),
2022-06-03,2022-06-10,,翠景閣第2座 Greenwood Tower 2,2,B8,,5731300,,‧價單第2號 (B2X)付款辦法 Payment Plan (B2X) of Price List No.2 見備註/See Remarks 7(c)(ii) ‧見備註/See Remarks 7(d)(ii) ‧見備註/See Remarks 7(e)(iii) ‧見備註/See Remarks 7(g)(i) ‧見備註/See Remarks 7(h)(i) ‧見備註/See Remarks 7(j)(ii)(a) ‧見備註/See Remarks 7(j)(iv)(a) ‧見備註/See Remarks 7(j)(v),
2022-06-03,2022-06-10,,翠景閣第2座 Greenwood Tower 2,1,B8,,5419700,,‧價單第2號 (B2X)付款辦法 Payment Plan (B2X) of Price List No.2 見備註/See Remarks 7(c)(ii) ‧見備註/See Remarks 7(d)(ii) ‧見備註/See Remarks 7(e)(iii) ‧見備註/See Remarks 7(g)(i) ‧見備註/See Remarks 7(h)(i) ‧見備註/See Remarks 7(j)(ii)(a) ‧見備註/See Remarks 7(j)(iv)(a) ‧見備註/See Remarks 7(j)(v),
2022-06-03,2022-06-10,,翠景閣第3座 Greenwood Tower 3,5,A1,,7876800,,‧價單第2號 (A1)付款辦法 Payment Plan (A1) of Price List No.2 見備註/See Remarks 7(c)(i) ‧見備註/See Remarks 7(d)(i) ‧見備註/See Remarks 7(e)(i) ‧見備註/See Remarks 7(f)(i) ‧見備註/See Remarks 7(g)(i) ‧見備註/See Remarks 7(h)(i) ‧見備註/See Remarks 7(j)(v),
2022-06-03,2022-06-10,,翠景閣第3座 Greenwood Tower 3,3,A1,,7829500,,‧價單第2號 (A1)付款辦法 Payment Plan (A1) of Price List No.2 見備註/See Remarks 7(c)(i) ‧見備註/See Remarks 7(d)(i) ‧見備註/See Remarks 7(e)(i) ‧見備註/See Remarks 7(f)(i) ‧見備註/See Remarks 7(g)(i) ‧見備註/See Remarks 7(h)(i) ‧見備註/See Remarks 7(j)(v),
2022-06-03,2022-06-10,,翠景閣第3座 Greenwood Tower 3,2,A1,,9226100,,‧價單第2號 (D1)付款辦法 Payment Plan (D1) of Price List No.2 見備註/See Remarks 7(c)(v) ‧見備註/See Remarks 7(g)(i) ‧見備註/See Remarks 7(h)(i) ‧見備註/See Remarks 7(j)(i)(b) ‧見備註/See Remarks 7(j)(ii)(a) ‧見備註/See Remarks 7(j)(iv)(a) ‧見備註/See Remarks 7(j)(v),
2022-06-03,2022-06-10,,翠景閣第3座 Greenwood Tower 3,7,A3,,7250200,,‧價單第2號 (F1)付款辦法 Payment Plan (F1) of Price List No.2 見備註/See Remarks 7(c)(vii) ‧見備註/See Remarks 7(d)(i) ‧見備註/See Remarks 7(e)(i) ‧見備註/See Remarks 7(f)(i) ‧見備註/See Remarks 7(g)(i) ‧見備註/See Remarks 7(h)(i) ‧見備註/See Remarks 7(j)(v),
2022-06-03,2022-06-10,,翠景閣第3座 Greenwood Tower 3,6,A3,,7242900,"在04-07-2022，基於法例第35(2)(b)條所容許的原因 ，售價調整為$6,908,000。 On 04-07-2022, the price adjusted to $6,908,000 due to the reason allowed under section 35(2)(b) of the Ordinance.",‧價單第2號 (F1)付款辦法 Payment Plan (F1) of Price List No.2 見備註/See Remarks 7(c)(vii) ‧見備註/See Remarks 7(d)(i) ‧見備註/See Remarks 7(e)(i) ‧見備註/See Remarks 7(f)(i) ‧見備註/See Remarks 7(g)(i) ‧見備註/See Remarks 7(h)(i) ‧見備註/See Remarks 7(j)(v) ‧價單第2號 (A1)付款辦法 Payment Plan (A1) of Price List No.2 見備註/See Remarks 7(c)(i) ‧見備註/See Remarks 7(d)(i) ‧見備註/See Remarks 7(e)(i) ‧見備註/See Remarks 7(f)(i) ‧見備註/See Remarks 7(g)(i) ‧見備註/See Remarks 7(h)(i) ‧見備註/See Remarks 7(j)(v) ‧(在04-07-2022修訂) (revised on 04-07-2022),
2022-06-03,2022-06-10,,翠景閣第3座 Greenwood Tower 3,5,A3,,7228400,,‧價單第2號 (F1)付款辦法 Payment Plan (F1) of Price List No.2 見備註/See Remarks 7(c)(vii) ‧見備註/See Remarks 7(d)(i) ‧見備註/See Remarks 7(e)(i) ‧見備註/See Remarks 7(f)(i) ‧見備註/See Remarks 7(g)(i) ‧見備註/See Remarks 7(h)(i) ‧見備註/See Remarks 7(j)(v),
2022-06-03,2022-06-10,,翠景閣第3座 Greenwood Tower 3,3,A3,,7214000,,‧價單第2號 (F1)付款辦法 Payment Plan (F1) of Price List No.2 見備註/See Remarks 7(c)(vii) ‧見備註/See Remarks 7(d)(i) ‧見備註/See Remarks 7(e)(i) ‧見備註/See Remarks 7(f)(i) ‧見備註/See Remarks 7(g)(i) ‧見備註/See Remarks 7(h)(i) ‧見備註/See Remarks 7(j)(v),
2022-06-03,2022-06-10,,翠景閣第3座 Greenwood Tower 3,2,A3,,7199500,,‧價單第2號 (F1)付款辦法 Payment Plan (F1) of Price List No.2 見備註/See Remarks 7(c)(vii) ‧見備註/See Remarks 7(d)(i) ‧見備註/See Remarks 7(e)(i) ‧見備註/See Remarks 7(f)(i) ‧見備註/See Remarks 7(g)(i) ‧見備註/See Remarks 7(h)(i) ‧見備註/See Remarks 7(j)(v),
2022-06-03,2022-06-10,,翠景閣第3座 Greenwood Tower 3,7,A6,,7396000,,‧價單第3號 (F1)付款辦法 Payment Plan (F1) of Price List No.3 見備註/See Remarks 7(c)(vii) ‧見備註/See Remarks 7(d)(i) ‧見備註/See Remarks 7(e)(i) ‧見備註/See Remarks 7(f)(i) ‧見備註/See Remarks 7(g)(i) ‧見備註/See Remarks 7(h)(i) ‧見備註/See Remarks 7(j)(v),
2022-06-03,2022-06-10,,翠景閣第3座 Greenwood Tower 3,6,A6,,7381300,,‧價單第3號 (F1)付款辦法 Payment Plan (F1) of Price List No.3 見備註/See Remarks 7(c)(vii) ‧見備註/See Remarks 7(d)(i) ‧見備註/See Remarks 7(e)(i) ‧見備註/See Remarks 7(f)(i) ‧見備註/See Remarks 7(g)(i) ‧見備註/See Remarks 7(h)(i) ‧見備註/See Remarks 7(j)(v),
2022-06-03,2022-06-10,,翠景閣第3座 Greenwood Tower 3,5,A6,,7664600,,‧價單第3號 (B2Y)付款辦法 Payment Plan (B2Y) of Price List No.3 見備註/See Remarks 7(c)(iii) ‧見備註/See Remarks 7(d)(ii) ‧見備註/See Remarks 7(e)(iii) ‧見備註/See Remarks 7(g)(i) ‧見備註/See Remarks 7(h)(i) ‧見備註/See Remarks 7(j)(ii)(a) ‧見備註/See Remarks 7(j)(iv)(a) ‧見備註/See Remarks 7(j)(v),
2022-06-03,2022-06-10,,翠景閣第3座 Greenwood Tower 3,3,A6,,7322300,,‧價單第3號 (F1)付款辦法 Payment Plan (F1) of Price List No.3 見備註/See Remarks 7(c)(vii) ‧見備註/See Remarks 7(d)(i) ‧見備註/See Remarks 7(e)(i) ‧見備註/See Remarks 7(f)(i) ‧見備註/See Remarks 7(g)(i) ‧見備註/See Remarks 7(h)(i) ‧見備註/See Remarks 7(j)(v),
2022-06-03,2022-06-10,,翠景閣第3座 Greenwood Tower 3,2,A6,,7263800,,‧價單第3號 (F1)付款辦法 Payment Plan (F1) of Price List No.3 見備註/See Remarks 7(c)(vii) ‧見備註/See Remarks 7(d)(i) ‧見備註/See Remarks 7(e)(i) ‧見備註/See Remarks 7(f)(i) ‧見備註/See Remarks 7(g)(i) ‧見備註/See Remarks 7(h)(i) ‧見備註/See Remarks 7(j)(v),
2022-06-03,2022-06-10,,翠景閣第5座 Greenwood Tower 5,11,A2,,11904900,,‧價單第1A號 (F1)付款辦法 Payment Plan (F1) of Price List No.1A 見備註/See Remarks 7(c)(vii) ‧見備註/See Remarks 7(d)(i) ‧見備註/See Remarks 7(e)(i) ‧見備註/See Remarks 7(f)(i) ‧見備註/See Remarks 7(g)(i) ‧見備註/See Remarks 7(h)(i) ‧見備註/See Remarks 7(j)(v) ‧見備註/See Remarks 7(j)(vi)(a),
2022-06-03,2022-06-10,,翠景閣第5座 Greenwood Tower 5,10,A2,,11810400,,‧價單第1A號 (F1)付款辦法 Payment Plan (F1) of Price List No.1A 見備註/See Remarks 7(c)(vii) ‧見備註/See Remarks 7(d)(i) ‧見備註/See Remarks 7(e)(i) ‧見備註/See Remarks 7(f)(i) ‧見備註/See Remarks 7(g)(i) ‧見備註/See Remarks 7(h)(i) ‧見備註/See Remarks 7(j)(v) ‧見備註/See Remarks 7(j)(vi)(a),
2022-06-03,2022-06-10,,翠景閣第5座 Greenwood Tower 5,9,A2,,11740000,,‧價單第1A號 (F1)付款辦法 Payment Plan (F1) of Price List No.1A 見備註/See Remarks 7(c)(vii) ‧見備註/See Remarks 7(d)(i) ‧見備註/See Remarks 7(e)(i) ‧見備註/See Remarks 7(f)(i) ‧見備註/See Remarks 7(g)(i) ‧見備註/See Remarks 7(h)(i) ‧見備註/See Remarks 7(j)(v) ‧見備註/See Remarks 7(j)(vi)(a),
2022-06-03,2022-06-10,,翠景閣第5座 Greenwood Tower 5,8,A2,,11693200,,‧價單第1A號 (F1)付款辦法 Payment Plan (F1) of Price List No.1A 見備註/See Remarks 7(c)(vii) ‧見備註/See Remarks 7(d)(i) ‧見備註/See Remarks 7(e)(i) ‧見備註/See Remarks 7(f)(i) ‧見備註/See Remarks 7(g)(i) ‧見備註/See Remarks 7(h)(i) ‧見備註/See Remarks 7(j)(v) ‧見備註/See Remarks 7(j)(vi)(a),
2022-06-03,2022-06-10,2026-07-23,翠景閣第5座 Greenwood Tower 5,7,A2,,11669800,,‧價單第1A號 (F1)付款辦法 Payment Plan (F1) of Price List No.1A 見備註/See Remarks 7(c)(vii) ‧見備註/See Remarks 7(d)(i) ‧見備註/See Remarks 7(e)(i) ‧見備註/See Remarks 7(f)(i) ‧見備註/See Remarks 7(g)(i) ‧見備註/See Remarks 7(h)(i) ‧見備註/See Remarks 7(j)(v) ‧見備註/See Remarks 7(j)(vi)(a),
2022-06-03,2022-06-10,,翠景閣第5座 Greenwood Tower 5,6,A2,,11915900,,‧價單第1A號 (E1)付款辦法 Payment Plan (E1) of Price List No.1A 見備註/See Remarks 7(c)(vi) ‧見備註/See Remarks 7(d)(ii) ‧見備註/See Remarks 7(e)(ii) ‧見備註/See Remarks 7(g)(i) ‧見備註/See Remarks 7(h)(i) ‧見備註/See Remarks 7(j)(ii)(a) ‧見備註/See Remarks 7(j)(iii)(a) ‧見備註/See Remarks 7(j)(iv)(a) ‧見備註/See Remarks 7(j)(v) ‧見備註/See Remarks 7(j)(vi)(a),
2022-06-03,2022-06-10,2026-07-23,翠景閣第5座 Greenwood Tower 5,5,A2,,11623300,,‧價單第1A號 (F1)付款辦法 Payment Plan (F1) of Price List No.1A 見備註/See Remarks 7(c)(vii) ‧見備註/See Remarks 7(d)(i) ‧見備註/See Remarks 7(e)(i) ‧見備註/See Remarks 7(f)(i) ‧見備註/See Remarks 7(g)(i) ‧見備註/See Remarks 7(h)(i) ‧見備註/See Remarks 7(j)(v) ‧見備註/See Remarks 7(j)(vi)(a),
2022-06-03,2022-06-10,,翠景閣第5座 Greenwood Tower 5,3,A2,,11019300,,‧價單第1A號 (A1)付款辦法 Payment Plan (A1) of Price List No.1A 見備註/See Remarks 7(c)(i) ‧見備註/See Remarks 7(d)(i) ‧見備註/See Remarks 7(e)(i) ‧見備註/See Remarks 7(f)(i) ‧見備註/See Remarks 7(g)(i) ‧見備註/See Remarks 7(h)(i) ‧見備註/See Remarks 7(j)(v) ‧見備註/See Remarks 7(j)(vi)(a),
2022-06-03,2022-06-10,,翠景閣第5座 Greenwood Tower 5,2,A2,,10931100,,‧價單第1A號 (A1)付款辦法 Payment Plan (A1) of Price List No.1A 見備註/See Remarks 7(c)(i) ‧見備註/See Remarks 7(d)(i) ‧見備註/See Remarks 7(e)(i) ‧見備註/See Remarks 7(f)(i) ‧見備註/See Remarks 7(g)(i) ‧見備註/See Remarks 7(h)(i) ‧見備註/See Remarks 7(j)(v) ‧見備註/See Remarks 7(j)(vi)(a),
2022-06-03,2022-06-10,,翠景閣第5座 Greenwood Tower 5,12,A3,,6479200,"在28-06-2022，基於法例第35(2)(b)條所容許的原因 ，售價調整為$5,939,300。 On 28-06-2022, the price adjusted to $5,939,300 due to the reason allowed under section 35(2)(b) of the Ordinance.",‧價單第2號 (B2X)付款辦法 Payment Plan (B2X) of Price List No.2 見備註/See Remarks 7(c)(ii) ‧見備註/See Remarks 7(d)(ii) ‧見備註/See Remarks 7(e)(iii) ‧見備註/See Remarks 7(g)(i) ‧見備註/See Remarks 7(h)(i) ‧見備註/See Remarks 7(j)(ii)(a) ‧見備註/See Remarks 7(j)(iv)(a) ‧見備註/See Remarks 7(j)(v) ‧價單第2號 (A1)付款辦法 Payment Plan (A1) of Price List No.2 見備註/See Remarks 7(c)(i) ‧見備註/See Remarks 7(d)(i) ‧見備註/See Remarks 7(e)(i) ‧見備註/See Remarks 7(f)(i) ‧見備註/See Remarks 7(g)(i) ‧見備註/See Remarks 7(h)(i) ‧見備註/See Remarks 7(j)(v) ‧(在28-06-2022修訂) (revised on 28-06-2022),
2022-06-03,2022-06-10,,翠景閣第5座 Greenwood Tower 5,11,A3,,7301100,,‧價單第2號 (F1)付款辦法 Payment Plan (F1) of Price List No.2 見備註/See Remarks 7(c)(vii) ‧見備註/See Remarks 7(d)(i) ‧見備註/See Remarks 7(e)(i) ‧見備註/See Remarks 7(f)(i) ‧見備註/See Remarks 7(g)(i) ‧見備註/See Remarks 7(h)(i) ‧見備註/See Remarks 7(j)(v),
2022-06-03,2022-06-10,,翠景閣第5座 Greenwood Tower 5,10,A3,,6949600,,‧價單第2號 (A1)付款辦法 Payment Plan (A1) of Price List No.2 見備註/See Remarks 7(c)(i) ‧見備註/See Remarks 7(d)(i) ‧見備註/See Remarks 7(e)(i) ‧見備註/See Remarks 7(f)(i) ‧見備註/See Remarks 7(g)(i) ‧見備註/See Remarks 7(h)(i) ‧見備註/See Remarks 7(j)(v),
2022-06-03,2022-06-10,,翠景閣第5座 Greenwood Tower 5,9,A3,,7272000,,‧價單第2號 (F1)付款辦法 Payment Plan (F1) of Price List No.2 見備註/See Remarks 7(c)(vii) ‧見備註/See Remarks 7(d)(i) ‧見備註/See Remarks 7(e)(i) ‧見備註/See Remarks 7(f)(i) ‧見備註/See Remarks 7(g)(i) ‧見備註/See Remarks 7(h)(i) ‧見備註/See Remarks 7(j)(v),
2022-06-03,2022-06-10,,翠景閣第5座 Greenwood Tower 5,8,A3,,7257500,,‧價單第2號 (F1)付款辦法 Payment Plan (F1) of Price List No.2 見備註/See Remarks 7(c)(vii) ‧見備註/See Remarks 7(d)(i) ‧見備註/See Remarks 7(e)(i) ‧見備註/See Remarks 7(f)(i) ‧見備註/See Remarks 7(g)(i) ‧見備註/See Remarks 7(h)(i) ‧見備註/See Remarks 7(j)(v),
2022-06-03,2022-06-10,,翠景閣第5座 Greenwood Tower 5,7,A3,,6914900,,‧價單第2號 (A1)付款辦法 Payment Plan (A1) of Price List No.2 見備註/See Remarks 7(c)(i) ‧見備註/See Remarks 7(d)(i) ‧見備註/See Remarks 7(e)(i) ‧見備註/See Remarks 7(f)(i) ‧見備註/See Remarks 7(g)(i) ‧見備註/See Remarks 7(h)(i) ‧見備註/See Remarks 7(j)(v),
2022-06-03,2022-06-10,,翠景閣第5座 Greenwood Tower 5,6,A3,,7242900,,‧價單第2號 (F1)付款辦法 Payment Plan (F1) of Price List No.2 見備註/See Remarks 7(c)(vii) ‧見備註/See Remarks 7(d)(i) ‧見備註/See Remarks 7(e)(i) ‧見備註/See Remarks 7(f)(i) ‧見備註/See Remarks 7(g)(i) ‧見備註/See Remarks 7(h)(i) ‧見備註/See Remarks 7(j)(v),
2022-06-03,2022-06-10,,翠景閣第5座 Greenwood Tower 5,5,A3,,7228500,,‧價單第2號 (F1)付款辦法 Payment Plan (F1) of Price List No.2 見備註/See Remarks 7(c)(vii) ‧見備註/See Remarks 7(d)(i) ‧見備註/See Remarks 7(e)(i) ‧見備註/See Remarks 7(f)(i) ‧見備註/See Remarks 7(g)(i) ‧見備註/See Remarks 7(h)(i) ‧見備註/See Remarks 7(j)(v),
2022-06-03,2022-06-10,,翠景閣第5座 Greenwood Tower 5,3,A3,,7214100,,‧價單第2號 (F1)付款辦法 Payment Plan (F1) of Price List No.2 見備註/See Remarks 7(c)(vii) ‧見備註/See Remarks 7(d)(i) ‧見備註/See Remarks 7(e)(i) ‧見備註/See Remarks 7(f)(i) ‧見備註/See Remarks 7(g)(i) ‧見備註/See Remarks 7(h)(i) ‧見備註/See Remarks 7(j)(v),
2022-06-03,2022-06-10,,翠景閣第5座 Greenwood Tower 5,2,A3,,7199600,,‧價單第2號 (F1)付款辦法 Payment Plan (F1) of Price List No.2 見備註/See Remarks 7(c)(vii) ‧見備註/See Remarks 7(d)(i) ‧見備註/See Remarks 7(e)(i) ‧見備註/See Remarks 7(f)(i) ‧見備註/See Remarks 7(g)(i) ‧見備註/See Remarks 7(h)(i) ‧見備註/See Remarks 7(j)(v),
2022-06-03,2022-06-10,,翠景閣第5座 Greenwood Tower 5,1,A3,,7789100,,‧價單第2號 (B2Y)付款辦法 Payment Plan (B2Y) of Price List No.2 見備註/See Remarks 7(c)(iii) ‧見備註/See Remarks 7(d)(ii) ‧見備註/See Remarks 7(e)(iii) ‧見備註/See Remarks 7(g)(i) ‧見備註/See Remarks 7(h)(i) ‧見備註/See Remarks 7(j)(ii)(a) ‧見備註/See Remarks 7(j)(iv)(a) ‧見備註/See Remarks 7(j)(v),
2022-06-03,2022-06-10,,翠景閣第5座 Greenwood Tower 5,12,A6,,7943400,,‧價單第3號 (E1)付款辦法 Payment Plan (E1) of Price List No.3 見備註/See Remarks 7(c)(vi) ‧見備註/See Remarks 7(d)(ii) ‧見備註/See Remarks 7(e)(ii) ‧見備註/See Remarks 7(g)(i) ‧見備註/See Remarks 7(h)(i) ‧見備註/See Remarks 7(j)(ii)(a) ‧見備註/See Remarks 7(j)(iii)(a) ‧見備註/See Remarks 7(j)(iv)(a) ‧見備註/See Remarks 7(j)(v),
2022-06-03,2022-06-10,,翠景閣第5座 Greenwood Tower 5,11,A6,,7545000,,‧價單第3號 (F1)付款辦法 Payment Plan (F1) of Price List No.3 見備註/See Remarks 7(c)(vii) ‧見備註/See Remarks 7(d)(i) ‧見備註/See Remarks 7(e)(i) ‧見備註/See Remarks 7(f)(i) ‧見備註/See Remarks 7(g)(i) ‧見備註/See Remarks 7(h)(i) ‧見備註/See Remarks 7(j)(v),
2022-06-03,2022-06-10,,翠景閣第5座 Greenwood Tower 5,10,A6,,7139000,,‧價單第3號 (A1)付款辦法 Payment Plan (A1) of Price List No.3 見備註/See Remarks 7(c)(i) ‧見備註/See Remarks 7(d)(i) ‧見備註/See Remarks 7(e)(i) ‧見備註/See Remarks 7(f)(i) ‧見備註/See Remarks 7(g)(i) ‧見備註/See Remarks 7(h)(i) ‧見備註/See Remarks 7(j)(v),
2022-06-03,2022-06-10,,翠景閣第5座 Greenwood Tower 5,9,A6,,7440500,,‧價單第3號 (F1)付款辦法 Payment Plan (F1) of Price List No.3 見備註/See Remarks 7(c)(vii) ‧見備註/See Remarks 7(d)(i) ‧見備註/See Remarks 7(e)(i) ‧見備註/See Remarks 7(f)(i) ‧見備註/See Remarks 7(g)(i) ‧見備註/See Remarks 7(h)(i) ‧見備註/See Remarks 7(j)(v),
2022-06-03,2022-06-10,,翠景閣第5座 Greenwood Tower 5,8,A6,,7410800,,‧價單第3號 (F1)付款辦法 Payment Plan (F1) of Price List No.3 見備註/See Remarks 7(c)(vii) ‧見備註/See Remarks 7(d)(i) ‧見備註/See Remarks 7(e)(i) ‧見備註/See Remarks 7(f)(i) ‧見備註/See Remarks 7(g)(i) ‧見備註/See Remarks 7(h)(i) ‧見備註/See Remarks 7(j)(v),
2022-06-03,2022-06-10,,翠景閣第5座 Greenwood Tower 5,7,A6,,7396000,,‧價單第3號 (F1)付款辦法 Payment Plan (F1) of Price List No.3 見備註/See Remarks 7(c)(vii) ‧見備註/See Remarks 7(d)(i) ‧見備註/See Remarks 7(e)(i) ‧見備註/See Remarks 7(f)(i) ‧見備註/See Remarks 7(g)(i) ‧見備註/See Remarks 7(h)(i) ‧見備註/See Remarks 7(j)(v),
2022-06-03,2022-06-10,2026-07-23,翠景閣第5座 Greenwood Tower 5,6,A6,,7381300,,‧價單第3號 (F1)付款辦法 Payment Plan (F1) of Price List No.3 見備註/See Remarks 7(c)(vii) ‧見備註/See Remarks 7(d)(i) ‧見備註/See Remarks 7(e)(i) ‧見備註/See Remarks 7(f)(i) ‧見備註/See Remarks 7(g)(i) ‧見備註/See Remarks 7(h)(i) ‧見備註/See Remarks 7(j)(v),
2022-06-03,2022-06-10,,翠景閣第5座 Greenwood Tower 5,5,A6,,7366500,,‧價單第3號 (F1)付款辦法 Payment Plan (F1) of Price List No.3 見備註/See Remarks 7(c)(vii) ‧見備註/See Remarks 7(d)(i) ‧見備註/See Remarks 7(e)(i) ‧見備註/See Remarks 7(f)(i) ‧見備註/See Remarks 7(g)(i) ‧見備註/See Remarks 7(h)(i) ‧見備註/See Remarks 7(j)(v),
2022-06-03,2022-06-10,,翠景閣第5座 Greenwood Tower 5,3,A6,,7322300,,‧價單第3號 (F1)付款辦法 Payment Plan (F1) of Price List No.3 見備註/See Remarks 7(c)(vii) ‧見備註/See Remarks 7(d)(i) ‧見備註/See Remarks 7(e)(i) ‧見備註/See Remarks 7(f)(i) ‧見備註/See Remarks 7(g)(i) ‧見備註/See Remarks 7(h)(i) ‧見備註/See Remarks 7(j)(v),
2022-06-03,2022-06-10,,翠景閣第5座 Greenwood Tower 5,2,A6,,7263800,,‧價單第3號 (F1)付款辦法 Payment Plan (F1) of Price List No.3 見備註/See Remarks 7(c)(vii) ‧見備註/See Remarks 7(d)(i) ‧見備註/See Remarks 7(e)(i) ‧見備註/See Remarks 7(f)(i) ‧見備註/See Remarks 7(g)(i) ‧見備註/See Remarks 7(h)(i) ‧見備註/See Remarks 7(j)(v),
2022-06-03,2022-06-10,,翠景閣第5座 Greenwood Tower 5,12,B1,,7545200,,‧價單第3號 (B2X)付款辦法 Payment Plan (B2X) of Price List No.3 見備註/See Remarks 7(c)(ii) ‧見備註/See Remarks 7(d)(ii) ‧見備註/See Remarks 7(e)(iii) ‧見備註/See Remarks 7(g)(i) ‧見備註/See Remarks 7(h)(i) ‧見備註/See Remarks 7(j)(ii)(a) ‧見備註/See Remarks 7(j)(iv)(a) ‧見備註/See Remarks 7(j)(v),
2022-06-03,2022-06-10,,翠景閣第5座 Greenwood Tower 5,11,B1,,7118100,,‧價單第3號 (B2X)付款辦法 Payment Plan (B2X) of Price List No.3 見備註/See Remarks 7(c)(ii) ‧見備註/See Remarks 7(d)(ii) ‧見備註/See Remarks 7(e)(iii) ‧見備註/See Remarks 7(g)(i) ‧見備註/See Remarks 7(h)(i) ‧見備註/See Remarks 7(j)(ii)(a) ‧見備註/See Remarks 7(j)(iv)(a) ‧見備註/See Remarks 7(j)(v),
2022-06-03,2022-06-10,,翠景閣第5座 Greenwood Tower 5,10,B1,,7075700,,‧價單第3號 (B2X)付款辦法 Payment Plan (B2X) of Price List No.3 見備註/See Remarks 7(c)(ii) ‧見備註/See Remarks 7(d)(ii) ‧見備註/See Remarks 7(e)(iii) ‧見備註/See Remarks 7(g)(i) ‧見備註/See Remarks 7(h)(i) ‧見備註/See Remarks 7(j)(ii)(a) ‧見備註/See Remarks 7(j)(iv)(a) ‧見備註/See Remarks 7(j)(v),
2022-06-03,2022-06-10,,翠景閣第5座 Greenwood Tower 5,9,B1,,7033500,,‧價單第3號 (B2X)付款辦法 Payment Plan (B2X) of Price List No.3 見備註/See Remarks 7(c)(ii) ‧見備註/See Remarks 7(d)(ii) ‧見備註/See Remarks 7(e)(iii) ‧見備註/See Remarks 7(g)(i) ‧見備註/See Remarks 7(h)(i) ‧見備註/See Remarks 7(j)(ii)(a) ‧見備註/See Remarks 7(j)(iv)(a) ‧見備註/See Remarks 7(j)(v),
2022-06-03,2022-06-10,,翠景閣第5座 Greenwood Tower 5,8,B1,,7005500,,‧價單第3號 (B2X)付款辦法 Payment Plan (B2X) of Price List No.3 見備註/See Remarks 7(c)(ii) ‧見備註/See Remarks 7(d)(ii) ‧見備註/See Remarks 7(e)(iii) ‧見備註/See Remarks 7(g)(i) ‧見備註/See Remarks 7(h)(i) ‧見備註/See Remarks 7(j)(ii)(a) ‧見備註/See Remarks 7(j)(iv)(a) ‧見備註/See Remarks 7(j)(v),
2022-06-03,2022-06-10,,翠景閣第5座 Greenwood Tower 5,7,B1,,6991400,,‧價單第3號 (B2X)付款辦法 Payment Plan (B2X) of Price List No.3 見備註/See Remarks 7(c)(ii) ‧見備註/See Remarks 7(d)(ii) ‧見備註/See Remarks 7(e)(iii) ‧見備註/See Remarks 7(g)(i) ‧見備註/See Remarks 7(h)(i) ‧見備註/See Remarks 7(j)(ii)(a) ‧見備註/See Remarks 7(j)(iv)(a) ‧見備註/See Remarks 7(j)(v),
2022-06-03,2022-06-10,,翠景閣第5座 Greenwood Tower 5,6,B1,,6396000,,‧價單第3號 (A1)付款辦法 Payment Plan (A1) of Price List No.3 見備註/See Remarks 7(c)(i) ‧見備註/See Remarks 7(d)(i) ‧見備註/See Remarks 7(e)(i) ‧見備註/See Remarks 7(f)(i) ‧見備註/See Remarks 7(g)(i) ‧見備註/See Remarks 7(h)(i) ‧見備註/See Remarks 7(j)(v),
2022-06-03,2022-06-10,,翠景閣第5座 Greenwood Tower 5,5,B1,,6963500,,‧價單第3號 (B2X)付款辦法 Payment Plan (B2X) of Price List No.3 見備註/See Remarks 7(c)(ii) ‧見備註/See Remarks 7(d)(ii) ‧見備註/See Remarks 7(e)(iii) ‧見備註/See Remarks 7(g)(i) ‧見備註/See Remarks 7(h)(i) ‧見備註/See Remarks 7(j)(ii)(a) ‧見備註/See Remarks 7(j)(iv)(a) ‧見備註/See Remarks 7(j)(v),
2022-06-03,2022-06-10,,翠景閣第5座 Greenwood Tower 5,3,B1,,6949700,,‧價單第3號 (B2X)付款辦法 Payment Plan (B2X) of Price List No.3 見備註/See Remarks 7(c)(ii) ‧見備註/See Remarks 7(d)(ii) ‧見備註/See Remarks 7(e)(iii) ‧見備註/See Remarks 7(g)(i) ‧見備註/See Remarks 7(h)(i) ‧見備註/See Remarks 7(j)(ii)(a) ‧見備註/See Remarks 7(j)(iv)(a) ‧見備註/See Remarks 7(j)(v),
2022-06-03,2022-06-10,,翠景閣第5座 Greenwood Tower 5,2,B1,,6921900,,‧價單第3號 (B2X)付款辦法 Payment Plan (B2X) of Price List No.3 見備註/See Remarks 7(c)(ii) ‧見備註/See Remarks 7(d)(ii) ‧見備註/See Remarks 7(e)(iii) ‧見備註/See Remarks 7(g)(i) ‧見備註/See Remarks 7(h)(i) ‧見備註/See Remarks 7(j)(ii)(a) ‧見備註/See Remarks 7(j)(iv)(a) ‧見備註/See Remarks 7(j)(v),
2022-06-03,2022-06-10,,翠景閣第5座 Greenwood Tower 5,1,B1,,6714100,,‧價單第3號 (B2X)付款辦法 Payment Plan (B2X) of Price List No.3 見備註/See Remarks 7(c)(ii) ‧見備註/See Remarks 7(d)(ii) ‧見備註/See Remarks 7(e)(iii) ‧見備註/See Remarks 7(g)(i) ‧見備註/See Remarks 7(h)(i) ‧見備註/See Remarks 7(j)(ii)(a) ‧見備註/See Remarks 7(j)(iv)(a) ‧見備註/See Remarks 7(j)(v),
2022-06-03,2022-06-10,,翠景閣第5座 Greenwood Tower 5,11,B5,,9781800,,‧價單第1A號 (F1)付款辦法 Payment Plan (F1) of Price List No.1A 見備註/See Remarks 7(c)(vii) ‧見備註/See Remarks 7(d)(i) ‧見備註/See Remarks 7(e)(i) ‧見備註/See Remarks 7(f)(i) ‧見備註/See Remarks 7(g)(i) ‧見備註/See Remarks 7(h)(i) ‧見備註/See Remarks 7(j)(v),
2022-06-03,2022-06-10,,翠景閣第5座 Greenwood Tower 5,10,B5,,9723500,,‧價單第1A號 (F1)付款辦法 Payment Plan (F1) of Price List No.1A 見備註/See Remarks 7(c)(vii) ‧見備註/See Remarks 7(d)(i) ‧見備註/See Remarks 7(e)(i) ‧見備註/See Remarks 7(f)(i) ‧見備註/See Remarks 7(g)(i) ‧見備註/See Remarks 7(h)(i) ‧見備註/See Remarks 7(j)(v),
2022-06-03,2022-06-10,,翠景閣第5座 Greenwood Tower 5,9,B5,,9888900,,‧價單第1A號 (E1)付款辦法 Payment Plan (E1) of Price List No.1A 見備註/See Remarks 7(c)(vi) ‧見備註/See Remarks 7(d)(ii) ‧見備註/See Remarks 7(e)(ii) ‧見備註/See Remarks 7(g)(i) ‧見備註/See Remarks 7(h)(i) ‧見備註/See Remarks 7(j)(ii)(a) ‧見備註/See Remarks 7(j)(iii)(a) ‧見備註/See Remarks 7(j)(iv)(a) ‧見備註/See Remarks 7(j)(v),
2022-06-03,2022-06-10,2026-07-23,翠景閣第5座 Greenwood Tower 5,8,B5,,9627000,,‧價單第1A號 (F1)付款辦法 Payment Plan (F1) of Price List No.1A 見備註/See Remarks 7(c)(vii) ‧見備註/See Remarks 7(d)(i) ‧見備註/See Remarks 7(e)(i) ‧見備註/See Remarks 7(f)(i) ‧見備註/See Remarks 7(g)(i) ‧見備註/See Remarks 7(h)(i) ‧見備註/See Remarks 7(j)(v),
2022-06-03,2022-06-10,,翠景閣第5座 Greenwood Tower 5,7,B5,,9607800,,‧價單第1A號 (F1)付款辦法 Payment Plan (F1) of Price List No.1A 見備註/See Remarks 7(c)(vii) ‧見備註/See Remarks 7(d)(i) ‧見備註/See Remarks 7(e)(i) ‧見備註/See Remarks 7(f)(i) ‧見備註/See Remarks 7(g)(i) ‧見備註/See Remarks 7(h)(i) ‧見備註/See Remarks 7(j)(v),
2022-06-03,2022-06-10,,翠景閣第5座 Greenwood Tower 5,6,B5,,9588600,,‧價單第1A號 (F1)付款辦法 Payment Plan (F1) of Price List No.1A 見備註/See Remarks 7(c)(vii) ‧見備註/See Remarks 7(d)(i) ‧見備註/See Remarks 7(e)(i) ‧見備註/See Remarks 7(f)(i) ‧見備註/See Remarks 7(g)(i) ‧見備註/See Remarks 7(h)(i) ‧見備註/See Remarks 7(j)(v),
2022-06-03,2022-06-10,,翠景閣第5座 Greenwood Tower 5,5,B5,,9569400,,‧價單第1A號 (F1)付款辦法 Payment Plan (F1) of Price List No.1A 見備註/See Remarks 7(c)(vii) ‧見備註/See Remarks 7(d)(i) ‧見備註/See Remarks 7(e)(i) ‧見備註/See Remarks 7(f)(i) ‧見備註/See Remarks 7(g)(i) ‧見備註/See Remarks 7(h)(i) ‧見備註/See Remarks 7(j)(v),
2022-06-03,2022-06-10,,翠景閣第5座 Greenwood Tower 5,3,B5,,9936700,,‧價單第1A號 (B2Y)付款辦法 Payment Plan (B2Y) of Price List No.1A 見備註/See Remarks 7(c)(iii) ‧見備註/See Remarks 7(d)(ii) ‧見備註/See Remarks 7(e)(iii) ‧見備註/See Remarks 7(g)(i) ‧見備註/See Remarks 7(h)(i) ‧見備註/See Remarks 7(j)(ii)(a) ‧見備註/See Remarks 7(j)(iv)(a) ‧見備註/See Remarks 7(j)(v),
2022-06-03,2022-06-10,,翠景閣第5座 Greenwood Tower 5,2,B5,,9483500,,‧價單第1A號 (F1)付款辦法 Payment Plan (F1) of Price List No.1A 見備註/See Remarks 7(c)(vii) ‧見備註/See Remarks 7(d)(i) ‧見備註/See Remarks 7(e)(i) ‧見備註/See Remarks 7(f)(i) ‧見備註/See Remarks 7(g)(i) ‧見備註/See Remarks 7(h)(i) ‧見備註/See Remarks 7(j)(v),
2022-06-03,2022-06-10,,翠景閣第5座 Greenwood Tower 5,12,B8,,8122600,,‧價單第3號 (F1)付款辦法 Payment Plan (F1) of Price List No.3 見備註/See Remarks 7(c)(vii) ‧見備註/See Remarks 7(d)(i) ‧見備註/See Remarks 7(e)(i) ‧見備註/See Remarks 7(f)(i) ‧見備註/See Remarks 7(g)(i) ‧見備註/See Remarks 7(h)(i) ‧見備註/See Remarks 7(j)(v),
2022-06-03,2022-06-10,,翠景閣第5座 Greenwood Tower 5,11,B8,,7700100,,‧價單第3號 (F1)付款辦法 Payment Plan (F1) of Price List No.3 見備註/See Remarks 7(c)(vii) ‧見備註/See Remarks 7(d)(i) ‧見備註/See Remarks 7(e)(i) ‧見備註/See Remarks 7(f)(i) ‧見備註/See Remarks 7(g)(i) ‧見備註/See Remarks 7(h)(i) ‧見備註/See Remarks 7(j)(v),
2022-06-03,2022-06-10,,翠景閣第5座 Greenwood Tower 5,10,B8,,7831100,,‧價單第3號 (E1)付款辦法 Payment Plan (E1) of Price List No.3 見備註/See Remarks 7(c)(vi) ‧見備註/See Remarks 7(d)(ii) ‧見備註/See Remarks 7(e)(ii) ‧見備註/See Remarks 7(g)(i) ‧見備註/See Remarks 7(h)(i) ‧見備註/See Remarks 7(j)(ii)(a) ‧見備註/See Remarks 7(j)(iii)(a) ‧見備註/See Remarks 7(j)(iv)(a) ‧見備註/See Remarks 7(j)(v),
2022-06-03,2022-06-10,,翠景閣第5座 Greenwood Tower 5,9,B8,,7916400,,‧價單第3號 (B2Y)付款辦法 Payment Plan (B2Y) of Price List No.3 見備註/See Remarks 7(c)(iii) ‧見備註/See Remarks 7(d)(ii) ‧見備註/See Remarks 7(e)(iii) ‧見備註/See Remarks 7(g)(i) ‧見備註/See Remarks 7(h)(i) ‧見備註/See Remarks 7(j)(ii)(a) ‧見備註/See Remarks 7(j)(iv)(a) ‧見備註/See Remarks 7(j)(v),
2022-06-03,2022-06-10,,翠景閣第5座 Greenwood Tower 5,8,B8,,7578200,,‧價單第3號 (F1)付款辦法 Payment Plan (F1) of Price List No.3 見備註/See Remarks 7(c)(vii) ‧見備註/See Remarks 7(d)(i) ‧見備註/See Remarks 7(e)(i) ‧見備註/See Remarks 7(f)(i) ‧見備註/See Remarks 7(g)(i) ‧見備註/See Remarks 7(h)(i) ‧見備註/See Remarks 7(j)(v),
2022-06-03,2022-06-10,,翠景閣第5座 Greenwood Tower 5,7,B8,,7563100,,‧價單第3號 (F1)付款辦法 Payment Plan (F1) of Price List No.3 見備註/See Remarks 7(c)(vii) ‧見備註/See Remarks 7(d)(i) ‧見備註/See Remarks 7(e)(i) ‧見備註/See Remarks 7(f)(i) ‧見備註/See Remarks 7(g)(i) ‧見備註/See Remarks 7(h)(i) ‧見備註/See Remarks 7(j)(v),
2022-06-03,2022-06-10,,翠景閣第5座 Greenwood Tower 5,6,B8,,7853400,,‧價單第3號 (B2Y)付款辦法 Payment Plan (B2Y) of Price List No.3 見備註/See Remarks 7(c)(iii) ‧見備註/See Remarks 7(d)(ii) ‧見備註/See Remarks 7(e)(iii) ‧見備註/See Remarks 7(g)(i) ‧見備註/See Remarks 7(h)(i) ‧見備註/See Remarks 7(j)(ii)(a) ‧見備註/See Remarks 7(j)(iv)(a) ‧見備註/See Remarks 7(j)(v),
2022-06-03,2022-06-10,,翠景閣第5座 Greenwood Tower 5,5,B8,,7184500,,‧價單第3號 (A1)付款辦法 Payment Plan (A1) of Price List No.3 見備註/See Remarks 7(c)(i) ‧見備註/See Remarks 7(d)(i) ‧見備註/See Remarks 7(e)(i) ‧見備註/See Remarks 7(f)(i) ‧見備註/See Remarks 7(g)(i) ‧見備註/See Remarks 7(h)(i) ‧見備註/See Remarks 7(j)(v),
2022-06-03,2022-06-10,,翠景閣第5座 Greenwood Tower 5,3,B8,,7517800,,‧價單第3號 (F1)付款辦法 Payment Plan (F1) of Price List No.3 見備註/See Remarks 7(c)(vii) ‧見備註/See Remarks 7(d)(i) ‧見備註/See Remarks 7(e)(i) ‧見備註/See Remarks 7(f)(i) ‧見備註/See Remarks 7(g)(i) ‧見備註/See Remarks 7(h)(i) ‧見備註/See Remarks 7(j)(v),
2022-06-03,2022-06-10,,翠景閣第5座 Greenwood Tower 5,2,B8,,7141500,,‧價單第3號 (A1)付款辦法 Payment Plan (A1) of Price List No.3 見備註/See Remarks 7(c)(i) ‧見備註/See Remarks 7(d)(i) ‧見備註/See Remarks 7(e)(i) ‧見備註/See Remarks 7(f)(i) ‧見備註/See Remarks 7(g)(i) ‧見備註/See Remarks 7(h)(i) ‧見備註/See Remarks 7(j)(v),
2022-06-03,2022-06-10,,翠景閣第5座 Greenwood Tower 5,1,B8,,7302000,,‧價單第3號 (A1)付款辦法 Payment Plan (A1) of Price List No.3 見備註/See Remarks 7(c)(i) ‧見備註/See Remarks 7(d)(i) ‧見備註/See Remarks 7(e)(i) ‧見備註/See Remarks 7(f)(i) ‧見備註/See Remarks 7(g)(i) ‧見備註/See Remarks 7(h)(i) ‧見備註/See Remarks 7(j)(v),
2022-06-03,2022-06-10,,翠景閣第6座 Greenwood Tower 6,11,A1,,10685200,,‧價單第1A號 (F1)付款辦法 Payment Plan (F1) of Price List No.1A 見備註/See Remarks 7(c)(vii) ‧見備註/See Remarks 7(d)(i) ‧見備註/See Remarks 7(e)(i) ‧見備註/See Remarks 7(f)(i) ‧見備註/See Remarks 7(g)(i) ‧見備註/See Remarks 7(h)(i) ‧見備註/See Remarks 7(j)(v) ‧見備註/See Remarks 7(j)(vi)(a),
2022-06-03,2022-06-10,,翠景閣第6座 Greenwood Tower 6,10,A1,,10621500,,‧價單第1A號 (F1)付款辦法 Payment Plan (F1) of Price List No.1A 見備註/See Remarks 7(c)(vii) ‧見備註/See Remarks 7(d)(i) ‧見備註/See Remarks 7(e)(i) ‧見備註/See Remarks 7(f)(i) ‧見備註/See Remarks 7(g)(i) ‧見備註/See Remarks 7(h)(i) ‧見備註/See Remarks 7(j)(v) ‧見備註/See Remarks 7(j)(vi)(a),
2022-06-03,2022-06-10,,翠景閣第6座 Greenwood Tower 6,9,A1,,10985400,,‧價單第1A號 (B2Y)付款辦法 Payment Plan (B2Y) of Price List No.1A 見備註/See Remarks 7(c)(iii) ‧見備註/See Remarks 7(d)(ii) ‧見備註/See Remarks 7(e)(iii) ‧見備註/See Remarks 7(g)(i) ‧見備註/See Remarks 7(h)(i) ‧見備註/See Remarks 7(j)(ii)(a) ‧見備註/See Remarks 7(j)(iv)(a) ‧見備註/See Remarks 7(j)(v) ‧見備註/See Remarks 7(j)(vi)(a),
2022-06-03,2022-06-10,,翠景閣第6座 Greenwood Tower 6,8,A1,,10759200,,‧價單第1A號 (E1)付款辦法 Payment Plan (E1) of Price List No.1A 見備註/See Remarks 7(c)(vi) ‧見備註/See Remarks 7(d)(ii) ‧見備註/See Remarks 7(e)(ii) ‧見備註/See Remarks 7(g)(i) ‧見備註/See Remarks 7(h)(i) ‧見備註/See Remarks 7(j)(ii)(a) ‧見備註/See Remarks 7(j)(iii)(a) ‧見備註/See Remarks 7(j)(iv)(a) ‧見備註/See Remarks 7(j)(v) ‧見備註/See Remarks 7(j)(vi)(a),
2022-06-03,2022-06-10,,翠景閣第6座 Greenwood Tower 6,7,A1,,10495100,,‧價單第1A號 (F1)付款辦法 Payment Plan (F1) of Price List No.1A 見備註/See Remarks 7(c)(vii) ‧見備註/See Remarks 7(d)(i) ‧見備註/See Remarks 7(e)(i) ‧見備註/See Remarks 7(f)(i) ‧見備註/See Remarks 7(g)(i) ‧見備註/See Remarks 7(h)(i) ‧見備註/See Remarks 7(j)(v) ‧見備註/See Remarks 7(j)(vi)(a),
2022-06-03,2022-06-10,,翠景閣第6座 Greenwood Tower 6,6,A1,,9989800,,‧價單第1A號 (A1)付款辦法 Payment Plan (A1) of Price List No.1A 見備註/See Remarks 7(c)(i) ‧見備註/See Remarks 7(d)(i) ‧見備註/See Remarks 7(e)(i) ‧見備註/See Remarks 7(f)(i) ‧見備註/See Remarks 7(g)(i) ‧見備註/See Remarks 7(h)(i) ‧見備註/See Remarks 7(j)(v) ‧見備註/See Remarks 7(j)(vi)(a),
2022-06-03,2022-06-10,,翠景閣第6座 Greenwood Tower 6,5,A1,,10432200,,‧價單第1A號 (F1)付款辦法 Payment Plan (F1) of Price List No.1A 見備註/See Remarks 7(c)(vii) ‧見備註/See Remarks 7(d)(i) ‧見備註/See Remarks 7(e)(i) ‧見備註/See Remarks 7(f)(i) ‧見備註/See Remarks 7(g)(i) ‧見備註/See Remarks 7(h)(i) ‧見備註/See Remarks 7(j)(v) ‧見備註/See Remarks 7(j)(vi)(a),
2022-06-03,2022-06-10,,翠景閣第6座 Greenwood Tower 6,3,A1,,10390500,,‧價單第1A號 (F1)付款辦法 Payment Plan (F1) of Price List No.1A 見備註/See Remarks 7(c)(vii) ‧見備註/See Remarks 7(d)(i) ‧見備註/See Remarks 7(e)(i) ‧見備註/See Remarks 7(f)(i) ‧見備註/See Remarks 7(g)(i) ‧見備註/See Remarks 7(h)(i) ‧見備註/See Remarks 7(j)(v) ‧見備註/See Remarks 7(j)(vi)(a),
2022-06-03,2022-06-10,,翠景閣第6座 Greenwood Tower 6,2,A1,,9870300,,‧價單第1A號 (A1)付款辦法 Payment Plan (A1) of Price List No.1A 見備註/See Remarks 7(c)(i) ‧見備註/See Remarks 7(d)(i) ‧見備註/See Remarks 7(e)(i) ‧見備註/See Remarks 7(f)(i) ‧見備註/See Remarks 7(g)(i) ‧見備註/See Remarks 7(h)(i) ‧見備註/See Remarks 7(j)(v) ‧見備註/See Remarks 7(j)(vi)(a),
2022-06-03,2022-06-10,,翠景閣第6座 Greenwood Tower 6,11,A2,,11779300,,‧價單第1A號 (F1)付款辦法 Payment Plan (F1) of Price List No.1A 見備註/See Remarks 7(c)(vii) ‧見備註/See Remarks 7(d)(i) ‧見備註/See Remarks 7(e)(i) ‧見備註/See Remarks 7(f)(i) ‧見備註/See Remarks 7(g)(i) ‧見備註/See Remarks 7(h)(i) ‧見備註/See Remarks 7(j)(v) ‧見備註/See Remarks 7(j)(vi)(a),
2022-06-03,2022-06-10,,翠景閣第6座 Greenwood Tower 6,9,A2,,12110200,,‧價單第1A號 (B2Y)付款辦法 Payment Plan (B2Y) of Price List No.1A 見備註/See Remarks 7(c)(iii) ‧見備註/See Remarks 7(d)(ii) ‧見備註/See Remarks 7(e)(iii) ‧見備註/See Remarks 7(g)(i) ‧見備註/See Remarks 7(h)(i) ‧見備註/See Remarks 7(j)(ii)(a) ‧見備註/See Remarks 7(j)(iv)(a) ‧見備註/See Remarks 7(j)(v) ‧見備註/See Remarks 7(j)(vi)(a),
2022-06-03,2022-06-10,,翠景閣第6座 Greenwood Tower 6,8,A2,,12061900,,‧價單第1A號 (B2Y)付款辦法 Payment Plan (B2Y) of Price List No.1A 見備註/See Remarks 7(c)(iii) ‧見備註/See Remarks 7(d)(ii) ‧見備註/See Remarks 7(e)(iii) ‧見備註/See Remarks 7(g)(i) ‧見備註/See Remarks 7(h)(i) ‧見備註/See Remarks 7(j)(ii)(a) ‧見備註/See Remarks 7(j)(iv)(a) ‧見備註/See Remarks 7(j)(v) ‧見備註/See Remarks 7(j)(vi)(a),
2022-06-03,2022-06-10,,翠景閣第6座 Greenwood Tower 6,7,A2,,11569700,,‧價單第1A號 (F1)付款辦法 Payment Plan (F1) of Price List No.1A 見備註/See Remarks 7(c)(vii) ‧見備註/See Remarks 7(d)(i) ‧見備註/See Remarks 7(e)(i) ‧見備註/See Remarks 7(f)(i) ‧見備註/See Remarks 7(g)(i) ‧見備註/See Remarks 7(h)(i) ‧見備註/See Remarks 7(j)(v) ‧見備註/See Remarks 7(j)(vi)(a),
2022-06-03,2022-06-10,,翠景閣第6座 Greenwood Tower 6,5,A2,,11500500,,‧價單第1A號 (F1)付款辦法 Payment Plan (F1) of Price List No.1A 見備註/See Remarks 7(c)(vii) ‧見備註/See Remarks 7(d)(i) ‧見備註/See Remarks 7(e)(i) ‧見備註/See Remarks 7(f)(i) ‧見備註/See Remarks 7(g)(i) ‧見備註/See Remarks 7(h)(i) ‧見備註/See Remarks 7(j)(v) ‧見備註/See Remarks 7(j)(vi)(a),
2022-06-03,2022-06-10,,翠景閣第6座 Greenwood Tower 6,3,A2,,11454500,,‧價單第1A號 (F1)付款辦法 Payment Plan (F1) of Price List No.1A 見備註/See Remarks 7(c)(vii) ‧見備註/See Remarks 7(d)(i) ‧見備註/See Remarks 7(e)(i) ‧見備註/See Remarks 7(f)(i) ‧見備註/See Remarks 7(g)(i) ‧見備註/See Remarks 7(h)(i) ‧見備註/See Remarks 7(j)(v) ‧見備註/See Remarks 7(j)(vi)(a),
2022-06-03,2022-06-10,,翠景閣第6座 Greenwood Tower 6,2,A2,,11408600,,‧價單第1A號 (F1)付款辦法 Payment Plan (F1) of Price List No.1A 見備註/See Remarks 7(c)(vii) ‧見備註/See Remarks 7(d)(i) ‧見備註/See Remarks 7(e)(i) ‧見備註/See Remarks 7(f)(i) ‧見備註/See Remarks 7(g)(i) ‧見備註/See Remarks 7(h)(i) ‧見備註/See Remarks 7(j)(v) ‧見備註/See Remarks 7(j)(vi)(a),
2022-06-03,2022-06-10,,翠景閣第6座 Greenwood Tower 6,12,A5,,7893900,,‧價單第3號 (F1)付款辦法 Payment Plan (F1) of Price List No.3 見備註/See Remarks 7(c)(vii) ‧見備註/See Remarks 7(d)(i) ‧見備註/See Remarks 7(e)(i) ‧見備註/See Remarks 7(f)(i) ‧見備註/See Remarks 7(g)(i) ‧見備註/See Remarks 7(h)(i) ‧見備註/See Remarks 7(j)(v),
2022-06-03,2022-06-10,,翠景閣第6座 Greenwood Tower 6,11,A5,,7082600,,‧價單第3號 (A1)付款辦法 Payment Plan (A1) of Price List No.3 見備註/See Remarks 7(c)(i) ‧見備註/See Remarks 7(d)(i) ‧見備註/See Remarks 7(e)(i) ‧見備註/See Remarks 7(f)(i) ‧見備註/See Remarks 7(g)(i) ‧見備註/See Remarks 7(h)(i) ‧見備註/See Remarks 7(j)(v),
2022-06-03,2022-06-10,,翠景閣第6座 Greenwood Tower 6,10,A5,,7381700,,‧價單第3號 (F1)付款辦法 Payment Plan (F1) of Price List No.3 見備註/See Remarks 7(c)(vii) ‧見備註/See Remarks 7(d)(i) ‧見備註/See Remarks 7(e)(i) ‧見備註/See Remarks 7(f)(i) ‧見備註/See Remarks 7(g)(i) ‧見備註/See Remarks 7(h)(i) ‧見備註/See Remarks 7(j)(v),
2022-06-03,2022-06-10,,翠景閣第6座 Greenwood Tower 6,9,A5,,7337700,,‧價單第3號 (F1)付款辦法 Payment Plan (F1) of Price List No.3 見備註/See Remarks 7(c)(vii) ‧見備註/See Remarks 7(d)(i) ‧見備註/See Remarks 7(e)(i) ‧見備註/See Remarks 7(f)(i) ‧見備註/See Remarks 7(g)(i) ‧見備註/See Remarks 7(h)(i) ‧見備註/See Remarks 7(j)(v),
2022-06-03,2022-06-10,,翠景閣第6座 Greenwood Tower 6,8,A5,,7308400,,‧價單第3號 (F1)付款辦法 Payment Plan (F1) of Price List No.3 見備註/See Remarks 7(c)(vii) ‧見備註/See Remarks 7(d)(i) ‧見備註/See Remarks 7(e)(i) ‧見備註/See Remarks 7(f)(i) ‧見備註/See Remarks 7(g)(i) ‧見備註/See Remarks 7(h)(i) ‧見備註/See Remarks 7(j)(v),
2022-06-03,2022-06-10,,翠景閣第6座 Greenwood Tower 6,7,A5,,7293800,,‧價單第3號 (F1)付款辦法 Payment Plan (F1) of Price List No.3 見備註/See Remarks 7(c)(vii) ‧見備註/See Remarks 7(d)(i) ‧見備註/See Remarks 7(e)(i) ‧見備註/See Remarks 7(f)(i) ‧見備註/See Remarks 7(g)(i) ‧見備註/See Remarks 7(h)(i) ‧見備註/See Remarks 7(j)(v),
2022-06-03,2022-06-10,,翠景閣第6座 Greenwood Tower 6,6,A5,,7279300,,‧價單第3號 (F1)付款辦法 Payment Plan (F1) of Price List No.3 見備註/See Remarks 7(c)(vii) ‧見備註/See Remarks 7(d)(i) ‧見備註/See Remarks 7(e)(i) ‧見備註/See Remarks 7(f)(i) ‧見備註/See Remarks 7(g)(i) ‧見備註/See Remarks 7(h)(i) ‧見備註/See Remarks 7(j)(v),
2022-06-03,2022-06-10,,翠景閣第6座 Greenwood Tower 6,5,A5,,7264700,,‧價單第3號 (F1)付款辦法 Payment Plan (F1) of Price List No.3 見備註/See Remarks 7(c)(vii) ‧見備註/See Remarks 7(d)(i) ‧見備註/See Remarks 7(e)(i) ‧見備註/See Remarks 7(f)(i) ‧見備註/See Remarks 7(g)(i) ‧見備註/See Remarks 7(h)(i) ‧見備註/See Remarks 7(j)(v),
2022-06-03,2022-06-10,,翠景閣第6座 Greenwood Tower 6,3,A5,,7513300,,‧價單第3號 (B2Y)付款辦法 Payment Plan (B2Y) of Price List No.3 見備註/See Remarks 7(c)(iii) ‧見備註/See Remarks 7(d)(ii) ‧見備註/See Remarks 7(e)(iii) ‧見備註/See Remarks 7(g)(i) ‧見備註/See Remarks 7(h)(i) ‧見備註/See Remarks 7(j)(ii)(a) ‧見備註/See Remarks 7(j)(iv)(a) ‧見備註/See Remarks 7(j)(v),
2022-06-03,2022-06-10,,翠景閣第6座 Greenwood Tower 6,2,A5,,7163400,,‧價單第3號 (F1)付款辦法 Payment Plan (F1) of Price List No.3 見備註/See Remarks 7(c)(vii) ‧見備註/See Remarks 7(d)(i) ‧見備註/See Remarks 7(e)(i) ‧見備註/See Remarks 7(f)(i) ‧見備註/See Remarks 7(g)(i) ‧見備註/See Remarks 7(h)(i) ‧見備註/See Remarks 7(j)(v),
2022-06-03,2022-06-10,,翠景閣第6座 Greenwood Tower 6,1,A5,,7412000,,‧價單第3號 (F1)付款辦法 Payment Plan (F1) of Price List No.3 見備註/See Remarks 7(c)(vii) ‧見備註/See Remarks 7(d)(i) ‧見備註/See Remarks 7(e)(i) ‧見備註/See Remarks 7(f)(i) ‧見備註/See Remarks 7(g)(i) ‧見備註/See Remarks 7(h)(i) ‧見備註/See Remarks 7(j)(v),
2022-06-03,2022-06-10,,翠景閣第6座 Greenwood Tower 6,12,A6,,7931000,,‧價單第3號 (F1)付款辦法 Payment Plan (F1) of Price List No.3 見備註/See Remarks 7(c)(vii) ‧見備註/See Remarks 7(d)(i) ‧見備註/See Remarks 7(e)(i) ‧見備註/See Remarks 7(f)(i) ‧見備註/See Remarks 7(g)(i) ‧見備註/See Remarks 7(h)(i) ‧見備註/See Remarks 7(j)(v),
2022-06-03,2022-06-10,,翠景閣第6座 Greenwood Tower 6,11,A6,,7082600,,‧價單第3號 (A1)付款辦法 Payment Plan (A1) of Price List No.3 見備註/See Remarks 7(c)(i) ‧見備註/See Remarks 7(d)(i) ‧見備註/See Remarks 7(e)(i) ‧見備註/See Remarks 7(f)(i) ‧見備註/See Remarks 7(g)(i) ‧見備註/See Remarks 7(h)(i) ‧見備註/See Remarks 7(j)(v),
2022-06-03,2022-06-10,,翠景閣第6座 Greenwood Tower 6,10,A6,,7381700,,‧價單第3號 (F1)付款辦法 Payment Plan (F1) of Price List No.3 見備註/See Remarks 7(c)(vii) ‧見備註/See Remarks 7(d)(i) ‧見備註/See Remarks 7(e)(i) ‧見備註/See Remarks 7(f)(i) ‧見備註/See Remarks 7(g)(i) ‧見備註/See Remarks 7(h)(i) ‧見備註/See Remarks 7(j)(v),
2022-06-03,2022-06-10,2026-07-23,翠景閣第6座 Greenwood Tower 6,9,A6,,7337700,,‧價單第3號 (F1)付款辦法 Payment Plan (F1) of Price List No.3 見備註/See Remarks 7(c)(vii) ‧見備註/See Remarks 7(d)(i) ‧見備註/See Remarks 7(e)(i) ‧見備註/See Remarks 7(f)(i) ‧見備註/See Remarks 7(g)(i) ‧見備註/See Remarks 7(h)(i) ‧見備註/See Remarks 7(j)(v),
2022-06-03,2022-06-10,,翠景閣第6座 Greenwood Tower 6,8,A6,,7308400,,‧價單第3號 (F1)付款辦法 Payment Plan (F1) of Price List No.3 見備註/See Remarks 7(c)(vii) ‧見備註/See Remarks 7(d)(i) ‧見備註/See Remarks 7(e)(i) ‧見備註/See Remarks 7(f)(i) ‧見備註/See Remarks 7(g)(i) ‧見備註/See Remarks 7(h)(i) ‧見備註/See Remarks 7(j)(v),
2022-06-03,2022-06-10,,翠景閣第6座 Greenwood Tower 6,7,A6,,7293800,,‧價單第3號 (F1)付款辦法 Payment Plan (F1) of Price List No.3 見備註/See Remarks 7(c)(vii) ‧見備註/See Remarks 7(d)(i) ‧見備註/See Remarks 7(e)(i) ‧見備註/See Remarks 7(f)(i) ‧見備註/See Remarks 7(g)(i) ‧見備註/See Remarks 7(h)(i) ‧見備註/See Remarks 7(j)(v),
2022-06-03,2022-06-10,,翠景閣第6座 Greenwood Tower 6,6,A6,,7279300,,‧價單第3號 (F1)付款辦法 Payment Plan (F1) of Price List No.3 見備註/See Remarks 7(c)(vii) ‧見備註/See Remarks 7(d)(i) ‧見備註/See Remarks 7(e)(i) ‧見備註/See Remarks 7(f)(i) ‧見備註/See Remarks 7(g)(i) ‧見備註/See Remarks 7(h)(i) ‧見備註/See Remarks 7(j)(v),
2022-06-03,2022-06-10,,翠景閣第6座 Greenwood Tower 6,5,A6,,7264700,,‧價單第3號 (F1)付款辦法 Payment Plan (F1) of Price List No.3 見備註/See Remarks 7(c)(vii) ‧見備註/See Remarks 7(d)(i) ‧見備註/See Remarks 7(e)(i) ‧見備註/See Remarks 7(f)(i) ‧見備註/See Remarks 7(g)(i) ‧見備註/See Remarks 7(h)(i) ‧見備註/See Remarks 7(j)(v),
2022-06-03,2022-06-10,,翠景閣第6座 Greenwood Tower 6,3,A6,,7221100,,‧價單第3號 (F1)付款辦法 Payment Plan (F1) of Price List No.3 見備註/See Remarks 7(c)(vii) ‧見備註/See Remarks 7(d)(i) ‧見備註/See Remarks 7(e)(i) ‧見備註/See Remarks 7(f)(i) ‧見備註/See Remarks 7(g)(i) ‧見備註/See Remarks 7(h)(i) ‧見備註/See Remarks 7(j)(v),
2022-06-03,2022-06-10,,翠景閣第6座 Greenwood Tower 6,2,A6,,7163400,,‧價單第3號 (F1)付款辦法 Payment Plan (F1) of Price List No.3 見備註/See Remarks 7(c)(vii) ‧見備註/See Remarks 7(d)(i) ‧見備註/See Remarks 7(e)(i) ‧見備註/See Remarks 7(f)(i) ‧見備註/See Remarks 7(g)(i) ‧見備註/See Remarks 7(h)(i) ‧見備註/See Remarks 7(j)(v),
2022-06-03,2022-06-10,,翠景閣第6座 Greenwood Tower 6,1,A6,,7389200,,‧價單第3號 (F1)付款辦法 Payment Plan (F1) of Price List No.3 見備註/See Remarks 7(c)(vii) ‧見備註/See Remarks 7(d)(i) ‧見備註/See Remarks 7(e)(i) ‧見備註/See Remarks 7(f)(i) ‧見備註/See Remarks 7(g)(i) ‧見備註/See Remarks 7(h)(i) ‧見備註/See Remarks 7(j)(v),
2022-06-03,2022-06-10,,翠景閣第6座 Greenwood Tower 6,12,B3,,6415800,,‧價單第3號 (B2X)付款辦法 Payment Plan (B2X) of Price List No.3 見備註/See Remarks 7(c)(ii) ‧見備註/See Remarks 7(d)(ii) ‧見備註/See Remarks 7(e)(iii) ‧見備註/See Remarks 7(g)(i) ‧見備註/See Remarks 7(h)(i) ‧見備註/See Remarks 7(j)(ii)(a) ‧見備註/See Remarks 7(j)(iv)(a) ‧見備註/See Remarks 7(j)(v),
2022-06-03,2022-06-10,,翠景閣第6座 Greenwood Tower 6,11,B3,,5896100,,‧價單第3號 (E1)付款辦法 Payment Plan (E1) of Price List No.3 見備註/See Remarks 7(c)(vi) ‧見備註/See Remarks 7(d)(ii) ‧見備註/See Remarks 7(e)(ii) ‧見備註/See Remarks 7(g)(i) ‧見備註/See Remarks 7(h)(i) ‧見備註/See Remarks 7(j)(ii)(a) ‧見備註/See Remarks 7(j)(iii)(a) ‧見備註/See Remarks 7(j)(iv)(a) ‧見備註/See Remarks 7(j)(v),
2022-06-03,2022-06-10,,翠景閣第6座 Greenwood Tower 6,10,B3,,5463600,,‧價單第3號 (A1)付款辦法 Payment Plan (A1) of Price List No.3 見備註/See Remarks 7(c)(i) ‧見備註/See Remarks 7(d)(i) ‧見備註/See Remarks 7(e)(i) ‧見備註/See Remarks 7(f)(i) ‧見備註/See Remarks 7(g)(i) ‧見備註/See Remarks 7(h)(i) ‧見備註/See Remarks 7(j)(v),
2022-06-03,2022-06-10,,翠景閣第6座 Greenwood Tower 6,9,B3,,5431000,,‧價單第3號 (A1)付款辦法 Payment Plan (A1) of Price List No.3 見備註/See Remarks 7(c)(i) ‧見備註/See Remarks 7(d)(i) ‧見備註/See Remarks 7(e)(i) ‧見備註/See Remarks 7(f)(i) ‧見備註/See Remarks 7(g)(i) ‧見備註/See Remarks 7(h)(i) ‧見備註/See Remarks 7(j)(v),
2022-06-03,2022-06-10,,翠景閣第6座 Greenwood Tower 6,8,B3,,5901200,,‧價單第3號 (B2X)付款辦法 Payment Plan (B2X) of Price List No.3 見備註/See Remarks 7(c)(ii) ‧見備註/See Remarks 7(d)(ii) ‧見備註/See Remarks 7(e)(iii) ‧見備註/See Remarks 7(g)(i) ‧見備註/See Remarks 7(h)(i) ‧見備註/See Remarks 7(j)(ii)(a) ‧見備註/See Remarks 7(j)(iv)(a) ‧見備註/See Remarks 7(j)(v),
2022-06-03,2022-06-10,,翠景閣第6座 Greenwood Tower 6,7,B3,,5398600,,‧價單第3號 (A1)付款辦法 Payment Plan (A1) of Price List No.3 見備註/See Remarks 7(c)(i) ‧見備註/See Remarks 7(d)(i) ‧見備註/See Remarks 7(e)(i) ‧見備註/See Remarks 7(f)(i) ‧見備註/See Remarks 7(g)(i) ‧見備註/See Remarks 7(h)(i) ‧見備註/See Remarks 7(j)(v),
2022-06-03,2022-06-10,,翠景閣第6座 Greenwood Tower 6,6,B3,,5877600,,‧價單第3號 (B2X)付款辦法 Payment Plan (B2X) of Price List No.3 見備註/See Remarks 7(c)(ii) ‧見備註/See Remarks 7(d)(ii) ‧見備註/See Remarks 7(e)(iii) ‧見備註/See Remarks 7(g)(i) ‧見備註/See Remarks 7(h)(i) ‧見備註/See Remarks 7(j)(ii)(a) ‧見備註/See Remarks 7(j)(iv)(a) ‧見備註/See Remarks 7(j)(v),
2022-06-03,2022-06-10,,翠景閣第6座 Greenwood Tower 6,5,B3,,5865900,"在08-11-2022，基於法例第35(2)(b)條所容許的原因 ，售價調整為$5,768,100。 On 08-11-2022, the price adjusted to $5,768,100 due to the reason allowed under section 35(2)(b) of the Ordinance.",‧價單第3號 (B2X)付款辦法 Payment Plan (B2X) of Price List No.3 見備註/See Remarks 7(c)(ii) ‧見備註/See Remarks 7(d)(ii) ‧見備註/See Remarks 7(e)(iii) ‧見備註/See Remarks 7(g)(i) ‧見備註/See Remarks 7(h)(i) ‧見備註/See Remarks 7(j)(ii)(a) ‧見備註/See Remarks 7(j)(iv)(a) ‧見備註/See Remarks 7(j)(v) ‧價單第3號 (E1)付款辦法 Payment Plan (E1) of Price List No.3 見備註/See Remarks 7(c)(vi) ‧見備註/See Remarks 7(d)(ii) ‧見備註/See Remarks 7(e)(ii) ‧見備註/See Remarks 7(g)(i) ‧見備註/See Remarks 7(h)(i) ‧見備註/See Remarks 7(j)(ii)(a) ‧見備註/See Remarks 7(j)(iii)(a) ‧見備註/See Remarks 7(j)(iv)(a) ‧見備註/See Remarks 7(j)(v) ‧(在08-11-2022修訂) (revised on 08-11-2022),
2022-06-03,2022-06-10,,翠景閣第6座 Greenwood Tower 6,3,B3,,5854100,,‧價單第3號 (B2X)付款辦法 Payment Plan (B2X) of Price List No.3 見備註/See Remarks 7(c)(ii) ‧見備註/See Remarks 7(d)(ii) ‧見備註/See Remarks 7(e)(iii) ‧見備註/See Remarks 7(g)(i) ‧見備註/See Remarks 7(h)(i) ‧見備註/See Remarks 7(j)(ii)(a) ‧見備註/See Remarks 7(j)(iv)(a) ‧見備註/See Remarks 7(j)(v),
2022-06-03,2022-06-10,,翠景閣第6座 Greenwood Tower 6,2,B3,,5845200,,‧價單第3號 (B2X)付款辦法 Payment Plan (B2X) of Price List No.3 見備註/See Remarks 7(c)(ii) ‧見備註/See Remarks 7(d)(ii) ‧見備註/See Remarks 7(e)(iii) ‧見備註/See Remarks 7(g)(i) ‧見備註/See Remarks 7(h)(i) ‧見備註/See Remarks 7(j)(ii)(a) ‧見備註/See Remarks 7(j)(iv)(a) ‧見備註/See Remarks 7(j)(v),
2022-06-03,2022-06-10,,翠景閣第6座 Greenwood Tower 6,1,B3,,5920400,,‧價單第3號 (B2X)付款辦法 Payment Plan (B2X) of Price List No.3 見備註/See Remarks 7(c)(ii) ‧見備註/See Remarks 7(d)(ii) ‧見備註/See Remarks 7(e)(iii) ‧見備註/See Remarks 7(g)(i) ‧見備註/See Remarks 7(h)(i) ‧見備註/See Remarks 7(j)(ii)(a) ‧見備註/See Remarks 7(j)(iv)(a) ‧見備註/See Remarks 7(j)(v),
2022-06-03,2022-06-10,,翠景閣第6座 Greenwood Tower 6,12,B6,,7675500,,‧價單第2號 (F1)付款辦法 Payment Plan (F1) of Price List No.2 見備註/See Remarks 7(c)(vii) ‧見備註/See Remarks 7(d)(i) ‧見備註/See Remarks 7(e)(i) ‧見備註/See Remarks 7(f)(i) ‧見備註/See Remarks 7(g)(i) ‧見備註/See Remarks 7(h)(i) ‧見備註/See Remarks 7(j)(v),
2022-06-03,2022-06-10,,翠景閣第6座 Greenwood Tower 6,11,B6,,7507600,,‧價單第2號 (E1)付款辦法 Payment Plan (E1) of Price List No.2 見備註/See Remarks 7(c)(vi) ‧見備註/See Remarks 7(d)(ii) ‧見備註/See Remarks 7(e)(ii) ‧見備註/See Remarks 7(g)(i) ‧見備註/See Remarks 7(h)(i) ‧見備註/See Remarks 7(j)(ii)(a) ‧見備註/See Remarks 7(j)(iii)(a) ‧見備註/See Remarks 7(j)(iv)(a) ‧見備註/See Remarks 7(j)(v),
2022-06-03,2022-06-10,,翠景閣第6座 Greenwood Tower 6,10,B6,,6993100,,‧價單第2號 (A1)付款辦法 Payment Plan (A1) of Price List No.2 見備註/See Remarks 7(c)(i) ‧見備註/See Remarks 7(d)(i) ‧見備註/See Remarks 7(e)(i) ‧見備註/See Remarks 7(f)(i) ‧見備註/See Remarks 7(g)(i) ‧見備註/See Remarks 7(h)(i) ‧見備註/See Remarks 7(j)(v),
2022-06-03,2022-06-10,,翠景閣第6座 Greenwood Tower 6,9,B6,,6987500,,‧價單第2號 (A1)付款辦法 Payment Plan (A1) of Price List No.2 見備註/See Remarks 7(c)(i) ‧見備註/See Remarks 7(d)(i) ‧見備註/See Remarks 7(e)(i) ‧見備註/See Remarks 7(f)(i) ‧見備註/See Remarks 7(g)(i) ‧見備註/See Remarks 7(h)(i) ‧見備註/See Remarks 7(j)(v),
2022-06-03,2022-06-10,,翠景閣第6座 Greenwood Tower 6,8,B6,,7322500,,‧價單第2號 (F1)付款辦法 Payment Plan (F1) of Price List No.2 見備註/See Remarks 7(c)(vii) ‧見備註/See Remarks 7(d)(i) ‧見備註/See Remarks 7(e)(i) ‧見備註/See Remarks 7(f)(i) ‧見備註/See Remarks 7(g)(i) ‧見備註/See Remarks 7(h)(i) ‧見備註/See Remarks 7(j)(v),
2022-06-03,2022-06-10,,翠景閣第6座 Greenwood Tower 6,7,B6,,7315300,,‧價單第2號 (F1)付款辦法 Payment Plan (F1) of Price List No.2 見備註/See Remarks 7(c)(vii) ‧見備註/See Remarks 7(d)(i) ‧見備註/See Remarks 7(e)(i) ‧見備註/See Remarks 7(f)(i) ‧見備註/See Remarks 7(g)(i) ‧見備註/See Remarks 7(h)(i) ‧見備註/See Remarks 7(j)(v),
2022-06-03,2022-06-10,,翠景閣第6座 Greenwood Tower 6,6,B6,,7307900,,‧價單第2號 (F1)付款辦法 Payment Plan (F1) of Price List No.2 見備註/See Remarks 7(c)(vii) ‧見備註/See Remarks 7(d)(i) ‧見備註/See Remarks 7(e)(i) ‧見備註/See Remarks 7(f)(i) ‧見備註/See Remarks 7(g)(i) ‧見備註/See Remarks 7(h)(i) ‧見備註/See Remarks 7(j)(v),
2022-06-03,2022-06-10,,翠景閣第6座 Greenwood Tower 6,5,B6,,7293300,,‧價單第2號 (F1)付款辦法 Payment Plan (F1) of Price List No.2 見備註/See Remarks 7(c)(vii) ‧見備註/See Remarks 7(d)(i) ‧見備註/See Remarks 7(e)(i) ‧見備註/See Remarks 7(f)(i) ‧見備註/See Remarks 7(g)(i) ‧見備註/See Remarks 7(h)(i) ‧見備註/See Remarks 7(j)(v),
2022-06-03,2022-06-10,2026-07-23,翠景閣第6座 Greenwood Tower 6,3,B6,,7278800,,‧價單第2號 (F1)付款辦法 Payment Plan (F1) of Price List No.2 見備註/See Remarks 7(c)(vii) ‧見備註/See Remarks 7(d)(i) ‧見備註/See Remarks 7(e)(i) ‧見備註/See Remarks 7(f)(i) ‧見備註/See Remarks 7(g)(i) ‧見備註/See Remarks 7(h)(i) ‧見備註/See Remarks 7(j)(v),
2022-06-03,2022-06-10,,翠景閣第6座 Greenwood Tower 6,2,B6,,6946300,,‧價單第2號 (A1)付款辦法 Payment Plan (A1) of Price List No.2 見備註/See Remarks 7(c)(i) ‧見備註/See Remarks 7(d)(i) ‧見備註/See Remarks 7(e)(i) ‧見備註/See Remarks 7(f)(i) ‧見備註/See Remarks 7(g)(i) ‧見備註/See Remarks 7(h)(i) ‧見備註/See Remarks 7(j)(v),
2022-06-05,2022-06-10,,翠景閣第1座 Greenwood Tower 1,8,B1,,14486000,,招標文件支付計劃(AT1) Payment Plan (AT1) of Tender Document ‧見備註/See Remarks 7(c)(x)(i) ‧見備註/See Remarks 7(j)(v) ‧見備註/See Remarks 7(j)(vi)(a) ‧見備註/See Remarks 7(j)(vii)(a),
2022-06-05,2022-06-10,,翠景閣第1座 Greenwood Tower 1,3,B1,,14028000,,招標文件支付計劃(AT1) Payment Plan (AT1) of Tender Document ‧見備註/See Remarks 7(c)(x)(i) ‧見備註/See Remarks 7(j)(v) ‧見備註/See Remarks 7(j)(vi)(a) ‧見備註/See Remarks 7(j)(vii)(a),
2022-06-05,2022-06-10,,翠景閣第5座 Greenwood Tower 5,12,A1,,18835600,,招標文件支付計劃(AT1) Payment Plan (AT1) of Tender Document ‧見備註/See Remarks 7(c)(x)(i) ‧見備註/See Remarks 7(j)(v) ‧見備註/See Remarks 7(j)(vi)(a) ‧見備註/See Remarks 7(j)(vii)(a),
2022-06-05,2022-06-10,,翠景閣第5座 Greenwood Tower 5,1,A2,,12621000,,招標文件支付計劃(BT1X) Payment Plan (BT1X) of Tender Document ‧見備註/See Remarks 7(c)(x)(ii) ‧見備註/See Remarks 7(j)(ii)(a) ‧見備註/See Remarks 7(j)(iv)(a) ‧見備註/See Remarks 7(j)(v) ‧見備註/See Remarks 7(j)(vi)(a) ‧見備註/See Remarks 7(j)(vii)(a),
2022-06-08,2022-06-15,,翠景閣第1座 Greenwood Tower 1,11,B1,,15246900,,招標文件支付計劃(BT1X) Payment Plan (BT1X) of Tender Document ‧見備註/See Remarks 7(c)(x)(ii) ‧見備註/See Remarks 7(j)(ii)(a) ‧見備註/See Remarks 7(j)(iv)(a) ‧見備註/See Remarks 7(j)(v) ‧見備註/See Remarks 7(j)(vi)(a) ‧見備註/See Remarks 7(j)(vii)(a),
2022-06-08,2022-06-15,,翠景閣第1座 Greenwood Tower 1,7,B1,,14861000,,招標文件支付計劃(BT1X) Payment Plan (BT1X) of Tender Document ‧見備註/See Remarks 7(c)(x)(ii) ‧見備註/See Remarks 7(j)(ii)(a) ‧見備註/See Remarks 7(j)(iv)(a) ‧見備註/See Remarks 7(j)(v) ‧見備註/See Remarks 7(j)(vi)(a) ‧見備註/See Remarks 7(j)(vii)(a),
2022-06-08,2022-06-15,,翠景閣第3座 Greenwood Tower 3,1,A6,,12797000,,招標文件支付計劃(BT1X) Payment Plan (BT1X) of Tender Document ‧見備註/See Remarks 7(c)(x)(ii) ‧見備註/See Remarks 7(j)(i)(c) ‧見備註/See Remarks 7(j)(ii)(a) ‧見備註/See Remarks 7(j)(iv)(a) ‧見備註/See Remarks 7(j)(v) ‧見備註/See Remarks 7(j)(vi)(a) ‧見備註/See Remarks 7(j)(vii)(a),
2022-06-08,2022-06-15,,翠景閣第5座 Greenwood Tower 5,1,A6,,11905600,,招標文件支付計劃(AT1) Payment Plan (AT1) of Tender Document ‧見備註/See Remarks 7(c)(x)(i) ‧見備註/See Remarks 7(j)(v) ‧見備註/See Remarks 7(j)(vi)(a) ‧見備註/See Remarks 7(j)(vii)(a),
2022-06-08,2022-06-15,,翠景閣第6座 Greenwood Tower 6,1,B6,,9062500,,招標文件支付計劃(ET1) Payment Plan (ET1) of Tender Document ‧見備註/See Remarks 7(c)(x)(iii) ‧見備註/See Remarks 7(j)(ii)(a) ‧見備註/See Remarks 7(j)(iii)(a) ‧見備註/See Remarks 7(j)(iv)(a) ‧見備註/See Remarks 7(j)(v) ‧見備註/See Remarks 7(j)(vii)(a),
2022-06-11,2022-06-17,,翠景閣第1座 Greenwood Tower 1,11,A2,,10802700,,‧價單第4A號 (B3Y)付款辦法 Payment Plan (B3Y) of Price List No.4A See Remarks/見備註 7(c)(iii) ‧見備註/See Remarks 7(d)(ii) ‧見備註/See Remarks 7(e)(iii) ‧見備註/See Remarks 7(g)(i) ‧見備註/See Remarks 7(h)(i) ‧見備註/See Remarks 7(j)(ii)(a) ‧見備註/See Remarks 7(j)(iv)(a) ‧見備註/See Remarks 7(j)(v) ‧見備註/See Remarks 7(j)(vi)(a),
2022-06-11,2022-06-17,,翠景閣第1座 Greenwood Tower 1,10,A2,,9588100,,‧價單第4A號 (SE1)付款辦法 Payment Plan (SE1) of Price List No.4A 見備註/See Remarks 7(c)(ix) ‧見備註/See Remarks 7(d)(ii) ‧見備註/See Remarks 7(e)(ii) ‧見備註/See Remarks 7(g)(i) ‧見備註/See Remarks 7(h)(i) ‧見備註/See Remarks 7(i)(i) ‧見備註/See Remarks 7(j)(ii)(b) ‧見備註/See Remarks 7(j)(iii)(a) ‧見備註/See Remarks 7(j)(iv)(b) ‧見備註/See Remarks 7(j)(v) ‧見備註/See Remarks 7(j)(vi)(a),
2022-06-11,2022-06-17,,翠景閣第1座 Greenwood Tower 1,5,A2,,10271800,,‧價單第4A號 (E1)付款辦法 Payment Plan (E1) of Price List No.4A 見備註/See Remarks 7(c)(vi) ‧見備註/See Remarks 7(d)(ii) ‧見備註/See Remarks 7(e)(ii) ‧見備註/See Remarks 7(g)(i) ‧見備註/See Remarks 7(h)(i) ‧見備註/See Remarks 7(j)(ii)(a) ‧見備註/See Remarks 7(j)(iii)(a) ‧見備註/See Remarks 7(j)(iv)(a) ‧見備註/See Remarks 7(j)(v) ‧見備註/See Remarks 7(j)(vi)(a),
2022-06-11,2022-06-17,,翠景閣第1座 Greenwood Tower 1,3,A2,,9980700,,‧價單第4A號 (F2)付款辦法 Payment Plan (F2) of Price List No.4A 見備註/See Remarks 7(c)(vii) ‧見備註/See Remarks 7(d)(i) ‧見備註/See Remarks 7(e)(i) ‧見備註/See Remarks 7(f)(i) ‧見備註/See Remarks 7(g)(i) ‧見備註/See Remarks 7(h)(i) ‧見備註/See Remarks 7(j)(v) ‧見備註/See Remarks 7(j)(vi)(a),
2022-06-11,2022-06-17,,翠景閣第1座 Greenwood Tower 1,2,A2,,9394600,,‧價單第4A號 (A1)付款辦法 Payment Plan (A1) of Price List No.4A 見備註/See Remarks 7(c)(i) ‧見備註/See Remarks 7(d)(i) ‧見備註/See Remarks 7(e)(i) ‧見備註/See Remarks 7(f)(i) ‧見備註/See Remarks 7(g)(i) ‧見備註/See Remarks 7(h)(i) ‧見備註/See Remarks 7(j)(v) ‧見備註/See Remarks 7(j)(vi)(a),
2022-06-11,2022-06-17,,翠景閣第1座 Greenwood Tower 1,1,A2,,10321300,,‧價單第4A號 (E1)付款辦法 Payment Plan (E1) of Price List No.4A 見備註/See Remarks 7(c)(vi) ‧見備註/See Remarks 7(d)(ii) ‧見備註/See Remarks 7(e)(ii) ‧見備註/See Remarks 7(g)(i) ‧見備註/See Remarks 7(h)(i) ‧見備註/See Remarks 7(j)(ii)(a) ‧見備註/See Remarks 7(j)(iii)(a) ‧見備註/See Remarks 7(j)(iv)(a) ‧見備註/See Remarks 7(j)(v) ‧見備註/See Remarks 7(j)(vi)(a),
2022-06-11,2022-06-17,,翠景閣第1座 Greenwood Tower 1,12,B3,,9175300,,‧價單第4A號 (F2)付款辦法 Payment Plan (F2) of Price List No.4A 見備註/See Remarks 7(c)(vii) ‧見備註/See Remarks 7(d)(i) ‧見備註/See Remarks 7(e)(i) ‧見備註/See Remarks 7(f)(i) ‧見備註/See Remarks 7(g)(i) ‧見備註/See Remarks 7(h)(i) ‧見備註/See Remarks 7(j)(v) ‧見備註/See Remarks 7(j)(viii)(a),
2022-06-11,2022-06-17,,翠景閣第1座 Greenwood Tower 1,11,B3,,8777300,,‧價單第4A號 (F2)付款辦法 Payment Plan (F2) of Price List No.4A 見備註/See Remarks 7(c)(vii) ‧見備註/See Remarks 7(d)(i) ‧見備註/See Remarks 7(e)(i) ‧見備註/See Remarks 7(f)(i) ‧見備註/See Remarks 7(g)(i) ‧見備註/See Remarks 7(h)(i) ‧見備註/See Remarks 7(j)(v) ‧見備註/See Remarks 7(j)(viii)(a),
2022-06-11,2022-06-17,,翠景閣第1座 Greenwood Tower 1,10,B3,,8724900,,‧價單第4A號 (F2)付款辦法 Payment Plan (F2) of Price List No.4A 見備註/See Remarks 7(c)(vii) ‧見備註/See Remarks 7(d)(i) ‧見備註/See Remarks 7(e)(i) ‧見備註/See Remarks 7(f)(i) ‧見備註/See Remarks 7(g)(i) ‧見備註/See Remarks 7(h)(i) ‧見備註/See Remarks 7(j)(v) ‧見備註/See Remarks 7(j)(viii)(a),
2022-06-11,2022-06-17,,翠景閣第1座 Greenwood Tower 1,9,B3,,8672900,,‧價單第4A號 (F2)付款辦法 Payment Plan (F2) of Price List No.4A 見備註/See Remarks 7(c)(vii) ‧見備註/See Remarks 7(d)(i) ‧見備註/See Remarks 7(e)(i) ‧見備註/See Remarks 7(f)(i) ‧見備註/See Remarks 7(g)(i) ‧見備註/See Remarks 7(h)(i) ‧見備註/See Remarks 7(j)(v) ‧見備註/See Remarks 7(j)(viii)(a),
2022-06-11,2022-06-17,2026-07-23,翠景閣第1座 Greenwood Tower 1,8,B3,,8638400,,‧價單第4A號 (F2)付款辦法 Payment Plan (F2) of Price List No.4A 見備註/See Remarks 7(c)(vii) ‧見備註/See Remarks 7(d)(i) ‧見備註/See Remarks 7(e)(i) ‧見備註/See Remarks 7(f)(i) ‧見備註/See Remarks 7(g)(i) ‧見備註/See Remarks 7(h)(i) ‧見備註/See Remarks 7(j)(v) ‧見備註/See Remarks 7(j)(viii)(a),
2022-06-11,2022-06-17,,翠景閣第1座 Greenwood Tower 1,7,B3,,8969900,,‧價單第4A號 (B3Y)付款辦法 Payment Plan (B3Y) of Price List No.4A See Remarks/見備註 7(c)(iii) ‧見備註/See Remarks 7(d)(ii) ‧見備註/See Remarks 7(e)(iii) ‧見備註/See Remarks 7(g)(i) ‧見備註/See Remarks 7(h)(i) ‧見備註/See Remarks 7(j)(ii)(a) ‧見備註/See Remarks 7(j)(iv)(a) ‧見備註/See Remarks 7(j)(v) ‧見備註/See Remarks 7(j)(viii)(a),
2022-06-11,2022-06-17,2026-07-15,翠景閣第1座 Greenwood Tower 1,6,B3,,8603800,,‧價單第4A號 (F2)付款辦法 Payment Plan (F2) of Price List No.4A 見備註/See Remarks 7(c)(vii) ‧見備註/See Remarks 7(d)(i) ‧見備註/See Remarks 7(e)(i) ‧見備註/See Remarks 7(f)(i) ‧見備註/See Remarks 7(g)(i) ‧見備註/See Remarks 7(h)(i) ‧見備註/See Remarks 7(j)(v) ‧見備註/See Remarks 7(j)(viii)(a),
2022-06-11,2022-06-17,,翠景閣第1座 Greenwood Tower 1,5,B3,,8586600,,‧價單第4A號 (F2)付款辦法 Payment Plan (F2) of Price List No.4A 見備註/See Remarks 7(c)(vii) ‧見備註/See Remarks 7(d)(i) ‧見備註/See Remarks 7(e)(i) ‧見備註/See Remarks 7(f)(i) ‧見備註/See Remarks 7(g)(i) ‧見備註/See Remarks 7(h)(i) ‧見備註/See Remarks 7(j)(v) ‧見備註/See Remarks 7(j)(viii)(a),
2022-06-11,2022-06-17,,翠景閣第1座 Greenwood Tower 1,3,B3,,8535200,,‧價單第4A號 (F2)付款辦法 Payment Plan (F2) of Price List No.4A 見備註/See Remarks 7(c)(vii) ‧見備註/See Remarks 7(d)(i) ‧見備註/See Remarks 7(e)(i) ‧見備註/See Remarks 7(f)(i) ‧見備註/See Remarks 7(g)(i) ‧見備註/See Remarks 7(h)(i) ‧見備註/See Remarks 7(j)(v) ‧見備註/See Remarks 7(j)(viii)(a),
2022-06-11,2022-06-17,,翠景閣第1座 Greenwood Tower 1,2,B3,,8466800,,‧價單第1B號 (F2)付款辦法 Payment Plan (F2) of Price List No.1B 見備註/See Remarks 7(c)(vii) ‧見備註/See Remarks 7(d)(i) ‧見備註/See Remarks 7(e)(i) ‧見備註/See Remarks 7(f)(i) ‧見備註/See Remarks 7(g)(i) ‧見備註/See Remarks 7(h)(i) ‧見備註/See Remarks 7(j)(v) ‧見備註/See Remarks 7(j)(viii)(a),
2022-06-11,2022-06-17,2025-10-02,翠景閣第1座 Greenwood Tower 1,1,B3,,9515800,,‧價單第1B號 (D2)付款辦法 Payment Plan (D2) of Price List No.1B See Remarks/見備註 7(c)(v) ‧見備註/See Remarks 7(g)(i) ‧見備註/See Remarks 7(h)(i) ‧見備註/See Remarks 7(j)(i)(b) ‧見備註/See Remarks 7(j)(ii)(a) ‧見備註/See Remarks 7(j)(iv)(a) ‧見備註/See Remarks 7(j)(v) ‧見備註/See Remarks 7(j)(viii)(a),
2022-06-11,2022-06-17,2025-10-02,翠景閣第1座 Greenwood Tower 1,11,B5,,7837700,,‧價單第1B號 (F2)付款辦法 Payment Plan (F2) of Price List No.1B 見備註/See Remarks 7(c)(vii) ‧見備註/See Remarks 7(d)(i) ‧見備註/See Remarks 7(e)(i) ‧見備註/See Remarks 7(f)(i) ‧見備註/See Remarks 7(g)(i) ‧見備註/See Remarks 7(h)(i) ‧見備註/See Remarks 7(j)(v) ‧見備註/See Remarks 7(j)(viii)(a),
2022-06-11,2022-06-17,,翠景閣第1座 Greenwood Tower 1,10,B5,,7790900,,‧價單第1B號 (F2)付款辦法 Payment Plan (F2) of Price List No.1B 見備註/See Remarks 7(c)(vii) ‧見備註/See Remarks 7(d)(i) ‧見備註/See Remarks 7(e)(i) ‧見備註/See Remarks 7(f)(i) ‧見備註/See Remarks 7(g)(i) ‧見備註/See Remarks 7(h)(i) ‧見備註/See Remarks 7(j)(v) ‧見備註/See Remarks 7(j)(viii)(a),
2022-06-11,2022-06-17,,翠景閣第1座 Greenwood Tower 1,9,B5,,7744500,,‧價單第1B號 (F2)付款辦法 Payment Plan (F2) of Price List No.1B 見備註/See Remarks 7(c)(vii) ‧見備註/See Remarks 7(d)(i) ‧見備註/See Remarks 7(e)(i) ‧見備註/See Remarks 7(f)(i) ‧見備註/See Remarks 7(g)(i) ‧見備註/See Remarks 7(h)(i) ‧見備註/See Remarks 7(j)(v) ‧見備註/See Remarks 7(j)(viii)(a),
2022-06-11,2022-06-17,,翠景閣第1座 Greenwood Tower 1,8,B5,,7713600,,‧價單第1B號 (F2)付款辦法 Payment Plan (F2) of Price List No.1B 見備註/See Remarks 7(c)(vii) ‧見備註/See Remarks 7(d)(i) ‧見備註/See Remarks 7(e)(i) ‧見備註/See Remarks 7(f)(i) ‧見備註/See Remarks 7(g)(i) ‧見備註/See Remarks 7(h)(i) ‧見備註/See Remarks 7(j)(v) ‧見備註/See Remarks 7(j)(viii)(a),
2022-06-11,2022-06-17,,翠景閣第1座 Greenwood Tower 1,7,B5,,7698200,,‧價單第1B號 (F2)付款辦法 Payment Plan (F2) of Price List No.1B 見備註/See Remarks 7(c)(vii) ‧見備註/See Remarks 7(d)(i) ‧見備註/See Remarks 7(e)(i) ‧見備註/See Remarks 7(f)(i) ‧見備註/See Remarks 7(g)(i) ‧見備註/See Remarks 7(h)(i) ‧見備註/See Remarks 7(j)(v) ‧見備註/See Remarks 7(j)(viii)(a),
2022-06-11,2022-06-17,,翠景閣第1座 Greenwood Tower 1,6,B5,,7682900,,‧價單第1B號 (F2)付款辦法 Payment Plan (F2) of Price List No.1B 見備註/See Remarks 7(c)(vii) ‧見備註/See Remarks 7(d)(i) ‧見備註/See Remarks 7(e)(i) ‧見備註/See Remarks 7(f)(i) ‧見備註/See Remarks 7(g)(i) ‧見備註/See Remarks 7(h)(i) ‧見備註/See Remarks 7(j)(v) ‧見備註/See Remarks 7(j)(viii)(a),
2022-06-11,2022-06-17,,翠景閣第1座 Greenwood Tower 1,5,B5,,7667500,,‧價單第1B號 (F2)付款辦法 Payment Plan (F2) of Price List No.1B 見備註/See Remarks 7(c)(vii) ‧見備註/See Remarks 7(d)(i) ‧見備註/See Remarks 7(e)(i) ‧見備註/See Remarks 7(f)(i) ‧見備註/See Remarks 7(g)(i) ‧見備註/See Remarks 7(h)(i) ‧見備註/See Remarks 7(j)(v) ‧見備註/See Remarks 7(j)(viii)(a),
2022-06-11,2022-06-17,,翠景閣第1座 Greenwood Tower 1,3,B5,,7621500,,‧價單第1B號 (F2)付款辦法 Payment Plan (F2) of Price List No.1B 見備註/See Remarks 7(c)(vii) ‧見備註/See Remarks 7(d)(i) ‧見備註/See Remarks 7(e)(i) ‧見備註/See Remarks 7(f)(i) ‧見備註/See Remarks 7(g)(i) ‧見備註/See Remarks 7(h)(i) ‧見備註/See Remarks 7(j)(v) ‧見備註/See Remarks 7(j)(viii)(a),
2022-06-11,2022-06-17,2025-10-02,翠景閣第1座 Greenwood Tower 1,2,B5,,7560500,,‧價單第1B號 (F2)付款辦法 Payment Plan (F2) of Price List No.1B 見備註/See Remarks 7(c)(vii) ‧見備註/See Remarks 7(d)(i) ‧見備註/See Remarks 7(e)(i) ‧見備註/See Remarks 7(f)(i) ‧見備註/See Remarks 7(g)(i) ‧見備註/See Remarks 7(h)(i) ‧見備註/See Remarks 7(j)(v) ‧見備註/See Remarks 7(j)(viii)(a),
2022-06-11,2022-06-17,2025-10-02,翠景閣第1座 Greenwood Tower 1,1,B5,,7593100,,‧價單第1B號 (F2)付款辦法 Payment Plan (F2) of Price List No.1B 見備註/See Remarks 7(c)(vii) ‧見備註/See Remarks 7(d)(i) ‧見備註/See Remarks 7(e)(i) ‧見備註/See Remarks 7(f)(i) ‧見備註/See Remarks 7(g)(i) ‧見備註/See Remarks 7(h)(i) ‧見備註/See Remarks 7(j)(v) ‧見備註/See Remarks 7(j)(viii)(a),
2022-06-11,2022-06-17,,翠景閣第1座 Greenwood Tower 1,12,B8,,7843400,,‧價單第4A號 (F2)付款辦法 Payment Plan (F2) of Price List No.4A 見備註/See Remarks 7(c)(vii) ‧見備註/See Remarks 7(d)(i) ‧見備註/See Remarks 7(e)(i) ‧見備註/See Remarks 7(f)(i) ‧見備註/See Remarks 7(g)(i) ‧見備註/See Remarks 7(h)(i) ‧見備註/See Remarks 7(j)(v),
2022-06-11,2022-06-17,,翠景閣第1座 Greenwood Tower 1,11,B8,,7452000,,‧價單第4A號 (F2)付款辦法 Payment Plan (F2) of Price List No.4A 見備註/See Remarks 7(c)(vii) ‧見備註/See Remarks 7(d)(i) ‧見備註/See Remarks 7(e)(i) ‧見備註/See Remarks 7(f)(i) ‧見備註/See Remarks 7(g)(i) ‧見備註/See Remarks 7(h)(i) ‧見備註/See Remarks 7(j)(v),
2022-06-11,2022-06-17,,翠景閣第1座 Greenwood Tower 1,10,B8,,7407600,,‧價單第4A號 (F2)付款辦法 Payment Plan (F2) of Price List No.4A 見備註/See Remarks 7(c)(vii) ‧見備註/See Remarks 7(d)(i) ‧見備註/See Remarks 7(e)(i) ‧見備註/See Remarks 7(f)(i) ‧見備註/See Remarks 7(g)(i) ‧見備註/See Remarks 7(h)(i) ‧見備註/See Remarks 7(j)(v),
2022-06-11,2022-06-17,,翠景閣第1座 Greenwood Tower 1,9,B8,,7022800,,‧價單第4A號 (A1)付款辦法 Payment Plan (A1) of Price List No.4A 見備註/See Remarks 7(c)(i) ‧見備註/See Remarks 7(d)(i) ‧見備註/See Remarks 7(e)(i) ‧見備註/See Remarks 7(f)(i) ‧見備註/See Remarks 7(g)(i) ‧見備註/See Remarks 7(h)(i) ‧見備註/See Remarks 7(j)(v),
2022-06-11,2022-06-17,,翠景閣第1座 Greenwood Tower 1,8,B8,,7334000,,‧價單第4A號 (F2)付款辦法 Payment Plan (F2) of Price List No.4A 見備註/See Remarks 7(c)(vii) ‧見備註/See Remarks 7(d)(i) ‧見備註/See Remarks 7(e)(i) ‧見備註/See Remarks 7(f)(i) ‧見備註/See Remarks 7(g)(i) ‧見備註/See Remarks 7(h)(i) ‧見備註/See Remarks 7(j)(v),
2022-06-11,2022-06-17,,翠景閣第1座 Greenwood Tower 1,7,B8,,7319400,,‧價單第4A號 (F2)付款辦法 Payment Plan (F2) of Price List No.4A 見備註/See Remarks 7(c)(vii) ‧見備註/See Remarks 7(d)(i) ‧見備註/See Remarks 7(e)(i) ‧見備註/See Remarks 7(f)(i) ‧見備註/See Remarks 7(g)(i) ‧見備註/See Remarks 7(h)(i) ‧見備註/See Remarks 7(j)(v),
2022-06-11,2022-06-17,,翠景閣第1座 Greenwood Tower 1,6,B8,,6967000,,‧價單第4A號 (A1)付款辦法 Payment Plan (A1) of Price List No.4A 見備註/See Remarks 7(c)(i) ‧見備註/See Remarks 7(d)(i) ‧見備註/See Remarks 7(e)(i) ‧見備註/See Remarks 7(f)(i) ‧見備註/See Remarks 7(g)(i) ‧見備註/See Remarks 7(h)(i) ‧見備註/See Remarks 7(j)(v),
2022-06-11,2022-06-17,,翠景閣第1座 Greenwood Tower 1,5,B8,,7458700,,‧價單第4A號 (E1)付款辦法 Payment Plan (E1) of Price List No.4A 見備註/See Remarks 7(c)(vi) ‧見備註/See Remarks 7(d)(ii) ‧見備註/See Remarks 7(e)(ii) ‧見備註/See Remarks 7(g)(i) ‧見備註/See Remarks 7(h)(i) ‧見備註/See Remarks 7(j)(ii)(a) ‧見備註/See Remarks 7(j)(iii)(a) ‧見備註/See Remarks 7(j)(iv)(a) ‧見備註/See Remarks 7(j)(v),
2022-06-11,2022-06-17,,翠景閣第1座 Greenwood Tower 1,3,B8,,7275600,,‧價單第4A號 (F2)付款辦法 Payment Plan (F2) of Price List No.4A 見備註/See Remarks 7(c)(vii) ‧見備註/See Remarks 7(d)(i) ‧見備註/See Remarks 7(e)(i) ‧見備註/See Remarks 7(f)(i) ‧見備註/See Remarks 7(g)(i) ‧見備註/See Remarks 7(h)(i) ‧見備註/See Remarks 7(j)(v),
2022-06-11,2022-06-17,2026-07-03,翠景閣第1座 Greenwood Tower 1,2,B8,,7246500,,‧價單第4A號 (F2)付款辦法 Payment Plan (F2) of Price List No.4A 見備註/See Remarks 7(c)(vii) ‧見備註/See Remarks 7(d)(i) ‧見備註/See Remarks 7(e)(i) ‧見備註/See Remarks 7(f)(i) ‧見備註/See Remarks 7(g)(i) ‧見備註/See Remarks 7(h)(i) ‧見備註/See Remarks 7(j)(v),
2022-06-11,2022-06-17,,翠景閣第1座 Greenwood Tower 1,1,B8,,6784500,,‧價單第4A號 (A1)付款辦法 Payment Plan (A1) of Price List No.4A 見備註/See Remarks 7(c)(i) ‧見備註/See Remarks 7(d)(i) ‧見備註/See Remarks 7(e)(i) ‧見備註/See Remarks 7(f)(i) ‧見備註/See Remarks 7(g)(i) ‧見備註/See Remarks 7(h)(i) ‧見備註/See Remarks 7(j)(v),
2022-06-11,2022-06-17,,翠景閣第2座 Greenwood Tower 2,12,A3,,6553700,,‧價單第4A號 (B3X)付款辦法 Payment Plan (B3X) of Price List No.4A 見備註/See Remarks 7(c)(ii) ‧見備註/See Remarks 7(d)(ii) ‧見備註/See Remarks 7(e)(iii) ‧見備註/See Remarks 7(g)(i) ‧見備註/See Remarks 7(h)(i) ‧見備註/See Remarks 7(j)(ii)(a) ‧見備註/See Remarks 7(j)(iv)(a) ‧見備註/See Remarks 7(j)(v),
2022-06-11,2022-06-17,,翠景閣第2座 Greenwood Tower 2,11,A3,,7353500,,‧價單第4A號 (F2)付款辦法 Payment Plan (F2) of Price List No.4A 見備註/See Remarks 7(c)(vii) ‧見備註/See Remarks 7(d)(i) ‧見備註/See Remarks 7(e)(i) ‧見備註/See Remarks 7(f)(i) ‧見備註/See Remarks 7(g)(i) ‧見備註/See Remarks 7(h)(i) ‧見備註/See Remarks 7(j)(v),
2022-06-11,2022-06-17,,翠景閣第2座 Greenwood Tower 2,10,A3,,7338900,,‧價單第4A號 (F2)付款辦法 Payment Plan (F2) of Price List No.4A 見備註/See Remarks 7(c)(vii) ‧見備註/See Remarks 7(d)(i) ‧見備註/See Remarks 7(e)(i) ‧見備註/See Remarks 7(f)(i) ‧見備註/See Remarks 7(g)(i) ‧見備註/See Remarks 7(h)(i) ‧見備註/See Remarks 7(j)(v),
2022-06-11,2022-06-17,,翠景閣第2座 Greenwood Tower 2,9,A3,,7818400,,‧價單第4A號 (C2)付款辦法 Payment Plan (C2) of Price List No.4A See Remarks/見備註 7(c)(iv) ‧見備註/See Remarks 7(d)(ii) ‧見備註/See Remarks 7(e)(iv) ‧見備註/See Remarks 7(g)(i) ‧見備註/See Remarks 7(h)(i) ‧見備註/See Remarks 7(j)(i)(a) ‧見備註/See Remarks 7(j)(ii)(a) ‧見備註/See Remarks 7(j)(iv)(a) ‧見備註/See Remarks 7(j)(v),
2022-06-11,2022-06-17,,翠景閣第2座 Greenwood Tower 2,8,A3,,6921800,,‧價單第4A號 (A1)付款辦法 Payment Plan (A1) of Price List No.4A 見備註/See Remarks 7(c)(i) ‧見備註/See Remarks 7(d)(i) ‧見備註/See Remarks 7(e)(i) ‧見備註/See Remarks 7(f)(i) ‧見備註/See Remarks 7(g)(i) ‧見備註/See Remarks 7(h)(i) ‧見備註/See Remarks 7(j)(v),
2022-06-11,2022-06-17,,翠景閣第2座 Greenwood Tower 2,7,A3,,7417800,,‧價單第4A號 (E1)付款辦法 Payment Plan (E1) of Price List No.4A 見備註/See Remarks 7(c)(vi) ‧見備註/See Remarks 7(d)(ii) ‧見備註/See Remarks 7(e)(ii) ‧見備註/See Remarks 7(g)(i) ‧見備註/See Remarks 7(h)(i) ‧見備註/See Remarks 7(j)(ii)(a) ‧見備註/See Remarks 7(j)(iii)(a) ‧見備註/See Remarks 7(j)(iv)(a) ‧見備註/See Remarks 7(j)(v),
2022-06-11,2022-06-17,,翠景閣第2座 Greenwood Tower 2,12,A6,,8208700,,‧價單第4A號 (B3Y)付款辦法 Payment Plan (B3Y) of Price List No.4A See Remarks/見備註 7(c)(iii) ‧見備註/See Remarks 7(d)(ii) ‧見備註/See Remarks 7(e)(iii) ‧見備註/See Remarks 7(g)(i) ‧見備註/See Remarks 7(h)(i) ‧見備註/See Remarks 7(j)(ii)(a) ‧見備註/See Remarks 7(j)(iv)(a) ‧見備註/See Remarks 7(j)(v),
2022-06-11,2022-06-17,,翠景閣第2座 Greenwood Tower 2,11,A6,,7254200,,‧價單第4A號 (SB2)付款辦法 Payment Plan (SB2) of Price List No.4A 見備註/See Remarks 7(c)(viii) ‧見備註/See Remarks 7(d)(ii) ‧見備註/See Remarks 7(e)(iii) ‧見備註/See Remarks 7(g)(i) ‧見備註/See Remarks 7(h)(i) ‧見備註/See Remarks 7(i)(i) ‧見備註/See Remarks 7(j)(ii)(b) ‧見備註/See Remarks 7(j)(iv)(b) ‧見備註/See Remarks 7(j)(v),
2022-06-11,2022-06-17,,翠景閣第2座 Greenwood Tower 2,10,A6,,7591500,,‧價單第4A號 (F2)付款辦法 Payment Plan (F2) of Price List No.4A 見備註/See Remarks 7(c)(vii) ‧見備註/See Remarks 7(d)(i) ‧見備註/See Remarks 7(e)(i) ‧見備註/See Remarks 7(f)(i) ‧見備註/See Remarks 7(g)(i) ‧見備註/See Remarks 7(h)(i) ‧見備註/See Remarks 7(j)(v),
2022-06-11,2022-06-17,2026-07-15,翠景閣第2座 Greenwood Tower 2,9,A6,,7851600,,‧價單第4A號 (B3Y)付款辦法 Payment Plan (B3Y) of Price List No.4A See Remarks/見備註 7(c)(iii) ‧見備註/See Remarks 7(d)(ii) ‧見備註/See Remarks 7(e)(iii) ‧見備註/See Remarks 7(g)(i) ‧見備註/See Remarks 7(h)(i) ‧見備註/See Remarks 7(j)(ii)(a) ‧見備註/See Remarks 7(j)(iv)(a) ‧見備註/See Remarks 7(j)(v),
2022-06-11,2022-06-17,2026-07-09,翠景閣第2座 Greenwood Tower 2,8,A6,,7516200,,‧價單第4A號 (F2)付款辦法 Payment Plan (F2) of Price List No.4A 見備註/See Remarks 7(c)(vii) ‧見備註/See Remarks 7(d)(i) ‧見備註/See Remarks 7(e)(i) ‧見備註/See Remarks 7(f)(i) ‧見備註/See Remarks 7(g)(i) ‧見備註/See Remarks 7(h)(i) ‧見備註/See Remarks 7(j)(v),
2022-06-11,2022-06-17,,翠景閣第2座 Greenwood Tower 2,7,A6,,7154300,,‧價單第4A號 (A1)付款辦法 Payment Plan (A1) of Price List No.4A 見備註/See Remarks 7(c)(i) ‧見備註/See Remarks 7(d)(i) ‧見備註/See Remarks 7(e)(i) ‧見備註/See Remarks 7(f)(i) ‧見備註/See Remarks 7(g)(i) ‧見備註/See Remarks 7(h)(i) ‧見備註/See Remarks 7(j)(v),
2022-06-11,2022-06-17,,翠景閣第2座 Greenwood Tower 2,11,B5,,10944700,,‧價單第4A號 (F2)付款辦法 Payment Plan (F2) of Price List No.4A 見備註/See Remarks 7(c)(vii) ‧見備註/See Remarks 7(d)(i) ‧見備註/See Remarks 7(e)(i) ‧見備註/See Remarks 7(f)(i) ‧見備註/See Remarks 7(g)(i) ‧見備註/See Remarks 7(h)(i) ‧見備註/See Remarks 7(j)(v) ‧見備註/See Remarks 7(j)(vi)(a),
2022-06-11,2022-06-17,,翠景閣第2座 Greenwood Tower 2,10,B5,,10879400,,‧價單第4A號 (F2)付款辦法 Payment Plan (F2) of Price List No.4A 見備註/See Remarks 7(c)(vii) ‧見備註/See Remarks 7(d)(i) ‧見備註/See Remarks 7(e)(i) ‧見備註/See Remarks 7(f)(i) ‧見備註/See Remarks 7(g)(i) ‧見備註/See Remarks 7(h)(i) ‧見備註/See Remarks 7(j)(v) ‧見備註/See Remarks 7(j)(vi)(a),
2022-06-11,2022-06-17,,翠景閣第2座 Greenwood Tower 2,9,B5,,10814500,,‧價單第4A號 (F2)付款辦法 Payment Plan (F2) of Price List No.4A 見備註/See Remarks 7(c)(vii) ‧見備註/See Remarks 7(d)(i) ‧見備註/See Remarks 7(e)(i) ‧見備註/See Remarks 7(f)(i) ‧見備註/See Remarks 7(g)(i) ‧見備註/See Remarks 7(h)(i) ‧見備註/See Remarks 7(j)(v) ‧見備註/See Remarks 7(j)(vi)(a),
2022-06-11,2022-06-17,,翠景閣第2座 Greenwood Tower 2,8,B5,,10771400,,‧價單第4A號 (F2)付款辦法 Payment Plan (F2) of Price List No.4A 見備註/See Remarks 7(c)(vii) ‧見備註/See Remarks 7(d)(i) ‧見備註/See Remarks 7(e)(i) ‧見備註/See Remarks 7(f)(i) ‧見備註/See Remarks 7(g)(i) ‧見備註/See Remarks 7(h)(i) ‧見備註/See Remarks 7(j)(v) ‧見備註/See Remarks 7(j)(vi)(a),
2022-06-11,2022-06-17,,翠景閣第2座 Greenwood Tower 2,7,B5,,10252800,,‧價單第4A號 (A1)付款辦法 Payment Plan (A1) of Price List No.4A 見備註/See Remarks 7(c)(i) ‧見備註/See Remarks 7(d)(i) ‧見備註/See Remarks 7(e)(i) ‧見備註/See Remarks 7(f)(i) ‧見備註/See Remarks 7(g)(i) ‧見備註/See Remarks 7(h)(i) ‧見備註/See Remarks 7(j)(v) ‧見備註/See Remarks 7(j)(vi)(a),
2022-06-11,2022-06-17,,翠景閣第2座 Greenwood Tower 2,6,B5,,10728500,,‧價單第4A號 (F2)付款辦法 Payment Plan (F2) of Price List No.4A 見備註/See Remarks 7(c)(vii) ‧見備註/See Remarks 7(d)(i) ‧見備註/See Remarks 7(e)(i) ‧見備註/See Remarks 7(f)(i) ‧見備註/See Remarks 7(g)(i) ‧見備註/See Remarks 7(h)(i) ‧見備註/See Remarks 7(j)(v) ‧見備註/See Remarks 7(j)(vi)(a),
2022-06-11,2022-06-17,,翠景閣第2座 Greenwood Tower 2,5,B5,,10707000,,‧價單第4A號 (F2)付款辦法 Payment Plan (F2) of Price List No.4A 見備註/See Remarks 7(c)(vii) ‧見備註/See Remarks 7(d)(i) ‧見備註/See Remarks 7(e)(i) ‧見備註/See Remarks 7(f)(i) ‧見備註/See Remarks 7(g)(i) ‧見備註/See Remarks 7(h)(i) ‧見備註/See Remarks 7(j)(v) ‧見備註/See Remarks 7(j)(vi)(a),
2022-06-11,2022-06-17,,翠景閣第2座 Greenwood Tower 2,3,B5,,10642800,,‧價單第4A號 (F2)付款辦法 Payment Plan (F2) of Price List No.4A 見備註/See Remarks 7(c)(vii) ‧見備註/See Remarks 7(d)(i) ‧見備註/See Remarks 7(e)(i) ‧見備註/See Remarks 7(f)(i) ‧見備註/See Remarks 7(g)(i) ‧見備註/See Remarks 7(h)(i) ‧見備註/See Remarks 7(j)(v) ‧見備註/See Remarks 7(j)(vi)(a),
2022-06-11,2022-06-17,,翠景閣第2座 Greenwood Tower 2,2,B5,,10557600,,‧價單第4A號 (F2)付款辦法 Payment Plan (F2) of Price List No.4A 見備註/See Remarks 7(c)(vii) ‧見備註/See Remarks 7(d)(i) ‧見備註/See Remarks 7(e)(i) ‧見備註/See Remarks 7(f)(i) ‧見備註/See Remarks 7(g)(i) ‧見備註/See Remarks 7(h)(i) ‧見備註/See Remarks 7(j)(v) ‧見備註/See Remarks 7(j)(vi)(a),
2022-06-11,2022-06-17,,翠景閣第3座 Greenwood Tower 3,11,A1,,8217600,,‧價單第4A號 (A1)付款辦法 Payment Plan (A1) of Price List No.4A 見備註/See Remarks 7(c)(i) ‧見備註/See Remarks 7(d)(i) ‧見備註/See Remarks 7(e)(i) ‧見備註/See Remarks 7(f)(i) ‧見備註/See Remarks 7(g)(i) ‧見備註/See Remarks 7(h)(i) ‧見備註/See Remarks 7(j)(v),
2022-06-11,2022-06-17,,翠景閣第3座 Greenwood Tower 3,10,A1,,8104200,,‧價單第4A號 (SB2)付款辦法 Payment Plan (SB2) of Price List No.4A 見備註/See Remarks 7(c)(viii) ‧見備註/See Remarks 7(d)(ii) ‧見備註/See Remarks 7(e)(iii) ‧見備註/See Remarks 7(g)(i) ‧見備註/See Remarks 7(h)(i) ‧見備註/See Remarks 7(i)(i) ‧見備註/See Remarks 7(j)(ii)(b) ‧見備註/See Remarks 7(j)(iv)(b) ‧見備註/See Remarks 7(j)(v),(cid:214)
2022-06-11,2022-06-17,,翠景閣第3座 Greenwood Tower 3,9,A1,,8498800,,‧價單第4A號 (F2)付款辦法 Payment Plan (F2) of Price List No.4A 見備註/See Remarks 7(c)(vii) ‧見備註/See Remarks 7(d)(i) ‧見備註/See Remarks 7(e)(i) ‧見備註/See Remarks 7(f)(i) ‧見備註/See Remarks 7(g)(i) ‧見備註/See Remarks 7(h)(i) ‧見備註/See Remarks 7(j)(v),
2022-06-11,2022-06-17,,翠景閣第3座 Greenwood Tower 3,8,A1,,8465600,,‧價單第4A號 (F2)付款辦法 Payment Plan (F2) of Price List No.4A 見備註/See Remarks 7(c)(vii) ‧見備註/See Remarks 7(d)(i) ‧見備註/See Remarks 7(e)(i) ‧見備註/See Remarks 7(f)(i) ‧見備註/See Remarks 7(g)(i) ‧見備註/See Remarks 7(h)(i) ‧見備註/See Remarks 7(j)(v),
2022-06-11,2022-06-17,,翠景閣第3座 Greenwood Tower 3,7,A1,,8398300,,‧價單第4A號 (F2)付款辦法 Payment Plan (F2) of Price List No.4A 見備註/See Remarks 7(c)(vii) ‧見備註/See Remarks 7(d)(i) ‧見備註/See Remarks 7(e)(i) ‧見備註/See Remarks 7(f)(i) ‧見備註/See Remarks 7(g)(i) ‧見備註/See Remarks 7(h)(i) ‧見備註/See Remarks 7(j)(v),
2022-06-11,2022-06-17,,翠景閣第3座 Greenwood Tower 3,6,A1,,8677400,,‧價單第4A號 (B3Y)付款辦法 Payment Plan (B3Y) of Price List No.4A See Remarks/見備註 7(c)(iii) ‧見備註/See Remarks 7(d)(ii) ‧見備註/See Remarks 7(e)(iii) ‧見備註/See Remarks 7(g)(i) ‧見備註/See Remarks 7(h)(i) ‧見備註/See Remarks 7(j)(ii)(a) ‧見備註/See Remarks 7(j)(iv)(a) ‧見備註/See Remarks 7(j)(v),
2022-06-11,2022-06-17,,翠景閣第3座 Greenwood Tower 3,1,A1,,8937900,,‧價單第4A號 (B3Y)付款辦法 Payment Plan (B3Y) of Price List No.4A See Remarks/見備註 7(c)(iii) ‧見備註/See Remarks 7(d)(ii) ‧見備註/See Remarks 7(e)(iii) ‧見備註/See Remarks 7(g)(i) ‧見備註/See Remarks 7(h)(i) ‧見備註/See Remarks 7(j)(ii)(a) ‧見備註/See Remarks 7(j)(iv)(a) ‧見備註/See Remarks 7(j)(v),
2022-06-11,2022-06-17,,翠景閣第3座 Greenwood Tower 3,11,A2,,11066000,,‧價單第1B號 (SE1)付款辦法 Payment Plan (SE1) of Price List No.1B 見備註/See Remarks 7(c)(ix) ‧見備註/See Remarks 7(d)(ii) ‧見備註/See Remarks 7(e)(ii) ‧見備註/See Remarks 7(g)(i) ‧見備註/See Remarks 7(h)(i) ‧見備註/See Remarks 7(i)(i) ‧見備註/See Remarks 7(j)(ii)(b) ‧見備註/See Remarks 7(j)(iii)(a) ‧見備註/See Remarks 7(j)(iv)(b) ‧見備註/See Remarks 7(j)(v) ‧見備註/See Remarks 7(j)(vi)(a),(cid:214)
2022-06-11,2022-06-17,,翠景閣第3座 Greenwood Tower 3,10,A2,,11251000,,‧價單第1B號 (A1)付款辦法 Payment Plan (A1) of Price List No.1B 見備註/See Remarks 7(c)(i) ‧見備註/See Remarks 7(d)(i) ‧見備註/See Remarks 7(e)(i) ‧見備註/See Remarks 7(f)(i) ‧見備註/See Remarks 7(g)(i) ‧見備註/See Remarks 7(h)(i) ‧見備註/See Remarks 7(j)(v) ‧見備註/See Remarks 7(j)(vi)(a),
2022-06-11,2022-06-17,,翠景閣第3座 Greenwood Tower 3,9,A2,,11183800,,‧價單第1B號 (A1)付款辦法 Payment Plan (A1) of Price List No.1B 見備註/See Remarks 7(c)(i) ‧見備註/See Remarks 7(d)(i) ‧見備註/See Remarks 7(e)(i) ‧見備註/See Remarks 7(f)(i) ‧見備註/See Remarks 7(g)(i) ‧見備註/See Remarks 7(h)(i) ‧見備註/See Remarks 7(j)(v) ‧見備註/See Remarks 7(j)(vi)(a),
2022-06-11,2022-06-17,,翠景閣第3座 Greenwood Tower 3,8,A2,,11679400,,‧價單第1B號 (F2)付款辦法 Payment Plan (F2) of Price List No.1B 見備註/See Remarks 7(c)(vii) ‧見備註/See Remarks 7(d)(i) ‧見備註/See Remarks 7(e)(i) ‧見備註/See Remarks 7(f)(i) ‧見備註/See Remarks 7(g)(i) ‧見備註/See Remarks 7(h)(i) ‧見備註/See Remarks 7(j)(v) ‧見備註/See Remarks 7(j)(vi)(a),
2022-06-11,2022-06-17,,翠景閣第3座 Greenwood Tower 3,7,A2,,11117100,,‧價單第1B號 (A1)付款辦法 Payment Plan (A1) of Price List No.1B 見備註/See Remarks 7(c)(i) ‧見備註/See Remarks 7(d)(i) ‧見備註/See Remarks 7(e)(i) ‧見備註/See Remarks 7(f)(i) ‧見備註/See Remarks 7(g)(i) ‧見備註/See Remarks 7(h)(i) ‧見備註/See Remarks 7(j)(v) ‧見備註/See Remarks 7(j)(vi)(a),
2022-06-11,2022-06-17,,翠景閣第3座 Greenwood Tower 3,6,A2,,11632800,,‧價單第1B號 (F2)付款辦法 Payment Plan (F2) of Price List No.1B 見備註/See Remarks 7(c)(vii) ‧見備註/See Remarks 7(d)(i) ‧見備註/See Remarks 7(e)(i) ‧見備註/See Remarks 7(f)(i) ‧見備註/See Remarks 7(g)(i) ‧見備註/See Remarks 7(h)(i) ‧見備註/See Remarks 7(j)(v) ‧見備註/See Remarks 7(j)(vi)(a),
2022-06-11,2022-06-17,,翠景閣第3座 Greenwood Tower 3,5,A2,,11609500,,‧價單第1B號 (F2)付款辦法 Payment Plan (F2) of Price List No.1B 見備註/See Remarks 7(c)(vii) ‧見備註/See Remarks 7(d)(i) ‧見備註/See Remarks 7(e)(i) ‧見備註/See Remarks 7(f)(i) ‧見備註/See Remarks 7(g)(i) ‧見備註/See Remarks 7(h)(i) ‧見備註/See Remarks 7(j)(v) ‧見備註/See Remarks 7(j)(vi)(a),
2022-06-11,2022-06-17,,翠景閣第3座 Greenwood Tower 3,3,A2,,11539800,,‧價單第1B號 (F2)付款辦法 Payment Plan (F2) of Price List No.1B 見備註/See Remarks 7(c)(vii) ‧見備註/See Remarks 7(d)(i) ‧見備註/See Remarks 7(e)(i) ‧見備註/See Remarks 7(f)(i) ‧見備註/See Remarks 7(g)(i) ‧見備註/See Remarks 7(h)(i) ‧見備註/See Remarks 7(j)(v) ‧見備註/See Remarks 7(j)(vi)(a),
2022-06-11,2022-06-17,,翠景閣第3座 Greenwood Tower 3,2,A2,,11447500,,‧價單第1B號 (F2)付款辦法 Payment Plan (F2) of Price List No.1B 見備註/See Remarks 7(c)(vii) ‧見備註/See Remarks 7(d)(i) ‧見備註/See Remarks 7(e)(i) ‧見備註/See Remarks 7(f)(i) ‧見備註/See Remarks 7(g)(i) ‧見備註/See Remarks 7(h)(i) ‧見備註/See Remarks 7(j)(v) ‧見備註/See Remarks 7(j)(vi)(a),
2022-06-11,2022-06-17,,翠景閣第3座 Greenwood Tower 3,9,A3,,7271900,,‧價單第2號 (F1)付款辦法 Payment Plan (F1) of Price List No.2 見備註/See Remarks 7(c)(vii) ‧見備註/See Remarks 7(d)(i) ‧見備註/See Remarks 7(e)(i) ‧見備註/See Remarks 7(f)(i) ‧見備註/See Remarks 7(g)(i) ‧見備註/See Remarks 7(h)(i) ‧見備註/See Remarks 7(j)(v),
2022-06-11,2022-06-17,,翠景閣第3座 Greenwood Tower 3,8,A3,,7257400,,‧價單第2號 (F1)付款辦法 Payment Plan (F1) of Price List No.2 見備註/See Remarks 7(c)(vii) ‧見備註/See Remarks 7(d)(i) ‧見備註/See Remarks 7(e)(i) ‧見備註/See Remarks 7(f)(i) ‧見備註/See Remarks 7(g)(i) ‧見備註/See Remarks 7(h)(i) ‧見備註/See Remarks 7(j)(v),
2022-06-11,2022-06-17,,翠景閣第3座 Greenwood Tower 3,12,B1,,6916400,,‧價單第4A號 (A1)付款辦法 Payment Plan (A1) of Price List No.4A 見備註/See Remarks 7(c)(i) ‧見備註/See Remarks 7(d)(i) ‧見備註/See Remarks 7(e)(i) ‧見備註/See Remarks 7(f)(i) ‧見備註/See Remarks 7(g)(i) ‧見備註/See Remarks 7(h)(i) ‧見備註/See Remarks 7(j)(v),
2022-06-11,2022-06-17,,翠景閣第3座 Greenwood Tower 3,11,B1,,6524900,,‧價單第4A號 (A1)付款辦法 Payment Plan (A1) of Price List No.4A 見備註/See Remarks 7(c)(i) ‧見備註/See Remarks 7(d)(i) ‧見備註/See Remarks 7(e)(i) ‧見備註/See Remarks 7(f)(i) ‧見備註/See Remarks 7(g)(i) ‧見備註/See Remarks 7(h)(i) ‧見備註/See Remarks 7(j)(v),
2022-06-11,2022-06-17,,翠景閣第3座 Greenwood Tower 3,10,B1,,7075700,,‧價單第4A號 (B3X)付款辦法 Payment Plan (B3X) of Price List No.4A 見備註/See Remarks 7(c)(ii) ‧見備註/See Remarks 7(d)(ii) ‧見備註/See Remarks 7(e)(iii) ‧見備註/See Remarks 7(g)(i) ‧見備註/See Remarks 7(h)(i) ‧見備註/See Remarks 7(j)(ii)(a) ‧見備註/See Remarks 7(j)(iv)(a) ‧見備註/See Remarks 7(j)(v),
2022-06-11,2022-06-17,,翠景閣第3座 Greenwood Tower 3,9,B1,,7033500,,‧價單第4A號 (B3X)付款辦法 Payment Plan (B3X) of Price List No.4A 見備註/See Remarks 7(c)(ii) ‧見備註/See Remarks 7(d)(ii) ‧見備註/See Remarks 7(e)(iii) ‧見備註/See Remarks 7(g)(i) ‧見備註/See Remarks 7(h)(i) ‧見備註/See Remarks 7(j)(ii)(a) ‧見備註/See Remarks 7(j)(iv)(a) ‧見備註/See Remarks 7(j)(v),
2022-06-11,2022-06-17,,翠景閣第3座 Greenwood Tower 3,8,B1,,7005400,,‧價單第4A號 (B3X)付款辦法 Payment Plan (B3X) of Price List No.4A 見備註/See Remarks 7(c)(ii) ‧見備註/See Remarks 7(d)(ii) ‧見備註/See Remarks 7(e)(iii) ‧見備註/See Remarks 7(g)(i) ‧見備註/See Remarks 7(h)(i) ‧見備註/See Remarks 7(j)(ii)(a) ‧見備註/See Remarks 7(j)(iv)(a) ‧見備註/See Remarks 7(j)(v),
2022-06-11,2022-06-17,,翠景閣第3座 Greenwood Tower 3,7,B1,,6991400,,‧價單第4A號 (B3X)付款辦法 Payment Plan (B3X) of Price List No.4A 見備註/See Remarks 7(c)(ii) ‧見備註/See Remarks 7(d)(ii) ‧見備註/See Remarks 7(e)(iii) ‧見備註/See Remarks 7(g)(i) ‧見備註/See Remarks 7(h)(i) ‧見備註/See Remarks 7(j)(ii)(a) ‧見備註/See Remarks 7(j)(iv)(a) ‧見備註/See Remarks 7(j)(v),
2022-06-11,2022-06-17,,翠景閣第3座 Greenwood Tower 3,6,B1,,6977500,,‧價單第4A號 (B3X)付款辦法 Payment Plan (B3X) of Price List No.4A 見備註/See Remarks 7(c)(ii) ‧見備註/See Remarks 7(d)(ii) ‧見備註/See Remarks 7(e)(iii) ‧見備註/See Remarks 7(g)(i) ‧見備註/See Remarks 7(h)(i) ‧見備註/See Remarks 7(j)(ii)(a) ‧見備註/See Remarks 7(j)(iv)(a) ‧見備註/See Remarks 7(j)(v),
2022-06-11,2022-06-17,,翠景閣第3座 Greenwood Tower 3,5,B1,,7195600,,‧價單第4A號 (C2)付款辦法 Payment Plan (C2) of Price List No.4A See Remarks/見備註 7(c)(iv) ‧見備註/See Remarks 7(d)(ii) ‧見備註/See Remarks 7(e)(iv) ‧見備註/See Remarks 7(g)(i) ‧見備註/See Remarks 7(h)(i) ‧見備註/See Remarks 7(j)(i)(a) ‧見備註/See Remarks 7(j)(ii)(a) ‧見備註/See Remarks 7(j)(iv)(a) ‧見備註/See Remarks 7(j)(v),
2022-06-11,2022-06-17,,翠景閣第3座 Greenwood Tower 3,3,B1,,6833700,,‧價單第4A號 (E1)付款辦法 Payment Plan (E1) of Price List No.4A 見備註/See Remarks 7(c)(vi) ‧見備註/See Remarks 7(d)(ii) ‧見備註/See Remarks 7(e)(ii) ‧見備註/See Remarks 7(g)(i) ‧見備註/See Remarks 7(h)(i) ‧見備註/See Remarks 7(j)(ii)(a) ‧見備註/See Remarks 7(j)(iii)(a) ‧見備註/See Remarks 7(j)(iv)(a) ‧見備註/See Remarks 7(j)(v),
2022-06-11,2022-06-17,,翠景閣第3座 Greenwood Tower 3,2,B1,,6921800,,‧價單第4A號 (B3X)付款辦法 Payment Plan (B3X) of Price List No.4A 見備註/See Remarks 7(c)(ii) ‧見備註/See Remarks 7(d)(ii) ‧見備註/See Remarks 7(e)(iii) ‧見備註/See Remarks 7(g)(i) ‧見備註/See Remarks 7(h)(i) ‧見備註/See Remarks 7(j)(ii)(a) ‧見備註/See Remarks 7(j)(iv)(a) ‧見備註/See Remarks 7(j)(v),
2022-06-11,2022-06-17,,翠景閣第3座 Greenwood Tower 3,1,B1,,6783300,,‧價單第4A號 (B3X)付款辦法 Payment Plan (B3X) of Price List No.4A 見備註/See Remarks 7(c)(ii) ‧見備註/See Remarks 7(d)(ii) ‧見備註/See Remarks 7(e)(iii) ‧見備註/See Remarks 7(g)(i) ‧見備註/See Remarks 7(h)(i) ‧見備註/See Remarks 7(j)(ii)(a) ‧見備註/See Remarks 7(j)(iv)(a) ‧見備註/See Remarks 7(j)(v),
2022-06-11,2022-06-17,,翠景閣第3座 Greenwood Tower 3,12,B2,,8300100,,‧價單第4A號 (F2)付款辦法 Payment Plan (F2) of Price List No.4A 見備註/See Remarks 7(c)(vii) ‧見備註/See Remarks 7(d)(i) ‧見備註/See Remarks 7(e)(i) ‧見備註/See Remarks 7(f)(i) ‧見備註/See Remarks 7(g)(i) ‧見備註/See Remarks 7(h)(i) ‧見備註/See Remarks 7(j)(v) ‧見備註/See Remarks 7(j)(viii)(a),
2022-06-11,2022-06-17,,翠景閣第3座 Greenwood Tower 3,11,B2,,7976500,,‧價單第4A號 (F2)付款辦法 Payment Plan (F2) of Price List No.4A 見備註/See Remarks 7(c)(vii) ‧見備註/See Remarks 7(d)(i) ‧見備註/See Remarks 7(e)(i) ‧見備註/See Remarks 7(f)(i) ‧見備註/See Remarks 7(g)(i) ‧見備註/See Remarks 7(h)(i) ‧見備註/See Remarks 7(j)(v) ‧見備註/See Remarks 7(j)(viii)(a),
2022-06-11,2022-06-17,,翠景閣第3座 Greenwood Tower 3,10,B2,,7929000,,‧價單第4A號 (F2)付款辦法 Payment Plan (F2) of Price List No.4A 見備註/See Remarks 7(c)(vii) ‧見備註/See Remarks 7(d)(i) ‧見備註/See Remarks 7(e)(i) ‧見備註/See Remarks 7(f)(i) ‧見備註/See Remarks 7(g)(i) ‧見備註/See Remarks 7(h)(i) ‧見備註/See Remarks 7(j)(v) ‧見備註/See Remarks 7(j)(viii)(a),
2022-06-11,2022-06-17,2025-10-02,翠景閣第3座 Greenwood Tower 3,9,B2,,7881700,,‧價單第4A號 (F2)付款辦法 Payment Plan (F2) of Price List No.4A 見備註/See Remarks 7(c)(vii) ‧見備註/See Remarks 7(d)(i) ‧見備註/See Remarks 7(e)(i) ‧見備註/See Remarks 7(f)(i) ‧見備註/See Remarks 7(g)(i) ‧見備註/See Remarks 7(h)(i) ‧見備註/See Remarks 7(j)(v) ‧見備註/See Remarks 7(j)(viii)(a),
2022-06-11,2022-06-17,,翠景閣第3座 Greenwood Tower 3,8,B2,,7850300,,‧價單第1B號 (F2)付款辦法 Payment Plan (F2) of Price List No.1B 見備註/See Remarks 7(c)(vii) ‧見備註/See Remarks 7(d)(i) ‧見備註/See Remarks 7(e)(i) ‧見備註/See Remarks 7(f)(i) ‧見備註/See Remarks 7(g)(i) ‧見備註/See Remarks 7(h)(i) ‧見備註/See Remarks 7(j)(v) ‧見備註/See Remarks 7(j)(viii)(a),
2022-06-11,2022-06-17,,翠景閣第3座 Greenwood Tower 3,7,B2,,7834600,,‧價單第1B號 (F2)付款辦法 Payment Plan (F2) of Price List No.1B 見備註/See Remarks 7(c)(vii) ‧見備註/See Remarks 7(d)(i) ‧見備註/See Remarks 7(e)(i) ‧見備註/See Remarks 7(f)(i) ‧見備註/See Remarks 7(g)(i) ‧見備註/See Remarks 7(h)(i) ‧見備註/See Remarks 7(j)(v) ‧見備註/See Remarks 7(j)(viii)(a),
2022-06-11,2022-06-17,2026-07-15,翠景閣第3座 Greenwood Tower 3,6,B2,,7818900,,‧價單第1B號 (F2)付款辦法 Payment Plan (F2) of Price List No.1B 見備註/See Remarks 7(c)(vii) ‧見備註/See Remarks 7(d)(i) ‧見備註/See Remarks 7(e)(i) ‧見備註/See Remarks 7(f)(i) ‧見備註/See Remarks 7(g)(i) ‧見備註/See Remarks 7(h)(i) ‧見備註/See Remarks 7(j)(v) ‧見備註/See Remarks 7(j)(viii)(a),
2022-06-11,2022-06-17,,翠景閣第3座 Greenwood Tower 3,5,B2,,7803400,,‧價單第1B號 (F2)付款辦法 Payment Plan (F2) of Price List No.1B 見備註/See Remarks 7(c)(vii) ‧見備註/See Remarks 7(d)(i) ‧見備註/See Remarks 7(e)(i) ‧見備註/See Remarks 7(f)(i) ‧見備註/See Remarks 7(g)(i) ‧見備註/See Remarks 7(h)(i) ‧見備註/See Remarks 7(j)(v) ‧見備註/See Remarks 7(j)(viii)(a),
2022-06-11,2022-06-17,,翠景閣第3座 Greenwood Tower 3,3,B2,,7592700,,‧價單第1B號 (F2)付款辦法 Payment Plan (F2) of Price List No.1B 見備註/See Remarks 7(c)(vii) ‧見備註/See Remarks 7(d)(i) ‧見備註/See Remarks 7(e)(i) ‧見備註/See Remarks 7(f)(i) ‧見備註/See Remarks 7(g)(i) ‧見備註/See Remarks 7(h)(i) ‧見備註/See Remarks 7(j)(v) ‧見備註/See Remarks 7(j)(viii)(a),
2022-06-11,2022-06-17,,翠景閣第3座 Greenwood Tower 3,2,B2,,7326800,,‧價單第1B號 (F2)付款辦法 Payment Plan (F2) of Price List No.1B 見備註/See Remarks 7(c)(vii) ‧見備註/See Remarks 7(d)(i) ‧見備註/See Remarks 7(e)(i) ‧見備註/See Remarks 7(f)(i) ‧見備註/See Remarks 7(g)(i) ‧見備註/See Remarks 7(h)(i) ‧見備註/See Remarks 7(j)(v) ‧見備註/See Remarks 7(j)(viii)(a),
2022-06-11,2022-06-17,2025-10-02,翠景閣第3座 Greenwood Tower 3,1,B2,,7213500,,‧價單第1B號 (F2)付款辦法 Payment Plan (F2) of Price List No.1B 見備註/See Remarks 7(c)(vii) ‧見備註/See Remarks 7(d)(i) ‧見備註/See Remarks 7(e)(i) ‧見備註/See Remarks 7(f)(i) ‧見備註/See Remarks 7(g)(i) ‧見備註/See Remarks 7(h)(i) ‧見備註/See Remarks 7(j)(v) ‧見備註/See Remarks 7(j)(viii)(a),
2022-06-11,2022-06-17,,翠景閣第3座 Greenwood Tower 3,11,B3,,7995700,,‧價單第4A號 (F2)付款辦法 Payment Plan (F2) of Price List No.4A 見備註/See Remarks 7(c)(vii) ‧見備註/See Remarks 7(d)(i) ‧見備註/See Remarks 7(e)(i) ‧見備註/See Remarks 7(f)(i) ‧見備註/See Remarks 7(g)(i) ‧見備註/See Remarks 7(h)(i) ‧見備註/See Remarks 7(j)(v) ‧見備註/See Remarks 7(j)(viii)(a),
2022-06-11,2022-06-17,,翠景閣第3座 Greenwood Tower 3,10,B3,,8269600,,‧價單第4A號 (B3Y)付款辦法 Payment Plan (B3Y) of Price List No.4A See Remarks/見備註 7(c)(iii) ‧見備註/See Remarks 7(d)(ii) ‧見備註/See Remarks 7(e)(iii) ‧見備註/See Remarks 7(g)(i) ‧見備註/See Remarks 7(h)(i) ‧見備註/See Remarks 7(j)(ii)(a) ‧見備註/See Remarks 7(j)(iv)(a) ‧見備註/See Remarks 7(j)(v) ‧見備註/See Remarks 7(j)(viii)(a),
2022-06-11,2022-06-17,2025-10-02,翠景閣第3座 Greenwood Tower 3,9,B3,,7900600,,‧價單第4A號 (F2)付款辦法 Payment Plan (F2) of Price List No.4A 見備註/See Remarks 7(c)(vii) ‧見備註/See Remarks 7(d)(i) ‧見備註/See Remarks 7(e)(i) ‧見備註/See Remarks 7(f)(i) ‧見備註/See Remarks 7(g)(i) ‧見備註/See Remarks 7(h)(i) ‧見備註/See Remarks 7(j)(v) ‧見備註/See Remarks 7(j)(viii)(a),
2022-06-11,2022-06-17,,翠景閣第3座 Greenwood Tower 3,8,B3,,7869100,,‧價單第4A號 (F2)付款辦法 Payment Plan (F2) of Price List No.4A 見備註/See Remarks 7(c)(vii) ‧見備註/See Remarks 7(d)(i) ‧見備註/See Remarks 7(e)(i) ‧見備註/See Remarks 7(f)(i) ‧見備註/See Remarks 7(g)(i) ‧見備註/See Remarks 7(h)(i) ‧見備註/See Remarks 7(j)(v) ‧見備註/See Remarks 7(j)(viii)(a),
2022-06-11,2022-06-17,,翠景閣第3座 Greenwood Tower 3,7,B3,,7853400,,‧價單第4A號 (F2)付款辦法 Payment Plan (F2) of Price List No.4A 見備註/See Remarks 7(c)(vii) ‧見備註/See Remarks 7(d)(i) ‧見備註/See Remarks 7(e)(i) ‧見備註/See Remarks 7(f)(i) ‧見備註/See Remarks 7(g)(i) ‧見備註/See Remarks 7(h)(i) ‧見備註/See Remarks 7(j)(v) ‧見備註/See Remarks 7(j)(viii)(a),
2022-06-11,2022-06-17,,翠景閣第3座 Greenwood Tower 3,6,B3,,7837700,,‧價單第4A號 (F2)付款辦法 Payment Plan (F2) of Price List No.4A 見備註/See Remarks 7(c)(vii) ‧見備註/See Remarks 7(d)(i) ‧見備註/See Remarks 7(e)(i) ‧見備註/See Remarks 7(f)(i) ‧見備註/See Remarks 7(g)(i) ‧見備註/See Remarks 7(h)(i) ‧見備註/See Remarks 7(j)(v) ‧見備註/See Remarks 7(j)(viii)(a),
2022-06-11,2022-06-17,,翠景閣第3座 Greenwood Tower 3,5,B3,,8138600,,‧價單第4A號 (B3Y)付款辦法 Payment Plan (B3Y) of Price List No.4A See Remarks/見備註 7(c)(iii) ‧見備註/See Remarks 7(d)(ii) ‧見備註/See Remarks 7(e)(iii) ‧見備註/See Remarks 7(g)(i) ‧見備註/See Remarks 7(h)(i) ‧見備註/See Remarks 7(j)(ii)(a) ‧見備註/See Remarks 7(j)(iv)(a) ‧見備註/See Remarks 7(j)(v) ‧見備註/See Remarks 7(j)(viii)(a),
2022-06-11,2022-06-17,,翠景閣第3座 Greenwood Tower 3,3,B3,,7610800,,‧價單第4A號 (F2)付款辦法 Payment Plan (F2) of Price List No.4A 見備註/See Remarks 7(c)(vii) ‧見備註/See Remarks 7(d)(i) ‧見備註/See Remarks 7(e)(i) ‧見備註/See Remarks 7(f)(i) ‧見備註/See Remarks 7(g)(i) ‧見備註/See Remarks 7(h)(i) ‧見備註/See Remarks 7(j)(v) ‧見備註/See Remarks 7(j)(viii)(a),
2022-06-11,2022-06-17,,翠景閣第3座 Greenwood Tower 3,2,B3,,7337300,,‧價單第4A號 (F2)付款辦法 Payment Plan (F2) of Price List No.4A 見備註/See Remarks 7(c)(vii) ‧見備註/See Remarks 7(d)(i) ‧見備註/See Remarks 7(e)(i) ‧見備註/See Remarks 7(f)(i) ‧見備註/See Remarks 7(g)(i) ‧見備註/See Remarks 7(h)(i) ‧見備註/See Remarks 7(j)(v) ‧見備註/See Remarks 7(j)(viii)(a),
2022-06-11,2022-06-17,2025-10-02,翠景閣第3座 Greenwood Tower 3,1,B3,,7263900,,‧價單第4A號 (F2)付款辦法 Payment Plan (F2) of Price List No.4A 見備註/See Remarks 7(c)(vii) ‧見備註/See Remarks 7(d)(i) ‧見備註/See Remarks 7(e)(i) ‧見備註/See Remarks 7(f)(i) ‧見備註/See Remarks 7(g)(i) ‧見備註/See Remarks 7(h)(i) ‧見備註/See Remarks 7(j)(v) ‧見備註/See Remarks 7(j)(viii)(a),
2022-06-11,2022-06-17,,翠景閣第3座 Greenwood Tower 3,11,B5,,9883400,,‧價單第1B號 (F2)付款辦法 Payment Plan (F2) of Price List No.1B 見備註/See Remarks 7(c)(vii) ‧見備註/See Remarks 7(d)(i) ‧見備註/See Remarks 7(e)(i) ‧見備註/See Remarks 7(f)(i) ‧見備註/See Remarks 7(g)(i) ‧見備註/See Remarks 7(h)(i) ‧見備註/See Remarks 7(j)(v),
2022-06-11,2022-06-17,,翠景閣第3座 Greenwood Tower 3,10,B5,,9824400,,‧價單第1B號 (F2)付款辦法 Payment Plan (F2) of Price List No.1B 見備註/See Remarks 7(c)(vii) ‧見備註/See Remarks 7(d)(i) ‧見備註/See Remarks 7(e)(i) ‧見備註/See Remarks 7(f)(i) ‧見備註/See Remarks 7(g)(i) ‧見備註/See Remarks 7(h)(i) ‧見備註/See Remarks 7(j)(v),
2022-06-11,2022-06-17,,翠景閣第3座 Greenwood Tower 3,9,B5,,9765900,,‧價單第1B號 (F2)付款辦法 Payment Plan (F2) of Price List No.1B 見備註/See Remarks 7(c)(vii) ‧見備註/See Remarks 7(d)(i) ‧見備註/See Remarks 7(e)(i) ‧見備註/See Remarks 7(f)(i) ‧見備註/See Remarks 7(g)(i) ‧見備註/See Remarks 7(h)(i) ‧見備註/See Remarks 7(j)(v),
2022-06-11,2022-06-17,,翠景閣第3座 Greenwood Tower 3,8,B5,,9727000,,‧價單第1B號 (F2)付款辦法 Payment Plan (F2) of Price List No.1B 見備註/See Remarks 7(c)(vii) ‧見備註/See Remarks 7(d)(i) ‧見備註/See Remarks 7(e)(i) ‧見備註/See Remarks 7(f)(i) ‧見備註/See Remarks 7(g)(i) ‧見備註/See Remarks 7(h)(i) ‧見備註/See Remarks 7(j)(v),
2022-06-11,2022-06-17,,翠景閣第3座 Greenwood Tower 3,7,B5,,9258600,,‧價單第1B號 (A1)付款辦法 Payment Plan (A1) of Price List No.1B 見備註/See Remarks 7(c)(i) ‧見備註/See Remarks 7(d)(i) ‧見備註/See Remarks 7(e)(i) ‧見備註/See Remarks 7(f)(i) ‧見備註/See Remarks 7(g)(i) ‧見備註/See Remarks 7(h)(i) ‧見備註/See Remarks 7(j)(v),
2022-06-11,2022-06-17,,翠景閣第3座 Greenwood Tower 3,6,B5,,9688100,,‧價單第1B號 (F2)付款辦法 Payment Plan (F2) of Price List No.1B 見備註/See Remarks 7(c)(vii) ‧見備註/See Remarks 7(d)(i) ‧見備註/See Remarks 7(e)(i) ‧見備註/See Remarks 7(f)(i) ‧見備註/See Remarks 7(g)(i) ‧見備註/See Remarks 7(h)(i) ‧見備註/See Remarks 7(j)(v),
2022-06-11,2022-06-17,,翠景閣第3座 Greenwood Tower 3,5,B5,,9668700,,‧價單第1B號 (F2)付款辦法 Payment Plan (F2) of Price List No.1B 見備註/See Remarks 7(c)(vii) ‧見備註/See Remarks 7(d)(i) ‧見備註/See Remarks 7(e)(i) ‧見備註/See Remarks 7(f)(i) ‧見備註/See Remarks 7(g)(i) ‧見備註/See Remarks 7(h)(i) ‧見備註/See Remarks 7(j)(v),
2022-06-11,2022-06-17,,翠景閣第3座 Greenwood Tower 3,3,B5,,9649500,,‧價單第1B號 (F2)付款辦法 Payment Plan (F2) of Price List No.1B 見備註/See Remarks 7(c)(vii) ‧見備註/See Remarks 7(d)(i) ‧見備註/See Remarks 7(e)(i) ‧見備註/See Remarks 7(f)(i) ‧見備註/See Remarks 7(g)(i) ‧見備註/See Remarks 7(h)(i) ‧見備註/See Remarks 7(j)(v),
2022-06-11,2022-06-17,,翠景閣第3座 Greenwood Tower 3,2,B5,,9526500,,‧價單第1B號 (F2)付款辦法 Payment Plan (F2) of Price List No.1B 見備註/See Remarks 7(c)(vii) ‧見備註/See Remarks 7(d)(i) ‧見備註/See Remarks 7(e)(i) ‧見備註/See Remarks 7(f)(i) ‧見備註/See Remarks 7(g)(i) ‧見備註/See Remarks 7(h)(i) ‧見備註/See Remarks 7(j)(v),
2022-06-11,2022-06-17,,翠景閣第3座 Greenwood Tower 3,12,B8,,5887000,,‧價單第4A號 (SB2)付款辦法 Payment Plan (SB2) of Price List No.4A 見備註/See Remarks 7(c)(viii) ‧見備註/See Remarks 7(d)(ii) ‧見備註/See Remarks 7(e)(iii) ‧見備註/See Remarks 7(g)(i) ‧見備註/See Remarks 7(h)(i) ‧見備註/See Remarks 7(i)(i) ‧見備註/See Remarks 7(j)(ii)(b) ‧見備註/See Remarks 7(j)(iv)(b) ‧見備註/See Remarks 7(j)(v),
2022-06-11,2022-06-17,,翠景閣第3座 Greenwood Tower 3,8,B8,,5447800,,‧價單第4A號 (A1)付款辦法 Payment Plan (A1) of Price List No.4A 見備註/See Remarks 7(c)(i) ‧見備註/See Remarks 7(d)(i) ‧見備註/See Remarks 7(e)(i) ‧見備註/See Remarks 7(f)(i) ‧見備註/See Remarks 7(g)(i) ‧見備註/See Remarks 7(h)(i) ‧見備註/See Remarks 7(j)(v),
2022-06-11,2022-06-17,,翠景閣第3座 Greenwood Tower 3,6,B8,,5393100,,‧價單第4A號 (SB2)付款辦法 Payment Plan (SB2) of Price List No.4A 見備註/See Remarks 7(c)(viii) ‧見備註/See Remarks 7(d)(ii) ‧見備註/See Remarks 7(e)(iii) ‧見備註/See Remarks 7(g)(i) ‧見備註/See Remarks 7(h)(i) ‧見備註/See Remarks 7(i)(i) ‧見備註/See Remarks 7(j)(ii)(b) ‧見備註/See Remarks 7(j)(iv)(b) ‧見備註/See Remarks 7(j)(v),(cid:214)
2022-06-11,2022-06-17,,翠景閣第3座 Greenwood Tower 3,5,B8,,5907500,,‧價單第4A號 (B3X)付款辦法 Payment Plan (B3X) of Price List No.4A 見備註/See Remarks 7(c)(ii) ‧見備註/See Remarks 7(d)(ii) ‧見備註/See Remarks 7(e)(iii) ‧見備註/See Remarks 7(g)(i) ‧見備註/See Remarks 7(h)(i) ‧見備註/See Remarks 7(j)(ii)(a) ‧見備註/See Remarks 7(j)(iv)(a) ‧見備註/See Remarks 7(j)(v),
2022-06-11,2022-06-17,,翠景閣第3座 Greenwood Tower 3,2,B8,,5355700,,‧價單第4A號 (A1)付款辦法 Payment Plan (A1) of Price List No.4A 見備註/See Remarks 7(c)(i) ‧見備註/See Remarks 7(d)(i) ‧見備註/See Remarks 7(e)(i) ‧見備註/See Remarks 7(f)(i) ‧見備註/See Remarks 7(g)(i) ‧見備註/See Remarks 7(h)(i) ‧見備註/See Remarks 7(j)(v),
2022-06-11,2022-06-17,,翠景閣第3座 Greenwood Tower 3,1,B8,,5696500,,‧價單第4A號 (B3X)付款辦法 Payment Plan (B3X) of Price List No.4A 見備註/See Remarks 7(c)(ii) ‧見備註/See Remarks 7(d)(ii) ‧見備註/See Remarks 7(e)(iii) ‧見備註/See Remarks 7(g)(i) ‧見備註/See Remarks 7(h)(i) ‧見備註/See Remarks 7(j)(ii)(a) ‧見備註/See Remarks 7(j)(iv)(a) ‧見備註/See Remarks 7(j)(v),
2022-06-11,2022-06-17,,翠景閣第5座 Greenwood Tower 5,11,A1,,7359700,,‧價單第4A號 (A1)付款辦法 Payment Plan (A1) of Price List No.4A 見備註/See Remarks 7(c)(i) ‧見備註/See Remarks 7(d)(i) ‧見備註/See Remarks 7(e)(i) ‧見備註/See Remarks 7(f)(i) ‧見備註/See Remarks 7(g)(i) ‧見備註/See Remarks 7(h)(i) ‧見備註/See Remarks 7(j)(v),
2022-06-11,2022-06-17,,翠景閣第5座 Greenwood Tower 5,10,A1,,7832300,,‧價單第4A號 (E1)付款辦法 Payment Plan (E1) of Price List No.4A 見備註/See Remarks 7(c)(vi) ‧見備註/See Remarks 7(d)(ii) ‧見備註/See Remarks 7(e)(ii) ‧見備註/See Remarks 7(g)(i) ‧見備註/See Remarks 7(h)(i) ‧見備註/See Remarks 7(j)(ii)(a) ‧見備註/See Remarks 7(j)(iii)(a) ‧見備註/See Remarks 7(j)(iv)(a) ‧見備註/See Remarks 7(j)(v),
2022-06-11,2022-06-17,,翠景閣第5座 Greenwood Tower 5,9,A1,,7609600,,‧價單第4A號 (F2)付款辦法 Payment Plan (F2) of Price List No.4A 見備註/See Remarks 7(c)(vii) ‧見備註/See Remarks 7(d)(i) ‧見備註/See Remarks 7(e)(i) ‧見備註/See Remarks 7(f)(i) ‧見備註/See Remarks 7(g)(i) ‧見備註/See Remarks 7(h)(i) ‧見備註/See Remarks 7(j)(v),
2022-06-11,2022-06-17,,翠景閣第5座 Greenwood Tower 5,8,A1,,7579300,,‧價單第4A號 (F2)付款辦法 Payment Plan (F2) of Price List No.4A 見備註/See Remarks 7(c)(vii) ‧見備註/See Remarks 7(d)(i) ‧見備註/See Remarks 7(e)(i) ‧見備註/See Remarks 7(f)(i) ‧見備註/See Remarks 7(g)(i) ‧見備註/See Remarks 7(h)(i) ‧見備註/See Remarks 7(j)(v),
2022-06-11,2022-06-17,,翠景閣第5座 Greenwood Tower 5,7,A1,,7564200,,‧價單第4A號 (F2)付款辦法 Payment Plan (F2) of Price List No.4A 見備註/See Remarks 7(c)(vii) ‧見備註/See Remarks 7(d)(i) ‧見備註/See Remarks 7(e)(i) ‧見備註/See Remarks 7(f)(i) ‧見備註/See Remarks 7(g)(i) ‧見備註/See Remarks 7(h)(i) ‧見備註/See Remarks 7(j)(v),
2022-06-11,2022-06-17,,翠景閣第5座 Greenwood Tower 5,6,A1,,7549100,,‧價單第4A號 (F2)付款辦法 Payment Plan (F2) of Price List No.4A 見備註/See Remarks 7(c)(vii) ‧見備註/See Remarks 7(d)(i) ‧見備註/See Remarks 7(e)(i) ‧見備註/See Remarks 7(f)(i) ‧見備註/See Remarks 7(g)(i) ‧見備註/See Remarks 7(h)(i) ‧見備註/See Remarks 7(j)(v),
2022-06-11,2022-06-17,,翠景閣第5座 Greenwood Tower 5,5,A1,,7534000,,‧價單第4A號 (F2)付款辦法 Payment Plan (F2) of Price List No.4A 見備註/See Remarks 7(c)(vii) ‧見備註/See Remarks 7(d)(i) ‧見備註/See Remarks 7(e)(i) ‧見備註/See Remarks 7(f)(i) ‧見備註/See Remarks 7(g)(i) ‧見備註/See Remarks 7(h)(i) ‧見備註/See Remarks 7(j)(v),
2022-06-11,2022-06-17,2026-07-23,翠景閣第5座 Greenwood Tower 5,3,A1,,7488800,,‧價單第4A號 (F2)付款辦法 Payment Plan (F2) of Price List No.4A 見備註/See Remarks 7(c)(vii) ‧見備註/See Remarks 7(d)(i) ‧見備註/See Remarks 7(e)(i) ‧見備註/See Remarks 7(f)(i) ‧見備註/See Remarks 7(g)(i) ‧見備註/See Remarks 7(h)(i) ‧見備註/See Remarks 7(j)(v),
2022-06-11,2022-06-17,,翠景閣第5座 Greenwood Tower 5,2,A1,,7428900,,‧價單第4A號 (F2)付款辦法 Payment Plan (F2) of Price List No.4A 見備註/See Remarks 7(c)(vii) ‧見備註/See Remarks 7(d)(i) ‧見備註/See Remarks 7(e)(i) ‧見備註/See Remarks 7(f)(i) ‧見備註/See Remarks 7(g)(i) ‧見備註/See Remarks 7(h)(i) ‧見備註/See Remarks 7(j)(v),
2022-06-11,2022-06-17,,翠景閣第5座 Greenwood Tower 5,1,A1,,7602900,,‧價單第4A號 (E1)付款辦法 Payment Plan (E1) of Price List No.4A 見備註/See Remarks 7(c)(vi) ‧見備註/See Remarks 7(d)(ii) ‧見備註/See Remarks 7(e)(ii) ‧見備註/See Remarks 7(g)(i) ‧見備註/See Remarks 7(h)(i) ‧見備註/See Remarks 7(j)(ii)(a) ‧見備註/See Remarks 7(j)(iii)(a) ‧見備註/See Remarks 7(j)(iv)(a) ‧見備註/See Remarks 7(j)(v),
2022-06-11,2022-06-17,,翠景閣第5座 Greenwood Tower 5,12,A5,,4338000,,‧價單第4A號 (B3X)付款辦法 Payment Plan (B3X) of Price List No.4A 見備註/See Remarks 7(c)(ii) ‧見備註/See Remarks 7(d)(ii) ‧見備註/See Remarks 7(e)(iii) ‧見備註/See Remarks 7(g)(i) ‧見備註/See Remarks 7(h)(i) ‧見備註/See Remarks 7(j)(ii)(a) ‧見備註/See Remarks 7(j)(iv)(a) ‧見備註/See Remarks 7(j)(v),
2022-06-11,2022-06-17,,翠景閣第5座 Greenwood Tower 5,11,A5,,3944900,,‧價單第4A號 (A1)付款辦法 Payment Plan (A1) of Price List No.4A 見備註/See Remarks 7(c)(i) ‧見備註/See Remarks 7(d)(i) ‧見備註/See Remarks 7(e)(i) ‧見備註/See Remarks 7(f)(i) ‧見備註/See Remarks 7(g)(i) ‧見備註/See Remarks 7(h)(i) ‧見備註/See Remarks 7(j)(v),
2022-06-11,2022-06-17,,翠景閣第5座 Greenwood Tower 5,10,A5,,3913600,,‧價單第4A號 (A1)付款辦法 Payment Plan (A1) of Price List No.4A 見備註/See Remarks 7(c)(i) ‧見備註/See Remarks 7(d)(i) ‧見備註/See Remarks 7(e)(i) ‧見備註/See Remarks 7(f)(i) ‧見備註/See Remarks 7(g)(i) ‧見備註/See Remarks 7(h)(i) ‧見備註/See Remarks 7(j)(v),
2022-06-11,2022-06-17,,翠景閣第5座 Greenwood Tower 5,9,A5,,4243900,,‧價單第4A號 (B3X)付款辦法 Payment Plan (B3X) of Price List No.4A 見備註/See Remarks 7(c)(ii) ‧見備註/See Remarks 7(d)(ii) ‧見備註/See Remarks 7(e)(iii) ‧見備註/See Remarks 7(g)(i) ‧見備註/See Remarks 7(h)(i) ‧見備註/See Remarks 7(j)(ii)(a) ‧見備註/See Remarks 7(j)(iv)(a) ‧見備註/See Remarks 7(j)(v),
2022-06-11,2022-06-17,,翠景閣第5座 Greenwood Tower 5,8,A5,,4227100,,‧價單第4A號 (B3X)付款辦法 Payment Plan (B3X) of Price List No.4A 見備註/See Remarks 7(c)(ii) ‧見備註/See Remarks 7(d)(ii) ‧見備註/See Remarks 7(e)(iii) ‧見備註/See Remarks 7(g)(i) ‧見備註/See Remarks 7(h)(i) ‧見備註/See Remarks 7(j)(ii)(a) ‧見備註/See Remarks 7(j)(iv)(a) ‧見備註/See Remarks 7(j)(v),
2022-06-11,2022-06-17,,翠景閣第5座 Greenwood Tower 5,7,A5,,4218600,,‧價單第4A號 (B3X)付款辦法 Payment Plan (B3X) of Price List No.4A 見備註/See Remarks 7(c)(ii) ‧見備註/See Remarks 7(d)(ii) ‧見備註/See Remarks 7(e)(iii) ‧見備註/See Remarks 7(g)(i) ‧見備註/See Remarks 7(h)(i) ‧見備註/See Remarks 7(j)(ii)(a) ‧見備註/See Remarks 7(j)(iv)(a) ‧見備註/See Remarks 7(j)(v),
2022-06-11,2022-06-17,,翠景閣第5座 Greenwood Tower 5,6,A5,,3859300,,‧價單第4A號 (A1)付款辦法 Payment Plan (A1) of Price List No.4A 見備註/See Remarks 7(c)(i) ‧見備註/See Remarks 7(d)(i) ‧見備註/See Remarks 7(e)(i) ‧見備註/See Remarks 7(f)(i) ‧見備註/See Remarks 7(g)(i) ‧見備註/See Remarks 7(h)(i) ‧見備註/See Remarks 7(j)(v),
2022-06-11,2022-06-17,,翠景閣第5座 Greenwood Tower 5,5,A5,,4201800,,‧價單第4A號 (B3X)付款辦法 Payment Plan (B3X) of Price List No.4A 見備註/See Remarks 7(c)(ii) ‧見備註/See Remarks 7(d)(ii) ‧見備註/See Remarks 7(e)(iii) ‧見備註/See Remarks 7(g)(i) ‧見備註/See Remarks 7(h)(i) ‧見備註/See Remarks 7(j)(ii)(a) ‧見備註/See Remarks 7(j)(iv)(a) ‧見備註/See Remarks 7(j)(v),
2022-06-11,2022-06-17,,翠景閣第5座 Greenwood Tower 5,3,A5,,4176600,,‧價單第4A號 (B3X)付款辦法 Payment Plan (B3X) of Price List No.4A 見備註/See Remarks 7(c)(ii) ‧見備註/See Remarks 7(d)(ii) ‧見備註/See Remarks 7(e)(iii) ‧見備註/See Remarks 7(g)(i) ‧見備註/See Remarks 7(h)(i) ‧見備註/See Remarks 7(j)(ii)(a) ‧見備註/See Remarks 7(j)(iv)(a) ‧見備註/See Remarks 7(j)(v),
2022-06-11,2022-06-17,,翠景閣第5座 Greenwood Tower 5,2,A5,,4282300,,‧價單第4A號 (C2)付款辦法 Payment Plan (C2) of Price List No.4A See Remarks/見備註 7(c)(iv) ‧見備註/See Remarks 7(d)(ii) ‧見備註/See Remarks 7(e)(iv) ‧見備註/See Remarks 7(g)(i) ‧見備註/See Remarks 7(h)(i) ‧見備註/See Remarks 7(j)(i)(a) ‧見備註/See Remarks 7(j)(ii)(a) ‧見備註/See Remarks 7(j)(iv)(a) ‧見備註/See Remarks 7(j)(v),
2022-06-11,2022-06-17,,翠景閣第5座 Greenwood Tower 5,12,B2,,8549600,,‧價單第4A號 (B3Y)付款辦法 Payment Plan (B3Y) of Price List No.4A See Remarks/見備註 7(c)(iii) ‧見備註/See Remarks 7(d)(ii) ‧見備註/See Remarks 7(e)(iii) ‧見備註/See Remarks 7(g)(i) ‧見備註/See Remarks 7(h)(i) ‧見備註/See Remarks 7(j)(ii)(a) ‧見備註/See Remarks 7(j)(iv)(a) ‧見備註/See Remarks 7(j)(v) ‧見備註/See Remarks 7(j)(viii)(a),
2022-06-11,2022-06-17,,翠景閣第5座 Greenwood Tower 5,11,B2,,7896800,,‧價單第4A號 (F2)付款辦法 Payment Plan (F2) of Price List No.4A 見備註/See Remarks 7(c)(vii) ‧見備註/See Remarks 7(d)(i) ‧見備註/See Remarks 7(e)(i) ‧見備註/See Remarks 7(f)(i) ‧見備註/See Remarks 7(g)(i) ‧見備註/See Remarks 7(h)(i) ‧見備註/See Remarks 7(j)(v) ‧見備註/See Remarks 7(j)(viii)(a),
2022-06-11,2022-06-17,,翠景閣第5座 Greenwood Tower 5,10,B2,,7849700,,‧價單第4A號 (F2)付款辦法 Payment Plan (F2) of Price List No.4A 見備註/See Remarks 7(c)(vii) ‧見備註/See Remarks 7(d)(i) ‧見備註/See Remarks 7(e)(i) ‧見備註/See Remarks 7(f)(i) ‧見備註/See Remarks 7(g)(i) ‧見備註/See Remarks 7(h)(i) ‧見備註/See Remarks 7(j)(v) ‧見備註/See Remarks 7(j)(viii)(a),
2022-06-11,2022-06-17,,翠景閣第5座 Greenwood Tower 5,9,B2,,7802900,,‧價單第4A號 (F2)付款辦法 Payment Plan (F2) of Price List No.4A 見備註/See Remarks 7(c)(vii) ‧見備註/See Remarks 7(d)(i) ‧見備註/See Remarks 7(e)(i) ‧見備註/See Remarks 7(f)(i) ‧見備註/See Remarks 7(g)(i) ‧見備註/See Remarks 7(h)(i) ‧見備註/See Remarks 7(j)(v) ‧見備註/See Remarks 7(j)(viii)(a),
2022-06-11,2022-06-17,,翠景閣第5座 Greenwood Tower 5,8,B2,,7771800,,‧價單第4A號 (F2)付款辦法 Payment Plan (F2) of Price List No.4A 見備註/See Remarks 7(c)(vii) ‧見備註/See Remarks 7(d)(i) ‧見備註/See Remarks 7(e)(i) ‧見備註/See Remarks 7(f)(i) ‧見備註/See Remarks 7(g)(i) ‧見備註/See Remarks 7(h)(i) ‧見備註/See Remarks 7(j)(v) ‧見備註/See Remarks 7(j)(viii)(a),
2022-06-11,2022-06-17,,翠景閣第5座 Greenwood Tower 5,7,B2,,7756200,,‧價單第4A號 (F2)付款辦法 Payment Plan (F2) of Price List No.4A 見備註/See Remarks 7(c)(vii) ‧見備註/See Remarks 7(d)(i) ‧見備註/See Remarks 7(e)(i) ‧見備註/See Remarks 7(f)(i) ‧見備註/See Remarks 7(g)(i) ‧見備註/See Remarks 7(h)(i) ‧見備註/See Remarks 7(j)(v) ‧見備註/See Remarks 7(j)(viii)(a),
2022-06-11,2022-06-17,,翠景閣第5座 Greenwood Tower 5,6,B2,,7740700,,‧價單第4A號 (F2)付款辦法 Payment Plan (F2) of Price List No.4A 見備註/See Remarks 7(c)(vii) ‧見備註/See Remarks 7(d)(i) ‧見備註/See Remarks 7(e)(i) ‧見備註/See Remarks 7(f)(i) ‧見備註/See Remarks 7(g)(i) ‧見備註/See Remarks 7(h)(i) ‧見備註/See Remarks 7(j)(v) ‧見備註/See Remarks 7(j)(viii)(a),
2022-06-11,2022-06-17,,翠景閣第5座 Greenwood Tower 5,5,B2,,7725300,,‧價單第4A號 (F2)付款辦法 Payment Plan (F2) of Price List No.4A 見備註/See Remarks 7(c)(vii) ‧見備註/See Remarks 7(d)(i) ‧見備註/See Remarks 7(e)(i) ‧見備註/See Remarks 7(f)(i) ‧見備註/See Remarks 7(g)(i) ‧見備註/See Remarks 7(h)(i) ‧見備註/See Remarks 7(j)(v) ‧見備註/See Remarks 7(j)(viii)(a),
2022-06-11,2022-06-17,2026-07-23,翠景閣第5座 Greenwood Tower 5,3,B2,,7709900,,‧價單第4A號 (F2)付款辦法 Payment Plan (F2) of Price List No.4A 見備註/See Remarks 7(c)(vii) ‧見備註/See Remarks 7(d)(i) ‧見備註/See Remarks 7(e)(i) ‧見備註/See Remarks 7(f)(i) ‧見備註/See Remarks 7(g)(i) ‧見備註/See Remarks 7(h)(i) ‧見備註/See Remarks 7(j)(v) ‧見備註/See Remarks 7(j)(viii)(a),
2022-06-11,2022-06-17,2026-07-23,翠景閣第5座 Greenwood Tower 5,2,B2,,7501700,,‧價單第4A號 (F2)付款辦法 Payment Plan (F2) of Price List No.4A 見備註/See Remarks 7(c)(vii) ‧見備註/See Remarks 7(d)(i) ‧見備註/See Remarks 7(e)(i) ‧見備註/See Remarks 7(f)(i) ‧見備註/See Remarks 7(g)(i) ‧見備註/See Remarks 7(h)(i) ‧見備註/See Remarks 7(j)(v) ‧見備註/See Remarks 7(j)(viii)(a),
2022-06-11,2022-06-17,,翠景閣第5座 Greenwood Tower 5,1,B2,,7318500,,‧價單第4A號 (F2)付款辦法 Payment Plan (F2) of Price List No.4A 見備註/See Remarks 7(c)(vii) ‧見備註/See Remarks 7(d)(i) ‧見備註/See Remarks 7(e)(i) ‧見備註/See Remarks 7(f)(i) ‧見備註/See Remarks 7(g)(i) ‧見備註/See Remarks 7(h)(i) ‧見備註/See Remarks 7(j)(v) ‧見備註/See Remarks 7(j)(viii)(a),
2022-06-11,2022-06-17,,翠景閣第5座 Greenwood Tower 5,11,B3,,7916000,,‧價單第1B號 (F2)付款辦法 Payment Plan (F2) of Price List No.1B 見備註/See Remarks 7(c)(vii) ‧見備註/See Remarks 7(d)(i) ‧見備註/See Remarks 7(e)(i) ‧見備註/See Remarks 7(f)(i) ‧見備註/See Remarks 7(g)(i) ‧見備註/See Remarks 7(h)(i) ‧見備註/See Remarks 7(j)(v) ‧見備註/See Remarks 7(j)(viii)(a),
2022-06-11,2022-06-17,,翠景閣第5座 Greenwood Tower 5,10,B3,,7868800,,‧價單第1B號 (F2)付款辦法 Payment Plan (F2) of Price List No.1B 見備註/See Remarks 7(c)(vii) ‧見備註/See Remarks 7(d)(i) ‧見備註/See Remarks 7(e)(i) ‧見備註/See Remarks 7(f)(i) ‧見備註/See Remarks 7(g)(i) ‧見備註/See Remarks 7(h)(i) ‧見備註/See Remarks 7(j)(v) ‧見備註/See Remarks 7(j)(viii)(a),
2022-06-11,2022-06-17,,翠景閣第5座 Greenwood Tower 5,9,B3,,7821800,,‧價單第1B號 (F2)付款辦法 Payment Plan (F2) of Price List No.1B 見備註/See Remarks 7(c)(vii) ‧見備註/See Remarks 7(d)(i) ‧見備註/See Remarks 7(e)(i) ‧見備註/See Remarks 7(f)(i) ‧見備註/See Remarks 7(g)(i) ‧見備註/See Remarks 7(h)(i) ‧見備註/See Remarks 7(j)(v) ‧見備註/See Remarks 7(j)(viii)(a),
2022-06-11,2022-06-17,,翠景閣第5座 Greenwood Tower 5,8,B3,,7790700,,‧價單第1B號 (F2)付款辦法 Payment Plan (F2) of Price List No.1B 見備註/See Remarks 7(c)(vii) ‧見備註/See Remarks 7(d)(i) ‧見備註/See Remarks 7(e)(i) ‧見備註/See Remarks 7(f)(i) ‧見備註/See Remarks 7(g)(i) ‧見備註/See Remarks 7(h)(i) ‧見備註/See Remarks 7(j)(v) ‧見備註/See Remarks 7(j)(viii)(a),
2022-06-11,2022-06-17,,翠景閣第5座 Greenwood Tower 5,7,B3,,8089700,,‧價單第1B號 (B3Y)付款辦法 Payment Plan (B3Y) of Price List No.1B See Remarks/見備註 7(c)(iii) ‧見備註/See Remarks 7(d)(ii) ‧見備註/See Remarks 7(e)(iii) ‧見備註/See Remarks 7(g)(i) ‧見備註/See Remarks 7(h)(i) ‧見備註/See Remarks 7(j)(ii)(a) ‧見備註/See Remarks 7(j)(iv)(a) ‧見備註/See Remarks 7(j)(v) ‧見備註/See Remarks 7(j)(viii)(a),
2022-06-11,2022-06-17,,翠景閣第5座 Greenwood Tower 5,6,B3,,8073600,,‧價單第1B號 (B3Y)付款辦法 Payment Plan (B3Y) of Price List No.1B See Remarks/見備註 7(c)(iii) ‧見備註/See Remarks 7(d)(ii) ‧見備註/See Remarks 7(e)(iii) ‧見備註/See Remarks 7(g)(i) ‧見備註/See Remarks 7(h)(i) ‧見備註/See Remarks 7(j)(ii)(a) ‧見備註/See Remarks 7(j)(iv)(a) ‧見備註/See Remarks 7(j)(v) ‧見備註/See Remarks 7(j)(viii)(a),
2022-06-11,2022-06-17,,翠景閣第5座 Greenwood Tower 5,5,B3,,7744100,,‧價單第1B號 (F2)付款辦法 Payment Plan (F2) of Price List No.1B 見備註/See Remarks 7(c)(vii) ‧見備註/See Remarks 7(d)(i) ‧見備註/See Remarks 7(e)(i) ‧見備註/See Remarks 7(f)(i) ‧見備註/See Remarks 7(g)(i) ‧見備註/See Remarks 7(h)(i) ‧見備註/See Remarks 7(j)(v) ‧見備註/See Remarks 7(j)(viii)(a),
2022-06-11,2022-06-17,,翠景閣第5座 Greenwood Tower 5,3,B3,,7535000,,‧價單第1B號 (F2)付款辦法 Payment Plan (F2) of Price List No.1B 見備註/See Remarks 7(c)(vii) ‧見備註/See Remarks 7(d)(i) ‧見備註/See Remarks 7(e)(i) ‧見備註/See Remarks 7(f)(i) ‧見備註/See Remarks 7(g)(i) ‧見備註/See Remarks 7(h)(i) ‧見備註/See Remarks 7(j)(v) ‧見備註/See Remarks 7(j)(viii)(a),
2022-06-11,2022-06-17,,翠景閣第5座 Greenwood Tower 5,2,B3,,7321300,,‧價單第1B號 (F2)付款辦法 Payment Plan (F2) of Price List No.1B 見備註/See Remarks 7(c)(vii) ‧見備註/See Remarks 7(d)(i) ‧見備註/See Remarks 7(e)(i) ‧見備註/See Remarks 7(f)(i) ‧見備註/See Remarks 7(g)(i) ‧見備註/See Remarks 7(h)(i) ‧見備註/See Remarks 7(j)(v) ‧見備註/See Remarks 7(j)(viii)(a),
2022-06-11,2022-06-17,,翠景閣第5座 Greenwood Tower 5,1,B3,,7201000,,‧價單第1B號 (F2)付款辦法 Payment Plan (F2) of Price List No.1B 見備註/See Remarks 7(c)(vii) ‧見備註/See Remarks 7(d)(i) ‧見備註/See Remarks 7(e)(i) ‧見備註/See Remarks 7(f)(i) ‧見備註/See Remarks 7(g)(i) ‧見備註/See Remarks 7(h)(i) ‧見備註/See Remarks 7(j)(v) ‧見備註/See Remarks 7(j)(viii)(a),
2022-06-11,2022-06-17,,翠景閣第6座 Greenwood Tower 6,12,A3,,6370700,,‧價單第4A號 (B3X)付款辦法 Payment Plan (B3X) of Price List No.4A 見備註/See Remarks 7(c)(ii) ‧見備註/See Remarks 7(d)(ii) ‧見備註/See Remarks 7(e)(iii) ‧見備註/See Remarks 7(g)(i) ‧見備註/See Remarks 7(h)(i) ‧見備註/See Remarks 7(j)(ii)(a) ‧見備註/See Remarks 7(j)(iv)(a) ‧見備註/See Remarks 7(j)(v),
2022-06-11,2022-06-17,,翠景閣第6座 Greenwood Tower 6,11,A3,,6038600,,‧價單第4A號 (B3X)付款辦法 Payment Plan (B3X) of Price List No.4A 見備註/See Remarks 7(c)(ii) ‧見備註/See Remarks 7(d)(ii) ‧見備註/See Remarks 7(e)(iii) ‧見備註/See Remarks 7(g)(i) ‧見備註/See Remarks 7(h)(i) ‧見備註/See Remarks 7(j)(ii)(a) ‧見備註/See Remarks 7(j)(iv)(a) ‧見備註/See Remarks 7(j)(v),
2022-06-11,2022-06-17,,翠景閣第6座 Greenwood Tower 6,10,A3,,6002600,,‧價單第4A號 (B3X)付款辦法 Payment Plan (B3X) of Price List No.4A 見備註/See Remarks 7(c)(ii) ‧見備註/See Remarks 7(d)(ii) ‧見備註/See Remarks 7(e)(iii) ‧見備註/See Remarks 7(g)(i) ‧見備註/See Remarks 7(h)(i) ‧見備註/See Remarks 7(j)(ii)(a) ‧見備註/See Remarks 7(j)(iv)(a) ‧見備註/See Remarks 7(j)(v),
2022-06-11,2022-06-17,,翠景閣第6座 Greenwood Tower 6,9,A3,,5867300,,‧價單第4A號 (E1)付款辦法 Payment Plan (E1) of Price List No.4A 見備註/See Remarks 7(c)(vi) ‧見備註/See Remarks 7(d)(ii) ‧見備註/See Remarks 7(e)(ii) ‧見備註/See Remarks 7(g)(i) ‧見備註/See Remarks 7(h)(i) ‧見備註/See Remarks 7(j)(ii)(a) ‧見備註/See Remarks 7(j)(iii)(a) ‧見備註/See Remarks 7(j)(iv)(a) ‧見備註/See Remarks 7(j)(v),
2022-06-11,2022-06-17,,翠景閣第6座 Greenwood Tower 6,8,A3,,5943000,,‧價單第4A號 (B3X)付款辦法 Payment Plan (B3X) of Price List No.4A 見備註/See Remarks 7(c)(ii) ‧見備註/See Remarks 7(d)(ii) ‧見備註/See Remarks 7(e)(iii) ‧見備註/See Remarks 7(g)(i) ‧見備註/See Remarks 7(h)(i) ‧見備註/See Remarks 7(j)(ii)(a) ‧見備註/See Remarks 7(j)(iv)(a) ‧見備註/See Remarks 7(j)(v),
2022-06-11,2022-06-17,,翠景閣第6座 Greenwood Tower 6,7,A3,,5436900,,‧價單第4A號 (A1)付款辦法 Payment Plan (A1) of Price List No.4A 見備註/See Remarks 7(c)(i) ‧見備註/See Remarks 7(d)(i) ‧見備註/See Remarks 7(e)(i) ‧見備註/See Remarks 7(f)(i) ‧見備註/See Remarks 7(g)(i) ‧見備註/See Remarks 7(h)(i) ‧見備註/See Remarks 7(j)(v),
2022-06-11,2022-06-17,,翠景閣第6座 Greenwood Tower 6,6,A3,,5919300,,‧價單第4A號 (B3X)付款辦法 Payment Plan (B3X) of Price List No.4A 見備註/See Remarks 7(c)(ii) ‧見備註/See Remarks 7(d)(ii) ‧見備註/See Remarks 7(e)(iii) ‧見備註/See Remarks 7(g)(i) ‧見備註/See Remarks 7(h)(i) ‧見備註/See Remarks 7(j)(ii)(a) ‧見備註/See Remarks 7(j)(iv)(a) ‧見備註/See Remarks 7(j)(v),
2022-06-11,2022-06-17,,翠景閣第6座 Greenwood Tower 6,5,A3,,5907500,,‧價單第4A號 (B3X)付款辦法 Payment Plan (B3X) of Price List No.4A 見備註/See Remarks 7(c)(ii) ‧見備註/See Remarks 7(d)(ii) ‧見備註/See Remarks 7(e)(iii) ‧見備註/See Remarks 7(g)(i) ‧見備註/See Remarks 7(h)(i) ‧見備註/See Remarks 7(j)(ii)(a) ‧見備註/See Remarks 7(j)(iv)(a) ‧見備註/See Remarks 7(j)(v),
2022-06-11,2022-06-17,,翠景閣第6座 Greenwood Tower 6,3,A3,,5382700,,‧價單第4A號 (A1)付款辦法 Payment Plan (A1) of Price List No.4A 見備註/See Remarks 7(c)(i) ‧見備註/See Remarks 7(d)(i) ‧見備註/See Remarks 7(e)(i) ‧見備註/See Remarks 7(f)(i) ‧見備註/See Remarks 7(g)(i) ‧見備註/See Remarks 7(h)(i) ‧見備註/See Remarks 7(j)(v),
2022-06-11,2022-06-17,,翠景閣第6座 Greenwood Tower 6,2,A3,,5339600,,‧價單第4A號 (A1)付款辦法 Payment Plan (A1) of Price List No.4A 見備註/See Remarks 7(c)(i) ‧見備註/See Remarks 7(d)(i) ‧見備註/See Remarks 7(e)(i) ‧見備註/See Remarks 7(f)(i) ‧見備註/See Remarks 7(g)(i) ‧見備註/See Remarks 7(h)(i) ‧見備註/See Remarks 7(j)(v),
2022-06-11,2022-06-17,,翠景閣第6座 Greenwood Tower 6,1,A3,,5961500,,‧價單第4A號 (B3X)付款辦法 Payment Plan (B3X) of Price List No.4A 見備註/See Remarks 7(c)(ii) ‧見備註/See Remarks 7(d)(ii) ‧見備註/See Remarks 7(e)(iii) ‧見備註/See Remarks 7(g)(i) ‧見備註/See Remarks 7(h)(i) ‧見備註/See Remarks 7(j)(ii)(a) ‧見備註/See Remarks 7(j)(iv)(a) ‧見備註/See Remarks 7(j)(v),
2022-06-11,2022-06-17,,翠景閣第6座 Greenwood Tower 6,12,B1,,8044300,,‧價單第4A號 (SB2)付款辦法 Payment Plan (SB2) of Price List No.4A 見備註/See Remarks 7(c)(viii) ‧見備註/See Remarks 7(d)(ii) ‧見備註/See Remarks 7(e)(iii) ‧見備註/See Remarks 7(g)(i) ‧見備註/See Remarks 7(h)(i) ‧見備註/See Remarks 7(i)(i) ‧見備註/See Remarks 7(j)(ii)(b) ‧見備註/See Remarks 7(j)(iv)(b) ‧見備註/See Remarks 7(j)(v),(cid:214)
2022-06-11,2022-06-17,,翠景閣第6座 Greenwood Tower 6,11,B1,,8081700,"在15-07-2022，基於法例第35(2)(b)條所容許的原因 ，售價調整為$7,708,000。 On 15-07-2022, the price adjusted to $7,708,000 due to the reason allowed under section 35(2)(b) of the Ordinance.",‧價單第4A號 (F2)付款辦法 Payment Plan (F2) of Price List No.4A 見備註/See Remarks 7(c)(vii) ‧見備註/See Remarks 7(d)(i) ‧見備註/See Remarks 7(e)(i) ‧見備註/See Remarks 7(f)(i) ‧見備註/See Remarks 7(g)(i) ‧見備註/See Remarks 7(h)(i) ‧見備註/See Remarks 7(j)(v) ‧價單第4A號 (A1)付款辦法 Payment Plan (A1) of Price List No.4A 見備註/See Remarks 7(c)(i) ‧見備註/See Remarks 7(d)(i) ‧見備註/See Remarks 7(e)(i) ‧見備註/See Remarks 7(f)(i) ‧見備註/See Remarks 7(g)(i) ‧見備註/See Remarks 7(h)(i) ‧見備註/See Remarks 7(j)(v) ‧(在15-07-2022修訂) (revised on 15-07-2022),
2022-06-11,2022-06-17,,翠景閣第6座 Greenwood Tower 6,10,B1,,8033600,,‧價單第4A號 (F2)付款辦法 Payment Plan (F2) of Price List No.4A 見備註/See Remarks 7(c)(vii) ‧見備註/See Remarks 7(d)(i) ‧見備註/See Remarks 7(e)(i) ‧見備註/See Remarks 7(f)(i) ‧見備註/See Remarks 7(g)(i) ‧見備註/See Remarks 7(h)(i) ‧見備註/See Remarks 7(j)(v),
2022-06-11,2022-06-17,,翠景閣第6座 Greenwood Tower 6,9,B1,,9047300,,‧價單第4A號 (D2)付款辦法 Payment Plan (D2) of Price List No.4A See Remarks/見備註 7(c)(v) ‧見備註/See Remarks 7(g)(i) ‧見備註/See Remarks 7(h)(i) ‧見備註/See Remarks 7(j)(i)(b) ‧見備註/See Remarks 7(j)(ii)(a) ‧見備註/See Remarks 7(j)(iv)(a) ‧見備註/See Remarks 7(j)(v),
2022-06-11,2022-06-17,,翠景閣第6座 Greenwood Tower 6,8,B1,,7953800,,‧價單第4A號 (F2)付款辦法 Payment Plan (F2) of Price List No.4A 見備註/See Remarks 7(c)(vii) ‧見備註/See Remarks 7(d)(i) ‧見備註/See Remarks 7(e)(i) ‧見備註/See Remarks 7(f)(i) ‧見備註/See Remarks 7(g)(i) ‧見備註/See Remarks 7(h)(i) ‧見備註/See Remarks 7(j)(v),
2022-06-11,2022-06-17,,翠景閣第6座 Greenwood Tower 6,7,B1,,8121400,,‧價單第4A號 (E1)付款辦法 Payment Plan (E1) of Price List No.4A 見備註/See Remarks 7(c)(vi) ‧見備註/See Remarks 7(d)(ii) ‧見備註/See Remarks 7(e)(ii) ‧見備註/See Remarks 7(g)(i) ‧見備註/See Remarks 7(h)(i) ‧見備註/See Remarks 7(j)(ii)(a) ‧見備註/See Remarks 7(j)(iii)(a) ‧見備註/See Remarks 7(j)(iv)(a) ‧見備註/See Remarks 7(j)(v),
2022-06-11,2022-06-17,,翠景閣第6座 Greenwood Tower 6,6,B1,,7922100,,‧價單第4A號 (F2)付款辦法 Payment Plan (F2) of Price List No.4A 見備註/See Remarks 7(c)(vii) ‧見備註/See Remarks 7(d)(i) ‧見備註/See Remarks 7(e)(i) ‧見備註/See Remarks 7(f)(i) ‧見備註/See Remarks 7(g)(i) ‧見備註/See Remarks 7(h)(i) ‧見備註/See Remarks 7(j)(v),
2022-06-11,2022-06-17,,翠景閣第6座 Greenwood Tower 6,5,B1,,8226100,,‧價單第4A號 (B3Y)付款辦法 Payment Plan (B3Y) of Price List No.4A See Remarks/見備註 7(c)(iii) ‧見備註/See Remarks 7(d)(ii) ‧見備註/See Remarks 7(e)(iii) ‧見備註/See Remarks 7(g)(i) ‧見備註/See Remarks 7(h)(i) ‧見備註/See Remarks 7(j)(ii)(a) ‧見備註/See Remarks 7(j)(iv)(a) ‧見備註/See Remarks 7(j)(v),
2022-06-11,2022-06-17,,翠景閣第6座 Greenwood Tower 6,3,B1,,7890400,,‧價單第4A號 (F2)付款辦法 Payment Plan (F2) of Price List No.4A 見備註/See Remarks 7(c)(vii) ‧見備註/See Remarks 7(d)(i) ‧見備註/See Remarks 7(e)(i) ‧見備註/See Remarks 7(f)(i) ‧見備註/See Remarks 7(g)(i) ‧見備註/See Remarks 7(h)(i) ‧見備註/See Remarks 7(j)(v),
2022-06-11,2022-06-17,,翠景閣第6座 Greenwood Tower 6,2,B1,,7858800,,‧價單第4A號 (F2)付款辦法 Payment Plan (F2) of Price List No.4A 見備註/See Remarks 7(c)(vii) ‧見備註/See Remarks 7(d)(i) ‧見備註/See Remarks 7(e)(i) ‧見備註/See Remarks 7(f)(i) ‧見備註/See Remarks 7(g)(i) ‧見備註/See Remarks 7(h)(i) ‧見備註/See Remarks 7(j)(v),
2022-06-11,2022-06-17,,翠景閣第6座 Greenwood Tower 6,1,B1,,7623800,,‧價單第4A號 (F2)付款辦法 Payment Plan (F2) of Price List No.4A 見備註/See Remarks 7(c)(vii) ‧見備註/See Remarks 7(d)(i) ‧見備註/See Remarks 7(e)(i) ‧見備註/See Remarks 7(f)(i) ‧見備註/See Remarks 7(g)(i) ‧見備註/See Remarks 7(h)(i) ‧見備註/See Remarks 7(j)(v),
2022-06-11,2022-06-17,,翠景閣第6座 Greenwood Tower 6,12,B2,,10901900,,‧價單第4A號 (A1)付款辦法 Payment Plan (A1) of Price List No.4A 見備註/See Remarks 7(c)(i) ‧見備註/See Remarks 7(d)(i) ‧見備註/See Remarks 7(e)(i) ‧見備註/See Remarks 7(f)(i) ‧見備註/See Remarks 7(g)(i) ‧見備註/See Remarks 7(h)(i) ‧見備註/See Remarks 7(j)(v) ‧見備註/See Remarks 7(j)(vi)(a),
2022-06-11,2022-06-17,,翠景閣第6座 Greenwood Tower 6,11,B2,,10545000,,‧價單第4A號 (F2)付款辦法 Payment Plan (F2) of Price List No.4A 見備註/See Remarks 7(c)(vii) ‧見備註/See Remarks 7(d)(i) ‧見備註/See Remarks 7(e)(i) ‧見備註/See Remarks 7(f)(i) ‧見備註/See Remarks 7(g)(i) ‧見備註/See Remarks 7(h)(i) ‧見備註/See Remarks 7(j)(v) ‧見備註/See Remarks 7(j)(vi)(a),
2022-06-11,2022-06-17,,翠景閣第6座 Greenwood Tower 6,10,B2,,9999400,,‧價單第4A號 (A1)付款辦法 Payment Plan (A1) of Price List No.4A 見備註/See Remarks 7(c)(i) ‧見備註/See Remarks 7(d)(i) ‧見備註/See Remarks 7(e)(i) ‧見備註/See Remarks 7(f)(i) ‧見備註/See Remarks 7(g)(i) ‧見備註/See Remarks 7(h)(i) ‧見備註/See Remarks 7(j)(v) ‧見備註/See Remarks 7(j)(vi)(a),
2022-06-12,2022-06-17,,翠景閣第5座 Greenwood Tower 5,12,B5,,18416700,,招標文件支付計劃(BT1X) Payment Plan (BT1X) of Tender Document ‧見備註/See Remarks 7(c)(x)(ii) ‧見備註/See Remarks 7(j)(ii)(a) ‧見備註/See Remarks 7(j)(iv)(a) ‧見備註/See Remarks 7(j)(v) ‧見備註/See Remarks 7(j)(vi)(a) ‧見備註/See Remarks 7(j)(vii)(a),
2022-06-15,2022-06-22,,翠景閣第1座 Greenwood Tower 1,6,B1,,14880000,,招標文件支付計劃(BT1X) Payment Plan (BT1X) of Tender Document ‧見備註/See Remarks 7(c)(x)(ii) ‧見備註/See Remarks 7(j)(ii)(a) ‧見備註/See Remarks 7(j)(iv)(a) ‧見備註/See Remarks 7(j)(v) ‧見備註/See Remarks 7(j)(vi)(a) ‧見備註/See Remarks 7(j)(vii)(a),
2022-06-15,2022-06-22,,翠景閣第1座 Greenwood Tower 1,1,B1,,14633700,,招標文件支付計劃(BT1X) Payment Plan (BT1X) of Tender Document ‧見備註/See Remarks 7(c)(x)(ii) ‧見備註/See Remarks 7(j)(ii)(a) ‧見備註/See Remarks 7(j)(iv)(a) ‧見備註/See Remarks 7(j)(v) ‧見備註/See Remarks 7(j)(vi)(a) ‧見備註/See Remarks 7(j)(vii)(a),
2022-06-15,2022-06-22,,翠景閣第1座 Greenwood Tower 1,12,B5,,18345500,,招標文件支付計劃(BT1X) Payment Plan (BT1X) of Tender Document ‧見備註/See Remarks 7(c)(x)(ii) ‧見備註/See Remarks 7(j)(ii)(a) ‧見備註/See Remarks 7(j)(iv)(a) ‧見備註/See Remarks 7(j)(v) ‧見備註/See Remarks 7(j)(vi)(a) ‧見備註/See Remarks 7(j)(vii)(a),
2022-06-15,2022-06-22,,翠景閣第6座 Greenwood Tower 6,12,A1,,12240000,,招標文件支付計劃(BT1X) Payment Plan (BT1X) of Tender Document ‧見備註/See Remarks 7(c)(x)(ii) ‧見備註/See Remarks 7(j)(ii)(a) ‧見備註/See Remarks 7(j)(iv)(a) ‧見備註/See Remarks 7(j)(v) ‧見備註/See Remarks 7(j)(vi)(a) ‧見備註/See Remarks 7(j)(vii)(a),
2022-06-15,2022-06-22,,翠景閣第6座 Greenwood Tower 6,12,A2,,13506000,,招標文件支付計劃(BT1X) Payment Plan (BT1X) of Tender Document ‧見備註/See Remarks 7(c)(x)(ii) ‧見備註/See Remarks 7(j)(ii)(a) ‧見備註/See Remarks 7(j)(iv)(a) ‧見備註/See Remarks 7(j)(v) ‧見備註/See Remarks 7(j)(vi)(a) ‧見備註/See Remarks 7(j)(vii)(a),
2022-06-18,2022-06-24,,翠景閣第1座 Greenwood Tower 1,11,B2,,6270500,,‧價單第5A號 (B3X)付款辦法 Payment Plan (B3X) of Price List No.5A 見備註/See Remarks 7(c)(ii) ‧見備註/See Remarks 7(d)(ii) ‧見備註/See Remarks 7(e)(iii) ‧見備註/See Remarks 7(g)(i) ‧見備註/See Remarks 7(h)(i) ‧見備註/See Remarks 7(j)(ii)(a) ‧見備註/See Remarks 7(j)(iv)(a) ‧見備註/See Remarks 7(j)(v) ‧見備註/See Remarks 7(j)(viii)(a),
2022-06-18,2022-06-24,,翠景閣第1座 Greenwood Tower 1,10,B2,,5713700,,‧價單第5A號 (A1)付款辦法 Payment Plan (A1) of Price List No.5A 見備註/See Remarks 7(c)(i) ‧見備註/See Remarks 7(d)(i) ‧見備註/See Remarks 7(e)(i) ‧見備註/See Remarks 7(f)(i) ‧見備註/See Remarks 7(g)(i) ‧見備註/See Remarks 7(h)(i) ‧見備註/See Remarks 7(j)(v),
2022-06-18,2022-06-24,,翠景閣第1座 Greenwood Tower 1,9,B2,,6196000,,‧價單第1D號 (B3X)付款辦法 Payment Plan (B3X) of Price List No.1D 見備註/See Remarks 7(c)(ii) ‧見備註/See Remarks 7(d)(ii) ‧見備註/See Remarks 7(e)(iii) ‧見備註/See Remarks 7(g)(i) ‧見備註/See Remarks 7(h)(i) ‧見備註/See Remarks 7(j)(ii)(a) ‧見備註/See Remarks 7(j)(iv)(a) ‧見備註/See Remarks 7(j)(v) ‧見備註/See Remarks 7(j)(viii)(a),
2022-06-18,2022-06-24,,翠景閣第1座 Greenwood Tower 1,8,B2,,6171300,,‧價單第1D號 (B3X)付款辦法 Payment Plan (B3X) of Price List No.1D 見備註/See Remarks 7(c)(ii) ‧見備註/See Remarks 7(d)(ii) ‧見備註/See Remarks 7(e)(iii) ‧見備註/See Remarks 7(g)(i) ‧見備註/See Remarks 7(h)(i) ‧見備註/See Remarks 7(j)(ii)(a) ‧見備註/See Remarks 7(j)(iv)(a) ‧見備註/See Remarks 7(j)(v) ‧見備註/See Remarks 7(j)(viii)(a),
2022-06-18,2022-06-24,,翠景閣第1座 Greenwood Tower 1,7,B2,,6158900,,‧價單第1D號 (B3X)付款辦法 Payment Plan (B3X) of Price List No.1D 見備註/See Remarks 7(c)(ii) ‧見備註/See Remarks 7(d)(ii) ‧見備註/See Remarks 7(e)(iii) ‧見備註/See Remarks 7(g)(i) ‧見備註/See Remarks 7(h)(i) ‧見備註/See Remarks 7(j)(ii)(a) ‧見備註/See Remarks 7(j)(iv)(a) ‧見備註/See Remarks 7(j)(v) ‧見備註/See Remarks 7(j)(viii)(a),
2022-06-18,2022-06-24,,翠景閣第1座 Greenwood Tower 1,6,B2,,6146700,,‧價單第1D號 (B3X)付款辦法 Payment Plan (B3X) of Price List No.1D 見備註/See Remarks 7(c)(ii) ‧見備註/See Remarks 7(d)(ii) ‧見備註/See Remarks 7(e)(iii) ‧見備註/See Remarks 7(g)(i) ‧見備註/See Remarks 7(h)(i) ‧見備註/See Remarks 7(j)(ii)(a) ‧見備註/See Remarks 7(j)(iv)(a) ‧見備註/See Remarks 7(j)(v) ‧見備註/See Remarks 7(j)(viii)(a),
2022-06-18,2022-06-24,,翠景閣第1座 Greenwood Tower 1,5,B2,,6134400,,‧價單第1D號 (B3X)付款辦法 Payment Plan (B3X) of Price List No.1D 見備註/See Remarks 7(c)(ii) ‧見備註/See Remarks 7(d)(ii) ‧見備註/See Remarks 7(e)(iii) ‧見備註/See Remarks 7(g)(i) ‧見備註/See Remarks 7(h)(i) ‧見備註/See Remarks 7(j)(ii)(a) ‧見備註/See Remarks 7(j)(iv)(a) ‧見備註/See Remarks 7(j)(v) ‧見備註/See Remarks 7(j)(viii)(a),
2022-06-18,2022-06-24,,翠景閣第1座 Greenwood Tower 1,3,B2,,5589400,,‧價單第1D號 (A1)付款辦法 Payment Plan (A1) of Price List No.1D 見備註/See Remarks 7(c)(i) ‧見備註/See Remarks 7(d)(i) ‧見備註/See Remarks 7(e)(i) ‧見備註/See Remarks 7(f)(i) ‧見備註/See Remarks 7(g)(i) ‧見備註/See Remarks 7(h)(i) ‧見備註/See Remarks 7(j)(v),
2022-06-18,2022-06-24,,翠景閣第1座 Greenwood Tower 1,2,B2,,6048800,,‧價單第1D號 (B3X)付款辦法 Payment Plan (B3X) of Price List No.1D 見備註/See Remarks 7(c)(ii) ‧見備註/See Remarks 7(d)(ii) ‧見備註/See Remarks 7(e)(iii) ‧見備註/See Remarks 7(g)(i) ‧見備註/See Remarks 7(h)(i) ‧見備註/See Remarks 7(j)(ii)(a) ‧見備註/See Remarks 7(j)(iv)(a) ‧見備註/See Remarks 7(j)(v) ‧見備註/See Remarks 7(j)(viii)(a),
2022-06-18,2022-06-24,,翠景閣第1座 Greenwood Tower 1,1,B2,,5992200,,‧價單第1D號 (B3X)付款辦法 Payment Plan (B3X) of Price List No.1D 見備註/See Remarks 7(c)(ii) ‧見備註/See Remarks 7(d)(ii) ‧見備註/See Remarks 7(e)(iii) ‧見備註/See Remarks 7(g)(i) ‧見備註/See Remarks 7(h)(i) ‧見備註/See Remarks 7(j)(ii)(a) ‧見備註/See Remarks 7(j)(iv)(a) ‧見備註/See Remarks 7(j)(v) ‧見備註/See Remarks 7(j)(viii)(a),
2022-06-18,2022-06-24,,翠景閣第2座 Greenwood Tower 2,11,A1,,8752400,"在09-08-2022，基於法例第35(2)(b)條所容許的原因 ，售價調整為$8,347,600。 On 09-08-2022, the price adjusted to $8,347,600 due to the reason allowed under section 35(2)(b) of the Ordinance.",‧價單第5A號 (F2)付款辦法 Payment Plan (F2) of Price List No.5A 見備註/See Remarks 7(c)(vii) ‧見備註/See Remarks 7(d)(i) ‧見備註/See Remarks 7(e)(i) ‧見備註/See Remarks 7(f)(i) ‧見備註/See Remarks 7(g)(i) ‧見備註/See Remarks 7(h)(i) ‧見備註/See Remarks 7(j)(v) ‧價單第5A號 (A1)付款辦法 Payment Plan (A1) of Price List No.5A 見備註/See Remarks 7(c)(i) ‧見備註/See Remarks 7(d)(i) ‧見備註/See Remarks 7(e)(i) ‧見備註/See Remarks 7(f)(i) ‧見備註/See Remarks 7(g)(i) ‧見備註/See Remarks 7(h)(i) ‧見備註/See Remarks 7(j)(v) ‧(在09-08-2022修訂) (revised on 09-08-2022),
2022-06-18,2022-06-24,,翠景閣第2座 Greenwood Tower 2,10,A1,,8283600,,‧價單第5A號 (A1)付款辦法 Payment Plan (A1) of Price List No.5A 見備註/See Remarks 7(c)(i) ‧見備註/See Remarks 7(d)(i) ‧見備註/See Remarks 7(e)(i) ‧見備註/See Remarks 7(f)(i) ‧見備註/See Remarks 7(g)(i) ‧見備註/See Remarks 7(h)(i) ‧見備註/See Remarks 7(j)(v),
2022-06-18,2022-06-24,,翠景閣第2座 Greenwood Tower 2,9,A1,,8603800,,‧價單第5A號 (F2)付款辦法 Payment Plan (F2) of Price List No.5A 見備註/See Remarks 7(c)(vii) ‧見備註/See Remarks 7(d)(i) ‧見備註/See Remarks 7(e)(i) ‧見備註/See Remarks 7(f)(i) ‧見備註/See Remarks 7(g)(i) ‧見備註/See Remarks 7(h)(i) ‧見備註/See Remarks 7(j)(v),
2022-06-18,2022-06-24,,翠景閣第2座 Greenwood Tower 2,8,A1,,8570500,,‧價單第5A號 (F2)付款辦法 Payment Plan (F2) of Price List No.5A 見備註/See Remarks 7(c)(vii) ‧見備註/See Remarks 7(d)(i) ‧見備註/See Remarks 7(e)(i) ‧見備註/See Remarks 7(f)(i) ‧見備註/See Remarks 7(g)(i) ‧見備註/See Remarks 7(h)(i) ‧見備註/See Remarks 7(j)(v),
2022-06-18,2022-06-24,,翠景閣第2座 Greenwood Tower 2,7,A1,,8522400,,‧價單第5A號 (F2)付款辦法 Payment Plan (F2) of Price List No.5A 見備註/See Remarks 7(c)(vii) ‧見備註/See Remarks 7(d)(i) ‧見備註/See Remarks 7(e)(i) ‧見備註/See Remarks 7(f)(i) ‧見備註/See Remarks 7(g)(i) ‧見備註/See Remarks 7(h)(i) ‧見備註/See Remarks 7(j)(v),
2022-06-18,2022-06-24,,翠景閣第2座 Greenwood Tower 2,6,A1,,9636800,,‧價單第5A號 (D2)付款辦法 Payment Plan (D2) of Price List No.5A See Remarks/見備註 7(c)(v) ‧見備註/See Remarks 7(g)(i) ‧見備註/See Remarks 7(h)(i) ‧見備註/See Remarks 7(j)(i)(b) ‧見備註/See Remarks 7(j)(ii)(a) ‧見備註/See Remarks 7(j)(iv)(a) ‧見備註/See Remarks 7(j)(v),
2022-06-18,2022-06-24,,翠景閣第2座 Greenwood Tower 2,1,A1,,8821000,,‧價單第5A號 (F2)付款辦法 Payment Plan (F2) of Price List No.5A 見備註/See Remarks 7(c)(vii) ‧見備註/See Remarks 7(d)(i) ‧見備註/See Remarks 7(e)(i) ‧見備註/See Remarks 7(f)(i) ‧見備註/See Remarks 7(g)(i) ‧見備註/See Remarks 7(h)(i) ‧見備註/See Remarks 7(j)(v),
2022-06-18,2022-06-24,,翠景閣第2座 Greenwood Tower 2,6,A2,,11452300,,‧價單第1D號 (F2)付款辦法 Payment Plan (F2) of Price List No.1D 見備註/See Remarks 7(c)(vii) ‧見備註/See Remarks 7(d)(i) ‧見備註/See Remarks 7(e)(i) ‧見備註/See Remarks 7(f)(i) ‧見備註/See Remarks 7(g)(i) ‧見備註/See Remarks 7(h)(i) ‧見備註/See Remarks 7(j)(v) ‧見備註/See Remarks 7(j)(vi)(a),
2022-06-18,2022-06-24,,翠景閣第2座 Greenwood Tower 2,5,A2,,11429800,,‧價單第1D號 (F2)付款辦法 Payment Plan (F2) of Price List No.1D 見備註/See Remarks 7(c)(vii) ‧見備註/See Remarks 7(d)(i) ‧見備註/See Remarks 7(e)(i) ‧見備註/See Remarks 7(f)(i) ‧見備註/See Remarks 7(g)(i) ‧見備註/See Remarks 7(h)(i) ‧見備註/See Remarks 7(j)(v) ‧見備註/See Remarks 7(j)(vi)(a),
2022-06-18,2022-06-24,,翠景閣第2座 Greenwood Tower 2,3,A2,,11362500,,‧價單第1D號 (F2)付款辦法 Payment Plan (F2) of Price List No.1D 見備註/See Remarks 7(c)(vii) ‧見備註/See Remarks 7(d)(i) ‧見備註/See Remarks 7(e)(i) ‧見備註/See Remarks 7(f)(i) ‧見備註/See Remarks 7(g)(i) ‧見備註/See Remarks 7(h)(i) ‧見備註/See Remarks 7(j)(v) ‧見備註/See Remarks 7(j)(vi)(a),
2022-06-18,2022-06-24,,翠景閣第2座 Greenwood Tower 2,2,A2,,11729500,,‧價單第1D號 (B3Y)付款辦法 Payment Plan (B3Y) of Price List No.1D See Remarks/見備註 7(c)(iii) ‧見備註/See Remarks 7(d)(ii) ‧見備註/See Remarks 7(e)(iii) ‧見備註/See Remarks 7(g)(i) ‧見備註/See Remarks 7(h)(i) ‧見備註/See Remarks 7(j)(ii)(a) ‧見備註/See Remarks 7(j)(iv)(a) ‧見備註/See Remarks 7(j)(v) ‧見備註/See Remarks 7(j)(vi)(a),
2022-06-18,2022-06-24,,翠景閣第2座 Greenwood Tower 2,6,A3,,7242900,,‧價單第5A號 (F2)付款辦法 Payment Plan (F2) of Price List No.5A 見備註/See Remarks 7(c)(vii) ‧見備註/See Remarks 7(d)(i) ‧見備註/See Remarks 7(e)(i) ‧見備註/See Remarks 7(f)(i) ‧見備註/See Remarks 7(g)(i) ‧見備註/See Remarks 7(h)(i) ‧見備註/See Remarks 7(j)(v),
2022-06-18,2022-06-24,,翠景閣第2座 Greenwood Tower 2,5,A3,,7228400,,‧價單第5A號 (F2)付款辦法 Payment Plan (F2) of Price List No.5A 見備註/See Remarks 7(c)(vii) ‧見備註/See Remarks 7(d)(i) ‧見備註/See Remarks 7(e)(i) ‧見備註/See Remarks 7(f)(i) ‧見備註/See Remarks 7(g)(i) ‧見備註/See Remarks 7(h)(i) ‧見備註/See Remarks 7(j)(v),
2022-06-18,2022-06-24,,翠景閣第2座 Greenwood Tower 2,3,A3,,6880400,,‧價單第5A號 (A1)付款辦法 Payment Plan (A1) of Price List No.5A 見備註/See Remarks 7(c)(i) ‧見備註/See Remarks 7(d)(i) ‧見備註/See Remarks 7(e)(i) ‧見備註/See Remarks 7(f)(i) ‧見備註/See Remarks 7(g)(i) ‧見備註/See Remarks 7(h)(i) ‧見備註/See Remarks 7(j)(v),
2022-06-18,2022-06-24,,翠景閣第2座 Greenwood Tower 2,2,A3,,7199600,,‧價單第5A號 (F2)付款辦法 Payment Plan (F2) of Price List No.5A 見備註/See Remarks 7(c)(vii) ‧見備註/See Remarks 7(d)(i) ‧見備註/See Remarks 7(e)(i) ‧見備註/See Remarks 7(f)(i) ‧見備註/See Remarks 7(g)(i) ‧見備註/See Remarks 7(h)(i) ‧見備註/See Remarks 7(j)(v),
2022-06-18,2022-06-24,,翠景閣第2座 Greenwood Tower 2,6,A6,,7486200,,‧價單第5A號 (F2)付款辦法 Payment Plan (F2) of Price List No.5A 見備註/See Remarks 7(c)(vii) ‧見備註/See Remarks 7(d)(i) ‧見備註/See Remarks 7(e)(i) ‧見備註/See Remarks 7(f)(i) ‧見備註/See Remarks 7(g)(i) ‧見備註/See Remarks 7(h)(i) ‧見備註/See Remarks 7(j)(v),
2022-06-18,2022-06-24,,翠景閣第2座 Greenwood Tower 2,5,A6,,7471400,,‧價單第5A號 (F2)付款辦法 Payment Plan (F2) of Price List No.5A 見備註/See Remarks 7(c)(vii) ‧見備註/See Remarks 7(d)(i) ‧見備註/See Remarks 7(e)(i) ‧見備註/See Remarks 7(f)(i) ‧見備註/See Remarks 7(g)(i) ‧見備註/See Remarks 7(h)(i) ‧見備註/See Remarks 7(j)(v),
2022-06-18,2022-06-24,2026-07-15,翠景閣第2座 Greenwood Tower 2,3,A6,,7427200,,‧價單第5A號 (F2)付款辦法 Payment Plan (F2) of Price List No.5A 見備註/See Remarks 7(c)(vii) ‧見備註/See Remarks 7(d)(i) ‧見備註/See Remarks 7(e)(i) ‧見備註/See Remarks 7(f)(i) ‧見備註/See Remarks 7(g)(i) ‧見備註/See Remarks 7(h)(i) ‧見備註/See Remarks 7(j)(v),
2022-06-18,2022-06-24,,翠景閣第2座 Greenwood Tower 2,2,A6,,7027900,,‧價單第5A號 (A1)付款辦法 Payment Plan (A1) of Price List No.5A 見備註/See Remarks 7(c)(i) ‧見備註/See Remarks 7(d)(i) ‧見備註/See Remarks 7(e)(i) ‧見備註/See Remarks 7(f)(i) ‧見備註/See Remarks 7(g)(i) ‧見備註/See Remarks 7(h)(i) ‧見備註/See Remarks 7(j)(v),
2022-06-18,2022-06-24,,翠景閣第2座 Greenwood Tower 2,7,B1,,6408800,,‧價單第5A號 (A1)付款辦法 Payment Plan (A1) of Price List No.5A 見備註/See Remarks 7(c)(i) ‧見備註/See Remarks 7(d)(i) ‧見備註/See Remarks 7(e)(i) ‧見備註/See Remarks 7(f)(i) ‧見備註/See Remarks 7(g)(i) ‧見備註/See Remarks 7(h)(i) ‧見備註/See Remarks 7(j)(v),
2022-06-18,2022-06-24,,翠景閣第2座 Greenwood Tower 2,6,B1,,6977500,,‧價單第5A號 (B3X)付款辦法 Payment Plan (B3X) of Price List No.5A 見備註/See Remarks 7(c)(ii) ‧見備註/See Remarks 7(d)(ii) ‧見備註/See Remarks 7(e)(iii) ‧見備註/See Remarks 7(g)(i) ‧見備註/See Remarks 7(h)(i) ‧見備註/See Remarks 7(j)(ii)(a) ‧見備註/See Remarks 7(j)(iv)(a) ‧見備註/See Remarks 7(j)(v),
2022-06-18,2022-06-24,,翠景閣第2座 Greenwood Tower 2,5,B1,,6963500,,‧價單第5A號 (B3X)付款辦法 Payment Plan (B3X) of Price List No.5A 見備註/See Remarks 7(c)(ii) ‧見備註/See Remarks 7(d)(ii) ‧見備註/See Remarks 7(e)(iii) ‧見備註/See Remarks 7(g)(i) ‧見備註/See Remarks 7(h)(i) ‧見備註/See Remarks 7(j)(ii)(a) ‧見備註/See Remarks 7(j)(iv)(a) ‧見備註/See Remarks 7(j)(v),
2022-06-18,2022-06-24,,翠景閣第2座 Greenwood Tower 2,3,B1,,7537000,,‧價單第5A號 (D2)付款辦法 Payment Plan (D2) of Price List No.5A See Remarks/見備註 7(c)(v) ‧見備註/See Remarks 7(g)(i) ‧見備註/See Remarks 7(h)(i) ‧見備註/See Remarks 7(j)(i)(b) ‧見備註/See Remarks 7(j)(ii)(a) ‧見備註/See Remarks 7(j)(iv)(a) ‧見備註/See Remarks 7(j)(v),
2022-06-18,2022-06-24,,翠景閣第2座 Greenwood Tower 2,2,B1,,6294100,,‧價單第5A號 (A1)付款辦法 Payment Plan (A1) of Price List No.5A 見備註/See Remarks 7(c)(i) ‧見備註/See Remarks 7(d)(i) ‧見備註/See Remarks 7(e)(i) ‧見備註/See Remarks 7(f)(i) ‧見備註/See Remarks 7(g)(i) ‧見備註/See Remarks 7(h)(i) ‧見備註/See Remarks 7(j)(v),
2022-06-18,2022-06-24,,翠景閣第2座 Greenwood Tower 2,1,B1,,6658700,,‧價單第5A號 (B3X)付款辦法 Payment Plan (B3X) of Price List No.5A 見備註/See Remarks 7(c)(ii) ‧見備註/See Remarks 7(d)(ii) ‧見備註/See Remarks 7(e)(iii) ‧見備註/See Remarks 7(g)(i) ‧見備註/See Remarks 7(h)(i) ‧見備註/See Remarks 7(j)(ii)(a) ‧見備註/See Remarks 7(j)(iv)(a) ‧見備註/See Remarks 7(j)(v),
2022-06-18,2022-06-24,,翠景閣第2座 Greenwood Tower 2,12,B2,,8195700,,‧價單第5A號 (F2)付款辦法 Payment Plan (F2) of Price List No.5A 見備註/See Remarks 7(c)(vii) ‧見備註/See Remarks 7(d)(i) ‧見備註/See Remarks 7(e)(i) ‧見備註/See Remarks 7(f)(i) ‧見備註/See Remarks 7(g)(i) ‧見備註/See Remarks 7(h)(i) ‧見備註/See Remarks 7(j)(v) ‧見備註/See Remarks 7(j)(viii)(a),
2022-06-18,2022-06-24,,翠景閣第2座 Greenwood Tower 2,11,B2,,7876100,,‧價單第5A號 (F2)付款辦法 Payment Plan (F2) of Price List No.5A 見備註/See Remarks 7(c)(vii) ‧見備註/See Remarks 7(d)(i) ‧見備註/See Remarks 7(e)(i) ‧見備註/See Remarks 7(f)(i) ‧見備註/See Remarks 7(g)(i) ‧見備註/See Remarks 7(h)(i) ‧見備註/See Remarks 7(j)(v) ‧見備註/See Remarks 7(j)(viii)(a),
2022-06-18,2022-06-24,,翠景閣第2座 Greenwood Tower 2,10,B2,,7829200,,‧價單第5A號 (F2)付款辦法 Payment Plan (F2) of Price List No.5A 見備註/See Remarks 7(c)(vii) ‧見備註/See Remarks 7(d)(i) ‧見備註/See Remarks 7(e)(i) ‧見備註/See Remarks 7(f)(i) ‧見備註/See Remarks 7(g)(i) ‧見備註/See Remarks 7(h)(i) ‧見備註/See Remarks 7(j)(v) ‧見備註/See Remarks 7(j)(viii)(a),
2022-06-18,2022-06-24,,翠景閣第2座 Greenwood Tower 2,9,B2,,7782400,,‧價單第5A號 (F2)付款辦法 Payment Plan (F2) of Price List No.5A 見備註/See Remarks 7(c)(vii) ‧見備註/See Remarks 7(d)(i) ‧見備註/See Remarks 7(e)(i) ‧見備註/See Remarks 7(f)(i) ‧見備註/See Remarks 7(g)(i) ‧見備註/See Remarks 7(h)(i) ‧見備註/See Remarks 7(j)(v) ‧見備註/See Remarks 7(j)(viii)(a),
2022-06-18,2022-06-24,,翠景閣第2座 Greenwood Tower 2,8,B2,,8065100,,‧價單第5A號 (B3Y)付款辦法 Payment Plan (B3Y) of Price List No.5A See Remarks/見備註 7(c)(iii) ‧見備註/See Remarks 7(d)(ii) ‧見備註/See Remarks 7(e)(iii) ‧見備註/See Remarks 7(g)(i) ‧見備註/See Remarks 7(h)(i) ‧見備註/See Remarks 7(j)(ii)(a) ‧見備註/See Remarks 7(j)(iv)(a) ‧見備註/See Remarks 7(j)(v) ‧見備註/See Remarks 7(j)(viii)(a),
2022-06-18,2022-06-24,,翠景閣第2座 Greenwood Tower 2,7,B2,,7736000,,‧價單第5A號 (F2)付款辦法 Payment Plan (F2) of Price List No.5A 見備註/See Remarks 7(c)(vii) ‧見備註/See Remarks 7(d)(i) ‧見備註/See Remarks 7(e)(i) ‧見備註/See Remarks 7(f)(i) ‧見備註/See Remarks 7(g)(i) ‧見備註/See Remarks 7(h)(i) ‧見備註/See Remarks 7(j)(v) ‧見備註/See Remarks 7(j)(viii)(a),
2022-06-18,2022-06-24,,翠景閣第2座 Greenwood Tower 2,6,B2,,7720600,,‧價單第5A號 (F2)付款辦法 Payment Plan (F2) of Price List No.5A 見備註/See Remarks 7(c)(vii) ‧見備註/See Remarks 7(d)(i) ‧見備註/See Remarks 7(e)(i) ‧見備註/See Remarks 7(f)(i) ‧見備註/See Remarks 7(g)(i) ‧見備註/See Remarks 7(h)(i) ‧見備註/See Remarks 7(j)(v) ‧見備註/See Remarks 7(j)(viii)(a),
2022-06-18,2022-06-24,,翠景閣第2座 Greenwood Tower 2,5,B2,,8729500,,‧價單第5A號 (D2)付款辦法 Payment Plan (D2) of Price List No.5A See Remarks/見備註 7(c)(v) ‧見備註/See Remarks 7(g)(i) ‧見備註/See Remarks 7(h)(i) ‧見備註/See Remarks 7(j)(i)(b) ‧見備註/See Remarks 7(j)(ii)(a) ‧見備註/See Remarks 7(j)(iv)(a) ‧見備註/See Remarks 7(j)(v) ‧見備註/See Remarks 7(j)(viii)(a),
2022-06-18,2022-06-24,,翠景閣第2座 Greenwood Tower 2,3,B2,,7658900,,‧價單第5A號 (F2)付款辦法 Payment Plan (F2) of Price List No.5A 見備註/See Remarks 7(c)(vii) ‧見備註/See Remarks 7(d)(i) ‧見備註/See Remarks 7(e)(i) ‧見備註/See Remarks 7(f)(i) ‧見備註/See Remarks 7(g)(i) ‧見備註/See Remarks 7(h)(i) ‧見備註/See Remarks 7(j)(v) ‧見備註/See Remarks 7(j)(viii)(a),
2022-06-18,2022-06-24,2024-12-23,翠景閣第2座 Greenwood Tower 2,2,B2,,7597600,,‧價單第5A號 (F2)付款辦法 Payment Plan (F2) of Price List No.5A 見備註/See Remarks 7(c)(vii) ‧見備註/See Remarks 7(d)(i) ‧見備註/See Remarks 7(e)(i) ‧見備註/See Remarks 7(f)(i) ‧見備註/See Remarks 7(g)(i) ‧見備註/See Remarks 7(h)(i) ‧見備註/See Remarks 7(j)(v) ‧見備註/See Remarks 7(j)(viii)(a),
2022-06-18,2022-06-24,,翠景閣第2座 Greenwood Tower 2,1,B2,,7667900,,‧價單第5A號 (B3Y)付款辦法 Payment Plan (B3Y) of Price List No.5A See Remarks/見備註 7(c)(iii) ‧見備註/See Remarks 7(d)(ii) ‧見備註/See Remarks 7(e)(iii) ‧見備註/See Remarks 7(g)(i) ‧見備註/See Remarks 7(h)(i) ‧見備註/See Remarks 7(j)(ii)(a) ‧見備註/See Remarks 7(j)(iv)(a) ‧見備註/See Remarks 7(j)(v) ‧見備註/See Remarks 7(j)(viii)(a),
2022-06-18,2022-06-24,,翠景閣第2座 Greenwood Tower 2,11,B3,,8215100,,‧價單第5A號 (B3Y)付款辦法 Payment Plan (B3Y) of Price List No.5A See Remarks/見備註 7(c)(iii) ‧見備註/See Remarks 7(d)(ii) ‧見備註/See Remarks 7(e)(iii) ‧見備註/See Remarks 7(g)(i) ‧見備註/See Remarks 7(h)(i) ‧見備註/See Remarks 7(j)(ii)(a) ‧見備註/See Remarks 7(j)(iv)(a) ‧見備註/See Remarks 7(j)(v) ‧見備註/See Remarks 7(j)(viii)(a),
2022-06-18,2022-06-24,,翠景閣第2座 Greenwood Tower 2,10,B3,,7848400,,‧價單第5A號 (F2)付款辦法 Payment Plan (F2) of Price List No.5A 見備註/See Remarks 7(c)(vii) ‧見備註/See Remarks 7(d)(i) ‧見備註/See Remarks 7(e)(i) ‧見備註/See Remarks 7(f)(i) ‧見備註/See Remarks 7(g)(i) ‧見備註/See Remarks 7(h)(i) ‧見備註/See Remarks 7(j)(v) ‧見備註/See Remarks 7(j)(viii)(a),
2022-06-18,2022-06-24,,翠景閣第2座 Greenwood Tower 2,9,B3,,7801600,,‧價單第5A號 (F2)付款辦法 Payment Plan (F2) of Price List No.5A 見備註/See Remarks 7(c)(vii) ‧見備註/See Remarks 7(d)(i) ‧見備註/See Remarks 7(e)(i) ‧見備註/See Remarks 7(f)(i) ‧見備註/See Remarks 7(g)(i) ‧見備註/See Remarks 7(h)(i) ‧見備註/See Remarks 7(j)(v) ‧見備註/See Remarks 7(j)(viii)(a),
2022-06-18,2022-06-24,,翠景閣第2座 Greenwood Tower 2,8,B3,,7770600,,‧價單第5A號 (F2)付款辦法 Payment Plan (F2) of Price List No.5A 見備註/See Remarks 7(c)(vii) ‧見備註/See Remarks 7(d)(i) ‧見備註/See Remarks 7(e)(i) ‧見備註/See Remarks 7(f)(i) ‧見備註/See Remarks 7(g)(i) ‧見備註/See Remarks 7(h)(i) ‧見備註/See Remarks 7(j)(v) ‧見備註/See Remarks 7(j)(viii)(a),
2022-06-18,2022-06-24,,翠景閣第2座 Greenwood Tower 2,7,B3,,7396400,,‧價單第5A號 (A1)付款辦法 Payment Plan (A1) of Price List No.5A 見備註/See Remarks 7(c)(i) ‧見備註/See Remarks 7(d)(i) ‧見備註/See Remarks 7(e)(i) ‧見備註/See Remarks 7(f)(i) ‧見備註/See Remarks 7(g)(i) ‧見備註/See Remarks 7(h)(i) ‧見備註/See Remarks 7(j)(v),
2022-06-18,2022-06-24,,翠景閣第2座 Greenwood Tower 2,6,B3,,7739600,,‧價單第5A號 (F2)付款辦法 Payment Plan (F2) of Price List No.5A 見備註/See Remarks 7(c)(vii) ‧見備註/See Remarks 7(d)(i) ‧見備註/See Remarks 7(e)(i) ‧見備註/See Remarks 7(f)(i) ‧見備註/See Remarks 7(g)(i) ‧見備註/See Remarks 7(h)(i) ‧見備註/See Remarks 7(j)(v) ‧見備註/See Remarks 7(j)(viii)(a),
2022-06-18,2022-06-24,,翠景閣第2座 Greenwood Tower 2,5,B3,,8036700,,‧價單第5A號 (B3Y)付款辦法 Payment Plan (B3Y) of Price List No.5A See Remarks/見備註 7(c)(iii) ‧見備註/See Remarks 7(d)(ii) ‧見備註/See Remarks 7(e)(iii) ‧見備註/See Remarks 7(g)(i) ‧見備註/See Remarks 7(h)(i) ‧見備註/See Remarks 7(j)(ii)(a) ‧見備註/See Remarks 7(j)(iv)(a) ‧見備註/See Remarks 7(j)(v) ‧見備註/See Remarks 7(j)(viii)(a),
2022-06-18,2022-06-24,,翠景閣第2座 Greenwood Tower 2,3,B3,,7677800,,‧價單第5A號 (F2)付款辦法 Payment Plan (F2) of Price List No.5A 見備註/See Remarks 7(c)(vii) ‧見備註/See Remarks 7(d)(i) ‧見備註/See Remarks 7(e)(i) ‧見備註/See Remarks 7(f)(i) ‧見備註/See Remarks 7(g)(i) ‧見備註/See Remarks 7(h)(i) ‧見備註/See Remarks 7(j)(v) ‧見備註/See Remarks 7(j)(viii)(a),
2022-06-18,2022-06-24,2026-07-09,翠景閣第2座 Greenwood Tower 2,2,B3,,7616400,,‧價單第5A號 (F2)付款辦法 Payment Plan (F2) of Price List No.5A 見備註/See Remarks 7(c)(vii) ‧見備註/See Remarks 7(d)(i) ‧見備註/See Remarks 7(e)(i) ‧見備註/See Remarks 7(f)(i) ‧見備註/See Remarks 7(g)(i) ‧見備註/See Remarks 7(h)(i) ‧見備註/See Remarks 7(j)(v) ‧見備註/See Remarks 7(j)(viii)(a),
2022-06-18,2022-06-24,,翠景閣第2座 Greenwood Tower 2,1,B3,,7478800,,‧價單第5A號 (F2)付款辦法 Payment Plan (F2) of Price List No.5A 見備註/See Remarks 7(c)(vii) ‧見備註/See Remarks 7(d)(i) ‧見備註/See Remarks 7(e)(i) ‧見備註/See Remarks 7(f)(i) ‧見備註/See Remarks 7(g)(i) ‧見備註/See Remarks 7(h)(i) ‧見備註/See Remarks 7(j)(v) ‧見備註/See Remarks 7(j)(viii)(a),
2022-06-18,2022-06-24,,翠景閣第3座 Greenwood Tower 3,12,A3,,6499100,,‧價單第2A號 (B3X)付款辦法 Payment Plan (B3X) of Price List No.2A 見備註/See Remarks 7(c)(ii) ‧見備註/See Remarks 7(d)(ii) ‧見備註/See Remarks 7(e)(iii) ‧見備註/See Remarks 7(g)(i) ‧見備註/See Remarks 7(h)(i) ‧見備註/See Remarks 7(j)(ii)(a) ‧見備註/See Remarks 7(j)(iv)(a) ‧見備註/See Remarks 7(j)(v),
2022-06-18,2022-06-24,,翠景閣第3座 Greenwood Tower 3,11,A3,,7301100,,‧價單第2A號 (F2)付款辦法 Payment Plan (F2) of Price List No.2A 見備註/See Remarks 7(c)(vii) ‧見備註/See Remarks 7(d)(i) ‧見備註/See Remarks 7(e)(i) ‧見備註/See Remarks 7(f)(i) ‧見備註/See Remarks 7(g)(i) ‧見備註/See Remarks 7(h)(i) ‧見備註/See Remarks 7(j)(v),
2022-06-18,2022-06-24,,翠景閣第3座 Greenwood Tower 3,10,A3,,7286500,,‧價單第2A號 (F2)付款辦法 Payment Plan (F2) of Price List No.2A 見備註/See Remarks 7(c)(vii) ‧見備註/See Remarks 7(d)(i) ‧見備註/See Remarks 7(e)(i) ‧見備註/See Remarks 7(f)(i) ‧見備註/See Remarks 7(g)(i) ‧見備註/See Remarks 7(h)(i) ‧見備註/See Remarks 7(j)(v),
2022-06-18,2022-06-24,,翠景閣第3座 Greenwood Tower 3,1,A3,,7499800,"在16-10-2023，基於法例第35(2)(b)條所容許的原因 ，售價調整為$7,803,200。 On 16-10-2023, the price adjusted to $7,803,200 due to the reason allowed under section 35(2)(b) of the Ordinance.",‧價單第2A號 (F2)付款辦法 Payment Plan (F2) of Price List No.2A 見備註/See Remarks 7(c)(vii) ‧見備註/See Remarks 7(d)(i) ‧見備註/See Remarks 7(e)(i) ‧見備註/See Remarks 7(f)(i) ‧見備註/See Remarks 7(g)(i) ‧見備註/See Remarks 7(h)(i) ‧見備註/See Remarks 7(j)(v) ‧價單第2A號 (B3Y)付款辦法 Payment Plan (B3Y) of Price List No.2A See Remarks/見備註 7(c)(iii) ‧見備註/See Remarks 7(d)(ii) ‧見備註/See Remarks 7(e)(iii) ‧見備註/See Remarks 7(g)(i) ‧見備註/See Remarks 7(h)(i) ‧見備註/See Remarks 7(j)(ii)(a) ‧見備註/See Remarks 7(j)(iv)(a) ‧見備註/See Remarks 7(j)(v) ‧(在16-10-2023修訂) (revised on 16-10-2023),
2022-06-18,2022-06-24,,翠景閣第3座 Greenwood Tower 3,12,A5,,4392500,,‧價單第4B號 (B3X)付款辦法 Payment Plan (B3X) of Price List No.4B 見備註/See Remarks 7(c)(ii) ‧見備註/See Remarks 7(d)(ii) ‧見備註/See Remarks 7(e)(iii) ‧見備註/See Remarks 7(g)(i) ‧見備註/See Remarks 7(h)(i) ‧見備註/See Remarks 7(j)(ii)(a) ‧見備註/See Remarks 7(j)(iv)(a) ‧見備註/See Remarks 7(j)(v),
2022-06-18,2022-06-24,,翠景閣第3座 Greenwood Tower 3,11,A5,,3994900,,‧價單第4B號 (A1)付款辦法 Payment Plan (A1) of Price List No.4B 見備註/See Remarks 7(c)(i) ‧見備註/See Remarks 7(d)(i) ‧見備註/See Remarks 7(e)(i) ‧見備註/See Remarks 7(f)(i) ‧見備註/See Remarks 7(g)(i) ‧見備註/See Remarks 7(h)(i) ‧見備註/See Remarks 7(j)(v),
2022-06-18,2022-06-24,,翠景閣第3座 Greenwood Tower 3,10,A5,,3963600,,‧價單第4B號 (A1)付款辦法 Payment Plan (A1) of Price List No.4B 見備註/See Remarks 7(c)(i) ‧見備註/See Remarks 7(d)(i) ‧見備註/See Remarks 7(e)(i) ‧見備註/See Remarks 7(f)(i) ‧見備註/See Remarks 7(g)(i) ‧見備註/See Remarks 7(h)(i) ‧見備註/See Remarks 7(j)(v),
2022-06-18,2022-06-24,,翠景閣第3座 Greenwood Tower 3,9,A5,,4441700,,‧價單第4B號 (C2)付款辦法 Payment Plan (C2) of Price List No.4B See Remarks/見備註 7(c)(iv) ‧見備註/See Remarks 7(d)(ii) ‧見備註/See Remarks 7(e)(iv) ‧見備註/See Remarks 7(g)(i) ‧見備註/See Remarks 7(h)(i) ‧見備註/See Remarks 7(j)(i)(a) ‧見備註/See Remarks 7(j)(ii)(a) ‧見備註/See Remarks 7(j)(iv)(a) ‧見備註/See Remarks 7(j)(v),
2022-06-18,2022-06-24,,翠景閣第3座 Greenwood Tower 3,8,A5,,4210200,,‧價單第4B號 (E1)付款辦法 Payment Plan (E1) of Price List No.4B 見備註/See Remarks 7(c)(vi) ‧見備註/See Remarks 7(d)(ii) ‧見備註/See Remarks 7(e)(ii) ‧見備註/See Remarks 7(g)(i) ‧見備註/See Remarks 7(h)(i) ‧見備註/See Remarks 7(j)(ii)(a) ‧見備註/See Remarks 7(j)(iii)(a) ‧見備註/See Remarks 7(j)(iv)(a) ‧見備註/See Remarks 7(j)(v),
2022-06-18,2022-06-24,,翠景閣第3座 Greenwood Tower 3,7,A5,,4273200,,‧價單第4B號 (B3X)付款辦法 Payment Plan (B3X) of Price List No.4B 見備註/See Remarks 7(c)(ii) ‧見備註/See Remarks 7(d)(ii) ‧見備註/See Remarks 7(e)(iii) ‧見備註/See Remarks 7(g)(i) ‧見備註/See Remarks 7(h)(i) ‧見備註/See Remarks 7(j)(ii)(a) ‧見備註/See Remarks 7(j)(iv)(a) ‧見備註/See Remarks 7(j)(v),
2022-06-18,2022-06-24,,翠景閣第3座 Greenwood Tower 3,6,A5,,4264700,,‧價單第4B號 (B3X)付款辦法 Payment Plan (B3X) of Price List No.4B 見備註/See Remarks 7(c)(ii) ‧見備註/See Remarks 7(d)(ii) ‧見備註/See Remarks 7(e)(iii) ‧見備註/See Remarks 7(g)(i) ‧見備註/See Remarks 7(h)(i) ‧見備註/See Remarks 7(j)(ii)(a) ‧見備註/See Remarks 7(j)(iv)(a) ‧見備註/See Remarks 7(j)(v),
2022-06-18,2022-06-24,,翠景閣第3座 Greenwood Tower 3,5,A5,,3901600,,‧價單第4B號 (A1)付款辦法 Payment Plan (A1) of Price List No.4B 見備註/See Remarks 7(c)(i) ‧見備註/See Remarks 7(d)(i) ‧見備註/See Remarks 7(e)(i) ‧見備註/See Remarks 7(f)(i) ‧見備註/See Remarks 7(g)(i) ‧見備註/See Remarks 7(h)(i) ‧見備註/See Remarks 7(j)(v),
2022-06-18,2022-06-24,,翠景閣第3座 Greenwood Tower 3,3,A5,,4231100,,‧價單第4B號 (B3X)付款辦法 Payment Plan (B3X) of Price List No.4B 見備註/See Remarks 7(c)(ii) ‧見備註/See Remarks 7(d)(ii) ‧見備註/See Remarks 7(e)(iii) ‧見備註/See Remarks 7(g)(i) ‧見備註/See Remarks 7(h)(i) ‧見備註/See Remarks 7(j)(ii)(a) ‧見備註/See Remarks 7(j)(iv)(a) ‧見備註/See Remarks 7(j)(v),
2022-06-18,2022-06-24,,翠景閣第3座 Greenwood Tower 3,2,A5,,3847800,,‧價單第4B號 (A1)付款辦法 Payment Plan (A1) of Price List No.4B 見備註/See Remarks 7(c)(i) ‧見備註/See Remarks 7(d)(i) ‧見備註/See Remarks 7(e)(i) ‧見備註/See Remarks 7(f)(i) ‧見備註/See Remarks 7(g)(i) ‧見備註/See Remarks 7(h)(i) ‧見備註/See Remarks 7(j)(v),
2022-06-18,2022-06-24,,翠景閣第3座 Greenwood Tower 3,11,A6,,7754800,,‧價單第5A號 (F2)付款辦法 Payment Plan (F2) of Price List No.5A 見備註/See Remarks 7(c)(vii) ‧見備註/See Remarks 7(d)(i) ‧見備註/See Remarks 7(e)(i) ‧見備註/See Remarks 7(f)(i) ‧見備註/See Remarks 7(g)(i) ‧見備註/See Remarks 7(h)(i) ‧見備註/See Remarks 7(j)(v),
2022-06-18,2022-06-24,,翠景閣第3座 Greenwood Tower 3,10,A6,,7872700,,‧價單第5A號 (E1)付款辦法 Payment Plan (E1) of Price List No.5A 見備註/See Remarks 7(c)(vi) ‧見備註/See Remarks 7(d)(ii) ‧見備註/See Remarks 7(e)(ii) ‧見備註/See Remarks 7(g)(i) ‧見備註/See Remarks 7(h)(i) ‧見備註/See Remarks 7(j)(ii)(a) ‧見備註/See Remarks 7(j)(iii)(a) ‧見備註/See Remarks 7(j)(iv)(a) ‧見備註/See Remarks 7(j)(v),
2022-06-18,2022-06-24,,翠景閣第3座 Greenwood Tower 3,9,A6,,7650200,,‧價單第5A號 (F2)付款辦法 Payment Plan (F2) of Price List No.5A 見備註/See Remarks 7(c)(vii) ‧見備註/See Remarks 7(d)(i) ‧見備註/See Remarks 7(e)(i) ‧見備註/See Remarks 7(f)(i) ‧見備註/See Remarks 7(g)(i) ‧見備註/See Remarks 7(h)(i) ‧見備註/See Remarks 7(j)(v),
2022-06-18,2022-06-24,,翠景閣第3座 Greenwood Tower 3,8,A6,,7268200,,‧價單第5A號 (A1)付款辦法 Payment Plan (A1) of Price List No.5A 見備註/See Remarks 7(c)(i) ‧見備註/See Remarks 7(d)(i) ‧見備註/See Remarks 7(e)(i) ‧見備註/See Remarks 7(f)(i) ‧見備註/See Remarks 7(g)(i) ‧見備註/See Remarks 7(h)(i) ‧見備註/See Remarks 7(j)(v),
2022-06-18,2022-06-24,,翠景閣第3座 Greenwood Tower 3,12,B6,,8018500,,‧價單第5A號 (F2)付款辦法 Payment Plan (F2) of Price List No.5A 見備註/See Remarks 7(c)(vii) ‧見備註/See Remarks 7(d)(i) ‧見備註/See Remarks 7(e)(i) ‧見備註/See Remarks 7(f)(i) ‧見備註/See Remarks 7(g)(i) ‧見備註/See Remarks 7(h)(i) ‧見備註/See Remarks 7(j)(v),
2022-06-18,2022-06-24,,翠景閣第3座 Greenwood Tower 3,11,B6,,7694400,,‧價單第5A號 (F2)付款辦法 Payment Plan (F2) of Price List No.5A 見備註/See Remarks 7(c)(vii) ‧見備註/See Remarks 7(d)(i) ‧見備註/See Remarks 7(e)(i) ‧見備註/See Remarks 7(f)(i) ‧見備註/See Remarks 7(g)(i) ‧見備註/See Remarks 7(h)(i) ‧見備註/See Remarks 7(j)(v),
2022-06-18,2022-06-24,,翠景閣第3座 Greenwood Tower 3,10,B6,,7649000,,‧價單第5A號 (F2)付款辦法 Payment Plan (F2) of Price List No.5A 見備註/See Remarks 7(c)(vii) ‧見備註/See Remarks 7(d)(i) ‧見備註/See Remarks 7(e)(i) ‧見備註/See Remarks 7(f)(i) ‧見備註/See Remarks 7(g)(i) ‧見備註/See Remarks 7(h)(i) ‧見備註/See Remarks 7(j)(v),
2022-06-18,2022-06-24,,翠景閣第3座 Greenwood Tower 3,9,B6,,7252200,,‧價單第5A號 (A1)付款辦法 Payment Plan (A1) of Price List No.5A 見備註/See Remarks 7(c)(i) ‧見備註/See Remarks 7(d)(i) ‧見備註/See Remarks 7(e)(i) ‧見備註/See Remarks 7(f)(i) ‧見備註/See Remarks 7(g)(i) ‧見備註/See Remarks 7(h)(i) ‧見備註/See Remarks 7(j)(v),
2022-06-18,2022-06-24,,翠景閣第3座 Greenwood Tower 3,8,B6,,7573900,,‧價單第5A號 (F2)付款辦法 Payment Plan (F2) of Price List No.5A 見備註/See Remarks 7(c)(vii) ‧見備註/See Remarks 7(d)(i) ‧見備註/See Remarks 7(e)(i) ‧見備註/See Remarks 7(f)(i) ‧見備註/See Remarks 7(g)(i) ‧見備註/See Remarks 7(h)(i) ‧見備註/See Remarks 7(j)(v),
2022-06-18,2022-06-24,,翠景閣第3座 Greenwood Tower 3,7,B6,,7209400,,‧價單第5A號 (A1)付款辦法 Payment Plan (A1) of Price List No.5A 見備註/See Remarks 7(c)(i) ‧見備註/See Remarks 7(d)(i) ‧見備註/See Remarks 7(e)(i) ‧見備註/See Remarks 7(f)(i) ‧見備註/See Remarks 7(g)(i) ‧見備註/See Remarks 7(h)(i) ‧見備註/See Remarks 7(j)(v),
2022-06-18,2022-06-24,,翠景閣第3座 Greenwood Tower 3,6,B6,,7195200,"在18-07-2022，基於法例第35(2)(b)條所容許的原因 ，售價調整為$7,544,000。 On 18-07-2022, the price adjusted to $7,544,000 due to the reason allowed under section 35(2)(b) of the Ordinance.",‧價單第5A號 (A1)付款辦法 Payment Plan (A1) of Price List No.5A 見備註/See Remarks 7(c)(i) ‧見備註/See Remarks 7(d)(i) ‧見備註/See Remarks 7(e)(i) ‧見備註/See Remarks 7(f)(i) ‧見備註/See Remarks 7(g)(i) ‧見備註/See Remarks 7(h)(i) ‧見備註/See Remarks 7(j)(v),
2022-06-18,2022-06-24,,翠景閣第3座 Greenwood Tower 3,5,B6,,7529100,,‧價單第5A號 (F2)付款辦法 Payment Plan (F2) of Price List No.5A 見備註/See Remarks 7(c)(vii) ‧見備註/See Remarks 7(d)(i) ‧見備註/See Remarks 7(e)(i) ‧見備註/See Remarks 7(f)(i) ‧見備註/See Remarks 7(g)(i) ‧見備註/See Remarks 7(h)(i) ‧見備註/See Remarks 7(j)(v),
2022-06-18,2022-06-24,,翠景閣第3座 Greenwood Tower 3,3,B6,,7514200,,‧價單第5A號 (F2)付款辦法 Payment Plan (F2) of Price List No.5A 見備註/See Remarks 7(c)(vii) ‧見備註/See Remarks 7(d)(i) ‧見備註/See Remarks 7(e)(i) ‧見備註/See Remarks 7(f)(i) ‧見備註/See Remarks 7(g)(i) ‧見備註/See Remarks 7(h)(i) ‧見備註/See Remarks 7(j)(v),
2022-06-18,2022-06-24,,翠景閣第3座 Greenwood Tower 3,2,B6,,7103000,,‧價單第5A號 (A1)付款辦法 Payment Plan (A1) of Price List No.5A 見備註/See Remarks 7(c)(i) ‧見備註/See Remarks 7(d)(i) ‧見備註/See Remarks 7(e)(i) ‧見備註/See Remarks 7(f)(i) ‧見備註/See Remarks 7(g)(i) ‧見備註/See Remarks 7(h)(i) ‧見備註/See Remarks 7(j)(v),
2022-06-18,2022-06-24,,翠景閣第3座 Greenwood Tower 3,1,B6,,7280900,,‧價單第5A號 (F2)付款辦法 Payment Plan (F2) of Price List No.5A 見備註/See Remarks 7(c)(vii) ‧見備註/See Remarks 7(d)(i) ‧見備註/See Remarks 7(e)(i) ‧見備註/See Remarks 7(f)(i) ‧見備註/See Remarks 7(g)(i) ‧見備註/See Remarks 7(h)(i) ‧見備註/See Remarks 7(j)(v) ‧見備註/See Remarks 7(j)(viii)(a),
2022-06-18,2022-06-24,,翠景閣第3座 Greenwood Tower 3,11,B8,,6147700,,‧價單第5A號 (B3X)付款辦法 Payment Plan (B3X) of Price List No.5A 見備註/See Remarks 7(c)(ii) ‧見備註/See Remarks 7(d)(ii) ‧見備註/See Remarks 7(e)(iii) ‧見備註/See Remarks 7(g)(i) ‧見備註/See Remarks 7(h)(i) ‧見備註/See Remarks 7(j)(ii)(a) ‧見備註/See Remarks 7(j)(iv)(a) ‧見備註/See Remarks 7(j)(v),
2022-06-18,2022-06-24,,翠景閣第3座 Greenwood Tower 3,10,B8,,6111700,,‧價單第5A號 (B3X)付款辦法 Payment Plan (B3X) of Price List No.5A 見備註/See Remarks 7(c)(ii) ‧見備註/See Remarks 7(d)(ii) ‧見備註/See Remarks 7(e)(iii) ‧見備註/See Remarks 7(g)(i) ‧見備註/See Remarks 7(h)(i) ‧見備註/See Remarks 7(j)(ii)(a) ‧見備註/See Remarks 7(j)(iv)(a) ‧見備註/See Remarks 7(j)(v),
2022-06-18,2022-06-24,,翠景閣第3座 Greenwood Tower 3,9,B8,,6615900,,‧價單第5A號 (D2)付款辦法 Payment Plan (D2) of Price List No.5A See Remarks/見備註 7(c)(v) ‧見備註/See Remarks 7(g)(i) ‧見備註/See Remarks 7(h)(i) ‧見備註/See Remarks 7(j)(i)(b) ‧見備註/See Remarks 7(j)(ii)(a) ‧見備註/See Remarks 7(j)(iv)(a) ‧見備註/See Remarks 7(j)(v),
2022-06-18,2022-06-24,,翠景閣第3座 Greenwood Tower 3,7,B8,,6040200,,‧價單第5A號 (B3X)付款辦法 Payment Plan (B3X) of Price List No.5A 見備註/See Remarks 7(c)(ii) ‧見備註/See Remarks 7(d)(ii) ‧見備註/See Remarks 7(e)(iii) ‧見備註/See Remarks 7(g)(i) ‧見備註/See Remarks 7(h)(i) ‧見備註/See Remarks 7(j)(ii)(a) ‧見備註/See Remarks 7(j)(iv)(a) ‧見備註/See Remarks 7(j)(v),
2022-06-18,2022-06-24,,翠景閣第3座 Greenwood Tower 3,3,B8,,5895700,,‧價單第5A號 (B3X)付款辦法 Payment Plan (B3X) of Price List No.5A 見備註/See Remarks 7(c)(ii) ‧見備註/See Remarks 7(d)(ii) ‧見備註/See Remarks 7(e)(iii) ‧見備註/See Remarks 7(g)(i) ‧見備註/See Remarks 7(h)(i) ‧見備註/See Remarks 7(j)(ii)(a) ‧見備註/See Remarks 7(j)(iv)(a) ‧見備註/See Remarks 7(j)(v),
2022-06-18,2022-06-24,,翠景閣第6座 Greenwood Tower 6,12,A8,,10952700,,‧價單第5A號 (F2)付款辦法 Payment Plan (F2) of Price List No.5A 見備註/See Remarks 7(c)(vii) ‧見備註/See Remarks 7(d)(i) ‧見備註/See Remarks 7(e)(i) ‧見備註/See Remarks 7(f)(i) ‧見備註/See Remarks 7(g)(i) ‧見備註/See Remarks 7(h)(i) ‧見備註/See Remarks 7(j)(v) ‧見備註/See Remarks 7(j)(vi)(a),
2022-06-18,2022-06-24,,翠景閣第6座 Greenwood Tower 6,9,A8,,9938600,,‧價單第5A號 (F2)付款辦法 Payment Plan (F2) of Price List No.5A 見備註/See Remarks 7(c)(vii) ‧見備註/See Remarks 7(d)(i) ‧見備註/See Remarks 7(e)(i) ‧見備註/See Remarks 7(f)(i) ‧見備註/See Remarks 7(g)(i) ‧見備註/See Remarks 7(h)(i) ‧見備註/See Remarks 7(j)(v) ‧見備註/See Remarks 7(j)(vi)(a),
2022-06-18,2022-06-24,,翠景閣第6座 Greenwood Tower 6,8,A8,,9899400,,‧價單第5A號 (F2)付款辦法 Payment Plan (F2) of Price List No.5A 見備註/See Remarks 7(c)(vii) ‧見備註/See Remarks 7(d)(i) ‧見備註/See Remarks 7(e)(i) ‧見備註/See Remarks 7(f)(i) ‧見備註/See Remarks 7(g)(i) ‧見備註/See Remarks 7(h)(i) ‧見備註/See Remarks 7(j)(v) ‧見備註/See Remarks 7(j)(vi)(a),
2022-06-18,2022-06-24,,翠景閣第6座 Greenwood Tower 6,7,A8,,9423000,,‧價單第5A號 (A1)付款辦法 Payment Plan (A1) of Price List No.5A 見備註/See Remarks 7(c)(i) ‧見備註/See Remarks 7(d)(i) ‧見備註/See Remarks 7(e)(i) ‧見備註/See Remarks 7(f)(i) ‧見備註/See Remarks 7(g)(i) ‧見備註/See Remarks 7(h)(i) ‧見備註/See Remarks 7(j)(v) ‧見備註/See Remarks 7(j)(vi)(a),
2022-06-18,2022-06-24,,翠景閣第6座 Greenwood Tower 6,3,A8,,9782500,,‧價單第5A號 (F2)付款辦法 Payment Plan (F2) of Price List No.5A 見備註/See Remarks 7(c)(vii) ‧見備註/See Remarks 7(d)(i) ‧見備註/See Remarks 7(e)(i) ‧見備註/See Remarks 7(f)(i) ‧見備註/See Remarks 7(g)(i) ‧見備註/See Remarks 7(h)(i) ‧見備註/See Remarks 7(j)(v) ‧見備註/See Remarks 7(j)(vi)(a),
2022-06-18,2022-06-24,,翠景閣第6座 Greenwood Tower 6,2,A8,,9600200,,‧價單第5A號 (F2)付款辦法 Payment Plan (F2) of Price List No.5A 見備註/See Remarks 7(c)(vii) ‧見備註/See Remarks 7(d)(i) ‧見備註/See Remarks 7(e)(i) ‧見備註/See Remarks 7(f)(i) ‧見備註/See Remarks 7(g)(i) ‧見備註/See Remarks 7(h)(i) ‧見備註/See Remarks 7(j)(v) ‧見備註/See Remarks 7(j)(vi)(a),
2022-06-18,2022-06-24,,翠景閣第6座 Greenwood Tower 6,1,A8,,9570500,,‧價單第5A號 (F2)付款辦法 Payment Plan (F2) of Price List No.5A 見備註/See Remarks 7(c)(vii) ‧見備註/See Remarks 7(d)(i) ‧見備註/See Remarks 7(e)(i) ‧見備註/See Remarks 7(f)(i) ‧見備註/See Remarks 7(g)(i) ‧見備註/See Remarks 7(h)(i) ‧見備註/See Remarks 7(j)(v) ‧見備註/See Remarks 7(j)(vi)(a),
2022-06-18,2022-06-24,,翠景閣第6座 Greenwood Tower 6,6,B2,,10544300,,‧價單第5A號 (B3Y)付款辦法 Payment Plan (B3Y) of Price List No.5A See Remarks/見備註 7(c)(iii) ‧見備註/See Remarks 7(d)(ii) ‧見備註/See Remarks 7(e)(iii) ‧見備註/See Remarks 7(g)(i) ‧見備註/See Remarks 7(h)(i) ‧見備註/See Remarks 7(j)(ii)(a) ‧見備註/See Remarks 7(j)(iv)(a) ‧見備註/See Remarks 7(j)(v) ‧見備註/See Remarks 7(j)(vi)(a),
2022-06-18,2022-06-24,,翠景閣第6座 Greenwood Tower 6,5,B2,,10114300,,‧價單第5A號 (F2)付款辦法 Payment Plan (F2) of Price List No.5A 見備註/See Remarks 7(c)(vii) ‧見備註/See Remarks 7(d)(i) ‧見備註/See Remarks 7(e)(i) ‧見備註/See Remarks 7(f)(i) ‧見備註/See Remarks 7(g)(i) ‧見備註/See Remarks 7(h)(i) ‧見備註/See Remarks 7(j)(v) ‧見備註/See Remarks 7(j)(vi)(a),
2022-06-18,2022-06-24,,翠景閣第6座 Greenwood Tower 6,3,B2,,10094300,,‧價單第5A號 (F2)付款辦法 Payment Plan (F2) of Price List No.5A 見備註/See Remarks 7(c)(vii) ‧見備註/See Remarks 7(d)(i) ‧見備註/See Remarks 7(e)(i) ‧見備註/See Remarks 7(f)(i) ‧見備註/See Remarks 7(g)(i) ‧見備註/See Remarks 7(h)(i) ‧見備註/See Remarks 7(j)(v) ‧見備註/See Remarks 7(j)(vi)(a),
2022-06-18,2022-06-24,,翠景閣第6座 Greenwood Tower 6,2,B2,,10054600,,‧價單第5A號 (F2)付款辦法 Payment Plan (F2) of Price List No.5A 見備註/See Remarks 7(c)(vii) ‧見備註/See Remarks 7(d)(i) ‧見備註/See Remarks 7(e)(i) ‧見備註/See Remarks 7(f)(i) ‧見備註/See Remarks 7(g)(i) ‧見備註/See Remarks 7(h)(i) ‧見備註/See Remarks 7(j)(v) ‧見備註/See Remarks 7(j)(vi)(a),
2022-06-18,2022-06-24,,翠景閣第6座 Greenwood Tower 6,12,B5,,7815200,,‧價單第2A號 (F2)付款辦法 Payment Plan (F2) of Price List No.2A 見備註/See Remarks 7(c)(vii) ‧見備註/See Remarks 7(d)(i) ‧見備註/See Remarks 7(e)(i) ‧見備註/See Remarks 7(f)(i) ‧見備註/See Remarks 7(g)(i) ‧見備註/See Remarks 7(h)(i) ‧見備註/See Remarks 7(j)(v),
2022-06-18,2022-06-24,,翠景閣第6座 Greenwood Tower 6,11,B5,,7246900,,‧價單第2A號 (A1)付款辦法 Payment Plan (A1) of Price List No.2A 見備註/See Remarks 7(c)(i) ‧見備註/See Remarks 7(d)(i) ‧見備註/See Remarks 7(e)(i) ‧見備註/See Remarks 7(f)(i) ‧見備註/See Remarks 7(g)(i) ‧見備註/See Remarks 7(h)(i) ‧見備註/See Remarks 7(j)(v),
2022-06-18,2022-06-24,,翠景閣第6座 Greenwood Tower 6,10,B5,,7890800,,‧價單第2A號 (B3Y)付款辦法 Payment Plan (B3Y) of Price List No.2A See Remarks/見備註 7(c)(iii) ‧見備註/See Remarks 7(d)(ii) ‧見備註/See Remarks 7(e)(iii) ‧見備註/See Remarks 7(g)(i) ‧見備註/See Remarks 7(h)(i) ‧見備註/See Remarks 7(j)(ii)(a) ‧見備註/See Remarks 7(j)(iv)(a) ‧見備註/See Remarks 7(j)(v),
2022-06-18,2022-06-24,,翠景閣第6座 Greenwood Tower 6,9,B5,,7569400,,‧價單第2A號 (F2)付款辦法 Payment Plan (F2) of Price List No.2A 見備註/See Remarks 7(c)(vii) ‧見備註/See Remarks 7(d)(i) ‧見備註/See Remarks 7(e)(i) ‧見備註/See Remarks 7(f)(i) ‧見備註/See Remarks 7(g)(i) ‧見備註/See Remarks 7(h)(i) ‧見備註/See Remarks 7(j)(v),
2022-06-18,2022-06-24,,翠景閣第6座 Greenwood Tower 6,8,B5,,7555000,,‧價單第2A號 (F2)付款辦法 Payment Plan (F2) of Price List No.2A 見備註/See Remarks 7(c)(vii) ‧見備註/See Remarks 7(d)(i) ‧見備註/See Remarks 7(e)(i) ‧見備註/See Remarks 7(f)(i) ‧見備註/See Remarks 7(g)(i) ‧見備註/See Remarks 7(h)(i) ‧見備註/See Remarks 7(j)(v),
2022-06-18,2022-06-24,,翠景閣第6座 Greenwood Tower 6,7,B5,,7547900,,‧價單第2A號 (F2)付款辦法 Payment Plan (F2) of Price List No.2A 見備註/See Remarks 7(c)(vii) ‧見備註/See Remarks 7(d)(i) ‧見備註/See Remarks 7(e)(i) ‧見備註/See Remarks 7(f)(i) ‧見備註/See Remarks 7(g)(i) ‧見備註/See Remarks 7(h)(i) ‧見備註/See Remarks 7(j)(v),
2022-06-18,2022-06-24,,翠景閣第6座 Greenwood Tower 6,6,B5,,7540700,,‧價單第2A號 (F2)付款辦法 Payment Plan (F2) of Price List No.2A 見備註/See Remarks 7(c)(vii) ‧見備註/See Remarks 7(d)(i) ‧見備註/See Remarks 7(e)(i) ‧見備註/See Remarks 7(f)(i) ‧見備註/See Remarks 7(g)(i) ‧見備註/See Remarks 7(h)(i) ‧見備註/See Remarks 7(j)(v),
2022-06-18,2022-06-24,2026-07-23,翠景閣第6座 Greenwood Tower 6,5,B5,,7526300,,‧價單第2A號 (F2)付款辦法 Payment Plan (F2) of Price List No.2A 見備註/See Remarks 7(c)(vii) ‧見備註/See Remarks 7(d)(i) ‧見備註/See Remarks 7(e)(i) ‧見備註/See Remarks 7(f)(i) ‧見備註/See Remarks 7(g)(i) ‧見備註/See Remarks 7(h)(i) ‧見備註/See Remarks 7(j)(v),
2022-06-18,2022-06-24,,翠景閣第6座 Greenwood Tower 6,3,B5,,7512100,,‧價單第2A號 (F2)付款辦法 Payment Plan (F2) of Price List No.2A 見備註/See Remarks 7(c)(vii) ‧見備註/See Remarks 7(d)(i) ‧見備註/See Remarks 7(e)(i) ‧見備註/See Remarks 7(f)(i) ‧見備註/See Remarks 7(g)(i) ‧見備註/See Remarks 7(h)(i) ‧見備註/See Remarks 7(j)(v),
2022-06-19,2022-06-24,,翠景閣第1座 Greenwood Tower 1,5,B1,,15013000,,招標文件支付計劃(BT1X) Payment Plan (BT1X) of Tender Document ‧見備註/See Remarks 7(c)(x)(ii) ‧見備註/See Remarks 7(j)(ii)(a) ‧見備註/See Remarks 7(j)(iv)(a) ‧見備註/See Remarks 7(j)(v) ‧見備註/See Remarks 7(j)(vi)(a) ‧見備註/See Remarks 7(j)(vii)(a),
2022-06-19,2022-06-24,,翠景閣第2座 Greenwood Tower 2,1,A6,,12804000,,招標文件支付計劃(BT1X) Payment Plan (BT1X) of Tender Document ‧見備註/See Remarks 7(c)(x)(ii) ‧見備註/See Remarks 7(j)(ii)(a) ‧見備註/See Remarks 7(j)(iv)(a) ‧見備註/See Remarks 7(j)(v) ‧見備註/See Remarks 7(j)(vi)(a) ‧見備註/See Remarks 7(j)(vii)(a),
2022-06-19,2022-06-24,,翠景閣第6座 Greenwood Tower 6,1,A1,,13555000,,招標文件支付計劃(BT1X) Payment Plan (BT1X) of Tender Document ‧見備註/See Remarks 7(c)(x)(ii) ‧見備註/See Remarks 7(j)(i)(c) ‧見備註/See Remarks 7(j)(ii)(a) ‧見備註/See Remarks 7(j)(iv)(a) ‧見備註/See Remarks 7(j)(v) ‧見備註/See Remarks 7(j)(vi)(a) ‧見備註/See Remarks 7(j)(vii)(a),
2022-06-22,2022-06-29,,翠景閣第1座 Greenwood Tower 1,12,A1,,18520000,,招標文件支付計劃(BT1X) Payment Plan (BT1X) of Tender Document ‧見備註/See Remarks 7(c)(x)(ii) ‧見備註/See Remarks 7(j)(ii)(a) ‧見備註/See Remarks 7(j)(iv)(a) ‧見備註/See Remarks 7(j)(v) ‧見備註/See Remarks 7(j)(vi)(a) ‧見備註/See Remarks 7(j)(vii)(a),
2022-06-24,2022-07-04,,翠景閣第1座 Greenwood Tower 1,11,A1,,9190000,,‧價單第6號 (F2)付款辦法 Payment Plan (F2) of Price List No.6 見備註/See Remarks 7(c)(vii) ‧見備註/See Remarks 7(d)(i) ‧見備註/See Remarks 7(e)(i) ‧見備註/See Remarks 7(f)(i) ‧見備註/See Remarks 7(g)(i) ‧見備註/See Remarks 7(h)(i) ‧見備註/See Remarks 7(j)(v),
2022-06-24,2022-07-04,,翠景閣第1座 Greenwood Tower 1,10,A1,,9330300,,‧價單第6號 (E1)付款辦法 Payment Plan (E1) of Price List No.6 見備註/See Remarks 7(c)(vi) ‧見備註/See Remarks 7(d)(ii) ‧見備註/See Remarks 7(e)(ii) ‧見備註/See Remarks 7(g)(i) ‧見備註/See Remarks 7(h)(i) ‧見備註/See Remarks 7(j)(ii)(a) ‧見備註/See Remarks 7(j)(iii)(a) ‧見備註/See Remarks 7(j)(iv)(a) ‧見備註/See Remarks 7(j)(v),
2022-06-24,2022-07-04,,翠景閣第1座 Greenwood Tower 1,9,A1,,8616300,,‧價單第6號 (A1)付款辦法 Payment Plan (A1) of Price List No.6 見備註/See Remarks 7(c)(i) ‧見備註/See Remarks 7(d)(i) ‧見備註/See Remarks 7(e)(i) ‧見備註/See Remarks 7(f)(i) ‧見備註/See Remarks 7(g)(i) ‧見備註/See Remarks 7(h)(i) ‧見備註/See Remarks 7(j)(v),
2022-06-24,2022-07-04,,翠景閣第1座 Greenwood Tower 1,8,A1,,8999000,,‧價單第6號 (F2)付款辦法 Payment Plan (F2) of Price List No.6 見備註/See Remarks 7(c)(vii) ‧見備註/See Remarks 7(d)(i) ‧見備註/See Remarks 7(e)(i) ‧見備註/See Remarks 7(f)(i) ‧見備註/See Remarks 7(g)(i) ‧見備註/See Remarks 7(h)(i) ‧見備註/See Remarks 7(j)(v),
2022-06-24,2022-07-04,,翠景閣第1座 Greenwood Tower 1,7,A1,,8948500,,‧價單第6號 (F2)付款辦法 Payment Plan (F2) of Price List No.6 見備註/See Remarks 7(c)(vii) ‧見備註/See Remarks 7(d)(i) ‧見備註/See Remarks 7(e)(i) ‧見備註/See Remarks 7(f)(i) ‧見備註/See Remarks 7(g)(i) ‧見備註/See Remarks 7(h)(i) ‧見備註/See Remarks 7(j)(v),
2022-06-24,2022-07-04,,翠景閣第1座 Greenwood Tower 1,6,A1,,8931200,,‧價單第6號 (F2)付款辦法 Payment Plan (F2) of Price List No.6 見備註/See Remarks 7(c)(vii) ‧見備註/See Remarks 7(d)(i) ‧見備註/See Remarks 7(e)(i) ‧見備註/See Remarks 7(f)(i) ‧見備註/See Remarks 7(g)(i) ‧見備註/See Remarks 7(h)(i) ‧見備註/See Remarks 7(j)(v),
2022-06-24,2022-07-04,,翠景閣第1座 Greenwood Tower 1,1,A1,,8997400,,‧價單第6號 (F2)付款辦法 Payment Plan (F2) of Price List No.6 見備註/See Remarks 7(c)(vii) ‧見備註/See Remarks 7(d)(i) ‧見備註/See Remarks 7(e)(i) ‧見備註/See Remarks 7(f)(i) ‧見備註/See Remarks 7(g)(i) ‧見備註/See Remarks 7(h)(i) ‧見備註/See Remarks 7(j)(v),
2022-06-24,2022-07-04,,翠景閣第1座 Greenwood Tower 1,9,A2,,10473800,,‧價單第6號 (F2)付款辦法 Payment Plan (F2) of Price List No.6 見備註/See Remarks 7(c)(vii) ‧見備註/See Remarks 7(d)(i) ‧見備註/See Remarks 7(e)(i) ‧見備註/See Remarks 7(f)(i) ‧見備註/See Remarks 7(g)(i) ‧見備註/See Remarks 7(h)(i) ‧見備註/See Remarks 7(j)(v) ‧見備註/See Remarks 7(j)(vi)(a),
2022-06-24,2022-07-04,,翠景閣第1座 Greenwood Tower 1,8,A2,,10434300,,‧價單第6號 (F2)付款辦法 Payment Plan (F2) of Price List No.6 見備註/See Remarks 7(c)(vii) ‧見備註/See Remarks 7(d)(i) ‧見備註/See Remarks 7(e)(i) ‧見備註/See Remarks 7(f)(i) ‧見備註/See Remarks 7(g)(i) ‧見備註/See Remarks 7(h)(i) ‧見備註/See Remarks 7(j)(v) ‧見備註/See Remarks 7(j)(vi)(a),
2022-06-24,2022-07-04,,翠景閣第1座 Greenwood Tower 1,7,A2,,10414600,,‧價單第6號 (F2)付款辦法 Payment Plan (F2) of Price List No.6 見備註/See Remarks 7(c)(vii) ‧見備註/See Remarks 7(d)(i) ‧見備註/See Remarks 7(e)(i) ‧見備註/See Remarks 7(f)(i) ‧見備註/See Remarks 7(g)(i) ‧見備註/See Remarks 7(h)(i) ‧見備註/See Remarks 7(j)(v) ‧見備註/See Remarks 7(j)(vi)(a),
2022-06-24,2022-07-04,,翠景閣第1座 Greenwood Tower 1,6,A2,,11776900,,‧價單第6號 (D2)付款辦法 Payment Plan (D2) of Price List No.6 See Remarks/見備註 7(c)(v) ‧見備註/See Remarks 7(g)(i) ‧見備註/See Remarks 7(h)(i) ‧見備註/See Remarks 7(j)(i)(b) ‧見備註/See Remarks 7(j)(ii)(a) ‧見備註/See Remarks 7(j)(iv)(a) ‧見備註/See Remarks 7(j)(v) ‧見備註/See Remarks 7(j)(vi)(a),
2022-06-24,2022-07-04,,翠景閣第1座 Greenwood Tower 1,12,A3,,4047200,,‧價單第6號 (A1)付款辦法 Payment Plan (A1) of Price List No.6 見備註/See Remarks 7(c)(i) ‧見備註/See Remarks 7(d)(i) ‧見備註/See Remarks 7(e)(i) ‧見備註/See Remarks 7(f)(i) ‧見備註/See Remarks 7(g)(i) ‧見備註/See Remarks 7(h)(i) ‧見備註/See Remarks 7(j)(v),
2022-06-24,2022-07-04,,翠景閣第1座 Greenwood Tower 1,11,A3,,4388800,,‧價單第6號 (B3X)付款辦法 Payment Plan (B3X) of Price List No.6 見備註/See Remarks 7(c)(ii) ‧見備註/See Remarks 7(d)(ii) ‧見備註/See Remarks 7(e)(iii) ‧見備註/See Remarks 7(g)(i) ‧見備註/See Remarks 7(h)(i) ‧見備註/See Remarks 7(j)(ii)(a) ‧見備註/See Remarks 7(j)(iv)(a) ‧見備註/See Remarks 7(j)(v),
2022-06-24,2022-07-04,,翠景閣第1座 Greenwood Tower 1,10,A3,,3991100,,‧價單第6號 (A1)付款辦法 Payment Plan (A1) of Price List No.6 見備註/See Remarks 7(c)(i) ‧見備註/See Remarks 7(d)(i) ‧見備註/See Remarks 7(e)(i) ‧見備註/See Remarks 7(f)(i) ‧見備註/See Remarks 7(g)(i) ‧見備註/See Remarks 7(h)(i) ‧見備註/See Remarks 7(j)(v),
2022-06-24,2022-07-04,,翠景閣第1座 Greenwood Tower 1,9,A3,,3967300,,‧價單第6號 (A1)付款辦法 Payment Plan (A1) of Price List No.6 見備註/See Remarks 7(c)(i) ‧見備註/See Remarks 7(d)(i) ‧見備註/See Remarks 7(e)(i) ‧見備註/See Remarks 7(f)(i) ‧見備註/See Remarks 7(g)(i) ‧見備註/See Remarks 7(h)(i) ‧見備註/See Remarks 7(j)(v),
2022-06-24,2022-07-04,,翠景閣第1座 Greenwood Tower 1,8,A3,,4310800,,‧價單第6號 (B3X)付款辦法 Payment Plan (B3X) of Price List No.6 見備註/See Remarks 7(c)(ii) ‧見備註/See Remarks 7(d)(ii) ‧見備註/See Remarks 7(e)(iii) ‧見備註/See Remarks 7(g)(i) ‧見備註/See Remarks 7(h)(i) ‧見備註/See Remarks 7(j)(ii)(a) ‧見備註/See Remarks 7(j)(iv)(a) ‧見備註/See Remarks 7(j)(v),
2022-06-24,2022-07-04,,翠景閣第1座 Greenwood Tower 1,7,A3,,4302100,,‧價單第6號 (B3X)付款辦法 Payment Plan (B3X) of Price List No.6 見備註/See Remarks 7(c)(ii) ‧見備註/See Remarks 7(d)(ii) ‧見備註/See Remarks 7(e)(iii) ‧見備註/See Remarks 7(g)(i) ‧見備註/See Remarks 7(h)(i) ‧見備註/See Remarks 7(j)(ii)(a) ‧見備註/See Remarks 7(j)(iv)(a) ‧見備註/See Remarks 7(j)(v),
2022-06-24,2022-07-04,,翠景閣第1座 Greenwood Tower 1,6,A3,,4293600,,‧價單第6號 (B3X)付款辦法 Payment Plan (B3X) of Price List No.6 見備註/See Remarks 7(c)(ii) ‧見備註/See Remarks 7(d)(ii) ‧見備註/See Remarks 7(e)(iii) ‧見備註/See Remarks 7(g)(i) ‧見備註/See Remarks 7(h)(i) ‧見備註/See Remarks 7(j)(ii)(a) ‧見備註/See Remarks 7(j)(iv)(a) ‧見備註/See Remarks 7(j)(v),
2022-06-24,2022-07-04,,翠景閣第1座 Greenwood Tower 1,5,A3,,4284900,,‧價單第6號 (B3X)付款辦法 Payment Plan (B3X) of Price List No.6 見備註/See Remarks 7(c)(ii) ‧見備註/See Remarks 7(d)(ii) ‧見備註/See Remarks 7(e)(iii) ‧見備註/See Remarks 7(g)(i) ‧見備註/See Remarks 7(h)(i) ‧見備註/See Remarks 7(j)(ii)(a) ‧見備註/See Remarks 7(j)(iv)(a) ‧見備註/See Remarks 7(j)(v),
2022-06-24,2022-07-04,,翠景閣第1座 Greenwood Tower 1,3,A3,,4259200,,‧價單第6號 (B3X)付款辦法 Payment Plan (B3X) of Price List No.6 見備註/See Remarks 7(c)(ii) ‧見備註/See Remarks 7(d)(ii) ‧見備註/See Remarks 7(e)(iii) ‧見備註/See Remarks 7(g)(i) ‧見備註/See Remarks 7(h)(i) ‧見備註/See Remarks 7(j)(ii)(a) ‧見備註/See Remarks 7(j)(iv)(a) ‧見備註/See Remarks 7(j)(v),
2022-06-24,2022-07-04,,翠景閣第1座 Greenwood Tower 1,2,A3,,4225200,,‧價單第6號 (B3X)付款辦法 Payment Plan (B3X) of Price List No.6 見備註/See Remarks 7(c)(ii) ‧見備註/See Remarks 7(d)(ii) ‧見備註/See Remarks 7(e)(iii) ‧見備註/See Remarks 7(g)(i) ‧見備註/See Remarks 7(h)(i) ‧見備註/See Remarks 7(j)(ii)(a) ‧見備註/See Remarks 7(j)(iv)(a) ‧見備註/See Remarks 7(j)(v),
2022-06-24,2022-07-04,,翠景閣第1座 Greenwood Tower 1,12,A5,,7981800,,‧價單第6號 (F2)付款辦法 Payment Plan (F2) of Price List No.6 見備註/See Remarks 7(c)(vii) ‧見備註/See Remarks 7(d)(i) ‧見備註/See Remarks 7(e)(i) ‧見備註/See Remarks 7(f)(i) ‧見備註/See Remarks 7(g)(i) ‧見備註/See Remarks 7(h)(i) ‧見備註/See Remarks 7(j)(v),
2022-06-24,2022-07-04,,翠景閣第1座 Greenwood Tower 1,11,A5,,7630800,,‧價單第6號 (F2)付款辦法 Payment Plan (F2) of Price List No.6 見備註/See Remarks 7(c)(vii) ‧見備註/See Remarks 7(d)(i) ‧見備註/See Remarks 7(e)(i) ‧見備註/See Remarks 7(f)(i) ‧見備註/See Remarks 7(g)(i) ‧見備註/See Remarks 7(h)(i) ‧見備註/See Remarks 7(j)(v),
2022-06-24,2022-07-04,,翠景閣第1座 Greenwood Tower 1,10,A5,,7570300,,‧價單第6號 (F2)付款辦法 Payment Plan (F2) of Price List No.6 見備註/See Remarks 7(c)(vii) ‧見備註/See Remarks 7(d)(i) ‧見備註/See Remarks 7(e)(i) ‧見備註/See Remarks 7(f)(i) ‧見備註/See Remarks 7(g)(i) ‧見備註/See Remarks 7(h)(i) ‧見備註/See Remarks 7(j)(v),
2022-06-24,2022-07-04,2026-07-03,翠景閣第1座 Greenwood Tower 1,9,A5,,7525100,,‧價單第6號 (F2)付款辦法 Payment Plan (F2) of Price List No.6 見備註/See Remarks 7(c)(vii) ‧見備註/See Remarks 7(d)(i) ‧見備註/See Remarks 7(e)(i) ‧見備註/See Remarks 7(f)(i) ‧見備註/See Remarks 7(g)(i) ‧見備註/See Remarks 7(h)(i) ‧見備註/See Remarks 7(j)(v),
2022-06-24,2022-07-04,,翠景閣第1座 Greenwood Tower 1,8,A5,,7495100,,‧價單第6號 (F2)付款辦法 Payment Plan (F2) of Price List No.6 見備註/See Remarks 7(c)(vii) ‧見備註/See Remarks 7(d)(i) ‧見備註/See Remarks 7(e)(i) ‧見備註/See Remarks 7(f)(i) ‧見備註/See Remarks 7(g)(i) ‧見備註/See Remarks 7(h)(i) ‧見備註/See Remarks 7(j)(v),
2022-06-24,2022-07-04,,翠景閣第1座 Greenwood Tower 1,7,A5,,7480100,,‧價單第6號 (F2)付款辦法 Payment Plan (F2) of Price List No.6 見備註/See Remarks 7(c)(vii) ‧見備註/See Remarks 7(d)(i) ‧見備註/See Remarks 7(e)(i) ‧見備註/See Remarks 7(f)(i) ‧見備註/See Remarks 7(g)(i) ‧見備註/See Remarks 7(h)(i) ‧見備註/See Remarks 7(j)(v),
2022-06-24,2022-07-04,,翠景閣第1座 Greenwood Tower 1,6,A5,,7465200,,‧價單第6號 (F2)付款辦法 Payment Plan (F2) of Price List No.6 見備註/See Remarks 7(c)(vii) ‧見備註/See Remarks 7(d)(i) ‧見備註/See Remarks 7(e)(i) ‧見備註/See Remarks 7(f)(i) ‧見備註/See Remarks 7(g)(i) ‧見備註/See Remarks 7(h)(i) ‧見備註/See Remarks 7(j)(v),
2022-06-24,2022-07-04,,翠景閣第1座 Greenwood Tower 1,5,A5,,7105800,,‧價單第6號 (A1)付款辦法 Payment Plan (A1) of Price List No.6 見備註/See Remarks 7(c)(i) ‧見備註/See Remarks 7(d)(i) ‧見備註/See Remarks 7(e)(i) ‧見備註/See Remarks 7(f)(i) ‧見備註/See Remarks 7(g)(i) ‧見備註/See Remarks 7(h)(i) ‧見備註/See Remarks 7(j)(v),
2022-06-24,2022-07-04,,翠景閣第1座 Greenwood Tower 1,3,A5,,7405600,,‧價單第6號 (F2)付款辦法 Payment Plan (F2) of Price List No.6 見備註/See Remarks 7(c)(vii) ‧見備註/See Remarks 7(d)(i) ‧見備註/See Remarks 7(e)(i) ‧見備註/See Remarks 7(f)(i) ‧見備註/See Remarks 7(g)(i) ‧見備註/See Remarks 7(h)(i) ‧見備註/See Remarks 7(j)(v),
2022-06-24,2022-07-04,,翠景閣第1座 Greenwood Tower 1,2,A5,,7346300,,‧價單第6號 (F2)付款辦法 Payment Plan (F2) of Price List No.6 見備註/See Remarks 7(c)(vii) ‧見備註/See Remarks 7(d)(i) ‧見備註/See Remarks 7(e)(i) ‧見備註/See Remarks 7(f)(i) ‧見備註/See Remarks 7(g)(i) ‧見備註/See Remarks 7(h)(i) ‧見備註/See Remarks 7(j)(v),
2022-06-24,2022-07-04,,翠景閣第2座 Greenwood Tower 2,11,A2,,11963800,,‧價單第1E號 (F2)付款辦法 Payment Plan (F2) of Price List No.1E 見備註/See Remarks 7(c)(vii) ‧見備註/See Remarks 7(d)(i) ‧見備註/See Remarks 7(e)(i) ‧見備註/See Remarks 7(f)(i) ‧見備註/See Remarks 7(g)(i) ‧見備註/See Remarks 7(h)(i) ‧見備註/See Remarks 7(j)(v) ‧見備註/See Remarks 7(j)(vi)(a),
2022-06-24,2022-07-04,,翠景閣第2座 Greenwood Tower 2,10,A2,,11872600,,‧價單第1E號 (F2)付款辦法 Payment Plan (F2) of Price List No.1E 見備註/See Remarks 7(c)(vii) ‧見備註/See Remarks 7(d)(i) ‧見備註/See Remarks 7(e)(i) ‧見備註/See Remarks 7(f)(i) ‧見備註/See Remarks 7(g)(i) ‧見備註/See Remarks 7(h)(i) ‧見備註/See Remarks 7(j)(v) ‧見備註/See Remarks 7(j)(vi)(a),
2022-06-24,2022-07-04,,翠景閣第2座 Greenwood Tower 2,8,A2,,11654600,,‧價單第1E號 (F2)付款辦法 Payment Plan (F2) of Price List No.1E 見備註/See Remarks 7(c)(vii) ‧見備註/See Remarks 7(d)(i) ‧見備註/See Remarks 7(e)(i) ‧見備註/See Remarks 7(f)(i) ‧見備註/See Remarks 7(g)(i) ‧見備註/See Remarks 7(h)(i) ‧見備註/See Remarks 7(j)(v) ‧見備註/See Remarks 7(j)(vi)(a),
2022-06-24,2022-07-04,,翠景閣第2座 Greenwood Tower 2,12,A5,,4026400,,‧價單第6號 (A1)付款辦法 Payment Plan (A1) of Price List No.6 見備註/See Remarks 7(c)(i) ‧見備註/See Remarks 7(d)(i) ‧見備註/See Remarks 7(e)(i) ‧見備註/See Remarks 7(f)(i) ‧見備註/See Remarks 7(g)(i) ‧見備註/See Remarks 7(h)(i) ‧見備註/See Remarks 7(j)(v),
2022-06-24,2022-07-04,,翠景閣第2座 Greenwood Tower 2,11,A5,,3994900,,‧價單第6號 (A1)付款辦法 Payment Plan (A1) of Price List No.6 見備註/See Remarks 7(c)(i) ‧見備註/See Remarks 7(d)(i) ‧見備註/See Remarks 7(e)(i) ‧見備註/See Remarks 7(f)(i) ‧見備註/See Remarks 7(g)(i) ‧見備註/See Remarks 7(h)(i) ‧見備註/See Remarks 7(j)(v),
2022-06-24,2022-07-04,,翠景閣第2座 Greenwood Tower 2,10,A5,,4323900,,‧價單第6號 (B3X)付款辦法 Payment Plan (B3X) of Price List No.6 見備註/See Remarks 7(c)(ii) ‧見備註/See Remarks 7(d)(ii) ‧見備註/See Remarks 7(e)(iii) ‧見備註/See Remarks 7(g)(i) ‧見備註/See Remarks 7(h)(i) ‧見備註/See Remarks 7(j)(ii)(a) ‧見備註/See Remarks 7(j)(iv)(a) ‧見備註/See Remarks 7(j)(v),
2022-06-24,2022-07-04,,翠景閣第2座 Greenwood Tower 2,9,A5,,4298400,,‧價單第6號 (B3X)付款辦法 Payment Plan (B3X) of Price List No.6 見備註/See Remarks 7(c)(ii) ‧見備註/See Remarks 7(d)(ii) ‧見備註/See Remarks 7(e)(iii) ‧見備註/See Remarks 7(g)(i) ‧見備註/See Remarks 7(h)(i) ‧見備註/See Remarks 7(j)(ii)(a) ‧見備註/See Remarks 7(j)(iv)(a) ‧見備註/See Remarks 7(j)(v),
2022-06-24,2022-07-04,2025-06-12,翠景閣第2座 Greenwood Tower 2,8,A5,,4424300,,‧價單第6號 (C2)付款辦法 Payment Plan (C2) of Price List No.6 See Remarks/見備註 7(c)(iv) ‧見備註/See Remarks 7(d)(ii) ‧見備註/See Remarks 7(e)(iv) ‧見備註/See Remarks 7(g)(i) ‧見備註/See Remarks 7(h)(i) ‧見備註/See Remarks 7(j)(i)(a) ‧見備註/See Remarks 7(j)(ii)(a) ‧見備註/See Remarks 7(j)(iv)(a) ‧見備註/See Remarks 7(j)(v),
2022-06-24,2022-07-04,,翠景閣第2座 Greenwood Tower 2,7,A5,,4273200,,‧價單第6號 (B3X)付款辦法 Payment Plan (B3X) of Price List No.6 見備註/See Remarks 7(c)(ii) ‧見備註/See Remarks 7(d)(ii) ‧見備註/See Remarks 7(e)(iii) ‧見備註/See Remarks 7(g)(i) ‧見備註/See Remarks 7(h)(i) ‧見備註/See Remarks 7(j)(ii)(a) ‧見備註/See Remarks 7(j)(iv)(a) ‧見備註/See Remarks 7(j)(v),
2022-06-24,2022-07-04,,翠景閣第2座 Greenwood Tower 2,6,A5,,4264700,,‧價單第6號 (B3X)付款辦法 Payment Plan (B3X) of Price List No.6 見備註/See Remarks 7(c)(ii) ‧見備註/See Remarks 7(d)(ii) ‧見備註/See Remarks 7(e)(iii) ‧見備註/See Remarks 7(g)(i) ‧見備註/See Remarks 7(h)(i) ‧見備註/See Remarks 7(j)(ii)(a) ‧見備註/See Remarks 7(j)(iv)(a) ‧見備註/See Remarks 7(j)(v),
2022-06-24,2022-07-04,,翠景閣第2座 Greenwood Tower 2,5,A5,,4256300,,‧價單第6號 (B3X)付款辦法 Payment Plan (B3X) of Price List No.6 見備註/See Remarks 7(c)(ii) ‧見備註/See Remarks 7(d)(ii) ‧見備註/See Remarks 7(e)(iii) ‧見備註/See Remarks 7(g)(i) ‧見備註/See Remarks 7(h)(i) ‧見備註/See Remarks 7(j)(ii)(a) ‧見備註/See Remarks 7(j)(iv)(a) ‧見備註/See Remarks 7(j)(v),
2022-06-24,2022-07-04,,翠景閣第2座 Greenwood Tower 2,3,A5,,4231100,,‧價單第6號 (B3X)付款辦法 Payment Plan (B3X) of Price List No.6 見備註/See Remarks 7(c)(ii) ‧見備註/See Remarks 7(d)(ii) ‧見備註/See Remarks 7(e)(iii) ‧見備註/See Remarks 7(g)(i) ‧見備註/See Remarks 7(h)(i) ‧見備註/See Remarks 7(j)(ii)(a) ‧見備註/See Remarks 7(j)(iv)(a) ‧見備註/See Remarks 7(j)(v),
2022-06-24,2022-07-04,,翠景閣第2座 Greenwood Tower 2,2,A5,,3847800,,‧價單第6號 (A1)付款辦法 Payment Plan (A1) of Price List No.6 見備註/See Remarks 7(c)(i) ‧見備註/See Remarks 7(d)(i) ‧見備註/See Remarks 7(e)(i) ‧見備註/See Remarks 7(f)(i) ‧見備註/See Remarks 7(g)(i) ‧見備註/See Remarks 7(h)(i) ‧見備註/See Remarks 7(j)(v),
2022-06-24,2022-07-04,,翠景閣第2座 Greenwood Tower 2,12,B1,,7419400,,‧價單第6號 (E1)付款辦法 Payment Plan (E1) of Price List No.6 見備註/See Remarks 7(c)(vi) ‧見備註/See Remarks 7(d)(ii) ‧見備註/See Remarks 7(e)(ii) ‧見備註/See Remarks 7(g)(i) ‧見備註/See Remarks 7(h)(i) ‧見備註/See Remarks 7(j)(ii)(a) ‧見備註/See Remarks 7(j)(iii)(a) ‧見備註/See Remarks 7(j)(iv)(a) ‧見備註/See Remarks 7(j)(v),
2022-06-24,2022-07-04,,翠景閣第2座 Greenwood Tower 2,11,B1,,7118100,,‧價單第6號 (B3X)付款辦法 Payment Plan (B3X) of Price List No.6 見備註/See Remarks 7(c)(ii) ‧見備註/See Remarks 7(d)(ii) ‧見備註/See Remarks 7(e)(iii) ‧見備註/See Remarks 7(g)(i) ‧見備註/See Remarks 7(h)(i) ‧見備註/See Remarks 7(j)(ii)(a) ‧見備註/See Remarks 7(j)(iv)(a) ‧見備註/See Remarks 7(j)(v),
2022-06-24,2022-07-04,,翠景閣第2座 Greenwood Tower 2,10,B1,,7075700,,‧價單第6號 (B3X)付款辦法 Payment Plan (B3X) of Price List No.6 見備註/See Remarks 7(c)(ii) ‧見備註/See Remarks 7(d)(ii) ‧見備註/See Remarks 7(e)(iii) ‧見備註/See Remarks 7(g)(i) ‧見備註/See Remarks 7(h)(i) ‧見備註/See Remarks 7(j)(ii)(a) ‧見備註/See Remarks 7(j)(iv)(a) ‧見備註/See Remarks 7(j)(v),
2022-06-24,2022-07-04,,翠景閣第2座 Greenwood Tower 2,9,B1,,7033500,,‧價單第6號 (B3X)付款辦法 Payment Plan (B3X) of Price List No.6 見備註/See Remarks 7(c)(ii) ‧見備註/See Remarks 7(d)(ii) ‧見備註/See Remarks 7(e)(iii) ‧見備註/See Remarks 7(g)(i) ‧見備註/See Remarks 7(h)(i) ‧見備註/See Remarks 7(j)(ii)(a) ‧見備註/See Remarks 7(j)(iv)(a) ‧見備註/See Remarks 7(j)(v),
2022-06-24,2022-07-04,,翠景閣第2座 Greenwood Tower 2,8,B1,,7005400,,‧價單第6號 (B3X)付款辦法 Payment Plan (B3X) of Price List No.6 見備註/See Remarks 7(c)(ii) ‧見備註/See Remarks 7(d)(ii) ‧見備註/See Remarks 7(e)(iii) ‧見備註/See Remarks 7(g)(i) ‧見備註/See Remarks 7(h)(i) ‧見備註/See Remarks 7(j)(ii)(a) ‧見備註/See Remarks 7(j)(iv)(a) ‧見備註/See Remarks 7(j)(v),
2022-06-24,2022-07-04,,翠景閣第3座 Greenwood Tower 3,12,A6,,7886100,,‧價單第5B號 (A1)付款辦法 Payment Plan (A1) of Price List No.5B 見備註/See Remarks 7(c)(i) ‧見備註/See Remarks 7(d)(i) ‧見備註/See Remarks 7(e)(i) ‧見備註/See Remarks 7(f)(i) ‧見備註/See Remarks 7(g)(i) ‧見備註/See Remarks 7(h)(i) ‧見備註/See Remarks 7(j)(v),
2022-06-24,2022-07-04,,翠景閣第5座 Greenwood Tower 5,12,B6,,7878700,,‧價單第6號 (A1)付款辦法 Payment Plan (A1) of Price List No.6 見備註/See Remarks 7(c)(i) ‧見備註/See Remarks 7(d)(i) ‧見備註/See Remarks 7(e)(i) ‧見備註/See Remarks 7(f)(i) ‧見備註/See Remarks 7(g)(i) ‧見備註/See Remarks 7(h)(i) ‧見備註/See Remarks 7(j)(v),
2022-06-24,2022-07-04,,翠景閣第5座 Greenwood Tower 5,11,B6,,7965400,,‧價單第6號 (F2)付款辦法 Payment Plan (F2) of Price List No.6 見備註/See Remarks 7(c)(vii) ‧見備註/See Remarks 7(d)(i) ‧見備註/See Remarks 7(e)(i) ‧見備註/See Remarks 7(f)(i) ‧見備註/See Remarks 7(g)(i) ‧見備註/See Remarks 7(h)(i) ‧見備註/See Remarks 7(j)(v),
2022-06-24,2022-07-04,,翠景閣第5座 Greenwood Tower 5,10,B6,,7917900,,‧價單第6號 (F2)付款辦法 Payment Plan (F2) of Price List No.6 見備註/See Remarks 7(c)(vii) ‧見備註/See Remarks 7(d)(i) ‧見備註/See Remarks 7(e)(i) ‧見備註/See Remarks 7(f)(i) ‧見備註/See Remarks 7(g)(i) ‧見備註/See Remarks 7(h)(i) ‧見備註/See Remarks 7(j)(v),
2022-06-24,2022-07-04,,翠景閣第5座 Greenwood Tower 5,9,B6,,7870700,,‧價單第6號 (F2)付款辦法 Payment Plan (F2) of Price List No.6 見備註/See Remarks 7(c)(vii) ‧見備註/See Remarks 7(d)(i) ‧見備註/See Remarks 7(e)(i) ‧見備註/See Remarks 7(f)(i) ‧見備註/See Remarks 7(g)(i) ‧見備註/See Remarks 7(h)(i) ‧見備註/See Remarks 7(j)(v),
2022-06-24,2022-07-04,,翠景閣第5座 Greenwood Tower 5,8,B6,,7476800,,‧價單第6號 (A1)付款辦法 Payment Plan (A1) of Price List No.6 見備註/See Remarks 7(c)(i) ‧見備註/See Remarks 7(d)(i) ‧見備註/See Remarks 7(e)(i) ‧見備註/See Remarks 7(f)(i) ‧見備註/See Remarks 7(g)(i) ‧見備註/See Remarks 7(h)(i) ‧見備註/See Remarks 7(j)(v),
2022-06-24,2022-07-04,,翠景閣第5座 Greenwood Tower 5,7,B6,,7823700,,‧價單第6號 (F2)付款辦法 Payment Plan (F2) of Price List No.6 見備註/See Remarks 7(c)(vii) ‧見備註/See Remarks 7(d)(i) ‧見備註/See Remarks 7(e)(i) ‧見備註/See Remarks 7(f)(i) ‧見備註/See Remarks 7(g)(i) ‧見備註/See Remarks 7(h)(i) ‧見備註/See Remarks 7(j)(v),
2022-06-24,2022-07-04,,翠景閣第5座 Greenwood Tower 5,6,B6,,7808000,,‧價單第6號 (F2)付款辦法 Payment Plan (F2) of Price List No.6 見備註/See Remarks 7(c)(vii) ‧見備註/See Remarks 7(d)(i) ‧見備註/See Remarks 7(e)(i) ‧見備註/See Remarks 7(f)(i) ‧見備註/See Remarks 7(g)(i) ‧見備註/See Remarks 7(h)(i) ‧見備註/See Remarks 7(j)(v),
2022-06-24,2022-07-04,,翠景閣第5座 Greenwood Tower 5,5,B6,,7792500,,‧價單第6號 (F2)付款辦法 Payment Plan (F2) of Price List No.6 見備註/See Remarks 7(c)(vii) ‧見備註/See Remarks 7(d)(i) ‧見備註/See Remarks 7(e)(i) ‧見備註/See Remarks 7(f)(i) ‧見備註/See Remarks 7(g)(i) ‧見備註/See Remarks 7(h)(i) ‧見備註/See Remarks 7(j)(v),
2022-06-24,2022-07-04,,翠景閣第5座 Greenwood Tower 5,3,B6,,7776800,,‧價單第6號 (F2)付款辦法 Payment Plan (F2) of Price List No.6 見備註/See Remarks 7(c)(vii) ‧見備註/See Remarks 7(d)(i) ‧見備註/See Remarks 7(e)(i) ‧見備註/See Remarks 7(f)(i) ‧見備註/See Remarks 7(g)(i) ‧見備註/See Remarks 7(h)(i) ‧見備註/See Remarks 7(j)(v),
2022-06-24,2022-07-04,,翠景閣第5座 Greenwood Tower 5,2,B6,,7387600,,‧價單第6號 (A1)付款辦法 Payment Plan (A1) of Price List No.6 見備註/See Remarks 7(c)(i) ‧見備註/See Remarks 7(d)(i) ‧見備註/See Remarks 7(e)(i) ‧見備註/See Remarks 7(f)(i) ‧見備註/See Remarks 7(g)(i) ‧見備註/See Remarks 7(h)(i) ‧見備註/See Remarks 7(j)(v),
2022-06-24,2022-07-04,,翠景閣第5座 Greenwood Tower 5,1,B6,,7538400,,‧價單第6號 (A1)付款辦法 Payment Plan (A1) of Price List No.6 見備註/See Remarks 7(c)(i) ‧見備註/See Remarks 7(d)(i) ‧見備註/See Remarks 7(e)(i) ‧見備註/See Remarks 7(f)(i) ‧見備註/See Remarks 7(g)(i) ‧見備註/See Remarks 7(h)(i) ‧見備註/See Remarks 7(j)(v),
2022-06-24,2022-07-04,,翠景閣第6座 Greenwood Tower 6,10,A2,,11918800,,‧價單第1E號 (F2)付款辦法 Payment Plan (F2) of Price List No.1E 見備註/See Remarks 7(c)(vii) ‧見備註/See Remarks 7(d)(i) ‧見備註/See Remarks 7(e)(i) ‧見備註/See Remarks 7(f)(i) ‧見備註/See Remarks 7(g)(i) ‧見備註/See Remarks 7(h)(i) ‧見備註/See Remarks 7(j)(v) ‧見備註/See Remarks 7(j)(vi)(a),
2022-06-24,2022-07-04,,翠景閣第6座 Greenwood Tower 6,6,A2,,12028200,,‧價單第1E號 (E1)付款辦法 Payment Plan (E1) of Price List No.1E 見備註/See Remarks 7(c)(vi) ‧見備註/See Remarks 7(d)(ii) ‧見備註/See Remarks 7(e)(ii) ‧見備註/See Remarks 7(g)(i) ‧見備註/See Remarks 7(h)(i) ‧見備註/See Remarks 7(j)(ii)(a) ‧見備註/See Remarks 7(j)(iii)(a) ‧見備註/See Remarks 7(j)(iv)(a) ‧見備註/See Remarks 7(j)(v) ‧見備註/See Remarks 7(j)(vi)(a),
2022-06-24,2022-07-04,,翠景閣第6座 Greenwood Tower 6,11,A8,,10371600,,‧價單第5B號 (F2)付款辦法 Payment Plan (F2) of Price List No.5B 見備註/See Remarks 7(c)(vii) ‧見備註/See Remarks 7(d)(i) ‧見備註/See Remarks 7(e)(i) ‧見備註/See Remarks 7(f)(i) ‧見備註/See Remarks 7(g)(i) ‧見備註/See Remarks 7(h)(i) ‧見備註/See Remarks 7(j)(v) ‧見備註/See Remarks 7(j)(vi)(a),
2022-06-24,2022-07-04,,翠景閣第6座 Greenwood Tower 6,10,A8,,10312200,,‧價單第5B號 (F2)付款辦法 Payment Plan (F2) of Price List No.5B 見備註/See Remarks 7(c)(vii) ‧見備註/See Remarks 7(d)(i) ‧見備註/See Remarks 7(e)(i) ‧見備註/See Remarks 7(f)(i) ‧見備註/See Remarks 7(g)(i) ‧見備註/See Remarks 7(h)(i) ‧見備註/See Remarks 7(j)(v) ‧見備註/See Remarks 7(j)(vi)(a),
2022-06-24,2022-07-04,,翠景閣第6座 Greenwood Tower 6,6,A8,,10017700,,‧價單第5B號 (F2)付款辦法 Payment Plan (F2) of Price List No.5B 見備註/See Remarks 7(c)(vii) ‧見備註/See Remarks 7(d)(i) ‧見備註/See Remarks 7(e)(i) ‧見備註/See Remarks 7(f)(i) ‧見備註/See Remarks 7(g)(i) ‧見備註/See Remarks 7(h)(i) ‧見備註/See Remarks 7(j)(v) ‧見備註/See Remarks 7(j)(vi)(a),
2022-06-24,2022-07-04,,翠景閣第6座 Greenwood Tower 6,5,A8,,9998100,,‧價單第5B號 (F2)付款辦法 Payment Plan (F2) of Price List No.5B 見備註/See Remarks 7(c)(vii) ‧見備註/See Remarks 7(d)(i) ‧見備註/See Remarks 7(e)(i) ‧見備註/See Remarks 7(f)(i) ‧見備註/See Remarks 7(g)(i) ‧見備註/See Remarks 7(h)(i) ‧見備註/See Remarks 7(j)(v) ‧見備註/See Remarks 7(j)(vi)(a),
2022-06-24,2022-07-04,,翠景閣第6座 Greenwood Tower 6,9,B2,,10843300,,‧價單第4C號 (F2)付款辦法 Payment Plan (F2) of Price List No.4C 見備註/See Remarks 7(c)(vii) ‧見備註/See Remarks 7(d)(i) ‧見備註/See Remarks 7(e)(i) ‧見備註/See Remarks 7(f)(i) ‧見備註/See Remarks 7(g)(i) ‧見備註/See Remarks 7(h)(i) ‧見備註/See Remarks 7(j)(v) ‧見備註/See Remarks 7(j)(vi)(a),
2022-06-24,2022-07-04,,翠景閣第6座 Greenwood Tower 6,8,B2,,10803300,,‧價單第4C號 (F2)付款辦法 Payment Plan (F2) of Price List No.4C 見備註/See Remarks 7(c)(vii) ‧見備註/See Remarks 7(d)(i) ‧見備註/See Remarks 7(e)(i) ‧見備註/See Remarks 7(f)(i) ‧見備註/See Remarks 7(g)(i) ‧見備註/See Remarks 7(h)(i) ‧見備註/See Remarks 7(j)(v) ‧見備註/See Remarks 7(j)(vi)(a),
2022-06-24,2022-07-04,,翠景閣第6座 Greenwood Tower 6,7,B2,,10521100,,‧價單第6號 (F2)付款辦法 Payment Plan (F2) of Price List No.6 見備註/See Remarks 7(c)(vii) ‧見備註/See Remarks 7(d)(i) ‧見備註/See Remarks 7(e)(i) ‧見備註/See Remarks 7(f)(i) ‧見備註/See Remarks 7(g)(i) ‧見備註/See Remarks 7(h)(i) ‧見備註/See Remarks 7(j)(v) ‧見備註/See Remarks 7(j)(vi)(a),
2022-06-25,2022-07-04,,翠景閣第2座 Greenwood Tower 2,9,A2,,11699800,,‧價單第1E號 (F2)付款辦法 Payment Plan (F2) of Price List No.1E 見備註/See Remarks 7(c)(vii) ‧見備註/See Remarks 7(d)(i) ‧見備註/See Remarks 7(e)(i) ‧見備註/See Remarks 7(f)(i) ‧見備註/See Remarks 7(g)(i) ‧見備註/See Remarks 7(h)(i) ‧見備註/See Remarks 7(j)(v) ‧見備註/See Remarks 7(j)(vi)(a),
2022-06-27,2022-07-05,,翠景閣第2座 Greenwood Tower 2,7,A2,,11094100,,‧價單第1E號 (A1)付款辦法 Payment Plan (A1) of Price List No.1E 見備註/See Remarks 7(c)(i) ‧見備註/See Remarks 7(d)(i) ‧見備註/See Remarks 7(e)(i) ‧見備註/See Remarks 7(f)(i) ‧見備註/See Remarks 7(g)(i) ‧見備註/See Remarks 7(h)(i) ‧見備註/See Remarks 7(j)(v) ‧見備註/See Remarks 7(j)(vi)(a),
2022-06-29,2022-07-07,,翠景閣第2座 Greenwood Tower 2,12,A1,,19750016,,招標文件支付計劃(BT1X) Payment Plan (BT1X) of Tender Document ‧見備註/See Remarks 7(c)(x)(ii) ‧見備註/See Remarks 7(j)(ii)(a) ‧見備註/See Remarks 7(j)(iv)(a) ‧見備註/See Remarks 7(j)(v) ‧見備註/See Remarks 7(j)(vi)(a) ‧見備註/See Remarks 7(j)(vii)(a),
2022-07-08,2022-07-15,,翠景閣第6座 Greenwood Tower 6,1,A2,,13319800,,招標文件支付計劃(BT1X) Payment Plan (BT1X) of Tender Document ‧見備註/See Remarks 7(c)(x)(ii) ‧見備註/See Remarks 7(j)(ii)(a) ‧見備註/See Remarks 7(j)(iv)(a) ‧見備註/See Remarks 7(j)(v) ‧見備註/See Remarks 7(j)(vi)(a) ‧見備註/See Remarks 7(j)(vii)(a),
2022-07-12,2022-07-19,,翠景閣第6座 Greenwood Tower 6,1,B2,,12706250,,招標文件支付計劃(BT1X) Payment Plan (BT1X) of Tender Document ‧見備註/See Remarks 7(c)(x)(ii) ‧見備註/See Remarks 7(j)(ii)(a) ‧見備註/See Remarks 7(j)(iv)(a) ‧見備註/See Remarks 7(j)(v) ‧見備註/See Remarks 7(j)(vi)(a) ‧見備註/See Remarks 7(j)(vii)(a),
2022-07-15,2022-07-22,,翠景閣第1座 Greenwood Tower 1,2,B1,,14245000,,招標文件支付計劃(BT1X) Payment Plan (BT1X) of Tender Document ‧見備註/See Remarks 7(c)(x)(ii) ‧見備註/See Remarks 7(j)(ii)(a) ‧見備註/See Remarks 7(j)(iv)(a) ‧見備註/See Remarks 7(j)(v) ‧見備註/See Remarks 7(j)(vi)(a) ‧見備註/See Remarks 7(j)(vii)(a),
2025-10-16,2025-10-23,,翠景閣第3座 Greenwood Tower 3,9,B2,RC033,7618000,,招標文件支付計劃(FT1) Payment Plan (FT1) of Tender Document ‧見備註/See Remarks 7(c)(x)(iv) ‧見備註/See Remarks 7(j)(ix)(a) ‧見備註/See Remarks 7(j)(iv)(c) ‧見備註/See Remarks 7(j)(v) ‧見備註/See Remarks 7(j)(vii)(a),
2025-10-17,2025-10-24,,翠景閣第1座 Greenwood Tower 1,1,B3,RB025,7830000,,招標文件支付計劃(FT1) Payment Plan (FT1) of Tender Document ‧見備註/See Remarks 7(c)(x)(iv) ‧見備註/See Remarks 7(j)(ix)(a) ‧見備註/See Remarks 7(j)(iv)(c) ‧見備註/See Remarks 7(j)(v) ‧見備註/See Remarks 7(j)(vii)(a),
2025-10-23,2025-10-31,,翠景閣第3座 Greenwood Tower 3,9,B3,RC020,7874000,,招標文件支付計劃(FT1) Payment Plan (FT1) of Tender Document ‧見備註/See Remarks 7(c)(x)(iv) ‧見備註/See Remarks 7(j)(ix)(a) ‧見備註/See Remarks 7(j)(iv)(c) ‧見備註/See Remarks 7(j)(v) ‧見備註/See Remarks 7(j)(vii)(a),
2025-10-31,2025-11-07,,翠景閣第1座 Greenwood Tower 1,10,B1,RC043,13913000,,招標文件支付計劃(FT1) Payment Plan (FT1) of Tender Document ‧見備註/See Remarks 7(c)(x)(iv) ‧見備註/See Remarks 7(j)(ix)(a) ‧見備註/See Remarks 7(j)(iv)(c) ‧見備註/See Remarks 7(j)(v) ‧見備註/See Remarks 7(j)(vii)(a),
2025-10-31,2025-11-07,,翠景閣第1座 Greenwood Tower 1,11,B5,,6517200,,招標文件支付計劃(FT1) Payment Plan (FT1) of Tender Document ‧見備註/See Remarks 7(c)(x)(iv) ‧見備註/See Remarks 7(j)(ix)(a) ‧見備註/See Remarks 7(j)(iv)(c) ‧見備註/See Remarks 7(j)(v) ‧見備註/See Remarks 7(j)(vii)(a),
2025-10-31,2025-11-07,,翠景閣第3座 Greenwood Tower 3,1,B3,RB022,6891000,,招標文件支付計劃(FT1) Payment Plan (FT1) of Tender Document ‧見備註/See Remarks 7(c)(x)(iv) ‧見備註/See Remarks 7(j)(ix)(a) ‧見備註/See Remarks 7(j)(iv)(c) ‧見備註/See Remarks 7(j)(v) ‧見備註/See Remarks 7(j)(vii)(a),
2026-01-20,2026-01-27,,翠景閣第1座 Greenwood Tower 1,12,B1,RC043A,17122920,,招標文件支付計劃(FT1) Payment Plan (FT1) of Tender Document ‧見備註/See Remarks 7(c)(x)(iv) ‧見備註/See Remarks 7(j)(ix)(a) ‧見備註/See Remarks 7(j)(iv)(c) ‧見備註/See Remarks 7(j)(v) ‧見備註/See Remarks 7(j)(vii)(a),
2026-07-22,2026-07-29,,翠景閣第1座 Greenwood Tower 1,9,A5,RA061,8443800,,招標文件支付計劃(HT1) Payment Plan (HT1) of Tender Document ‧見備註/See Remarks 7(c)(x)(v) ‧見備註/See Remarks 7(j)(ix)(b) ‧見備註/See Remarks 7(j)(iv)(c) ‧見備註/See Remarks 7(j)(v) ‧見備註/See Remarks 7(j)(vii)(a),
2026-07-22,2026-07-29,,翠景閣第1座 Greenwood Tower 1,6,B3,,7480000,,招標文件支付計劃(HT1) Payment Plan (HT1) of Tender Document ‧見備註/See Remarks 7(c)(x)(v) ‧見備註/See Remarks 7(j)(ix)(b) ‧見備註/See Remarks 7(j)(iv)(c) ‧見備註/See Remarks 7(j)(v) ‧見備註/See Remarks 7(j)(vii)(a),
2026-07-22,2026-07-29,,翠景閣第1座 Greenwood Tower 1,2,B5,RA093,7752000,,招標文件支付計劃(HT1) Payment Plan (HT1) of Tender Document ‧見備註/See Remarks 7(c)(x)(v) ‧見備註/See Remarks 7(j)(ix)(b) ‧見備註/See Remarks 7(j)(iv)(c) ‧見備註/See Remarks 7(j)(v) ‧見備註/See Remarks 7(j)(vii)(a),
2026-07-22,2026-07-29,,翠景閣第1座 Greenwood Tower 1,1,B5,,6381000,,招標文件支付計劃(HT1) Payment Plan (HT1) of Tender Document ‧見備註/See Remarks 7(c)(x)(v) ‧見備註/See Remarks 7(j)(ix)(b) ‧見備註/See Remarks 7(j)(iv)(c) ‧見備註/See Remarks 7(j)(v) ‧見備註/See Remarks 7(j)(vii)(a),
2026-07-22,2026-07-29,,翠景閣第2座 Greenwood Tower 2,3,A6,RA128,8786000,,招標文件支付計劃(HT1) Payment Plan (HT1) of Tender Document ‧見備註/See Remarks 7(c)(x)(v) ‧見備註/See Remarks 7(j)(ix)(b) ‧見備註/See Remarks 7(j)(iv)(c) ‧見備註/See Remarks 7(j)(v) ‧見備註/See Remarks 7(j)(vii)(a),
2026-07-22,2026-07-29,,翠景閣第2座 Greenwood Tower 2,2,B2,,6357500,,招標文件支付計劃(HT1) Payment Plan (HT1) of Tender Document ‧見備註/See Remarks 7(c)(x)(v) ‧見備註/See Remarks 7(j)(ix)(b) ‧見備註/See Remarks 7(j)(iv)(c) ‧見備註/See Remarks 7(j)(v) ‧見備註/See Remarks 7(j)(vii)(a),
