pasp,asp,terminated,block,floor,unit,carpark,price,revision,terms,related
2022-08-06,2022-08-12,2023-02-21,A,1,18,,3034000,,價單第3號 (B1)付款辦法 Payment Method (B1) of Price List No.3 依照售價減 6.5%(93.5%) 6.5% discount from the price (93.5%) 首3年保修優惠 First 3 Years Warranty Offer,
2022-08-06,2022-08-12,,A,1,20,,6057800,,價單第2號 (B1)付款辦法 Payment Method (B1) of Price List No.2 依照售價減 6.5%(93.5%) 6.5% discount from the price (93.5%) 首3年保修優惠 First 3 Years Warranty Offer,
2022-08-06,2022-08-12,,A,2,1,,8386900,"在11-11-2022，基於法例第35 (2)(b)條所容許的原因，售價更改 為$8,476,600 On 11-11-2022, the price adjusted to $8,476,600 due to the reason allowed under section 35(2)(b) of the Ordinance","價單第3號 (B1)付款辦法 Payment Method (B1) of Price List No.3 依照售價減 6.5%(93.5%) 6.5% discount from the price (93.5%) 首3年保修優惠 First 3 Years Warranty Offer 在11-11-2022，支付條款更改為 On 11-11-2022, the terms of payment adjusted to 價單第3號 (B2)付款辦法 Payment Method (B2) of Price List No.3 依照售價減 5.5%(94.5%) 5.5% discount from the price (94.5%) 首3年保修優惠 First 3 Years Warranty Offer",
2022-08-06,2022-08-12,,A,2,18,,3087300,"在02-09-2022，基於法例第35 (2)(b)條所容許的原因，售價更改 為$3,038,300 On 02-09-2022, the price adjusted to $3,038,300 due to the reason allowed under section 35(2)(b) of the Ordinance","價單第3號 (B2)付款辦法 Payment Method (B2) of Price List No.3 依照售價減 5.5%(94.5%) 5.5% discount from the price (94.5%) 首3年保修優惠 First 3 Years Warranty Offer 在02-09-2022，支付條款更改為 On 02-09-2022, the terms of payment adjusted to 價單第3號 (A1)付款辦法 Payment Method (A1) of Price List No.3 依照售價減 7%(93%) 7% discount from the price (93%) 首3年保修優惠 First 3 Years Warranty Offer",
2022-08-06,2022-08-12,,A,2,20,,6084900,,價單第2號 (B1)付款辦法 Payment Method (B1) of Price List No.2 依照售價減 6.5%(93.5%) 6.5% discount from the price (93.5%) 首3年保修優惠 First 3 Years Warranty Offer,
2022-08-06,2022-08-12,,A,3,1,,8416800,,價單第3號 (B1)付款辦法 Payment Method (B1) of Price List No.3 依照售價減 6.5%(93.5%) 6.5% discount from the price (93.5%) 首3年保修優惠 First 3 Years Warranty Offer,
2022-08-06,2022-08-12,2023-02-20,A,3,5,,4261700,,價單第3號 (B1)付款辦法 Payment Method (B1) of Price List No.3 依照售價減 6.5%(93.5%) 6.5% discount from the price (93.5%) 首3年保修優惠 First 3 Years Warranty Offer,
2022-08-06,2022-08-12,,A,3,9,,2977900,,價單第1號 (B1)付款辦法 Payment Method (B1) of Price List No.1 依照售價減 6.5%(93.5%) 6.5% discount from the price (93.5%) 首3年保修優惠 First 3 Years Warranty Offer,
2022-08-06,2022-08-12,,A,3,18,,3108100,,價單第3號 (B2)付款辦法 Payment Method (B2) of Price List No.3 依照售價減 5.5%(94.5%) 5.5% discount from the price (94.5%) 首3年保修優惠 First 3 Years Warranty Offer,
2022-08-06,2022-08-12,,A,3,20,,6103600,,價單第2號 (B1)付款辦法 Payment Method (B1) of Price List No.2 依照售價減 6.5%(93.5%) 6.5% discount from the price (93.5%) 首3年保修優惠 First 3 Years Warranty Offer,
2022-08-06,2022-08-12,,A,5,5,,4256600,,價單第3號 (A1)付款辦法 Payment Method (A1) of Price List No.3 依照售價減 7%(93%) 7% discount from the price (93%) 首3年保修優惠 First 3 Years Warranty Offer,
2022-08-06,,,A,5,9,,2970400,,價單第1號 (A1)付款辦法 Payment Method (A1) of Price List No.1 依照售價減 7%(93%) 7% discount from the price (93%) 首3年保修優惠 First 3 Years Warranty Offer,
2022-08-06,2022-08-12,,A,5,10,,4442100,,價單第3號 (B1)付款辦法 Payment Method (B1) of Price List No.3 依照售價減 6.5%(93.5%) 6.5% discount from the price (93.5%) 首3年保修優惠 First 3 Years Warranty Offer,
2022-08-06,2022-08-12,,A,5,18,,3085500,,價單第3號 (B1)付款辦法 Payment Method (B1) of Price List No.3 依照售價減 6.5%(93.5%) 6.5% discount from the price (93.5%) 首3年保修優惠 First 3 Years Warranty Offer,
2022-08-06,2022-08-12,,A,5,20,,6113000,,價單第2號 (B1)付款辦法 Payment Method (B1) of Price List No.2 依照售價減 6.5%(93.5%) 6.5% discount from the price (93.5%) 首3年保修優惠 First 3 Years Warranty Offer,
2022-08-06,2022-08-12,,A,6,5,,4269600,,價單第3號 (A1)付款辦法 Payment Method (A1) of Price List No.3 依照售價減 7%(93%) 7% discount from the price (93%) 首3年保修優惠 First 3 Years Warranty Offer,
2022-08-06,,,A,6,9,,3002900,,價單第1號 (A1)付款辦法 Payment Method (A1) of Price List No.1 依照售價減 7%(93%) 7% discount from the price (93%) 首3年保修優惠 First 3 Years Warranty Offer,
2022-08-06,2022-08-12,,A,6,10,,4456200,,價單第3號 (B1)付款辦法 Payment Method (B1) of Price List No.3 依照售價減 6.5%(93.5%) 6.5% discount from the price (93.5%) 首3年保修優惠 First 3 Years Warranty Offer,
2022-08-06,2022-08-12,,A,6,18,,3079200,,價單第3號 (A1)付款辦法 Payment Method (A1) of Price List No.3 依照售價減 7%(93%) 7% discount from the price (93%) 首3年保修優惠 First 3 Years Warranty Offer,
2022-08-06,2022-08-12,,A,6,20,,6130700,,價單第2號 (B1)付款辦法 Payment Method (B1) of Price List No.2 依照售價減 6.5%(93.5%) 6.5% discount from the price (93.5%) 首3年保修優惠 First 3 Years Warranty Offer,
2022-08-06,2022-08-12,,A,7,5,,4304700,,價單第3號 (B1)付款辦法 Payment Method (B1) of Price List No.3 依照售價減 6.5%(93.5%) 6.5% discount from the price (93.5%) 首3年保修優惠 First 3 Years Warranty Offer,
2022-08-06,2022-08-12,,A,7,6,,4150400,,價單第3號 (B1)付款辦法 Payment Method (B1) of Price List No.3 依照售價減 6.5%(93.5%) 6.5% discount from the price (93.5%) 首3年保修優惠 First 3 Years Warranty Offer,
2022-08-06,2022-08-12,,A,7,7,,4155100,,價單第3號 (B1)付款辦法 Payment Method (B1) of Price List No.3 依照售價減 6.5%(93.5%) 6.5% discount from the price (93.5%) 首3年保修優惠 First 3 Years Warranty Offer,
2022-08-06,2022-08-12,,A,7,9,,3029400,"在23-11-2022，基於法例第35 (2)(b)條所容許的原因，售價更改 為$3,061,800 On 23-11-2022, the price adjusted to $3,061,800 due to the reason allowed under section 35(2)(b) of the Ordinance","價單第1號 (B1)付款辦法 Payment Method (B1) of Price List No.1 依照售價減 6.5%(93.5%) 6.5% discount from the price (93.5%) 首3年保修優惠 First 3 Years Warranty Offer 在23-11-2022，支付條款更改為 On 23-11-2022, the terms of payment adjusted to 價單第1號 (B2)付款辦法 Payment Method (B2) of Price List No.1 依照售價減 5.5%(94.5%) 5.5% discount from the price (94.5%) 首3年保修優惠 First 3 Years Warranty Offer",
2022-08-06,2022-08-12,,A,7,10,,4470200,,價單第3號 (B1)付款辦法 Payment Method (B1) of Price List No.3 依照售價減 6.5%(93.5%) 6.5% discount from the price (93.5%) 首3年保修優惠 First 3 Years Warranty Offer,
2022-08-06,2022-08-12,,A,7,18,,3106000,,價單第3號 (B1)付款辦法 Payment Method (B1) of Price List No.3 依照售價減 6.5%(93.5%) 6.5% discount from the price (93.5%) 首3年保修優惠 First 3 Years Warranty Offer,
2022-08-06,2022-08-12,,A,7,20,,6149400,,價單第2號 (B1)付款辦法 Payment Method (B1) of Price List No.2 依照售價減 6.5%(93.5%) 6.5% discount from the price (93.5%) 首3年保修優惠 First 3 Years Warranty Offer,
2022-08-06,2022-08-12,,A,8,5,,4293800,,價單第3號 (A1)付款辦法 Payment Method (A1) of Price List No.3 依照售價減 7%(93%) 7% discount from the price (93%) 首3年保修優惠 First 3 Years Warranty Offer,
2022-08-06,2022-08-12,,A,8,6,,4161600,,價單第3號 (B1)付款辦法 Payment Method (B1) of Price List No.3 依照售價減 6.5%(93.5%) 6.5% discount from the price (93.5%) 首3年保修優惠 First 3 Years Warranty Offer,
2022-08-06,2022-08-12,,A,8,7,,4211800,,價單第3號 (B2)付款辦法 Payment Method (B2) of Price List No.3 依照售價減 5.5%(94.5%) 5.5% discount from the price (94.5%) 首3年保修優惠 First 3 Years Warranty Offer,
2022-08-06,2022-08-12,,A,8,9,,3038700,,價單第1號 (B1)付款辦法 Payment Method (B1) of Price List No.1 依照售價減 6.5%(93.5%) 6.5% discount from the price (93.5%) 首3年保修優惠 First 3 Years Warranty Offer,
2022-08-06,2022-08-12,,A,8,10,,4485100,,價單第3號 (B1)付款辦法 Payment Method (B1) of Price List No.3 依照售價減 6.5%(93.5%) 6.5% discount from the price (93.5%) 首3年保修優惠 First 3 Years Warranty Offer,
2022-08-06,2022-08-12,,A,8,18,,3116300,,價單第3號 (B1)付款辦法 Payment Method (B1) of Price List No.3 依照售價減 6.5%(93.5%) 6.5% discount from the price (93.5%) 首3年保修優惠 First 3 Years Warranty Offer,
2022-08-06,2022-08-12,,A,8,20,,6168100,,價單第2號 (B1)付款辦法 Payment Method (B1) of Price List No.2 依照售價減 6.5%(93.5%) 6.5% discount from the price (93.5%) 首3年保修優惠 First 3 Years Warranty Offer,
2022-08-06,2022-08-12,,A,9,5,,4329000,,價單第3號 (B1)付款辦法 Payment Method (B1) of Price List No.3 依照售價減 6.5%(93.5%) 6.5% discount from the price (93.5%) 首3年保修優惠 First 3 Years Warranty Offer,
2022-08-06,2022-08-12,,A,9,6,,4173800,,價單第3號 (B1)付款辦法 Payment Method (B1) of Price List No.3 依照售價減 6.5%(93.5%) 6.5% discount from the price (93.5%) 首3年保修優惠 First 3 Years Warranty Offer,
2022-08-06,2022-08-12,,A,9,7,,4180300,,價單第3號 (B1)付款辦法 Payment Method (B1) of Price List No.3 依照售價減 6.5%(93.5%) 6.5% discount from the price (93.5%) 首3年保修優惠 First 3 Years Warranty Offer,
2022-08-06,2022-08-12,,A,9,9,,3049000,,價單第1號 (B1)付款辦法 Payment Method (B1) of Price List No.1 依照售價減 6.5%(93.5%) 6.5% discount from the price (93.5%) 首3年保修優惠 First 3 Years Warranty Offer,
2022-08-06,2022-08-12,,A,9,10,,4499200,,價單第3號 (B1)付款辦法 Payment Method (B1) of Price List No.3 依照售價減 6.5%(93.5%) 6.5% discount from the price (93.5%) 首3年保修優惠 First 3 Years Warranty Offer,
2022-08-06,2022-08-12,2023-02-16,A,9,18,,3126600,,價單第3號 (B1)付款辦法 Payment Method (B1) of Price List No.3 依照售價減 6.5%(93.5%) 6.5% discount from the price (93.5%) 首3年保修優惠 First 3 Years Warranty Offer 買方如直接經由「恒基物業代理有限公司」購入價單內住宅物業 （並非經由其他地產代理公司中介成交）， 於簽契入伙後可獲贈24個月管理費。 Any purchaser who purchases any specified residential property in the price list of the development directly through Henderson Property Agency Limited (but not through the other estate agents) will be given management fees for the period of 24 months after the execution of the assignment of the residential property by the purchaser.,
2022-08-06,2022-08-12,,A,9,20,,6185900,,價單第2號 (B1)付款辦法 Payment Method (B1) of Price List No.2 依照售價減 6.5%(93.5%) 6.5% discount from the price (93.5%) 首3年保修優惠 First 3 Years Warranty Offer,
2022-08-06,2022-08-12,,A,G,18,,4098100,,價單第3號 (B1)付款辦法 Payment Method (B1) of Price List No.3 依照售價減 6.5%(93.5%) 6.5% discount from the price (93.5%) 首3年保修優惠 First 3 Years Warranty Offer,
2022-08-06,2022-08-12,,A,10,1,,8529900,,價單第2號 (A1)付款辦法 Payment Method (A1) of Price List No.2 依照售價減 7%(93%) 7% discount from the price (93%) 首3年保修優惠 First 3 Years Warranty Offer,
2022-08-06,2022-08-12,,A,10,5,,4341200,,價單第3號 (B1)付款辦法 Payment Method (B1) of Price List No.3 依照售價減 6.5%(93.5%) 6.5% discount from the price (93.5%) 首3年保修優惠 First 3 Years Warranty Offer,
2022-08-06,2022-08-12,,A,10,6,,4185900,,價單第3號 (B1)付款辦法 Payment Method (B1) of Price List No.3 依照售價減 6.5%(93.5%) 6.5% discount from the price (93.5%) 首3年保修優惠 First 3 Years Warranty Offer,
2022-08-06,2022-08-12,,A,10,7,,4192500,,價單第3號 (B1)付款辦法 Payment Method (B1) of Price List No.3 依照售價減 6.5%(93.5%) 6.5% discount from the price (93.5%) 首3年保修優惠 First 3 Years Warranty Offer,
2022-08-06,2022-08-12,,A,10,9,,3042900,,價單第1號 (A1)付款辦法 Payment Method (A1) of Price List No.1 依照售價減 7%(93%) 7% discount from the price (93%) 首3年保修優惠 First 3 Years Warranty Offer,
2022-08-06,2022-08-12,,A,10,10,,4513200,,價單第3號 (B1)付款辦法 Payment Method (B1) of Price List No.3 依照售價減 6.5%(93.5%) 6.5% discount from the price (93.5%) 首3年保修優惠 First 3 Years Warranty Offer,
2022-08-06,2022-08-12,,A,10,20,,6204600,,價單第2號 (B1)付款辦法 Payment Method (B1) of Price List No.2 依照售價減 6.5%(93.5%) 6.5% discount from the price (93.5%) 首3年保修優惠 First 3 Years Warranty Offer,
2022-08-06,2022-08-12,,A,11,1,,8602900,,價單第2號 (B1)付款辦法 Payment Method (B1) of Price List No.2 依照售價減 6.5%(93.5%) 6.5% discount from the price (93.5%) 首3年保修優惠 First 3 Years Warranty Offer,
2022-08-06,2022-08-12,,A,11,5,,4353300,,價單第3號 (B1)付款辦法 Payment Method (B1) of Price List No.3 依照售價減 6.5%(93.5%) 6.5% discount from the price (93.5%) 首3年保修優惠 First 3 Years Warranty Offer,
2022-08-06,2022-08-12,,A,11,6,,4175700,,價單第3號 (A1)付款辦法 Payment Method (A1) of Price List No.3 依照售價減 7%(93%) 7% discount from the price (93%) 首3年保修優惠 First 3 Years Warranty Offer,
2022-08-06,2022-08-12,,A,11,7,,4204600,,價單第3號 (B1)付款辦法 Payment Method (B1) of Price List No.3 依照售價減 6.5%(93.5%) 6.5% discount from the price (93.5%) 首3年保修優惠 First 3 Years Warranty Offer,
2022-08-06,2022-08-12,,A,11,9,,3068600,,價單第1號 (B1)付款辦法 Payment Method (B1) of Price List No.1 依照售價減 6.5%(93.5%) 6.5% discount from the price (93.5%) 首3年保修優惠 First 3 Years Warranty Offer,
2022-08-06,2022-08-12,,A,11,10,,4503900,,價單第3號 (A1)付款辦法 Payment Method (A1) of Price List No.3 依照售價減 7%(93%) 7% discount from the price (93%) 首3年保修優惠 First 3 Years Warranty Offer,
2022-08-06,2022-08-12,,A,11,20,,6256600,,價單第2號 (A2)付款辦法 Payment Method (A2) of Price List No.2 依照售價減 6%(94%) 6% discount from the price (94%) 首3年保修優惠 First 3 Years Warranty Offer,
2022-08-06,2022-08-12,,A,12,1,,8629100,,價單第2號 (B1)付款辦法 Payment Method (B1) of Price List No.2 依照售價減 6.5%(93.5%) 6.5% discount from the price (93.5%) 首3年保修優惠 First 3 Years Warranty Offer,
2022-08-06,2022-08-12,,A,12,5,,4365500,,價單第3號 (B1)付款辦法 Payment Method (B1) of Price List No.3 依照售價減 6.5%(93.5%) 6.5% discount from the price (93.5%) 首3年保修優惠 First 3 Years Warranty Offer,
2022-08-06,2022-08-12,,A,12,6,,4255300,"在06-10-2022，基於法例第35 (2)(b)條所容許的原因，售價更改 為$4,210,300 On 06-10-2022, the price adjusted to $4,210,300 due to the reason allowed under section 35(2)(b) of the Ordinance","價單第3號 (B2)付款辦法 Payment Method (B2) of Price List No.3 依照售價減 5.5%(94.5%) 5.5% discount from the price (94.5%) 首3年保修優惠 First 3 Years Warranty Offer 在06-10-2022，支付條款更改為 On 06-10-2022, the terms of payment adjusted to 價單第3號 (B1)付款辦法 Payment Method (B1) of Price List No.3 依照售價減 6.5%(93.5%) 6.5% discount from the price (93.5%) 首3年保修優惠 First 3 Years Warranty Offer",
2022-08-06,2022-08-12,,A,12,7,,4261900,,價單第3號 (B2)付款辦法 Payment Method (B2) of Price List No.3 依照售價減 5.5%(94.5%) 5.5% discount from the price (94.5%) 首3年保修優惠 First 3 Years Warranty Offer,
2022-08-06,2022-08-12,,A,12,9,,3062400,,價單第1號 (A1)付款辦法 Payment Method (A1) of Price List No.1 依照售價減 7%(93%) 7% discount from the price (93%) 首3年保修優惠 First 3 Years Warranty Offer,
2022-08-06,2022-08-12,,A,12,10,,4542200,,價單第3號 (B1)付款辦法 Payment Method (B1) of Price List No.3 依照售價減 6.5%(93.5%) 6.5% discount from the price (93.5%) 首3年保修優惠 First 3 Years Warranty Offer,
2022-08-06,2022-08-12,,A,12,20,,6241100,,價單第2號 (B1)付款辦法 Payment Method (B1) of Price List No.2 依照售價減 6.5%(93.5%) 6.5% discount from the price (93.5%) 首3年保修優惠 First 3 Years Warranty Offer,
2022-08-06,2022-08-12,,A,15,1,,8576800,,價單第1號 (B2)付款辦法 Payment Method (B2) of Price List No.1 依照售價減 5.5%(94.5%) 5.5% discount from the price (94.5%) 首3年保修優惠 First 3 Years Warranty Offer,
2022-08-06,2022-08-12,,A,15,5,,4377600,,價單第3號 (B1)付款辦法 Payment Method (B1) of Price List No.3 依照售價減 6.5%(93.5%) 6.5% discount from the price (93.5%) 首3年保修優惠 First 3 Years Warranty Offer,
2022-08-06,2022-08-12,,A,15,6,,4222400,,價單第3號 (B1)付款辦法 Payment Method (B1) of Price List No.3 依照售價減 6.5%(93.5%) 6.5% discount from the price (93.5%) 首3年保修優惠 First 3 Years Warranty Offer,
2022-08-06,2022-08-12,,A,15,7,,4274200,,價單第3號 (B2)付款辦法 Payment Method (B2) of Price List No.3 依照售價減 5.5%(94.5%) 5.5% discount from the price (94.5%) 首3年保修優惠 First 3 Years Warranty Offer,
2022-08-06,2022-08-12,,A,15,9,,3089200,,價單第1號 (B1)付款辦法 Payment Method (B1) of Price List No.1 依照售價減 6.5%(93.5%) 6.5% discount from the price (93.5%) 首3年保修優惠 First 3 Years Warranty Offer,
2022-08-06,2022-08-12,,A,15,10,,4531800,,價單第3號 (A1)付款辦法 Payment Method (A1) of Price List No.3 依照售價減 7%(93%) 7% discount from the price (93%) 首3年保修優惠 First 3 Years Warranty Offer,
2022-08-06,2022-08-12,,A,15,18,,3164900,,價單第2號 (B1)付款辦法 Payment Method (B1) of Price List No.2 依照售價減 6.5%(93.5%) 6.5% discount from the price (93.5%) 首3年保修優惠 First 3 Years Warranty Offer 買方如直接經由「恒基物業代理有限公司」購入價單內住宅物業 （並非經由其他地產代理公司中介成交）， 於簽契入伙後可獲贈24個月管理費。 Any purchaser who purchases any specified residential property in the price list of the development directly through Henderson Property Agency Limited (but not through the other estate agents) will be given management fees for the period of 24 months after the execution of the assignment of the residential property by the purchaser.,
2022-08-06,2022-08-12,,A,15,20,,6137300,"在16-11-2022，基於法例第35 (2)(b)條所容許的原因，售價更改 為$6,202,900 On 16-11-2022, the price adjusted to $6,202,900 due to the reason allowed under section 35(2)(b) of the Ordinance","價單第1號 (B1)付款辦法 Payment Method (B1) of Price List No.1 依照售價減 6.5%(93.5%) 6.5% discount from the price (93.5%) 首3年保修優惠 First 3 Years Warranty Offer 買方如直接經由「恒基物業代理有限公司」購入價單內住宅物業 （並非經由其他地產代理公司中介成交）， 於簽契入伙後可獲贈24個月管理費。 Any purchaser who purchases any specified residential property in the price list of the development directly through Henderson Property Agency Limited (but not through the other estate agents) will be given management fees for the period of 24 months after the execution of the assignment of the residential property by the purchaser. 在16-11-2022，支付條款更改為 On 16-11-2022, the terms of payment adjusted to 價單第1號 (B2)付款辦法 Payment Method (B2) of Price List No.1 依照售價減 5.5%(94.5%) 5.5% discount from the price (94.5%) 首3年保修優惠 First 3 Years Warranty Offer r 買方如直接經由「恒基物業代理有限公司」購入價單內住宅物業 （並非經由其他地產代理公司中介成交）， 於簽契入伙後可獲贈24個月管理費。 Any purchaser who purchases any specified residential property in the price list of the development directly through Henderson Property Agency Limited (but not through the other estate agents) will be given management fees for the period of 24 months after the execution of the assignment of the residential property by the purchaser.",
2022-08-06,2022-08-12,,A,16,1,,8654500,,價單第2號 (A1)付款辦法 Payment Method (A1) of Price List No.2 依照售價減 7%(93%) 7% discount from the price (93%) 首3年保修優惠 First 3 Years Warranty Offer,
2022-08-06,2022-08-12,,A,16,5,,4389800,,價單第3號 (B1)付款辦法 Payment Method (B1) of Price List No.3 依照售價減 6.5%(93.5%) 6.5% discount from the price (93.5%) 首3年保修優惠 First 3 Years Warranty Offer,
2022-08-06,2022-08-12,,A,16,6,,4234600,,價單第3號 (B1)付款辦法 Payment Method (B1) of Price List No.3 依照售價減 6.5%(93.5%) 6.5% discount from the price (93.5%) 首3年保修優惠 First 3 Years Warranty Offer,
2022-08-06,2022-08-12,,A,16,7,,4286500,,價單第3號 (B2)付款辦法 Payment Method (B2) of Price List No.3 依照售價減 5.5%(94.5%) 5.5% discount from the price (94.5%) 首3年保修優惠 First 3 Years Warranty Offer,
2022-08-06,2022-08-12,,A,16,9,,3082000,,價單第1號 (A1)付款辦法 Payment Method (A1) of Price List No.1 依照售價減 7%(93%) 7% discount from the price (93%) 首3年保修優惠 First 3 Years Warranty Offer 買方如直接經由「恒基物業代理有限公司」購入價單內住宅物業 （並非經由其他地產代理公司中介成交）， 於簽契入伙後可獲贈24個月管理費。 Any purchaser who purchases any specified residential property in the price list of the development directly through Henderson Property Agency Limited (but not through the other estate agents) will be given management fees for the period of 24 months after the execution of the assignment of the residential property by the purchaser.,
2022-08-06,2022-08-12,,A,16,10,,4570200,,價單第3號 (B1)付款辦法 Payment Method (B1) of Price List No.3 依照售價減 6.5%(93.5%) 6.5% discount from the price (93.5%) 首3年保修優惠 First 3 Years Warranty Offer,
2022-08-06,2022-08-12,,A,16,18,,3211100,,價單第2號 (B2)付款辦法 Payment Method (B2) of Price List No.2 依照售價減 5.5%(94.5%) 5.5% discount from the price (94.5%) 首3年保修優惠 First 3 Years Warranty Offer 買方如直接經由「恒基物業代理有限公司」購入價單內住宅物業 （並非經由其他地產代理公司中介成交）， 於簽契入伙後可獲贈24個月管理費。 Any purchaser who purchases any specified residential property in the price list of the development directly through Henderson Property Agency Limited (but not through the other estate agents) will be given management fees for the period of 24 months after the execution of the assignment of the residential property by the purchaser.,
2022-08-06,2022-08-12,,A,16,20,,6155100,,價單第1號 (B1)付款辦法 Payment Method (B1) of Price List No.1 依照售價減 6.5%(93.5%) 6.5% discount from the price (93.5%) 首3年保修優惠 First 3 Years Warranty Offer 買方如直接經由「恒基物業代理有限公司」購入價單內住宅物業 （並非經由其他地產代理公司中介成交）， 於簽契入伙後可獲贈24個月管理費。 Any purchaser who purchases any specified residential property in the price list of the development directly through Henderson Property Agency Limited (but not through the other estate agents) will be given management fees for the period of 24 months after the execution of the assignment of the residential property by the purchaser.,
2022-08-06,2022-08-12,,A,17,1,,8680600,,價單第2號 (A1)付款辦法 Payment Method (A1) of Price List No.2 依照售價減 7%(93%) 7% discount from the price (93%) 首3年保修優惠 First 3 Years Warranty Offer,
2022-08-06,2022-08-12,,A,17,5,,4401900,,價單第3號 (B1)付款辦法 Payment Method (B1) of Price List No.3 依照售價減 6.5%(93.5%) 6.5% discount from the price (93.5%) 首3年保修優惠 First 3 Years Warranty Offer,
2022-08-06,2022-08-12,,A,17,6,,4247700,,價單第3號 (B1)付款辦法 Payment Method (B1) of Price List No.3 依照售價減 6.5%(93.5%) 6.5% discount from the price (93.5%) 首3年保修優惠 First 3 Years Warranty Offer,
2022-08-06,2022-08-12,,A,17,7,,4253300,,價單第3號 (B1)付款辦法 Payment Method (B1) of Price List No.3 依照售價減 6.5%(93.5%) 6.5% discount from the price (93.5%) 首3年保修優惠 First 3 Years Warranty Offer,
2022-08-06,2022-08-12,,A,17,9,,3108800,,價單第1號 (B1)付款辦法 Payment Method (B1) of Price List No.1 依照售價減 6.5%(93.5%) 6.5% discount from the price (93.5%) 首3年保修優惠 First 3 Years Warranty Offer,
2022-08-06,2022-08-12,,A,17,10,,4585200,,價單第3號 (B1)付款辦法 Payment Method (B1) of Price List No.3 依照售價減 6.5%(93.5%) 6.5% discount from the price (93.5%) 首3年保修優惠 First 3 Years Warranty Offer,
2022-08-06,2022-08-12,,A,17,18,,3221500,,價單第2號 (B2)付款辦法 Payment Method (B2) of Price List No.2 依照售價減 5.5%(94.5%) 5.5% discount from the price (94.5%) 首3年保修優惠 First 3 Years Warranty Offer,
2022-08-06,2022-08-12,,A,17,20,,6296200,,價單第2號 (B1)付款辦法 Payment Method (B1) of Price List No.2 依照售價減 6.5%(93.5%) 6.5% discount from the price (93.5%) 首3年保修優惠 First 3 Years Warranty Offer,
2022-08-06,2022-08-12,,A,18,1,,8707500,,價單第2號 (A1)付款辦法 Payment Method (A1) of Price List No.2 依照售價減 7%(93%) 7% discount from the price (93%) 首3年保修優惠 First 3 Years Warranty Offer,
2022-08-06,2022-08-12,,A,18,5,,4414100,,價單第3號 (B1)付款辦法 Payment Method (B1) of Price List No.3 依照售價減 6.5%(93.5%) 6.5% discount from the price (93.5%) 首3年保修優惠 First 3 Years Warranty Offer,
2022-08-06,2022-08-12,,A,18,6,,4259800,,價單第3號 (B1)付款辦法 Payment Method (B1) of Price List No.3 依照售價減 6.5%(93.5%) 6.5% discount from the price (93.5%) 首3年保修優惠 First 3 Years Warranty Offer,
2022-08-06,2022-08-12,,A,18,7,,4265400,,價單第3號 (B1)付款辦法 Payment Method (B1) of Price List No.3 依照售價減 6.5%(93.5%) 6.5% discount from the price (93.5%) 首3年保修優惠 First 3 Years Warranty Offer,
2022-08-06,2022-08-12,,A,18,9,,3102400,,價單第1號 (A1)付款辦法 Payment Method (A1) of Price List No.1 依照售價減 7%(93%) 7% discount from the price (93%) 首3年保修優惠 First 3 Years Warranty Offer,
2022-08-06,2022-08-12,,A,18,10,,4599200,,價單第3號 (B1)付款辦法 Payment Method (B1) of Price List No.3 依照售價減 6.5%(93.5%) 6.5% discount from the price (93.5%) 首3年保修優惠 First 3 Years Warranty Offer,
2022-08-06,2022-08-12,,A,18,18,,3180600,,價單第2號 (A1)付款辦法 Payment Method (A1) of Price List No.2 依照售價減 7%(93%) 7% discount from the price (93%) 首3年保修優惠 First 3 Years Warranty Offer 買方如直接經由「恒基物業代理有限公司」購入價單內住宅物業 （並非經由其他地產代理公司中介成交）， 於簽契入伙後可獲贈24個月管理費。 Any purchaser who purchases any specified residential property in the price list of the development directly through Henderson Property Agency Limited (but not through the other estate agents) will be given management fees for the period of 24 months after the execution of the assignment of the residential property by the purchaser.,
2022-08-06,2022-08-12,,A,18,20,,6314900,,價單第2號 (B1)付款辦法 Payment Method (B1) of Price List No.2 依照售價減 6.5%(93.5%) 6.5% discount from the price (93.5%) 首3年保修優惠 First 3 Years Warranty Offer,
2022-08-06,2022-08-12,,A,19,1,,8887700,,價單第2號 (B2)付款辦法 Payment Method (B2) of Price List No.2 依照售價減 5.5%(94.5%) 5.5% discount from the price (94.5%) 首3年保修優惠 First 3 Years Warranty Offer,
2022-08-06,2022-08-12,,A,19,5,,4427200,,價單第3號 (B1)付款辦法 Payment Method (B1) of Price List No.3 依照售價減 6.5%(93.5%) 6.5% discount from the price (93.5%) 首3年保修優惠 First 3 Years Warranty Offer,
2022-08-06,2022-08-12,,A,19,6,,4272000,,價單第3號 (B1)付款辦法 Payment Method (B1) of Price List No.3 依照售價減 6.5%(93.5%) 6.5% discount from the price (93.5%) 首3年保修優惠 First 3 Years Warranty Offer,
2022-08-06,2022-08-12,,A,19,7,,4277600,,價單第3號 (B1)付款辦法 Payment Method (B1) of Price List No.3 依照售價減 6.5%(93.5%) 6.5% discount from the price (93.5%) 首3年保修優惠 First 3 Years Warranty Offer,
2022-08-06,2022-08-12,,A,19,9,,3129400,,價單第1號 (B1)付款辦法 Payment Method (B1) of Price List No.1 依照售價減 6.5%(93.5%) 6.5% discount from the price (93.5%) 首3年保修優惠 First 3 Years Warranty Offer,
2022-08-06,2022-08-12,,A,19,10,,4662600,,價單第3號 (B2)付款辦法 Payment Method (B2) of Price List No.3 依照售價減 5.5%(94.5%) 5.5% discount from the price (94.5%) 首3年保修優惠 First 3 Years Warranty Offer,
2022-08-06,2022-08-12,,A,19,18,,3195400,,價單第2號 (A1)付款辦法 Payment Method (A1) of Price List No.2 依照售價減 7%(93%) 7% discount from the price (93%) 首3年保修優惠 First 3 Years Warranty Offer,
2022-08-06,2022-08-12,,A,19,20,,6342100,,價單第2號 (B1)付款辦法 Payment Method (B1) of Price List No.2 依照售價減 6.5%(93.5%) 6.5% discount from the price (93.5%) 首3年保修優惠 First 3 Years Warranty Offer,
2022-08-06,2022-08-12,,A,20,1,,8688400,,價單第1號 (A2)付款辦法 Payment Method (A2) of Price List No.1 依照售價減 6%(94%) 6% discount from the price (94%) 首3年保修優惠 First 3 Years Warranty Offer 買方如直接經由「恒基物業代理有限公司」購入價單內住宅物業 （並非經由其他地產代理公司中介成交）， 於簽契入伙後可獲贈24個月管理費。 Any purchaser who purchases any specified residential property in the price list of the development directly through Henderson Property Agency Limited (but not through the other estate agents) will be given management fees for the period of 24 months after the execution of the assignment of the residential property by the purchaser.,
2022-08-06,2022-08-12,,A,20,5,,4439300,,價單第3號 (B1)付款辦法 Payment Method (B1) of Price List No.3 依照售價減 6.5%(93.5%) 6.5% discount from the price (93.5%) 首3年保修優惠 First 3 Years Warranty Offer,
2022-08-06,2022-08-12,,A,20,6,,4284100,,價單第3號 (B1)付款辦法 Payment Method (B1) of Price List No.3 依照售價減 6.5%(93.5%) 6.5% discount from the price (93.5%) 首3年保修優惠 First 3 Years Warranty Offer,
2022-08-06,2022-08-12,,A,20,7,,4266800,"10-08-2022，基於法例第35 (2)(b)條所容許的原因，售價更改 為$4,289,700 On 10-08-2022, the price adjusted to $4,289,700 due to the reason allowed under section 35(2)(b) of the Ordinance","價單第3號 (A1)付款辦法 Payment Method (A1) of Price List No.3 依照售價減 7%(93%) 7% discount from the price (93%) 首3年保修優惠 First 3 Years Warranty Offer 在10-08-2022，支付條款更改為 On 10-08-2022, the terms of payment adjusted to 價單第3號 (B1)付款辦法 Payment Method (B1) of Price List No.3 依照售價減6.5% (93.5%) 6.5% discount from the price (93.5%) 首3年保修優惠 First 3 Years Warranty Offer",
2022-08-06,2022-08-12,,A,20,9,,3138700,,價單第1號 (B1)付款辦法 Payment Method (B1) of Price List No.1 依照售價減 6.5%(93.5%) 6.5% discount from the price (93.5%) 首3年保修優惠 First 3 Years Warranty Offer,
2022-08-06,2022-08-12,,A,20,10,,4627300,,價單第3號 (B1)付款辦法 Payment Method (B1) of Price List No.3 依照售價減 6.5%(93.5%) 6.5% discount from the price (93.5%) 首3年保修優惠 First 3 Years Warranty Offer,
2022-08-06,2022-08-12,,A,20,18,,3263000,,價單第2號 (B2)付款辦法 Payment Method (B2) of Price List No.2 依照售價減 5.5%(94.5%) 5.5% discount from the price (94.5%) 首3年保修優惠 First 3 Years Warranty Offer,
2022-08-06,2022-08-12,,A,20,20,,6244800,,價單第1號 (B1)付款辦法 Payment Method (B1) of Price List No.1 依照售價減 6.5%(93.5%) 6.5% discount from the price (93.5%) 首3年保修優惠 First 3 Years Warranty Offer,
2022-08-06,2022-08-12,,A,21,1,,8786600,"在10-11-2022，基於法例第35 (2)(b)條所容許的原因，售價更改 為$8,693,600 On 10-11-2022, the price adjusted to $8,693,600 due to the reason allowed under section 35(2)(b) of the Ordinance","價單第1號 (B2)付款辦法 Payment Method (B2) of Price List No.1 依照售價減 5.5%(94.5%) 5.5% discount from the price (94.5%) 首3年保修優惠 First 3 Years Warranty Offer 買方如直接經由「恒基物業代理有限公司」購入價單內住宅物業 （並非經由其他地產代理公司中介成交）， 於簽契入伙後可獲贈24個月管理費。 Any purchaser who purchases any specified residential property in the price list of the development directly through Henderson Property Agency Limited (but not through the other estate agents) will be given management fees for the period of 24 months after the execution of the assignment of the residential property by the purchaser. 在10-11-2022，支付條款更改為 On 10-11-2022, the terms of payment adjusted to 價單第1號 (B1)付款辦法 Payment Method (B1) of Price List No.1 依照售價減 6.5%(93.5%) 6.5% discount from the price (93.5%) 首3年保修優惠 First 3 Years Warranty Offer 買方如直接經由「恒基物業代理有限公司」購入價單內住宅物業 （並非經由其他地產代理公司中介成交）， 於簽契入伙後可獲贈24個月管理費。 Any purchaser who purchases any specified residential property in the price list of the development directly through Henderson Property Agency Limited (but not through the other estate agents) will be given management fees for the period of 24 months after the execution of the assignment of the residential property by the purchaser.",
2022-08-06,2022-08-12,,A,21,5,,4463600,,價單第3號 (B1)付款辦法 Payment Method (B1) of Price List No.3 依照售價減 6.5%(93.5%) 6.5% discount from the price (93.5%) 首3年保修優惠 First 3 Years Warranty Offer,
2022-08-06,2022-08-12,,A,21,6,,4308400,,價單第3號 (B1)付款辦法 Payment Method (B1) of Price List No.3 依照售價減 6.5%(93.5%) 6.5% discount from the price (93.5%) 首3年保修優惠 First 3 Years Warranty Offer,
2022-08-06,2022-08-12,,A,21,7,,4315000,,價單第3號 (B1)付款辦法 Payment Method (B1) of Price List No.3 依照售價減 6.5%(93.5%) 6.5% discount from the price (93.5%) 首3年保修優惠 First 3 Years Warranty Offer,
2022-08-06,2022-08-12,,A,21,9,,3159300,,價單第1號 (B1)付款辦法 Payment Method (B1) of Price List No.1 依照售價減 6.5%(93.5%) 6.5% discount from the price (93.5%) 首3年保修優惠 First 3 Years Warranty Offer,
2022-08-06,2022-08-12,,A,21,10,,4656300,,價單第3號 (B1)付款辦法 Payment Method (B1) of Price List No.3 依照售價減 6.5%(93.5%) 6.5% discount from the price (93.5%) 首3年保修優惠 First 3 Years Warranty Offer,
2022-08-06,2022-08-12,,A,21,18,,3283800,,價單第2號 (B2)付款辦法 Payment Method (B2) of Price List No.2 依照售價減 5.5%(94.5%) 5.5% discount from the price (94.5%) 首3年保修優惠 First 3 Years Warranty Offer,
2022-08-06,2022-08-12,,A,21,20,,6314900,,價單第1號 (A2)付款辦法 Payment Method (A2) of Price List No.1 依照售價減 6%(94%) 6% discount from the price (94%) 首3年保修優惠 First 3 Years Warranty Offer 買方如直接經由「恒基物業代理有限公司」購入價單內住宅物業 （並非經由其他地產代理公司中介成交）， 於簽契入伙後可獲贈24個月管理費。 Any purchaser who purchases any specified residential property in the price list of the development directly through Henderson Property Agency Limited (but not through the other estate agents) will be given management fees for the period of 24 months after the execution of the assignment of the residential property by the purchaser.,
2022-08-06,,,B,1,2,,4514100,,價單第2號 (B1)付款辦法 Payment Method (B1) of Price List No.2 依照售價減 6.5%(93.5%) 6.5% discount from the price (93.5%) 首3年保修優惠 First 3 Years Warranty Offer,
2022-08-06,2022-08-12,,B,1,5,,6521400,,價單第2號 (B2)付款辦法 Payment Method (B2) of Price List No.2 依照售價減 5.5%(94.5%) 5.5% discount from the price (94.5%) 首3年保修優惠 First 3 Years Warranty Offer,
2022-08-06,2022-08-12,,B,1,15,,4416000,,價單第1號 (B1)付款辦法 Payment Method (B1) of Price List No.1 依照售價減 6.5%(93.5%) 6.5% discount from the price (93.5%) 首3年保修優惠 First 3 Years Warranty Offer,
2022-08-06,2022-08-12,,B,1,20,,4289700,"在05-12-2022，基於法例第35 (2)(b)條所容許的原因，售價更改 為$4,335,600 On 05-12-2022, the price adjusted to $4,335,600 due to the reason allowed under section 35(2)(b) of the Ordinance","價單第1號 (B1)付款辦法 Payment Method (B1) of Price List No.1 依照售價減 6.5%(93.5%) 6.5% discount from the price (93.5%) 首3年保修優惠 First 3 Years Warranty Offer 在05-12-2022，支付條款更改為 On 05-12-2022, the terms of payment adjusted to 價單第1號 (B2)付款辦法 Payment Method (B2) of Price List No.1 依照售價減 5.5%(94.5%) 5.5% discount from the price (94.5%) 首3年保修優惠 First 3 Years Warranty Offer",
2022-08-06,2022-08-12,,B,1,21,,4468600,,價單第1號 (A1)付款辦法 Payment Method (A1) of Price List No.1 依照售價減 7%(93%) 7% discount from the price (93%) 首3年保修優惠 First 3 Years Warranty Offer,
2022-08-06,2022-08-12,,B,1,22,,4547800,,價單第1號 (B1)付款辦法 Payment Method (B1) of Price List No.1 依照售價減 6.5%(93.5%) 6.5% discount from the price (93.5%) 首3年保修優惠 First 3 Years Warranty Offer,
2022-08-06,2022-08-10,,B,2,2,,4584100,,價單第2號 (B2)付款辦法 Payment Method (B2) of Price List No.2 依照售價減 5.5%(94.5%) 5.5% discount from the price (94.5%) 首3年保修優惠 First 3 Years Warranty Offer,
2022-08-06,2022-08-12,,B,2,5,,6552600,,價單第2號 (B2)付款辦法 Payment Method (B2) of Price List No.2 依照售價減 5.5%(94.5%) 5.5% discount from the price (94.5%) 首3年保修優惠 First 3 Years Warranty Offer,
2022-08-06,2022-08-11,,B,2,15,,4477400,,價單第1號 (B2)付款辦法 Payment Method (B2) of Price List No.1 依照售價減 5.5%(94.5%) 5.5% discount from the price (94.5%) 首3年保修優惠 First 3 Years Warranty Offer,
2022-08-06,2022-08-10,,B,2,17,,4423000,,價單第2號 (A1)付款辦法 Payment Method (A1) of Price List No.2 依照售價減 7%(93%) 7% discount from the price (93%) 首3年保修優惠 First 3 Years Warranty Offer,
2022-08-06,2022-08-12,,B,2,18,,4311200,,價單第2號 (B1)付款辦法 Payment Method (B1) of Price List No.2 依照售價減 6.5%(93.5%) 6.5% discount from the price (93.5%) 首3年保修優惠 First 3 Years Warranty Offer,
2022-08-06,2022-08-12,,B,2,19,,4388800,,價單第2號 (B1)付款辦法 Payment Method (B1) of Price List No.2 依照售價減 6.5%(93.5%) 6.5% discount from the price (93.5%) 首3年保修優惠 First 3 Years Warranty Offer,
2022-08-06,2022-08-10,,B,2,20,,4347900,,價單第1號 (B2)付款辦法 Payment Method (B2) of Price List No.1 依照售價減 5.5%(94.5%) 5.5% discount from the price (94.5%) 首3年保修優惠 First 3 Years Warranty Offer,
2022-08-06,2022-08-11,,B,2,21,,4506700,,價單第1號 (B1)付款辦法 Payment Method (B1) of Price List No.1 依照售價減 6.5%(93.5%) 6.5% discount from the price (93.5%) 首3年保修優惠 First 3 Years Warranty Offer,
2022-08-06,2022-08-11,,B,2,22,,4610600,,價單第1號 (B2)付款辦法 Payment Method (B2) of Price List No.1 依照售價減 5.5%(94.5%) 5.5% discount from the price (94.5%) 首3年保修優惠 First 3 Years Warranty Offer,
2022-08-06,2022-08-12,,B,3,2,,4526300,,價單第2號 (A1)付款辦法 Payment Method (A1) of Price List No.2 依照售價減 7%(93%) 7% discount from the price (93%) 首3年保修優惠 First 3 Years Warranty Offer,
2022-08-06,2022-08-12,,B,3,5,,6503800,,價單第2號 (B1)付款辦法 Payment Method (B1) of Price List No.2 依照售價減 6.5%(93.5%) 6.5% discount from the price (93.5%) 首3年保修優惠 First 3 Years Warranty Offer,
2022-08-06,2022-08-12,,B,3,15,,4444000,,價單第1號 (B1)付款辦法 Payment Method (B1) of Price List No.1 依照售價減 6.5%(93.5%) 6.5% discount from the price (93.5%) 首3年保修優惠 First 3 Years Warranty Offer,
2022-08-06,2022-08-10,,B,3,17,,4500000,,價單第2號 (B2)付款辦法 Payment Method (B2) of Price List No.2 依照售價減 5.5%(94.5%) 5.5% discount from the price (94.5%) 首3年保修優惠 First 3 Years Warranty Offer,
2022-08-06,2022-08-10,,B,3,18,,4315000,,價單第2號 (B1)付款辦法 Payment Method (B1) of Price List No.2 依照售價減 6.5%(93.5%) 6.5% discount from the price (93.5%) 首3年保修優惠 First 3 Years Warranty Offer,
2022-08-06,2022-08-12,,B,3,19,,4379300,,價單第2號 (A1)付款辦法 Payment Method (A1) of Price List No.2 依照售價減 7%(93%) 7% discount from the price (93%) 首3年保修優惠 First 3 Years Warranty Offer,
2022-08-06,2022-08-12,,B,3,20,,4316800,,價單第1號 (B1)付款辦法 Payment Method (B1) of Price List No.1 依照售價減 6.5%(93.5%) 6.5% discount from the price (93.5%) 首3年保修優惠 First 3 Years Warranty Offer,
2022-08-06,2022-08-12,,B,3,21,,4520700,,價單第1號 (B1)付款辦法 Payment Method (B1) of Price List No.1 依照售價減 6.5%(93.5%) 6.5% discount from the price (93.5%) 首3年保修優惠 First 3 Years Warranty Offer,
2022-08-06,2022-08-12,,B,3,22,,4575800,,價單第1號 (B1)付款辦法 Payment Method (B1) of Price List No.1 依照售價減 6.5%(93.5%) 6.5% discount from the price (93.5%) 首3年保修優惠 First 3 Years Warranty Offer,
2022-08-06,2022-08-12,,B,5,2,,4564600,,價單第2號 (B1)付款辦法 Payment Method (B1) of Price List No.2 依照售價減 6.5%(93.5%) 6.5% discount from the price (93.5%) 首3年保修優惠 First 3 Years Warranty Offer,
2022-08-06,2022-08-12,,B,5,5,,6523400,,價單第2號 (B1)付款辦法 Payment Method (B1) of Price List No.2 依照售價減 6.5%(93.5%) 6.5% discount from the price (93.5%) 首3年保修優惠 First 3 Years Warranty Offer,
2022-08-06,2022-08-12,,B,5,15,,4458000,,價單第1號 (B1)付款辦法 Payment Method (B1) of Price List No.1 依照售價減 6.5%(93.5%) 6.5% discount from the price (93.5%) 首3年保修優惠 First 3 Years Warranty Offer,
2022-08-06,2022-08-12,,B,5,16,,4473000,,價單第1號 (B1)付款辦法 Payment Method (B1) of Price List No.1 依照售價減 6.5%(93.5%) 6.5% discount from the price (93.5%) 首3年保修優惠 First 3 Years Warranty Offer,
2022-08-06,2022-08-12,,B,5,17,,4458000,,價單第2號 (B1)付款辦法 Payment Method (B1) of Price List No.2 依照售價減 6.5%(93.5%) 6.5% discount from the price (93.5%) 首3年保修優惠 First 3 Years Warranty Offer,
2022-08-06,2022-08-12,,B,5,18,,4327100,,價單第2號 (B1)付款辦法 Payment Method (B1) of Price List No.2 依照售價減 6.5%(93.5%) 6.5% discount from the price (93.5%) 首3年保修優惠 First 3 Years Warranty Offer,
2022-08-06,2022-08-12,,B,5,19,,4417800,,價單第2號 (B1)付款辦法 Payment Method (B1) of Price List No.2 依照售價減 6.5%(93.5%) 6.5% discount from the price (93.5%) 首3年保修優惠 First 3 Years Warranty Offer,
2022-08-06,2022-08-12,,B,5,20,,4330900,,價單第1號 (B1)付款辦法 Payment Method (B1) of Price List No.1 依照售價減 6.5%(93.5%) 6.5% discount from the price (93.5%) 首3年保修優惠 First 3 Years Warranty Offer,
2022-08-06,2022-08-12,,B,5,21,,4534700,,價單第1號 (B1)付款辦法 Payment Method (B1) of Price List No.1 依照售價減 6.5%(93.5%) 6.5% discount from the price (93.5%) 首3年保修優惠 First 3 Years Warranty Offer,
2022-08-06,2022-08-12,,B,5,22,,4639000,"在18-11-2022，基於法例第35 (2)(b)條所容許的原因，售價更改 為$4,589,900 On 18-11-2022, the price adjusted to $4,589,900 due to the reason allowed under section 35(2)(b) of the Ordinance","價單第1號 (B2)付款辦法 Payment Method (B2) of Price List No.1 依照售價減 5.5%(94.5%) 5.5% discount from the price (94.5%) 首3年保修優惠 First 3 Years Warranty Offer 在18-11-2022，支付條款更改為 On 18-11-2022, the terms of payment adjusted to 價單第1號 (B1)付款辦法 Payment Method (B1) of Price List No.1 依照售價減 6.5%(93.5%) 6.5% discount from the price (93.5%) 首3年保修優惠 First 3 Years Warranty Offer",
2022-08-06,2022-08-10,,B,6,1,,4809600,,價單第1號 (B1)付款辦法 Payment Method (B1) of Price List No.1 依照售價減 6.5%(93.5%) 6.5% discount from the price (93.5%) 首3年保修優惠 First 3 Years Warranty Offer,
2022-08-06,2022-08-12,,B,6,2,,4578600,,價單第2號 (B1)付款辦法 Payment Method (B1) of Price List No.2 依照售價減 6.5%(93.5%) 6.5% discount from the price (93.5%) 首3年保修優惠 First 3 Years Warranty Offer,
2022-08-06,2022-08-11,,B,6,5,,6614000,,價單第2號 (B2)付款辦法 Payment Method (B2) of Price List No.2 依照售價減 5.5%(94.5%) 5.5% discount from the price (94.5%) 首3年保修優惠 First 3 Years Warranty Offer,
2022-08-06,2022-08-12,,B,6,15,,4519900,,價單第1號 (B2)付款辦法 Payment Method (B2) of Price List No.1 依照售價減 5.5%(94.5%) 5.5% discount from the price (94.5%) 首3年保修優惠 First 3 Years Warranty Offer,
2022-08-06,2022-08-12,,B,6,16,,4487000,,價單第1號 (B1)付款辦法 Payment Method (B1) of Price List No.1 依照售價減 6.5%(93.5%) 6.5% discount from the price (93.5%) 首3年保修優惠 First 3 Years Warranty Offer,
2022-08-06,2022-08-12,,B,6,17,,4473000,,價單第2號 (B1)付款辦法 Payment Method (B1) of Price List No.2 依照售價減 6.5%(93.5%) 6.5% discount from the price (93.5%) 首3年保修優惠 First 3 Years Warranty Offer,
2022-08-06,2022-08-10,,B,6,18,,4385700,,價單第2號 (B2)付款辦法 Payment Method (B2) of Price List No.2 依照售價減 5.5%(94.5%) 5.5% discount from the price (94.5%) 首3年保修優惠 First 3 Years Warranty Offer,
2022-08-06,2022-08-12,,B,6,19,,4431900,,價單第2號 (B1)付款辦法 Payment Method (B1) of Price List No.2 依照售價減 6.5%(93.5%) 6.5% discount from the price (93.5%) 首3年保修優惠 First 3 Years Warranty Offer,
2022-08-06,2022-08-12,,B,6,20,,4344900,,價單第1號 (B1)付款辦法 Payment Method (B1) of Price List No.1 依照售價減 6.5%(93.5%) 6.5% discount from the price (93.5%) 首3年保修優惠 First 3 Years Warranty Offer,
2022-08-06,2022-08-12,,B,6,21,,4548700,,價單第1號 (B1)付款辦法 Payment Method (B1) of Price List No.1 依照售價減 6.5%(93.5%) 6.5% discount from the price (93.5%) 首3年保修優惠 First 3 Years Warranty Offer,
2022-08-06,2022-08-12,,B,6,22,,4653100,,價單第1號 (B2)付款辦法 Payment Method (B2) of Price List No.1 依照售價減 5.5%(94.5%) 5.5% discount from the price (94.5%) 首3年保修優惠 First 3 Years Warranty Offer,
2022-08-06,2022-08-12,,B,7,1,,4875200,"在09-12-2022，基於法例第35 (2)(b)條所容許的原因，售價更改 為$4,823,600 On 09-12-2022, the price adjusted to $4,823,600 due to the reason allowed under section 35(2)(b) of the Ordinance","價單第1號 (B2)付款辦法 Payment Method (B2) of Price List No.1 依照售價減 5.5%(94.5%) 5.5% discount from the price (94.5%) 首3年保修優惠 First 3 Years Warranty Offer 在09-12-2022，支付條款更改為 On 09-12-2022, the terms of payment adjusted to 價單第1號 (B1)付款辦法 Payment Method (B1) of Price List No.1 依照售價減 6.5%(93.5%) 6.5% discount from the price (93.5%) 首3年保修優惠 First 3 Years Warranty Offer",
2022-08-06,2022-08-12,,B,7,2,,4592700,,價單第2號 (B1)付款辦法 Payment Method (B1) of Price List No.2 依照售價減 6.5%(93.5%) 6.5% discount from the price (93.5%) 首3年保修優惠 First 3 Years Warranty Offer,
2022-08-06,2022-08-11,,B,7,5,,6634800,,價單第2號 (B2)付款辦法 Payment Method (B2) of Price List No.2 依照售價減 5.5%(94.5%) 5.5% discount from the price (94.5%) 首3年保修優惠 First 3 Years Warranty Offer,
2022-08-06,2022-08-12,,B,7,15,,4486100,,價單第1號 (B1)付款辦法 Payment Method (B1) of Price List No.1 依照售價減 6.5%(93.5%) 6.5% discount from the price (93.5%) 首3年保修優惠 First 3 Years Warranty Offer,
2022-08-06,2022-08-12,,B,7,16,,4501000,,價單第1號 (B1)付款辦法 Payment Method (B1) of Price List No.1 依照售價減 6.5%(93.5%) 6.5% discount from the price (93.5%) 首3年保修優惠 First 3 Years Warranty Offer,
2022-08-06,2022-08-12,,B,7,17,,4487000,,價單第2號 (B1)付款辦法 Payment Method (B1) of Price List No.2 依照售價減 6.5%(93.5%) 6.5% discount from the price (93.5%) 首3年保修優惠 First 3 Years Warranty Offer,
2022-08-06,2022-08-12,,B,7,18,,4398000,"10-08-2022，基於法例第35 (2)(b)條所容許的原因，售價更改 為$4,351,400 On 10-08-2022, the price adjusted to $4,351,400 due to the reason allowed under section 35(2)(b) of the Ordinance","價單第2號 (B2)付款辦法 Payment Method (B2) of Price List No.2 依照售價減 5.5%(94.5%) 5.5% discount from the price (94.5%) 首3年保修優惠 First 3 Years Warranty Offer 在10-08-2022，支付條款更改為 On 10-08-2022, the terms of payment adjusted to 價單第2號 (B1)付款辦法 Payment Method (B1) of Price List No.2 依照售價減6.5% (93.5%) 6.5% discount from the price (93.5%) 首3年保修優惠 First 3 Years Warranty Offer",
2022-08-06,2022-08-12,,B,7,19,,4445900,,價單第2號 (B1)付款辦法 Payment Method (B1) of Price List No.2 依照售價減 6.5%(93.5%) 6.5% discount from the price (93.5%) 首3年保修優惠 First 3 Years Warranty Offer,
2022-08-06,2022-08-12,,B,7,20,,4358900,,價單第1號 (B1)付款辦法 Payment Method (B1) of Price List No.1 依照售價減 6.5%(93.5%) 6.5% discount from the price (93.5%) 首3年保修優惠 First 3 Years Warranty Offer,
2022-08-06,2022-08-12,,B,7,21,,4562800,,價單第1號 (B1)付款辦法 Payment Method (B1) of Price List No.1 依照售價減 6.5%(93.5%) 6.5% discount from the price (93.5%) 首3年保修優惠 First 3 Years Warranty Offer,
2022-08-06,2022-08-12,,B,7,22,,4617900,,價單第1號 (B1)付款辦法 Payment Method (B1) of Price List No.1 依照售價減 6.5%(93.5%) 6.5% discount from the price (93.5%) 首3年保修優惠 First 3 Years Warranty Offer,
2022-08-06,2022-08-11,,B,8,1,,4811800,,價單第1號 (A1)付款辦法 Payment Method (A1) of Price List No.1 依照售價減 7%(93%) 7% discount from the price (93%) 首3年保修優惠 First 3 Years Warranty Offer,
2022-08-06,2022-08-12,,B,8,2,,4607600,,價單第2號 (B1)付款辦法 Payment Method (B1) of Price List No.2 依照售價減 6.5%(93.5%) 6.5% discount from the price (93.5%) 首3年保修優惠 First 3 Years Warranty Offer,
2022-08-06,2022-08-12,,B,8,5,,6585200,,價單第2號 (B1)付款辦法 Payment Method (B1) of Price List No.2 依照售價減 6.5%(93.5%) 6.5% discount from the price (93.5%) 首3年保修優惠 First 3 Years Warranty Offer,
2022-08-06,2022-08-12,,B,8,15,,4500100,,價單第1號 (B1)付款辦法 Payment Method (B1) of Price List No.1 依照售價減 6.5%(93.5%) 6.5% discount from the price (93.5%) 首3年保修優惠 First 3 Years Warranty Offer,
2022-08-06,2022-08-12,,B,8,16,,4490900,,價單第1號 (A1)付款辦法 Payment Method (A1) of Price List No.1 依照售價減 7%(93%) 7% discount from the price (93%) 首3年保修優惠 First 3 Years Warranty Offer,
2022-08-06,2022-08-12,,B,8,17,,4477000,,價單第2號 (A1)付款辦法 Payment Method (A1) of Price List No.2 依照售價減 7%(93%) 7% discount from the price (93%) 首3年保修優惠 First 3 Years Warranty Offer,
2022-08-06,2022-08-11,,B,8,18,,4410300,,價單第2號 (B2)付款辦法 Payment Method (B2) of Price List No.2 依照售價減 5.5%(94.5%) 5.5% discount from the price (94.5%) 首3年保修優惠 First 3 Years Warranty Offer,
2022-08-06,2022-08-11,,B,8,19,,4460800,,價單第2號 (B1)付款辦法 Payment Method (B1) of Price List No.2 依照售價減 6.5%(93.5%) 6.5% discount from the price (93.5%) 首3年保修優惠 First 3 Years Warranty Offer 買方如直接經由「恒基物業代理有限公司」購入價單內住宅物業 （並非經由其他地產代理公司中介成交）， 於簽契入伙後可獲贈24個月管理費。 Any purchaser who purchases any specified residential property in the price list of the development directly through Henderson Property Agency Limited (but not through the other estate agents) will be given management fees for the period of 24 months after the execution of the assignment of the residential property by the purchaser.,
2022-08-06,2022-08-10,,B,8,20,,4419700,,價單第1號 (B2)付款辦法 Payment Method (B2) of Price List No.1 依照售價減 5.5%(94.5%) 5.5% discount from the price (94.5%) 首3年保修優惠 First 3 Years Warranty Offer,
2022-08-06,2022-08-12,,B,8,21,,4576800,,價單第1號 (B1)付款辦法 Payment Method (B1) of Price List No.1 依照售價減 6.5%(93.5%) 6.5% discount from the price (93.5%) 首3年保修優惠 First 3 Years Warranty Offer,
2022-08-06,2022-08-11,,B,8,22,,4631900,,價單第1號 (B1)付款辦法 Payment Method (B1) of Price List No.1 依照售價減 6.5%(93.5%) 6.5% discount from the price (93.5%) 首3年保修優惠 First 3 Years Warranty Offer,
2022-08-06,2022-08-12,,B,9,1,,4851700,,價單第1號 (B1)付款辦法 Payment Method (B1) of Price List No.1 依照售價減 6.5%(93.5%) 6.5% discount from the price (93.5%) 首3年保修優惠 First 3 Years Warranty Offer,
2022-08-06,2022-08-12,,B,9,2,,4621700,,價單第2號 (B1)付款辦法 Payment Method (B1) of Price List No.2 依照售價減 6.5%(93.5%) 6.5% discount from the price (93.5%) 首3年保修優惠 First 3 Years Warranty Offer 買方如直接經由「恒基物業代理有限公司」購入價單內住宅物業 （並非經由其他地產代理公司中介成交）， 於簽契入伙後可獲贈24個月管理費。 Any purchaser who purchases any specified residential property in the price list of the development directly through Henderson Property Agency Limited (but not through the other estate agents) will be given management fees for the period of 24 months after the execution of the assignment of the residential property by the purchaser.,
2022-08-06,2022-08-12,,B,9,5,,6676400,,價單第2號 (B2)付款辦法 Payment Method (B2) of Price List No.2 依照售價減 5.5%(94.5%) 5.5% discount from the price (94.5%) 首3年保修優惠 First 3 Years Warranty Offer,
2022-08-06,2022-08-12,,B,9,15,,4514100,,價單第1號 (B1)付款辦法 Payment Method (B1) of Price List No.1 依照售價減 6.5%(93.5%) 6.5% discount from the price (93.5%) 首3年保修優惠 First 3 Years Warranty Offer,
2022-08-06,2022-08-12,,B,9,16,,4529100,,價單第1號 (B1)付款辦法 Payment Method (B1) of Price List No.1 依照售價減 6.5%(93.5%) 6.5% discount from the price (93.5%) 首3年保修優惠 First 3 Years Warranty Offer,
2022-08-06,2022-08-12,,B,9,17,,4490900,,價單第2號 (A1)付款辦法 Payment Method (A1) of Price List No.2 依照售價減 7%(93%) 7% discount from the price (93%) 首3年保修優惠 First 3 Years Warranty Offer,
2022-08-06,2022-08-12,,B,9,18,,4375800,,價單第2號 (B1)付款辦法 Payment Method (B1) of Price List No.2 依照售價減 6.5%(93.5%) 6.5% discount from the price (93.5%) 首3年保修優惠 First 3 Years Warranty Offer,
2022-08-06,2022-08-12,,B,9,19,,4474900,,價單第2號 (B1)付款辦法 Payment Method (B1) of Price List No.2 依照售價減 6.5%(93.5%) 6.5% discount from the price (93.5%) 首3年保修優惠 First 3 Years Warranty Offer,
2022-08-06,2022-08-12,,B,9,20,,4387000,,價單第1號 (B1)付款辦法 Payment Method (B1) of Price List No.1 依照售價減 6.5%(93.5%) 6.5% discount from the price (93.5%) 首3年保修優惠 First 3 Years Warranty Offer,
2022-08-06,2022-08-12,,B,9,21,,4590800,,價單第1號 (B1)付款辦法 Payment Method (B1) of Price List No.1 依照售價減 6.5%(93.5%) 6.5% discount from the price (93.5%) 首3年保修優惠 First 3 Years Warranty Offer,
2022-08-06,2022-08-12,,B,9,22,,4646000,,價單第1號 (B1)付款辦法 Payment Method (B1) of Price List No.1 依照售價減 6.5%(93.5%) 6.5% discount from the price (93.5%) 首3年保修優惠 First 3 Years Warranty Offer,
2022-08-06,2022-08-12,,B,G,1,,5870300,,價單第2號 (B2)付款辦法 Payment Method (B2) of Price List No.2 依照售價減 5.5%(94.5%) 5.5% discount from the price (94.5%) 首3年保修優惠 First 3 Years Warranty Offer,
2022-08-06,2022-08-12,,B,G,2,,5254700,,價單第2號 (B1)付款辦法 Payment Method (B1) of Price List No.2 依照售價減 6.5%(93.5%) 6.5% discount from the price (93.5%) 首3年保修優惠 First 3 Years Warranty Offer,
2022-08-06,2022-08-10,,B,10,1,,4865700,,價單第1號 (B1)付款辦法 Payment Method (B1) of Price List No.1 依照售價減 6.5%(93.5%) 6.5% discount from the price (93.5%) 首3年保修優惠 First 3 Years Warranty Offer 買方如直接經由「恒基物業代理有限公司」購入價單內住宅物業 （並非經由其他地產代理公司中介成交）， 於簽契入伙後可獲贈24個月管理費。 Any purchaser who purchases any specified residential property in the price list of the development directly through Henderson Property Agency Limited (but not through the other estate agents) will be given management fees for the period of 24 months after the execution of the assignment of the residential property by the purchaser.,
2022-08-06,2022-08-12,,B,10,2,,4635700,,價單第2號 (B1)付款辦法 Payment Method (B1) of Price List No.2 依照售價減 6.5%(93.5%) 6.5% discount from the price (93.5%) 首3年保修優惠 First 3 Years Warranty Offer,
2022-08-06,2022-08-12,,B,10,5,,6626300,,價單第2號 (B1)付款辦法 Payment Method (B1) of Price List No.2 依照售價減 6.5%(93.5%) 6.5% discount from the price (93.5%) 首3年保修優惠 First 3 Years Warranty Offer,
2022-08-06,2022-08-12,,B,10,15,,4528200,,價單第1號 (B1)付款辦法 Payment Method (B1) of Price List No.1 依照售價減 6.5%(93.5%) 6.5% discount from the price (93.5%) 首3年保修優惠 First 3 Years Warranty Offer,
2022-08-06,2022-08-12,,B,10,16,,4543100,,價單第1號 (B1)付款辦法 Payment Method (B1) of Price List No.1 依照售價減 6.5%(93.5%) 6.5% discount from the price (93.5%) 首3年保修優惠 First 3 Years Warranty Offer,
2022-08-06,2022-08-10,,B,10,17,,4578500,,價單第2號 (B2)付款辦法 Payment Method (B2) of Price List No.2 依照售價減 5.5%(94.5%) 5.5% discount from the price (94.5%) 首3年保修優惠 First 3 Years Warranty Offer,
2022-08-06,2022-08-12,,B,10,18,,4387900,,價單第2號 (B1)付款辦法 Payment Method (B1) of Price List No.2 依照售價減 6.5%(93.5%) 6.5% discount from the price (93.5%) 首3年保修優惠 First 3 Years Warranty Offer,
2022-08-06,2022-08-12,,B,10,19,,4488900,,價單第2號 (B1)付款辦法 Payment Method (B1) of Price List No.2 依照售價減 6.5%(93.5%) 6.5% discount from the price (93.5%) 首3年保修優惠 First 3 Years Warranty Offer,
2022-08-06,2022-08-12,,B,10,20,,4401000,,價單第1號 (B1)付款辦法 Payment Method (B1) of Price List No.1 依照售價減 6.5%(93.5%) 6.5% discount from the price (93.5%) 首3年保修優惠 First 3 Years Warranty Offer,
2022-08-06,2022-08-12,,B,10,21,,4604800,,價單第1號 (B1)付款辦法 Payment Method (B1) of Price List No.1 依照售價減 6.5%(93.5%) 6.5% discount from the price (93.5%) 首3年保修優惠 First 3 Years Warranty Offer,
2022-08-06,2022-08-12,,B,10,22,,4660000,,價單第1號 (B1)付款辦法 Payment Method (B1) of Price List No.1 依照售價減 6.5%(93.5%) 6.5% discount from the price (93.5%) 首3年保修優惠 First 3 Years Warranty Offer,
2022-08-06,2022-08-12,,B,11,1,,4931900,,價單第1號 (B2)付款辦法 Payment Method (B2) of Price List No.1 依照售價減 5.5%(94.5%) 5.5% discount from the price (94.5%) 首3年保修優惠 First 3 Years Warranty Offer,
2022-08-06,2022-08-12,,B,11,2,,4649700,,價單第2號 (B1)付款辦法 Payment Method (B1) of Price List No.2 依照售價減 6.5%(93.5%) 6.5% discount from the price (93.5%) 首3年保修優惠 First 3 Years Warranty Offer,
2022-08-06,2022-08-12,,B,11,5,,6645900,,價單第2號 (B1)付款辦法 Payment Method (B1) of Price List No.2 依照售價減 6.5%(93.5%) 6.5% discount from the price (93.5%) 首3年保修優惠 First 3 Years Warranty Offer,
2022-08-06,2022-08-12,,B,11,15,,4542200,,價單第1號 (B1)付款辦法 Payment Method (B1) of Price List No.1 依照售價減 6.5%(93.5%) 6.5% discount from the price (93.5%) 首3年保修優惠 First 3 Years Warranty Offer,
2022-08-06,2022-08-12,,B,11,16,,4557100,,價單第1號 (B1)付款辦法 Payment Method (B1) of Price List No.1 依照售價減 6.5%(93.5%) 6.5% discount from the price (93.5%) 首3年保修優惠 First 3 Years Warranty Offer,
2022-08-06,2022-08-12,,B,11,17,,4544100,,價單第2號 (B1)付款辦法 Payment Method (B1) of Price List No.2 依照售價減 6.5%(93.5%) 6.5% discount from the price (93.5%) 首3年保修優惠 First 3 Years Warranty Offer,
2022-08-06,2022-08-12,,B,11,18,,4400100,,價單第2號 (B1)付款辦法 Payment Method (B1) of Price List No.2 依照售價減 6.5%(93.5%) 6.5% discount from the price (93.5%) 首3年保修優惠 First 3 Years Warranty Offer,
2022-08-06,2022-08-12,,B,11,19,,4502900,,價單第2號 (B1)付款辦法 Payment Method (B1) of Price List No.2 依照售價減 6.5%(93.5%) 6.5% discount from the price (93.5%) 首3年保修優惠 First 3 Years Warranty Offer,
2022-08-06,2022-08-11,,B,11,20,,4462200,,價單第1號 (B2)付款辦法 Payment Method (B2) of Price List No.1 依照售價減 5.5%(94.5%) 5.5% discount from the price (94.5%) 首3年保修優惠 First 3 Years Warranty Offer,
2022-08-06,2022-08-10,2023-02-22,B,11,21,,4668300,,價單第1號 (B2)付款辦法 Payment Method (B2) of Price List No.1 依照售價減 5.5%(94.5%) 5.5% discount from the price (94.5%) 首3年保修優惠 First 3 Years Warranty Offer,
2022-08-06,2022-08-12,,B,11,22,,4674000,,價單第1號 (B1)付款辦法 Payment Method (B1) of Price List No.1 依照售價減 6.5%(93.5%) 6.5% discount from the price (93.5%) 首3年保修優惠 First 3 Years Warranty Offer,
2022-08-06,2022-08-10,,B,12,1,,4946100,,價單第1號 (B2)付款辦法 Payment Method (B2) of Price List No.1 依照售價減 5.5%(94.5%) 5.5% discount from the price (94.5%) 首3年保修優惠 First 3 Years Warranty Offer,
2022-08-06,2022-08-12,,B,12,2,,4664700,,價單第2號 (B1)付款辦法 Payment Method (B1) of Price List No.2 依照售價減 6.5%(93.5%) 6.5% discount from the price (93.5%) 首3年保修優惠 First 3 Years Warranty Offer,
2022-08-06,2022-08-12,,B,12,5,,6737800,,價單第2號 (B2)付款辦法 Payment Method (B2) of Price List No.2 依照售價減 5.5%(94.5%) 5.5% discount from the price (94.5%) 首3年保修優惠 First 3 Years Warranty Offer,
2022-08-06,2022-08-10,,B,12,15,,4556200,,價單第1號 (B1)付款辦法 Payment Method (B1) of Price List No.1 依照售價減 6.5%(93.5%) 6.5% discount from the price (93.5%) 首3年保修優惠 First 3 Years Warranty Offer,
2022-08-06,2022-08-12,,B,12,16,,4546700,,價單第1號 (A1)付款辦法 Payment Method (A1) of Price List No.1 依照售價減 7%(93%) 7% discount from the price (93%) 首3年保修優惠 First 3 Years Warranty Offer,
2022-08-06,2022-08-12,,B,12,17,,4558100,,價單第2號 (B1)付款辦法 Payment Method (B1) of Price List No.2 依照售價減 6.5%(93.5%) 6.5% discount from the price (93.5%) 首3年保修優惠 First 3 Years Warranty Offer,
2022-08-06,2022-08-12,,B,12,18,,4412200,,價單第2號 (B1)付款辦法 Payment Method (B1) of Price List No.2 依照售價減 6.5%(93.5%) 6.5% discount from the price (93.5%) 首3年保修優惠 First 3 Years Warranty Offer,
2022-08-06,2022-08-12,,B,12,19,,4517900,,價單第2號 (B1)付款辦法 Payment Method (B1) of Price List No.2 依照售價減 6.5%(93.5%) 6.5% discount from the price (93.5%) 首3年保修優惠 First 3 Years Warranty Offer,
2022-08-06,2022-08-12,,B,12,20,,4429000,,價單第1號 (B1)付款辦法 Payment Method (B1) of Price List No.1 依照售價減 6.5%(93.5%) 6.5% discount from the price (93.5%) 首3年保修優惠 First 3 Years Warranty Offer,
2022-08-06,2022-08-12,,B,12,21,,4632900,,價單第1號 (B1)付款辦法 Payment Method (B1) of Price List No.1 依照售價減 6.5%(93.5%) 6.5% discount from the price (93.5%) 首3年保修優惠 First 3 Years Warranty Offer,
2022-08-06,2022-08-11,,B,12,22,,4738200,,價單第1號 (B2)付款辦法 Payment Method (B2) of Price List No.1 依照售價減 5.5%(94.5%) 5.5% discount from the price (94.5%) 首3年保修優惠 First 3 Years Warranty Offer,
2022-08-06,2022-08-12,,B,15,1,,4881500,,價單第1號 (A1)付款辦法 Payment Method (A1) of Price List No.1 依照售價減 7%(93%) 7% discount from the price (93%) 首3年保修優惠 First 3 Years Warranty Offer 買方如直接經由「恒基物業代理有限公司」購入價單內住宅物業 （並非經由其他地產代理公司中介成交）， 於簽契入伙後可獲贈24個月管理費。 Any purchaser who purchases any specified residential property in the price list of the development directly through Henderson Property Agency Limited (but not through the other estate agents) will be given management fees for the period of 24 months after the execution of the assignment of the residential property by the purchaser.,
2022-08-06,2022-08-12,2023-02-17,B,15,2,,4678700,,價單第2號 (B1)付款辦法 Payment Method (B1) of Price List No.2 依照售價減 6.5%(93.5%) 6.5% discount from the price (93.5%) 首3年保修優惠 First 3 Years Warranty Offer 買方如直接經由「恒基物業代理有限公司」購入價單內住宅物業 （並非經由其他地產代理公司中介成交）， 於簽契入伙後可獲贈24個月管理費。 Any purchaser who purchases any specified residential property in the price list of the development directly through Henderson Property Agency Limited (but not through the other estate agents) will be given management fees for the period of 24 months after the execution of the assignment of the residential property by the purchaser.,
2022-08-06,2022-08-12,,B,15,3,,4683400,,價單第2號 (B1)付款辦法 Payment Method (B1) of Price List No.2 依照售價減 6.5%(93.5%) 6.5% discount from the price (93.5%) 首3年保修優惠 First 3 Years Warranty Offer,
2022-08-06,2022-08-12,,B,15,5,,6556200,,價單第1號 (B1)付款辦法 Payment Method (B1) of Price List No.1 依照售價減 6.5%(93.5%) 6.5% discount from the price (93.5%) 首3年保修優惠 First 3 Years Warranty Offer,
2022-08-06,2022-08-12,,B,15,15,,4570200,,價單第1號 (B1)付款辦法 Payment Method (B1) of Price List No.1 依照售價減 6.5%(93.5%) 6.5% discount from the price (93.5%) 首3年保修優惠 First 3 Years Warranty Offer 買方如直接經由「恒基物業代理有限公司」購入價單內住宅物業 （並非經由其他地產代理公司中介成交）， 於簽契入伙後可獲贈24個月管理費。 Any purchaser who purchases any specified residential property in the price list of the development directly through Henderson Property Agency Limited (but not through the other estate agents) will be given management fees for the period of 24 months after the execution of the assignment of the residential property by the purchaser.,
2022-08-06,2022-08-12,,B,15,16,,4585200,,價單第1號 (B1)付款辦法 Payment Method (B1) of Price List No.1 依照售價減 6.5%(93.5%) 6.5% discount from the price (93.5%) 首3年保修優惠 First 3 Years Warranty Offer,
2022-08-06,2022-08-09,,B,15,17,,4621900,,價單第2號 (B2)付款辦法 Payment Method (B2) of Price List No.2 依照售價減 5.5%(94.5%) 5.5% discount from the price (94.5%) 首3年保修優惠 First 3 Years Warranty Offer,
2022-08-06,2022-08-12,,B,15,18,,4424400,,價單第2號 (B1)付款辦法 Payment Method (B1) of Price List No.2 依照售價減 6.5%(93.5%) 6.5% discount from the price (93.5%) 首3年保修優惠 First 3 Years Warranty Offer,
2022-08-06,2022-08-12,,B,15,19,,4531900,,價單第2號 (B1)付款辦法 Payment Method (B1) of Price List No.2 依照售價減 6.5%(93.5%) 6.5% discount from the price (93.5%) 首3年保修優惠 First 3 Years Warranty Offer,
2022-08-06,2022-08-09,,B,15,20,,4490600,,價單第1號 (B2)付款辦法 Payment Method (B2) of Price List No.1 依照售價減 5.5%(94.5%) 5.5% discount from the price (94.5%) 首3年保修優惠 First 3 Years Warranty Offer,
2022-08-06,2022-08-12,,B,15,21,,4622100,,價單第1號 (A1)付款辦法 Payment Method (A1) of Price List No.1 依照售價減 7%(93%) 7% discount from the price (93%) 首3年保修優惠 First 3 Years Warranty Offer,
2022-08-06,2022-08-09,,B,15,22,,4702100,,價單第1號 (B1)付款辦法 Payment Method (B1) of Price List No.1 依照售價減 6.5%(93.5%) 6.5% discount from the price (93.5%) 首3年保修優惠 First 3 Years Warranty Offer 買方如直接經由「恒基物業代理有限公司」購入價單內住宅物業 （並非經由其他地產代理公司中介成交）， 於簽契入伙後可獲贈24個月管理費。 Any purchaser who purchases any specified residential property in the price list of the development directly through Henderson Property Agency Limited (but not through the other estate agents) will be given management fees for the period of 24 months after the execution of the assignment of the residential property by the purchaser.,
2022-08-06,2022-08-11,,B,16,1,,4921800,,價單第1號 (B1)付款辦法 Payment Method (B1) of Price List No.1 依照售價減 6.5%(93.5%) 6.5% discount from the price (93.5%) 首3年保修優惠 First 3 Years Warranty Offer 買方如直接經由「恒基物業代理有限公司」購入價單內住宅物業 （並非經由其他地產代理公司中介成交）， 於簽契入伙後可獲贈24個月管理費。 Any purchaser who purchases any specified residential property in the price list of the development directly through Henderson Property Agency Limited (but not through the other estate agents) will be given management fees for the period of 24 months after the execution of the assignment of the residential property by the purchaser.,
2022-08-06,2022-08-12,,B,16,2,,4692700,,價單第2號 (B1)付款辦法 Payment Method (B1) of Price List No.2 依照售價減 6.5%(93.5%) 6.5% discount from the price (93.5%) 首3年保修優惠 First 3 Years Warranty Offer,
2022-08-06,2022-08-11,,B,16,3,,4673200,,價單第2號 (A1)付款辦法 Payment Method (A1) of Price List No.2 依照售價減 7%(93%) 7% discount from the price (93%) 首3年保修優惠 First 3 Years Warranty Offer,
2022-08-06,2022-08-12,,B,16,5,,6575800,,價單第1號 (B1)付款辦法 Payment Method (B1) of Price List No.1 依照售價減 6.5%(93.5%) 6.5% discount from the price (93.5%) 首3年保修優惠 First 3 Years Warranty Offer,
2022-08-06,2022-08-12,,B,16,15,,4584300,,價單第1號 (B1)付款辦法 Payment Method (B1) of Price List No.1 依照售價減 6.5%(93.5%) 6.5% discount from the price (93.5%) 首3年保修優惠 First 3 Years Warranty Offer 買方如直接經由「恒基物業代理有限公司」購入價單內住宅物業 （並非經由其他地產代理公司中介成交）， 於簽契入伙後可獲贈24個月管理費。 Any purchaser who purchases any specified residential property in the price list of the development directly through Henderson Property Agency Limited (but not through the other estate agents) will be given management fees for the period of 24 months after the execution of the assignment of the residential property by the purchaser.,
2022-08-06,2022-08-11,,B,16,16,,4574600,,價單第1號 (A1)付款辦法 Payment Method (A1) of Price List No.1 依照售價減 7%(93%) 7% discount from the price (93%) 首3年保修優惠 First 3 Years Warranty Offer 買方如直接經由「恒基物業代理有限公司」購入價單內住宅物業 （並非經由其他地產代理公司中介成交）， 於簽契入伙後可獲贈24個月管理費。 Any purchaser who purchases any specified residential property in the price list of the development directly through Henderson Property Agency Limited (but not through the other estate agents) will be given management fees for the period of 24 months after the execution of the assignment of the residential property by the purchaser.,
2022-08-06,2022-08-12,,B,16,17,,4587100,,價單第2號 (B1)付款辦法 Payment Method (B1) of Price List No.2 依照售價減 6.5%(93.5%) 6.5% discount from the price (93.5%) 首3年保修優惠 First 3 Years Warranty Offer,
2022-08-06,2022-08-12,,B,16,18,,4412800,,價單第2號 (A1)付款辦法 Payment Method (A1) of Price List No.2 依照售價減 7%(93%) 7% discount from the price (93%) 首3年保修優惠 First 3 Years Warranty Offer,
2022-08-06,2022-08-12,,B,16,19,,4545900,,價單第2號 (B1)付款辦法 Payment Method (B1) of Price List No.2 依照售價減 6.5%(93.5%) 6.5% discount from the price (93.5%) 首3年保修優惠 First 3 Years Warranty Offer,
2022-08-06,2022-08-12,,B,16,20,,4457100,,價單第1號 (B1)付款辦法 Payment Method (B1) of Price List No.1 依照售價減 6.5%(93.5%) 6.5% discount from the price (93.5%) 首3年保修優惠 First 3 Years Warranty Offer,
2022-08-06,2022-08-12,,B,16,21,,4660900,,價單第1號 (B1)付款辦法 Payment Method (B1) of Price List No.1 依照售價減 6.5%(93.5%) 6.5% discount from the price (93.5%) 首3年保修優惠 First 3 Years Warranty Offer,
2022-08-06,2022-08-10,,B,16,22,,4716100,,價單第1號 (B1)付款辦法 Payment Method (B1) of Price List No.1 依照售價減 6.5%(93.5%) 6.5% discount from the price (93.5%) 首3年保修優惠 First 3 Years Warranty Offer 買方如直接經由「恒基物業代理有限公司」購入價單內住宅物業 （並非經由其他地產代理公司中介成交）， 於簽契入伙後可獲贈24個月管理費。 Any purchaser who purchases any specified residential property in the price list of the development directly through Henderson Property Agency Limited (but not through the other estate agents) will be given management fees for the period of 24 months after the execution of the assignment of the residential property by the purchaser.,
2022-08-06,2022-08-12,,B,17,1,,4935800,,價單第1號 (B1)付款辦法 Payment Method (B1) of Price List No.1 依照售價減 6.5%(93.5%) 6.5% discount from the price (93.5%) 首3年保修優惠 First 3 Years Warranty Offer,
2022-08-06,2022-08-11,,B,17,2,,4758000,,價單第2號 (B2)付款辦法 Payment Method (B2) of Price List No.2 依照售價減 5.5%(94.5%) 5.5% discount from the price (94.5%) 首3年保修優惠 First 3 Years Warranty Offer,
2022-08-06,2022-08-12,,B,17,3,,4687200,,價單第2號 (A1)付款辦法 Payment Method (A1) of Price List No.2 依照售價減 7%(93%) 7% discount from the price (93%) 首3年保修優惠 First 3 Years Warranty Offer,
2022-08-06,2022-08-12,,B,17,5,,6728200,,價單第2號 (B1)付款辦法 Payment Method (B1) of Price List No.2 依照售價減 6.5%(93.5%) 6.5% discount from the price (93.5%) 首3年保修優惠 First 3 Years Warranty Offer,
2022-08-06,2022-08-11,,B,17,15,,4647500,,價單第1號 (B2)付款辦法 Payment Method (B2) of Price List No.1 依照售價減 5.5%(94.5%) 5.5% discount from the price (94.5%) 首3年保修優惠 First 3 Years Warranty Offer,
2022-08-06,2022-08-12,,B,17,17,,4601100,,價單第2號 (B1)付款辦法 Payment Method (B1) of Price List No.2 依照售價減 6.5%(93.5%) 6.5% discount from the price (93.5%) 首3年保修優惠 First 3 Years Warranty Offer,
2022-08-06,2022-08-12,,B,17,18,,4449600,,價單第2號 (B1)付款辦法 Payment Method (B1) of Price List No.2 依照售價減 6.5%(93.5%) 6.5% discount from the price (93.5%) 首3年保修優惠 First 3 Years Warranty Offer,
2022-08-06,2022-08-12,,B,17,19,,4535600,,價單第2號 (A1)付款辦法 Payment Method (A1) of Price List No.2 依照售價減 7%(93%) 7% discount from the price (93%) 首3年保修優惠 First 3 Years Warranty Offer,
2022-08-06,2022-08-12,,B,17,20,,4471100,,價單第1號 (B1)付款辦法 Payment Method (B1) of Price List No.1 依照售價減 6.5%(93.5%) 6.5% discount from the price (93.5%) 首3年保修優惠 First 3 Years Warranty Offer,
2022-08-06,2022-08-10,,B,17,21,,4675000,,價單第1號 (B1)付款辦法 Payment Method (B1) of Price List No.1 依照售價減 6.5%(93.5%) 6.5% discount from the price (93.5%) 首3年保修優惠 First 3 Years Warranty Offer,
2022-08-06,2022-08-12,,B,17,22,,4730100,,價單第1號 (B1)付款辦法 Payment Method (B1) of Price List No.1 依照售價減 6.5%(93.5%) 6.5% discount from the price (93.5%) 首3年保修優惠 First 3 Years Warranty Offer,
2022-08-06,2022-08-11,,B,18,1,,4923400,,價單第1號 (A1)付款辦法 Payment Method (A1) of Price List No.1 依照售價減 7%(93%) 7% discount from the price (93%) 首3年保修優惠 First 3 Years Warranty Offer 買方如直接經由「恒基物業代理有限公司」購入價單內住宅物業 （並非經由其他地產代理公司中介成交）， 於簽契入伙後可獲贈24個月管理費。 Any purchaser who purchases any specified residential property in the price list of the development directly through Henderson Property Agency Limited (but not through the other estate agents) will be given management fees for the period of 24 months after the execution of the assignment of the residential property by the purchaser.,
2022-08-06,2022-08-12,,B,18,2,,4721700,,價單第2號 (B1)付款辦法 Payment Method (B1) of Price List No.2 依照售價減 6.5%(93.5%) 6.5% discount from the price (93.5%) 首3年保修優惠 First 3 Years Warranty Offer,
2022-08-06,2022-08-12,,B,18,3,,4726400,,價單第2號 (B1)付款辦法 Payment Method (B1) of Price List No.2 依照售價減 6.5%(93.5%) 6.5% discount from the price (93.5%) 首3年保修優惠 First 3 Years Warranty Offer,
2022-08-06,2022-08-11,,B,18,5,,6820000,,價單第2號 (B2)付款辦法 Payment Method (B2) of Price List No.2 依照售價減 5.5%(94.5%) 5.5% discount from the price (94.5%) 首3年保修優惠 First 3 Years Warranty Offer,
2022-08-06,2022-08-10,,B,18,15,,4661600,,價單第1號 (B2)付款辦法 Payment Method (B2) of Price List No.1 依照售價減 5.5%(94.5%) 5.5% discount from the price (94.5%) 首3年保修優惠 First 3 Years Warranty Offer,
2022-08-06,2022-08-12,,B,18,17,,4590400,,價單第2號 (A1)付款辦法 Payment Method (A1) of Price List No.2 依照售價減 7%(93%) 7% discount from the price (93%) 首3年保修優惠 First 3 Years Warranty Offer,
2022-08-06,2022-08-12,,B,18,18,,4437900,,價單第2號 (A1)付款辦法 Payment Method (A1) of Price List No.2 依照售價減 7%(93%) 7% discount from the price (93%) 首3年保修優惠 First 3 Years Warranty Offer,
2022-08-06,2022-08-12,,B,18,19,,4550400,,價單第2號 (A1)付款辦法 Payment Method (A1) of Price List No.2 依照售價減 7%(93%) 7% discount from the price (93%) 首3年保修優惠 First 3 Years Warranty Offer,
2022-08-06,2022-08-12,,B,18,20,,4485100,,價單第1號 (B1)付款辦法 Payment Method (B1) of Price List No.1 依照售價減 6.5%(93.5%) 6.5% discount from the price (93.5%) 首3年保修優惠 First 3 Years Warranty Offer,
2022-08-06,2022-08-12,,B,18,21,,4689000,,價單第1號 (B1)付款辦法 Payment Method (B1) of Price List No.1 依照售價減 6.5%(93.5%) 6.5% discount from the price (93.5%) 首3年保修優惠 First 3 Years Warranty Offer,
2022-08-06,2022-08-12,,B,18,22,,4718800,,價單第1號 (A1)付款辦法 Payment Method (A1) of Price List No.1 依照售價減 7%(93%) 7% discount from the price (93%) 首3年保修優惠 First 3 Years Warranty Offer,
2022-08-06,2022-08-12,,B,19,1,,4963900,,價單第1號 (B1)付款辦法 Payment Method (B1) of Price List No.1 依照售價減 6.5%(93.5%) 6.5% discount from the price (93.5%) 首3年保修優惠 First 3 Years Warranty Offer,
2022-08-06,2022-08-12,,B,19,2,,4786400,,價單第2號 (B2)付款辦法 Payment Method (B2) of Price List No.2 依照售價減 5.5%(94.5%) 5.5% discount from the price (94.5%) 首3年保修優惠 First 3 Years Warranty Offer,
2022-08-06,2022-08-12,,B,19,3,,4792000,,價單第2號 (B2)付款辦法 Payment Method (B2) of Price List No.2 依照售價減 5.5%(94.5%) 5.5% discount from the price (94.5%) 首3年保修優惠 First 3 Years Warranty Offer,
2022-08-06,2022-08-12,,B,19,5,,6840800,"在12-10-2022，基於法例第35 (2)(b)條所容許的原因，售價更改 為$6,768,400 On 12-10-2022, the price adjusted to $6,768,400 due to the reason allowed under section 35(2)(b) of the Ordinance","價單第2號 (B2)付款辦法 Payment Method (B2) of Price List No.2 依照售價減 5.5%(94.5%) 5.5% discount from the price (94.5%) 首3年保修優惠 First 3 Years Warranty Offer 在12-10-2022，支付條款更改為 On 12-10-2022, the terms of payment adjusted to 價單第2號 (B1)付款辦法 Payment Method (B1) of Price List No.2 依照售價減 6.5%(93.5%) 6.5% discount from the price (93.5%) 首3年保修優惠 First 3 Years Warranty Offer",
2022-08-06,2022-08-12,,B,19,15,,4626300,,價單第1號 (B1)付款辦法 Payment Method (B1) of Price List No.1 依照售價減 6.5%(93.5%) 6.5% discount from the price (93.5%) 首3年保修優惠 First 3 Years Warranty Offer,
2022-08-06,2022-08-12,,B,19,17,,4605300,,價單第2號 (A1)付款辦法 Payment Method (A1) of Price List No.2 依照售價減 7%(93%) 7% discount from the price (93%) 首3年保修優惠 First 3 Years Warranty Offer,
2022-08-06,2022-08-12,,B,19,18,,4473900,,價單第2號 (B1)付款辦法 Payment Method (B1) of Price List No.2 依照售價減 6.5%(93.5%) 6.5% discount from the price (93.5%) 首3年保修優惠 First 3 Years Warranty Offer,
2022-08-06,2022-08-12,,B,19,19,,4588900,,價單第2號 (B1)付款辦法 Payment Method (B1) of Price List No.2 依照售價減 6.5%(93.5%) 6.5% discount from the price (93.5%) 首3年保修優惠 First 3 Years Warranty Offer,
2022-08-06,2022-08-10,,B,19,20,,4547300,,價單第1號 (B2)付款辦法 Payment Method (B2) of Price List No.1 依照售價減 5.5%(94.5%) 5.5% discount from the price (94.5%) 首3年保修優惠 First 3 Years Warranty Offer,
2022-08-06,2022-08-12,,B,19,21,,4703000,,價單第1號 (B1)付款辦法 Payment Method (B1) of Price List No.1 依照售價減 6.5%(93.5%) 6.5% discount from the price (93.5%) 首3年保修優惠 First 3 Years Warranty Offer,
2022-08-06,2022-08-12,,B,19,22,,4732700,,價單第1號 (A1)付款辦法 Payment Method (A1) of Price List No.1 依照售價減 7%(93%) 7% discount from the price (93%) 首3年保修優惠 First 3 Years Warranty Offer,
2022-08-06,2022-08-12,,B,20,1,,4977900,,價單第1號 (B1)付款辦法 Payment Method (B1) of Price List No.1 依照售價減 6.5%(93.5%) 6.5% discount from the price (93.5%) 首3年保修優惠 First 3 Years Warranty Offer,
2022-08-06,2022-08-12,,B,20,2,,4749800,,價單第2號 (B1)付款辦法 Payment Method (B1) of Price List No.2 依照售價減 6.5%(93.5%) 6.5% discount from the price (93.5%) 首3年保修優惠 First 3 Years Warranty Offer,
2022-08-06,2022-08-11,,B,20,3,,4755400,,價單第2號 (B1)付款辦法 Payment Method (B1) of Price List No.2 依照售價減 6.5%(93.5%) 6.5% discount from the price (93.5%) 首3年保修優惠 First 3 Years Warranty Offer,
2022-08-06,2022-08-10,,B,20,5,,6727400,,價單第1號 (B2)付款辦法 Payment Method (B2) of Price List No.1 依照售價減 5.5%(94.5%) 5.5% discount from the price (94.5%) 首3年保修優惠 First 3 Years Warranty Offer,
2022-08-06,2022-08-12,,B,20,15,,4640400,,價單第1號 (B1)付款辦法 Payment Method (B1) of Price List No.1 依照售價減 6.5%(93.5%) 6.5% discount from the price (93.5%) 首3年保修優惠 First 3 Years Warranty Offer,
2022-08-06,2022-08-12,,B,20,17,,4693800,,價單第2號 (B2)付款辦法 Payment Method (B2) of Price List No.2 依照售價減 5.5%(94.5%) 5.5% discount from the price (94.5%) 首3年保修優惠 First 3 Years Warranty Offer,
2022-08-06,2022-08-12,,B,20,18,,4462100,,價單第2號 (A1)付款辦法 Payment Method (A1) of Price List No.2 依照售價減 7%(93%) 7% discount from the price (93%) 首3年保修優惠 First 3 Years Warranty Offer,
2022-08-06,2022-08-12,,B,20,19,,4578300,,價單第2號 (A1)付款辦法 Payment Method (A1) of Price List No.2 依照售價減 7%(93%) 7% discount from the price (93%) 首3年保修優惠 First 3 Years Warranty Offer,
2022-08-06,2022-08-12,,B,20,20,,4513200,,價單第1號 (B1)付款辦法 Payment Method (B1) of Price List No.1 依照售價減 6.5%(93.5%) 6.5% discount from the price (93.5%) 首3年保修優惠 First 3 Years Warranty Offer,
2022-08-06,2022-08-12,,B,20,21,,4717000,,價單第1號 (B1)付款辦法 Payment Method (B1) of Price List No.1 依照售價減 6.5%(93.5%) 6.5% discount from the price (93.5%) 首3年保修優惠 First 3 Years Warranty Offer,
2022-08-06,2022-08-12,,B,20,22,,4772200,,價單第1號 (B1)付款辦法 Payment Method (B1) of Price List No.1 依照售價減 6.5%(93.5%) 6.5% discount from the price (93.5%) 首3年保修優惠 First 3 Years Warranty Offer,
2022-08-06,2022-08-10,,B,21,1,,4979200,,價單第1號 (A1)付款辦法 Payment Method (A1) of Price List No.1 依照售價減 7%(93%) 7% discount from the price (93%) 首3年保修優惠 First 3 Years Warranty Offer,
2022-08-06,2022-08-12,,B,21,2,,4778700,,價單第2號 (B1)付款辦法 Payment Method (B1) of Price List No.2 依照售價減 6.5%(93.5%) 6.5% discount from the price (93.5%) 首3年保修優惠 First 3 Years Warranty Offer,
2022-08-06,2022-08-12,,B,21,3,,4783400,,價單第2號 (B1)付款辦法 Payment Method (B1) of Price List No.2 依照售價減 6.5%(93.5%) 6.5% discount from the price (93.5%) 首3年保修優惠 First 3 Years Warranty Offer,
2022-08-06,2022-08-11,,B,21,5,,6659700,,價單第1號 (A1)付款辦法 Payment Method (A1) of Price List No.1 依照售價減 7%(93%) 7% discount from the price (93%) 首3年保修優惠 First 3 Years Warranty Offer,
2022-08-06,2022-08-12,,B,21,15,,4668400,,價單第1號 (B1)付款辦法 Payment Method (B1) of Price List No.1 依照售價減 6.5%(93.5%) 6.5% discount from the price (93.5%) 首3年保修優惠 First 3 Years Warranty Offer,
2022-08-06,2022-08-10,,B,21,17,,4638800,,價單第2號 (A1)付款辦法 Payment Method (A1) of Price List No.2 依照售價減 7%(93%) 7% discount from the price (93%) 首3年保修優惠 First 3 Years Warranty Offer,
2022-08-06,2022-08-12,,B,21,18,,4510400,,價單第2號 (B1)付款辦法 Payment Method (B1) of Price List No.2 依照售價減 6.5%(93.5%) 6.5% discount from the price (93.5%) 首3年保修優惠 First 3 Years Warranty Offer,
2022-08-06,2022-08-12,,B,21,19,,4681500,"在18-11-2022，基於法例第35 (2)(b)條所容許的原因，售價更改 為$4,631,900 On 18-11-2022, the price adjusted to $4,631,900 due to the reason allowed under section 35(2)(b) of the Ordinance","價單第2號 (B2)付款辦法 Payment Method (B2) of Price List No.2 依照售價減 5.5%(94.5%) 5.5% discount from the price (94.5%) 首3年保修優惠 First 3 Years Warranty Offer 在18-11-2022，支付條款更改為 On 18-11-2022, the terms of payment adjusted to 價單第2號 (B1)付款辦法 Payment Method (B1) of Price List No.2 依照售價減 6.5%(93.5%) 6.5% discount from the price (93.5%) 首3年保修優惠 First 3 Years Warranty Offer",
2022-08-06,2022-08-12,,B,21,20,,4541200,,價單第1號 (B1)付款辦法 Payment Method (B1) of Price List No.1 依照售價減 6.5%(93.5%) 6.5% discount from the price (93.5%) 首3年保修優惠 First 3 Years Warranty Offer,
2022-08-06,2022-08-12,,B,21,21,,4745100,,價單第1號 (B1)付款辦法 Payment Method (B1) of Price List No.1 依照售價減 6.5%(93.5%) 6.5% discount from the price (93.5%) 首3年保修優惠 First 3 Years Warranty Offer,
2022-08-06,2022-08-11,,B,21,22,,4800200,,價單第1號 (B1)付款辦法 Payment Method (B1) of Price List No.1 依照售價減 6.5%(93.5%) 6.5% discount from the price (93.5%) 首3年保修優惠 First 3 Years Warranty Offer,
2022-08-06,2022-08-12,,B,22,15,,5399500,,價單第3號 (A1)付款辦法 Payment Method (A1) of Price List No.3 依照售價減 7%(93%) 7% discount from the price (93%) 首3年保修優惠 First 3 Years Warranty Offer,
2022-08-06,2022-08-10,,B,22,16,,5443200,,價單第3號 (B2)付款辦法 Payment Method (B2) of Price List No.3 依照售價減 5.5%(94.5%) 5.5% discount from the price (94.5%) 首3年保修優惠 First 3 Years Warranty Offer,
2022-08-06,2022-08-12,,B,22,17,,5049000,,價單第3號 (B1)付款辦法 Payment Method (B1) of Price List No.3 依照售價減 6.5%(93.5%) 6.5% discount from the price (93.5%) 首3年保修優惠 First 3 Years Warranty Offer,
2022-08-06,2022-08-12,,B,22,18,,4870400,,價單第3號 (B1)付款辦法 Payment Method (B1) of Price List No.3 依照售價減 6.5%(93.5%) 6.5% discount from the price (93.5%) 首3年保修優惠 First 3 Years Warranty Offer,
2022-08-06,2022-08-12,,B,22,19,,5027400,,價單第2號 (B1)付款辦法 Payment Method (B1) of Price List No.2 依照售價減 6.5%(93.5%) 6.5% discount from the price (93.5%) 首3年保修優惠 First 3 Years Warranty Offer,
2022-08-06,2022-08-12,,B,22,22,,5750200,,價單第2號 (B1)付款辦法 Payment Method (B1) of Price List No.2 依照售價減 6.5%(93.5%) 6.5% discount from the price (93.5%) 首3年保修優惠 First 3 Years Warranty Offer價單第1號 (A1)付款辦法 Payment Method (A1) of Price List No.1 依照售價減 7%(93%) 7% discount from the price (93%) 首3年保修優惠 First 3 Years Warranty Offer,
2022-08-10,2022-08-17,,A,1,1,,8177400,"16-08-2022，基於法例第35 (2)(b)條所容許的原因，售價更改 為$8,265,400 On 16-08-2022, the price adjusted to $8,265,400 due to the reason allowed under section 35(2)(b) of the Ordinance","價單第4號 (A1)付款辦法 Payment Method (A1) of Price List No.4 依照售價減 7%(93%) 7% discount from the price (93%) 首3年保修優惠 First 3 Years Warranty Offer 在16-08-2022，支付條款更改為 On 16-08-2022, the terms of payment adjusted to 價單第4號 (A2)付款辦法 Payment Method (A2) of Price List No.4 依照售價減 6%(94%) 6% discount from the price (94%) 首3年保修優惠 First 3 Years Warranty Offer",
2022-08-10,2022-08-17,,A,1,19,,6136400,,價單第4號 (B1)付款辦法 Payment Method (B1) of Price List No.4 依照售價減 6.5%(93.5%) 6.5% discount from the price (93.5%) 首3年保修優惠 First 3 Years Warranty Offer,
2022-08-10,2022-08-17,,A,2,19,,6164400,,價單第4號 (B1)付款辦法 Payment Method (B1) of Price List No.4 依照售價減 6.5%(93.5%) 6.5% discount from the price (93.5%) 首3年保修優惠 First 3 Years Warranty Offer 買方如直接經由「恒基物業代理有限公司」購入價單內住宅物業 （並非經由其他地產代理公司中介成交）， 於簽契入伙後可獲贈24個月管理費。 Any purchaser who purchases any specified residential property in the price list of the development directly through Henderson Property Agency Limited (but not through the other estate agents) will be given management fees for the period of 24 months after the execution of the assignment of the residential property by the purchaser.,
2022-08-10,2022-08-17,,A,3,3,,3996200,,價單第4號 (A1)付款辦法 Payment Method (A1) of Price List No.4 依照售價減 7%(93%) 7% discount from the price (93%) 首3年保修優惠 First 3 Years Warranty Offer,
2022-08-10,2022-08-17,,A,3,8,,3117200,,價單第4號 (B1)付款辦法 Payment Method (B1) of Price List No.4 依照售價減 6.5%(93.5%) 6.5% discount from the price (93.5%) 首3年保修優惠 First 3 Years Warranty Offer,
2022-08-10,2022-08-17,,A,3,19,,6183100,,價單第4號 (B1)付款辦法 Payment Method (B1) of Price List No.4 依照售價減 6.5%(93.5%) 6.5% discount from the price (93.5%) 首3年保修優惠 First 3 Years Warranty Offer,
2022-08-10,2022-08-17,,A,5,1,,8701500,,價單第4號 (B2)付款辦法 Payment Method (B2) of Price List No.4 依照售價減 5.5%(94.5%) 5.5% discount from the price (94.5%) 首3年保修優惠 First 3 Years Warranty Offer,
2022-08-10,2022-08-17,,A,5,3,,4014800,,價單第4號 (A1)付款辦法 Payment Method (A1) of Price List No.4 依照售價減 7%(93%) 7% discount from the price (93%) 首3年保修優惠 First 3 Years Warranty Offer,
2022-08-10,2022-08-17,,A,5,8,,3162900,,價單第4號 (B2)付款辦法 Payment Method (B2) of Price List No.4 依照售價減 5.5%(94.5%) 5.5% discount from the price (94.5%) 首3年保修優惠 First 3 Years Warranty Offer,
2022-08-10,2022-08-17,,A,5,19,,6192500,,價單第4號 (B1)付款辦法 Payment Method (B1) of Price List No.4 依照售價減 6.5%(93.5%) 6.5% discount from the price (93.5%) 首3年保修優惠 First 3 Years Warranty Offer,
2022-08-10,2022-08-17,,A,6,1,,8728900,,價單第4號 (B2)付款辦法 Payment Method (B2) of Price List No.4 依照售價減 5.5%(94.5%) 5.5% discount from the price (94.5%) 首3年保修優惠 First 3 Years Warranty Offer,
2022-08-10,2022-08-17,,A,6,3,,4070200,,價單第4號 (A2)付款辦法 Payment Method (A2) of Price List No.4 依照售價減 6%(94%) 6% discount from the price (94%) 首3年保修優惠 First 3 Years Warranty Offer,
2022-08-10,2022-08-17,,A,6,8,,3173300,,價單第4號 (B2)付款辦法 Payment Method (B2) of Price List No.4 依照售價減 5.5%(94.5%) 5.5% discount from the price (94.5%) 首3年保修優惠 First 3 Years Warranty Offer,
2022-08-10,2022-08-17,,A,6,19,,6211200,,價單第4號 (B1)付款辦法 Payment Method (B1) of Price List No.4 依照售價減 6.5%(93.5%) 6.5% discount from the price (93.5%) 首3年保修優惠 First 3 Years Warranty Offer,
2022-08-10,2022-08-17,,A,7,1,,8662700,,價單第4號 (B1)付款辦法 Payment Method (B1) of Price List No.4 依照售價減 6.5%(93.5%) 6.5% discount from the price (93.5%) 首3年保修優惠 First 3 Years Warranty Offer,
2022-08-10,2022-08-17,,A,7,3,,4061600,,價單第4號 (B1)付款辦法 Payment Method (B1) of Price List No.4 依照售價減 6.5%(93.5%) 6.5% discount from the price (93.5%) 首3年保修優惠 First 3 Years Warranty Offer,
2022-08-10,2022-08-17,,A,7,8,,3150000,,價單第4號 (B1)付款辦法 Payment Method (B1) of Price List No.4 依照售價減 6.5%(93.5%) 6.5% discount from the price (93.5%) 首3年保修優惠 First 3 Years Warranty Offer,
2022-08-10,2022-08-17,,A,7,19,,6229900,,價單第4號 (B1)付款辦法 Payment Method (B1) of Price List No.4 依照售價減 6.5%(93.5%) 6.5% discount from the price (93.5%) 首3年保修優惠 First 3 Years Warranty Offer,
2022-08-10,2022-08-17,,A,8,1,,8782800,,價單第4號 (B2)付款辦法 Payment Method (B2) of Price List No.4 依照售價減 5.5%(94.5%) 5.5% discount from the price (94.5%) 首3年保修優惠 First 3 Years Warranty Offer,
2022-08-10,2022-08-17,,A,8,3,,4073700,,價單第4號 (B1)付款辦法 Payment Method (B1) of Price List No.4 依照售價減 6.5%(93.5%) 6.5% discount from the price (93.5%) 首3年保修優惠 First 3 Years Warranty Offer,
2022-08-10,2022-08-17,,A,8,8,,3160300,,價單第4號 (B1)付款辦法 Payment Method (B1) of Price List No.4 依照售價減 6.5%(93.5%) 6.5% discount from the price (93.5%) 首3年保修優惠 First 3 Years Warranty Offer,
2022-08-10,2022-08-17,,A,8,19,,6248600,,價單第4號 (B1)付款辦法 Payment Method (B1) of Price List No.4 依照售價減 6.5%(93.5%) 6.5% discount from the price (93.5%) 首3年保修優惠 First 3 Years Warranty Offer,
2022-08-10,2022-08-17,,A,9,1,,8717000,,價單第4號 (B1)付款辦法 Payment Method (B1) of Price List No.4 依照售價減 6.5%(93.5%) 6.5% discount from the price (93.5%) 首3年保修優惠 First 3 Years Warranty Offer,
2022-08-10,2022-08-17,,A,9,3,,4085900,,價單第4號 (B1)付款辦法 Payment Method (B1) of Price List No.4 依照售價減 6.5%(93.5%) 6.5% discount from the price (93.5%) 首3年保修優惠 First 3 Years Warranty Offer,
2022-08-10,2022-08-17,,A,9,8,,3170500,,價單第4號 (B1)付款辦法 Payment Method (B1) of Price List No.4 依照售價減 6.5%(93.5%) 6.5% discount from the price (93.5%) 首3年保修優惠 First 3 Years Warranty Offer,
2022-08-10,2022-08-17,,A,9,12,,4489800,,價單第4號 (B1)付款辦法 Payment Method (B1) of Price List No.4 依照售價減 6.5%(93.5%) 6.5% discount from the price (93.5%) 首3年保修優惠 First 3 Years Warranty Offer,
2022-08-10,2022-08-17,,A,9,15,,4383200,,價單第4號 (B1)付款辦法 Payment Method (B1) of Price List No.4 依照售價減 6.5%(93.5%) 6.5% discount from the price (93.5%) 首3年保修優惠 First 3 Years Warranty Offer 買方如直接經由「恒基物業代理有限公司」購入價單內住宅物業 （並非經由其他地產代理公司中介成交）， 於簽契入伙後可獲贈24個月管理費。 Any purchaser who purchases any specified residential property in the price list of the development directly through Henderson Property Agency Limited (but not through the other estate agents) will be given management fees for the period of 24 months after the execution of the assignment of the residential property by the purchaser.,
2022-08-10,2022-08-17,,A,9,19,,6267300,,價單第4號 (B1)付款辦法 Payment Method (B1) of Price List No.4 依照售價減 6.5%(93.5%) 6.5% discount from the price (93.5%) 首3年保修優惠 First 3 Years Warranty Offer,
2022-08-10,2022-08-17,,A,G,1,,12000000,,招標文件支付條款 Payment Terms of Tender Document ．見備註/See Remarks 7.(a) ．見備註/See Remarks 7.(b) ．見備註/See Remarks 7.(c)(iv) ．見備註/See Remarks 7.(d)(ii)(a) ．見備註/See Remarks 7.(d)(ii)(b),
2022-08-10,2022-08-17,,A,G,20,,7851280,,招標文件支付條款 Payment Terms of Tender Document ．見備註/See Remarks 7.(a) ．見備註/See Remarks 7.(b) ．見備註/See Remarks 7.(c)(iv) ．見備註/See Remarks 7.(d)(ii)(a) ．見備註/See Remarks 7.(d)(iii)(a),
2022-08-10,2022-08-17,,A,10,3,,4076100,,價單第4號 (A1)付款辦法 Payment Method (A1) of Price List No.4 依照售價減 7%(93%) 7% discount from the price (93%) 首3年保修優惠 First 3 Years Warranty Offer,
2022-08-10,2022-08-17,,A,10,8,,3215800,,價單第4號 (B2)付款辦法 Payment Method (B2) of Price List No.4 依照售價減 5.5%(94.5%) 5.5% discount from the price (94.5%) 首3年保修優惠 First 3 Years Warranty Offer,
2022-08-10,2022-08-17,,A,10,12,,4503800,,價單第4號 (B1)付款辦法 Payment Method (B1) of Price List No.4 依照售價減 6.5%(93.5%) 6.5% discount from the price (93.5%) 首3年保修優惠 First 3 Years Warranty Offer,
2022-08-10,2022-08-17,,A,10,15,,4372800,,價單第4號 (A1)付款辦法 Payment Method (A1) of Price List No.4 依照售價減 7%(93%) 7% discount from the price (93%) 首3年保修優惠 First 3 Years Warranty Offer 買方如直接經由「恒基物業代理有限公司」購入價單內住宅物業 （並非經由其他地產代理公司中介成交）， 於簽契入伙後可獲贈24個月管理費。 Any purchaser who purchases any specified residential property in the price list of the development directly through Henderson Property Agency Limited (but not through the other estate agents) will be given management fees for the period of 24 months after the execution of the assignment of the residential property by the purchaser.,
2022-08-10,2022-08-17,,A,10,19,,6353200,,價單第4號 (B2)付款辦法 Payment Method (B2) of Price List No.4 依照售價減 5.5%(94.5%) 5.5% discount from the price (94.5%) 首3年保修優惠 First 3 Years Warranty Offer,
2022-08-10,2022-08-17,,A,11,3,,4111100,,價單第4號 (B1)付款辦法 Payment Method (B1) of Price List No.4 依照售價減 6.5%(93.5%) 6.5% discount from the price (93.5%) 首3年保修優惠 First 3 Years Warranty Offer,
2022-08-10,2022-08-17,,A,11,8,,3226200,,價單第4號 (B2)付款辦法 Payment Method (B2) of Price List No.4 依照售價減 5.5%(94.5%) 5.5% discount from the price (94.5%) 首3年保修優惠 First 3 Years Warranty Offer,
2022-08-10,2022-08-17,,A,11,12,,4518800,,價單第4號 (B1)付款辦法 Payment Method (B1) of Price List No.4 依照售價減 6.5%(93.5%) 6.5% discount from the price (93.5%) 首3年保修優惠 First 3 Years Warranty Offer,
2022-08-10,2022-08-17,,A,11,15,,4408500,,價單第4號 (B1)付款辦法 Payment Method (B1) of Price List No.4 依照售價減 6.5%(93.5%) 6.5% discount from the price (93.5%) 首3年保修優惠 First 3 Years Warranty Offer,
2022-08-10,2022-08-17,,A,11,19,,6304700,,價單第4號 (B1)付款辦法 Payment Method (B1) of Price List No.4 依照售價減 6.5%(93.5%) 6.5% discount from the price (93.5%) 首3年保修優惠 First 3 Years Warranty Offer,
2022-08-10,2022-08-17,,A,12,3,,4123300,,價單第4號 (B1)付款辦法 Payment Method (B1) of Price List No.4 依照售價減 6.5%(93.5%) 6.5% discount from the price (93.5%) 首3年保修優惠 First 3 Years Warranty Offer,
2022-08-10,2022-08-17,,A,12,8,,3202300,,價單第4號 (B1)付款辦法 Payment Method (B1) of Price List No.4 依照售價減 6.5%(93.5%) 6.5% discount from the price (93.5%) 首3年保修優惠 First 3 Years Warranty Offer,
2022-08-10,2022-08-17,,A,12,12,,4532800,,價單第4號 (B1)付款辦法 Payment Method (B1) of Price List No.4 依照售價減 6.5%(93.5%) 6.5% discount from the price (93.5%) 首3年保修優惠 First 3 Years Warranty Offer,
2022-08-10,2022-08-17,,A,12,15,,4420600,,價單第4號 (B1)付款辦法 Payment Method (B1) of Price List No.4 依照售價減 6.5%(93.5%) 6.5% discount from the price (93.5%) 首3年保修優惠 First 3 Years Warranty Offer,
2022-08-10,2022-08-17,,A,12,19,,6323400,,價單第4號 (B1)付款辦法 Payment Method (B1) of Price List No.4 依照售價減 6.5%(93.5%) 6.5% discount from the price (93.5%) 首3年保修優惠 First 3 Years Warranty Offer,
2022-08-10,2022-08-17,,A,15,3,,4113300,,價單第4號 (A1)付款辦法 Payment Method (A1) of Price List No.4 依照售價減 7%(93%) 7% discount from the price (93%) 首3年保修優惠 First 3 Years Warranty Offer 買方如直接經由「恒基物業代理有限公司」購入價單內住宅物業 （並非經由其他地產代理公司中介成交）， 於簽契入伙後可獲贈24個月管理費。 Any purchaser who purchases any specified residential property in the price list of the development directly through Henderson Property Agency Limited (but not through the other estate agents) will be given management fees for the period of 24 months after the execution of the assignment of the residential property by the purchaser.,
2022-08-10,2022-08-17,,A,15,8,,3212600,,價單第4號 (B1)付款辦法 Payment Method (B1) of Price List No.4 依照售價減 6.5%(93.5%) 6.5% discount from the price (93.5%) 首3年保修優惠 First 3 Years Warranty Offer,
2022-08-10,2022-08-17,,A,15,12,,4547800,,價單第4號 (B1)付款辦法 Payment Method (B1) of Price List No.4 依照售價減 6.5%(93.5%) 6.5% discount from the price (93.5%) 首3年保修優惠 First 3 Years Warranty Offer,
2022-08-10,2022-08-17,,A,15,15,,4480200,,價單第4號 (B2)付款辦法 Payment Method (B2) of Price List No.4 依照售價減 5.5%(94.5%) 5.5% discount from the price (94.5%) 首3年保修優惠 First 3 Years Warranty Offer,
2022-08-10,2022-08-17,,A,15,19,,6342100,,價單第4號 (B1)付款辦法 Payment Method (B1) of Price List No.4 依照售價減 6.5%(93.5%) 6.5% discount from the price (93.5%) 首3年保修優惠 First 3 Years Warranty Offer,
2022-08-10,2022-08-17,,A,16,3,,4147600,,價單第4號 (B1)付款辦法 Payment Method (B1) of Price List No.4 依照售價減 6.5%(93.5%) 6.5% discount from the price (93.5%) 首3年保修優惠 First 3 Years Warranty Offer,
2022-08-10,2022-08-17,,A,16,8,,3222900,,價單第4號 (B1)付款辦法 Payment Method (B1) of Price List No.4 依照售價減 6.5%(93.5%) 6.5% discount from the price (93.5%) 首3年保修優惠 First 3 Years Warranty Offer,
2022-08-10,2022-08-17,,A,16,12,,4561800,,價單第4號 (B1)付款辦法 Payment Method (B1) of Price List No.4 依照售價減 6.5%(93.5%) 6.5% discount from the price (93.5%) 首3年保修優惠 First 3 Years Warranty Offer,
2022-08-10,2022-08-17,,A,16,15,,4445900,,價單第4號 (B1)付款辦法 Payment Method (B1) of Price List No.4 依照售價減 6.5%(93.5%) 6.5% discount from the price (93.5%) 首3年保修優惠 First 3 Years Warranty Offer,
2022-08-10,2022-08-17,,A,16,19,,6428800,,價單第4號 (B2)付款辦法 Payment Method (B2) of Price List No.4 依照售價減 5.5%(94.5%) 5.5% discount from the price (94.5%) 首3年保修優惠 First 3 Years Warranty Offer,
2022-08-10,2022-08-17,,A,17,3,,4159800,,價單第4號 (B1)付款辦法 Payment Method (B1) of Price List No.4 依照售價減 6.5%(93.5%) 6.5% discount from the price (93.5%) 首3年保修優惠 First 3 Years Warranty Offer,
2022-08-10,2022-08-17,,A,17,8,,3233200,,價單第4號 (B1)付款辦法 Payment Method (B1) of Price List No.4 依照售價減 6.5%(93.5%) 6.5% discount from the price (93.5%) 首3年保修優惠 First 3 Years Warranty Offer,
2022-08-10,2022-08-17,,A,17,12,,4575800,,價單第4號 (B1)付款辦法 Payment Method (B1) of Price List No.4 依照售價減 6.5%(93.5%) 6.5% discount from the price (93.5%) 首3年保修優惠 First 3 Years Warranty Offer,
2022-08-10,2022-08-17,,A,17,15,,4458000,,價單第4號 (B1)付款辦法 Payment Method (B1) of Price List No.4 依照售價減 6.5%(93.5%) 6.5% discount from the price (93.5%) 首3年保修優惠 First 3 Years Warranty Offer,
2022-08-10,2022-08-17,,A,17,19,,6379500,,價單第4號 (B1)付款辦法 Payment Method (B1) of Price List No.4 依照售價減 6.5%(93.5%) 6.5% discount from the price (93.5%) 首3年保修優惠 First 3 Years Warranty Offer,
2022-08-10,2022-08-17,,A,18,3,,4172900,,價單第4號 (B1)付款辦法 Payment Method (B1) of Price List No.4 依照售價減 6.5%(93.5%) 6.5% discount from the price (93.5%) 首3年保修優惠 First 3 Years Warranty Offer,
2022-08-10,2022-08-17,,A,18,8,,3243500,,價單第4號 (B1)付款辦法 Payment Method (B1) of Price List No.4 依照售價減 6.5%(93.5%) 6.5% discount from the price (93.5%) 首3年保修優惠 First 3 Years Warranty Offer,
2022-08-10,2022-08-17,,A,18,12,,4590800,,價單第4號 (B1)付款辦法 Payment Method (B1) of Price List No.4 依照售價減 6.5%(93.5%) 6.5% discount from the price (93.5%) 首3年保修優惠 First 3 Years Warranty Offer,
2022-08-10,2022-08-17,,A,18,15,,4470200,,價單第4號 (B1)付款辦法 Payment Method (B1) of Price List No.4 依照售價減 6.5%(93.5%) 6.5% discount from the price (93.5%) 首3年保修優惠 First 3 Years Warranty Offer,
2022-08-10,2022-08-17,,A,18,19,,6398200,,價單第4號 (B1)付款辦法 Payment Method (B1) of Price List No.4 依照售價減 6.5%(93.5%) 6.5% discount from the price (93.5%) 首3年保修優惠 First 3 Years Warranty Offer,
2022-08-10,2022-08-17,,A,19,3,,4185000,,價單第4號 (B1)付款辦法 Payment Method (B1) of Price List No.4 依照售價減 6.5%(93.5%) 6.5% discount from the price (93.5%) 首3年保修優惠 First 3 Years Warranty Offer,
2022-08-10,2022-08-17,,A,19,8,,3253800,,價單第4號 (B1)付款辦法 Payment Method (B1) of Price List No.4 依照售價減 6.5%(93.5%) 6.5% discount from the price (93.5%) 首3年保修優惠 First 3 Years Warranty Offer,
2022-08-10,2022-08-17,,A,19,12,,4604800,,價單第4號 (B1)付款辦法 Payment Method (B1) of Price List No.4 依照售價減 6.5%(93.5%) 6.5% discount from the price (93.5%) 首3年保修優惠 First 3 Years Warranty Offer,
2022-08-10,2022-08-17,,A,19,15,,4482300,,價單第4號 (B1)付款辦法 Payment Method (B1) of Price List No.4 依照售價減 6.5%(93.5%) 6.5% discount from the price (93.5%) 首3年保修優惠 First 3 Years Warranty Offer,
2022-08-10,2022-08-17,,A,19,19,,6460600,,價單第4號 (A2)付款辦法 Payment Method (A2) of Price List No.4 依照售價減 6%(94%) 6% discount from the price (94%) 首3年保修優惠 First 3 Years Warranty Offer,
2022-08-10,2022-08-17,,A,20,3,,4242100,,價單第4號 (B2)付款辦法 Payment Method (B2) of Price List No.4 依照售價減 5.5%(94.5%) 5.5% discount from the price (94.5%) 首3年保修優惠 First 3 Years Warranty Offer,
2022-08-10,2022-08-17,,A,20,8,,3265000,,價單第4號 (B1)付款辦法 Payment Method (B1) of Price List No.4 依照售價減 6.5%(93.5%) 6.5% discount from the price (93.5%) 首3年保修優惠 First 3 Years Warranty Offer,
2022-08-10,2022-08-17,,A,20,12,,4669200,,價單第4號 (B2)付款辦法 Payment Method (B2) of Price List No.4 依照售價減 5.5%(94.5%) 5.5% discount from the price (94.5%) 首3年保修優惠 First 3 Years Warranty Offer,
2022-08-10,2022-08-17,,A,20,15,,4494500,,價單第4號 (B1)付款辦法 Payment Method (B1) of Price List No.4 依照售價減 6.5%(93.5%) 6.5% discount from the price (93.5%) 首3年保修優惠 First 3 Years Warranty Offer,
2022-08-10,2022-08-17,,A,20,19,,6454300,,價單第4號 (B1)付款辦法 Payment Method (B1) of Price List No.4 依照售價減 6.5%(93.5%) 6.5% discount from the price (93.5%) 首3年保修優惠 First 3 Years Warranty Offer,
2022-08-10,2022-08-17,,A,21,3,,4221500,,價單第4號 (B1)付款辦法 Payment Method (B1) of Price List No.4 依照售價減 6.5%(93.5%) 6.5% discount from the price (93.5%) 首3年保修優惠 First 3 Years Warranty Offer,
2022-08-10,2022-08-17,,A,21,8,,3320700,,價單第4號 (B2)付款辦法 Payment Method (B2) of Price List No.4 依照售價減 5.5%(94.5%) 5.5% discount from the price (94.5%) 首3年保修優惠 First 3 Years Warranty Offer,
2022-08-10,2022-08-17,,A,21,12,,4623900,,價單第4號 (A1)付款辦法 Payment Method (A1) of Price List No.4 依照售價減 7%(93%) 7% discount from the price (93%) 首3年保修優惠 First 3 Years Warranty Offer,
2022-08-10,2022-08-17,,A,21,15,,4519700,,價單第4號 (B1)付款辦法 Payment Method (B1) of Price List No.4 依照售價減 6.5%(93.5%) 6.5% discount from the price (93.5%) 首3年保修優惠 First 3 Years Warranty Offer,
2022-08-10,2022-08-17,,A,21,19,,6561100,,價單第4號 (B2)付款辦法 Payment Method (B2) of Price List No.4 依照售價減 5.5%(94.5%) 5.5% discount from the price (94.5%) 首3年保修優惠 First 3 Years Warranty Offer,
2022-08-10,2022-08-17,,B,1,6,,6580900,,價單第4號 (B2)付款辦法 Payment Method (B2) of Price List No.4 依照售價減 5.5%(94.5%) 5.5% discount from the price (94.5%) 首3年保修優惠 First 3 Years Warranty Offer,
2022-08-10,2022-08-15,,B,1,7,,3257700,,價單第4號 (A1)付款辦法 Payment Method (A1) of Price List No.4 依照售價減 7%(93%) 7% discount from the price (93%) 首3年保修優惠 First 3 Years Warranty Offer 買方如直接經由「恒基物業代理有限公司」購入價單內住宅物業 （並非經由其他地產代理公司中介成交）， 於簽契入伙後可獲贈24個月管理費。 Any purchaser who purchases any specified residential property in the price list of the development directly through Henderson Property Agency Limited (but not through the other estate agents) will be given management fees for the period of 24 months after the execution of the assignment of the residential property by the purchaser.,
2022-08-10,2022-08-17,,B,2,6,,6542100,,價單第4號 (B1)付款辦法 Payment Method (B1) of Price List No.4 依照售價減 6.5%(93.5%) 6.5% discount from the price (93.5%) 首3年保修優惠 First 3 Years Warranty Offer,
2022-08-10,2022-08-17,,B,2,7,,3290200,,價單第4號 (B1)付款辦法 Payment Method (B1) of Price List No.4 依照售價減 6.5%(93.5%) 6.5% discount from the price (93.5%) 首3年保修優惠 First 3 Years Warranty Offer,
2022-08-10,2022-08-17,,B,3,6,,6633900,,價單第4號 (B2)付款辦法 Payment Method (B2) of Price List No.4 依照售價減 5.5%(94.5%) 5.5% discount from the price (94.5%) 首3年保修優惠 First 3 Years Warranty Offer,
2022-08-10,2022-08-17,,B,3,7,,3300500,"在21-11-2022，基於法例第35 (2)(b)條所容許的原因，售價更改 為$3,335,800 On 21-11-2022, the price adjusted to $3,335,800 due to the reason allowed under section 35(2)(b) of the Ordinance","價單第4號 (B1)付款辦法 Payment Method (B1) of Price List No.4 依照售價減 6.5%(93.5%) 6.5% discount from the price (93.5%) 首3年保修優惠 First 3 Years Warranty Offer 在21-11-2022，支付條款更改為 On 21-11-2022, the terms of payment adjusted to 價單第4號 (B2)付款辦法 Payment Method (B2) of Price List No.4 依照售價減 5.5%(94.5%) 5.5% discount from the price (94.5%) 首3年保修優惠 First 3 Years Warranty Offer",
2022-08-10,2022-08-17,,B,3,12,,4477700,,價單第4號 (B1)付款辦法 Payment Method (B1) of Price List No.4 依照售價減 6.5%(93.5%) 6.5% discount from the price (93.5%) 首3年保修優惠 First 3 Years Warranty Offer,
2022-08-10,2022-08-16,,B,5,6,,6584200,,價單第4號 (B1)付款辦法 Payment Method (B1) of Price List No.4 依照售價減 6.5%(93.5%) 6.5% discount from the price (93.5%) 首3年保修優惠 First 3 Years Warranty Offer 買方如直接經由「恒基物業代理有限公司」購入價單內住宅物業 （並非經由其他地產代理公司中介成交）， 於簽契入伙後可獲贈24個月管理費。 Any purchaser who purchases any specified residential property in the price list of the development directly through Henderson Property Agency Limited (but not through the other estate agents) will be given management fees for the period of 24 months after the execution of the assignment of the residential property by the purchaser.,
2022-08-10,2022-08-17,,B,5,7,,3311700,,價單第4號 (B1)付款辦法 Payment Method (B1) of Price List No.4 依照售價減 6.5%(93.5%) 6.5% discount from the price (93.5%) 首3年保修優惠 First 3 Years Warranty Offer,
2022-08-10,2022-08-16,,B,5,12,,4491700,,價單第4號 (B1)付款辦法 Payment Method (B1) of Price List No.4 依照售價減 6.5%(93.5%) 6.5% discount from the price (93.5%) 首3年保修優惠 First 3 Years Warranty Offer,
2022-08-10,2022-08-17,,B,6,6,,6569500,"15-08-2022，基於法例第35 (2)(b)條所容許的原因，售價更改 為$6,675,400 On 15-08-2022, the price adjusted to $6,675,400 due to the reason allowed under section 35(2)(b) of the Ordinance","價單第4號 (A1)付款辦法 Payment Method (A1) of Price List No.4 依照售價減 7%(93%) 7% discount from the price (93%) 首3年保修優惠 First 3 Years Warranty Offer 在15-08-2022，支付條款更改為 On 15-08-2022, the terms of payment adjusted to 價單第4號 (B2)付款辦法 Payment Method (B2) of Price List No.4 依照售價減 5.5%(94.5%) 5.5% discount from the price (94.5%) 首3年保修優惠 First 3 Years Warranty Offer",
2022-08-10,2022-08-17,,B,6,7,,3322000,,價單第4號 (B1)付款辦法 Payment Method (B1) of Price List No.4 依照售價減 6.5%(93.5%) 6.5% discount from the price (93.5%) 首3年保修優惠 First 3 Years Warranty Offer,
2022-08-10,2022-08-17,,B,6,12,,4506700,,價單第4號 (B1)付款辦法 Payment Method (B1) of Price List No.4 依照售價減 6.5%(93.5%) 6.5% discount from the price (93.5%) 首3年保修優惠 First 3 Years Warranty Offer,
2022-08-10,2022-08-15,,B,7,6,,6625400,,價單第4號 (B1)付款辦法 Payment Method (B1) of Price List No.4 依照售價減 6.5%(93.5%) 6.5% discount from the price (93.5%) 首3年保修優惠 First 3 Years Warranty Offer,
2022-08-10,2022-08-17,,B,7,7,,3332300,,價單第4號 (B1)付款辦法 Payment Method (B1) of Price List No.4 依照售價減 6.5%(93.5%) 6.5% discount from the price (93.5%) 首3年保修優惠 First 3 Years Warranty Offer,
2022-08-10,2022-08-17,,B,7,12,,4569000,,價單第4號 (B2)付款辦法 Payment Method (B2) of Price List No.4 依照售價減 5.5%(94.5%) 5.5% discount from the price (94.5%) 首3年保修優惠 First 3 Years Warranty Offer,
2022-08-10,2022-08-16,,B,8,6,,6718000,,價單第4號 (B2)付款辦法 Payment Method (B2) of Price List No.4 依照售價減 5.5%(94.5%) 5.5% discount from the price (94.5%) 首3年保修優惠 First 3 Years Warranty Offer,
2022-08-10,2022-08-17,,B,8,7,,3342600,,價單第4號 (B1)付款辦法 Payment Method (B1) of Price List No.4 依照售價減 6.5%(93.5%) 6.5% discount from the price (93.5%) 首3年保修優惠 First 3 Years Warranty Offer,
2022-08-10,2022-08-17,,B,8,12,,4534700,,價單第4號 (B1)付款辦法 Payment Method (B1) of Price List No.4 依照售價減 6.5%(93.5%) 6.5% discount from the price (93.5%) 首3年保修優惠 First 3 Years Warranty Offer,
2022-08-10,2022-08-17,,B,9,6,,6667400,,價單第4號 (B1)付款辦法 Payment Method (B1) of Price List No.4 依照售價減 6.5%(93.5%) 6.5% discount from the price (93.5%) 首3年保修優惠 First 3 Years Warranty Offer,
2022-08-10,2022-08-17,,B,9,7,,3352900,,價單第4號 (B1)付款辦法 Payment Method (B1) of Price List No.4 依照售價減 6.5%(93.5%) 6.5% discount from the price (93.5%) 首3年保修優惠 First 3 Years Warranty Offer,
2022-08-10,2022-08-17,,B,9,8,,4504800,,價單第4號 (B1)付款辦法 Payment Method (B1) of Price List No.4 依照售價減 6.5%(93.5%) 6.5% discount from the price (93.5%) 首3年保修優惠 First 3 Years Warranty Offer,
2022-08-10,2022-08-17,,B,9,9,,4484200,,價單第4號 (B1)付款辦法 Payment Method (B1) of Price List No.4 依照售價減 6.5%(93.5%) 6.5% discount from the price (93.5%) 首3年保修優惠 First 3 Years Warranty Offer,
2022-08-10,2022-08-16,,B,9,10,,4398200,,價單第4號 (B1)付款辦法 Payment Method (B1) of Price List No.4 依照售價減 6.5%(93.5%) 6.5% discount from the price (93.5%) 首3年保修優惠 First 3 Years Warranty Offer,
2022-08-10,2022-08-15,,B,9,11,,4528400,,價單第4號 (B2)付款辦法 Payment Method (B2) of Price List No.4 依照售價減 5.5%(94.5%) 5.5% discount from the price (94.5%) 首3年保修優惠 First 3 Years Warranty Offer,
2022-08-10,2022-08-17,,B,9,12,,4533800,,價單第4號 (B1)付款辦法 Payment Method (B1) of Price List No.4 依照售價減 6.5%(93.5%) 6.5% discount from the price (93.5%) 首3年保修優惠 First 3 Years Warranty Offer,
2022-08-10,2022-08-17,,B,G,3,,5266800,,價單第4號 (B1)付款辦法 Payment Method (B1) of Price List No.4 依照售價減 6.5%(93.5%) 6.5% discount from the price (93.5%) 首3年保修優惠 First 3 Years Warranty Offer,
2022-08-10,2022-08-17,,B,G,5,,8560000,,招標文件支付條款 Payment Terms of Tender Document ．見備註/See Remarks 7.(a) ．見備註/See Remarks 7.(b) ．見備註/See Remarks 7.(c)(iv) ．見備註/See Remarks 7.(d)(ii)(a),
2022-08-10,2022-08-17,,B,G,7,,3727800,,價單第4號 (B1)付款辦法 Payment Method (B1) of Price List No.4 依照售價減 6.5%(93.5%) 6.5% discount from the price (93.5%) 首3年保修優惠 First 3 Years Warranty Offer,
2022-08-10,2022-08-17,,B,G,15,,4807700,,價單第4號 (B1)付款辦法 Payment Method (B1) of Price List No.4 依照售價減 6.5%(93.5%) 6.5% discount from the price (93.5%) 首3年保修優惠 First 3 Years Warranty Offer,
2022-08-10,2022-08-16,,B,G,16,,4859100,,價單第4號 (B1)付款辦法 Payment Method (B1) of Price List No.4 依照售價減 6.5%(93.5%) 6.5% discount from the price (93.5%) 首3年保修優惠 First 3 Years Warranty Offer,
2022-08-10,2022-08-17,,B,G,21,,4874100,,價單第4號 (A1)付款辦法 Payment Method (A1) of Price List No.4 依照售價減 7%(93%) 7% discount from the price (93%) 首3年保修優惠 First 3 Years Warranty Offer,
2022-08-10,2022-08-17,,B,G,22,,5159300,"在02-12-2022，基於法例第35 (2)(b)條所容許的原因，售價更改 為$5,214,500 On ,02-12-2022, the price adjusted to $5,214,500 due to the reason allowed under section 35(2)(b) of the Ordinance","價單第2A號 (B1)付款辦法 Payment Method (B1) of Price List No.2A 依照售價減 6.5%(93.5%) 6.5% discount from the price (93.5%) 首3年保修優惠 First 3 Years Warranty Offer 在02-12-2022，支付條款更改為 On 02-12-2022, the terms of payment adjusted to 價單第2A號 (B2)付款辦法 Payment Method (B2) of Price List No.2A 依照售價減 5.5%(94.5%) 5.5% discount from the price (94.5%) 首3年保修優惠 First 3 Years Warranty Offer",
2022-08-10,2022-08-16,,B,10,6,,6688000,,價單第4號 (B1)付款辦法 Payment Method (B1) of Price List No.4 依照售價減 6.5%(93.5%) 6.5% discount from the price (93.5%) 首3年保修優惠 First 3 Years Warranty Offer 買方如直接經由「恒基物業代理有限公司」購入價單內住宅物業 （並非經由其他地產代理公司中介成交）， 於簽契入伙後可獲贈24個月管理費。 Any purchaser who purchases any specified residential property in the price list of the development directly through Henderson Property Agency Limited (but not through the other estate agents) will be given management fees for the period of 24 months after the execution of the assignment of the residential property by the purchaser.,
2022-08-10,2022-08-16,,B,10,7,,3399100,"在06-10-2022，基於法例第35 (2)(b)條所容許的原因，售價更改 為$3,363,100 On 06-10-2022, the price adjusted to $3,363,100 due to the reason allowed under section 35(2)(b) of the Ordinance","價單第4號 (B2)付款辦法 Payment Method (B2) of Price List No.4 依照售價減 5.5%(94.5%) 5.5% discount from the price (94.5%) 首3年保修優惠 First 3 Years Warranty Offer 在06-10-2022，支付條款更改為 On 06-10-2022, the terms of payment adjusted to 價單第4號 (B1)付款辦法 Payment Method (B1) of Price List No.4 依照售價減 6.5%(93.5%) 6.5% discount from the price (93.5%) 首3年保修優惠 First 3 Years Warranty Offer",
2022-08-10,2022-08-15,,B,10,8,,4519700,,價單第4號 (B1)付款辦法 Payment Method (B1) of Price List No.4 依照售價減 6.5%(93.5%) 6.5% discount from the price (93.5%) 首3年保修優惠 First 3 Years Warranty Offer,
2022-08-10,2022-08-17,,B,10,9,,4497300,,價單第4號 (B1)付款辦法 Payment Method (B1) of Price List No.4 依照售價減 6.5%(93.5%) 6.5% discount from the price (93.5%) 首3年保修優惠 First 3 Years Warranty Offer 買方如直接經由「恒基物業代理有限公司」購入價單內住宅物業 （並非經由其他地產代理公司中介成交）， 於簽契入伙後可獲贈24個月管理費。 Any purchaser who purchases any specified residential property in the price list of the development directly through Henderson Property Agency Limited (but not through the other estate agents) will be given management fees for the period of 24 months after the execution of the assignment of the residential property by the purchaser.,
2022-08-10,2022-08-17,,B,10,10,,4410300,,價單第4號 (B1)付款辦法 Payment Method (B1) of Price List No.4 依照售價減 6.5%(93.5%) 6.5% discount from the price (93.5%) 首3年保修優惠 First 3 Years Warranty Offer,
2022-08-10,2022-08-16,,B,10,11,,4494500,,價單第4號 (B1)付款辦法 Payment Method (B1) of Price List No.4 依照售價減 6.5%(93.5%) 6.5% discount from the price (93.5%) 首3年保修優惠 First 3 Years Warranty Offer,
2022-08-10,2022-08-17,,B,10,12,,4597400,,價單第4號 (B2)付款辦法 Payment Method (B2) of Price List No.4 依照售價減 5.5%(94.5%) 5.5% discount from the price (94.5%) 首3年保修優惠 First 3 Years Warranty Offer,
2022-08-10,2022-08-17,,B,11,6,,6780300,,價單第4號 (B2)付款辦法 Payment Method (B2) of Price List No.4 依照售價減 5.5%(94.5%) 5.5% discount from the price (94.5%) 首3年保修優惠 First 3 Years Warranty Offer,
2022-08-10,2022-08-17,,B,11,7,,3373400,,價單第4號 (B1)付款辦法 Payment Method (B1) of Price List No.4 依照售價減 6.5%(93.5%) 6.5% discount from the price (93.5%) 首3年保修優惠 First 3 Years Warranty Offer,
2022-08-10,2022-08-17,,B,11,8,,4583200,,價單第4號 (B2)付款辦法 Payment Method (B2) of Price List No.4 依照售價減 5.5%(94.5%) 5.5% discount from the price (94.5%) 首3年保修優惠 First 3 Years Warranty Offer,
2022-08-10,2022-08-15,,B,11,9,,4557700,"在15-11-2022，基於法例第35 (2)(b)條所容許的原因，售價更改 為$4,509,500 On 15-11-2022, the price adjusted to $4,509,500 due to the reason allowed under section 35(2)(b) of the Ordinance","價單第4號 (B2)付款辦法 Payment Method (B2) of Price List No.4 依照售價減 5.5%(94.5%) 5.5% discount from the price (94.5%) 首3年保修優惠 First 3 Years Warranty Offer 在15-11-2022，支付條款更改為 On 15-11-2022, the terms of payment adjusted to 價單第4號 (B1)付款辦法 Payment Method (B1) of Price List No.4 依照售價減 6.5%(93.5%) 6.5% discount from the price (93.5%) 首3年保修優惠 First 3 Years Warranty Offer",
2022-08-10,2022-08-17,,B,11,10,,4422500,,價單第4號 (B1)付款辦法 Payment Method (B1) of Price List No.4 依照售價減 6.5%(93.5%) 6.5% discount from the price (93.5%) 首3年保修優惠 First 3 Years Warranty Offer,
2022-08-10,2022-08-17,,B,11,11,,4509500,,價單第4號 (B1)付款辦法 Payment Method (B1) of Price List No.4 依照售價減 6.5%(93.5%) 6.5% discount from the price (93.5%) 首3年保修優惠 First 3 Years Warranty Offer,
2022-08-10,,,B,11,12,,4562800,,價單第4號 (B1)付款辦法 Payment Method (B1) of Price List No.4 依照售價減 6.5%(93.5%) 6.5% discount from the price (93.5%) 首3年保修優惠 First 3 Years Warranty Offer,
2022-08-10,2022-08-17,,B,12,6,,6694100,,價單第4號 (A1)付款辦法 Payment Method (A1) of Price List No.4 依照售價減 7%(93%) 7% discount from the price (93%) 首3年保修優惠 First 3 Years Warranty Offer,
2022-08-10,2022-08-17,,B,12,7,,3365600,,價單第4號 (A1)付款辦法 Payment Method (A1) of Price List No.4 依照售價減 7%(93%) 7% discount from the price (93%) 首3年保修優惠 First 3 Years Warranty Offer,
2022-08-10,2022-08-17,,B,12,8,,4548700,,價單第4號 (B1)付款辦法 Payment Method (B1) of Price List No.4 依照售價減 6.5%(93.5%) 6.5% discount from the price (93.5%) 首3年保修優惠 First 3 Years Warranty Offer,
2022-08-10,2022-08-17,,B,12,9,,4497400,,價單第4號 (A1)付款辦法 Payment Method (A1) of Price List No.4 依照售價減 7%(93%) 7% discount from the price (93%) 首3年保修優惠 First 3 Years Warranty Offer,
2022-08-10,2022-08-17,,B,12,10,,4483000,,價單第4號 (B2)付款辦法 Payment Method (B2) of Price List No.4 依照售價減 5.5%(94.5%) 5.5% discount from the price (94.5%) 首3年保修優惠 First 3 Years Warranty Offer,
2022-08-10,2022-08-17,,B,12,11,,4523500,,價單第4號 (B1)付款辦法 Payment Method (B1) of Price List No.4 依照售價減 6.5%(93.5%) 6.5% discount from the price (93.5%) 首3年保修優惠 First 3 Years Warranty Offer,
2022-08-10,2022-08-16,,B,12,12,,4626700,,價單第4號 (B2)付款辦法 Payment Method (B2) of Price List No.4 依照售價減 5.5%(94.5%) 5.5% discount from the price (94.5%) 首3年保修優惠 First 3 Years Warranty Offer,
2022-08-10,2022-08-17,,B,15,6,,6822900,,價單第4號 (B2)付款辦法 Payment Method (B2) of Price List No.4 依照售價減 5.5%(94.5%) 5.5% discount from the price (94.5%) 首3年保修優惠 First 3 Years Warranty Offer,
2022-08-10,2022-08-17,,B,15,7,,3431200,,價單第4號 (B2)付款辦法 Payment Method (B2) of Price List No.4 依照售價減 5.5%(94.5%) 5.5% discount from the price (94.5%) 首3年保修優惠 First 3 Years Warranty Offer,
2022-08-10,2022-08-17,,B,15,8,,4563700,,價單第4號 (B1)付款辦法 Payment Method (B1) of Price List No.4 依照售價減 6.5%(93.5%) 6.5% discount from the price (93.5%) 首3年保修優惠 First 3 Years Warranty Offer,
2022-08-10,2022-08-17,,B,15,9,,4534700,,價單第4號 (B1)付款辦法 Payment Method (B1) of Price List No.4 依照售價減 6.5%(93.5%) 6.5% discount from the price (93.5%) 首3年保修優惠 First 3 Years Warranty Offer,
2022-08-10,2022-08-17,,B,15,10,,4447700,,價單第4號 (B1)付款辦法 Payment Method (B1) of Price List No.4 依照售價減 6.5%(93.5%) 6.5% discount from the price (93.5%) 首3年保修優惠 First 3 Years Warranty Offer,
2022-08-10,2022-08-15,,B,15,11,,4538400,,價單第4號 (B1)付款辦法 Payment Method (B1) of Price List No.4 依照售價減 6.5%(93.5%) 6.5% discount from the price (93.5%) 首3年保修優惠 First 3 Years Warranty Offer 買方如直接經由「恒基物業代理有限公司」購入價單內住宅物業 （並非經由其他地產代理公司中介成交）， 於簽契入伙後可獲贈24個月管理費。 Any purchaser who purchases any specified residential property in the price list of the development directly through Henderson Property Agency Limited (but not through the other estate agents) will be given management fees for the period of 24 months after the execution of the assignment of the residential property by the purchaser.,
2022-08-10,2022-08-17,,B,15,12,,4591700,,價單第4號 (B1)付款辦法 Payment Method (B1) of Price List No.4 依照售價減 6.5%(93.5%) 6.5% discount from the price (93.5%) 首3年保修優惠 First 3 Years Warranty Offer,
2022-08-10,2022-08-17,,B,16,6,,6771200,,價單第4號 (B1)付款辦法 Payment Method (B1) of Price List No.4 依照售價減 6.5%(93.5%) 6.5% discount from the price (93.5%) 首3年保修優惠 First 3 Years Warranty Offer,
2022-08-10,2022-08-17,,B,16,7,,3405200,,價單第4號 (B1)付款辦法 Payment Method (B1) of Price List No.4 依照售價減 6.5%(93.5%) 6.5% discount from the price (93.5%) 首3年保修優惠 First 3 Years Warranty Offer,
2022-08-10,2022-08-17,,B,16,8,,4577700,,價單第4號 (B1)付款辦法 Payment Method (B1) of Price List No.4 依照售價減 6.5%(93.5%) 6.5% discount from the price (93.5%) 首3年保修優惠 First 3 Years Warranty Offer,
2022-08-10,2022-08-17,,B,16,9,,4546900,,價單第4號 (B1)付款辦法 Payment Method (B1) of Price List No.4 依照售價減 6.5%(93.5%) 6.5% discount from the price (93.5%) 首3年保修優惠 First 3 Years Warranty Offer,
2022-08-10,2022-08-17,,B,16,10,,4459900,,價單第4號 (B1)付款辦法 Payment Method (B1) of Price List No.4 依照售價減 6.5%(93.5%) 6.5% discount from the price (93.5%) 首3年保修優惠 First 3 Years Warranty Offer,
2022-08-10,2022-08-17,,B,16,11,,4528100,,價單第4號 (A1)付款辦法 Payment Method (A1) of Price List No.4 依照售價減 7%(93%) 7% discount from the price (93%) 首3年保修優惠 First 3 Years Warranty Offer,
2022-08-10,2022-08-17,,B,16,12,,4605800,,價單第4號 (B1)付款辦法 Payment Method (B1) of Price List No.4 依照售價減 6.5%(93.5%) 6.5% discount from the price (93.5%) 首3年保修優惠 First 3 Years Warranty Offer,
2022-08-10,2022-08-17,,B,17,6,,6791800,,價單第4號 (B1)付款辦法 Payment Method (B1) of Price List No.4 依照售價減 6.5%(93.5%) 6.5% discount from the price (93.5%) 首3年保修優惠 First 3 Years Warranty Offer,
2022-08-10,2022-08-17,,B,17,7,,3415500,"15-08-2022，基於法例第35 (2)(b)條所容許的原因，售價更改 為$3,397,200 On 15-08-2022, the price adjusted to $3,397,200 due to the reason allowed under section 35(2)(b) of the Ordinance","價單第4號 (B1)付款辦法 Payment Method (B1) of Price List No.4 依照售價減 6.5%(93.5%) 6.5% discount from the price (93.5%) 首3年保修優惠 First 3 Years Warranty Offer 在15-08-2022，支付條款更改為 On 15-08-2022, the terms of payment adjusted to 價單第4號 (A1)付款辦法 Payment Method (A1) of Price List No.4 依照售價減 7%(93%) 7% discount from the price (93%) 首3年保修優惠 First 3 Years Warranty Offer",
2022-08-10,2022-08-17,,B,17,8,,4568100,,價單第4號 (A1)付款辦法 Payment Method (A1) of Price List No.4 依照售價減 7%(93%) 7% discount from the price (93%) 首3年保修優惠 First 3 Years Warranty Offer,
2022-08-10,2022-08-17,,B,17,9,,4559000,,價單第4號 (B1)付款辦法 Payment Method (B1) of Price List No.4 依照售價減 6.5%(93.5%) 6.5% discount from the price (93.5%) 首3年保修優惠 First 3 Years Warranty Offer,
2022-08-10,2022-08-17,,B,17,10,,4472100,,價單第4號 (B1)付款辦法 Payment Method (B1) of Price List No.4 依照售價減 6.5%(93.5%) 6.5% discount from the price (93.5%) 首3年保修優惠 First 3 Years Warranty Offer,
2022-08-10,2022-08-15,,B,17,11,,4616300,,價單第4號 (B2)付款辦法 Payment Method (B2) of Price List No.4 依照售價減 5.5%(94.5%) 5.5% discount from the price (94.5%) 首3年保修優惠 First 3 Years Warranty Offer,
2022-08-10,2022-08-15,,B,17,12,,4670100,"09-09-2022，基於法例第35 (2)(b)條所容許的原因，售價更改 為$4,620,700 On 09-09-2022, the price adjusted to $4,620,700 due to the reason allowed under section 35(2)(b) of the Ordinance","價單第4號 (B2)付款辦法 Payment Method (B2) of Price List No.4 依照售價減 5.5%(94.5%) 5.5% discount from the price (94.5%) 首3年保修優惠 First 3 Years Warranty Offer 在09-09-2022，支付條款更改為 On 09-09-2022, the terms of payment adjusted to 價單第4號 (B1)付款辦法 Payment Method (B1) of Price List No.4 依照售價減 6.5%(93.5%) 6.5% discount from the price (93.5%) 首3年保修優惠 First 3 Years Warranty Offer",
2022-08-10,2022-08-17,,B,18,6,,6813300,,價單第4號 (B1)付款辦法 Payment Method (B1) of Price List No.4 依照售價減 6.5%(93.5%) 6.5% discount from the price (93.5%) 首3年保修優惠 First 3 Years Warranty Offer,
2022-08-10,2022-08-16,,B,18,7,,3462400,,價單第4號 (B2)付款辦法 Payment Method (B2) of Price List No.4 依照售價減 5.5%(94.5%) 5.5% discount from the price (94.5%) 首3年保修優惠 First 3 Years Warranty Offer,
2022-08-10,2022-08-17,,B,18,8,,4606700,,價單第4號 (B1)付款辦法 Payment Method (B1) of Price List No.4 依照售價減 6.5%(93.5%) 6.5% discount from the price (93.5%) 首3年保修優惠 First 3 Years Warranty Offer,
2022-08-10,2022-08-17,,B,18,9,,4572100,,價單第4號 (B1)付款辦法 Payment Method (B1) of Price List No.4 依照售價減 6.5%(93.5%) 6.5% discount from the price (93.5%) 首3年保修優惠 First 3 Years Warranty Offer,
2022-08-10,2022-08-17,,B,18,10,,4484200,,價單第4號 (B1)付款辦法 Payment Method (B1) of Price List No.4 依照售價減 6.5%(93.5%) 6.5% discount from the price (93.5%) 首3年保修優惠 First 3 Years Warranty Offer,
2022-08-10,2022-08-17,,B,18,11,,4581500,,價單第4號 (B1)付款辦法 Payment Method (B1) of Price List No.4 依照售價減 6.5%(93.5%) 6.5% discount from the price (93.5%) 首3年保修優惠 First 3 Years Warranty Offer,
2022-08-10,2022-08-17,,B,18,12,,4634700,,價單第4號 (B1)付款辦法 Payment Method (B1) of Price List No.4 依照售價減 6.5%(93.5%) 6.5% discount from the price (93.5%) 首3年保修優惠 First 3 Years Warranty Offer,
2022-08-10,2022-08-17,,B,19,6,,6907000,,價單第4號 (B2)付款辦法 Payment Method (B2) of Price List No.4 依照售價減 5.5%(94.5%) 5.5% discount from the price (94.5%) 首3年保修優惠 First 3 Years Warranty Offer,
2022-08-10,2022-08-17,,B,19,7,,3436100,,價單第4號 (B1)付款辦法 Payment Method (B1) of Price List No.4 依照售價減 6.5%(93.5%) 6.5% discount from the price (93.5%) 首3年保修優惠 First 3 Years Warranty Offer,
2022-08-10,,,B,19,8,,4621700,,價單第4號 (B1)付款辦法 Payment Method (B1) of Price List No.4 依照售價減 6.5%(93.5%) 6.5% discount from the price (93.5%) 首3年保修優惠 First 3 Years Warranty Offer 買方如直接經由「恒基物業代理有限公司」購入價單內住宅物業 （並非經由其他地產代理公司中介成交）， 於簽契入伙後可獲贈24個月管理費。 Any purchaser who purchases any specified residential property in the price list of the development directly through Henderson Property Agency Limited (but not through the other estate agents) will be given management fees for the period of 24 months after the execution of the assignment of the residential property by the purchaser.,
2022-08-10,2022-08-17,,B,19,9,,4559700,,價單第4號 (A1)付款辦法 Payment Method (A1) of Price List No.4 依照售價減 7%(93%) 7% discount from the price (93%) 首3年保修優惠 First 3 Years Warranty Offer,
2022-08-10,2022-08-15,,B,19,10,,4545400,,價單第4號 (B2)付款辦法 Payment Method (B2) of Price List No.4 依照售價減 5.5%(94.5%) 5.5% discount from the price (94.5%) 首3年保修優惠 First 3 Years Warranty Offer,
2022-08-10,2022-08-17,,B,19,11,,4595500,,價單第4號 (B1)付款辦法 Payment Method (B1) of Price List No.4 依照售價減 6.5%(93.5%) 6.5% discount from the price (93.5%) 首3年保修優惠 First 3 Years Warranty Offer,
2022-08-10,2022-08-17,,B,19,12,,4624800,,價單第4號 (A1)付款辦法 Payment Method (A1) of Price List No.4 依照售價減 7%(93%) 7% discount from the price (93%) 首3年保修優惠 First 3 Years Warranty Offer,
2022-08-10,2022-08-17,,B,20,6,,6854400,,價單第4號 (B1)付款辦法 Payment Method (B1) of Price List No.4 依照售價減 6.5%(93.5%) 6.5% discount from the price (93.5%) 首3年保修優惠 First 3 Years Warranty Offer,
2022-08-10,2022-08-17,,B,20,7,,3427900,,價單第4號 (A1)付款辦法 Payment Method (A1) of Price List No.4 依照售價減 7%(93%) 7% discount from the price (93%) 首3年保修優惠 First 3 Years Warranty Offer,
2022-08-10,2022-08-15,,B,20,8,,4636600,,價單第4號 (B1)付款辦法 Payment Method (B1) of Price List No.4 依照售價減 6.5%(93.5%) 6.5% discount from the price (93.5%) 首3年保修優惠 First 3 Years Warranty Offer,
2022-08-10,2022-08-16,2023-02-24,B,20,9,,4645600,,價單第4號 (B2)付款辦法 Payment Method (B2) of Price List No.4 依照售價減 5.5%(94.5%) 5.5% discount from the price (94.5%) 首3年保修優惠 First 3 Years Warranty Offer,
2022-08-10,2022-08-16,,B,20,10,,4509500,,價單第4號 (B1)付款辦法 Payment Method (B1) of Price List No.4 依照售價減 6.5%(93.5%) 6.5% discount from the price (93.5%) 首3年保修優惠 First 3 Years Warranty Offer,
2022-08-10,2022-08-17,,B,20,11,,4610400,,價單第4號 (B1)付款辦法 Payment Method (B1) of Price List No.4 依照售價減 6.5%(93.5%) 6.5% discount from the price (93.5%) 首3年保修優惠 First 3 Years Warranty Offer,
2022-08-10,2022-08-17,,B,20,12,,4663700,,價單第4號 (B1)付款辦法 Payment Method (B1) of Price List No.4 依照售價減 6.5%(93.5%) 6.5% discount from the price (93.5%) 首3年保修優惠 First 3 Years Warranty Offer,
2022-08-10,2022-08-17,,B,21,6,,6896500,,價單第4號 (B1)付款辦法 Payment Method (B1) of Price List No.4 依照售價減 6.5%(93.5%) 6.5% discount from the price (93.5%) 首3年保修優惠 First 3 Years Warranty Offer,
2022-08-10,2022-08-17,,B,21,7,,3448400,,價單第4號 (A1)付款辦法 Payment Method (A1) of Price List No.4 依照售價減 7%(93%) 7% discount from the price (93%) 首3年保修優惠 First 3 Years Warranty Offer,
2022-08-10,2022-08-17,,B,21,8,,4665600,,價單第4號 (B1)付款辦法 Payment Method (B1) of Price List No.4 依照售價減 6.5%(93.5%) 6.5% discount from the price (93.5%) 首3年保修優惠 First 3 Years Warranty Offer,
2022-08-10,2022-08-17,,B,21,9,,4621700,,價單第4號 (B1)付款辦法 Payment Method (B1) of Price List No.4 依照售價減 6.5%(93.5%) 6.5% discount from the price (93.5%) 首3年保修優惠 First 3 Years Warranty Offer,
2022-08-10,2022-08-17,,B,21,10,,4533800,,價單第4號 (B1)付款辦法 Payment Method (B1) of Price List No.4 依照售價減 6.5%(93.5%) 6.5% discount from the price (93.5%) 首3年保修優惠 First 3 Years Warranty Offer,
2022-08-10,2022-08-17,,B,21,11,,4639400,,價單第4號 (B1)付款辦法 Payment Method (B1) of Price List No.4 依照售價減 6.5%(93.5%) 6.5% discount from the price (93.5%) 首3年保修優惠 First 3 Years Warranty Offer,
2022-08-10,2022-08-17,,B,21,12,,4692700,,價單第4號 (B1)付款辦法 Payment Method (B1) of Price List No.4 依照售價減 6.5%(93.5%) 6.5% discount from the price (93.5%) 首3年保修優惠 First 3 Years Warranty Offer,
2022-08-10,2022-08-15,,B,22,20,,5147400,,價單第4號 (B2)付款辦法 Payment Method (B2) of Price List No.4 依照售價減 5.5%(94.5%) 5.5% discount from the price (94.5%) 首3年保修優惠 First 3 Years Warranty Offer,
2022-08-10,2022-08-17,,B,22,21,,5545400,,價單第4號 (B1)付款辦法 Payment Method (B1) of Price List No.4 依照售價減 6.5%(93.5%) 6.5% discount from the price (93.5%) 首3年保修優惠 First 3 Years Warranty Offer,
2022-08-14,2022-08-19,,A,2,2,,4877800,,價單第5號 (B1)付款辦法 Payment Method (B1) of Price List No.5 依照售價減 6.5%(93.5%) 6.5% discount from the price (93.5%) 首3年保修優惠 First 3 Years Warranty Offer,
2022-08-14,2022-08-19,,A,3,2,,6041000,,價單第5號 (B1)付款辦法 Payment Method (B1) of Price List No.5 依照售價減 6.5%(93.5%) 6.5% discount from the price (93.5%) 首3年保修優惠 First 3 Years Warranty Offer,
2022-08-14,2022-08-19,,A,3,6,,4227100,,價單第5號 (B1)付款辦法 Payment Method (B1) of Price List No.5 依照售價減 6.5%(93.5%) 6.5% discount from the price (93.5%) 首3年保修優惠 First 3 Years Warranty Offer,
2022-08-14,2022-08-19,,A,3,7,,4233600,,價單第5號 (B1)付款辦法 Payment Method (B1) of Price List No.5 依照售價減 6.5%(93.5%) 6.5% discount from the price (93.5%) 首3年保修優惠 First 3 Years Warranty Offer,
2022-08-14,2022-08-19,,A,5,2,,6059700,,價單第5號 (B1)付款辦法 Payment Method (B1) of Price List No.5 依照售價減 6.5%(93.5%) 6.5% discount from the price (93.5%) 首3年保修優惠 First 3 Years Warranty Offer,
2022-08-14,2022-08-19,,A,5,6,,4245800,,價單第5號 (B1)付款辦法 Payment Method (B1) of Price List No.5 依照售價減 6.5%(93.5%) 6.5% discount from the price (93.5%) 首3年保修優惠 First 3 Years Warranty Offer,
2022-08-14,2022-08-19,,A,5,7,,4252300,,價單第5號 (B1)付款辦法 Payment Method (B1) of Price List No.5 依照售價減 6.5%(93.5%) 6.5% discount from the price (93.5%) 首3年保修優惠 First 3 Years Warranty Offer,
2022-08-14,2022-08-19,,A,5,11,,4309400,,價單第5號 (B1)付款辦法 Payment Method (B1) of Price List No.5 依照售價減 6.5%(93.5%) 6.5% discount from the price (93.5%) 首3年保修優惠 First 3 Years Warranty Offer,
2022-08-14,2022-08-19,,A,6,2,,6144300,,價單第5號 (B2)付款辦法 Payment Method (B2) of Price List No.5 依照售價減 5.5%(94.5%) 5.5% discount from the price (94.5%) 首3年保修優惠 First 3 Years Warranty Offer,
2022-08-14,2022-08-19,2023-02-23,A,6,6,,4304400,,價單第5號 (B2)付款辦法 Payment Method (B2) of Price List No.5 依照售價減 5.5%(94.5%) 5.5% discount from the price (94.5%) 首3年保修優惠 First 3 Years Warranty Offer,
2022-08-14,2022-08-19,,A,6,7,,4265400,,價單第5號 (B1)付款辦法 Payment Method (B1) of Price List No.5 依照售價減 6.5%(93.5%) 6.5% discount from the price (93.5%) 首3年保修優惠 First 3 Years Warranty Offer,
2022-08-14,2022-08-19,,A,6,11,,4321500,,價單第5號 (B1)付款辦法 Payment Method (B1) of Price List No.5 依照售價減 6.5%(93.5%) 6.5% discount from the price (93.5%) 首3年保修優惠 First 3 Years Warranty Offer,
2022-08-14,2022-08-19,,A,7,2,,6163200,"在18-11-2022，基於法例第35 (2)(b)條所容許的原因，售價更改 為$6,098,000 On 18-11-2022, the price adjusted to $6,098,000 due to the reason allowed under section 35(2)(b) of the Ordinance","價單第5號 (B2)付款辦法 Payment Method (B2) of Price List No.5 依照售價減 5.5%(94.5%) 5.5% discount from the price (94.5%) 首3年保修優惠 First 3 Years Warranty Offer 在18-11-2022，支付條款更改為 On 18-11-2022, the terms of payment adjusted to 價單第5號 (B1)付款辦法 Payment Method (B1) of Price List No.5 依照售價減 6.5%(93.5%) 6.5% discount from the price (93.5%) 首3年保修優惠 First 3 Years Warranty Offer",
2022-08-14,2022-08-19,,A,7,11,,4381000,,價單第5號 (B2)付款辦法 Payment Method (B2) of Price List No.5 依照售價減 5.5%(94.5%) 5.5% discount from the price (94.5%) 首3年保修優惠 First 3 Years Warranty Offer,
2022-08-14,2022-08-19,,A,8,2,,6183100,"在17-10-2022，基於法例第35 (2)(b)條所容許的原因，售價更改 為$6,117,700 On 17-10-2022, the price adjusted to $6,117,700 due to the reason allowed under section 35(2)(b) of the Ordinance","價單第5號 (B2)付款辦法 Payment Method (B2) of Price List No.5 依照售價減 5.5%(94.5%) 5.5% discount from the price (94.5%) 首3年保修優惠 First 3 Years Warranty Offer 在17-10-2022，支付條款更改為 On 17-10-2022, the terms of payment adjusted to 價單第5號 (B1)付款辦法 Payment Method (B1) of Price List No.5 依照售價減 6.5%(93.5%) 6.5% discount from the price (93.5%) 首3年保修優惠 First 3 Years Warranty Offer",
2022-08-14,2022-08-19,2023-02-24,A,8,11,,4393300,,價單第5號 (B2)付款辦法 Payment Method (B2) of Price List No.5 依照售價減 5.5%(94.5%) 5.5% discount from the price (94.5%) 首3年保修優惠 First 3 Years Warranty Offer,
2022-08-14,2022-08-19,,A,9,2,,6136400,,價單第5號 (B1)付款辦法 Payment Method (B1) of Price List No.5 依照售價減 6.5%(93.5%) 6.5% discount from the price (93.5%) 首3年保修優惠 First 3 Years Warranty Offer,
2022-08-14,2022-08-19,,A,9,11,,4344000,"在30-11-2022，基於法例第35 (2)(b)條所容許的原因，售價更改 為$4,390,400 On 30-11-2022, the price adjusted to $4,390,400 due to the reason allowed under section 35(2)(b) of the Ordinance","價單第5號 (B1)付款辦法 Payment Method (B1) of Price List No.5 依照售價減 6.5%(93.5%) 6.5% discount from the price (93.5%) 首3年保修優惠 First 3 Years Warranty Offer 在30-11-2022，支付條款更改為 On 30-11-2022, the terms of payment adjusted to 價單第5號 (B2)付款辦法 Payment Method (B2) of Price List No.5 依照售價減 5.5%(94.5%) 5.5% discount from the price (94.5%) 首3年保修優惠 First 3 Years Warranty Offer",
2022-08-14,2022-08-19,,A,9,16,,4563700,,價單第5號 (B1)付款辦法 Payment Method (B1) of Price List No.5 依照售價減 6.5%(93.5%) 6.5% discount from the price (93.5%) 首3年保修優惠 First 3 Years Warranty Offer,
2022-08-14,2022-08-19,,A,9,17,,4653100,,價單第5號 (B2)付款辦法 Payment Method (B2) of Price List No.5 依照售價減 5.5%(94.5%) 5.5% discount from the price (94.5%) 首3年保修優惠 First 3 Years Warranty Offer,
2022-08-14,2022-08-19,,A,10,2,,6155100,,價單第5號 (B1)付款辦法 Payment Method (B1) of Price List No.5 依照售價減 6.5%(93.5%) 6.5% discount from the price (93.5%) 首3年保修優惠 First 3 Years Warranty Offer,
2022-08-14,2022-08-19,,A,10,11,,4356100,,價單第5號 (B1)付款辦法 Payment Method (B1) of Price List No.5 依照售價減 6.5%(93.5%) 6.5% discount from the price (93.5%) 首3年保修優惠 First 3 Years Warranty Offer,
2022-08-14,2022-08-19,,A,10,16,,4600300,,價單第5號 (A2)付款辦法 Payment Method (A2) of Price List No.5 依照售價減 6%(94%) 6% discount from the price (94%) 首3年保修優惠 First 3 Years Warranty Offer,
2022-08-14,2022-08-19,,A,10,17,,4593200,,價單第5號 (A1)付款辦法 Payment Method (A1) of Price List No.5 依照售價減 7%(93%) 7% discount from the price (93%) 首3年保修優惠 First 3 Years Warranty Offer,
2022-08-14,2022-08-19,,A,10,18,,3255600,,價單第5號 (B1)付款辦法 Payment Method (B1) of Price List No.5 依照售價減 6.5%(93.5%) 6.5% discount from the price (93.5%) 首3年保修優惠 First 3 Years Warranty Offer,
2022-08-14,2022-08-19,,A,11,2,,6141700,,價單第5號 (A1)付款辦法 Payment Method (A1) of Price List No.5 依照售價減 7%(93%) 7% discount from the price (93%) 首3年保修優惠 First 3 Years Warranty Offer,
2022-08-14,2022-08-19,,A,11,11,,4369200,,價單第5號 (B1)付款辦法 Payment Method (B1) of Price List No.5 依照售價減 6.5%(93.5%) 6.5% discount from the price (93.5%) 首3年保修優惠 First 3 Years Warranty Offer,
2022-08-14,2022-08-19,,A,11,16,,4588900,,價單第5號 (B1)付款辦法 Payment Method (B1) of Price List No.5 依照售價減 6.5%(93.5%) 6.5% discount from the price (93.5%) 首3年保修優惠 First 3 Years Warranty Offer,
2022-08-14,2022-08-19,,A,11,17,,4632900,,價單第5號 (B1)付款辦法 Payment Method (B1) of Price List No.5 依照售價減 6.5%(93.5%) 6.5% discount from the price (93.5%) 首3年保修優惠 First 3 Years Warranty Offer,
2022-08-14,2022-08-19,,A,11,18,,3269600,,價單第5號 (B1)付款辦法 Payment Method (B1) of Price List No.5 依照售價減 6.5%(93.5%) 6.5% discount from the price (93.5%) 首3年保修優惠 First 3 Years Warranty Offer,
2022-08-14,2022-08-19,,A,12,2,,6193400,,價單第5號 (B1)付款辦法 Payment Method (B1) of Price List No.5 依照售價減 6.5%(93.5%) 6.5% discount from the price (93.5%) 首3年保修優惠 First 3 Years Warranty Offer,
2022-08-14,2022-08-19,,A,12,11,,4381400,,價單第5號 (B1)付款辦法 Payment Method (B1) of Price List No.5 依照售價減 6.5%(93.5%) 6.5% discount from the price (93.5%) 首3年保修優惠 First 3 Years Warranty Offer,
2022-08-14,2022-08-19,,A,12,16,,4650300,"在05-10-2022，基於法例第35 (2)(b)條所容許的原因，售價更改 為$4,601,100 On 05-10-2022, the price adjusted to $4,601,100 due to the reason allowed under section 35(2)(b) of the Ordinance","價單第5號 (B2)付款辦法 Payment Method (B2) of Price List No.5 依照售價減 5.5%(94.5%) 5.5% discount from the price (94.5%) 首3年保修優惠 First 3 Years Warranty Offer 在05-10-2022，支付條款更改為 On 05-10-2022, the terms of payment adjusted to 價單第5號 (B1)付款辦法 Payment Method (B1) of Price List No.5 依照售價減 6.5%(93.5%) 6.5% discount from the price (93.5%) 首3年保修優惠 First 3 Years Warranty Offer",
2022-08-14,2022-08-19,,A,12,17,,4647800,,價單第5號 (B1)付款辦法 Payment Method (B1) of Price List No.5 依照售價減 6.5%(93.5%) 6.5% discount from the price (93.5%) 首3年保修優惠 First 3 Years Warranty Offer,
2022-08-14,2022-08-19,,A,12,18,,3280900,,價單第5號 (B1)付款辦法 Payment Method (B1) of Price List No.5 依照售價減 6.5%(93.5%) 6.5% discount from the price (93.5%) 首3年保修優惠 First 3 Years Warranty Offer,
2022-08-14,2022-08-19,,A,15,2,,6213000,,價單第5號 (B1)付款辦法 Payment Method (B1) of Price List No.5 依照售價減 6.5%(93.5%) 6.5% discount from the price (93.5%) 首3年保修優惠 First 3 Years Warranty Offer,
2022-08-14,2022-08-19,,A,15,11,,4371000,,價單第5號 (A1)付款辦法 Payment Method (A1) of Price List No.5 依照售價減 7%(93%) 7% discount from the price (93%) 首3年保修優惠 First 3 Years Warranty Offer,
2022-08-14,2022-08-19,,A,15,16,,4663500,,價單第5號 (B2)付款辦法 Payment Method (B2) of Price List No.5 依照售價減 5.5%(94.5%) 5.5% discount from the price (94.5%) 首3年保修優惠 First 3 Years Warranty Offer,
2022-08-14,2022-08-19,,A,15,17,,4662800,,價單第5號 (B1)付款辦法 Payment Method (B1) of Price List No.5 依照售價減 6.5%(93.5%) 6.5% discount from the price (93.5%) 首3年保修優惠 First 3 Years Warranty Offer,
2022-08-14,2022-08-19,,A,16,2,,6231700,,價單第5號 (B1)付款辦法 Payment Method (B1) of Price List No.5 依照售價減 6.5%(93.5%) 6.5% discount from the price (93.5%) 首3年保修優惠 First 3 Years Warranty Offer,
2022-08-14,2022-08-19,,A,16,11,,4406600,,價單第5號 (B1)付款辦法 Payment Method (B1) of Price List No.5 依照售價減 6.5%(93.5%) 6.5% discount from the price (93.5%) 首3年保修優惠 First 3 Years Warranty Offer,
2022-08-14,2022-08-19,,A,16,16,,4627300,,價單第5號 (B1)付款辦法 Payment Method (B1) of Price List No.5 依照售價減 6.5%(93.5%) 6.5% discount from the price (93.5%) 首3年保修優惠 First 3 Years Warranty Offer,
2022-08-14,2022-08-19,,A,16,17,,4677800,,價單第5號 (B1)付款辦法 Payment Method (B1) of Price List No.5 依照售價減 6.5%(93.5%) 6.5% discount from the price (93.5%) 首3年保修優惠 First 3 Years Warranty Offer,
2022-08-14,2022-08-19,,A,17,2,,6250400,"在30-11-2022，基於法例第35 (2)(b)條所容許的原因，售價更改 為$6,317,300 On 30-11-2022, the price adjusted to $6,317,300 due to the reason allowed under section 35(2)(b) of the Ordinance","價單第5號 (B1)付款辦法 Payment Method (B1) of Price List No.5 依照售價減 6.5%(93.5%) 6.5% discount from the price (93.5%) 首3年保修優惠 First 3 Years Warranty Offer 在30-11-2022，支付條款更改為 On 30-11-2022, the terms of payment adjusted to 價單第5號 (B2)付款辦法 Payment Method (B2) of Price List No.5 依照售價減 5.5%(94.5%) 5.5% discount from the price (94.5%) 首3年保修優惠 First 3 Years Warranty Offer",
2022-08-14,2022-08-19,,A,17,11,,4419700,,價單第5號 (B1)付款辦法 Payment Method (B1) of Price List No.5 依照售價減 6.5%(93.5%) 6.5% discount from the price (93.5%) 首3年保修優惠 First 3 Years Warranty Offer,
2022-08-14,2022-08-19,,A,17,16,,4639400,,價單第5號 (B1)付款辦法 Payment Method (B1) of Price List No.5 依照售價減 6.5%(93.5%) 6.5% discount from the price (93.5%) 首3年保修優惠 First 3 Years Warranty Offer,
2022-08-14,2022-08-19,,A,17,17,,4692700,,價單第5號 (B1)付款辦法 Payment Method (B1) of Price List No.5 依照售價減 6.5%(93.5%) 6.5% discount from the price (93.5%) 首3年保修優惠 First 3 Years Warranty Offer,
2022-08-14,2022-08-19,,A,18,2,,6270100,,價單第5號 (B1)付款辦法 Payment Method (B1) of Price List No.5 依照售價減 6.5%(93.5%) 6.5% discount from the price (93.5%) 首3年保修優惠 First 3 Years Warranty Offer,
2022-08-14,2022-08-19,,A,18,11,,4431900,,價單第5號 (B1)付款辦法 Payment Method (B1) of Price List No.5 依照售價減 6.5%(93.5%) 6.5% discount from the price (93.5%) 首3年保修優惠 First 3 Years Warranty Offer,
2022-08-14,2022-08-19,,A,18,16,,4652500,,價單第5號 (B1)付款辦法 Payment Method (B1) of Price List No.5 依照售價減 6.5%(93.5%) 6.5% discount from the price (93.5%) 首3年保修優惠 First 3 Years Warranty Offer,
2022-08-14,2022-08-19,,A,18,17,,4758000,,價單第5號 (B2)付款辦法 Payment Method (B2) of Price List No.5 依照售價減 5.5%(94.5%) 5.5% discount from the price (94.5%) 首3年保修優惠 First 3 Years Warranty Offer,
2022-08-14,2022-08-19,,A,19,2,,6288800,,價單第5號 (B1)付款辦法 Payment Method (B1) of Price List No.5 依照售價減 6.5%(93.5%) 6.5% discount from the price (93.5%) 首3年保修優惠 First 3 Years Warranty Offer,
2022-08-14,2022-08-19,,A,19,11,,4444900,,價單第5號 (B1)付款辦法 Payment Method (B1) of Price List No.5 依照售價減 6.5%(93.5%) 6.5% discount from the price (93.5%) 首3年保修優惠 First 3 Years Warranty Offer,
2022-08-14,2022-08-19,,A,19,16,,4664700,,價單第5號 (B1)付款辦法 Payment Method (B1) of Price List No.5 依照售價減 6.5%(93.5%) 6.5% discount from the price (93.5%) 首3年保修優惠 First 3 Years Warranty Offer,
2022-08-14,2022-08-19,,A,19,17,,4722600,,價單第5號 (B1)付款辦法 Payment Method (B1) of Price List No.5 依照售價減 6.5%(93.5%) 6.5% discount from the price (93.5%) 首3年保修優惠 First 3 Years Warranty Offer,
2022-08-14,2022-08-19,,A,20,2,,6308400,,價單第5號 (B1)付款辦法 Payment Method (B1) of Price List No.5 依照售價減 6.5%(93.5%) 6.5% discount from the price (93.5%) 首3年保修優惠 First 3 Years Warranty Offer,
2022-08-14,2022-08-19,,A,20,11,,4457100,,價單第5號 (B1)付款辦法 Payment Method (B1) of Price List No.5 依照售價減 6.5%(93.5%) 6.5% discount from the price (93.5%) 首3年保修優惠 First 3 Years Warranty Offer,
2022-08-14,2022-08-19,,A,20,16,,4677800,"在16-11-2022，基於法例第35 (2)(b)條所容許的原因，售價更改 為$4,727,800 On 16-11-2022, the price adjusted to $4,727,800 due to the reason allowed under section 35(2)(b) of the Ordinance","價單第5號 (B1)付款辦法 Payment Method (B1) of Price List No.5 依照售價減 6.5%(93.5%) 6.5% discount from the price (93.5%) 首3年保修優惠 First 3 Years Warranty Offer 在16-11-2022，支付條款更改為 On 16-11-2022, the terms of payment adjusted to 價單第5號 (B2)付款辦法 Payment Method (B2) of Price List No.5 依照售價減 5.5%(94.5%) 5.5% discount from the price (94.5%) 首3年保修優惠 First 3 Years Warranty Offer",
2022-08-14,2022-08-19,,A,20,17,,4736700,"在16-11-2022，基於法例第35 (2)(b)條所容許的原因，售價更改 為$4,787,300 On 16-11-2022, the price adjusted to $4,787,300 due to the reason allowed under section 35(2)(b) of the Ordinance","價單第5號 (B1)付款辦法 Payment Method (B1) of Price List No.5 依照售價減 6.5%(93.5%) 6.5% discount from the price (93.5%) 首3年保修優惠 First 3 Years Warranty Offer 在16-11-2022，支付條款更改為 On 16-11-2022, the terms of payment adjusted to 價單第5號 (B2)付款辦法 Payment Method (B2) of Price List No.5 依照售價減 5.5%(94.5%) 5.5% discount from the price (94.5%) 首3年保修優惠 First 3 Years Warranty Offer",
2022-08-14,2022-08-19,,A,21,2,,6345800,,價單第5號 (B1)付款辦法 Payment Method (B1) of Price List No.5 依照售價減 6.5%(93.5%) 6.5% discount from the price (93.5%) 首3年保修優惠 First 3 Years Warranty Offer,
2022-08-14,2022-08-19,,A,21,11,,4482300,,價單第5號 (B1)付款辦法 Payment Method (B1) of Price List No.5 依照售價減 6.5%(93.5%) 6.5% discount from the price (93.5%) 首3年保修優惠 First 3 Years Warranty Offer,
2022-08-14,2022-08-19,,A,21,16,,4753300,,價單第5號 (B2)付款辦法 Payment Method (B2) of Price List No.5 依照售價減 5.5%(94.5%) 5.5% discount from the price (94.5%) 首3年保修優惠 First 3 Years Warranty Offer,
2022-08-14,2022-08-19,,A,21,17,,4817600,"在12-1-2023，基於法例第35 (2)(b)條所容許的原因，售價更改 為$4,766,600 On 12-1-2023, the price adjusted to $4,766,600 due to the reason allowed under section 35(2)(b) of the Ordinance","價單第5號 (B2)付款辦法 Payment Method (B2) of Price List No.5 依照售價減 5.5%(94.5%) 5.5% discount from the price (94.5%) 首3年保修優惠 First 3 Years Warranty Offer 在12-1-2023，支付條款更改為 On 12-1-2023, the terms of payment adjusted to 價單第5號 (B1)付款辦法 Payment Method (B1) of Price List No.5 依照售價減 6.5%(93.5%) 6.5% discount from the price (93.5%) 首3年保修優惠 First 3 Years Warranty Offer",
2022-08-14,2022-08-19,,A,22,8,,10516500,,招標文件支付條款 Payment Terms of Tender Document ．見備註/See Remarks 7.(a) ．見備註/See Remarks 7.(b) ．見備註/See Remarks 7.(c)(iv) ．見備註/See Remarks 7.(d)(ii)(a),
2022-08-14,2022-08-19,,B,1,1,,5032100,"在22-09-2022，基於法例第35 (2)(b)條所容許的原因，售價更改 為$5,005,200 On 22-09-2022, the price adjusted to $5,005,200 due to the reason allowed under section 35(2)(b) of the Ordinance","價單第5號 (B1)付款辦法 Payment Method (B1) of Price List No.5 依照售價減 6.5%(93.5%) 6.5% discount from the price (93.5%) 首3年保修優惠 First 3 Years Warranty Offer 在22-09-2022，支付條款更改為 On 22-09-2022, the terms of payment adjusted to 價單第5號 (A1)付款辦法 Payment Method (A1) of Price List No.5 依照售價減 7%(93%) 7% discount from the price (93%) 首3年保修優惠 First 3 Years Warranty Offer",
2022-08-14,2022-08-19,,B,1,3,,4696500,,價單第5號 (B1)付款辦法 Payment Method (B1) of Price List No.5 依照售價減 6.5%(93.5%) 6.5% discount from the price (93.5%) 首3年保修優惠 First 3 Years Warranty Offer,
2022-08-14,2022-08-19,,B,1,16,,4722600,,價單第5號 (B1)付款辦法 Payment Method (B1) of Price List No.5 依照售價減 6.5%(93.5%) 6.5% discount from the price (93.5%) 首3年保修優惠 First 3 Years Warranty Offer,
2022-08-14,2022-08-19,,B,1,19,,6066200,,價單第5號 (B1)付款辦法 Payment Method (B1) of Price List No.5 依照售價減 6.5%(93.5%) 6.5% discount from the price (93.5%) 首3年保修優惠 First 3 Years Warranty Offer,
2022-08-14,2022-08-19,,B,2,1,,5026600,,價單第5號 (A1)付款辦法 Payment Method (A1) of Price List No.5 依照售價減 7%(93%) 7% discount from the price (93%) 首3年保修優惠 First 3 Years Warranty Offer,
2022-08-14,2022-08-19,,B,2,3,,4718900,,價單第5號 (B1)付款辦法 Payment Method (B1) of Price List No.5 依照售價減 6.5%(93.5%) 6.5% discount from the price (93.5%) 首3年保修優惠 First 3 Years Warranty Offer,
2022-08-14,2022-08-19,,B,2,16,,4667500,,價單第5號 (B1)付款辦法 Payment Method (B1) of Price List No.5 依照售價減 6.5%(93.5%) 6.5% discount from the price (93.5%) 首3年保修優惠 First 3 Years Warranty Offer,
2022-08-14,2022-08-19,,B,3,1,,5068600,,價單第5號 (B1)付款辦法 Payment Method (B1) of Price List No.5 依照售價減 6.5%(93.5%) 6.5% discount from the price (93.5%) 首3年保修優惠 First 3 Years Warranty Offer,
2022-08-14,2022-08-19,,B,3,3,,4733900,,價單第5號 (B1)付款辦法 Payment Method (B1) of Price List No.5 依照售價減 6.5%(93.5%) 6.5% discount from the price (93.5%) 首3年保修優惠 First 3 Years Warranty Offer,
2022-08-14,2022-08-19,,B,3,16,,4681500,"在19-12-2022，基於法例第35 (2)(b)條所容許的原因，售價更改 為$4,731,600 On 19-12-2022, the price adjusted to $4,731,600 due to the reason allowed under section 35(2)(b) of the Ordinance","價單第5號 (B1)付款辦法 Payment Method (B1) of Price List No.5 依照售價減 6.5%(93.5%) 6.5% discount from the price (93.5%) 首3年保修優惠 First 3 Years Warranty Offer 在19-12-2022，支付條款更改為 On 19-12-2022, the terms of payment adjusted to 價單第5號 (B2)付款辦法 Payment Method (B2) of Price List No.5 依照售價減5.5%(94.5%) 5.5% discount from the price (94.5%) 首3年保修優惠 First 3 Years Warranty Offer",
2022-08-14,2022-08-19,,B,5,1,,5083500,,價單第5號 (B1)付款辦法 Payment Method (B1) of Price List No.5 依照售價減 6.5%(93.5%) 6.5% discount from the price (93.5%) 首3年保修優惠 First 3 Years Warranty Offer,
2022-08-14,2022-08-19,,B,5,3,,4748800,,價單第5號 (B1)付款辦法 Payment Method (B1) of Price List No.5 依照售價減 6.5%(93.5%) 6.5% discount from the price (93.5%) 首3年保修優惠 First 3 Years Warranty Offer,
2022-08-14,2022-08-19,,B,6,3,,4763800,,價單第5號 (B1)付款辦法 Payment Method (B1) of Price List No.5 依照售價減 6.5%(93.5%) 6.5% discount from the price (93.5%) 首3年保修優惠 First 3 Years Warranty Offer,
2022-08-14,2022-08-19,,B,7,3,,4778700,,價單第5號 (B1)付款辦法 Payment Method (B1) of Price List No.5 依照售價減 6.5%(93.5%) 6.5% discount from the price (93.5%) 首3年保修優惠 First 3 Years Warranty Offer,
2022-08-14,2022-08-19,,B,8,3,,4793700,,價單第5號 (B1)付款辦法 Payment Method (B1) of Price List No.5 依照售價減 6.5%(93.5%) 6.5% discount from the price (93.5%) 首3年保修優惠 First 3 Years Warranty Offer,
2022-08-14,2022-08-19,,B,9,3,,4859100,,價單第5號 (B2)付款辦法 Payment Method (B2) of Price List No.5 依照售價減 5.5%(94.5%) 5.5% discount from the price (94.5%) 首3年保修優惠 First 3 Years Warranty Offer,
2022-08-14,2022-08-19,,B,G,20,,3908300,,價單第5號 (B1)付款辦法 Payment Method (B1) of Price List No.5 依照售價減 6.5%(93.5%) 6.5% discount from the price (93.5%) 首3年保修優惠 First 3 Years Warranty Offer,
2022-08-14,2022-08-19,,B,10,3,,4822700,,價單第5號 (B1)付款辦法 Payment Method (B1) of Price List No.5 依照售價減 6.5%(93.5%) 6.5% discount from the price (93.5%) 首3年保修優惠 First 3 Years Warranty Offer,
2022-08-14,2022-08-19,,B,11,3,,4837600,,價單第5號 (B1)付款辦法 Payment Method (B1) of Price List No.5 依照售價減 6.5%(93.5%) 6.5% discount from the price (93.5%) 首3年保修優惠 First 3 Years Warranty Offer,
2022-08-14,2022-08-18,,B,12,3,,4852600,,價單第5號 (B1)付款辦法 Payment Method (B1) of Price List No.5 依照售價減 6.5%(93.5%) 6.5% discount from the price (93.5%) 首3年保修優惠 First 3 Years Warranty Offer 買方如直接經由「恒基物業代理有限公司」購入價單內住宅物業 （並非經由其他地產代理公司中介成交）， 於簽契入伙後可獲贈24個月管理費。 Any purchaser who purchases any specified residential property in the price list of the development directly through Henderson Property Agency Limited (but not through the other estate agents) will be given management fees for the period of 24 months after the execution of the assignment of the residential property by the purchaser.,
2022-08-14,2022-08-19,,B,17,16,,4843300,,價單第5號 (B1)付款辦法 Payment Method (B1) of Price List No.5 依照售價減 6.5%(93.5%) 6.5% discount from the price (93.5%) 首3年保修優惠 First 3 Years Warranty Offer,
2022-08-14,2022-08-17,,B,18,16,,4858200,,價單第5號 (B1)付款辦法 Payment Method (B1) of Price List No.5 依照售價減 6.5%(93.5%) 6.5% discount from the price (93.5%) 首3年保修優惠 First 3 Years Warranty Offer,
2022-08-14,2022-08-19,,B,19,16,,4873200,,價單第5號 (B1)付款辦法 Payment Method (B1) of Price List No.5 依照售價減 6.5%(93.5%) 6.5% discount from the price (93.5%) 首3年保修優惠 First 3 Years Warranty Offer,
2022-08-14,2022-08-17,,B,20,16,,4888100,,價單第5號 (B1)付款辦法 Payment Method (B1) of Price List No.5 依照售價減 6.5%(93.5%) 6.5% discount from the price (93.5%) 首3年保修優惠 First 3 Years Warranty Offer,
2022-08-14,2022-08-19,,B,21,16,,4917100,,價單第5號 (B1)付款辦法 Payment Method (B1) of Price List No.5 依照售價減 6.5%(93.5%) 6.5% discount from the price (93.5%) 首3年保修優惠 First 3 Years Warranty Offer,
2022-08-15,2022-08-19,,B,G,19,,7900000,,招標文件支付條款 Payment Terms of Tender Document ．見備註/See Remarks 7.(a) ．見備註/See Remarks 7.(b) ．見備註/See Remarks 7.(c)(iv) ．見備註/See Remarks 7.(d)(ii)(a),
2022-08-17,2022-08-24,,B,22,1,,11960000,,招標文件支付條款 Payment Terms of Tender Document ．見備註/See Remarks 7.(a) ．見備註/See Remarks 7.(b) ．見備註/See Remarks 7.(c)(iii) ．見備註/See Remarks 7.(d)(ii)(a),
2022-08-19,2022-08-26,,A,5,9,,3199700,,價單第1A號 (B2)付款辦法 Payment Method (B2) of Price List No.1A 依照售價減 5.5%(94.5%) 5.5% discount from the price (94.5%) 首3年保修優惠 First 3 Years Warranty Offer,
2022-08-19,2022-08-26,,A,6,9,,3200500,,價單第1A號 (B1)付款辦法 Payment Method (B1) of Price List No.1A 依照售價減 6.5%(93.5%) 6.5% discount from the price (93.5%) 首3年保修優惠 First 3 Years Warranty Offer,
2022-08-19,2022-08-26,,B,1,2,,4694600,,價單第2B號 (B1)付款辦法 Payment Method (B1) of Price List No.2B 依照售價減 6.5%(93.5%) 6.5% discount from the price (93.5%) 首3年保修優惠 First 3 Years Warranty Offer,
2022-08-23,2022-08-30,,A,22,2,,10244500,,招標文件支付條款 Payment Terms of Tender Document ．見備註/See Remarks 7.(a) ．見備註/See Remarks 7.(b) ．見備註/See Remarks 7.(c)(iv) ．見備註/See Remarks 7.(d)(ii)(a),
2022-08-26,2022-08-30,,B,11,12,,4745100,,價單第4A號 (B1)付款辦法 Payment Method (B1) of Price List No.4A 依照售價減 6.5%(93.5%) 6.5% discount from the price (93.5%) 首3年保修優惠 First 3 Years Warranty Offer,
2022-08-26,2022-08-31,,B,19,8,,4806800,,價單第4A號 (B1)付款辦法 Payment Method (B1) of Price List No.4A 依照售價減 6.5%(93.5%) 6.5% discount from the price (93.5%) 首3年保修優惠 First 3 Years Warranty Offer,
2023-03-03,2023-03-10,,A,1,18,,3172500,,價單第3A號 (A2)付款辦法 Payment Method (A2) of Price List No.3A 依照售價減 6%(94%) 6% discount from the price (94%) 首3年保修優惠 First 3 Years Warranty Offer,
2023-03-03,2023-03-10,,A,3,5,,4327700,,價單第3A號 (A2)付款辦法 Payment Method (A2) of Price List No.3A 依照售價減 6%(94%) 6% discount from the price (94%) 首3年保修優惠 First 3 Years Warranty Offer 買方如直接經由「恒基物業代理有限公司」購入價單內住宅物業 （並非經由其他地產代理公司中介成交）， 於簽契入伙後可獲贈24個月管理費。 Any purchaser who purchases any specified residential property in the price list of the development directly through Henderson Property Agency Limited (but not through the other estate agents) will be given management fees for the period of 24 months after the execution of the assignment of the residential property by the purchaser.,
2023-03-03,2023-03-10,,A,6,6,,4236100,,價單第5A號 (A1)付款辦法 Payment Method (A1) of Price List No.5A 依照售價減 7%(93%) 7% discount from the price (93%) 首3年保修優惠 First 3 Years Warranty Offer,
2023-03-03,2023-03-10,,A,8,11,,4504900,,價單第5A號 (B2)付款辦法 Payment Method (B2) of Price List No.5A 依照售價減 5%(95%) 5% discount from the price (95%) 首3年保修優惠 First 3 Years Warranty Offer,
2023-03-03,2023-03-10,,A,9,18,,3234500,,價單第3A號 (A1)付款辦法 Payment Method (A1) of Price List No.3A 依照售價減 7%(93%) 7% discount from the price (93%) 首3年保修優惠 First 3 Years Warranty Offer,
2023-03-03,2023-03-10,,B,15,2,,4750700,"在21-4-2023，基於法例第35 (2)(b)條所容許的原因，售價更改 為$4,700,200 On 21-4-2023, the price adjusted to $4,700,200 due to the reason allowed under section 35(2)(b) of the Ordinance","價單第2C號 (A2)付款辦法 Payment Method (A2) of Price List No.2C 依照售價減 6%(94%) 6% discount from the price (94%) 首3年保修優惠 First 3 Years Warranty Offer 在21-4-2023，支付條款更改為 On 21-4-2023, the terms of payment adjusted to 價單第2C號 (A1)付款辦法 Payment Method (A1) of Price List No.2C 依照售價減7%(93%) 7% discount from the price (93%) 首3年保修優惠 First 3 Years Warranty Offer",
2023-03-03,2023-03-10,,B,20,9,,4617400,,價單第4B號 (A1)付款辦法 Payment Method (A1) of Price List No.4B 依照售價減 7%(93%) 7% discount from the price (93%) 首3年保修優惠 First 3 Years Warranty Offer 買方如直接經由「恒基物業代理有限公司」購入價單內住宅物業 （並非經由其他地產代理公司中介成交）， 於簽契入伙後可獲贈24個月管理費。 Any purchaser who purchases any specified residential property in the price list of the development directly through Henderson Property Agency Limited (but not through the other estate agents) will be given management fees for the period of 24 months after the execution of the assignment of the residential property by the purchaser.,
2023-03-11,2023-03-17,,B,11,21,,4731800,,價單第1B號 (A1)付款辦法 Payment Method (A1) of Price List No.1B 依照售價減 7%(93%) 7% discount from the price (93%) 首3年保修優惠 First 3 Years Warranty Offer,
