pasp,asp,terminated,block,floor,unit,carpark,price,revision,terms,related
2023-03-25,2023-03-31,2025-06-10,第3座(3A) Tower 3(3A),2,B,,13150500,,"價單第1號 Price List No. 1 (1) 付款計劃(C): 「一」心一意建築期備用按揭付款計 劃: (照售價減2%) (見備註7(c)(iii)) Payment Plan (C): “ONE” Heart Standby Mortgage Loan Stage Payment Plan: (2% discount from the Price) (2) 「雙綫滙聚優惠」(見備註7(d)) ""Dual-lines Advantage Discount” (See Remarks 7(d)) (3) 「搶佔先機優惠」(見備註7(e)) “First-mover Discount” (See Remarks 7(e)) (4) 「始終『瑜一』優惠 」(見備註7(f)) “IN ONE Discount” (See Remarks 7(f)) (5) 「印花稅優惠」(見備註7(g)) “Stamp Duty Discount” (See Remarks 7(g)) (6) 「早鳥優惠」(見備註7(h)) “Early Bird Benefit” (See Remarks 7(h)) (7) 延長欠妥之處之保養優惠(見備註7(j)) Extended Defect Maintenance Offer (See Remarks 7(j)) (8) 「始終瑜一」80%備用按揭貸款(見備註7(i)) ""IN ONE” 80% Standby Mortgage Loan (See Remarks 7(i))",
2023-03-25,2023-03-31,,第3座(3A) Tower 3(3A),17,A,,26634700,,"價單第2號 Price List No. 2 (1) 付款計劃(A): 矜貴「瑜一」120天現金優惠付款計 劃: (照售價減5%) (見備註7(c)(i)) Payment Plan (A): Prestige “IN ONE” 120-day Cash Payment Plan: (5% discount from the Price) (See Rem (2) 「雙綫滙聚優惠」(見備註7(d)) ""Dual-lines Advantage Discount” (See Remarks 7(d)) (3) 「搶佔先機優惠」(見備註7(e)) “First-mover Discount” (See Remarks 7(e)) (4) 「始終『瑜一』優惠 」(見備註7(f)) “IN ONE Discount” (See Remarks 7(f)) (5) 「印花稅優惠」(見備註7(g)) “Stamp Duty Discount” (See Remarks 7(g)) (6) 「早鳥優惠」(見備註7(h)) “Early Bird Benefit” (See Remarks 7(h)) (7) 延長欠妥之處之保養優惠(見備註7(j)) Extended Defect Maintenance Offer (See Remarks 7(j))",
2023-03-25,2023-03-31,,第3座(3A) Tower 3(3A),16,A,,27437500,,"價單第2號 Price List No. 2 (1) 付款計劃(C): 「一」心一意建築期備用按揭付款計 劃: (照售價減2%) (見備註7(c)(iii)) Payment Plan (C): “ONE” Heart Standby Mortgage Loan Stage Payment Plan: (2% discount from the Price) (2) 「雙綫滙聚優惠」(見備註7(d)) ""Dual-lines Advantage Discount” (See Remarks 7(d)) (3) 「搶佔先機優惠」(見備註7(e)) “First-mover Discount” (See Remarks 7(e)) (4) 「始終『瑜一』優惠 」(見備註7(f)) “IN ONE Discount” (See Remarks 7(f)) (5) 「印花稅優惠」(見備註7(g)) “Stamp Duty Discount” (See Remarks 7(g)) (6) 「早鳥優惠」(見備註7(h)) “Early Bird Benefit” (See Remarks 7(h)) (7) 延長欠妥之處之保養優惠(見備註7(j)) Extended Defect Maintenance Offer (See Remarks 7(j)) (8) 「始終瑜一」80%備用按揭貸款(見備註7(i)) ""IN ONE” 80% Standby Mortgage Loan (See Remarks 7(i))",
2023-03-25,2023-03-31,,第3座(3A) Tower 3(3A),2,A,,22432000,,"價單第2號 Price List No. 2 (1) 付款計劃(C): 「一」心一意建築期備用按揭付款計 劃: (照售價減2%) (見備註7(c)(iii)) Payment Plan (C): “ONE” Heart Standby Mortgage Loan Stage Payment Plan: (2% discount from the Price) (2) 「雙綫滙聚優惠」(見備註7(d)) ""Dual-lines Advantage Discount” (See Remarks 7(d)) (3) 「搶佔先機優惠」(見備註7(e)) “First-mover Discount” (See Remarks 7(e)) (4) 「始終『瑜一』優惠 」(見備註7(f)) “IN ONE Discount” (See Remarks 7(f)) (5) 「印花稅優惠」(見備註7(g)) “Stamp Duty Discount” (See Remarks 7(g)) (6) 「早鳥優惠」(見備註7(h)) “Early Bird Benefit” (See Remarks 7(h)) (7) 延長欠妥之處之保養優惠(見備註7(j)) Extended Defect Maintenance Offer (See Remarks 7(j)) (8) 「始終瑜一」80%備用按揭貸款(見備註7(i)) ""IN ONE” 80% Standby Mortgage Loan (See Remarks 7(i))",
2023-03-25,2023-03-30,,第3座(3A) Tower 3(3A),15,A,,27301100,,"價單第2號 Price List No. 2 (1) 付款計劃(C): 「一」心一意建築期備用按揭付款計 劃: (照售價減2%) (見備註7(c)(iii)) Payment Plan (C): “ONE” Heart Standby Mortgage Loan Stage Payment Plan: (2% discount from the Price) (2) 「雙綫滙聚優惠」(見備註7(d)) ""Dual-lines Advantage Discount” (See Remarks 7(d)) (3) 「搶佔先機優惠」(見備註7(e)) “First-mover Discount” (See Remarks 7(e)) (4) 「始終『瑜一』優惠 」(見備註7(f)) “IN ONE Discount” (See Remarks 7(f)) (5) 「印花稅優惠」(見備註7(g)) “Stamp Duty Discount” (See Remarks 7(g)) (6) 「早鳥優惠」(見備註7(h)) “Early Bird Benefit” (See Remarks 7(h)) (7) 延長欠妥之處之保養優惠(見備註7(j)) Extended Defect Maintenance Offer (See Remarks 7(j)) (8) 「始終瑜一」80%備用按揭貸款(見備註7(i)) ""IN ONE” 80% Standby Mortgage Loan (See Remarks 7(i))",
2023-03-25,2023-03-31,,第3座(3A) Tower 3(3A),27,A,,30452900,,"價單第3號 Price List No. 3 (1) 付款計劃(A): 矜貴「瑜一」120天現金優惠付款計 劃: (照售價減5%) (見備註7(c)(i)) Payment Plan (A): Prestige “IN ONE” 120-day Cash Payment Plan: (5% discount from the Price) (See Rem (2) 「雙綫滙聚優惠」(見備註7(d)) ""Dual-lines Advantage Discount” (See Remarks 7(d)) (3) 「搶佔先機優惠」(見備註7(e)) “First-mover Discount” (See Remarks 7(e)) (4) 「始終『瑜一』優惠 」(見備註7(f)) “IN ONE Discount” (See Remarks 7(f)) (5) 「印花稅優惠」(見備註7(g)) “Stamp Duty Discount” (See Remarks 7(g)) (6) 「早鳥優惠」(見備註7(h)) “Early Bird Benefit” (See Remarks 7(h)) (7) 延長欠妥之處之保養優惠(見備註7(j)) Extended Defect Maintenance Offer (See Remarks 7(j))",
2023-03-25,2023-03-31,2025-04-30,第3座(3A) Tower 3(3A),26,B,,18024100,,"價單第3號 Price List No. 3 (1) 付款計劃(C): 「一」心一意建築期備用按揭付款計 劃: (照售價減2%) (見備註7(c)(iii)) Payment Plan (C): “ONE” Heart Standby Mortgage Loan Stage Payment Plan: (2% discount from the Price) (2) 「雙綫滙聚優惠」(見備註7(d)) ""Dual-lines Advantage Discount” (See Remarks 7(d)) (3) 「搶佔先機優惠」(見備註7(e)) “First-mover Discount” (See Remarks 7(e)) (4) 「始終『瑜一』優惠 」(見備註7(f)) “IN ONE Discount” (See Remarks 7(f)) (5) 「印花稅優惠」(見備註7(g)) “Stamp Duty Discount” (See Remarks 7(g)) (6) 「早鳥優惠」(見備註7(h)) “Early Bird Benefit” (See Remarks 7(h)) (7) 延長欠妥之處之保養優惠(見備註7(j)) Extended Defect Maintenance Offer (See Remarks 7(j)) (8) 「始終瑜一」80%備用按揭貸款(見備註7(i)) ""IN ONE” 80% Standby Mortgage Loan (See Remarks 7(i))",
2023-03-25,2023-03-31,2025-04-30,第3座(3A) Tower 3(3A),26,A,,30910000,,"價單第3號 Price List No. 3 (1) 付款計劃(C): 「一」心一意建築期備用按揭付款計 劃: (照售價減2%) (見備註7(c)(iii)) Payment Plan (C): “ONE” Heart Standby Mortgage Loan Stage Payment Plan: (2% discount from the Price) (2) 「雙綫滙聚優惠」(見備註7(d)) ""Dual-lines Advantage Discount” (See Remarks 7(d)) (3) 「搶佔先機優惠」(見備註7(e)) “First-mover Discount” (See Remarks 7(e)) (4) 「始終『瑜一』優惠 」(見備註7(f)) “IN ONE Discount” (See Remarks 7(f)) (5) 「印花稅優惠」(見備註7(g)) “Stamp Duty Discount” (See Remarks 7(g)) (6) 「早鳥優惠」(見備註7(h)) “Early Bird Benefit” (See Remarks 7(h)) (7) 延長欠妥之處之保養優惠(見備註7(j)) Extended Defect Maintenance Offer (See Remarks 7(j)) (8) 「始終瑜一」80%備用按揭貸款(見備註7(i)) ""IN ONE” 80% Standby Mortgage Loan (See Remarks 7(i))",
2023-03-25,2023-03-31,,第3座(3B) Tower 3(3B),19,E,,8146100,,"價單第1號 Price List No. 1 (1) 付款計劃(C): 「一」心一意建築期備用按揭付款計 劃: (照售價減2%) (見備註7(c)(iii)) Payment Plan (C): “ONE” Heart Standby Mortgage Loan Stage Payment Plan: (2% discount from the Price) (2) 「雙綫滙聚優惠」(見備註7(d)) ""Dual-lines Advantage Discount” (See Remarks 7(d)) (3) 「搶佔先機優惠」(見備註7(e)) “First-mover Discount” (See Remarks 7(e)) (4) 「始終『瑜一』優惠 」(見備註7(f)) “IN ONE Discount” (See Remarks 7(f)) (5) 「印花稅優惠」(見備註7(g)) “Stamp Duty Discount” (See Remarks 7(g)) (6) 「早鳥優惠」(見備註7(h)) “Early Bird Benefit” (See Remarks 7(h)) (7) 延長欠妥之處之保養優惠(見備註7(j)) Extended Defect Maintenance Offer (See Remarks 7(j)) (8) 「始終瑜一」80%備用按揭貸款(見備註7(i)) ""IN ONE” 80% Standby Mortgage Loan (See Remarks 7(i))",
2023-03-25,2023-03-31,,第3座(3A) Tower 3(3A),17,C,,25819600,,"價單第1號 Price List No. 1 (1) 付款計劃(A): 矜貴「瑜一」120天現金優惠付款計 劃: (照售價減5%) (見備註7(c)(i)) Payment Plan (A): Prestige “IN ONE” 120-day Cash Payment Plan: (5% discount from the Price) (See Rem (2) 「雙綫滙聚優惠」(見備註7(d)) ""Dual-lines Advantage Discount” (See Remarks 7(d)) (3) 「搶佔先機優惠」(見備註7(e)) “First-mover Discount” (See Remarks 7(e)) (4) 「始終『瑜一』優惠 」(見備註7(f)) “IN ONE Discount” (See Remarks 7(f)) (5) 「印花稅優惠」(見備註7(g)) “Stamp Duty Discount” (See Remarks 7(g)) (6) 「早鳥優惠」(見備註7(h)) “Early Bird Benefit” (See Remarks 7(h)) (7) 延長欠妥之處之保養優惠(見備註7(j)) Extended Defect Maintenance Offer (See Remarks 7(j))",
2023-03-25,2023-03-31,,第3座(3A) Tower 3(3A),27,B,,17758200,,"價單第3號 Price List No. 3 (1) 付款計劃(A): 矜貴「瑜一」120天現金優惠付款計 劃: (照售價減5%) (見備註7(c)(i)) Payment Plan (A): Prestige “IN ONE” 120-day Cash Payment Plan: (5% discount from the Price) (See Rem (2) 「雙綫滙聚優惠」(見備註7(d)) ""Dual-lines Advantage Discount” (See Remarks 7(d)) (3) 「搶佔先機優惠」(見備註7(e)) “First-mover Discount” (See Remarks 7(e)) (4) 「始終『瑜一』優惠 」(見備註7(f)) “IN ONE Discount” (See Remarks 7(f)) (5) 「印花稅優惠」(見備註7(g)) “Stamp Duty Discount” (See Remarks 7(g)) (6) 「早鳥優惠」(見備註7(h)) “Early Bird Benefit” (See Remarks 7(h)) (7) 延長欠妥之處之保養優惠(見備註7(j)) Extended Defect Maintenance Offer (See Remarks 7(j))",
2023-03-25,2023-03-31,,第3座(3A) Tower 3(3A),1,C,,28576200,,"價單第3號 Price List No. 3 (1) 付款計劃(C): 「一」心一意建築期備用按揭付款計 劃: (照售價減2%) (見備註7(c)(iii)) Payment Plan (C): “ONE” Heart Standby Mortgage Loan Stage Payment Plan: (2% discount from the Price) (2) 「雙綫滙聚優惠」(見備註7(d)) ""Dual-lines Advantage Discount” (See Remarks 7(d)) (3) 「搶佔先機優惠」(見備註7(e)) “First-mover Discount” (See Remarks 7(e)) (4) 「始終『瑜一』優惠 」(見備註7(f)) “IN ONE Discount” (See Remarks 7(f)) (5) 「印花稅優惠」(見備註7(g)) “Stamp Duty Discount” (See Remarks 7(g)) (6) 「早鳥優惠」(見備註7(h)) “Early Bird Benefit” (See Remarks 7(h)) (7) 延長欠妥之處之保養優惠(見備註7(j)) Extended Defect Maintenance Offer (See Remarks 7(j)) (8) 「始終瑜一」80%備用按揭貸款(見備註7(i)) ""IN ONE” 80% Standby Mortgage Loan (See Remarks 7(i))",
2023-03-25,2023-03-31,,第3座(3B) Tower 3(3B),18,D,,12547900,,"價單第1號 Price List No. 1 (1) 付款計劃(C): 「一」心一意建築期備用按揭付款計 劃: (照售價減2%) (見備註7(c)(iii)) Payment Plan (C): “ONE” Heart Standby Mortgage Loan Stage Payment Plan: (2% discount from the Price) (2) 「雙綫滙聚優惠」(見備註7(d)) ""Dual-lines Advantage Discount” (See Remarks 7(d)) (3) 「搶佔先機優惠」(見備註7(e)) “First-mover Discount” (See Remarks 7(e)) (4) 「始終『瑜一』優惠 」(見備註7(f)) “IN ONE Discount” (See Remarks 7(f)) (5) 「印花稅優惠」(見備註7(g)) “Stamp Duty Discount” (See Remarks 7(g)) (6) 「早鳥優惠」(見備註7(h)) “Early Bird Benefit” (See Remarks 7(h)) (7) 延長欠妥之處之保養優惠(見備註7(j)) Extended Defect Maintenance Offer (See Remarks 7(j)) (8) 「始終瑜一」80%備用按揭貸款(見備註7(i)) ""IN ONE” 80% Standby Mortgage Loan (See Remarks 7(i))",
2023-03-25,2023-03-31,,第3座(3B) Tower 3(3B),18,A,,14132900,,"價單第2號 Price List No. 2 (1) 付款計劃(A): 矜貴「瑜一」120天現金優惠付款計 劃: (照售價減5%) (見備註7(c)(i)) Payment Plan (A): Prestige “IN ONE” 120-day Cash Payment Plan: (5% discount from the Price) (See Rem (2) 「雙綫滙聚優惠」(見備註7(d)) ""Dual-lines Advantage Discount” (See Remarks 7(d)) (3) 「搶佔先機優惠」(見備註7(e)) “First-mover Discount” (See Remarks 7(e)) (4) 「始終『瑜一』優惠 」(見備註7(f)) “IN ONE Discount” (See Remarks 7(f)) (5) 「印花稅優惠」(見備註7(g)) “Stamp Duty Discount” (See Remarks 7(g)) (6) 「早鳥優惠」(見備註7(h)) “Early Bird Benefit” (See Remarks 7(h)) (7) 延長欠妥之處之保養優惠(見備註7(j)) Extended Defect Maintenance Offer (See Remarks 7(j))",
2023-03-25,2023-03-31,,第3座(3A) Tower 3(3A),18,A,,26901600,,"價單第2號 Price List No. 2 (1) 付款計劃(A): 矜貴「瑜一」120天現金優惠付款計 劃: (照售價減5%) (見備註7(c)(i)) Payment Plan (A): Prestige “IN ONE” 120-day Cash Payment Plan: (5% discount from the Price) (See Rem (2) 「雙綫滙聚優惠」(見備註7(d)) ""Dual-lines Advantage Discount” (See Remarks 7(d)) (3) 「搶佔先機優惠」(見備註7(e)) “First-mover Discount” (See Remarks 7(e)) (4) 「始終『瑜一』優惠 」(見備註7(f)) “IN ONE Discount” (See Remarks 7(f)) (5) 「印花稅優惠」(見備註7(g)) “Stamp Duty Discount” (See Remarks 7(g)) (6) 「早鳥優惠」(見備註7(h)) “Early Bird Benefit” (See Remarks 7(h)) (7) 延長欠妥之處之保養優惠(見備註7(j)) Extended Defect Maintenance Offer (See Remarks 7(j))",
2023-03-25,2023-03-31,,第3座(3B) Tower 3(3B),17,A,,14486500,,"價單第2號 Price List No. 2 (1) 付款計劃(C): 「一」心一意建築期備用按揭付款計 劃: (照售價減2%) (見備註7(c)(iii)) Payment Plan (C): “ONE” Heart Standby Mortgage Loan Stage Payment Plan: (2% discount from the Price) (2) 「雙綫滙聚優惠」(見備註7(d)) ""Dual-lines Advantage Discount” (See Remarks 7(d)) (3) 「搶佔先機優惠」(見備註7(e)) “First-mover Discount” (See Remarks 7(e)) (4) 「始終『瑜一』優惠 」(見備註7(f)) “IN ONE Discount” (See Remarks 7(f)) (5) 「印花稅優惠」(見備註7(g)) “Stamp Duty Discount” (See Remarks 7(g)) (6) 「早鳥優惠」(見備註7(h)) “Early Bird Benefit” (See Remarks 7(h)) (7) 延長欠妥之處之保養優惠(見備註7(j)) Extended Defect Maintenance Offer (See Remarks 7(j)) (8) 「始終瑜一」80%備用按揭貸款(見備註7(i)) ""IN ONE” 80% Standby Mortgage Loan (See Remarks 7(i))",
2023-03-25,2023-03-31,,第3座(3A) Tower 3(3A),19,A,,27795800,,"價單第3號 Price List No. 3 (1) 付款計劃(A): 矜貴「瑜一」120天現金優惠付款計 劃: (照售價減5%) (見備註7(c)(i)) Payment Plan (A): Prestige “IN ONE” 120-day Cash Payment Plan: (5% discount from the Price) (See Rem (2) 「雙綫滙聚優惠」(見備註7(d)) ""Dual-lines Advantage Discount” (See Remarks 7(d)) (3) 「搶佔先機優惠」(見備註7(e)) “First-mover Discount” (See Remarks 7(e)) (4) 「始終『瑜一』優惠 」(見備註7(f)) “IN ONE Discount” (See Remarks 7(f)) (5) 「印花稅優惠」(見備註7(g)) “Stamp Duty Discount” (See Remarks 7(g)) (6) 「早鳥優惠」(見備註7(h)) “Early Bird Benefit” (See Remarks 7(h)) (7) 延長欠妥之處之保養優惠(見備註7(j)) Extended Defect Maintenance Offer (See Remarks 7(j))",
2023-03-25,2023-03-31,,第3座(3A) Tower 3(3A),15,C,,26466000,,"價單第1號 Price List No. 1 (1) 付款計劃(C): 「一」心一意建築期備用按揭付款計 劃: (照售價減2%) (見備註7(c)(iii)) Payment Plan (C): “ONE” Heart Standby Mortgage Loan Stage Payment Plan: (2% discount from the Price) (2) 「雙綫滙聚優惠」(見備註7(d)) ""Dual-lines Advantage Discount” (See Remarks 7(d)) (3) 「搶佔先機優惠」(見備註7(e)) “First-mover Discount” (See Remarks 7(e)) (4) 「始終『瑜一』優惠 」(見備註7(f)) “IN ONE Discount” (See Remarks 7(f)) (5) 「印花稅優惠」(見備註7(g)) “Stamp Duty Discount” (See Remarks 7(g)) (6) 「早鳥優惠」(見備註7(h)) “Early Bird Benefit” (See Remarks 7(h)) (7) 延長欠妥之處之保養優惠(見備註7(j)) Extended Defect Maintenance Offer (See Remarks 7(j)) (8) 「始終瑜一」80%備用按揭貸款(見備註7(i)) ""IN ONE” 80% Standby Mortgage Loan (See Remarks 7(i))",
2023-03-25,2023-03-31,,第3座(3A) Tower 3(3A),12,C,,26255600,,"價單第1號 Price List No. 1 (1) 付款計劃(C): 「一」心一意建築期備用按揭付款計 劃: (照售價減2%) (見備註7(c)(iii)) Payment Plan (C): “ONE” Heart Standby Mortgage Loan Stage Payment Plan: (2% discount from the Price) (2) 「雙綫滙聚優惠」(見備註7(d)) ""Dual-lines Advantage Discount” (See Remarks 7(d)) (3) 「搶佔先機優惠」(見備註7(e)) “First-mover Discount” (See Remarks 7(e)) (4) 「始終『瑜一』優惠 」(見備註7(f)) “IN ONE Discount” (See Remarks 7(f)) (5) 「印花稅優惠」(見備註7(g)) “Stamp Duty Discount” (See Remarks 7(g)) (6) 「早鳥優惠」(見備註7(h)) “Early Bird Benefit” (See Remarks 7(h)) (7) 延長欠妥之處之保養優惠(見備註7(j)) Extended Defect Maintenance Offer (See Remarks 7(j)) (8) 「始終瑜一」80%備用按揭貸款(見備註7(i)) ""IN ONE” 80% Standby Mortgage Loan (See Remarks 7(i))",
2023-03-25,2023-03-31,2026-01-09,第3座(3A) Tower 3(3A),12,A,,27101300,,"價單第2號 Price List No. 2 (1) 付款計劃(C): 「一」心一意建築期備用按揭付款計 劃: (照售價減2%) (見備註7(c)(iii)) Payment Plan (C): “ONE” Heart Standby Mortgage Loan Stage Payment Plan: (2% discount from the Price) (2) 「雙綫滙聚優惠」(見備註7(d)) ""Dual-lines Advantage Discount” (See Remarks 7(d)) (3) 「搶佔先機優惠」(見備註7(e)) “First-mover Discount” (See Remarks 7(e)) (4) 「始終『瑜一』優惠 」(見備註7(f)) “IN ONE Discount” (See Remarks 7(f)) (5) 「印花稅優惠」(見備註7(g)) “Stamp Duty Discount” (See Remarks 7(g)) (6) 「早鳥優惠」(見備註7(h)) “Early Bird Benefit” (See Remarks 7(h)) (7) 延長欠妥之處之保養優惠(見備註7(j)) Extended Defect Maintenance Offer (See Remarks 7(j)) (8) 「始終瑜一」80%備用按揭貸款(見備註7(i)) ""IN ONE” 80% Standby Mortgage Loan (See Remarks 7(i))",
2023-03-25,2023-03-31,,第3座(3A) Tower 3(3A),25,C,,29361200,,"價單第3號 Price List No. 3 (1) 付款計劃(C): 「一」心一意建築期備用按揭付款計 劃: (照售價減2%) (見備註7(c)(iii)) Payment Plan (C): “ONE” Heart Standby Mortgage Loan Stage Payment Plan: (2% discount from the Price) (2) 「雙綫滙聚優惠」(見備註7(d)) ""Dual-lines Advantage Discount” (See Remarks 7(d)) (3) 「搶佔先機優惠」(見備註7(e)) “First-mover Discount” (See Remarks 7(e)) (4) 「始終『瑜一』優惠 」(見備註7(f)) “IN ONE Discount” (See Remarks 7(f)) (5) 「印花稅優惠」(見備註7(g)) “Stamp Duty Discount” (See Remarks 7(g)) (6) 「早鳥優惠」(見備註7(h)) “Early Bird Benefit” (See Remarks 7(h)) (7) 延長欠妥之處之保養優惠(見備註7(j)) Extended Defect Maintenance Offer (See Remarks 7(j)) (8) 「始終瑜一」80%備用按揭貸款(見備註7(i)) ""IN ONE” 80% Standby Mortgage Loan (See Remarks 7(i))",
2023-03-25,2023-03-31,2025-04-30,第3座(3B) Tower 3(3B),20,E,,8174300,,"價單第1號 Price List No. 1 (1) 付款計劃(C): 「一」心一意建築期備用按揭付款計 劃: (照售價減2%) (見備註7(c)(iii)) Payment Plan (C): “ONE” Heart Standby Mortgage Loan Stage Payment Plan: (2% discount from the Price) (2) 「雙綫滙聚優惠」(見備註7(d)) ""Dual-lines Advantage Discount” (See Remarks 7(d)) (3) 「搶佔先機優惠」(見備註7(e)) “First-mover Discount” (See Remarks 7(e)) (4) 「始終『瑜一』優惠 」(見備註7(f)) “IN ONE Discount” (See Remarks 7(f)) (5) 「印花稅優惠」(見備註7(g)) “Stamp Duty Discount” (See Remarks 7(g)) (6) 「早鳥優惠」(見備註7(h)) “Early Bird Benefit” (See Remarks 7(h)) (7) 延長欠妥之處之保養優惠(見備註7(j)) Extended Defect Maintenance Offer (See Remarks 7(j)) (8) 「始終瑜一」80%備用按揭貸款(見備註7(i)) ""IN ONE” 80% Standby Mortgage Loan (See Remarks 7(i))",
2023-03-25,2023-03-31,2026-01-09,第3座(3A) Tower 3(3A),18,C,,26997500,,"價單第1號 Price List No. 1 (1) 付款計劃(C): 「一」心一意建築期備用按揭付款計 劃: (照售價減2%) (見備註7(c)(iii)) Payment Plan (C): “ONE” Heart Standby Mortgage Loan Stage Payment Plan: (2% discount from the Price) (2) 「雙綫滙聚優惠」(見備註7(d)) ""Dual-lines Advantage Discount” (See Remarks 7(d)) (3) 「搶佔先機優惠」(見備註7(e)) “First-mover Discount” (See Remarks 7(e)) (4) 「始終『瑜一』優惠 」(見備註7(f)) “IN ONE Discount” (See Remarks 7(f)) (5) 「印花稅優惠」(見備註7(g)) “Stamp Duty Discount” (See Remarks 7(g)) (6) 「早鳥優惠」(見備註7(h)) “Early Bird Benefit” (See Remarks 7(h)) (7) 延長欠妥之處之保養優惠(見備註7(j)) Extended Defect Maintenance Offer (See Remarks 7(j)) (8) 「始終瑜一」80%備用按揭貸款(見備註7(i)) ""IN ONE” 80% Standby Mortgage Loan (See Remarks 7(i))",
2023-03-25,2023-03-31,,第3座(3A) Tower 3(3A),20,A,,29008300,,"價單第3號 Price List No. 3 (1) 付款計劃(C): 「一」心一意建築期備用按揭付款計 劃: (照售價減2%) (見備註7(c)(iii)) Payment Plan (C): “ONE” Heart Standby Mortgage Loan Stage Payment Plan: (2% discount from the Price) (2) 「雙綫滙聚優惠」(見備註7(d)) ""Dual-lines Advantage Discount” (See Remarks 7(d)) (3) 「搶佔先機優惠」(見備註7(e)) “First-mover Discount” (See Remarks 7(e)) (4) 「始終『瑜一』優惠 」(見備註7(f)) “IN ONE Discount” (See Remarks 7(f)) (5) 「印花稅優惠」(見備註7(g)) “Stamp Duty Discount” (See Remarks 7(g)) (6) 「早鳥優惠」(見備註7(h)) “Early Bird Benefit” (See Remarks 7(h)) (7) 延長欠妥之處之保養優惠(見備註7(j)) Extended Defect Maintenance Offer (See Remarks 7(j)) (8) 「始終瑜一」80%備用按揭貸款(見備註7(i)) ""IN ONE” 80% Standby Mortgage Loan (See Remarks 7(i))",
2023-03-25,2023-03-31,2025-05-29,第3座(3B) Tower 3(3B),16,A,,14415200,,"價單第2號 Price List No. 2 (1) 付款計劃(C): 「一」心一意建築期備用按揭付款計 劃: (照售價減2%) (見備註7(c)(iii)) Payment Plan (C): “ONE” Heart Standby Mortgage Loan Stage Payment Plan: (2% discount from the Price) (2) 「雙綫滙聚優惠」(見備註7(d)) ""Dual-lines Advantage Discount” (See Remarks 7(d)) (3) 「搶佔先機優惠」(見備註7(e)) “First-mover Discount” (See Remarks 7(e)) (4) 「始終『瑜一』優惠 」(見備註7(f)) “IN ONE Discount” (See Remarks 7(f)) (5) 「印花稅優惠」(見備註7(g)) “Stamp Duty Discount” (See Remarks 7(g)) (6) 「早鳥優惠」(見備註7(h)) “Early Bird Benefit” (See Remarks 7(h)) (7) 延長欠妥之處之保養優惠(見備註7(j)) Extended Defect Maintenance Offer (See Remarks 7(j)) (8) 「始終瑜一」80%備用按揭貸款(見備註7(i)) ""IN ONE” 80% Standby Mortgage Loan (See Remarks 7(i))",
2023-03-25,2023-03-31,,第3座(3A) Tower 3(3A),7,C,,23239800,,"價單第2號 Price List No. 2 (1) 付款計劃(A): 矜貴「瑜一」120天現金優惠付款計 劃: (照售價減5%) (見備註7(c)(i)) Payment Plan (A): Prestige “IN ONE” 120-day Cash Payment Plan: (5% discount from the Price) (See Rem (2) 「雙綫滙聚優惠」(見備註7(d)) ""Dual-lines Advantage Discount” (See Remarks 7(d)) (3) 「搶佔先機優惠」(見備註7(e)) “First-mover Discount” (See Remarks 7(e)) (4) 「始終『瑜一』優惠 」(見備註7(f)) “IN ONE Discount” (See Remarks 7(f)) (5) 「印花稅優惠」(見備註7(g)) “Stamp Duty Discount” (See Remarks 7(g)) (6) 「早鳥優惠」(見備註7(h)) “Early Bird Benefit” (See Remarks 7(h)) (7) 延長欠妥之處之保養優惠(見備註7(j)) Extended Defect Maintenance Offer (See Remarks 7(j))",
2023-03-25,2023-03-31,,第3座(3A) Tower 3(3A),3,C,,22240200,,"價單第1號 Price List No. 1 (1) 付款計劃(C): 「一」心一意建築期備用按揭付款計 劃: (照售價減2%) (見備註7(c)(iii)) Payment Plan (C): “ONE” Heart Standby Mortgage Loan Stage Payment Plan: (2% discount from the Price) (2) 「雙綫滙聚優惠」(見備註7(d)) ""Dual-lines Advantage Discount” (See Remarks 7(d)) (3) 「搶佔先機優惠」(見備註7(e)) “First-mover Discount” (See Remarks 7(e)) (4) 「始終『瑜一』優惠 」(見備註7(f)) “IN ONE Discount” (See Remarks 7(f)) (5) 「印花稅優惠」(見備註7(g)) “Stamp Duty Discount” (See Remarks 7(g)) (6) 「早鳥優惠」(見備註7(h)) “Early Bird Benefit” (See Remarks 7(h)) (7) 延長欠妥之處之保養優惠(見備註7(j)) Extended Defect Maintenance Offer (See Remarks 7(j)) (8) 「始終瑜一」80%備用按揭貸款(見備註7(i)) ""IN ONE” 80% Standby Mortgage Loan (See Remarks 7(i))",
2023-03-25,2023-03-31,2025-05-29,第3座(3A) Tower 3(3A),18,B,,16463000,,"價單第2號 Price List No. 2 (1) 付款計劃(C): 「一」心一意建築期備用按揭付款計 劃: (照售價減2%) (見備註7(c)(iii)) Payment Plan (C): “ONE” Heart Standby Mortgage Loan Stage Payment Plan: (2% discount from the Price) (2) 「雙綫滙聚優惠」(見備註7(d)) ""Dual-lines Advantage Discount” (See Remarks 7(d)) (3) 「搶佔先機優惠」(見備註7(e)) “First-mover Discount” (See Remarks 7(e)) (4) 「始終『瑜一』優惠 」(見備註7(f)) “IN ONE Discount” (See Remarks 7(f)) (5) 「印花稅優惠」(見備註7(g)) “Stamp Duty Discount” (See Remarks 7(g)) (6) 「早鳥優惠」(見備註7(h)) “Early Bird Benefit” (See Remarks 7(h)) (7) 延長欠妥之處之保養優惠(見備註7(j)) Extended Defect Maintenance Offer (See Remarks 7(j)) (8) 「始終瑜一」80%備用按揭貸款(見備註7(i)) ""IN ONE” 80% Standby Mortgage Loan (See Remarks 7(i))",
2023-03-25,2023-03-31,2026-01-09,第3座(3A) Tower 3(3A),6,C,,22970000,,"價單第1號 Price List No. 1 (1) 付款計劃(B):「瑜」理所願360天現金優惠付款計 劃: (照售價減3.5%) (見備註7(c)(ii)) Payment Plan (B): “IN” Your Wish 360-day Cash Payment Plan: (3.5% discount from the Price) (See Rema (2) 「雙綫滙聚優惠」(見備註7(d)) ""Dual-lines Advantage Discount” (See Remarks 7(d)) (3) 「搶佔先機優惠」(見備註7(e)) “First-mover Discount” (See Remarks 7(e)) (4) 「始終『瑜一』優惠 」(見備註7(f)) “IN ONE Discount” (See Remarks 7(f)) (5) 「印花稅優惠」(見備註7(g)) “Stamp Duty Discount” (See Remarks 7(g)) (6) 「早鳥優惠」(見備註7(h)) “Early Bird Benefit” (See Remarks 7(h)) (7) 延長欠妥之處之保養優惠(見備註7(j)) Extended Defect Maintenance Offer (See Remarks 7(j))",
2023-03-25,2023-03-31,,第3座(3A) Tower 3(3A),25,B,,17670400,,"價單第3號 Price List No. 3 (1) 付款計劃(C): 「一」心一意建築期備用按揭付款計 劃: (照售價減2%) (見備註7(c)(iii)) Payment Plan (C): “ONE” Heart Standby Mortgage Loan Stage Payment Plan: (2% discount from the Price) (2) 「雙綫滙聚優惠」(見備註7(d)) ""Dual-lines Advantage Discount” (See Remarks 7(d)) (3) 「搶佔先機優惠」(見備註7(e)) “First-mover Discount” (See Remarks 7(e)) (4) 「始終『瑜一』優惠 」(見備註7(f)) “IN ONE Discount” (See Remarks 7(f)) (5) 「印花稅優惠」(見備註7(g)) “Stamp Duty Discount” (See Remarks 7(g)) (6) 「早鳥優惠」(見備註7(h)) “Early Bird Benefit” (See Remarks 7(h)) (7) 延長欠妥之處之保養優惠(見備註7(j)) Extended Defect Maintenance Offer (See Remarks 7(j)) (8) 「始終瑜一」80%備用按揭貸款(見備註7(i)) ""IN ONE” 80% Standby Mortgage Loan (See Remarks 7(i))",
2023-03-25,2023-03-31,2026-01-09,第3座(3A) Tower 3(3A),6,A,,23745900,,"價單第2號 Price List No. 2 (1) 付款計劃(B):「瑜」理所願360天現金優惠付款計 劃: (照售價減3.5%) (見備註7(c)(ii)) Payment Plan (B): “IN” Your Wish 360-day Cash Payment Plan: (3.5% discount from the Price) (See Rema (2) 「雙綫滙聚優惠」(見備註7(d)) ""Dual-lines Advantage Discount” (See Remarks 7(d)) (3) 「搶佔先機優惠」(見備註7(e)) “First-mover Discount” (See Remarks 7(e)) (4) 「始終『瑜一』優惠 」(見備註7(f)) “IN ONE Discount” (See Remarks 7(f)) (5) 「印花稅優惠」(見備註7(g)) “Stamp Duty Discount” (See Remarks 7(g)) (6) 「早鳥優惠」(見備註7(h)) “Early Bird Benefit” (See Remarks 7(h)) (7) 延長欠妥之處之保養優惠(見備註7(j)) Extended Defect Maintenance Offer (See Remarks 7(j))",
2023-03-25,2023-03-31,,第3座(3B) Tower 3(3B),21,E,,8191000,,"價單第1號 Price List No. 1 (1) 付款計劃(C): 「一」心一意建築期備用按揭付款計 劃: (照售價減2%) (見備註7(c)(iii)) Payment Plan (C): “ONE” Heart Standby Mortgage Loan Stage Payment Plan: (2% discount from the Price) (2) 「雙綫滙聚優惠」(見備註7(d)) ""Dual-lines Advantage Discount” (See Remarks 7(d)) (3) 「搶佔先機優惠」(見備註7(e)) “First-mover Discount” (See Remarks 7(e)) (4) 「始終『瑜一』優惠 」(見備註7(f)) “IN ONE Discount” (See Remarks 7(f)) (5) 「印花稅優惠」(見備註7(g)) “Stamp Duty Discount” (See Remarks 7(g)) (6) 「早鳥優惠」(見備註7(h)) “Early Bird Benefit” (See Remarks 7(h)) (7) 延長欠妥之處之保養優惠(見備註7(j)) Extended Defect Maintenance Offer (See Remarks 7(j)) (8) 「始終瑜一」80%備用按揭貸款(見備註7(i)) ""IN ONE” 80% Standby Mortgage Loan (See Remarks 7(i))",
2023-03-25,2023-03-31,2025-05-29,第3座(3A) Tower 3(3A),17,B,,16299300,,"價單第2號 Price List No. 2 (1) 付款計劃(C): 「一」心一意建築期備用按揭付款計 劃: (照售價減2%) (見備註7(c)(iii)) Payment Plan (C): “ONE” Heart Standby Mortgage Loan Stage Payment Plan: (2% discount from the Price) (2) 「雙綫滙聚優惠」(見備註7(d)) ""Dual-lines Advantage Discount” (See Remarks 7(d)) (3) 「搶佔先機優惠」(見備註7(e)) “First-mover Discount” (See Remarks 7(e)) (4) 「始終『瑜一』優惠 」(見備註7(f)) “IN ONE Discount” (See Remarks 7(f)) (5) 「印花稅優惠」(見備註7(g)) “Stamp Duty Discount” (See Remarks 7(g)) (6) 「早鳥優惠」(見備註7(h)) “Early Bird Benefit” (See Remarks 7(h)) (7) 延長欠妥之處之保養優惠(見備註7(j)) Extended Defect Maintenance Offer (See Remarks 7(j)) (8) 「始終瑜一」80%備用按揭貸款(見備註7(i)) ""IN ONE” 80% Standby Mortgage Loan (See Remarks 7(i))",
2023-03-25,2023-03-31,2025-06-10,第3座(3B) Tower 3(3B),6,A,,13059700,,"價單第1號 Price List No. 1 (1) 付款計劃(B):「瑜」理所願360天現金優惠付款計 劃: (照售價減3.5%) (見備註7(c)(ii)) Payment Plan (B): “IN” Your Wish 360-day Cash Payment Plan: (3.5% discount from the Price) (See Rema (2) 「雙綫滙聚優惠」(見備註7(d)) ""Dual-lines Advantage Discount” (See Remarks 7(d)) (3) 「搶佔先機優惠」(見備註7(e)) “First-mover Discount” (See Remarks 7(e)) (4) 「始終『瑜一』優惠 」(見備註7(f)) “IN ONE Discount” (See Remarks 7(f)) (5) 「印花稅優惠」(見備註7(g)) “Stamp Duty Discount” (See Remarks 7(g)) (6) 「早鳥優惠」(見備註7(h)) “Early Bird Benefit” (See Remarks 7(h)) (7) 延長欠妥之處之保養優惠(見備註7(j)) Extended Defect Maintenance Offer (See Remarks 7(j))",
2023-03-25,2023-03-31,,第3座(3A) Tower 3(3A),5,C,,22796400,,"價單第1號 Price List No. 1 (1) 付款計劃(C): 「一」心一意建築期備用按揭付款計 劃: (照售價減2%) (見備註7(c)(iii)) Payment Plan (C): “ONE” Heart Standby Mortgage Loan Stage Payment Plan: (2% discount from the Price) (2) 「雙綫滙聚優惠」(見備註7(d)) ""Dual-lines Advantage Discount” (See Remarks 7(d)) (3) 「搶佔先機優惠」(見備註7(e)) “First-mover Discount” (See Remarks 7(e)) (4) 「始終『瑜一』優惠 」(見備註7(f)) “IN ONE Discount” (See Remarks 7(f)) (5) 「印花稅優惠」(見備註7(g)) “Stamp Duty Discount” (See Remarks 7(g)) (6) 「早鳥優惠」(見備註7(h)) “Early Bird Benefit” (See Remarks 7(h)) (7) 延長欠妥之處之保養優惠(見備註7(j)) Extended Defect Maintenance Offer (See Remarks 7(j)) (8) 「始終瑜一」80%備用按揭貸款(見備註7(i)) ""IN ONE” 80% Standby Mortgage Loan (See Remarks 7(i))",
2023-03-25,2023-03-31,,第3座(3B) Tower 3(3B),26,A,,15170800,,"價單第3號 Price List No. 3 (1) 付款計劃(A): 矜貴「瑜一」120天現金優惠付款計 劃: (照售價減5%) (見備註7(c)(i)) Payment Plan (A): Prestige “IN ONE” 120-day Cash Payment Plan: (5% discount from the Price) (See Rem (2) 「雙綫滙聚優惠」(見備註7(d)) ""Dual-lines Advantage Discount” (See Remarks 7(d)) (3) 「搶佔先機優惠」(見備註7(e)) “First-mover Discount” (See Remarks 7(e)) (4) 「始終『瑜一』優惠 」(見備註7(f)) “IN ONE Discount” (See Remarks 7(f)) (5) 「印花稅優惠」(見備註7(g)) “Stamp Duty Discount” (See Remarks 7(g)) (6) 「早鳥優惠」(見備註7(h)) “Early Bird Benefit” (See Remarks 7(h)) (7) 延長欠妥之處之保養優惠(見備註7(j)) Extended Defect Maintenance Offer (See Remarks 7(j))",
2023-03-25,2023-03-31,2025-05-29,第3座(3A) Tower 3(3A),7,B,,14352000,,"價單第2號 Price List No. 2 (1) 付款計劃(B):「瑜」理所願360天現金優惠付款計 劃: (照售價減3.5%) (見備註7(c)(ii)) Payment Plan (B): “IN” Your Wish 360-day Cash Payment Plan: (3.5% discount from the Price) (See Rema (2) 「雙綫滙聚優惠」(見備註7(d)) ""Dual-lines Advantage Discount” (See Remarks 7(d)) (3) 「搶佔先機優惠」(見備註7(e)) “First-mover Discount” (See Remarks 7(e)) (4) 「始終『瑜一』優惠 」(見備註7(f)) “IN ONE Discount” (See Remarks 7(f)) (5) 「印花稅優惠」(見備註7(g)) “Stamp Duty Discount” (See Remarks 7(g)) (6) 「早鳥優惠」(見備註7(h)) “Early Bird Benefit” (See Remarks 7(h)) (7) 延長欠妥之處之保養優惠(見備註7(j)) Extended Defect Maintenance Offer (See Remarks 7(j))",
2023-03-25,2023-03-31,,第3座(3A) Tower 3(3A),23,A,,29708800,,"價單第3號 Price List No. 3 (1) 付款計劃(C): 「一」心一意建築期備用按揭付款計 劃: (照售價減2%) (見備註7(c)(iii)) Payment Plan (C): “ONE” Heart Standby Mortgage Loan Stage Payment Plan: (2% discount from the Price) (2) 「雙綫滙聚優惠」(見備註7(d)) ""Dual-lines Advantage Discount” (See Remarks 7(d)) (3) 「搶佔先機優惠」(見備註7(e)) “First-mover Discount” (See Remarks 7(e)) (4) 「始終『瑜一』優惠 」(見備註7(f)) “IN ONE Discount” (See Remarks 7(f)) (5) 「印花稅優惠」(見備註7(g)) “Stamp Duty Discount” (See Remarks 7(g)) (6) 「早鳥優惠」(見備註7(h)) “Early Bird Benefit” (See Remarks 7(h)) (7) 延長欠妥之處之保養優惠(見備註7(j)) Extended Defect Maintenance Offer (See Remarks 7(j)) (8) 「始終瑜一」80%備用按揭貸款(見備註7(i)) ""IN ONE” 80% Standby Mortgage Loan (See Remarks 7(i))",
2023-03-25,2023-03-31,2025-05-29,第3座(3B) Tower 3(3B),8,A,,13486000,,"價單第1號 Price List No. 1 (1) 付款計劃(C): 「一」心一意建築期備用按揭付款計 劃: (照售價減2%) (見備註7(c)(iii)) Payment Plan (C): “ONE” Heart Standby Mortgage Loan Stage Payment Plan: (2% discount from the Price) (2) 「雙綫滙聚優惠」(見備註7(d)) ""Dual-lines Advantage Discount” (See Remarks 7(d)) (3) 「搶佔先機優惠」(見備註7(e)) “First-mover Discount” (See Remarks 7(e)) (4) 「始終『瑜一』優惠 」(見備註7(f)) “IN ONE Discount” (See Remarks 7(f)) (5) 「印花稅優惠」(見備註7(g)) “Stamp Duty Discount” (See Remarks 7(g)) (6) 「早鳥優惠」(見備註7(h)) “Early Bird Benefit” (See Remarks 7(h)) (7) 延長欠妥之處之保養優惠(見備註7(j)) Extended Defect Maintenance Offer (See Remarks 7(j)) (8) 「始終瑜一」80%備用按揭貸款(見備註7(i)) ""IN ONE” 80% Standby Mortgage Loan (See Remarks 7(i))",
2023-03-25,2023-03-31,,第3座(3A) Tower 3(3A),25,A,,30302800,,"價單第3號 Price List No. 3 (1) 付款計劃(C): 「一」心一意建築期備用按揭付款計 劃: (照售價減2%) (見備註7(c)(iii)) Payment Plan (C): “ONE” Heart Standby Mortgage Loan Stage Payment Plan: (2% discount from the Price) (2) 「雙綫滙聚優惠」(見備註7(d)) ""Dual-lines Advantage Discount” (See Remarks 7(d)) (3) 「搶佔先機優惠」(見備註7(e)) “First-mover Discount” (See Remarks 7(e)) (4) 「始終『瑜一』優惠 」(見備註7(f)) “IN ONE Discount” (See Remarks 7(f)) (5) 「印花稅優惠」(見備註7(g)) “Stamp Duty Discount” (See Remarks 7(g)) (6) 「早鳥優惠」(見備註7(h)) “Early Bird Benefit” (See Remarks 7(h)) (7) 延長欠妥之處之保養優惠(見備註7(j)) Extended Defect Maintenance Offer (See Remarks 7(j)) (8) 「始終瑜一」80%備用按揭貸款(見備註7(i)) ""IN ONE” 80% Standby Mortgage Loan (See Remarks 7(i))",
2023-03-25,2023-03-31,,第3座(3B) Tower 3(3B),27,E,,8477900,,"價單第2號 Price List No. 2 (1) 付款計劃(C): 「一」心一意建築期備用按揭付款計 劃: (照售價減2%) (見備註7(c)(iii)) Payment Plan (C): “ONE” Heart Standby Mortgage Loan Stage Payment Plan: (2% discount from the Price) (2) 「雙綫滙聚優惠」(見備註7(d)) ""Dual-lines Advantage Discount” (See Remarks 7(d)) (3) 「搶佔先機優惠」(見備註7(e)) “First-mover Discount” (See Remarks 7(e)) (4) 「始終『瑜一』優惠 」(見備註7(f)) “IN ONE Discount” (See Remarks 7(f)) (5) 「印花稅優惠」(見備註7(g)) “Stamp Duty Discount” (See Remarks 7(g)) (6) 「早鳥優惠」(見備註7(h)) “Early Bird Benefit” (See Remarks 7(h)) (7) 延長欠妥之處之保養優惠(見備註7(j)) Extended Defect Maintenance Offer (See Remarks 7(j)) (8) 「始終瑜一」80%備用按揭貸款(見備註7(i)) ""IN ONE” 80% Standby Mortgage Loan (See Remarks 7(i))",
2023-03-25,2023-03-31,2025-06-10,第3座(3A) Tower 3(3A),11,B,,15520600,,"價單第1號 Price List No. 1 (1) 付款計劃(B):「瑜」理所願360天現金優惠付款計 劃: (照售價減3.5%) (見備註7(c)(ii)) Payment Plan (B): “IN” Your Wish 360-day Cash Payment Plan: (3.5% discount from the Price) (See Rema (2) 「雙綫滙聚優惠」(見備註7(d)) ""Dual-lines Advantage Discount” (See Remarks 7(d)) (3) 「搶佔先機優惠」(見備註7(e)) “First-mover Discount” (See Remarks 7(e)) (4) 「始終『瑜一』優惠 」(見備註7(f)) “IN ONE Discount” (See Remarks 7(f)) (5) 「印花稅優惠」(見備註7(g)) “Stamp Duty Discount” (See Remarks 7(g)) (6) 「早鳥優惠」(見備註7(h)) “Early Bird Benefit” (See Remarks 7(h)) (7) 延長欠妥之處之保養優惠(見備註7(j)) Extended Defect Maintenance Offer (See Remarks 7(j))",
2023-03-25,2023-03-31,,第3座(3B) Tower 3(3B),25,E,,8239400,,"價單第1號 Price List No. 1 (1) 付款計劃(C): 「一」心一意建築期備用按揭付款計 劃: (照售價減2%) (見備註7(c)(iii)) Payment Plan (C): “ONE” Heart Standby Mortgage Loan Stage Payment Plan: (2% discount from the Price) (2) 「雙綫滙聚優惠」(見備註7(d)) ""Dual-lines Advantage Discount” (See Remarks 7(d)) (3) 「搶佔先機優惠」(見備註7(e)) “First-mover Discount” (See Remarks 7(e)) (4) 「始終『瑜一』優惠 」(見備註7(f)) “IN ONE Discount” (See Remarks 7(f)) (5) 「印花稅優惠」(見備註7(g)) “Stamp Duty Discount” (See Remarks 7(g)) (6) 「早鳥優惠」(見備註7(h)) “Early Bird Benefit” (See Remarks 7(h)) (7) 延長欠妥之處之保養優惠(見備註7(j)) Extended Defect Maintenance Offer (See Remarks 7(j)) (8) 「始終瑜一」80%備用按揭貸款(見備註7(i)) ""IN ONE” 80% Standby Mortgage Loan (See Remarks 7(i))",
2023-03-25,2023-03-31,2025-06-10,第3座(3A) Tower 3(3A),3,B,,13249200,,"價單第1號 Price List No. 1 (1) 付款計劃(B):「瑜」理所願360天現金優惠付款計 劃: (照售價減3.5%) (見備註7(c)(ii)) Payment Plan (B): “IN” Your Wish 360-day Cash Payment Plan: (3.5% discount from the Price) (See Rema (2) 「雙綫滙聚優惠」(見備註7(d)) ""Dual-lines Advantage Discount” (See Remarks 7(d)) (3) 「搶佔先機優惠」(見備註7(e)) “First-mover Discount” (See Remarks 7(e)) (4) 「始終『瑜一』優惠 」(見備註7(f)) “IN ONE Discount” (See Remarks 7(f)) (5) 「印花稅優惠」(見備註7(g)) “Stamp Duty Discount” (See Remarks 7(g)) (6) 「早鳥優惠」(見備註7(h)) “Early Bird Benefit” (See Remarks 7(h)) (7) 延長欠妥之處之保養優惠(見備註7(j)) Extended Defect Maintenance Offer (See Remarks 7(j))",
2023-03-25,2023-03-31,,第3座(3B) Tower 3(3B),23,E,,8223600,,"價單第1號 Price List No. 1 (1) 付款計劃(C): 「一」心一意建築期備用按揭付款計 劃: (照售價減2%) (見備註7(c)(iii)) Payment Plan (C): “ONE” Heart Standby Mortgage Loan Stage Payment Plan: (2% discount from the Price) (2) 「雙綫滙聚優惠」(見備註7(d)) ""Dual-lines Advantage Discount” (See Remarks 7(d)) (3) 「搶佔先機優惠」(見備註7(e)) “First-mover Discount” (See Remarks 7(e)) (4) 「始終『瑜一』優惠 」(見備註7(f)) “IN ONE Discount” (See Remarks 7(f)) (5) 「印花稅優惠」(見備註7(g)) “Stamp Duty Discount” (See Remarks 7(g)) (6) 「早鳥優惠」(見備註7(h)) “Early Bird Benefit” (See Remarks 7(h)) (7) 延長欠妥之處之保養優惠(見備註7(j)) Extended Defect Maintenance Offer (See Remarks 7(j)) (8) 「始終瑜一」80%備用按揭貸款(見備註7(i)) ""IN ONE” 80% Standby Mortgage Loan (See Remarks 7(i))",
2023-03-25,2023-03-31,,第3座(3A) Tower 3(3A),11,C,,26047100,,"價單第1號 Price List No. 1 (1) 付款計劃(C): 「一」心一意建築期備用按揭付款計 劃: (照售價減2%) (見備註7(c)(iii)) Payment Plan (C): “ONE” Heart Standby Mortgage Loan Stage Payment Plan: (2% discount from the Price) (2) 「雙綫滙聚優惠」(見備註7(d)) ""Dual-lines Advantage Discount” (See Remarks 7(d)) (3) 「搶佔先機優惠」(見備註7(e)) “First-mover Discount” (See Remarks 7(e)) (4) 「始終『瑜一』優惠 」(見備註7(f)) “IN ONE Discount” (See Remarks 7(f)) (5) 「印花稅優惠」(見備註7(g)) “Stamp Duty Discount” (See Remarks 7(g)) (6) 「早鳥優惠」(見備註7(h)) “Early Bird Benefit” (See Remarks 7(h)) (7) 延長欠妥之處之保養優惠(見備註7(j)) Extended Defect Maintenance Offer (See Remarks 7(j)) (8) 「始終瑜一」80%備用按揭貸款(見備註7(i)) ""IN ONE” 80% Standby Mortgage Loan (See Remarks 7(i))",
2023-03-25,2023-03-31,,第3座(3A) Tower 3(3A),22,C,,28556800,,"價單第3號 Price List No. 3 (1) 付款計劃(C): 「一」心一意建築期備用按揭付款計 劃: (照售價減2%) (見備註7(c)(iii)) Payment Plan (C): “ONE” Heart Standby Mortgage Loan Stage Payment Plan: (2% discount from the Price) (2) 「雙綫滙聚優惠」(見備註7(d)) ""Dual-lines Advantage Discount” (See Remarks 7(d)) (3) 「搶佔先機優惠」(見備註7(e)) “First-mover Discount” (See Remarks 7(e)) (4) 「始終『瑜一』優惠 」(見備註7(f)) “IN ONE Discount” (See Remarks 7(f)) (5) 「印花稅優惠」(見備註7(g)) “Stamp Duty Discount” (See Remarks 7(g)) (6) 「早鳥優惠」(見備註7(h)) “Early Bird Benefit” (See Remarks 7(h)) (7) 延長欠妥之處之保養優惠(見備註7(j)) Extended Defect Maintenance Offer (See Remarks 7(j)) (8) 「始終瑜一」80%備用按揭貸款(見備註7(i)) ""IN ONE” 80% Standby Mortgage Loan (See Remarks 7(i))",
2023-03-25,2023-03-31,2025-06-10,第3座(3A) Tower 3(3A),6,B,,13919500,,"價單第1號 Price List No. 1 (1) 付款計劃(B):「瑜」理所願360天現金優惠付款計 劃: (照售價減3.5%) (見備註7(c)(ii)) Payment Plan (B): “IN” Your Wish 360-day Cash Payment Plan: (3.5% discount from the Price) (See Rema (2) 「雙綫滙聚優惠」(見備註7(d)) ""Dual-lines Advantage Discount” (See Remarks 7(d)) (3) 「搶佔先機優惠」(見備註7(e)) “First-mover Discount” (See Remarks 7(e)) (4) 「始終『瑜一』優惠 」(見備註7(f)) “IN ONE Discount” (See Remarks 7(f)) (5) 「印花稅優惠」(見備註7(g)) “Stamp Duty Discount” (See Remarks 7(g)) (6) 「早鳥優惠」(見備註7(h)) “Early Bird Benefit” (See Remarks 7(h)) (7) 延長欠妥之處之保養優惠(見備註7(j)) Extended Defect Maintenance Offer (See Remarks 7(j))",
2023-03-25,2023-03-31,,第3座(3A) Tower 3(3A),19,C,,27883600,,"價單第3號 Price List No. 3 (1) 付款計劃(C): 「一」心一意建築期備用按揭付款計 劃: (照售價減2%) (見備註7(c)(iii)) Payment Plan (C): “ONE” Heart Standby Mortgage Loan Stage Payment Plan: (2% discount from the Price) (2) 「雙綫滙聚優惠」(見備註7(d)) ""Dual-lines Advantage Discount” (See Remarks 7(d)) (3) 「搶佔先機優惠」(見備註7(e)) “First-mover Discount” (See Remarks 7(e)) (4) 「始終『瑜一』優惠 」(見備註7(f)) “IN ONE Discount” (See Remarks 7(f)) (5) 「印花稅優惠」(見備註7(g)) “Stamp Duty Discount” (See Remarks 7(g)) (6) 「早鳥優惠」(見備註7(h)) “Early Bird Benefit” (See Remarks 7(h)) (7) 延長欠妥之處之保養優惠(見備註7(j)) Extended Defect Maintenance Offer (See Remarks 7(j)) (8) 「始終瑜一」80%備用按揭貸款(見備註7(i)) ""IN ONE” 80% Standby Mortgage Loan (See Remarks 7(i))",
2023-03-25,2023-03-31,,第3座(3A) Tower 3(3A),27,C,,30548300,,"價單第3號 Price List No. 3 (1) 付款計劃(C): 「一」心一意建築期備用按揭付款計 劃: (照售價減2%) (見備註7(c)(iii)) Payment Plan (C): “ONE” Heart Standby Mortgage Loan Stage Payment Plan: (2% discount from the Price) (2) 「雙綫滙聚優惠」(見備註7(d)) ""Dual-lines Advantage Discount” (See Remarks 7(d)) (3) 「搶佔先機優惠」(見備註7(e)) “First-mover Discount” (See Remarks 7(e)) (4) 「始終『瑜一』優惠 」(見備註7(f)) “IN ONE Discount” (See Remarks 7(f)) (5) 「印花稅優惠」(見備註7(g)) “Stamp Duty Discount” (See Remarks 7(g)) (6) 「早鳥優惠」(見備註7(h)) “Early Bird Benefit” (See Remarks 7(h)) (7) 延長欠妥之處之保養優惠(見備註7(j)) Extended Defect Maintenance Offer (See Remarks 7(j)) (8) 「始終瑜一」80%備用按揭貸款(見備註7(i)) ""IN ONE” 80% Standby Mortgage Loan (See Remarks 7(i))",
2023-03-25,2023-03-31,2025-06-10,第3座(3A) Tower 3(3A),5,B,,13580500,,"價單第1號 Price List No. 1 (1) 付款計劃(B):「瑜」理所願360天現金優惠付款計 劃: (照售價減3.5%) (見備註7(c)(ii)) Payment Plan (B): “IN” Your Wish 360-day Cash Payment Plan: (3.5% discount from the Price) (See Rema (2) 「雙綫滙聚優惠」(見備註7(d)) ""Dual-lines Advantage Discount” (See Remarks 7(d)) (3) 「搶佔先機優惠」(見備註7(e)) “First-mover Discount” (See Remarks 7(e)) (4) 「始終『瑜一』優惠 」(見備註7(f)) “IN ONE Discount” (See Remarks 7(f)) (5) 「印花稅優惠」(見備註7(g)) “Stamp Duty Discount” (See Remarks 7(g)) (6) 「早鳥優惠」(見備註7(h)) “Early Bird Benefit” (See Remarks 7(h)) (7) 延長欠妥之處之保養優惠(見備註7(j)) Extended Defect Maintenance Offer (See Remarks 7(j))",
2023-03-25,2023-03-31,,第3座(3B) Tower 3(3B),16,D,,12362200,,"價單第1號 Price List No. 1 (1) 付款計劃(C): 「一」心一意建築期備用按揭付款計 劃: (照售價減2%) (見備註7(c)(iii)) Payment Plan (C): “ONE” Heart Standby Mortgage Loan Stage Payment Plan: (2% discount from the Price) (2) 「雙綫滙聚優惠」(見備註7(d)) ""Dual-lines Advantage Discount” (See Remarks 7(d)) (3) 「搶佔先機優惠」(見備註7(e)) “First-mover Discount” (See Remarks 7(e)) (4) 「始終『瑜一』優惠 」(見備註7(f)) “IN ONE Discount” (See Remarks 7(f)) (5) 「印花稅優惠」(見備註7(g)) “Stamp Duty Discount” (See Remarks 7(g)) (6) 「早鳥優惠」(見備註7(h)) “Early Bird Benefit” (See Remarks 7(h)) (7) 延長欠妥之處之保養優惠(見備註7(j)) Extended Defect Maintenance Offer (See Remarks 7(j)) (8) 「始終瑜一」80%備用按揭貸款(見備註7(i)) ""IN ONE” 80% Standby Mortgage Loan (See Remarks 7(i))",
2023-03-25,2023-03-31,,第3座(3A) Tower 3(3A),11,A,,26934100,,"價單第2號 Price List No. 2 (1) 付款計劃(C): 「一」心一意建築期備用按揭付款計 劃: (照售價減2%) (見備註7(c)(iii)) Payment Plan (C): “ONE” Heart Standby Mortgage Loan Stage Payment Plan: (2% discount from the Price) (2) 「雙綫滙聚優惠」(見備註7(d)) ""Dual-lines Advantage Discount” (See Remarks 7(d)) (3) 「搶佔先機優惠」(見備註7(e)) “First-mover Discount” (See Remarks 7(e)) (4) 「始終『瑜一』優惠 」(見備註7(f)) “IN ONE Discount” (See Remarks 7(f)) (5) 「印花稅優惠」(見備註7(g)) “Stamp Duty Discount” (See Remarks 7(g)) (6) 「早鳥優惠」(見備註7(h)) “Early Bird Benefit” (See Remarks 7(h)) (7) 延長欠妥之處之保養優惠(見備註7(j)) Extended Defect Maintenance Offer (See Remarks 7(j)) (8) 「始終瑜一」80%備用按揭貸款(見備註7(i)) ""IN ONE” 80% Standby Mortgage Loan (See Remarks 7(i))",
2023-03-25,2023-03-31,,第3座(3A) Tower 3(3A),26,C,,29949000,,"價單第3號 Price List No. 3 (1) 付款計劃(C): 「一」心一意建築期備用按揭付款計 劃: (照售價減2%) (見備註7(c)(iii)) Payment Plan (C): “ONE” Heart Standby Mortgage Loan Stage Payment Plan: (2% discount from the Price) (2) 「雙綫滙聚優惠」(見備註7(d)) ""Dual-lines Advantage Discount” (See Remarks 7(d)) (3) 「搶佔先機優惠」(見備註7(e)) “First-mover Discount” (See Remarks 7(e)) (4) 「始終『瑜一』優惠 」(見備註7(f)) “IN ONE Discount” (See Remarks 7(f)) (5) 「印花稅優惠」(見備註7(g)) “Stamp Duty Discount” (See Remarks 7(g)) (6) 「早鳥優惠」(見備註7(h)) “Early Bird Benefit” (See Remarks 7(h)) (7) 延長欠妥之處之保養優惠(見備註7(j)) Extended Defect Maintenance Offer (See Remarks 7(j)) (8) 「始終瑜一」80%備用按揭貸款(見備註7(i)) ""IN ONE” 80% Standby Mortgage Loan (See Remarks 7(i))",
2023-03-25,2023-03-31,,第3座(3A) Tower 3(3A),9,C,,24725100,,"價單第2號 Price List No. 2 (1) 付款計劃(B):「瑜」理所願360天現金優惠付款計 劃: (照售價減3.5%) (見備註7(c)(ii)) Payment Plan (B): “IN” Your Wish 360-day Cash Payment Plan: (3.5% discount from the Price) (See Rema (2) 「雙綫滙聚優惠」(見備註7(d)) ""Dual-lines Advantage Discount” (See Remarks 7(d)) (3) 「搶佔先機優惠」(見備註7(e)) “First-mover Discount” (See Remarks 7(e)) (4) 「始終『瑜一』優惠 」(見備註7(f)) “IN ONE Discount” (See Remarks 7(f)) (5) 「印花稅優惠」(見備註7(g)) “Stamp Duty Discount” (See Remarks 7(g)) (6) 「早鳥優惠」(見備註7(h)) “Early Bird Benefit” (See Remarks 7(h)) (7) 延長欠妥之處之保養優惠(見備註7(j)) Extended Defect Maintenance Offer (See Remarks 7(j))",
2023-03-25,2023-03-31,,第3座(3A) Tower 3(3A),10,C,,25535800,,"價單第1號 Price List No. 1 (1) 付款計劃(C): 「一」心一意建築期備用按揭付款計 劃: (照售價減2%) (見備註7(c)(iii)) Payment Plan (C): “ONE” Heart Standby Mortgage Loan Stage Payment Plan: (2% discount from the Price) (2) 「雙綫滙聚優惠」(見備註7(d)) ""Dual-lines Advantage Discount” (See Remarks 7(d)) (3) 「搶佔先機優惠」(見備註7(e)) “First-mover Discount” (See Remarks 7(e)) (4) 「始終『瑜一』優惠 」(見備註7(f)) “IN ONE Discount” (See Remarks 7(f)) (5) 「印花稅優惠」(見備註7(g)) “Stamp Duty Discount” (See Remarks 7(g)) (6) 「早鳥優惠」(見備註7(h)) “Early Bird Benefit” (See Remarks 7(h)) (7) 延長欠妥之處之保養優惠(見備註7(j)) Extended Defect Maintenance Offer (See Remarks 7(j)) (8) 「始終瑜一」80%備用按揭貸款(見備註7(i)) ""IN ONE” 80% Standby Mortgage Loan (See Remarks 7(i))",
2023-03-25,2023-03-31,,第3座(3A) Tower 3(3A),23,C,,27804300,,"價單第3號 Price List No. 3 (1) 付款計劃(A): 矜貴「瑜一」120天現金優惠付款計 劃: (照售價減5%) (見備註7(c)(i)) Payment Plan (A): Prestige “IN ONE” 120-day Cash Payment Plan: (5% discount from the Price) (See Rem (2) 「雙綫滙聚優惠」(見備註7(d)) ""Dual-lines Advantage Discount” (See Remarks 7(d)) (3) 「搶佔先機優惠」(見備註7(e)) “First-mover Discount” (See Remarks 7(e)) (4) 「始終『瑜一』優惠 」(見備註7(f)) “IN ONE Discount” (See Remarks 7(f)) (5) 「印花稅優惠」(見備註7(g)) “Stamp Duty Discount” (See Remarks 7(g)) (6) 「早鳥優惠」(見備註7(h)) “Early Bird Benefit” (See Remarks 7(h)) (7) 延長欠妥之處之保養優惠(見備註7(j)) Extended Defect Maintenance Offer (See Remarks 7(j))",
2023-03-25,2023-03-31,,第3座(3A) Tower 3(3A),10,A,,26405200,,"價單第2號 Price List No. 2 (1) 付款計劃(C): 「一」心一意建築期備用按揭付款計 劃: (照售價減2%) (見備註7(c)(iii)) Payment Plan (C): “ONE” Heart Standby Mortgage Loan Stage Payment Plan: (2% discount from the Price) (2) 「雙綫滙聚優惠」(見備註7(d)) ""Dual-lines Advantage Discount” (See Remarks 7(d)) (3) 「搶佔先機優惠」(見備註7(e)) “First-mover Discount” (See Remarks 7(e)) (4) 「始終『瑜一』優惠 」(見備註7(f)) “IN ONE Discount” (See Remarks 7(f)) (5) 「印花稅優惠」(見備註7(g)) “Stamp Duty Discount” (See Remarks 7(g)) (6) 「早鳥優惠」(見備註7(h)) “Early Bird Benefit” (See Remarks 7(h)) (7) 延長欠妥之處之保養優惠(見備註7(j)) Extended Defect Maintenance Offer (See Remarks 7(j)) (8) 「始終瑜一」80%備用按揭貸款(見備註7(i)) ""IN ONE” 80% Standby Mortgage Loan (See Remarks 7(i))",
2023-03-25,2023-03-31,2025-06-10,第3座(3B) Tower 3(3B),1,C,,12794300,,"價單第3號 Price List No. 3 (1) 付款計劃(C): 「一」心一意建築期備用按揭付款計 劃: (照售價減2%) (見備註7(c)(iii)) Payment Plan (C): “ONE” Heart Standby Mortgage Loan Stage Payment Plan: (2% discount from the Price) (2) 「雙綫滙聚優惠」(見備註7(d)) ""Dual-lines Advantage Discount” (See Remarks 7(d)) (3) 「搶佔先機優惠」(見備註7(e)) “First-mover Discount” (See Remarks 7(e)) (4) 「始終『瑜一』優惠 」(見備註7(f)) “IN ONE Discount” (See Remarks 7(f)) (5) 「印花稅優惠」(見備註7(g)) “Stamp Duty Discount” (See Remarks 7(g)) (6) 「早鳥優惠」(見備註7(h)) “Early Bird Benefit” (See Remarks 7(h)) (7) 延長欠妥之處之保養優惠(見備註7(j)) Extended Defect Maintenance Offer (See Remarks 7(j)) (8) 「始終瑜一」80%備用按揭貸款(見備註7(i)) ""IN ONE” 80% Standby Mortgage Loan (See Remarks 7(i))",
2023-03-25,2023-03-31,,第3座(3B) Tower 3(3B),17,D,,12000300,,"價單第1號 Price List No. 1 (1) 付款計劃(A): 矜貴「瑜一」120天現金優惠付款計 劃: (照售價減5%) (見備註7(c)(i)) Payment Plan (A): Prestige “IN ONE” 120-day Cash Payment Plan: (5% discount from the Price) (See Rem (2) 「雙綫滙聚優惠」(見備註7(d)) ""Dual-lines Advantage Discount” (See Remarks 7(d)) (3) 「搶佔先機優惠」(見備註7(e)) “First-mover Discount” (See Remarks 7(e)) (4) 「始終『瑜一』優惠 」(見備註7(f)) “IN ONE Discount” (See Remarks 7(f)) (5) 「印花稅優惠」(見備註7(g)) “Stamp Duty Discount” (See Remarks 7(g)) (6) 「早鳥優惠」(見備註7(h)) “Early Bird Benefit” (See Remarks 7(h)) (7) 延長欠妥之處之保養優惠(見備註7(j)) Extended Defect Maintenance Offer (See Remarks 7(j))",
2023-03-25,2023-03-31,,第3座(3B) Tower 3(3B),26,E,,8316100,,"價單第2號 Price List No. 2 (1) 付款計劃(B):「瑜」理所願360天現金優惠付款計 劃: (照售價減3.5%) (見備註7(c)(ii)) Payment Plan (B): “IN” Your Wish 360-day Cash Payment Plan: (3.5% discount from the Price) (See Rema (2) 「雙綫滙聚優惠」(見備註7(d)) ""Dual-lines Advantage Discount” (See Remarks 7(d)) (3) 「搶佔先機優惠」(見備註7(e)) “First-mover Discount” (See Remarks 7(e)) (4) 「始終『瑜一』優惠 」(見備註7(f)) “IN ONE Discount” (See Remarks 7(f)) (5) 「印花稅優惠」(見備註7(g)) “Stamp Duty Discount” (See Remarks 7(g)) (6) 「早鳥優惠」(見備註7(h)) “Early Bird Benefit” (See Remarks 7(h)) (7) 延長欠妥之處之保養優惠(見備註7(j)) Extended Defect Maintenance Offer (See Remarks 7(j))",
2023-03-25,2023-03-31,2025-06-10,第3座(3B) Tower 3(3B),1,D,,13480700,,"價單第3號 Price List No. 3 (1) 付款計劃(C): 「一」心一意建築期備用按揭付款計 劃: (照售價減2%) (見備註7(c)(iii)) Payment Plan (C): “ONE” Heart Standby Mortgage Loan Stage Payment Plan: (2% discount from the Price) (2) 「雙綫滙聚優惠」(見備註7(d)) ""Dual-lines Advantage Discount” (See Remarks 7(d)) (3) 「搶佔先機優惠」(見備註7(e)) “First-mover Discount” (See Remarks 7(e)) (4) 「始終『瑜一』優惠 」(見備註7(f)) “IN ONE Discount” (See Remarks 7(f)) (5) 「印花稅優惠」(見備註7(g)) “Stamp Duty Discount” (See Remarks 7(g)) (6) 「早鳥優惠」(見備註7(h)) “Early Bird Benefit” (See Remarks 7(h)) (7) 延長欠妥之處之保養優惠(見備註7(j)) Extended Defect Maintenance Offer (See Remarks 7(j)) (8) 「始終瑜一」80%備用按揭貸款(見備註7(i)) ""IN ONE” 80% Standby Mortgage Loan (See Remarks 7(i))",
2023-03-25,2023-03-27,,第3座(3A) Tower 3(3A),21,C,,28331600,,"價單第3號 Price List No. 3 (1) 付款計劃(C): 「一」心一意建築期備用按揭付款計 劃: (照售價減2%) (見備註7(c)(iii)) Payment Plan (C): “ONE” Heart Standby Mortgage Loan Stage Payment Plan: (2% discount from the Price) (2) 「雙綫滙聚優惠」(見備註7(d)) ""Dual-lines Advantage Discount” (See Remarks 7(d)) (3) 「搶佔先機優惠」(見備註7(e)) “First-mover Discount” (See Remarks 7(e)) (4) 「始終『瑜一』優惠 」(見備註7(f)) “IN ONE Discount” (See Remarks 7(f)) (5) 「印花稅優惠」(見備註7(g)) “Stamp Duty Discount” (See Remarks 7(g)) (6) 「早鳥優惠」(見備註7(h)) “Early Bird Benefit” (See Remarks 7(h)) (7) 延長欠妥之處之保養優惠(見備註7(j)) Extended Defect Maintenance Offer (See Remarks 7(j)) (8) 「始終瑜一」80%備用按揭貸款(見備註7(i)) ""IN ONE” 80% Standby Mortgage Loan (See Remarks 7(i))",
2023-03-25,2023-03-31,,第3座(3A) Tower 3(3A),22,A,,28469000,,"價單第3號 Price List No. 3 (1) 付款計劃(A): 矜貴「瑜一」120天現金優惠付款計 劃: (照售價減5%) (見備註7(c)(i)) Payment Plan (A): Prestige “IN ONE” 120-day Cash Payment Plan: (5% discount from the Price) (See Rem (2) 「雙綫滙聚優惠」(見備註7(d)) ""Dual-lines Advantage Discount” (See Remarks 7(d)) (3) 「搶佔先機優惠」(見備註7(e)) “First-mover Discount” (See Remarks 7(e)) (4) 「始終『瑜一』優惠 」(見備註7(f)) “IN ONE Discount” (See Remarks 7(f)) (5) 「印花稅優惠」(見備註7(g)) “Stamp Duty Discount” (See Remarks 7(g)) (6) 「早鳥優惠」(見備註7(h)) “Early Bird Benefit” (See Remarks 7(h)) (7) 延長欠妥之處之保養優惠(見備註7(j)) Extended Defect Maintenance Offer (See Remarks 7(j))",
2023-03-25,2023-03-31,,第3座(3A) Tower 3(3A),21,A,,29239700,,"價單第3號 Price List No. 3 (1) 付款計劃(C): 「一」心一意建築期備用按揭付款計 劃: (照售價減2%) (見備註7(c)(iii)) Payment Plan (C): “ONE” Heart Standby Mortgage Loan Stage Payment Plan: (2% discount from the Price) (2) 「雙綫滙聚優惠」(見備註7(d)) ""Dual-lines Advantage Discount” (See Remarks 7(d)) (3) 「搶佔先機優惠」(見備註7(e)) “First-mover Discount” (See Remarks 7(e)) (4) 「始終『瑜一』優惠 」(見備註7(f)) “IN ONE Discount” (See Remarks 7(f)) (5) 「印花稅優惠」(見備註7(g)) “Stamp Duty Discount” (See Remarks 7(g)) (6) 「早鳥優惠」(見備註7(h)) “Early Bird Benefit” (See Remarks 7(h)) (7) 延長欠妥之處之保養優惠(見備註7(j)) Extended Defect Maintenance Offer (See Remarks 7(j)) (8) 「始終瑜一」80%備用按揭貸款(見備註7(i)) ""IN ONE” 80% Standby Mortgage Loan (See Remarks 7(i))",
2023-03-25,2023-03-31,,第3座(3A) Tower 3(3A),20,C,,28107200,,"價單第3號 Price List No. 3 (1) 付款計劃(C): 「一」心一意建築期備用按揭付款計 劃: (照售價減2%) (見備註7(c)(iii)) Payment Plan (C): “ONE” Heart Standby Mortgage Loan Stage Payment Plan: (2% discount from the Price) (2) 「雙綫滙聚優惠」(見備註7(d)) ""Dual-lines Advantage Discount” (See Remarks 7(d)) (3) 「搶佔先機優惠」(見備註7(e)) “First-mover Discount” (See Remarks 7(e)) (4) 「始終『瑜一』優惠 」(見備註7(f)) “IN ONE Discount” (See Remarks 7(f)) (5) 「印花稅優惠」(見備註7(g)) “Stamp Duty Discount” (See Remarks 7(g)) (6) 「早鳥優惠」(見備註7(h)) “Early Bird Benefit” (See Remarks 7(h)) (7) 延長欠妥之處之保養優惠(見備註7(j)) Extended Defect Maintenance Offer (See Remarks 7(j)) (8) 「始終瑜一」80%備用按揭貸款(見備註7(i)) ""IN ONE” 80% Standby Mortgage Loan (See Remarks 7(i))",
2023-03-25,2023-03-31,,第3座(3A) Tower 3(3A),8,C,,24661100,,"價單第2號 Price List No. 2 (1) 付款計劃(C): 「一」心一意建築期備用按揭付款計 劃: (照售價減2%) (見備註7(c)(iii)) Payment Plan (C): “ONE” Heart Standby Mortgage Loan Stage Payment Plan: (2% discount from the Price) (2) 「雙綫滙聚優惠」(見備註7(d)) ""Dual-lines Advantage Discount” (See Remarks 7(d)) (3) 「搶佔先機優惠」(見備註7(e)) “First-mover Discount” (See Remarks 7(e)) (4) 「始終『瑜一』優惠 」(見備註7(f)) “IN ONE Discount” (See Remarks 7(f)) (5) 「印花稅優惠」(見備註7(g)) “Stamp Duty Discount” (See Remarks 7(g)) (6) 「早鳥優惠」(見備註7(h)) “Early Bird Benefit” (See Remarks 7(h)) (7) 延長欠妥之處之保養優惠(見備註7(j)) Extended Defect Maintenance Offer (See Remarks 7(j)) (8) 「始終瑜一」80%備用按揭貸款(見備註7(i)) ""IN ONE” 80% Standby Mortgage Loan (See Remarks 7(i))",
2023-03-25,2023-03-31,,第3座(3B) Tower 3(3B),1,A,,14740400,,"價單第3號 Price List No. 3 (1) 付款計劃(B):「瑜」理所願360天現金優惠付款計 劃: (照售價減3.5%) (見備註7(c)(ii)) Payment Plan (B): “IN” Your Wish 360-day Cash Payment Plan: (3.5% discount from the Price) (See Rema (2) 「雙綫滙聚優惠」(見備註7(d)) ""Dual-lines Advantage Discount” (See Remarks 7(d)) (3) 「搶佔先機優惠」(見備註7(e)) “First-mover Discount” (See Remarks 7(e)) (4) 「始終『瑜一』優惠 」(見備註7(f)) “IN ONE Discount” (See Remarks 7(f)) (5) 「印花稅優惠」(見備註7(g)) “Stamp Duty Discount” (See Remarks 7(g)) (6) 「早鳥優惠」(見備註7(h)) “Early Bird Benefit” (See Remarks 7(h)) (7) 延長欠妥之處之保養優惠(見備註7(j)) Extended Defect Maintenance Offer (See Remarks 7(j))",
2023-03-25,2023-03-31,,第3座(3A) Tower 3(3A),9,A,,26011900,,"價單第2號 Price List No. 2 (1) 付款計劃(C): 「一」心一意建築期備用按揭付款計 劃: (照售價減2%) (見備註7(c)(iii)) Payment Plan (C): “ONE” Heart Standby Mortgage Loan Stage Payment Plan: (2% discount from the Price) (2) 「雙綫滙聚優惠」(見備註7(d)) ""Dual-lines Advantage Discount” (See Remarks 7(d)) (3) 「搶佔先機優惠」(見備註7(e)) “First-mover Discount” (See Remarks 7(e)) (4) 「始終『瑜一』優惠 」(見備註7(f)) “IN ONE Discount” (See Remarks 7(f)) (5) 「印花稅優惠」(見備註7(g)) “Stamp Duty Discount” (See Remarks 7(g)) (6) 「早鳥優惠」(見備註7(h)) “Early Bird Benefit” (See Remarks 7(h)) (7) 延長欠妥之處之保養優惠(見備註7(j)) Extended Defect Maintenance Offer (See Remarks 7(j)) (8) 「始終瑜一」80%備用按揭貸款(見備註7(i)) ""IN ONE” 80% Standby Mortgage Loan (See Remarks 7(i))",
2023-03-25,2023-03-31,,第3座(3A) Tower 3(3A),2,C,,21693700,,"價單第1號 Price List No. 1 (1) 付款計劃(C): 「一」心一意建築期備用按揭付款計 劃: (照售價減2%) (見備註7(c)(iii)) Payment Plan (C): “ONE” Heart Standby Mortgage Loan Stage Payment Plan: (2% discount from the Price) (2) 「雙綫滙聚優惠」(見備註7(d)) ""Dual-lines Advantage Discount” (See Remarks 7(d)) (3) 「搶佔先機優惠」(見備註7(e)) “First-mover Discount” (See Remarks 7(e)) (4) 「始終『瑜一』優惠 」(見備註7(f)) “IN ONE Discount” (See Remarks 7(f)) (5) 「印花稅優惠」(見備註7(g)) “Stamp Duty Discount” (See Remarks 7(g)) (6) 「早鳥優惠」(見備註7(h)) “Early Bird Benefit” (See Remarks 7(h)) (7) 延長欠妥之處之保養優惠(見備註7(j)) Extended Defect Maintenance Offer (See Remarks 7(j)) (8) 「始終瑜一」80%備用按揭貸款(見備註7(i)) ""IN ONE” 80% Standby Mortgage Loan (See Remarks 7(i))",
2023-03-25,2023-03-31,,第3座(3A) Tower 3(3A),8,A,,25501500,,"價單第2號 Price List No. 2 (1) 付款計劃(C): 「一」心一意建築期備用按揭付款計 劃: (照售價減2%) (見備註7(c)(iii)) Payment Plan (C): “ONE” Heart Standby Mortgage Loan Stage Payment Plan: (2% discount from the Price) (2) 「雙綫滙聚優惠」(見備註7(d)) ""Dual-lines Advantage Discount” (See Remarks 7(d)) (3) 「搶佔先機優惠」(見備註7(e)) “First-mover Discount” (See Remarks 7(e)) (4) 「始終『瑜一』優惠 」(見備註7(f)) “IN ONE Discount” (See Remarks 7(f)) (5) 「印花稅優惠」(見備註7(g)) “Stamp Duty Discount” (See Remarks 7(g)) (6) 「早鳥優惠」(見備註7(h)) “Early Bird Benefit” (See Remarks 7(h)) (7) 延長欠妥之處之保養優惠(見備註7(j)) Extended Defect Maintenance Offer (See Remarks 7(j)) (8) 「始終瑜一」80%備用按揭貸款(見備註7(i)) ""IN ONE” 80% Standby Mortgage Loan (See Remarks 7(i))",
2023-03-25,2023-03-31,2026-01-09,第3座(3A) Tower 3(3A),5,A,,23568100,,"價單第2號 Price List No. 2 (1) 付款計劃(C): 「一」心一意建築期備用按揭付款計 劃: (照售價減2%) (見備註7(c)(iii)) Payment Plan (C): “ONE” Heart Standby Mortgage Loan Stage Payment Plan: (2% discount from the Price) (2) 「雙綫滙聚優惠」(見備註7(d)) ""Dual-lines Advantage Discount” (See Remarks 7(d)) (3) 「搶佔先機優惠」(見備註7(e)) “First-mover Discount” (See Remarks 7(e)) (4) 「始終『瑜一』優惠 」(見備註7(f)) “IN ONE Discount” (See Remarks 7(f)) (5) 「印花稅優惠」(見備註7(g)) “Stamp Duty Discount” (See Remarks 7(g)) (6) 「早鳥優惠」(見備註7(h)) “Early Bird Benefit” (See Remarks 7(h)) (7) 延長欠妥之處之保養優惠(見備註7(j)) Extended Defect Maintenance Offer (See Remarks 7(j)) (8) 「始終瑜一」80%備用按揭貸款(見備註7(i)) ""IN ONE” 80% Standby Mortgage Loan (See Remarks 7(i))",
2023-03-25,2023-03-31,,第3座(3B) Tower 3(3B),7,A,,13352200,,"價單第1號 Price List No. 1 (1) 付款計劃(C): 「一」心一意建築期備用按揭付款計 劃: (照售價減2%) (見備註7(c)(iii)) Payment Plan (C): “ONE” Heart Standby Mortgage Loan Stage Payment Plan: (2% discount from the Price) (2) 「雙綫滙聚優惠」(見備註7(d)) ""Dual-lines Advantage Discount” (See Remarks 7(d)) (3) 「搶佔先機優惠」(見備註7(e)) “First-mover Discount” (See Remarks 7(e)) (4) 「始終『瑜一』優惠 」(見備註7(f)) “IN ONE Discount” (See Remarks 7(f)) (5) 「印花稅優惠」(見備註7(g)) “Stamp Duty Discount” (See Remarks 7(g)) (6) 「早鳥優惠」(見備註7(h)) “Early Bird Benefit” (See Remarks 7(h)) (7) 延長欠妥之處之保養優惠(見備註7(j)) Extended Defect Maintenance Offer (See Remarks 7(j)) (8) 「始終瑜一」80%備用按揭貸款(見備註7(i)) ""IN ONE” 80% Standby Mortgage Loan (See Remarks 7(i))",
2023-03-25,2023-03-31,,第3座(3B) Tower 3(3B),26,D,,13188600,,"價單第2號 Price List No. 2 (1) 付款計劃(B):「瑜」理所願360天現金優惠付款計 劃: (照售價減3.5%) (見備註7(c)(ii)) Payment Plan (B): “IN” Your Wish 360-day Cash Payment Plan: (3.5% discount from the Price) (See Rema (2) 「雙綫滙聚優惠」(見備註7(d)) ""Dual-lines Advantage Discount” (See Remarks 7(d)) (3) 「搶佔先機優惠」(見備註7(e)) “First-mover Discount” (See Remarks 7(e)) (4) 「始終『瑜一』優惠 」(見備註7(f)) “IN ONE Discount” (See Remarks 7(f)) (5) 「印花稅優惠」(見備註7(g)) “Stamp Duty Discount” (See Remarks 7(g)) (6) 「早鳥優惠」(見備註7(h)) “Early Bird Benefit” (See Remarks 7(h)) (7) 延長欠妥之處之保養優惠(見備註7(j)) Extended Defect Maintenance Offer (See Remarks 7(j))",
2023-03-25,2023-03-31,,第3座(3A) Tower 3(3A),3,A,,22993500,,"價單第2號 Price List No. 2 (1) 付款計劃(C): 「一」心一意建築期備用按揭付款計 劃: (照售價減2%) (見備註7(c)(iii)) Payment Plan (C): “ONE” Heart Standby Mortgage Loan Stage Payment Plan: (2% discount from the Price) (2) 「雙綫滙聚優惠」(見備註7(d)) ""Dual-lines Advantage Discount” (See Remarks 7(d)) (3) 「搶佔先機優惠」(見備註7(e)) “First-mover Discount” (See Remarks 7(e)) (4) 「始終『瑜一』優惠 」(見備註7(f)) “IN ONE Discount” (See Remarks 7(f)) (5) 「印花稅優惠」(見備註7(g)) “Stamp Duty Discount” (See Remarks 7(g)) (6) 「早鳥優惠」(見備註7(h)) “Early Bird Benefit” (See Remarks 7(h)) (7) 延長欠妥之處之保養優惠(見備註7(j)) Extended Defect Maintenance Offer (See Remarks 7(j)) (8) 「始終瑜一」80%備用按揭貸款(見備註7(i)) ""IN ONE” 80% Standby Mortgage Loan (See Remarks 7(i))",
2023-03-25,2023-03-31,,第3座(3A) Tower 3(3A),12,B,,15915600,,"價單第1號 Price List No. 1 (1) 付款計劃(C): 「一」心一意建築期備用按揭付款計 劃: (照售價減2%) (見備註7(c)(iii)) Payment Plan (C): “ONE” Heart Standby Mortgage Loan Stage Payment Plan: (2% discount from the Price) (2) 「雙綫滙聚優惠」(見備註7(d)) ""Dual-lines Advantage Discount” (See Remarks 7(d)) (3) 「搶佔先機優惠」(見備註7(e)) “First-mover Discount” (See Remarks 7(e)) (4) 「始終『瑜一』優惠 」(見備註7(f)) “IN ONE Discount” (See Remarks 7(f)) (5) 「印花稅優惠」(見備註7(g)) “Stamp Duty Discount” (See Remarks 7(g)) (6) 「早鳥優惠」(見備註7(h)) “Early Bird Benefit” (See Remarks 7(h)) (7) 延長欠妥之處之保養優惠(見備註7(j)) Extended Defect Maintenance Offer (See Remarks 7(j)) (8) 「始終瑜一」80%備用按揭貸款(見備註7(i)) ""IN ONE” 80% Standby Mortgage Loan (See Remarks 7(i))",
2023-03-25,2023-03-31,,第3座(3B) Tower 3(3B),8,C,,12266300,,"價單第2號 Price List No. 2 (1) 付款計劃(C): 「一」心一意建築期備用按揭付款計 劃: (照售價減2%) (見備註7(c)(iii)) Payment Plan (C): “ONE” Heart Standby Mortgage Loan Stage Payment Plan: (2% discount from the Price) (2) 「雙綫滙聚優惠」(見備註7(d)) ""Dual-lines Advantage Discount” (See Remarks 7(d)) (3) 「搶佔先機優惠」(見備註7(e)) “First-mover Discount” (See Remarks 7(e)) (4) 「始終『瑜一』優惠 」(見備註7(f)) “IN ONE Discount” (See Remarks 7(f)) (5) 「印花稅優惠」(見備註7(g)) “Stamp Duty Discount” (See Remarks 7(g)) (6) 「早鳥優惠」(見備註7(h)) “Early Bird Benefit” (See Remarks 7(h)) (7) 延長欠妥之處之保養優惠(見備註7(j)) Extended Defect Maintenance Offer (See Remarks 7(j)) (8) 「始終瑜一」80%備用按揭貸款(見備註7(i)) ""IN ONE” 80% Standby Mortgage Loan (See Remarks 7(i))",
2023-03-25,2023-03-31,2026-01-09,第3座(3A) Tower 3(3A),16,C,,26597100,,"價單第1號 Price List No. 1 (1) 付款計劃(C): 「一」心一意建築期備用按揭付款計 劃: (照售價減2%) (見備註7(c)(iii)) Payment Plan (C): “ONE” Heart Standby Mortgage Loan Stage Payment Plan: (2% discount from the Price) (2) 「雙綫滙聚優惠」(見備註7(d)) ""Dual-lines Advantage Discount” (See Remarks 7(d)) (3) 「搶佔先機優惠」(見備註7(e)) “First-mover Discount” (See Remarks 7(e)) (4) 「始終『瑜一』優惠 」(見備註7(f)) “IN ONE Discount” (See Remarks 7(f)) (5) 「印花稅優惠」(見備註7(g)) “Stamp Duty Discount” (See Remarks 7(g)) (6) 「早鳥優惠」(見備註7(h)) “Early Bird Benefit” (See Remarks 7(h)) (7) 延長欠妥之處之保養優惠(見備註7(j)) Extended Defect Maintenance Offer (See Remarks 7(j)) (8) 「始終瑜一」80%備用按揭貸款(見備註7(i)) ""IN ONE” 80% Standby Mortgage Loan (See Remarks 7(i))",
2023-03-25,2023-03-31,,第3座(3A) Tower 3(3A),7,A,,24880200,,"價單第2號 Price List No. 2 (1) 付款計劃(C): 「一」心一意建築期備用按揭付款計 劃: (照售價減2%) (見備註7(c)(iii)) Payment Plan (C): “ONE” Heart Standby Mortgage Loan Stage Payment Plan: (2% discount from the Price) (2) 「雙綫滙聚優惠」(見備註7(d)) ""Dual-lines Advantage Discount” (See Remarks 7(d)) (3) 「搶佔先機優惠」(見備註7(e)) “First-mover Discount” (See Remarks 7(e)) (4) 「始終『瑜一』優惠 」(見備註7(f)) “IN ONE Discount” (See Remarks 7(f)) (5) 「印花稅優惠」(見備註7(g)) “Stamp Duty Discount” (See Remarks 7(g)) (6) 「早鳥優惠」(見備註7(h)) “Early Bird Benefit” (See Remarks 7(h)) (7) 延長欠妥之處之保養優惠(見備註7(j)) Extended Defect Maintenance Offer (See Remarks 7(j)) (8) 「始終瑜一」80%備用按揭貸款(見備註7(i)) ""IN ONE” 80% Standby Mortgage Loan (See Remarks 7(i))",
2023-03-25,2023-03-31,,第3座(3B) Tower 3(3B),17,C,,12570100,,"價單第2號 Price List No. 2 (1) 付款計劃(B):「瑜」理所願360天現金優惠付款計 劃: (照售價減3.5%) (見備註7(c)(ii)) Payment Plan (B): “IN” Your Wish 360-day Cash Payment Plan: (3.5% discount from the Price) (See Rema (2) 「雙綫滙聚優惠」(見備註7(d)) ""Dual-lines Advantage Discount” (See Remarks 7(d)) (3) 「搶佔先機優惠」(見備註7(e)) “First-mover Discount” (See Remarks 7(e)) (4) 「始終『瑜一』優惠 」(見備註7(f)) “IN ONE Discount” (See Remarks 7(f)) (5) 「印花稅優惠」(見備註7(g)) “Stamp Duty Discount” (See Remarks 7(g)) (6) 「早鳥優惠」(見備註7(h)) “Early Bird Benefit” (See Remarks 7(h)) (7) 延長欠妥之處之保養優惠(見備註7(j)) Extended Defect Maintenance Offer (See Remarks 7(j))",
2023-03-25,2023-03-31,,第3座(3B) Tower 3(3B),8,D,,11763800,,"價單第1號 Price List No. 1 (1) 付款計劃(C): 「一」心一意建築期備用按揭付款計 劃: (照售價減2%) (見備註7(c)(iii)) Payment Plan (C): “ONE” Heart Standby Mortgage Loan Stage Payment Plan: (2% discount from the Price) (2) 「雙綫滙聚優惠」(見備註7(d)) ""Dual-lines Advantage Discount” (See Remarks 7(d)) (3) 「搶佔先機優惠」(見備註7(e)) “First-mover Discount” (See Remarks 7(e)) (4) 「始終『瑜一』優惠 」(見備註7(f)) “IN ONE Discount” (See Remarks 7(f)) (5) 「印花稅優惠」(見備註7(g)) “Stamp Duty Discount” (See Remarks 7(g)) (6) 「早鳥優惠」(見備註7(h)) “Early Bird Benefit” (See Remarks 7(h)) (7) 延長欠妥之處之保養優惠(見備註7(j)) Extended Defect Maintenance Offer (See Remarks 7(j)) (8) 「始終瑜一」80%備用按揭貸款(見備註7(i)) ""IN ONE” 80% Standby Mortgage Loan (See Remarks 7(i))",
2023-03-25,2023-03-31,,第3座(3B) Tower 3(3B),7,C,,12144800,,"價單第2號 Price List No. 2 (1) 付款計劃(C): 「一」心一意建築期備用按揭付款計 劃: (照售價減2%) (見備註7(c)(iii)) Payment Plan (C): “ONE” Heart Standby Mortgage Loan Stage Payment Plan: (2% discount from the Price) (2) 「雙綫滙聚優惠」(見備註7(d)) ""Dual-lines Advantage Discount” (See Remarks 7(d)) (3) 「搶佔先機優惠」(見備註7(e)) “First-mover Discount” (See Remarks 7(e)) (4) 「始終『瑜一』優惠 」(見備註7(f)) “IN ONE Discount” (See Remarks 7(f)) (5) 「印花稅優惠」(見備註7(g)) “Stamp Duty Discount” (See Remarks 7(g)) (6) 「早鳥優惠」(見備註7(h)) “Early Bird Benefit” (See Remarks 7(h)) (7) 延長欠妥之處之保養優惠(見備註7(j)) Extended Defect Maintenance Offer (See Remarks 7(j)) (8) 「始終瑜一」80%備用按揭貸款(見備註7(i)) ""IN ONE” 80% Standby Mortgage Loan (See Remarks 7(i))",
2023-03-25,2023-03-30,,第3座(3B) Tower 3(3B),6,D,,11418000,,"價單第1號 Price List No. 1 (1) 付款計劃(C): 「一」心一意建築期備用按揭付款計 劃: (照售價減2%) (見備註7(c)(iii)) Payment Plan (C): “ONE” Heart Standby Mortgage Loan Stage Payment Plan: (2% discount from the Price) (2) 「雙綫滙聚優惠」(見備註7(d)) ""Dual-lines Advantage Discount” (See Remarks 7(d)) (3) 「搶佔先機優惠」(見備註7(e)) “First-mover Discount” (See Remarks 7(e)) (4) 「始終『瑜一』優惠 」(見備註7(f)) “IN ONE Discount” (See Remarks 7(f)) (5) 「印花稅優惠」(見備註7(g)) “Stamp Duty Discount” (See Remarks 7(g)) (6) 「早鳥優惠」(見備註7(h)) “Early Bird Benefit” (See Remarks 7(h)) (7) 延長欠妥之處之保養優惠(見備註7(j)) Extended Defect Maintenance Offer (See Remarks 7(j)) (8) 「始終瑜一」80%備用按揭貸款(見備註7(i)) ""IN ONE” 80% Standby Mortgage Loan (See Remarks 7(i))",
2023-03-25,2023-03-31,,第3座(3B) Tower 3(3B),17,B,,13033600,,"價單第3號 Price List No. 3 (1) 付款計劃(C): 「一」心一意建築期備用按揭付款計 劃: (照售價減2%) (見備註7(c)(iii)) Payment Plan (C): “ONE” Heart Standby Mortgage Loan Stage Payment Plan: (2% discount from the Price) (2) 「雙綫滙聚優惠」(見備註7(d)) ""Dual-lines Advantage Discount” (See Remarks 7(d)) (3) 「搶佔先機優惠」(見備註7(e)) “First-mover Discount” (See Remarks 7(e)) (4) 「始終『瑜一』優惠 」(見備註7(f)) “IN ONE Discount” (See Remarks 7(f)) (5) 「印花稅優惠」(見備註7(g)) “Stamp Duty Discount” (See Remarks 7(g)) (6) 「早鳥優惠」(見備註7(h)) “Early Bird Benefit” (See Remarks 7(h)) (7) 延長欠妥之處之保養優惠(見備註7(j)) Extended Defect Maintenance Offer (See Remarks 7(j)) (8) 「始終瑜一」80%備用按揭貸款(見備註7(i)) ""IN ONE” 80% Standby Mortgage Loan (See Remarks 7(i))",
2023-03-25,2023-03-31,,第3座(3B) Tower 3(3B),19,A,,14132900,,"價單第2號 Price List No. 2 (1) 付款計劃(A): 矜貴「瑜一」120天現金優惠付款計 劃: (照售價減5%) (見備註7(c)(i)) Payment Plan (A): Prestige “IN ONE” 120-day Cash Payment Plan: (5% discount from the Price) (See Rem (2) 「雙綫滙聚優惠」(見備註7(d)) ""Dual-lines Advantage Discount” (See Remarks 7(d)) (3) 「搶佔先機優惠」(見備註7(e)) “First-mover Discount” (See Remarks 7(e)) (4) 「始終『瑜一』優惠 」(見備註7(f)) “IN ONE Discount” (See Remarks 7(f)) (5) 「印花稅優惠」(見備註7(g)) “Stamp Duty Discount” (See Remarks 7(g)) (6) 「早鳥優惠」(見備註7(h)) “Early Bird Benefit” (See Remarks 7(h)) (7) 延長欠妥之處之保養優惠(見備註7(j)) Extended Defect Maintenance Offer (See Remarks 7(j))",
2023-03-25,2023-03-31,2025-06-10,第3座(3B) Tower 3(3B),28,A,,16180500,,"價單第3號 Price List No. 3 (1) 付款計劃(C): 「一」心一意建築期備用按揭付款計 劃: (照售價減2%) (見備註7(c)(iii)) Payment Plan (C): “ONE” Heart Standby Mortgage Loan Stage Payment Plan: (2% discount from the Price) (2) 「雙綫滙聚優惠」(見備註7(d)) ""Dual-lines Advantage Discount” (See Remarks 7(d)) (3) 「搶佔先機優惠」(見備註7(e)) “First-mover Discount” (See Remarks 7(e)) (4) 「始終『瑜一』優惠 」(見備註7(f)) “IN ONE Discount” (See Remarks 7(f)) (5) 「印花稅優惠」(見備註7(g)) “Stamp Duty Discount” (See Remarks 7(g)) (6) 「早鳥優惠」(見備註7(h)) “Early Bird Benefit” (See Remarks 7(h)) (7) 延長欠妥之處之保養優惠(見備註7(j)) Extended Defect Maintenance Offer (See Remarks 7(j)) (8) 「始終瑜一」80%備用按揭貸款(見備註7(i)) ""IN ONE” 80% Standby Mortgage Loan (See Remarks 7(i))",
2023-03-25,2023-03-31,,第3座(3B) Tower 3(3B),28,E,,8345500,,"價單第2號 Price List No. 2 (1) 付款計劃(B):「瑜」理所願360天現金優惠付款計 劃: (照售價減3.5%) (見備註7(c)(ii)) Payment Plan (B): “IN” Your Wish 360-day Cash Payment Plan: (3.5% discount from the Price) (See Rema (2) 「雙綫滙聚優惠」(見備註7(d)) ""Dual-lines Advantage Discount” (See Remarks 7(d)) (3) 「搶佔先機優惠」(見備註7(e)) “First-mover Discount” (See Remarks 7(e)) (4) 「始終『瑜一』優惠 」(見備註7(f)) “IN ONE Discount” (See Remarks 7(f)) (5) 「印花稅優惠」(見備註7(g)) “Stamp Duty Discount” (See Remarks 7(g)) (6) 「早鳥優惠」(見備註7(h)) “Early Bird Benefit” (See Remarks 7(h)) (7) 延長欠妥之處之保養優惠(見備註7(j)) Extended Defect Maintenance Offer (See Remarks 7(j))",
2023-03-25,2023-03-31,,第3座(3B) Tower 3(3B),7,D,,11194500,,"價單第1號 Price List No. 1 (1) 付款計劃(A): 矜貴「瑜一」120天現金優惠付款計 劃: (照售價減5%) (見備註7(c)(i)) Payment Plan (A): Prestige “IN ONE” 120-day Cash Payment Plan: (5% discount from the Price) (See Rem (2) 「雙綫滙聚優惠」(見備註7(d)) ""Dual-lines Advantage Discount” (See Remarks 7(d)) (3) 「搶佔先機優惠」(見備註7(e)) “First-mover Discount” (See Remarks 7(e)) (4) 「始終『瑜一』優惠 」(見備註7(f)) “IN ONE Discount” (See Remarks 7(f)) (5) 「印花稅優惠」(見備註7(g)) “Stamp Duty Discount” (See Remarks 7(g)) (6) 「早鳥優惠」(見備註7(h)) “Early Bird Benefit” (See Remarks 7(h)) (7) 延長欠妥之處之保養優惠(見備註7(j)) Extended Defect Maintenance Offer (See Remarks 7(j))",
2023-03-25,2023-03-31,,第3座(3A) Tower 3(3A),1,A,,25908400,,"價單第3號 Price List No. 3 (1) 付款計劃(B):「瑜」理所願360天現金優惠付款計 劃: (照售價減3.5%) (見備註7(c)(ii)) Payment Plan (B): “IN” Your Wish 360-day Cash Payment Plan: (3.5% discount from the Price) (See Rema (2) 「雙綫滙聚優惠」(見備註7(d)) ""Dual-lines Advantage Discount” (See Remarks 7(d)) (3) 「搶佔先機優惠」(見備註7(e)) “First-mover Discount” (See Remarks 7(e)) (4) 「始終『瑜一』優惠 」(見備註7(f)) “IN ONE Discount” (See Remarks 7(f)) (5) 「印花稅優惠」(見備註7(g)) “Stamp Duty Discount” (See Remarks 7(g)) (6) 「早鳥優惠」(見備註7(h)) “Early Bird Benefit” (See Remarks 7(h)) (7) 延長欠妥之處之保養優惠(見備註7(j)) Extended Defect Maintenance Offer (See Remarks 7(j))",
2023-03-25,2023-03-29,,第3座(3B) Tower 3(3B),11,A,,13595100,,"價單第1號 Price List No. 1 (1) 付款計劃(C): 「一」心一意建築期備用按揭付款計 劃: (照售價減2%) (見備註7(c)(iii)) Payment Plan (C): “ONE” Heart Standby Mortgage Loan Stage Payment Plan: (2% discount from the Price) (2) 「雙綫滙聚優惠」(見備註7(d)) ""Dual-lines Advantage Discount” (See Remarks 7(d)) (3) 「搶佔先機優惠」(見備註7(e)) “First-mover Discount” (See Remarks 7(e)) (4) 「始終『瑜一』優惠 」(見備註7(f)) “IN ONE Discount” (See Remarks 7(f)) (5) 「印花稅優惠」(見備註7(g)) “Stamp Duty Discount” (See Remarks 7(g)) (6) 「早鳥優惠」(見備註7(h)) “Early Bird Benefit” (See Remarks 7(h)) (7) 延長欠妥之處之保養優惠(見備註7(j)) Extended Defect Maintenance Offer (See Remarks 7(j)) (8) 「始終瑜一」80%備用按揭貸款(見備註7(i)) ""IN ONE” 80% Standby Mortgage Loan (See Remarks 7(i))",
2023-03-25,2023-03-31,,第3座(3B) Tower 3(3B),22,E,,8207700,,"價單第1號 Price List No. 1 (1) 付款計劃(C): 「一」心一意建築期備用按揭付款計 劃: (照售價減2%) (見備註7(c)(iii)) Payment Plan (C): “ONE” Heart Standby Mortgage Loan Stage Payment Plan: (2% discount from the Price) (2) 「雙綫滙聚優惠」(見備註7(d)) ""Dual-lines Advantage Discount” (See Remarks 7(d)) (3) 「搶佔先機優惠」(見備註7(e)) “First-mover Discount” (See Remarks 7(e)) (4) 「始終『瑜一』優惠 」(見備註7(f)) “IN ONE Discount” (See Remarks 7(f)) (5) 「印花稅優惠」(見備註7(g)) “Stamp Duty Discount” (See Remarks 7(g)) (6) 「早鳥優惠」(見備註7(h)) “Early Bird Benefit” (See Remarks 7(h)) (7) 延長欠妥之處之保養優惠(見備註7(j)) Extended Defect Maintenance Offer (See Remarks 7(j)) (8) 「始終瑜一」80%備用按揭貸款(見備註7(i)) ""IN ONE” 80% Standby Mortgage Loan (See Remarks 7(i))",
2023-03-25,2023-03-31,,第3座(3B) Tower 3(3B),7,B,,12376300,,"價單第3號 Price List No. 3 (1) 付款計劃(C): 「一」心一意建築期備用按揭付款計 劃: (照售價減2%) (見備註7(c)(iii)) Payment Plan (C): “ONE” Heart Standby Mortgage Loan Stage Payment Plan: (2% discount from the Price) (2) 「雙綫滙聚優惠」(見備註7(d)) ""Dual-lines Advantage Discount” (See Remarks 7(d)) (3) 「搶佔先機優惠」(見備註7(e)) “First-mover Discount” (See Remarks 7(e)) (4) 「始終『瑜一』優惠 」(見備註7(f)) “IN ONE Discount” (See Remarks 7(f)) (5) 「印花稅優惠」(見備註7(g)) “Stamp Duty Discount” (See Remarks 7(g)) (6) 「早鳥優惠」(見備註7(h)) “Early Bird Benefit” (See Remarks 7(h)) (7) 延長欠妥之處之保養優惠(見備註7(j)) Extended Defect Maintenance Offer (See Remarks 7(j)) (8) 「始終瑜一」80%備用按揭貸款(見備註7(i)) ""IN ONE” 80% Standby Mortgage Loan (See Remarks 7(i))",
2023-03-25,2023-03-31,,第3座(3B) Tower 3(3B),10,D,,11532800,,"價單第1號 Price List No. 1 (1) 付款計劃(A): 矜貴「瑜一」120天現金優惠付款計 劃: (照售價減5%) (見備註7(c)(i)) Payment Plan (A): Prestige “IN ONE” 120-day Cash Payment Plan: (5% discount from the Price) (See Rem (2) 「雙綫滙聚優惠」(見備註7(d)) ""Dual-lines Advantage Discount” (See Remarks 7(d)) (3) 「搶佔先機優惠」(見備註7(e)) “First-mover Discount” (See Remarks 7(e)) (4) 「始終『瑜一』優惠 」(見備註7(f)) “IN ONE Discount” (See Remarks 7(f)) (5) 「印花稅優惠」(見備註7(g)) “Stamp Duty Discount” (See Remarks 7(g)) (6) 「早鳥優惠」(見備註7(h)) “Early Bird Benefit” (See Remarks 7(h)) (7) 延長欠妥之處之保養優惠(見備註7(j)) Extended Defect Maintenance Offer (See Remarks 7(j))",
2023-03-25,2023-03-31,,第3座(3B) Tower 3(3B),8,B,,12500400,,"價單第3號 Price List No. 3 (1) 付款計劃(C): 「一」心一意建築期備用按揭付款計 劃: (照售價減2%) (見備註7(c)(iii)) Payment Plan (C): “ONE” Heart Standby Mortgage Loan Stage Payment Plan: (2% discount from the Price) (2) 「雙綫滙聚優惠」(見備註7(d)) ""Dual-lines Advantage Discount” (See Remarks 7(d)) (3) 「搶佔先機優惠」(見備註7(e)) “First-mover Discount” (See Remarks 7(e)) (4) 「始終『瑜一』優惠 」(見備註7(f)) “IN ONE Discount” (See Remarks 7(f)) (5) 「印花稅優惠」(見備註7(g)) “Stamp Duty Discount” (See Remarks 7(g)) (6) 「早鳥優惠」(見備註7(h)) “Early Bird Benefit” (See Remarks 7(h)) (7) 延長欠妥之處之保養優惠(見備註7(j)) Extended Defect Maintenance Offer (See Remarks 7(j)) (8) 「始終瑜一」80%備用按揭貸款(見備註7(i)) ""IN ONE” 80% Standby Mortgage Loan (See Remarks 7(i))",
2023-03-25,2023-03-31,,第3座(3B) Tower 3(3B),9,A,,13486000,,"價單第1號 Price List No. 1 (1) 付款計劃(C): 「一」心一意建築期備用按揭付款計 劃: (照售價減2%) (見備註7(c)(iii)) Payment Plan (C): “ONE” Heart Standby Mortgage Loan Stage Payment Plan: (2% discount from the Price) (2) 「雙綫滙聚優惠」(見備註7(d)) ""Dual-lines Advantage Discount” (See Remarks 7(d)) (3) 「搶佔先機優惠」(見備註7(e)) “First-mover Discount” (See Remarks 7(e)) (4) 「始終『瑜一』優惠 」(見備註7(f)) “IN ONE Discount” (See Remarks 7(f)) (5) 「印花稅優惠」(見備註7(g)) “Stamp Duty Discount” (See Remarks 7(g)) (6) 「早鳥優惠」(見備註7(h)) “Early Bird Benefit” (See Remarks 7(h)) (7) 延長欠妥之處之保養優惠(見備註7(j)) Extended Defect Maintenance Offer (See Remarks 7(j)) (8) 「始終瑜一」80%備用按揭貸款(見備註7(i)) ""IN ONE” 80% Standby Mortgage Loan (See Remarks 7(i))",
2023-03-25,2023-03-31,,第3座(3B) Tower 3(3B),11,D,,11999600,,"價單第1號 Price List No. 1 (1) 付款計劃(C): 「一」心一意建築期備用按揭付款計 劃: (照售價減2%) (見備註7(c)(iii)) Payment Plan (C): “ONE” Heart Standby Mortgage Loan Stage Payment Plan: (2% discount from the Price) (2) 「雙綫滙聚優惠」(見備註7(d)) ""Dual-lines Advantage Discount” (See Remarks 7(d)) (3) 「搶佔先機優惠」(見備註7(e)) “First-mover Discount” (See Remarks 7(e)) (4) 「始終『瑜一』優惠 」(見備註7(f)) “IN ONE Discount” (See Remarks 7(f)) (5) 「印花稅優惠」(見備註7(g)) “Stamp Duty Discount” (See Remarks 7(g)) (6) 「早鳥優惠」(見備註7(h)) “Early Bird Benefit” (See Remarks 7(h)) (7) 延長欠妥之處之保養優惠(見備註7(j)) Extended Defect Maintenance Offer (See Remarks 7(j)) (8) 「始終瑜一」80%備用按揭貸款(見備註7(i)) ""IN ONE” 80% Standby Mortgage Loan (See Remarks 7(i))",
2023-03-25,2023-03-31,,第3座(3B) Tower 3(3B),27,A,,15942000,"在 23-5-2023，基於 法例第35(2)(b)條所 容許的原因，售價更 改為$15,398,600.00 On 23-5-2023, the price adjusted to $15,398,600.00 due to the reason allowed under section 35(2)(b) of the Ordinance","價單第3號 Price List No. 3 (1) 付款計劃(C): 「一」心一意建築期備用按揭付款計 劃: (照售價減2%) (見備註7(c)(iii)) Payment Plan (C): “ONE” Heart Standby Mortgage Loan Stage Payment Plan: (2% discount from the Price) (2) 「雙綫滙聚優惠」(見備註7(d)) ""Dual-lines Advantage Discount” (See Remarks 7(d)) (3) 「搶佔先機優惠」(見備註7(e)) “First-mover Discount” (See Remarks 7(e)) (4) 「始終『瑜一』優惠 」(見備註7(f)) “IN ONE Discount” (See Remarks 7(f)) (5) 「印花稅優惠」(見備註7(g)) “Stamp Duty Discount” (See Remarks 7(g)) (6) 「早鳥優惠」(見備註7(h)) “Early Bird Benefit” (See Remarks 7(h)) (7) 延長欠妥之處之保養優惠(見備註7(j)) Extended Defect Maintenance Offer (See Remarks 7(j)) (8) 「始終瑜一」80%備用按揭貸款(見備註7(i)) ""IN ONE” 80% Standby Mortgage Loan (See Remarks 7(i)) 在 23/05/2023，支付條款更改為 On 23/05/2023，the terms of payment adjusted to 價單第3號 Price List No. 3 (1) 付款計劃(A): 矜貴「瑜一」120天現金優惠付款計 劃: (照售價減5%) (見備註7(c)(i)) Payment Plan (A): Prestige “IN ONE” 120-day Cash Payment Plan: (5% discount from the Price) (See Remarks 7(c)(i)) (2) 「雙綫滙聚優惠」(見備註7(d)) ""Dual-lines Advantage Discount” (See Remarks 7(d)) (3) 「搶佔先機優惠」(見備註7(e)) “First-mover Discount” (See Remarks 7(e)) (4) 「始終『瑜一』優惠 」(見備註7(f)) “IN ONE Discount” (See Remarks 7(f)) (5) 「印花稅優惠」(見備註7(g)) “Stamp Duty Discount” (See Remarks 7(g)) (6) 「早鳥優惠」(見備註7(h)) “Early Bird Benefit” (See Remarks 7(h)) (7) 延長欠妥之處之保養優惠(見備註7(j)) Extended Defect Maintenance Offer (See Remarks 7(j))",
2023-03-25,2023-03-31,,第3座(3B) Tower 3(3B),9,D,,11880000,,"價單第1號 Price List No. 1 (1) 付款計劃(C): 「一」心一意建築期備用按揭付款計 劃: (照售價減2%) (見備註7(c)(iii)) Payment Plan (C): “ONE” Heart Standby Mortgage Loan Stage Payment Plan: (2% discount from the Price) (2) 「雙綫滙聚優惠」(見備註7(d)) ""Dual-lines Advantage Discount” (See Remarks 7(d)) (3) 「搶佔先機優惠」(見備註7(e)) “First-mover Discount” (See Remarks 7(e)) (4) 「始終『瑜一』優惠 」(見備註7(f)) “IN ONE Discount” (See Remarks 7(f)) (5) 「印花稅優惠」(見備註7(g)) “Stamp Duty Discount” (See Remarks 7(g)) (6) 「早鳥優惠」(見備註7(h)) “Early Bird Benefit” (See Remarks 7(h)) (7) 延長欠妥之處之保養優惠(見備註7(j)) Extended Defect Maintenance Offer (See Remarks 7(j)) (8) 「始終瑜一」80%備用按揭貸款(見備註7(i)) ""IN ONE” 80% Standby Mortgage Loan (See Remarks 7(i))",
2023-03-25,2023-03-31,,第3座(3B) Tower 3(3B),10,A,,13539600,,"價單第1號 Price List No. 1 (1) 付款計劃(C): 「一」心一意建築期備用按揭付款計 劃: (照售價減2%) (見備註7(c)(iii)) Payment Plan (C): “ONE” Heart Standby Mortgage Loan Stage Payment Plan: (2% discount from the Price) (2) 「雙綫滙聚優惠」(見備註7(d)) ""Dual-lines Advantage Discount” (See Remarks 7(d)) (3) 「搶佔先機優惠」(見備註7(e)) “First-mover Discount” (See Remarks 7(e)) (4) 「始終『瑜一』優惠 」(見備註7(f)) “IN ONE Discount” (See Remarks 7(f)) (5) 「印花稅優惠」(見備註7(g)) “Stamp Duty Discount” (See Remarks 7(g)) (6) 「早鳥優惠」(見備註7(h)) “Early Bird Benefit” (See Remarks 7(h)) (7) 延長欠妥之處之保養優惠(見備註7(j)) Extended Defect Maintenance Offer (See Remarks 7(j)) (8) 「始終瑜一」80%備用按揭貸款(見備註7(i)) ""IN ONE” 80% Standby Mortgage Loan (See Remarks 7(i))",
2023-03-25,2023-03-31,,第3座(3B) Tower 3(3B),2,D,,10790300,,"價單第1號 Price List No. 1 (1) 付款計劃(C): 「一」心一意建築期備用按揭付款計 劃: (照售價減2%) (見備註7(c)(iii)) Payment Plan (C): “ONE” Heart Standby Mortgage Loan Stage Payment Plan: (2% discount from the Price) (2) 「雙綫滙聚優惠」(見備註7(d)) ""Dual-lines Advantage Discount” (See Remarks 7(d)) (3) 「搶佔先機優惠」(見備註7(e)) “First-mover Discount” (See Remarks 7(e)) (4) 「始終『瑜一』優惠 」(見備註7(f)) “IN ONE Discount” (See Remarks 7(f)) (5) 「印花稅優惠」(見備註7(g)) “Stamp Duty Discount” (See Remarks 7(g)) (6) 「早鳥優惠」(見備註7(h)) “Early Bird Benefit” (See Remarks 7(h)) (7) 延長欠妥之處之保養優惠(見備註7(j)) Extended Defect Maintenance Offer (See Remarks 7(j)) (8) 「始終瑜一」80%備用按揭貸款(見備註7(i)) ""IN ONE” 80% Standby Mortgage Loan (See Remarks 7(i))",
2023-03-25,2023-03-31,,第3座(3B) Tower 3(3B),12,D,,12059500,,"價單第1號 Price List No. 1 (1) 付款計劃(C): 「一」心一意建築期備用按揭付款計 劃: (照售價減2%) (見備註7(c)(iii)) Payment Plan (C): “ONE” Heart Standby Mortgage Loan Stage Payment Plan: (2% discount from the Price) (2) 「雙綫滙聚優惠」(見備註7(d)) ""Dual-lines Advantage Discount” (See Remarks 7(d)) (3) 「搶佔先機優惠」(見備註7(e)) “First-mover Discount” (See Remarks 7(e)) (4) 「始終『瑜一』優惠 」(見備註7(f)) “IN ONE Discount” (See Remarks 7(f)) (5) 「印花稅優惠」(見備註7(g)) “Stamp Duty Discount” (See Remarks 7(g)) (6) 「早鳥優惠」(見備註7(h)) “Early Bird Benefit” (See Remarks 7(h)) (7) 延長欠妥之處之保養優惠(見備註7(j)) Extended Defect Maintenance Offer (See Remarks 7(j)) (8) 「始終瑜一」80%備用按揭貸款(見備註7(i)) ""IN ONE” 80% Standby Mortgage Loan (See Remarks 7(i))",
2023-03-25,2023-03-31,2025-05-29,第3座(3A) Tower 3(3A),8,B,,14967000,,"價單第2號 Price List No. 2 (1) 付款計劃(C): 「一」心一意建築期備用按揭付款計 劃: (照售價減2%) (見備註7(c)(iii)) Payment Plan (C): “ONE” Heart Standby Mortgage Loan Stage Payment Plan: (2% discount from the Price) (2) 「雙綫滙聚優惠」(見備註7(d)) ""Dual-lines Advantage Discount” (See Remarks 7(d)) (3) 「搶佔先機優惠」(見備註7(e)) “First-mover Discount” (See Remarks 7(e)) (4) 「始終『瑜一』優惠 」(見備註7(f)) “IN ONE Discount” (See Remarks 7(f)) (5) 「印花稅優惠」(見備註7(g)) “Stamp Duty Discount” (See Remarks 7(g)) (6) 「早鳥優惠」(見備註7(h)) “Early Bird Benefit” (See Remarks 7(h)) (7) 延長欠妥之處之保養優惠(見備註7(j)) Extended Defect Maintenance Offer (See Remarks 7(j)) (8) 「始終瑜一」80%備用按揭貸款(見備註7(i)) ""IN ONE” 80% Standby Mortgage Loan (See Remarks 7(i))",
2023-03-25,2023-03-29,2025-05-29,第3座(3B) Tower 3(3B),16,C,,12724800,,"價單第2號 Price List No. 2 (1) 付款計劃(C): 「一」心一意建築期備用按揭付款計 劃: (照售價減2%) (見備註7(c)(iii)) Payment Plan (C): “ONE” Heart Standby Mortgage Loan Stage Payment Plan: (2% discount from the Price) (2) 「雙綫滙聚優惠」(見備註7(d)) ""Dual-lines Advantage Discount” (See Remarks 7(d)) (3) 「搶佔先機優惠」(見備註7(e)) “First-mover Discount” (See Remarks 7(e)) (4) 「始終『瑜一』優惠 」(見備註7(f)) “IN ONE Discount” (See Remarks 7(f)) (5) 「印花稅優惠」(見備註7(g)) “Stamp Duty Discount” (See Remarks 7(g)) (6) 「早鳥優惠」(見備註7(h)) “Early Bird Benefit” (See Remarks 7(h)) (7) 延長欠妥之處之保養優惠(見備註7(j)) Extended Defect Maintenance Offer (See Remarks 7(j)) (8) 「始終瑜一」80%備用按揭貸款(見備註7(i)) ""IN ONE” 80% Standby Mortgage Loan (See Remarks 7(i))",
2023-03-25,2023-03-30,,第3座(3B) Tower 3(3B),15,D,,12300600,,"價單第1號 Price List No. 1 (1) 付款計劃(C): 「一」心一意建築期備用按揭付款計 劃: (照售價減2%) (見備註7(c)(iii)) Payment Plan (C): “ONE” Heart Standby Mortgage Loan Stage Payment Plan: (2% discount from the Price) (2) 「雙綫滙聚優惠」(見備註7(d)) ""Dual-lines Advantage Discount” (See Remarks 7(d)) (3) 「搶佔先機優惠」(見備註7(e)) “First-mover Discount” (See Remarks 7(e)) (4) 「始終『瑜一』優惠 」(見備註7(f)) “IN ONE Discount” (See Remarks 7(f)) (5) 「印花稅優惠」(見備註7(g)) “Stamp Duty Discount” (See Remarks 7(g)) (6) 「早鳥優惠」(見備註7(h)) “Early Bird Benefit” (See Remarks 7(h)) (7) 延長欠妥之處之保養優惠(見備註7(j)) Extended Defect Maintenance Offer (See Remarks 7(j)) (8) 「始終瑜一」80%備用按揭貸款(見備註7(i)) ""IN ONE” 80% Standby Mortgage Loan (See Remarks 7(i))",
2023-03-25,2023-03-30,,第3座(3A) Tower 3(3A),15,B,,16043200,,"價單第1號 Price List No. 1 (1) 付款計劃(C): 「一」心一意建築期備用按揭付款計 劃: (照售價減2%) (見備註7(c)(iii)) Payment Plan (C): “ONE” Heart Standby Mortgage Loan Stage Payment Plan: (2% discount from the Price) (2) 「雙綫滙聚優惠」(見備註7(d)) ""Dual-lines Advantage Discount” (See Remarks 7(d)) (3) 「搶佔先機優惠」(見備註7(e)) “First-mover Discount” (See Remarks 7(e)) (4) 「始終『瑜一』優惠 」(見備註7(f)) “IN ONE Discount” (See Remarks 7(f)) (5) 「印花稅優惠」(見備註7(g)) “Stamp Duty Discount” (See Remarks 7(g)) (6) 「早鳥優惠」(見備註7(h)) “Early Bird Benefit” (See Remarks 7(h)) (7) 延長欠妥之處之保養優惠(見備註7(j)) Extended Defect Maintenance Offer (See Remarks 7(j)) (8) 「始終瑜一」80%備用按揭貸款(見備註7(i)) ""IN ONE” 80% Standby Mortgage Loan (See Remarks 7(i))",
2023-03-25,2023-03-31,,第3座(3B) Tower 3(3B),5,D,,11249000,,"價單第1號 Price List No. 1 (1) 付款計劃(C): 「一」心一意建築期備用按揭付款計 劃: (照售價減2%) (見備註7(c)(iii)) Payment Plan (C): “ONE” Heart Standby Mortgage Loan Stage Payment Plan: (2% discount from the Price) (2) 「雙綫滙聚優惠」(見備註7(d)) ""Dual-lines Advantage Discount” (See Remarks 7(d)) (3) 「搶佔先機優惠」(見備註7(e)) “First-mover Discount” (See Remarks 7(e)) (4) 「始終『瑜一』優惠 」(見備註7(f)) “IN ONE Discount” (See Remarks 7(f)) (5) 「印花稅優惠」(見備註7(g)) “Stamp Duty Discount” (See Remarks 7(g)) (6) 「早鳥優惠」(見備註7(h)) “Early Bird Benefit” (See Remarks 7(h)) (7) 延長欠妥之處之保養優惠(見備註7(j)) Extended Defect Maintenance Offer (See Remarks 7(j)) (8) 「始終瑜一」80%備用按揭貸款(見備註7(i)) ""IN ONE” 80% Standby Mortgage Loan (See Remarks 7(i))",
2023-03-25,2023-03-30,,第3座(3B) Tower 3(3B),10,C,,12314700,,"價單第2號 Price List No. 2 (1) 付款計劃(C): 「一」心一意建築期備用按揭付款計 劃: (照售價減2%) (見備註7(c)(iii)) Payment Plan (C): “ONE” Heart Standby Mortgage Loan Stage Payment Plan: (2% discount from the Price) (2) 「雙綫滙聚優惠」(見備註7(d)) ""Dual-lines Advantage Discount” (See Remarks 7(d)) (3) 「搶佔先機優惠」(見備註7(e)) “First-mover Discount” (See Remarks 7(e)) (4) 「始終『瑜一』優惠 」(見備註7(f)) “IN ONE Discount” (See Remarks 7(f)) (5) 「印花稅優惠」(見備註7(g)) “Stamp Duty Discount” (See Remarks 7(g)) (6) 「早鳥優惠」(見備註7(h)) “Early Bird Benefit” (See Remarks 7(h)) (7) 延長欠妥之處之保養優惠(見備註7(j)) Extended Defect Maintenance Offer (See Remarks 7(j)) (8) 「始終瑜一」80%備用按揭貸款(見備註7(i)) ""IN ONE” 80% Standby Mortgage Loan (See Remarks 7(i))",
2023-03-25,2023-03-31,,第3座(3A) Tower 3(3A),23,B,,17324500,,"價單第3號 Price List No. 3 (1) 付款計劃(C): 「一」心一意建築期備用按揭付款計 劃: (照售價減2%) (見備註7(c)(iii)) Payment Plan (C): “ONE” Heart Standby Mortgage Loan Stage Payment Plan: (2% discount from the Price) (2) 「雙綫滙聚優惠」(見備註7(d)) ""Dual-lines Advantage Discount” (See Remarks 7(d)) (3) 「搶佔先機優惠」(見備註7(e)) “First-mover Discount” (See Remarks 7(e)) (4) 「始終『瑜一』優惠 」(見備註7(f)) “IN ONE Discount” (See Remarks 7(f)) (5) 「印花稅優惠」(見備註7(g)) “Stamp Duty Discount” (See Remarks 7(g)) (6) 「早鳥優惠」(見備註7(h)) “Early Bird Benefit” (See Remarks 7(h)) (7) 延長欠妥之處之保養優惠(見備註7(j)) Extended Defect Maintenance Offer (See Remarks 7(j)) (8) 「始終瑜一」80%備用按揭貸款(見備註7(i)) ""IN ONE” 80% Standby Mortgage Loan (See Remarks 7(i))",
2023-03-25,2023-03-31,,第3座(3A) Tower 3(3A),16,B,,16218400,,"價單第2號 Price List No. 2 (1) 付款計劃(C): 「一」心一意建築期備用按揭付款計 劃: (照售價減2%) (見備註7(c)(iii)) Payment Plan (C): “ONE” Heart Standby Mortgage Loan Stage Payment Plan: (2% discount from the Price) (2) 「雙綫滙聚優惠」(見備註7(d)) ""Dual-lines Advantage Discount” (See Remarks 7(d)) (3) 「搶佔先機優惠」(見備註7(e)) “First-mover Discount” (See Remarks 7(e)) (4) 「始終『瑜一』優惠 」(見備註7(f)) “IN ONE Discount” (See Remarks 7(f)) (5) 「印花稅優惠」(見備註7(g)) “Stamp Duty Discount” (See Remarks 7(g)) (6) 「早鳥優惠」(見備註7(h)) “Early Bird Benefit” (See Remarks 7(h)) (7) 延長欠妥之處之保養優惠(見備註7(j)) Extended Defect Maintenance Offer (See Remarks 7(j)) (8) 「始終瑜一」80%備用按揭貸款(見備註7(i)) ""IN ONE” 80% Standby Mortgage Loan (See Remarks 7(i))",
2023-03-25,2023-03-31,2025-06-10,第3座(3B) Tower 3(3B),3,D,,11081800,,"價單第1號 Price List No. 1 (1) 付款計劃(C): 「一」心一意建築期備用按揭付款計 劃: (照售價減2%) (見備註7(c)(iii)) Payment Plan (C): “ONE” Heart Standby Mortgage Loan Stage Payment Plan: (2% discount from the Price) (2) 「雙綫滙聚優惠」(見備註7(d)) ""Dual-lines Advantage Discount” (See Remarks 7(d)) (3) 「搶佔先機優惠」(見備註7(e)) “First-mover Discount” (See Remarks 7(e)) (4) 「始終『瑜一』優惠 」(見備註7(f)) “IN ONE Discount” (See Remarks 7(f)) (5) 「印花稅優惠」(見備註7(g)) “Stamp Duty Discount” (See Remarks 7(g)) (6) 「早鳥優惠」(見備註7(h)) “Early Bird Benefit” (See Remarks 7(h)) (7) 延長欠妥之處之保養優惠(見備註7(j)) Extended Defect Maintenance Offer (See Remarks 7(j)) (8) 「始終瑜一」80%備用按揭貸款(見備註7(i)) ""IN ONE” 80% Standby Mortgage Loan (See Remarks 7(i))",
2023-03-25,2023-03-31,2025-05-29,第3座(3B) Tower 3(3B),6,C,,12085000,,"價單第2號 Price List No. 2 (1) 付款計劃(C): 「一」心一意建築期備用按揭付款計 劃: (照售價減2%) (見備註7(c)(iii)) Payment Plan (C): “ONE” Heart Standby Mortgage Loan Stage Payment Plan: (2% discount from the Price) (2) 「雙綫滙聚優惠」(見備註7(d)) ""Dual-lines Advantage Discount” (See Remarks 7(d)) (3) 「搶佔先機優惠」(見備註7(e)) “First-mover Discount” (See Remarks 7(e)) (4) 「始終『瑜一』優惠 」(見備註7(f)) “IN ONE Discount” (See Remarks 7(f)) (5) 「印花稅優惠」(見備註7(g)) “Stamp Duty Discount” (See Remarks 7(g)) (6) 「早鳥優惠」(見備註7(h)) “Early Bird Benefit” (See Remarks 7(h)) (7) 延長欠妥之處之保養優惠(見備註7(j)) Extended Defect Maintenance Offer (See Remarks 7(j)) (8) 「始終瑜一」80%備用按揭貸款(見備註7(i)) ""IN ONE” 80% Standby Mortgage Loan (See Remarks 7(i))",
2023-03-25,2023-03-31,,第3座(3B) Tower 3(3B),9,C,,12266300,,"價單第2號 Price List No. 2 (1) 付款計劃(C): 「一」心一意建築期備用按揭付款計 劃: (照售價減2%) (見備註7(c)(iii)) Payment Plan (C): “ONE” Heart Standby Mortgage Loan Stage Payment Plan: (2% discount from the Price) (2) 「雙綫滙聚優惠」(見備註7(d)) ""Dual-lines Advantage Discount” (See Remarks 7(d)) (3) 「搶佔先機優惠」(見備註7(e)) “First-mover Discount” (See Remarks 7(e)) (4) 「始終『瑜一』優惠 」(見備註7(f)) “IN ONE Discount” (See Remarks 7(f)) (5) 「印花稅優惠」(見備註7(g)) “Stamp Duty Discount” (See Remarks 7(g)) (6) 「早鳥優惠」(見備註7(h)) “Early Bird Benefit” (See Remarks 7(h)) (7) 延長欠妥之處之保養優惠(見備註7(j)) Extended Defect Maintenance Offer (See Remarks 7(j)) (8) 「始終瑜一」80%備用按揭貸款(見備註7(i)) ""IN ONE” 80% Standby Mortgage Loan (See Remarks 7(i))",
2023-03-25,2023-03-31,,第3座(3B) Tower 3(3B),12,A,,13583000,,"價單第2號 Price List No. 2 (1) 付款計劃(A): 矜貴「瑜一」120天現金優惠付款計 劃: (照售價減5%) (見備註7(c)(i)) Payment Plan (A): Prestige “IN ONE” 120-day Cash Payment Plan: (5% discount from the Price) (See Rem (2) 「雙綫滙聚優惠」(見備註7(d)) ""Dual-lines Advantage Discount” (See Remarks 7(d)) (3) 「搶佔先機優惠」(見備註7(e)) “First-mover Discount” (See Remarks 7(e)) (4) 「始終『瑜一』優惠 」(見備註7(f)) “IN ONE Discount” (See Remarks 7(f)) (5) 「印花稅優惠」(見備註7(g)) “Stamp Duty Discount” (See Remarks 7(g)) (6) 「早鳥優惠」(見備註7(h)) “Early Bird Benefit” (See Remarks 7(h)) (7) 延長欠妥之處之保養優惠(見備註7(j)) Extended Defect Maintenance Offer (See Remarks 7(j))",
2023-03-25,2023-03-31,,第3座(3B) Tower 3(3B),12,C,,12413200,,"價單第2號 Price List No. 2 (1) 付款計劃(C): 「一」心一意建築期備用按揭付款計 劃: (照售價減2%) (見備註7(c)(iii)) Payment Plan (C): “ONE” Heart Standby Mortgage Loan Stage Payment Plan: (2% discount from the Price) (2) 「雙綫滙聚優惠」(見備註7(d)) ""Dual-lines Advantage Discount” (See Remarks 7(d)) (3) 「搶佔先機優惠」(見備註7(e)) “First-mover Discount” (See Remarks 7(e)) (4) 「始終『瑜一』優惠 」(見備註7(f)) “IN ONE Discount” (See Remarks 7(f)) (5) 「印花稅優惠」(見備註7(g)) “Stamp Duty Discount” (See Remarks 7(g)) (6) 「早鳥優惠」(見備註7(h)) “Early Bird Benefit” (See Remarks 7(h)) (7) 延長欠妥之處之保養優惠(見備註7(j)) Extended Defect Maintenance Offer (See Remarks 7(j)) (8) 「始終瑜一」80%備用按揭貸款(見備註7(i)) ""IN ONE” 80% Standby Mortgage Loan (See Remarks 7(i))",
2023-03-25,2023-03-31,,第3座(3B) Tower 3(3B),2,C,,11905500,,"價單第2號 Price List No. 2 (1) 付款計劃(C): 「一」心一意建築期備用按揭付款計 劃: (照售價減2%) (見備註7(c)(iii)) Payment Plan (C): “ONE” Heart Standby Mortgage Loan Stage Payment Plan: (2% discount from the Price) (2) 「雙綫滙聚優惠」(見備註7(d)) ""Dual-lines Advantage Discount” (See Remarks 7(d)) (3) 「搶佔先機優惠」(見備註7(e)) “First-mover Discount” (See Remarks 7(e)) (4) 「始終『瑜一』優惠 」(見備註7(f)) “IN ONE Discount” (See Remarks 7(f)) (5) 「印花稅優惠」(見備註7(g)) “Stamp Duty Discount” (See Remarks 7(g)) (6) 「早鳥優惠」(見備註7(h)) “Early Bird Benefit” (See Remarks 7(h)) (7) 延長欠妥之處之保養優惠(見備註7(j)) Extended Defect Maintenance Offer (See Remarks 7(j)) (8) 「始終瑜一」80%備用按揭貸款(見備註7(i)) ""IN ONE” 80% Standby Mortgage Loan (See Remarks 7(i))",
2023-03-25,2023-03-31,,第3座(3A) Tower 3(3A),19,B,,16780700,,"價單第3號 Price List No. 3 (1) 付款計劃(C): 「一」心一意建築期備用按揭付款計 劃: (照售價減2%) (見備註7(c)(iii)) Payment Plan (C): “ONE” Heart Standby Mortgage Loan Stage Payment Plan: (2% discount from the Price) (2) 「雙綫滙聚優惠」(見備註7(d)) ""Dual-lines Advantage Discount” (See Remarks 7(d)) (3) 「搶佔先機優惠」(見備註7(e)) “First-mover Discount” (See Remarks 7(e)) (4) 「始終『瑜一』優惠 」(見備註7(f)) “IN ONE Discount” (See Remarks 7(f)) (5) 「印花稅優惠」(見備註7(g)) “Stamp Duty Discount” (See Remarks 7(g)) (6) 「早鳥優惠」(見備註7(h)) “Early Bird Benefit” (See Remarks 7(h)) (7) 延長欠妥之處之保養優惠(見備註7(j)) Extended Defect Maintenance Offer (See Remarks 7(j)) (8) 「始終瑜一」80%備用按揭貸款(見備註7(i)) ""IN ONE” 80% Standby Mortgage Loan (See Remarks 7(i))",
2023-03-25,2023-03-31,,第3座(3B) Tower 3(3B),5,A,,13220200,,"價單第1號 Price List No. 1 (1) 付款計劃(C): 「一」心一意建築期備用按揭付款計 劃: (照售價減2%) (見備註7(c)(iii)) Payment Plan (C): “ONE” Heart Standby Mortgage Loan Stage Payment Plan: (2% discount from the Price) (2) 「雙綫滙聚優惠」(見備註7(d)) ""Dual-lines Advantage Discount” (See Remarks 7(d)) (3) 「搶佔先機優惠」(見備註7(e)) “First-mover Discount” (See Remarks 7(e)) (4) 「始終『瑜一』優惠 」(見備註7(f)) “IN ONE Discount” (See Remarks 7(f)) (5) 「印花稅優惠」(見備註7(g)) “Stamp Duty Discount” (See Remarks 7(g)) (6) 「早鳥優惠」(見備註7(h)) “Early Bird Benefit” (See Remarks 7(h)) (7) 延長欠妥之處之保養優惠(見備註7(j)) Extended Defect Maintenance Offer (See Remarks 7(j)) (8) 「始終瑜一」80%備用按揭貸款(見備註7(i)) ""IN ONE” 80% Standby Mortgage Loan (See Remarks 7(i))",
2023-03-25,2023-03-31,,第3座(3B) Tower 3(3B),1,B,,12585700,,"價單第3號 Price List No. 3 (1) 付款計劃(B):「瑜」理所願360天現金優惠付款計 劃: (照售價減3.5%) (見備註7(c)(ii)) Payment Plan (B): “IN” Your Wish 360-day Cash Payment Plan: (3.5% discount from the Price) (See Rema (2) 「雙綫滙聚優惠」(見備註7(d)) ""Dual-lines Advantage Discount” (See Remarks 7(d)) (3) 「搶佔先機優惠」(見備註7(e)) “First-mover Discount” (See Remarks 7(e)) (4) 「始終『瑜一』優惠 」(見備註7(f)) “IN ONE Discount” (See Remarks 7(f)) (5) 「印花稅優惠」(見備註7(g)) “Stamp Duty Discount” (See Remarks 7(g)) (6) 「早鳥優惠」(見備註7(h)) “Early Bird Benefit” (See Remarks 7(h)) (7) 延長欠妥之處之保養優惠(見備註7(j)) Extended Defect Maintenance Offer (See Remarks 7(j))",
2023-03-25,2023-03-31,,第3座(3B) Tower 3(3B),22,D,,12958000,,"價單第2號 Price List No. 2 (1) 付款計劃(C): 「一」心一意建築期備用按揭付款計 劃: (照售價減2%) (見備註7(c)(iii)) Payment Plan (C): “ONE” Heart Standby Mortgage Loan Stage Payment Plan: (2% discount from the Price) (2) 「雙綫滙聚優惠」(見備註7(d)) ""Dual-lines Advantage Discount” (See Remarks 7(d)) (3) 「搶佔先機優惠」(見備註7(e)) “First-mover Discount” (See Remarks 7(e)) (4) 「始終『瑜一』優惠 」(見備註7(f)) “IN ONE Discount” (See Remarks 7(f)) (5) 「印花稅優惠」(見備註7(g)) “Stamp Duty Discount” (See Remarks 7(g)) (6) 「早鳥優惠」(見備註7(h)) “Early Bird Benefit” (See Remarks 7(h)) (7) 延長欠妥之處之保養優惠(見備註7(j)) Extended Defect Maintenance Offer (See Remarks 7(j)) (8) 「始終瑜一」80%備用按揭貸款(見備註7(i)) ""IN ONE” 80% Standby Mortgage Loan (See Remarks 7(i))",
2023-03-25,2023-03-31,2025-05-29,第3座(3B) Tower 3(3B),11,C,,12364000,,"價單第2號 Price List No. 2 (1) 付款計劃(C): 「一」心一意建築期備用按揭付款計 劃: (照售價減2%) (見備註7(c)(iii)) Payment Plan (C): “ONE” Heart Standby Mortgage Loan Stage Payment Plan: (2% discount from the Price) (2) 「雙綫滙聚優惠」(見備註7(d)) ""Dual-lines Advantage Discount” (See Remarks 7(d)) (3) 「搶佔先機優惠」(見備註7(e)) “First-mover Discount” (See Remarks 7(e)) (4) 「始終『瑜一』優惠 」(見備註7(f)) “IN ONE Discount” (See Remarks 7(f)) (5) 「印花稅優惠」(見備註7(g)) “Stamp Duty Discount” (See Remarks 7(g)) (6) 「早鳥優惠」(見備註7(h)) “Early Bird Benefit” (See Remarks 7(h)) (7) 延長欠妥之處之保養優惠(見備註7(j)) Extended Defect Maintenance Offer (See Remarks 7(j)) (8) 「始終瑜一」80%備用按揭貸款(見備註7(i)) ""IN ONE” 80% Standby Mortgage Loan (See Remarks 7(i))",
2023-03-25,2023-03-30,,第3座(3B) Tower 3(3B),5,C,,12023400,,"價單第2號 Price List No. 2 (1) 付款計劃(C): 「一」心一意建築期備用按揭付款計 劃: (照售價減2%) (見備註7(c)(iii)) Payment Plan (C): “ONE” Heart Standby Mortgage Loan Stage Payment Plan: (2% discount from the Price) (2) 「雙綫滙聚優惠」(見備註7(d)) ""Dual-lines Advantage Discount” (See Remarks 7(d)) (3) 「搶佔先機優惠」(見備註7(e)) “First-mover Discount” (See Remarks 7(e)) (4) 「始終『瑜一』優惠 」(見備註7(f)) “IN ONE Discount” (See Remarks 7(f)) (5) 「印花稅優惠」(見備註7(g)) “Stamp Duty Discount” (See Remarks 7(g)) (6) 「早鳥優惠」(見備註7(h)) “Early Bird Benefit” (See Remarks 7(h)) (7) 延長欠妥之處之保養優惠(見備註7(j)) Extended Defect Maintenance Offer (See Remarks 7(j)) (8) 「始終瑜一」80%備用按揭貸款(見備註7(i)) ""IN ONE” 80% Standby Mortgage Loan (See Remarks 7(i))",
2023-03-25,2023-03-31,,第3座(3B) Tower 3(3B),20,D,,12648200,,"價單第1號 Price List No. 1 (1) 付款計劃(C): 「一」心一意建築期備用按揭付款計 劃: (照售價減2%) (見備註7(c)(iii)) Payment Plan (C): “ONE” Heart Standby Mortgage Loan Stage Payment Plan: (2% discount from the Price) (2) 「雙綫滙聚優惠」(見備註7(d)) ""Dual-lines Advantage Discount” (See Remarks 7(d)) (3) 「搶佔先機優惠」(見備註7(e)) “First-mover Discount” (See Remarks 7(e)) (4) 「始終『瑜一』優惠 」(見備註7(f)) “IN ONE Discount” (See Remarks 7(f)) (5) 「印花稅優惠」(見備註7(g)) “Stamp Duty Discount” (See Remarks 7(g)) (6) 「早鳥優惠」(見備註7(h)) “Early Bird Benefit” (See Remarks 7(h)) (7) 延長欠妥之處之保養優惠(見備註7(j)) Extended Defect Maintenance Offer (See Remarks 7(j)) (8) 「始終瑜一」80%備用按揭貸款(見備註7(i)) ""IN ONE” 80% Standby Mortgage Loan (See Remarks 7(i))",
2023-03-25,2023-03-31,,第3座(3B) Tower 3(3B),18,C,,12916600,,"價單第2號 Price List No. 2 (1) 付款計劃(C): 「一」心一意建築期備用按揭付款計 劃: (照售價減2%) (見備註7(c)(iii)) Payment Plan (C): “ONE” Heart Standby Mortgage Loan Stage Payment Plan: (2% discount from the Price) (2) 「雙綫滙聚優惠」(見備註7(d)) ""Dual-lines Advantage Discount” (See Remarks 7(d)) (3) 「搶佔先機優惠」(見備註7(e)) “First-mover Discount” (See Remarks 7(e)) (4) 「始終『瑜一』優惠 」(見備註7(f)) “IN ONE Discount” (See Remarks 7(f)) (5) 「印花稅優惠」(見備註7(g)) “Stamp Duty Discount” (See Remarks 7(g)) (6) 「早鳥優惠」(見備註7(h)) “Early Bird Benefit” (See Remarks 7(h)) (7) 延長欠妥之處之保養優惠(見備註7(j)) Extended Defect Maintenance Offer (See Remarks 7(j)) (8) 「始終瑜一」80%備用按揭貸款(見備註7(i)) ""IN ONE” 80% Standby Mortgage Loan (See Remarks 7(i))",
2023-03-25,2023-03-31,2025-05-29,第3座(3B) Tower 3(3B),3,A,,13155100,,"價單第1號 Price List No. 1 (1) 付款計劃(C): 「一」心一意建築期備用按揭付款計 劃: (照售價減2%) (見備註7(c)(iii)) Payment Plan (C): “ONE” Heart Standby Mortgage Loan Stage Payment Plan: (2% discount from the Price) (2) 「雙綫滙聚優惠」(見備註7(d)) ""Dual-lines Advantage Discount” (See Remarks 7(d)) (3) 「搶佔先機優惠」(見備註7(e)) “First-mover Discount” (See Remarks 7(e)) (4) 「始終『瑜一』優惠 」(見備註7(f)) “IN ONE Discount” (See Remarks 7(f)) (5) 「印花稅優惠」(見備註7(g)) “Stamp Duty Discount” (See Remarks 7(g)) (6) 「早鳥優惠」(見備註7(h)) “Early Bird Benefit” (See Remarks 7(h)) (7) 延長欠妥之處之保養優惠(見備註7(j)) Extended Defect Maintenance Offer (See Remarks 7(j)) (8) 「始終瑜一」80%備用按揭貸款(見備註7(i)) ""IN ONE” 80% Standby Mortgage Loan (See Remarks 7(i))",
2023-03-25,2023-03-31,2025-04-30,第3座(3B) Tower 3(3B),25,A,,15474800,,"價單第3號 Price List No. 3 (1) 付款計劃(C): 「一」心一意建築期備用按揭付款計 劃: (照售價減2%) (見備註7(c)(iii)) Payment Plan (C): “ONE” Heart Standby Mortgage Loan Stage Payment Plan: (2% discount from the Price) (2) 「雙綫滙聚優惠」(見備註7(d)) ""Dual-lines Advantage Discount” (See Remarks 7(d)) (3) 「搶佔先機優惠」(見備註7(e)) “First-mover Discount” (See Remarks 7(e)) (4) 「始終『瑜一』優惠 」(見備註7(f)) “IN ONE Discount” (See Remarks 7(f)) (5) 「印花稅優惠」(見備註7(g)) “Stamp Duty Discount” (See Remarks 7(g)) (6) 「早鳥優惠」(見備註7(h)) “Early Bird Benefit” (See Remarks 7(h)) (7) 延長欠妥之處之保養優惠(見備註7(j)) Extended Defect Maintenance Offer (See Remarks 7(j)) (8) 「始終瑜一」80%備用按揭貸款(見備註7(i)) ""IN ONE” 80% Standby Mortgage Loan (See Remarks 7(i))",
2023-03-25,2023-03-30,,第3座(3B) Tower 3(3B),15,A,,14344000,,"價單第2號 Price List No. 2 (1) 付款計劃(C): 「一」心一意建築期備用按揭付款計 劃: (照售價減2%) (見備註7(c)(iii)) Payment Plan (C): “ONE” Heart Standby Mortgage Loan Stage Payment Plan: (2% discount from the Price) (2) 「雙綫滙聚優惠」(見備註7(d)) ""Dual-lines Advantage Discount” (See Remarks 7(d)) (3) 「搶佔先機優惠」(見備註7(e)) “First-mover Discount” (See Remarks 7(e)) (4) 「始終『瑜一』優惠 」(見備註7(f)) “IN ONE Discount” (See Remarks 7(f)) (5) 「印花稅優惠」(見備註7(g)) “Stamp Duty Discount” (See Remarks 7(g)) (6) 「早鳥優惠」(見備註7(h)) “Early Bird Benefit” (See Remarks 7(h)) (7) 延長欠妥之處之保養優惠(見備註7(j)) Extended Defect Maintenance Offer (See Remarks 7(j)) (8) 「始終瑜一」80%備用按揭貸款(見備註7(i)) ""IN ONE” 80% Standby Mortgage Loan (See Remarks 7(i))",
2023-03-25,2023-03-31,,第3座(3B) Tower 3(3B),11,B,,12600700,,"價單第3號 Price List No. 3 (1) 付款計劃(C): 「一」心一意建築期備用按揭付款計 劃: (照售價減2%) (見備註7(c)(iii)) Payment Plan (C): “ONE” Heart Standby Mortgage Loan Stage Payment Plan: (2% discount from the Price) (2) 「雙綫滙聚優惠」(見備註7(d)) ""Dual-lines Advantage Discount” (See Remarks 7(d)) (3) 「搶佔先機優惠」(見備註7(e)) “First-mover Discount” (See Remarks 7(e)) (4) 「始終『瑜一』優惠 」(見備註7(f)) “IN ONE Discount” (See Remarks 7(f)) (5) 「印花稅優惠」(見備註7(g)) “Stamp Duty Discount” (See Remarks 7(g)) (6) 「早鳥優惠」(見備註7(h)) “Early Bird Benefit” (See Remarks 7(h)) (7) 延長欠妥之處之保養優惠(見備註7(j)) Extended Defect Maintenance Offer (See Remarks 7(j)) (8) 「始終瑜一」80%備用按揭貸款(見備註7(i)) ""IN ONE” 80% Standby Mortgage Loan (See Remarks 7(i))",
2023-03-25,2023-03-29,,第3座(3B) Tower 3(3B),15,C,,12661400,,"價單第2號 Price List No. 2 (1) 付款計劃(C): 「一」心一意建築期備用按揭付款計 劃: (照售價減2%) (見備註7(c)(iii)) Payment Plan (C): “ONE” Heart Standby Mortgage Loan Stage Payment Plan: (2% discount from the Price) (2) 「雙綫滙聚優惠」(見備註7(d)) ""Dual-lines Advantage Discount” (See Remarks 7(d)) (3) 「搶佔先機優惠」(見備註7(e)) “First-mover Discount” (See Remarks 7(e)) (4) 「始終『瑜一』優惠 」(見備註7(f)) “IN ONE Discount” (See Remarks 7(f)) (5) 「印花稅優惠」(見備註7(g)) “Stamp Duty Discount” (See Remarks 7(g)) (6) 「早鳥優惠」(見備註7(h)) “Early Bird Benefit” (See Remarks 7(h)) (7) 延長欠妥之處之保養優惠(見備註7(j)) Extended Defect Maintenance Offer (See Remarks 7(j)) (8) 「始終瑜一」80%備用按揭貸款(見備註7(i)) ""IN ONE” 80% Standby Mortgage Loan (See Remarks 7(i))",
2023-03-25,2023-03-29,,第3座(3B) Tower 3(3B),2,A,,13088200,,"價單第1號 Price List No. 1 (1) 付款計劃(C): 「一」心一意建築期備用按揭付款計 劃: (照售價減2%) (見備註7(c)(iii)) Payment Plan (C): “ONE” Heart Standby Mortgage Loan Stage Payment Plan: (2% discount from the Price) (2) 「雙綫滙聚優惠」(見備註7(d)) ""Dual-lines Advantage Discount” (See Remarks 7(d)) (3) 「搶佔先機優惠」(見備註7(e)) “First-mover Discount” (See Remarks 7(e)) (4) 「始終『瑜一』優惠 」(見備註7(f)) “IN ONE Discount” (See Remarks 7(f)) (5) 「印花稅優惠」(見備註7(g)) “Stamp Duty Discount” (See Remarks 7(g)) (6) 「早鳥優惠」(見備註7(h)) “Early Bird Benefit” (See Remarks 7(h)) (7) 延長欠妥之處之保養優惠(見備註7(j)) Extended Defect Maintenance Offer (See Remarks 7(j)) (8) 「始終瑜一」80%備用按揭貸款(見備註7(i)) ""IN ONE” 80% Standby Mortgage Loan (See Remarks 7(i))",
2023-03-25,2023-03-31,,第3座(3B) Tower 3(3B),22,C,,13324900,,"價單第2號 Price List No. 2 (1) 付款計劃(C): 「一」心一意建築期備用按揭付款計 劃: (照售價減2%) (見備註7(c)(iii)) Payment Plan (C): “ONE” Heart Standby Mortgage Loan Stage Payment Plan: (2% discount from the Price) (2) 「雙綫滙聚優惠」(見備註7(d)) ""Dual-lines Advantage Discount” (See Remarks 7(d)) (3) 「搶佔先機優惠」(見備註7(e)) “First-mover Discount” (See Remarks 7(e)) (4) 「始終『瑜一』優惠 」(見備註7(f)) “IN ONE Discount” (See Remarks 7(f)) (5) 「印花稅優惠」(見備註7(g)) “Stamp Duty Discount” (See Remarks 7(g)) (6) 「早鳥優惠」(見備註7(h)) “Early Bird Benefit” (See Remarks 7(h)) (7) 延長欠妥之處之保養優惠(見備註7(j)) Extended Defect Maintenance Offer (See Remarks 7(j)) (8) 「始終瑜一」80%備用按揭貸款(見備註7(i)) ""IN ONE” 80% Standby Mortgage Loan (See Remarks 7(i))",
2023-03-25,2023-03-31,,第3座(3B) Tower 3(3B),25,D,,12768700,,"價單第2號 Price List No. 2 (1) 付款計劃(A): 矜貴「瑜一」120天現金優惠付款計 劃: (照售價減5%) (見備註7(c)(i)) Payment Plan (A): Prestige “IN ONE” 120-day Cash Payment Plan: (5% discount from the Price) (See Rem (2) 「雙綫滙聚優惠」(見備註7(d)) ""Dual-lines Advantage Discount” (See Remarks 7(d)) (3) 「搶佔先機優惠」(見備註7(e)) “First-mover Discount” (See Remarks 7(e)) (4) 「始終『瑜一』優惠 」(見備註7(f)) “IN ONE Discount” (See Remarks 7(f)) (5) 「印花稅優惠」(見備註7(g)) “Stamp Duty Discount” (See Remarks 7(g)) (6) 「早鳥優惠」(見備註7(h)) “Early Bird Benefit” (See Remarks 7(h)) (7) 延長欠妥之處之保養優惠(見備註7(j)) Extended Defect Maintenance Offer (See Remarks 7(j))",
2023-03-25,2023-03-31,,第3座(3A) Tower 3(3A),10,B,,15480000,,"價單第1號 Price List No. 1 (1) 付款計劃(C): 「一」心一意建築期備用按揭付款計 劃: (照售價減2%) (見備註7(c)(iii)) Payment Plan (C): “ONE” Heart Standby Mortgage Loan Stage Payment Plan: (2% discount from the Price) (2) 「雙綫滙聚優惠」(見備註7(d)) ""Dual-lines Advantage Discount” (See Remarks 7(d)) (3) 「搶佔先機優惠」(見備註7(e)) “First-mover Discount” (See Remarks 7(e)) (4) 「始終『瑜一』優惠 」(見備註7(f)) “IN ONE Discount” (See Remarks 7(f)) (5) 「印花稅優惠」(見備註7(g)) “Stamp Duty Discount” (See Remarks 7(g)) (6) 「早鳥優惠」(見備註7(h)) “Early Bird Benefit” (See Remarks 7(h)) (7) 延長欠妥之處之保養優惠(見備註7(j)) Extended Defect Maintenance Offer (See Remarks 7(j)) (8) 「始終瑜一」80%備用按揭貸款(見備註7(i)) ""IN ONE” 80% Standby Mortgage Loan (See Remarks 7(i))",
2023-03-25,2023-03-31,,第3座(3B) Tower 3(3B),23,D,,13089100,,"價單第2號 Price List No. 2 (1) 付款計劃(C): 「一」心一意建築期備用按揭付款計 劃: (照售價減2%) (見備註7(c)(iii)) Payment Plan (C): “ONE” Heart Standby Mortgage Loan Stage Payment Plan: (2% discount from the Price) (2) 「雙綫滙聚優惠」(見備註7(d)) ""Dual-lines Advantage Discount” (See Remarks 7(d)) (3) 「搶佔先機優惠」(見備註7(e)) “First-mover Discount” (See Remarks 7(e)) (4) 「始終『瑜一』優惠 」(見備註7(f)) “IN ONE Discount” (See Remarks 7(f)) (5) 「印花稅優惠」(見備註7(g)) “Stamp Duty Discount” (See Remarks 7(g)) (6) 「早鳥優惠」(見備註7(h)) “Early Bird Benefit” (See Remarks 7(h)) (7) 延長欠妥之處之保養優惠(見備註7(j)) Extended Defect Maintenance Offer (See Remarks 7(j)) (8) 「始終瑜一」80%備用按揭貸款(見備註7(i)) ""IN ONE” 80% Standby Mortgage Loan (See Remarks 7(i))",
2023-03-25,2023-03-31,,第3座(3B) Tower 3(3B),12,B,,12650800,,"價單第3號 Price List No. 3 (1) 付款計劃(C): 「一」心一意建築期備用按揭付款計 劃: (照售價減2%) (見備註7(c)(iii)) Payment Plan (C): “ONE” Heart Standby Mortgage Loan Stage Payment Plan: (2% discount from the Price) (2) 「雙綫滙聚優惠」(見備註7(d)) ""Dual-lines Advantage Discount” (See Remarks 7(d)) (3) 「搶佔先機優惠」(見備註7(e)) “First-mover Discount” (See Remarks 7(e)) (4) 「始終『瑜一』優惠 」(見備註7(f)) “IN ONE Discount” (See Remarks 7(f)) (5) 「印花稅優惠」(見備註7(g)) “Stamp Duty Discount” (See Remarks 7(g)) (6) 「早鳥優惠」(見備註7(h)) “Early Bird Benefit” (See Remarks 7(h)) (7) 延長欠妥之處之保養優惠(見備註7(j)) Extended Defect Maintenance Offer (See Remarks 7(j)) (8) 「始終瑜一」80%備用按揭貸款(見備註7(i)) ""IN ONE” 80% Standby Mortgage Loan (See Remarks 7(i))",
2023-03-25,2023-03-31,,第3座(3B) Tower 3(3B),20,C,,13019600,,"價單第2號 Price List No. 2 (1) 付款計劃(C): 「一」心一意建築期備用按揭付款計 劃: (照售價減2%) (見備註7(c)(iii)) Payment Plan (C): “ONE” Heart Standby Mortgage Loan Stage Payment Plan: (2% discount from the Price) (2) 「雙綫滙聚優惠」(見備註7(d)) ""Dual-lines Advantage Discount” (See Remarks 7(d)) (3) 「搶佔先機優惠」(見備註7(e)) “First-mover Discount” (See Remarks 7(e)) (4) 「始終『瑜一』優惠 」(見備註7(f)) “IN ONE Discount” (See Remarks 7(f)) (5) 「印花稅優惠」(見備註7(g)) “Stamp Duty Discount” (See Remarks 7(g)) (6) 「早鳥優惠」(見備註7(h)) “Early Bird Benefit” (See Remarks 7(h)) (7) 延長欠妥之處之保養優惠(見備註7(j)) Extended Defect Maintenance Offer (See Remarks 7(j)) (8) 「始終瑜一」80%備用按揭貸款(見備註7(i)) ""IN ONE” 80% Standby Mortgage Loan (See Remarks 7(i))",
2023-03-25,2023-03-31,,第3座(3B) Tower 3(3B),21,D,,12855900,,"價單第2號 Price List No. 2 (1) 付款計劃(C): 「一」心一意建築期備用按揭付款計 劃: (照售價減2%) (見備註7(c)(iii)) Payment Plan (C): “ONE” Heart Standby Mortgage Loan Stage Payment Plan: (2% discount from the Price) (2) 「雙綫滙聚優惠」(見備註7(d)) ""Dual-lines Advantage Discount” (See Remarks 7(d)) (3) 「搶佔先機優惠」(見備註7(e)) “First-mover Discount” (See Remarks 7(e)) (4) 「始終『瑜一』優惠 」(見備註7(f)) “IN ONE Discount” (See Remarks 7(f)) (5) 「印花稅優惠」(見備註7(g)) “Stamp Duty Discount” (See Remarks 7(g)) (6) 「早鳥優惠」(見備註7(h)) “Early Bird Benefit” (See Remarks 7(h)) (7) 延長欠妥之處之保養優惠(見備註7(j)) Extended Defect Maintenance Offer (See Remarks 7(j)) (8) 「始終瑜一」80%備用按揭貸款(見備註7(i)) ""IN ONE” 80% Standby Mortgage Loan (See Remarks 7(i))",
2023-03-25,2023-03-31,,第3座(3B) Tower 3(3B),20,A,,14930000,,"價單第3號 Price List No. 3 (1) 付款計劃(C): 「一」心一意建築期備用按揭付款計 劃: (照售價減2%) (見備註7(c)(iii)) Payment Plan (C): “ONE” Heart Standby Mortgage Loan Stage Payment Plan: (2% discount from the Price) (2) 「雙綫滙聚優惠」(見備註7(d)) ""Dual-lines Advantage Discount” (See Remarks 7(d)) (3) 「搶佔先機優惠」(見備註7(e)) “First-mover Discount” (See Remarks 7(e)) (4) 「始終『瑜一』優惠 」(見備註7(f)) “IN ONE Discount” (See Remarks 7(f)) (5) 「印花稅優惠」(見備註7(g)) “Stamp Duty Discount” (See Remarks 7(g)) (6) 「早鳥優惠」(見備註7(h)) “Early Bird Benefit” (See Remarks 7(h)) (7) 延長欠妥之處之保養優惠(見備註7(j)) Extended Defect Maintenance Offer (See Remarks 7(j)) (8) 「始終瑜一」80%備用按揭貸款(見備註7(i)) ""IN ONE” 80% Standby Mortgage Loan (See Remarks 7(i))",
2023-03-25,2023-03-29,2025-04-30,第3座(3B) Tower 3(3B),19,C,,12916600,,"價單第2號 Price List No. 2 (1) 付款計劃(C): 「一」心一意建築期備用按揭付款計 劃: (照售價減2%) (見備註7(c)(iii)) Payment Plan (C): “ONE” Heart Standby Mortgage Loan Stage Payment Plan: (2% discount from the Price) (2) 「雙綫滙聚優惠」(見備註7(d)) ""Dual-lines Advantage Discount” (See Remarks 7(d)) (3) 「搶佔先機優惠」(見備註7(e)) “First-mover Discount” (See Remarks 7(e)) (4) 「始終『瑜一』優惠 」(見備註7(f)) “IN ONE Discount” (See Remarks 7(f)) (5) 「印花稅優惠」(見備註7(g)) “Stamp Duty Discount” (See Remarks 7(g)) (6) 「早鳥優惠」(見備註7(h)) “Early Bird Benefit” (See Remarks 7(h)) (7) 延長欠妥之處之保養優惠(見備註7(j)) Extended Defect Maintenance Offer (See Remarks 7(j)) (8) 「始終瑜一」80%備用按揭貸款(見備註7(i)) ""IN ONE” 80% Standby Mortgage Loan (See Remarks 7(i))",
2023-03-25,2023-03-30,,第3座(3B) Tower 3(3B),21,C,,13219300,,"價單第2號 Price List No. 2 (1) 付款計劃(C): 「一」心一意建築期備用按揭付款計 劃: (照售價減2%) (見備註7(c)(iii)) Payment Plan (C): “ONE” Heart Standby Mortgage Loan Stage Payment Plan: (2% discount from the Price) (2) 「雙綫滙聚優惠」(見備註7(d)) ""Dual-lines Advantage Discount” (See Remarks 7(d)) (3) 「搶佔先機優惠」(見備註7(e)) “First-mover Discount” (See Remarks 7(e)) (4) 「始終『瑜一』優惠 」(見備註7(f)) “IN ONE Discount” (See Remarks 7(f)) (5) 「印花稅優惠」(見備註7(g)) “Stamp Duty Discount” (See Remarks 7(g)) (6) 「早鳥優惠」(見備註7(h)) “Early Bird Benefit” (See Remarks 7(h)) (7) 延長欠妥之處之保養優惠(見備註7(j)) Extended Defect Maintenance Offer (See Remarks 7(j)) (8) 「始終瑜一」80%備用按揭貸款(見備註7(i)) ""IN ONE” 80% Standby Mortgage Loan (See Remarks 7(i))",
2023-03-25,2023-03-31,,第3座(3B) Tower 3(3B),25,C,,13361600,,"價單第2號 Price List No. 2 (1) 付款計劃(B):「瑜」理所願360天現金優惠付款計 劃: (照售價減3.5%) (見備註7(c)(ii)) Payment Plan (B): “IN” Your Wish 360-day Cash Payment Plan: (3.5% discount from the Price) (See Rema (2) 「雙綫滙聚優惠」(見備註7(d)) ""Dual-lines Advantage Discount” (See Remarks 7(d)) (3) 「搶佔先機優惠」(見備註7(e)) “First-mover Discount” (See Remarks 7(e)) (4) 「始終『瑜一』優惠 」(見備註7(f)) “IN ONE Discount” (See Remarks 7(f)) (5) 「印花稅優惠」(見備註7(g)) “Stamp Duty Discount” (See Remarks 7(g)) (6) 「早鳥優惠」(見備註7(h)) “Early Bird Benefit” (See Remarks 7(h)) (7) 延長欠妥之處之保養優惠(見備註7(j)) Extended Defect Maintenance Offer (See Remarks 7(j))",
2023-03-25,2023-03-28,,第3座(3A) Tower 3(3A),22,B,,16893400,,"價單第3號 Price List No. 3 (1) 付款計劃(B):「瑜」理所願360天現金優惠付款計 劃: (照售價減3.5%) (見備註7(c)(ii)) Payment Plan (B): “IN” Your Wish 360-day Cash Payment Plan: (3.5% discount from the Price) (See Rema (2) 「雙綫滙聚優惠」(見備註7(d)) ""Dual-lines Advantage Discount” (See Remarks 7(d)) (3) 「搶佔先機優惠」(見備註7(e)) “First-mover Discount” (See Remarks 7(e)) (4) 「始終『瑜一』優惠 」(見備註7(f)) “IN ONE Discount” (See Remarks 7(f)) (5) 「印花稅優惠」(見備註7(g)) “Stamp Duty Discount” (See Remarks 7(g)) (6) 「早鳥優惠」(見備註7(h)) “Early Bird Benefit” (See Remarks 7(h)) (7) 延長欠妥之處之保養優惠(見備註7(j)) Extended Defect Maintenance Offer (See Remarks 7(j))",
2023-03-25,2023-03-31,,第3座(3B) Tower 3(3B),21,A,,14535800,,"價單第3號 Price List No. 3 (1) 付款計劃(A): 矜貴「瑜一」120天現金優惠付款計 劃: (照售價減5%) (見備註7(c)(i)) Payment Plan (A): Prestige “IN ONE” 120-day Cash Payment Plan: (5% discount from the Price) (See Rem (2) 「雙綫滙聚優惠」(見備註7(d)) ""Dual-lines Advantage Discount” (See Remarks 7(d)) (3) 「搶佔先機優惠」(見備註7(e)) “First-mover Discount” (See Remarks 7(e)) (4) 「始終『瑜一』優惠 」(見備註7(f)) “IN ONE Discount” (See Remarks 7(f)) (5) 「印花稅優惠」(見備註7(g)) “Stamp Duty Discount” (See Remarks 7(g)) (6) 「早鳥優惠」(見備註7(h)) “Early Bird Benefit” (See Remarks 7(h)) (7) 延長欠妥之處之保養優惠(見備註7(j)) Extended Defect Maintenance Offer (See Remarks 7(j))",
2023-03-25,2023-03-31,,第3座(3A) Tower 3(3A),21,B,,16469600,,"價單第3號 Price List No. 3 (1) 付款計劃(A): 矜貴「瑜一」120天現金優惠付款計 劃: (照售價減5%) (見備註7(c)(i)) Payment Plan (A): Prestige “IN ONE” 120-day Cash Payment Plan: (5% discount from the Price) (See Rem (2) 「雙綫滙聚優惠」(見備註7(d)) ""Dual-lines Advantage Discount” (See Remarks 7(d)) (3) 「搶佔先機優惠」(見備註7(e)) “First-mover Discount” (See Remarks 7(e)) (4) 「始終『瑜一』優惠 」(見備註7(f)) “IN ONE Discount” (See Remarks 7(f)) (5) 「印花稅優惠」(見備註7(g)) “Stamp Duty Discount” (See Remarks 7(g)) (6) 「早鳥優惠」(見備註7(h)) “Early Bird Benefit” (See Remarks 7(h)) (7) 延長欠妥之處之保養優惠(見備註7(j)) Extended Defect Maintenance Offer (See Remarks 7(j))",
2023-03-25,2023-03-31,,第3座(3B) Tower 3(3B),9,B,,12074200,,"價單第3號 Price List No. 3 (1) 付款計劃(A): 矜貴「瑜一」120天現金優惠付款計 劃: (照售價減5%) (見備註7(c)(i)) Payment Plan (A): Prestige “IN ONE” 120-day Cash Payment Plan: (5% discount from the Price) (See Rem (2) 「雙綫滙聚優惠」(見備註7(d)) ""Dual-lines Advantage Discount” (See Remarks 7(d)) (3) 「搶佔先機優惠」(見備註7(e)) “First-mover Discount” (See Remarks 7(e)) (4) 「始終『瑜一』優惠 」(見備註7(f)) “IN ONE Discount” (See Remarks 7(f)) (5) 「印花稅優惠」(見備註7(g)) “Stamp Duty Discount” (See Remarks 7(g)) (6) 「早鳥優惠」(見備註7(h)) “Early Bird Benefit” (See Remarks 7(h)) (7) 延長欠妥之處之保養優惠(見備註7(j)) Extended Defect Maintenance Offer (See Remarks 7(j))",
2023-03-25,2023-03-31,,第3座(3B) Tower 3(3B),15,B,,12904300,,"價單第3號 Price List No. 3 (1) 付款計劃(C): 「一」心一意建築期備用按揭付款計 劃: (照售價減2%) (見備註7(c)(iii)) Payment Plan (C): “ONE” Heart Standby Mortgage Loan Stage Payment Plan: (2% discount from the Price) (2) 「雙綫滙聚優惠」(見備註7(d)) ""Dual-lines Advantage Discount” (See Remarks 7(d)) (3) 「搶佔先機優惠」(見備註7(e)) “First-mover Discount” (See Remarks 7(e)) (4) 「始終『瑜一』優惠 」(見備註7(f)) “IN ONE Discount” (See Remarks 7(f)) (5) 「印花稅優惠」(見備註7(g)) “Stamp Duty Discount” (See Remarks 7(g)) (6) 「早鳥優惠」(見備註7(h)) “Early Bird Benefit” (See Remarks 7(h)) (7) 延長欠妥之處之保養優惠(見備註7(j)) Extended Defect Maintenance Offer (See Remarks 7(j)) (8) 「始終瑜一」80%備用按揭貸款(見備註7(i)) ""IN ONE” 80% Standby Mortgage Loan (See Remarks 7(i))",
2023-03-25,2023-03-31,,第3座(3B) Tower 3(3B),16,B,,12747500,,"價單第3號 Price List No. 3 (1) 付款計劃(B):「瑜」理所願360天現金優惠付款計 劃: (照售價減3.5%) (見備註7(c)(ii)) Payment Plan (B): “IN” Your Wish 360-day Cash Payment Plan: (3.5% discount from the Price) (See Rema (2) 「雙綫滙聚優惠」(見備註7(d)) ""Dual-lines Advantage Discount” (See Remarks 7(d)) (3) 「搶佔先機優惠」(見備註7(e)) “First-mover Discount” (See Remarks 7(e)) (4) 「始終『瑜一』優惠 」(見備註7(f)) “IN ONE Discount” (See Remarks 7(f)) (5) 「印花稅優惠」(見備註7(g)) “Stamp Duty Discount” (See Remarks 7(g)) (6) 「早鳥優惠」(見備註7(h)) “Early Bird Benefit” (See Remarks 7(h)) (7) 延長欠妥之處之保養優惠(見備註7(j)) Extended Defect Maintenance Offer (See Remarks 7(j))",
2023-03-25,2023-03-31,,第3座(3A) Tower 3(3A),9,B,,15266200,,"價單第2號 Price List No. 2 (1) 付款計劃(C): 「一」心一意建築期備用按揭付款計 劃: (照售價減2%) (見備註7(c)(iii)) Payment Plan (C): “ONE” Heart Standby Mortgage Loan Stage Payment Plan: (2% discount from the Price) (2) 「雙綫滙聚優惠」(見備註7(d)) ""Dual-lines Advantage Discount” (See Remarks 7(d)) (3) 「搶佔先機優惠」(見備註7(e)) “First-mover Discount” (See Remarks 7(e)) (4) 「始終『瑜一』優惠 」(見備註7(f)) “IN ONE Discount” (See Remarks 7(f)) (5) 「印花稅優惠」(見備註7(g)) “Stamp Duty Discount” (See Remarks 7(g)) (6) 「早鳥優惠」(見備註7(h)) “Early Bird Benefit” (See Remarks 7(h)) (7) 延長欠妥之處之保養優惠(見備註7(j)) Extended Defect Maintenance Offer (See Remarks 7(j)) (8) 「始終瑜一」80%備用按揭貸款(見備註7(i)) ""IN ONE” 80% Standby Mortgage Loan (See Remarks 7(i))",
2023-03-25,2023-03-29,,第3座(3B) Tower 3(3B),2,B,,12131600,,"價單第3號 Price List No. 3 (1) 付款計劃(C): 「一」心一意建築期備用按揭付款計 劃: (照售價減2%) (見備註7(c)(iii)) Payment Plan (C): “ONE” Heart Standby Mortgage Loan Stage Payment Plan: (2% discount from the Price) (2) 「雙綫滙聚優惠」(見備註7(d)) ""Dual-lines Advantage Discount” (See Remarks 7(d)) (3) 「搶佔先機優惠」(見備註7(e)) “First-mover Discount” (See Remarks 7(e)) (4) 「始終『瑜一』優惠 」(見備註7(f)) “IN ONE Discount” (See Remarks 7(f)) (5) 「印花稅優惠」(見備註7(g)) “Stamp Duty Discount” (See Remarks 7(g)) (6) 「早鳥優惠」(見備註7(h)) “Early Bird Benefit” (See Remarks 7(h)) (7) 延長欠妥之處之保養優惠(見備註7(j)) Extended Defect Maintenance Offer (See Remarks 7(j)) (8) 「始終瑜一」80%備用按揭貸款(見備註7(i)) ""IN ONE” 80% Standby Mortgage Loan (See Remarks 7(i))",
2023-03-25,2023-03-31,2025-06-10,第3座(3B) Tower 3(3B),29,A,,18209800,,"價單第3號 Price List No. 3 (1) 付款計劃(C): 「一」心一意建築期備用按揭付款計 劃: (照售價減2%) (見備註7(c)(iii)) Payment Plan (C): “ONE” Heart Standby Mortgage Loan Stage Payment Plan: (2% discount from the Price) (2) 「雙綫滙聚優惠」(見備註7(d)) ""Dual-lines Advantage Discount” (See Remarks 7(d)) (3) 「搶佔先機優惠」(見備註7(e)) “First-mover Discount” (See Remarks 7(e)) (4) 「始終『瑜一』優惠 」(見備註7(f)) “IN ONE Discount” (See Remarks 7(f)) (5) 「印花稅優惠」(見備註7(g)) “Stamp Duty Discount” (See Remarks 7(g)) (6) 「早鳥優惠」(見備註7(h)) “Early Bird Benefit” (See Remarks 7(h)) (7) 延長欠妥之處之保養優惠(見備註7(j)) Extended Defect Maintenance Offer (See Remarks 7(j)) (8) 「始終瑜一」80%備用按揭貸款(見備註7(i)) ""IN ONE” 80% Standby Mortgage Loan (See Remarks 7(i))",
2023-03-25,2023-03-27,2025-05-12,第3座(3B) Tower 3(3B),19,B,,13163900,,"價單第3號 Price List No. 3 (1) 付款計劃(C): 「一」心一意建築期備用按揭付款計 劃: (照售價減2%) (見備註7(c)(iii)) Payment Plan (C): “ONE” Heart Standby Mortgage Loan Stage Payment Plan: (2% discount from the Price) (2) 「雙綫滙聚優惠」(見備註7(d)) ""Dual-lines Advantage Discount” (See Remarks 7(d)) (3) 「搶佔先機優惠」(見備註7(e)) “First-mover Discount” (See Remarks 7(e)) (4) 「始終『瑜一』優惠 」(見備註7(f)) “IN ONE Discount” (See Remarks 7(f)) (5) 「印花稅優惠」(見備註7(g)) “Stamp Duty Discount” (See Remarks 7(g)) (6) 「早鳥優惠」(見備註7(h)) “Early Bird Benefit” (See Remarks 7(h)) (7) 延長欠妥之處之保養優惠(見備註7(j)) Extended Defect Maintenance Offer (See Remarks 7(j)) (8) 「始終瑜一」80%備用按揭貸款(見備註7(i)) ""IN ONE” 80% Standby Mortgage Loan (See Remarks 7(i))",
2023-03-25,2023-03-31,,第3座(3B) Tower 3(3B),18,B,,13163900,,"價單第3號 Price List No. 3 (1) 付款計劃(C): 「一」心一意建築期備用按揭付款計 劃: (照售價減2%) (見備註7(c)(iii)) Payment Plan (C): “ONE” Heart Standby Mortgage Loan Stage Payment Plan: (2% discount from the Price) (2) 「雙綫滙聚優惠」(見備註7(d)) ""Dual-lines Advantage Discount” (See Remarks 7(d)) (3) 「搶佔先機優惠」(見備註7(e)) “First-mover Discount” (See Remarks 7(e)) (4) 「始終『瑜一』優惠 」(見備註7(f)) “IN ONE Discount” (See Remarks 7(f)) (5) 「印花稅優惠」(見備註7(g)) “Stamp Duty Discount” (See Remarks 7(g)) (6) 「早鳥優惠」(見備註7(h)) “Early Bird Benefit” (See Remarks 7(h)) (7) 延長欠妥之處之保養優惠(見備註7(j)) Extended Defect Maintenance Offer (See Remarks 7(j)) (8) 「始終瑜一」80%備用按揭貸款(見備註7(i)) ""IN ONE” 80% Standby Mortgage Loan (See Remarks 7(i))",
2023-03-25,2023-03-31,2025-06-10,第3座(3B) Tower 3(3B),5,B,,12254000,,"價單第3號 Price List No. 3 (1) 付款計劃(C): 「一」心一意建築期備用按揭付款計 劃: (照售價減2%) (見備註7(c)(iii)) Payment Plan (C): “ONE” Heart Standby Mortgage Loan Stage Payment Plan: (2% discount from the Price) (2) 「雙綫滙聚優惠」(見備註7(d)) ""Dual-lines Advantage Discount” (See Remarks 7(d)) (3) 「搶佔先機優惠」(見備註7(e)) “First-mover Discount” (See Remarks 7(e)) (4) 「始終『瑜一』優惠 」(見備註7(f)) “IN ONE Discount” (See Remarks 7(f)) (5) 「印花稅優惠」(見備註7(g)) “Stamp Duty Discount” (See Remarks 7(g)) (6) 「早鳥優惠」(見備註7(h)) “Early Bird Benefit” (See Remarks 7(h)) (7) 延長欠妥之處之保養優惠(見備註7(j)) Extended Defect Maintenance Offer (See Remarks 7(j)) (8) 「始終瑜一」80%備用按揭貸款(見備註7(i)) ""IN ONE” 80% Standby Mortgage Loan (See Remarks 7(i))",
2023-03-25,2023-03-31,,第3座(3B) Tower 3(3B),28,D,,13822100,"在 23-5-2023，基於 法例第35(2)(b)條所 容許的原因，售價更 改為$13,350,900.00 On 23-5-2023, the price adjusted to $13,350,900.00 due to the reason allowed under section 35(2)(b) of the Ordinance","價單第2號 Price List No. 2 (1) 付款計劃(C): 「一」心一意建築期備用按揭付款計 劃: (照售價減2%) (見備註7(c)(iii)) Payment Plan (C): “ONE” Heart Standby Mortgage Loan Stage Payment Plan: (2% discount from the Price) (2) 「雙綫滙聚優惠」(見備註7(d)) ""Dual-lines Advantage Discount” (See Remarks 7(d)) (3) 「搶佔先機優惠」(見備註7(e)) “First-mover Discount” (See Remarks 7(e)) (4) 「始終『瑜一』優惠 」(見備註7(f)) “IN ONE Discount” (See Remarks 7(f)) (5) 「印花稅優惠」(見備註7(g)) “Stamp Duty Discount” (See Remarks 7(g)) (6) 「早鳥優惠」(見備註7(h)) “Early Bird Benefit” (See Remarks 7(h)) (7) 延長欠妥之處之保養優惠(見備註7(j)) Extended Defect Maintenance Offer (See Remarks 7(j)) (8) 「始終瑜一」80%備用按揭貸款(見備註7(i)) ""IN ONE” 80% Standby Mortgage Loan (See Remarks 7(i)) 在 23/05/2023，支付條款更改為 On 23/05/2023，the terms of payment adjusted to 價單第2號 Price List No. 2 (1) 付款計劃(A): 矜貴「瑜一」120天現金優惠付款計 劃: (照售價減5%) (見備註7(c)(i)) Payment Plan (A): Prestige “IN ONE” 120-day Cash Payment Plan: (5% discount from the Price) (See Remarks 7(c)(i)) (2) 「雙綫滙聚優惠」(見備註7(d)) ""Dual-lines Advantage Discount” (See Remarks 7(d)) (3) 「搶佔先機優惠」(見備註7(e)) “First-mover Discount” (See Remarks 7(e)) (4) 「始終『瑜一』優惠 」(見備註7(f)) “IN ONE Discount” (See Remarks 7(f)) (5) 「印花稅優惠」(見備註7(g)) “Stamp Duty Discount” (See Remarks 7(g)) (6) 「早鳥優惠」(見備註7(h)) “Early Bird Benefit” (See Remarks 7(h)) (7) 延長欠妥之處之保養優惠(見備註7(j)) Extended Defect Maintenance Offer (See Remarks 7(j))",
2023-03-25,2023-03-31,,第3座(3B) Tower 3(3B),23,A,,15320800,,"價單第3號 Price List No. 3 (1) 付款計劃(C): 「一」心一意建築期備用按揭付款計 劃: (照售價減2%) (見備註7(c)(iii)) Payment Plan (C): “ONE” Heart Standby Mortgage Loan Stage Payment Plan: (2% discount from the Price) (2) 「雙綫滙聚優惠」(見備註7(d)) ""Dual-lines Advantage Discount” (See Remarks 7(d)) (3) 「搶佔先機優惠」(見備註7(e)) “First-mover Discount” (See Remarks 7(e)) (4) 「始終『瑜一』優惠 」(見備註7(f)) “IN ONE Discount” (See Remarks 7(f)) (5) 「印花稅優惠」(見備註7(g)) “Stamp Duty Discount” (See Remarks 7(g)) (6) 「早鳥優惠」(見備註7(h)) “Early Bird Benefit” (See Remarks 7(h)) (7) 延長欠妥之處之保養優惠(見備註7(j)) Extended Defect Maintenance Offer (See Remarks 7(j)) (8) 「始終瑜一」80%備用按揭貸款(見備註7(i)) ""IN ONE” 80% Standby Mortgage Loan (See Remarks 7(i))",
2023-03-25,2023-03-29,,第3座(3B) Tower 3(3B),10,B,,12550500,,"價單第3號 Price List No. 3 (1) 付款計劃(C): 「一」心一意建築期備用按揭付款計 劃: (照售價減2%) (見備註7(c)(iii)) Payment Plan (C): “ONE” Heart Standby Mortgage Loan Stage Payment Plan: (2% discount from the Price) (2) 「雙綫滙聚優惠」(見備註7(d)) ""Dual-lines Advantage Discount” (See Remarks 7(d)) (3) 「搶佔先機優惠」(見備註7(e)) “First-mover Discount” (See Remarks 7(e)) (4) 「始終『瑜一』優惠 」(見備註7(f)) “IN ONE Discount” (See Remarks 7(f)) (5) 「印花稅優惠」(見備註7(g)) “Stamp Duty Discount” (See Remarks 7(g)) (6) 「早鳥優惠」(見備註7(h)) “Early Bird Benefit” (See Remarks 7(h)) (7) 延長欠妥之處之保養優惠(見備註7(j)) Extended Defect Maintenance Offer (See Remarks 7(j)) (8) 「始終瑜一」80%備用按揭貸款(見備註7(i)) ""IN ONE” 80% Standby Mortgage Loan (See Remarks 7(i))",
2023-03-25,2023-03-31,,第3座(3B) Tower 3(3B),3,B,,12193200,,"價單第3號 Price List No. 3 (1) 付款計劃(C): 「一」心一意建築期備用按揭付款計 劃: (照售價減2%) (見備註7(c)(iii)) Payment Plan (C): “ONE” Heart Standby Mortgage Loan Stage Payment Plan: (2% discount from the Price) (2) 「雙綫滙聚優惠」(見備註7(d)) ""Dual-lines Advantage Discount” (See Remarks 7(d)) (3) 「搶佔先機優惠」(見備註7(e)) “First-mover Discount” (See Remarks 7(e)) (4) 「始終『瑜一』優惠 」(見備註7(f)) “IN ONE Discount” (See Remarks 7(f)) (5) 「印花稅優惠」(見備註7(g)) “Stamp Duty Discount” (See Remarks 7(g)) (6) 「早鳥優惠」(見備註7(h)) “Early Bird Benefit” (See Remarks 7(h)) (7) 延長欠妥之處之保養優惠(見備註7(j)) Extended Defect Maintenance Offer (See Remarks 7(j)) (8) 「始終瑜一」80%備用按揭貸款(見備註7(i)) ""IN ONE” 80% Standby Mortgage Loan (See Remarks 7(i))",
2023-03-25,,,第3座(3B) Tower 3(3B),27,C,,14003400,,"價單第2號 Price List No. 2 (1) 付款計劃(C): 「一」心一意建築期備用按揭付款計 劃: (照售價減2%) (見備註7(c)(iii)) Payment Plan (C): “ONE” Heart Standby Mortgage Loan Stage Payment Plan: (2% discount from the Price) (2) 「雙綫滙聚優惠」(見備註7(d)) ""Dual-lines Advantage Discount” (See Remarks 7(d)) (3) 「搶佔先機優惠」(見備註7(e)) “First-mover Discount” (See Remarks 7(e)) (4) 「始終『瑜一』優惠 」(見備註7(f)) “IN ONE Discount” (See Remarks 7(f)) (5) 「印花稅優惠」(見備註7(g)) “Stamp Duty Discount” (See Remarks 7(g)) (6) 「早鳥優惠」(見備註7(h)) “Early Bird Benefit” (See Remarks 7(h)) (7) 延長欠妥之處之保養優惠(見備註7(j)) Extended Defect Maintenance Offer (See Remarks 7(j)) (8) 「始終瑜一」80%備用按揭貸款(見備註7(i)) ""IN ONE” 80% Standby Mortgage Loan (See Remarks 7(i))",
2023-03-25,2023-03-31,,第3座(3B) Tower 3(3B),22,B,,13581000,,"價單第3號 Price List No. 3 (1) 付款計劃(C): 「一」心一意建築期備用按揭付款計 劃: (照售價減2%) (見備註7(c)(iii)) Payment Plan (C): “ONE” Heart Standby Mortgage Loan Stage Payment Plan: (2% discount from the Price) (2) 「雙綫滙聚優惠」(見備註7(d)) ""Dual-lines Advantage Discount” (See Remarks 7(d)) (3) 「搶佔先機優惠」(見備註7(e)) “First-mover Discount” (See Remarks 7(e)) (4) 「始終『瑜一』優惠 」(見備註7(f)) “IN ONE Discount” (See Remarks 7(f)) (5) 「印花稅優惠」(見備註7(g)) “Stamp Duty Discount” (See Remarks 7(g)) (6) 「早鳥優惠」(見備註7(h)) “Early Bird Benefit” (See Remarks 7(h)) (7) 延長欠妥之處之保養優惠(見備註7(j)) Extended Defect Maintenance Offer (See Remarks 7(j)) (8) 「始終瑜一」80%備用按揭貸款(見備註7(i)) ""IN ONE” 80% Standby Mortgage Loan (See Remarks 7(i))",
2023-03-25,2023-03-31,,第3座(3B) Tower 3(3B),21,B,,13473600,,"價單第3號 Price List No. 3 (1) 付款計劃(C): 「一」心一意建築期備用按揭付款計 劃: (照售價減2%) (見備註7(c)(iii)) Payment Plan (C): “ONE” Heart Standby Mortgage Loan Stage Payment Plan: (2% discount from the Price) (2) 「雙綫滙聚優惠」(見備註7(d)) ""Dual-lines Advantage Discount” (See Remarks 7(d)) (3) 「搶佔先機優惠」(見備註7(e)) “First-mover Discount” (See Remarks 7(e)) (4) 「始終『瑜一』優惠 」(見備註7(f)) “IN ONE Discount” (See Remarks 7(f)) (5) 「印花稅優惠」(見備註7(g)) “Stamp Duty Discount” (See Remarks 7(g)) (6) 「早鳥優惠」(見備註7(h)) “Early Bird Benefit” (See Remarks 7(h)) (7) 延長欠妥之處之保養優惠(見備註7(j)) Extended Defect Maintenance Offer (See Remarks 7(j)) (8) 「始終瑜一」80%備用按揭貸款(見備註7(i)) ""IN ONE” 80% Standby Mortgage Loan (See Remarks 7(i))",
2023-03-25,2023-03-31,,第3座(3B) Tower 3(3B),23,C,,13457800,,"價單第2號 Price List No. 2 (1) 付款計劃(C): 「一」心一意建築期備用按揭付款計 劃: (照售價減2%) (見備註7(c)(iii)) Payment Plan (C): “ONE” Heart Standby Mortgage Loan Stage Payment Plan: (2% discount from the Price) (2) 「雙綫滙聚優惠」(見備註7(d)) ""Dual-lines Advantage Discount” (See Remarks 7(d)) (3) 「搶佔先機優惠」(見備註7(e)) “First-mover Discount” (See Remarks 7(e)) (4) 「始終『瑜一』優惠 」(見備註7(f)) “IN ONE Discount” (See Remarks 7(f)) (5) 「印花稅優惠」(見備註7(g)) “Stamp Duty Discount” (See Remarks 7(g)) (6) 「早鳥優惠」(見備註7(h)) “Early Bird Benefit” (See Remarks 7(h)) (7) 延長欠妥之處之保養優惠(見備註7(j)) Extended Defect Maintenance Offer (See Remarks 7(j)) (8) 「始終瑜一」80%備用按揭貸款(見備註7(i)) ""IN ONE” 80% Standby Mortgage Loan (See Remarks 7(i))",
2023-03-25,2023-03-31,,第3座(3B) Tower 3(3B),29,B,,15777700,,"價單第3號 Price List No. 3 (1) 付款計劃(A): 矜貴「瑜一」120天現金優惠付款計 劃: (照售價減5%) (見備註7(c)(i)) Payment Plan (A): Prestige “IN ONE” 120-day Cash Payment Plan: (5% discount from the Price) (See Rem (2) 「雙綫滙聚優惠」(見備註7(d)) ""Dual-lines Advantage Discount” (See Remarks 7(d)) (3) 「搶佔先機優惠」(見備註7(e)) “First-mover Discount” (See Remarks 7(e)) (4) 「始終『瑜一』優惠 」(見備註7(f)) “IN ONE Discount” (See Remarks 7(f)) (5) 「印花稅優惠」(見備註7(g)) “Stamp Duty Discount” (See Remarks 7(g)) (6) 「早鳥優惠」(見備註7(h)) “Early Bird Benefit” (See Remarks 7(h)) (7) 延長欠妥之處之保養優惠(見備註7(j)) Extended Defect Maintenance Offer (See Remarks 7(j))",
2023-03-25,2023-03-31,,第3座(3B) Tower 3(3B),29,E,,9212700,,"價單第2號 Price List No. 2 (1) 付款計劃(C): 「一」心一意建築期備用按揭付款計 劃: (照售價減2%) (見備註7(c)(iii)) Payment Plan (C): “ONE” Heart Standby Mortgage Loan Stage Payment Plan: (2% discount from the Price) (2) 「雙綫滙聚優惠」(見備註7(d)) ""Dual-lines Advantage Discount” (See Remarks 7(d)) (3) 「搶佔先機優惠」(見備註7(e)) “First-mover Discount” (See Remarks 7(e)) (4) 「始終『瑜一』優惠 」(見備註7(f)) “IN ONE Discount” (See Remarks 7(f)) (5) 「印花稅優惠」(見備註7(g)) “Stamp Duty Discount” (See Remarks 7(g)) (6) 「早鳥優惠」(見備註7(h)) “Early Bird Benefit” (See Remarks 7(h)) (7) 延長欠妥之處之保養優惠(見備註7(j)) Extended Defect Maintenance Offer (See Remarks 7(j)) (8) 「始終瑜一」80%備用按揭貸款(見備註7(i)) ""IN ONE” 80% Standby Mortgage Loan (See Remarks 7(i))",
2023-03-25,2023-03-31,,第3座(3B) Tower 3(3B),26,C,,13797500,,"價單第2號 Price List No. 2 (1) 付款計劃(C): 「一」心一意建築期備用按揭付款計 劃: (照售價減2%) (見備註7(c)(iii)) Payment Plan (C): “ONE” Heart Standby Mortgage Loan Stage Payment Plan: (2% discount from the Price) (2) 「雙綫滙聚優惠」(見備註7(d)) ""Dual-lines Advantage Discount” (See Remarks 7(d)) (3) 「搶佔先機優惠」(見備註7(e)) “First-mover Discount” (See Remarks 7(e)) (4) 「始終『瑜一』優惠 」(見備註7(f)) “IN ONE Discount” (See Remarks 7(f)) (5) 「印花稅優惠」(見備註7(g)) “Stamp Duty Discount” (See Remarks 7(g)) (6) 「早鳥優惠」(見備註7(h)) “Early Bird Benefit” (See Remarks 7(h)) (7) 延長欠妥之處之保養優惠(見備註7(j)) Extended Defect Maintenance Offer (See Remarks 7(j)) (8) 「始終瑜一」80%備用按揭貸款(見備註7(i)) ""IN ONE” 80% Standby Mortgage Loan (See Remarks 7(i))",
2023-03-25,2023-03-31,2025-04-30,第3座(3B) Tower 3(3B),25,B,,13853800,,"價單第3號 Price List No. 3 (1) 付款計劃(C): 「一」心一意建築期備用按揭付款計 劃: (照售價減2%) (見備註7(c)(iii)) Payment Plan (C): “ONE” Heart Standby Mortgage Loan Stage Payment Plan: (2% discount from the Price) (2) 「雙綫滙聚優惠」(見備註7(d)) ""Dual-lines Advantage Discount” (See Remarks 7(d)) (3) 「搶佔先機優惠」(見備註7(e)) “First-mover Discount” (See Remarks 7(e)) (4) 「始終『瑜一』優惠 」(見備註7(f)) “IN ONE Discount” (See Remarks 7(f)) (5) 「印花稅優惠」(見備註7(g)) “Stamp Duty Discount” (See Remarks 7(g)) (6) 「早鳥優惠」(見備註7(h)) “Early Bird Benefit” (See Remarks 7(h)) (7) 延長欠妥之處之保養優惠(見備註7(j)) Extended Defect Maintenance Offer (See Remarks 7(j)) (8) 「始終瑜一」80%備用按揭貸款(見備註7(i)) ""IN ONE” 80% Standby Mortgage Loan (See Remarks 7(i))",
2023-03-25,2023-03-31,,第3座(3B) Tower 3(3B),28,C,,13729200,,"價單第3號 Price List No. 3 (1) 付款計劃(A): 矜貴「瑜一」120天現金優惠付款計 劃: (照售價減5%) (見備註7(c)(i)) Payment Plan (A): Prestige “IN ONE” 120-day Cash Payment Plan: (5% discount from the Price) (See Rem (2) 「雙綫滙聚優惠」(見備註7(d)) ""Dual-lines Advantage Discount” (See Remarks 7(d)) (3) 「搶佔先機優惠」(見備註7(e)) “First-mover Discount” (See Remarks 7(e)) (4) 「始終『瑜一』優惠 」(見備註7(f)) “IN ONE Discount” (See Remarks 7(f)) (5) 「印花稅優惠」(見備註7(g)) “Stamp Duty Discount” (See Remarks 7(g)) (6) 「早鳥優惠」(見備註7(h)) “Early Bird Benefit” (See Remarks 7(h)) (7) 延長欠妥之處之保養優惠(見備註7(j)) Extended Defect Maintenance Offer (See Remarks 7(j))",
2023-03-25,,,第3座(3B) Tower 3(3B),20,B,,13042400,,"價單第3號 Price List No. 3 (1) 付款計劃(B):「瑜」理所願360天現金優惠付款計 劃: (照售價減3.5%) (見備註7(c)(ii)) Payment Plan (B): “IN” Your Wish 360-day Cash Payment Plan: (3.5% discount from the Price) (See Rema (2) 「雙綫滙聚優惠」(見備註7(d)) ""Dual-lines Advantage Discount” (See Remarks 7(d)) (3) 「搶佔先機優惠」(見備註7(e)) “First-mover Discount” (See Remarks 7(e)) (4) 「始終『瑜一』優惠 」(見備註7(f)) “IN ONE Discount” (See Remarks 7(f)) (5) 「印花稅優惠」(見備註7(g)) “Stamp Duty Discount” (See Remarks 7(g)) (6) 「早鳥優惠」(見備註7(h)) “Early Bird Benefit” (See Remarks 7(h)) (7) 延長欠妥之處之保養優惠(見備註7(j)) Extended Defect Maintenance Offer (See Remarks 7(j))",
2023-03-25,2023-03-31,,第3座(3B) Tower 3(3B),28,B,,14240400,,"價單第3號 Price List No. 3 (1) 付款計劃(B):「瑜」理所願360天現金優惠付款計 劃: (照售價減3.5%) (見備註7(c)(ii)) Payment Plan (B): “IN” Your Wish 360-day Cash Payment Plan: (3.5% discount from the Price) (See Rema (2) 「雙綫滙聚優惠」(見備註7(d)) ""Dual-lines Advantage Discount” (See Remarks 7(d)) (3) 「搶佔先機優惠」(見備註7(e)) “First-mover Discount” (See Remarks 7(e)) (4) 「始終『瑜一』優惠 」(見備註7(f)) “IN ONE Discount” (See Remarks 7(f)) (5) 「印花稅優惠」(見備註7(g)) “Stamp Duty Discount” (See Remarks 7(g)) (6) 「早鳥優惠」(見備註7(h)) “Early Bird Benefit” (See Remarks 7(h)) (7) 延長欠妥之處之保養優惠(見備註7(j)) Extended Defect Maintenance Offer (See Remarks 7(j))",
2023-03-25,2023-03-31,,第3座(3A) Tower 3(3A),1,B,,16098700,,"價單第3號 Price List No. 3 (1) 付款計劃(C): 「一」心一意建築期備用按揭付款計 劃: (照售價減2%) (見備註7(c)(iii)) Payment Plan (C): “ONE” Heart Standby Mortgage Loan Stage Payment Plan: (2% discount from the Price) (2) 「雙綫滙聚優惠」(見備註7(d)) ""Dual-lines Advantage Discount” (See Remarks 7(d)) (3) 「搶佔先機優惠」(見備註7(e)) “First-mover Discount” (See Remarks 7(e)) (4) 「始終『瑜一』優惠 」(見備註7(f)) “IN ONE Discount” (See Remarks 7(f)) (5) 「印花稅優惠」(見備註7(g)) “Stamp Duty Discount” (See Remarks 7(g)) (6) 「早鳥優惠」(見備註7(h)) “Early Bird Benefit” (See Remarks 7(h)) (7) 延長欠妥之處之保養優惠(見備註7(j)) Extended Defect Maintenance Offer (See Remarks 7(j)) (8) 「始終瑜一」80%備用按揭貸款(見備註7(i)) ""IN ONE” 80% Standby Mortgage Loan (See Remarks 7(i))",
2023-03-25,2023-03-31,,第3座(3B) Tower 3(3B),3,C,,11964400,,"價單第2號 Price List No. 2 (1) 付款計劃(C): 「一」心一意建築期備用按揭付款計 劃: (照售價減2%) (見備註7(c)(iii)) Payment Plan (C): “ONE” Heart Standby Mortgage Loan Stage Payment Plan: (2% discount from the Price) (2) 「雙綫滙聚優惠」(見備註7(d)) ""Dual-lines Advantage Discount” (See Remarks 7(d)) (3) 「搶佔先機優惠」(見備註7(e)) “First-mover Discount” (See Remarks 7(e)) (4) 「始終『瑜一』優惠 」(見備註7(f)) “IN ONE Discount” (See Remarks 7(f)) (5) 「印花稅優惠」(見備註7(g)) “Stamp Duty Discount” (See Remarks 7(g)) (6) 「早鳥優惠」(見備註7(h)) “Early Bird Benefit” (See Remarks 7(h)) (7) 延長欠妥之處之保養優惠(見備註7(j)) Extended Defect Maintenance Offer (See Remarks 7(j)) (8) 「始終瑜一」80%備用按揭貸款(見備註7(i)) ""IN ONE” 80% Standby Mortgage Loan (See Remarks 7(i))",
2023-03-25,2023-03-31,,第3座(3A) Tower 3(3A),20,B,,16337800,,"價單第3號 Price List No. 3 (1) 付款計劃(A): 矜貴「瑜一」120天現金優惠付款計 劃: (照售價減5%) (見備註7(c)(i)) Payment Plan (A): Prestige “IN ONE” 120-day Cash Payment Plan: (5% discount from the Price) (See Rem (2) 「雙綫滙聚優惠」(見備註7(d)) ""Dual-lines Advantage Discount” (See Remarks 7(d)) (3) 「搶佔先機優惠」(見備註7(e)) “First-mover Discount” (See Remarks 7(e)) (4) 「始終『瑜一』優惠 」(見備註7(f)) “IN ONE Discount” (See Remarks 7(f)) (5) 「印花稅優惠」(見備註7(g)) “Stamp Duty Discount” (See Remarks 7(g)) (6) 「早鳥優惠」(見備註7(h)) “Early Bird Benefit” (See Remarks 7(h)) (7) 延長欠妥之處之保養優惠(見備註7(j)) Extended Defect Maintenance Offer (See Remarks 7(j))",
2023-03-25,2023-03-31,,第3座(3B) Tower 3(3B),29,D,,15860200,,"價單第3號 Price List No. 3 (1) 付款計劃(C): 「一」心一意建築期備用按揭付款計 劃: (照售價減2%) (見備註7(c)(iii)) Payment Plan (C): “ONE” Heart Standby Mortgage Loan Stage Payment Plan: (2% discount from the Price) (2) 「雙綫滙聚優惠」(見備註7(d)) ""Dual-lines Advantage Discount” (See Remarks 7(d)) (3) 「搶佔先機優惠」(見備註7(e)) “First-mover Discount” (See Remarks 7(e)) (4) 「始終『瑜一』優惠 」(見備註7(f)) “IN ONE Discount” (See Remarks 7(f)) (5) 「印花稅優惠」(見備註7(g)) “Stamp Duty Discount” (See Remarks 7(g)) (6) 「早鳥優惠」(見備註7(h)) “Early Bird Benefit” (See Remarks 7(h)) (7) 延長欠妥之處之保養優惠(見備註7(j)) Extended Defect Maintenance Offer (See Remarks 7(j)) (8) 「始終瑜一」80%備用按揭貸款(見備註7(i)) ""IN ONE” 80% Standby Mortgage Loan (See Remarks 7(i))",
2023-03-25,2023-03-31,,第3座(3B) Tower 3(3B),27,D,,13618000,,"價單第2號 Price List No. 2 (1) 付款計劃(C): 「一」心一意建築期備用按揭付款計 劃: (照售價減2%) (見備註7(c)(iii)) Payment Plan (C): “ONE” Heart Standby Mortgage Loan Stage Payment Plan: (2% discount from the Price) (2) 「雙綫滙聚優惠」(見備註7(d)) ""Dual-lines Advantage Discount” (See Remarks 7(d)) (3) 「搶佔先機優惠」(見備註7(e)) “First-mover Discount” (See Remarks 7(e)) (4) 「始終『瑜一』優惠 」(見備註7(f)) “IN ONE Discount” (See Remarks 7(f)) (5) 「印花稅優惠」(見備註7(g)) “Stamp Duty Discount” (See Remarks 7(g)) (6) 「早鳥優惠」(見備註7(h)) “Early Bird Benefit” (See Remarks 7(h)) (7) 延長欠妥之處之保養優惠(見備註7(j)) Extended Defect Maintenance Offer (See Remarks 7(j)) (8) 「始終瑜一」80%備用按揭貸款(見備註7(i)) ""IN ONE” 80% Standby Mortgage Loan (See Remarks 7(i))",
2023-03-25,2023-03-31,,第3座(3B) Tower 3(3B),6,B,,12314700,,"價單第3號 Price List No. 3 (1) 付款計劃(C): 「一」心一意建築期備用按揭付款計 劃: (照售價減2%) (見備註7(c)(iii)) Payment Plan (C): “ONE” Heart Standby Mortgage Loan Stage Payment Plan: (2% discount from the Price) (2) 「雙綫滙聚優惠」(見備註7(d)) ""Dual-lines Advantage Discount” (See Remarks 7(d)) (3) 「搶佔先機優惠」(見備註7(e)) “First-mover Discount” (See Remarks 7(e)) (4) 「始終『瑜一』優惠 」(見備註7(f)) “IN ONE Discount” (See Remarks 7(f)) (5) 「印花稅優惠」(見備註7(g)) “Stamp Duty Discount” (See Remarks 7(g)) (6) 「早鳥優惠」(見備註7(h)) “Early Bird Benefit” (See Remarks 7(h)) (7) 延長欠妥之處之保養優惠(見備註7(j)) Extended Defect Maintenance Offer (See Remarks 7(j)) (8) 「始終瑜一」80%備用按揭貸款(見備註7(i)) ""IN ONE” 80% Standby Mortgage Loan (See Remarks 7(i))",
2023-03-25,2023-03-31,,第3座(3B) Tower 3(3B),27,B,,14272700,,"價單第3號 Price List No. 3 (1) 付款計劃(C): 「一」心一意建築期備用按揭付款計 劃: (照售價減2%) (見備註7(c)(iii)) Payment Plan (C): “ONE” Heart Standby Mortgage Loan Stage Payment Plan: (2% discount from the Price) (2) 「雙綫滙聚優惠」(見備註7(d)) ""Dual-lines Advantage Discount” (See Remarks 7(d)) (3) 「搶佔先機優惠」(見備註7(e)) “First-mover Discount” (See Remarks 7(e)) (4) 「始終『瑜一』優惠 」(見備註7(f)) “IN ONE Discount” (See Remarks 7(f)) (5) 「印花稅優惠」(見備註7(g)) “Stamp Duty Discount” (See Remarks 7(g)) (6) 「早鳥優惠」(見備註7(h)) “Early Bird Benefit” (See Remarks 7(h)) (7) 延長欠妥之處之保養優惠(見備註7(j)) Extended Defect Maintenance Offer (See Remarks 7(j)) (8) 「始終瑜一」80%備用按揭貸款(見備註7(i)) ""IN ONE” 80% Standby Mortgage Loan (See Remarks 7(i))",
2023-03-25,2023-03-31,,第3座(3B) Tower 3(3B),26,B,,14062400,,"價單第3號 Price List No. 3 (1) 付款計劃(C): 「一」心一意建築期備用按揭付款計 劃: (照售價減2%) (見備註7(c)(iii)) Payment Plan (C): “ONE” Heart Standby Mortgage Loan Stage Payment Plan: (2% discount from the Price) (2) 「雙綫滙聚優惠」(見備註7(d)) ""Dual-lines Advantage Discount” (See Remarks 7(d)) (3) 「搶佔先機優惠」(見備註7(e)) “First-mover Discount” (See Remarks 7(e)) (4) 「始終『瑜一』優惠 」(見備註7(f)) “IN ONE Discount” (See Remarks 7(f)) (5) 「印花稅優惠」(見備註7(g)) “Stamp Duty Discount” (See Remarks 7(g)) (6) 「早鳥優惠」(見備註7(h)) “Early Bird Benefit” (See Remarks 7(h)) (7) 延長欠妥之處之保養優惠(見備註7(j)) Extended Defect Maintenance Offer (See Remarks 7(j)) (8) 「始終瑜一」80%備用按揭貸款(見備註7(i)) ""IN ONE” 80% Standby Mortgage Loan (See Remarks 7(i))",
2023-03-25,2023-03-31,,第3座(3B) Tower 3(3B),23,B,,13249800,,"價單第3號 Price List No. 3 (1) 付款計劃(A): 矜貴「瑜一」120天現金優惠付款計 劃: (照售價減5%) (見備註7(c)(i)) Payment Plan (A): Prestige “IN ONE” 120-day Cash Payment Plan: (5% discount from the Price) (See Rem (2) 「雙綫滙聚優惠」(見備註7(d)) ""Dual-lines Advantage Discount” (See Remarks 7(d)) (3) 「搶佔先機優惠」(見備註7(e)) “First-mover Discount” (See Remarks 7(e)) (4) 「始終『瑜一』優惠 」(見備註7(f)) “IN ONE Discount” (See Remarks 7(f)) (5) 「印花稅優惠」(見備註7(g)) “Stamp Duty Discount” (See Remarks 7(g)) (6) 「早鳥優惠」(見備註7(h)) “Early Bird Benefit” (See Remarks 7(h)) (7) 延長欠妥之處之保養優惠(見備註7(j)) Extended Defect Maintenance Offer (See Remarks 7(j))",
2023-03-25,2023-03-30,,第3座(3B) Tower 3(3B),19,D,,12120100,,"價單第1號 Price List No. 1 (1) 付款計劃(A): 矜貴「瑜一」120天現金優惠付款計 劃: (照售價減5%) (見備註7(c)(i)) Payment Plan (A): Prestige “IN ONE” 120-day Cash Payment Plan: (5% discount from the Price) (See Rem (2) 「雙綫滙聚優惠」(見備註7(d)) ""Dual-lines Advantage Discount” (See Remarks 7(d)) (3) 「搶佔先機優惠」(見備註7(e)) “First-mover Discount” (See Remarks 7(e)) (4) 「始終『瑜一』優惠 」(見備註7(f)) “IN ONE Discount” (See Remarks 7(f)) (5) 「印花稅優惠」(見備註7(g)) “Stamp Duty Discount” (See Remarks 7(g)) (6) 「早鳥優惠」(見備註7(h)) “Early Bird Benefit” (See Remarks 7(h)) (7) 延長欠妥之處之保養優惠(見備註7(j)) Extended Defect Maintenance Offer (See Remarks 7(j))",
2023-03-25,2023-03-31,,第3座(3B) Tower 3(3B),29,C,,16252700,,"價單第3號 Price List No. 3 (1) 付款計劃(C): 「一」心一意建築期備用按揭付款計 劃: (照售價減2%) (見備註7(c)(iii)) Payment Plan (C): “ONE” Heart Standby Mortgage Loan Stage Payment Plan: (2% discount from the Price) (See Remarks 7(c)(iii)) (2) 「雙綫滙聚優惠」(見備註7(d)) ""Dual-lines Advantage Discount” (See Remarks 7(d)) (3) 「搶佔先機優惠」(見備註7(e)) “First-mover Discount” (See Remarks 7(e)) (4) 「始終『瑜一』優惠 」(見備註7(f)) “IN ONE Discount” (See Remarks 7(f)) (5) 「印花稅優惠」(見備註7(g)) “Stamp Duty Discount” (See Remarks 7(g)) (6) 「早鳥優惠」(見備註7(h)) “Early Bird Benefit” (See Remarks 7(h)) (7) 延長欠妥之處之保養優惠(見備註7(j)) Extended Defect Maintenance Offer (See Remarks 7(j)) (8) 「始終瑜一」80%備用按揭貸款(見備註7(i)) ""IN ONE” 80% Standby Mortgage Loan (See Remarks 7(i))",
2023-03-25,2023-03-31,,第3座(3B) Tower 3(3B),22,A,,14653100,,"價單第3號 Price List No. 3 (1) 付款計劃(A): 矜貴「瑜一」120天現金優惠付款計 劃: (照售價減5%) (見備註7(c)(i)) Payment Plan (A): Prestige “IN ONE” 120-day Cash Payment Plan: (5% discount from the Price) (See Remarks 7(c)(i)) (2) 「雙綫滙聚優惠」(見備註7(d)) ""Dual-lines Advantage Discount” (See Remarks 7(d)) (3) 「搶佔先機優惠」(見備註7(e)) “First-mover Discount” (See Remarks 7(e)) (4) 「始終『瑜一』優惠 」(見備註7(f)) “IN ONE Discount” (See Remarks 7(f)) (5) 「印花稅優惠」(見備註7(g)) “Stamp Duty Discount” (See Remarks 7(g)) (6) 「早鳥優惠」(見備註7(h)) “Early Bird Benefit” (See Remarks 7(h)) (7) 延長欠妥之處之保養優惠(見備註7(j)) Extended Defect Maintenance Offer (See Remarks 7(j))",
2023-03-27,2023-04-03,,第3座(3A) Tower 3(3A),29,B,,51800000,,招標文件第 2號 Tender Document No. 2 (1) 支付條款C (見備註7(c)(vi)) Term of Payment C (See Remark 7(c)(vi)) (2) 延長欠妥之處之保養優惠(見備註7(j)) Extended Defect Maintenance Offer (See Remarks 7(j)) (3) 住宅停車位認購權(見備註7(k)) Option to purchase a Residential Car Parking Space (See Remarks 7(k)),
2023-04-10,2023-04-17,,第3座(3B) Tower 3(3B),27,C,,14003400,,"價單第2號 Price List No. 2 (1) 付款計劃(C): 「一」心一意建築期備用按揭付款計 劃: (照售價減2%) (見備註7(c)(iii)) Payment Plan (C): “ONE” Heart Standby Mortgage Loan Stage Payment Plan: (2% discount from the Price) (See Remarks 7(c)(iii)) (2) 「雙綫滙聚優惠」(見備註7(d)) ""Dual-lines Advantage Discount” (See Remarks 7(d)) (3) 「搶佔先機優惠」(見備註7(e)) “First-mover Discount” (See Remarks 7(e)) (4) 「始終『瑜一』優惠 」(見備註7(f)) “IN ONE Discount” (See Remarks 7(f)) (5) 「印花稅優惠」(見備註7(g)) “Stamp Duty Discount” (See Remarks 7(g)) (6) 「早鳥優惠」(見備註7(h)) “Early Bird Benefit” (See Remarks 7(h)) (7) 延長欠妥之處之保養優惠(見備註7(j)) Extended Defect Maintenance Offer (See Remarks 7(j)) (8) 「始終瑜一」80%備用按揭貸款(見備註7(i)) ""IN ONE” 80% Standby Mortgage Loan (See Remarks 7(i))",
2023-04-10,2023-04-17,,第3座(3B) Tower 3(3B),20,B,,13268600,,"價單第3號 Price List No. 3 (1) 付款計劃(C): 「一」心一意建築期備用按揭付款計 劃: (照售價減2%) (見備註7(c)(iii)) Payment Plan (C): “ONE” Heart Standby Mortgage Loan Stage Payment Plan: (2% discount from the Price) (See Remarks 7(c)(iii)) (2) 「雙綫滙聚優惠」(見備註7(d)) ""Dual-lines Advantage Discount” (See Remarks 7(d)) (3) 「搶佔先機優惠」(見備註7(e)) “First-mover Discount” (See Remarks 7(e)) (4) 「始終『瑜一』優惠 」(見備註7(f)) “IN ONE Discount” (See Remarks 7(f)) (5) 「印花稅優惠」(見備註7(g)) “Stamp Duty Discount” (See Remarks 7(g)) (6) 「早鳥優惠」(見備註7(h)) “Early Bird Benefit” (See Remarks 7(h)) (7) 延長欠妥之處之保養優惠(見備註7(j)) Extended Defect Maintenance Offer (See Remarks 7(j)) (8) 「始終瑜一」80%備用按揭貸款(見備註7(i)) ""IN ONE” 80% Standby Mortgage Loan (See Remarks 7(i))",
2025-06-03,2025-06-10,,第3座(3A) Tower 3(3A),17,B,,14799300,,價單第2A號 Price List No. 2A (1) 付款計劃(A): 如「瑜」得水120天現金優惠付款計 劃: (照售價減5%) (見備註7(c)(xiii)) Payment Plan (A): 120-day Cash Payment Plan: (5% discount from the Price) (See Remarks 7(c)(xiii)) (2) 「星級現樓置業優惠」(見備註7(l)) “Elite Property Discount” (See Remarks 7(l)) (3) 「始終『瑜一』優惠 」(見備註7(f)) “IN ONE Discount” (See Remarks 7(f)) (4) 「印花稅優惠」(見備註7(g)) “Stamp Duty Discount” (See Remarks 7(g)) (5) 延長欠妥之處之保養優惠(見備註7(j1)) Extended Defect Maintenance Offer (See Remarks 7(j1)) (6) 「『尊屬升降機』便捷優惠」(見備註7(m)) “Exclusive Lift Discount” (See Remarks 7(m)),
2025-06-03,2025-06-10,,第3座(3A) Tower 3(3A),18,B,,14948100,,價單第2A號 Price List No. 2A (1) 付款計劃(A): 如「瑜」得水120天現金優惠付款計 劃: (照售價減5%) (見備註7(c)(xiii)) Payment Plan (A): 120-day Cash Payment Plan: (5% discount from the Price) (See Remarks 7(c)(xiii)) (2) 「星級現樓置業優惠」(見備註7(l)) “Elite Property Discount” (See Remarks 7(l)) (3) 「始終『瑜一』優惠 」(見備註7(f)) “IN ONE Discount” (See Remarks 7(f)) (4) 「印花稅優惠」(見備註7(g)) “Stamp Duty Discount” (See Remarks 7(g)) (5) 延長欠妥之處之保養優惠(見備註7(j1)) Extended Defect Maintenance Offer (See Remarks 7(j1)) (6) 「『尊屬升降機』便捷優惠」(見備註7(m)) “Exclusive Lift Discount” (See Remarks 7(m)),
2025-06-03,2025-06-10,,第3座(3B) Tower 3(3B),8,A,,12245100,,價單第1A號 Price List No. 1A (1) 付款計劃(A): 如「瑜」得水120天現金優惠付款計 劃: (照售價減5%) (見備註7(c)(xiii)) Payment Plan (A): 120-day Cash Payment Plan: (5% discount from the Price) (See Remarks 7(c)(xiii)) (2) 「星級現樓置業優惠」(見備註7(l)) “Elite Property Discount” (See Remarks 7(l)) (3) 「始終『瑜一』優惠 」(見備註7(f)) “IN ONE Discount” (See Remarks 7(f)) (4) 「印花稅優惠」(見備註7(g)) “Stamp Duty Discount” (See Remarks 7(g)) (5) 延長欠妥之處之保養優惠(見備註7(j1)) Extended Defect Maintenance Offer (See Remarks 7(j1)) (6) 「『尊屬升降機』便捷優惠」(見備註7(m)) “Exclusive Lift Discount” (See Remarks 7(m)),
2025-06-03,2025-06-10,,第3座(3B) Tower 3(3B),16,A,,13089100,,價單第2A號 Price List No. 2A (1) 付款計劃(A): 如「瑜」得水120天現金優惠付款計 劃: (照售價減5%) (見備註7(c)(xiii)) Payment Plan (A): 120-day Cash Payment Plan: (5% discount from the Price) (See Remarks 7(c)(xiii)) (2) 「星級現樓置業優惠」(見備註7(l)) “Elite Property Discount” (See Remarks 7(l)) (3) 「始終『瑜一』優惠 」(見備註7(f)) “IN ONE Discount” (See Remarks 7(f)) (4) 「印花稅優惠」(見備註7(g)) “Stamp Duty Discount” (See Remarks 7(g)) (5) 延長欠妥之處之保養優惠(見備註7(j1)) Extended Defect Maintenance Offer (See Remarks 7(j1)) (6) 「『尊屬升降機』便捷優惠」(見備註7(m)) “Exclusive Lift Discount” (See Remarks 7(m)),
2025-06-03,2025-06-10,,第3座(3B) Tower 3(3B),19,C,,11853200,,價單第2A號 Price List No. 2A (1) 付款計劃(A): 如「瑜」得水120天現金優惠付款計 劃: (照售價減5%) (見備註7(c)(xiii)) Payment Plan (A): 120-day Cash Payment Plan: (5% discount from the Price) (See Remarks 7(c)(xiii)) (2) 「星級現樓置業優惠」(見備註7(l)) “Elite Property Discount” (See Remarks 7(l)) (3) 「始終『瑜一』優惠 」(見備註7(f)) “IN ONE Discount” (See Remarks 7(f)) (4) 「印花稅優惠」(見備註7(g)) “Stamp Duty Discount” (See Remarks 7(g)) (5) 延長欠妥之處之保養優惠(見備註7(j1)) Extended Defect Maintenance Offer (See Remarks 7(j1)) (6) 「『尊屬升降機』便捷優惠」(見備註7(m)) “Exclusive Lift Discount” (See Remarks 7(m)),
2025-06-03,2025-06-10,,第3座(3B) Tower 3(3B),3,A,,11945000,,價單第1A號 Price List No. 1A (1) 付款計劃(A): 如「瑜」得水120天現金優惠付款計 劃: (照售價減5%) (見備註7(c)(xiii)) Payment Plan (A): 120-day Cash Payment Plan: (5% discount from the Price) (See Remarks 7(c)(xiii)) (2) 「星級現樓置業優惠」(見備註7(l)) “Elite Property Discount” (See Remarks 7(l)) (3) 「始終『瑜一』優惠 」(見備註7(f)) “IN ONE Discount” (See Remarks 7(f)) (4) 「印花稅優惠」(見備註7(g)) “Stamp Duty Discount” (See Remarks 7(g)) (5) 延長欠妥之處之保養優惠(見備註7(j1)) Extended Defect Maintenance Offer (See Remarks 7(j1)) (6) 「『尊屬升降機』便捷優惠」(見備註7(m)) “Exclusive Lift Discount” (See Remarks 7(m)),
2025-06-08,2025-06-13,,第3座(3B) Tower 3(3B),6,C,,10914800,,價單第2A號 Price List No. 2A (1) 付款計劃(A): 如「瑜」得水120天現金優惠付款計 劃: (照售價減5%) (見備註7(c)(xiii)) Payment Plan (A): 120-day Cash Payment Plan: (5% discount from the Price) (See Remarks 7(c)(xiii)) (2) 「星級現樓置業優惠」(見備註7(l)) “Elite Property Discount” (See Remarks 7(l)) (3) 「始終『瑜一』優惠 」(見備註7(f)) “IN ONE Discount” (See Remarks 7(f)) (4) 「印花稅優惠」(見備註7(g)) “Stamp Duty Discount” (See Remarks 7(g)) (5) 延長欠妥之處之保養優惠(見備註7(j1)) Extended Defect Maintenance Offer (See Remarks 7(j1)) (6) 「『尊屬升降機』便捷優惠」(見備註7(m)) “Exclusive Lift Discount” (See Remarks 7(m)),
2025-06-10,2025-06-17,,第3座(3B) Tower 3(3B),16,C,,11492800,,價單第2A號 Price List No. 2A (1) 付款計劃(A): 如「瑜」得水120天現金優惠付款計 劃: (照售價減5%) (見備註7(c)(xiii)) Payment Plan (A): 120-day Cash Payment Plan: (5% discount from the Price) (See Remarks 7(c)(xiii)) (2) 「星級現樓置業優惠」(見備註7(l)) “Elite Property Discount” (See Remarks 7(l)) (3) 「始終『瑜一』優惠 」(見備註7(f)) “IN ONE Discount” (See Remarks 7(f)) (4) 「印花稅優惠」(見備註7(g)) “Stamp Duty Discount” (See Remarks 7(g)) (5) 延長欠妥之處之保養優惠(見備註7(j1)) Extended Defect Maintenance Offer (See Remarks 7(j1)) (6) 「『尊屬升降機』便捷優惠」(見備註7(m)) “Exclusive Lift Discount” (See Remarks 7(m)),
2025-06-15,2025-06-20,,第3座(3B) Tower 3(3B),1,D,,11979900,,價單第3A號 Price List No. 3A (1) 付款計劃(A): 如「瑜」得水120天現金優惠付款計 劃: (照售價減5%) (見備註7(c)(xiii)) Payment Plan (A): 120-day Cash Payment Plan: (5% discount from the Price) (See Remarks 7(c)(xiii)) (2) 「星級現樓置業優惠」(見備註7(l)) “Elite Property Discount” (See Remarks 7(l)) (3) 「始終『瑜一』優惠 」(見備註7(f)) “IN ONE Discount” (See Remarks 7(f)) (4) 「印花稅優惠」(見備註7(g)) “Stamp Duty Discount” (See Remarks 7(g)) (5) 延長欠妥之處之保養優惠(見備註7(j1)) Extended Defect Maintenance Offer (See Remarks 7(j1)) (6) 「『尊屬升降機』便捷優惠」(見備註7(m)) “Exclusive Lift Discount” (See Remarks 7(m)),
2025-06-15,2025-06-20,,第3座(3B) Tower 3(3B),6,A,,12064000,,價單第1B號 Price List No. 1B (1) 付款計劃(A): 如「瑜」得水120天現金優惠付款計 劃: (照售價減5%) (見備註7(c)(xiii)) Payment Plan (A): 120-day Cash Payment Plan: (5% discount from the Price) (See Remarks 7(c)(xiii)) (2) 「星級現樓置業優惠」(見備註7(l)) “Elite Property Discount” (See Remarks 7(l)) (3) 「始終『瑜一』優惠 」(見備註7(f)) “IN ONE Discount” (See Remarks 7(f)) (4) 「印花稅優惠」(見備註7(g)) “Stamp Duty Discount” (See Remarks 7(g)) (5) 延長欠妥之處之保養優惠(見備註7(j1)) Extended Defect Maintenance Offer (See Remarks 7(j1)) (6) 「『尊屬升降機』便捷優惠」(見備註7(m)) “Exclusive Lift Discount” (See Remarks 7(m)),
2025-06-15,2025-06-20,,第3座(3B) Tower 3(3B),25,A,,14050500,,價單第3A號 Price List No. 3A (1) 付款計劃(A): 如「瑜」得水120天現金優惠付款計 劃: (照售價減5%) (見備註7(c)(xiii)) Payment Plan (A): 120-day Cash Payment Plan: (5% discount from the Price) (See Remarks 7(c)(xiii)) (2) 「星級現樓置業優惠」(見備註7(l)) “Elite Property Discount” (See Remarks 7(l)) (3) 「始終『瑜一』優惠 」(見備註7(f)) “IN ONE Discount” (See Remarks 7(f)) (4) 「印花稅優惠」(見備註7(g)) “Stamp Duty Discount” (See Remarks 7(g)) (5) 延長欠妥之處之保養優惠(見備註7(j1)) Extended Defect Maintenance Offer (See Remarks 7(j1)) (6) 「『尊屬升降機』便捷優惠」(見備註7(m)) “Exclusive Lift Discount” (See Remarks 7(m)),
2025-06-16,2025-06-23,,第3座(3A) Tower 3(3A),11,B,,14336900,,價單第1B號 Price List No. 1B (1) 付款計劃(A): 如「瑜」得水120天現金優惠付款計 劃: (照售價減5%) (見備註7(c)(xiii)) Payment Plan (A): 120-day Cash Payment Plan: (5% discount from the Price) (See Remarks 7(c)(xiii)) (2) 「星級現樓置業優惠」(見備註7(l)) “Elite Property Discount” (See Remarks 7(l)) (3) 「始終『瑜一』優惠 」(見備註7(f)) “IN ONE Discount” (See Remarks 7(f)) (4) 「印花稅優惠」(見備註7(g)) “Stamp Duty Discount” (See Remarks 7(g)) (5) 延長欠妥之處之保養優惠(見備註7(j1)) Extended Defect Maintenance Offer (See Remarks 7(j1)) (6) 「『尊屬升降機』便捷優惠」(見備註7(m)) “Exclusive Lift Discount” (See Remarks 7(m)),
2025-06-16,2025-06-23,,第3座(3A) Tower 3(3A),8,B,,13662000,,價單第2A號 Price List No. 2A (1) 付款計劃(A): 如「瑜」得水120天現金優惠付款計 劃: (照售價減5%) (見備註7(c)(xiii)) Payment Plan (A): 120-day Cash Payment Plan: (5% discount from the Price) (See Remarks 7(c)(xiii)) (2) 「星級現樓置業優惠」(見備註7(l)) “Elite Property Discount” (See Remarks 7(l)) (3) 「始終『瑜一』優惠 」(見備註7(f)) “IN ONE Discount” (See Remarks 7(f)) (4) 「印花稅優惠」(見備註7(g)) “Stamp Duty Discount” (See Remarks 7(g)) (5) 延長欠妥之處之保養優惠(見備註7(j1)) Extended Defect Maintenance Offer (See Remarks 7(j1)) (6) 「『尊屬升降機』便捷優惠」(見備註7(m)) “Exclusive Lift Discount” (See Remarks 7(m)),
2025-06-16,2025-06-23,,第3座(3B) Tower 3(3B),11,C,,11166400,,價單第2A號 Price List No. 2A (1) 付款計劃(A): 如「瑜」得水120天現金優惠付款計 劃: (照售價減5%) (見備註7(c)(xiii)) Payment Plan (A): 120-day Cash Payment Plan: (5% discount from the Price) (See Remarks 7(c)(xiii)) (2) 「星級現樓置業優惠」(見備註7(l)) “Elite Property Discount” (See Remarks 7(l)) (3) 「始終『瑜一』優惠 」(見備註7(f)) “IN ONE Discount” (See Remarks 7(f)) (4) 「印花稅優惠」(見備註7(g)) “Stamp Duty Discount” (See Remarks 7(g)) (5) 延長欠妥之處之保養優惠(見備註7(j1)) Extended Defect Maintenance Offer (See Remarks 7(j1)) (6) 「『尊屬升降機』便捷優惠」(見備註7(m)) “Exclusive Lift Discount” (See Remarks 7(m)),
2025-06-20,2025-06-27,,第3座(3A) Tower 3(3A),5,B,,12677700,,價單第1B號 Price List No. 1B (1) 付款計劃(A): 如「瑜」得水120天現金優惠付款計 劃: (照售價減5%) (見備註7(c)(xiii)) Payment Plan (A): 120-day Cash Payment Plan: (5% discount from the Price) (See Remarks 7(c)(xiii)) (2) 「星級現樓置業優惠」(見備註7(l)) “Elite Property Discount” (See Remarks 7(l)) (3) 「始終『瑜一』優惠 」(見備註7(f)) “IN ONE Discount” (See Remarks 7(f)) (4) 「印花稅優惠」(見備註7(g)) “Stamp Duty Discount” (See Remarks 7(g)) (5) 延長欠妥之處之保養優惠(見備註7(j1)) Extended Defect Maintenance Offer (See Remarks 7(j1)) (6) 「『尊屬升降機』便捷優惠」(見備註7(m)) “Exclusive Lift Discount” (See Remarks 7(m)),
2025-06-21,2025-06-27,,第3座(3B) Tower 3(3B),20,E,,7817400,,價單第1B號 Price List No. 1B (1) 付款計劃(A): 如「瑜」得水120天現金優惠付款計 劃: (照售價減5%) (見備註7(c)(xiii)) Payment Plan (A): 120-day Cash Payment Plan: (5% discount from the Price) (See Remarks 7(c)(xiii)) (2) 「星級現樓置業優惠」(見備註7(l)) “Elite Property Discount” (See Remarks 7(l)) (3) 「始終『瑜一』優惠 」(見備註7(f)) “IN ONE Discount” (See Remarks 7(f)) (4) 「印花稅優惠」(見備註7(g)) “Stamp Duty Discount” (See Remarks 7(g)) (5) 延長欠妥之處之保養優惠(見備註7(j1)) Extended Defect Maintenance Offer (See Remarks 7(j1)) (6) 「『尊屬升降機』便捷優惠」(見備註7(m)) “Exclusive Lift Discount” (See Remarks 7(m)),
2025-06-21,2025-06-27,,第3座(3B) Tower 3(3B),28,A,,14691400,,價單第3A號 Price List No. 3A (1) 付款計劃(A): 如「瑜」得水120天現金優惠付款計 劃: (照售價減5%) (見備註7(c)(xiii)) Payment Plan (A): 120-day Cash Payment Plan: (5% discount from the Price) (See Remarks 7(c)(xiii)) (2) 「星級現樓置業優惠」(見備註7(l)) “Elite Property Discount” (See Remarks 7(l)) (3) 「始終『瑜一』優惠 」(見備註7(f)) “IN ONE Discount” (See Remarks 7(f)) (4) 「印花稅優惠」(見備註7(g)) “Stamp Duty Discount” (See Remarks 7(g)) (5) 延長欠妥之處之保養優惠(見備註7(j1)) Extended Defect Maintenance Offer (See Remarks 7(j1)) (6) 「『尊屬升降機』便捷優惠」(見備註7(m)) “Exclusive Lift Discount” (See Remarks 7(m)),
2025-06-21,2025-06-27,,第3座(3A) Tower 3(3A),7,B,,13398500,,價單第2A號 Price List No. 2A (1) 付款計劃(A): 如「瑜」得水120天現金優惠付款計 劃: (照售價減5%) (見備註7(c)(xiii)) Payment Plan (A): 120-day Cash Payment Plan: (5% discount from the Price) (See Remarks 7(c)(xiii)) (2) 「星級現樓置業優惠」(見備註7(l)) “Elite Property Discount” (See Remarks 7(l)) (3) 「始終『瑜一』優惠 」(見備註7(f)) “IN ONE Discount” (See Remarks 7(f)) (4) 「印花稅優惠」(見備註7(g)) “Stamp Duty Discount” (See Remarks 7(g)) (5) 延長欠妥之處之保養優惠(見備註7(j1)) Extended Defect Maintenance Offer (See Remarks 7(j1)) (6) 「『尊屬升降機』便捷優惠」(見備註7(m)) “Exclusive Lift Discount” (See Remarks 7(m)),
2025-06-22,2025-06-27,,第3座(3B) Tower 3(3B),19,B,,11698500,,價單第3A號 Price List No. 3A (1) 付款計劃(A): 如「瑜」得水120天現金優惠付款計 劃: (照售價減5%) (見備註7(c)(xiii)) Payment Plan (A): 120-day Cash Payment Plan: (5% discount from the Price) (See Remarks 7(c)(xiii)) (2) 「星級現樓置業優惠」(見備註7(l)) “Elite Property Discount” (See Remarks 7(l)) (3) 「始終『瑜一』優惠 」(見備註7(f)) “IN ONE Discount” (See Remarks 7(f)) (4) 「印花稅優惠」(見備註7(g)) “Stamp Duty Discount” (See Remarks 7(g)) (5) 延長欠妥之處之保養優惠(見備註7(j1)) Extended Defect Maintenance Offer (See Remarks 7(j1)) (6) 「『尊屬升降機』便捷優惠」(見備註7(m)) “Exclusive Lift Discount” (See Remarks 7(m)),
2025-06-26,2025-07-04,,第3座(3B) Tower 3(3B),5,B,,10771200,,價單第3A號 Price List No. 3A (1) 付款計劃(A): 如「瑜」得水120天現金優惠付款計 劃: (照售價減5%) (見備註7(c)(xiii)) Payment Plan (A): 120-day Cash Payment Plan: (5% discount from the Price) (See Remarks 7(c)(xiii)) (2) 「星級現樓置業優惠」(見備註7(l)) “Elite Property Discount” (See Remarks 7(l)) (3) 「始終『瑜一』優惠 」(見備註7(f)) “IN ONE Discount” (See Remarks 7(f)) (4) 「印花稅優惠」(見備註7(g)) “Stamp Duty Discount” (See Remarks 7(g)) (5) 延長欠妥之處之保養優惠(見備註7(j1)) Extended Defect Maintenance Offer (See Remarks 7(j1)) (6) 「『尊屬升降機』便捷優惠」(見備註7(m)) “Exclusive Lift Discount” (See Remarks 7(m)),
2025-06-26,2025-07-04,,第3座(3B) Tower 3(3B),29,A,,15830400,,價單第3A號 Price List No. 3A (1) 付款計劃(A): 如「瑜」得水120天現金優惠付款計 劃: (照售價減5%) (見備註7(c)(xiii)) Payment Plan (A): 120-day Cash Payment Plan: (5% discount from the Price) (See Remarks 7(c)(xiii)) (2) 「星級現樓置業優惠」(見備註7(l)) “Elite Property Discount” (See Remarks 7(l)) (3) 「始終『瑜一』優惠 」(見備註7(f)) “IN ONE Discount” (See Remarks 7(f)) (4) 「印花稅優惠」(見備註7(g)) “Stamp Duty Discount” (See Remarks 7(g)) (5) 延長欠妥之處之保養優惠(見備註7(j1)) Extended Defect Maintenance Offer (See Remarks 7(j1)) (6) 「『尊屬升降機』便捷優惠」(見備註7(m)) “Exclusive Lift Discount” (See Remarks 7(m)),
2025-06-26,2025-07-04,,第3座(3B) Tower 3(3B),3,D,,10971800,,價單第1B號 Price List No. 1B (1) 付款計劃(A): 如「瑜」得水120天現金優惠付款計 劃: (照售價減5%) (見備註7(c)(xiii)) Payment Plan (A): 120-day Cash Payment Plan: (5% discount from the Price) (See Remarks 7(c)(xiii)) (2) 「星級現樓置業優惠」(見備註7(l)) “Elite Property Discount” (See Remarks 7(l)) (3) 「始終『瑜一』優惠 」(見備註7(f)) “IN ONE Discount” (See Remarks 7(f)) (4) 「印花稅優惠」(見備註7(g)) “Stamp Duty Discount” (See Remarks 7(g)) (5) 延長欠妥之處之保養優惠(見備註7(j1)) Extended Defect Maintenance Offer (See Remarks 7(j1)) (6) 「『尊屬升降機』便捷優惠」(見備註7(m)) “Exclusive Lift Discount” (See Remarks 7(m)),
2025-06-28,2025-07-07,,第3座(3B) Tower 3(3B),1,C,,11246300,,價單第3A號 Price List No. 3A (1) 付款計劃(A): 如「瑜」得水120天現金優惠付款計 劃: (照售價減5%) (見備註7(c)(xiii)) Payment Plan (A): 120-day Cash Payment Plan: (5% discount from the Price) (See Remarks 7(c)(xiii)) (2) 「星級現樓置業優惠」(見備註7(l)) “Elite Property Discount” (See Remarks 7(l)) (3) 「始終『瑜一』優惠 」(見備註7(f)) “IN ONE Discount” (See Remarks 7(f)) (4) 「印花稅優惠」(見備註7(g)) “Stamp Duty Discount” (See Remarks 7(g)) (5) 延長欠妥之處之保養優惠(見備註7(j1)) Extended Defect Maintenance Offer (See Remarks 7(j1)) (6) 「『尊屬升降機』便捷優惠」(見備註7(m)) “Exclusive Lift Discount” (See Remarks 7(m)),
2025-06-29,2025-07-07,,第3座(3B) Tower 3(3B),25,B,,12311400,,價單第3A號 Price List No. 3A (1) 付款計劃(A): 如「瑜」得水120天現金優惠付款計 劃: (照售價減5%) (見備註7(c)(xiii)) Payment Plan (A): 120-day Cash Payment Plan: (5% discount from the Price) (See Remarks 7(c)(xiii)) (2) 「星級現樓置業優惠」(見備註7(l)) “Elite Property Discount” (See Remarks 7(l)) (3) 「始終『瑜一』優惠 」(見備註7(f)) “IN ONE Discount” (See Remarks 7(f)) (4) 「印花稅優惠」(見備註7(g)) “Stamp Duty Discount” (See Remarks 7(g)) (5) 延長欠妥之處之保養優惠(見備註7(j1)) Extended Defect Maintenance Offer (See Remarks 7(j1)) (6) 「『尊屬升降機』便捷優惠」(見備註7(m)) “Exclusive Lift Discount” (See Remarks 7(m)),
2025-07-02,2025-07-09,,第3座(3A) Tower 3(3A),6,B,,12994800,,價單第1B號 Price List No. 1B (1) 付款計劃(A): 如「瑜」得水120天現金優惠付款計 劃: (照售價減5%) (見備註7(c)(xiii)) Payment Plan (A): 120-day Cash Payment Plan: (5% discount from the Price) (See Remarks 7(c)(xiii)) (2) 「星級現樓置業優惠」(見備註7(l)) “Elite Property Discount” (See Remarks 7(l)) (3) 「始終『瑜一』優惠 」(見備註7(f)) “IN ONE Discount” (See Remarks 7(f)) (4) 「印花稅優惠」(見備註7(g)) “Stamp Duty Discount” (See Remarks 7(g)) (5) 延長欠妥之處之保養優惠(見備註7(j1)) Extended Defect Maintenance Offer (See Remarks 7(j1)) (6) 「『尊屬升降機』便捷優惠」(見備註7(m)) “Exclusive Lift Discount” (See Remarks 7(m)),
2025-07-04,2025-07-11,,第3座(3A) Tower 3(3A),3,B,,12369200,,價單第1B號 Price List No. 1B (1) 付款計劃(A): 如「瑜」得水120天現金優惠付款計 劃: (照售價減5%) (見備註7(c)(xiii)) Payment Plan (A): 120-day Cash Payment Plan: (5% discount from the Price) (See Remarks 7(c)(xiii)) (2) 「星級現樓置業優惠」(見備註7(l)) “Elite Property Discount” (See Remarks 7(l)) (3) 「始終『瑜一』優惠 」(見備註7(f)) “IN ONE Discount” (See Remarks 7(f)) (4) 「印花稅優惠」(見備註7(g)) “Stamp Duty Discount” (See Remarks 7(g)) (5) 延長欠妥之處之保養優惠(見備註7(j1)) Extended Defect Maintenance Offer (See Remarks 7(j1)) (6) 「『尊屬升降機』便捷優惠」(見備註7(m)) “Exclusive Lift Discount” (See Remarks 7(m)),
2025-07-04,2025-07-11,,第3座(3A) Tower 3(3A),26,B,,16017400,,價單第3A號 Price List No. 3A (1) 付款計劃(A): 如「瑜」得水120天現金優惠付款計 劃: (照售價減5%) (見備註7(c)(xiii)) Payment Plan (A): 120-day Cash Payment Plan: (5% discount from the Price) (See Remarks 7(c)(xiii)) (2) 「星級現樓置業優惠」(見備註7(l)) “Elite Property Discount” (See Remarks 7(l)) (3) 「始終『瑜一』優惠 」(見備註7(f)) “IN ONE Discount” (See Remarks 7(f)) (4) 「印花稅優惠」(見備註7(g)) “Stamp Duty Discount” (See Remarks 7(g)) (5) 延長欠妥之處之保養優惠(見備註7(j1)) Extended Defect Maintenance Offer (See Remarks 7(j1)) (6) 「『尊屬升降機』便捷優惠」(見備註7(m)) “Exclusive Lift Discount” (See Remarks 7(m)),
2025-07-07,2025-07-14,,第3座(3A) Tower 3(3A),2,B,,12131200,,價單第1B號 Price List No. 1B (1) 付款計劃(A): 如「瑜」得水120天現金優惠付款計 劃: (照售價減5%) (見備註7(c)(xiii)) Payment Plan (A): 120-day Cash Payment Plan: (5% discount from the Price) (See Remarks 7(c)(xiii)) (2) 「星級現樓置業優惠」(見備註7(l)) “Elite Property Discount” (See Remarks 7(l)) (3) 「始終『瑜一』優惠 」(見備註7(f)) “IN ONE Discount” (See Remarks 7(f)) (4) 「印花稅優惠」(見備註7(g)) “Stamp Duty Discount” (See Remarks 7(g)) (5) 延長欠妥之處之保養優惠(見備註7(j1)) Extended Defect Maintenance Offer (See Remarks 7(j1)) (6) 「『尊屬升降機』便捷優惠」(見備註7(m)) “Exclusive Lift Discount” (See Remarks 7(m)),
2026-01-16,2026-01-23,,第3座(3A) Tower 3(3A),6,C,,22913400,,招標文件第5號 Tender Document No. 5 (1) 支付條款A (見備註7(c)(xvi)) Term of Payment A (See Remarks 7(c)(xvi)) (2) 延長欠妥之處之保養優惠(見備註7(j1)) Extended Defect Maintenance Offer (See Remarks 7(j1)) (3) 住宅停車位認購權(見備註7(k)) Option to purchase a Residential Car Parking Space (See Remarks 7(k)),
2026-01-16,2026-01-23,,第3座(3A) Tower 3(3A),16,C,,26159800,,招標文件第5號 Tender Document No. 5 (1) 支付條款A (見備註7(c)(xvi)) Term of Payment A (See Remarks 7(c)(xvi)) (2) 延長欠妥之處之保養優惠(見備註7(j1)) Extended Defect Maintenance Offer (See Remarks 7(j1)) (3) 住宅停車位認購權(見備註7(k)) Option to purchase a Residential Car Parking Space (See Remarks 7(k)),
2026-01-16,2026-01-23,,第3座(3A) Tower 3(3A),18,C,,27100800,,招標文件第5號 Tender Document No. 5 (1) 支付條款A (見備註7(c)(xvi)) Term of Payment A (See Remarks 7(c)(xvi)) (2) 延長欠妥之處之保養優惠(見備註7(j1)) Extended Defect Maintenance Offer (See Remarks 7(j1)) (3) 住宅停車位認購權(見備註7(k)) Option to purchase a Residential Car Parking Space (See Remarks 7(k)),
2026-01-21,2026-01-28,,第3座(3A) Tower 3(3A),6,A,,23598700,,招標文件第5號 Tender Document No. 5 (1) 支付條款C (見備註7(c)(xviii)) Term of Payment C (See Remark 7(c)(xviii)) (2) 延長欠妥之處之保養優惠(見備註7(j1)) Extended Defect Maintenance Offer (See Remarks 7(j1)) (3) 提早120天成交回贈(見備註7(n)) Early Completion Cash Rebate (See Remarks 7(n)) (4) 住宅停車位認購權(見備註7(k)) Option to purchase a Residential Car Parking Space (See Remarks 7(k)),
2026-01-21,2026-01-28,,第3座(3A) Tower 3(3A),26,A,,30362000,,招標文件第5號 Tender Document No. 5 (1) 支付條款A (見備註7(c)(xvi)) Term of Payment A (See Remarks 7(c)(xvi)) (2) 延長欠妥之處之保養優惠(見備註7(j1)) Extended Defect Maintenance Offer (See Remarks 7(j1)) (3) 住宅停車位認購權(見備註7(k)) Option to purchase a Residential Car Parking Space (See Remarks 7(k)),
2026-01-28,2026-02-04,,第3座(3A) Tower 3(3A),12,A,,25192000,,招標文件第5(i)號 Tender Document No. 5(i) (1) 支付條款A (見備註7(c)(xvi)) Term of Payment A (See Remarks 7(c)(xvi)) (2) 延長欠妥之處之保養優惠(見備註7(j1)) Extended Defect Maintenance Offer (See Remarks 7(j1)) (3) 住宅停車位認購權(見備註7(k1)) Option to purchase a Residential Car Parking Space (See Remarks 7(k1)),
2026-02-23,2026-03-02,,第3座(3A) Tower 3(3A),5,A,,22560000,,招標文件第5(i)號 Tender Document No. 5(i) (1) 支付條款A (見備註7(c)(xvi)) Term of Payment A (See Remarks 7(c)(xvi)) (2) 延長欠妥之處之保養優惠(見備註7(j1)) Extended Defect Maintenance Offer (See Remarks 7(j1)) (3) 住宅停車位認購權(見備註7(k1)) Option to purchase a Residential Car Parking Space (See Remarks 7(k1)),
2026-05-15,2026-05-22,,第3座(3A) Tower 3(3A),28,A,,46892000,,招標文件第6(i)號 Tender Document No. 6(i) (1) 支付條款A (見備註7(c)(xvi)) Term of Payment A (See Remarks 7(c)(xvi)) (2) 延長欠妥之處之保養優惠(見備註7(j1)) Extended Defect Maintenance Offer (See Remarks 7(j1)) (3) 住宅停車位認購權(見備註7(k1)) Option to purchase a Residential Car Parking Space (See Remarks 7(k1)) (4) 「『瑜你共鳴』五一限時優惠」(見備註7(o)) “Resonance In One” Golden Week Limited-time Offer (See Remarks 7(o)),
2026-05-22,2026-06-01,,第3座(3A) Tower 3(3A),29,A,,51828000,,招標文件第6(i)號 Tender Document No. 6(i) (1) 支付條款A (見備註7(c)(xvi)) Term of Payment A (See Remarks 7(c)(xvi)) (2) 延長欠妥之處之保養優惠(見備註7(j1)) Extended Defect Maintenance Offer (See Remarks 7(j1)) (3) 住宅停車位認購權(見備註7(k1)) Option to purchase a Residential Car Parking Space (See Remarks 7(k1)) (4) 「『瑜你共鳴』五一限時優惠」(見備註7(o)) “Resonance In One” Golden Week Limited-time Offer (See Remarks 7(o)),
2026-06-24,2026-07-02,,第3座(3A) Tower 3(3A),28,B,,49360000,,招標文件第6a號 Tender Document No. 6a (1) 支付條款A (見備註7(c)(xvi)) Term of Payment A (See Remarks 7(c)(xvi)) (2) 延長欠妥之處之保養優惠(見備註7(j1)) Extended Defect Maintenance Offer (See Remarks 7(j1)) (3) 住宅停車位認購權(見備註7(k1)) Option to purchase a Residential Car Parking Space (See Remarks 7(k1)),
