pasp,asp,terminated,block,floor,unit,carpark,price,revision,terms,related
2023-04-02,2023-04-12,,第5座(5A) Tower 5(5A),8,C,,23320000,,"價單第1號 Price List No. 1 (1) 付款計劃(C): 「一」心一意建築期備用按揭付款 計劃: (照售價減2%) (見備註7(c)(iii)) Payment Plan (C): “ONE” Heart Standby Mortgage Loan Stage Payment Plan: (2% discount from the Price) (See Remarks 7(c)(iii)) (2) 「雙綫滙聚優惠」(見備註7(d)) ""Dual-lines Advantage Discount” (See Remarks 7(d)) (3) 「搶佔先機優惠」(見備註7(e)) “First-mover Discount” (See Remarks 7(e)) (4) 「始終『瑜一』優惠 」(見備註7(f)) “IN ONE Discount” (See Remarks 7(f)) (5) 「印花稅優惠」(見備註7(g)) “Stamp Duty Discount” (See Remarks 7(g)) (6) 「早鳥優惠」(見備註7(h)) “Early Bird Benefit” (See Remarks 7(h)) (7) 延長欠妥之處之保養優惠(見備註7(j)) Extended Defect Maintenance Offer (See Remarks 7(j)) (8) 「始終瑜一」80%備用按揭貸款(見備註7(i)) ""IN ONE” 80% Standby Mortgage Loan (See Remarks 7(i))",
2023-04-02,2023-04-12,,第5座(5A) Tower 5(5A),15,C,,25844400,,"價單第2號 Price List No. 2 (1) 付款計劃(B):「瑜」理所願360天現金優惠付款 計劃: (照售價減3.5%) (見備註7(c)(ii)) Payment Plan (B): “IN” Your Wish 360-day Cash Payment Plan: (3.5% discount from the Price) (See Remarks 7(c)(ii)) (2) 「雙綫滙聚優惠」(見備註7(d)) ""Dual-lines Advantage Discount” (See Remarks 7(d)) (3) 「搶佔先機優惠」(見備註7(e)) “First-mover Discount” (See Remarks 7(e)) (4) 「始終『瑜一』優惠 」(見備註7(f)) “IN ONE Discount” (See Remarks 7(f)) (5) 「印花稅優惠」(見備註7(g)) “Stamp Duty Discount” (See Remarks 7(g)) (6) 「早鳥優惠」(見備註7(h)) “Early Bird Benefit” (See Remarks 7(h)) (7) 延長欠妥之處之保養優惠(見備註7(j)) Extended Defect Maintenance Offer (See Remarks 7(j))",
2023-04-02,2023-04-12,,第5座(5A) Tower 5(5A),2,C,,20449400,,"價單第1號 Price List No. 1 (1) 付款計劃(C): 「一」心一意建築期備用按揭付款 計劃: (照售價減2%) (見備註7(c)(iii)) Payment Plan (C): “ONE” Heart Standby Mortgage Loan Stage Payment Plan: (2% discount from the Price) (See Remarks 7(c)(iii)) (2) 「雙綫滙聚優惠」(見備註7(d)) ""Dual-lines Advantage Discount” (See Remarks 7(d)) (3) 「搶佔先機優惠」(見備註7(e)) “First-mover Discount” (See Remarks 7(e)) (4) 「始終『瑜一』優惠 」(見備註7(f)) “IN ONE Discount” (See Remarks 7(f)) (5) 「印花稅優惠」(見備註7(g)) “Stamp Duty Discount” (See Remarks 7(g)) (6) 「早鳥優惠」(見備註7(h)) “Early Bird Benefit” (See Remarks 7(h)) (7) 延長欠妥之處之保養優惠(見備註7(j)) Extended Defect Maintenance Offer (See Remarks 7(j)) (8) 「始終瑜一」80%備用按揭貸款(見備註7(i)) ""IN ONE” 80% Standby Mortgage Loan (See Remarks 7(i))",
2023-04-02,2023-04-12,,第5座(5B) Tower 5(5B),10,F,,13423900,,"價單第1號 Price List No. 1 (1) 付款計劃(B):「瑜」理所願360天現金優惠付款 計劃: (照售價減3.5%) (見備註7(c)(ii)) Payment Plan (B): “IN” Your Wish 360-day Cash Payment Plan: (3.5% discount from the Price) (See Remarks 7(c)(ii)) (2) 「雙綫滙聚優惠」(見備註7(d)) ""Dual-lines Advantage Discount” (See Remarks 7(d)) (3) 「搶佔先機優惠」(見備註7(e)) “First-mover Discount” (See Remarks 7(e)) (4) 「始終『瑜一』優惠 」(見備註7(f)) “IN ONE Discount” (See Remarks 7(f)) (5) 「印花稅優惠」(見備註7(g)) “Stamp Duty Discount” (See Remarks 7(g)) (6) 「早鳥優惠」(見備註7(h)) “Early Bird Benefit” (See Remarks 7(h)) (7) 延長欠妥之處之保養優惠(見備註7(j)) Extended Defect Maintenance Offer (See Remarks 7(j))",
2023-04-02,2023-04-12,,第5座(5B) Tower 5(5B),17,E,,14838500,,"價單第2號 Price List No. 2 (1) 付款計劃(C): 「一」心一意建築期備用按揭付款 計劃: (照售價減2%) (見備註7(c)(iii)) Payment Plan (C): “ONE” Heart Standby Mortgage Loan Stage Payment Plan: (2% discount from the Price) (See Remarks 7(c)(iii)) (2) 「雙綫滙聚優惠」(見備註7(d)) ""Dual-lines Advantage Discount” (See Remarks 7(d)) (3) 「搶佔先機優惠」(見備註7(e)) “First-mover Discount” (See Remarks 7(e)) (4) 「始終『瑜一』優惠 」(見備註7(f)) “IN ONE Discount” (See Remarks 7(f)) (5) 「印花稅優惠」(見備註7(g)) “Stamp Duty Discount” (See Remarks 7(g)) (6) 「早鳥優惠」(見備註7(h)) “Early Bird Benefit” (See Remarks 7(h)) (7) 延長欠妥之處之保養優惠(見備註7(j)) Extended Defect Maintenance Offer (See Remarks 7(j)) (8) 「始終瑜一」80%備用按揭貸款(見備註7(i)) ""IN ONE” 80% Standby Mortgage Loan (See Remarks 7(i))",
2023-04-02,2023-04-12,,第5座(5A) Tower 5(5A),10,C,,24261600,,"價單第1號 Price List No. 1 (1) 付款計劃(C): 「一」心一意建築期備用按揭付款 計劃: (照售價減2%) (見備註7(c)(iii)) Payment Plan (C): “ONE” Heart Standby Mortgage Loan Stage Payment Plan: (2% discount from the Price) (See Remarks 7(c)(iii)) (2) 「雙綫滙聚優惠」(見備註7(d)) ""Dual-lines Advantage Discount” (See Remarks 7(d)) (3) 「搶佔先機優惠」(見備註7(e)) “First-mover Discount” (See Remarks 7(e)) (4) 「始終『瑜一』優惠 」(見備註7(f)) “IN ONE Discount” (See Remarks 7(f)) (5) 「印花稅優惠」(見備註7(g)) “Stamp Duty Discount” (See Remarks 7(g)) (6) 「早鳥優惠」(見備註7(h)) “Early Bird Benefit” (See Remarks 7(h)) (7) 延長欠妥之處之保養優惠(見備註7(j)) Extended Defect Maintenance Offer (See Remarks 7(j)) (8) 「始終瑜一」80%備用按揭貸款(見備註7(i)) ""IN ONE” 80% Standby Mortgage Loan (See Remarks 7(i))",
2023-04-02,2023-04-12,,第5座(5A) Tower 5(5A),19,C,,27634600,,"價單第2號 Price List No. 2 (1) 付款計劃(C): 「一」心一意建築期備用按揭付款 計劃: (照售價減2%) (見備註7(c)(iii)) Payment Plan (C): “ONE” Heart Standby Mortgage Loan Stage Payment Plan: (2% discount from the Price) (See Remarks 7(c)(iii)) (2) 「雙綫滙聚優惠」(見備註7(d)) ""Dual-lines Advantage Discount” (See Remarks 7(d)) (3) 「搶佔先機優惠」(見備註7(e)) “First-mover Discount” (See Remarks 7(e)) (4) 「始終『瑜一』優惠 」(見備註7(f)) “IN ONE Discount” (See Remarks 7(f)) (5) 「印花稅優惠」(見備註7(g)) “Stamp Duty Discount” (See Remarks 7(g)) (6) 「早鳥優惠」(見備註7(h)) “Early Bird Benefit” (See Remarks 7(h)) (7) 延長欠妥之處之保養優惠(見備註7(j)) Extended Defect Maintenance Offer (See Remarks 7(j)) (8) 「始終瑜一」80%備用按揭貸款(見備註7(i)) ""IN ONE” 80% Standby Mortgage Loan (See Remarks 7(i))",
2023-04-02,2023-04-12,2026-01-23,第5座(5A) Tower 5(5A),26,A,,29770400,,"價單第2號 Price List No. 2 (1) 付款計劃(A): 矜貴「瑜一」120天現金優惠付款 計劃: (照售價減5%) (見備註7(c)(i)) Payment Plan (A): Prestige “IN ONE” 120-day Cash Payment Plan: (5% discount from the Price) (See Remarks 7(c)(i)) (2) 「雙綫滙聚優惠」(見備註7(d)) ""Dual-lines Advantage Discount” (See Remarks 7(d)) (3) 「搶佔先機優惠」(見備註7(e)) “First-mover Discount” (See Remarks 7(e)) (4) 「始終『瑜一』優惠 」(見備註7(f)) “IN ONE Discount” (See Remarks 7(f)) (5) 「印花稅優惠」(見備註7(g)) “Stamp Duty Discount” (See Remarks 7(g)) (6) 「早鳥優惠」(見備註7(h)) “Early Bird Benefit” (See Remarks 7(h)) (7) 延長欠妥之處之保養優惠(見備註7(j)) Extended Defect Maintenance Offer (See Remarks 7(j))",
2023-04-02,2023-04-11,,第5座(5A) Tower 5(5A),12,A,,27286100,,"價單第2號 Price List No. 2 (1) 付款計劃(C): 「一」心一意建築期備用按揭付款 計劃: (照售價減2%) (見備註7(c)(iii)) Payment Plan (C): “ONE” Heart Standby Mortgage Loan Stage Payment Plan: (2% discount from the Price) (See Remarks 7(c)(iii)) (2) 「雙綫滙聚優惠」(見備註7(d)) ""Dual-lines Advantage Discount” (See Remarks 7(d)) (3) 「搶佔先機優惠」(見備註7(e)) “First-mover Discount” (See Remarks 7(e)) (4) 「始終『瑜一』優惠 」(見備註7(f)) “IN ONE Discount” (See Remarks 7(f)) (5) 「印花稅優惠」(見備註7(g)) “Stamp Duty Discount” (See Remarks 7(g)) (6) 「早鳥優惠」(見備註7(h)) “Early Bird Benefit” (See Remarks 7(h)) (7) 延長欠妥之處之保養優惠(見備註7(j)) Extended Defect Maintenance Offer (See Remarks 7(j)) (8) 「始終瑜一」80%備用按揭貸款(見備註7(i)) ""IN ONE” 80% Standby Mortgage Loan (See Remarks 7(i))",
2023-04-02,2023-04-12,,第5座(5A) Tower 5(5A),11,C,,24990200,,"價單第1號 Price List No. 1 (1) 付款計劃(C): 「一」心一意建築期備用按揭付款 計劃: (照售價減2%) (見備註7(c)(iii)) Payment Plan (C): “ONE” Heart Standby Mortgage Loan Stage Payment Plan: (2% discount from the Price) (See Remarks 7(c)(iii)) (2) 「雙綫滙聚優惠」(見備註7(d)) ""Dual-lines Advantage Discount” (See Remarks 7(d)) (3) 「搶佔先機優惠」(見備註7(e)) “First-mover Discount” (See Remarks 7(e)) (4) 「始終『瑜一』優惠 」(見備註7(f)) “IN ONE Discount” (See Remarks 7(f)) (5) 「印花稅優惠」(見備註7(g)) “Stamp Duty Discount” (See Remarks 7(g)) (6) 「早鳥優惠」(見備註7(h)) “Early Bird Benefit” (See Remarks 7(h)) (7) 延長欠妥之處之保養優惠(見備註7(j)) Extended Defect Maintenance Offer (See Remarks 7(j)) (8) 「始終瑜一」80%備用按揭貸款(見備註7(i)) ""IN ONE” 80% Standby Mortgage Loan (See Remarks 7(i))",
2023-04-02,2023-04-12,,第5座(5A) Tower 5(5A),22,A,,29043500,,"價單第2號 Price List No. 2 (1) 付款計劃(C): 「一」心一意建築期備用按揭付款 計劃: (照售價減2%) (見備註7(c)(iii)) Payment Plan (C): “ONE” Heart Standby Mortgage Loan Stage Payment Plan: (2% discount from the Price) (See Remarks 7(c)(iii)) (2) 「雙綫滙聚優惠」(見備註7(d)) ""Dual-lines Advantage Discount” (See Remarks 7(d)) (3) 「搶佔先機優惠」(見備註7(e)) “First-mover Discount” (See Remarks 7(e)) (4) 「始終『瑜一』優惠 」(見備註7(f)) “IN ONE Discount” (See Remarks 7(f)) (5) 「印花稅優惠」(見備註7(g)) “Stamp Duty Discount” (See Remarks 7(g)) (6) 「早鳥優惠」(見備註7(h)) “Early Bird Benefit” (See Remarks 7(h)) (7) 延長欠妥之處之保養優惠(見備註7(j)) Extended Defect Maintenance Offer (See Remarks 7(j)) (8) 「始終瑜一」80%備用按揭貸款(見備註7(i)) ""IN ONE” 80% Standby Mortgage Loan (See Remarks 7(i))",
2023-04-02,2023-04-12,2026-01-23,第5座(5A) Tower 5(5A),6,A,,24056500,,"價單第1號 Price List No. 1 (1) 付款計劃(C): 「一」心一意建築期備用按揭付款 計劃: (照售價減2%) (見備註7(c)(iii)) Payment Plan (C): “ONE” Heart Standby Mortgage Loan Stage Payment Plan: (2% discount from the Price) (See Remarks 7(c)(iii)) (2) 「雙綫滙聚優惠」(見備註7(d)) ""Dual-lines Advantage Discount” (See Remarks 7(d)) (3) 「搶佔先機優惠」(見備註7(e)) “First-mover Discount” (See Remarks 7(e)) (4) 「始終『瑜一』優惠 」(見備註7(f)) “IN ONE Discount” (See Remarks 7(f)) (5) 「印花稅優惠」(見備註7(g)) “Stamp Duty Discount” (See Remarks 7(g)) (6) 「早鳥優惠」(見備註7(h)) “Early Bird Benefit” (See Remarks 7(h)) (7) 延長欠妥之處之保養優惠(見備註7(j)) Extended Defect Maintenance Offer (See Remarks 7(j)) (8) 「始終瑜一」80%備用按揭貸款(見備註7(i)) ""IN ONE” 80% Standby Mortgage Loan (See Remarks 7(i))",
2023-04-02,2023-04-12,,第5座(5A) Tower 5(5A),22,C,,28556000,,"價單第2號 Price List No. 2 (1) 付款計劃(C): 「一」心一意建築期備用按揭付款 計劃: (照售價減2%) (見備註7(c)(iii)) Payment Plan (C): “ONE” Heart Standby Mortgage Loan Stage Payment Plan: (2% discount from the Price) (See Remarks 7(c)(iii)) (2) 「雙綫滙聚優惠」(見備註7(d)) ""Dual-lines Advantage Discount” (See Remarks 7(d)) (3) 「搶佔先機優惠」(見備註7(e)) “First-mover Discount” (See Remarks 7(e)) (4) 「始終『瑜一』優惠 」(見備註7(f)) “IN ONE Discount” (See Remarks 7(f)) (5) 「印花稅優惠」(見備註7(g)) “Stamp Duty Discount” (See Remarks 7(g)) (6) 「早鳥優惠」(見備註7(h)) “Early Bird Benefit” (See Remarks 7(h)) (7) 延長欠妥之處之保養優惠(見備註7(j)) Extended Defect Maintenance Offer (See Remarks 7(j)) (8) 「始終瑜一」80%備用按揭貸款(見備註7(i)) ""IN ONE” 80% Standby Mortgage Loan (See Remarks 7(i))",
2023-04-02,2023-04-12,,第5座(5A) Tower 5(5A),23,A,,28613500,,"價單第2號 Price List No. 2 (1) 付款計劃(A): 矜貴「瑜一」120天現金優惠付款 計劃: (照售價減5%) (見備註7(c)(i)) Payment Plan (A): Prestige “IN ONE” 120-day Cash Payment Plan: (5% discount from the Price) (See Remarks 7(c)(i)) (2) 「雙綫滙聚優惠」(見備註7(d)) ""Dual-lines Advantage Discount” (See Remarks 7(d)) (3) 「搶佔先機優惠」(見備註7(e)) “First-mover Discount” (See Remarks 7(e)) (4) 「始終『瑜一』優惠 」(見備註7(f)) “IN ONE Discount” (See Remarks 7(f)) (5) 「印花稅優惠」(見備註7(g)) “Stamp Duty Discount” (See Remarks 7(g)) (6) 「早鳥優惠」(見備註7(h)) “Early Bird Benefit” (See Remarks 7(h)) (7) 延長欠妥之處之保養優惠(見備註7(j)) Extended Defect Maintenance Offer (See Remarks 7(j))",
2023-04-02,2023-04-12,2026-01-23,第5座(5A) Tower 5(5A),16,A,,27728800,,"價單第2號 Price List No. 2 (1) 付款計劃(C): 「一」心一意建築期備用按揭付款 計劃: (照售價減2%) (見備註7(c)(iii)) Payment Plan (C): “ONE” Heart Standby Mortgage Loan Stage Payment Plan: (2% discount from the Price) (See Remarks 7(c)(iii)) (2) 「雙綫滙聚優惠」(見備註7(d)) ""Dual-lines Advantage Discount” (See Remarks 7(d)) (3) 「搶佔先機優惠」(見備註7(e)) “First-mover Discount” (See Remarks 7(e)) (4) 「始終『瑜一』優惠 」(見備註7(f)) “IN ONE Discount” (See Remarks 7(f)) (5) 「印花稅優惠」(見備註7(g)) “Stamp Duty Discount” (See Remarks 7(g)) (6) 「早鳥優惠」(見備註7(h)) “Early Bird Benefit” (See Remarks 7(h)) (7) 延長欠妥之處之保養優惠(見備註7(j)) Extended Defect Maintenance Offer (See Remarks 7(j)) (8) 「始終瑜一」80%備用按揭貸款(見備註7(i)) ""IN ONE” 80% Standby Mortgage Loan (See Remarks 7(i))",
2023-04-02,2023-04-12,,第5座(5A) Tower 5(5A),19,A,,28357100,,"價單第2號 Price List No. 2 (1) 付款計劃(C): 「一」心一意建築期備用按揭付款 計劃: (照售價減2%) (見備註7(c)(iii)) Payment Plan (C): “ONE” Heart Standby Mortgage Loan Stage Payment Plan: (2% discount from the Price) (See Remarks 7(c)(iii)) (2) 「雙綫滙聚優惠」(見備註7(d)) ""Dual-lines Advantage Discount” (See Remarks 7(d)) (3) 「搶佔先機優惠」(見備註7(e)) “First-mover Discount” (See Remarks 7(e)) (4) 「始終『瑜一』優惠 」(見備註7(f)) “IN ONE Discount” (See Remarks 7(f)) (5) 「印花稅優惠」(見備註7(g)) “Stamp Duty Discount” (See Remarks 7(g)) (6) 「早鳥優惠」(見備註7(h)) “Early Bird Benefit” (See Remarks 7(h)) (7) 延長欠妥之處之保養優惠(見備註7(j)) Extended Defect Maintenance Offer (See Remarks 7(j)) (8) 「始終瑜一」80%備用按揭貸款(見備註7(i)) ""IN ONE” 80% Standby Mortgage Loan (See Remarks 7(i))",
2023-04-02,2023-04-11,,第5座(5A) Tower 5(5A),18,C,,27163500,,"價單第2號 Price List No. 2 (1) 付款計劃(B):「瑜」理所願360天現金優惠付款 計劃: (照售價減3.5%) (見備註7(c)(ii)) Payment Plan (B): “IN” Your Wish 360-day Cash Payment Plan: (3.5% discount from the Price) (See Remarks 7(c)(ii)) (2) 「雙綫滙聚優惠」(見備註7(d)) ""Dual-lines Advantage Discount” (See Remarks 7(d)) (3) 「搶佔先機優惠」(見備註7(e)) “First-mover Discount” (See Remarks 7(e)) (4) 「始終『瑜一』優惠 」(見備註7(f)) “IN ONE Discount” (See Remarks 7(f)) (5) 「印花稅優惠」(見備註7(g)) “Stamp Duty Discount” (See Remarks 7(g)) (6) 「早鳥優惠」(見備註7(h)) “Early Bird Benefit” (See Remarks 7(h)) (7) 延長欠妥之處之保養優惠(見備註7(j)) Extended Defect Maintenance Offer (See Remarks 7(j))",
2023-04-02,2023-04-11,,第5座(5A) Tower 5(5A),18,A,,28357100,,"價單第2號 Price List No. 2 (1) 付款計劃(C): 「一」心一意建築期備用按揭付款 計劃: (照售價減2%) (見備註7(c)(iii)) Payment Plan (C): “ONE” Heart Standby Mortgage Loan Stage Payment Plan: (2% discount from the Price) (See Remarks 7(c)(iii)) (2) 「雙綫滙聚優惠」(見備註7(d)) ""Dual-lines Advantage Discount” (See Remarks 7(d)) (3) 「搶佔先機優惠」(見備註7(e)) “First-mover Discount” (See Remarks 7(e)) (4) 「始終『瑜一』優惠 」(見備註7(f)) “IN ONE Discount” (See Remarks 7(f)) (5) 「印花稅優惠」(見備註7(g)) “Stamp Duty Discount” (See Remarks 7(g)) (6) 「早鳥優惠」(見備註7(h)) “Early Bird Benefit” (See Remarks 7(h)) (7) 延長欠妥之處之保養優惠(見備註7(j)) Extended Defect Maintenance Offer (See Remarks 7(j)) (8) 「始終瑜一」80%備用按揭貸款(見備註7(i)) ""IN ONE” 80% Standby Mortgage Loan (See Remarks 7(i))",
2023-04-02,2023-04-12,,第5座(5A) Tower 5(5A),12,C,,25813000,,"價單第2號 Price List No. 2 (1) 付款計劃(C): 「一」心一意建築期備用按揭付款 計劃: (照售價減2%) (見備註7(c)(iii)) Payment Plan (C): “ONE” Heart Standby Mortgage Loan Stage Payment Plan: (2% discount from the Price) (See Remarks 7(c)(iii)) (2) 「雙綫滙聚優惠」(見備註7(d)) ""Dual-lines Advantage Discount” (See Remarks 7(d)) (3) 「搶佔先機優惠」(見備註7(e)) “First-mover Discount” (See Remarks 7(e)) (4) 「始終『瑜一』優惠 」(見備註7(f)) “IN ONE Discount” (See Remarks 7(f)) (5) 「印花稅優惠」(見備註7(g)) “Stamp Duty Discount” (See Remarks 7(g)) (6) 「早鳥優惠」(見備註7(h)) “Early Bird Benefit” (See Remarks 7(h)) (7) 延長欠妥之處之保養優惠(見備註7(j)) Extended Defect Maintenance Offer (See Remarks 7(j)) (8) 「始終瑜一」80%備用按揭貸款(見備註7(i)) ""IN ONE” 80% Standby Mortgage Loan (See Remarks 7(i))",
2023-04-02,2023-04-12,,第5座(5A) Tower 5(5A),5,C,,21390500,,"價單第1號 Price List No. 1 (1) 付款計劃(B):「瑜」理所願360天現金優惠付款 計劃: (照售價減3.5%) (見備註7(c)(ii)) Payment Plan (B): “IN” Your Wish 360-day Cash Payment Plan: (3.5% discount from the Price) (See Remarks 7(c)(ii)) (2) 「雙綫滙聚優惠」(見備註7(d)) ""Dual-lines Advantage Discount” (See Remarks 7(d)) (3) 「搶佔先機優惠」(見備註7(e)) “First-mover Discount” (See Remarks 7(e)) (4) 「始終『瑜一』優惠 」(見備註7(f)) “IN ONE Discount” (See Remarks 7(f)) (5) 「印花稅優惠」(見備註7(g)) “Stamp Duty Discount” (See Remarks 7(g)) (6) 「早鳥優惠」(見備註7(h)) “Early Bird Benefit” (See Remarks 7(h)) (7) 延長欠妥之處之保養優惠(見備註7(j)) Extended Defect Maintenance Offer (See Remarks 7(j))",
2023-04-02,2023-04-12,,第5座(5B) Tower 5(5B),17,B,,13490400,,"價單第2號 Price List No. 2 (1) 付款計劃(C): 「一」心一意建築期備用按揭付款 計劃: (照售價減2%) (見備註7(c)(iii)) Payment Plan (C): “ONE” Heart Standby Mortgage Loan Stage Payment Plan: (2% discount from the Price) (See Remarks 7(c)(iii)) (2) 「雙綫滙聚優惠」(見備註7(d)) ""Dual-lines Advantage Discount” (See Remarks 7(d)) (3) 「搶佔先機優惠」(見備註7(e)) “First-mover Discount” (See Remarks 7(e)) (4) 「始終『瑜一』優惠 」(見備註7(f)) “IN ONE Discount” (See Remarks 7(f)) (5) 「印花稅優惠」(見備註7(g)) “Stamp Duty Discount” (See Remarks 7(g)) (6) 「早鳥優惠」(見備註7(h)) “Early Bird Benefit” (See Remarks 7(h)) (7) 延長欠妥之處之保養優惠(見備註7(j)) Extended Defect Maintenance Offer (See Remarks 7(j)) (8) 「始終瑜一」80%備用按揭貸款(見備註7(i)) ""IN ONE” 80% Standby Mortgage Loan (See Remarks 7(i))",
2023-04-02,2023-04-12,,第5座(5A) Tower 5(5A),6,C,,22032400,,"價單第1號 Price List No. 1 (1) 付款計劃(B):「瑜」理所願360天現金優惠付款 計劃: (照售價減3.5%) (見備註7(c)(ii)) Payment Plan (B): “IN” Your Wish 360-day Cash Payment Plan: (3.5% discount from the Price) (See Remarks 7(c)(ii)) (2) 「雙綫滙聚優惠」(見備註7(d)) ""Dual-lines Advantage Discount” (See Remarks 7(d)) (3) 「搶佔先機優惠」(見備註7(e)) “First-mover Discount” (See Remarks 7(e)) (4) 「始終『瑜一』優惠 」(見備註7(f)) “IN ONE Discount” (See Remarks 7(f)) (5) 「印花稅優惠」(見備註7(g)) “Stamp Duty Discount” (See Remarks 7(g)) (6) 「早鳥優惠」(見備註7(h)) “Early Bird Benefit” (See Remarks 7(h)) (7) 延長欠妥之處之保養優惠(見備註7(j)) Extended Defect Maintenance Offer (See Remarks 7(j))",
2023-04-02,2023-04-12,,第5座(5A) Tower 5(5A),3,C,,21127900,,"價單第1號 Price List No. 1 (1) 付款計劃(C): 「一」心一意建築期備用按揭付款 計劃: (照售價減2%) (見備註7(c)(iii)) Payment Plan (C): “ONE” Heart Standby Mortgage Loan Stage Payment Plan: (2% discount from the Price) (See Remarks 7(c)(iii)) (2) 「雙綫滙聚優惠」(見備註7(d)) ""Dual-lines Advantage Discount” (See Remarks 7(d)) (3) 「搶佔先機優惠」(見備註7(e)) “First-mover Discount” (See Remarks 7(e)) (4) 「始終『瑜一』優惠 」(見備註7(f)) “IN ONE Discount” (See Remarks 7(f)) (5) 「印花稅優惠」(見備註7(g)) “Stamp Duty Discount” (See Remarks 7(g)) (6) 「早鳥優惠」(見備註7(h)) “Early Bird Benefit” (See Remarks 7(h)) (7) 延長欠妥之處之保養優惠(見備註7(j)) Extended Defect Maintenance Offer (See Remarks 7(j)) (8) 「始終瑜一」80%備用按揭貸款(見備註7(i)) ""IN ONE” 80% Standby Mortgage Loan (See Remarks 7(i))",
2023-04-02,2023-04-12,,第5座(5A) Tower 5(5A),10,A,,26198400,,"價單第1號 Price List No. 1 (1) 付款計劃(C): 「一」心一意建築期備用按揭付款 計劃: (照售價減2%) (見備註7(c)(iii)) Payment Plan (C): “ONE” Heart Standby Mortgage Loan Stage Payment Plan: (2% discount from the Price) (See Remarks 7(c)(iii)) (2) 「雙綫滙聚優惠」(見備註7(d)) ""Dual-lines Advantage Discount” (See Remarks 7(d)) (3) 「搶佔先機優惠」(見備註7(e)) “First-mover Discount” (See Remarks 7(e)) (4) 「始終『瑜一』優惠 」(見備註7(f)) “IN ONE Discount” (See Remarks 7(f)) (5) 「印花稅優惠」(見備註7(g)) “Stamp Duty Discount” (See Remarks 7(g)) (6) 「早鳥優惠」(見備註7(h)) “Early Bird Benefit” (See Remarks 7(h)) (7) 延長欠妥之處之保養優惠(見備註7(j)) Extended Defect Maintenance Offer (See Remarks 7(j)) (8) 「始終瑜一」80%備用按揭貸款(見備註7(i)) ""IN ONE” 80% Standby Mortgage Loan (See Remarks 7(i))",
2023-04-02,2023-04-12,,第5座(5A) Tower 5(5A),1,C,,24348700,,"價單第2號 Price List No. 2 (1) 付款計劃(C): 「一」心一意建築期備用按揭付款 計劃: (照售價減2%) (見備註7(c)(iii)) Payment Plan (C): “ONE” Heart Standby Mortgage Loan Stage Payment Plan: (2% discount from the Price) (See Remarks 7(c)(iii)) (2) 「雙綫滙聚優惠」(見備註7(d)) ""Dual-lines Advantage Discount” (See Remarks 7(d)) (3) 「搶佔先機優惠」(見備註7(e)) “First-mover Discount” (See Remarks 7(e)) (4) 「始終『瑜一』優惠 」(見備註7(f)) “IN ONE Discount” (See Remarks 7(f)) (5) 「印花稅優惠」(見備註7(g)) “Stamp Duty Discount” (See Remarks 7(g)) (6) 「早鳥優惠」(見備註7(h)) “Early Bird Benefit” (See Remarks 7(h)) (7) 延長欠妥之處之保養優惠(見備註7(j)) Extended Defect Maintenance Offer (See Remarks 7(j)) (8) 「始終瑜一」80%備用按揭貸款(見備註7(i)) ""IN ONE” 80% Standby Mortgage Loan (See Remarks 7(i))",
2023-04-02,2023-04-12,,第5座(5A) Tower 5(5A),16,C,,25904600,,"價單第2號 Price List No. 2 (1) 付款計劃(A): 矜貴「瑜一」120天現金優惠付款 計劃: (照售價減5%) (見備註7(c)(i)) Payment Plan (A): Prestige “IN ONE” 120-day Cash Payment Plan: (5% discount from the Price) (See Remarks 7(c)(i)) (2) 「雙綫滙聚優惠」(見備註7(d)) ""Dual-lines Advantage Discount” (See Remarks 7(d)) (3) 「搶佔先機優惠」(見備註7(e)) “First-mover Discount” (See Remarks 7(e)) (4) 「始終『瑜一』優惠 」(見備註7(f)) “IN ONE Discount” (See Remarks 7(f)) (5) 「印花稅優惠」(見備註7(g)) “Stamp Duty Discount” (See Remarks 7(g)) (6) 「早鳥優惠」(見備註7(h)) “Early Bird Benefit” (See Remarks 7(h)) (7) 延長欠妥之處之保養優惠(見備註7(j)) Extended Defect Maintenance Offer (See Remarks 7(j))",
2023-04-02,2023-04-12,,第5座(5A) Tower 5(5A),15,B,,16758700,,"價單第2號 Price List No. 2 (1) 付款計劃(C): 「一」心一意建築期備用按揭付款 計劃: (照售價減2%) (見備註7(c)(iii)) Payment Plan (C): “ONE” Heart Standby Mortgage Loan Stage Payment Plan: (2% discount from the Price) (See Remarks 7(c)(iii)) (2) 「雙綫滙聚優惠」(見備註7(d)) ""Dual-lines Advantage Discount” (See Remarks 7(d)) (3) 「搶佔先機優惠」(見備註7(e)) “First-mover Discount” (See Remarks 7(e)) (4) 「始終『瑜一』優惠 」(見備註7(f)) “IN ONE Discount” (See Remarks 7(f)) (5) 「印花稅優惠」(見備註7(g)) “Stamp Duty Discount” (See Remarks 7(g)) (6) 「早鳥優惠」(見備註7(h)) “Early Bird Benefit” (See Remarks 7(h)) (7) 延長欠妥之處之保養優惠(見備註7(j)) Extended Defect Maintenance Offer (See Remarks 7(j)) (8) 「始終瑜一」80%備用按揭貸款(見備註7(i)) ""IN ONE” 80% Standby Mortgage Loan (See Remarks 7(i))",
2023-04-02,2023-04-12,2026-01-23,第5座(5A) Tower 5(5A),20,C,,28104500,,"價單第2號 Price List No. 2 (1) 付款計劃(C): 「一」心一意建築期備用按揭付款 計劃: (照售價減2%) (見備註7(c)(iii)) Payment Plan (C): “ONE” Heart Standby Mortgage Loan Stage Payment Plan: (2% discount from the Price) (See Remarks 7(c)(iii)) (2) 「雙綫滙聚優惠」(見備註7(d)) ""Dual-lines Advantage Discount” (See Remarks 7(d)) (3) 「搶佔先機優惠」(見備註7(e)) “First-mover Discount” (See Remarks 7(e)) (4) 「始終『瑜一』優惠 」(見備註7(f)) “IN ONE Discount” (See Remarks 7(f)) (5) 「印花稅優惠」(見備註7(g)) “Stamp Duty Discount” (See Remarks 7(g)) (6) 「早鳥優惠」(見備註7(h)) “Early Bird Benefit” (See Remarks 7(h)) (7) 延長欠妥之處之保養優惠(見備註7(j)) Extended Defect Maintenance Offer (See Remarks 7(j)) (8) 「始終瑜一」80%備用按揭貸款(見備註7(i)) ""IN ONE” 80% Standby Mortgage Loan (See Remarks 7(i))",
2023-04-02,2023-04-12,,第5座(5A) Tower 5(5A),21,C,,28328900,,"價單第2號 Price List No. 2 (1) 付款計劃(C): 「一」心一意建築期備用按揭付款 計劃: (照售價減2%) (見備註7(c)(iii)) Payment Plan (C): “ONE” Heart Standby Mortgage Loan Stage Payment Plan: (2% discount from the Price) (See Remarks 7(c)(iii)) (2) 「雙綫滙聚優惠」(見備註7(d)) ""Dual-lines Advantage Discount” (See Remarks 7(d)) (3) 「搶佔先機優惠」(見備註7(e)) “First-mover Discount” (See Remarks 7(e)) (4) 「始終『瑜一』優惠 」(見備註7(f)) “IN ONE Discount” (See Remarks 7(f)) (5) 「印花稅優惠」(見備註7(g)) “Stamp Duty Discount” (See Remarks 7(g)) (6) 「早鳥優惠」(見備註7(h)) “Early Bird Benefit” (See Remarks 7(h)) (7) 延長欠妥之處之保養優惠(見備註7(j)) Extended Defect Maintenance Offer (See Remarks 7(j)) (8) 「始終瑜一」80%備用按揭貸款(見備註7(i)) ""IN ONE” 80% Standby Mortgage Loan (See Remarks 7(i))",
2023-04-02,2023-04-12,,第5座(5A) Tower 5(5A),25,C,31,29710500,"在 28-7-2023，基於 法例第35(2)(b)條所 容許的原因，售價更 改為$28,697,700.00 On 28-7-2023, the price adjusted to $28,697,700.00 due to the reason allowed under section 35(2)(b) of the Ordinance","價單第2號 Price List No. 2 (1) 付款計劃(C): 「一」心一意建築期備用按揭付款 計劃: (照售價減2%) (見備註7(c)(iii)) Payment Plan (C): “ONE” Heart Standby Mortgage Loan Stage Payment Plan: (2% discount from the Price) (See Remarks 7(c)(iii)) (2) 「雙綫滙聚優惠」(見備註7(d)) ""Dual-lines Advantage Discount” (See Remarks 7(d)) (3) 「搶佔先機優惠」(見備註7(e)) “First-mover Discount” (See Remarks 7(e)) (4) 「始終『瑜一』優惠 」(見備註7(f)) “IN ONE Discount” (See Remarks 7(f)) (5) 「印花稅優惠」(見備註7(g)) “Stamp Duty Discount” (See Remarks 7(g)) (6) 「早鳥優惠」(見備註7(h)) “Early Bird Benefit” (See Remarks 7(h)) (7) 延長欠妥之處之保養優惠(見備註7(j)) Extended Defect Maintenance Offer (See Remarks 7(j)) (8) 「始終瑜一」80%備用按揭貸款(見備註7(i)) ""IN ONE” 80% Standby Mortgage Loan (See Remarks 7(i)) 在 28/07/2023，支付條款更改為 On 28/07/2023，the terms of payment adjusted to 價單第2號 Price List No. 2 (1) 付款計劃(A): 矜貴「瑜一」120天現金優惠付款 計劃: (照售價減5%) (見備註7(c)(i)) Payment Plan (A): Prestige “IN ONE” 120-day Cash Payment Plan: (5% discount from the Price) (See Remarks 7(c)(i)) (2) 「雙綫滙聚優惠」(見備註7(d)) ""Dual-lines Advantage Discount” (See Remarks 7(d)) (3) 「搶佔先機優惠」(見備註7(e)) “First-mover Discount” (See Remarks 7(e)) (4) 「始終『瑜一』優惠 」(見備註7(f)) “IN ONE Discount” (See Remarks 7(f)) (5) 「印花稅優惠」(見備註7(g)) “Stamp Duty Discount” (See Remarks 7(g)) (6) 「早鳥優惠」(見備註7(h)) “Early Bird Benefit” (See Remarks 7(h)) (7) 延長欠妥之處之保養優惠(見備註7(j)) Extended Defect Maintenance Offer (See Remarks 7(j))",
2023-04-02,2023-04-12,,第5座(5A) Tower 5(5A),5,A,,23098900,,"價單第1號 Price List No. 1 (1) 付款計劃(B):「瑜」理所願360天現金優惠付款 計劃: (照售價減3.5%) (見備註7(c)(ii)) Payment Plan (B): “IN” Your Wish 360-day Cash Payment Plan: (3.5% discount from the Price) (See Remarks 7(c)(ii)) (2) 「雙綫滙聚優惠」(見備註7(d)) ""Dual-lines Advantage Discount” (See Remarks 7(d)) (3) 「搶佔先機優惠」(見備註7(e)) “First-mover Discount” (See Remarks 7(e)) (4) 「始終『瑜一』優惠 」(見備註7(f)) “IN ONE Discount” (See Remarks 7(f)) (5) 「印花稅優惠」(見備註7(g)) “Stamp Duty Discount” (See Remarks 7(g)) (6) 「早鳥優惠」(見備註7(h)) “Early Bird Benefit” (See Remarks 7(h)) (7) 延長欠妥之處之保養優惠(見備註7(j)) Extended Defect Maintenance Offer (See Remarks 7(j))",
2023-04-02,2023-04-12,,第5座(5A) Tower 5(5A),20,A,,28585000,,"價單第2號 Price List No. 2 (1) 付款計劃(C): 「一」心一意建築期備用按揭付款 計劃: (照售價減2%) (見備註7(c)(iii)) Payment Plan (C): “ONE” Heart Standby Mortgage Loan Stage Payment Plan: (2% discount from the Price) (See Remarks 7(c)(iii)) (2) 「雙綫滙聚優惠」(見備註7(d)) ""Dual-lines Advantage Discount” (See Remarks 7(d)) (3) 「搶佔先機優惠」(見備註7(e)) “First-mover Discount” (See Remarks 7(e)) (4) 「始終『瑜一』優惠 」(見備註7(f)) “IN ONE Discount” (See Remarks 7(f)) (5) 「印花稅優惠」(見備註7(g)) “Stamp Duty Discount” (See Remarks 7(g)) (6) 「早鳥優惠」(見備註7(h)) “Early Bird Benefit” (See Remarks 7(h)) (7) 延長欠妥之處之保養優惠(見備註7(j)) Extended Defect Maintenance Offer (See Remarks 7(j)) (8) 「始終瑜一」80%備用按揭貸款(見備註7(i)) ""IN ONE” 80% Standby Mortgage Loan (See Remarks 7(i))",
2023-04-02,2023-04-12,2026-01-23,第5座(5A) Tower 5(5A),21,A,,28886000,,"價單第2號 Price List No. 2 (1) 付款計劃(C): 「一」心一意建築期備用按揭付款 計劃: (照售價減2%) (見備註7(c)(iii)) Payment Plan (C): “ONE” Heart Standby Mortgage Loan Stage Payment Plan: (2% discount from the Price) (See Remarks 7(c)(iii)) (2) 「雙綫滙聚優惠」(見備註7(d)) ""Dual-lines Advantage Discount” (See Remarks 7(d)) (3) 「搶佔先機優惠」(見備註7(e)) “First-mover Discount” (See Remarks 7(e)) (4) 「始終『瑜一』優惠 」(見備註7(f)) “IN ONE Discount” (See Remarks 7(f)) (5) 「印花稅優惠」(見備註7(g)) “Stamp Duty Discount” (See Remarks 7(g)) (6) 「早鳥優惠」(見備註7(h)) “Early Bird Benefit” (See Remarks 7(h)) (7) 延長欠妥之處之保養優惠(見備註7(j)) Extended Defect Maintenance Offer (See Remarks 7(j)) (8) 「始終瑜一」80%備用按揭貸款(見備註7(i)) ""IN ONE” 80% Standby Mortgage Loan (See Remarks 7(i))",
2023-04-02,2023-04-11,,第5座(5A) Tower 5(5A),9,C,,23380900,,"價單第1號 Price List No. 1 (1) 付款計劃(B):「瑜」理所願360天現金優惠付款 計劃: (照售價減3.5%) (見備註7(c)(ii)) Payment Plan (B): “IN” Your Wish 360-day Cash Payment Plan: (3.5% discount from the Price) (See Remarks 7(c)(ii)) (2) 「雙綫滙聚優惠」(見備註7(d)) ""Dual-lines Advantage Discount” (See Remarks 7(d)) (3) 「搶佔先機優惠」(見備註7(e)) “First-mover Discount” (See Remarks 7(e)) (4) 「始終『瑜一』優惠 」(見備註7(f)) “IN ONE Discount” (See Remarks 7(f)) (5) 「印花稅優惠」(見備註7(g)) “Stamp Duty Discount” (See Remarks 7(g)) (6) 「早鳥優惠」(見備註7(h)) “Early Bird Benefit” (See Remarks 7(h)) (7) 延長欠妥之處之保養優惠(見備註7(j)) Extended Defect Maintenance Offer (See Remarks 7(j))",
2023-04-02,2023-04-12,,第5座(5A) Tower 5(5A),7,C,,22862400,,"價單第1號 Price List No. 1 (1) 付款計劃(C): 「一」心一意建築期備用按揭付款 計劃: (照售價減2%) (見備註7(c)(iii)) Payment Plan (C): “ONE” Heart Standby Mortgage Loan Stage Payment Plan: (2% discount from the Price) (See Remarks 7(c)(iii)) (2) 「雙綫滙聚優惠」(見備註7(d)) ""Dual-lines Advantage Discount” (See Remarks 7(d)) (3) 「搶佔先機優惠」(見備註7(e)) “First-mover Discount” (See Remarks 7(e)) (4) 「始終『瑜一』優惠 」(見備註7(f)) “IN ONE Discount” (See Remarks 7(f)) (5) 「印花稅優惠」(見備註7(g)) “Stamp Duty Discount” (See Remarks 7(g)) (6) 「早鳥優惠」(見備註7(h)) “Early Bird Benefit” (See Remarks 7(h)) (7) 延長欠妥之處之保養優惠(見備註7(j)) Extended Defect Maintenance Offer (See Remarks 7(j)) (8) 「始終瑜一」80%備用按揭貸款(見備註7(i)) ""IN ONE” 80% Standby Mortgage Loan (See Remarks 7(i))",
2023-04-02,2023-04-12,,第5座(5A) Tower 5(5A),23,C,,29128000,,"價單第2號 Price List No. 2 (1) 付款計劃(C): 「一」心一意建築期備用按揭付款 計劃: (照售價減2%) (見備註7(c)(iii)) Payment Plan (C): “ONE” Heart Standby Mortgage Loan Stage Payment Plan: (2% discount from the Price) (See Remarks 7(c)(iii)) (2) 「雙綫滙聚優惠」(見備註7(d)) ""Dual-lines Advantage Discount” (See Remarks 7(d)) (3) 「搶佔先機優惠」(見備註7(e)) “First-mover Discount” (See Remarks 7(e)) (4) 「始終『瑜一』優惠 」(見備註7(f)) “IN ONE Discount” (See Remarks 7(f)) (5) 「印花稅優惠」(見備註7(g)) “Stamp Duty Discount” (See Remarks 7(g)) (6) 「早鳥優惠」(見備註7(h)) “Early Bird Benefit” (See Remarks 7(h)) (7) 延長欠妥之處之保養優惠(見備註7(j)) Extended Defect Maintenance Offer (See Remarks 7(j)) (8) 「始終瑜一」80%備用按揭貸款(見備註7(i)) ""IN ONE” 80% Standby Mortgage Loan (See Remarks 7(i))",
2023-04-02,2023-04-12,,第5座(5A) Tower 5(5A),17,A,,28006800,,"價單第2號 Price List No. 2 (1) 付款計劃(C): 「一」心一意建築期備用按揭付款 計劃: (照售價減2%) (見備註7(c)(iii)) Payment Plan (C): “ONE” Heart Standby Mortgage Loan Stage Payment Plan: (2% discount from the Price) (See Remarks 7(c)(iii)) (2) 「雙綫滙聚優惠」(見備註7(d)) ""Dual-lines Advantage Discount” (See Remarks 7(d)) (3) 「搶佔先機優惠」(見備註7(e)) “First-mover Discount” (See Remarks 7(e)) (4) 「始終『瑜一』優惠 」(見備註7(f)) “IN ONE Discount” (See Remarks 7(f)) (5) 「印花稅優惠」(見備註7(g)) “Stamp Duty Discount” (See Remarks 7(g)) (6) 「早鳥優惠」(見備註7(h)) “Early Bird Benefit” (See Remarks 7(h)) (7) 延長欠妥之處之保養優惠(見備註7(j)) Extended Defect Maintenance Offer (See Remarks 7(j)) (8) 「始終瑜一」80%備用按揭貸款(見備註7(i)) ""IN ONE” 80% Standby Mortgage Loan (See Remarks 7(i))",
2023-04-02,2023-04-12,,第5座(5A) Tower 5(5A),2,A,,21737900,,"價單第1號 Price List No. 1 (1) 付款計劃(A): 矜貴「瑜一」120天現金優惠付款 計劃: (照售價減5%) (見備註7(c)(i)) Payment Plan (A): Prestige “IN ONE” 120-day Cash Payment Plan: (5% discount from the Price) (See Remarks 7(c)(i)) (2) 「雙綫滙聚優惠」(見備註7(d)) ""Dual-lines Advantage Discount” (See Remarks 7(d)) (3) 「搶佔先機優惠」(見備註7(e)) “First-mover Discount” (See Remarks 7(e)) (4) 「始終『瑜一』優惠 」(見備註7(f)) “IN ONE Discount” (See Remarks 7(f)) (5) 「印花稅優惠」(見備註7(g)) “Stamp Duty Discount” (See Remarks 7(g)) (6) 「早鳥優惠」(見備註7(h)) “Early Bird Benefit” (See Remarks 7(h)) (7) 延長欠妥之處之保養優惠(見備註7(j)) Extended Defect Maintenance Offer (See Remarks 7(j))",
2023-04-02,2023-04-12,,第5座(5A) Tower 5(5A),9,A,,25685400,,"價單第1號 Price List No. 1 (1) 付款計劃(C): 「一」心一意建築期備用按揭付款 計劃: (照售價減2%) (見備註7(c)(iii)) Payment Plan (C): “ONE” Heart Standby Mortgage Loan Stage Payment Plan: (2% discount from the Price) (See Remarks 7(c)(iii)) (2) 「雙綫滙聚優惠」(見備註7(d)) ""Dual-lines Advantage Discount” (See Remarks 7(d)) (3) 「搶佔先機優惠」(見備註7(e)) “First-mover Discount” (See Remarks 7(e)) (4) 「始終『瑜一』優惠 」(見備註7(f)) “IN ONE Discount” (See Remarks 7(f)) (5) 「印花稅優惠」(見備註7(g)) “Stamp Duty Discount” (See Remarks 7(g)) (6) 「早鳥優惠」(見備註7(h)) “Early Bird Benefit” (See Remarks 7(h)) (7) 延長欠妥之處之保養優惠(見備註7(j)) Extended Defect Maintenance Offer (See Remarks 7(j)) (8) 「始終瑜一」80%備用按揭貸款(見備註7(i)) ""IN ONE” 80% Standby Mortgage Loan (See Remarks 7(i))",
2023-04-02,2023-04-12,,第5座(5A) Tower 5(5A),3,A,41,22986400,"在 20-7-2023，基於 法例第35(2)(b)條所 容許的原因，售價更 改為$22,202,800.00 On 20-7-2023, the price adjusted to $22,202,800.00 due to the reason allowed under section 35(2)(b) of the Ordinance","價單第1號 Price List No. 1 (1) 付款計劃(C): 「一」心一意建築期備用按揭付款 計劃: (照售價減2%) (見備註7(c)(iii)) Payment Plan (C): “ONE” Heart Standby Mortgage Loan Stage Payment Plan: (2% discount from the Price) (See Remarks 7(c)(iii)) (2) 「雙綫滙聚優惠」(見備註7(d)) ""Dual-lines Advantage Discount” (See Remarks 7(d)) (3) 「搶佔先機優惠」(見備註7(e)) “First-mover Discount” (See Remarks 7(e)) (4) 「始終『瑜一』優惠 」(見備註7(f)) “IN ONE Discount” (See Remarks 7(f)) (5) 「印花稅優惠」(見備註7(g)) “Stamp Duty Discount” (See Remarks 7(g)) (6) 「早鳥優惠」(見備註7(h)) “Early Bird Benefit” (See Remarks 7(h)) (7) 延長欠妥之處之保養優惠(見備註7(j)) Extended Defect Maintenance Offer (See Remarks 7(j)) (8) 「始終瑜一」80%備用按揭貸款(見備註7(i)) ""IN ONE” 80% Standby Mortgage Loan (See Remarks 7(i)) 在 20/07/2023，支付條款更改為 On 20/07/2023，the terms of payment adjusted to 價單第1號 Price List No. 1 (1) 付款計劃(A): 矜貴「瑜一」120天現金優惠付款 計劃: (照售價減5%) (見備註7(c)(i)) Payment Plan (A): Prestige “IN ONE” 120-day Cash Payment Plan: (5% discount from the Price) (See Remarks 7(c)(i)) (2) 「雙綫滙聚優惠」(見備註7(d)) ""Dual-lines Advantage Discount” (See Remarks 7(d)) (3) 「搶佔先機優惠」(見備註7(e)) “First-mover Discount” (See Remarks 7(e)) (4) 「始終『瑜一』優惠 」(見備註7(f)) “IN ONE Discount” (See Remarks 7(f)) (5) 「印花稅優惠」(見備註7(g)) “Stamp Duty Discount” (See Remarks 7(g)) (6) 「早鳥優惠」(見備註7(h)) “Early Bird Benefit” (See Remarks 7(h)) (7) 延長欠妥之處之保養優惠(見備註7(j)) Extended Defect Maintenance Offer (See Remarks 7(j))",
2023-04-02,2023-04-12,,第5座(5A) Tower 5(5A),8,A,,25182000,,"價單第1號 Price List No. 1 (1) 付款計劃(C): 「一」心一意建築期備用按揭付款 計劃: (照售價減2%) (見備註7(c)(iii)) Payment Plan (C): “ONE” Heart Standby Mortgage Loan Stage Payment Plan: (2% discount from the Price) (See Remarks 7(c)(iii)) (2) 「雙綫滙聚優惠」(見備註7(d)) ""Dual-lines Advantage Discount” (See Remarks 7(d)) (3) 「搶佔先機優惠」(見備註7(e)) “First-mover Discount” (See Remarks 7(e)) (4) 「始終『瑜一』優惠 」(見備註7(f)) “IN ONE Discount” (See Remarks 7(f)) (5) 「印花稅優惠」(見備註7(g)) “Stamp Duty Discount” (See Remarks 7(g)) (6) 「早鳥優惠」(見備註7(h)) “Early Bird Benefit” (See Remarks 7(h)) (7) 延長欠妥之處之保養優惠(見備註7(j)) Extended Defect Maintenance Offer (See Remarks 7(j)) (8) 「始終瑜一」80%備用按揭貸款(見備註7(i)) ""IN ONE” 80% Standby Mortgage Loan (See Remarks 7(i))",
2023-04-02,2023-04-12,,第5座(5A) Tower 5(5A),11,A,,26755500,,"價單第1號 Price List No. 1 (1) 付款計劃(C): 「一」心一意建築期備用按揭付款 計劃: (照售價減2%) (見備註7(c)(iii)) Payment Plan (C): “ONE” Heart Standby Mortgage Loan Stage Payment Plan: (2% discount from the Price) (See Remarks 7(c)(iii)) (2) 「雙綫滙聚優惠」(見備註7(d)) ""Dual-lines Advantage Discount” (See Remarks 7(d)) (3) 「搶佔先機優惠」(見備註7(e)) “First-mover Discount” (See Remarks 7(e)) (4) 「始終『瑜一』優惠 」(見備註7(f)) “IN ONE Discount” (See Remarks 7(f)) (5) 「印花稅優惠」(見備註7(g)) “Stamp Duty Discount” (See Remarks 7(g)) (6) 「早鳥優惠」(見備註7(h)) “Early Bird Benefit” (See Remarks 7(h)) (7) 延長欠妥之處之保養優惠(見備註7(j)) Extended Defect Maintenance Offer (See Remarks 7(j)) (8) 「始終瑜一」80%備用按揭貸款(見備註7(i)) ""IN ONE” 80% Standby Mortgage Loan (See Remarks 7(i))",
2023-04-02,2023-04-12,2026-01-23,第5座(5A) Tower 5(5A),17,C,,27223600,,"價單第2號 Price List No. 2 (1) 付款計劃(C): 「一」心一意建築期備用按揭付款 計劃: (照售價減2%) (見備註7(c)(iii)) Payment Plan (C): “ONE” Heart Standby Mortgage Loan Stage Payment Plan: (2% discount from the Price) (See Remarks 7(c)(iii)) (2) 「雙綫滙聚優惠」(見備註7(d)) ""Dual-lines Advantage Discount” (See Remarks 7(d)) (3) 「搶佔先機優惠」(見備註7(e)) “First-mover Discount” (See Remarks 7(e)) (4) 「始終『瑜一』優惠 」(見備註7(f)) “IN ONE Discount” (See Remarks 7(f)) (5) 「印花稅優惠」(見備註7(g)) “Stamp Duty Discount” (See Remarks 7(g)) (6) 「早鳥優惠」(見備註7(h)) “Early Bird Benefit” (See Remarks 7(h)) (7) 延長欠妥之處之保養優惠(見備註7(j)) Extended Defect Maintenance Offer (See Remarks 7(j)) (8) 「始終瑜一」80%備用按揭貸款(見備註7(i)) ""IN ONE” 80% Standby Mortgage Loan (See Remarks 7(i))",
2023-04-02,2023-04-12,,第5座(5A) Tower 5(5A),25,A,,30217400,,"價單第2號 Price List No. 2 (1) 付款計劃(C): 「一」心一意建築期備用按揭付款 計劃: (照售價減2%) (見備註7(c)(iii)) Payment Plan (C): “ONE” Heart Standby Mortgage Loan Stage Payment Plan: (2% discount from the Price) (See Remarks 7(c)(iii)) (2) 「雙綫滙聚優惠」(見備註7(d)) ""Dual-lines Advantage Discount” (See Remarks 7(d)) (3) 「搶佔先機優惠」(見備註7(e)) “First-mover Discount” (See Remarks 7(e)) (4) 「始終『瑜一』優惠 」(見備註7(f)) “IN ONE Discount” (See Remarks 7(f)) (5) 「印花稅優惠」(見備註7(g)) “Stamp Duty Discount” (See Remarks 7(g)) (6) 「早鳥優惠」(見備註7(h)) “Early Bird Benefit” (See Remarks 7(h)) (7) 延長欠妥之處之保養優惠(見備註7(j)) Extended Defect Maintenance Offer (See Remarks 7(j)) (8) 「始終瑜一」80%備用按揭貸款(見備註7(i)) ""IN ONE” 80% Standby Mortgage Loan (See Remarks 7(i))",
2023-04-02,2023-04-12,,第5座(5A) Tower 5(5A),15,A,,27557200,,"價單第2號 Price List No. 2 (1) 付款計劃(C): 「一」心一意建築期備用按揭付款 計劃: (照售價減2%) (見備註7(c)(iii)) Payment Plan (C): “ONE” Heart Standby Mortgage Loan Stage Payment Plan: (2% discount from the Price) (See Remarks 7(c)(iii)) (2) 「雙綫滙聚優惠」(見備註7(d)) ""Dual-lines Advantage Discount” (See Remarks 7(d)) (3) 「搶佔先機優惠」(見備註7(e)) “First-mover Discount” (See Remarks 7(e)) (4) 「始終『瑜一』優惠 」(見備註7(f)) “IN ONE Discount” (See Remarks 7(f)) (5) 「印花稅優惠」(見備註7(g)) “Stamp Duty Discount” (See Remarks 7(g)) (6) 「早鳥優惠」(見備註7(h)) “Early Bird Benefit” (See Remarks 7(h)) (7) 延長欠妥之處之保養優惠(見備註7(j)) Extended Defect Maintenance Offer (See Remarks 7(j)) (8) 「始終瑜一」80%備用按揭貸款(見備註7(i)) ""IN ONE” 80% Standby Mortgage Loan (See Remarks 7(i))",
2023-04-02,2023-04-12,,第5座(5B) Tower 5(5B),16,A,,19732200,,"價單第2號 Price List No. 2 (1) 付款計劃(C): 「一」心一意建築期備用按揭付款 計劃: (照售價減2%) (見備註7(c)(iii)) Payment Plan (C): “ONE” Heart Standby Mortgage Loan Stage Payment Plan: (2% discount from the Price) (See Remarks 7(c)(iii)) (2) 「雙綫滙聚優惠」(見備註7(d)) ""Dual-lines Advantage Discount” (See Remarks 7(d)) (3) 「搶佔先機優惠」(見備註7(e)) “First-mover Discount” (See Remarks 7(e)) (4) 「始終『瑜一』優惠 」(見備註7(f)) “IN ONE Discount” (See Remarks 7(f)) (5) 「印花稅優惠」(見備註7(g)) “Stamp Duty Discount” (See Remarks 7(g)) (6) 「早鳥優惠」(見備註7(h)) “Early Bird Benefit” (See Remarks 7(h)) (7) 延長欠妥之處之保養優惠(見備註7(j)) Extended Defect Maintenance Offer (See Remarks 7(j)) (8) 「始終瑜一」80%備用按揭貸款(見備註7(i)) ""IN ONE” 80% Standby Mortgage Loan (See Remarks 7(i))",
2023-04-02,2023-04-12,,第5座(5B) Tower 5(5B),15,E,,14431100,,"價單第1號 Price List No. 1 (1) 付款計劃(C): 「一」心一意建築期備用按揭付款 計劃: (照售價減2%) (見備註7(c)(iii)) Payment Plan (C): “ONE” Heart Standby Mortgage Loan Stage Payment Plan: (2% discount from the Price) (See Remarks 7(c)(iii)) (2) 「雙綫滙聚優惠」(見備註7(d)) ""Dual-lines Advantage Discount” (See Remarks 7(d)) (3) 「搶佔先機優惠」(見備註7(e)) “First-mover Discount” (See Remarks 7(e)) (4) 「始終『瑜一』優惠 」(見備註7(f)) “IN ONE Discount” (See Remarks 7(f)) (5) 「印花稅優惠」(見備註7(g)) “Stamp Duty Discount” (See Remarks 7(g)) (6) 「早鳥優惠」(見備註7(h)) “Early Bird Benefit” (See Remarks 7(h)) (7) 延長欠妥之處之保養優惠(見備註7(j)) Extended Defect Maintenance Offer (See Remarks 7(j)) (8) 「始終瑜一」80%備用按揭貸款(見備註7(i)) ""IN ONE” 80% Standby Mortgage Loan (See Remarks 7(i))",
2023-04-02,2023-04-12,,第5座(5A) Tower 5(5A),1,B,,15379700,,"價單第2號 Price List No. 2 (1) 付款計劃(C): 「一」心一意建築期備用按揭付款 計劃: (照售價減2%) (見備註7(c)(iii)) Payment Plan (C): “ONE” Heart Standby Mortgage Loan Stage Payment Plan: (2% discount from the Price) (See Remarks 7(c)(iii)) (2) 「雙綫滙聚優惠」(見備註7(d)) ""Dual-lines Advantage Discount” (See Remarks 7(d)) (3) 「搶佔先機優惠」(見備註7(e)) “First-mover Discount” (See Remarks 7(e)) (4) 「始終『瑜一』優惠 」(見備註7(f)) “IN ONE Discount” (See Remarks 7(f)) (5) 「印花稅優惠」(見備註7(g)) “Stamp Duty Discount” (See Remarks 7(g)) (6) 「早鳥優惠」(見備註7(h)) “Early Bird Benefit” (See Remarks 7(h)) (7) 延長欠妥之處之保養優惠(見備註7(j)) Extended Defect Maintenance Offer (See Remarks 7(j)) (8) 「始終瑜一」80%備用按揭貸款(見備註7(i)) ""IN ONE” 80% Standby Mortgage Loan (See Remarks 7(i))",
2023-04-02,2023-04-12,,第5座(5A) Tower 5(5A),16,B,,16493400,,"價單第2號 Price List No. 2 (1) 付款計劃(A): 矜貴「瑜一」120天現金優惠付款 計劃: (照售價減5%) (見備註7(c)(i)) Payment Plan (A): Prestige “IN ONE” 120-day Cash Payment Plan: (5% discount from the Price) (See Remarks 7(c)(i)) (2) 「雙綫滙聚優惠」(見備註7(d)) ""Dual-lines Advantage Discount” (See Remarks 7(d)) (3) 「搶佔先機優惠」(見備註7(e)) “First-mover Discount” (See Remarks 7(e)) (4) 「始終『瑜一』優惠 」(見備註7(f)) “IN ONE Discount” (See Remarks 7(f)) (5) 「印花稅優惠」(見備註7(g)) “Stamp Duty Discount” (See Remarks 7(g)) (6) 「早鳥優惠」(見備註7(h)) “Early Bird Benefit” (See Remarks 7(h)) (7) 延長欠妥之處之保養優惠(見備註7(j)) Extended Defect Maintenance Offer (See Remarks 7(j))",
2023-04-02,2023-04-12,,第5座(5A) Tower 5(5A),3,B,,13376400,,"價單第1號 Price List No. 1 (1) 付款計劃(A): 矜貴「瑜一」120天現金優惠付款 計劃: (照售價減5%) (見備註7(c)(i)) Payment Plan (A): Prestige “IN ONE” 120-day Cash Payment Plan: (5% discount from the Price) (See Remarks 7(c)(i)) (2) 「雙綫滙聚優惠」(見備註7(d)) ""Dual-lines Advantage Discount” (See Remarks 7(d)) (3) 「搶佔先機優惠」(見備註7(e)) “First-mover Discount” (See Remarks 7(e)) (4) 「始終『瑜一』優惠 」(見備註7(f)) “IN ONE Discount” (See Remarks 7(f)) (5) 「印花稅優惠」(見備註7(g)) “Stamp Duty Discount” (See Remarks 7(g)) (6) 「早鳥優惠」(見備註7(h)) “Early Bird Benefit” (See Remarks 7(h)) (7) 延長欠妥之處之保養優惠(見備註7(j)) Extended Defect Maintenance Offer (See Remarks 7(j))",
2023-04-02,2023-04-11,2025-07-07,第5座(5B) Tower 5(5B),9,D,,13077600,,"價單第2號 Price List No. 2 (1) 付款計劃(C): 「一」心一意建築期備用按揭付款 計劃: (照售價減2%) (見備註7(c)(iii)) Payment Plan (C): “ONE” Heart Standby Mortgage Loan Stage Payment Plan: (2% discount from the Price) (See Remarks 7(c)(iii)) (2) 「雙綫滙聚優惠」(見備註7(d)) ""Dual-lines Advantage Discount” (See Remarks 7(d)) (3) 「搶佔先機優惠」(見備註7(e)) “First-mover Discount” (See Remarks 7(e)) (4) 「始終『瑜一』優惠 」(見備註7(f)) “IN ONE Discount” (See Remarks 7(f)) (5) 「印花稅優惠」(見備註7(g)) “Stamp Duty Discount” (See Remarks 7(g)) (6) 「早鳥優惠」(見備註7(h)) “Early Bird Benefit” (See Remarks 7(h)) (7) 延長欠妥之處之保養優惠(見備註7(j)) Extended Defect Maintenance Offer (See Remarks 7(j)) (8) 「始終瑜一」80%備用按揭貸款(見備註7(i)) ""IN ONE” 80% Standby Mortgage Loan (See Remarks 7(i))",
2023-04-02,2023-04-12,,第5座(5B) Tower 5(5B),11,E,,13827800,,"價單第1號 Price List No. 1 (1) 付款計劃(A): 矜貴「瑜一」120天現金優惠付款 計劃: (照售價減5%) (見備註7(c)(i)) Payment Plan (A): Prestige “IN ONE” 120-day Cash Payment Plan: (5% discount from the Price) (See Remarks 7(c)(i)) (2) 「雙綫滙聚優惠」(見備註7(d)) ""Dual-lines Advantage Discount” (See Remarks 7(d)) (3) 「搶佔先機優惠」(見備註7(e)) “First-mover Discount” (See Remarks 7(e)) (4) 「始終『瑜一』優惠 」(見備註7(f)) “IN ONE Discount” (See Remarks 7(f)) (5) 「印花稅優惠」(見備註7(g)) “Stamp Duty Discount” (See Remarks 7(g)) (6) 「早鳥優惠」(見備註7(h)) “Early Bird Benefit” (See Remarks 7(h)) (7) 延長欠妥之處之保養優惠(見備註7(j)) Extended Defect Maintenance Offer (See Remarks 7(j))",
2023-04-02,2023-04-11,,第5座(5B) Tower 5(5B),16,E,,14490000,,"價單第1號 Price List No. 1 (1) 付款計劃(C): 「一」心一意建築期備用按揭付款 計劃: (照售價減2%) (見備註7(c)(iii)) Payment Plan (C): “ONE” Heart Standby Mortgage Loan Stage Payment Plan: (2% discount from the Price) (See Remarks 7(c)(iii)) (2) 「雙綫滙聚優惠」(見備註7(d)) ""Dual-lines Advantage Discount” (See Remarks 7(d)) (3) 「搶佔先機優惠」(見備註7(e)) “First-mover Discount” (See Remarks 7(e)) (4) 「始終『瑜一』優惠 」(見備註7(f)) “IN ONE Discount” (See Remarks 7(f)) (5) 「印花稅優惠」(見備註7(g)) “Stamp Duty Discount” (See Remarks 7(g)) (6) 「早鳥優惠」(見備註7(h)) “Early Bird Benefit” (See Remarks 7(h)) (7) 延長欠妥之處之保養優惠(見備註7(j)) Extended Defect Maintenance Offer (See Remarks 7(j)) (8) 「始終瑜一」80%備用按揭貸款(見備註7(i)) ""IN ONE” 80% Standby Mortgage Loan (See Remarks 7(i))",
2023-04-02,2023-04-12,,第5座(5A) Tower 5(5A),5,B,,13986700,,"價單第1號 Price List No. 1 (1) 付款計劃(C): 「一」心一意建築期備用按揭付款 計劃: (照售價減2%) (見備註7(c)(iii)) Payment Plan (C): “ONE” Heart Standby Mortgage Loan Stage Payment Plan: (2% discount from the Price) (See Remarks 7(c)(iii)) (2) 「雙綫滙聚優惠」(見備註7(d)) ""Dual-lines Advantage Discount” (See Remarks 7(d)) (3) 「搶佔先機優惠」(見備註7(e)) “First-mover Discount” (See Remarks 7(e)) (4) 「始終『瑜一』優惠 」(見備註7(f)) “IN ONE Discount” (See Remarks 7(f)) (5) 「印花稅優惠」(見備註7(g)) “Stamp Duty Discount” (See Remarks 7(g)) (6) 「早鳥優惠」(見備註7(h)) “Early Bird Benefit” (See Remarks 7(h)) (7) 延長欠妥之處之保養優惠(見備註7(j)) Extended Defect Maintenance Offer (See Remarks 7(j)) (8) 「始終瑜一」80%備用按揭貸款(見備註7(i)) ""IN ONE” 80% Standby Mortgage Loan (See Remarks 7(i))",
2023-04-02,2023-04-12,,第5座(5A) Tower 5(5A),11,B,,15953500,,"價單第1號 Price List No. 1 (1) 付款計劃(C): 「一」心一意建築期備用按揭付款 計劃: (照售價減2%) (見備註7(c)(iii)) Payment Plan (C): “ONE” Heart Standby Mortgage Loan Stage Payment Plan: (2% discount from the Price) (See Remarks 7(c)(iii)) (2) 「雙綫滙聚優惠」(見備註7(d)) ""Dual-lines Advantage Discount” (See Remarks 7(d)) (3) 「搶佔先機優惠」(見備註7(e)) “First-mover Discount” (See Remarks 7(e)) (4) 「始終『瑜一』優惠 」(見備註7(f)) “IN ONE Discount” (See Remarks 7(f)) (5) 「印花稅優惠」(見備註7(g)) “Stamp Duty Discount” (See Remarks 7(g)) (6) 「早鳥優惠」(見備註7(h)) “Early Bird Benefit” (See Remarks 7(h)) (7) 延長欠妥之處之保養優惠(見備註7(j)) Extended Defect Maintenance Offer (See Remarks 7(j)) (8) 「始終瑜一」80%備用按揭貸款(見備註7(i)) ""IN ONE” 80% Standby Mortgage Loan (See Remarks 7(i))",
2023-04-02,2023-04-12,,第5座(5B) Tower 5(5B),7,A,,18899700,,"價單第1號 Price List No. 1 (1) 付款計劃(C): 「一」心一意建築期備用按揭付款 計劃: (照售價減2%) (見備註7(c)(iii)) Payment Plan (C): “ONE” Heart Standby Mortgage Loan Stage Payment Plan: (2% discount from the Price) (See Remarks 7(c)(iii)) (2) 「雙綫滙聚優惠」(見備註7(d)) ""Dual-lines Advantage Discount” (See Remarks 7(d)) (3) 「搶佔先機優惠」(見備註7(e)) “First-mover Discount” (See Remarks 7(e)) (4) 「始終『瑜一』優惠 」(見備註7(f)) “IN ONE Discount” (See Remarks 7(f)) (5) 「印花稅優惠」(見備註7(g)) “Stamp Duty Discount” (See Remarks 7(g)) (6) 「早鳥優惠」(見備註7(h)) “Early Bird Benefit” (See Remarks 7(h)) (7) 延長欠妥之處之保養優惠(見備註7(j)) Extended Defect Maintenance Offer (See Remarks 7(j)) (8) 「始終瑜一」80%備用按揭貸款(見備註7(i)) ""IN ONE” 80% Standby Mortgage Loan (See Remarks 7(i))",
2023-04-02,2023-04-12,,第5座(5A) Tower 5(5A),2,B,,13715600,,"價單第1號 Price List No. 1 (1) 付款計劃(C): 「一」心一意建築期備用按揭付款 計劃: (照售價減2%) (見備註7(c)(iii)) Payment Plan (C): “ONE” Heart Standby Mortgage Loan Stage Payment Plan: (2% discount from the Price) (See Remarks 7(c)(iii)) (2) 「雙綫滙聚優惠」(見備註7(d)) ""Dual-lines Advantage Discount” (See Remarks 7(d)) (3) 「搶佔先機優惠」(見備註7(e)) “First-mover Discount” (See Remarks 7(e)) (4) 「始終『瑜一』優惠 」(見備註7(f)) “IN ONE Discount” (See Remarks 7(f)) (5) 「印花稅優惠」(見備註7(g)) “Stamp Duty Discount” (See Remarks 7(g)) (6) 「早鳥優惠」(見備註7(h)) “Early Bird Benefit” (See Remarks 7(h)) (7) 延長欠妥之處之保養優惠(見備註7(j)) Extended Defect Maintenance Offer (See Remarks 7(j)) (8) 「始終瑜一」80%備用按揭貸款(見備註7(i)) ""IN ONE” 80% Standby Mortgage Loan (See Remarks 7(i))",
2023-04-02,2023-04-12,,第5座(5B) Tower 5(5B),10,D,,13130400,,"價單第2號 Price List No. 2 (1) 付款計劃(C): 「一」心一意建築期備用按揭付款 計劃: (照售價減2%) (見備註7(c)(iii)) Payment Plan (C): “ONE” Heart Standby Mortgage Loan Stage Payment Plan: (2% discount from the Price) (See Remarks 7(c)(iii)) (2) 「雙綫滙聚優惠」(見備註7(d)) ""Dual-lines Advantage Discount” (See Remarks 7(d)) (3) 「搶佔先機優惠」(見備註7(e)) “First-mover Discount” (See Remarks 7(e)) (4) 「始終『瑜一』優惠 」(見備註7(f)) “IN ONE Discount” (See Remarks 7(f)) (5) 「印花稅優惠」(見備註7(g)) “Stamp Duty Discount” (See Remarks 7(g)) (6) 「早鳥優惠」(見備註7(h)) “Early Bird Benefit” (See Remarks 7(h)) (7) 延長欠妥之處之保養優惠(見備註7(j)) Extended Defect Maintenance Offer (See Remarks 7(j)) (8) 「始終瑜一」80%備用按揭貸款(見備註7(i)) ""IN ONE” 80% Standby Mortgage Loan (See Remarks 7(i))",
2023-04-02,2023-04-12,,第5座(5A) Tower 5(5A),8,B,,14887800,,"價單第1號 Price List No. 1 (1) 付款計劃(C): 「一」心一意建築期備用按揭付款 計劃: (照售價減2%) (見備註7(c)(iii)) Payment Plan (C): “ONE” Heart Standby Mortgage Loan Stage Payment Plan: (2% discount from the Price) (See Remarks 7(c)(iii)) (2) 「雙綫滙聚優惠」(見備註7(d)) ""Dual-lines Advantage Discount” (See Remarks 7(d)) (3) 「搶佔先機優惠」(見備註7(e)) “First-mover Discount” (See Remarks 7(e)) (4) 「始終『瑜一』優惠 」(見備註7(f)) “IN ONE Discount” (See Remarks 7(f)) (5) 「印花稅優惠」(見備註7(g)) “Stamp Duty Discount” (See Remarks 7(g)) (6) 「早鳥優惠」(見備註7(h)) “Early Bird Benefit” (See Remarks 7(h)) (7) 延長欠妥之處之保養優惠(見備註7(j)) Extended Defect Maintenance Offer (See Remarks 7(j)) (8) 「始終瑜一」80%備用按揭貸款(見備註7(i)) ""IN ONE” 80% Standby Mortgage Loan (See Remarks 7(i))",
2023-04-02,2023-04-12,,第5座(5B) Tower 5(5B),7,C,,12387000,,"價單第1號 Price List No. 1 (1) 付款計劃(A): 矜貴「瑜一」120天現金優惠付款 計劃: (照售價減5%) (見備註7(c)(i)) Payment Plan (A): Prestige “IN ONE” 120-day Cash Payment Plan: (5% discount from the Price) (See Remarks 7(c)(i)) (2) 「雙綫滙聚優惠」(見備註7(d)) ""Dual-lines Advantage Discount” (See Remarks 7(d)) (3) 「搶佔先機優惠」(見備註7(e)) “First-mover Discount” (See Remarks 7(e)) (4) 「始終『瑜一』優惠 」(見備註7(f)) “IN ONE Discount” (See Remarks 7(f)) (5) 「印花稅優惠」(見備註7(g)) “Stamp Duty Discount” (See Remarks 7(g)) (6) 「早鳥優惠」(見備註7(h)) “Early Bird Benefit” (See Remarks 7(h)) (7) 延長欠妥之處之保養優惠(見備註7(j)) Extended Defect Maintenance Offer (See Remarks 7(j))",
2023-04-02,2023-04-12,,第5座(5B) Tower 5(5B),6,C,,12741500,,"價單第1號 Price List No. 1 (1) 付款計劃(C): 「一」心一意建築期備用按揭付款 計劃: (照售價減2%) (見備註7(c)(iii)) Payment Plan (C): “ONE” Heart Standby Mortgage Loan Stage Payment Plan: (2% discount from the Price) (See Remarks 7(c)(iii)) (2) 「雙綫滙聚優惠」(見備註7(d)) ""Dual-lines Advantage Discount” (See Remarks 7(d)) (3) 「搶佔先機優惠」(見備註7(e)) “First-mover Discount” (See Remarks 7(e)) (4) 「始終『瑜一』優惠 」(見備註7(f)) “IN ONE Discount” (See Remarks 7(f)) (5) 「印花稅優惠」(見備註7(g)) “Stamp Duty Discount” (See Remarks 7(g)) (6) 「早鳥優惠」(見備註7(h)) “Early Bird Benefit” (See Remarks 7(h)) (7) 延長欠妥之處之保養優惠(見備註7(j)) Extended Defect Maintenance Offer (See Remarks 7(j)) (8) 「始終瑜一」80%備用按揭貸款(見備註7(i)) ""IN ONE” 80% Standby Mortgage Loan (See Remarks 7(i))",
2023-04-02,2023-04-12,,第5座(5B) Tower 5(5B),7,E,,14090500,,"價單第1號 Price List No. 1 (1) 付款計劃(C): 「一」心一意建築期備用按揭付款 計劃: (照售價減2%) (見備註7(c)(iii)) Payment Plan (C): “ONE” Heart Standby Mortgage Loan Stage Payment Plan: (2% discount from the Price) (See Remarks 7(c)(iii)) (2) 「雙綫滙聚優惠」(見備註7(d)) ""Dual-lines Advantage Discount” (See Remarks 7(d)) (3) 「搶佔先機優惠」(見備註7(e)) “First-mover Discount” (See Remarks 7(e)) (4) 「始終『瑜一』優惠 」(見備註7(f)) “IN ONE Discount” (See Remarks 7(f)) (5) 「印花稅優惠」(見備註7(g)) “Stamp Duty Discount” (See Remarks 7(g)) (6) 「早鳥優惠」(見備註7(h)) “Early Bird Benefit” (See Remarks 7(h)) (7) 延長欠妥之處之保養優惠(見備註7(j)) Extended Defect Maintenance Offer (See Remarks 7(j)) (8) 「始終瑜一」80%備用按揭貸款(見備註7(i)) ""IN ONE” 80% Standby Mortgage Loan (See Remarks 7(i))",
2023-04-02,2023-04-12,,第5座(5A) Tower 5(5A),10,B,,15489700,,"價單第1號 Price List No. 1 (1) 付款計劃(C): 「一」心一意建築期備用按揭付款 計劃: (照售價減2%) (見備註7(c)(iii)) Payment Plan (C): “ONE” Heart Standby Mortgage Loan Stage Payment Plan: (2% discount from the Price) (See Remarks 7(c)(iii)) (2) 「雙綫滙聚優惠」(見備註7(d)) ""Dual-lines Advantage Discount” (See Remarks 7(d)) (3) 「搶佔先機優惠」(見備註7(e)) “First-mover Discount” (See Remarks 7(e)) (4) 「始終『瑜一』優惠 」(見備註7(f)) “IN ONE Discount” (See Remarks 7(f)) (5) 「印花稅優惠」(見備註7(g)) “Stamp Duty Discount” (See Remarks 7(g)) (6) 「早鳥優惠」(見備註7(h)) “Early Bird Benefit” (See Remarks 7(h)) (7) 延長欠妥之處之保養優惠(見備註7(j)) Extended Defect Maintenance Offer (See Remarks 7(j)) (8) 「始終瑜一」80%備用按揭貸款(見備註7(i)) ""IN ONE” 80% Standby Mortgage Loan (See Remarks 7(i))",
2023-04-02,2023-04-12,,第5座(5A) Tower 5(5A),9,B,,15186100,,"價單第1號 Price List No. 1 (1) 付款計劃(C): 「一」心一意建築期備用按揭付款 計劃: (照售價減2%) (見備註7(c)(iii)) Payment Plan (C): “ONE” Heart Standby Mortgage Loan Stage Payment Plan: (2% discount from the Price) (See Remarks 7(c)(iii)) (2) 「雙綫滙聚優惠」(見備註7(d)) ""Dual-lines Advantage Discount” (See Remarks 7(d)) (3) 「搶佔先機優惠」(見備註7(e)) “First-mover Discount” (See Remarks 7(e)) (4) 「始終『瑜一』優惠 」(見備註7(f)) “IN ONE Discount” (See Remarks 7(f)) (5) 「印花稅優惠」(見備註7(g)) “Stamp Duty Discount” (See Remarks 7(g)) (6) 「早鳥優惠」(見備註7(h)) “Early Bird Benefit” (See Remarks 7(h)) (7) 延長欠妥之處之保養優惠(見備註7(j)) Extended Defect Maintenance Offer (See Remarks 7(j)) (8) 「始終瑜一」80%備用按揭貸款(見備註7(i)) ""IN ONE” 80% Standby Mortgage Loan (See Remarks 7(i))",
2023-04-02,2023-04-12,2025-07-07,第5座(5B) Tower 5(5B),8,E,,14203200,,"價單第1號 Price List No. 1 (1) 付款計劃(C): 「一」心一意建築期備用按揭付款 計劃: (照售價減2%) (見備註7(c)(iii)) Payment Plan (C): “ONE” Heart Standby Mortgage Loan Stage Payment Plan: (2% discount from the Price) (See Remarks 7(c)(iii)) (2) 「雙綫滙聚優惠」(見備註7(d)) ""Dual-lines Advantage Discount” (See Remarks 7(d)) (3) 「搶佔先機優惠」(見備註7(e)) “First-mover Discount” (See Remarks 7(e)) (4) 「始終『瑜一』優惠 」(見備註7(f)) “IN ONE Discount” (See Remarks 7(f)) (5) 「印花稅優惠」(見備註7(g)) “Stamp Duty Discount” (See Remarks 7(g)) (6) 「早鳥優惠」(見備註7(h)) “Early Bird Benefit” (See Remarks 7(h)) (7) 延長欠妥之處之保養優惠(見備註7(j)) Extended Defect Maintenance Offer (See Remarks 7(j)) (8) 「始終瑜一」80%備用按揭貸款(見備註7(i)) ""IN ONE” 80% Standby Mortgage Loan (See Remarks 7(i))",
2023-04-02,2023-04-12,,第5座(5B) Tower 5(5B),9,E,,14203200,,"價單第1號 Price List No. 1 (1) 付款計劃(C): 「一」心一意建築期備用按揭付款 計劃: (照售價減2%) (見備註7(c)(iii)) Payment Plan (C): “ONE” Heart Standby Mortgage Loan Stage Payment Plan: (2% discount from the Price) (See Remarks 7(c)(iii)) (2) 「雙綫滙聚優惠」(見備註7(d)) ""Dual-lines Advantage Discount” (See Remarks 7(d)) (3) 「搶佔先機優惠」(見備註7(e)) “First-mover Discount” (See Remarks 7(e)) (4) 「始終『瑜一』優惠 」(見備註7(f)) “IN ONE Discount” (See Remarks 7(f)) (5) 「印花稅優惠」(見備註7(g)) “Stamp Duty Discount” (See Remarks 7(g)) (6) 「早鳥優惠」(見備註7(h)) “Early Bird Benefit” (See Remarks 7(h)) (7) 延長欠妥之處之保養優惠(見備註7(j)) Extended Defect Maintenance Offer (See Remarks 7(j)) (8) 「始終瑜一」80%備用按揭貸款(見備註7(i)) ""IN ONE” 80% Standby Mortgage Loan (See Remarks 7(i))",
2023-04-02,2023-04-12,,第5座(5B) Tower 5(5B),9,B,,13001100,,"價單第2號 Price List No. 2 (1) 付款計劃(C): 「一」心一意建築期備用按揭付款 計劃: (照售價減2%) (見備註7(c)(iii)) Payment Plan (C): “ONE” Heart Standby Mortgage Loan Stage Payment Plan: (2% discount from the Price) (See Remarks 7(c)(iii)) (2) 「雙綫滙聚優惠」(見備註7(d)) ""Dual-lines Advantage Discount” (See Remarks 7(d)) (3) 「搶佔先機優惠」(見備註7(e)) “First-mover Discount” (See Remarks 7(e)) (4) 「始終『瑜一』優惠 」(見備註7(f)) “IN ONE Discount” (See Remarks 7(f)) (5) 「印花稅優惠」(見備註7(g)) “Stamp Duty Discount” (See Remarks 7(g)) (6) 「早鳥優惠」(見備註7(h)) “Early Bird Benefit” (See Remarks 7(h)) (7) 延長欠妥之處之保養優惠(見備註7(j)) Extended Defect Maintenance Offer (See Remarks 7(j)) (8) 「始終瑜一」80%備用按揭貸款(見備註7(i)) ""IN ONE” 80% Standby Mortgage Loan (See Remarks 7(i))",
2023-04-02,2023-04-12,,第5座(5A) Tower 5(5A),12,B,,16470900,,"價單第2號 Price List No. 2 (1) 付款計劃(C): 「一」心一意建築期備用按揭付款 計劃: (照售價減2%) (見備註7(c)(iii)) Payment Plan (C): “ONE” Heart Standby Mortgage Loan Stage Payment Plan: (2% discount from the Price) (See Remarks 7(c)(iii)) (2) 「雙綫滙聚優惠」(見備註7(d)) ""Dual-lines Advantage Discount” (See Remarks 7(d)) (3) 「搶佔先機優惠」(見備註7(e)) “First-mover Discount” (See Remarks 7(e)) (4) 「始終『瑜一』優惠 」(見備註7(f)) “IN ONE Discount” (See Remarks 7(f)) (5) 「印花稅優惠」(見備註7(g)) “Stamp Duty Discount” (See Remarks 7(g)) (6) 「早鳥優惠」(見備註7(h)) “Early Bird Benefit” (See Remarks 7(h)) (7) 延長欠妥之處之保養優惠(見備註7(j)) Extended Defect Maintenance Offer (See Remarks 7(j)) (8) 「始終瑜一」80%備用按揭貸款(見備註7(i)) ""IN ONE” 80% Standby Mortgage Loan (See Remarks 7(i))",
2023-04-02,2023-04-12,,第5座(5A) Tower 5(5A),18,B,,17553300,,"價單第2號 Price List No. 2 (1) 付款計劃(C): 「一」心一意建築期備用按揭付款 計劃: (照售價減2%) (見備註7(c)(iii)) Payment Plan (C): “ONE” Heart Standby Mortgage Loan Stage Payment Plan: (2% discount from the Price) (See Remarks 7(c)(iii)) (2) 「雙綫滙聚優惠」(見備註7(d)) ""Dual-lines Advantage Discount” (See Remarks 7(d)) (3) 「搶佔先機優惠」(見備註7(e)) “First-mover Discount” (See Remarks 7(e)) (4) 「始終『瑜一』優惠 」(見備註7(f)) “IN ONE Discount” (See Remarks 7(f)) (5) 「印花稅優惠」(見備註7(g)) “Stamp Duty Discount” (See Remarks 7(g)) (6) 「早鳥優惠」(見備註7(h)) “Early Bird Benefit” (See Remarks 7(h)) (7) 延長欠妥之處之保養優惠(見備註7(j)) Extended Defect Maintenance Offer (See Remarks 7(j)) (8) 「始終瑜一」80%備用按揭貸款(見備註7(i)) ""IN ONE” 80% Standby Mortgage Loan (See Remarks 7(i))",
2023-04-02,2023-04-12,2025-07-07,第5座(5A) Tower 5(5A),7,B,,14595600,,"價單第1號 Price List No. 1 (1) 付款計劃(C): 「一」心一意建築期備用按揭付款 計劃: (照售價減2%) (見備註7(c)(iii)) Payment Plan (C): “ONE” Heart Standby Mortgage Loan Stage Payment Plan: (2% discount from the Price) (See Remarks 7(c)(iii)) (2) 「雙綫滙聚優惠」(見備註7(d)) ""Dual-lines Advantage Discount” (See Remarks 7(d)) (3) 「搶佔先機優惠」(見備註7(e)) “First-mover Discount” (See Remarks 7(e)) (4) 「始終『瑜一』優惠 」(見備註7(f)) “IN ONE Discount” (See Remarks 7(f)) (5) 「印花稅優惠」(見備註7(g)) “Stamp Duty Discount” (See Remarks 7(g)) (6) 「早鳥優惠」(見備註7(h)) “Early Bird Benefit” (See Remarks 7(h)) (7) 延長欠妥之處之保養優惠(見備註7(j)) Extended Defect Maintenance Offer (See Remarks 7(j)) (8) 「始終瑜一」80%備用按揭貸款(見備註7(i)) ""IN ONE” 80% Standby Mortgage Loan (See Remarks 7(i))",
2023-04-02,2023-04-12,,第5座(5B) Tower 5(5B),9,F,,13488600,,"價單第1號 Price List No. 1 (1) 付款計劃(C): 「一」心一意建築期備用按揭付款 計劃: (照售價減2%) (見備註7(c)(iii)) Payment Plan (C): “ONE” Heart Standby Mortgage Loan Stage Payment Plan: (2% discount from the Price) (See Remarks 7(c)(iii)) (2) 「雙綫滙聚優惠」(見備註7(d)) ""Dual-lines Advantage Discount” (See Remarks 7(d)) (3) 「搶佔先機優惠」(見備註7(e)) “First-mover Discount” (See Remarks 7(e)) (4) 「始終『瑜一』優惠 」(見備註7(f)) “IN ONE Discount” (See Remarks 7(f)) (5) 「印花稅優惠」(見備註7(g)) “Stamp Duty Discount” (See Remarks 7(g)) (6) 「早鳥優惠」(見備註7(h)) “Early Bird Benefit” (See Remarks 7(h)) (7) 延長欠妥之處之保養優惠(見備註7(j)) Extended Defect Maintenance Offer (See Remarks 7(j)) (8) 「始終瑜一」80%備用按揭貸款(見備註7(i)) ""IN ONE” 80% Standby Mortgage Loan (See Remarks 7(i))",
2023-04-02,2023-04-12,,第5座(5B) Tower 5(5B),3,E,,13685100,,"價單第1號 Price List No. 1 (1) 付款計劃(B):「瑜」理所願360天現金優惠付款 計劃: (照售價減3.5%) (見備註7(c)(ii)) Payment Plan (B): “IN” Your Wish 360-day Cash Payment Plan: (3.5% discount from the Price) (See Remarks 7(c)(ii)) (2) 「雙綫滙聚優惠」(見備註7(d)) ""Dual-lines Advantage Discount” (See Remarks 7(d)) (3) 「搶佔先機優惠」(見備註7(e)) “First-mover Discount” (See Remarks 7(e)) (4) 「始終『瑜一』優惠 」(見備註7(f)) “IN ONE Discount” (See Remarks 7(f)) (5) 「印花稅優惠」(見備註7(g)) “Stamp Duty Discount” (See Remarks 7(g)) (6) 「早鳥優惠」(見備註7(h)) “Early Bird Benefit” (See Remarks 7(h)) (7) 延長欠妥之處之保養優惠(見備註7(j)) Extended Defect Maintenance Offer (See Remarks 7(j))",
2023-04-02,2023-04-12,,第5座(5B) Tower 5(5B),11,F,,13737600,,"價單第1號 Price List No. 1 (1) 付款計劃(C): 「一」心一意建築期備用按揭付款 計劃: (照售價減2%) (見備註7(c)(iii)) Payment Plan (C): “ONE” Heart Standby Mortgage Loan Stage Payment Plan: (2% discount from the Price) (See Remarks 7(c)(iii)) (2) 「雙綫滙聚優惠」(見備註7(d)) ""Dual-lines Advantage Discount” (See Remarks 7(d)) (3) 「搶佔先機優惠」(見備註7(e)) “First-mover Discount” (See Remarks 7(e)) (4) 「始終『瑜一』優惠 」(見備註7(f)) “IN ONE Discount” (See Remarks 7(f)) (5) 「印花稅優惠」(見備註7(g)) “Stamp Duty Discount” (See Remarks 7(g)) (6) 「早鳥優惠」(見備註7(h)) “Early Bird Benefit” (See Remarks 7(h)) (7) 延長欠妥之處之保養優惠(見備註7(j)) Extended Defect Maintenance Offer (See Remarks 7(j)) (8) 「始終瑜一」80%備用按揭貸款(見備註7(i)) ""IN ONE” 80% Standby Mortgage Loan (See Remarks 7(i))",
2023-04-02,2023-04-12,,第5座(5B) Tower 5(5B),22,E,,15452300,,"價單第2號 Price List No. 2 (1) 付款計劃(B):「瑜」理所願360天現金優惠付款 計劃: (照售價減3.5%) (見備註7(c)(ii)) Payment Plan (B): “IN” Your Wish 360-day Cash Payment Plan: (3.5% discount from the Price) (See Remarks 7(c)(ii)) (2) 「雙綫滙聚優惠」(見備註7(d)) ""Dual-lines Advantage Discount” (See Remarks 7(d)) (3) 「搶佔先機優惠」(見備註7(e)) “First-mover Discount” (See Remarks 7(e)) (4) 「始終『瑜一』優惠 」(見備註7(f)) “IN ONE Discount” (See Remarks 7(f)) (5) 「印花稅優惠」(見備註7(g)) “Stamp Duty Discount” (See Remarks 7(g)) (6) 「早鳥優惠」(見備註7(h)) “Early Bird Benefit” (See Remarks 7(h)) (7) 延長欠妥之處之保養優惠(見備註7(j)) Extended Defect Maintenance Offer (See Remarks 7(j))",
2023-04-02,2023-04-12,,第5座(5B) Tower 5(5B),1,D,,13169200,,"價單第2號 Price List No. 2 (1) 付款計劃(C): 「一」心一意建築期備用按揭付款 計劃: (照售價減2%) (見備註7(c)(iii)) Payment Plan (C): “ONE” Heart Standby Mortgage Loan Stage Payment Plan: (2% discount from the Price) (See Remarks 7(c)(iii)) (2) 「雙綫滙聚優惠」(見備註7(d)) ""Dual-lines Advantage Discount” (See Remarks 7(d)) (3) 「搶佔先機優惠」(見備註7(e)) “First-mover Discount” (See Remarks 7(e)) (4) 「始終『瑜一』優惠 」(見備註7(f)) “IN ONE Discount” (See Remarks 7(f)) (5) 「印花稅優惠」(見備註7(g)) “Stamp Duty Discount” (See Remarks 7(g)) (6) 「早鳥優惠」(見備註7(h)) “Early Bird Benefit” (See Remarks 7(h)) (7) 延長欠妥之處之保養優惠(見備註7(j)) Extended Defect Maintenance Offer (See Remarks 7(j)) (8) 「始終瑜一」80%備用按揭貸款(見備註7(i)) ""IN ONE” 80% Standby Mortgage Loan (See Remarks 7(i))",
2023-04-02,2023-04-12,,第5座(5B) Tower 5(5B),12,E,,14374800,,"價單第1號 Price List No. 1 (1) 付款計劃(C): 「一」心一意建築期備用按揭付款 計劃: (照售價減2%) (見備註7(c)(iii)) Payment Plan (C): “ONE” Heart Standby Mortgage Loan Stage Payment Plan: (2% discount from the Price) (See Remarks 7(c)(iii)) (2) 「雙綫滙聚優惠」(見備註7(d)) ""Dual-lines Advantage Discount” (See Remarks 7(d)) (3) 「搶佔先機優惠」(見備註7(e)) “First-mover Discount” (See Remarks 7(e)) (4) 「始終『瑜一』優惠 」(見備註7(f)) “IN ONE Discount” (See Remarks 7(f)) (5) 「印花稅優惠」(見備註7(g)) “Stamp Duty Discount” (See Remarks 7(g)) (6) 「早鳥優惠」(見備註7(h)) “Early Bird Benefit” (See Remarks 7(h)) (7) 延長欠妥之處之保養優惠(見備註7(j)) Extended Defect Maintenance Offer (See Remarks 7(j)) (8) 「始終瑜一」80%備用按揭貸款(見備註7(i)) ""IN ONE” 80% Standby Mortgage Loan (See Remarks 7(i))",
2023-04-02,2023-04-12,,第5座(5B) Tower 5(5B),6,E,,14034200,,"價單第1號 Price List No. 1 (1) 付款計劃(C): 「一」心一意建築期備用按揭付款 計劃: (照售價減2%) (見備註7(c)(iii)) Payment Plan (C): “ONE” Heart Standby Mortgage Loan Stage Payment Plan: (2% discount from the Price) (See Remarks 7(c)(iii)) (2) 「雙綫滙聚優惠」(見備註7(d)) ""Dual-lines Advantage Discount” (See Remarks 7(d)) (3) 「搶佔先機優惠」(見備註7(e)) “First-mover Discount” (See Remarks 7(e)) (4) 「始終『瑜一』優惠 」(見備註7(f)) “IN ONE Discount” (See Remarks 7(f)) (5) 「印花稅優惠」(見備註7(g)) “Stamp Duty Discount” (See Remarks 7(g)) (6) 「早鳥優惠」(見備註7(h)) “Early Bird Benefit” (See Remarks 7(h)) (7) 延長欠妥之處之保養優惠(見備註7(j)) Extended Defect Maintenance Offer (See Remarks 7(j)) (8) 「始終瑜一」80%備用按揭貸款(見備註7(i)) ""IN ONE” 80% Standby Mortgage Loan (See Remarks 7(i))",
2023-04-02,2023-04-12,,第5座(5B) Tower 5(5B),1,E,,15025100,,"價單第2號 Price List No. 2 (1) 付款計劃(C): 「一」心一意建築期備用按揭付款 計劃: (照售價減2%) (見備註7(c)(iii)) Payment Plan (C): “ONE” Heart Standby Mortgage Loan Stage Payment Plan: (2% discount from the Price) (See Remarks 7(c)(iii)) (2) 「雙綫滙聚優惠」(見備註7(d)) ""Dual-lines Advantage Discount” (See Remarks 7(d)) (3) 「搶佔先機優惠」(見備註7(e)) “First-mover Discount” (See Remarks 7(e)) (4) 「始終『瑜一』優惠 」(見備註7(f)) “IN ONE Discount” (See Remarks 7(f)) (5) 「印花稅優惠」(見備註7(g)) “Stamp Duty Discount” (See Remarks 7(g)) (6) 「早鳥優惠」(見備註7(h)) “Early Bird Benefit” (See Remarks 7(h)) (7) 延長欠妥之處之保養優惠(見備註7(j)) Extended Defect Maintenance Offer (See Remarks 7(j)) (8) 「始終瑜一」80%備用按揭貸款(見備註7(i)) ""IN ONE” 80% Standby Mortgage Loan (See Remarks 7(i))",
2023-04-02,2023-04-12,,第5座(5A) Tower 5(5A),19,B,,17553300,,"價單第2號 Price List No. 2 (1) 付款計劃(C): 「一」心一意建築期備用按揭付款 計劃: (照售價減2%) (見備註7(c)(iii)) Payment Plan (C): “ONE” Heart Standby Mortgage Loan Stage Payment Plan: (2% discount from the Price) (See Remarks 7(c)(iii)) (2) 「雙綫滙聚優惠」(見備註7(d)) ""Dual-lines Advantage Discount” (See Remarks 7(d)) (3) 「搶佔先機優惠」(見備註7(e)) “First-mover Discount” (See Remarks 7(e)) (4) 「始終『瑜一』優惠 」(見備註7(f)) “IN ONE Discount” (See Remarks 7(f)) (5) 「印花稅優惠」(見備註7(g)) “Stamp Duty Discount” (See Remarks 7(g)) (6) 「早鳥優惠」(見備註7(h)) “Early Bird Benefit” (See Remarks 7(h)) (7) 延長欠妥之處之保養優惠(見備註7(j)) Extended Defect Maintenance Offer (See Remarks 7(j)) (8) 「始終瑜一」80%備用按揭貸款(見備註7(i)) ""IN ONE” 80% Standby Mortgage Loan (See Remarks 7(i))",
2023-04-02,2023-04-12,2025-07-07,第5座(5B) Tower 5(5B),10,E,,14259500,,"價單第1號 Price List No. 1 (1) 付款計劃(C): 「一」心一意建築期備用按揭付款 計劃: (照售價減2%) (見備註7(c)(iii)) Payment Plan (C): “ONE” Heart Standby Mortgage Loan Stage Payment Plan: (2% discount from the Price) (See Remarks 7(c)(iii)) (2) 「雙綫滙聚優惠」(見備註7(d)) ""Dual-lines Advantage Discount” (See Remarks 7(d)) (3) 「搶佔先機優惠」(見備註7(e)) “First-mover Discount” (See Remarks 7(e)) (4) 「始終『瑜一』優惠 」(見備註7(f)) “IN ONE Discount” (See Remarks 7(f)) (5) 「印花稅優惠」(見備註7(g)) “Stamp Duty Discount” (See Remarks 7(g)) (6) 「早鳥優惠」(見備註7(h)) “Early Bird Benefit” (See Remarks 7(h)) (7) 延長欠妥之處之保養優惠(見備註7(j)) Extended Defect Maintenance Offer (See Remarks 7(j)) (8) 「始終瑜一」80%備用按揭貸款(見備註7(i)) ""IN ONE” 80% Standby Mortgage Loan (See Remarks 7(i))",
2023-04-02,2023-04-12,,第5座(5B) Tower 5(5B),2,E,,13867900,,"價單第1號 Price List No. 1 (1) 付款計劃(C): 「一」心一意建築期備用按揭付款 計劃: (照售價減2%) (見備註7(c)(iii)) Payment Plan (C): “ONE” Heart Standby Mortgage Loan Stage Payment Plan: (2% discount from the Price) (See Remarks 7(c)(iii)) (2) 「雙綫滙聚優惠」(見備註7(d)) ""Dual-lines Advantage Discount” (See Remarks 7(d)) (3) 「搶佔先機優惠」(見備註7(e)) “First-mover Discount” (See Remarks 7(e)) (4) 「始終『瑜一』優惠 」(見備註7(f)) “IN ONE Discount” (See Remarks 7(f)) (5) 「印花稅優惠」(見備註7(g)) “Stamp Duty Discount” (See Remarks 7(g)) (6) 「早鳥優惠」(見備註7(h)) “Early Bird Benefit” (See Remarks 7(h)) (7) 延長欠妥之處之保養優惠(見備註7(j)) Extended Defect Maintenance Offer (See Remarks 7(j)) (8) 「始終瑜一」80%備用按揭貸款(見備註7(i)) ""IN ONE” 80% Standby Mortgage Loan (See Remarks 7(i))",
2023-04-02,2023-04-12,,第5座(5B) Tower 5(5B),25,E,,15994000,,"價單第2號 Price List No. 2 (1) 付款計劃(C): 「一」心一意建築期備用按揭付款 計劃: (照售價減2%) (見備註7(c)(iii)) Payment Plan (C): “ONE” Heart Standby Mortgage Loan Stage Payment Plan: (2% discount from the Price) (See Remarks 7(c)(iii)) (2) 「雙綫滙聚優惠」(見備註7(d)) ""Dual-lines Advantage Discount” (See Remarks 7(d)) (3) 「搶佔先機優惠」(見備註7(e)) “First-mover Discount” (See Remarks 7(e)) (4) 「始終『瑜一』優惠 」(見備註7(f)) “IN ONE Discount” (See Remarks 7(f)) (5) 「印花稅優惠」(見備註7(g)) “Stamp Duty Discount” (See Remarks 7(g)) (6) 「早鳥優惠」(見備註7(h)) “Early Bird Benefit” (See Remarks 7(h)) (7) 延長欠妥之處之保養優惠(見備註7(j)) Extended Defect Maintenance Offer (See Remarks 7(j)) (8) 「始終瑜一」80%備用按揭貸款(見備註7(i)) ""IN ONE” 80% Standby Mortgage Loan (See Remarks 7(i))",
2023-04-02,2023-04-12,,第5座(5B) Tower 5(5B),28,E,,17921900,"在 20-6-2023，基於 法例第35(2)(b)條所 容許的原因，售價更 改為$17,611,100.00 On 20-6-2023, the price adjusted to $17,611,100.00 due to the reason allowed under section 35(2)(b) of the Ordinance","價單第2號 Price List No. 2 (1) 付款計劃(B):「瑜」理所願360天現金優惠付款 計劃: (照售價減3.5%) (見備註7(c)(ii)) Payment Plan (B): “IN” Your Wish 360-day Cash Payment Plan: (3.5% discount from the Price) (See Remarks 7(c)(ii)) (2) 「雙綫滙聚優惠」(見備註7(d)) ""Dual-lines Advantage Discount” (See Remarks 7(d)) (3) 「搶佔先機優惠」(見備註7(e)) “First-mover Discount” (See Remarks 7(e)) (4) 「始終『瑜一』優惠 」(見備註7(f)) “IN ONE Discount” (See Remarks 7(f)) (5) 「印花稅優惠」(見備註7(g)) “Stamp Duty Discount” (See Remarks 7(g)) (6) 「早鳥優惠」(見備註7(h)) “Early Bird Benefit” (See Remarks 7(h)) (7) 延長欠妥之處之保養優惠(見備註7(j)) Extended Defect Maintenance Offer (See Remarks 7(j)) 在 20/06/2023，支付條款更改為 On 20/06/2023，the terms of payment adjusted to 價單第2號 Price List No. 2 (1) 付款計劃(A): 矜貴「瑜一」120天現金優惠付款 計劃: (照售價減5%) (見備註7(c)(i)) Payment Plan (A): Prestige “IN ONE” 120-day Cash Payment Plan: (5% discount from the Price) (See Remarks 7(c)(i)) (2) 「雙綫滙聚優惠」(見備註7(d)) ""Dual-lines Advantage Discount” (See Remarks 7(d)) (3) 「搶佔先機優惠」(見備註7(e)) “First-mover Discount” (See Remarks 7(e)) (4) 「始終『瑜一』優惠 」(見備註7(f)) “IN ONE Discount” (See Remarks 7(f)) (5) 「印花稅優惠」(見備註7(g)) “Stamp Duty Discount” (See Remarks 7(g)) (6) 「早鳥優惠」(見備註7(h)) “Early Bird Benefit” (See Remarks 7(h)) (7) 延長欠妥之處之保養優惠(見備註7(j)) Extended Defect Maintenance Offer (See Remarks 7(j))",
2023-04-02,2023-04-12,,第5座(5B) Tower 5(5B),6,B,,12767900,,"價單第2號 Price List No. 2 (1) 付款計劃(C): 「一」心一意建築期備用按揭付款 計劃: (照售價減2%) (見備註7(c)(iii)) Payment Plan (C): “ONE” Heart Standby Mortgage Loan Stage Payment Plan: (2% discount from the Price) (See Remarks 7(c)(iii)) (2) 「雙綫滙聚優惠」(見備註7(d)) ""Dual-lines Advantage Discount” (See Remarks 7(d)) (3) 「搶佔先機優惠」(見備註7(e)) “First-mover Discount” (See Remarks 7(e)) (4) 「始終『瑜一』優惠 」(見備註7(f)) “IN ONE Discount” (See Remarks 7(f)) (5) 「印花稅優惠」(見備註7(g)) “Stamp Duty Discount” (See Remarks 7(g)) (6) 「早鳥優惠」(見備註7(h)) “Early Bird Benefit” (See Remarks 7(h)) (7) 延長欠妥之處之保養優惠(見備註7(j)) Extended Defect Maintenance Offer (See Remarks 7(j)) (8) 「始終瑜一」80%備用按揭貸款(見備註7(i)) ""IN ONE” 80% Standby Mortgage Loan (See Remarks 7(i))",
2023-04-02,2023-04-12,2025-07-07,第5座(5B) Tower 5(5B),20,E,,15445700,,"價單第2號 Price List No. 2 (1) 付款計劃(C): 「一」心一意建築期備用按揭付款 計劃: (照售價減2%) (見備註7(c)(iii)) Payment Plan (C): “ONE” Heart Standby Mortgage Loan Stage Payment Plan: (2% discount from the Price) (See Remarks 7(c)(iii)) (2) 「雙綫滙聚優惠」(見備註7(d)) ""Dual-lines Advantage Discount” (See Remarks 7(d)) (3) 「搶佔先機優惠」(見備註7(e)) “First-mover Discount” (See Remarks 7(e)) (4) 「始終『瑜一』優惠 」(見備註7(f)) “IN ONE Discount” (See Remarks 7(f)) (5) 「印花稅優惠」(見備註7(g)) “Stamp Duty Discount” (See Remarks 7(g)) (6) 「早鳥優惠」(見備註7(h)) “Early Bird Benefit” (See Remarks 7(h)) (7) 延長欠妥之處之保養優惠(見備註7(j)) Extended Defect Maintenance Offer (See Remarks 7(j)) (8) 「始終瑜一」80%備用按揭貸款(見備註7(i)) ""IN ONE” 80% Standby Mortgage Loan (See Remarks 7(i))",
2023-04-02,2023-04-12,,第5座(5B) Tower 5(5B),5,E,,13977900,,"價單第1號 Price List No. 1 (1) 付款計劃(C): 「一」心一意建築期備用按揭付款 計劃: (照售價減2%) (見備註7(c)(iii)) Payment Plan (C): “ONE” Heart Standby Mortgage Loan Stage Payment Plan: (2% discount from the Price) (See Remarks 7(c)(iii)) (2) 「雙綫滙聚優惠」(見備註7(d)) ""Dual-lines Advantage Discount” (See Remarks 7(d)) (3) 「搶佔先機優惠」(見備註7(e)) “First-mover Discount” (See Remarks 7(e)) (4) 「始終『瑜一』優惠 」(見備註7(f)) “IN ONE Discount” (See Remarks 7(f)) (5) 「印花稅優惠」(見備註7(g)) “Stamp Duty Discount” (See Remarks 7(g)) (6) 「早鳥優惠」(見備註7(h)) “Early Bird Benefit” (See Remarks 7(h)) (7) 延長欠妥之處之保養優惠(見備註7(j)) Extended Defect Maintenance Offer (See Remarks 7(j)) (8) 「始終瑜一」80%備用按揭貸款(見備註7(i)) ""IN ONE” 80% Standby Mortgage Loan (See Remarks 7(i))",
2023-04-02,2023-04-12,2025-07-07,第5座(5B) Tower 5(5B),1,B,,13163900,,"價單第2號 Price List No. 2 (1) 付款計劃(C): 「一」心一意建築期備用按揭付款 計劃: (照售價減2%) (見備註7(c)(iii)) Payment Plan (C): “ONE” Heart Standby Mortgage Loan Stage Payment Plan: (2% discount from the Price) (See Remarks 7(c)(iii)) (2) 「雙綫滙聚優惠」(見備註7(d)) ""Dual-lines Advantage Discount” (See Remarks 7(d)) (3) 「搶佔先機優惠」(見備註7(e)) “First-mover Discount” (See Remarks 7(e)) (4) 「始終『瑜一』優惠 」(見備註7(f)) “IN ONE Discount” (See Remarks 7(f)) (5) 「印花稅優惠」(見備註7(g)) “Stamp Duty Discount” (See Remarks 7(g)) (6) 「早鳥優惠」(見備註7(h)) “Early Bird Benefit” (See Remarks 7(h)) (7) 延長欠妥之處之保養優惠(見備註7(j)) Extended Defect Maintenance Offer (See Remarks 7(j)) (8) 「始終瑜一」80%備用按揭貸款(見備註7(i)) ""IN ONE” 80% Standby Mortgage Loan (See Remarks 7(i))",
2023-04-02,2023-04-12,,第5座(5B) Tower 5(5B),16,D,,13341600,,"價單第2號 Price List No. 2 (1) 付款計劃(C): 「一」心一意建築期備用按揭付款 計劃: (照售價減2%) (見備註7(c)(iii)) Payment Plan (C): “ONE” Heart Standby Mortgage Loan Stage Payment Plan: (2% discount from the Price) (See Remarks 7(c)(iii)) (2) 「雙綫滙聚優惠」(見備註7(d)) ""Dual-lines Advantage Discount” (See Remarks 7(d)) (3) 「搶佔先機優惠」(見備註7(e)) “First-mover Discount” (See Remarks 7(e)) (4) 「始終『瑜一』優惠 」(見備註7(f)) “IN ONE Discount” (See Remarks 7(f)) (5) 「印花稅優惠」(見備註7(g)) “Stamp Duty Discount” (See Remarks 7(g)) (6) 「早鳥優惠」(見備註7(h)) “Early Bird Benefit” (See Remarks 7(h)) (7) 延長欠妥之處之保養優惠(見備註7(j)) Extended Defect Maintenance Offer (See Remarks 7(j)) (8) 「始終瑜一」80%備用按揭貸款(見備註7(i)) ""IN ONE” 80% Standby Mortgage Loan (See Remarks 7(i))",
2023-04-02,2023-04-12,,第5座(5B) Tower 5(5B),21,E,,15643700,,"價單第2號 Price List No. 2 (1) 付款計劃(C): 「一」心一意建築期備用按揭付款 計劃: (照售價減2%) (見備註7(c)(iii)) Payment Plan (C): “ONE” Heart Standby Mortgage Loan Stage Payment Plan: (2% discount from the Price) (See Remarks 7(c)(iii)) (2) 「雙綫滙聚優惠」(見備註7(d)) ""Dual-lines Advantage Discount” (See Remarks 7(d)) (3) 「搶佔先機優惠」(見備註7(e)) “First-mover Discount” (See Remarks 7(e)) (4) 「始終『瑜一』優惠 」(見備註7(f)) “IN ONE Discount” (See Remarks 7(f)) (5) 「印花稅優惠」(見備註7(g)) “Stamp Duty Discount” (See Remarks 7(g)) (6) 「早鳥優惠」(見備註7(h)) “Early Bird Benefit” (See Remarks 7(h)) (7) 延長欠妥之處之保養優惠(見備註7(j)) Extended Defect Maintenance Offer (See Remarks 7(j)) (8) 「始終瑜一」80%備用按揭貸款(見備註7(i)) ""IN ONE” 80% Standby Mortgage Loan (See Remarks 7(i))",
2023-04-02,2023-04-12,,第5座(5B) Tower 5(5B),18,E,,14784500,,"價單第2號 Price List No. 2 (1) 付款計劃(B):「瑜」理所願360天現金優惠付款 計劃: (照售價減3.5%) (見備註7(c)(ii)) Payment Plan (B): “IN” Your Wish 360-day Cash Payment Plan: (3.5% discount from the Price) (See Remarks 7(c)(ii)) (2) 「雙綫滙聚優惠」(見備註7(d)) ""Dual-lines Advantage Discount” (See Remarks 7(d)) (3) 「搶佔先機優惠」(見備註7(e)) “First-mover Discount” (See Remarks 7(e)) (4) 「始終『瑜一』優惠 」(見備註7(f)) “IN ONE Discount” (See Remarks 7(f)) (5) 「印花稅優惠」(見備註7(g)) “Stamp Duty Discount” (See Remarks 7(g)) (6) 「早鳥優惠」(見備註7(h)) “Early Bird Benefit” (See Remarks 7(h)) (7) 延長欠妥之處之保養優惠(見備註7(j)) Extended Defect Maintenance Offer (See Remarks 7(j))",
2023-04-02,2023-04-12,,第5座(5B) Tower 5(5B),27,E,,16478000,,"價單第2號 Price List No. 2 (1) 付款計劃(C): 「一」心一意建築期備用按揭付款 計劃: (照售價減2%) (見備註7(c)(iii)) Payment Plan (C): “ONE” Heart Standby Mortgage Loan Stage Payment Plan: (2% discount from the Price) (See Remarks 7(c)(iii)) (2) 「雙綫滙聚優惠」(見備註7(d)) ""Dual-lines Advantage Discount” (See Remarks 7(d)) (3) 「搶佔先機優惠」(見備註7(e)) “First-mover Discount” (See Remarks 7(e)) (4) 「始終『瑜一』優惠 」(見備註7(f)) “IN ONE Discount” (See Remarks 7(f)) (5) 「印花稅優惠」(見備註7(g)) “Stamp Duty Discount” (See Remarks 7(g)) (6) 「早鳥優惠」(見備註7(h)) “Early Bird Benefit” (See Remarks 7(h)) (7) 延長欠妥之處之保養優惠(見備註7(j)) Extended Defect Maintenance Offer (See Remarks 7(j)) (8) 「始終瑜一」80%備用按揭貸款(見備註7(i)) ""IN ONE” 80% Standby Mortgage Loan (See Remarks 7(i))",
2023-04-02,2023-04-12,,第5座(5B) Tower 5(5B),10,B,,13053900,,"價單第2號 Price List No. 2 (1) 付款計劃(C): 「一」心一意建築期備用按揭付款 計劃: (照售價減2%) (見備註7(c)(iii)) Payment Plan (C): “ONE” Heart Standby Mortgage Loan Stage Payment Plan: (2% discount from the Price) (See Remarks 7(c)(iii)) (2) 「雙綫滙聚優惠」(見備註7(d)) ""Dual-lines Advantage Discount” (See Remarks 7(d)) (3) 「搶佔先機優惠」(見備註7(e)) “First-mover Discount” (See Remarks 7(e)) (4) 「始終『瑜一』優惠 」(見備註7(f)) “IN ONE Discount” (See Remarks 7(f)) (5) 「印花稅優惠」(見備註7(g)) “Stamp Duty Discount” (See Remarks 7(g)) (6) 「早鳥優惠」(見備註7(h)) “Early Bird Benefit” (See Remarks 7(h)) (7) 延長欠妥之處之保養優惠(見備註7(j)) Extended Defect Maintenance Offer (See Remarks 7(j)) (8) 「始終瑜一」80%備用按揭貸款(見備註7(i)) ""IN ONE” 80% Standby Mortgage Loan (See Remarks 7(i))",
2023-04-02,2023-04-12,2025-07-07,第5座(5B) Tower 5(5B),23,E,,15842600,,"價單第2號 Price List No. 2 (1) 付款計劃(C): 「一」心一意建築期備用按揭付款 計劃: (照售價減2%) (見備註7(c)(iii)) Payment Plan (C): “ONE” Heart Standby Mortgage Loan Stage Payment Plan: (2% discount from the Price) (See Remarks 7(c)(iii)) (2) 「雙綫滙聚優惠」(見備註7(d)) ""Dual-lines Advantage Discount” (See Remarks 7(d)) (3) 「搶佔先機優惠」(見備註7(e)) “First-mover Discount” (See Remarks 7(e)) (4) 「始終『瑜一』優惠 」(見備註7(f)) “IN ONE Discount” (See Remarks 7(f)) (5) 「印花稅優惠」(見備註7(g)) “Stamp Duty Discount” (See Remarks 7(g)) (6) 「早鳥優惠」(見備註7(h)) “Early Bird Benefit” (See Remarks 7(h)) (7) 延長欠妥之處之保養優惠(見備註7(j)) Extended Defect Maintenance Offer (See Remarks 7(j)) (8) 「始終瑜一」80%備用按揭貸款(見備註7(i)) ""IN ONE” 80% Standby Mortgage Loan (See Remarks 7(i))",
2023-04-02,2023-04-12,,第5座(5B) Tower 5(5B),15,C,,12928200,,"價單第1號 Price List No. 1 (1) 付款計劃(B):「瑜」理所願360天現金優惠付款 計劃: (照售價減3.5%) (見備註7(c)(ii)) Payment Plan (B): “IN” Your Wish 360-day Cash Payment Plan: (3.5% discount from the Price) (See Remarks 7(c)(ii)) (2) 「雙綫滙聚優惠」(見備註7(d)) ""Dual-lines Advantage Discount” (See Remarks 7(d)) (3) 「搶佔先機優惠」(見備註7(e)) “First-mover Discount” (See Remarks 7(e)) (4) 「始終『瑜一』優惠 」(見備註7(f)) “IN ONE Discount” (See Remarks 7(f)) (5) 「印花稅優惠」(見備註7(g)) “Stamp Duty Discount” (See Remarks 7(g)) (6) 「早鳥優惠」(見備註7(h)) “Early Bird Benefit” (See Remarks 7(h)) (7) 延長欠妥之處之保養優惠(見備註7(j)) Extended Defect Maintenance Offer (See Remarks 7(j))",
2023-04-02,2023-04-12,,第5座(5B) Tower 5(5B),9,C,,12943000,,"價單第1號 Price List No. 1 (1) 付款計劃(C): 「一」心一意建築期備用按揭付款 計劃: (照售價減2%) (見備註7(c)(iii)) Payment Plan (C): “ONE” Heart Standby Mortgage Loan Stage Payment Plan: (2% discount from the Price) (See Remarks 7(c)(iii)) (2) 「雙綫滙聚優惠」(見備註7(d)) ""Dual-lines Advantage Discount” (See Remarks 7(d)) (3) 「搶佔先機優惠」(見備註7(e)) “First-mover Discount” (See Remarks 7(e)) (4) 「始終『瑜一』優惠 」(見備註7(f)) “IN ONE Discount” (See Remarks 7(f)) (5) 「印花稅優惠」(見備註7(g)) “Stamp Duty Discount” (See Remarks 7(g)) (6) 「早鳥優惠」(見備註7(h)) “Early Bird Benefit” (See Remarks 7(h)) (7) 延長欠妥之處之保養優惠(見備註7(j)) Extended Defect Maintenance Offer (See Remarks 7(j)) (8) 「始終瑜一」80%備用按揭貸款(見備註7(i)) ""IN ONE” 80% Standby Mortgage Loan (See Remarks 7(i))",
2023-04-02,2023-04-12,,第5座(5B) Tower 5(5B),18,D,,13794000,,"價單第2號 Price List No. 2 (1) 付款計劃(C): 「一」心一意建築期備用按揭付款 計劃: (照售價減2%) (見備註7(c)(iii)) Payment Plan (C): “ONE” Heart Standby Mortgage Loan Stage Payment Plan: (2% discount from the Price) (See Remarks 7(c)(iii)) (2) 「雙綫滙聚優惠」(見備註7(d)) ""Dual-lines Advantage Discount” (See Remarks 7(d)) (3) 「搶佔先機優惠」(見備註7(e)) “First-mover Discount” (See Remarks 7(e)) (4) 「始終『瑜一』優惠 」(見備註7(f)) “IN ONE Discount” (See Remarks 7(f)) (5) 「印花稅優惠」(見備註7(g)) “Stamp Duty Discount” (See Remarks 7(g)) (6) 「早鳥優惠」(見備註7(h)) “Early Bird Benefit” (See Remarks 7(h)) (7) 延長欠妥之處之保養優惠(見備註7(j)) Extended Defect Maintenance Offer (See Remarks 7(j)) (8) 「始終瑜一」80%備用按揭貸款(見備註7(i)) ""IN ONE” 80% Standby Mortgage Loan (See Remarks 7(i))",
2023-04-02,2023-04-12,,第5座(5B) Tower 5(5B),3,D,,12736200,,"價單第2號 Price List No. 2 (1) 付款計劃(C): 「一」心一意建築期備用按揭付款 計劃: (照售價減2%) (見備註7(c)(iii)) Payment Plan (C): “ONE” Heart Standby Mortgage Loan Stage Payment Plan: (2% discount from the Price) (See Remarks 7(c)(iii)) (2) 「雙綫滙聚優惠」(見備註7(d)) ""Dual-lines Advantage Discount” (See Remarks 7(d)) (3) 「搶佔先機優惠」(見備註7(e)) “First-mover Discount” (See Remarks 7(e)) (4) 「始終『瑜一』優惠 」(見備註7(f)) “IN ONE Discount” (See Remarks 7(f)) (5) 「印花稅優惠」(見備註7(g)) “Stamp Duty Discount” (See Remarks 7(g)) (6) 「早鳥優惠」(見備註7(h)) “Early Bird Benefit” (See Remarks 7(h)) (7) 延長欠妥之處之保養優惠(見備註7(j)) Extended Defect Maintenance Offer (See Remarks 7(j)) (8) 「始終瑜一」80%備用按揭貸款(見備註7(i)) ""IN ONE” 80% Standby Mortgage Loan (See Remarks 7(i))",
2023-04-02,2023-04-12,,第5座(5B) Tower 5(5B),19,E,,15233600,,"價單第2號 Price List No. 2 (1) 付款計劃(C): 「一」心一意建築期備用按揭付款 計劃: (照售價減2%) (見備註7(c)(iii)) Payment Plan (C): “ONE” Heart Standby Mortgage Loan Stage Payment Plan: (2% discount from the Price) (See Remarks 7(c)(iii)) (2) 「雙綫滙聚優惠」(見備註7(d)) ""Dual-lines Advantage Discount” (See Remarks 7(d)) (3) 「搶佔先機優惠」(見備註7(e)) “First-mover Discount” (See Remarks 7(e)) (4) 「始終『瑜一』優惠 」(見備註7(f)) “IN ONE Discount” (See Remarks 7(f)) (5) 「印花稅優惠」(見備註7(g)) “Stamp Duty Discount” (See Remarks 7(g)) (6) 「早鳥優惠」(見備註7(h)) “Early Bird Benefit” (See Remarks 7(h)) (7) 延長欠妥之處之保養優惠(見備註7(j)) Extended Defect Maintenance Offer (See Remarks 7(j)) (8) 「始終瑜一」80%備用按揭貸款(見備註7(i)) ""IN ONE” 80% Standby Mortgage Loan (See Remarks 7(i))",
2023-04-02,2023-04-12,,第5座(5B) Tower 5(5B),11,D,,13182400,,"價單第2號 Price List No. 2 (1) 付款計劃(C): 「一」心一意建築期備用按揭付款 計劃: (照售價減2%) (見備註7(c)(iii)) Payment Plan (C): “ONE” Heart Standby Mortgage Loan Stage Payment Plan: (2% discount from the Price) (See Remarks 7(c)(iii)) (2) 「雙綫滙聚優惠」(見備註7(d)) ""Dual-lines Advantage Discount” (See Remarks 7(d)) (3) 「搶佔先機優惠」(見備註7(e)) “First-mover Discount” (See Remarks 7(e)) (4) 「始終『瑜一』優惠 」(見備註7(f)) “IN ONE Discount” (See Remarks 7(f)) (5) 「印花稅優惠」(見備註7(g)) “Stamp Duty Discount” (See Remarks 7(g)) (6) 「早鳥優惠」(見備註7(h)) “Early Bird Benefit” (See Remarks 7(h)) (7) 延長欠妥之處之保養優惠(見備註7(j)) Extended Defect Maintenance Offer (See Remarks 7(j)) (8) 「始終瑜一」80%備用按揭貸款(見備註7(i)) ""IN ONE” 80% Standby Mortgage Loan (See Remarks 7(i))",
2023-04-02,2023-04-12,,第5座(5B) Tower 5(5B),16,F,,14082600,,"價單第1號 Price List No. 1 (1) 付款計劃(C): 「一」心一意建築期備用按揭付款 計劃: (照售價減2%) (見備註7(c)(iii)) Payment Plan (C): “ONE” Heart Standby Mortgage Loan Stage Payment Plan: (2% discount from the Price) (See Remarks 7(c)(iii)) (2) 「雙綫滙聚優惠」(見備註7(d)) ""Dual-lines Advantage Discount” (See Remarks 7(d)) (3) 「搶佔先機優惠」(見備註7(e)) “First-mover Discount” (See Remarks 7(e)) (4) 「始終『瑜一』優惠 」(見備註7(f)) “IN ONE Discount” (See Remarks 7(f)) (5) 「印花稅優惠」(見備註7(g)) “Stamp Duty Discount” (See Remarks 7(g)) (6) 「早鳥優惠」(見備註7(h)) “Early Bird Benefit” (See Remarks 7(h)) (7) 延長欠妥之處之保養優惠(見備註7(j)) Extended Defect Maintenance Offer (See Remarks 7(j)) (8) 「始終瑜一」80%備用按揭貸款(見備註7(i)) ""IN ONE” 80% Standby Mortgage Loan (See Remarks 7(i))",
2023-04-02,2023-04-12,2025-07-07,第5座(5B) Tower 5(5B),6,D,,12837400,,"價單第2號 Price List No. 2 (1) 付款計劃(C): 「一」心一意建築期備用按揭付款 計劃: (照售價減2%) (見備註7(c)(iii)) Payment Plan (C): “ONE” Heart Standby Mortgage Loan Stage Payment Plan: (2% discount from the Price) (See Remarks 7(c)(iii)) (2) 「雙綫滙聚優惠」(見備註7(d)) ""Dual-lines Advantage Discount” (See Remarks 7(d)) (3) 「搶佔先機優惠」(見備註7(e)) “First-mover Discount” (See Remarks 7(e)) (4) 「始終『瑜一』優惠 」(見備註7(f)) “IN ONE Discount” (See Remarks 7(f)) (5) 「印花稅優惠」(見備註7(g)) “Stamp Duty Discount” (See Remarks 7(g)) (6) 「早鳥優惠」(見備註7(h)) “Early Bird Benefit” (See Remarks 7(h)) (7) 延長欠妥之處之保養優惠(見備註7(j)) Extended Defect Maintenance Offer (See Remarks 7(j)) (8) 「始終瑜一」80%備用按揭貸款(見備註7(i)) ""IN ONE” 80% Standby Mortgage Loan (See Remarks 7(i))",
2023-04-02,2023-04-12,,第5座(5B) Tower 5(5B),19,C,,13629400,,"價單第1號 Price List No. 1 (1) 付款計劃(C): 「一」心一意建築期備用按揭付款 計劃: (照售價減2%) (見備註7(c)(iii)) Payment Plan (C): “ONE” Heart Standby Mortgage Loan Stage Payment Plan: (2% discount from the Price) (See Remarks 7(c)(iii)) (2) 「雙綫滙聚優惠」(見備註7(d)) ""Dual-lines Advantage Discount” (See Remarks 7(d)) (3) 「搶佔先機優惠」(見備註7(e)) “First-mover Discount” (See Remarks 7(e)) (4) 「始終『瑜一』優惠 」(見備註7(f)) “IN ONE Discount” (See Remarks 7(f)) (5) 「印花稅優惠」(見備註7(g)) “Stamp Duty Discount” (See Remarks 7(g)) (6) 「早鳥優惠」(見備註7(h)) “Early Bird Benefit” (See Remarks 7(h)) (7) 延長欠妥之處之保養優惠(見備註7(j)) Extended Defect Maintenance Offer (See Remarks 7(j)) (8) 「始終瑜一」80%備用按揭貸款(見備註7(i)) ""IN ONE” 80% Standby Mortgage Loan (See Remarks 7(i))",
2023-04-02,2023-04-11,,第5座(5B) Tower 5(5B),12,D,,13235200,,"價單第2號 Price List No. 2 (1) 付款計劃(C): 「一」心一意建築期備用按揭付款 計劃: (照售價減2%) (見備註7(c)(iii)) Payment Plan (C): “ONE” Heart Standby Mortgage Loan Stage Payment Plan: (2% discount from the Price) (See Remarks 7(c)(iii)) (2) 「雙綫滙聚優惠」(見備註7(d)) ""Dual-lines Advantage Discount” (See Remarks 7(d)) (3) 「搶佔先機優惠」(見備註7(e)) “First-mover Discount” (See Remarks 7(e)) (4) 「始終『瑜一』優惠 」(見備註7(f)) “IN ONE Discount” (See Remarks 7(f)) (5) 「印花稅優惠」(見備註7(g)) “Stamp Duty Discount” (See Remarks 7(g)) (6) 「早鳥優惠」(見備註7(h)) “Early Bird Benefit” (See Remarks 7(h)) (7) 延長欠妥之處之保養優惠(見備註7(j)) Extended Defect Maintenance Offer (See Remarks 7(j)) (8) 「始終瑜一」80%備用按揭貸款(見備註7(i)) ""IN ONE” 80% Standby Mortgage Loan (See Remarks 7(i))",
2023-04-02,2023-04-12,,第5座(5B) Tower 5(5B),8,C,,12943000,,"價單第1號 Price List No. 1 (1) 付款計劃(C): 「一」心一意建築期備用按揭付款 計劃: (照售價減2%) (見備註7(c)(iii)) Payment Plan (C): “ONE” Heart Standby Mortgage Loan Stage Payment Plan: (2% discount from the Price) (See Remarks 7(c)(iii)) (2) 「雙綫滙聚優惠」(見備註7(d)) ""Dual-lines Advantage Discount” (See Remarks 7(d)) (3) 「搶佔先機優惠」(見備註7(e)) “First-mover Discount” (See Remarks 7(e)) (4) 「始終『瑜一』優惠 」(見備註7(f)) “IN ONE Discount” (See Remarks 7(f)) (5) 「印花稅優惠」(見備註7(g)) “Stamp Duty Discount” (See Remarks 7(g)) (6) 「早鳥優惠」(見備註7(h)) “Early Bird Benefit” (See Remarks 7(h)) (7) 延長欠妥之處之保養優惠(見備註7(j)) Extended Defect Maintenance Offer (See Remarks 7(j)) (8) 「始終瑜一」80%備用按揭貸款(見備註7(i)) ""IN ONE” 80% Standby Mortgage Loan (See Remarks 7(i))",
2023-04-02,2023-04-11,,第5座(5B) Tower 5(5B),9,A,,19051100,,"價單第1號 Price List No. 1 (1) 付款計劃(C): 「一」心一意建築期備用按揭付款 計劃: (照售價減2%) (見備註7(c)(iii)) Payment Plan (C): “ONE” Heart Standby Mortgage Loan Stage Payment Plan: (2% discount from the Price) (See Remarks 7(c)(iii)) (2) 「雙綫滙聚優惠」(見備註7(d)) ""Dual-lines Advantage Discount” (See Remarks 7(d)) (3) 「搶佔先機優惠」(見備註7(e)) “First-mover Discount” (See Remarks 7(e)) (4) 「始終『瑜一』優惠 」(見備註7(f)) “IN ONE Discount” (See Remarks 7(f)) (5) 「印花稅優惠」(見備註7(g)) “Stamp Duty Discount” (See Remarks 7(g)) (6) 「早鳥優惠」(見備註7(h)) “Early Bird Benefit” (See Remarks 7(h)) (7) 延長欠妥之處之保養優惠(見備註7(j)) Extended Defect Maintenance Offer (See Remarks 7(j)) (8) 「始終瑜一」80%備用按揭貸款(見備註7(i)) ""IN ONE” 80% Standby Mortgage Loan (See Remarks 7(i))",
2023-04-02,2023-04-12,,第5座(5A) Tower 5(5A),20,B,,17829600,,"價單第2號 Price List No. 2 (1) 付款計劃(C): 「一」心一意建築期備用按揭付款 計劃: (照售價減2%) (見備註7(c)(iii)) Payment Plan (C): “ONE” Heart Standby Mortgage Loan Stage Payment Plan: (2% discount from the Price) (See Remarks 7(c)(iii)) (2) 「雙綫滙聚優惠」(見備註7(d)) ""Dual-lines Advantage Discount” (See Remarks 7(d)) (3) 「搶佔先機優惠」(見備註7(e)) “First-mover Discount” (See Remarks 7(e)) (4) 「始終『瑜一』優惠 」(見備註7(f)) “IN ONE Discount” (See Remarks 7(f)) (5) 「印花稅優惠」(見備註7(g)) “Stamp Duty Discount” (See Remarks 7(g)) (6) 「早鳥優惠」(見備註7(h)) “Early Bird Benefit” (See Remarks 7(h)) (7) 延長欠妥之處之保養優惠(見備註7(j)) Extended Defect Maintenance Offer (See Remarks 7(j)) (8) 「始終瑜一」80%備用按揭貸款(見備註7(i)) ""IN ONE” 80% Standby Mortgage Loan (See Remarks 7(i))",
2023-04-02,2023-04-12,,第5座(5B) Tower 5(5B),7,B,,12381100,,"價單第2號 Price List No. 2 (1) 付款計劃(A): 矜貴「瑜一」120天現金優惠付款 計劃: (照售價減5%) (見備註7(c)(i)) Payment Plan (A): Prestige “IN ONE” 120-day Cash Payment Plan: (5% discount from the Price) (See Remarks 7(c)(i)) (2) 「雙綫滙聚優惠」(見備註7(d)) ""Dual-lines Advantage Discount” (See Remarks 7(d)) (3) 「搶佔先機優惠」(見備註7(e)) “First-mover Discount” (See Remarks 7(e)) (4) 「始終『瑜一』優惠 」(見備註7(f)) “IN ONE Discount” (See Remarks 7(f)) (5) 「印花稅優惠」(見備註7(g)) “Stamp Duty Discount” (See Remarks 7(g)) (6) 「早鳥優惠」(見備註7(h)) “Early Bird Benefit” (See Remarks 7(h)) (7) 延長欠妥之處之保養優惠(見備註7(j)) Extended Defect Maintenance Offer (See Remarks 7(j))",
2023-04-02,2023-04-12,,第5座(5B) Tower 5(5B),7,F,,13394400,,"價單第1號 Price List No. 1 (1) 付款計劃(C): 「一」心一意建築期備用按揭付款 計劃: (照售價減2%) (見備註7(c)(iii)) Payment Plan (C): “ONE” Heart Standby Mortgage Loan Stage Payment Plan: (2% discount from the Price) (See Remarks 7(c)(iii)) (2) 「雙綫滙聚優惠」(見備註7(d)) ""Dual-lines Advantage Discount” (See Remarks 7(d)) (3) 「搶佔先機優惠」(見備註7(e)) “First-mover Discount” (See Remarks 7(e)) (4) 「始終『瑜一』優惠 」(見備註7(f)) “IN ONE Discount” (See Remarks 7(f)) (5) 「印花稅優惠」(見備註7(g)) “Stamp Duty Discount” (See Remarks 7(g)) (6) 「早鳥優惠」(見備註7(h)) “Early Bird Benefit” (See Remarks 7(h)) (7) 延長欠妥之處之保養優惠(見備註7(j)) Extended Defect Maintenance Offer (See Remarks 7(j)) (8) 「始終瑜一」80%備用按揭貸款(見備註7(i)) ""IN ONE” 80% Standby Mortgage Loan (See Remarks 7(i))",
2023-04-02,2023-04-12,,第5座(5B) Tower 5(5B),12,F,,13999000,,"價單第1號 Price List No. 1 (1) 付款計劃(C): 「一」心一意建築期備用按揭付款 計劃: (照售價減2%) (見備註7(c)(iii)) Payment Plan (C): “ONE” Heart Standby Mortgage Loan Stage Payment Plan: (2% discount from the Price) (See Remarks 7(c)(iii)) (2) 「雙綫滙聚優惠」(見備註7(d)) ""Dual-lines Advantage Discount” (See Remarks 7(d)) (3) 「搶佔先機優惠」(見備註7(e)) “First-mover Discount” (See Remarks 7(e)) (4) 「始終『瑜一』優惠 」(見備註7(f)) “IN ONE Discount” (See Remarks 7(f)) (5) 「印花稅優惠」(見備註7(g)) “Stamp Duty Discount” (See Remarks 7(g)) (6) 「早鳥優惠」(見備註7(h)) “Early Bird Benefit” (See Remarks 7(h)) (7) 延長欠妥之處之保養優惠(見備註7(j)) Extended Defect Maintenance Offer (See Remarks 7(j)) (8) 「始終瑜一」80%備用按揭貸款(見備註7(i)) ""IN ONE” 80% Standby Mortgage Loan (See Remarks 7(i))",
2023-04-02,,,第5座(5B) Tower 5(5B),5,F,,13077600,,"價單第1號 Price List No. 1 (1) 付款計劃(C): 「一」心一意建築期備用按揭付款 計劃: (照售價減2%) (見備註7(c)(iii)) Payment Plan (C): “ONE” Heart Standby Mortgage Loan Stage Payment Plan: (2% discount from the Price) (See Remarks 7(c)(iii)) (2) 「雙綫滙聚優惠」(見備註7(d)) ""Dual-lines Advantage Discount” (See Remarks 7(d)) (3) 「搶佔先機優惠」(見備註7(e)) “First-mover Discount” (See Remarks 7(e)) (4) 「始終『瑜一』優惠 」(見備註7(f)) “IN ONE Discount” (See Remarks 7(f)) (5) 「印花稅優惠」(見備註7(g)) “Stamp Duty Discount” (See Remarks 7(g)) (6) 「早鳥優惠」(見備註7(h)) “Early Bird Benefit” (See Remarks 7(h)) (7) 延長欠妥之處之保養優惠(見備註7(j)) Extended Defect Maintenance Offer (See Remarks 7(j)) (8) 「始終瑜一」80%備用按揭貸款(見備註7(i)) ""IN ONE” 80% Standby Mortgage Loan (See Remarks 7(i))",
2023-04-02,2023-04-11,,第5座(5B) Tower 5(5B),8,D,,13077600,,"價單第2號 Price List No. 2 (1) 付款計劃(C): 「一」心一意建築期備用按揭付款 計劃: (照售價減2%) (見備註7(c)(iii)) Payment Plan (C): “ONE” Heart Standby Mortgage Loan Stage Payment Plan: (2% discount from the Price) (See Remarks 7(c)(iii)) (2) 「雙綫滙聚優惠」(見備註7(d)) ""Dual-lines Advantage Discount” (See Remarks 7(d)) (3) 「搶佔先機優惠」(見備註7(e)) “First-mover Discount” (See Remarks 7(e)) (4) 「始終『瑜一』優惠 」(見備註7(f)) “IN ONE Discount” (See Remarks 7(f)) (5) 「印花稅優惠」(見備註7(g)) “Stamp Duty Discount” (See Remarks 7(g)) (6) 「早鳥優惠」(見備註7(h)) “Early Bird Benefit” (See Remarks 7(h)) (7) 延長欠妥之處之保養優惠(見備註7(j)) Extended Defect Maintenance Offer (See Remarks 7(j)) (8) 「始終瑜一」80%備用按揭貸款(見備註7(i)) ""IN ONE” 80% Standby Mortgage Loan (See Remarks 7(i))",
2023-04-02,2023-04-12,,第5座(5B) Tower 5(5B),1,C,,13094400,,"價單第2號 Price List No. 2 (1) 付款計劃(C): 「一」心一意建築期備用按揭付款 計劃: (照售價減2%) (見備註7(c)(iii)) Payment Plan (C): “ONE” Heart Standby Mortgage Loan Stage Payment Plan: (2% discount from the Price) (See Remarks 7(c)(iii)) (2) 「雙綫滙聚優惠」(見備註7(d)) ""Dual-lines Advantage Discount” (See Remarks 7(d)) (3) 「搶佔先機優惠」(見備註7(e)) “First-mover Discount” (See Remarks 7(e)) (4) 「始終『瑜一』優惠 」(見備註7(f)) “IN ONE Discount” (See Remarks 7(f)) (5) 「印花稅優惠」(見備註7(g)) “Stamp Duty Discount” (See Remarks 7(g)) (6) 「早鳥優惠」(見備註7(h)) “Early Bird Benefit” (See Remarks 7(h)) (7) 延長欠妥之處之保養優惠(見備註7(j)) Extended Defect Maintenance Offer (See Remarks 7(j)) (8) 「始終瑜一」80%備用按揭貸款(見備註7(i)) ""IN ONE” 80% Standby Mortgage Loan (See Remarks 7(i))",
2023-04-02,2023-04-12,,第5座(5B) Tower 5(5B),28,A,,23773200,,"價單第2號 Price List No. 2 (1) 付款計劃(C): 「一」心一意建築期備用按揭付款 計劃: (照售價減2%) (見備註7(c)(iii)) Payment Plan (C): “ONE” Heart Standby Mortgage Loan Stage Payment Plan: (2% discount from the Price) (See Remarks 7(c)(iii)) (2) 「雙綫滙聚優惠」(見備註7(d)) ""Dual-lines Advantage Discount” (See Remarks 7(d)) (3) 「搶佔先機優惠」(見備註7(e)) “First-mover Discount” (See Remarks 7(e)) (4) 「始終『瑜一』優惠 」(見備註7(f)) “IN ONE Discount” (See Remarks 7(f)) (5) 「印花稅優惠」(見備註7(g)) “Stamp Duty Discount” (See Remarks 7(g)) (6) 「早鳥優惠」(見備註7(h)) “Early Bird Benefit” (See Remarks 7(h)) (7) 延長欠妥之處之保養優惠(見備註7(j)) Extended Defect Maintenance Offer (See Remarks 7(j)) (8) 「始終瑜一」80%備用按揭貸款(見備註7(i)) ""IN ONE” 80% Standby Mortgage Loan (See Remarks 7(i))",
2023-04-02,2023-04-12,,第5座(5B) Tower 5(5B),17,F,,14403800,,"價單第2號 Price List No. 2 (1) 付款計劃(C): 「一」心一意建築期備用按揭付款 計劃: (照售價減2%) (見備註7(c)(iii)) Payment Plan (C): “ONE” Heart Standby Mortgage Loan Stage Payment Plan: (2% discount from the Price) (See Remarks 7(c)(iii)) (2) 「雙綫滙聚優惠」(見備註7(d)) ""Dual-lines Advantage Discount” (See Remarks 7(d)) (3) 「搶佔先機優惠」(見備註7(e)) “First-mover Discount” (See Remarks 7(e)) (4) 「始終『瑜一』優惠 」(見備註7(f)) “IN ONE Discount” (See Remarks 7(f)) (5) 「印花稅優惠」(見備註7(g)) “Stamp Duty Discount” (See Remarks 7(g)) (6) 「早鳥優惠」(見備註7(h)) “Early Bird Benefit” (See Remarks 7(h)) (7) 延長欠妥之處之保養優惠(見備註7(j)) Extended Defect Maintenance Offer (See Remarks 7(j)) (8) 「始終瑜一」80%備用按揭貸款(見備註7(i)) ""IN ONE” 80% Standby Mortgage Loan (See Remarks 7(i))",
2023-04-02,2023-04-12,,第5座(5B) Tower 5(5B),22,C,,13389200,,"價單第1號 Price List No. 1 (1) 付款計劃(A): 矜貴「瑜一」120天現金優惠付款 計劃: (照售價減5%) (見備註7(c)(i)) Payment Plan (A): Prestige “IN ONE” 120-day Cash Payment Plan: (5% discount from the Price) (See Remarks 7(c)(i)) (2) 「雙綫滙聚優惠」(見備註7(d)) ""Dual-lines Advantage Discount” (See Remarks 7(d)) (3) 「搶佔先機優惠」(見備註7(e)) “First-mover Discount” (See Remarks 7(e)) (4) 「始終『瑜一』優惠 」(見備註7(f)) “IN ONE Discount” (See Remarks 7(f)) (5) 「印花稅優惠」(見備註7(g)) “Stamp Duty Discount” (See Remarks 7(g)) (6) 「早鳥優惠」(見備註7(h)) “Early Bird Benefit” (See Remarks 7(h)) (7) 延長欠妥之處之保養優惠(見備註7(j)) Extended Defect Maintenance Offer (See Remarks 7(j))",
2023-04-02,2023-04-12,,第5座(5A) Tower 5(5A),17,B,,16975600,,"價單第2號 Price List No. 2 (1) 付款計劃(B):「瑜」理所願360天現金優惠付款 計劃: (照售價減3.5%) (見備註7(c)(ii)) Payment Plan (B): “IN” Your Wish 360-day Cash Payment Plan: (3.5% discount from the Price) (See Remarks 7(c)(ii)) (2) 「雙綫滙聚優惠」(見備註7(d)) ""Dual-lines Advantage Discount” (See Remarks 7(d)) (3) 「搶佔先機優惠」(見備註7(e)) “First-mover Discount” (See Remarks 7(e)) (4) 「始終『瑜一』優惠 」(見備註7(f)) “IN ONE Discount” (See Remarks 7(f)) (5) 「印花稅優惠」(見備註7(g)) “Stamp Duty Discount” (See Remarks 7(g)) (6) 「早鳥優惠」(見備註7(h)) “Early Bird Benefit” (See Remarks 7(h)) (7) 延長欠妥之處之保養優惠(見備註7(j)) Extended Defect Maintenance Offer (See Remarks 7(j))",
2023-04-02,2023-04-12,2025-07-07,第5座(5B) Tower 5(5B),3,B,,12664900,,"價單第2號 Price List No. 2 (1) 付款計劃(C): 「一」心一意建築期備用按揭付款 計劃: (照售價減2%) (見備註7(c)(iii)) Payment Plan (C): “ONE” Heart Standby Mortgage Loan Stage Payment Plan: (2% discount from the Price) (See Remarks 7(c)(iii)) (2) 「雙綫滙聚優惠」(見備註7(d)) ""Dual-lines Advantage Discount” (See Remarks 7(d)) (3) 「搶佔先機優惠」(見備註7(e)) “First-mover Discount” (See Remarks 7(e)) (4) 「始終『瑜一』優惠 」(見備註7(f)) “IN ONE Discount” (See Remarks 7(f)) (5) 「印花稅優惠」(見備註7(g)) “Stamp Duty Discount” (See Remarks 7(g)) (6) 「早鳥優惠」(見備註7(h)) “Early Bird Benefit” (See Remarks 7(h)) (7) 延長欠妥之處之保養優惠(見備註7(j)) Extended Defect Maintenance Offer (See Remarks 7(j)) (8) 「始終瑜一」80%備用按揭貸款(見備註7(i)) ""IN ONE” 80% Standby Mortgage Loan (See Remarks 7(i))",
2023-04-02,2023-04-12,,第5座(5B) Tower 5(5B),26,E,,16234200,,"價單第2號 Price List No. 2 (1) 付款計劃(C): 「一」心一意建築期備用按揭付款 計劃: (照售價減2%) (見備註7(c)(iii)) Payment Plan (C): “ONE” Heart Standby Mortgage Loan Stage Payment Plan: (2% discount from the Price) (See Remarks 7(c)(iii)) (2) 「雙綫滙聚優惠」(見備註7(d)) ""Dual-lines Advantage Discount” (See Remarks 7(d)) (3) 「搶佔先機優惠」(見備註7(e)) “First-mover Discount” (See Remarks 7(e)) (4) 「始終『瑜一』優惠 」(見備註7(f)) “IN ONE Discount” (See Remarks 7(f)) (5) 「印花稅優惠」(見備註7(g)) “Stamp Duty Discount” (See Remarks 7(g)) (6) 「早鳥優惠」(見備註7(h)) “Early Bird Benefit” (See Remarks 7(h)) (7) 延長欠妥之處之保養優惠(見備註7(j)) Extended Defect Maintenance Offer (See Remarks 7(j)) (8) 「始終瑜一」80%備用按揭貸款(見備註7(i)) ""IN ONE” 80% Standby Mortgage Loan (See Remarks 7(i))",
2023-04-02,2023-04-12,,第5座(5B) Tower 5(5B),12,C,,13099600,,"價單第1號 Price List No. 1 (1) 付款計劃(C): 「一」心一意建築期備用按揭付款 計劃: (照售價減2%) (見備註7(c)(iii)) Payment Plan (C): “ONE” Heart Standby Mortgage Loan Stage Payment Plan: (2% discount from the Price) (See Remarks 7(c)(iii)) (2) 「雙綫滙聚優惠」(見備註7(d)) ""Dual-lines Advantage Discount” (See Remarks 7(d)) (3) 「搶佔先機優惠」(見備註7(e)) “First-mover Discount” (See Remarks 7(e)) (4) 「始終『瑜一』優惠 」(見備註7(f)) “IN ONE Discount” (See Remarks 7(f)) (5) 「印花稅優惠」(見備註7(g)) “Stamp Duty Discount” (See Remarks 7(g)) (6) 「早鳥優惠」(見備註7(h)) “Early Bird Benefit” (See Remarks 7(h)) (7) 延長欠妥之處之保養優惠(見備註7(j)) Extended Defect Maintenance Offer (See Remarks 7(j)) (8) 「始終瑜一」80%備用按揭貸款(見備註7(i)) ""IN ONE” 80% Standby Mortgage Loan (See Remarks 7(i))",
2023-04-02,2023-04-06,2025-07-07,第5座(5B) Tower 5(5B),15,A,,19629200,,"價單第2號 Price List No. 2 (1) 付款計劃(C): 「一」心一意建築期備用按揭付款 計劃: (照售價減2%) (見備註7(c)(iii)) Payment Plan (C): “ONE” Heart Standby Mortgage Loan Stage Payment Plan: (2% discount from the Price) (See Remarks 7(c)(iii)) (2) 「雙綫滙聚優惠」(見備註7(d)) ""Dual-lines Advantage Discount” (See Remarks 7(d)) (3) 「搶佔先機優惠」(見備註7(e)) “First-mover Discount” (See Remarks 7(e)) (4) 「始終『瑜一』優惠 」(見備註7(f)) “IN ONE Discount” (See Remarks 7(f)) (5) 「印花稅優惠」(見備註7(g)) “Stamp Duty Discount” (See Remarks 7(g)) (6) 「早鳥優惠」(見備註7(h)) “Early Bird Benefit” (See Remarks 7(h)) (7) 延長欠妥之處之保養優惠(見備註7(j)) Extended Defect Maintenance Offer (See Remarks 7(j)) (8) 「始終瑜一」80%備用按揭貸款(見備註7(i)) ""IN ONE” 80% Standby Mortgage Loan (See Remarks 7(i))",
2023-04-02,2023-04-12,,第5座(5B) Tower 5(5B),3,F,,12971200,,"價單第1號 Price List No. 1 (1) 付款計劃(C): 「一」心一意建築期備用按揭付款 計劃: (照售價減2%) (見備註7(c)(iii)) Payment Plan (C): “ONE” Heart Standby Mortgage Loan Stage Payment Plan: (2% discount from the Price) (See Remarks 7(c)(iii)) (2) 「雙綫滙聚優惠」(見備註7(d)) ""Dual-lines Advantage Discount” (See Remarks 7(d)) (3) 「搶佔先機優惠」(見備註7(e)) “First-mover Discount” (See Remarks 7(e)) (4) 「始終『瑜一』優惠 」(見備註7(f)) “IN ONE Discount” (See Remarks 7(f)) (5) 「印花稅優惠」(見備註7(g)) “Stamp Duty Discount” (See Remarks 7(g)) (6) 「早鳥優惠」(見備註7(h)) “Early Bird Benefit” (See Remarks 7(h)) (7) 延長欠妥之處之保養優惠(見備註7(j)) Extended Defect Maintenance Offer (See Remarks 7(j)) (8) 「始終瑜一」80%備用按揭貸款(見備註7(i)) ""IN ONE” 80% Standby Mortgage Loan (See Remarks 7(i))",
2023-04-02,2023-04-12,,第5座(5B) Tower 5(5B),5,C,,12690400,,"價單第1號 Price List No. 1 (1) 付款計劃(C): 「一」心一意建築期備用按揭付款 計劃: (照售價減2%) (見備註7(c)(iii)) Payment Plan (C): “ONE” Heart Standby Mortgage Loan Stage Payment Plan: (2% discount from the Price) (See Remarks 7(c)(iii)) (2) 「雙綫滙聚優惠」(見備註7(d)) ""Dual-lines Advantage Discount” (See Remarks 7(d)) (3) 「搶佔先機優惠」(見備註7(e)) “First-mover Discount” (See Remarks 7(e)) (4) 「始終『瑜一』優惠 」(見備註7(f)) “IN ONE Discount” (See Remarks 7(f)) (5) 「印花稅優惠」(見備註7(g)) “Stamp Duty Discount” (See Remarks 7(g)) (6) 「早鳥優惠」(見備註7(h)) “Early Bird Benefit” (See Remarks 7(h)) (7) 延長欠妥之處之保養優惠(見備註7(j)) Extended Defect Maintenance Offer (See Remarks 7(j)) (8) 「始終瑜一」80%備用按揭貸款(見備註7(i)) ""IN ONE” 80% Standby Mortgage Loan (See Remarks 7(i))",
2023-04-02,2023-04-12,,第5座(5B) Tower 5(5B),8,F,,13488600,,"價單第1號 Price List No. 1 (1) 付款計劃(C): 「一」心一意建築期備用按揭付款 計劃: (照售價減2%) (見備註7(c)(iii)) Payment Plan (C): “ONE” Heart Standby Mortgage Loan Stage Payment Plan: (2% discount from the Price) (See Remarks 7(c)(iii)) (2) 「雙綫滙聚優惠」(見備註7(d)) ""Dual-lines Advantage Discount” (See Remarks 7(d)) (3) 「搶佔先機優惠」(見備註7(e)) “First-mover Discount” (See Remarks 7(e)) (4) 「始終『瑜一』優惠 」(見備註7(f)) “IN ONE Discount” (See Remarks 7(f)) (5) 「印花稅優惠」(見備註7(g)) “Stamp Duty Discount” (See Remarks 7(g)) (6) 「早鳥優惠」(見備註7(h)) “Early Bird Benefit” (See Remarks 7(h)) (7) 延長欠妥之處之保養優惠(見備註7(j)) Extended Defect Maintenance Offer (See Remarks 7(j)) (8) 「始終瑜一」80%備用按揭貸款(見備註7(i)) ""IN ONE” 80% Standby Mortgage Loan (See Remarks 7(i))",
2023-04-02,2023-04-12,,第5座(5B) Tower 5(5B),7,D,,12890200,,"價單第2號 Price List No. 2 (1) 付款計劃(C): 「一」心一意建築期備用按揭付款 計劃: (照售價減2%) (見備註7(c)(iii)) Payment Plan (C): “ONE” Heart Standby Mortgage Loan Stage Payment Plan: (2% discount from the Price) (See Remarks 7(c)(iii)) (2) 「雙綫滙聚優惠」(見備註7(d)) ""Dual-lines Advantage Discount” (See Remarks 7(d)) (3) 「搶佔先機優惠」(見備註7(e)) “First-mover Discount” (See Remarks 7(e)) (4) 「始終『瑜一』優惠 」(見備註7(f)) “IN ONE Discount” (See Remarks 7(f)) (5) 「印花稅優惠」(見備註7(g)) “Stamp Duty Discount” (See Remarks 7(g)) (6) 「早鳥優惠」(見備註7(h)) “Early Bird Benefit” (See Remarks 7(h)) (7) 延長欠妥之處之保養優惠(見備註7(j)) Extended Defect Maintenance Offer (See Remarks 7(j)) (8) 「始終瑜一」80%備用按揭貸款(見備註7(i)) ""IN ONE” 80% Standby Mortgage Loan (See Remarks 7(i))",
2023-04-02,2023-04-12,,第5座(5B) Tower 5(5B),19,D,,13794000,,"價單第2號 Price List No. 2 (1) 付款計劃(C): 「一」心一意建築期備用按揭付款 計劃: (照售價減2%) (見備註7(c)(iii)) Payment Plan (C): “ONE” Heart Standby Mortgage Loan Stage Payment Plan: (2% discount from the Price) (See Remarks 7(c)(iii)) (2) 「雙綫滙聚優惠」(見備註7(d)) ""Dual-lines Advantage Discount” (See Remarks 7(d)) (3) 「搶佔先機優惠」(見備註7(e)) “First-mover Discount” (See Remarks 7(e)) (4) 「始終『瑜一』優惠 」(見備註7(f)) “IN ONE Discount” (See Remarks 7(f)) (5) 「印花稅優惠」(見備註7(g)) “Stamp Duty Discount” (See Remarks 7(g)) (6) 「早鳥優惠」(見備註7(h)) “Early Bird Benefit” (See Remarks 7(h)) (7) 延長欠妥之處之保養優惠(見備註7(j)) Extended Defect Maintenance Offer (See Remarks 7(j)) (8) 「始終瑜一」80%備用按揭貸款(見備註7(i)) ""IN ONE” 80% Standby Mortgage Loan (See Remarks 7(i))",
2023-04-02,2023-04-11,,第5座(5B) Tower 5(5B),15,F,,14040400,,"價單第1號 Price List No. 1 (1) 付款計劃(C): 「一」心一意建築期備用按揭付款 計劃: (照售價減2%) (見備註7(c)(iii)) Payment Plan (C): “ONE” Heart Standby Mortgage Loan Stage Payment Plan: (2% discount from the Price) (See Remarks 7(c)(iii)) (2) 「雙綫滙聚優惠」(見備註7(d)) ""Dual-lines Advantage Discount” (See Remarks 7(d)) (3) 「搶佔先機優惠」(見備註7(e)) “First-mover Discount” (See Remarks 7(e)) (4) 「始終『瑜一』優惠 」(見備註7(f)) “IN ONE Discount” (See Remarks 7(f)) (5) 「印花稅優惠」(見備註7(g)) “Stamp Duty Discount” (See Remarks 7(g)) (6) 「早鳥優惠」(見備註7(h)) “Early Bird Benefit” (See Remarks 7(h)) (7) 延長欠妥之處之保養優惠(見備註7(j)) Extended Defect Maintenance Offer (See Remarks 7(j)) (8) 「始終瑜一」80%備用按揭貸款(見備註7(i)) ""IN ONE” 80% Standby Mortgage Loan (See Remarks 7(i))",
2023-04-02,2023-04-12,,第5座(5B) Tower 5(5B),1,A,,20219700,,"價單第2號 Price List No. 2 (1) 付款計劃(C): 「一」心一意建築期備用按揭付款 計劃: (照售價減2%) (見備註7(c)(iii)) Payment Plan (C): “ONE” Heart Standby Mortgage Loan Stage Payment Plan: (2% discount from the Price) (See Remarks 7(c)(iii)) (2) 「雙綫滙聚優惠」(見備註7(d)) ""Dual-lines Advantage Discount” (See Remarks 7(d)) (3) 「搶佔先機優惠」(見備註7(e)) “First-mover Discount” (See Remarks 7(e)) (4) 「始終『瑜一』優惠 」(見備註7(f)) “IN ONE Discount” (See Remarks 7(f)) (5) 「印花稅優惠」(見備註7(g)) “Stamp Duty Discount” (See Remarks 7(g)) (6) 「早鳥優惠」(見備註7(h)) “Early Bird Benefit” (See Remarks 7(h)) (7) 延長欠妥之處之保養優惠(見備註7(j)) Extended Defect Maintenance Offer (See Remarks 7(j)) (8) 「始終瑜一」80%備用按揭貸款(見備註7(i)) ""IN ONE” 80% Standby Mortgage Loan (See Remarks 7(i))",
2023-04-02,2023-04-12,,第5座(5A) Tower 5(5A),6,B,,14066600,,"價單第1號 Price List No. 1 (1) 付款計劃(B):「瑜」理所願360天現金優惠付款 計劃: (照售價減3.5%) (見備註7(c)(ii)) Payment Plan (B): “IN” Your Wish 360-day Cash Payment Plan: (3.5% discount from the Price) (See Remarks 7(c)(ii)) (2) 「雙綫滙聚優惠」(見備註7(d)) ""Dual-lines Advantage Discount” (See Remarks 7(d)) (3) 「搶佔先機優惠」(見備註7(e)) “First-mover Discount” (See Remarks 7(e)) (4) 「始終『瑜一』優惠 」(見備註7(f)) “IN ONE Discount” (See Remarks 7(f)) (5) 「印花稅優惠」(見備註7(g)) “Stamp Duty Discount” (See Remarks 7(g)) (6) 「早鳥優惠」(見備註7(h)) “Early Bird Benefit” (See Remarks 7(h)) (7) 延長欠妥之處之保養優惠(見備註7(j)) Extended Defect Maintenance Offer (See Remarks 7(j))",
2023-04-02,2023-04-06,,第5座(5B) Tower 5(5B),2,D,,12686000,,"價單第2號 Price List No. 2 (1) 付款計劃(C): 「一」心一意建築期備用按揭付款 計劃: (照售價減2%) (見備註7(c)(iii)) Payment Plan (C): “ONE” Heart Standby Mortgage Loan Stage Payment Plan: (2% discount from the Price) (See Remarks 7(c)(iii)) (2) 「雙綫滙聚優惠」(見備註7(d)) ""Dual-lines Advantage Discount” (See Remarks 7(d)) (3) 「搶佔先機優惠」(見備註7(e)) “First-mover Discount” (See Remarks 7(e)) (4) 「始終『瑜一』優惠 」(見備註7(f)) “IN ONE Discount” (See Remarks 7(f)) (5) 「印花稅優惠」(見備註7(g)) “Stamp Duty Discount” (See Remarks 7(g)) (6) 「早鳥優惠」(見備註7(h)) “Early Bird Benefit” (See Remarks 7(h)) (7) 延長欠妥之處之保養優惠(見備註7(j)) Extended Defect Maintenance Offer (See Remarks 7(j)) (8) 「始終瑜一」80%備用按揭貸款(見備註7(i)) ""IN ONE” 80% Standby Mortgage Loan (See Remarks 7(i))",
2023-04-02,2023-04-12,,第5座(5B) Tower 5(5B),11,C,,13046800,,"價單第1號 Price List No. 1 (1) 付款計劃(C): 「一」心一意建築期備用按揭付款 計劃: (照售價減2%) (見備註7(c)(iii)) Payment Plan (C): “ONE” Heart Standby Mortgage Loan Stage Payment Plan: (2% discount from the Price) (See Remarks 7(c)(iii)) (2) 「雙綫滙聚優惠」(見備註7(d)) ""Dual-lines Advantage Discount” (See Remarks 7(d)) (3) 「搶佔先機優惠」(見備註7(e)) “First-mover Discount” (See Remarks 7(e)) (4) 「始終『瑜一』優惠 」(見備註7(f)) “IN ONE Discount” (See Remarks 7(f)) (5) 「印花稅優惠」(見備註7(g)) “Stamp Duty Discount” (See Remarks 7(g)) (6) 「早鳥優惠」(見備註7(h)) “Early Bird Benefit” (See Remarks 7(h)) (7) 延長欠妥之處之保養優惠(見備註7(j)) Extended Defect Maintenance Offer (See Remarks 7(j)) (8) 「始終瑜一」80%備用按揭貸款(見備註7(i)) ""IN ONE” 80% Standby Mortgage Loan (See Remarks 7(i))",
2023-04-02,2023-04-12,,第5座(5B) Tower 5(5B),15,D,,13288800,,"價單第2號 Price List No. 2 (1) 付款計劃(C): 「一」心一意建築期備用按揭付款 計劃: (照售價減2%) (見備註7(c)(iii)) Payment Plan (C): “ONE” Heart Standby Mortgage Loan Stage Payment Plan: (2% discount from the Price) (See Remarks 7(c)(iii)) (2) 「雙綫滙聚優惠」(見備註7(d)) ""Dual-lines Advantage Discount” (See Remarks 7(d)) (3) 「搶佔先機優惠」(見備註7(e)) “First-mover Discount” (See Remarks 7(e)) (4) 「始終『瑜一』優惠 」(見備註7(f)) “IN ONE Discount” (See Remarks 7(f)) (5) 「印花稅優惠」(見備註7(g)) “Stamp Duty Discount” (See Remarks 7(g)) (6) 「早鳥優惠」(見備註7(h)) “Early Bird Benefit” (See Remarks 7(h)) (7) 延長欠妥之處之保養優惠(見備註7(j)) Extended Defect Maintenance Offer (See Remarks 7(j)) (8) 「始終瑜一」80%備用按揭貸款(見備註7(i)) ""IN ONE” 80% Standby Mortgage Loan (See Remarks 7(i))",
2023-04-02,2023-04-06,,第5座(5B) Tower 5(5B),11,B,,12882400,"在 23-5-2023，基於 法例第35(2)(b)條所 容許的原因，售價更 改為$12,659,000.00 On 23-5-2023, the price adjusted to $12,659,000.00 due to the reason allowed under section 35(2)(b) of the Ordinance","價單第2號 Price List No. 2 (1) 付款計劃(B):「瑜」理所願360天現金優惠付款 計劃: (照售價減3.5%) (見備註7(c)(ii)) Payment Plan (B): “IN” Your Wish 360-day Cash Payment Plan: (3.5% discount from the Price) (See Remarks 7(c)(ii)) (2) 「雙綫滙聚優惠」(見備註7(d)) ""Dual-lines Advantage Discount” (See Remarks 7(d)) (3) 「搶佔先機優惠」(見備註7(e)) “First-mover Discount” (See Remarks 7(e)) (4) 「始終『瑜一』優惠 」(見備註7(f)) “IN ONE Discount” (See Remarks 7(f)) (5) 「印花稅優惠」(見備註7(g)) “Stamp Duty Discount” (See Remarks 7(g)) (6) 「早鳥優惠」(見備註7(h)) “Early Bird Benefit” (See Remarks 7(h)) (7) 延長欠妥之處之保養優惠(見備註7(j)) Extended Defect Maintenance Offer (See Remarks 7(j)) 在 23/05/2023，支付條款更改為 On 23/05/2023，the terms of payment adjusted to 價單第2號 Price List No. 2 (1) 付款計劃(A): 矜貴「瑜一」120天現金優惠付款 計劃: (照售價減5%) (見備註7(c)(i)) Payment Plan (A): Prestige “IN ONE” 120-day Cash Payment Plan: (5% discount from the Price) (See Remarks 7(c)(i)) (2) 「雙綫滙聚優惠」(見備註7(d)) ""Dual-lines Advantage Discount” (See Remarks 7(d)) (3) 「搶佔先機優惠」(見備註7(e)) “First-mover Discount” (See Remarks 7(e)) (4) 「始終『瑜一』優惠 」(見備註7(f)) “IN ONE Discount” (See Remarks 7(f)) (5) 「印花稅優惠」(見備註7(g)) “Stamp Duty Discount” (See Remarks 7(g)) (6) 「早鳥優惠」(見備註7(h)) “Early Bird Benefit” (See Remarks 7(h)) (7) 延長欠妥之處之保養優惠(見備註7(j)) Extended Defect Maintenance Offer (See Remarks 7(j))",
2023-04-02,2023-04-12,,第5座(5B) Tower 5(5B),17,D,,13589800,,"價單第2號 Price List No. 2 (1) 付款計劃(C): 「一」心一意建築期備用按揭付款 計劃: (照售價減2%) (見備註7(c)(iii)) Payment Plan (C): “ONE” Heart Standby Mortgage Loan Stage Payment Plan: (2% discount from the Price) (See Remarks 7(c)(iii)) (2) 「雙綫滙聚優惠」(見備註7(d)) ""Dual-lines Advantage Discount” (See Remarks 7(d)) (3) 「搶佔先機優惠」(見備註7(e)) “First-mover Discount” (See Remarks 7(e)) (4) 「始終『瑜一』優惠 」(見備註7(f)) “IN ONE Discount” (See Remarks 7(f)) (5) 「印花稅優惠」(見備註7(g)) “Stamp Duty Discount” (See Remarks 7(g)) (6) 「早鳥優惠」(見備註7(h)) “Early Bird Benefit” (See Remarks 7(h)) (7) 延長欠妥之處之保養優惠(見備註7(j)) Extended Defect Maintenance Offer (See Remarks 7(j)) (8) 「始終瑜一」80%備用按揭貸款(見備註7(i)) ""IN ONE” 80% Standby Mortgage Loan (See Remarks 7(i))",
2023-04-02,2023-04-12,2025-07-07,第5座(5B) Tower 5(5B),16,C,,13205200,,"價單第1號 Price List No. 1 (1) 付款計劃(C): 「一」心一意建築期備用按揭付款 計劃: (照售價減2%) (見備註7(c)(iii)) Payment Plan (C): “ONE” Heart Standby Mortgage Loan Stage Payment Plan: (2% discount from the Price) (See Remarks 7(c)(iii)) (2) 「雙綫滙聚優惠」(見備註7(d)) ""Dual-lines Advantage Discount” (See Remarks 7(d)) (3) 「搶佔先機優惠」(見備註7(e)) “First-mover Discount” (See Remarks 7(e)) (4) 「始終『瑜一』優惠 」(見備註7(f)) “IN ONE Discount” (See Remarks 7(f)) (5) 「印花稅優惠」(見備註7(g)) “Stamp Duty Discount” (See Remarks 7(g)) (6) 「早鳥優惠」(見備註7(h)) “Early Bird Benefit” (See Remarks 7(h)) (7) 延長欠妥之處之保養優惠(見備註7(j)) Extended Defect Maintenance Offer (See Remarks 7(j)) (8) 「始終瑜一」80%備用按揭貸款(見備註7(i)) ""IN ONE” 80% Standby Mortgage Loan (See Remarks 7(i))",
2023-04-02,2023-04-12,,第5座(5B) Tower 5(5B),5,B,,12282500,,"價單第2號 Price List No. 2 (1) 付款計劃(A): 矜貴「瑜一」120天現金優惠付款 計劃: (照售價減5%) (見備註7(c)(i)) Payment Plan (A): Prestige “IN ONE” 120-day Cash Payment Plan: (5% discount from the Price) (See Remarks 7(c)(i)) (2) 「雙綫滙聚優惠」(見備註7(d)) ""Dual-lines Advantage Discount” (See Remarks 7(d)) (3) 「搶佔先機優惠」(見備註7(e)) “First-mover Discount” (See Remarks 7(e)) (4) 「始終『瑜一』優惠 」(見備註7(f)) “IN ONE Discount” (See Remarks 7(f)) (5) 「印花稅優惠」(見備註7(g)) “Stamp Duty Discount” (See Remarks 7(g)) (6) 「早鳥優惠」(見備註7(h)) “Early Bird Benefit” (See Remarks 7(h)) (7) 延長欠妥之處之保養優惠(見備註7(j)) Extended Defect Maintenance Offer (See Remarks 7(j))",
2023-04-02,2023-04-12,,第5座(5B) Tower 5(5B),2,F,,12843600,,"價單第1號 Price List No. 1 (1) 付款計劃(C): 「一」心一意建築期備用按揭付款 計劃: (照售價減2%) (見備註7(c)(iii)) Payment Plan (C): “ONE” Heart Standby Mortgage Loan Stage Payment Plan: (2% discount from the Price) (See Remarks 7(c)(iii)) (2) 「雙綫滙聚優惠」(見備註7(d)) ""Dual-lines Advantage Discount” (See Remarks 7(d)) (3) 「搶佔先機優惠」(見備註7(e)) “First-mover Discount” (See Remarks 7(e)) (4) 「始終『瑜一』優惠 」(見備註7(f)) “IN ONE Discount” (See Remarks 7(f)) (5) 「印花稅優惠」(見備註7(g)) “Stamp Duty Discount” (See Remarks 7(g)) (6) 「早鳥優惠」(見備註7(h)) “Early Bird Benefit” (See Remarks 7(h)) (7) 延長欠妥之處之保養優惠(見備註7(j)) Extended Defect Maintenance Offer (See Remarks 7(j)) (8) 「始終瑜一」80%備用按揭貸款(見備註7(i)) ""IN ONE” 80% Standby Mortgage Loan (See Remarks 7(i))",
2023-04-02,2023-04-12,,第5座(5B) Tower 5(5B),20,D,,13862600,,"價單第2號 Price List No. 2 (1) 付款計劃(C): 「一」心一意建築期備用按揭付款 計劃: (照售價減2%) (見備註7(c)(iii)) Payment Plan (C): “ONE” Heart Standby Mortgage Loan Stage Payment Plan: (2% discount from the Price) (See Remarks 7(c)(iii)) (2) 「雙綫滙聚優惠」(見備註7(d)) ""Dual-lines Advantage Discount” (See Remarks 7(d)) (3) 「搶佔先機優惠」(見備註7(e)) “First-mover Discount” (See Remarks 7(e)) (4) 「始終『瑜一』優惠 」(見備註7(f)) “IN ONE Discount” (See Remarks 7(f)) (5) 「印花稅優惠」(見備註7(g)) “Stamp Duty Discount” (See Remarks 7(g)) (6) 「早鳥優惠」(見備註7(h)) “Early Bird Benefit” (See Remarks 7(h)) (7) 延長欠妥之處之保養優惠(見備註7(j)) Extended Defect Maintenance Offer (See Remarks 7(j)) (8) 「始終瑜一」80%備用按揭貸款(見備註7(i)) ""IN ONE” 80% Standby Mortgage Loan (See Remarks 7(i))",
2023-04-02,2023-04-12,,第5座(5B) Tower 5(5B),6,A,,18824900,,"價單第1號 Price List No. 1 (1) 付款計劃(C): 「一」心一意建築期備用按揭付款 計劃: (照售價減2%) (見備註7(c)(iii)) Payment Plan (C): “ONE” Heart Standby Mortgage Loan Stage Payment Plan: (2% discount from the Price) (See Remarks 7(c)(iii)) (2) 「雙綫滙聚優惠」(見備註7(d)) ""Dual-lines Advantage Discount” (See Remarks 7(d)) (3) 「搶佔先機優惠」(見備註7(e)) “First-mover Discount” (See Remarks 7(e)) (4) 「始終『瑜一』優惠 」(見備註7(f)) “IN ONE Discount” (See Remarks 7(f)) (5) 「印花稅優惠」(見備註7(g)) “Stamp Duty Discount” (See Remarks 7(g)) (6) 「早鳥優惠」(見備註7(h)) “Early Bird Benefit” (See Remarks 7(h)) (7) 延長欠妥之處之保養優惠(見備註7(j)) Extended Defect Maintenance Offer (See Remarks 7(j)) (8) 「始終瑜一」80%備用按揭貸款(見備註7(i)) ""IN ONE” 80% Standby Mortgage Loan (See Remarks 7(i))",
2023-04-02,2023-04-12,,第5座(5B) Tower 5(5B),21,D,,13708500,,"價單第2號 Price List No. 2 (1) 付款計劃(B):「瑜」理所願360天現金優惠付款 計劃: (照售價減3.5%) (見備註7(c)(ii)) Payment Plan (B): “IN” Your Wish 360-day Cash Payment Plan: (3.5% discount from the Price) (See Remarks 7(c)(ii)) (2) 「雙綫滙聚優惠」(見備註7(d)) ""Dual-lines Advantage Discount” (See Remarks 7(d)) (3) 「搶佔先機優惠」(見備註7(e)) “First-mover Discount” (See Remarks 7(e)) (4) 「始終『瑜一』優惠 」(見備註7(f)) “IN ONE Discount” (See Remarks 7(f)) (5) 「印花稅優惠」(見備註7(g)) “Stamp Duty Discount” (See Remarks 7(g)) (6) 「早鳥優惠」(見備註7(h)) “Early Bird Benefit” (See Remarks 7(h)) (7) 延長欠妥之處之保養優惠(見備註7(j)) Extended Defect Maintenance Offer (See Remarks 7(j))",
2023-04-02,2023-04-12,,第5座(5B) Tower 5(5B),2,B,,12614800,,"價單第2號 Price List No. 2 (1) 付款計劃(C): 「一」心一意建築期備用按揭付款 計劃: (照售價減2%) (見備註7(c)(iii)) Payment Plan (C): “ONE” Heart Standby Mortgage Loan Stage Payment Plan: (2% discount from the Price) (See Remarks 7(c)(iii)) (2) 「雙綫滙聚優惠」(見備註7(d)) ""Dual-lines Advantage Discount” (See Remarks 7(d)) (3) 「搶佔先機優惠」(見備註7(e)) “First-mover Discount” (See Remarks 7(e)) (4) 「始終『瑜一』優惠 」(見備註7(f)) “IN ONE Discount” (See Remarks 7(f)) (5) 「印花稅優惠」(見備註7(g)) “Stamp Duty Discount” (See Remarks 7(g)) (6) 「早鳥優惠」(見備註7(h)) “Early Bird Benefit” (See Remarks 7(h)) (7) 延長欠妥之處之保養優惠(見備註7(j)) Extended Defect Maintenance Offer (See Remarks 7(j)) (8) 「始終瑜一」80%備用按揭貸款(見備註7(i)) ""IN ONE” 80% Standby Mortgage Loan (See Remarks 7(i))",
2023-04-02,2023-04-12,2025-07-07,第5座(5B) Tower 5(5B),20,C,,13697200,,"價單第1號 Price List No. 1 (1) 付款計劃(C): 「一」心一意建築期備用按揭付款 計劃: (照售價減2%) (見備註7(c)(iii)) Payment Plan (C): “ONE” Heart Standby Mortgage Loan Stage Payment Plan: (2% discount from the Price) (See Remarks 7(c)(iii)) (2) 「雙綫滙聚優惠」(見備註7(d)) ""Dual-lines Advantage Discount” (See Remarks 7(d)) (3) 「搶佔先機優惠」(見備註7(e)) “First-mover Discount” (See Remarks 7(e)) (4) 「始終『瑜一』優惠 」(見備註7(f)) “IN ONE Discount” (See Remarks 7(f)) (5) 「印花稅優惠」(見備註7(g)) “Stamp Duty Discount” (See Remarks 7(g)) (6) 「早鳥優惠」(見備註7(h)) “Early Bird Benefit” (See Remarks 7(h)) (7) 延長欠妥之處之保養優惠(見備註7(j)) Extended Defect Maintenance Offer (See Remarks 7(j)) (8) 「始終瑜一」80%備用按揭貸款(見備註7(i)) ""IN ONE” 80% Standby Mortgage Loan (See Remarks 7(i))",
2023-04-02,2023-04-12,,第5座(5B) Tower 5(5B),16,B,,12810300,,"價單第2號 Price List No. 2 (1) 付款計劃(A): 矜貴「瑜一」120天現金優惠付款 計劃: (照售價減5%) (見備註7(c)(i)) Payment Plan (A): Prestige “IN ONE” 120-day Cash Payment Plan: (5% discount from the Price) (See Remarks 7(c)(i)) (2) 「雙綫滙聚優惠」(見備註7(d)) ""Dual-lines Advantage Discount” (See Remarks 7(d)) (3) 「搶佔先機優惠」(見備註7(e)) “First-mover Discount” (See Remarks 7(e)) (4) 「始終『瑜一』優惠 」(見備註7(f)) “IN ONE Discount” (See Remarks 7(f)) (5) 「印花稅優惠」(見備註7(g)) “Stamp Duty Discount” (See Remarks 7(g)) (6) 「早鳥優惠」(見備註7(h)) “Early Bird Benefit” (See Remarks 7(h)) (7) 延長欠妥之處之保養優惠(見備註7(j)) Extended Defect Maintenance Offer (See Remarks 7(j))",
2023-04-02,2023-04-12,,第5座(5B) Tower 5(5B),15,B,,13209600,,"價單第2號 Price List No. 2 (1) 付款計劃(C): 「一」心一意建築期備用按揭付款 計劃: (照售價減2%) (見備註7(c)(iii)) Payment Plan (C): “ONE” Heart Standby Mortgage Loan Stage Payment Plan: (2% discount from the Price) (See Remarks 7(c)(iii)) (2) 「雙綫滙聚優惠」(見備註7(d)) ""Dual-lines Advantage Discount” (See Remarks 7(d)) (3) 「搶佔先機優惠」(見備註7(e)) “First-mover Discount” (See Remarks 7(e)) (4) 「始終『瑜一』優惠 」(見備註7(f)) “IN ONE Discount” (See Remarks 7(f)) (5) 「印花稅優惠」(見備註7(g)) “Stamp Duty Discount” (See Remarks 7(g)) (6) 「早鳥優惠」(見備註7(h)) “Early Bird Benefit” (See Remarks 7(h)) (7) 延長欠妥之處之保養優惠(見備註7(j)) Extended Defect Maintenance Offer (See Remarks 7(j)) (8) 「始終瑜一」80%備用按揭貸款(見備註7(i)) ""IN ONE” 80% Standby Mortgage Loan (See Remarks 7(i))",
2023-04-02,2023-04-12,,第5座(5B) Tower 5(5B),22,D,,14028900,,"價單第2號 Price List No. 2 (1) 付款計劃(C): 「一」心一意建築期備用按揭付款 計劃: (照售價減2%) (見備註7(c)(iii)) Payment Plan (C): “ONE” Heart Standby Mortgage Loan Stage Payment Plan: (2% discount from the Price) (See Remarks 7(c)(iii)) (2) 「雙綫滙聚優惠」(見備註7(d)) ""Dual-lines Advantage Discount” (See Remarks 7(d)) (3) 「搶佔先機優惠」(見備註7(e)) “First-mover Discount” (See Remarks 7(e)) (4) 「始終『瑜一』優惠 」(見備註7(f)) “IN ONE Discount” (See Remarks 7(f)) (5) 「印花稅優惠」(見備註7(g)) “Stamp Duty Discount” (See Remarks 7(g)) (6) 「早鳥優惠」(見備註7(h)) “Early Bird Benefit” (See Remarks 7(h)) (7) 延長欠妥之處之保養優惠(見備註7(j)) Extended Defect Maintenance Offer (See Remarks 7(j)) (8) 「始終瑜一」80%備用按揭貸款(見備註7(i)) ""IN ONE” 80% Standby Mortgage Loan (See Remarks 7(i))",
2023-04-02,2023-04-12,,第5座(5A) Tower 5(5A),22,B,,17645100,,"價單第2號 Price List No. 2 (1) 付款計劃(A): 矜貴「瑜一」120天現金優惠付款 計劃: (照售價減5%) (見備註7(c)(i)) Payment Plan (A): Prestige “IN ONE” 120-day Cash Payment Plan: (5% discount from the Price) (See Remarks 7(c)(i)) (2) 「雙綫滙聚優惠」(見備註7(d)) ""Dual-lines Advantage Discount” (See Remarks 7(d)) (3) 「搶佔先機優惠」(見備註7(e)) “First-mover Discount” (See Remarks 7(e)) (4) 「始終『瑜一』優惠 」(見備註7(f)) “IN ONE Discount” (See Remarks 7(f)) (5) 「印花稅優惠」(見備註7(g)) “Stamp Duty Discount” (See Remarks 7(g)) (6) 「早鳥優惠」(見備註7(h)) “Early Bird Benefit” (See Remarks 7(h)) (7) 延長欠妥之處之保養優惠(見備註7(j)) Extended Defect Maintenance Offer (See Remarks 7(j))",
2023-04-02,2023-04-12,,第5座(5B) Tower 5(5B),2,C,,12589200,,"價單第1號 Price List No. 1 (1) 付款計劃(C): 「一」心一意建築期備用按揭付款 計劃: (照售價減2%) (見備註7(c)(iii)) Payment Plan (C): “ONE” Heart Standby Mortgage Loan Stage Payment Plan: (2% discount from the Price) (See Remarks 7(c)(iii)) (2) 「雙綫滙聚優惠」(見備註7(d)) ""Dual-lines Advantage Discount” (See Remarks 7(d)) (3) 「搶佔先機優惠」(見備註7(e)) “First-mover Discount” (See Remarks 7(e)) (4) 「始終『瑜一』優惠 」(見備註7(f)) “IN ONE Discount” (See Remarks 7(f)) (5) 「印花稅優惠」(見備註7(g)) “Stamp Duty Discount” (See Remarks 7(g)) (6) 「早鳥優惠」(見備註7(h)) “Early Bird Benefit” (See Remarks 7(h)) (7) 延長欠妥之處之保養優惠(見備註7(j)) Extended Defect Maintenance Offer (See Remarks 7(j)) (8) 「始終瑜一」80%備用按揭貸款(見備註7(i)) ""IN ONE” 80% Standby Mortgage Loan (See Remarks 7(i))",
2023-04-02,2023-04-12,,第5座(5B) Tower 5(5B),18,F,,14565700,,"價單第2號 Price List No. 2 (1) 付款計劃(C): 「一」心一意建築期備用按揭付款 計劃: (照售價減2%) (見備註7(c)(iii)) Payment Plan (C): “ONE” Heart Standby Mortgage Loan Stage Payment Plan: (2% discount from the Price) (See Remarks 7(c)(iii)) (2) 「雙綫滙聚優惠」(見備註7(d)) ""Dual-lines Advantage Discount” (See Remarks 7(d)) (3) 「搶佔先機優惠」(見備註7(e)) “First-mover Discount” (See Remarks 7(e)) (4) 「始終『瑜一』優惠 」(見備註7(f)) “IN ONE Discount” (See Remarks 7(f)) (5) 「印花稅優惠」(見備註7(g)) “Stamp Duty Discount” (See Remarks 7(g)) (6) 「早鳥優惠」(見備註7(h)) “Early Bird Benefit” (See Remarks 7(h)) (7) 延長欠妥之處之保養優惠(見備註7(j)) Extended Defect Maintenance Offer (See Remarks 7(j)) (8) 「始終瑜一」80%備用按揭貸款(見備註7(i)) ""IN ONE” 80% Standby Mortgage Loan (See Remarks 7(i))",
2023-04-02,2023-04-12,,第5座(5B) Tower 5(5B),21,C,,13309300,,"價單第1號 Price List No. 1 (1) 付款計劃(A): 矜貴「瑜一」120天現金優惠付款 計劃: (照售價減5%) (見備註7(c)(i)) Payment Plan (A): Prestige “IN ONE” 120-day Cash Payment Plan: (5% discount from the Price) (See Remarks 7(c)(i)) (2) 「雙綫滙聚優惠」(見備註7(d)) ""Dual-lines Advantage Discount” (See Remarks 7(d)) (3) 「搶佔先機優惠」(見備註7(e)) “First-mover Discount” (See Remarks 7(e)) (4) 「始終『瑜一』優惠 」(見備註7(f)) “IN ONE Discount” (See Remarks 7(f)) (5) 「印花稅優惠」(見備註7(g)) “Stamp Duty Discount” (See Remarks 7(g)) (6) 「早鳥優惠」(見備註7(h)) “Early Bird Benefit” (See Remarks 7(h)) (7) 延長欠妥之處之保養優惠(見備註7(j)) Extended Defect Maintenance Offer (See Remarks 7(j))",
2023-04-02,2023-04-12,,第5座(5B) Tower 5(5B),5,D,,12787200,,"價單第2號 Price List No. 2 (1) 付款計劃(C): 「一」心一意建築期備用按揭付款 計劃: (照售價減2%) (見備註7(c)(iii)) Payment Plan (C): “ONE” Heart Standby Mortgage Loan Stage Payment Plan: (2% discount from the Price) (See Remarks 7(c)(iii)) (2) 「雙綫滙聚優惠」(見備註7(d)) ""Dual-lines Advantage Discount” (See Remarks 7(d)) (3) 「搶佔先機優惠」(見備註7(e)) “First-mover Discount” (See Remarks 7(e)) (4) 「始終『瑜一』優惠 」(見備註7(f)) “IN ONE Discount” (See Remarks 7(f)) (5) 「印花稅優惠」(見備註7(g)) “Stamp Duty Discount” (See Remarks 7(g)) (6) 「早鳥優惠」(見備註7(h)) “Early Bird Benefit” (See Remarks 7(h)) (7) 延長欠妥之處之保養優惠(見備註7(j)) Extended Defect Maintenance Offer (See Remarks 7(j)) (8) 「始終瑜一」80%備用按揭貸款(見備註7(i)) ""IN ONE” 80% Standby Mortgage Loan (See Remarks 7(i))",
2023-04-02,2023-04-12,,第5座(5B) Tower 5(5B),3,C,,12639400,,"價單第1號 Price List No. 1 (1) 付款計劃(C): 「一」心一意建築期備用按揭付款 計劃: (照售價減2%) (見備註7(c)(iii)) Payment Plan (C): “ONE” Heart Standby Mortgage Loan Stage Payment Plan: (2% discount from the Price) (See Remarks 7(c)(iii)) (2) 「雙綫滙聚優惠」(見備註7(d)) ""Dual-lines Advantage Discount” (See Remarks 7(d)) (3) 「搶佔先機優惠」(見備註7(e)) “First-mover Discount” (See Remarks 7(e)) (4) 「始終『瑜一』優惠 」(見備註7(f)) “IN ONE Discount” (See Remarks 7(f)) (5) 「印花稅優惠」(見備註7(g)) “Stamp Duty Discount” (See Remarks 7(g)) (6) 「早鳥優惠」(見備註7(h)) “Early Bird Benefit” (See Remarks 7(h)) (7) 延長欠妥之處之保養優惠(見備註7(j)) Extended Defect Maintenance Offer (See Remarks 7(j)) (8) 「始終瑜一」80%備用按揭貸款(見備註7(i)) ""IN ONE” 80% Standby Mortgage Loan (See Remarks 7(i))",
2023-04-02,2023-04-12,2025-07-07,第5座(5B) Tower 5(5B),10,C,,12995800,,"價單第1號 Price List No. 1 (1) 付款計劃(C): 「一」心一意建築期備用按揭付款 計劃: (照售價減2%) (見備註7(c)(iii)) Payment Plan (C): “ONE” Heart Standby Mortgage Loan Stage Payment Plan: (2% discount from the Price) (See Remarks 7(c)(iii)) (2) 「雙綫滙聚優惠」(見備註7(d)) ""Dual-lines Advantage Discount” (See Remarks 7(d)) (3) 「搶佔先機優惠」(見備註7(e)) “First-mover Discount” (See Remarks 7(e)) (4) 「始終『瑜一』優惠 」(見備註7(f)) “IN ONE Discount” (See Remarks 7(f)) (5) 「印花稅優惠」(見備註7(g)) “Stamp Duty Discount” (See Remarks 7(g)) (6) 「早鳥優惠」(見備註7(h)) “Early Bird Benefit” (See Remarks 7(h)) (7) 延長欠妥之處之保養優惠(見備註7(j)) Extended Defect Maintenance Offer (See Remarks 7(j)) (8) 「始終瑜一」80%備用按揭貸款(見備註7(i)) ""IN ONE” 80% Standby Mortgage Loan (See Remarks 7(i))",
2023-04-02,2023-04-12,2025-07-07,第5座(5B) Tower 5(5B),8,B,,13001100,,"價單第2號 Price List No. 2 (1) 付款計劃(C): 「一」心一意建築期備用按揭付款 計劃: (照售價減2%) (見備註7(c)(iii)) Payment Plan (C): “ONE” Heart Standby Mortgage Loan Stage Payment Plan: (2% discount from the Price) (See Remarks 7(c)(iii)) (2) 「雙綫滙聚優惠」(見備註7(d)) ""Dual-lines Advantage Discount” (See Remarks 7(d)) (3) 「搶佔先機優惠」(見備註7(e)) “First-mover Discount” (See Remarks 7(e)) (4) 「始終『瑜一』優惠 」(見備註7(f)) “IN ONE Discount” (See Remarks 7(f)) (5) 「印花稅優惠」(見備註7(g)) “Stamp Duty Discount” (See Remarks 7(g)) (6) 「早鳥優惠」(見備註7(h)) “Early Bird Benefit” (See Remarks 7(h)) (7) 延長欠妥之處之保養優惠(見備註7(j)) Extended Defect Maintenance Offer (See Remarks 7(j)) (8) 「始終瑜一」80%備用按揭貸款(見備註7(i)) ""IN ONE” 80% Standby Mortgage Loan (See Remarks 7(i))",
2023-04-02,,,第5座(5B) Tower 5(5B),8,A,,19051100,,"價單第1號 Price List No. 1 (1) 付款計劃(C): 「一」心一意建築期備用按揭付款 計劃: (照售價減2%) (見備註7(c)(iii)) Payment Plan (C): “ONE” Heart Standby Mortgage Loan Stage Payment Plan: (2% discount from the Price) (See Remarks 7(c)(iii)) (2) 「雙綫滙聚優惠」(見備註7(d)) ""Dual-lines Advantage Discount” (See Remarks 7(d)) (3) 「搶佔先機優惠」(見備註7(e)) “First-mover Discount” (See Remarks 7(e)) (4) 「始終『瑜一』優惠 」(見備註7(f)) “IN ONE Discount” (See Remarks 7(f)) (5) 「印花稅優惠」(見備註7(g)) “Stamp Duty Discount” (See Remarks 7(g)) (6) 「早鳥優惠」(見備註7(h)) “Early Bird Benefit” (See Remarks 7(h)) (7) 延長欠妥之處之保養優惠(見備註7(j)) Extended Defect Maintenance Offer (See Remarks 7(j)) (8) 「始終瑜一」80%備用按揭貸款(見備註7(i)) ""IN ONE” 80% Standby Mortgage Loan (See Remarks 7(i))",
2023-04-03,2023-04-11,,第5座(5B) Tower 5(5B),12,B,,13158600,,"價單第2號 Price List No. 2 (1) 付款計劃(C): 「一」心一意建築期備用按揭付款 計劃: (照售價減2%) (見備註7(c)(iii)) Payment Plan (C): “ONE” Heart Standby Mortgage Loan Stage Payment Plan: (2% discount from the Price) (See Remarks 7(c)(iii)) (2) 「雙綫滙聚優惠」(見備註7(d)) ""Dual-lines Advantage Discount” (See Remarks 7(d)) (3) 「搶佔先機優惠」(見備註7(e)) “First-mover Discount” (See Remarks 7(e)) (4) 「始終『瑜一』優惠 」(見備註7(f)) “IN ONE Discount” (See Remarks 7(f)) (5) 「印花稅優惠」(見備註7(g)) “Stamp Duty Discount” (See Remarks 7(g)) (6) 「早鳥優惠」(見備註7(h)) “Early Bird Benefit” (See Remarks 7(h)) (7) 延長欠妥之處之保養優惠(見備註7(j)) Extended Defect Maintenance Offer (See Remarks 7(j)) (8) 「始終瑜一」80%備用按揭貸款(見備註7(i)) ""IN ONE” 80% Standby Mortgage Loan (See Remarks 7(i))",
2023-04-03,2023-04-13,,第5座(5B) Tower 5(5B),19,F,,14780400,,"價單第2號 Price List No. 2 (1) 付款計劃(C): 「一」心一意建築期備用按揭付款 計劃: (照售價減2%) (見備註7(c)(iii)) Payment Plan (C): “ONE” Heart Standby Mortgage Loan Stage Payment Plan: (2% discount from the Price) (See Remarks 7(c)(iii)) (2) 「雙綫滙聚優惠」(見備註7(d)) ""Dual-lines Advantage Discount” (See Remarks 7(d)) (3) 「搶佔先機優惠」(見備註7(e)) “First-mover Discount” (See Remarks 7(e)) (4) 「始終『瑜一』優惠 」(見備註7(f)) “IN ONE Discount” (See Remarks 7(f)) (5) 「印花稅優惠」(見備註7(g)) “Stamp Duty Discount” (See Remarks 7(g)) (6) 「早鳥優惠」(見備註7(h)) “Early Bird Benefit” (See Remarks 7(h)) (7) 延長欠妥之處之保養優惠(見備註7(j)) Extended Defect Maintenance Offer (See Remarks 7(j)) (8) 「始終瑜一」80%備用按揭貸款(見備註7(i)) ""IN ONE” 80% Standby Mortgage Loan (See Remarks 7(i))",
2023-04-03,2023-04-13,,第5座(5A) Tower 5(5A),21,B,,18064600,,"價單第2號 Price List No. 2 (1) 付款計劃(C): 「一」心一意建築期備用按揭付款 計劃: (照售價減2%) (見備註7(c)(iii)) Payment Plan (C): “ONE” Heart Standby Mortgage Loan Stage Payment Plan: (2% discount from the Price) (See Remarks 7(c)(iii)) (2) 「雙綫滙聚優惠」(見備註7(d)) ""Dual-lines Advantage Discount” (See Remarks 7(d)) (3) 「搶佔先機優惠」(見備註7(e)) “First-mover Discount” (See Remarks 7(e)) (4) 「始終『瑜一』優惠 」(見備註7(f)) “IN ONE Discount” (See Remarks 7(f)) (5) 「印花稅優惠」(見備註7(g)) “Stamp Duty Discount” (See Remarks 7(g)) (6) 「早鳥優惠」(見備註7(h)) “Early Bird Benefit” (See Remarks 7(h)) (7) 延長欠妥之處之保養優惠(見備註7(j)) Extended Defect Maintenance Offer (See Remarks 7(j)) (8) 「始終瑜一」80%備用按揭貸款(見備註7(i)) ""IN ONE” 80% Standby Mortgage Loan (See Remarks 7(i))",
2023-04-03,2023-04-13,,第5座(5A) Tower 5(5A),26,C,,30303600,,"價單第2號 Price List No. 2 (1) 付款計劃(C): 「一」心一意建築期備用按揭付款 計劃: (照售價減2%) (見備註7(c)(iii)) Payment Plan (C): “ONE” Heart Standby Mortgage Loan Stage Payment Plan: (2% discount from the Price) (See Remarks 7(c)(iii)) (2) 「雙綫滙聚優惠」(見備註7(d)) ""Dual-lines Advantage Discount” (See Remarks 7(d)) (3) 「搶佔先機優惠」(見備註7(e)) “First-mover Discount” (See Remarks 7(e)) (4) 「始終『瑜一』優惠 」(見備註7(f)) “IN ONE Discount” (See Remarks 7(f)) (5) 「印花稅優惠」(見備註7(g)) “Stamp Duty Discount” (See Remarks 7(g)) (6) 「早鳥優惠」(見備註7(h)) “Early Bird Benefit” (See Remarks 7(h)) (7) 延長欠妥之處之保養優惠(見備註7(j)) Extended Defect Maintenance Offer (See Remarks 7(j)) (8) 「始終瑜一」80%備用按揭貸款(見備註7(i)) ""IN ONE” 80% Standby Mortgage Loan (See Remarks 7(i))",
2023-04-04,2023-04-12,,第5座(5A) Tower 5(5A),7,A,,23845900,,"價單第1號 Price List No. 1 (1) 付款計劃(A): 矜貴「瑜一」120天現金優惠付款 計劃: (照售價減5%) (見備註7(c)(i)) Payment Plan (A): Prestige “IN ONE” 120-day Cash Payment Plan: (5% discount from the Price) (See Remarks 7(c)(i)) (2) 「雙綫滙聚優惠」(見備註7(d)) ""Dual-lines Advantage Discount” (See Remarks 7(d)) (3) 「搶佔先機優惠」(見備註7(e)) “First-mover Discount” (See Remarks 7(e)) (4) 「始終『瑜一』優惠 」(見備註7(f)) “IN ONE Discount” (See Remarks 7(f)) (5) 「印花稅優惠」(見備註7(g)) “Stamp Duty Discount” (See Remarks 7(g)) (6) 「早鳥優惠」(見備註7(h)) “Early Bird Benefit” (See Remarks 7(h)) (7) 延長欠妥之處之保養優惠(見備註7(j)) Extended Defect Maintenance Offer (See Remarks 7(j))",
2023-04-06,2023-04-17,2025-07-07,第5座(5B) Tower 5(5B),12,A,,19525400,,"價單第2號 Price List No. 2 (1) 付款計劃(C): 「一」心一意建築期備用按揭付款 計劃: (照售價減2%) (見備註7(c)(iii)) Payment Plan (C): “ONE” Heart Standby Mortgage Loan Stage Payment Plan: (2% discount from the Price) (See Remarks 7(c)(iii)) (2) 「雙綫滙聚優惠」(見備註7(d)) ""Dual-lines Advantage Discount” (See Remarks 7(d)) (3) 「搶佔先機優惠」(見備註7(e)) “First-mover Discount” (See Remarks 7(e)) (4) 「始終『瑜一』優惠 」(見備註7(f)) “IN ONE Discount” (See Remarks 7(f)) (5) 「印花稅優惠」(見備註7(g)) “Stamp Duty Discount” (See Remarks 7(g)) (6) 「早鳥優惠」(見備註7(h)) “Early Bird Benefit” (See Remarks 7(h)) (7) 延長欠妥之處之保養優惠(見備註7(j)) Extended Defect Maintenance Offer (See Remarks 7(j)) (8) 「始終瑜一」80%備用按揭貸款(見備註7(i)) ""IN ONE” 80% Standby Mortgage Loan (See Remarks 7(i))",
2023-04-09,2023-04-17,,第5座(5A) Tower 5(5A),1,A,,26172000,,"價單第2號 Price List No. 2 (1) 付款計劃(C): 「一」心一意建築期備用按揭付款 計劃: (照售價減2%) (見備註7(c)(iii)) Payment Plan (C): “ONE” Heart Standby Mortgage Loan Stage Payment Plan: (2% discount from the Price) (See Remarks 7(c)(iii)) (2) 「雙綫滙聚優惠」(見備註7(d)) ""Dual-lines Advantage Discount” (See Remarks 7(d)) (3) 「搶佔先機優惠」(見備註7(e)) “First-mover Discount” (See Remarks 7(e)) (4) 「始終『瑜一』優惠 」(見備註7(f)) “IN ONE Discount” (See Remarks 7(f)) (5) 「印花稅優惠」(見備註7(g)) “Stamp Duty Discount” (See Remarks 7(g)) (6) 「早鳥優惠」(見備註7(h)) “Early Bird Benefit” (See Remarks 7(h)) (7) 延長欠妥之處之保養優惠(見備註7(j)) Extended Defect Maintenance Offer (See Remarks 7(j)) (8) 「始終瑜一」80%備用按揭貸款(見備註7(i)) ""IN ONE” 80% Standby Mortgage Loan (See Remarks 7(i))",
2023-04-13,2023-04-20,2025-07-07,第5座(5B) Tower 5(5B),8,A,,19051100,,"價單第1號 Price List No. 1 (1) 付款計劃(C): 「一」心一意建築期備用按揭付款 計劃: (照售價減2%) (見備註7(c)(iii)) Payment Plan (C): “ONE” Heart Standby Mortgage Loan Stage Payment Plan: (2% discount from the Price) (See Remarks 7(c)(iii)) (2) 「雙綫滙聚優惠」(見備註7(d)) ""Dual-lines Advantage Discount” (See Remarks 7(d)) (3) 「搶佔先機優惠」(見備註7(e)) “First-mover Discount” (See Remarks 7(e)) (4) 「始終『瑜一』優惠 」(見備註7(f)) “IN ONE Discount” (See Remarks 7(f)) (5) 「印花稅優惠」(見備註7(g)) “Stamp Duty Discount” (See Remarks 7(g)) (6) 「早鳥優惠」(見備註7(h)) “Early Bird Benefit” (See Remarks 7(h)) (7) 延長欠妥之處之保養優惠(見備註7(j)) Extended Defect Maintenance Offer (See Remarks 7(j)) (8) 「始終瑜一」80%備用按揭貸款(見備註7(i)) ""IN ONE” 80% Standby Mortgage Loan (See Remarks 7(i))",
2023-04-13,2023-04-19,,第5座(5B) Tower 5(5B),5,F,,13077600,,"價單第1號 Price List No. 1 (1) 付款計劃(C): 「一」心一意建築期備用按揭付款 計劃: (照售價減2%) (見備註7(c)(iii)) Payment Plan (C): “ONE” Heart Standby Mortgage Loan Stage Payment Plan: (2% discount from the Price) (See Remarks 7(c)(iii)) (2) 「雙綫滙聚優惠」(見備註7(d)) ""Dual-lines Advantage Discount” (See Remarks 7(d)) (3) 「搶佔先機優惠」(見備註7(e)) “First-mover Discount” (See Remarks 7(e)) (4) 「始終『瑜一』優惠 」(見備註7(f)) “IN ONE Discount” (See Remarks 7(f)) (5) 「印花稅優惠」(見備註7(g)) “Stamp Duty Discount” (See Remarks 7(g)) (6) 「早鳥優惠」(見備註7(h)) “Early Bird Benefit” (See Remarks 7(h)) (7) 延長欠妥之處之保養優惠(見備註7(j)) Extended Defect Maintenance Offer (See Remarks 7(j)) (8) 「始終瑜一」80%備用按揭貸款(見備註7(i)) ""IN ONE” 80% Standby Mortgage Loan (See Remarks 7(i))",
2023-04-13,2023-04-20,,第5座(5B) Tower 5(5B),20,F,,14475500,,"價單第2號 Price List No. 2 (1) 付款計劃(A): 矜貴「瑜一」120天現金優惠付款 計劃: (照售價減5%) (見備註7(c)(i)) Payment Plan (A): Prestige “IN ONE” 120-day Cash Payment Plan: (5% discount from the Price) (See Remarks 7(c)(i)) (2) 「雙綫滙聚優惠」(見備註7(d)) ""Dual-lines Advantage Discount” (See Remarks 7(d)) (3) 「搶佔先機優惠」(見備註7(e)) “First-mover Discount” (See Remarks 7(e)) (4) 「始終『瑜一』優惠 」(見備註7(f)) “IN ONE Discount” (See Remarks 7(f)) (5) 「印花稅優惠」(見備註7(g)) “Stamp Duty Discount” (See Remarks 7(g)) (6) 「早鳥優惠」(見備註7(h)) “Early Bird Benefit” (See Remarks 7(h)) (7) 延長欠妥之處之保養優惠(見備註7(j)) Extended Defect Maintenance Offer (See Remarks 7(j))",
2023-04-14,2023-04-21,,第5座(5B) Tower 5(5B),2,A,,18600500,,"價單第1號 Price List No. 1 (1) 付款計劃(C): 「一」心一意建築期備用按揭付款 計劃: (照售價減2%) (見備註7(c)(iii)) Payment Plan (C): “ONE” Heart Standby Mortgage Loan Stage Payment Plan: (2% discount from the Price) (See Remarks 7(c)(iii)) (2) 「雙綫滙聚優惠」(見備註7(d)) ""Dual-lines Advantage Discount” (See Remarks 7(d)) (3) 「搶佔先機優惠」(見備註7(e)) “First-mover Discount” (See Remarks 7(e)) (4) 「始終『瑜一』優惠 」(見備註7(f)) “IN ONE Discount” (See Remarks 7(f)) (5) 「印花稅優惠」(見備註7(g)) “Stamp Duty Discount” (See Remarks 7(g)) (6) 「早鳥優惠」(見備註7(h)) “Early Bird Benefit” (See Remarks 7(h)) (7) 延長欠妥之處之保養優惠(見備註7(j)) Extended Defect Maintenance Offer (See Remarks 7(j)) (8) 「始終瑜一」80%備用按揭貸款(見備註7(i)) ""IN ONE” 80% Standby Mortgage Loan (See Remarks 7(i))",
2023-04-15,2023-04-21,,第5座(5B) Tower 5(5B),1,F,,14962600,,"價單第2號 Price List No. 2 (1) 付款計劃(C): 「一」心一意建築期備用按揭付款 計劃: (照售價減2%) (見備註7(c)(iii)) Payment Plan (C): “ONE” Heart Standby Mortgage Loan Stage Payment Plan: (2% discount from the Price) (See Remarks 7(c)(iii)) (2) 「雙綫滙聚優惠」(見備註7(d)) ""Dual-lines Advantage Discount” (See Remarks 7(d)) (3) 「搶佔先機優惠」(見備註7(e)) “First-mover Discount” (See Remarks 7(e)) (4) 「始終『瑜一』優惠 」(見備註7(f)) “IN ONE Discount” (See Remarks 7(f)) (5) 「印花稅優惠」(見備註7(g)) “Stamp Duty Discount” (See Remarks 7(g)) (6) 「早鳥優惠」(見備註7(h)) “Early Bird Benefit” (See Remarks 7(h)) (7) 延長欠妥之處之保養優惠(見備註7(j)) Extended Defect Maintenance Offer (See Remarks 7(j)) (8) 「始終瑜一」80%備用按揭貸款(見備註7(i)) ""IN ONE” 80% Standby Mortgage Loan (See Remarks 7(i))",
2023-04-15,2023-04-20,,第5座(5B) Tower 5(5B),28,B,,16202500,,"價單第2號 Price List No. 2 (1) 付款計劃(C): 「一」心一意建築期備用按揭付款 計劃: (照售價減2%) (見備註7(c)(iii)) Payment Plan (C): “ONE” Heart Standby Mortgage Loan Stage Payment Plan: (2% discount from the Price) (See Remarks 7(c)(iii)) (2) 「雙綫滙聚優惠」(見備註7(d)) ""Dual-lines Advantage Discount” (See Remarks 7(d)) (3) 「搶佔先機優惠」(見備註7(e)) “First-mover Discount” (See Remarks 7(e)) (4) 「始終『瑜一』優惠 」(見備註7(f)) “IN ONE Discount” (See Remarks 7(f)) (5) 「印花稅優惠」(見備註7(g)) “Stamp Duty Discount” (See Remarks 7(g)) (6) 「早鳥優惠」(見備註7(h)) “Early Bird Benefit” (See Remarks 7(h)) (7) 延長欠妥之處之保養優惠(見備註7(j)) Extended Defect Maintenance Offer (See Remarks 7(j)) (8) 「始終瑜一」80%備用按揭貸款(見備註7(i)) ""IN ONE” 80% Standby Mortgage Loan (See Remarks 7(i))",
2023-05-03,2023-05-10,,第5座(5B) Tower 5(5B),17,C,,13427900,,"價單第1號 Price List No. 1 (1) 付款計劃(C): 「一」心一意建築期備用按揭付款 計劃: (照售價減2%) (見備註7(c)(iii)) Payment Plan (C): “ONE” Heart Standby Mortgage Loan Stage Payment Plan: (2% discount from the Price) (See Remarks 7(c)(iii)) (2) 「雙綫滙聚優惠」(見備註7(d)) ""Dual-lines Advantage Discount” (See Remarks 7(d)) (3) 「搶佔先機優惠」(見備註7(e)) “First-mover Discount” (See Remarks 7(e)) (4) 「始終『瑜一』優惠 」(見備註7(f)) “IN ONE Discount” (See Remarks 7(f)) (5) 「印花稅優惠」(見備註7(g)) “Stamp Duty Discount” (See Remarks 7(g)) (6) 「早鳥優惠」(見備註7(h)) “Early Bird Benefit” (See Remarks 7(h)) (7) 延長欠妥之處之保養優惠(見備註7(j)) Extended Defect Maintenance Offer (See Remarks 7(j)) (8) 「始終瑜一」80%備用按揭貸款(見備註7(i)) ""IN ONE” 80% Standby Mortgage Loan (See Remarks 7(i))",
2023-05-05,2023-05-12,,第5座(5B) Tower 5(5B),18,C,,13629400,,"價單第1號 Price List No. 1 (1) 付款計劃(C): 「一」心一意建築期備用按揭付款 計劃: (照售價減2%) (見備註7(c)(iii)) Payment Plan (C): “ONE” Heart Standby Mortgage Loan Stage Payment Plan: (2% discount from the Price) (See Remarks 7(c)(iii)) (2) 「雙綫滙聚優惠」(見備註7(d)) ""Dual-lines Advantage Discount” (See Remarks 7(d)) (3) 「搶佔先機優惠」(見備註7(e)) “First-mover Discount” (See Remarks 7(e)) (4) 「始終『瑜一』優惠 」(見備註7(f)) “IN ONE Discount” (See Remarks 7(f)) (5) 「印花稅優惠」(見備註7(g)) “Stamp Duty Discount” (See Remarks 7(g)) (6) 「早鳥優惠」(見備註7(h)) “Early Bird Benefit” (See Remarks 7(h)) (7) 延長欠妥之處之保養優惠(見備註7(j)) Extended Defect Maintenance Offer (See Remarks 7(j)) (8) 「始終瑜一」80%備用按揭貸款(見備註7(i)) ""IN ONE” 80% Standby Mortgage Loan (See Remarks 7(i))",
2023-05-12,2023-05-16,,第5座(5B) Tower 5(5B),19,A,,20237300,,"價單第2號 Price List No. 2 (1) 付款計劃(C): 「一」心一意建築期備用按揭付款 計劃: (照售價減2%) (見備註7(c)(iii)) Payment Plan (C): “ONE” Heart Standby Mortgage Loan Stage Payment Plan: (2% discount from the Price) (See Remarks 7(c)(iii)) (2) 「雙綫滙聚優惠」(見備註7(d)) ""Dual-lines Advantage Discount” (See Remarks 7(d)) (3) 「搶佔先機優惠」(見備註7(e)) “First-mover Discount” (See Remarks 7(e)) (4) 「始終『瑜一』優惠 」(見備註7(f)) “IN ONE Discount” (See Remarks 7(f)) (5) 「印花稅優惠」(見備註7(g)) “Stamp Duty Discount” (See Remarks 7(g)) (6) 「早鳥優惠」(見備註7(h)) “Early Bird Benefit” (See Remarks 7(h)) (7) 延長欠妥之處之保養優惠(見備註7(j)) Extended Defect Maintenance Offer (See Remarks 7(j)) (8) 「始終瑜一」80%備用按揭貸款(見備註7(i)) ""IN ONE” 80% Standby Mortgage Loan (See Remarks 7(i))",
2023-05-13,2023-05-19,,第5座(5B) Tower 5(5B),23,D,,13754700,,"價單第2號 Price List No. 2 (1) 付款計劃(A): 矜貴「瑜一」120天現金優惠付款 計劃: (照售價減5%) (見備註7(c)(i)) Payment Plan (A): Prestige “IN ONE” 120-day Cash Payment Plan: (5% discount from the Price) (See Remarks 7(c)(i)) (2) 「雙綫滙聚優惠」(見備註7(d)) ""Dual-lines Advantage Discount” (See Remarks 7(d)) (3) 「搶佔先機優惠」(見備註7(e)) “First-mover Discount” (See Remarks 7(e)) (4) 「始終『瑜一』優惠 」(見備註7(f)) “IN ONE Discount” (See Remarks 7(f)) (5) 「印花稅優惠」(見備註7(g)) “Stamp Duty Discount” (See Remarks 7(g)) (6) 「早鳥優惠」(見備註7(h)) “Early Bird Benefit” (See Remarks 7(h)) (7) 延長欠妥之處之保養優惠(見備註7(j)) Extended Defect Maintenance Offer (See Remarks 7(j))",
2023-05-14,2023-05-19,,第5座(5B) Tower 5(5B),25,D,,14453100,,"價單第2號 Price List No. 2 (1) 付款計劃(C): 「一」心一意建築期備用按揭付款 計劃: (照售價減2%) (見備註7(c)(iii)) Payment Plan (C): “ONE” Heart Standby Mortgage Loan Stage Payment Plan: (2% discount from the Price) (See Remarks 7(c)(iii)) (2) 「雙綫滙聚優惠」(見備註7(d)) ""Dual-lines Advantage Discount” (See Remarks 7(d)) (3) 「搶佔先機優惠」(見備註7(e)) “First-mover Discount” (See Remarks 7(e)) (4) 「始終『瑜一』優惠 」(見備註7(f)) “IN ONE Discount” (See Remarks 7(f)) (5) 「印花稅優惠」(見備註7(g)) “Stamp Duty Discount” (See Remarks 7(g)) (6) 「早鳥優惠」(見備註7(h)) “Early Bird Benefit” (See Remarks 7(h)) (7) 延長欠妥之處之保養優惠(見備註7(j)) Extended Defect Maintenance Offer (See Remarks 7(j)) (8) 「始終瑜一」80%備用按揭貸款(見備註7(i)) ""IN ONE” 80% Standby Mortgage Loan (See Remarks 7(i))",
2023-05-16,2023-05-23,,第5座(5B) Tower 5(5B),28,D,,16306400,,"價單第2號 Price List No. 2 (1) 付款計劃(C): 「一」心一意建築期備用按揭付款 計劃: (照售價減2%) (見備註7(c)(iii)) Payment Plan (C): “ONE” Heart Standby Mortgage Loan Stage Payment Plan: (2% discount from the Price) (See Remarks 7(c)(iii)) (2) 「雙綫滙聚優惠」(見備註7(d)) ""Dual-lines Advantage Discount” (See Remarks 7(d)) (3) 「搶佔先機優惠」(見備註7(e)) “First-mover Discount” (See Remarks 7(e)) (4) 「始終『瑜一』優惠 」(見備註7(f)) “IN ONE Discount” (See Remarks 7(f)) (5) 「印花稅優惠」(見備註7(g)) “Stamp Duty Discount” (See Remarks 7(g)) (6) 「早鳥優惠」(見備註7(h)) “Early Bird Benefit” (See Remarks 7(h)) (7) 延長欠妥之處之保養優惠(見備註7(j)) Extended Defect Maintenance Offer (See Remarks 7(j)) (8) 「始終瑜一」80%備用按揭貸款(見備註7(i)) ""IN ONE” 80% Standby Mortgage Loan (See Remarks 7(i))",
2023-05-18,2023-05-23,,第5座(5B) Tower 5(5B),3,A,,18675300,,"價單第1號 Price List No. 1 (1) 付款計劃(C): 「一」心一意建築期備用按揭付款 計劃: (照售價減2%) (見備註7(c)(iii)) Payment Plan (C): “ONE” Heart Standby Mortgage Loan Stage Payment Plan: (2% discount from the Price) (See Remarks 7(c)(iii)) (2) 「雙綫滙聚優惠」(見備註7(d)) ""Dual-lines Advantage Discount” (See Remarks 7(d)) (3) 「搶佔先機優惠」(見備註7(e)) “First-mover Discount” (See Remarks 7(e)) (4) 「始終『瑜一』優惠 」(見備註7(f)) “IN ONE Discount” (See Remarks 7(f)) (5) 「印花稅優惠」(見備註7(g)) “Stamp Duty Discount” (See Remarks 7(g)) (6) 「早鳥優惠」(見備註7(h)) “Early Bird Benefit” (See Remarks 7(h)) (7) 延長欠妥之處之保養優惠(見備註7(j)) Extended Defect Maintenance Offer (See Remarks 7(j)) (8) 「始終瑜一」80%備用按揭貸款(見備註7(i)) ""IN ONE” 80% Standby Mortgage Loan (See Remarks 7(i))",
2023-05-18,2023-05-25,,第5座(5A) Tower 5(5A),23,B,,18454400,,"價單第2號 Price List No. 2 (1) 付款計劃(C): 「一」心一意建築期備用按揭付款 計劃: (照售價減2%) (見備註7(c)(iii)) Payment Plan (C): “ONE” Heart Standby Mortgage Loan Stage Payment Plan: (2% discount from the Price) (See Remarks 7(c)(iii)) (2) 「雙綫滙聚優惠」(見備註7(d)) ""Dual-lines Advantage Discount” (See Remarks 7(d)) (3) 「搶佔先機優惠」(見備註7(e)) “First-mover Discount” (See Remarks 7(e)) (4) 「始終『瑜一』優惠 」(見備註7(f)) “IN ONE Discount” (See Remarks 7(f)) (5) 「印花稅優惠」(見備註7(g)) “Stamp Duty Discount” (See Remarks 7(g)) (6) 「早鳥優惠」(見備註7(h)) “Early Bird Benefit” (See Remarks 7(h)) (7) 延長欠妥之處之保養優惠(見備註7(j)) Extended Defect Maintenance Offer (See Remarks 7(j)) (8) 「始終瑜一」80%備用按揭貸款(見備註7(i)) ""IN ONE” 80% Standby Mortgage Loan (See Remarks 7(i))",
2023-05-20,2023-05-29,2025-07-07,第5座(5B) Tower 5(5B),5,A,,18750100,,"價單第1號 Price List No. 1 (1) 付款計劃(C): 「一」心一意建築期備用按揭付款 計劃: (照售價減2%) (見備註7(c)(iii)) Payment Plan (C): “ONE” Heart Standby Mortgage Loan Stage Payment Plan: (2% discount from the Price) (See Remarks 7(c)(iii)) (2) 「雙綫滙聚優惠」(見備註7(d)) ""Dual-lines Advantage Discount” (See Remarks 7(d)) (3) 「搶佔先機優惠」(見備註7(e)) “First-mover Discount” (See Remarks 7(e)) (4) 「始終『瑜一』優惠 」(見備註7(f)) “IN ONE Discount” (See Remarks 7(f)) (5) 「印花稅優惠」(見備註7(g)) “Stamp Duty Discount” (See Remarks 7(g)) (6) 「早鳥優惠」(見備註7(h)) “Early Bird Benefit” (See Remarks 7(h)) (7) 延長欠妥之處之保養優惠(見備註7(j)) Extended Defect Maintenance Offer (See Remarks 7(j)) (8) 「始終瑜一」80%備用按揭貸款(見備註7(i)) ""IN ONE” 80% Standby Mortgage Loan (See Remarks 7(i))",
2023-05-21,2023-05-25,,第5座(5B) Tower 5(5B),21,F,,15185200,,"價單第2號 Price List No. 2 (1) 付款計劃(C): 「一」心一意建築期備用按揭付款 計劃: (照售價減2%) (見備註7(c)(iii)) Payment Plan (C): “ONE” Heart Standby Mortgage Loan Stage Payment Plan: (2% discount from the Price) (See Remarks 7(c)(iii)) (2) 「雙綫滙聚優惠」(見備註7(d)) ""Dual-lines Advantage Discount” (See Remarks 7(d)) (3) 「搶佔先機優惠」(見備註7(e)) “First-mover Discount” (See Remarks 7(e)) (4) 「始終『瑜一』優惠 」(見備註7(f)) “IN ONE Discount” (See Remarks 7(f)) (5) 「印花稅優惠」(見備註7(g)) “Stamp Duty Discount” (See Remarks 7(g)) (6) 「早鳥優惠」(見備註7(h)) “Early Bird Benefit” (See Remarks 7(h)) (7) 延長欠妥之處之保養優惠(見備註7(j)) Extended Defect Maintenance Offer (See Remarks 7(j)) (8) 「始終瑜一」80%備用按揭貸款(見備註7(i)) ""IN ONE” 80% Standby Mortgage Loan (See Remarks 7(i))",
2023-05-21,2023-05-29,,第5座(5A) Tower 5(5A),25,B,,18751000,,"價單第2號 Price List No. 2 (1) 付款計劃(C): 「一」心一意建築期備用按揭付款 計劃: (照售價減2%) (見備註7(c)(iii)) Payment Plan (C): “ONE” Heart Standby Mortgage Loan Stage Payment Plan: (2% discount from the Price) (See Remarks 7(c)(iii)) (2) 「雙綫滙聚優惠」(見備註7(d)) ""Dual-lines Advantage Discount” (See Remarks 7(d)) (3) 「搶佔先機優惠」(見備註7(e)) “First-mover Discount” (See Remarks 7(e)) (4) 「始終『瑜一』優惠 」(見備註7(f)) “IN ONE Discount” (See Remarks 7(f)) (5) 「印花稅優惠」(見備註7(g)) “Stamp Duty Discount” (See Remarks 7(g)) (6) 「早鳥優惠」(見備註7(h)) “Early Bird Benefit” (See Remarks 7(h)) (7) 延長欠妥之處之保養優惠(見備註7(j)) Extended Defect Maintenance Offer (See Remarks 7(j)) (8) 「始終瑜一」80%備用按揭貸款(見備註7(i)) ""IN ONE” 80% Standby Mortgage Loan (See Remarks 7(i))",
2023-05-25,2023-06-01,,第5座(5B) Tower 5(5B),23,A,,21026700,,"價單第2號 Price List No. 2 (1) 付款計劃(C): 「一」心一意建築期備用按揭付款 計劃: (照售價減2%) (見備註7(c)(iii)) Payment Plan (C): “ONE” Heart Standby Mortgage Loan Stage Payment Plan: (2% discount from the Price) (See Remarks 7(c)(iii)) (2) 「雙綫滙聚優惠」(見備註7(d)) ""Dual-lines Advantage Discount” (See Remarks 7(d)) (3) 「搶佔先機優惠」(見備註7(e)) “First-mover Discount” (See Remarks 7(e)) (4) 「始終『瑜一』優惠 」(見備註7(f)) “IN ONE Discount” (See Remarks 7(f)) (5) 「印花稅優惠」(見備註7(g)) “Stamp Duty Discount” (See Remarks 7(g)) (6) 「早鳥優惠」(見備註7(h)) “Early Bird Benefit” (See Remarks 7(h)) (7) 延長欠妥之處之保養優惠(見備註7(j)) Extended Defect Maintenance Offer (See Remarks 7(j)) (8) 「始終瑜一」80%備用按揭貸款(見備註7(i)) ""IN ONE” 80% Standby Mortgage Loan (See Remarks 7(i))",
2023-06-06,2023-06-13,,第5座(5B) Tower 5(5B),17,A,,19938100,,"價單第2號 Price List No. 2 (1) 付款計劃(C): 「一」心一意建築期備用按揭付款 計劃: (照售價減2%) (見備註7(c)(iii)) Payment Plan (C): “ONE” Heart Standby Mortgage Loan Stage Payment Plan: (2% discount from the Price) (See Remarks 7(c)(iii)) (2) 「雙綫滙聚優惠」(見備註7(d)) ""Dual-lines Advantage Discount” (See Remarks 7(d)) (3) 「搶佔先機優惠」(見備註7(e)) “First-mover Discount” (See Remarks 7(e)) (4) 「始終『瑜一』優惠 」(見備註7(f)) “IN ONE Discount” (See Remarks 7(f)) (5) 「印花稅優惠」(見備註7(g)) “Stamp Duty Discount” (See Remarks 7(g)) (6) 「早鳥優惠」(見備註7(h)) “Early Bird Benefit” (See Remarks 7(h)) (7) 延長欠妥之處之保養優惠(見備註7(j)) Extended Defect Maintenance Offer (See Remarks 7(j)) (8) 「始終瑜一」80%備用按揭貸款(見備註7(i)) ""IN ONE” 80% Standby Mortgage Loan (See Remarks 7(i))",
2023-06-16,2023-06-26,,第5座(5B) Tower 5(5B),22,A,,20709900,,"價單第2號 Price List No. 2 (1) 付款計劃(C): 「一」心一意建築期備用按揭付款 計劃: (照售價減2%) (見備註7(c)(iii)) Payment Plan (C): “ONE” Heart Standby Mortgage Loan Stage Payment Plan: (2% discount from the Price) (See Remarks 7(c)(iii)) (2) 「雙綫滙聚優惠」(見備註7(d)) ""Dual-lines Advantage Discount” (See Remarks 7(d)) (3) 「搶佔先機優惠」(見備註7(e)) “First-mover Discount” (See Remarks 7(e)) (4) 「始終『瑜一』優惠 」(見備註7(f)) “IN ONE Discount” (See Remarks 7(f)) (5) 「印花稅優惠」(見備註7(g)) “Stamp Duty Discount” (See Remarks 7(g)) (6) 「早鳥優惠」(見備註7(h)) “Early Bird Benefit” (See Remarks 7(h)) (7) 延長欠妥之處之保養優惠(見備註7(j)) Extended Defect Maintenance Offer (See Remarks 7(j)) (8) 「始終瑜一」80%備用按揭貸款(見備註7(i)) ""IN ONE” 80% Standby Mortgage Loan (See Remarks 7(i))",
2023-06-30,2023-07-05,,第5座(5B) Tower 5(5B),27,C,,14212000,,"價單第1號 Price List No. 1 (1) 付款計劃(A): 矜貴「瑜一」120天現金優惠付款 計劃: (照售價減5%) (見備註7(c)(i)) Payment Plan (A): Prestige “IN ONE” 120-day Cash Payment Plan: (5% discount from the Price) (See Remarks 7(c)(i)) (2) 「雙綫滙聚優惠」(見備註7(d)) ""Dual-lines Advantage Discount” (See Remarks 7(d)) (3) 「搶佔先機優惠」(見備註7(e)) “First-mover Discount” (See Remarks 7(e)) (4) 「始終『瑜一』優惠 」(見備註7(f)) “IN ONE Discount” (See Remarks 7(f)) (5) 「印花稅優惠」(見備註7(g)) “Stamp Duty Discount” (See Remarks 7(g)) (6) 「早鳥優惠」(見備註7(h)) “Early Bird Benefit” (See Remarks 7(h)) (7) 延長欠妥之處之保養優惠(見備註7(j)) Extended Defect Maintenance Offer (See Remarks 7(j))",
2023-06-30,2023-07-07,,第5座(5B) Tower 5(5B),23,C,,13590600,,"價單第1號 Price List No. 1 (1) 付款計劃(A): 矜貴「瑜一」120天現金優惠付款 計劃: (照售價減5%) (見備註7(c)(i)) Payment Plan (A): Prestige “IN ONE” 120-day Cash Payment Plan: (5% discount from the Price) (See Remarks 7(c)(i)) (2) 「雙綫滙聚優惠」(見備註7(d)) ""Dual-lines Advantage Discount” (See Remarks 7(d)) (3) 「搶佔先機優惠」(見備註7(e)) “First-mover Discount” (See Remarks 7(e)) (4) 「始終『瑜一』優惠 」(見備註7(f)) “IN ONE Discount” (See Remarks 7(f)) (5) 「印花稅優惠」(見備註7(g)) “Stamp Duty Discount” (See Remarks 7(g)) (6) 「早鳥優惠」(見備註7(h)) “Early Bird Benefit” (See Remarks 7(h)) (7) 延長欠妥之處之保養優惠(見備註7(j)) Extended Defect Maintenance Offer (See Remarks 7(j))",
2024-02-28,2024-03-06,,第5座(5B) Tower 5(5B),27,A,,21487100,,"價單第2D號 Price List No. 2D (1) 付款計劃(B): 輕鬆「瑜一」建築期付款計劃: (照 售價減4%) (見備註7(c)(iv)) Payment Plan (B): Relaxed “IN ONE” Stage Payment Plan: (4% discount from the Price) (See Remarks 7(c)(iv)) (2) 「雙綫滙聚優惠」(見備註7(d)) “Dual-lines Advantage Discount” (See Remarks 7(d)) (3) 「搶佔先機優惠」(見備註7(e)) “First-mover Discount” (See Remarks 7(e)) (4) 「始終『瑜一』優惠 」(見備註7(f)) “IN ONE Discount” (See Remarks 7(f)) (5) 「印花稅優惠」(見備註7(g)) “Stamp Duty Discount” (See Remarks 7(g)) (6) 「早鳥優惠」(見備註7(h)) “Early Bird Benefit” (See Remarks 7(h)) (7) 延長欠妥之處之保養優惠(見備註7(j)) Extended Defect Maintenance Offer (See Remarks 7(j)) (8)「『瑜』意吉祥迎新春優惠」(見備註7(k)) ""Great Fortune IN ONE Discount"" (See Remarks 7(k))",
2024-03-10,2024-03-15,,第5座(5B) Tower 5(5B),11,A,,18760300,,"價單第2E號 Price List No. 2E (1) 付款計劃(A): 矜貴「瑜一」120天現金優惠付款 計劃: (照售價減5%) (見備註7(c)(i)) Payment Plan (A): Prestige “IN ONE” 120-day Cash Payment Plan: (5% discount from the Price) (See Remarks 7(c)(i)) (2) 「雙綫滙聚優惠」(見備註7(d)) ""Dual-lines Advantage Discount” (See Remarks 7(d)) (3) 「搶佔先機優惠」(見備註7(e)) “First-mover Discount” (See Remarks 7(e)) (4) 「始終『瑜一』優惠 」(見備註7(f)) “IN ONE Discount” (See Remarks 7(f)) (5) 「印花稅優惠」(見備註7(g)) “Stamp Duty Discount” (See Remarks 7(g)) (6) 「早鳥優惠」(見備註7(h)) “Early Bird Benefit” (See Remarks 7(h)) (7) 延長欠妥之處之保養優惠(見備註7(j)) Extended Defect Maintenance Offer (See Remarks 7(j))",
2024-03-12,2024-03-19,,第5座(5B) Tower 5(5B),26,A,,21662000,,"價單第2E號 Price List No. 2E (1) 付款計劃(C): 「一」心一意建築期備用按揭付款 計劃: (照售價減2%) (見備註7(c)(iii)) Payment Plan (C): “ONE” Heart Standby Mortgage Loan Stage Payment Plan: (2% discount from the Price) (See Remarks 7(c)(iii)) (2) 「雙綫滙聚優惠」(見備註7(d)) ""Dual-lines Advantage Discount” (See Remarks 7(d)) (3) 「搶佔先機優惠」(見備註7(e)) “First-mover Discount” (See Remarks 7(e)) (4) 「始終『瑜一』優惠 」(見備註7(f)) “IN ONE Discount” (See Remarks 7(f)) (5) 「印花稅優惠」(見備註7(g)) “Stamp Duty Discount” (See Remarks 7(g)) (6) 「早鳥優惠」(見備註7(h)) “Early Bird Benefit” (See Remarks 7(h)) (7) 延長欠妥之處之保養優惠(見備註7(j)) Extended Defect Maintenance Offer (See Remarks 7(j)) (8) 「始終瑜一」80%備用按揭貸款(見備註7(i)) ""IN ONE” 80% Standby Mortgage Loan (See Remarks 7(i))",
2025-01-08,2025-01-14,,第5座(5B) Tower 5(5B),25,C,,13631500,,"價單第1G號 Price List No. 1G (1) 付款計劃(A): 矜貴「瑜一」120天現金優惠付款 計劃: (照售價減5%) (見備註7(c)(i)) Payment Plan (A): Prestige “IN ONE” 120-day Cash Payment Plan: (5% discount from the Price) (See Remarks 7(c)(i)) (2) 「雙綫滙聚優惠」(見備註7(d)) ""Dual-lines Advantage Discount” (See Remarks 7(d)) (3) 「始終『瑜一』優惠 」(見備註7(f)) “IN ONE Discount” (See Remarks 7(f)) (4) 「印花稅優惠」(見備註7(g)) “Stamp Duty Discount” (See Remarks 7(g)) (5) 延長欠妥之處之保養優惠(見備註7(j)) Extended Defect Maintenance Offer (See Remarks 7(j)) (6) 『瑜』箭在弦入伙置業優惠」(見備註7(m)) “Ready to Move-in Discount” (See Remarks 7(m)) (7) 「歡度佳節優惠」(見備註7(n)) “Cheerful Festive Offer” (See Remarks 7(n))",
2025-07-12,2025-07-18,,第5座(5A) Tower 5(5A),7,B,,13252300,,價單第1H號 Price List No. 1H (1) 付款計劃(A): 如「瑜」得水120天現金優惠付款 計劃: (照售價減5%) (見備註7(c)(viii)) Payment Plan (A): 120-day Cash Payment Plan: (5% discount from the Price) (See Remarks 7(c)(viii)) (2) 「星級現樓置業優惠」(見備註7(p)) “Elite Property Discount” (See Remarks 7(p)) (3) 「始終『瑜一』優惠 」(見備註7(f)) “IN ONE Discount” (See Remarks 7(f)) (4) 「印花稅優惠」(見備註7(g)) “Stamp Duty Discount” (See Remarks 7(g)) (5) 延長欠妥之處之保養優惠(見備註7(j1)) Extended Defect Maintenance Offer (See Remarks 7(j1)) (6) 「『尊屬升降機』便捷優惠」(見備註7(q)) “Exclusive Lift Discount” (See Remarks 7(q)),
2025-07-12,2025-07-18,,第5座(5B) Tower 5(5B),8,E,,13033900,,價單第1H號 Price List No. 1H (1) 付款計劃(A): 如「瑜」得水120天現金優惠付款 計劃: (照售價減5%) (見備註7(c)(viii)) Payment Plan (A): 120-day Cash Payment Plan: (5% discount from the Price) (See Remarks 7(c)(viii)) (2) 「星級現樓置業優惠」(見備註7(p)) “Elite Property Discount” (See Remarks 7(p)) (3) 「始終『瑜一』優惠 」(見備註7(f)) “IN ONE Discount” (See Remarks 7(f)) (4) 「印花稅優惠」(見備註7(g)) “Stamp Duty Discount” (See Remarks 7(g)) (5) 延長欠妥之處之保養優惠(見備註7(j1)) Extended Defect Maintenance Offer (See Remarks 7(j1)) (6) 「『尊屬升降機』便捷優惠」(見備註7(q)) “Exclusive Lift Discount” (See Remarks 7(q)),
2025-07-12,2025-07-18,,第5座(5B) Tower 5(5B),12,A,,16408400,,價單第2I號 Price List No. 2I (1) 付款計劃(A): 如「瑜」得水120天現金優惠付款 計劃: (照售價減5%) (見備註7(c)(viii)) Payment Plan (A): 120-day Cash Payment Plan: (5% discount from the Price) (See Remarks 7(c)(viii)) (2) 「星級現樓置業優惠」(見備註7(p)) “Elite Property Discount” (See Remarks 7(p)) (3) 「始終『瑜一』優惠 」(見備註7(f)) “IN ONE Discount” (See Remarks 7(f)) (4) 「印花稅優惠」(見備註7(g)) “Stamp Duty Discount” (See Remarks 7(g)) (5) 延長欠妥之處之保養優惠(見備註7(j1)) Extended Defect Maintenance Offer (See Remarks 7(j1)) (6) 「『尊屬升降機』便捷優惠」(見備註7(q)) “Exclusive Lift Discount” (See Remarks 7(q)),
2025-07-12,2025-07-18,,第5座(5B) Tower 5(5B),15,A,,16495900,,價單第2I號 Price List No. 2I (1) 付款計劃(A): 如「瑜」得水120天現金優惠付款 計劃: (照售價減5%) (見備註7(c)(viii)) Payment Plan (A): 120-day Cash Payment Plan: (5% discount from the Price) (See Remarks 7(c)(viii)) (2) 「星級現樓置業優惠」(見備註7(p)) “Elite Property Discount” (See Remarks 7(p)) (3) 「始終『瑜一』優惠 」(見備註7(f)) “IN ONE Discount” (See Remarks 7(f)) (4) 「印花稅優惠」(見備註7(g)) “Stamp Duty Discount” (See Remarks 7(g)) (5) 延長欠妥之處之保養優惠(見備註7(j1)) Extended Defect Maintenance Offer (See Remarks 7(j1)) (6) 「『尊屬升降機』便捷優惠」(見備註7(q)) “Exclusive Lift Discount” (See Remarks 7(q)),
2025-07-12,2025-07-18,,第5座(5B) Tower 5(5B),22,B,,12011300,,價單第2I號 Price List No. 2I (1) 付款計劃(A): 如「瑜」得水120天現金優惠付款 計劃: (照售價減5%) (見備註7(c)(viii)) Payment Plan (A): 120-day Cash Payment Plan: (5% discount from the Price) (See Remarks 7(c)(viii)) (2) 「星級現樓置業優惠」(見備註7(p)) “Elite Property Discount” (See Remarks 7(p)) (3) 「始終『瑜一』優惠 」(見備註7(f)) “IN ONE Discount” (See Remarks 7(f)) (4) 「印花稅優惠」(見備註7(g)) “Stamp Duty Discount” (See Remarks 7(g)) (5) 延長欠妥之處之保養優惠(見備註7(j1)) Extended Defect Maintenance Offer (See Remarks 7(j1)) (6) 「『尊屬升降機』便捷優惠」(見備註7(q)) “Exclusive Lift Discount” (See Remarks 7(q)),
2025-07-12,2025-07-18,,第5座(5B) Tower 5(5B),21,A,,17470000,,價單第2I號 Price List No. 2I (1) 付款計劃(A): 如「瑜」得水120天現金優惠付款 計劃: (照售價減5%) (見備註7(c)(viii)) Payment Plan (A): 120-day Cash Payment Plan: (5% discount from the Price) (See Remarks 7(c)(viii)) (2) 「星級現樓置業優惠」(見備註7(p)) “Elite Property Discount” (See Remarks 7(p)) (3) 「始終『瑜一』優惠 」(見備註7(f)) “IN ONE Discount” (See Remarks 7(f)) (4) 「印花稅優惠」(見備註7(g)) “Stamp Duty Discount” (See Remarks 7(g)) (5) 延長欠妥之處之保養優惠(見備註7(j1)) Extended Defect Maintenance Offer (See Remarks 7(j1)) (6) 「『尊屬升降機』便捷優惠」(見備註7(q)) “Exclusive Lift Discount” (See Remarks 7(q)),
2025-07-12,2025-07-18,,第5座(5B) Tower 5(5B),25,A,,18140700,,價單第2I號 Price List No. 2I (1) 付款計劃(A): 如「瑜」得水120天現金優惠付款 計劃: (照售價減5%) (見備註7(c)(viii)) Payment Plan (A): 120-day Cash Payment Plan: (5% discount from the Price) (See Remarks 7(c)(viii)) (2) 「星級現樓置業優惠」(見備註7(p)) “Elite Property Discount” (See Remarks 7(p)) (3) 「始終『瑜一』優惠 」(見備註7(f)) “IN ONE Discount” (See Remarks 7(f)) (4) 「印花稅優惠」(見備註7(g)) “Stamp Duty Discount” (See Remarks 7(g)) (5) 延長欠妥之處之保養優惠(見備註7(j1)) Extended Defect Maintenance Offer (See Remarks 7(j1)) (6) 「『尊屬升降機』便捷優惠」(見備註7(q)) “Exclusive Lift Discount” (See Remarks 7(q)),
2025-07-12,2025-07-18,,第5座(5B) Tower 5(5B),26,B,,13003700,,價單第2I號 Price List No. 2I (1) 付款計劃(C): 「瑜」你所願360天現金優惠付款 計劃: (照售價減2%) (見備註7(c)(x)) Payment Plan (C): 360-day Cash Payment Plan: (2% discount from the Price) (See Remarks 7(c)(x)) (2) 「星級現樓置業優惠」(見備註7(p)) “Elite Property Discount” (See Remarks 7(p)) (3) 「『尊屬升降機』便捷優惠」(見備註7(q)) “Exclusive Lift Discount” (See Remarks 7(q)) (4) 「始終『瑜一』優惠 」(見備註7(f)) “IN ONE Discount” (See Remarks 7(f)) (5) 「印花稅優惠」(見備註7(g)) “Stamp Duty Discount” (See Remarks 7(g)) (6) 延長欠妥之處之保養優惠(見備註7(j1)) Extended Defect Maintenance Offer (See Remarks 7(j1)) (7) 提早120天成交回贈(見備註7(r)) Early Completion Cash Rebate (See Remarks 7(r)),
2025-07-12,2025-07-18,,第5座(5B) Tower 5(5B),5,A,,15757300,,價單第1H號 Price List No. 1H (1) 付款計劃(A): 如「瑜」得水120天現金優惠付款 計劃: (照售價減5%) (見備註7(c)(viii)) Payment Plan (A): 120-day Cash Payment Plan: (5% discount from the Price) (See Remarks 7(c)(viii)) (2) 「星級現樓置業優惠」(見備註7(p)) “Elite Property Discount” (See Remarks 7(p)) (3) 「始終『瑜一』優惠 」(見備註7(f)) “IN ONE Discount” (See Remarks 7(f)) (4) 「印花稅優惠」(見備註7(g)) “Stamp Duty Discount” (See Remarks 7(g)) (5) 延長欠妥之處之保養優惠(見備註7(j1)) Extended Defect Maintenance Offer (See Remarks 7(j1)) (6) 「『尊屬升降機』便捷優惠」(見備註7(q)) “Exclusive Lift Discount” (See Remarks 7(q)),
2025-07-14,2025-07-21,,第5座(5B) Tower 5(5B),20,A,,17332300,,價單第2I號 Price List No. 2I (1) 付款計劃(A): 如「瑜」得水120天現金優惠付款 計劃: (照售價減5%) (見備註7(c)(viii)) Payment Plan (A): 120-day Cash Payment Plan: (5% discount from the Price) (See Remarks 7(c)(viii)) (2) 「星級現樓置業優惠」(見備註7(p)) “Elite Property Discount” (See Remarks 7(p)) (3) 「始終『瑜一』優惠 」(見備註7(f)) “IN ONE Discount” (See Remarks 7(f)) (4) 「印花稅優惠」(見備註7(g)) “Stamp Duty Discount” (See Remarks 7(g)) (5) 延長欠妥之處之保養優惠(見備註7(j1)) Extended Defect Maintenance Offer (See Remarks 7(j1)) (6) 「『尊屬升降機』便捷優惠」(見備註7(q)) “Exclusive Lift Discount” (See Remarks 7(q)),
2025-07-14,2025-07-21,,第5座(5B) Tower 5(5B),8,A,,16009700,,價單第1H號 Price List No. 1H (1) 付款計劃(A): 如「瑜」得水120天現金優惠付款 計劃: (照售價減5%) (見備註7(c)(viii)) Payment Plan (A): 120-day Cash Payment Plan: (5% discount from the Price) (See Remarks 7(c)(viii)) (2) 「星級現樓置業優惠」(見備註7(p)) “Elite Property Discount” (See Remarks 7(p)) (3) 「始終『瑜一』優惠 」(見備註7(f)) “IN ONE Discount” (See Remarks 7(f)) (4) 「印花稅優惠」(見備註7(g)) “Stamp Duty Discount” (See Remarks 7(g)) (5) 延長欠妥之處之保養優惠(見備註7(j1)) Extended Defect Maintenance Offer (See Remarks 7(j1)) (6) 「『尊屬升降機』便捷優惠」(見備註7(q)) “Exclusive Lift Discount” (See Remarks 7(q)),
2025-07-17,2025-07-24,,第5座(5B) Tower 5(5B),10,A,,16236700,,價單第2I號 Price List No. 2I (1) 付款計劃(A): 如「瑜」得水120天現金優惠付款 計劃: (照售價減5%) (見備註7(c)(viii)) Payment Plan (A): 120-day Cash Payment Plan: (5% discount from the Price) (See Remarks 7(c)(viii)) (2) 「星級現樓置業優惠」(見備註7(p)) “Elite Property Discount” (See Remarks 7(p)) (3) 「始終『瑜一』優惠 」(見備註7(f)) “IN ONE Discount” (See Remarks 7(f)) (4) 「印花稅優惠」(見備註7(g)) “Stamp Duty Discount” (See Remarks 7(g)) (5) 延長欠妥之處之保養優惠(見備註7(j1)) Extended Defect Maintenance Offer (See Remarks 7(j1)) (6) 「『尊屬升降機』便捷優惠」(見備註7(q)) “Exclusive Lift Discount” (See Remarks 7(q)),
2025-07-17,2025-07-24,,第5座(5B) Tower 5(5B),3,B,,10887600,,價單第2I號 Price List No. 2I (1) 付款計劃(A): 如「瑜」得水120天現金優惠付款 計劃: (照售價減5%) (見備註7(c)(viii)) Payment Plan (A): 120-day Cash Payment Plan: (5% discount from the Price) (See Remarks 7(c)(viii)) (2) 「星級現樓置業優惠」(見備註7(p)) “Elite Property Discount” (See Remarks 7(p)) (3) 「始終『瑜一』優惠 」(見備註7(f)) “IN ONE Discount” (See Remarks 7(f)) (4) 「印花稅優惠」(見備註7(g)) “Stamp Duty Discount” (See Remarks 7(g)) (5) 延長欠妥之處之保養優惠(見備註7(j1)) Extended Defect Maintenance Offer (See Remarks 7(j1)) (6) 「『尊屬升降機』便捷優惠」(見備註7(q)) “Exclusive Lift Discount” (See Remarks 7(q)),
2025-07-18,2025-07-25,,第5座(5A) Tower 5(5A),26,B,,16031800,,價單第2I號 Price List No. 2I (1) 付款計劃(A): 如「瑜」得水120天現金優惠付款 計劃: (照售價減5%) (見備註7(c)(viii)) Payment Plan (A): 120-day Cash Payment Plan: (5% discount from the Price) (See Remarks 7(c)(viii)) (2) 「星級現樓置業優惠」(見備註7(p)) “Elite Property Discount” (See Remarks 7(p)) (3) 「始終『瑜一』優惠 」(見備註7(f)) “IN ONE Discount” (See Remarks 7(f)) (4) 「印花稅優惠」(見備註7(g)) “Stamp Duty Discount” (See Remarks 7(g)) (5) 延長欠妥之處之保養優惠(見備註7(j1)) Extended Defect Maintenance Offer (See Remarks 7(j1)) (6) 「『尊屬升降機』便捷優惠」(見備註7(q)) “Exclusive Lift Discount” (See Remarks 7(q)),
2025-07-18,2025-07-25,,第5座(5B) Tower 5(5B),21,B,,11939900,,價單第2I號 Price List No. 2I (1) 付款計劃(A): 如「瑜」得水120天現金優惠付款 計劃: (照售價減5%) (見備註7(c)(viii)) Payment Plan (A): 120-day Cash Payment Plan: (5% discount from the Price) (See Remarks 7(c)(viii)) (2) 「星級現樓置業優惠」(見備註7(p)) “Elite Property Discount” (See Remarks 7(p)) (3) 「始終『瑜一』優惠 」(見備註7(f)) “IN ONE Discount” (See Remarks 7(f)) (4) 「印花稅優惠」(見備註7(g)) “Stamp Duty Discount” (See Remarks 7(g)) (5) 延長欠妥之處之保養優惠(見備註7(j1)) Extended Defect Maintenance Offer (See Remarks 7(j1)) (6) 「『尊屬升降機』便捷優惠」(見備註7(q)) “Exclusive Lift Discount” (See Remarks 7(q)),
2025-07-22,2025-07-29,,第5座(5B) Tower 5(5B),10,E,,13084900,,價單第1H號 Price List No. 1H (1) 付款計劃(A): 如「瑜」得水120天現金優惠付款 計劃: (照售價減5%) (見備註7(c)(viii)) Payment Plan (A): 120-day Cash Payment Plan: (5% discount from the Price) (See Remarks 7(c)(viii)) (2) 「星級現樓置業優惠」(見備註7(p)) “Elite Property Discount” (See Remarks 7(p)) (3) 「始終『瑜一』優惠 」(見備註7(f)) “IN ONE Discount” (See Remarks 7(f)) (4) 「印花稅優惠」(見備註7(g)) “Stamp Duty Discount” (See Remarks 7(g)) (5) 延長欠妥之處之保養優惠(見備註7(j1)) Extended Defect Maintenance Offer (See Remarks 7(j1)) (6) 「『尊屬升降機』便捷優惠」(見備註7(q)) “Exclusive Lift Discount” (See Remarks 7(q)),
2025-07-25,2025-08-01,,第5座(5B) Tower 5(5B),23,B,,12622700,,價單第2I號 Price List No. 2I (1) 付款計劃(C): 「瑜」你所願360天現金優惠付款 計劃: (照售價減2%) (見備註7(c)(x)) Payment Plan (C): 360-day Cash Payment Plan: (2% discount from the Price) (See Remarks 7(c)(x)) (2) 「星級現樓置業優惠」(見備註7(p)) “Elite Property Discount” (See Remarks 7(p)) (3) 「『尊屬升降機』便捷優惠」(見備註7(q)) “Exclusive Lift Discount” (See Remarks 7(q)) (4) 「始終『瑜一』優惠 」(見備註7(f)) “IN ONE Discount” (See Remarks 7(f)) (5) 「印花稅優惠」(見備註7(g)) “Stamp Duty Discount” (See Remarks 7(g)) (6) 延長欠妥之處之保養優惠(見備註7(j1)) Extended Defect Maintenance Offer (See Remarks 7(j1)) (7) 提早120天成交回贈(見備註7(r)) Early Completion Cash Rebate (See Remarks 7(r)),
2025-07-27,2025-08-01,,第5座(5B) Tower 5(5B),27,B,,12749100,,價單第2I號 Price List No. 2I (1) 付款計劃(A): 如「瑜」得水120天現金優惠付款 計劃: (照售價減5%) (見備註7(c)(viii)) Payment Plan (A): 120-day Cash Payment Plan: (5% discount from the Price) (See Remarks 7(c)(viii)) (2) 「星級現樓置業優惠」(見備註7(p)) “Elite Property Discount” (See Remarks 7(p)) (3) 「始終『瑜一』優惠 」(見備註7(f)) “IN ONE Discount” (See Remarks 7(f)) (4) 「印花稅優惠」(見備註7(g)) “Stamp Duty Discount” (See Remarks 7(g)) (5) 延長欠妥之處之保養優惠(見備註7(j1)) Extended Defect Maintenance Offer (See Remarks 7(j1)) (6) 「『尊屬升降機』便捷優惠」(見備註7(q)) “Exclusive Lift Discount” (See Remarks 7(q)),
2025-07-29,2025-08-06,,第5座(5B) Tower 5(5B),20,B,,11869400,,價單第2I號 Price List No. 2I (1) 付款計劃(A): 如「瑜」得水120天現金優惠付款 計劃: (照售價減5%) (見備註7(c)(viii)) Payment Plan (A): 120-day Cash Payment Plan: (5% discount from the Price) (See Remarks 7(c)(viii)) (2) 「星級現樓置業優惠」(見備註7(p)) “Elite Property Discount” (See Remarks 7(p)) (3) 「始終『瑜一』優惠 」(見備註7(f)) “IN ONE Discount” (See Remarks 7(f)) (4) 「印花稅優惠」(見備註7(g)) “Stamp Duty Discount” (See Remarks 7(g)) (5) 延長欠妥之處之保養優惠(見備註7(j1)) Extended Defect Maintenance Offer (See Remarks 7(j1)) (6) 「『尊屬升降機』便捷優惠」(見備註7(q)) “Exclusive Lift Discount” (See Remarks 7(q)),
2025-07-30,2025-08-06,,第5座(5B) Tower 5(5B),8,B,,11176600,,價單第2I號 Price List No. 2I (1) 付款計劃(A): 如「瑜」得水120天現金優惠付款 計劃: (照售價減5%) (見備註7(c)(viii)) Payment Plan (A): 120-day Cash Payment Plan: (5% discount from the Price) (See Remarks 7(c)(viii)) (2) 「星級現樓置業優惠」(見備註7(p)) “Elite Property Discount” (See Remarks 7(p)) (3) 「始終『瑜一』優惠 」(見備註7(f)) “IN ONE Discount” (See Remarks 7(f)) (4) 「印花稅優惠」(見備註7(g)) “Stamp Duty Discount” (See Remarks 7(g)) (5) 延長欠妥之處之保養優惠(見備註7(j1)) Extended Defect Maintenance Offer (See Remarks 7(j1)) (6) 「『尊屬升降機』便捷優惠」(見備註7(q)) “Exclusive Lift Discount” (See Remarks 7(q)),
2025-07-31,2025-08-07,,第5座(5B) Tower 5(5B),1,B,,11716300,"在 6-10-2025，基於 法例第35(2)(b)條所 容許的原因，售價更 改為$11,316,900.00 On 6-10-2025, the price adjusted to $11,316,900.00 due to the reason allowed under section 35(2)(b) of the Ordinance",價單第2I號 Price List No. 2I (1) 付款計劃(C): 「瑜」你所願360天現金優惠付款 計劃: (照售價減2%) (見備註7(c)(x)) Payment Plan (C): 360-day Cash Payment Plan: (2% discount from the Price) (See Remarks 7(c)(x)) (2) 「星級現樓置業優惠」(見備註7(p)) “Elite Property Discount” (See Remarks 7(p)) (3) 「『尊屬升降機』便捷優惠」(見備註7(q)) “Exclusive Lift Discount” (See Remarks 7(q)) (4) 「始終『瑜一』優惠 」(見備註7(f)) “IN ONE Discount” (See Remarks 7(f)) (5) 「印花稅優惠」(見備註7(g)) “Stamp Duty Discount” (See Remarks 7(g)) (6) 延長欠妥之處之保養優惠(見備註7(j1)) Extended Defect Maintenance Offer (See Remarks 7(j1)) (7) 提早120天成交回贈(見備註7(r)) Early Completion Cash Rebate (See Remarks 7(r)) 在 06/10/2025，支付條款更改為 On 06/10/2025，the terms of payment adjusted to 價單第2I號 Price List No. 2I (1) 付款計劃(A): 如「瑜」得水120天現金優惠付款 計劃: (照售價減5%) (見備註7(c)(viii)) Payment Plan (A): 120-day Cash Payment Plan: (5% discount from the Price) (See Remarks 7(c)(viii)) (2) 「星級現樓置業優惠」(見備註7(p)) “Elite Property Discount” (See Remarks 7(p)) (3) 「始終『瑜一』優惠 」(見備註7(f)) “IN ONE Discount” (See Remarks 7(f)) (4) 「印花稅優惠」(見備註7(g)) “Stamp Duty Discount” (See Remarks 7(g)) (5) 延長欠妥之處之保養優惠(見備註7(j1)) Extended Defect Maintenance Offer (See Remarks 7(j1)) (6) 「『尊屬升降機』便捷優惠」(見備註7(q)) “Exclusive Lift Discount” (See Remarks 7(q)),
2025-07-31,2025-08-07,,第5座(5B) Tower 5(5B),19,B,,11809000,,價單第2I號 Price List No. 2I (1) 付款計劃(A): 如「瑜」得水120天現金優惠付款 計劃: (照售價減5%) (見備註7(c)(viii)) Payment Plan (A): 120-day Cash Payment Plan: (5% discount from the Price) (See Remarks 7(c)(viii)) (2) 「星級現樓置業優惠」(見備註7(p)) “Elite Property Discount” (See Remarks 7(p)) (3) 「始終『瑜一』優惠 」(見備註7(f)) “IN ONE Discount” (See Remarks 7(f)) (4) 「印花稅優惠」(見備註7(g)) “Stamp Duty Discount” (See Remarks 7(g)) (5) 延長欠妥之處之保養優惠(見備註7(j1)) Extended Defect Maintenance Offer (See Remarks 7(j1)) (6) 「『尊屬升降機』便捷優惠」(見備註7(q)) “Exclusive Lift Discount” (See Remarks 7(q)),
2025-08-01,2025-08-08,,第5座(5B) Tower 5(5B),18,A,,17202300,,價單第2I號 Price List No. 2I (1) 付款計劃(A): 如「瑜」得水120天現金優惠付款 計劃: (照售價減5%) (見備註7(c)(viii)) Payment Plan (A): 120-day Cash Payment Plan: (5% discount from the Price) (See Remarks 7(c)(viii)) (2) 「星級現樓置業優惠」(見備註7(p)) “Elite Property Discount” (See Remarks 7(p)) (3) 「始終『瑜一』優惠 」(見備註7(f)) “IN ONE Discount” (See Remarks 7(f)) (4) 「印花稅優惠」(見備註7(g)) “Stamp Duty Discount” (See Remarks 7(g)) (5) 延長欠妥之處之保養優惠(見備註7(j1)) Extended Defect Maintenance Offer (See Remarks 7(j1)) (6) 「『尊屬升降機』便捷優惠」(見備註7(q)) “Exclusive Lift Discount” (See Remarks 7(q)),
2025-08-02,2025-08-08,,第5座(5B) Tower 5(5B),25,B,,12375100,,價單第2I號 Price List No. 2I (1) 付款計劃(A): 如「瑜」得水120天現金優惠付款 計劃: (照售價減5%) (見備註7(c)(viii)) Payment Plan (A): 120-day Cash Payment Plan: (5% discount from the Price) (See Remarks 7(c)(viii)) (2) 「星級現樓置業優惠」(見備註7(p)) “Elite Property Discount” (See Remarks 7(p)) (3) 「始終『瑜一』優惠 」(見備註7(f)) “IN ONE Discount” (See Remarks 7(f)) (4) 「印花稅優惠」(見備註7(g)) “Stamp Duty Discount” (See Remarks 7(g)) (5) 延長欠妥之處之保養優惠(見備註7(j1)) Extended Defect Maintenance Offer (See Remarks 7(j1)) (6) 「『尊屬升降機』便捷優惠」(見備註7(q)) “Exclusive Lift Discount” (See Remarks 7(q)),
2025-08-06,2025-08-13,,第5座(5B) Tower 5(5B),23,E,,14537500,,價單第2I號 Price List No. 2I (1) 付款計劃(A): 如「瑜」得水120天現金優惠付款 計劃: (照售價減5%) (見備註7(c)(viii)) Payment Plan (A): 120-day Cash Payment Plan: (5% discount from the Price) (See Remarks 7(c)(viii)) (2) 「星級現樓置業優惠」(見備註7(p)) “Elite Property Discount” (See Remarks 7(p)) (3) 「始終『瑜一』優惠 」(見備註7(f)) “IN ONE Discount” (See Remarks 7(f)) (4) 「印花稅優惠」(見備註7(g)) “Stamp Duty Discount” (See Remarks 7(g)) (5) 延長欠妥之處之保養優惠(見備註7(j1)) Extended Defect Maintenance Offer (See Remarks 7(j1)) (6) 「『尊屬升降機』便捷優惠」(見備註7(q)) “Exclusive Lift Discount” (See Remarks 7(q)),
2025-08-09,2025-08-15,,第5座(5B) Tower 5(5B),20,C,,11907600,,價單第1I號 Price List No. 1I (1) 付款計劃(A): 如「瑜」得水120天現金優惠付款 計劃: (照售價減5%) (見備註7(c)(viii)) Payment Plan (A): 120-day Cash Payment Plan: (5% discount from the Price) (See Remarks 7(c)(viii)) (2) 「星級現樓置業優惠」(見備註7(p)) “Elite Property Discount” (See Remarks 7(p)) (3) 「始終『瑜一』優惠 」(見備註7(f)) “IN ONE Discount” (See Remarks 7(f)) (4) 「印花稅優惠」(見備註7(g)) “Stamp Duty Discount” (See Remarks 7(g)) (5) 延長欠妥之處之保養優惠(見備註7(j1)) Extended Defect Maintenance Offer (See Remarks 7(j1)) (6) 「『尊屬升降機』便捷優惠」(見備註7(q)) “Exclusive Lift Discount” (See Remarks 7(q)),
2025-08-09,2025-08-15,,第5座(5B) Tower 5(5B),20,E,,14173700,,價單第2J號 Price List No. 2J (1) 付款計劃(A): 如「瑜」得水120天現金優惠付款 計劃: (照售價減5%) (見備註7(c)(viii)) Payment Plan (A): 120-day Cash Payment Plan: (5% discount from the Price) (See Remarks 7(c)(viii)) (2) 「星級現樓置業優惠」(見備註7(p)) “Elite Property Discount” (See Remarks 7(p)) (3) 「始終『瑜一』優惠 」(見備註7(f)) “IN ONE Discount” (See Remarks 7(f)) (4) 「印花稅優惠」(見備註7(g)) “Stamp Duty Discount” (See Remarks 7(g)) (5) 延長欠妥之處之保養優惠(見備註7(j1)) Extended Defect Maintenance Offer (See Remarks 7(j1)) (6) 「『尊屬升降機』便捷優惠」(見備註7(q)) “Exclusive Lift Discount” (See Remarks 7(q)),
2025-08-10,2025-08-15,,第5座(5B) Tower 5(5B),10,C,,11298200,,價單第1I號 Price List No. 1I (1) 付款計劃(A): 如「瑜」得水120天現金優惠付款 計劃: (照售價減5%) (見備註7(c)(viii)) Payment Plan (A): 120-day Cash Payment Plan: (5% discount from the Price) (See Remarks 7(c)(viii)) (2) 「星級現樓置業優惠」(見備註7(p)) “Elite Property Discount” (See Remarks 7(p)) (3) 「始終『瑜一』優惠 」(見備註7(f)) “IN ONE Discount” (See Remarks 7(f)) (4) 「印花稅優惠」(見備註7(g)) “Stamp Duty Discount” (See Remarks 7(g)) (5) 延長欠妥之處之保養優惠(見備註7(j1)) Extended Defect Maintenance Offer (See Remarks 7(j1)) (6) 「『尊屬升降機』便捷優惠」(見備註7(q)) “Exclusive Lift Discount” (See Remarks 7(q)),
2025-08-14,2025-08-21,,第5座(5B) Tower 5(5B),26,C,,12602100,,價單第1I號 Price List No. 1I (1) 付款計劃(A): 如「瑜」得水120天現金優惠付款 計劃: (照售價減5%) (見備註7(c)(viii)) Payment Plan (A): 120-day Cash Payment Plan: (5% discount from the Price) (See Remarks 7(c)(viii)) (2) 「星級現樓置業優惠」(見備註7(p)) “Elite Property Discount” (See Remarks 7(p)) (3) 「始終『瑜一』優惠 」(見備註7(f)) “IN ONE Discount” (See Remarks 7(f)) (4) 「印花稅優惠」(見備註7(g)) “Stamp Duty Discount” (See Remarks 7(g)) (5) 延長欠妥之處之保養優惠(見備註7(j1)) Extended Defect Maintenance Offer (See Remarks 7(j1)) (6) 「『尊屬升降機』便捷優惠」(見備註7(q)) “Exclusive Lift Discount” (See Remarks 7(q)),
2025-08-17,2025-08-22,,第5座(5B) Tower 5(5B),18,B,,11809000,,價單第2J號 Price List No. 2J (1) 付款計劃(A): 如「瑜」得水120天現金優惠付款 計劃: (照售價減5%) (見備註7(c)(viii)) Payment Plan (A): 120-day Cash Payment Plan: (5% discount from the Price) (See Remarks 7(c)(viii)) (2) 「星級現樓置業優惠」(見備註7(p)) “Elite Property Discount” (See Remarks 7(p)) (3) 「始終『瑜一』優惠 」(見備註7(f)) “IN ONE Discount” (See Remarks 7(f)) (4) 「印花稅優惠」(見備註7(g)) “Stamp Duty Discount” (See Remarks 7(g)) (5) 延長欠妥之處之保養優惠(見備註7(j1)) Extended Defect Maintenance Offer (See Remarks 7(j1)) (6) 「『尊屬升降機』便捷優惠」(見備註7(q)) “Exclusive Lift Discount” (See Remarks 7(q)),
2025-08-17,2025-08-22,,第5座(5B) Tower 5(5B),27,D,,12729600,,價單第2J號 Price List No. 2J (1) 付款計劃(A): 如「瑜」得水120天現金優惠付款 計劃: (照售價減5%) (見備註7(c)(viii)) Payment Plan (A): 120-day Cash Payment Plan: (5% discount from the Price) (See Remarks 7(c)(viii)) (2) 「星級現樓置業優惠」(見備註7(p)) “Elite Property Discount” (See Remarks 7(p)) (3) 「始終『瑜一』優惠 」(見備註7(f)) “IN ONE Discount” (See Remarks 7(f)) (4) 「印花稅優惠」(見備註7(g)) “Stamp Duty Discount” (See Remarks 7(g)) (5) 延長欠妥之處之保養優惠(見備註7(j1)) Extended Defect Maintenance Offer (See Remarks 7(j1)) (6) 「『尊屬升降機』便捷優惠」(見備註7(q)) “Exclusive Lift Discount” (See Remarks 7(q)),
2025-08-17,2025-08-22,,第5座(5B) Tower 5(5B),26,D,,12540900,,價單第2J號 Price List No. 2J (1) 付款計劃(A): 如「瑜」得水120天現金優惠付款 計劃: (照售價減5%) (見備註7(c)(viii)) Payment Plan (A): 120-day Cash Payment Plan: (5% discount from the Price) (See Remarks 7(c)(viii)) (2) 「星級現樓置業優惠」(見備註7(p)) “Elite Property Discount” (See Remarks 7(p)) (3) 「始終『瑜一』優惠 」(見備註7(f)) “IN ONE Discount” (See Remarks 7(f)) (4) 「印花稅優惠」(見備註7(g)) “Stamp Duty Discount” (See Remarks 7(g)) (5) 延長欠妥之處之保養優惠(見備註7(j1)) Extended Defect Maintenance Offer (See Remarks 7(j1)) (6) 「『尊屬升降機』便捷優惠」(見備註7(q)) “Exclusive Lift Discount” (See Remarks 7(q)),
2025-08-22,2025-08-28,,第5座(5B) Tower 5(5B),16,C,,11480100,,價單第1I號 Price List No. 1I (1) 付款計劃(A): 如「瑜」得水120天現金優惠付款 計劃: (照售價減5%) (見備註7(c)(viii)) Payment Plan (A): 120-day Cash Payment Plan: (5% discount from the Price) (See Remarks 7(c)(viii)) (2) 「星級現樓置業優惠」(見備註7(p)) “Elite Property Discount” (See Remarks 7(p)) (3) 「始終『瑜一』優惠 」(見備註7(f)) “IN ONE Discount” (See Remarks 7(f)) (4) 「印花稅優惠」(見備註7(g)) “Stamp Duty Discount” (See Remarks 7(g)) (5) 延長欠妥之處之保養優惠(見備註7(j1)) Extended Defect Maintenance Offer (See Remarks 7(j1)) (6) 「『尊屬升降機』便捷優惠」(見備註7(q)) “Exclusive Lift Discount” (See Remarks 7(q)),
2025-08-22,2025-08-27,,第5座(5B) Tower 5(5B),9,D,,11242900,,價單第2J號 Price List No. 2J (1) 付款計劃(A): 如「瑜」得水120天現金優惠付款 計劃: (照售價減5%) (見備註7(c)(viii)) Payment Plan (A): 120-day Cash Payment Plan: (5% discount from the Price) (See Remarks 7(c)(viii)) (2) 「星級現樓置業優惠」(見備註7(p)) “Elite Property Discount” (See Remarks 7(p)) (3) 「始終『瑜一』優惠 」(見備註7(f)) “IN ONE Discount” (See Remarks 7(f)) (4) 「印花稅優惠」(見備註7(g)) “Stamp Duty Discount” (See Remarks 7(g)) (5) 延長欠妥之處之保養優惠(見備註7(j1)) Extended Defect Maintenance Offer (See Remarks 7(j1)) (6) 「『尊屬升降機』便捷優惠」(見備註7(q)) “Exclusive Lift Discount” (See Remarks 7(q)),
2025-08-25,2025-09-01,,第5座(5B) Tower 5(5B),26,F,,13546400,,價單第2J號 Price List No. 2J (1) 付款計劃(A): 如「瑜」得水120天現金優惠付款 計劃: (照售價減5%) (見備註7(c)(viii)) Payment Plan (A): 120-day Cash Payment Plan: (5% discount from the Price) (See Remarks 7(c)(viii)) (2) 「星級現樓置業優惠」(見備註7(p)) “Elite Property Discount” (See Remarks 7(p)) (3) 「始終『瑜一』優惠 」(見備註7(f)) “IN ONE Discount” (See Remarks 7(f)) (4) 「印花稅優惠」(見備註7(g)) “Stamp Duty Discount” (See Remarks 7(g)) (5) 延長欠妥之處之保養優惠(見備註7(j1)) Extended Defect Maintenance Offer (See Remarks 7(j1)) (6) 「『尊屬升降機』便捷優惠」(見備註7(q)) “Exclusive Lift Discount” (See Remarks 7(q)),
2025-08-28,2025-09-04,,第5座(5B) Tower 5(5B),22,F,,13115500,,價單第2J號 Price List No. 2J (1) 付款計劃(A): 如「瑜」得水120天現金優惠付款 計劃: (照售價減5%) (見備註7(c)(viii)) Payment Plan (A): 120-day Cash Payment Plan: (5% discount from the Price) (See Remarks 7(c)(viii)) (2) 「星級現樓置業優惠」(見備註7(p)) “Elite Property Discount” (See Remarks 7(p)) (3) 「始終『瑜一』優惠 」(見備註7(f)) “IN ONE Discount” (See Remarks 7(f)) (4) 「印花稅優惠」(見備註7(g)) “Stamp Duty Discount” (See Remarks 7(g)) (5) 延長欠妥之處之保養優惠(見備註7(j1)) Extended Defect Maintenance Offer (See Remarks 7(j1)) (6) 「『尊屬升降機』便捷優惠」(見備註7(q)) “Exclusive Lift Discount” (See Remarks 7(q)),
2025-09-02,2025-09-09,,第5座(5B) Tower 5(5B),6,D,,11036400,,價單第2J號 Price List No. 2J (1) 付款計劃(A): 如「瑜」得水120天現金優惠付款 計劃: (照售價減5%) (見備註7(c)(viii)) Payment Plan (A): 120-day Cash Payment Plan: (5% discount from the Price) (See Remarks 7(c)(viii)) (2) 「星級現樓置業優惠」(見備註7(p)) “Elite Property Discount” (See Remarks 7(p)) (3) 「始終『瑜一』優惠 」(見備註7(f)) “IN ONE Discount” (See Remarks 7(f)) (4) 「印花稅優惠」(見備註7(g)) “Stamp Duty Discount” (See Remarks 7(g)) (5) 延長欠妥之處之保養優惠(見備註7(j1)) Extended Defect Maintenance Offer (See Remarks 7(j1)) (6) 「『尊屬升降機』便捷優惠」(見備註7(q)) “Exclusive Lift Discount” (See Remarks 7(q)),
2025-09-11,2025-09-18,,第5座(5B) Tower 5(5B),28,C,,13949300,,價單第2J號 Price List No. 2J (1) 付款計劃(A): 如「瑜」得水120天現金優惠付款 計劃: (照售價減5%) (見備註7(c)(viii)) Payment Plan (A): 120-day Cash Payment Plan: (5% discount from the Price) (See Remarks 7(c)(viii)) (2) 「星級現樓置業優惠」(見備註7(p)) “Elite Property Discount” (See Remarks 7(p)) (3) 「始終『瑜一』優惠 」(見備註7(f)) “IN ONE Discount” (See Remarks 7(f)) (4) 「印花稅優惠」(見備註7(g)) “Stamp Duty Discount” (See Remarks 7(g)) (5) 延長欠妥之處之保養優惠(見備註7(j1)) Extended Defect Maintenance Offer (See Remarks 7(j1)) (6) 「『尊屬升降機』便捷優惠」(見備註7(q)) “Exclusive Lift Discount” (See Remarks 7(q)),
2025-10-02,2025-10-10,,第5座(5B) Tower 5(5B),27,F,,13753000,,價單第2J號 Price List No. 2J (1) 付款計劃(A): 如「瑜」得水120天現金優惠付款 計劃: (照售價減5%) (見備註7(c)(viii)) Payment Plan (A): 120-day Cash Payment Plan: (5% discount from the Price) (See Remarks 7(c)(viii)) (2) 「星級現樓置業優惠」(見備註7(p)) “Elite Property Discount” (See Remarks 7(p)) (3) 「始終『瑜一』優惠 」(見備註7(f)) “IN ONE Discount” (See Remarks 7(f)) (4) 「印花稅優惠」(見備註7(g)) “Stamp Duty Discount” (See Remarks 7(g)) (5) 延長欠妥之處之保養優惠(見備註7(j1)) Extended Defect Maintenance Offer (See Remarks 7(j1)) (6) 「『尊屬升降機』便捷優惠」(見備註7(q)) “Exclusive Lift Discount” (See Remarks 7(q)),
2025-10-27,2025-11-04,,第5座(5B) Tower 5(5B),25,F,,13346700,,價單第2J號 Price List No. 2J (1) 付款計劃(A): 如「瑜」得水120天現金優惠付款 計劃: (照售價減5%) (見備註7(c)(viii)) Payment Plan (A): 120-day Cash Payment Plan: (5% discount from the Price) (See Remarks 7(c)(viii)) (2) 「星級現樓置業優惠」(見備註7(p)) “Elite Property Discount” (See Remarks 7(p)) (3) 「始終『瑜一』優惠 」(見備註7(f)) “IN ONE Discount” (See Remarks 7(f)) (4) 「印花稅優惠」(見備註7(g)) “Stamp Duty Discount” (See Remarks 7(g)) (5) 延長欠妥之處之保養優惠(見備註7(j1)) Extended Defect Maintenance Offer (See Remarks 7(j1)) (6) 「『尊屬升降機』便捷優惠」(見備註7(q)) “Exclusive Lift Discount” (See Remarks 7(q)),
2025-11-01,2025-11-06,,第5座(5B) Tower 5(5B),23,F,,13209800,,價單第2J號 Price List No. 2J (1) 付款計劃(A): 如「瑜」得水120天現金優惠付款 計劃: (照售價減5%) (見備註7(c)(viii)) Payment Plan (A): 120-day Cash Payment Plan: (5% discount from the Price) (See Remarks 7(c)(viii)) (2) 「星級現樓置業優惠」(見備註7(p)) “Elite Property Discount” (See Remarks 7(p)) (3) 「始終『瑜一』優惠 」(見備註7(f)) “IN ONE Discount” (See Remarks 7(f)) (4) 「印花稅優惠」(見備註7(g)) “Stamp Duty Discount” (See Remarks 7(g)) (5) 延長欠妥之處之保養優惠(見備註7(j1)) Extended Defect Maintenance Offer (See Remarks 7(j1)) (6) 「『尊屬升降機』便捷優惠」(見備註7(q)) “Exclusive Lift Discount” (See Remarks 7(q)),
2025-11-21,2025-11-28,,第5座(5B) Tower 5(5B),28,F,,14972700,,價單第2J號 Price List No. 2J (1) 付款計劃(A): 如「瑜」得水120天現金優惠付款 計劃: (照售價減5%) (見備註7(c)(viii)) Payment Plan (A): 120-day Cash Payment Plan: (5% discount from the Price) (See Remarks 7(c)(viii)) (2) 「星級現樓置業優惠」(見備註7(p)) “Elite Property Discount” (See Remarks 7(p)) (3) 「始終『瑜一』優惠 」(見備註7(f)) “IN ONE Discount” (See Remarks 7(f)) (4) 「印花稅優惠」(見備註7(g)) “Stamp Duty Discount” (See Remarks 7(g)) (5) 延長欠妥之處之保養優惠(見備註7(j1)) Extended Defect Maintenance Offer (See Remarks 7(j1)) (6) 「『尊屬升降機』便捷優惠」(見備註7(q)) “Exclusive Lift Discount” (See Remarks 7(q)),
2026-02-02,2026-02-09,,第5座(5A) Tower 5(5A),17,C,,25583200,,招標文件第6號 Tender Document No. 6 (1) 支付條款A (見備註7(c)(xi)) Term of Payment A (See Remarks 7(c)(xi)) (2) 延長欠妥之處之保養優惠(見備註7(j1)) Extended Defect Maintenance Offer (See Remarks 7(j1)) (3) 住宅停車位認購權(見備註7(l1)) Option to purchase a Residential Car Parking Space (See Remarks 7(l1)),
2026-02-02,2026-02-09,,第5座(5A) Tower 5(5A),20,C,,27120000,,招標文件第6號 Tender Document No. 6 (1) 支付條款A (見備註7(c)(xi)) Term of Payment A (See Remarks 7(c)(xi)) (2) 延長欠妥之處之保養優惠(見備註7(j1)) Extended Defect Maintenance Offer (See Remarks 7(j1)) (3) 住宅停車位認購權(見備註7(l1)) Option to purchase a Residential Car Parking Space (See Remarks 7(l1)),
2026-02-13,2026-02-25,,第5座(5A) Tower 5(5A),16,A,,25965200,,招標文件第6號 Tender Document No. 6 (1) 支付條款A (見備註7(c)(xi)) Term of Payment A (See Remarks 7(c)(xi)) (2) 延長欠妥之處之保養優惠(見備註7(j1)) Extended Defect Maintenance Offer (See Remarks 7(j1)) (3) 住宅停車位認購權(見備註7(l1)) Option to purchase a Residential Car Parking Space (See Remarks 7(l1)),
2026-03-11,2026-03-18,,第5座(5A) Tower 5(5A),6,A,,22789600,,招標文件第6號 Tender Document No. 6 (1) 支付條款A (見備註7(c)(xi)) Term of Payment A (See Remarks 7(c)(xi)) (2) 延長欠妥之處之保養優惠(見備註7(j1)) Extended Defect Maintenance Offer (See Remarks 7(j1)) (3) 住宅停車位認購權(見備註7(l1)) Option to purchase a Residential Car Parking Space (See Remarks 7(l1)),
2026-05-22,2026-06-01,,第5座(5A) Tower 5(5A),26,A,,29888000,,招標文件第6a(i)號 Tender Document No. 6a(i) (1) 支付條款A (見備註7(c)(xi)) Term of Payment A (See Remarks 7(c)(xi)) (2) 延長欠妥之處之保養優惠(見備註7(j1)) Extended Defect Maintenance Offer (See Remarks 7(j1)) (3) 住宅停車位認購權(見備註7(l1)) Option to purchase a Residential Car Parking Space (See Remarks 7(l1)) (4) 「『瑜你共鳴』五一限時優惠」(見備註7(s)) “Resonance In One” Golden Week Limited-time Offer (See Remarks 7(s)),
2026-06-12,2026-06-22,,第5座(5A) Tower 5(5A),27,B,,48280000,,招標文件第7號 Tender Document No. 7 (1) 支付條款A (見備註7(c)(xi)) Term of Payment A (See Remarks 7(c)(xi)) (2) 延長欠妥之處之保養優惠(見備註7(j1)) Extended Defect Maintenance Offer (See Remarks 7(j1)) (3) 住宅停車位認購權(見備註7(l1)) Option to purchase a Residential Car Parking Space (See Remarks 7(l1)),
2026-07-06,2026-07-13,,第5座(5A) Tower 5(5A),21,A,,28487000,,招標文件第6a(i)號 Tender Document No. 6a(i) (1) 支付條款A (見備註7(c)(xi)) Term of Payment A (See Remarks 7(c)(xi)) (2) 延長欠妥之處之保養優惠(見備註7(j1)) Extended Defect Maintenance Offer (See Remarks 7(j1)) (3) 住宅停車位認購權(見備註7(l1)) Option to purchase a Residential Car Parking Space (See Remarks 7(l1)),
