pasp,asp,terminated,block,floor,unit,carpark,price,revision,terms,related
2025-08-08,2025-08-15,,第1座之 第1A座 Tower 1A of Tower 1,31,A,,30541000,,- 招標表格付款方法 (A): 120天現金優惠付款計劃 Payment Term (A) of Form of Tender: 120-day Cash Payment Plan - 相等於售價5%之臨時訂金於簽署臨時合約時繳付。 A preliminary deposit equivalent to 5% of Purchase Price shall be paid upon signing of the Preliminary Agreement. - 售價5%即加付訂金於簽署臨時合約後60天內繳付。 5% of Purchase Price being further deposit shall be paid within 60 days after signing of the Preliminary Agreement. - 售價90%即售價餘款於簽署臨時合約後120天內繳付。 90% of Purchase Price being balance of Purchase Price shall be paid within 120 days after signing of the Preliminary Agreement. - 買方有權獲得「認購一個住客停車位優惠」，條款及條件參見 見備註8(c)。 The Purchaser shall be entitled to the “Benefit to Purchase ONE Residential Car Parking Space” on terms and conditions referred to in Remark 8(c).,
2025-08-08,2025-08-15,,第1座之 第1A座 Tower 1A of Tower 1,19,A,,28348000,,- 招標表格付款方法 (A): 120天現金優惠付款計劃 Payment Term (A) of Form of Tender: 120-day Cash Payment Plan - 相等於售價5%之臨時訂金於簽署臨時合約時繳付。 A preliminary deposit equivalent to 5% of Purchase Price shall be paid upon signing of the Preliminary Agreement. - 售價5%即加付訂金於簽署臨時合約後60天內繳付。 5% of Purchase Price being further deposit shall be paid within 60 days after signing of the Preliminary Agreement. - 售價90%即售價餘款於簽署臨時合約後120天內繳付。 90% of Purchase Price being balance of Purchase Price shall be paid within 120 days after signing of the Preliminary Agreement. - 買方有權獲得「認購一個住客停車位優惠」，條款及條件參見 見備註8(c)。 The Purchaser shall be entitled to the “Benefit to Purchase ONE Residential Car Parking Space” on terms and conditions referred to in Remark 8(c).,
2025-08-08,2025-08-15,,第1座之 第1A座 Tower 1A of Tower 1,18,A,,28228000,,- 招標表格付款方法 (A): 120天現金優惠付款計劃 Payment Term (A) of Form of Tender: 120-day Cash Payment Plan - 相等於售價5%之臨時訂金於簽署臨時合約時繳付。 A preliminary deposit equivalent to 5% of Purchase Price shall be paid upon signing of the Preliminary Agreement. - 售價5%即加付訂金於簽署臨時合約後60天內繳付。 5% of Purchase Price being further deposit shall be paid within 60 days after signing of the Preliminary Agreement. - 售價90%即售價餘款於簽署臨時合約後120天內繳付。 90% of Purchase Price being balance of Purchase Price shall be paid within 120 days after signing of the Preliminary Agreement. - 買方有權獲得「認購一個住客停車位優惠」，條款及條件參見 見備註8(c)。 The Purchaser shall be entitled to the “Benefit to Purchase ONE Residential Car Parking Space” on terms and conditions referred to in Remark 8(c).,
2025-08-08,2025-08-15,,第1座之 第1A座 Tower 1A of Tower 1,12,A,,27508000,,- 招標表格付款方法 (A): 120天現金優惠付款計劃 Payment Term (A) of Form of Tender: 120-day Cash Payment Plan - 相等於售價5%之臨時訂金於簽署臨時合約時繳付。 A preliminary deposit equivalent to 5% of Purchase Price shall be paid upon signing of the Preliminary Agreement. - 售價5%即加付訂金於簽署臨時合約後60天內繳付。 5% of Purchase Price being further deposit shall be paid within 60 days after signing of the Preliminary Agreement. - 售價90%即售價餘款於簽署臨時合約後120天內繳付。 90% of Purchase Price being balance of Purchase Price shall be paid within 120 days after signing of the Preliminary Agreement. - 買方有權獲得「認購一個住客停車位優惠」，條款及條件參見 見備註8(c)。 The Purchaser shall be entitled to the “Benefit to Purchase ONE Residential Car Parking Space” on terms and conditions referred to in Remark 8(c).,
2025-08-08,2025-08-15,,第1座之 第1A座 Tower 1A of Tower 1,11,A,,27363000,,- 招標表格付款方法 (A): 120天現金優惠付款計劃 Payment Term (A) of Form of Tender: 120-day Cash Payment Plan - 相等於售價5%之臨時訂金於簽署臨時合約時繳付。 A preliminary deposit equivalent to 5% of Purchase Price shall be paid upon signing of the Preliminary Agreement. - 售價5%即加付訂金於簽署臨時合約後60天內繳付。 5% of Purchase Price being further deposit shall be paid within 60 days after signing of the Preliminary Agreement. - 售價90%即售價餘款於簽署臨時合約後120天內繳付。 90% of Purchase Price being balance of Purchase Price shall be paid within 120 days after signing of the Preliminary Agreement. - 買方有權獲得「認購一個住客停車位優惠」，條款及條件參見 見備註8(c)。 The Purchaser shall be entitled to the “Benefit to Purchase ONE Residential Car Parking Space” on terms and conditions referred to in Remark 8(c).,
2025-08-08,2025-08-15,,第1座之 第1A座 Tower 1A of Tower 1,12,B,,26218000,,- 招標表格付款方法 (A): 120天現金優惠付款計劃 Payment Term (A) of Form of Tender: 120-day Cash Payment Plan - 相等於售價5%之臨時訂金於簽署臨時合約時繳付。 A preliminary deposit equivalent to 5% of Purchase Price shall be paid upon signing of the Preliminary Agreement. - 售價5%即加付訂金於簽署臨時合約後60天內繳付。 5% of Purchase Price being further deposit shall be paid within 60 days after signing of the Preliminary Agreement. - 售價90%即售價餘款於簽署臨時合約後120天內繳付。 90% of Purchase Price being balance of Purchase Price shall be paid within 120 days after signing of the Preliminary Agreement. - 買方有權獲得「認購一個住客停車位優惠」，條款及條件參見 見備註8(c)。 The Purchaser shall be entitled to the “Benefit to Purchase ONE Residential Car Parking Space” on terms and conditions referred to in Remark 8(c).,
2025-08-11,2025-08-18,,第1座之 第1A座 Tower 1A of Tower 1,5,A,,26028000,,- 招標表格付款方法 (A): 120天現金優惠付款計劃 Payment Term (A) of Form of Tender: 120-day Cash Payment Plan - 相等於售價5%之臨時訂金於簽署臨時合約時繳付。 A preliminary deposit equivalent to 5% of Purchase Price shall be paid upon signing of the Preliminary Agreement. - 售價5%即加付訂金於簽署臨時合約後60天內繳付。 5% of Purchase Price being further deposit shall be paid within 60 days after signing of the Preliminary Agreement. - 售價90%即售價餘款於簽署臨時合約後120天內繳付。 90% of Purchase Price being balance of Purchase Price shall be paid within 120 days after signing of the Preliminary Agreement. - 買方有權獲得「認購一個住客停車位優惠」，條款及條件參見 見備註8(c)。 The Purchaser shall be entitled to the “Benefit to Purchase ONE Residential Car Parking Space” on terms and conditions referred to in Remark 8(c).,
2025-08-12,2025-08-19,,第1座之 第1A座 Tower 1A of Tower 1,30,A,,30238000,,- 招標表格付款方法 (A): 120天現金優惠付款計劃 Payment Term (A) of Form of Tender: 120-day Cash Payment Plan - 相等於售價5%之臨時訂金於簽署臨時合約時繳付。 A preliminary deposit equivalent to 5% of Purchase Price shall be paid upon signing of the Preliminary Agreement. - 售價5%即加付訂金於簽署臨時合約後60天內繳付。 5% of Purchase Price being further deposit shall be paid within 60 days after signing of the Preliminary Agreement. - 售價90%即售價餘款於簽署臨時合約後120天內繳付。 90% of Purchase Price being balance of Purchase Price shall be paid within 120 days after signing of the Preliminary Agreement. - 買方有權獲得「認購一個住客停車位優惠」，條款及條件參見 見備註8(c)。 The Purchaser shall be entitled to the “Benefit to Purchase ONE Residential Car Parking Space” on terms and conditions referred to in Remark 8(c).,
2025-08-15,2025-08-22,,第1座之 第1A座 Tower 1A of Tower 1,15,A,,27918000,,- 招標表格付款方法 (A): 120天現金優惠付款計劃 Payment Term (A) of Form of Tender: 120-day Cash Payment Plan - 相等於售價5%之臨時訂金於簽署臨時合約時繳付。 A preliminary deposit equivalent to 5% of Purchase Price shall be paid upon signing of the Preliminary Agreement. - 售價5%即加付訂金於簽署臨時合約後60天內繳付。 5% of Purchase Price being further deposit shall be paid within 60 days after signing of the Preliminary Agreement. - 售價90%即售價餘款於簽署臨時合約後120天內繳付。 90% of Purchase Price being balance of Purchase Price shall be paid within 120 days after signing of the Preliminary Agreement. - 買方有權獲得「認購一個住客停車位優惠」，條款及條件參見 見備註8(c)。 The Purchaser shall be entitled to the “Benefit to Purchase ONE Residential Car Parking Space” on terms and conditions referred to in Remark 8(c).,
2025-08-15,2025-08-22,,第1座之 第1A座 Tower 1A of Tower 1,20,A,,29058000,,- 招標表格付款方法 (A): 120天現金優惠付款計劃 Payment Term (A) of Form of Tender: 120-day Cash Payment Plan - 相等於售價5%之臨時訂金於簽署臨時合約時繳付。 A preliminary deposit equivalent to 5% of Purchase Price shall be paid upon signing of the Preliminary Agreement. - 售價5%即加付訂金於簽署臨時合約後60天內繳付。 5% of Purchase Price being further deposit shall be paid within 60 days after signing of the Preliminary Agreement. - 售價90%即售價餘款於簽署臨時合約後120天內繳付。 90% of Purchase Price being balance of Purchase Price shall be paid within 120 days after signing of the Preliminary Agreement. - 買方有權獲得「認購一個住客停車位優惠」，條款及條件參見 見備註8(c)。 The Purchaser shall be entitled to the “Benefit to Purchase ONE Residential Car Parking Space” on terms and conditions referred to in Remark 8(c).,
2025-08-15,2025-08-22,,第1座之 第1A座 Tower 1A of Tower 1,6,A,,26288000,,- 招標表格付款方法 (A): 120天現金優惠付款計劃 Payment Term (A) of Form of Tender: 120-day Cash Payment Plan - 相等於售價5%之臨時訂金於簽署臨時合約時繳付。 A preliminary deposit equivalent to 5% of Purchase Price shall be paid upon signing of the Preliminary Agreement. - 售價5%即加付訂金於簽署臨時合約後60天內繳付。 5% of Purchase Price being further deposit shall be paid within 60 days after signing of the Preliminary Agreement. - 售價90%即售價餘款於簽署臨時合約後120天內繳付。 90% of Purchase Price being balance of Purchase Price shall be paid within 120 days after signing of the Preliminary Agreement. - 買方有權獲得「認購一個住客停車位優惠」，條款及條件參見 見備註8(c)。 The Purchaser shall be entitled to the “Benefit to Purchase ONE Residential Car Parking Space” on terms and conditions referred to in Remark 8(c).,
2025-08-15,2025-08-22,,第1座之 第1A座 Tower 1A of Tower 1,3,B,,24430000,,- 招標表格付款方法 (A): 120天現金優惠付款計劃 Payment Term (A) of Form of Tender: 120-day Cash Payment Plan - 相等於售價5%之臨時訂金於簽署臨時合約時繳付。 A preliminary deposit equivalent to 5% of Purchase Price shall be paid upon signing of the Preliminary Agreement. - 售價5%即加付訂金於簽署臨時合約後60天內繳付。 5% of Purchase Price being further deposit shall be paid within 60 days after signing of the Preliminary Agreement. - 售價90%即售價餘款於簽署臨時合約後120天內繳付。 90% of Purchase Price being balance of Purchase Price shall be paid within 120 days after signing of the Preliminary Agreement. - 買方有權獲得「認購一個住客停車位優惠」，條款及條件參見 見備註8(c)。 The Purchaser shall be entitled to the “Benefit to Purchase ONE Residential Car Parking Space” on terms and conditions referred to in Remark 8(c).,
2025-08-16,2025-08-22,,第1座之 第1A座 Tower 1A of Tower 1,19,B,,27018000,,- 招標表格付款方法 (A): 120天現金優惠付款計劃 Payment Term (A) of Form of Tender: 120-day Cash Payment Plan - 相等於售價5%之臨時訂金於簽署臨時合約時繳付。 A preliminary deposit equivalent to 5% of Purchase Price shall be paid upon signing of the Preliminary Agreement. - 售價5%即加付訂金於簽署臨時合約後60天內繳付。 5% of Purchase Price being further deposit shall be paid within 60 days after signing of the Preliminary Agreement. - 售價90%即售價餘款於簽署臨時合約後120天內繳付。 90% of Purchase Price being balance of Purchase Price shall be paid within 120 days after signing of the Preliminary Agreement. - 買方有權獲得「認購一個住客停車位優惠」，條款及條件參見 見備註8(c)。 - The Purchaser shall be entitled to the “Benefit to Purchase ONE Residential Car Parking Space” on terms and conditions referred to in Remark 8(c).,
2025-08-18,2025-08-25,,第1座之 第1A座 Tower 1A of Tower 1,2,B,,24064000,,- 招標表格付款方法 (A): 120天現金優惠付款計劃 Payment Term (A) of Form of Tender: 120-day Cash Payment Plan - 相等於售價5%之臨時訂金於簽署臨時合約時繳付。 A preliminary deposit equivalent to 5% of Purchase Price shall be paid upon signing of the Preliminary Agreement. - 售價5%即加付訂金於簽署臨時合約後60天內繳付。 5% of Purchase Price being further deposit shall be paid within 60 days after signing of the Preliminary Agreement. - 售價90%即售價餘款於簽署臨時合約後120天內繳付。 90% of Purchase Price being balance of Purchase Price shall be paid within 120 days after signing of the Preliminary Agreement. - 買方有權獲得「認購一個住客停車位優惠」，條款及條件參見 見備註8(c)。 The Purchaser shall be entitled to the “Benefit to Purchase ONE Residential Car Parking Space” on terms and conditions referred to in Remark 8(c).,
2025-08-18,2025-08-25,,第1座之 第1A座 Tower 1A of Tower 1,3,A,,25632000,,- 招標表格付款方法 (A): 120天現金優惠付款計劃 Payment Term (A) of Form of Tender: 120-day Cash Payment Plan - 相等於售價5%之臨時訂金於簽署臨時合約時繳付。 A preliminary deposit equivalent to 5% of Purchase Price shall be paid upon signing of the Preliminary Agreement. - 售價5%即加付訂金於簽署臨時合約後60天內繳付。 5% of Purchase Price being further deposit shall be paid within 60 days after signing of the Preliminary Agreement. - 售價90%即售價餘款於簽署臨時合約後120天內繳付。 90% of Purchase Price being balance of Purchase Price shall be paid within 120 days after signing of the Preliminary Agreement. - 買方有權獲得「認購一個住客停車位優惠」，條款及條件參見 見備註8(c)。 The Purchaser shall be entitled to the “Benefit to Purchase ONE Residential Car Parking Space” on terms and conditions referred to in Remark 8(c).,
2025-08-21,2025-08-28,,第1座之 第1A座 Tower 1A of Tower 1,5,B,,24802000,,- 招標表格付款方法 (A): 120天現金優惠付款計劃 Payment Term (A) of Form of Tender: 120-day Cash Payment Plan - 相等於售價5%之臨時訂金於簽署臨時合約時繳付。 A preliminary deposit equivalent to 5% of Purchase Price shall be paid upon signing of the Preliminary Agreement. - 售價5%即加付訂金於簽署臨時合約後60天內繳付。 5% of Purchase Price being further deposit shall be paid within 60 days after signing of the Preliminary Agreement. - 售價90%即售價餘款於簽署臨時合約後120天內繳付。 90% of Purchase Price being balance of Purchase Price shall be paid within 120 days after signing of the Preliminary Agreement. - 買方有權獲得「認購一個住客停車位優惠」，條款及條件參見 見備註8(c)。 - The Purchaser shall be entitled to the “Benefit to Purchase ONE Residential Car Parking Space” on terms and conditions referred to in Remark 8(c).,
2025-08-25,2025-09-01,,第1座之 第1A座 Tower 1A of Tower 1,7,A,,26817000,,- 招標表格付款方法 (A): 120天現金優惠付款計劃 Payment Term (A) of Form of Tender: 120-day Cash Payment Plan - 相等於售價5%之臨時訂金於簽署臨時合約時繳付。 A preliminary deposit equivalent to 5% of Purchase Price shall be paid upon signing of the Preliminary Agreement. - 售價5%即加付訂金於簽署臨時合約後60天內繳付。 5% of Purchase Price being further deposit shall be paid within 60 days after signing of the Preliminary Agreement. - 售價90%即售價餘款於簽署臨時合約後120天內繳付。 90% of Purchase Price being balance of Purchase Price shall be paid within 120 days after signing of the Preliminary Agreement. - 買方有權獲得「認購一個住客停車位優惠」，條款及條件參見 見備註8(c)。 The Purchaser shall be entitled to the “Benefit to Purchase ONE Residential Car Parking Space” on terms and conditions referred to in Remark 8(c).,
2025-08-25,2025-09-01,,第1座之 第1A座 Tower 1A of Tower 1,16,A,,28338000,,- 招標表格付款方法 (A): 120天現金優惠付款計劃 Payment Term (A) of Form of Tender: 120-day Cash Payment Plan - 相等於售價5%之臨時訂金於簽署臨時合約時繳付。 A preliminary deposit equivalent to 5% of Purchase Price shall be paid upon signing of the Preliminary Agreement. - 售價5%即加付訂金於簽署臨時合約後60天內繳付。 5% of Purchase Price being further deposit shall be paid within 60 days after signing of the Preliminary Agreement. - 售價90%即售價餘款於簽署臨時合約後120天內繳付。 90% of Purchase Price being balance of Purchase Price shall be paid within 120 days after signing of the Preliminary Agreement. - 買方有權獲得「認購一個住客停車位優惠」，條款及條件參見 見備註8(c)。 The Purchaser shall be entitled to the “Benefit to Purchase ONE Residential Car Parking Space” on terms and conditions referred to in Remark 8(c).,
2025-09-25,2025-10-03,,第1座之 第1A座 Tower 1A of Tower 1,21,A,,29200000,,- 招標表格付款方法 (A): 120天現金優惠付款計劃 Payment Term (A) of Form of Tender: 120-day Cash Payment Plan - 相等於售價5%之臨時訂金於簽署臨時合約時繳付。 A preliminary deposit equivalent to 5% of Purchase Price shall be paid upon signing of the Preliminary Agreement. - 售價5%即加付訂金於簽署臨時合約後60天內繳付。 5% of Purchase Price being further deposit shall be paid within 60 days after signing of the Preliminary Agreement. - 售價90%即售價餘款於簽署臨時合約後120天內繳付。 90% of Purchase Price being balance of Purchase Price shall be paid within 120 days after signing of the Preliminary Agreement. - 買方有權獲得「認購一個住客停車位優惠」，條款及條件參見 見備註8(c)。 The Purchaser shall be entitled to the “Benefit to Purchase ONE Residential Car Parking Space” on terms and conditions referred to in Remark 8(c).,
2025-09-27,2025-10-06,,第1座之 第1A座 Tower 1A of Tower 1,2,A,,25247000,,- 招標表格付款方法 (A): 120天現金優惠付款計劃 Payment Term (A) of Form of Tender: 120-day Cash Payment Plan - 相等於售價5%之臨時訂金於簽署臨時合約時繳付。 A preliminary deposit equivalent to 5% of Purchase Price shall be paid upon signing of the Preliminary Agreement. - 售價5%即加付訂金於簽署臨時合約後60天內繳付。 5% of Purchase Price being further deposit shall be paid within 60 days after signing of the Preliminary Agreement. - 售價90%即售價餘款於簽署臨時合約後120天內繳付。 90% of Purchase Price being balance of Purchase Price shall be paid within 120 days after signing of the Preliminary Agreement. - 買方有權獲得「認購一個住客停車位優惠」，條款及條件參見 見備註8(c)。 The Purchaser shall be entitled to the “Benefit to Purchase ONE Residential Car Parking Space” on terms and conditions referred to in Remark 8(c).,
2025-09-29,2025-10-08,,第1座之 第1A座 Tower 1A of Tower 1,8,A,,27225000,,- 招標表格付款方法 (A): 120天現金優惠付款計劃 Payment Term (A) of Form of Tender: 120-day Cash Payment Plan - 相等於售價5%之臨時訂金於簽署臨時合約時繳付。 A preliminary deposit equivalent to 5% of Purchase Price shall be paid upon signing of the Preliminary Agreement. - 售價5%即加付訂金於簽署臨時合約後60天內繳付。 5% of Purchase Price being further deposit shall be paid within 60 days after signing of the Preliminary Agreement. - 售價90%即售價餘款於簽署臨時合約後120天內繳付。 90% of Purchase Price being balance of Purchase Price shall be paid within 120 days after signing of the Preliminary Agreement. - 買方有權獲得「認購一個住客停車位優惠」，條款及條件參見 見備註8(c)。 The Purchaser shall be entitled to the “Benefit to Purchase ONE Residential Car Parking Space” on terms and conditions referred to in Remark 8(c).,
2025-10-01,2025-10-09,,第1座之 第1A座 Tower 1A of Tower 1,11,B,,26081000,,- 招標表格付款方法 (A): 120天現金優惠付款計劃 Payment Term (A) of Form of Tender: 120-day Cash Payment Plan - 相等於售價5%之臨時訂金於簽署臨時合約時繳付。 A preliminary deposit equivalent to 5% of Purchase Price shall be paid upon signing of the Preliminary Agreement. - 售價5%即加付訂金於簽署臨時合約後60天內繳付。 5% of Purchase Price being further deposit shall be paid within 60 days after signing of the Preliminary Agreement. - 售價90%即售價餘款於簽署臨時合約後120天內繳付。 90% of Purchase Price being balance of Purchase Price shall be paid within 120 days after signing of the Preliminary Agreement. - 買方有權獲得「認購一個住客停車位優惠」，條款及條件參見 見備註8(c)。 The Purchaser shall be entitled to the “Benefit to Purchase ONE Residential Car Parking Space” on terms and conditions referred to in Remark 8(c).,
2025-10-01,2025-10-09,,第1座之 第1A座 Tower 1A of Tower 1,22,A,,29344000,,- 招標表格付款方法 (A): 120天現金優惠付款計劃 Payment Term (A) of Form of Tender: 120-day Cash Payment Plan - 相等於售價5%之臨時訂金於簽署臨時合約時繳付。 A preliminary deposit equivalent to 5% of Purchase Price shall be paid upon signing of the Preliminary Agreement. - 售價5%即加付訂金於簽署臨時合約後60天內繳付。 5% of Purchase Price being further deposit shall be paid within 60 days after signing of the Preliminary Agreement. - 售價90%即售價餘款於簽署臨時合約後120天內繳付。 90% of Purchase Price being balance of Purchase Price shall be paid within 120 days after signing of the Preliminary Agreement. - 買方有權獲得「認購一個住客停車位優惠」，條款及條件參見 見備註8(c)。 The Purchaser shall be entitled to the “Benefit to Purchase ONE Residential Car Parking Space” on terms and conditions referred to in Remark 8(c).,
2025-10-06,2025-10-14,,第1座之 第1A座 Tower 1A of Tower 1,10,A,,28060000,,- 招標表格付款方法 (B): 靈活現金優惠付款計劃 Payment Term (B) of Form of Tender: Flexible Cash Payment Plan - 相等於售價5%之臨時訂金於簽署臨時合約時繳付。 A preliminary deposit equivalent to 5% of Purchase Price shall be paid upon signing of the Preliminary Agreement. - 售價5%即加付訂金於簽署臨時合約後60天內繳付。 5% of Purchase Price being further deposit shall be paid within 60 days after signing of the Preliminary Agreement. - 售價90%即買價餘款於簽署臨時合約後270天內繳付。 90% of Purchase Price being balance of Purchase Price shall be paid within 270 days after signing of the Preliminary Agreement. - 買方有權獲得「認購一個住客停車位優惠」，條款及條件參見 備註8(c)。 The Purchaser shall be entitled to the “Benefit to Purchase ONE Residential Car Parking Space” on terms and conditions referred to in Remark 8(c).,
2025-10-08,2025-10-15,,第1座之 第1A座 Tower 1A of Tower 1,6,B,,25053000,,- 招標表格付款方法 (A): 120天現金優惠付款計劃 Payment Term (A) of Form of Tender: 120-day Cash Payment Plan - 相等於售價5%之臨時訂金於簽署臨時合約時繳付。 A preliminary deposit equivalent to 5% of Purchase Price shall be paid upon signing of the Preliminary Agreement. - 售價5%即加付訂金於簽署臨時合約後60天內繳付。 5% of Purchase Price being further deposit shall be paid within 60 days after signing of the Preliminary Agreement. - 售價90%即售價餘款於簽署臨時合約後120天內繳付。 90% of Purchase Price being balance of Purchase Price shall be paid within 120 days after signing of the Preliminary Agreement. - 買方有權獲得「認購一個住客停車位優惠」，條款及條件參見 見備註8(c)。 The Purchaser shall be entitled to the “Benefit to Purchase ONE Residential Car Parking Space” on terms and conditions referred to in Remark 8(c).,
2025-10-25,2025-11-03,,第1座之 第1A座 Tower 1A of Tower 1,9,A,,27920000,,- 招標表格付款方法 (B): 靈活現金優惠付款計劃 Payment Term (B) of Form of Tender: Flexible Cash Payment Plan - 相等於售價5%之臨時訂金於簽署臨時合約時繳付。 A preliminary deposit equivalent to 5% of Purchase Price shall be paid upon signing of the Preliminary Agreement. - 售價5%即加付訂金於簽署臨時合約後60天內繳付。 5% of Purchase Price being further deposit shall be paid within 60 days after signing of the Preliminary Agreement. - 售價90%即買價餘款於簽署臨時合約後270天內繳付。 90% of Purchase Price being balance of Purchase Price shall be paid within 270 days after signing of the Preliminary Agreement. - 買方有權獲得「認購一個住客停車位優惠」，條款及條件參見 備註8(c)。 The Purchaser shall be entitled to the “Benefit to Purchase ONE Residential Car Parking Space” on terms and conditions referred to in Remark 8(c).,
2025-11-09,2025-11-14,,第1座之 第1A座 Tower 1A of Tower 1,3,C,,6823000,,- 價單第1號付款方法(A): 120天現金優惠付款計劃 (照 價單第 1 號所述的售價減2%) Payment Term (A) of Price List No.1: 120-day Cash Payment Plan (2% discount on Price mentioned in Price List No.1) - 相等於成交金額 5%之臨時訂金於買方簽署臨時買賣合 約時繳付。 A preliminary deposit equivalent to 5% of Transaction Price shall be paid upon signing of the preliminary agreement for sale and purchase. - 成交金額5%即加付訂金於買方簽署臨時買賣合約後60 天內繳付。 5% of Transaction Price being further deposit shall be paid within 60 days after signing of the preliminary agreement for sale and purchase. - 成交金額 90%即成交金額餘款於買方簽署臨時買賣合 約後120天內繳付。 90% of Transaction Price being balance of Transaction Price shall be paid within 120 days after signing of the preliminary agreement for sale and purchase. - 按訂明的條款及條件買方可獲額外1%售價折扣優惠作 為「發展商聯盟折扣」優惠。 An extra 1% discount on the Price would be offered to the Purchaser as the “Developers Alliance Discount” Benefit on the prescribed terms and conditions. - 按訂明的條款及條件買方可獲額外3%售價折扣優惠作 為「盡覽維港 繁華在目」優惠。 An extra 3% discount on the Price would be offered to the Purchaser as the “Victoria Harbour Stunning Scenery” Benefit on the prescribed terms and conditions. - 按訂明的條款及條件買方可獲額外3%售價折扣優惠作 為「匯聚世界精彩」優惠。 An extra 3% discount on the Price would be offered to the Purchaser as the “Wonders from Seven Seas” Benefit on the prescribed terms and conditions. - 按訂明的條款及條件買方可獲額外3%售價折扣優惠作 為「盡享寰宇風情」優惠。 An extra 3% discount on the Price would be offered to the Purchaser as the “Embrace Global Elegance” Benefit on the prescribed terms and conditions.,
2025-11-09,2025-11-14,,第1座之 第1B座 Tower 1B of Tower 1,5,B,,10566000,,- 價單第1號付款方法(A): 120天現金優惠付款計劃 (照 價單第 1 號所述的售價減2%) Payment Term (A) of Price List No.1: 120-day Cash Payment Plan (2% discount on Price mentioned in Price List No.1) - 相等於成交金額 5%之臨時訂金於買方簽署臨時買賣合 約時繳付。 A preliminary deposit equivalent to 5% of Transaction Price shall be paid upon signing of the preliminary agreement for sale and purchase. - 成交金額5%即加付訂金於買方簽署臨時買賣合約後60 天內繳付。 5% of Transaction Price being further deposit shall be paid within 60 days after signing of the preliminary agreement for sale and purchase. - 成交金額 90%即成交金額餘款於買方簽署臨時買賣合 約後120天內繳付。 90% of Transaction Price being balance of Transaction Price shall be paid within 120 days after signing of the preliminary agreement for sale and purchase. - 按訂明的條款及條件買方可獲額外1%售價折扣優惠作 為「發展商聯盟折扣」優惠。 An extra 1% discount on the Price would be offered to the Purchaser as the “Developers Alliance Discount” Benefit on the prescribed terms and conditions. - 按訂明的條款及條件買方可獲額外3%售價折扣優惠作 為「盡覽維港 繁華在目」優惠。 An extra 3% discount on the Price would be offered to the Purchaser as the “Victoria Harbour Stunning Scenery” Benefit on the prescribed terms and conditions. - 按訂明的條款及條件買方可獲額外3%售價折扣優惠作 為「匯聚世界精彩」優惠。 An extra 3% discount on the Price would be offered to the Purchaser as the “Wonders from Seven Seas” Benefit on the prescribed terms and conditions. - 按訂明的條款及條件買方可獲額外3%售價折扣優惠作 為「盡享寰宇風情」優惠。 An extra 3% discount on the Price would be offered to the Purchaser as the “Embrace Global Elegance” Benefit on the prescribed terms and conditions.,
2025-11-09,2025-11-14,,第1座之 第1B座 Tower 1B of Tower 1,19,B,,11507000,,- 價單第1號付款方法(A): 120天現金優惠付款計劃 (照 價單第 1 號所述的售價減2%) Payment Term (A) of Price List No.1: 120-day Cash Payment Plan (2% discount on Price mentioned in Price List No.1) - 相等於成交金額 5%之臨時訂金於買方簽署臨時買賣合 約時繳付。 A preliminary deposit equivalent to 5% of Transaction Price shall be paid upon signing of the preliminary agreement for sale and purchase. - 成交金額5%即加付訂金於買方簽署臨時買賣合約後60 天內繳付。 5% of Transaction Price being further deposit shall be paid within 60 days after signing of the preliminary agreement for sale and purchase. - 成交金額 90%即成交金額餘款於買方簽署臨時買賣合 約後120天內繳付。 90% of Transaction Price being balance of Transaction Price shall be paid within 120 days after signing of the preliminary agreement for sale and purchase. - 按訂明的條款及條件買方可獲額外1%售價折扣優惠作 為「發展商聯盟折扣」優惠。 An extra 1% discount on the Price would be offered to the Purchaser as the “Developers Alliance Discount” Benefit on the prescribed terms and conditions. - 按訂明的條款及條件買方可獲額外3%售價折扣優惠作 為「盡覽維港 繁華在目」優惠。 An extra 3% discount on the Price would be offered to the Purchaser as the “Victoria Harbour Stunning Scenery” Benefit on the prescribed terms and conditions. - 按訂明的條款及條件買方可獲額外3%售價折扣優惠作 為「匯聚世界精彩」優惠。 An extra 3% discount on the Price would be offered to the Purchaser as the “Wonders from Seven Seas” Benefit on the prescribed terms and conditions. - 按訂明的條款及條件買方可獲額外3%售價折扣優惠作 為「盡享寰宇風情」優惠。 An extra 3% discount on the Price would be offered to the Purchaser as the “Embrace Global Elegance” Benefit on the prescribed terms and conditions.,
2025-11-09,2025-11-14,,第1座之 第1B座 Tower 1B of Tower 1,18,B,,11450000,,- 價單第1號付款方法(A): 120天現金優惠付款計劃 (照 價單第 1 號所述的售價減2%) Payment Term (A) of Price List No.1: 120-day Cash Payment Plan (2% discount on Price mentioned in Price List No.1) - 相等於成交金額 5%之臨時訂金於買方簽署臨時買賣合 約時繳付。 A preliminary deposit equivalent to 5% of Transaction Price shall be paid upon signing of the preliminary agreement for sale and purchase. - 成交金額5%即加付訂金於買方簽署臨時買賣合約後60 天內繳付。 5% of Transaction Price being further deposit shall be paid within 60 days after signing of the preliminary agreement for sale and purchase. - 成交金額 90%即成交金額餘款於買方簽署臨時買賣合 約後120天內繳付。 90% of Transaction Price being balance of Transaction Price shall be paid within 120 days after signing of the preliminary agreement for sale and purchase. - 按訂明的條款及條件買方可獲額外1%售價折扣優惠作 為「發展商聯盟折扣」優惠。 An extra 1% discount on the Price would be offered to the Purchaser as the “Developers Alliance Discount” Benefit on the prescribed terms and conditions. - 按訂明的條款及條件買方可獲額外3%售價折扣優惠作 為「盡覽維港 繁華在目」優惠。 An extra 3% discount on the Price would be offered to the Purchaser as the “Victoria Harbour Stunning Scenery” Benefit on the prescribed terms and conditions. - 按訂明的條款及條件買方可獲額外3%售價折扣優惠作 為「匯聚世界精彩」優惠。 An extra 3% discount on the Price would be offered to the Purchaser as the “Wonders from Seven Seas” Benefit on the prescribed terms and conditions. - 按訂明的條款及條件買方可獲額外3%售價折扣優惠作 為「盡享寰宇風情」優惠。 An extra 3% discount on the Price would be offered to the Purchaser as the “Embrace Global Elegance” Benefit on the prescribed terms and conditions.,
2025-11-09,2025-11-14,,第1座之 第1A座 Tower 1A of Tower 1,11,C,,7284000,,- 價單第1號付款方法(A): 120天現金優惠付款計劃 (照 價單第 1 號所述的售價減2%) Payment Term (A) of Price List No.1: 120-day Cash Payment Plan (2% discount on Price mentioned in Price List No.1) - 相等於成交金額 5%之臨時訂金於買方簽署臨時買賣合 約時繳付。 A preliminary deposit equivalent to 5% of Transaction Price shall be paid upon signing of the preliminary agreement for sale and purchase. - 成交金額5%即加付訂金於買方簽署臨時買賣合約後60 天內繳付。 5% of Transaction Price being further deposit shall be paid within 60 days after signing of the preliminary agreement for sale and purchase. - 成交金額 90%即成交金額餘款於買方簽署臨時買賣合 約後120天內繳付。 90% of Transaction Price being balance of Transaction Price shall be paid within 120 days after signing of the preliminary agreement for sale and purchase. - 按訂明的條款及條件買方可獲額外1%售價折扣優惠作 為「發展商聯盟折扣」優惠。 An extra 1% discount on the Price would be offered to the Purchaser as the “Developers Alliance Discount” Benefit on the prescribed terms and conditions. - 按訂明的條款及條件買方可獲額外3%售價折扣優惠作 為「盡覽維港 繁華在目」優惠。 An extra 3% discount on the Price would be offered to the Purchaser as the “Victoria Harbour Stunning Scenery” Benefit on the prescribed terms and conditions. - 按訂明的條款及條件買方可獲額外3%售價折扣優惠作 為「匯聚世界精彩」優惠。 An extra 3% discount on the Price would be offered to the Purchaser as the “Wonders from Seven Seas” Benefit on the prescribed terms and conditions. - 按訂明的條款及條件買方可獲額外3%售價折扣優惠作 為「盡享寰宇風情」優惠。 An extra 3% discount on the Price would be offered to the Purchaser as the “Embrace Global Elegance” Benefit on the prescribed terms and conditions.,
2025-11-09,2025-11-14,,第1座之 第1A座 Tower 1A of Tower 1,18,C,,7677000,,- 價單第1號付款方法(C): 270天現金優惠付款計劃 (照 價單第 1 號所述的售價) Payment Term (C) of Price List No.1: 270-day Cash Payment Plan (Price mentioned in Price List No.1) - 相等於成交金額 5%之臨時訂金於買方簽署臨時買賣合 約時繳付。 A preliminary deposit equivalent to 5% of Transaction Price shall be paid upon signing of the preliminary agreement for sale and purchase. - 成交金額5%即加付訂金於買方簽署臨時買賣合約後60 天內繳付。 5% of Transaction Price being further deposit shall be paid within 60 days after signing of the preliminary agreement for sale and purchase. - 成交金額 90%即成交金額餘款於買方簽署臨時買賣合 約後270天內繳付。 90% of Transaction Price being balance of Transaction Price shall be paid within 270 days after signing of the preliminary agreement for sale and purchase. - 按訂明的條款及條件買方可獲額外1%售價折扣優惠作 為「發展商聯盟折扣」優惠。 An extra 1% discount on the Price would be offered to the Purchaser as the “Developers Alliance Discount” Benefit on the prescribed terms and conditions. - 按訂明的條款及條件買方可獲額外3%售價折扣優惠作 為「盡覽維港 繁華在目」優惠。 An extra 3% discount on the Price would be offered to the Purchaser as the “Victoria Harbour Stunning Scenery” Benefit on the prescribed terms and conditions. - 按訂明的條款及條件買方可獲額外3%售價折扣優惠作 為「匯聚世界精彩」優惠。 An extra 3% discount on the Price would be offered to the Purchaser as the “Wonders from Seven Seas” Benefit on the prescribed terms and conditions. - 按訂明的條款及條件買方可獲額外3%售價折扣優惠作 為「盡享寰宇風情」優惠。 An extra 3% discount on the Price would be offered to the Purchaser as the “Embrace Global Elegance” Benefit on the prescribed terms and conditions.,
2025-11-09,2025-11-14,,第1座之 第1A座 Tower 1A of Tower 1,10,D,,10223000,,- 價單第1號付款方法(A): 120天現金優惠付款計劃 (照 價單第 1 號所述的售價減2%) Payment Term (A) of Price List No.1: 120-day Cash Payment Plan (2% discount on Price mentioned in Price List No.1) - 相等於成交金額 5%之臨時訂金於買方簽署臨時買賣合 約時繳付。 A preliminary deposit equivalent to 5% of Transaction Price shall be paid upon signing of the preliminary agreement for sale and purchase. - 成交金額5%即加付訂金於買方簽署臨時買賣合約後60 天內繳付。 5% of Transaction Price being further deposit shall be paid within 60 days after signing of the preliminary agreement for sale and purchase. - 成交金額 90%即成交金額餘款於買方簽署臨時買賣合 約後120天內繳付。 90% of Transaction Price being balance of Transaction Price shall be paid within 120 days after signing of the preliminary agreement for sale and purchase. - 按訂明的條款及條件買方可獲額外1%售價折扣優惠作 為「發展商聯盟折扣」優惠。 An extra 1% discount on the Price would be offered to the Purchaser as the “Developers Alliance Discount” Benefit on the prescribed terms and conditions. - 按訂明的條款及條件買方可獲額外3%售價折扣優惠作 為「盡覽維港 繁華在目」優惠。 An extra 3% discount on the Price would be offered to the Purchaser as the “Victoria Harbour Stunning Scenery” Benefit on the prescribed terms and conditions. - 按訂明的條款及條件買方可獲額外3%售價折扣優惠作 為「匯聚世界精彩」優惠。 An extra 3% discount on the Price would be offered to the Purchaser as the “Wonders from Seven Seas” Benefit on the prescribed terms and conditions. - 按訂明的條款及條件買方可獲額外3%售價折扣優惠作 為「盡享寰宇風情」優惠。 An extra 3% discount on the Price would be offered to the Purchaser as the “Embrace Global Elegance” Benefit on the prescribed terms and conditions.,
2025-11-09,2025-11-14,,第1座之 第1A座 Tower 1A of Tower 1,5,D,,9992000,,- 價單第1號付款方法(C): 270天現金優惠付款計劃 (照 價單第 1 號所述的售價) Payment Term (C) of Price List No.1: 270-day Cash Payment Plan (Price mentioned in Price List No.1) - 相等於成交金額 5%之臨時訂金於買方簽署臨時買賣合 約時繳付。 A preliminary deposit equivalent to 5% of Transaction Price shall be paid upon signing of the preliminary agreement for sale and purchase. - 成交金額5%即加付訂金於買方簽署臨時買賣合約後60 天內繳付。 5% of Transaction Price being further deposit shall be paid within 60 days after signing of the preliminary agreement for sale and purchase. - 成交金額 90%即成交金額餘款於買方簽署臨時買賣合 約後270天內繳付。 90% of Transaction Price being balance of Transaction Price shall be paid within 270 days after signing of the preliminary agreement for sale and purchase. - 按訂明的條款及條件買方可獲額外1%售價折扣優惠作 為「發展商聯盟折扣」優惠。 An extra 1% discount on the Price would be offered to the Purchaser as the “Developers Alliance Discount” Benefit on the prescribed terms and conditions. - 按訂明的條款及條件買方可獲額外3%售價折扣優惠作 為「盡覽維港 繁華在目」優惠。 An extra 3% discount on the Price would be offered to the Purchaser as the “Victoria Harbour Stunning Scenery” Benefit on the prescribed terms and conditions. - 按訂明的條款及條件買方可獲額外3%售價折扣優惠作 為「匯聚世界精彩」優惠。 An extra 3% discount on the Price would be offered to the Purchaser as the “Wonders from Seven Seas” Benefit on the prescribed terms and conditions. - 按訂明的條款及條件買方可獲額外3%售價折扣優惠作 為「盡享寰宇風情」優惠。 An extra 3% discount on the Price would be offered to the Purchaser as the “Embrace Global Elegance” Benefit on the prescribed terms and conditions.,
2025-11-10,2025-11-17,,第1座之 第1A座 Tower 1A of Tower 1,10,B,,25950000,,- 招標表格付款方法 (A): 120天現金優惠付款計劃 Payment Term (A) of Form of Tender: 120-day Cash Payment Plan - 相等於售價5%之臨時訂金於簽署臨時合約時繳付。 A preliminary deposit equivalent to 5% of Purchase Price shall be paid upon signing of the Preliminary Agreement. - 售價5%即加付訂金於簽署臨時合約後60天內繳付。 5% of Purchase Price being further deposit shall be paid within 60 days after signing of the Preliminary Agreement. - 售價90%即售價餘款於簽署臨時合約後120天內繳付。 90% of Purchase Price being balance of Purchase Price shall be paid within 120 days after signing of the Preliminary Agreement. - 買方有權獲得「認購一個住客停車位優惠」，條款及條件參見 見備註8(c)。 The Purchaser shall be entitled to the “Benefit to Purchase ONE Residential Car Parking Space” on terms and conditions referred to in Remark 8(c).,
2025-11-16,2025-11-21,,第1座之 第1A座 Tower 1A of Tower 1,9,D,,10171000,,- 價單第1號付款方法(A): 120天現金優惠付款計劃 (照 價單第 1 號所述的售價減2%) Payment Term (A) of Price List No.1: 120-day Cash Payment Plan (2% discount on Price mentioned in Price List No.1) - 相等於成交金額 5%之臨時訂金於買方簽署臨時買賣合 約時繳付。 A preliminary deposit equivalent to 5% of Transaction Price shall be paid upon signing of the preliminary agreement for sale and purchase. - 成交金額5%即加付訂金於買方簽署臨時買賣合約後60 天內繳付。 5% of Transaction Price being further deposit shall be paid within 60 days after signing of the preliminary agreement for sale and purchase. - 成交金額 90%即成交金額餘款於買方簽署臨時買賣合 約後120天內繳付。 90% of Transaction Price being balance of Transaction Price shall be paid within 120 days after signing of the preliminary agreement for sale and purchase. - 按訂明的條款及條件買方可獲額外1%售價折扣優惠作 為「發展商聯盟折扣」優惠。 An extra 1% discount on the Price would be offered to the Purchaser as the “Developers Alliance Discount” Benefit on the prescribed terms and conditions. - 按訂明的條款及條件買方可獲額外3%售價折扣優惠作 為「盡覽維港 繁華在目」優惠。 An extra 3% discount on the Price would be offered to the Purchaser as the “Victoria Harbour Stunning Scenery” Benefit on the prescribed terms and conditions. - 按訂明的條款及條件買方可獲額外3%售價折扣優惠作 為「匯聚世界精彩」優惠。 An extra 3% discount on the Price would be offered to the Purchaser as the “Wonders from Seven Seas” Benefit on the prescribed terms and conditions. - 按訂明的條款及條件買方可獲額外3%售價折扣優惠作 為「盡享寰宇風情」優惠。 An extra 3% discount on the Price would be offered to the Purchaser as the “Embrace Global Elegance” Benefit on the prescribed terms and conditions.,
2025-11-17,2025-11-24,,第1座之 第1C座 Tower 1C of Tower 1,7,G,,13474000,,- 價單第1號付款方法(B): 180天現金優惠付款計劃 (照 價單第 1 號所述的售價減1%) Payment Term (B) of Price List No.1: 180-day Cash Payment Plan (1% discount on Price mentioned in Price List No.1) - 相等於成交金額 5%之臨時訂金於買方簽署臨時買賣合 約時繳付。 A preliminary deposit equivalent to 5% of Transaction Price shall be paid upon signing of the preliminary agreement for sale and purchase. - 成交金額5%即加付訂金於買方簽署臨時買賣合約後60 天內繳付。 5% of Transaction Price being further deposit shall be paid within 60 days after signing of the preliminary agreement for sale and purchase. - 成交金額 90%即成交金額餘款於買方簽署臨時買賣合 約後180天內繳付。 90% of Transaction Price being balance of Transaction Price shall be paid within 180 days after signing of the preliminary agreement for sale and purchase. - 按訂明的條款及條件買方可獲額外1%售價折扣優惠作 為「發展商聯盟折扣」優惠。 An extra 1% discount on the Price would be offered to the Purchaser as the “Developers Alliance Discount” Benefit on the prescribed terms and conditions. - 按訂明的條款及條件買方可獲額外3%售價折扣優惠作 為「盡覽維港 繁華在目」優惠。 An extra 3% discount on the Price would be offered to the Purchaser as the “Victoria Harbour Stunning Scenery” Benefit on the prescribed terms and conditions. - 按訂明的條款及條件買方可獲額外3%售價折扣優惠作 為「匯聚世界精彩」優惠。 An extra 3% discount on the Price would be offered to the Purchaser as the “Wonders from Seven Seas” Benefit on the prescribed terms and conditions. - 按訂明的條款及條件買方可獲額外3%售價折扣優惠作 為「盡享寰宇風情」優惠。 An extra 3% discount on the Price would be offered to the Purchaser as the “Embrace Global Elegance” Benefit on the prescribed terms and conditions.,
2025-11-17,2025-11-24,,第1座之 第1C座 Tower 1C of Tower 1,6,G,,13340000,,- 價單第1號付款方法(B): 180天現金優惠付款計劃 (照 價單第 1 號所述的售價減1%) Payment Term (B) of Price List No.1: 180-day Cash Payment Plan (1% discount on Price mentioned in Price List No.1) - 相等於成交金額 5%之臨時訂金於買方簽署臨時買賣合 約時繳付。 A preliminary deposit equivalent to 5% of Transaction Price shall be paid upon signing of the preliminary agreement for sale and purchase. - 成交金額5%即加付訂金於買方簽署臨時買賣合約後60 天內繳付。 5% of Transaction Price being further deposit shall be paid within 60 days after signing of the preliminary agreement for sale and purchase. - 成交金額 90%即成交金額餘款於買方簽署臨時買賣合 約後180天內繳付。 90% of Transaction Price being balance of Transaction Price shall be paid within 180 days after signing of the preliminary agreement for sale and purchase. - 按訂明的條款及條件買方可獲額外1%售價折扣優惠作 為「發展商聯盟折扣」優惠。 An extra 1% discount on the Price would be offered to the Purchaser as the “Developers Alliance Discount” Benefit on the prescribed terms and conditions. - 按訂明的條款及條件買方可獲額外3%售價折扣優惠作 為「盡覽維港 繁華在目」優惠。 An extra 3% discount on the Price would be offered to the Purchaser as the “Victoria Harbour Stunning Scenery” Benefit on the prescribed terms and conditions. - 按訂明的條款及條件買方可獲額外3%售價折扣優惠作 為「匯聚世界精彩」優惠。 An extra 3% discount on the Price would be offered to the Purchaser as the “Wonders from Seven Seas” Benefit on the prescribed terms and conditions. - 按訂明的條款及條件買方可獲額外3%售價折扣優惠作 為「盡享寰宇風情」優惠。 An extra 3% discount on the Price would be offered to the Purchaser as the “Embrace Global Elegance” Benefit on the prescribed terms and conditions.,
2025-11-17,2025-11-21,,第1座之 第1A座 Tower 1A of Tower 1,11,D,,10274000,,- 價單第1號付款方法(A): 120天現金優惠付款計劃 (照 價單第 1 號所述的售價減2%) Payment Term (A) of Price List No.1: 120-day Cash Payment Plan (2% discount on Price mentioned in Price List No.1) - 相等於成交金額 5%之臨時訂金於買方簽署臨時買賣合 約時繳付。 A preliminary deposit equivalent to 5% of Transaction Price shall be paid upon signing of the preliminary agreement for sale and purchase. - 成交金額5%即加付訂金於買方簽署臨時買賣合約後60 天內繳付。 5% of Transaction Price being further deposit shall be paid within 60 days after signing of the preliminary agreement for sale and purchase. - 成交金額 90%即成交金額餘款於買方簽署臨時買賣合 約後120天內繳付。 90% of Transaction Price being balance of Transaction Price shall be paid within 120 days after signing of the preliminary agreement for sale and purchase. - 按訂明的條款及條件買方可獲額外1%售價折扣優惠作 為「發展商聯盟折扣」優惠。 An extra 1% discount on the Price would be offered to the Purchaser as the “Developers Alliance Discount” Benefit on the prescribed terms and conditions. - 按訂明的條款及條件買方可獲額外3%售價折扣優惠作 為「盡覽維港 繁華在目」優惠。 An extra 3% discount on the Price would be offered to the Purchaser as the “Victoria Harbour Stunning Scenery” Benefit on the prescribed terms and conditions. - 按訂明的條款及條件買方可獲額外3%售價折扣優惠作 為「匯聚世界精彩」優惠。 An extra 3% discount on the Price would be offered to the Purchaser as the “Wonders from Seven Seas” Benefit on the prescribed terms and conditions. - 按訂明的條款及條件買方可獲額外3%售價折扣優惠作 為「盡享寰宇風情」優惠。 An extra 3% discount on the Price would be offered to the Purchaser as the “Embrace Global Elegance” Benefit on the prescribed terms and conditions.,
2025-11-17,2025-11-21,,第1座之 第1A座 Tower 1A of Tower 1,23,A,,29491000,,- 招標表格付款方法 (A): 120天現金優惠付款計劃 Payment Term (A) of Form of Tender: 120-day Cash Payment Plan - 相等於售價5%之臨時訂金於簽署臨時合約時繳付。 A preliminary deposit equivalent to 5% of Purchase Price shall be paid upon signing of the Preliminary Agreement. - 售價5%即加付訂金於簽署臨時合約後60天內繳付。 5% of Purchase Price being further deposit shall be paid within 60 days after signing of the Preliminary Agreement. - 售價90%即售價餘款於簽署臨時合約後120天內繳付。 90% of Purchase Price being balance of Purchase Price shall be paid within 120 days after signing of the Preliminary Agreement. - 買方有權獲得「認購一個住客停車位優惠」，條款及條件參見 見備註8(c)。 The Purchaser shall be entitled to the “Benefit to Purchase ONE Residential Car Parking Space” on terms and conditions referred to in Remark 8(c). -,
2025-11-21,2025-11-28,,第1座之 第1C座 Tower 1C of Tower 1,5,G,,13058000,,- 價單第1號付款方法(A): 120天現金優惠付款計劃 (照 價單第 1 號所述的售價減2%) Payment Term (A) of Price List No.1: 120-day Cash Payment Plan (2% discount on Price mentioned in Price List No.1) - 相等於成交金額 5%之臨時訂金於買方簽署臨時買賣合 約時繳付。 A preliminary deposit equivalent to 5% of Transaction Price shall be paid upon signing of the preliminary agreement for sale and purchase. - 成交金額5%即加付訂金於買方簽署臨時買賣合約後60 天內繳付。 5% of Transaction Price being further deposit shall be paid within 60 days after signing of the preliminary agreement for sale and purchase. - 成交金額 90%即成交金額餘款於買方簽署臨時買賣合 約後120天內繳付。 90% of Transaction Price being balance of Transaction Price shall be paid within 120 days after signing of the preliminary agreement for sale and purchase. - 按訂明的條款及條件買方可獲額外1%售價折扣優惠作 為「發展商聯盟折扣」優惠。 An extra 1% discount on the Price would be offered to the Purchaser as the “Developers Alliance Discount” Benefit on the prescribed terms and conditions. - 按訂明的條款及條件買方可獲額外3%售價折扣優惠作 為「盡覽維港 繁華在目」優惠。 An extra 3% discount on the Price would be offered to the Purchaser as the “Victoria Harbour Stunning Scenery” Benefit on the prescribed terms and conditions. - 按訂明的條款及條件買方可獲額外3%售價折扣優惠作 為「匯聚世界精彩」優惠。 An extra 3% discount on the Price would be offered to the Purchaser as the “Wonders from Seven Seas” Benefit on the prescribed terms and conditions. - 按訂明的條款及條件買方可獲額外3%售價折扣優惠作 為「盡享寰宇風情」優惠。 An extra 3% discount on the Price would be offered to the Purchaser as the “Embrace Global Elegance” Benefit on the prescribed terms and conditions.,
2025-11-22,2025-11-28,,第1座之 第1A座 Tower 1A of Tower 1,7,C,,7067000,,- 價單第1號付款方法(A): 120天現金優惠付款計劃 (照 價單第 1 號所述的售價減2%) Payment Term (A) of Price List No.1: 120-day Cash Payment Plan (2% discount on Price mentioned in Price List No.1) - 相等於成交金額 5%之臨時訂金於買方簽署臨時買賣合 約時繳付。 A preliminary deposit equivalent to 5% of Transaction Price shall be paid upon signing of the preliminary agreement for sale and purchase. - 成交金額5%即加付訂金於買方簽署臨時買賣合約後60 天內繳付。 5% of Transaction Price being further deposit shall be paid within 60 days after signing of the preliminary agreement for sale and purchase. - 成交金額 90%即成交金額餘款於買方簽署臨時買賣合 約後120天內繳付。 90% of Transaction Price being balance of Transaction Price shall be paid within 120 days after signing of the preliminary agreement for sale and purchase. - 按訂明的條款及條件買方可獲額外1%售價折扣優惠作 為「發展商聯盟折扣」優惠。 An extra 1% discount on the Price would be offered to the Purchaser as the “Developers Alliance Discount” Benefit on the prescribed terms and conditions. - 按訂明的條款及條件買方可獲額外3%售價折扣優惠作 為「盡覽維港 繁華在目」優惠。 An extra 3% discount on the Price would be offered to the Purchaser as the “Victoria Harbour Stunning Scenery” Benefit on the prescribed terms and conditions. - 按訂明的條款及條件買方可獲額外3%售價折扣優惠作 為「匯聚世界精彩」優惠。 An extra 3% discount on the Price would be offered to the Purchaser as the “Wonders from Seven Seas” Benefit on the prescribed terms and conditions. - 按訂明的條款及條件買方可獲額外3%售價折扣優惠作 為「盡享寰宇風情」優惠。 An extra 3% discount on the Price would be offered to the Purchaser as the “Embrace Global Elegance” Benefit on the prescribed terms and conditions.,
2025-11-26,2025-12-03,,第1座之 第1A座 Tower 1A of Tower 1,6,D,,9869000,,- 價單第1號付款方法(A): 120天現金優惠付款計劃 (照 價單第 1 號所述的售價減2%) Payment Term (A) of Price List No.1: 120-day Cash Payment Plan (2% discount on Price mentioned in Price List No.1) - 相等於成交金額 5%之臨時訂金於買方簽署臨時買賣合 約時繳付。 A preliminary deposit equivalent to 5% of Transaction Price shall be paid upon signing of the preliminary agreement for sale and purchase. - 成交金額5%即加付訂金於買方簽署臨時買賣合約後60 天內繳付。 5% of Transaction Price being further deposit shall be paid within 60 days after signing of the preliminary agreement for sale and purchase. - 成交金額 90%即成交金額餘款於買方簽署臨時買賣合 約後120天內繳付。 90% of Transaction Price being balance of Transaction Price shall be paid within 120 days after signing of the preliminary agreement for sale and purchase. - 按訂明的條款及條件買方可獲額外1%售價折扣優惠作 為「發展商聯盟折扣」優惠。 An extra 1% discount on the Price would be offered to the Purchaser as the “Developers Alliance Discount” Benefit on the prescribed terms and conditions. - 按訂明的條款及條件買方可獲額外3%售價折扣優惠作 為「盡覽維港 繁華在目」優惠。 An extra 3% discount on the Price would be offered to the Purchaser as the “Victoria Harbour Stunning Scenery” Benefit on the prescribed terms and conditions. - 按訂明的條款及條件買方可獲額外3%售價折扣優惠作 為「匯聚世界精彩」優惠。 An extra 3% discount on the Price would be offered to the Purchaser as the “Wonders from Seven Seas” Benefit on the prescribed terms and conditions. - 按訂明的條款及條件買方可獲額外3%售價折扣優惠作 為「盡享寰宇風情」優惠。 An extra 3% discount on the Price would be offered to the Purchaser as the “Embrace Global Elegance” Benefit on the prescribed terms and conditions.,
2025-11-26,2025-12-03,,第1座之 第1C座 Tower 1C of Tower 1,9,G,,13594000,,- 價單第1號付款方法(A): 120天現金優惠付款計劃 (照 價單第 1 號所述的售價減2%) Payment Term (A) of Price List No.1: 120-day Cash Payment Plan (2% discount on Price mentioned in Price List No.1) - 相等於成交金額 5%之臨時訂金於買方簽署臨時買賣合 約時繳付。 A preliminary deposit equivalent to 5% of Transaction Price shall be paid upon signing of the preliminary agreement for sale and purchase. - 成交金額5%即加付訂金於買方簽署臨時買賣合約後60 天內繳付。 5% of Transaction Price being further deposit shall be paid within 60 days after signing of the preliminary agreement for sale and purchase. - 成交金額 90%即成交金額餘款於買方簽署臨時買賣合 約後120天內繳付。 90% of Transaction Price being balance of Transaction Price shall be paid within 120 days after signing of the preliminary agreement for sale and purchase. - 按訂明的條款及條件買方可獲額外1%售價折扣優惠作 為「發展商聯盟折扣」優惠。 An extra 1% discount on the Price would be offered to the Purchaser as the “Developers Alliance Discount” Benefit on the prescribed terms and conditions. - 按訂明的條款及條件買方可獲額外3%售價折扣優惠作 為「盡覽維港 繁華在目」優惠。 An extra 3% discount on the Price would be offered to the Purchaser as the “Victoria Harbour Stunning Scenery” Benefit on the prescribed terms and conditions. - 按訂明的條款及條件買方可獲額外3%售價折扣優惠作 為「匯聚世界精彩」優惠。 An extra 3% discount on the Price would be offered to the Purchaser as the “Wonders from Seven Seas” Benefit on the prescribed terms and conditions. - 按訂明的條款及條件買方可獲額外3%售價折扣優惠作 為「盡享寰宇風情」優惠。 An extra 3% discount on the Price would be offered to the Purchaser as the “Embrace Global Elegance” Benefit on the prescribed terms and conditions.,
2025-11-27,2025-12-04,,第1座之 第1A座 Tower 1A of Tower 1,9,B,,25820000,,- 招標表格付款方法 (A): 120天現金優惠付款計劃 Payment Term (A) of Form of Tender: 120-day Cash Payment Plan - 相等於售價5%之臨時訂金於簽署臨時合約時繳付。 A preliminary deposit equivalent to 5% of Purchase Price shall be paid upon signing of the Preliminary Agreement. - 售價5%即加付訂金於簽署臨時合約後60天內繳付。 5% of Purchase Price being further deposit shall be paid within 60 days after signing of the Preliminary Agreement. - 售價90%即售價餘款於簽署臨時合約後120天內繳付。 90% of Purchase Price being balance of Purchase Price shall be paid within 120 days after signing of the Preliminary Agreement. - 買方有權獲得「認購一個住客停車位優惠」，條款及條件參見 見備註8(c)。 The Purchaser shall be entitled to the “Benefit to Purchase ONE Residential Car Parking Space” on terms and conditions referred to in Remark 8(c). -,
2025-11-28,2025-12-05,,第1座之 第1C座 Tower 1C of Tower 1,10,G,,13662000,,- 價單第1號付款方法(A): 120天現金優惠付款計劃 (照 價單第 1 號所述的售價減2%) Payment Term (A) of Price List No.1: 120-day Cash Payment Plan (2% discount on Price mentioned in Price List No.1) - 相等於成交金額 5%之臨時訂金於買方簽署臨時買賣合 約時繳付。 A preliminary deposit equivalent to 5% of Transaction Price shall be paid upon signing of the preliminary agreement for sale and purchase. - 成交金額5%即加付訂金於買方簽署臨時買賣合約後60 天內繳付。 5% of Transaction Price being further deposit shall be paid within 60 days after signing of the preliminary agreement for sale and purchase. - 成交金額 90%即成交金額餘款於買方簽署臨時買賣合 約後120天內繳付。 90% of Transaction Price being balance of Transaction Price shall be paid within 120 days after signing of the preliminary agreement for sale and purchase. - 按訂明的條款及條件買方可獲額外1%售價折扣優惠作 為「發展商聯盟折扣」優惠。 An extra 1% discount on the Price would be offered to the Purchaser as the “Developers Alliance Discount” Benefit on the prescribed terms and conditions. - 按訂明的條款及條件買方可獲額外3%售價折扣優惠作 為「盡覽維港 繁華在目」優惠。 An extra 3% discount on the Price would be offered to the Purchaser as the “Victoria Harbour Stunning Scenery” Benefit on the prescribed terms and conditions. - 按訂明的條款及條件買方可獲額外3%售價折扣優惠作 為「匯聚世界精彩」優惠。 An extra 3% discount on the Price would be offered to the Purchaser as the “Wonders from Seven Seas” Benefit on the prescribed terms and conditions. - 按訂明的條款及條件買方可獲額外3%售價折扣優惠作 為「盡享寰宇風情」優惠。 An extra 3% discount on the Price would be offered to the Purchaser as the “Embrace Global Elegance” Benefit on the prescribed terms and conditions.,
2025-11-29,2025-12-05,,第1座之 第1B座 Tower 1B of Tower 1,3,B,,10407000,,- 價單第1號付款方法(A): 120天現金優惠付款計劃 (照 價單第 1 號所述的售價減2%) Payment Term (A) of Price List No.1: 120-day Cash Payment Plan (2% discount on Price mentioned in Price List No.1) - 相等於成交金額 5%之臨時訂金於買方簽署臨時買賣合 約時繳付。 A preliminary deposit equivalent to 5% of Transaction Price shall be paid upon signing of the preliminary agreement for sale and purchase. - 成交金額5%即加付訂金於買方簽署臨時買賣合約後60 天內繳付。 5% of Transaction Price being further deposit shall be paid within 60 days after signing of the preliminary agreement for sale and purchase. - 成交金額 90%即成交金額餘款於買方簽署臨時買賣合 約後120天內繳付。 90% of Transaction Price being balance of Transaction Price shall be paid within 120 days after signing of the preliminary agreement for sale and purchase. - 按訂明的條款及條件買方可獲額外1%售價折扣優惠作 為「發展商聯盟折扣」優惠。 An extra 1% discount on the Price would be offered to the Purchaser as the “Developers Alliance Discount” Benefit on the prescribed terms and conditions. - 按訂明的條款及條件買方可獲額外3%售價折扣優惠作 為「盡覽維港 繁華在目」優惠。 An extra 3% discount on the Price would be offered to the Purchaser as the “Victoria Harbour Stunning Scenery” Benefit on the prescribed terms and conditions. - 按訂明的條款及條件買方可獲額外3%售價折扣優惠作 為「匯聚世界精彩」優惠。 An extra 3% discount on the Price would be offered to the Purchaser as the “Wonders from Seven Seas” Benefit on the prescribed terms and conditions. - 按訂明的條款及條件買方可獲額外3%售價折扣優惠作 為「盡享寰宇風情」優惠。 An extra 3% discount on the Price would be offered to the Purchaser as the “Embrace Global Elegance” Benefit on the prescribed terms and conditions.,
2025-11-30,2025-12-05,,第1座之 第1C座 Tower 1C of Tower 1,3,G,,12862000,,- 價單第1號付款方法(A): 120天現金優惠付款計劃 (照 價單第 1 號所述的售價減2%) Payment Term (A) of Price List No.1: 120-day Cash Payment Plan (2% discount on Price mentioned in Price List No.1) - 相等於成交金額 5%之臨時訂金於買方簽署臨時買賣合 約時繳付。 A preliminary deposit equivalent to 5% of Transaction Price shall be paid upon signing of the preliminary agreement for sale and purchase. - 成交金額5%即加付訂金於買方簽署臨時買賣合約後60 天內繳付。 5% of Transaction Price being further deposit shall be paid within 60 days after signing of the preliminary agreement for sale and purchase. - 成交金額 90%即成交金額餘款於買方簽署臨時買賣合 約後120天內繳付。 90% of Transaction Price being balance of Transaction Price shall be paid within 120 days after signing of the preliminary agreement for sale and purchase. - 按訂明的條款及條件買方可獲額外1%售價折扣優惠作 為「發展商聯盟折扣」優惠。 An extra 1% discount on the Price would be offered to the Purchaser as the “Developers Alliance Discount” Benefit on the prescribed terms and conditions. - 按訂明的條款及條件買方可獲額外3%售價折扣優惠作 為「盡覽維港 繁華在目」優惠。 An extra 3% discount on the Price would be offered to the Purchaser as the “Victoria Harbour Stunning Scenery” Benefit on the prescribed terms and conditions. - 按訂明的條款及條件買方可獲額外3%售價折扣優惠作 為「匯聚世界精彩」優惠。 An extra 3% discount on the Price would be offered to the Purchaser as the “Wonders from Seven Seas” Benefit on the prescribed terms and conditions. - 按訂明的條款及條件買方可獲額外3%售價折扣優惠作 為「盡享寰宇風情」優惠。 An extra 3% discount on the Price would be offered to the Purchaser as the “Embrace Global Elegance” Benefit on the prescribed terms and conditions.,
2025-12-02,2025-12-09,,第1座之 第1C座 Tower 1C of Tower 1,8,G,,13526000,,- 價單第1號付款方法(A): 120天現金優惠付款計劃 (照 價單第 1 號所述的售價減2%) Payment Term (A) of Price List No.1: 120-day Cash Payment Plan (2% discount on Price mentioned in Price List No.1) - 相等於成交金額 5%之臨時訂金於買方簽署臨時買賣合 約時繳付。 A preliminary deposit equivalent to 5% of Transaction Price shall be paid upon signing of the preliminary agreement for sale and purchase. - 成交金額5%即加付訂金於買方簽署臨時買賣合約後60 天內繳付。 5% of Transaction Price being further deposit shall be paid within 60 days after signing of the preliminary agreement for sale and purchase. - 成交金額 90%即成交金額餘款於買方簽署臨時買賣合 約後120天內繳付。 90% of Transaction Price being balance of Transaction Price shall be paid within 120 days after signing of the preliminary agreement for sale and purchase. - 按訂明的條款及條件買方可獲額外1%售價折扣優惠作 為「發展商聯盟折扣」優惠。 An extra 1% discount on the Price would be offered to the Purchaser as the “Developers Alliance Discount” Benefit on the prescribed terms and conditions. - 按訂明的條款及條件買方可獲額外3%售價折扣優惠作 為「盡覽維港 繁華在目」優惠。 An extra 3% discount on the Price would be offered to the Purchaser as the “Victoria Harbour Stunning Scenery” Benefit on the prescribed terms and conditions. - 按訂明的條款及條件買方可獲額外3%售價折扣優惠作 為「匯聚世界精彩」優惠。 An extra 3% discount on the Price would be offered to the Purchaser as the “Wonders from Seven Seas” Benefit on the prescribed terms and conditions. - 按訂明的條款及條件買方可獲額外3%售價折扣優惠作 為「盡享寰宇風情」優惠。 An extra 3% discount on the Price would be offered to the Purchaser as the “Embrace Global Elegance” Benefit on the prescribed terms and conditions.,
2025-12-04,2025-12-11,,第1座之 第1B座 Tower 1B of Tower 1,9,B,,11000000,,- 價單第1號付款方法(A): 120天現金優惠付款計劃 (照 價單第 1 號所述的售價減2%) Payment Term (A) of Price List No.1: 120-day Cash Payment Plan (2% discount on Price mentioned in Price List No.1) - 相等於成交金額 5%之臨時訂金於買方簽署臨時買賣合 約時繳付。 A preliminary deposit equivalent to 5% of Transaction Price shall be paid upon signing of the preliminary agreement for sale and purchase. - 成交金額5%即加付訂金於買方簽署臨時買賣合約後60 天內繳付。 5% of Transaction Price being further deposit shall be paid within 60 days after signing of the preliminary agreement for sale and purchase. - 成交金額 90%即成交金額餘款於買方簽署臨時買賣合 約後120天內繳付。 90% of Transaction Price being balance of Transaction Price shall be paid within 120 days after signing of the preliminary agreement for sale and purchase. - 按訂明的條款及條件買方可獲額外1%售價折扣優惠作 為「發展商聯盟折扣」優惠。 An extra 1% discount on the Price would be offered to the Purchaser as the “Developers Alliance Discount” Benefit on the prescribed terms and conditions. - 按訂明的條款及條件買方可獲額外3%售價折扣優惠作 為「盡覽維港 繁華在目」優惠。 An extra 3% discount on the Price would be offered to the Purchaser as the “Victoria Harbour Stunning Scenery” Benefit on the prescribed terms and conditions. - 按訂明的條款及條件買方可獲額外3%售價折扣優惠作 為「匯聚世界精彩」優惠。 An extra 3% discount on the Price would be offered to the Purchaser as the “Wonders from Seven Seas” Benefit on the prescribed terms and conditions. - 按訂明的條款及條件買方可獲額外3%售價折扣優惠作 為「盡享寰宇風情」優惠。 An extra 3% discount on the Price would be offered to the Purchaser as the “Embrace Global Elegance” Benefit on the prescribed terms and conditions.,
2025-12-04,2025-12-10,,第1座之 第1A座 Tower 1A of Tower 1,3,D,,9624000,,- 價單第1號付款方法(A): 120天現金優惠付款計劃 (照 價單第 1 號所述的售價減2%) Payment Term (A) of Price List No.1: 120-day Cash Payment Plan (2% discount on Price mentioned in Price List No.1) - 相等於成交金額 5%之臨時訂金於買方簽署臨時買賣合 約時繳付。 A preliminary deposit equivalent to 5% of Transaction Price shall be paid upon signing of the preliminary agreement for sale and purchase. - 成交金額5%即加付訂金於買方簽署臨時買賣合約後60 天內繳付。 5% of Transaction Price being further deposit shall be paid within 60 days after signing of the preliminary agreement for sale and purchase. - 成交金額 90%即成交金額餘款於買方簽署臨時買賣合 約後120天內繳付。 90% of Transaction Price being balance of Transaction Price shall be paid within 120 days after signing of the preliminary agreement for sale and purchase. - 按訂明的條款及條件買方可獲額外1%售價折扣優惠作 為「發展商聯盟折扣」優惠。 An extra 1% discount on the Price would be offered to the Purchaser as the “Developers Alliance Discount” Benefit on the prescribed terms and conditions. - 按訂明的條款及條件買方可獲額外3%售價折扣優惠作 為「盡覽維港 繁華在目」優惠。 An extra 3% discount on the Price would be offered to the Purchaser as the “Victoria Harbour Stunning Scenery” Benefit on the prescribed terms and conditions. - 按訂明的條款及條件買方可獲額外3%售價折扣優惠作 為「匯聚世界精彩」優惠。 An extra 3% discount on the Price would be offered to the Purchaser as the “Wonders from Seven Seas” Benefit on the prescribed terms and conditions. - 按訂明的條款及條件買方可獲額外3%售價折扣優惠作 為「盡享寰宇風情」優惠。 An extra 3% discount on the Price would be offered to the Purchaser as the “Embrace Global Elegance” Benefit on the prescribed terms and conditions.,
2025-12-05,2025-12-12,,第1座之 第1A座 Tower 1A of Tower 1,25,A,,29930000,,- 招標表格付款方法 (A): 120天現金優惠付款計劃 Payment Term (A) of Form of Tender: 120-day Cash Payment Plan - 相等於售價5%之臨時訂金於簽署臨時合約時繳付。 A preliminary deposit equivalent to 5% of Purchase Price shall be paid upon signing of the Preliminary Agreement. - 售價5%即加付訂金於簽署臨時合約後60天內繳付。 5% of Purchase Price being further deposit shall be paid within 60 days after signing of the Preliminary Agreement. - 售價90%即售價餘款於簽署臨時合約後120天內繳付。 90% of Purchase Price being balance of Purchase Price shall be paid within 120 days after signing of the Preliminary Agreement. - 買方有權獲得「認購一個住客停車位優惠」，條款及條件參見 見備註8(c)。 The Purchaser shall be entitled to the “Benefit to Purchase ONE Residential Car Parking Space” on terms and conditions referred to in Remark 8(c).,
2025-12-05,2025-12-12,,第1座之 第1A座 Tower 1A of Tower 1,7,B,,25306000,,- 招標表格付款方法 (A): 120天現金優惠付款計劃 Payment Term (A) of Form of Tender: 120-day Cash Payment Plan - 相等於售價5%之臨時訂金於簽署臨時合約時繳付。 A preliminary deposit equivalent to 5% of Purchase Price shall be paid upon signing of the Preliminary Agreement. - 售價5%即加付訂金於簽署臨時合約後60天內繳付。 5% of Purchase Price being further deposit shall be paid within 60 days after signing of the Preliminary Agreement. - 售價90%即售價餘款於簽署臨時合約後120天內繳付。 90% of Purchase Price being balance of Purchase Price shall be paid within 120 days after signing of the Preliminary Agreement. - 買方有權獲得「認購一個住客停車位優惠」，條款及條件參見 見備註8(c)。 The Purchaser shall be entitled to the “Benefit to Purchase ONE Residential Car Parking Space” on terms and conditions referred to in Remark 8(c).,
2025-12-05,2025-12-12,,第1座之 第1A座 Tower 1A of Tower 1,8,B,,25691000,,- 招標表格付款方法 (A): 120天現金優惠付款計劃 Payment Term (A) of Form of Tender: 120-day Cash Payment Plan - 相等於售價5%之臨時訂金於簽署臨時合約時繳付。 A preliminary deposit equivalent to 5% of Purchase Price shall be paid upon signing of the Preliminary Agreement. - 售價5%即加付訂金於簽署臨時合約後60天內繳付。 5% of Purchase Price being further deposit shall be paid within 60 days after signing of the Preliminary Agreement. - 售價90%即售價餘款於簽署臨時合約後120天內繳付。 90% of Purchase Price being balance of Purchase Price shall be paid within 120 days after signing of the Preliminary Agreement. - 買方有權獲得「認購一個住客停車位優惠」，條款及條件參見 見備註8(c)。 The Purchaser shall be entitled to the “Benefit to Purchase ONE Residential Car Parking Space” on terms and conditions referred to in Remark 8(c).,
2025-12-07,2025-12-12,,第1座之 第1A座 Tower 1A of Tower 1,5,C,,7084000,,- 價單第1號付款方法(C): 270天現金優惠付款計劃 (照 價單第 1 號所述的售價) Payment Term (C) of Price List No.1: 270-day Cash Payment Plan (Price mentioned in Price List No.1) - 相等於成交金額 5%之臨時訂金於買方簽署臨時買賣合 約時繳付。 A preliminary deposit equivalent to 5% of Transaction Price shall be paid upon signing of the preliminary agreement for sale and purchase. - 成交金額5%即加付訂金於買方簽署臨時買賣合約後60 天內繳付。 5% of Transaction Price being further deposit shall be paid within 60 days after signing of the preliminary agreement for sale and purchase. - 成交金額 90%即成交金額餘款於買方簽署臨時買賣合 約後270天內繳付。 90% of Transaction Price being balance of Transaction Price shall be paid within 270 days after signing of the preliminary agreement for sale and purchase. - 按訂明的條款及條件買方可獲額外1%售價折扣優惠作 為「發展商聯盟折扣」優惠。 An extra 1% discount on the Price would be offered to the Purchaser as the “Developers Alliance Discount” Benefit on the prescribed terms and conditions. - 按訂明的條款及條件買方可獲額外3%售價折扣優惠作 為「盡覽維港 繁華在目」優惠。 An extra 3% discount on the Price would be offered to the Purchaser as the “Victoria Harbour Stunning Scenery” Benefit on the prescribed terms and conditions. - 按訂明的條款及條件買方可獲額外3%售價折扣優惠作 為「匯聚世界精彩」優惠。 An extra 3% discount on the Price would be offered to the Purchaser as the “Wonders from Seven Seas” Benefit on the prescribed terms and conditions. - 按訂明的條款及條件買方可獲額外3%售價折扣優惠作 為「盡享寰宇風情」優惠。 - An extra 3% discount on the Price would be offered to the Purchaser as the “Embrace Global Elegance” Benefit on the prescribed terms and conditions.,
2025-12-10,2025-12-17,,第1座之 第1A座 Tower 1A of Tower 1,16,B,,27006000,,- 招標表格付款方法 (A): 120天現金優惠付款計劃 Payment Term (A) of Form of Tender: 120-day Cash Payment Plan - 相等於售價5%之臨時訂金於簽署臨時合約時繳付。 A preliminary deposit equivalent to 5% of Purchase Price shall be paid upon signing of the Preliminary Agreement. - 售價5%即加付訂金於簽署臨時合約後60天內繳付。 5% of Purchase Price being further deposit shall be paid within 60 days after signing of the Preliminary Agreement. - 售價90%即售價餘款於簽署臨時合約後120天內繳付。 90% of Purchase Price being balance of Purchase Price shall be paid within 120 days after signing of the Preliminary Agreement. - 買方有權獲得「認購一個住客停車位優惠」，條款及條件參見 見備註8(c)。 The Purchaser shall be entitled to the “Benefit to Purchase ONE Residential Car Parking Space” on terms and conditions referred to in Remark 8(c).,
2025-12-10,2025-12-17,,第1座之 第1C座 Tower 1C of Tower 1,15,G,,13869000,,- 價單第1號付款方法(A): 120天現金優惠付款計劃 (照 價單第 1 號所述的售價減2%) Payment Term (A) of Price List No.1: 120-day Cash Payment Plan (2% discount on Price mentioned in Price List No.1) - 相等於成交金額 5%之臨時訂金於買方簽署臨時買賣合 約時繳付。 A preliminary deposit equivalent to 5% of Transaction Price shall be paid upon signing of the preliminary agreement for sale and purchase. - 成交金額5%即加付訂金於買方簽署臨時買賣合約後60 天內繳付。 5% of Transaction Price being further deposit shall be paid within 60 days after signing of the preliminary agreement for sale and purchase. - 成交金額 90%即成交金額餘款於買方簽署臨時買賣合 約後120天內繳付。 90% of Transaction Price being balance of Transaction Price shall be paid within 120 days after signing of the preliminary agreement for sale and purchase. - 按訂明的條款及條件買方可獲額外1%售價折扣優惠作 為「發展商聯盟折扣」優惠。 An extra 1% discount on the Price would be offered to the Purchaser as the “Developers Alliance Discount” Benefit on the prescribed terms and conditions. - 按訂明的條款及條件買方可獲額外3%售價折扣優惠作 為「盡覽維港 繁華在目」優惠。 An extra 3% discount on the Price would be offered to the Purchaser as the “Victoria Harbour Stunning Scenery” Benefit on the prescribed terms and conditions. - 按訂明的條款及條件買方可獲額外3%售價折扣優惠作 為「匯聚世界精彩」優惠。 An extra 3% discount on the Price would be offered to the Purchaser as the “Wonders from Seven Seas” Benefit on the prescribed terms and conditions. - 按訂明的條款及條件買方可獲額外3%售價折扣優惠作 為「盡享寰宇風情」優惠。 An extra 3% discount on the Price would be offered to the Purchaser as the “Embrace Global Elegance” Benefit on the prescribed terms and conditions.,
2025-12-11,2025-12-18,,第1座之 第1C座 Tower 1C of Tower 1,12,G,,13800000,,- 價單第1號付款方法(A): 120天現金優惠付款計劃 (照 價單第 1 號所述的售價減2%) Payment Term (A) of Price List No.1: 120-day Cash Payment Plan (2% discount on Price mentioned in Price List No.1) - 相等於成交金額 5%之臨時訂金於買方簽署臨時買賣合 約時繳付。 A preliminary deposit equivalent to 5% of Transaction Price shall be paid upon signing of the preliminary agreement for sale and purchase. - 成交金額5%即加付訂金於買方簽署臨時買賣合約後60 天內繳付。 5% of Transaction Price being further deposit shall be paid within 60 days after signing of the preliminary agreement for sale and purchase. - 成交金額 90%即成交金額餘款於買方簽署臨時買賣合 約後120天內繳付。 90% of Transaction Price being balance of Transaction Price shall be paid within 120 days after signing of the preliminary agreement for sale and purchase. - 按訂明的條款及條件買方可獲額外1%售價折扣優惠作 為「發展商聯盟折扣」優惠。 An extra 1% discount on the Price would be offered to the Purchaser as the “Developers Alliance Discount” Benefit on the prescribed terms and conditions. - 按訂明的條款及條件買方可獲額外3%售價折扣優惠作 為「盡覽維港 繁華在目」優惠。 An extra 3% discount on the Price would be offered to the Purchaser as the “Victoria Harbour Stunning Scenery” Benefit on the prescribed terms and conditions. - 按訂明的條款及條件買方可獲額外3%售價折扣優惠作 為「匯聚世界精彩」優惠。 An extra 3% discount on the Price would be offered to the Purchaser as the “Wonders from Seven Seas” Benefit on the prescribed terms and conditions. - 按訂明的條款及條件買方可獲額外3%售價折扣優惠作 為「盡享寰宇風情」優惠。 An extra 3% discount on the Price would be offered to the Purchaser as the “Embrace Global Elegance” Benefit on the prescribed terms and conditions.,
2025-12-12,2025-12-19,,第1座之 第1A座 Tower 1A of Tower 1,2,C,,6720000,,- 價單第1號付款方法(A): 120天現金優惠付款計劃 (照 價單第 1 號所述的售價減2%) Payment Term (A) of Price List No.1: 120-day Cash Payment Plan (2% discount on Price mentioned in Price List No.1) - 相等於成交金額 5%之臨時訂金於買方簽署臨時買賣合 約時繳付。 A preliminary deposit equivalent to 5% of Transaction Price shall be paid upon signing of the preliminary agreement for sale and purchase. - 成交金額5%即加付訂金於買方簽署臨時買賣合約後60 天內繳付。 5% of Transaction Price being further deposit shall be paid within 60 days after signing of the preliminary agreement for sale and purchase. - 成交金額 90%即成交金額餘款於買方簽署臨時買賣合 約後120天內繳付。 90% of Transaction Price being balance of Transaction Price shall be paid within 120 days after signing of the preliminary agreement for sale and purchase. - 按訂明的條款及條件買方可獲額外1%售價折扣優惠作 為「發展商聯盟折扣」優惠。 An extra 1% discount on the Price would be offered to the Purchaser as the “Developers Alliance Discount” Benefit on the prescribed terms and conditions. - 按訂明的條款及條件買方可獲額外3%售價折扣優惠作 為「盡覽維港 繁華在目」優惠。 An extra 3% discount on the Price would be offered to the Purchaser as the “Victoria Harbour Stunning Scenery” Benefit on the prescribed terms and conditions. - 按訂明的條款及條件買方可獲額外3%售價折扣優惠作 為「匯聚世界精彩」優惠。 An extra 3% discount on the Price would be offered to the Purchaser as the “Wonders from Seven Seas” Benefit on the prescribed terms and conditions. - 按訂明的條款及條件買方可獲額外3%售價折扣優惠作 為「盡享寰宇風情」優惠。 An extra 3% discount on the Price would be offered to the Purchaser as the “Embrace Global Elegance” Benefit on the prescribed terms and conditions.,
2025-12-12,2025-12-19,,第1座之 第1A座 Tower 1A of Tower 1,6,C,,7156000,,- 價單第1號付款方法(C): 270天現金優惠付款計劃 (照 價單第 1 號所述的售價) Payment Term (C) of Price List No.1: 270-day Cash Payment Plan (Price mentioned in Price List No.1) - 相等於成交金額 5%之臨時訂金於買方簽署臨時買賣合 約時繳付。 A preliminary deposit equivalent to 5% of Transaction Price shall be paid upon signing of the preliminary agreement for sale and purchase. - 成交金額5%即加付訂金於買方簽署臨時買賣合約後60 天內繳付。 5% of Transaction Price being further deposit shall be paid within 60 days after signing of the preliminary agreement for sale and purchase. - 成交金額 90%即成交金額餘款於買方簽署臨時買賣合 約後270天內繳付。 90% of Transaction Price being balance of Transaction Price shall be paid within 270 days after signing of the preliminary agreement for sale and purchase. - 按訂明的條款及條件買方可獲額外1%售價折扣優惠作 為「發展商聯盟折扣」優惠。 An extra 1% discount on the Price would be offered to the Purchaser as the “Developers Alliance Discount” Benefit on the prescribed terms and conditions. - 按訂明的條款及條件買方可獲額外3%售價折扣優惠作 為「盡覽維港 繁華在目」優惠。 An extra 3% discount on the Price would be offered to the Purchaser as the “Victoria Harbour Stunning Scenery” Benefit on the prescribed terms and conditions. - 按訂明的條款及條件買方可獲額外3%售價折扣優惠作 為「匯聚世界精彩」優惠。 An extra 3% discount on the Price would be offered to the Purchaser as the “Wonders from Seven Seas” Benefit on the prescribed terms and conditions. - 按訂明的條款及條件買方可獲額外3%售價折扣優惠作 為「盡享寰宇風情」優惠。 An extra 3% discount on the Price would be offered to the Purchaser as the “Embrace Global Elegance” Benefit on the prescribed terms and conditions.,
2025-12-13,2025-12-19,,第1座之 第1C座 Tower 1C of Tower 1,2,G,,12669000,,- 價單第1號付款方法(A): 120天現金優惠付款計劃 (照 價單第 1 號所述的售價減2%) Payment Term (A) of Price List No.1: 120-day Cash Payment Plan (2% discount on Price mentioned in Price List No.1) - 相等於成交金額 5%之臨時訂金於買方簽署臨時買賣合 約時繳付。 A preliminary deposit equivalent to 5% of Transaction Price shall be paid upon signing of the preliminary agreement for sale and purchase. - 成交金額5%即加付訂金於買方簽署臨時買賣合約後60 天內繳付。 5% of Transaction Price being further deposit shall be paid within 60 days after signing of the preliminary agreement for sale and purchase. - 成交金額 90%即成交金額餘款於買方簽署臨時買賣合 約後120天內繳付。 90% of Transaction Price being balance of Transaction Price shall be paid within 120 days after signing of the preliminary agreement for sale and purchase. - 按訂明的條款及條件買方可獲額外1%售價折扣優惠作 為「發展商聯盟折扣」優惠。 An extra 1% discount on the Price would be offered to the Purchaser as the “Developers Alliance Discount” Benefit on the prescribed terms and conditions. - 按訂明的條款及條件買方可獲額外3%售價折扣優惠作 為「盡覽維港 繁華在目」優惠。 An extra 3% discount on the Price would be offered to the Purchaser as the “Victoria Harbour Stunning Scenery” Benefit on the prescribed terms and conditions. - 按訂明的條款及條件買方可獲額外3%售價折扣優惠作 為「匯聚世界精彩」優惠。 An extra 3% discount on the Price would be offered to the Purchaser as the “Wonders from Seven Seas” Benefit on the prescribed terms and conditions. - 按訂明的條款及條件買方可獲額外3%售價折扣優惠作 為「盡享寰宇風情」優惠。 An extra 3% discount on the Price would be offered to the Purchaser as the “Embrace Global Elegance” Benefit on the prescribed terms and conditions.,
2025-12-13,2025-12-19,,第1座之 第1A座 Tower 1A of Tower 1,2,D,,9479000,,- 價單第1號付款方法(A): 120天現金優惠付款計劃 (照 價單第 1 號所述的售價減2%) Payment Term (A) of Price List No.1: 120-day Cash Payment Plan (2% discount on Price mentioned in Price List No.1) - 相等於成交金額 5%之臨時訂金於買方簽署臨時買賣合 約時繳付。 A preliminary deposit equivalent to 5% of Transaction Price shall be paid upon signing of the preliminary agreement for sale and purchase. - 成交金額5%即加付訂金於買方簽署臨時買賣合約後60 天內繳付。 5% of Transaction Price being further deposit shall be paid within 60 days after signing of the preliminary agreement for sale and purchase. - 成交金額 90%即成交金額餘款於買方簽署臨時買賣合 約後120天內繳付。 90% of Transaction Price being balance of Transaction Price shall be paid within 120 days after signing of the preliminary agreement for sale and purchase. - 按訂明的條款及條件買方可獲額外1%售價折扣優惠作 為「發展商聯盟折扣」優惠。 An extra 1% discount on the Price would be offered to the Purchaser as the “Developers Alliance Discount” Benefit on the prescribed terms and conditions. - 按訂明的條款及條件買方可獲額外3%售價折扣優惠作 為「盡覽維港 繁華在目」優惠。 An extra 3% discount on the Price would be offered to the Purchaser as the “Victoria Harbour Stunning Scenery” Benefit on the prescribed terms and conditions. - 按訂明的條款及條件買方可獲額外3%售價折扣優惠作 為「匯聚世界精彩」優惠。 An extra 3% discount on the Price would be offered to the Purchaser as the “Wonders from Seven Seas” Benefit on the prescribed terms and conditions. - 按訂明的條款及條件買方可獲額外3%售價折扣優惠作 為「盡享寰宇風情」優惠。 An extra 3% discount on the Price would be offered to the Purchaser as the “Embrace Global Elegance” Benefit on the prescribed terms and conditions.,
2025-12-14,2025-12-19,,第1座之 第1A座 Tower 1A of Tower 1,9,C,,7211000,,- 價單第1號付款方法(A): 120天現金優惠付款計劃 (照 價單第 1 號所述的售價減2%) Payment Term (A) of Price List No.1: 120-day Cash Payment Plan (2% discount on Price mentioned in Price List No.1) - 相等於成交金額 5%之臨時訂金於買方簽署臨時買賣合 約時繳付。 A preliminary deposit equivalent to 5% of Transaction Price shall be paid upon signing of the preliminary agreement for sale and purchase. - 成交金額5%即加付訂金於買方簽署臨時買賣合約後60 天內繳付。 5% of Transaction Price being further deposit shall be paid within 60 days after signing of the preliminary agreement for sale and purchase. - 成交金額 90%即成交金額餘款於買方簽署臨時買賣合 約後120天內繳付。 90% of Transaction Price being balance of Transaction Price shall be paid within 120 days after signing of the preliminary agreement for sale and purchase. - 按訂明的條款及條件買方可獲額外1%售價折扣優惠作 為「發展商聯盟折扣」優惠。 An extra 1% discount on the Price would be offered to the Purchaser as the “Developers Alliance Discount” Benefit on the prescribed terms and conditions. - 按訂明的條款及條件買方可獲額外3%售價折扣優惠作 為「盡覽維港 繁華在目」優惠。 An extra 3% discount on the Price would be offered to the Purchaser as the “Victoria Harbour Stunning Scenery” Benefit on the prescribed terms and conditions. - 按訂明的條款及條件買方可獲額外3%售價折扣優惠作 為「匯聚世界精彩」優惠。 An extra 3% discount on the Price would be offered to the Purchaser as the “Wonders from Seven Seas” Benefit on the prescribed terms and conditions. - 按訂明的條款及條件買方可獲額外3%售價折扣優惠作 為「盡享寰宇風情」優惠。 An extra 3% discount on the Price would be offered to the Purchaser as the “Embrace Global Elegance” Benefit on the prescribed terms and conditions.,
2025-12-15,2025-12-22,,第1座之 第1B座 Tower 1B of Tower 1,10,B,,11055000,,- 價單第1號付款方法(A): 120天現金優惠付款計劃 (照 價單第 1 號所述的售價減2%) Payment Term (A) of Price List No.1: 120-day Cash Payment Plan (2% discount on Price mentioned in Price List No.1) - 相等於成交金額 5%之臨時訂金於買方簽署臨時買賣合 約時繳付。 A preliminary deposit equivalent to 5% of Transaction Price shall be paid upon signing of the preliminary agreement for sale and purchase. - 成交金額5%即加付訂金於買方簽署臨時買賣合約後60 天內繳付。 5% of Transaction Price being further deposit shall be paid within 60 days after signing of the preliminary agreement for sale and purchase. - 成交金額 90%即成交金額餘款於買方簽署臨時買賣合 約後120天內繳付。 90% of Transaction Price being balance of Transaction Price shall be paid within 120 days after signing of the preliminary agreement for sale and purchase. - 按訂明的條款及條件買方可獲額外1%售價折扣優惠作 為「發展商聯盟折扣」優惠。 An extra 1% discount on the Price would be offered to the Purchaser as the “Developers Alliance Discount” Benefit on the prescribed terms and conditions. - 按訂明的條款及條件買方可獲額外3%售價折扣優惠作 為「盡覽維港 繁華在目」優惠。 An extra 3% discount on the Price would be offered to the Purchaser as the “Victoria Harbour Stunning Scenery” Benefit on the prescribed terms and conditions. - 按訂明的條款及條件買方可獲額外3%售價折扣優惠作 為「匯聚世界精彩」優惠。 An extra 3% discount on the Price would be offered to the Purchaser as the “Wonders from Seven Seas” Benefit on the prescribed terms and conditions. - 按訂明的條款及條件買方可獲額外3%售價折扣優惠作 為「盡享寰宇風情」優惠。 An extra 3% discount on the Price would be offered to the Purchaser as the “Embrace Global Elegance” Benefit on the prescribed terms and conditions.,
2025-12-16,2025-12-23,,第1座之 第1A座 Tower 1A of Tower 1,8,C,,7175000,,- 價單第1號付款方法(A): 120天現金優惠付款計劃 (照 價單第 1 號所述的售價減2%) Payment Term (A) of Price List No.1: 120-day Cash Payment Plan (2% discount on Price mentioned in Price List No.1) - 相等於成交金額 5%之臨時訂金於買方簽署臨時買賣合 約時繳付。 A preliminary deposit equivalent to 5% of Transaction Price shall be paid upon signing of the preliminary agreement for sale and purchase. - 成交金額5%即加付訂金於買方簽署臨時買賣合約後60 天內繳付。 5% of Transaction Price being further deposit shall be paid within 60 days after signing of the preliminary agreement for sale and purchase. - 成交金額 90%即成交金額餘款於買方簽署臨時買賣合 約後120天內繳付。 90% of Transaction Price being balance of Transaction Price shall be paid within 120 days after signing of the preliminary agreement for sale and purchase. - 按訂明的條款及條件買方可獲額外1%售價折扣優惠作 為「發展商聯盟折扣」優惠。 An extra 1% discount on the Price would be offered to the Purchaser as the “Developers Alliance Discount” Benefit on the prescribed terms and conditions. - 按訂明的條款及條件買方可獲額外3%售價折扣優惠作 為「盡覽維港 繁華在目」優惠。 An extra 3% discount on the Price would be offered to the Purchaser as the “Victoria Harbour Stunning Scenery” Benefit on the prescribed terms and conditions. - 按訂明的條款及條件買方可獲額外3%售價折扣優惠作 為「匯聚世界精彩」優惠。 An extra 3% discount on the Price would be offered to the Purchaser as the “Wonders from Seven Seas” Benefit on the prescribed terms and conditions. - 按訂明的條款及條件買方可獲額外3%售價折扣優惠作 為「盡享寰宇風情」優惠。 An extra 3% discount on the Price would be offered to the Purchaser as the “Embrace Global Elegance” Benefit on the prescribed terms and conditions.,
2025-12-25,2026-01-05,,第1座之 第1A座 Tower 1A of Tower 1,10,C,,7247000,,- 價單第1號付款方法(A): 120天現金優惠付款計劃 (照 價單第 1 號所述的售價減2%) Payment Term (A) of Price List No.1: 120-day Cash Payment Plan (2% discount on Price mentioned in Price List No.1) - 相等於成交金額 5%之臨時訂金於買方簽署臨時買賣合 約時繳付。 A preliminary deposit equivalent to 5% of Transaction Price shall be paid upon signing of the preliminary agreement for sale and purchase. - 成交金額5%即加付訂金於買方簽署臨時買賣合約後60 天內繳付。 5% of Transaction Price being further deposit shall be paid within 60 days after signing of the preliminary agreement for sale and purchase. - 成交金額 90%即成交金額餘款於買方簽署臨時買賣合 約後120天內繳付。 90% of Transaction Price being balance of Transaction Price shall be paid within 120 days after signing of the preliminary agreement for sale and purchase. - 按訂明的條款及條件買方可獲額外1%售價折扣優惠作 為「發展商聯盟折扣」優惠。 An extra 1% discount on the Price would be offered to the Purchaser as the “Developers Alliance Discount” Benefit on the prescribed terms and conditions. - 按訂明的條款及條件買方可獲額外3%售價折扣優惠作 為「盡覽維港 繁華在目」優惠。 An extra 3% discount on the Price would be offered to the Purchaser as the “Victoria Harbour Stunning Scenery” Benefit on the prescribed terms and conditions. - 按訂明的條款及條件買方可獲額外3%售價折扣優惠作 為「匯聚世界精彩」優惠。 An extra 3% discount on the Price would be offered to the Purchaser as the “Wonders from Seven Seas” Benefit on the prescribed terms and conditions. - 按訂明的條款及條件買方可獲額外3%售價折扣優惠作 為「盡享寰宇風情」優惠。 An extra 3% discount on the Price would be offered to the Purchaser as the “Embrace Global Elegance” Benefit on the prescribed terms and conditions.,
2025-12-29,2026-01-06,,第1座之 第1C座 Tower 1C of Tower 1,11,G,,13731000,,- 價單第1號付款方法(A): 120天現金優惠付款計劃 (照 價單第 1 號所述的售價減2%) Payment Term (A) of Price List No.1: 120-day Cash Payment Plan (2% discount on Price mentioned in Price List No.1) - 相等於成交金額 5%之臨時訂金於買方簽署臨時買賣合 約時繳付。 A preliminary deposit equivalent to 5% of Transaction Price shall be paid upon signing of the preliminary agreement for sale and purchase. - 成交金額5%即加付訂金於買方簽署臨時買賣合約後60 天內繳付。 5% of Transaction Price being further deposit shall be paid within 60 days after signing of the preliminary agreement for sale and purchase. - 成交金額 90%即成交金額餘款於買方簽署臨時買賣合 約後120天內繳付。 90% of Transaction Price being balance of Transaction Price shall be paid within 120 days after signing of the preliminary agreement for sale and purchase. - 按訂明的條款及條件買方可獲額外1%售價折扣優惠作 為「發展商聯盟折扣」優惠。 An extra 1% discount on the Price would be offered to the Purchaser as the “Developers Alliance Discount” Benefit on the prescribed terms and conditions. - 按訂明的條款及條件買方可獲額外3%售價折扣優惠作 為「盡覽維港 繁華在目」優惠。 An extra 3% discount on the Price would be offered to the Purchaser as the “Victoria Harbour Stunning Scenery” Benefit on the prescribed terms and conditions. - 按訂明的條款及條件買方可獲額外3%售價折扣優惠作 為「匯聚世界精彩」優惠。 An extra 3% discount on the Price would be offered to the Purchaser as the “Wonders from Seven Seas” Benefit on the prescribed terms and conditions. - 按訂明的條款及條件買方可獲額外3%售價折扣優惠作 為「盡享寰宇風情」優惠。 An extra 3% discount on the Price would be offered to the Purchaser as the “Embrace Global Elegance” Benefit on the prescribed terms and conditions.,
2025-12-29,2026-01-06,,第1座之 第1B座 Tower 1B of Tower 1,11,B,,11110000,,- 價單第1號付款方法(A): 120天現金優惠付款計劃 (照 價單第 1 號所述的售價減2%) Payment Term (A) of Price List No.1: 120-day Cash Payment Plan (2% discount on Price mentioned in Price List No.1) - 相等於成交金額 5%之臨時訂金於買方簽署臨時買賣合 約時繳付。 A preliminary deposit equivalent to 5% of Transaction Price shall be paid upon signing of the preliminary agreement for sale and purchase. - 成交金額5%即加付訂金於買方簽署臨時買賣合約後60 天內繳付。 5% of Transaction Price being further deposit shall be paid within 60 days after signing of the preliminary agreement for sale and purchase. - 成交金額 90%即成交金額餘款於買方簽署臨時買賣合 約後120天內繳付。 90% of Transaction Price being balance of Transaction Price shall be paid within 120 days after signing of the preliminary agreement for sale and purchase. - 按訂明的條款及條件買方可獲額外1%售價折扣優惠作 為「發展商聯盟折扣」優惠。 An extra 1% discount on the Price would be offered to the Purchaser as the “Developers Alliance Discount” Benefit on the prescribed terms and conditions. - 按訂明的條款及條件買方可獲額外3%售價折扣優惠作 為「盡覽維港 繁華在目」優惠。 An extra 3% discount on the Price would be offered to the Purchaser as the “Victoria Harbour Stunning Scenery” Benefit on the prescribed terms and conditions. - 按訂明的條款及條件買方可獲額外3%售價折扣優惠作 為「匯聚世界精彩」優惠。 An extra 3% discount on the Price would be offered to the Purchaser as the “Wonders from Seven Seas” Benefit on the prescribed terms and conditions. - 按訂明的條款及條件買方可獲額外3%售價折扣優惠作 為「盡享寰宇風情」優惠。 An extra 3% discount on the Price would be offered to the Purchaser as the “Embrace Global Elegance” Benefit on the prescribed terms and conditions.,
2026-01-11,2026-01-16,,第1座之 第1A座 Tower 1A of Tower 1,12,C,,7320000,,- 價單第1號付款方法(A): 120天現金優惠付款計劃 (照 價單第 1 號所述的售價減2%) Payment Term (A) of Price List No.1: 120-day Cash Payment Plan (2% discount on Price mentioned in Price List No.1) - 相等於成交金額 5%之臨時訂金於買方簽署臨時買賣合 約時繳付。 A preliminary deposit equivalent to 5% of Transaction Price shall be paid upon signing of the preliminary agreement for sale and purchase. - 成交金額5%即加付訂金於買方簽署臨時買賣合約後60 天內繳付。 5% of Transaction Price being further deposit shall be paid within 60 days after signing of the preliminary agreement for sale and purchase. - 成交金額 90%即成交金額餘款於買方簽署臨時買賣合 約後120天內繳付。 90% of Transaction Price being balance of Transaction Price shall be paid within 120 days after signing of the preliminary agreement for sale and purchase. - 按訂明的條款及條件買方可獲額外1%售價折扣優惠作 為「發展商聯盟折扣」優惠。 An extra 1% discount on the Price would be offered to the Purchaser as the “Developers Alliance Discount” Benefit on the prescribed terms and conditions. - 按訂明的條款及條件買方可獲額外3%售價折扣優惠作 為「盡覽維港 繁華在目」優惠。 An extra 3% discount on the Price would be offered to the Purchaser as the “Victoria Harbour Stunning Scenery” Benefit on the prescribed terms and conditions. - 按訂明的條款及條件買方可獲額外3%售價折扣優惠作 為「匯聚世界精彩」優惠。 An extra 3% discount on the Price would be offered to the Purchaser as the “Wonders from Seven Seas” Benefit on the prescribed terms and conditions. - 按訂明的條款及條件買方可獲額外3%售價折扣優惠作 為「盡享寰宇風情」優惠。 An extra 3% discount on the Price would be offered to the Purchaser as the “Embrace Global Elegance” Benefit on the prescribed terms and conditions.,
2026-01-11,2026-01-16,,第1座之 第1A座 Tower 1A of Tower 1,15,B,,27134000,,- 招標表格付款方法 (A): 120天現金優惠付款計劃 Payment Term (A) of Form of Tender: 120-day Cash Payment Plan - 相等於售價5%之臨時訂金於簽署臨時合約時繳付。 A preliminary deposit equivalent to 5% of Purchase Price shall be paid upon signing of the Preliminary Agreement. - 售價5%即加付訂金於簽署臨時合約後60天內繳付。 5% of Purchase Price being further deposit shall be paid within 60 days after signing of the Preliminary Agreement. - 售價90%即售價餘款於簽署臨時合約後120天內繳付。 90% of Purchase Price being balance of Purchase Price shall be paid within 120 days after signing of the Preliminary Agreement. - 買方有權獲得「認購一個住客停車位優惠」，條款及條件參見 見備註8(c)。 The Purchaser shall be entitled to the “Benefit to Purchase ONE Residential Car Parking Space” on terms and conditions referred to in Remark 8(c). -,
2026-01-13,2026-01-20,,第1座之 第1B座 Tower 1B of Tower 1,2,B,,10251000,,- 價單第1號付款方法(A): 120天現金優惠付款計劃 (照 價單第 1 號所述的售價減2%) Payment Term (A) of Price List No.1: 120-day Cash Payment Plan (2% discount on Price mentioned in Price List No.1) - 相等於成交金額 5%之臨時訂金於買方簽署臨時買賣合 約時繳付。 A preliminary deposit equivalent to 5% of Transaction Price shall be paid upon signing of the preliminary agreement for sale and purchase. - 成交金額5%即加付訂金於買方簽署臨時買賣合約後60 天內繳付。 5% of Transaction Price being further deposit shall be paid within 60 days after signing of the preliminary agreement for sale and purchase. - 成交金額 90%即成交金額餘款於買方簽署臨時買賣合 約後120天內繳付。 90% of Transaction Price being balance of Transaction Price shall be paid within 120 days after signing of the preliminary agreement for sale and purchase. - 按訂明的條款及條件買方可獲額外1%售價折扣優惠作 為「發展商聯盟折扣」優惠。 An extra 1% discount on the Price would be offered to the Purchaser as the “Developers Alliance Discount” Benefit on the prescribed terms and conditions. - 按訂明的條款及條件買方可獲額外3%售價折扣優惠作 為「盡覽維港 繁華在目」優惠。 An extra 3% discount on the Price would be offered to the Purchaser as the “Victoria Harbour Stunning Scenery” Benefit on the prescribed terms and conditions. - 按訂明的條款及條件買方可獲額外3%售價折扣優惠作 為「匯聚世界精彩」優惠。 An extra 3% discount on the Price would be offered to the Purchaser as the “Wonders from Seven Seas” Benefit on the prescribed terms and conditions. - 按訂明的條款及條件買方可獲額外3%售價折扣優惠作 為「盡享寰宇風情」優惠。 An extra 3% discount on the Price would be offered to the Purchaser as the “Embrace Global Elegance” Benefit on the prescribed terms and conditions.,
2026-01-13,,,第1座之 第1B座 Tower 1B of Tower 1,20,B,,11565000,,- 價單第1號付款方法(A): 120天現金優惠付款計劃 (照 價單第 1 號所述的售價減2%) Payment Term (A) of Price List No.1: 120-day Cash Payment Plan (2% discount on Price mentioned in Price List No.1) - 相等於成交金額 5%之臨時訂金於買方簽署臨時買賣合 約時繳付。 A preliminary deposit equivalent to 5% of Transaction Price shall be paid upon signing of the preliminary agreement for sale and purchase. - 成交金額5%即加付訂金於買方簽署臨時買賣合約後60 天內繳付。 5% of Transaction Price being further deposit shall be paid within 60 days after signing of the preliminary agreement for sale and purchase. - 成交金額 90%即成交金額餘款於買方簽署臨時買賣合 約後120天內繳付。 90% of Transaction Price being balance of Transaction Price shall be paid within 120 days after signing of the preliminary agreement for sale and purchase. - 按訂明的條款及條件買方可獲額外1%售價折扣優惠作 為「發展商聯盟折扣」優惠。 An extra 1% discount on the Price would be offered to the Purchaser as the “Developers Alliance Discount” Benefit on the prescribed terms and conditions. - 按訂明的條款及條件買方可獲額外3%售價折扣優惠作 為「盡覽維港 繁華在目」優惠。 An extra 3% discount on the Price would be offered to the Purchaser as the “Victoria Harbour Stunning Scenery” Benefit on the prescribed terms and conditions. - 按訂明的條款及條件買方可獲額外3%售價折扣優惠作 為「匯聚世界精彩」優惠。 An extra 3% discount on the Price would be offered to the Purchaser as the “Wonders from Seven Seas” Benefit on the prescribed terms and conditions. - 按訂明的條款及條件買方可獲額外3%售價折扣優惠作 為「盡享寰宇風情」優惠。 An extra 3% discount on the Price would be offered to the Purchaser as the “Embrace Global Elegance” Benefit on the prescribed terms and conditions.,
2026-01-17,2026-01-23,,第1座之 第1B座 Tower 1B of Tower 1,7,B,,10780000,,- 價單第1號付款方法(A): 120天現金優惠付款計劃 (照 價單第 1 號所述的售價減2%) Payment Term (A) of Price List No.1: 120-day Cash Payment Plan (2% discount on Price mentioned in Price List No.1) - 相等於成交金額 5%之臨時訂金於買方簽署臨時買賣合 約時繳付。 A preliminary deposit equivalent to 5% of Transaction Price shall be paid upon signing of the preliminary agreement for sale and purchase. - 成交金額5%即加付訂金於買方簽署臨時買賣合約後60 天內繳付。 5% of Transaction Price being further deposit shall be paid within 60 days after signing of the preliminary agreement for sale and purchase. - 成交金額 90%即成交金額餘款於買方簽署臨時買賣合 約後120天內繳付。 90% of Transaction Price being balance of Transaction Price shall be paid within 120 days after signing of the preliminary agreement for sale and purchase. - 按訂明的條款及條件買方可獲額外1%售價折扣優惠作 為「發展商聯盟折扣」優惠。 An extra 1% discount on the Price would be offered to the Purchaser as the “Developers Alliance Discount” Benefit on the prescribed terms and conditions. - 按訂明的條款及條件買方可獲額外3%售價折扣優惠作 為「盡覽維港 繁華在目」優惠。 An extra 3% discount on the Price would be offered to the Purchaser as the “Victoria Harbour Stunning Scenery” Benefit on the prescribed terms and conditions. - 按訂明的條款及條件買方可獲額外3%售價折扣優惠作 為「匯聚世界精彩」優惠。 An extra 3% discount on the Price would be offered to the Purchaser as the “Wonders from Seven Seas” Benefit on the prescribed terms and conditions. - 按訂明的條款及條件買方可獲額外3%售價折扣優惠作 為「盡享寰宇風情」優惠。 An extra 3% discount on the Price would be offered to the Purchaser as the “Embrace Global Elegance” Benefit on the prescribed terms and conditions.,
2026-01-19,2026-01-23,,第1座之 第1A座 Tower 1A of Tower 1,12,D,,10325000,,- 價單第1號付款方法(A): 120天現金優惠付款計劃 (照 價單第 1 號所述的售價減2%) Payment Term (A) of Price List No.1: 120-day Cash Payment Plan (2% discount on Price mentioned in Price List No.1) - 相等於成交金額 5%之臨時訂金於買方簽署臨時買賣合 約時繳付。 A preliminary deposit equivalent to 5% of Transaction Price shall be paid upon signing of the preliminary agreement for sale and purchase. - 成交金額5%即加付訂金於買方簽署臨時買賣合約後60 天內繳付。 5% of Transaction Price being further deposit shall be paid within 60 days after signing of the preliminary agreement for sale and purchase. - 成交金額 90%即成交金額餘款於買方簽署臨時買賣合 約後120天內繳付。 90% of Transaction Price being balance of Transaction Price shall be paid within 120 days after signing of the preliminary agreement for sale and purchase. - 按訂明的條款及條件買方可獲額外1%售價折扣優惠作 為「發展商聯盟折扣」優惠。 An extra 1% discount on the Price would be offered to the Purchaser as the “Developers Alliance Discount” Benefit on the prescribed terms and conditions. - 按訂明的條款及條件買方可獲額外3%售價折扣優惠作 為「盡覽維港 繁華在目」優惠。 An extra 3% discount on the Price would be offered to the Purchaser as the “Victoria Harbour Stunning Scenery” Benefit on the prescribed terms and conditions. - 按訂明的條款及條件買方可獲額外3%售價折扣優惠作 為「匯聚世界精彩」優惠。 An extra 3% discount on the Price would be offered to the Purchaser as the “Wonders from Seven Seas” Benefit on the prescribed terms and conditions. - 按訂明的條款及條件買方可獲額外3%售價折扣優惠作 為「盡享寰宇風情」優惠。 An extra 3% discount on the Price would be offered to the Purchaser as the “Embrace Global Elegance” Benefit on the prescribed terms and conditions.,
2026-01-19,2026-01-26,,第1座之 第1A座 Tower 1A of Tower 1,20,B,,27963000,,- 招標表格付款方法 (A): 120天現金優惠付款計劃 Payment Term (A) of Form of Tender: 120-day Cash Payment Plan - 相等於售價5%之臨時訂金於簽署臨時合約時繳付。 A preliminary deposit equivalent to 5% of Purchase Price shall be paid upon signing of the Preliminary Agreement. - 售價5%即加付訂金於簽署臨時合約後60天內繳付。 5% of Purchase Price being further deposit shall be paid within 60 days after signing of the Preliminary Agreement. - 售價90%即售價餘款於簽署臨時合約後120天內繳付。 90% of Purchase Price being balance of Purchase Price shall be paid within 120 days after signing of the Preliminary Agreement. - 買方有權獲得「認購一個住客停車位優惠」，條款及條件參見 見備註8(c)。 The Purchaser shall be entitled to the “Benefit to Purchase ONE Residential Car Parking Space” on terms and conditions referred to in Remark 8(c).,
2026-01-27,2026-02-03,,第1座之 第1A座 Tower 1A of Tower 1,19,D,,10641000,,- 價單第1號付款方法(A): 120天現金優惠付款計劃 (照 價單第 1 號所述的售價減2%) Payment Term (A) of Price List No.1: 120-day Cash Payment Plan (2% discount on Price mentioned in Price List No.1) - 相等於成交金額 5%之臨時訂金於買方簽署臨時買賣合 約時繳付。 A preliminary deposit equivalent to 5% of Transaction Price shall be paid upon signing of the preliminary agreement for sale and purchase. - 成交金額5%即加付訂金於買方簽署臨時買賣合約後60 天內繳付。 5% of Transaction Price being further deposit shall be paid within 60 days after signing of the preliminary agreement for sale and purchase. - 成交金額 90%即成交金額餘款於買方簽署臨時買賣合 約後120天內繳付。 90% of Transaction Price being balance of Transaction Price shall be paid within 120 days after signing of the preliminary agreement for sale and purchase. - 按訂明的條款及條件買方可獲額外1%售價折扣優惠作 為「發展商聯盟折扣」優惠。 An extra 1% discount on the Price would be offered to the Purchaser as the “Developers Alliance Discount” Benefit on the prescribed terms and conditions. - 按訂明的條款及條件買方可獲額外3%售價折扣優惠作 為「盡覽維港 繁華在目」優惠。 An extra 3% discount on the Price would be offered to the Purchaser as the “Victoria Harbour Stunning Scenery” Benefit on the prescribed terms and conditions. - 按訂明的條款及條件買方可獲額外3%售價折扣優惠作 為「匯聚世界精彩」優惠。 An extra 3% discount on the Price would be offered to the Purchaser as the “Wonders from Seven Seas” Benefit on the prescribed terms and conditions. - 按訂明的條款及條件買方可獲額外3%售價折扣優惠作 為「盡享寰宇風情」優惠。 An extra 3% discount on the Price would be offered to the Purchaser as the “Embrace Global Elegance” Benefit on the prescribed terms and conditions.,
2026-01-28,2026-02-04,,第1座之 第1A座 Tower 1A of Tower 1,20,D,,10694000,,- 價單第1號付款方法(A): 120天現金優惠付款計劃 (照 價單第 1 號所述的售價減2%) Payment Term (A) of Price List No.1: 120-day Cash Payment Plan (2% discount on Price mentioned in Price List No.1) - 相等於成交金額 5%之臨時訂金於買方簽署臨時買賣合 約時繳付。 A preliminary deposit equivalent to 5% of Transaction Price shall be paid upon signing of the preliminary agreement for sale and purchase. - 成交金額5%即加付訂金於買方簽署臨時買賣合約後60 天內繳付。 5% of Transaction Price being further deposit shall be paid within 60 days after signing of the preliminary agreement for sale and purchase. - 成交金額 90%即成交金額餘款於買方簽署臨時買賣合 約後120天內繳付。 90% of Transaction Price being balance of Transaction Price shall be paid within 120 days after signing of the preliminary agreement for sale and purchase. - 按訂明的條款及條件買方可獲額外1%售價折扣優惠作 為「發展商聯盟折扣」優惠。 An extra 1% discount on the Price would be offered to the Purchaser as the “Developers Alliance Discount” Benefit on the prescribed terms and conditions. - 按訂明的條款及條件買方可獲額外3%售價折扣優惠作 為「盡覽維港 繁華在目」優惠。 An extra 3% discount on the Price would be offered to the Purchaser as the “Victoria Harbour Stunning Scenery” Benefit on the prescribed terms and conditions. - 按訂明的條款及條件買方可獲額外3%售價折扣優惠作 為「匯聚世界精彩」優惠。 An extra 3% discount on the Price would be offered to the Purchaser as the “Wonders from Seven Seas” Benefit on the prescribed terms and conditions. - 按訂明的條款及條件買方可獲額外3%售價折扣優惠作 為「盡享寰宇風情」優惠。 An extra 3% discount on the Price would be offered to the Purchaser as the “Embrace Global Elegance” Benefit on the prescribed terms and conditions.,
2026-01-31,2026-02-06,,第1座之 第1A座 Tower 1A of Tower 1,26,A,,30664000,,- 招標表格付款方法 (A): 120天現金優惠付款計劃 Payment Term (A) of Form of Tender: 120-day Cash Payment Plan - 相等於售價5%之臨時訂金於簽署臨時合約時繳付。 A preliminary deposit equivalent to 5% of Purchase Price shall be paid upon signing of the Preliminary Agreement. - 售價5%即加付訂金於簽署臨時合約後60天內繳付。 5% of Purchase Price being further deposit shall be paid within 60 days after signing of the Preliminary Agreement. - 售價90%即售價餘款於簽署臨時合約後120天內繳付。 90% of Purchase Price being balance of Purchase Price shall be paid within 120 days after signing of the Preliminary Agreement.,
2026-02-04,2026-02-11,,第1座之 第1A座 Tower 1A of Tower 1,8,D,,10222000,,- 價單第1A號付款方法(A): 120天現金優惠付款計劃 (照 價單第 1A 號所述的售價減2%) Payment Term (A) of Price List No.1A: 120-day Cash Payment Plan (2% discount on Price mentioned in Price List No.1A) - 相等於成交金額 5%之臨時訂金於買方簽署臨時買賣合 約時繳付。 A preliminary deposit equivalent to 5% of Transaction Price shall be paid upon signing of the preliminary agreement for sale and purchase. - 成交金額5%即加付訂金於買方簽署臨時買賣合約後60 天內繳付。 5% of Transaction Price being further deposit shall be paid within 60 days after signing of the preliminary agreement for sale and purchase. - 成交金額 90%即成交金額餘款於買方簽署臨時買賣合 約後120天內繳付。 90% of Transaction Price being balance of Transaction Price shall be paid within 120 days after signing of the preliminary agreement for sale and purchase. - 按訂明的條款及條件買方可獲額外1%售價折扣優惠作 為「發展商聯盟折扣」優惠。 An extra 1% discount on the Price would be offered to the Purchaser as the “Developers Alliance Discount” Benefit on the prescribed terms and conditions. - 按訂明的條款及條件買方可獲額外3%售價折扣優惠作 為「盡覽維港 繁華在目」優惠。 An extra 3% discount on the Price would be offered to the Purchaser as the “Victoria Harbour Stunning Scenery” Benefit on the prescribed terms and conditions. - 按訂明的條款及條件買方可獲額外3%售價折扣優惠作 為「匯聚世界精彩」優惠。 An extra 3% discount on the Price would be offered to the Purchaser as the “Wonders from Seven Seas” Benefit on the prescribed terms and conditions. - 按訂明的條款及條件買方可獲額外3%售價折扣優惠作 為「盡享寰宇風情」優惠。 An extra 3% discount on the Price would be offered to the Purchaser as the “Embrace Global Elegance” Benefit on the prescribed terms and conditions.,
2026-02-05,2026-02-12,,第1座之 第1A座 Tower 1A of Tower 1,7,D,,10069000,,- 價單第1A號付款方法(A): 120天現金優惠付款計劃 (照 價單第 1A 號所述的售價減2%) Payment Term (A) of Price List No.1A: 120-day Cash Payment Plan (2% discount on Price mentioned in Price List No.1A) - 相等於成交金額 5%之臨時訂金於買方簽署臨時買賣合 約時繳付。 A preliminary deposit equivalent to 5% of Transaction Price shall be paid upon signing of the preliminary agreement for sale and purchase. - 成交金額5%即加付訂金於買方簽署臨時買賣合約後60 天內繳付。 5% of Transaction Price being further deposit shall be paid within 60 days after signing of the preliminary agreement for sale and purchase. - 成交金額 90%即成交金額餘款於買方簽署臨時買賣合 約後120天內繳付。 90% of Transaction Price being balance of Transaction Price shall be paid within 120 days after signing of the preliminary agreement for sale and purchase. - 按訂明的條款及條件買方可獲額外1%售價折扣優惠作 為「發展商聯盟折扣」優惠。 An extra 1% discount on the Price would be offered to the Purchaser as the “Developers Alliance Discount” Benefit on the prescribed terms and conditions. - 按訂明的條款及條件買方可獲額外3%售價折扣優惠作 為「盡覽維港 繁華在目」優惠。 An extra 3% discount on the Price would be offered to the Purchaser as the “Victoria Harbour Stunning Scenery” Benefit on the prescribed terms and conditions. - 按訂明的條款及條件買方可獲額外3%售價折扣優惠作 為「匯聚世界精彩」優惠。 An extra 3% discount on the Price would be offered to the Purchaser as the “Wonders from Seven Seas” Benefit on the prescribed terms and conditions. - 按訂明的條款及條件買方可獲額外3%售價折扣優惠作 為「盡享寰宇風情」優惠。 An extra 3% discount on the Price would be offered to the Purchaser as the “Embrace Global Elegance” Benefit on the prescribed terms and conditions.,
2026-02-06,2026-02-13,,第1座之 第1A座 Tower 1A of Tower 1,21,B,,28376000,,- 招標表格付款方法 (A): 120天現金優惠付款計劃 Payment Term (A) of Form of Tender: 120-day Cash Payment Plan - 相等於售價5%之臨時訂金於簽署臨時合約時繳付。 A preliminary deposit equivalent to 5% of Purchase Price shall be paid upon signing of the Preliminary Agreement. - 售價5%即加付訂金於簽署臨時合約後60天內繳付。 5% of Purchase Price being further deposit shall be paid within 60 days after signing of the Preliminary Agreement. - 售價90%即售價餘款於簽署臨時合約後120天內繳付。 90% of Purchase Price being balance of Purchase Price shall be paid within 120 days after signing of the Preliminary Agreement.,
2026-02-07,2026-02-13,,第1座之 第1A座 Tower 1A of Tower 1,15,D,,10377000,,- 價單第1A號付款方法(A): 120天現金優惠付款計劃 (照 價單第 1A 號所述的售價減2%) Payment Term (A) of Price List No.1A: 120-day Cash Payment Plan (2% discount on Price mentioned in Price List No.1A) - 相等於成交金額 5%之臨時訂金於買方簽署臨時買賣合 約時繳付。 A preliminary deposit equivalent to 5% of Transaction Price shall be paid upon signing of the preliminary agreement for sale and purchase. - 成交金額5%即加付訂金於買方簽署臨時買賣合約後60 天內繳付。 5% of Transaction Price being further deposit shall be paid within 60 days after signing of the preliminary agreement for sale and purchase. - 成交金額 90%即成交金額餘款於買方簽署臨時買賣合 約後120天內繳付。 90% of Transaction Price being balance of Transaction Price shall be paid within 120 days after signing of the preliminary agreement for sale and purchase. - 按訂明的條款及條件買方可獲額外1%售價折扣優惠作 為「發展商聯盟折扣」優惠。 An extra 1% discount on the Price would be offered to the Purchaser as the “Developers Alliance Discount” Benefit on the prescribed terms and conditions. - 按訂明的條款及條件買方可獲額外3%售價折扣優惠作 為「盡覽維港 繁華在目」優惠。 An extra 3% discount on the Price would be offered to the Purchaser as the “Victoria Harbour Stunning Scenery” Benefit on the prescribed terms and conditions. - 按訂明的條款及條件買方可獲額外3%售價折扣優惠作 為「匯聚世界精彩」優惠。 An extra 3% discount on the Price would be offered to the Purchaser as the “Wonders from Seven Seas” Benefit on the prescribed terms and conditions. - 按訂明的條款及條件買方可獲額外3%售價折扣優惠作 為「盡享寰宇風情」優惠。 An extra 3% discount on the Price would be offered to the Purchaser as the “Embrace Global Elegance” Benefit on the prescribed terms and conditions.,
2026-02-08,2026-02-13,,第1座之 第1A座 Tower 1A of Tower 1,18,B,,28222000,,- 招標表格付款方法 (A): 120天現金優惠付款計劃 Payment Term (A) of Form of Tender: 120-day Cash Payment Plan - 相等於售價5%之臨時訂金於簽署臨時合約時繳付。 A preliminary deposit equivalent to 5% of Purchase Price shall be paid upon signing of the Preliminary Agreement. - 售價5%即加付訂金於簽署臨時合約後60天內繳付。 5% of Purchase Price being further deposit shall be paid within 60 days after signing of the Preliminary Agreement. - 售價90%即售價餘款於簽署臨時合約後120天內繳付。 90% of Purchase Price being balance of Purchase Price shall be paid within 120 days after signing of the Preliminary Agreement.,
2026-02-11,2026-02-23,,第1座之 第1A座 Tower 1A of Tower 1,20,C,,7582000,,- 價單第1A號付款方法(A): 120天現金優惠付款計劃 (照 價單第 1A 號所述的售價減2%) Payment Term (A) of Price List No.1A: 120-day Cash Payment Plan (2% discount on Price mentioned in Price List No.1A) - 相等於成交金額 5%之臨時訂金於買方簽署臨時買賣合 約時繳付。 A preliminary deposit equivalent to 5% of Transaction Price shall be paid upon signing of the preliminary agreement for sale and purchase. - 成交金額5%即加付訂金於買方簽署臨時買賣合約後60 天內繳付。 5% of Transaction Price being further deposit shall be paid within 60 days after signing of the preliminary agreement for sale and purchase. - 成交金額 90%即成交金額餘款於買方簽署臨時買賣合 約後120天內繳付。 90% of Transaction Price being balance of Transaction Price shall be paid within 120 days after signing of the preliminary agreement for sale and purchase. - 按訂明的條款及條件買方可獲額外1%售價折扣優惠作 為「發展商聯盟折扣」優惠。 An extra 1% discount on the Price would be offered to the Purchaser as the “Developers Alliance Discount” Benefit on the prescribed terms and conditions. - 按訂明的條款及條件買方可獲額外3%售價折扣優惠作 為「盡覽維港 繁華在目」優惠。 An extra 3% discount on the Price would be offered to the Purchaser as the “Victoria Harbour Stunning Scenery” Benefit on the prescribed terms and conditions. - 按訂明的條款及條件買方可獲額外3%售價折扣優惠作 為「匯聚世界精彩」優惠。 An extra 3% discount on the Price would be offered to the Purchaser as the “Wonders from Seven Seas” Benefit on the prescribed terms and conditions. - 按訂明的條款及條件買方可獲額外3%售價折扣優惠作 為「盡享寰宇風情」優惠。 An extra 3% discount on the Price would be offered to the Purchaser as the “Embrace Global Elegance” Benefit on the prescribed terms and conditions.,
2026-02-12,2026-02-24,,第1座之 第1A座 Tower 1A of Tower 1,26,D,,10965000,,- 價單第1A號付款方法(A): 120天現金優惠付款計劃 (照 價單第 1A 號所述的售價減2%) Payment Term (A) of Price List No.1A: 120-day Cash Payment Plan (2% discount on Price mentioned in Price List No.1A) - 相等於成交金額 5%之臨時訂金於買方簽署臨時買賣合 約時繳付。 A preliminary deposit equivalent to 5% of Transaction Price shall be paid upon signing of the preliminary agreement for sale and purchase. - 成交金額5%即加付訂金於買方簽署臨時買賣合約後60 天內繳付。 5% of Transaction Price being further deposit shall be paid within 60 days after signing of the preliminary agreement for sale and purchase. - 成交金額 90%即成交金額餘款於買方簽署臨時買賣合 約後120天內繳付。 90% of Transaction Price being balance of Transaction Price shall be paid within 120 days after signing of the preliminary agreement for sale and purchase. - 按訂明的條款及條件買方可獲額外1%售價折扣優惠作 為「發展商聯盟折扣」優惠。 An extra 1% discount on the Price would be offered to the Purchaser as the “Developers Alliance Discount” Benefit on the prescribed terms and conditions. - 按訂明的條款及條件買方可獲額外3%售價折扣優惠作 為「盡覽維港 繁華在目」優惠。 An extra 3% discount on the Price would be offered to the Purchaser as the “Victoria Harbour Stunning Scenery” Benefit on the prescribed terms and conditions. - 按訂明的條款及條件買方可獲額外3%售價折扣優惠作 為「匯聚世界精彩」優惠。 An extra 3% discount on the Price would be offered to the Purchaser as the “Wonders from Seven Seas” Benefit on the prescribed terms and conditions. - 按訂明的條款及條件買方可獲額外3%售價折扣優惠作 為「盡享寰宇風情」優惠。 An extra 3% discount on the Price would be offered to the Purchaser as the “Embrace Global Elegance” Benefit on the prescribed terms and conditions.,
2026-02-12,2026-02-24,,第1座之 第1A座 Tower 1A of Tower 1,25,D,,10910000,,- 價單第1A號付款方法(A): 120天現金優惠付款計劃 (照 價單第 1A 號所述的售價減2%) Payment Term (A) of Price List No.1A: 120-day Cash Payment Plan (2% discount on Price mentioned in Price List No.1A) - 相等於成交金額 5%之臨時訂金於買方簽署臨時買賣合 約時繳付。 A preliminary deposit equivalent to 5% of Transaction Price shall be paid upon signing of the preliminary agreement for sale and purchase. - 成交金額5%即加付訂金於買方簽署臨時買賣合約後60 天內繳付。 5% of Transaction Price being further deposit shall be paid within 60 days after signing of the preliminary agreement for sale and purchase. - 成交金額 90%即成交金額餘款於買方簽署臨時買賣合 約後120天內繳付。 90% of Transaction Price being balance of Transaction Price shall be paid within 120 days after signing of the preliminary agreement for sale and purchase. - 按訂明的條款及條件買方可獲額外1%售價折扣優惠作 為「發展商聯盟折扣」優惠。 An extra 1% discount on the Price would be offered to the Purchaser as the “Developers Alliance Discount” Benefit on the prescribed terms and conditions. - 按訂明的條款及條件買方可獲額外3%售價折扣優惠作 為「盡覽維港 繁華在目」優惠。 An extra 3% discount on the Price would be offered to the Purchaser as the “Victoria Harbour Stunning Scenery” Benefit on the prescribed terms and conditions. - 按訂明的條款及條件買方可獲額外3%售價折扣優惠作 為「匯聚世界精彩」優惠。 An extra 3% discount on the Price would be offered to the Purchaser as the “Wonders from Seven Seas” Benefit on the prescribed terms and conditions. - 按訂明的條款及條件買方可獲額外3%售價折扣優惠作 為「盡享寰宇風情」優惠。 - An extra 3% discount on the Price would be offered to the Purchaser as the “Embrace Global Elegance” Benefit on the prescribed terms and conditions.,
2026-02-12,2026-02-24,,第1座之 第1A座 Tower 1A of Tower 1,23,C,,7696000,,- 價單第1A號付款方法(A): 120天現金優惠付款計劃 (照 價單第 1A 號所述的售價減2%) Payment Term (A) of Price List No.1A: 120-day Cash Payment Plan (2% discount on Price mentioned in Price List No.1A) - 相等於成交金額 5%之臨時訂金於買方簽署臨時買賣合 約時繳付。 A preliminary deposit equivalent to 5% of Transaction Price shall be paid upon signing of the preliminary agreement for sale and purchase. - 成交金額5%即加付訂金於買方簽署臨時買賣合約後60 天內繳付。 5% of Transaction Price being further deposit shall be paid within 60 days after signing of the preliminary agreement for sale and purchase. - 成交金額 90%即成交金額餘款於買方簽署臨時買賣合 約後120天內繳付。 90% of Transaction Price being balance of Transaction Price shall be paid within 120 days after signing of the preliminary agreement for sale and purchase. - 按訂明的條款及條件買方可獲額外1%售價折扣優惠作 為「發展商聯盟折扣」優惠。 An extra 1% discount on the Price would be offered to the Purchaser as the “Developers Alliance Discount” Benefit on the prescribed terms and conditions. - 按訂明的條款及條件買方可獲額外3%售價折扣優惠作 為「盡覽維港 繁華在目」優惠。 An extra 3% discount on the Price would be offered to the Purchaser as the “Victoria Harbour Stunning Scenery” Benefit on the prescribed terms and conditions. - 按訂明的條款及條件買方可獲額外3%售價折扣優惠作 為「匯聚世界精彩」優惠。 An extra 3% discount on the Price would be offered to the Purchaser as the “Wonders from Seven Seas” Benefit on the prescribed terms and conditions. - 按訂明的條款及條件買方可獲額外3%售價折扣優惠作 為「盡享寰宇風情」優惠。 An extra 3% discount on the Price would be offered to the Purchaser as the “Embrace Global Elegance” Benefit on the prescribed terms and conditions.,
2026-02-12,2026-02-24,,第1座之 第1A座 Tower 1A of Tower 1,23,D,,10856000,,- 價單第1A號付款方法(A): 120天現金優惠付款計劃 (照 價單第 1A 號所述的售價減2%) Payment Term (A) of Price List No.1A: 120-day Cash Payment Plan (2% discount on Price mentioned in Price List No.1A) - 相等於成交金額 5%之臨時訂金於買方簽署臨時買賣合 約時繳付。 A preliminary deposit equivalent to 5% of Transaction Price shall be paid upon signing of the preliminary agreement for sale and purchase. - 成交金額5%即加付訂金於買方簽署臨時買賣合約後60 天內繳付。 5% of Transaction Price being further deposit shall be paid within 60 days after signing of the preliminary agreement for sale and purchase. - 成交金額 90%即成交金額餘款於買方簽署臨時買賣合 約後120天內繳付。 90% of Transaction Price being balance of Transaction Price shall be paid within 120 days after signing of the preliminary agreement for sale and purchase. - 按訂明的條款及條件買方可獲額外1%售價折扣優惠作 為「發展商聯盟折扣」優惠。 An extra 1% discount on the Price would be offered to the Purchaser as the “Developers Alliance Discount” Benefit on the prescribed terms and conditions. - 按訂明的條款及條件買方可獲額外3%售價折扣優惠作 為「盡覽維港 繁華在目」優惠。 An extra 3% discount on the Price would be offered to the Purchaser as the “Victoria Harbour Stunning Scenery” Benefit on the prescribed terms and conditions. - 按訂明的條款及條件買方可獲額外3%售價折扣優惠作 為「匯聚世界精彩」優惠。 An extra 3% discount on the Price would be offered to the Purchaser as the “Wonders from Seven Seas” Benefit on the prescribed terms and conditions. - 按訂明的條款及條件買方可獲額外3%售價折扣優惠作 為「盡享寰宇風情」優惠。 An extra 3% discount on the Price would be offered to the Purchaser as the “Embrace Global Elegance” Benefit on the prescribed terms and conditions.,
2026-02-25,2026-03-04,,第1座之 第1A座 Tower 1A of Tower 1,15,C,,7505000,,- 價單第1B號付款方法(A): 120天現金優惠付款計劃 (照 價單第 1B 號所述的售價減2%) Payment Term (A) of Price List No.1B: 120-day Cash Payment Plan (2% discount on Price mentioned in Price List No.1B) - 相等於成交金額 5%之臨時訂金於買方簽署臨時買賣合 約時繳付。 A preliminary deposit equivalent to 5% of Transaction Price shall be paid upon signing of the preliminary agreement for sale and purchase. - 成交金額5%即加付訂金於買方簽署臨時買賣合約後60 天內繳付。 5% of Transaction Price being further deposit shall be paid within 60 days after signing of the preliminary agreement for sale and purchase. - 成交金額 90%即成交金額餘款於買方簽署臨時買賣合 約後120天內繳付。 90% of Transaction Price being balance of Transaction Price shall be paid within 120 days after signing of the preliminary agreement for sale and purchase. - 按訂明的條款及條件買方可獲額外1%售價折扣優惠作 為「發展商聯盟折扣」優惠。 An extra 1% discount on the Price would be offered to the Purchaser as the “Developers Alliance Discount” Benefit on the prescribed terms and conditions. - 按訂明的條款及條件買方可獲額外3%售價折扣優惠作 為「盡覽維港 繁華在目」優惠。 An extra 3% discount on the Price would be offered to the Purchaser as the “Victoria Harbour Stunning Scenery” Benefit on the prescribed terms and conditions. - 按訂明的條款及條件買方可獲額外3%售價折扣優惠作 為「匯聚世界精彩」優惠。 An extra 3% discount on the Price would be offered to the Purchaser as the “Wonders from Seven Seas” Benefit on the prescribed terms and conditions. - 按訂明的條款及條件買方可獲額外3%售價折扣優惠作 為「盡享寰宇風情」優惠。 An extra 3% discount on the Price would be offered to the Purchaser as the “Embrace Global Elegance” Benefit on the prescribed terms and conditions.,
2026-03-10,2026-03-17,,第1座之 第1B座 Tower 1B of Tower 1,6,B,,10887000,,- 價單第1B號付款方法(A): 120天現金優惠付款計劃 (照 價單第 1B 號所述的售價減2%) Payment Term (A) of Price List No.1B: 120-day Cash Payment Plan (2% discount on Price mentioned in Price List No.1B) - 相等於成交金額 5%之臨時訂金於買方簽署臨時買賣合 約時繳付。 A preliminary deposit equivalent to 5% of Transaction Price shall be paid upon signing of the preliminary agreement for sale and purchase. - 成交金額5%即加付訂金於買方簽署臨時買賣合約後60 天內繳付。 5% of Transaction Price being further deposit shall be paid within 60 days after signing of the preliminary agreement for sale and purchase. - 成交金額 90%即成交金額餘款於買方簽署臨時買賣合 約後120天內繳付。 90% of Transaction Price being balance of Transaction Price shall be paid within 120 days after signing of the preliminary agreement for sale and purchase. - 按訂明的條款及條件買方可獲額外1%售價折扣優惠作 為「發展商聯盟折扣」優惠。 An extra 1% discount on the Price would be offered to the Purchaser as the “Developers Alliance Discount” Benefit on the prescribed terms and conditions. - 按訂明的條款及條件買方可獲額外3%售價折扣優惠作 為「盡覽維港 繁華在目」優惠。 An extra 3% discount on the Price would be offered to the Purchaser as the “Victoria Harbour Stunning Scenery” Benefit on the prescribed terms and conditions. - 按訂明的條款及條件買方可獲額外3%售價折扣優惠作 為「匯聚世界精彩」優惠。 An extra 3% discount on the Price would be offered to the Purchaser as the “Wonders from Seven Seas” Benefit on the prescribed terms and conditions. - 按訂明的條款及條件買方可獲額外3%售價折扣優惠作 為「盡享寰宇風情」優惠。 An extra 3% discount on the Price would be offered to the Purchaser as the “Embrace Global Elegance” Benefit on the prescribed terms and conditions.,
2026-03-12,2026-03-19,,第1座之 第1A座 Tower 1A of Tower 1,16,D,,10639000,,- 價單第1B號付款方法(A): 120天現金優惠付款計劃 (照 價單第 1B 號所述的售價減2%) Payment Term (A) of Price List No.1B: 120-day Cash Payment Plan (2% discount on Price mentioned in Price List No.1B) - 相等於成交金額 5%之臨時訂金於買方簽署臨時買賣合 約時繳付。 A preliminary deposit equivalent to 5% of Transaction Price shall be paid upon signing of the preliminary agreement for sale and purchase. - 成交金額5%即加付訂金於買方簽署臨時買賣合約後60 天內繳付。 5% of Transaction Price being further deposit shall be paid within 60 days after signing of the preliminary agreement for sale and purchase. - 成交金額 90%即成交金額餘款於買方簽署臨時買賣合 約後120天內繳付。 90% of Transaction Price being balance of Transaction Price shall be paid within 120 days after signing of the preliminary agreement for sale and purchase. - 按訂明的條款及條件買方可獲額外1%售價折扣優惠作 為「發展商聯盟折扣」優惠。 An extra 1% discount on the Price would be offered to the Purchaser as the “Developers Alliance Discount” Benefit on the prescribed terms and conditions. - 按訂明的條款及條件買方可獲額外3%售價折扣優惠作 為「盡覽維港 繁華在目」優惠。 An extra 3% discount on the Price would be offered to the Purchaser as the “Victoria Harbour Stunning Scenery” Benefit on the prescribed terms and conditions. - 按訂明的條款及條件買方可獲額外3%售價折扣優惠作 為「匯聚世界精彩」優惠。 An extra 3% discount on the Price would be offered to the Purchaser as the “Wonders from Seven Seas” Benefit on the prescribed terms and conditions. - 按訂明的條款及條件買方可獲額外3%售價折扣優惠作 為「盡享寰宇風情」優惠。 - An extra 3% discount on the Price would be offered to the Purchaser as the “Embrace Global Elegance” Benefit on the prescribed terms and conditions.,
2026-03-14,2026-03-20,,第1座之 第1A座 Tower 1A of Tower 1,26,C,,7929000,,- 價單第1B號付款方法(A): 120天現金優惠付款計劃 (照 價單第 1B 號所述的售價減2%) Payment Term (A) of Price List No.1B: 120-day Cash Payment Plan (2% discount on Price mentioned in Price List No.1B) - 相等於成交金額 5%之臨時訂金於買方簽署臨時買賣合 約時繳付。 A preliminary deposit equivalent to 5% of Transaction Price shall be paid upon signing of the preliminary agreement for sale and purchase. - 成交金額5%即加付訂金於買方簽署臨時買賣合約後60 天內繳付。 5% of Transaction Price being further deposit shall be paid within 60 days after signing of the preliminary agreement for sale and purchase. - 成交金額 90%即成交金額餘款於買方簽署臨時買賣合 約後120天內繳付。 90% of Transaction Price being balance of Transaction Price shall be paid within 120 days after signing of the preliminary agreement for sale and purchase. - 按訂明的條款及條件買方可獲額外1%售價折扣優惠作 為「發展商聯盟折扣」優惠。 An extra 1% discount on the Price would be offered to the Purchaser as the “Developers Alliance Discount” Benefit on the prescribed terms and conditions. - 按訂明的條款及條件買方可獲額外3%售價折扣優惠作 為「盡覽維港 繁華在目」優惠。 An extra 3% discount on the Price would be offered to the Purchaser as the “Victoria Harbour Stunning Scenery” Benefit on the prescribed terms and conditions. - 按訂明的條款及條件買方可獲額外3%售價折扣優惠作 為「匯聚世界精彩」優惠。 An extra 3% discount on the Price would be offered to the Purchaser as the “Wonders from Seven Seas” Benefit on the prescribed terms and conditions. - 按訂明的條款及條件買方可獲額外3%售價折扣優惠作 為「盡享寰宇風情」優惠。 An extra 3% discount on the Price would be offered to the Purchaser as the “Embrace Global Elegance” Benefit on the prescribed terms and conditions.,
2026-03-15,2026-03-20,,第1座之 第1A座 Tower 1A of Tower 1,16,C,,7542000,,- 價單第1B號付款方法(A): 120天現金優惠付款計劃 (照 價單第 1B 號所述的售價減2%) Payment Term (A) of Price List No.1B: 120-day Cash Payment Plan (2% discount on Price mentioned in Price List No.1B) - 相等於成交金額 5%之臨時訂金於買方簽署臨時買賣合 約時繳付。 A preliminary deposit equivalent to 5% of Transaction Price shall be paid upon signing of the preliminary agreement for sale and purchase. - 成交金額5%即加付訂金於買方簽署臨時買賣合約後60 天內繳付。 5% of Transaction Price being further deposit shall be paid within 60 days after signing of the preliminary agreement for sale and purchase. - 成交金額 90%即成交金額餘款於買方簽署臨時買賣合 約後120天內繳付。 90% of Transaction Price being balance of Transaction Price shall be paid within 120 days after signing of the preliminary agreement for sale and purchase. - 按訂明的條款及條件買方可獲額外1%售價折扣優惠作 為「發展商聯盟折扣」優惠。 An extra 1% discount on the Price would be offered to the Purchaser as the “Developers Alliance Discount” Benefit on the prescribed terms and conditions. - 按訂明的條款及條件買方可獲額外3%售價折扣優惠作 為「盡覽維港 繁華在目」優惠。 An extra 3% discount on the Price would be offered to the Purchaser as the “Victoria Harbour Stunning Scenery” Benefit on the prescribed terms and conditions. - 按訂明的條款及條件買方可獲額外3%售價折扣優惠作 為「匯聚世界精彩」優惠。 An extra 3% discount on the Price would be offered to the Purchaser as the “Wonders from Seven Seas” Benefit on the prescribed terms and conditions. - 按訂明的條款及條件買方可獲額外3%售價折扣優惠作 為「盡享寰宇風情」優惠。 An extra 3% discount on the Price would be offered to the Purchaser as the “Embrace Global Elegance” Benefit on the prescribed terms and conditions.,
2026-03-20,2026-03-27,,第1座之 第1A座 Tower 1A of Tower 1,26,B,,29505000,,- 招標表格付款方法 (A): 120天現金優惠付款計劃 Payment Term (A) of Form of Tender: 120-day Cash Payment Plan - 相等於售價5%之臨時訂金於簽署臨時合約時繳付。 A preliminary deposit equivalent to 5% of Purchase Price shall be paid upon signing of the Preliminary Agreement. - 售價5%即加付訂金於簽署臨時合約後60天內繳付。 5% of Purchase Price being further deposit shall be paid within 60 days after signing of the Preliminary Agreement. - 售價90%即售價餘款於簽署臨時合約後120天內繳付。 90% of Purchase Price being balance of Purchase Price shall be paid within 120 days after signing of the Preliminary Agreement.,
2026-03-21,2026-03-27,,第1座之 第1A座 Tower 1A of Tower 1,22,B,,29066000,,- 招標表格付款方法 (A): 120天現金優惠付款計劃 Payment Term (A) of Form of Tender: 120-day Cash Payment Plan - 相等於售價5%之臨時訂金於簽署臨時合約時繳付。 A preliminary deposit equivalent to 5% of Purchase Price shall be paid upon signing of the Preliminary Agreement. - 售價5%即加付訂金於簽署臨時合約後60天內繳付。 5% of Purchase Price being further deposit shall be paid within 60 days after signing of the Preliminary Agreement. - 售價90%即售價餘款於簽署臨時合約後120天內繳付。 90% of Purchase Price being balance of Purchase Price shall be paid within 120 days after signing of the Preliminary Agreement.,
2026-03-23,2026-03-30,,第1座之 第1A座 Tower 1A of Tower 1,19,C,,7695000,,- 價單第1B號付款方法(A): 120天現金優惠付款計劃 (照 價單第 1B 號所述的售價減2%) Payment Term (A) of Price List No.1B: 120-day Cash Payment Plan (2% discount on Price mentioned in Price List No.1B) - 相等於成交金額 5%之臨時訂金於買方簽署臨時買賣合 約時繳付。 A preliminary deposit equivalent to 5% of Transaction Price shall be paid upon signing of the preliminary agreement for sale and purchase. - 成交金額5%即加付訂金於買方簽署臨時買賣合約後60 天內繳付。 5% of Transaction Price being further deposit shall be paid within 60 days after signing of the preliminary agreement for sale and purchase. - 成交金額 90%即成交金額餘款於買方簽署臨時買賣合 約後120天內繳付。 90% of Transaction Price being balance of Transaction Price shall be paid within 120 days after signing of the preliminary agreement for sale and purchase. - 按訂明的條款及條件買方可獲額外1%售價折扣優惠作 為「發展商聯盟折扣」優惠。 An extra 1% discount on the Price would be offered to the Purchaser as the “Developers Alliance Discount” Benefit on the prescribed terms and conditions. - 按訂明的條款及條件買方可獲額外3%售價折扣優惠作 為「盡覽維港 繁華在目」優惠。 An extra 3% discount on the Price would be offered to the Purchaser as the “Victoria Harbour Stunning Scenery” Benefit on the prescribed terms and conditions. - 按訂明的條款及條件買方可獲額外3%售價折扣優惠作 為「匯聚世界精彩」優惠。 An extra 3% discount on the Price would be offered to the Purchaser as the “Wonders from Seven Seas” Benefit on the prescribed terms and conditions. - 按訂明的條款及條件買方可獲額外3%售價折扣優惠作 為「盡享寰宇風情」優惠。 - An extra 3% discount on the Price would be offered to the Purchaser as the “Embrace Global Elegance” Benefit on the prescribed terms and conditions.,
2026-03-26,2026-04-02,,第1座之 第1A座 Tower 1A of Tower 1,18,D,,10800000,,- 價單第1C號付款方法(A): 120天現金優惠付款計劃 (照 價單第 1C 號所述的售價減2%) Payment Term (A) of Price List No.1C: 120-day Cash Payment Plan (2% discount on Price mentioned in Price List No.1C) - 相等於成交金額 5%之臨時訂金於買方簽署臨時買賣合 約時繳付。 A preliminary deposit equivalent to 5% of Transaction Price shall be paid upon signing of the preliminary agreement for sale and purchase. - 成交金額5%即加付訂金於買方簽署臨時買賣合約後60 天內繳付。 5% of Transaction Price being further deposit shall be paid within 60 days after signing of the preliminary agreement for sale and purchase. - 成交金額 90%即成交金額餘款於買方簽署臨時買賣合 約後120天內繳付。 90% of Transaction Price being balance of Transaction Price shall be paid within 120 days after signing of the preliminary agreement for sale and purchase. - 按訂明的條款及條件買方可獲額外1%售價折扣優惠作 為「發展商聯盟折扣」優惠。 An extra 1% discount on the Price would be offered to the Purchaser as the “Developers Alliance Discount” Benefit on the prescribed terms and conditions. - 按訂明的條款及條件買方可獲額外3%售價折扣優惠作 為「盡覽維港 繁華在目」優惠。 An extra 3% discount on the Price would be offered to the Purchaser as the “Victoria Harbour Stunning Scenery” Benefit on the prescribed terms and conditions. - 按訂明的條款及條件買方可獲額外3%售價折扣優惠作 為「匯聚世界精彩」優惠。 An extra 3% discount on the Price would be offered to the Purchaser as the “Wonders from Seven Seas” Benefit on the prescribed terms and conditions. - 按訂明的條款及條件買方可獲額外3%售價折扣優惠作 為「盡享寰宇風情」優惠。 An extra 3% discount on the Price would be offered to the Purchaser as the “Embrace Global Elegance” Benefit on the prescribed terms and conditions.,
2026-03-27,2026-04-08,,第1座之 第1A座 Tower 1A of Tower 1,25,B,,29911000,,- 招標表格付款方法 (A): 120天現金優惠付款計劃 Payment Term (A) of Form of Tender: 120-day Cash Payment Plan - 相等於售價5%之臨時訂金於簽署臨時合約時繳付。 A preliminary deposit equivalent to 5% of Purchase Price shall be paid upon signing of the Preliminary Agreement. - 售價5%即加付訂金於簽署臨時合約後60天內繳付。 5% of Purchase Price being further deposit shall be paid within 60 days after signing of the Preliminary Agreement. - 售價90%即售價餘款於簽署臨時合約後120天內繳付。 90% of Purchase Price being balance of Purchase Price shall be paid within 120 days after signing of the Preliminary Agreement.,
2026-03-28,2026-04-08,,第1座之 第1A座 Tower 1A of Tower 1,21,D,,10963000,,- 價單第1C號付款方法(A): 120天現金優惠付款計劃 (照 價單第 1C 號所述的售價減2%) Payment Term (A) of Price List No.1C: 120-day Cash Payment Plan (2% discount on Price mentioned in Price List No.1C) - 相等於成交金額 5%之臨時訂金於買方簽署臨時買賣合 約時繳付。 A preliminary deposit equivalent to 5% of Transaction Price shall be paid upon signing of the preliminary agreement for sale and purchase. - 成交金額5%即加付訂金於買方簽署臨時買賣合約後60 天內繳付。 5% of Transaction Price being further deposit shall be paid within 60 days after signing of the preliminary agreement for sale and purchase. - 成交金額 90%即成交金額餘款於買方簽署臨時買賣合 約後120天內繳付。 90% of Transaction Price being balance of Transaction Price shall be paid within 120 days after signing of the preliminary agreement for sale and purchase. - 按訂明的條款及條件買方可獲額外1%售價折扣優惠作 為「發展商聯盟折扣」優惠。 An extra 1% discount on the Price would be offered to the Purchaser as the “Developers Alliance Discount” Benefit on the prescribed terms and conditions. - 按訂明的條款及條件買方可獲額外3%售價折扣優惠作 為「盡覽維港 繁華在目」優惠。 An extra 3% discount on the Price would be offered to the Purchaser as the “Victoria Harbour Stunning Scenery” Benefit on the prescribed terms and conditions. - 按訂明的條款及條件買方可獲額外3%售價折扣優惠作 為「匯聚世界精彩」優惠。 An extra 3% discount on the Price would be offered to the Purchaser as the “Wonders from Seven Seas” Benefit on the prescribed terms and conditions. - 按訂明的條款及條件買方可獲額外3%售價折扣優惠作 為「盡享寰宇風情」優惠。 An extra 3% discount on the Price would be offered to the Purchaser as the “Embrace Global Elegance” Benefit on the prescribed terms and conditions.,
2026-03-29,2026-04-08,,第1座之 第1A座 Tower 1A of Tower 1,27,A,,32871000,,- 招標表格付款方法 (A): 120天現金優惠付款計劃 Payment Term (A) of Form of Tender: 120-day Cash Payment Plan - 相等於售價5%之臨時訂金於簽署臨時合約時繳付。 A preliminary deposit equivalent to 5% of Purchase Price shall be paid upon signing of the Preliminary Agreement. - 售價5%即加付訂金於簽署臨時合約後60天內繳付。 5% of Purchase Price being further deposit shall be paid within 60 days after signing of the Preliminary Agreement. - 售價90%即售價餘款於簽署臨時合約後120天內繳付。 90% of Purchase Price being balance of Purchase Price shall be paid within 120 days after signing of the Preliminary Agreement.,
2026-03-30,2026-04-09,,第1座之 第1B座 Tower 1B of Tower 1,8,B,,11164000,,- 價單第1C號付款方法(A): 120天現金優惠付款計劃 (照 價單第 1C 號所述的售價減2%) Payment Term (A) of Price List No.1C: 120-day Cash Payment Plan (2% discount on Price mentioned in Price List No.1C) - 相等於成交金額 5%之臨時訂金於買方簽署臨時買賣合 約時繳付。 A preliminary deposit equivalent to 5% of Transaction Price shall be paid upon signing of the preliminary agreement for sale and purchase. - 成交金額5%即加付訂金於買方簽署臨時買賣合約後60 天內繳付。 5% of Transaction Price being further deposit shall be paid within 60 days after signing of the preliminary agreement for sale and purchase. - 成交金額 90%即成交金額餘款於買方簽署臨時買賣合 約後120天內繳付。 90% of Transaction Price being balance of Transaction Price shall be paid within 120 days after signing of the preliminary agreement for sale and purchase. - 按訂明的條款及條件買方可獲額外1%售價折扣優惠作 為「發展商聯盟折扣」優惠。 An extra 1% discount on the Price would be offered to the Purchaser as the “Developers Alliance Discount” Benefit on the prescribed terms and conditions. - 按訂明的條款及條件買方可獲額外3%售價折扣優惠作 為「盡覽維港 繁華在目」優惠。 An extra 3% discount on the Price would be offered to the Purchaser as the “Victoria Harbour Stunning Scenery” Benefit on the prescribed terms and conditions. - 按訂明的條款及條件買方可獲額外3%售價折扣優惠作 為「匯聚世界精彩」優惠。 An extra 3% discount on the Price would be offered to the Purchaser as the “Wonders from Seven Seas” Benefit on the prescribed terms and conditions. - 按訂明的條款及條件買方可獲額外3%售價折扣優惠作 為「盡享寰宇風情」優惠。 An extra 3% discount on the Price would be offered to the Purchaser as the “Embrace Global Elegance” Benefit on the prescribed terms and conditions.,
2026-03-31,2026-04-10,,第1座之 第1C座 Tower 1C of Tower 1,16,G,,14218000,,- 價單第1C號付款方法(A): 120天現金優惠付款計劃 (照 價單第 1C 號所述的售價減2%) Payment Term (A) of Price List No.1C: 120-day Cash Payment Plan (2% discount on Price mentioned in Price List No.1C) - 相等於成交金額 5%之臨時訂金於買方簽署臨時買賣合 約時繳付。 A preliminary deposit equivalent to 5% of Transaction Price shall be paid upon signing of the preliminary agreement for sale and purchase. - 成交金額5%即加付訂金於買方簽署臨時買賣合約後60 天內繳付。 5% of Transaction Price being further deposit shall be paid within 60 days after signing of the preliminary agreement for sale and purchase. - 成交金額 90%即成交金額餘款於買方簽署臨時買賣合 約後120天內繳付。 90% of Transaction Price being balance of Transaction Price shall be paid within 120 days after signing of the preliminary agreement for sale and purchase. - 按訂明的條款及條件買方可獲額外1%售價折扣優惠作 為「發展商聯盟折扣」優惠。 An extra 1% discount on the Price would be offered to the Purchaser as the “Developers Alliance Discount” Benefit on the prescribed terms and conditions. - 按訂明的條款及條件買方可獲額外3%售價折扣優惠作 為「盡覽維港 繁華在目」優惠。 An extra 3% discount on the Price would be offered to the Purchaser as the “Victoria Harbour Stunning Scenery” Benefit on the prescribed terms and conditions. - 按訂明的條款及條件買方可獲額外3%售價折扣優惠作 為「匯聚世界精彩」優惠。 An extra 3% discount on the Price would be offered to the Purchaser as the “Wonders from Seven Seas” Benefit on the prescribed terms and conditions. - 按訂明的條款及條件買方可獲額外3%售價折扣優惠作 為「盡享寰宇風情」優惠。 An extra 3% discount on the Price would be offered to the Purchaser as the “Embrace Global Elegance” Benefit on the prescribed terms and conditions.,
2026-04-01,2026-04-13,,第1座之 第1A座 Tower 1A of Tower 1,21,C,,7773000,,- 價單第1C號付款方法(A): 120天現金優惠付款計劃 (照 價單第 1C 號所述的售價減2%) Payment Term (A) of Price List No.1C: 120-day Cash Payment Plan (2% discount on Price mentioned in Price List No.1C) - 相等於成交金額 5%之臨時訂金於買方簽署臨時買賣合 約時繳付。 A preliminary deposit equivalent to 5% of Transaction Price shall be paid upon signing of the preliminary agreement for sale and purchase. - 成交金額5%即加付訂金於買方簽署臨時買賣合約後60 天內繳付。 5% of Transaction Price being further deposit shall be paid within 60 days after signing of the preliminary agreement for sale and purchase. - 成交金額 90%即成交金額餘款於買方簽署臨時買賣合 約後120天內繳付。 90% of Transaction Price being balance of Transaction Price shall be paid within 120 days after signing of the preliminary agreement for sale and purchase. - 按訂明的條款及條件買方可獲額外1%售價折扣優惠作 為「發展商聯盟折扣」優惠。 An extra 1% discount on the Price would be offered to the Purchaser as the “Developers Alliance Discount” Benefit on the prescribed terms and conditions. - 按訂明的條款及條件買方可獲額外3%售價折扣優惠作 為「盡覽維港 繁華在目」優惠。 An extra 3% discount on the Price would be offered to the Purchaser as the “Victoria Harbour Stunning Scenery” Benefit on the prescribed terms and conditions. - 按訂明的條款及條件買方可獲額外3%售價折扣優惠作 為「匯聚世界精彩」優惠。 An extra 3% discount on the Price would be offered to the Purchaser as the “Wonders from Seven Seas” Benefit on the prescribed terms and conditions. - 按訂明的條款及條件買方可獲額外3%售價折扣優惠作 為「盡享寰宇風情」優惠。 An extra 3% discount on the Price would be offered to the Purchaser as the “Embrace Global Elegance” Benefit on the prescribed terms and conditions.,
2026-04-02,2026-04-14,,第1座之 第1A座 Tower 1A of Tower 1,22,C,,7812000,,- 價單第1C號付款方法(A): 120天現金優惠付款計劃 (照 價單第 1C 號所述的售價減2%) Payment Term (A) of Price List No.1C: 120-day Cash Payment Plan (2% discount on Price mentioned in Price List No.1C) - 相等於成交金額 5%之臨時訂金於買方簽署臨時買賣合 約時繳付。 A preliminary deposit equivalent to 5% of Transaction Price shall be paid upon signing of the preliminary agreement for sale and purchase. - 成交金額5%即加付訂金於買方簽署臨時買賣合約後60 天內繳付。 5% of Transaction Price being further deposit shall be paid within 60 days after signing of the preliminary agreement for sale and purchase. - 成交金額 90%即成交金額餘款於買方簽署臨時買賣合 約後120天內繳付。 90% of Transaction Price being balance of Transaction Price shall be paid within 120 days after signing of the preliminary agreement for sale and purchase. - 按訂明的條款及條件買方可獲額外1%售價折扣優惠作 為「發展商聯盟折扣」優惠。 An extra 1% discount on the Price would be offered to the Purchaser as the “Developers Alliance Discount” Benefit on the prescribed terms and conditions. - 按訂明的條款及條件買方可獲額外3%售價折扣優惠作 為「盡覽維港 繁華在目」優惠。 An extra 3% discount on the Price would be offered to the Purchaser as the “Victoria Harbour Stunning Scenery” Benefit on the prescribed terms and conditions. - 按訂明的條款及條件買方可獲額外3%售價折扣優惠作 為「匯聚世界精彩」優惠。 An extra 3% discount on the Price would be offered to the Purchaser as the “Wonders from Seven Seas” Benefit on the prescribed terms and conditions. - 按訂明的條款及條件買方可獲額外3%售價折扣優惠作 為「盡享寰宇風情」優惠。 An extra 3% discount on the Price would be offered to the Purchaser as the “Embrace Global Elegance” Benefit on the prescribed terms and conditions.,
2026-04-03,2026-04-14,,第1座之 第1A座 Tower 1A of Tower 1,25,C,,7890000,,- 價單第1C號付款方法(A): 120天現金優惠付款計劃 (照 價單第 1C 號所述的售價減2%) Payment Term (A) of Price List No.1C: 120-day Cash Payment Plan (2% discount on Price mentioned in Price List No.1C) - 相等於成交金額 5%之臨時訂金於買方簽署臨時買賣合 約時繳付。 A preliminary deposit equivalent to 5% of Transaction Price shall be paid upon signing of the preliminary agreement for sale and purchase. - 成交金額5%即加付訂金於買方簽署臨時買賣合約後60 天內繳付。 5% of Transaction Price being further deposit shall be paid within 60 days after signing of the preliminary agreement for sale and purchase. - 成交金額 90%即成交金額餘款於買方簽署臨時買賣合 約後120天內繳付。 90% of Transaction Price being balance of Transaction Price shall be paid within 120 days after signing of the preliminary agreement for sale and purchase. - 按訂明的條款及條件買方可獲額外1%售價折扣優惠作 為「發展商聯盟折扣」優惠。 An extra 1% discount on the Price would be offered to the Purchaser as the “Developers Alliance Discount” Benefit on the prescribed terms and conditions. - 按訂明的條款及條件買方可獲額外3%售價折扣優惠作 為「盡覽維港 繁華在目」優惠。 An extra 3% discount on the Price would be offered to the Purchaser as the “Victoria Harbour Stunning Scenery” Benefit on the prescribed terms and conditions. - 按訂明的條款及條件買方可獲額外3%售價折扣優惠作 為「匯聚世界精彩」優惠。 An extra 3% discount on the Price would be offered to the Purchaser as the “Wonders from Seven Seas” Benefit on the prescribed terms and conditions. - 按訂明的條款及條件買方可獲額外3%售價折扣優惠作 為「盡享寰宇風情」優惠。 An extra 3% discount on the Price would be offered to the Purchaser as the “Embrace Global Elegance” Benefit on the prescribed terms and conditions.,
2026-04-04,2026-04-14,,第1座之 第1A座 Tower 1A of Tower 1,27,C,,7969000,,- 價單第1C號付款方法(A): 120天現金優惠付款計劃 (照 價單第 1C 號所述的售價減2%) Payment Term (A) of Price List No.1C: 120-day Cash Payment Plan (2% discount on Price mentioned in Price List No.1C) - 相等於成交金額 5%之臨時訂金於買方簽署臨時買賣合 約時繳付。 A preliminary deposit equivalent to 5% of Transaction Price shall be paid upon signing of the preliminary agreement for sale and purchase. - 成交金額5%即加付訂金於買方簽署臨時買賣合約後60 天內繳付。 5% of Transaction Price being further deposit shall be paid within 60 days after signing of the preliminary agreement for sale and purchase. - 成交金額 90%即成交金額餘款於買方簽署臨時買賣合 約後120天內繳付。 90% of Transaction Price being balance of Transaction Price shall be paid within 120 days after signing of the preliminary agreement for sale and purchase. - 按訂明的條款及條件買方可獲額外1%售價折扣優惠作 為「發展商聯盟折扣」優惠。 An extra 1% discount on the Price would be offered to the Purchaser as the “Developers Alliance Discount” Benefit on the prescribed terms and conditions. - 按訂明的條款及條件買方可獲額外3%售價折扣優惠作 為「盡覽維港 繁華在目」優惠。 An extra 3% discount on the Price would be offered to the Purchaser as the “Victoria Harbour Stunning Scenery” Benefit on the prescribed terms and conditions. - 按訂明的條款及條件買方可獲額外3%售價折扣優惠作 為「匯聚世界精彩」優惠。 An extra 3% discount on the Price would be offered to the Purchaser as the “Wonders from Seven Seas” Benefit on the prescribed terms and conditions. - 按訂明的條款及條件買方可獲額外3%售價折扣優惠作 為「盡享寰宇風情」優惠。 An extra 3% discount on the Price would be offered to the Purchaser as the “Embrace Global Elegance” Benefit on the prescribed terms and conditions.,
2026-04-10,2026-04-17,,第1座之 第1B座 Tower 1B of Tower 1,16,B,,11505000,,- 價單第1C號付款方法(A): 120天現金優惠付款計劃 (照 價單第 1C 號所述的售價減2%) Payment Term (A) of Price List No.1C: 120-day Cash Payment Plan (2% discount on Price mentioned in Price List No.1C) - 相等於成交金額 5%之臨時訂金於買方簽署臨時買賣合 約時繳付。 A preliminary deposit equivalent to 5% of Transaction Price shall be paid upon signing of the preliminary agreement for sale and purchase. - 成交金額5%即加付訂金於買方簽署臨時買賣合約後60 天內繳付。 5% of Transaction Price being further deposit shall be paid within 60 days after signing of the preliminary agreement for sale and purchase. - 成交金額 90%即成交金額餘款於買方簽署臨時買賣合 約後120天內繳付。 90% of Transaction Price being balance of Transaction Price shall be paid within 120 days after signing of the preliminary agreement for sale and purchase. - 按訂明的條款及條件買方可獲額外1%售價折扣優惠作 為「發展商聯盟折扣」優惠。 An extra 1% discount on the Price would be offered to the Purchaser as the “Developers Alliance Discount” Benefit on the prescribed terms and conditions. - 按訂明的條款及條件買方可獲額外3%售價折扣優惠作 為「盡覽維港 繁華在目」優惠。 An extra 3% discount on the Price would be offered to the Purchaser as the “Victoria Harbour Stunning Scenery” Benefit on the prescribed terms and conditions. - 按訂明的條款及條件買方可獲額外3%售價折扣優惠作 為「匯聚世界精彩」優惠。 An extra 3% discount on the Price would be offered to the Purchaser as the “Wonders from Seven Seas” Benefit on the prescribed terms and conditions. - 按訂明的條款及條件買方可獲額外3%售價折扣優惠作 為「盡享寰宇風情」優惠。 An extra 3% discount on the Price would be offered to the Purchaser as the “Embrace Global Elegance” Benefit on the prescribed terms and conditions.,
2026-04-10,2026-04-17,,第1座之 第1B座 Tower 1B of Tower 1,15,B,,11447000,,- 價單第1C號付款方法(A): 120天現金優惠付款計劃 (照 價單第 1C 號所述的售價減2%) Payment Term (A) of Price List No.1C: 120-day Cash Payment Plan (2% discount on Price mentioned in Price List No.1C) - 相等於成交金額 5%之臨時訂金於買方簽署臨時買賣合 約時繳付。 A preliminary deposit equivalent to 5% of Transaction Price shall be paid upon signing of the preliminary agreement for sale and purchase. - 成交金額5%即加付訂金於買方簽署臨時買賣合約後60 天內繳付。 5% of Transaction Price being further deposit shall be paid within 60 days after signing of the preliminary agreement for sale and purchase. - 成交金額 90%即成交金額餘款於買方簽署臨時買賣合 約後120天內繳付。 90% of Transaction Price being balance of Transaction Price shall be paid within 120 days after signing of the preliminary agreement for sale and purchase. - 按訂明的條款及條件買方可獲額外1%售價折扣優惠作 為「發展商聯盟折扣」優惠。 An extra 1% discount on the Price would be offered to the Purchaser as the “Developers Alliance Discount” Benefit on the prescribed terms and conditions. - 按訂明的條款及條件買方可獲額外3%售價折扣優惠作 為「盡覽維港 繁華在目」優惠。 An extra 3% discount on the Price would be offered to the Purchaser as the “Victoria Harbour Stunning Scenery” Benefit on the prescribed terms and conditions. - 按訂明的條款及條件買方可獲額外3%售價折扣優惠作 為「匯聚世界精彩」優惠。 An extra 3% discount on the Price would be offered to the Purchaser as the “Wonders from Seven Seas” Benefit on the prescribed terms and conditions. - 按訂明的條款及條件買方可獲額外3%售價折扣優惠作 為「盡享寰宇風情」優惠。 An extra 3% discount on the Price would be offered to the Purchaser as the “Embrace Global Elegance” Benefit on the prescribed terms and conditions.,
2026-04-12,2026-04-17,,第1座之 第1C座 Tower 1C of Tower 1,19,G,,14507000,,- 價單第1C號付款方法(A): 120天現金優惠付款計劃 (照 價單第 1C 號所述的售價減2%) Payment Term (A) of Price List No.1C: 120-day Cash Payment Plan (2% discount on Price mentioned in Price List No.1C) - 相等於成交金額 5%之臨時訂金於買方簽署臨時買賣合 約時繳付。 A preliminary deposit equivalent to 5% of Transaction Price shall be paid upon signing of the preliminary agreement for sale and purchase. - 成交金額5%即加付訂金於買方簽署臨時買賣合約後60 天內繳付。 5% of Transaction Price being further deposit shall be paid within 60 days after signing of the preliminary agreement for sale and purchase. - 成交金額 90%即成交金額餘款於買方簽署臨時買賣合 約後120天內繳付。 90% of Transaction Price being balance of Transaction Price shall be paid within 120 days after signing of the preliminary agreement for sale and purchase. - 按訂明的條款及條件買方可獲額外1%售價折扣優惠作 為「發展商聯盟折扣」優惠。 An extra 1% discount on the Price would be offered to the Purchaser as the “Developers Alliance Discount” Benefit on the prescribed terms and conditions. - 按訂明的條款及條件買方可獲額外3%售價折扣優惠作 為「盡覽維港 繁華在目」優惠。 An extra 3% discount on the Price would be offered to the Purchaser as the “Victoria Harbour Stunning Scenery” Benefit on the prescribed terms and conditions. - 按訂明的條款及條件買方可獲額外3%售價折扣優惠作 為「匯聚世界精彩」優惠。 An extra 3% discount on the Price would be offered to the Purchaser as the “Wonders from Seven Seas” Benefit on the prescribed terms and conditions. - 按訂明的條款及條件買方可獲額外3%售價折扣優惠作 為「盡享寰宇風情」優惠。 An extra 3% discount on the Price would be offered to the Purchaser as the “Embrace Global Elegance” Benefit on the prescribed terms and conditions.,
2026-04-16,2026-04-23,,第1座之 第1B座 Tower 1B of Tower 1,12,B,,11390000,,- 價單第1C號付款方法(A): 120天現金優惠付款計劃 (照 價單第 1C 號所述的售價減2%) Payment Term (A) of Price List No.1C: 120-day Cash Payment Plan (2% discount on Price mentioned in Price List No.1C) - 相等於成交金額 5%之臨時訂金於買方簽署臨時買賣合 約時繳付。 A preliminary deposit equivalent to 5% of Transaction Price shall be paid upon signing of the preliminary agreement for sale and purchase. - 成交金額5%即加付訂金於買方簽署臨時買賣合約後60 天內繳付。 5% of Transaction Price being further deposit shall be paid within 60 days after signing of the preliminary agreement for sale and purchase. - 成交金額 90%即成交金額餘款於買方簽署臨時買賣合 約後120天內繳付。 90% of Transaction Price being balance of Transaction Price shall be paid within 120 days after signing of the preliminary agreement for sale and purchase. - 按訂明的條款及條件買方可獲額外1%售價折扣優惠作 為「發展商聯盟折扣」優惠。 An extra 1% discount on the Price would be offered to the Purchaser as the “Developers Alliance Discount” Benefit on the prescribed terms and conditions. - 按訂明的條款及條件買方可獲額外3%售價折扣優惠作 為「盡覽維港 繁華在目」優惠。 An extra 3% discount on the Price would be offered to the Purchaser as the “Victoria Harbour Stunning Scenery” Benefit on the prescribed terms and conditions. - 按訂明的條款及條件買方可獲額外3%售價折扣優惠作 為「匯聚世界精彩」優惠。 An extra 3% discount on the Price would be offered to the Purchaser as the “Wonders from Seven Seas” Benefit on the prescribed terms and conditions. - 按訂明的條款及條件買方可獲額外3%售價折扣優惠作 為「盡享寰宇風情」優惠。 An extra 3% discount on the Price would be offered to the Purchaser as the “Embrace Global Elegance” Benefit on the prescribed terms and conditions.,
2026-04-16,2026-04-23,,第1座之 第1B座 Tower 1B of Tower 1,20,B,,11797000,,- 價單第1C號付款方法(A): 120天現金優惠付款計劃 (照 價單第 1C 號所述的售價減2%) Payment Term (A) of Price List No.1C: 120-day Cash Payment Plan (2% discount on Price mentioned in Price List No.1C) - 相等於成交金額 5%之臨時訂金於買方簽署臨時買賣合 約時繳付。 A preliminary deposit equivalent to 5% of Transaction Price shall be paid upon signing of the preliminary agreement for sale and purchase. - 成交金額5%即加付訂金於買方簽署臨時買賣合約後60 天內繳付。 5% of Transaction Price being further deposit shall be paid within 60 days after signing of the preliminary agreement for sale and purchase. - 成交金額 90%即成交金額餘款於買方簽署臨時買賣合 約後120天內繳付。 90% of Transaction Price being balance of Transaction Price shall be paid within 120 days after signing of the preliminary agreement for sale and purchase. - 按訂明的條款及條件買方可獲額外1%售價折扣優惠作 為「發展商聯盟折扣」優惠。 An extra 1% discount on the Price would be offered to the Purchaser as the “Developers Alliance Discount” Benefit on the prescribed terms and conditions. - 按訂明的條款及條件買方可獲額外3%售價折扣優惠作 為「盡覽維港 繁華在目」優惠。 An extra 3% discount on the Price would be offered to the Purchaser as the “Victoria Harbour Stunning Scenery” Benefit on the prescribed terms and conditions. - 按訂明的條款及條件買方可獲額外3%售價折扣優惠作 為「匯聚世界精彩」優惠。 An extra 3% discount on the Price would be offered to the Purchaser as the “Wonders from Seven Seas” Benefit on the prescribed terms and conditions. - 按訂明的條款及條件買方可獲額外3%售價折扣優惠作 為「盡享寰宇風情」優惠。 An extra 3% discount on the Price would be offered to the Purchaser as the “Embrace Global Elegance” Benefit on the prescribed terms and conditions.,
2026-04-17,2026-04-24,,第1座之 第1B座 Tower 1B of Tower 1,23,B,,11975000,,- 價單第1C號付款方法(A): 120天現金優惠付款計劃 (照 價單第 1C 號所述的售價減2%) Payment Term (A) of Price List No.1C: 120-day Cash Payment Plan (2% discount on Price mentioned in Price List No.1C) - 相等於成交金額 5%之臨時訂金於買方簽署臨時買賣合 約時繳付。 A preliminary deposit equivalent to 5% of Transaction Price shall be paid upon signing of the preliminary agreement for sale and purchase. - 成交金額5%即加付訂金於買方簽署臨時買賣合約後60 天內繳付。 5% of Transaction Price being further deposit shall be paid within 60 days after signing of the preliminary agreement for sale and purchase. - 成交金額 90%即成交金額餘款於買方簽署臨時買賣合 約後120天內繳付。 90% of Transaction Price being balance of Transaction Price shall be paid within 120 days after signing of the preliminary agreement for sale and purchase. - 按訂明的條款及條件買方可獲額外1%售價折扣優惠作 為「發展商聯盟折扣」優惠。 An extra 1% discount on the Price would be offered to the Purchaser as the “Developers Alliance Discount” Benefit on the prescribed terms and conditions. - 按訂明的條款及條件買方可獲額外3%售價折扣優惠作 為「盡覽維港 繁華在目」優惠。 An extra 3% discount on the Price would be offered to the Purchaser as the “Victoria Harbour Stunning Scenery” Benefit on the prescribed terms and conditions. - 按訂明的條款及條件買方可獲額外3%售價折扣優惠作 為「匯聚世界精彩」優惠。 An extra 3% discount on the Price would be offered to the Purchaser as the “Wonders from Seven Seas” Benefit on the prescribed terms and conditions. - 按訂明的條款及條件買方可獲額外3%售價折扣優惠作 為「盡享寰宇風情」優惠。 An extra 3% discount on the Price would be offered to the Purchaser as the “Embrace Global Elegance” Benefit on the prescribed terms and conditions.,
2026-04-18,2026-04-24,,第1座之 第1A座 Tower 1A of Tower 1,6,E,,10619000,,- 價單第1D號付款方法(A): 120天現金優惠付款計劃 (照 價單第 1D 號所述的售價減2%) Payment Term (A) of Price List No.1D: 120-day Cash Payment Plan (2% discount on Price mentioned in Price List No.1D) - 相等於成交金額 5%之臨時訂金於買方簽署臨時買賣合 約時繳付。 A preliminary deposit equivalent to 5% of Transaction Price shall be paid upon signing of the preliminary agreement for sale and purchase. - 成交金額5%即加付訂金於買方簽署臨時買賣合約後60 天內繳付。 5% of Transaction Price being further deposit shall be paid within 60 days after signing of the preliminary agreement for sale and purchase. - 成交金額 90%即成交金額餘款於買方簽署臨時買賣合 約後120天內繳付。 90% of Transaction Price being balance of Transaction Price shall be paid within 120 days after signing of the preliminary agreement for sale and purchase. - 按訂明的條款及條件買方可獲額外1%售價折扣優惠作 為「發展商聯盟折扣」優惠。 An extra 1% discount on the Price would be offered to the Purchaser as the “Developers Alliance Discount” Benefit on the prescribed terms and conditions. - 按訂明的條款及條件買方可獲額外3%售價折扣優惠作 為「盡覽維港 繁華在目」優惠。 An extra 3% discount on the Price would be offered to the Purchaser as the “Victoria Harbour Stunning Scenery” Benefit on the prescribed terms and conditions. - 按訂明的條款及條件買方可獲額外3%售價折扣優惠作 為「匯聚世界精彩」優惠。 An extra 3% discount on the Price would be offered to the Purchaser as the “Wonders from Seven Seas” Benefit on the prescribed terms and conditions. - 按訂明的條款及條件買方可獲額外3%售價折扣優惠作 為「盡享寰宇風情」優惠。 An extra 3% discount on the Price would be offered to the Purchaser as the “Embrace Global Elegance” Benefit on the prescribed terms and conditions.,
2026-04-18,2026-04-24,,第1座之 第1A座 Tower 1A of Tower 1,12,E,,11109000,,- 價單第1D號付款方法(A): 120天現金優惠付款計劃 (照 價單第 1D 號所述的售價減2%) Payment Term (A) of Price List No.1D: 120-day Cash Payment Plan (2% discount on Price mentioned in Price List No.1D) - 相等於成交金額 5%之臨時訂金於買方簽署臨時買賣合 約時繳付。 A preliminary deposit equivalent to 5% of Transaction Price shall be paid upon signing of the preliminary agreement for sale and purchase. - 成交金額5%即加付訂金於買方簽署臨時買賣合約後60 天內繳付。 5% of Transaction Price being further deposit shall be paid within 60 days after signing of the preliminary agreement for sale and purchase. - 成交金額 90%即成交金額餘款於買方簽署臨時買賣合 約後120天內繳付。 90% of Transaction Price being balance of Transaction Price shall be paid within 120 days after signing of the preliminary agreement for sale and purchase. - 按訂明的條款及條件買方可獲額外1%售價折扣優惠作 為「發展商聯盟折扣」優惠。 An extra 1% discount on the Price would be offered to the Purchaser as the “Developers Alliance Discount” Benefit on the prescribed terms and conditions. - 按訂明的條款及條件買方可獲額外3%售價折扣優惠作 為「盡覽維港 繁華在目」優惠。 An extra 3% discount on the Price would be offered to the Purchaser as the “Victoria Harbour Stunning Scenery” Benefit on the prescribed terms and conditions. - 按訂明的條款及條件買方可獲額外3%售價折扣優惠作 為「匯聚世界精彩」優惠。 An extra 3% discount on the Price would be offered to the Purchaser as the “Wonders from Seven Seas” Benefit on the prescribed terms and conditions. - 按訂明的條款及條件買方可獲額外3%售價折扣優惠作 為「盡享寰宇風情」優惠。 An extra 3% discount on the Price would be offered to the Purchaser as the “Embrace Global Elegance” Benefit on the prescribed terms and conditions.,
2026-04-18,2026-04-24,,第1座之 第1A座 Tower 1A of Tower 1,15,E,,11165000,,- 價單第1D號付款方法(A): 120天現金優惠付款計劃 (照 價單第 1D 號所述的售價減2%) Payment Term (A) of Price List No.1D: 120-day Cash Payment Plan (2% discount on Price mentioned in Price List No.1D) - 相等於成交金額 5%之臨時訂金於買方簽署臨時買賣合 約時繳付。 A preliminary deposit equivalent to 5% of Transaction Price shall be paid upon signing of the preliminary agreement for sale and purchase. - 成交金額5%即加付訂金於買方簽署臨時買賣合約後60 天內繳付。 5% of Transaction Price being further deposit shall be paid within 60 days after signing of the preliminary agreement for sale and purchase. - 成交金額 90%即成交金額餘款於買方簽署臨時買賣合 約後120天內繳付。 90% of Transaction Price being balance of Transaction Price shall be paid within 120 days after signing of the preliminary agreement for sale and purchase. - 按訂明的條款及條件買方可獲額外1%售價折扣優惠作 為「發展商聯盟折扣」優惠。 An extra 1% discount on the Price would be offered to the Purchaser as the “Developers Alliance Discount” Benefit on the prescribed terms and conditions. - 按訂明的條款及條件買方可獲額外3%售價折扣優惠作 為「盡覽維港 繁華在目」優惠。 An extra 3% discount on the Price would be offered to the Purchaser as the “Victoria Harbour Stunning Scenery” Benefit on the prescribed terms and conditions. - 按訂明的條款及條件買方可獲額外3%售價折扣優惠作 為「匯聚世界精彩」優惠。 An extra 3% discount on the Price would be offered to the Purchaser as the “Wonders from Seven Seas” Benefit on the prescribed terms and conditions. - 按訂明的條款及條件買方可獲額外3%售價折扣優惠作 為「盡享寰宇風情」優惠。 An extra 3% discount on the Price would be offered to the Purchaser as the “Embrace Global Elegance” Benefit on the prescribed terms and conditions.,
2026-04-18,2026-04-24,,第1座之 第1A座 Tower 1A of Tower 1,11,E,,11054000,,- 價單第1D號付款方法(A): 120天現金優惠付款計劃 (照 價單第 1D 號所述的售價減2%) Payment Term (A) of Price List No.1D: 120-day Cash Payment Plan (2% discount on Price mentioned in Price List No.1D) - 相等於成交金額 5%之臨時訂金於買方簽署臨時買賣合 約時繳付。 A preliminary deposit equivalent to 5% of Transaction Price shall be paid upon signing of the preliminary agreement for sale and purchase. - 成交金額5%即加付訂金於買方簽署臨時買賣合約後60 天內繳付。 5% of Transaction Price being further deposit shall be paid within 60 days after signing of the preliminary agreement for sale and purchase. - 成交金額 90%即成交金額餘款於買方簽署臨時買賣合 約後120天內繳付。 90% of Transaction Price being balance of Transaction Price shall be paid within 120 days after signing of the preliminary agreement for sale and purchase. - 按訂明的條款及條件買方可獲額外1%售價折扣優惠作 為「發展商聯盟折扣」優惠。 An extra 1% discount on the Price would be offered to the Purchaser as the “Developers Alliance Discount” Benefit on the prescribed terms and conditions. - 按訂明的條款及條件買方可獲額外3%售價折扣優惠作 為「盡覽維港 繁華在目」優惠。 An extra 3% discount on the Price would be offered to the Purchaser as the “Victoria Harbour Stunning Scenery” Benefit on the prescribed terms and conditions. - 按訂明的條款及條件買方可獲額外3%售價折扣優惠作 為「匯聚世界精彩」優惠。 An extra 3% discount on the Price would be offered to the Purchaser as the “Wonders from Seven Seas” Benefit on the prescribed terms and conditions. - 按訂明的條款及條件買方可獲額外3%售價折扣優惠作 為「盡享寰宇風情」優惠。 An extra 3% discount on the Price would be offered to the Purchaser as the “Embrace Global Elegance” Benefit on the prescribed terms and conditions.,
2026-04-18,2026-04-24,,第1座之 第1A座 Tower 1A of Tower 1,7,E,,10726000,,- 價單第1D號付款方法(A): 120天現金優惠付款計劃 (照 價單第 1D 號所述的售價減2%) Payment Term (A) of Price List No.1D: 120-day Cash Payment Plan (2% discount on Price mentioned in Price List No.1D) - 相等於成交金額 5%之臨時訂金於買方簽署臨時買賣合 約時繳付。 A preliminary deposit equivalent to 5% of Transaction Price shall be paid upon signing of the preliminary agreement for sale and purchase. - 成交金額5%即加付訂金於買方簽署臨時買賣合約後60 天內繳付。 5% of Transaction Price being further deposit shall be paid within 60 days after signing of the preliminary agreement for sale and purchase. - 成交金額 90%即成交金額餘款於買方簽署臨時買賣合 約後120天內繳付。 90% of Transaction Price being balance of Transaction Price shall be paid within 120 days after signing of the preliminary agreement for sale and purchase. - 按訂明的條款及條件買方可獲額外1%售價折扣優惠作 為「發展商聯盟折扣」優惠。 An extra 1% discount on the Price would be offered to the Purchaser as the “Developers Alliance Discount” Benefit on the prescribed terms and conditions. - 按訂明的條款及條件買方可獲額外3%售價折扣優惠作 為「盡覽維港 繁華在目」優惠。 An extra 3% discount on the Price would be offered to the Purchaser as the “Victoria Harbour Stunning Scenery” Benefit on the prescribed terms and conditions. - 按訂明的條款及條件買方可獲額外3%售價折扣優惠作 為「匯聚世界精彩」優惠。 An extra 3% discount on the Price would be offered to the Purchaser as the “Wonders from Seven Seas” Benefit on the prescribed terms and conditions. - 按訂明的條款及條件買方可獲額外3%售價折扣優惠作 為「盡享寰宇風情」優惠。 An extra 3% discount on the Price would be offered to the Purchaser as the “Embrace Global Elegance” Benefit on the prescribed terms and conditions.,
2026-04-20,2026-04-27,,第1座之 第1A座 Tower 1A of Tower 1,27,D,,11240000,,- 價單第1D號付款方法(A): 120天現金優惠付款計劃 (照 價單第 1D 號所述的售價減2%) Payment Term (A) of Price List No.1D: 120-day Cash Payment Plan (2% discount on Price mentioned in Price List No.1D) - 相等於成交金額 5%之臨時訂金於買方簽署臨時買賣合 約時繳付。 A preliminary deposit equivalent to 5% of Transaction Price shall be paid upon signing of the preliminary agreement for sale and purchase. - 成交金額5%即加付訂金於買方簽署臨時買賣合約後60 天內繳付。 5% of Transaction Price being further deposit shall be paid within 60 days after signing of the preliminary agreement for sale and purchase. - 成交金額 90%即成交金額餘款於買方簽署臨時買賣合 約後120天內繳付。 90% of Transaction Price being balance of Transaction Price shall be paid within 120 days after signing of the preliminary agreement for sale and purchase. - 按訂明的條款及條件買方可獲額外1%售價折扣優惠作 為「發展商聯盟折扣」優惠。 An extra 1% discount on the Price would be offered to the Purchaser as the “Developers Alliance Discount” Benefit on the prescribed terms and conditions. - 按訂明的條款及條件買方可獲額外3%售價折扣優惠作 為「盡覽維港 繁華在目」優惠。 An extra 3% discount on the Price would be offered to the Purchaser as the “Victoria Harbour Stunning Scenery” Benefit on the prescribed terms and conditions. - 按訂明的條款及條件買方可獲額外3%售價折扣優惠作 為「匯聚世界精彩」優惠。 An extra 3% discount on the Price would be offered to the Purchaser as the “Wonders from Seven Seas” Benefit on the prescribed terms and conditions. - 按訂明的條款及條件買方可獲額外3%售價折扣優惠作 為「盡享寰宇風情」優惠。 An extra 3% discount on the Price would be offered to the Purchaser as the “Embrace Global Elegance” Benefit on the prescribed terms and conditions.,
2026-04-20,2026-04-27,,第1座之 第1A座 Tower 1A of Tower 1,16,E,,11222000,,- 價單第1D號付款方法(A): 120天現金優惠付款計劃 (照 價單第 1D 號所述的售價減2%) Payment Term (A) of Price List No.1D: 120-day Cash Payment Plan (2% discount on Price mentioned in Price List No.1D) - 相等於成交金額 5%之臨時訂金於買方簽署臨時買賣合 約時繳付。 A preliminary deposit equivalent to 5% of Transaction Price shall be paid upon signing of the preliminary agreement for sale and purchase. - 成交金額5%即加付訂金於買方簽署臨時買賣合約後60 天內繳付。 5% of Transaction Price being further deposit shall be paid within 60 days after signing of the preliminary agreement for sale and purchase. - 成交金額 90%即成交金額餘款於買方簽署臨時買賣合 約後120天內繳付。 90% of Transaction Price being balance of Transaction Price shall be paid within 120 days after signing of the preliminary agreement for sale and purchase. - 按訂明的條款及條件買方可獲額外1%售價折扣優惠作 為「發展商聯盟折扣」優惠。 An extra 1% discount on the Price would be offered to the Purchaser as the “Developers Alliance Discount” Benefit on the prescribed terms and conditions. - 按訂明的條款及條件買方可獲額外3%售價折扣優惠作 為「盡覽維港 繁華在目」優惠。 An extra 3% discount on the Price would be offered to the Purchaser as the “Victoria Harbour Stunning Scenery” Benefit on the prescribed terms and conditions. - 按訂明的條款及條件買方可獲額外3%售價折扣優惠作 為「匯聚世界精彩」優惠。 An extra 3% discount on the Price would be offered to the Purchaser as the “Wonders from Seven Seas” Benefit on the prescribed terms and conditions. - 按訂明的條款及條件買方可獲額外3%售價折扣優惠作 為「盡享寰宇風情」優惠。 An extra 3% discount on the Price would be offered to the Purchaser as the “Embrace Global Elegance” Benefit on the prescribed terms and conditions.,
2026-04-22,2026-04-29,,第1座之 第1A座 Tower 1A of Tower 1,10,E,,10998000,,- 價單第1D號付款方法(A): 120天現金優惠付款計劃 (照 價單第 1D 號所述的售價減2%) Payment Term (A) of Price List No.1D: 120-day Cash Payment Plan (2% discount on Price mentioned in Price List No.1D) - 相等於成交金額 5%之臨時訂金於買方簽署臨時買賣合 約時繳付。 A preliminary deposit equivalent to 5% of Transaction Price shall be paid upon signing of the preliminary agreement for sale and purchase. - 成交金額5%即加付訂金於買方簽署臨時買賣合約後60 天內繳付。 5% of Transaction Price being further deposit shall be paid within 60 days after signing of the preliminary agreement for sale and purchase. - 成交金額 90%即成交金額餘款於買方簽署臨時買賣合 約後120天內繳付。 90% of Transaction Price being balance of Transaction Price shall be paid within 120 days after signing of the preliminary agreement for sale and purchase. - 按訂明的條款及條件買方可獲額外1%售價折扣優惠作 為「發展商聯盟折扣」優惠。 An extra 1% discount on the Price would be offered to the Purchaser as the “Developers Alliance Discount” Benefit on the prescribed terms and conditions. - 按訂明的條款及條件買方可獲額外3%售價折扣優惠作 為「盡覽維港 繁華在目」優惠。 An extra 3% discount on the Price would be offered to the Purchaser as the “Victoria Harbour Stunning Scenery” Benefit on the prescribed terms and conditions. - 按訂明的條款及條件買方可獲額外3%售價折扣優惠作 為「匯聚世界精彩」優惠。 An extra 3% discount on the Price would be offered to the Purchaser as the “Wonders from Seven Seas” Benefit on the prescribed terms and conditions. - 按訂明的條款及條件買方可獲額外3%售價折扣優惠作 為「盡享寰宇風情」優惠。 An extra 3% discount on the Price would be offered to the Purchaser as the “Embrace Global Elegance” Benefit on the prescribed terms and conditions.,
2026-04-22,2026-04-29,,第1座之 第1C座 Tower 1C of Tower 1,20,G,,14579000,,- 價單第1D號付款方法(A): 120天現金優惠付款計劃 (照 價單第 1D 號所述的售價減2%) Payment Term (A) of Price List No.1D: 120-day Cash Payment Plan (2% discount on Price mentioned in Price List No.1D) - 相等於成交金額 5%之臨時訂金於買方簽署臨時買賣合 約時繳付。 A preliminary deposit equivalent to 5% of Transaction Price shall be paid upon signing of the preliminary agreement for sale and purchase. - 成交金額5%即加付訂金於買方簽署臨時買賣合約後60 天內繳付。 5% of Transaction Price being further deposit shall be paid within 60 days after signing of the preliminary agreement for sale and purchase. - 成交金額 90%即成交金額餘款於買方簽署臨時買賣合 約後120天內繳付。 90% of Transaction Price being balance of Transaction Price shall be paid within 120 days after signing of the preliminary agreement for sale and purchase. - 按訂明的條款及條件買方可獲額外1%售價折扣優惠作 為「發展商聯盟折扣」優惠。 An extra 1% discount on the Price would be offered to the Purchaser as the “Developers Alliance Discount” Benefit on the prescribed terms and conditions. - 按訂明的條款及條件買方可獲額外3%售價折扣優惠作 為「盡覽維港 繁華在目」優惠。 An extra 3% discount on the Price would be offered to the Purchaser as the “Victoria Harbour Stunning Scenery” Benefit on the prescribed terms and conditions. - 按訂明的條款及條件買方可獲額外3%售價折扣優惠作 為「匯聚世界精彩」優惠。 An extra 3% discount on the Price would be offered to the Purchaser as the “Wonders from Seven Seas” Benefit on the prescribed terms and conditions. - 按訂明的條款及條件買方可獲額外3%售價折扣優惠作 為「盡享寰宇風情」優惠。 An extra 3% discount on the Price would be offered to the Purchaser as the “Embrace Global Elegance” Benefit on the prescribed terms and conditions.,
2026-04-22,2026-04-29,,第1座之 第1A座 Tower 1A of Tower 1,9,E,,10943000,,- 價單第1D號付款方法(A): 120天現金優惠付款計劃 (照 價單第 1D 號所述的售價減2%) Payment Term (A) of Price List No.1D: 120-day Cash Payment Plan (2% discount on Price mentioned in Price List No.1D) - 相等於成交金額 5%之臨時訂金於買方簽署臨時買賣合 約時繳付。 A preliminary deposit equivalent to 5% of Transaction Price shall be paid upon signing of the preliminary agreement for sale and purchase. - 成交金額5%即加付訂金於買方簽署臨時買賣合約後60 天內繳付。 5% of Transaction Price being further deposit shall be paid within 60 days after signing of the preliminary agreement for sale and purchase. - 成交金額 90%即成交金額餘款於買方簽署臨時買賣合 約後120天內繳付。 90% of Transaction Price being balance of Transaction Price shall be paid within 120 days after signing of the preliminary agreement for sale and purchase. - 按訂明的條款及條件買方可獲額外1%售價折扣優惠作 為「發展商聯盟折扣」優惠。 An extra 1% discount on the Price would be offered to the Purchaser as the “Developers Alliance Discount” Benefit on the prescribed terms and conditions. - 按訂明的條款及條件買方可獲額外3%售價折扣優惠作 為「盡覽維港 繁華在目」優惠。 An extra 3% discount on the Price would be offered to the Purchaser as the “Victoria Harbour Stunning Scenery” Benefit on the prescribed terms and conditions. - 按訂明的條款及條件買方可獲額外3%售價折扣優惠作 為「匯聚世界精彩」優惠。 An extra 3% discount on the Price would be offered to the Purchaser as the “Wonders from Seven Seas” Benefit on the prescribed terms and conditions. - 按訂明的條款及條件買方可獲額外3%售價折扣優惠作 為「盡享寰宇風情」優惠。 An extra 3% discount on the Price would be offered to the Purchaser as the “Embrace Global Elegance” Benefit on the prescribed terms and conditions.,
2026-04-22,2026-04-29,,第1座之 第1A座 Tower 1A of Tower 1,22,D,,11019000,,- 價單第1D號付款方法(A): 120天現金優惠付款計劃 (照 價單第 1D 號所述的售價減2%) Payment Term (A) of Price List No.1D: 120-day Cash Payment Plan (2% discount on Price mentioned in Price List No.1D) - 相等於成交金額 5%之臨時訂金於買方簽署臨時買賣合 約時繳付。 A preliminary deposit equivalent to 5% of Transaction Price shall be paid upon signing of the preliminary agreement for sale and purchase. - 成交金額5%即加付訂金於買方簽署臨時買賣合約後60 天內繳付。 5% of Transaction Price being further deposit shall be paid within 60 days after signing of the preliminary agreement for sale and purchase. - 成交金額 90%即成交金額餘款於買方簽署臨時買賣合 約後120天內繳付。 90% of Transaction Price being balance of Transaction Price shall be paid within 120 days after signing of the preliminary agreement for sale and purchase. - 按訂明的條款及條件買方可獲額外1%售價折扣優惠作 為「發展商聯盟折扣」優惠。 An extra 1% discount on the Price would be offered to the Purchaser as the “Developers Alliance Discount” Benefit on the prescribed terms and conditions. - 按訂明的條款及條件買方可獲額外3%售價折扣優惠作 為「盡覽維港 繁華在目」優惠。 An extra 3% discount on the Price would be offered to the Purchaser as the “Victoria Harbour Stunning Scenery” Benefit on the prescribed terms and conditions. - 按訂明的條款及條件買方可獲額外3%售價折扣優惠作 為「匯聚世界精彩」優惠。 An extra 3% discount on the Price would be offered to the Purchaser as the “Wonders from Seven Seas” Benefit on the prescribed terms and conditions. - 按訂明的條款及條件買方可獲額外3%售價折扣優惠作 為「盡享寰宇風情」優惠。 An extra 3% discount on the Price would be offered to the Purchaser as the “Embrace Global Elegance” Benefit on the prescribed terms and conditions.,
2026-04-23,2026-04-30,,第1座之 第1A座 Tower 1A of Tower 1,8,E,,10889000,,- 價單第1D號付款方法(A): 120天現金優惠付款計劃 (照 價單第 1D 號所述的售價減2%) Payment Term (A) of Price List No.1D: 120-day Cash Payment Plan (2% discount on Price mentioned in Price List No.1D) - 相等於成交金額 5%之臨時訂金於買方簽署臨時買賣合 約時繳付。 A preliminary deposit equivalent to 5% of Transaction Price shall be paid upon signing of the preliminary agreement for sale and purchase. - 成交金額5%即加付訂金於買方簽署臨時買賣合約後60 天內繳付。 5% of Transaction Price being further deposit shall be paid within 60 days after signing of the preliminary agreement for sale and purchase. - 成交金額 90%即成交金額餘款於買方簽署臨時買賣合 約後120天內繳付。 90% of Transaction Price being balance of Transaction Price shall be paid within 120 days after signing of the preliminary agreement for sale and purchase. - 按訂明的條款及條件買方可獲額外1%售價折扣優惠作 為「發展商聯盟折扣」優惠。 An extra 1% discount on the Price would be offered to the Purchaser as the “Developers Alliance Discount” Benefit on the prescribed terms and conditions. - 按訂明的條款及條件買方可獲額外3%售價折扣優惠作 為「盡覽維港 繁華在目」優惠。 An extra 3% discount on the Price would be offered to the Purchaser as the “Victoria Harbour Stunning Scenery” Benefit on the prescribed terms and conditions. - 按訂明的條款及條件買方可獲額外3%售價折扣優惠作 為「匯聚世界精彩」優惠。 An extra 3% discount on the Price would be offered to the Purchaser as the “Wonders from Seven Seas” Benefit on the prescribed terms and conditions. - 按訂明的條款及條件買方可獲額外3%售價折扣優惠作 為「盡享寰宇風情」優惠。 An extra 3% discount on the Price would be offered to the Purchaser as the “Embrace Global Elegance” Benefit on the prescribed terms and conditions.,
2026-04-23,2026-04-30,,第1座之 第1C座 Tower 1C of Tower 1,25,G,,14873000,,- 價單第1D號付款方法(A): 120天現金優惠付款計劃 (照 價單第 1D 號所述的售價減2%) Payment Term (A) of Price List No.1D: 120-day Cash Payment Plan (2% discount on Price mentioned in Price List No.1D) - 相等於成交金額 5%之臨時訂金於買方簽署臨時買賣合 約時繳付。 A preliminary deposit equivalent to 5% of Transaction Price shall be paid upon signing of the preliminary agreement for sale and purchase. - 成交金額5%即加付訂金於買方簽署臨時買賣合約後60 天內繳付。 5% of Transaction Price being further deposit shall be paid within 60 days after signing of the preliminary agreement for sale and purchase. - 成交金額 90%即成交金額餘款於買方簽署臨時買賣合 約後120天內繳付。 90% of Transaction Price being balance of Transaction Price shall be paid within 120 days after signing of the preliminary agreement for sale and purchase. - 按訂明的條款及條件買方可獲額外1%售價折扣優惠作 為「發展商聯盟折扣」優惠。 An extra 1% discount on the Price would be offered to the Purchaser as the “Developers Alliance Discount” Benefit on the prescribed terms and conditions. - 按訂明的條款及條件買方可獲額外3%售價折扣優惠作 為「盡覽維港 繁華在目」優惠。 An extra 3% discount on the Price would be offered to the Purchaser as the “Victoria Harbour Stunning Scenery” Benefit on the prescribed terms and conditions. - 按訂明的條款及條件買方可獲額外3%售價折扣優惠作 為「匯聚世界精彩」優惠。 An extra 3% discount on the Price would be offered to the Purchaser as the “Wonders from Seven Seas” Benefit on the prescribed terms and conditions. - 按訂明的條款及條件買方可獲額外3%售價折扣優惠作 為「盡享寰宇風情」優惠。 An extra 3% discount on the Price would be offered to the Purchaser as the “Embrace Global Elegance” Benefit on the prescribed terms and conditions.,
2026-04-23,2026-04-30,,第1座之 第1A座 Tower 1A of Tower 1,5,E,,10512000,,- 價單第1D號付款方法(A): 120天現金優惠付款計劃 (照 價單第 1D 號所述的售價減2%) Payment Term (A) of Price List No.1D: 120-day Cash Payment Plan (2% discount on Price mentioned in Price List No.1D) - 相等於成交金額 5%之臨時訂金於買方簽署臨時買賣合 約時繳付。 A preliminary deposit equivalent to 5% of Transaction Price shall be paid upon signing of the preliminary agreement for sale and purchase. - 成交金額5%即加付訂金於買方簽署臨時買賣合約後60 天內繳付。 5% of Transaction Price being further deposit shall be paid within 60 days after signing of the preliminary agreement for sale and purchase. - 成交金額 90%即成交金額餘款於買方簽署臨時買賣合 約後120天內繳付。 90% of Transaction Price being balance of Transaction Price shall be paid within 120 days after signing of the preliminary agreement for sale and purchase. - 按訂明的條款及條件買方可獲額外1%售價折扣優惠作 為「發展商聯盟折扣」優惠。 An extra 1% discount on the Price would be offered to the Purchaser as the “Developers Alliance Discount” Benefit on the prescribed terms and conditions. - 按訂明的條款及條件買方可獲額外3%售價折扣優惠作 為「盡覽維港 繁華在目」優惠。 An extra 3% discount on the Price would be offered to the Purchaser as the “Victoria Harbour Stunning Scenery” Benefit on the prescribed terms and conditions. - 按訂明的條款及條件買方可獲額外3%售價折扣優惠作 為「匯聚世界精彩」優惠。 An extra 3% discount on the Price would be offered to the Purchaser as the “Wonders from Seven Seas” Benefit on the prescribed terms and conditions. - 按訂明的條款及條件買方可獲額外3%售價折扣優惠作 為「盡享寰宇風情」優惠。 An extra 3% discount on the Price would be offered to the Purchaser as the “Embrace Global Elegance” Benefit on the prescribed terms and conditions.,
2026-04-24,2026-05-04,,第1座之 第1A座 Tower 1A of Tower 1,3,E,,10355000,,- 價單第1D號付款方法(A): 120天現金優惠付款計劃 (照 價單第 1D 號所述的售價減2%) Payment Term (A) of Price List No.1D: 120-day Cash Payment Plan (2% discount on Price mentioned in Price List No.1D) - 相等於成交金額 5%之臨時訂金於買方簽署臨時買賣合 約時繳付。 A preliminary deposit equivalent to 5% of Transaction Price shall be paid upon signing of the preliminary agreement for sale and purchase. - 成交金額5%即加付訂金於買方簽署臨時買賣合約後60 天內繳付。 5% of Transaction Price being further deposit shall be paid within 60 days after signing of the preliminary agreement for sale and purchase. - 成交金額 90%即成交金額餘款於買方簽署臨時買賣合 約後120天內繳付。 90% of Transaction Price being balance of Transaction Price shall be paid within 120 days after signing of the preliminary agreement for sale and purchase. - 按訂明的條款及條件買方可獲額外1%售價折扣優惠作 為「發展商聯盟折扣」優惠。 An extra 1% discount on the Price would be offered to the Purchaser as the “Developers Alliance Discount” Benefit on the prescribed terms and conditions. - 按訂明的條款及條件買方可獲額外3%售價折扣優惠作 為「盡覽維港 繁華在目」優惠。 An extra 3% discount on the Price would be offered to the Purchaser as the “Victoria Harbour Stunning Scenery” Benefit on the prescribed terms and conditions. - 按訂明的條款及條件買方可獲額外3%售價折扣優惠作 為「匯聚世界精彩」優惠。 An extra 3% discount on the Price would be offered to the Purchaser as the “Wonders from Seven Seas” Benefit on the prescribed terms and conditions. - 按訂明的條款及條件買方可獲額外3%售價折扣優惠作 為「盡享寰宇風情」優惠。 An extra 3% discount on the Price would be offered to the Purchaser as the “Embrace Global Elegance” Benefit on the prescribed terms and conditions.,
2026-04-24,2026-05-04,,第1座之 第1A座 Tower 1A of Tower 1,2,E,,10199000,,- 價單第1D號付款方法(A): 120天現金優惠付款計劃 (照 價單第 1D 號所述的售價減2%) Payment Term (A) of Price List No.1D: 120-day Cash Payment Plan (2% discount on Price mentioned in Price List No.1D) - 相等於成交金額 5%之臨時訂金於買方簽署臨時買賣合 約時繳付。 A preliminary deposit equivalent to 5% of Transaction Price shall be paid upon signing of the preliminary agreement for sale and purchase. - 成交金額5%即加付訂金於買方簽署臨時買賣合約後60 天內繳付。 5% of Transaction Price being further deposit shall be paid within 60 days after signing of the preliminary agreement for sale and purchase. - 成交金額 90%即成交金額餘款於買方簽署臨時買賣合 約後120天內繳付。 90% of Transaction Price being balance of Transaction Price shall be paid within 120 days after signing of the preliminary agreement for sale and purchase. - 按訂明的條款及條件買方可獲額外1%售價折扣優惠作 為「發展商聯盟折扣」優惠。 An extra 1% discount on the Price would be offered to the Purchaser as the “Developers Alliance Discount” Benefit on the prescribed terms and conditions. - 按訂明的條款及條件買方可獲額外3%售價折扣優惠作 為「盡覽維港 繁華在目」優惠。 An extra 3% discount on the Price would be offered to the Purchaser as the “Victoria Harbour Stunning Scenery” Benefit on the prescribed terms and conditions. - 按訂明的條款及條件買方可獲額外3%售價折扣優惠作 為「匯聚世界精彩」優惠。 An extra 3% discount on the Price would be offered to the Purchaser as the “Wonders from Seven Seas” Benefit on the prescribed terms and conditions. - 按訂明的條款及條件買方可獲額外3%售價折扣優惠作 為「盡享寰宇風情」優惠。 An extra 3% discount on the Price would be offered to the Purchaser as the “Embrace Global Elegance” Benefit on the prescribed terms and conditions.,
2026-04-25,2026-05-04,,第1座之 第1C座 Tower 1C of Tower 1,18,G,,14433000,,- 價單第1D號付款方法(A): 120天現金優惠付款計劃 (照 價單第 1D 號所述的售價減2%) Payment Term (A) of Price List No.1D: 120-day Cash Payment Plan (2% discount on Price mentioned in Price List No.1D) - 相等於成交金額 5%之臨時訂金於買方簽署臨時買賣合 約時繳付。 A preliminary deposit equivalent to 5% of Transaction Price shall be paid upon signing of the preliminary agreement for sale and purchase. - 成交金額5%即加付訂金於買方簽署臨時買賣合約後60 天內繳付。 5% of Transaction Price being further deposit shall be paid within 60 days after signing of the preliminary agreement for sale and purchase. - 成交金額 90%即成交金額餘款於買方簽署臨時買賣合 約後120天內繳付。 90% of Transaction Price being balance of Transaction Price shall be paid within 120 days after signing of the preliminary agreement for sale and purchase. - 按訂明的條款及條件買方可獲額外1%售價折扣優惠作 為「發展商聯盟折扣」優惠。 An extra 1% discount on the Price would be offered to the Purchaser as the “Developers Alliance Discount” Benefit on the prescribed terms and conditions. - 按訂明的條款及條件買方可獲額外3%售價折扣優惠作 為「盡覽維港 繁華在目」優惠。 An extra 3% discount on the Price would be offered to the Purchaser as the “Victoria Harbour Stunning Scenery” Benefit on the prescribed terms and conditions. - 按訂明的條款及條件買方可獲額外3%售價折扣優惠作 為「匯聚世界精彩」優惠。 An extra 3% discount on the Price would be offered to the Purchaser as the “Wonders from Seven Seas” Benefit on the prescribed terms and conditions. - 按訂明的條款及條件買方可獲額外3%售價折扣優惠作 為「盡享寰宇風情」優惠。 An extra 3% discount on the Price would be offered to the Purchaser as the “Embrace Global Elegance” Benefit on the prescribed terms and conditions.,
2026-04-28,2026-05-06,,第1座之 第1A座 Tower 1A of Tower 1,19,E,,11673000,,- 招標表格付款方法 (A): 120天現金優惠付款計劃 Payment Term (A) of Form of Tender: 120-day Cash Payment Plan - 相等於售價5%之臨時訂金於簽署臨時合約時繳付。 A preliminary deposit equivalent to 5% of Purchase Price shall be paid upon signing of the Preliminary Agreement. - 售價5%即加付訂金於簽署臨時合約後60天內繳付。 5% of Purchase Price being further deposit shall be paid within 60 days after signing of the Preliminary Agreement. - 售價90%即售價餘款於簽署臨時合約後120天內繳付。 90% of Purchase Price being balance of Purchase Price shall be paid within 120 days after signing of the Preliminary Agreement.,
2026-04-28,2026-05-06,,第1座之 第1A座 Tower 1A of Tower 1,18,E,,11615000,,- 招標表格付款方法 (A): 120天現金優惠付款計劃 Payment Term (A) of Form of Tender: 120-day Cash Payment Plan - 相等於售價5%之臨時訂金於簽署臨時合約時繳付。 A preliminary deposit equivalent to 5% of Purchase Price shall be paid upon signing of the Preliminary Agreement. - 售價5%即加付訂金於簽署臨時合約後60天內繳付。 5% of Purchase Price being further deposit shall be paid within 60 days after signing of the Preliminary Agreement. - 售價90%即售價餘款於簽署臨時合約後120天內繳付。 90% of Purchase Price being balance of Purchase Price shall be paid within 120 days after signing of the Preliminary Agreement.,
2026-04-29,2026-05-07,,第1座之 第1A座 Tower 1A of Tower 1,28,D,,11576000,,- 招標表格付款方法 (A): 120天現金優惠付款計劃 Payment Term (A) of Form of Tender: 120-day Cash Payment Plan - 相等於售價5%之臨時訂金於簽署臨時合約時繳付。 A preliminary deposit equivalent to 5% of Purchase Price shall be paid upon signing of the Preliminary Agreement. - 售價5%即加付訂金於簽署臨時合約後60天內繳付。 5% of Purchase Price being further deposit shall be paid within 60 days after signing of the Preliminary Agreement. - 售價90%即售價餘款於簽署臨時合約後120天內繳付。 90% of Purchase Price being balance of Purchase Price shall be paid within 120 days after signing of the Preliminary Agreement.,
2026-04-30,2026-05-08,,第1座之 第1A座 Tower 1A of Tower 1,25,E,,12476000,,"- 招標表格付款方法 (C):270天靈活現金優惠付款計劃 Payment Term (C) of Form of Tender: 270-Day Flexible Cash Payment Plan - 相等於售價5%之臨時訂金於簽署臨時合約時繳付。 A preliminary deposit equivalent to 5% of Purchase Price shall be paid upon signing of the Preliminary Agreement. - 售價5%即加付訂金於簽署臨時合約後60天內繳付。 5% of Purchase Price being further deposit shall be paid within 60 days after signing of the Preliminary Agreement. - 售價90%即售價餘款於簽署臨時合約後270天內繳付。 90% of Purchase Price being balance of Purchase Price shall be paid within 270 days after signing of the Preliminary Agreement. - 在符合訂明的條款及條件下買家可獲「提前成交現金回贈優 惠」，見備註8(d)。 “Early Completion Cash Rebate Benefit” would be offered to the Purchaser subject to the prescribed terms and conditions, see remarks 8(d).",
2026-05-02,2026-05-08,,第1座之 第1C座 Tower 1C of Tower 1,21,G,,14939000,,- 招標表格付款方法 (A): 120天現金優惠付款計劃 Payment Term (A) of Form of Tender: 120-day Cash Payment Plan - 相等於售價5%之臨時訂金於簽署臨時合約時繳付。 A preliminary deposit equivalent to 5% of Purchase Price shall be paid upon signing of the Preliminary Agreement. - 售價5%即加付訂金於簽署臨時合約後60天內繳付。 5% of Purchase Price being further deposit shall be paid within 60 days after signing of the Preliminary Agreement. - 售價90%即售價餘款於簽署臨時合約後120天內繳付。 90% of Purchase Price being balance of Purchase Price shall be paid within 120 days after signing of the Preliminary Agreement.,
2026-05-05,2026-05-12,,第1座之 第1A座 Tower 1A of Tower 1,28,C,,8285000,,- 價單第1E號付款方法(A): 120天現金優惠付款計劃 (照 價單第 1E 號所述的售價減2%) Payment Term (A) of Price List No.1E: 120-day Cash Payment Plan (2% discount on Price mentioned in Price List No.1E) - 相等於成交金額 5%之臨時訂金於買方簽署臨時買賣合 約時繳付。 A preliminary deposit equivalent to 5% of Transaction Price shall be paid upon signing of the preliminary agreement for sale and purchase. - 成交金額5%即加付訂金於買方簽署臨時買賣合約後60 天內繳付。 5% of Transaction Price being further deposit shall be paid within 60 days after signing of the preliminary agreement for sale and purchase. - 成交金額 90%即成交金額餘款於買方簽署臨時買賣合 約後120天內繳付。 90% of Transaction Price being balance of Transaction Price shall be paid within 120 days after signing of the preliminary agreement for sale and purchase. - 按訂明的條款及條件買方可獲額外1%售價折扣優惠作 為「發展商聯盟折扣」優惠。 An extra 1% discount on the Price would be offered to the Purchaser as the “Developers Alliance Discount” Benefit on the prescribed terms and conditions. - 按訂明的條款及條件買方可獲額外3%售價折扣優惠作 為「盡覽維港 繁華在目」優惠。 An extra 3% discount on the Price would be offered to the Purchaser as the “Victoria Harbour Stunning Scenery” Benefit on the prescribed terms and conditions. - 按訂明的條款及條件買方可獲額外3%售價折扣優惠作 為「匯聚世界精彩」優惠。 An extra 3% discount on the Price would be offered to the Purchaser as the “Wonders from Seven Seas” Benefit on the prescribed terms and conditions. - 按訂明的條款及條件買方可獲額外3%售價折扣優惠作 為「盡享寰宇風情」優惠。 An extra 3% discount on the Price would be offered to the Purchaser as the “Embrace Global Elegance” Benefit on the prescribed terms and conditions.,
2026-05-09,2026-05-15,,第1座之 第1C座 Tower 1C of Tower 1,22,G,,15014000,,- 招標表格付款方法 (A): 120天現金優惠付款計劃 Payment Term (A) of Form of Tender: 120-day Cash Payment Plan - 相等於售價5%之臨時訂金於簽署臨時合約時繳付。 A preliminary deposit equivalent to 5% of Purchase Price shall be paid upon signing of the Preliminary Agreement. - 售價5%即加付訂金於簽署臨時合約後60天內繳付。 5% of Purchase Price being further deposit shall be paid within 60 days after signing of the Preliminary Agreement. - 售價90%即售價餘款於簽署臨時合約後120天內繳付。 90% of Purchase Price being balance of Purchase Price shall be paid within 120 days after signing of the Preliminary Agreement.,
2026-05-09,2026-05-15,,第1座之 第1A座 Tower 1A of Tower 1,30,B,167,37305000,,"- 招標表格付款方法 (C):270天靈活現金優惠付款計劃 Payment Term (C) of Form of Tender: 270-Day Flexible Cash Payment Plan - 相等於售價5%之臨時訂金於簽署臨時合約時繳付。 A preliminary deposit equivalent to 5% of Purchase Price shall be paid upon signing of the Preliminary Agreement. - 售價5%即加付訂金於簽署臨時合約後60天內繳付。 5% of Purchase Price being further deposit shall be paid within 60 days after signing of the Preliminary Agreement. - 售價90%即售價餘款於簽署臨時合約後270天內繳付。 90% of Purchase Price being balance of Purchase Price shall be paid within 270 days after signing of the Preliminary Agreement. - 在符合訂明的條款及條件下買家可獲「提前成交現金回贈優 惠」，見備註8(d)。 “Early Completion Cash Rebate Benefit” would be offered to the Purchaser subject to the prescribed terms and conditions, see remarks 8(d).",
2026-05-09,2026-05-15,,第1座之 第1B座 Tower 1B of Tower 1,25,B,,12506000,,- 招標表格付款方法 (A): 120天現金優惠付款計劃 Payment Term (A) of Form of Tender: 120-day Cash Payment Plan - 相等於售價5%之臨時訂金於簽署臨時合約時繳付。 A preliminary deposit equivalent to 5% of Purchase Price shall be paid upon signing of the Preliminary Agreement. - 售價5%即加付訂金於簽署臨時合約後60天內繳付。 5% of Purchase Price being further deposit shall be paid within 60 days after signing of the Preliminary Agreement. - 售價90%即售價餘款於簽署臨時合約後120天內繳付。 90% of Purchase Price being balance of Purchase Price shall be paid within 120 days after signing of the Preliminary Agreement.,
2026-05-14,2026-05-21,,第1座之 第1C座 Tower 1C of Tower 1,23,G,,15379000,,- 招標表格付款方法 (A): 120天現金優惠付款計劃 Payment Term (A) of Form of Tender: 120-day Cash Payment Plan - 相等於售價5%之臨時訂金於簽署臨時合約時繳付。 A preliminary deposit equivalent to 5% of Purchase Price shall be paid upon signing of the Preliminary Agreement. - 售價5%即加付訂金於簽署臨時合約後60天內繳付。 5% of Purchase Price being further deposit shall be paid within 60 days after signing of the Preliminary Agreement. - 售價90%即售價餘款於簽署臨時合約後120天內繳付。 90% of Purchase Price being balance of Purchase Price shall be paid within 120 days after signing of the Preliminary Agreement.,
2026-05-26,2026-06-02,,第1座之 第1A座 Tower 1A of Tower 1,29,D,,11691000,,- 招標表格付款方法 (A): 120天現金優惠付款計劃 Payment Term (A) of Form of Tender: 120-day Cash Payment Plan - 相等於售價5%之臨時訂金於簽署臨時合約時繳付。 A preliminary deposit equivalent to 5% of Purchase Price shall be paid upon signing of the Preliminary Agreement. - 售價5%即加付訂金於簽署臨時合約後60天內繳付。 5% of Purchase Price being further deposit shall be paid within 60 days after signing of the Preliminary Agreement. - 售價90%即售價餘款於簽署臨時合約後120天內繳付。 90% of Purchase Price being balance of Purchase Price shall be paid within 120 days after signing of the Preliminary Agreement.,
2026-05-28,2026-06-04,,第1座之 第1C座 Tower 1C of Tower 1,26,G,,15534000,,- 招標表格付款方法 (A): 120天現金優惠付款計劃 Payment Term (A) of Form of Tender: 120-day Cash Payment Plan - 相等於售價5%之臨時訂金於簽署臨時合約時繳付。 A preliminary deposit equivalent to 5% of Purchase Price shall be paid upon signing of the Preliminary Agreement. - 售價5%即加付訂金於簽署臨時合約後60天內繳付。 5% of Purchase Price being further deposit shall be paid within 60 days after signing of the Preliminary Agreement. - 售價90%即售價餘款於簽署臨時合約後120天內繳付。 90% of Purchase Price being balance of Purchase Price shall be paid within 120 days after signing of the Preliminary Agreement.,
2026-05-30,2026-06-05,,第1座之 第1A座 Tower 1A of Tower 1,28,A,178,40337000,,- 招標表格付款方法 (A): 120天現金優惠付款計劃 Payment Term (A) of Form of Tender: 120-day Cash Payment Plan - 相等於售價5%之臨時訂金於簽署臨時合約時繳付。 A preliminary deposit equivalent to 5% of Purchase Price shall be paid upon signing of the Preliminary Agreement. - 售價5%即加付訂金於簽署臨時合約後60天內繳付。 5% of Purchase Price being further deposit shall be paid within 60 days after signing of the Preliminary Agreement. - 售價90%即售價餘款於簽署臨時合約後120天內繳付。 90% of Purchase Price being balance of Purchase Price shall be paid within 120 days after signing of the Preliminary Agreement.,
2026-05-30,2026-06-05,,第1座之 第1A座 Tower 1A of Tower 1,28,B,252,38673000,,- 招標表格付款方法 (A): 120天現金優惠付款計劃 Payment Term (A) of Form of Tender: 120-day Cash Payment Plan - 相等於售價5%之臨時訂金於簽署臨時合約時繳付。 A preliminary deposit equivalent to 5% of Purchase Price shall be paid upon signing of the Preliminary Agreement. - 售價5%即加付訂金於簽署臨時合約後60天內繳付。 5% of Purchase Price being further deposit shall be paid within 60 days after signing of the Preliminary Agreement. - 售價90%即售價餘款於簽署臨時合約後120天內繳付。 90% of Purchase Price being balance of Purchase Price shall be paid within 120 days after signing of the Preliminary Agreement.,
2026-06-04,2026-06-11,,第1座之 第1A座 Tower 1A of Tower 1,26,E,,12259000,,- 招標表格付款方法 (A): 120天現金優惠付款計劃 Payment Term (A) of Form of Tender: 120-day Cash Payment Plan - 相等於售價5%之臨時訂金於簽署臨時合約時繳付。 A preliminary deposit equivalent to 5% of Purchase Price shall be paid upon signing of the Preliminary Agreement. - 售價5%即加付訂金於簽署臨時合約後60天內繳付。 5% of Purchase Price being further deposit shall be paid within 60 days after signing of the Preliminary Agreement. - 售價90%即售價餘款於簽署臨時合約後120天內繳付。 90% of Purchase Price being balance of Purchase Price shall be paid within 120 days after signing of the Preliminary Agreement.,
2026-06-04,2026-06-11,,第1座之 第1A座 Tower 1A of Tower 1,31,D,,11926000,,- 招標表格付款方法 (A): 120天現金優惠付款計劃 Payment Term (A) of Form of Tender: 120-day Cash Payment Plan - 相等於售價5%之臨時訂金於簽署臨時合約時繳付。 A preliminary deposit equivalent to 5% of Purchase Price shall be paid upon signing of the Preliminary Agreement. - 售價5%即加付訂金於簽署臨時合約後60天內繳付。 5% of Purchase Price being further deposit shall be paid within 60 days after signing of the Preliminary Agreement. - 售價90%即售價餘款於簽署臨時合約後120天內繳付。 90% of Purchase Price being balance of Purchase Price shall be paid within 120 days after signing of the Preliminary Agreement.,
2026-06-08,2026-06-15,,第1座之 第1B座 Tower 1B of Tower 1,7,A,,14516000,,- 招標表格付款方法 (A): 120天現金優惠付款計劃 Payment Term (A) of Form of Tender: 120-day Cash Payment Plan - 相等於售價5%之臨時訂金於簽署臨時合約時繳付。 A preliminary deposit equivalent to 5% of Purchase Price shall be paid upon signing of the Preliminary Agreement. - 售價5%即加付訂金於簽署臨時合約後60天內繳付。 5% of Purchase Price being further deposit shall be paid within 60 days after signing of the Preliminary Agreement. - 售價90%即售價餘款於簽署臨時合約後120天內繳付。 90% of Purchase Price being balance of Purchase Price shall be paid within 120 days after signing of the Preliminary Agreement.,
2026-06-12,2026-06-22,,第1座之 第1B座 Tower 1B of Tower 1,16,A,,15187000,,- 招標表格付款方法 (A): 120天現金優惠付款計劃 Payment Term (A) of Form of Tender: 120-day Cash Payment Plan - 相等於售價5%之臨時訂金於簽署臨時合約時繳付。 A preliminary deposit equivalent to 5% of Purchase Price shall be paid upon signing of the Preliminary Agreement. - 售價5%即加付訂金於簽署臨時合約後60天內繳付。 5% of Purchase Price being further deposit shall be paid within 60 days after signing of the Preliminary Agreement. - 售價90%即售價餘款於簽署臨時合約後120天內繳付。 90% of Purchase Price being balance of Purchase Price shall be paid within 120 days after signing of the Preliminary Agreement.,
2026-06-21,2026-06-26,,第1座之 第1B座 Tower 1B of Tower 1,15,A,,15112000,,- 招標表格付款方法 (A): 120天現金優惠付款計劃 Payment Term (A) of Form of Tender: 120-day Cash Payment Plan - 相等於售價5%之臨時訂金於簽署臨時合約時繳付。 A preliminary deposit equivalent to 5% of Purchase Price shall be paid upon signing of the Preliminary Agreement. - 售價5%即加付訂金於簽署臨時合約後60天內繳付。 5% of Purchase Price being further deposit shall be paid within 60 days after signing of the Preliminary Agreement. - 售價90%即售價餘款於簽署臨時合約後120天內繳付。 90% of Purchase Price being balance of Purchase Price shall be paid within 120 days after signing of the Preliminary Agreement.,
2026-06-22,2026-06-29,,第1座之 第1B座 Tower 1B of Tower 1,8,A,,14738000,,- 招標表格付款方法 (A): 120天現金優惠付款計劃 Payment Term (A) of Form of Tender: 120-day Cash Payment Plan - 相等於售價5%之臨時訂金於簽署臨時合約時繳付。 A preliminary deposit equivalent to 5% of Purchase Price shall be paid upon signing of the Preliminary Agreement. - 售價5%即加付訂金於簽署臨時合約後60天內繳付。 5% of Purchase Price being further deposit shall be paid within 60 days after signing of the Preliminary Agreement. - 售價90%即售價餘款於簽署臨時合約後120天內繳付。 - 90% of Purchase Price being balance of Purchase Price shall be paid within 120 days after signing of the Preliminary Agreement.,
2026-06-22,2026-06-29,,第1座之 第1A座 Tower 1A of Tower 1,29,C,,8368000,,- 價單第1E號付款方法(A): 120天現金優惠付款計劃 (照 價單第 1E 號所述的售價減2%) Payment Term (A) of Price List No.1E: 120-day Cash Payment Plan (2% discount on Price mentioned in Price List No.1E) - 相等於成交金額 5%之臨時訂金於買方簽署臨時買賣合 約時繳付。 A preliminary deposit equivalent to 5% of Transaction Price shall be paid upon signing of the preliminary agreement for sale and purchase. - 成交金額5%即加付訂金於買方簽署臨時買賣合約後60 天內繳付。 5% of Transaction Price being further deposit shall be paid within 60 days after signing of the preliminary agreement for sale and purchase. - 成交金額 90%即成交金額餘款於買方簽署臨時買賣合 約後120天內繳付。 90% of Transaction Price being balance of Transaction Price shall be paid within 120 days after signing of the preliminary agreement for sale and purchase. - 按訂明的條款及條件買方可獲額外1%售價折扣優惠作 為「發展商聯盟折扣」優惠。 An extra 1% discount on the Price would be offered to the Purchaser as the “Developers Alliance Discount” Benefit on the prescribed terms and conditions. - 按訂明的條款及條件買方可獲額外3%售價折扣優惠作 為「盡覽維港 繁華在目」優惠。 An extra 3% discount on the Price would be offered to the Purchaser as the “Victoria Harbour Stunning Scenery” Benefit on the prescribed terms and conditions. - 按訂明的條款及條件買方可獲額外3%售價折扣優惠作 為「匯聚世界精彩」優惠。 An extra 3% discount on the Price would be offered to the Purchaser as the “Wonders from Seven Seas” Benefit on the prescribed terms and conditions. - 按訂明的條款及條件買方可獲額外3%售價折扣優惠作 為「盡享寰宇風情」優惠。 An extra 3% discount on the Price would be offered to the Purchaser as the “Embrace Global Elegance” Benefit on the prescribed terms and conditions.,
2026-06-25,2026-07-03,,第1座之 第1B座 Tower 1B of Tower 1,21,A,,15651000,,- 招標表格付款方法 (A): 120天現金優惠付款計劃 Payment Term (A) of Form of Tender: 120-day Cash Payment Plan - 相等於售價5%之臨時訂金於簽署臨時合約時繳付。 A preliminary deposit equivalent to 5% of Purchase Price shall be paid upon signing of the Preliminary Agreement. - 售價5%即加付訂金於簽署臨時合約後60天內繳付。 5% of Purchase Price being further deposit shall be paid within 60 days after signing of the Preliminary Agreement. - 售價90%即售價餘款於簽署臨時合約後120天內繳付。 90% of Purchase Price being balance of Purchase Price shall be paid within 120 days after signing of the Preliminary Agreement.,
2026-06-29,2026-07-07,,第1座之 第1A座 Tower 1A of Tower 1,29,E,,12805000,,- 招標表格付款方法 (A): 120天現金優惠付款計劃 Payment Term (A) of Form of Tender: 120-day Cash Payment Plan - 相等於售價5%之臨時訂金於簽署臨時合約時繳付。 A preliminary deposit equivalent to 5% of Purchase Price shall be paid upon signing of the Preliminary Agreement. - 售價5%即加付訂金於簽署臨時合約後60天內繳付。 5% of Purchase Price being further deposit shall be paid within 60 days after signing of the Preliminary Agreement. - 售價90%即售價餘款於簽署臨時合約後120天內繳付。 90% of Purchase Price being balance of Purchase Price shall be paid within 120 days after signing of the Preliminary Agreement.,
2026-07-01,2026-07-08,,第1座之 第1A座 Tower 1A of Tower 1,30,C,,8452000,,- 價單第1E號付款方法(A): 120天現金優惠付款計劃 (照 價單第 1E 號所述的售價減2%) Payment Term (A) of Price List No.1E: 120-day Cash Payment Plan (2% discount on Price mentioned in Price List No.1E) - 相等於成交金額 5%之臨時訂金於買方簽署臨時買賣合 約時繳付。 A preliminary deposit equivalent to 5% of Transaction Price shall be paid upon signing of the preliminary agreement for sale and purchase. - 成交金額5%即加付訂金於買方簽署臨時買賣合約後60 天內繳付。 5% of Transaction Price being further deposit shall be paid within 60 days after signing of the preliminary agreement for sale and purchase. - 成交金額 90%即成交金額餘款於買方簽署臨時買賣合 約後120天內繳付。 90% of Transaction Price being balance of Transaction Price shall be paid within 120 days after signing of the preliminary agreement for sale and purchase. - 按訂明的條款及條件買方可獲額外1%售價折扣優惠作 為「發展商聯盟折扣」優惠。 An extra 1% discount on the Price would be offered to the Purchaser as the “Developers Alliance Discount” Benefit on the prescribed terms and conditions. - 按訂明的條款及條件買方可獲額外3%售價折扣優惠作 為「盡覽維港 繁華在目」優惠。 An extra 3% discount on the Price would be offered to the Purchaser as the “Victoria Harbour Stunning Scenery” Benefit on the prescribed terms and conditions. - 按訂明的條款及條件買方可獲額外3%售價折扣優惠作 為「匯聚世界精彩」優惠。 An extra 3% discount on the Price would be offered to the Purchaser as the “Wonders from Seven Seas” Benefit on the prescribed terms and conditions. - 按訂明的條款及條件買方可獲額外3%售價折扣優惠作 為「盡享寰宇風情」優惠。 An extra 3% discount on the Price would be offered to the Purchaser as the “Embrace Global Elegance” Benefit on the prescribed terms and conditions.,
2026-07-10,2026-07-17,,第1座之 第1C座 Tower 1C of Tower 1,27,G,,15906000,,- 招標表格付款方法 (A): 120天現金優惠付款計劃 Payment Term (A) of Form of Tender: 120-day Cash Payment Plan - 相等於售價5%之臨時訂金於簽署臨時合約時繳付。 A preliminary deposit equivalent to 5% of Purchase Price shall be paid upon signing of the Preliminary Agreement. - 售價5%即加付訂金於簽署臨時合約後60天內繳付。 5% of Purchase Price being further deposit shall be paid within 60 days after signing of the Preliminary Agreement. - 售價90%即售價餘款於簽署臨時合約後120天內繳付。 90% of Purchase Price being balance of Purchase Price shall be paid within 120 days after signing of the Preliminary Agreement.,
2026-07-27,2026-08-03,,第1座之 第1B座 Tower 1B of Tower 1,5,A,,14228000,,- 招標表格付款方法 (A): 120天現金優惠付款計劃 Payment Term (A) of Form of Tender: 120-day Cash Payment Plan - 相等於售價5%之臨時訂金於簽署臨時合約時繳付。 A preliminary deposit equivalent to 5% of Purchase Price shall be paid upon signing of the Preliminary Agreement. - 售價5%即加付訂金於簽署臨時合約後60天內繳付。 5% of Purchase Price being further deposit shall be paid within 60 days after signing of the Preliminary Agreement. - 售價90%即售價餘款於簽署臨時合約後120天內繳付。 90% of Purchase Price being balance of Purchase Price shall be paid within 120 days after signing of the Preliminary Agreement.,
2026-07-30,2026-08-06,,第1座之 第1B座 Tower 1B of Tower 1,10,A,,14886000,,- 招標表格付款方法 (A): 120天現金優惠付款計劃 Payment Term (A) of Form of Tender: 120-day Cash Payment Plan - 相等於售價5%之臨時訂金於簽署臨時合約時繳付。 A preliminary deposit equivalent to 5% of Purchase Price shall be paid upon signing of the Preliminary Agreement. - 售價5%即加付訂金於簽署臨時合約後60天內繳付。 5% of Purchase Price being further deposit shall be paid within 60 days after signing of the Preliminary Agreement. - 售價90%即售價餘款於簽署臨時合約後120天內繳付。 90% of Purchase Price being balance of Purchase Price shall be paid within 120 days after signing of the Preliminary Agreement.,
2026-08-02,2026-08-07,,第1座之 第1B座 Tower 1B of Tower 1,3,A,,14014000,,- 招標表格付款方法 (A): 120天現金優惠付款計劃 Payment Term (A) of Form of Tender: 120-day Cash Payment Plan - 相等於售價5%之臨時訂金於簽署臨時合約時繳付。 A preliminary deposit equivalent to 5% of Purchase Price shall be paid upon signing of the Preliminary Agreement. - 售價5%即加付訂金於簽署臨時合約後60天內繳付。 5% of Purchase Price being further deposit shall be paid within 60 days after signing of the Preliminary Agreement. - 售價90%即售價餘款於簽署臨時合約後120天內繳付。 90% of Purchase Price being balance of Purchase Price shall be paid within 120 days after signing of the Preliminary Agreement.,
2026-08-23,2026-08-28,,第1座之 第1B座 Tower 1B of Tower 1,11,A,,14960000,,- 招標表格付款方法 (A): 120天現金優惠付款計劃 Payment Term (A) of Form of Tender: 120-day Cash Payment Plan - 相等於售價5%之臨時訂金於簽署臨時合約時繳付。 A preliminary deposit equivalent to 5% of Purchase Price shall be paid upon signing of the Preliminary Agreement. - 售價5%即加付訂金於簽署臨時合約後60天內繳付。 5% of Purchase Price being further deposit shall be paid within 60 days after signing of the Preliminary Agreement. - 售價90%即售價餘款於簽署臨時合約後120天內繳付。 90% of Purchase Price being balance of Purchase Price shall be paid within 120 days after signing of the Preliminary Agreement.,
2026-08-25,2026-09-01,,第1座之 第1B座 Tower 1B of Tower 1,9,A,,14812000,,- 招標表格付款方法 (A): 120天現金優惠付款計劃 Payment Term (A) of Form of Tender: 120-day Cash Payment Plan - 相等於售價5%之臨時訂金於簽署臨時合約時繳付。 A preliminary deposit equivalent to 5% of Purchase Price shall be paid upon signing of the Preliminary Agreement. - 售價5%即加付訂金於簽署臨時合約後60天內繳付。 5% of Purchase Price being further deposit shall be paid within 60 days after signing of the Preliminary Agreement. - 售價90%即售價餘款於簽署臨時合約後120天內繳付。 90% of Purchase Price being balance of Purchase Price shall be paid within 120 days after signing of the Preliminary Agreement.,
2026-09-04,2026-09-11,,第1座之 第1C座 Tower 1C of Tower 1,12,A,,12878000,,- 招標表格付款方法 (A): 120天現金優惠付款計劃 Payment Term (A) of Form of Tender: 120-day Cash Payment Plan - 相等於售價5%之臨時訂金於簽署臨時合約時繳付。 A preliminary deposit equivalent to 5% of Purchase Price shall be paid upon signing of the Preliminary Agreement. - 售價5%即加付訂金於簽署臨時合約後60天內繳付。 5% of Purchase Price being further deposit shall be paid within 60 days after signing of the Preliminary Agreement. - 售價90%即售價餘款於簽署臨時合約後120天內繳付。 90% of Purchase Price being balance of Purchase Price shall be paid within 120 days after signing of the Preliminary Agreement.,
2026-09-04,2026-09-11,,第1座之 第1C座 Tower 1C of Tower 1,5,B,,13678000,,- 招標表格付款方法 (A): 120天現金優惠付款計劃 Payment Term (A) of Form of Tender: 120-day Cash Payment Plan - 相等於售價5%之臨時訂金於簽署臨時合約時繳付。 A preliminary deposit equivalent to 5% of Purchase Price shall be paid upon signing of the Preliminary Agreement. - 售價5%即加付訂金於簽署臨時合約後60天內繳付。 5% of Purchase Price being further deposit shall be paid within 60 days after signing of the Preliminary Agreement. - 售價90%即售價餘款於簽署臨時合約後120天內繳付。 90% of Purchase Price being balance of Purchase Price shall be paid within 120 days after signing of the Preliminary Agreement.,
2026-09-04,2026-09-11,,第1座之 第1C座 Tower 1C of Tower 1,6,B,,13815000,,- 招標表格付款方法 (A): 120天現金優惠付款計劃 Payment Term (A) of Form of Tender: 120-day Cash Payment Plan - 相等於售價5%之臨時訂金於簽署臨時合約時繳付。 A preliminary deposit equivalent to 5% of Purchase Price shall be paid upon signing of the Preliminary Agreement. - 售價5%即加付訂金於簽署臨時合約後60天內繳付。 5% of Purchase Price being further deposit shall be paid within 60 days after signing of the Preliminary Agreement. - 售價90%即售價餘款於簽署臨時合約後120天內繳付。 - 90% of Purchase Price being balance of Purchase Price shall be paid within 120 days after signing of the Preliminary Agreement.,
2026-09-05,2026-09-11,,第1座之 第1C座 Tower 1C of Tower 1,12,B,,14455000,,- 招標表格付款方法 (A): 120天現金優惠付款計劃 Payment Term (A) of Form of Tender: 120-day Cash Payment Plan - 相等於售價5%之臨時訂金於簽署臨時合約時繳付。 A preliminary deposit equivalent to 5% of Purchase Price shall be paid upon signing of the Preliminary Agreement. - 售價5%即加付訂金於簽署臨時合約後60天內繳付。 5% of Purchase Price being further deposit shall be paid within 60 days after signing of the Preliminary Agreement. - 售價90%即售價餘款於簽署臨時合約後120天內繳付。 90% of Purchase Price being balance of Purchase Price shall be paid within 120 days after signing of the Preliminary Agreement.,
2026-09-05,2026-09-11,,第1座之 第1C座 Tower 1C of Tower 1,15,B,,14528000,,- 招標表格付款方法 (A): 120天現金優惠付款計劃 Payment Term (A) of Form of Tender: 120-day Cash Payment Plan - 相等於售價5%之臨時訂金於簽署臨時合約時繳付。 A preliminary deposit equivalent to 5% of Purchase Price shall be paid upon signing of the Preliminary Agreement. - 售價5%即加付訂金於簽署臨時合約後60天內繳付。 5% of Purchase Price being further deposit shall be paid within 60 days after signing of the Preliminary Agreement. - 售價90%即售價餘款於簽署臨時合約後120天內繳付。 90% of Purchase Price being balance of Purchase Price shall be paid within 120 days after signing of the Preliminary Agreement.,
2026-09-05,2026-09-11,,第1座之 第1C座 Tower 1C of Tower 1,21,B,,15046000,,- 招標表格付款方法 (A): 120天現金優惠付款計劃 Payment Term (A) of Form of Tender: 120-day Cash Payment Plan - 相等於售價5%之臨時訂金於簽署臨時合約時繳付。 A preliminary deposit equivalent to 5% of Purchase Price shall be paid upon signing of the Preliminary Agreement. - 售價5%即加付訂金於簽署臨時合約後60天內繳付。 5% of Purchase Price being further deposit shall be paid within 60 days after signing of the Preliminary Agreement. - 售價90%即售價餘款於簽署臨時合約後120天內繳付。 90% of Purchase Price being balance of Purchase Price shall be paid within 120 days after signing of the Preliminary Agreement.,
2026-09-06,2026-09-11,,第1座之 第1C座 Tower 1C of Tower 1,22,B,,15121000,,- 招標表格付款方法 (A): 120天現金優惠付款計劃 Payment Term (A) of Form of Tender: 120-day Cash Payment Plan - 相等於售價5%之臨時訂金於簽署臨時合約時繳付。 A preliminary deposit equivalent to 5% of Purchase Price shall be paid upon signing of the Preliminary Agreement. - 售價5%即加付訂金於簽署臨時合約後60天內繳付。 5% of Purchase Price being further deposit shall be paid within 60 days after signing of the Preliminary Agreement. - 售價90%即售價餘款於簽署臨時合約後120天內繳付。 90% of Purchase Price being balance of Purchase Price shall be paid within 120 days after signing of the Preliminary Agreement.,
2026-09-06,2026-09-11,,第1座之 第1C座 Tower 1C of Tower 1,15,A,,12943000,,- 招標表格付款方法 (A): 120天現金優惠付款計劃 Payment Term (A) of Form of Tender: 120-day Cash Payment Plan - 相等於售價5%之臨時訂金於簽署臨時合約時繳付。 A preliminary deposit equivalent to 5% of Purchase Price shall be paid upon signing of the Preliminary Agreement. - 售價5%即加付訂金於簽署臨時合約後60天內繳付。 5% of Purchase Price being further deposit shall be paid within 60 days after signing of the Preliminary Agreement. - 售價90%即售價餘款於簽署臨時合約後120天內繳付。 90% of Purchase Price being balance of Purchase Price shall be paid within 120 days after signing of the Preliminary Agreement.,
2026-09-11,2026-09-18,,第1座之 第1C座 Tower 1C of Tower 1,19,B,,14897000,,- 招標表格付款方法 (A): 120天現金優惠付款計劃 Payment Term (A) of Form of Tender: 120-day Cash Payment Plan - 相等於售價5%之臨時訂金於簽署臨時合約時繳付。 A preliminary deposit equivalent to 5% of Purchase Price shall be paid upon signing of the Preliminary Agreement. - 售價5%即加付訂金於簽署臨時合約後60天內繳付。 5% of Purchase Price being further deposit shall be paid within 60 days after signing of the Preliminary Agreement. - 售價90%即售價餘款於簽署臨時合約後120天內繳付。 90% of Purchase Price being balance of Purchase Price shall be paid within 120 days after signing of the Preliminary Agreement.,
2026-09-11,2026-09-18,,第1座之 第1C座 Tower 1C of Tower 1,18,B,,15159000,,"- 招標表格付款方法 (C):270天靈活現金優惠付款計劃 Payment Term (C) of Form of Tender: 270-Day Flexible Cash Payment Plan - 相等於售價5%之臨時訂金於簽署臨時合約時繳付。 A preliminary deposit equivalent to 5% of Purchase Price shall be paid upon signing of the Preliminary Agreement. - 售價5%即加付訂金於簽署臨時合約後60天內繳付。 5% of Purchase Price being further deposit shall be paid within 60 days after signing of the Preliminary Agreement. - 售價90%即售價餘款於簽署臨時合約後270天內繳付。 90% of Purchase Price being balance of Purchase Price shall be paid within 270 days after signing of the Preliminary Agreement. 在符合訂明的條款及條件下買家可獲「提前成交現金回贈優 惠」，見備註8(d)。 “Early Completion Cash Rebate Benefit” would be offered to the Purchaser subject to the prescribed terms and conditions, see remarks 8(d).",
2026-09-11,2026-09-18,,第1座之 第1C座 Tower 1C of Tower 1,5,A,,12186000,,- 招標表格付款方法 (A): 120天現金優惠付款計劃 Payment Term (A) of Form of Tender: 120-day Cash Payment Plan - 相等於售價5%之臨時訂金於簽署臨時合約時繳付。 A preliminary deposit equivalent to 5% of Purchase Price shall be paid upon signing of the Preliminary Agreement. - 售價5%即加付訂金於簽署臨時合約後60天內繳付。 5% of Purchase Price being further deposit shall be paid within 60 days after signing of the Preliminary Agreement. - 售價90%即售價餘款於簽署臨時合約後120天內繳付。 90% of Purchase Price being balance of Purchase Price shall be paid within 120 days after signing of the Preliminary Agreement.,
2026-09-13,2026-09-18,,第1座之 第1C座 Tower 1C of Tower 1,28,G,,16064000,,- 招標表格付款方法 (A): 120天現金優惠付款計劃 Payment Term (A) of Form of Tender: 120-day Cash Payment Plan - 相等於售價5%之臨時訂金於簽署臨時合約時繳付。 A preliminary deposit equivalent to 5% of Purchase Price shall be paid upon signing of the Preliminary Agreement. - 售價5%即加付訂金於簽署臨時合約後60天內繳付。 5% of Purchase Price being further deposit shall be paid within 60 days after signing of the Preliminary Agreement. - 售價90%即售價餘款於簽署臨時合約後120天內繳付。 90% of Purchase Price being balance of Purchase Price shall be paid within 120 days after signing of the Preliminary Agreement.,
2026-09-13,2026-09-18,,第1座之 第1C座 Tower 1C of Tower 1,10,B,,14310000,,- 招標表格付款方法 (A): 120天現金優惠付款計劃 Payment Term (A) of Form of Tender: 120-day Cash Payment Plan - 相等於售價5%之臨時訂金於簽署臨時合約時繳付。 A preliminary deposit equivalent to 5% of Purchase Price shall be paid upon signing of the Preliminary Agreement. - 售價5%即加付訂金於簽署臨時合約後60天內繳付。 5% of Purchase Price being further deposit shall be paid within 60 days after signing of the Preliminary Agreement. - 售價90%即售價餘款於簽署臨時合約後120天內繳付。 90% of Purchase Price being balance of Purchase Price shall be paid within 120 days after signing of the Preliminary Agreement.,
2026-09-15,2026-09-22,,第1座之 第1C座 Tower 1C of Tower 1,7,B,,13955000,,- 招標表格付款方法 (A): 120天現金優惠付款計劃 Payment Term (A) of Form of Tender: 120-day Cash Payment Plan - 相等於售價5%之臨時訂金於簽署臨時合約時繳付。 A preliminary deposit equivalent to 5% of Purchase Price shall be paid upon signing of the Preliminary Agreement. - 售價5%即加付訂金於簽署臨時合約後60天內繳付。 5% of Purchase Price being further deposit shall be paid within 60 days after signing of the Preliminary Agreement. - 售價90%即售價餘款於簽署臨時合約後120天內繳付。 90% of Purchase Price being balance of Purchase Price shall be paid within 120 days after signing of the Preliminary Agreement.,
2026-09-21,,,第1座之 第1C座 Tower 1C of Tower 1,6,A,,12309000,,- 招標表格付款方法 (A): 120天現金優惠付款計劃 Payment Term (A) of Form of Tender: 120-day Cash Payment Plan - 相等於售價5%之臨時訂金於簽署臨時合約時繳付。 A preliminary deposit equivalent to 5% of Purchase Price shall be paid upon signing of the Preliminary Agreement. - 售價5%即加付訂金於簽署臨時合約後60天內繳付。 5% of Purchase Price being further deposit shall be paid within 60 days after signing of the Preliminary Agreement. - 售價90%即售價餘款於簽署臨時合約後120天內繳付。 90% of Purchase Price being balance of Purchase Price shall be paid within 120 days after signing of the Preliminary Agreement.,
2026-09-24,,,第1座之 第1C座 Tower 1C of Tower 1,10,A,,12750000,,- 招標表格付款方法 (A): 120天現金優惠付款計劃 Payment Term (A) of Form of Tender: 120-day Cash Payment Plan - 相等於售價5%之臨時訂金於簽署臨時合約時繳付。 A preliminary deposit equivalent to 5% of Purchase Price shall be paid upon signing of the Preliminary Agreement. - 售價5%即加付訂金於簽署臨時合約後60天內繳付。 5% of Purchase Price being further deposit shall be paid within 60 days after signing of the Preliminary Agreement. - 售價90%即售價餘款於簽署臨時合約後120天內繳付。 90% of Purchase Price being balance of Purchase Price shall be paid within 120 days after signing of the Preliminary Agreement.,
